demonstration,phase,start_index,end_index,start_time_sec,end_time_sec,duration_sec,samples,signal,position_label,position_slope,position_change,position_intercept,position_start_value,position_end_value,position_mean_value,position_valid_samples,velocity_label,velocity_slope,velocity_change,velocity_intercept,velocity_start_value,velocity_end_value,velocity_mean_value,velocity_valid_samples
demo_14_labeled,approach,0,4,0.0,0.1333332,0.1333332,5,joint_1,constant,-3.0065686865686877e-07,-4.008754240000002e-08,-5.177408000000002e-10,0.0,-4.037404e-08,-2.0561512e-08,5,constant,-1.576928386928387e-06,-2.1025690800000004e-07,-1.2803566400000005e-07,0.0,-2.8222178e-07,-2.3316411800000001e-07,5
demo_14_labeled,approach,0,4,0.0,0.1333332,0.1333332,5,joint_2,constant,0.0,0.0,-0.569,-0.569,-0.569,-0.569,5,constant,1.774160674160675e-06,2.3655452000000013e-07,1.0155229600000002e-07,0.0,2.8262485e-07,2.1982955599999998e-07,5
demo_14_labeled,approach,0,4,0.0,0.1333332,0.1333332,5,joint_3,constant,4.012582252582253e-07,5.350104320000001e-08,-8.781619999998855e-11,0.0,5.3422553e-08,2.66627054e-08,5,constant,2.173445683445684e-06,2.897924680000001e-07,1.7721354200000002e-07,0.0,3.8894717e-07,3.22109776e-07,5
demo_14_labeled,approach,0,4,0.0,0.1333332,0.1333332,5,joint_4,constant,-2.4323792101744574e-15,-3.24316903706033e-16,-2.8100000000000005,-2.81,-2.81,-2.81,5,constant,-7.534237624237624e-08,-1.004564012e-08,9.472199639999997e-09,0.0,-1.1681549e-09,4.44937958e-09,5
demo_14_labeled,approach,0,4,0.0,0.1333332,0.1333332,5,joint_5,constant,1.2909168729168731e-07,1.7212207760000006e-08,-1.1225835999999907e-10,0.0,1.7170192e-08,8.493845519999998e-09,5,constant,7.713481713481716e-07,1.0284632000000004e-07,4.9988218000000014e-08,0.0,1.274992e-07,1.01411378e-07,5
demo_14_labeled,approach,0,4,0.0,0.1333332,0.1333332,5,joint_6,constant,4.864758420348915e-15,6.48633807412066e-16,3.0369999999999995,3.037,3.037,3.037,5,constant,-1.1674793044793043e-08,-1.556637516e-09,1.2209868199999996e-09,0.0,-3.7920161e-10,4.42668062e-10,5
demo_14_labeled,approach,0,4,0.0,0.1333332,0.1333332,5,joint_7,constant,-1.824284407630843e-15,-2.4323767777952473e-16,0.7410000000000002,0.741,0.741,0.741,5,constant,3.291780771780773e-06,4.389036640000002e-07,2.1941895400000003e-07,0.0,5.4860453e-07,4.38870786e-07,5
demo_14_labeled,approach,0,4,0.0,0.1333332,0.1333332,5,finger_1,constant,0.0,0.0,0.04000000000000001,0.04,0.04,0.04,5,constant,3.971911757911758e-12,5.295877048000001e-13,-5.735176192e-13,0.0,3.5679596e-14,-3.0872376680000004e-13,5
demo_14_labeled,approach,0,4,0.0,0.1333332,0.1333332,5,finger_2,constant,0.0,0.0,0.04000000000000001,0.04,0.04,0.04,5,constant,4.3852721278721295e-10,5.847023656800003e-11,-5.862561680400001e-11,0.0,-2.3198059e-13,-2.939049852e-11,5
demo_14_labeled,approach,5,9,0.1666665,0.2999997,0.13333319999999999,5,joint_1,constant,-2.943501963501967e-07,-3.9246653600000036e-08,-1.1270667999999228e-09,-5.0185403e-08,-8.943205e-08,-6.980871059999999e-08,5,constant,-1.8420018420609254e-11,-2.4560000000787777e-12,-2.8223989799999986e-07,-2.8224198e-07,-2.8224488e-07,-2.82244196e-07,5
demo_14_labeled,approach,5,9,0.1666665,0.2999997,0.13333319999999999,5,joint_2,constant,-2.4323792101744574e-15,-3.243169037060329e-16,-0.5689999999999994,-0.569,-0.569,-0.569,5,constant,1.0089010089120053e-10,1.3452000000146618e-11,2.8269842899999976e-07,2.8271003e-07,2.8272567e-07,2.8272197000000003e-07,5
demo_14_labeled,approach,5,9,0.1666665,0.2999997,0.13333319999999999,5,joint_3,constant,4.008662988662991e-07,5.344878640000003e-08,-2.606340000007947e-11,6.678491e-08,1.202337e-07,9.35093128e-08,5,constant,-1.2150012147379461e-11,-1.619999999648975e-12,3.889346329999993e-07,3.8893322e-07,3.8893137e-07,3.88931798e-07,5
demo_14_labeled,approach,5,9,0.1666665,0.2999997,0.13333319999999999,5,joint_4,constant,-1.2161896050872286e-14,-1.6215845185301646e-15,-2.809999999999997,-2.81,-2.81,-2.81,5,constant,-8.196548196549088e-11,-1.0928720000001188e-11,-1.2274512999999979e-09,-1.2368611e-09,-1.2495408e-09,-1.2465765599999998e-09,5
demo_14_labeled,approach,5,9,0.1666665,0.2999997,0.13333319999999999,5,joint_5,constant,1.3151509151509168e-07,1.753532800000002e-08,-3.6535720000003806e-10,2.1553818e-08,3.908914e-08,3.03214668e-08,5,constant,1.368001368090489e-11,1.824000000118828e-12,1.2750986599999981e-07,1.2751141e-07,1.2751354e-07,1.27513058e-07,5
demo_14_labeled,approach,5,9,0.1666665,0.2999997,0.13333319999999999,5,joint_6,constant,9.72951684069783e-15,1.2972676148241317e-15,3.0369999999999973,3.037,3.037,3.037,5,constant,-1.1224181224183693e-11,-1.496556000000329e-12,-3.877624789999995e-10,-3.8909043e-10,-3.908434e-10,-3.90381452e-10,5
demo_14_labeled,approach,5,9,0.1666665,0.2999997,0.13333319999999999,5,joint_7,constant,1.2161896050872287e-15,1.6215845185301646e-16,0.7409999999999995,0.741,0.741,0.741,5,constant,9.000009026195933e-13,1.2000000034915874e-13,5.486045359999994e-07,5.4860465e-07,5.486048e-07,5.48604746e-07,5
demo_14_labeled,approach,5,9,0.1666665,0.2999997,0.13333319999999999,5,finger_1,constant,7.60118503179518e-17,1.0134903240813529e-17,0.03999999999999998,0.04,0.04,0.04,5,constant,2.4544565644565643e-13,3.2726054799999994e-14,-9.44891283e-14,-5.521387e-14,-1.6138444e-14,-3.7218532400000004e-14,5
demo_14_labeled,approach,5,9,0.1666665,0.2999997,0.13333319999999999,5,finger_2,constant,7.60118503179518e-17,1.0134903240813529e-17,0.03999999999999998,0.04,0.04,0.04,5,constant,-4.606049176049181e-12,-6.141392760000006e-13,2.79222179000001e-13,-2.9233284e-13,-9.726473e-13,-7.95521554e-13,5
demo_14_labeled,approach,10,14,0.333333,0.4666662,0.13333319999999999,5,joint_1,constant,0.0003323687210387214,4.431578515600004e-05,-9.363355809900015e-05,-9.9243735e-08,1.410948e-05,3.9313797369e-05,5,constant,-0.023909066505146508,-0.0031878723461439998,0.008504575024480002,-2.8224488e-07,-0.0030231434,-0.001059042013952,5
demo_14_labeled,approach,10,14,0.333333,0.4666662,0.13333319999999999,5,joint_2,ramp_up,0.6461938661938634,0.08615909599999962,-0.797448599999999,-0.569,-0.4855083,-0.5389713119999999,5,ramp_up,9.170204275673244,1.2226926807291956,-3.11941747909732,2.8272567e-07,1.058563,0.548660563090268,5
demo_14_labeled,approach,10,14,0.333333,0.4666662,0.13333319999999999,5,joint_3,constant,-0.0006566914811014813,-8.755877658800002e-05,0.00018987006330000009,1.3359579e-07,-4.2674706e-05,-7.2806266464e-05,5,constant,0.028582331200421196,0.003810973682411999,-0.010185023543501998,3.889313e-07,0.0034022836,0.001247897503734,5
demo_14_labeled,approach,10,14,0.333333,0.4666662,0.13333319999999999,5,joint_4,ramp_down,-0.42947922947922906,-0.05726383999999994,-2.65901714,-2.81,-2.8640041,-2.83080866,5,ramp_down,-4.960528109281945,-0.6614030865005114,1.6383791030017048,-1.2495731e-09,-0.53209794,-0.3458301564998297,5
demo_14_labeled,approach,10,14,0.333333,0.4666662,0.13333319999999999,5,joint_5,constant,-0.008833978342354342,-0.0011778626011167998,0.0029882326033122,4.3472983e-08,-0.000997217,-0.0005453552000382,5,constant,-0.0011012616231516417,-0.00014683473625200246,-0.0019892739758239925,1.2751353e-07,0.00024874165,-0.0024297781845799998,5
demo_14_labeled,approach,10,14,0.333333,0.4666662,0.13333319999999999,5,joint_6,ramp_up,1.2828414828414956,0.17104536000000167,2.587788159999994,3.037,3.197779,3.1009242400000003,5,ramp_up,13.578228981746399,1.8104287204689888,-4.540445981563297,-3.9082163e-10,1.5229901,0.8908401798436698,5
demo_14_labeled,approach,10,14,0.333333,0.4666662,0.13333319999999999,5,joint_7,constant,0.0005731205731207829,7.641600000002797e-05,0.7407961739999999,0.741,0.7410746,0.741025422,5,constant,0.00949023224739225,0.0012653630342880002,-0.003070194140960001,5.4860476e-07,0.0009926659,0.0007258949619040001,5
demo_14_labeled,approach,10,14,0.333333,0.4666662,0.13333319999999999,5,finger_1,constant,-4.800004800339507e-07,-6.400000000446274e-08,0.040000176,0.04,0.03999992,0.039999984,5,constant,-6.23118556648592e-05,-8.308239113733805e-06,2.67268785789839e-05,-4.5778675e-15,-1.0640268e-05,1.8021612377824795e-06,5
demo_14_labeled,approach,10,14,0.333333,0.4666662,0.13333319999999999,5,finger_2,constant,-8.760008760097019e-06,-1.1680000000117677e-06,0.04000261560000002,0.04,0.03999926,0.0399991116,5,constant,0.00026660000906422406,3.5546632328562e-05,-9.81986585665062e-05,-9.17304e-13,2.6293174e-05,8.441238419179799e-06,5
demo_14_labeled,approach,15,19,0.4999995,0.6333327000000001,0.1333332000000001,5,joint_1,constant,-0.005692395892395888,-0.00075898536,0.002791938421999998,-8.700371e-05,-0.000839154,-0.00043374935799999996,5,constant,-0.028922401622401585,-0.003856316359999998,0.010183361729999982,-0.0040210728,-0.007638385,-0.006205982800000001,5
demo_14_labeled,approach,15,19,0.4999995,0.6333327000000001,0.1333332000000001,5,joint_2,ramp_up,1.4592411792411792,0.19456529600000014,-1.1798203999999997,-0.44644466,-0.25193858,-0.352917892,5,ramp_up,3.1998358998358953,0.4266443599999997,-0.4259077499999986,1.1705166,1.5962659,1.3873307799999999,5
demo_14_labeled,approach,15,19,0.4999995,0.6333327000000001,0.1333332000000001,5,joint_3,constant,0.0072867085167085096,0.0009715601639999998,-0.003617086279999996,7.8459045e-05,0.0010465987,0.000512044417,5,constant,0.03749799929799926,0.004999728239999998,-0.014437947679999983,0.004260945,0.009029592,0.006810897339999999,5
demo_14_labeled,approach,15,19,0.4999995,0.6333327000000001,0.1333332000000001,5,joint_4,ramp_down,-0.3094740094739983,-0.041263159999998536,-2.7285405300000054,-2.880648,-2.9218705,-2.9039089600000003,5,ramp_up,2.223575583575583,0.2964764480000001,-1.5814637819999995,-0.46666148,-0.17036937,-0.32143887800000004,5
demo_14_labeled,approach,15,19,0.4999995,0.6333327000000001,0.1333332000000001,5,joint_5,constant,0.002160616560616558,0.0002880819199999999,-0.0021616782799999974,-0.0010232112,-0.0007241187,-0.0009373301200000002,5,constant,0.04720609810609806,0.006294140119999999,-0.02374822258999998,0.0005607881,0.006868875,0.00300187292,5
demo_14_labeled,approach,15,19,0.4999995,0.6333327000000001,0.1333332000000001,5,joint_6,ramp_up,1.7851223851223816,0.2380160799999997,2.36037868,3.254058,3.4919703,3.3719470200000004,5,ramp_up,0.9235869235869169,0.1231447999999992,1.110449760000003,1.5658536,1.6882677,1.6338151599999997,5
demo_14_labeled,approach,15,19,0.4999995,0.6333327000000001,0.1333332000000001,5,joint_7,constant,-0.0011176211176222917,-0.00014901600000015666,0.7417079220000002,0.74110514,0.7409459,0.7410746039999999,5,constant,-0.03688701928701925,-0.004918264319999998,0.01993132417999998,0.0008666393,-0.00409822,-0.0009712991799999999,5
demo_14_labeled,approach,15,19,0.4999995,0.6333327000000001,0.1333332000000001,5,finger_1,constant,-6.570006571136926e-07,-8.760000001507147e-08,0.040000237100000044,0.039999906,0.03999982,0.0399998648,5,constant,-1.7363786363786336e-05,-2.315169199999998e-06,-2.5908417000000092e-06,-1.1312264e-05,-1.3669611e-05,-1.24303108e-05,5
demo_14_labeled,approach,15,19,0.4999995,0.6333327000000001,0.1333332000000001,5,finger_2,constant,2.598002598070214e-06,3.4640000000901574e-07,0.03999841059999995,0.039999638,0.039999995,0.039999882800000004,5,constant,-0.00016690782016782005,-2.2254353768e-05,0.00010488007010099993,1.968553e-05,2.0858645e-08,1.0299066586999999e-05,5
demo_14_labeled,approach,20,24,0.6666660000000001,0.7999992,0.13333319999999993,5,joint_1,constant,-0.0001135540135540173,-1.5140520000000491e-05,-0.0009899337799999964,-0.0010149538,-0.0010444211,-0.00107320664,5,constant,0.05189062709062709,0.006918743359999997,-0.04034526722000001,-0.006095603,0.0010969989,-0.0022921787400000003,5
demo_14_labeled,approach,20,24,0.6666660000000001,0.7999992,0.13333319999999993,5,joint_2,ramp_up,1.902711494811495,0.2536946122799999,-1.4648253084,-0.19450974,0.058697045,-0.06950494086,5,ramp_up,1.7296406296406335,0.23061852000000038,0.5499255999999957,1.6870857,1.9149071,1.8183274600000001,5
demo_14_labeled,approach,20,24,0.6666660000000001,0.7999992,0.13333319999999993,5,joint_3,constant,0.003470916170916169,0.0004627883599999995,-0.0009076031799999996,0.0013417769,0.0018209912,0.0016377328,5,constant,-0.061364584700584715,-0.008181936444799998,0.048497690465200013,0.007958302,-1.4744306e-05,0.0034970400187999996,5
demo_14_labeled,approach,20,24,0.6666660000000001,0.7999992,0.13333319999999993,5,joint_4,ramp_up,0.11841731841731899,0.015788960000000067,-3.007376699999999,-2.925331,-2.909319,-2.9205374199999996,5,ramp_up,2.6284394854394866,0.35045824759999994,-1.8491409648000012,-0.090340994,0.26672372,0.078379397,5
demo_14_labeled,approach,20,24,0.6666660000000001,0.7999992,0.13333319999999993,5,joint_5,constant,0.006622308442308443,0.0008829735759999997,-0.004799488120000001,-0.0004533602,0.00039934064,5.6866548e-05,5,constant,-0.021044969144969138,-0.0028059930799999976,0.02348560319999999,0.00900963,0.006907686,0.008052641259999998,5
demo_14_labeled,approach,20,24,0.6666660000000001,0.7999992,0.13333319999999993,5,joint_6,ramp_up,1.5582882582882651,0.2077715600000008,2.523729099999992,3.5533588,3.7525,3.6664726800000005,5,ramp_down,-10.314229875013813,-1.3752292747711912,8.908876622548757,1.6975929,5.653601e-08,1.3451156113072018,5
demo_14_labeled,approach,20,24,0.6666660000000001,0.7999992,0.13333319999999993,5,joint_7,constant,-0.006832926832924852,-0.0009110559999997354,0.7452768299999981,0.7407396,0.73983085,0.740266022,5,constant,0.010125676425676421,0.0013500888399999988,-0.013548796059999993,-0.0061884453,-0.0052236714,-0.0061233074400000006,5
demo_14_labeled,approach,20,24,0.6666660000000001,0.7999992,0.13333319999999993,5,finger_1,constant,-3.4800034807497225e-07,-4.640000000994986e-08,0.04000001720000002,0.03999979,0.039999757,0.039999762,5,constant,-5.86346746346746e-05,-7.81794879999999e-06,2.5536275e-05,-1.4601009e-05,-2.386246e-05,-1.7462443399999998e-05,5
demo_14_labeled,approach,20,24,0.6666660000000001,0.7999992,0.13333319999999993,5,finger_2,constant,-8.085008085071845e-06,-1.0780000000085007e-06,0.04000565700000003,0.04,0.03999865,0.039999728,5,constant,0.00040250392787992764,5.366713671679994e-05,-0.00028173022985939985,2.5327596e-08,6.710848e-05,1.3439022083000001e-05,5
demo_14_labeled,approach,25,29,0.8333325,0.9666657,0.13333319999999993,5,joint_1,constant,-0.003440528630528636,-0.00045873669200000044,0.001877346497000005,-0.0009688096,-0.0011838651,-0.0012191261739999998,5,constant,0.041460843360843325,0.0055281069199999925,-0.03766322636999997,0.0015517812,0.01058482,-0.00034850466,5
demo_14_labeled,approach,25,29,0.8333325,0.9666657,0.13333319999999993,5,joint_2,ramp_up,0.8818401418401437,0.11757856800000019,-0.5919155520000017,0.12590809,0.26297468,0.20173978200000003,5,ramp_down,-6.265000910800908,-0.8353326194399993,6.817638621499998,1.9592637,1.89403,1.17914344028,5
demo_14_labeled,approach,25,29,0.8333325,0.9666657,0.13333319999999993,5,joint_3,constant,-0.002151439251439246,-0.0002868582799999991,0.0035607234499999947,0.0018211434,0.0016679071,0.00162443006,5,constant,0.01798135558135557,0.002397511679999997,-0.017575938659999988,-0.0011228716,0.001307268,-0.0013927348200000003,5
demo_14_labeled,approach,25,29,0.8333325,0.9666657,0.13333319999999993,5,joint_4,ramp_up,0.17547317547317082,0.023396399999999366,-3.041927379999996,-2.8976586,-2.866927,-2.88400168,5,ramp_down,-0.08441552741552677,-0.011255392399999908,0.33155509289999935,0.35514128,0.55463415,0.25558119420000003,5
demo_14_labeled,approach,25,29,0.8333325,0.9666657,0.13333319999999993,5,joint_5,constant,0.0025765808065808127,0.00034354376400000066,-0.0014632946150000053,0.00054952945,0.00072776864,0.0008556257920000001,5,constant,-0.0307067134067134,-0.004094224359999996,0.030665541769999992,0.005636414,0.0026761775,0.00302952734,5
demo_14_labeled,approach,25,29,0.8333325,0.9666657,0.13333319999999993,5,joint_6,constant,-0.006870306870280205,-0.0009160399999964442,3.7577988299999756,3.7525,3.7525005,3.7516155600000003,5,constant,-0.01098835285273307,-0.0014651122485840281,2.74014080819604e-06,-9.840187e-08,-1.0068903e-05,-0.009886767537134,5
demo_14_labeled,approach,25,29,0.8333325,0.9666657,0.13333319999999993,5,joint_7,constant,-0.0012576312576305544,-0.00016768399999990614,0.7406620649999993,0.73965603,0.73943645,0.739530198,5,constant,0.022158269478269495,0.0029544329760000008,-0.022209381948000012,-0.0045722523,-0.0027667955,-0.0022669593600000005,5
demo_14_labeled,approach,25,29,0.8333325,0.9666657,0.13333319999999993,5,finger_1,constant,-4.938004938002942e-06,-6.583999999997335e-07,0.0400032802,0.039999656,0.039999265,0.039998836,5,constant,2.6702906702910015e-06,3.5603840000004396e-07,4.97157419999971e-06,-2.5789786e-05,-5.4895307e-05,7.374833399999999e-06,5
demo_14_labeled,approach,25,29,0.8333325,0.9666657,0.13333319999999993,5,finger_2,constant,-1.558201558188072e-05,-2.0775999999820173e-06,0.04001321539999987,0.039999567,0.039997246,0.0399991916,5,constant,0.0004698057675057677,6.264070635999999e-05,-0.0003878909717500002,5.2207375e-05,0.00013454743,3.493379617999999e-05,5
demo_14_labeled,approach,30,34,0.999999,1.1333322,0.13333319999999993,5,joint_1,constant,-0.0033080382080382053,-0.0004410713199999994,0.002189464219999997,-0.0009896591,-0.0014707841,-0.00133910634,5,constant,0.0056973392673391994,0.0007596444759999906,-0.007395922238999927,0.0027323645,-6.9406655e-05,-0.0013187664309999999,5
demo_14_labeled,approach,30,34,0.999999,1.1333322,0.13333319999999993,5,joint_2,ramp_up,0.12142122142121978,0.016189479999999774,0.21539583200000173,0.32943696,0.34909773,0.344911672,5,ramp_down,-11.819203711165743,-1.5758922522616035,13.010102251517434,1.9338262,4.5885223e-05,0.40296423342459997,5
demo_14_labeled,approach,30,34,0.999999,1.1333322,0.13333319999999993,5,joint_3,constant,-0.0029695433695433844,-0.00039593872000000176,0.004495813700000016,0.0016755569,0.0012181357,0.00132830394,5,constant,0.025995790635790664,0.003466101952000002,-0.029184078044000028,-0.002323154,-3.114675e-05,-0.0014552624280000002,5
demo_14_labeled,approach,30,34,0.999999,1.1333322,0.13333319999999993,5,joint_4,constant,-0.015731715731698473,-0.0020975599999976976,-2.832010120000018,-2.8471773,-2.849405,-2.8487906,5,ramp_down,-3.1733669437829533,-0.42311516938880106,3.4840522713682103,0.5592498,-1.0733661e-05,0.09913091625779999,5
demo_14_labeled,approach,30,34,0.999999,1.1333322,0.13333319999999993,5,joint_5,constant,0.0033446568446568476,0.0004459538000000002,-0.0023647890400000033,0.0007741512,0.0013181597,0.0012028413600000001,5,constant,-0.02334422172422177,-0.0031125597840000047,0.02592596066460005,0.003183866,1.3078647e-05,0.0010254823926000001,5
demo_14_labeled,approach,30,34,0.999999,1.1333322,0.13333319999999993,5,joint_6,constant,-0.014002814002840758,-0.0018670400000035663,3.7656839800000284,3.7525,3.7502594,3.7507476600000005,5,ramp_up,0.13567405194865192,0.018089855503279986,-0.15474241251025997,-1.450071e-07,-3.0298843e-05,-0.01002356848402,5
demo_14_labeled,approach,30,34,0.999999,1.1333322,0.13333319999999993,5,joint_7,constant,0.00012441012440713895,1.658799999960193e-05,0.739217774000003,0.73933524,0.73935485,0.7393504779999999,5,constant,0.015246897805497846,0.0020329176744800044,-0.01677046158932004,-0.002594621,-3.3084534e-06,-0.0005071201934799999,5
demo_14_labeled,approach,30,34,0.999999,1.1333322,0.13333319999999993,5,finger_1,constant,1.209001208976009e-05,1.6119999999663992e-06,0.039985831600000264,0.039998926,0.039999705,0.0399987276,5,constant,-8.630354180354122e-05,-1.1507127399999916e-05,0.00011791817169999938,-2.0536781e-05,6.329694e-06,2.5861152500000002e-05,5
demo_14_labeled,approach,30,34,0.999999,1.1333322,0.13333319999999993,5,finger_2,constant,2.2230022227099525e-06,2.963999999610305e-07,0.039997271800000296,0.039999463,0.039999817,0.039999643,5,constant,-0.00025659155739155844,-3.4212173440000125e-05,0.0002827964796800011,6.0513215e-05,3.212381e-06,9.099092160000001e-06,5
demo_14_labeled,approach,35,39,1.1666655,1.2999987000000002,0.13333320000000026,5,joint_1,constant,-2.536502536504457e-06,-3.382000000002567e-07,-0.0014692256699999978,-0.0014720681,-0.0014724495,-0.0014723540199999999,5,constant,0.00011744557319557289,1.565939409999999e-05,-0.0001492541772349996,-1.8077342e-05,9.69524e-08,-4.40478181e-06,5
demo_14_labeled,approach,35,39,1.1666655,1.2999987000000002,0.13333320000000026,5,joint_2,constant,1.216189605087226e-15,1.6215845185301643e-16,0.34909823999999845,0.34909824,0.34909824,0.34909824,5,constant,-4.033486035364027e-05,-5.377976002504e-06,5.1086973619455896e-05,6.7487867e-06,-7.7083473e-10,1.340695596294e-06,5
demo_14_labeled,approach,35,39,1.1666655,1.2999987000000002,0.13333320000000026,5,joint_3,constant,-1.5987015987005523e-06,-2.1315999999986089e-07,0.0012193394699999986,0.001217539,0.0012173009,0.00121736774,5,constant,5.133699861699852e-05,6.844926304e-06,-6.559008758799988e-05,-7.5911935e-06,-1.8674496e-07,-2.2745192759999996e-06,5
demo_14_labeled,approach,35,39,1.1666655,1.2999987000000002,0.13333320000000026,5,joint_4,constant,-7.297137630523355e-15,-9.729507111180985e-16,-2.8494049999999915,-2.849405,-2.849405,-2.849405,5,constant,4.990427524427523e-07,6.653896712000011e-08,-6.268726181799998e-07,-1.0764424e-08,5.6590874e-09,-1.1387172320000001e-08,5
demo_14_labeled,approach,35,39,1.1666655,1.2999987000000002,0.13333320000000026,5,joint_5,constant,6.747006747038474e-07,8.99600000004232e-08,0.0013175353299999962,0.0013183017,0.001318401,0.00131836746,5,constant,-2.671343848343843e-05,-3.5617882359999996e-06,3.434751903099993e-05,3.6306603e-06,2.6943243e-07,1.4009778480000001e-06,5
demo_14_labeled,approach,35,39,1.1666655,1.2999987000000002,0.13333320000000026,5,joint_6,constant,4.864758420348904e-15,6.486338074120657e-16,3.7502593999999942,3.7502594,3.7502594,3.7502594,5,constant,-7.197443596163575e-06,-9.59658186495999e-07,9.001817893279974e-06,1.7759694e-06,2.1267513e-10,1.24979668192e-07,5
demo_14_labeled,approach,35,39,1.1666655,1.2999987000000002,0.13333320000000026,5,joint_7,constant,1.8242844076308386e-15,2.4323767777952464e-16,0.7393548499999977,0.73935485,0.73935485,0.73935485,5,constant,2.7910089010089028e-06,3.7213414800000095e-07,-4.059148269000002e-06,5.0171815e-07,-2.7475e-07,-6.169074e-07,5
demo_14_labeled,approach,35,39,1.1666655,1.2999987000000002,0.13333320000000026,5,finger_1,constant,4.260004260334559e-07,5.6800000004404094e-08,0.03999937739999998,0.039999846,0.039999917,0.0399999028,5,constant,-1.2313256113256077e-05,-1.6417658399999984e-06,1.6799974719999954e-05,3.1448058e-06,1.1838197e-06,1.6136407e-06,5
demo_14_labeled,approach,35,39,1.1666655,1.2999987000000002,0.13333320000000026,5,finger_2,constant,3.800592515897581e-17,5.0674516204067635e-18,0.03999992499999995,0.039999925,0.039999925,0.039999925,5,constant,-3.6732153732153653e-06,-4.8976156e-07,5.725494889999991e-06,1.6989668e-06,1.0759479e-06,1.19520046e-06,5
demo_14_labeled,approach,40,44,1.3333320000000002,1.4666652000000002,0.13333320000000004,5,joint_1,ramp_up,0.13195787095787098,0.017594365200000007,-0.14127130260000006,0.028999427,0.048675016,0.043469532,5,ramp_down,-7.673642524442521,-1.0231513134399999,11.034563355859996,1.190688,0.0035713527,0.29147456474,5
demo_14_labeled,approach,40,44,1.3333320000000002,1.4666652000000002,0.13333320000000004,5,joint_2,constant,-0.0011181311181304682,-0.00014908399999991338,0.3508000139999992,0.34934434,0.34919074,0.34923463200000004,5,constant,-0.032421913287613284,-0.00432291744876,0.045729284020260004,0.008839526,4.0590367e-06,0.00033865080828000013,5
demo_14_labeled,approach,40,44,1.3333320000000002,1.4666652000000002,0.13333320000000004,5,joint_3,ramp_up,0.056206109806109815,0.007494140480000003,-0.06876504716000002,0.0039006379,0.012176823,0.009923427879999999,5,ramp_down,-1.5164902649902643,-0.20219849979999996,2.1895251345999993,0.2129111,0.001570998,0.06644088670000001,5
demo_14_labeled,approach,40,44,1.3333320000000002,1.4666652000000002,0.13333320000000004,5,joint_4,constant,0.0017931017930968324,0.00023907999999933866,-2.8513845199999936,-2.8492465,-2.84885,-2.84887418,5,ramp_down,-0.1567455454155454,-0.020899385156000004,0.222910778944,0.030891486,-0.00016677512,0.003467234806,5
demo_14_labeled,approach,40,44,1.3333320000000002,1.4666652000000002,0.13333320000000004,5,joint_5,constant,-0.008785472785472663,-0.001171395199999984,0.07495810439999984,0.06350902,0.062282898,0.06265845480000001,5,ramp_down,-10.317108777108771,-1.3756131279999997,14.781048553219994,1.737234,-0.0006444581,0.33711070921999997,5
demo_14_labeled,approach,40,44,1.3333320000000002,1.4666652000000002,0.13333320000000004,5,joint_6,constant,0.00023940023940335526,3.192000000041546e-05,3.749777339999995,3.7500813,3.7501206,3.7501124999999993,5,constant,0.06099281836781833,0.008132367649999998,-0.08722364891599996,-0.011454625,-2.812558e-05,-0.001833788591,5
demo_14_labeled,approach,40,44,1.3333320000000002,1.4666652000000002,0.13333320000000004,5,joint_7,constant,0.0012427812427818997,0.00016570400000008763,0.7370765679999991,0.73867756,0.73886484,0.73881646,5,ramp_up,0.11287235041235036,0.015049631671999998,-0.16069808914999995,-0.021809453,9.921085e-05,-0.0026769565939999997,5
demo_14_labeled,approach,40,44,1.3333320000000002,1.4666652000000002,0.13333320000000004,5,finger_1,constant,-4.152004151995326e-05,-5.535999999988234e-06,0.04004445779999988,0.04,0.039990894,0.0399863298,5,constant,-0.0005878499578499573,-7.837991599999995e-05,0.0009453494079999994,0.00063046743,0.00015766072,0.00012236029000000002,5
demo_14_labeled,approach,40,44,1.3333320000000002,1.4666652000000002,0.13333320000000004,5,finger_2,constant,0.0002033102033104154,2.710800000002829e-05,0.039708586999999705,0.03996611,0.039999995,0.03999322100000001,5,constant,0.00013040396408396424,1.7387177824000026e-05,-0.00014949348981600023,-0.00018138462,1.7104588e-07,3.307187733600001e-05,5
demo_14_labeled,approach,45,49,1.4999985000000002,1.6333317,0.13333319999999982,5,joint_1,constant,-0.002103194103194289,-0.0002804256000000244,0.05217882540000028,0.0487409,0.048385404,0.0488838246,5,ramp_down,-0.1056865598965596,-0.014091527227999941,0.16244155632299956,0.0009353016,-0.005623001,-0.0031338886060000002,5
demo_14_labeled,approach,45,49,1.4999985000000002,1.6333317,0.13333319999999982,5,joint_2,ramp_up,0.0981176481176487,0.01308234000000006,0.20212118499999904,0.34919074,0.35992965,0.35583867999999996,5,ramp_down,-0.1541224837897755,-0.020549643955638866,0.30194604034593703,2.1782532e-06,-0.0024819921,0.06048772386718001,5
demo_14_labeled,approach,45,49,1.4999985000000002,1.6333317,0.13333319999999982,5,joint_3,constant,-0.01673547173547182,-0.0022313940000000085,0.03744007670000014,0.012207829,0.010292521,0.0112211972,5,constant,-0.042174972552973596,-0.005623324050400131,0.05475766692740164,0.00041173145,-0.002473415,-0.011316390664799999,5
demo_14_labeled,approach,45,49,1.4999985000000002,1.6333317,0.13333319999999982,5,joint_4,ramp_up,0.384251184251198,0.05123344000000176,-3.4268931400000215,-2.8488524,-2.8061278,-2.82490022,5,constant,-0.021935099174070372,-0.002924676965196156,0.2798837495576548,-4.483897e-05,0.0019273509,0.24551879521659997,5
demo_14_labeled,approach,45,49,1.4999985000000002,1.6333317,0.13333319999999982,5,joint_5,constant,-0.0023671613671615395,-0.00031562120000002254,0.06575827070000026,0.062276237,0.06201993,0.062049721599999996,5,constant,0.006255972708672578,0.0008341288603599815,-0.010894422425049798,-0.0001651774,0.00085437665,-0.0010934083158200003,5
demo_14_labeled,approach,45,49,1.4999985000000002,1.6333317,0.13333319999999982,5,joint_6,ramp_down,-0.2881622881622993,-0.03842160000000143,4.1822950400000165,3.7501206,3.7181227,3.7308412399999993,5,constant,0.06601216568639473,0.008801613289897195,-0.27982621318884215,-5.491162e-06,0.0012859203,-0.17640725703255003,5
demo_14_labeled,approach,45,49,1.4999985000000002,1.6333317,0.13333319999999982,5,joint_7,constant,-0.02460497460497743,-0.0032806600000003724,0.7757757550000043,0.73886573,0.73613095,0.737228,5,constant,0.0008669366609349761,0.0001155914391997752,-0.016336328006597362,2.8418322e-05,-7.748202e-05,-0.014978128596000003,5
demo_14_labeled,approach,45,49,1.4999985000000002,1.6333317,0.13333319999999982,5,finger_1,constant,2.9985029984934357e-05,3.997999999987244e-06,0.03995037970000015,0.039995044,0.04,0.03999735620000001,5,constant,-0.0002289558276318339,-3.052741315680079e-05,0.0003921396799032098,9.2853144e-05,2.7132554e-08,3.34425753108e-05,5
demo_14_labeled,approach,45,49,1.4999985000000002,1.6333317,0.13333319999999982,5,finger_2,constant,-1.5918015918128726e-05,-2.122400000015038e-06,0.04002427900000017,0.04,0.03999799,0.03999934079999999,5,constant,-0.00015678712250062165,-2.0904928761799857e-05,0.0002380569579420487,2.227195e-08,6.168857e-06,-7.575955009100002e-06,5
demo_14_labeled,approach,50,54,1.666665,1.7999982,0.13333320000000004,5,joint_1,constant,0.01161475761475786,0.0015486328000000333,0.02862554959999958,0.048278835,0.049656928,0.04875777600000001,5,constant,0.05245331785331783,0.00699376872,-0.08838133152399996,-0.0015894611,-0.000988577,0.0025376618359999998,5
demo_14_labeled,approach,50,54,1.666665,1.7999982,0.13333320000000004,5,joint_2,ramp_up,0.19611865611865764,0.026149128000000212,0.02774957999999733,0.35989377,0.38628274,0.367688244,5,ramp_up,3.520622321957322,0.46941584017800014,-5.945364415379401,-0.00028111826,0.38742945,0.1570415069346,5
demo_14_labeled,approach,50,54,1.666665,1.7999982,0.13333320000000004,5,joint_3,constant,-0.022580509580509545,-0.0030107315999999963,0.048487721599999936,0.010242138,0.007137992,0.0093482108,5,ramp_down,-0.45953588813588797,-0.06127139048,0.7762438823387998,-0.0007116763,-0.054350704,-0.0202841939012,5
demo_14_labeled,approach,50,54,1.666665,1.7999982,0.13333320000000004,5,joint_4,ramp_up,0.5808662808662711,0.07744875999999873,-3.7900497399999824,-2.8061004,-2.7268925,-2.78321586,5,ramp_up,11.363154731568729,1.5150857824552002,-19.191469157040196,0.0001654802,1.265046,0.5046460148773999,5
demo_14_labeled,approach,50,54,1.666665,1.7999982,0.13333320000000004,5,joint_5,constant,-0.004296139296139125,-0.0005728179999999775,0.06929181139999971,0.06202976,0.06153021,0.06184517739999999,5,constant,-0.006903065133065129,-0.0009204077639999998,0.011706164315199994,0.0002562383,-6.405903e-05,-0.0002591366168,5
demo_14_labeled,approach,50,54,1.666665,1.7999982,0.13333320000000004,5,joint_6,ramp_down,-0.4673347673347588,-0.06231123999999888,4.509450759999986,3.7181296,3.6559763,3.6994046399999996,5,ramp_down,-7.699219933549931,-1.026561631244,13.000830930422396,0.00013996701,-0.843603,-0.3444702757496,5
demo_14_labeled,approach,50,54,1.666665,1.7999982,0.13333320000000004,5,joint_7,constant,-0.037466617466614435,-0.004995543999999598,0.7995681199999948,0.73613,0.7311609,0.7346260479999999,5,ramp_down,-0.6058185437625437,-0.08077572505920003,1.022816676911694,-3.4600773e-05,-0.065729484,-0.027267748857906005,5
demo_14_labeled,approach,50,54,1.666665,1.7999982,0.13333320000000004,5,finger_1,constant,-3.082503082498424e-05,-4.10999999999379e-06,0.04005210699999992,0.04,0.03999634,0.039998676999999996,5,constant,-0.00034357125096765083,-4.5809454319519994e-05,0.0005709557312228397,-1.6875831e-09,8.301166e-06,-2.456717493092e-05,5
demo_14_labeled,approach,50,54,1.666665,1.7999982,0.13333320000000004,5,finger_2,constant,1.1013011013001496e-05,1.4683999999987316e-06,0.03998036340000001,0.039998576,0.03999999,0.0399994526,5,constant,-9.379118455118447e-05,-1.2505478767999993e-05,0.00017458522399199986,1.8457748e-05,7.1599504e-07,1.2014000007999998e-05,5
demo_14_labeled,approach,55,59,1.8333315,1.9666647,0.13333320000000004,5,joint_1,constant,-0.0046748566748565515,-0.0006233135999999837,0.05683835639999977,0.0484439,0.047762398,0.047956137600000004,5,ramp_up,0.17121399363399356,0.022828509655999998,-0.3325450054039999,-0.025434285,-0.00023727113,-0.007238742806,5
demo_14_labeled,approach,55,59,1.8333315,1.9666647,0.13333320000000004,5,joint_2,constant,-0.004134544134543959,-0.0005512719999999767,0.39359183199999964,0.38624522,0.38558963,0.38573620599999997,5,ramp_up,0.32387584598164587,0.04318340294744,-0.6266869110741597,-0.05203934,-5.5219157e-06,-0.011323419073140002,5
demo_14_labeled,approach,55,59,1.8333315,1.9666647,0.13333320000000004,5,joint_3,constant,-0.00226062346062346,-0.00030141616000000005,0.010634523559999998,0.00657425,0.006245373,0.00633934328,5,constant,0.06965174960774957,0.009286890660799999,-0.1353903190391999,-0.0101491455,-0.000112969334,-0.0030521271228,5
demo_14_labeled,approach,55,59,1.8333315,1.9666647,0.13333320000000004,5,joint_4,constant,0.0011940011939947392,0.0001591999999991394,-2.720873019999989,-2.7187352,-2.718559,-2.7186044199999997,5,constant,0.060692208014207986,0.008092286309599999,-0.11699725849439994,-0.011363868,1.7305587e-05,-0.0016821785826,5
demo_14_labeled,approach,55,59,1.8333315,1.9666647,0.13333320000000004,5,joint_5,constant,0.00031205431205459503,4.160720000003774e-05,0.06129743359999945,0.061860643,0.061904132,0.06189033619999999,5,constant,-0.004205792909792908,-0.0005607718272,0.008351499565399996,0.0002855133,3.5238023e-05,0.0003605010278,5
demo_14_labeled,approach,55,59,1.8333315,1.9666647,0.13333320000000004,5,joint_6,constant,0.0004902004902038588,6.536000000044917e-05,3.6554054399999933,3.6562765,3.656354,3.65633682,5,ramp_down,-0.11552524526824519,-0.015403350632399995,0.22355682508519983,0.01850099,4.9238815e-06,0.0040590785735,5
demo_14_labeled,approach,55,59,1.8333315,1.9666647,0.13333320000000004,5,joint_7,constant,-2.799002798773496e-05,-3.7319999996942643e-06,0.7311940069999956,0.731144,0.7311398,0.7311408260000001,5,constant,-0.0009350366438366436,-0.00012467142784,0.0017780730030599995,0.00020086314,-3.7842183e-06,1.5051563400000004e-06,5
demo_14_labeled,approach,55,59,1.8333315,1.9666647,0.13333320000000004,5,finger_1,constant,8.610008610150543e-06,1.1480000000189247e-06,0.039983353999999735,0.039998565,0.04,0.039999713000000006,5,constant,-0.0009750183743532742,-0.00013000231991132003,0.0018850345551131497,0.00016250095,-1.2175467e-09,3.250149637684e-05,5
demo_14_labeled,approach,55,59,1.8333315,1.9666647,0.13333320000000004,5,finger_2,constant,1.0476010476095822e-05,1.3968000000113798e-06,0.03997856619999986,0.039998334,0.039999384,0.0399984706,5,constant,0.0005647006747006745,7.529334799999999e-05,-0.0010772644215999996,-7.761356e-05,1.0874382e-05,-4.334212600000001e-06,5
demo_14_labeled,approach,60,64,1.999998,2.1333312,0.13333320000000026,5,joint_1,constant,-1.4745014745234063e-05,-1.9660000000292462e-06,0.04778663240000046,0.047757704,0.047755554,0.047756159400000005,5,constant,0.0004957396696396699,6.609855652000017e-05,-0.0010459343631100005,-7.310615e-05,-8.3149445e-07,-2.140673705e-05,5
demo_14_labeled,approach,60,64,1.999998,2.1333312,0.13333320000000026,5,joint_2,constant,-6.080948025436123e-16,-8.107922592650813e-17,0.38558963000000124,0.38558963,0.38558963,0.38558963,5,constant,1.8074809604809703e-05,2.409972204000018e-06,-3.7835779904000206e-05,-3.901144e-06,1.4443692e-07,-4.81210742e-07,5
demo_14_labeled,approach,60,64,1.999998,2.1333312,0.13333320000000026,5,joint_3,constant,-7.198207198224963e-06,-9.597600000023705e-07,0.006257136400000035,0.0062430166,0.006241965,0.00624226012,5,constant,0.00025422099432099445,3.3896098680000086e-05,-0.0005362057173600003,-3.7682417e-05,-4.214055e-07,-1.081618782e-05,5
demo_14_labeled,approach,60,64,1.999998,2.1333312,0.13333320000000026,5,joint_4,constant,1.2161896050872245e-14,1.6215845185301624e-15,-2.7185590000000253,-2.718559,-2.718559,-2.718559,5,constant,-2.3010625842625823e-05,-3.068080377600003e-06,4.818814876699996e-05,2.9687462e-06,3.0925285e-08,6.329029142e-07,5
demo_14_labeled,approach,60,64,1.999998,2.1333312,0.13333320000000026,5,joint_5,constant,1.2720012718258242e-06,1.6959999997660732e-07,0.06190208480000039,0.06190458,0.061904762,0.06190471360000001,5,constant,-8.268449166449172e-05,-1.1024587864000029e-05,0.00017438255612400012,1.2218552e-05,1.4456688e-07,3.5014442320000004e-06,5
demo_14_labeled,approach,60,64,1.999998,2.1333312,0.13333320000000026,5,joint_6,constant,-1.4594275261046693e-14,-1.9459014222361947e-15,3.6563540000000296,3.656354,3.656354,3.6563539999999994,5,constant,7.90952456312468e-06,1.0546022204800176e-06,-1.6258530813300242e-05,-3.0531378e-06,8.096945e-10,8.780360413999999e-08,5
demo_14_labeled,approach,60,64,1.999998,2.1333312,0.13333320000000026,5,joint_7,constant,-1.8242844076308367e-15,-2.4323767777952434e-16,0.7311398000000039,0.7311398,0.7311398,0.7311398,5,constant,3.452372711162716e-05,4.603159011720016e-06,-7.256810244873011e-05,-5.171071e-06,-4.9843535e-10,-1.21913776707e-06,5
demo_14_labeled,approach,60,64,1.999998,2.1333312,0.13333320000000026,5,finger_1,constant,-1.9002962579487883e-16,-2.5337258102033788e-17,0.040000000000000396,0.04,0.04,0.04,5,constant,3.788788801288803e-09,5.051713350000013e-10,-7.992394525400005e-09,-5.498716e-10,-5.351885e-12,-1.622388329e-10,5
demo_14_labeled,approach,60,64,1.999998,2.1333312,0.13333320000000026,5,finger_2,constant,1.9110019109140133e-06,2.547999999882808e-07,0.03999590560000019,0.039999668,0.03999993,0.03999985500000001,5,constant,-3.822718422718425e-05,-5.096952800000012e-06,8.167667704000005e-05,6.199095e-06,1.0191836e-06,2.67390864e-06,5
demo_14_labeled,approach,65,69,2.1666645,2.2999977,0.13333320000000004,5,joint_1,constant,-0.01675749775749781,-0.0022343308000000077,0.08107015390000012,0.045509286,0.042985566,0.043645113,5,ramp_up,0.5400734892734894,0.07200972656000004,-1.2314581647900003,-0.064514585,-0.00043306875,-0.025295244909999997,5
demo_14_labeled,approach,65,69,2.1666645,2.2999977,0.13333320000000004,5,joint_2,ramp_up,0.5005325305325294,0.06673760399999988,-0.6353604929999976,0.42706293,0.50145084,0.482494374,5,ramp_down,-14.296795348795355,-1.9062374736000014,32.59689106660001,1.5703999,0.002018217,0.6674133838,5
demo_14_labeled,approach,65,69,2.1666645,2.2999977,0.13333320000000004,5,joint_3,constant,0.002110773610773572,0.00028143619999999495,0.004241060950000085,0.00830377,0.008934979,0.0089551173,5,ramp_down,-0.3672456354456356,-0.04896603576000003,0.8331354134500003,0.046614464,-0.00032226575,0.012954314470000002,5
demo_14_labeled,approach,65,69,2.1666645,2.2999977,0.13333320000000004,5,joint_4,ramp_up,0.10502650502650557,0.014003520000000077,-2.9172101800000014,-2.6982553,-2.6796336,-2.6826512199999994,5,ramp_down,-5.23553931683932,-0.6980712108400007,11.908151685410006,0.5834232,-0.0007995563,0.21545890384000002,5
demo_14_labeled,approach,65,69,2.1666645,2.2999977,0.13333320000000004,5,joint_5,constant,-0.015643260643260663,-0.0020857660000000032,0.09008341570000006,0.057501093,0.054681264,0.0551468352,5,ramp_up,0.9059688772488775,0.12079572950400007,-2.0605586611500004,-0.10886999,0.00015371875,-0.037230191958,5
demo_14_labeled,approach,65,69,2.1666645,2.2999977,0.13333320000000004,5,joint_6,ramp_up,0.2126213126213062,0.028349479999999153,3.252078950000014,3.6975474,3.733795,3.72693274,5,ramp_down,-9.863656520236523,-1.3151528875440008,22.450264645476008,1.1266543,-0.00075245043,0.42145377911400006,5
demo_14_labeled,approach,65,69,2.1666645,2.2999977,0.13333320000000004,5,joint_7,constant,0.013444603444604167,0.0017926120000000968,0.7058824149999985,0.7341015,0.7363536,0.735908666,5,ramp_down,-0.6465921974121974,-0.08621220677600003,1.4710549742460002,0.0781887,-4.191488e-05,0.027000510748000008,5
demo_14_labeled,approach,65,69,2.1666645,2.2999977,0.13333320000000004,5,finger_1,constant,1.3212013212019511e-05,1.7616000000008405e-06,0.03996925799999999,0.03999845,0.039999936,0.039998764799999996,5,constant,0.00043270727320727365,5.769424540000008e-05,-0.000945577468750001,-5.3653574e-05,5.340186e-06,2.08011417e-05,5
demo_14_labeled,approach,65,69,2.1666645,2.2999977,0.13333320000000004,5,finger_2,constant,-5.010005010447003e-07,-6.680000000589326e-08,0.0400002245000001,0.03999868,0.039999217,0.0399991056,5,constant,-0.0005268257794457793,-7.0243367016e-05,0.0011917906894259997,0.00010490334,1.226792e-05,1.5214291908e-05,5
demo_14_labeled,approach,70,74,2.3333310000000003,2.4666642000000003,0.13333320000000004,5,joint_1,constant,-2.2317022317016233e-05,-2.9755999999991897e-06,0.04302789599999999,0.042976763,0.04297347,0.042974335200000005,5,constant,0.0008250919959319955,0.00011001215611199998,-0.0020137067688679993,-0.00012118019,-2.8461346e-07,-3.3487958852e-05,5
demo_14_labeled,approach,70,74,2.3333310000000003,2.4666642000000003,0.13333320000000004,5,joint_2,constant,2.4120024117838937e-05,3.2159999997086437e-06,0.5014254560000053,0.5014802,0.50148416,0.5014833439999999,5,constant,-0.001670479916749915,-0.00022273043283599985,0.004069060987007996,0.00026256437,-3.5683559e-07,5.991319596e-05,5
demo_14_labeled,approach,70,74,2.3333310000000003,2.4666642000000003,0.13333320000000004,5,joint_3,constant,-1.3626013626026464e-05,-1.8168000000017124e-06,0.00896059320000003,0.008929361,0.00892734,0.008927890800000001,5,constant,0.0005462715119715115,7.283612875999995e-05,-0.0013334493275999988,-8.244703e-05,-9.850111e-07,-2.2399009919999996e-05,5
demo_14_labeled,approach,70,74,2.3333310000000003,2.4666642000000003,0.13333320000000004,5,joint_4,constant,7.297137630523377e-15,9.729507111180997e-16,-2.6796480000000176,-2.679648,-2.679648,-2.679648,5,constant,0.0006610916587916582,8.814546635999995e-05,-0.001611642069819999,-0.00010122585,-9.10308e-08,-2.502367534e-05,5
demo_14_labeled,approach,70,74,2.3333310000000003,2.4666642000000003,0.13333320000000004,5,joint_5,constant,3.015003014767873e-06,4.019999999686479e-07,0.05467594780000056,0.05468284,0.054683294,0.0546831838,5,constant,-0.00023245107853107832,-3.099344614399998e-05,0.0005675923715159995,3.541949e-05,2.6832592e-07,9.710340924e-06,5
demo_14_labeled,approach,70,74,2.3333310000000003,2.4666642000000003,0.13333320000000004,5,joint_6,constant,9.729516840697834e-15,1.2972676148241328e-15,3.733791399999976,3.7337914,3.7337914,3.7337914,5,constant,0.000622082428712428,8.294424088399993e-05,-0.0015154483432379983,-9.9033554e-05,-1.113889e-06,-2.2452007326e-05,5
demo_14_labeled,approach,70,74,2.3333310000000003,2.4666642000000003,0.13333320000000004,5,joint_7,constant,-1.2161896050872293e-15,-1.621584518530166e-16,0.7363536000000032,0.7363536,0.7363536,0.7363536,5,constant,4.1924503424503385e-05,5.589928199999997e-06,-0.00010271346631999991,-8.208947e-06,-1.0976705e-06,-2.0947587200000004e-06,5
demo_14_labeled,approach,70,74,2.3333310000000003,2.4666642000000003,0.13333320000000004,5,finger_1,constant,-7.601185031795183e-17,-1.0134903240813538e-17,0.03999999500000018,0.039999995,0.039999995,0.039999995,5,constant,5.570371736371742e-07,7.42715488800001e-08,-1.2894624251600014e-06,-7.450566e-10,5.7071585e-08,4.742545468e-08,5
demo_14_labeled,approach,70,74,2.3333310000000003,2.4666642000000003,0.13333320000000004,5,finger_2,constant,2.805002805116451e-06,3.7400000001515293e-07,0.03999307779999974,0.039999552,0.039999932,0.039999809799999994,5,constant,-5.317181605181603e-05,-7.0895683839999995e-06,0.00013102778129999996,8.0258915e-06,9.653093e-07,3.415550388e-06,5
demo_14_labeled,approach,75,79,2.4999975,2.6333307,0.13333320000000004,5,joint_1,constant,-1.9002962579487925e-16,-2.53372581020338e-17,0.04297347000000048,0.04297347,0.04297347,0.04297347,5,constant,1.646869556869557e-06,2.1958238800000007e-07,-3.816868625000001e-06,2.3848952e-07,4.784045e-07,4.10092344e-07,5
demo_14_labeled,approach,75,79,2.4999975,2.6333307,0.13333320000000004,5,joint_2,constant,-3.040474012718068e-15,-4.053961296325408e-16,0.5014841600000078,0.50148416,0.50148416,0.50148416,5,constant,-2.2443220443220227e-07,-2.9924263999999724e-08,2.146812799999442e-08,-5.2818797e-07,-5.628264e-07,-5.54573954e-07,5
demo_14_labeled,approach,75,79,2.4999975,2.6333307,0.13333320000000004,5,joint_3,constant,-8.925008925387786e-07,-1.1900000000505151e-07,0.008929541050000097,0.00892731,0.008927191,0.0089272503,5,constant,9.535310635310672e-07,1.2713734800000053e-07,-3.0290013230000093e-06,-6.8099916e-07,-5.42067e-07,-5.81607374e-07,5
demo_14_labeled,approach,75,79,2.4999975,2.6333307,0.13333320000000004,5,joint_4,constant,7.297137630523362e-15,9.72950711118098e-16,-2.679648000000018,-2.679648,-2.679648,-2.679648,5,constant,6.16069948069949e-08,8.214257760000015e-09,-1.5806221708000025e-07,-8.160074e-09,1.982653e-09,6.224480000000003e-11,5
demo_14_labeled,approach,75,79,2.4999975,2.6333307,0.13333320000000004,5,joint_5,constant,0.0,0.0,0.05468329399999999,0.054683294,0.054683294,0.05468329400000001,5,constant,-1.3695721695721736e-07,-1.826094400000006e-08,5.609154460000011e-07,2.2369956e-07,2.0372411e-07,2.09392274e-07,5
demo_14_labeled,approach,75,79,2.4999975,2.6333307,0.13333320000000004,5,joint_6,constant,0.0,0.0,3.733791400000001,3.7337914,3.7337914,3.7337914,5,constant,1.5974415974422035e-08,2.1299200000008086e-09,-1.1394202800000156e-06,-1.100336e-06,-1.0978455e-06,-1.0984193200000001e-06,5
demo_14_labeled,approach,75,79,2.4999975,2.6333307,0.13333320000000004,5,joint_7,constant,-3.648568815261681e-15,-4.86475355559049e-16,0.7363536000000093,0.7363536,0.7363536,0.7363536,5,constant,4.712404712412572e-09,6.283200000010481e-10,-1.1080034800000198e-06,-1.0963931e-06,-1.0957108e-06,-1.09590832e-06,5
demo_14_labeled,approach,75,79,2.4999975,2.6333307,0.13333320000000004,5,finger_1,constant,-1.1401777547692754e-16,-1.520235486122028e-17,0.03999999500000031,0.039999995,0.039999995,0.039999995,5,constant,-6.823584823584993e-09,-9.098104000000229e-10,7.170219240000044e-08,5.489946e-08,5.390533e-08,5.4188342199999995e-08,5
demo_14_labeled,approach,75,79,2.4999975,2.6333307,0.13333320000000004,5,finger_2,constant,-2.2803555095385507e-16,-3.040470972244056e-17,0.039999932000000585,0.039999932,0.039999932,0.039999932,5,constant,6.168606168604865e-09,8.224799999998264e-10,9.520815600000034e-07,9.672715e-07,9.681701e-07,9.679142999999999e-07,5
demo_14_labeled,approach,80,84,2.6666640000000004,2.7999972000000004,0.13333320000000004,5,joint_1,constant,0.0,0.0,0.042973470000000014,0.04297347,0.04297347,0.04297347,5,constant,-6.449659709659703e-06,-8.599537679999994e-07,1.7874916541999982e-05,4.800846e-07,-2.2916291e-07,2.45864298e-07,5
demo_14_labeled,approach,80,84,2.6666640000000004,2.7999972000000004,0.13333320000000004,5,joint_2,constant,-2.4323792101744586e-15,-3.243169037060332e-16,0.5014841600000066,0.50148416,0.50148416,0.50148416,5,constant,3.680175140175159e-06,4.906895280000027e-07,-1.0299255802000053e-05,-5.628393e-07,2.2006306e-07,-2.40120478e-07,5
demo_14_labeled,approach,80,84,2.6666640000000004,2.7999972000000004,0.13333320000000004,5,joint_3,constant,-2.520002519959709e-07,-3.35999999994292e-08,0.008927820199999988,0.008927161,0.008927123,0.0089271314,5,constant,3.476164196164209e-06,4.6348809600000186e-07,-9.731170638000036e-06,-5.4109665e-07,9.238682e-08,-2.2966467e-07,5
demo_14_labeled,approach,80,84,2.6666640000000004,2.7999972000000004,0.13333320000000004,5,joint_4,constant,7.297137630523377e-15,9.729507111180997e-16,-2.6796480000000202,-2.679648,-2.679648,-2.679648,5,constant,-3.3622454155453904e-06,-4.482989404399968e-07,9.199721632359933e-06,1.9158044e-09,3.906244e-08,9.59335334000003e-09,5
demo_14_labeled,approach,80,84,2.6666640000000004,2.7999972000000004,0.13333320000000004,5,joint_5,constant,-3.8005925158975916e-17,-5.067451620406769e-18,0.054683294000000125,0.054683294,0.054683294,0.05468329400000001,5,constant,-9.103280503280456e-07,-1.213769519999994e-07,2.628618617999987e-06,2.0358704e-07,2.3492503e-07,1.40391102e-07,5
demo_14_labeled,approach,80,84,2.6666640000000004,2.7999972000000004,0.13333320000000004,5,joint_6,constant,9.729516840697834e-15,1.2972676148241328e-15,3.733791399999973,3.7337914,3.7337914,3.7337914,5,constant,1.3157997116997097e-05,1.7543978611999979e-06,-3.640288336929995e-05,-1.0978473e-06,4.5623265e-09,-4.3772721470000004e-07,5
demo_14_labeled,approach,80,84,2.6666640000000004,2.7999972000000004,0.13333320000000004,5,joint_7,constant,-1.2161896050872293e-15,-1.621584518530166e-16,0.7363536000000035,0.7363536,0.7363536,0.7363536,5,constant,1.2351132951132958e-05,1.6468160800000014e-06,-3.4197067518000025e-05,-1.0957054e-06,5.495378e-07,-4.37337878e-07,5
demo_14_labeled,approach,80,84,2.6666640000000004,2.7999972000000004,0.13333320000000004,5,finger_1,constant,-7.601185031795183e-17,-1.0134903240813538e-17,0.0399999950000002,0.039999995,0.039999995,0.039999995,5,constant,-1.0056301056300954e-08,-1.3408387999999867e-09,8.126533359999973e-08,5.3898436e-08,5.454784e-08,5.3778138199999995e-08,5
demo_14_labeled,approach,80,84,2.6666640000000004,2.7999972000000004,0.13333320000000004,5,finger_2,constant,3.8005925158975916e-17,5.067451620406769e-18,0.03999993199999989,0.039999932,0.039999932,0.039999932,5,constant,9.07680907681088e-09,1.2102400000002407e-09,9.434750399999954e-07,9.681764e-07,9.675895e-07,9.682849600000002e-07,5
demo_14_labeled,approach,85,89,2.8333305,2.9666637,0.1333331999999996,5,joint_1,constant,-1.900296257948796e-16,-2.5337258102033763e-17,0.04297347000000056,0.04297347,0.04297347,0.04297347,5,constant,3.9062620262620467e-07,5.208344160000011e-08,-1.198495281400006e-06,-1.06341936e-07,-4.9462617e-08,-6.56804266e-08,5
demo_14_labeled,approach,85,89,2.8333305,2.9666637,0.1333331999999996,5,joint_2,constant,-1.824284407630844e-15,-2.4323767777952414e-16,0.5014841600000054,0.50148416,0.50148416,0.50148416,5,constant,6.84172884172878e-08,9.12229599999989e-09,8.191185000000176e-08,2.7236538e-07,2.828684e-07,2.8032178800000004e-07,5
demo_14_labeled,approach,85,89,2.8333305,2.9666637,0.1333331999999996,5,joint_3,constant,-3.8005925158975916e-17,-5.067451620406752e-18,0.008927123000000111,0.008927123,0.008927123,0.008927123,5,constant,2.2477300477300543e-07,2.9969703999999995e-08,-4.657830260000019e-07,1.626703e-07,1.9539341e-07,1.8605803599999998e-07,5
demo_14_labeled,approach,85,89,2.8333305,2.9666637,0.1333331999999996,5,joint_4,constant,1.945903368139567e-14,2.594535229648257e-15,-2.679648000000057,-2.679648,-2.679648,-2.679648,5,constant,-5.83361544161547e-08,-7.778146144000015e-09,1.7045187957800084e-07,7.847863e-09,-9.690805e-10,1.277200946e-09,5
demo_14_labeled,approach,85,89,2.8333305,2.9666637,0.1333331999999996,5,joint_5,constant,-1.5202370063590366e-16,-2.0269806481627008e-17,0.05468329400000044,0.054683294,0.054683294,0.05468329400000001,5,constant,-3.1006141006141606e-08,-4.134148000000068e-09,3.1241626500000174e-07,2.2571591e-07,2.2120769e-07,2.22498546e-07,5
demo_14_labeled,approach,85,89,2.8333305,2.9666637,0.1333331999999996,5,joint_6,constant,-4.864758420348917e-15,-6.4863380741206425e-16,3.733791400000014,3.7337914,3.7337914,3.7337914,5,constant,-6.424847374847404e-09,-8.566454600000013e-10,1.798171784500009e-08,8.847715e-11,-8.9243185e-10,-6.503209100000001e-10,5
demo_14_labeled,approach,85,89,2.8333305,2.9666637,0.1333331999999996,5,joint_7,constant,-3.0404740127180734e-15,-4.053961296325402e-16,0.736353600000009,0.7363536,0.7363536,0.7363536,5,constant,1.3766413766403491e-09,1.8355199999986245e-10,5.46175848000003e-07,5.5002306e-07,5.502246e-07,5.50168104e-07,5
demo_14_labeled,approach,85,89,2.8333305,2.9666637,0.1333331999999996,5,finger_1,constant,-2.280355509538555e-16,-3.040470972244052e-17,0.03999999500000066,0.039999995,0.039999995,0.039999995,5,constant,-1.6143616143616391e-09,-2.1524800000000265e-10,5.855583740000007e-08,5.404221e-08,5.380716e-08,5.38741934e-08,5
demo_14_labeled,approach,85,89,2.8333305,2.9666637,0.1333331999999996,5,finger_2,constant,0.0,0.0,0.039999932,0.039999932,0.039999932,0.039999932,5,constant,1.457701457699562e-09,1.9435999999974666e-10,9.639709700000054e-07,9.680466e-07,9.682587e-07,9.681983e-07,5
demo_14_labeled,approach,90,94,2.9999970000000005,3.1333302000000005,0.13333320000000004,5,joint_1,ramp_up,0.1144693744693744,0.015262567999999995,-0.2646199529999998,0.07411271,0.09102897,0.08641911099999999,5,ramp_down,-7.3552306738306665,-0.9806964424799993,22.834115892119982,1.1521815,0.0041498384,0.27809771508,5
demo_14_labeled,approach,90,94,2.9999970000000005,3.1333302000000005,0.13333320000000004,5,joint_2,constant,-0.001796371796372417,-0.0002395160000000828,0.507671486000002,0.5023215,0.502086,0.5021626180000001,5,ramp_down,-0.1317614774534772,-0.01756817942559997,0.40722812539939923,0.026732024,-2.0903217e-05,0.0031599986105999996,5
demo_14_labeled,approach,90,94,2.9999970000000005,3.1333302000000005,0.13333320000000004,5,joint_3,ramp_up,0.06049384729384726,0.008065838239999998,-0.17539198987999993,0.0037779652,0.01260099,0.01012228964,5,ramp_down,-0.1976637716637727,-0.026355143200000146,0.6322493547000032,-0.011552234,0.0024129525,0.026081061100000004,5
demo_14_labeled,approach,90,94,2.9999970000000005,3.1333302000000005,0.13333320000000004,5,joint_4,constant,0.0037557037557128447,0.000500760000001212,-2.6885338600000273,-2.677616,-2.676919,-2.67701638,5,ramp_down,-0.5139511011511004,-0.06852674495999993,1.591724628369998,0.08975108,-0.00017839525,0.015609494289999998,5
demo_14_labeled,approach,90,94,2.9999970000000005,3.1333302000000005,0.13333320000000004,5,joint_5,constant,-0.008093258093258018,-0.0010790999999999904,0.13105567999999973,0.10698994,0.10587937,0.10623638000000002,5,ramp_down,-8.688051786651776,-1.158405746479999,26.92653082043997,1.4633025,-0.0007596292,0.28319865139999995,5
demo_14_labeled,approach,90,94,2.9999970000000005,3.1333302000000005,0.13333320000000004,5,joint_6,constant,0.00029190029189252685,3.8919999998964675e-05,3.731164740000024,3.7320244,3.7320702,3.7320598999999994,5,ramp_up,0.3285785269355265,0.04381042644759996,-1.018282951317799,-0.056221254,-1.0583566e-05,-0.010643143022999998,5
demo_14_labeled,approach,90,94,2.9999970000000005,3.1333302000000005,0.13333320000000004,5,joint_7,constant,0.0010250710250697447,0.00013667599999982934,0.733408022000004,0.73643965,0.73659253,0.7365515700000002,5,constant,-0.006008339108339159,-0.000801111080000007,0.019511479750000157,-0.0013307703,9.266695e-05,0.0010859249099999999,5
demo_14_labeled,approach,90,94,2.9999970000000005,3.1333302000000005,0.13333320000000004,5,finger_1,constant,-4.952404952408142e-05,-6.603200000004254e-06,0.040138364200000096,0.04,0.039990455,0.0399864906,5,constant,0.0002543506043506122,3.3913380000001055e-05,-0.000703294062800024,0.00053198525,0.00015888167,7.671367719999998e-05,5
demo_14_labeled,approach,90,94,2.9999970000000005,3.1333302000000005,0.13333320000000004,5,finger_2,constant,0.000199530199530115,2.6603999999988736e-05,0.039381455000000266,0.03996674,0.039999995,0.039993347000000005,5,constant,0.0013290069355269315,0.00017720074753599952,-0.004089815540483988,-0.00034514372,2.3160362e-07,-1.4198347156000004e-05,5
demo_14_labeled,approach,95,99,3.1666635000000003,3.2999967000000003,0.13333320000000004,5,joint_1,constant,-0.02662994662994664,-0.0035506560000000027,0.17607080100000005,0.09110978,0.088021815,0.08996739299999999,5,ramp_down,-0.28381758577758476,-0.03784230692799988,0.9006757449529967,0.0011988122,-0.005216866,-0.017000198050999997,5
demo_14_labeled,approach,95,99,3.1666635000000003,3.2999967000000003,0.13333320000000004,5,joint_2,ramp_up,0.4521444921444913,0.06028587199999991,-0.9407802279999973,0.502086,0.55746984,0.521152168,5,ramp_up,5.1191060549687375,0.6825467914483578,-16.229979758722674,-4.1962644e-06,0.09745121,0.32177993390000004,5
demo_14_labeled,approach,95,99,3.1666635000000003,3.2999967000000003,0.13333320000000004,5,joint_3,constant,0.017415455415455385,0.0023220583999999968,-0.042854638199999906,0.012647951,0.014461084,0.013455278000000001,5,ramp_up,0.09832777162777093,0.01311035643999991,-0.30927579111859776,0.00069624995,-0.007924284,0.008650352551399999,5
demo_14_labeled,approach,95,99,3.1666635000000003,3.2999967000000003,0.13333320000000004,5,joint_4,ramp_up,0.21383541383541385,0.02851136000000001,-3.35879372,-2.6769216,-2.653285,-2.66739324,5,ramp_up,1.7193916779466691,0.22925199447399888,-5.430792116717572,-5.0618157e-05,-0.06990886,0.1285687492769,5
demo_14_labeled,approach,95,99,3.1666635000000003,3.2999967000000003,0.13333320000000004,5,joint_5,ramp_down,-0.0482000162000164,-0.006426662400000028,0.2595450834000007,0.1058706,0.100656085,0.1036985202,5,ramp_down,-0.39108395280395103,-0.05214447489599978,1.2371417194611942,-0.00021705717,0.0056559313,-0.0273617967668,5
demo_14_labeled,approach,95,99,3.1666635000000003,3.2999967000000003,0.13333320000000004,5,joint_6,ramp_up,0.17475077475078538,0.023300080000001423,3.174911339999966,3.7320702,3.75098,3.7399382799999996,5,ramp_down,-0.2115558139819342,-0.02820741365681604,0.6769702315999668,-5.37608e-06,-0.03523888,-0.0070595495778219995,5
demo_14_labeled,approach,95,99,3.1666635000000003,3.2999967000000003,0.13333320000000004,5,joint_7,constant,0.033110823110820406,0.004414771999999641,0.631009185000009,0.7365932,0.7402591,0.738067406,5,ramp_up,0.2819388080328067,0.03759180347919983,-0.8921929306555957,2.7080781e-05,-0.002957833,0.019408303715,5
demo_14_labeled,approach,95,99,3.1666635000000003,3.2999967000000003,0.13333320000000004,5,finger_1,constant,1.008301008305212e-05,1.3444000000056052e-06,0.039964315899999873,0.039994717,0.03999579,0.0399969176,5,constant,1.856383856384228e-05,2.4751760000004966e-06,-1.416656340001202e-05,9.6566895e-05,0.00020358543,4.58564546e-05,5
demo_14_labeled,approach,95,99,3.1666635000000003,3.2999967000000003,0.13333320000000004,5,finger_2,constant,-1.5969015969143968e-05,-2.129200000017067e-06,0.040050895100000414,0.04,0.039998367,0.039999262,5,constant,0.00021752352548562242,2.90031077282796e-05,-0.0006745333060841001,3.2224143e-08,-7.134095e-05,2.879205632668e-05,5
demo_14_labeled,approach,100,104,3.33333,3.4666632,0.13333320000000004,5,joint_1,constant,-0.0002697512697516914,-3.596680000005623e-05,0.08878706880000144,0.087899156,0.08785916,0.0878699154,5,constant,0.008018517042717048,0.001069134536560001,-0.02759932137154002,-0.0011779877,-7.3478163e-06,-0.00033639068926,5
demo_14_labeled,approach,100,104,3.33333,3.4666632,0.13333320000000004,5,joint_2,constant,0.0017066417066410483,0.0002275519999999123,0.5534565800000021,0.55905414,0.5593207,0.5592591559999999,5,ramp_down,-0.10143496345816357,-0.013524648269760018,0.3485439772227404,0.015866091,4.6550763e-06,0.0036654463438599997,5
demo_14_labeled,approach,100,104,3.33333,3.4666632,0.13333320000000004,5,joint_3,constant,-0.00020050820050822703,-2.6734400000003543e-05,0.015013720200000089,0.014354128,0.014324121,0.014331992999999998,5,constant,0.010418993627393635,0.0013891977611200014,-0.035829781466680026,-0.0015853317,-6.6480616e-06,-0.00040523855812,5
demo_14_labeled,approach,100,104,3.33333,3.4666632,0.13333320000000004,5,joint_4,constant,-0.0007923007922915287,-0.00010563999999876489,-2.651630920000031,-2.6542284,-2.6543527,-2.6543247400000003,5,constant,0.03579172449772454,0.004772225160800007,-0.12300138367360014,-0.0055587636,-4.322588e-06,-0.0013096420732,5
demo_14_labeled,approach,100,104,3.33333,3.4666632,0.13333320000000004,5,joint_5,constant,6.841206841178112e-05,9.121599999961696e-06,0.10047649200000097,0.10070117,0.10071163,0.1007090928,5,constant,-0.00709579123219124,-0.0009461045515200013,0.024390409282900028,0.0010976362,2.7991455e-06,0.00026474321914000005,5
demo_14_labeled,approach,100,104,3.33333,3.4666632,0.13333320000000004,5,joint_6,constant,-0.0002166002166139233,-2.888000000182757e-05,3.751476080000047,3.750766,3.750732,3.75073964,5,constant,0.03669786562086566,0.004893043856400007,-0.12609888266250013,-0.0057417313,-1.7494935e-06,-0.0013262643243,5
demo_14_labeled,approach,100,104,3.33333,3.4666632,0.13333320000000004,5,joint_7,constant,-5.700005703438882e-06,-7.600000004577574e-07,0.7402721200000115,0.7402535,0.74025255,0.7402527400000001,5,constant,0.0027597806606306638,0.0003679703867800005,-0.009484346578680011,-0.00043127083,-1.6636051e-06,-0.00010110171578999998,5
demo_14_labeled,approach,100,104,3.33333,3.4666632,0.13333320000000004,5,finger_1,constant,6.630006629891722e-06,8.839999999846792e-07,0.0399771316000004,0.039998967,0.039999936,0.03999967360000001,5,constant,-0.00029353132513132543,-3.913747088000005e-05,0.0010104423990200011,4.473933e-05,9.636518e-07,1.2436891580000002e-05,5
demo_14_labeled,approach,100,104,3.33333,3.4666632,0.13333320000000004,5,finger_2,constant,1.2501012500943307e-05,1.6667999999907746e-06,0.03995666340000024,0.039998136,0.039999817,0.0399991668,5,constant,-0.00011065170325170322,-1.475354568e-05,0.0003874100958799999,1.5848776e-05,3.4480906e-06,1.1194681040000002e-05,5
demo_14_labeled,approach,105,109,3.4999965000000004,3.6333297,0.1333331999999996,5,joint_1,constant,-7.601185031795198e-17,-1.0134903240813524e-17,0.08785899000000023,0.08785899,0.08785899,0.08785899,5,constant,1.8285722304722346e-05,2.438093869199998e-06,-6.589553193650016e-05,-2.5920892e-06,7.797616e-08,-6.765209354e-07,5
demo_14_labeled,approach,105,109,3.4999965000000004,3.6333297,0.1333331999999996,5,joint_2,constant,6.080948025436158e-16,8.107922592650819e-17,0.5593206999999976,0.5593207,0.5593207,0.5593207,5,constant,-6.491641955341972e-06,-8.655513951599996e-07,2.339575534651006e-05,9.973611e-07,9.671052e-10,2.4225552598000004e-07,5
demo_14_labeled,approach,105,109,3.4999965000000004,3.6333297,0.1333331999999996,5,joint_3,constant,-3.120003119479572e-07,-4.159999999301924e-08,0.014325090199999814,0.014324013,0.014323966,0.014323977399999998,5,constant,1.1265832425832455e-05,1.5021094879999995e-06,-4.076045798600011e-05,-1.7599527e-06,-1.1445755e-07,-5.790291819999999e-07,5
demo_14_labeled,approach,105,109,3.4999965000000004,3.6333297,0.1333331999999996,5,joint_4,constant,4.864758420348927e-15,6.486338074120655e-16,-2.654352700000017,-2.6543527,-2.6543527,-2.6543527,5,constant,3.0607940963841038e-06,4.0810547141199974e-07,-1.1026668756795027e-05,-4.7533294e-07,6.3126915e-10,-1.0984739652399999e-07,5
demo_14_labeled,approach,105,109,3.4999965000000004,3.6333297,0.1333331999999996,5,joint_5,constant,1.5202370063590396e-16,2.0269806481627048e-17,0.10071162999999941,0.10071163,0.10071163,0.10071162999999998,5,constant,-1.6361977001977043e-06,-2.1815947519999988e-07,5.973862026800015e-06,3.1014756e-07,7.0835796e-08,1.3809606519999998e-07,5
demo_14_labeled,approach,105,109,3.4999965000000004,3.6333297,0.1333331999999996,5,joint_6,constant,0.0,0.0,3.750731999999998,3.750732,3.750732,3.750732,5,constant,4.928616450936462e-07,6.571482029759996e-08,-1.7760542783564041e-06,-7.5970036e-08,-2.2406278e-11,-1.81828353956e-08,5
demo_14_labeled,approach,105,109,3.4999965000000004,3.6333297,0.1333331999999996,5,joint_7,constant,0.0,0.0,0.7402525499999998,0.74025255,0.74025255,0.74025255,5,constant,4.340496868776882e-08,5.78732337104e-09,-1.566974722045605e-07,-6.1224825e-09,9.225138e-13,-1.88657202924e-09,5
demo_14_labeled,approach,105,109,3.4999965000000004,3.6333297,0.1333331999999996,5,finger_1,constant,3.800592515897599e-17,5.067451620406762e-18,0.03999993599999985,0.039999936,0.039999936,0.039999936,5,constant,-8.034323034322869e-08,-1.0712419999999747e-08,1.204456014999994e-06,9.263343e-07,9.145905e-07,9.178987800000001e-07,5
demo_14_labeled,approach,105,109,3.4999965000000004,3.6333297,0.1333331999999996,5,finger_2,constant,2.280355509538559e-16,3.040470972244057e-17,0.039999931999999176,0.039999932,0.039999932,0.039999932,5,constant,-4.752650352650367e-06,-6.3368608e-07,1.8077459460000052e-05,1.7620921e-06,9.685035e-07,1.12635682e-06,5
demo_14_labeled,approach,110,113,3.666663,3.766662900000001,0.09999990000000114,4,joint_1,constant,-3.3380986621608635e-16,-3.3380953240622394e-17,0.08785899000000125,0.08785899,0.08785899,0.08785899,4,constant,7.436122136122083e-08,7.436114700000032e-09,-1.7584783859999809e-07,9.544956e-08,1.03143705e-07,1.0052775775e-07,4
demo_14_labeled,approach,110,113,3.666663,3.766662900000001,0.09999990000000114,4,joint_2,constant,8.901596432428969e-16,8.901587530832638e-17,0.5593206999999966,0.5593207,0.5593207,0.5593207,4,constant,-1.381057483057477e-09,-1.3810561020000096e-10,5.2344669875999785e-09,2.0583134e-10,5.877207e-11,1.015418085e-10,4
demo_14_labeled,approach,110,113,3.666663,3.766662900000001,0.09999990000000114,4,joint_3,constant,0.0,0.0,0.014323966,0.014323966,0.014323966,0.014323966,4,constant,4.553770553770481e-08,4.553765999999979e-09,-2.6989008799999734e-07,-1.0375173e-07,-9.903989e-08,-1.00641785e-07,4
demo_14_labeled,approach,110,113,3.666663,3.766662900000001,0.09999990000000114,4,joint_4,constant,7.121277145943175e-15,7.12127002466611e-16,-2.654352700000027,-2.6543527,-2.6543527,-2.6543527,4,constant,-2.35385533385532e-09,-2.353852980000013e-10,8.928213353999951e-09,3.34616e-10,9.350633e-11,1.7972644500000002e-10,4
demo_14_labeled,approach,110,113,3.666663,3.766662900000001,0.09999990000000114,4,joint_5,constant,0.0,0.0,0.10071163,0.10071163,0.10071163,0.10071163,4,constant,-6.381210381210597e-09,-6.381204000000288e-10,9.26116892000008e-08,6.933078e-08,6.8670474e-08,6.8894881e-08,4
demo_14_labeled,approach,110,113,3.666663,3.766662900000001,0.09999990000000114,4,joint_6,constant,0.0,0.0,3.750732000000001,3.750732,3.750732,3.750732,4,constant,-3.96225617565614e-11,-3.96225221340001e-12,1.492256212331987e-10,3.8546857e-12,9.5078974e-14,1.9619139685e-12,4
demo_14_labeled,approach,110,113,3.666663,3.766662900000001,0.09999990000000114,4,joint_7,constant,-7.121277145943175e-15,-7.12127002466611e-16,0.7402525500000265,0.74025255,0.74025255,0.74025255,4,constant,2.462506112506099e-10,2.4625036500000146e-11,-8.40342024499995e-10,5.8088e-11,8.355259e-11,7.488849875e-11,4
demo_14_labeled,approach,110,113,3.666663,3.766662900000001,0.09999990000000114,4,finger_1,constant,-1.112699554053621e-16,-1.1126984413540797e-17,0.03999993600000041,0.039999936,0.039999936,0.039999936,4,constant,-3.243003243018288e-10,-3.243000000015082e-11,9.156984400000056e-07,9.145152e-07,9.144816e-07,9.144931249999999e-07,4
demo_14_labeled,approach,110,113,3.666663,3.766662900000001,0.09999990000000114,4,finger_2,constant,-1.6690493310804317e-16,-1.6690476620311197e-17,0.03999993200000061,0.039999932,0.039999932,0.039999932,4,constant,2.904002904002021e-10,2.90399999999915e-11,9.675116800000005e-07,9.685713e-07,9.686013e-07,9.685909999999999e-07,4
demo_14_labeled,pick,114,118,3.7999962,3.9333294,0.13333320000000004,5,joint_1,constant,-1.8000018002698288e-07,-2.400000000357372e-08,0.0878596800000001,0.08785899,0.08785896,0.087858984,5,constant,-6.928612948612903e-07,-9.238141359999942e-08,2.7593123023999824e-06,1.03310086e-07,-1.2177338e-08,8.0251308e-08,5
demo_14_labeled,pick,114,118,3.7999962,3.9333294,0.13333320000000004,5,joint_2,constant,-1.824284407630834e-15,-2.4323767777952355e-16,0.559320700000007,0.5593207,0.5593207,0.5593207,5,constant,-1.4225780243660146e-06,-1.8967688023839877e-07,5.453269017646763e-06,5.865071e-11,-2.3703748e-07,-4.73605092668e-08,5
demo_14_labeled,pick,114,118,3.7999962,3.9333294,0.13333320000000004,5,joint_3,constant,-7.800007803449613e-08,-1.0400000004589083e-08,0.014324265000000133,0.014323966,0.014323953,0.0143239634,5,constant,1.1599342039341954e-05,1.546577391999989e-06,-4.456301565399967e-05,-9.893803e-08,1.8342772e-06,2.87728714e-07,5
demo_14_labeled,pick,114,118,3.7999962,3.9333294,0.13333320000000004,5,joint_4,constant,2.4323792101744456e-15,3.243169037060315e-16,-2.6543527000000084,-2.6543527,-2.6543527,-2.6543527,5,constant,-6.401200545400501e-07,-8.534925525599943e-08,2.453875993557983e-06,8.649753e-11,-1.065996e-07,-2.1252408866000002e-08,5
demo_14_labeled,pick,114,118,3.7999962,3.9333294,0.13333320000000004,5,joint_5,constant,1.8000017964692365e-07,2.3999999952899207e-08,0.10071094000000133,0.10071163,0.10071166,0.100711636,5,constant,-9.43440289590283e-05,-1.2579191281999915e-05,0.00036172040242779747,6.86562e-08,-1.5655332e-05,-3.0761447502e-06,5
demo_14_labeled,pick,114,118,3.7999962,3.9333294,0.13333320000000004,5,joint_6,constant,-2.4323792101744455e-14,-3.243169037060315e-15,3.7507320000000934,3.750732,3.750732,3.750732,5,constant,-9.440766951084883e-06,-1.2587676680423914e-06,3.618957013836675e-05,-2.3918484e-13,-1.5734598e-06,-3.14692234862588e-07,5
demo_14_labeled,pick,114,118,3.7999962,3.9333294,0.13333320000000004,5,joint_7,constant,-3.040474012718057e-15,-4.0539612963253937e-16,0.7402525500000117,0.74025255,0.74025255,0.74025255,5,constant,6.004882153440511e-05,8.006501531411146e-06,-0.0002301868347780324,8.4125214e-11,1.0008211e-05,2.0017096328908e-06,5
demo_14_labeled,pick,114,118,3.7999962,3.9333294,0.13333320000000004,5,finger_1,ramp_down,-0.04206255606255588,-0.005608335199999977,0.20123957299999928,0.039999936,0.032989517,0.0385978522,5,ramp_down,-1.2013227882109394,-0.16017621158508688,4.605066997552298,9.1448146e-07,-0.20021935,-0.040043138415219996,5
demo_14_labeled,pick,114,118,3.7999962,3.9333294,0.13333320000000004,5,finger_2,ramp_down,-0.04203599403599406,-0.005604793600000005,0.20113774800000012,0.039999932,0.03299394,0.038598733600000004,5,ramp_down,-1.2023354339435255,-0.16031123088107893,4.608948856432868,9.686017e-07,-0.20038807,-0.04007683911842,5
demo_14_labeled,pick,119,123,3.966662700000001,4.099995900000001,0.1333331999999996,5,joint_1,constant,-0.003978153978153871,-0.0005304199999999842,0.10305044299999953,0.08734045,0.08675729,0.087005238,5,ramp_up,0.08431864051863926,0.011242474159999797,-0.344798924219995,-0.020281391,-0.0020757208,-0.00471408088,5
demo_14_labeled,pick,119,123,3.966662700000001,4.099995900000001,0.1333331999999996,5,joint_2,constant,-0.0014668814668785605,-0.00019558399999961189,0.564923167999988,0.55910593,0.5589177,0.5590067519999999,5,constant,0.01723974373974372,0.0022986301999999904,-0.07250400374599993,-0.0043146308,-0.003132306,-0.0029704401959999996,5
demo_14_labeled,pick,119,123,3.966662700000001,4.099995900000001,0.1333331999999996,5,joint_3,constant,-0.002227292227292226,-0.0002969719999999989,0.022458397599999992,0.013630908,0.013335483,0.013474994600000002,5,constant,0.04275063900063858,0.005700079499999926,-0.17640898684499834,-0.0100213345,-0.0015917866,-0.00398158197,5
demo_14_labeled,pick,119,123,3.966662700000001,4.099995900000001,0.1333331999999996,5,joint_4,constant,0.0009885009884908463,0.0001317999999986473,-2.6580884499999584,-2.654187,-2.6540654,-2.6541015000000003,5,constant,-0.018032412722412936,-0.002404319292000021,0.07590781217700086,0.0031622327,0.0025888486,0.0031771535939999996,5
demo_14_labeled,pick,119,123,3.966662700000001,4.099995900000001,0.1333331999999996,5,joint_5,constant,0.003577272577272663,0.00047696920000001,0.08711806389999964,0.101433836,0.10183886,0.10154638220000001,5,constant,-0.009488918558918709,-0.001265187876000016,0.040089530810000606,0.0009925731,9.9270605e-05,0.001817597561,5
demo_14_labeled,pick,119,123,3.966662700000001,4.099995900000001,0.1333331999999996,5,joint_6,constant,0.00041700041700809,5.56000000010229e-05,3.7492549399999677,3.7509093,3.7509637,3.75093684,5,constant,0.028467485787484703,0.003795660975999844,-0.10361708416799564,0.00041245078,0.010658164,0.011201660355999999,5
demo_14_labeled,pick,119,123,3.966662700000001,4.099995900000001,0.1333331999999996,5,joint_7,constant,0.0006641706641732619,8.85560000003461e-05,0.7372257009999895,0.73981804,0.73994285,0.73990452,5,ramp_down,-0.4933456843456804,-0.06577935879999927,1.9268312948999844,0.001445821,-0.0780493,-0.0629943088,5
demo_14_labeled,pick,119,123,3.966662700000001,4.099995900000001,0.1333331999999996,5,finger_1,ramp_down,-0.042755514755514465,-0.005700729599999944,0.19346129779999885,0.02609253,0.019405825,0.021014227400000002,5,ramp_up,1.2416017952017848,0.16554674047999812,-5.042616978579959,-0.20015152,0.0067951856,-0.03482807906,5
demo_14_labeled,pick,119,123,3.966662700000001,4.099995900000001,0.1333331999999996,5,finger_2,constant,-0.03150838950838919,-0.004201114399999945,0.14905490959999873,0.026186662,0.020996563,0.021971198999999997,5,ramp_up,1.188315315915306,0.1584418836799982,-4.83543975217996,-0.20026967,-0.0036014973,-0.04257277086,5
demo_14_labeled,transport,124,128,4.1333292,4.2666624,0.13333320000000004,5,joint_1,ramp_up,0.13266631266631226,0.01768882399999995,-0.46298397999999835,0.08668789,0.10447507,0.094213976,5,ramp_up,1.4358155004154975,0.19144187527999967,-5.919241389339989,-0.0009692141,0.20387636,0.11117768198,5
demo_14_labeled,transport,124,128,4.1333292,4.2666624,0.13333320000000004,5,joint_2,ramp_down,-1.6122289122289115,-0.21496363999999998,7.229949351999998,0.55890584,0.34681422,0.45859469199999997,5,ramp_down,-10.6535994209994,-1.4204785023199977,43.43484870865992,-0.0028519721,-1.6976619,-1.31022411442,5
demo_14_labeled,transport,124,128,4.1333292,4.2666624,0.13333320000000004,5,joint_3,ramp_down,-0.0889794259794258,-0.01186391159999998,0.3818031860999993,0.013321064,0.0012764975,0.0080899707,5,ramp_down,-0.9222412184812162,-0.12296537283199974,3.8014373812159907,-0.00094688096,-0.13472779,-0.07197186299200001,5
demo_14_labeled,transport,124,128,4.1333292,4.2666624,0.13333320000000004,5,joint_4,ramp_down,-0.663214263214258,-0.08842847999999934,0.0852051199999786,-2.6540792,-2.7422593,-2.700292,5,ramp_down,-2.4449810387810316,-0.3259971458399991,9.78381270741997,0.0027639873,-0.4989431,-0.48509738654,5
demo_14_labeled,transport,124,128,4.1333292,4.2666624,0.13333320000000004,5,joint_5,ramp_up,0.19992979992979928,0.026657279999999922,-0.7254992159999973,0.10195947,0.12887381,0.11420510400000002,5,ramp_up,1.7358477544677504,0.23144613581599954,-7.137186323157984,-0.00066892477,0.25888065,0.153366955046,5
demo_14_labeled,transport,124,128,4.1333292,4.2666624,0.13333320000000004,5,joint_6,ramp_down,-1.1189426189426228,-0.14919220000000055,8.377708500000017,3.7509582,3.6014934,3.6781542000000003,5,ramp_down,-7.14666047466046,-0.9528871103999983,29.186240725199944,0.011469038,-1.1295971,-0.8297032524000001,5
demo_14_labeled,transport,124,128,4.1333292,4.2666624,0.13333320000000004,5,joint_7,ramp_down,-0.13948429948429972,-0.018597888000000038,1.317514936000001,0.73997724,0.72120893,0.731681464,5,ramp_down,-1.3764391164391134,-0.18352503199999964,5.591419915999988,-0.0799247,-0.27625328,-0.18961859200000003,5
demo_14_labeled,transport,124,128,4.1333292,4.2666624,0.13333320000000004,5,finger_1,constant,-0.00010499110499114517,-1.3998800000005362e-05,0.019758269400000177,0.019346166,0.019323222,0.0193173072,5,constant,0.010633297633297562,0.0014177715999999908,-0.034674650699999705,0.007983619,0.0102944095,0.009985154700000002,5
demo_14_labeled,transport,124,128,4.1333292,4.2666624,0.13333320000000004,5,finger_2,constant,-5.126705126711836e-05,-6.8356000000089475e-06,0.021298569200000287,0.021057734,0.02106116,0.0210832478,5,constant,-0.009638099438099366,-0.0012850786399999908,0.0344822325399997,-0.004934224,-0.0065883175,-0.00599774462,5
demo_14_labeled,transport,129,133,4.2999957,4.4333289,0.13333320000000004,5,joint_1,ramp_up,0.7938202638202616,0.10584259599999973,-3.3103852249999908,0.11348711,0.22210373,0.15595979399999998,5,ramp_up,9.511617811617786,1.2682144399999968,-40.77889429199989,0.27799955,1.5964515,0.755128618,5
demo_14_labeled,transport,129,133,4.2999957,4.4333289,0.13333320000000004,5,joint_2,ramp_down,-1.7344444744444718,-0.23125903199999973,7.745174303999988,0.28792134,0.0569612,0.171441006,5,ramp_up,0.8558807558807551,0.11411731999999992,-5.4024691299999965,-1.7030873,-1.583401,-1.6651269,5
demo_14_labeled,transport,129,133,4.2999957,4.4333289,0.13333320000000004,5,joint_3,ramp_down,-0.5527403407403394,-0.07369863839999985,2.3789518716999942,-0.0049365615,-0.080324724,-0.034678535899999995,5,ramp_down,-6.257864597864582,-0.8343811119999982,26.812861999999935,-0.19023457,-1.0494722,-0.5131194179999999,5
demo_14_labeled,transport,129,133,4.2999957,4.4333289,0.13333320000000004,5,joint_4,ramp_down,-0.2954717954717923,-0.03939619999999959,-1.4913046500000133,-2.7587748,-2.7978115,-2.7815301999999997,5,ramp_up,2.865850629850622,0.38211303519999906,-12.781215459999967,-0.43567392,-0.043186966,-0.2670135572,5
demo_14_labeled,transport,129,133,4.2999957,4.4333289,0.13333320000000004,5,joint_5,ramp_up,1.1561012561012527,0.1541466799999996,-4.847823171999985,0.14059769,0.30035275,0.200480598,5,ramp_up,16.042449112449066,2.1389910759999946,-68.9440616169998,0.34798604,2.6089287,1.107896122,5
demo_14_labeled,transport,129,133,4.2999957,4.4333289,0.13333320000000004,5,joint_6,ramp_down,-1.4347346347346406,-0.19129776000000084,9.729700280000024,3.5585966,3.367441,3.4646986400000004,5,ramp_down,-1.4339516339516292,-0.19119335999999942,4.9640675999999795,-1.1934464,-1.3830373,-1.29751494,5
demo_14_labeled,transport,129,133,4.2999957,4.4333289,0.13333320000000004,5,joint_7,ramp_down,-0.9381217881217856,-0.1250827799999997,4.760740974999989,0.7123074,0.5821242,0.66427993,5,ramp_down,-13.512047832047791,-1.8016045759999952,58.01950674399983,-0.3496421,-2.267725,-0.9830431199999999,5
demo_14_labeled,transport,129,133,4.2999957,4.4333289,0.13333320000000004,5,finger_1,constant,0.0009423759423758948,0.0001256499999999937,0.015286689900000209,0.019343263,0.019469744,0.0194017274,5,constant,0.0017215727215727351,0.00022954280000000188,0.003252201699999937,0.010463722,0.010281008,0.010769728400000001,5
demo_14_labeled,transport,129,133,4.2999957,4.4333289,0.13333320000000004,5,finger_2,constant,-0.001352866352866374,-0.00018038200000000288,0.02685248170000009,0.021029877,0.020848693,0.020944971200000002,5,constant,-0.001999032199032229,-0.0002665373600000041,0.0016759145400001337,-0.0067505334,-0.0066337716,-0.007053184,5
demo_14_labeled,transport,134,138,4.4666622,4.5999954,0.13333320000000004,5,joint_1,ramp_down,-1.6918543318543302,-0.22558035199999985,7.8714591609999935,0.28887877,0.076855965,0.20172719299999997,5,ramp_down,-23.37443607443622,-3.11658836000002,104.83119526000065,1.9740156,-1.6523448,-1.1328089799999999,5
demo_14_labeled,transport,134,138,4.4666622,4.5999954,0.13333320000000004,5,joint_2,ramp_down,-1.278989046989048,-0.17053170240000018,5.724250666400004,0.006396298,-0.16407456,-0.07382721519999999,5,ramp_down,-2.0055920055919896,-0.26741199999999793,7.821770159999929,-1.3711455,-1.4062482,-1.27023784,5
demo_14_labeled,transport,134,138,4.4666622,4.5999954,0.13333320000000004,5,joint_3,ramp_up,1.8951822831822835,0.2526907184000001,-8.604358844400002,-0.12629463,0.11748704,-0.0128744188,5,ramp_up,16.91766911766925,2.255686960000018,-75.3704125400006,-1.2757744,1.580048,1.3229441000000002,5
demo_14_labeled,transport,134,138,4.4666622,4.5999954,0.13333320000000004,5,joint_4,ramp_up,0.0865329865329841,0.011537719999999679,-3.165683599999989,-2.7924526,-2.7754698,-2.77340112,5,ramp_down,-5.605340869340859,-0.7473780351999988,25.54419438199995,0.34276673,0.015280736,0.13334118520000005,5
demo_14_labeled,transport,134,138,4.4666622,4.5999954,0.13333320000000004,5,joint_5,ramp_down,-0.7328493728493685,-0.09771315199999944,3.7214613179999807,0.38778156,0.3082631,0.39921415000000005,5,ramp_down,-35.29419919419929,-4.705888520000014,159.39194586000045,2.5997255,-1.4939269,-0.6082638200000001,5
demo_14_labeled,transport,134,138,4.4666622,4.5999954,0.13333320000000004,5,joint_6,ramp_down,-1.3410934410934363,-0.1788122799999994,9.309396719999977,3.3172235,3.1357908,3.2297792000000003,5,ramp_down,-1.0350151350151218,-0.13800187999999827,3.4205503799999404,-1.3739018,-1.4445822,-1.27151354,5
demo_14_labeled,transport,134,138,4.4666622,4.5999954,0.13333320000000004,5,joint_7,ramp_up,0.6219283119283081,0.08292369199999952,-2.3461530739999827,0.4949806,0.5550928,0.473252454,5,ramp_up,37.15696705696711,4.954257320000009,-168.13840534000025,-2.6100032,1.2184457,0.30634353999999997,5
demo_14_labeled,transport,134,138,4.4666622,4.5999954,0.13333320000000004,5,finger_1,constant,-0.0012402582402582679,-0.00016536760000000373,0.025281745000000126,0.01965242,0.019499606,0.0196592466,5,ramp_up,0.1477400018000016,0.019698647207999978,-0.6647748776359991,-0.0007390439,0.016453974,0.004979127436,5
demo_14_labeled,transport,134,138,4.4666622,4.5999954,0.13333320000000004,5,finger_2,constant,0.0017149517149518737,0.00022866000000002125,0.012965721599999279,0.020657761,0.020888895,0.0207401616,5,ramp_down,-0.2786868263868263,-0.03715820636,1.2518498782799996,0.0030076257,-0.028206257,-0.01152913796,5
demo_14_labeled,transport,139,143,4.633328700000001,4.766661900000001,0.13333320000000004,5,joint_1,ramp_down,-0.3766400923400926,-0.05021862876000005,1.7828951848100014,0.04234986,-0.008743672,0.012688521020000001,5,ramp_up,4.2918764118764114,0.5722496160000001,-20.585014817999998,-0.792974,-0.19700493,-0.413215854,5
demo_14_labeled,transport,139,143,4.633328700000001,4.766661900000001,0.13333320000000004,5,joint_2,ramp_down,-1.2289650889650892,-0.1638618480000001,5.479712368000001,-0.2116179,-0.37541777,-0.296417774,5,ramp_up,2.441948441948453,0.32559280000000157,-12.673188240000052,-1.3528777,-1.0286301,-1.19604204,5
demo_14_labeled,transport,139,143,4.633328700000001,4.766661900000001,0.13333320000000004,5,joint_3,ramp_up,0.21538764538764432,0.028718323999999868,-0.8448466609999951,0.14844783,0.17812216,0.16747426,5,ramp_down,-4.412931050931053,-0.5883902184000004,21.006798156000013,0.6629315,0.046494827,0.26604295739999995,5
demo_14_labeled,transport,139,143,4.633328700000001,4.766661900000001,0.13333320000000004,5,joint_4,ramp_up,0.3266121266121384,0.043548240000001584,-4.288341980000055,-2.7724056,-2.7289627,-2.75326652,5,ramp_up,2.2495320295320305,0.29993730400000024,-10.260398892000005,0.15321806,0.45515025,0.312391074,5
demo_14_labeled,transport,139,143,4.633328700000001,4.766661900000001,0.13333320000000004,5,joint_5,ramp_down,-0.36343740343740455,-0.04845827200000016,1.9562819920000054,0.27622098,0.2269256,0.248127904,5,ramp_up,3.6828294828294843,0.49104344000000033,-17.70994033000001,-0.73548764,-0.22050299,-0.40065907,5
demo_14_labeled,transport,139,143,4.633328700000001,4.766661900000001,0.13333320000000004,5,joint_6,ramp_down,-1.574177174177187,-0.20989008000000178,10.37567752000006,3.082541,2.872731,2.9770522,5,ramp_up,0.48752538752540164,0.0650033200000019,-3.7180873500000664,-1.453946,-1.3892512,-1.42672032,5
demo_14_labeled,transport,139,143,4.633328700000001,4.766661900000001,0.13333320000000004,5,joint_7,ramp_up,0.34213288213287874,0.04561767199999956,-0.9981707459999843,0.5835276,0.62983096,0.609852192,5,ramp_down,-3.3349553449553464,-0.4446602680000003,15.982141933000008,0.60318667,0.13940941,0.307867486,5
demo_14_labeled,transport,139,143,4.633328700000001,4.766661900000001,0.13333320000000004,5,finger_1,constant,0.0016068826068825189,0.00021425079999998832,0.012092554500000414,0.019519161,0.019732356,0.0196448952,5,constant,-0.050829031629031664,-0.0067771974400000065,0.2484434707000002,0.013905927,0.0068934867,0.00954726094,5
demo_14_labeled,transport,139,143,4.633328700000001,4.766661900000001,0.13333320000000004,5,finger_2,constant,-0.0016476376476377756,-0.00021968480000001712,0.028477701000000605,0.020862138,0.020644251,0.0207338118,5,constant,0.04327557727557735,0.005770071200000011,-0.22615492900000034,-0.026372073,-0.020451032,-0.0227599192,5
demo_14_labeled,transport,144,148,4.799995200000001,4.933328400000001,0.13333320000000004,5,joint_1,ramp_down,-0.06840117240117215,-0.009120147199999968,0.3111475347999988,-0.014948014,-0.024182074,-0.021737838000000002,5,ramp_up,1.4950904464904475,0.1993451935200002,-7.356045782400005,-0.16276763,0.0069968984,-0.07994621892,5
demo_14_labeled,transport,144,148,4.799995200000001,4.933328400000001,0.13333320000000004,5,joint_2,ramp_down,-0.5373492573492541,-0.07164649599999959,2.1608336979999847,-0.40886027,-0.47929865,-0.45426340600000004,5,ramp_up,7.68000696000696,1.0239999040000003,-37.918601678,-0.9402423,-0.01666883,-0.5426051820000001,5
demo_14_labeled,transport,144,148,4.799995200000001,4.933328400000001,0.13333320000000004,5,joint_3,constant,-0.016933456933456874,-0.002257791999999993,0.2603296199999998,0.17894037,0.17702189,0.177920212,5,constant,-0.02804315264315145,-0.003739083279999842,0.12868901879999423,0.010972122,0.0019938494,-0.007787520919999999,5
demo_14_labeled,transport,144,148,4.799995200000001,4.933328400000001,0.13333320000000004,5,joint_4,ramp_up,0.3764937764937795,0.050199120000000416,-4.513434380000016,-2.7121303,-2.6636689,-2.6811665000000002,5,ramp_down,-4.622775092775102,-0.6163693960000014,22.855594485000047,0.5171618,0.004531455,0.35811153100000004,5
demo_14_labeled,transport,144,148,4.799995200000001,4.933328400000001,0.13333320000000004,5,joint_5,ramp_down,-0.10042489042489018,-0.013389971999999972,0.6994679779999988,0.21982263,0.20651609,0.21073399999999998,5,ramp_up,1.7191279741279752,0.22921683400000023,-8.474741755400006,-0.1953132,0.006377367,-0.10832731439999999,5
demo_14_labeled,transport,144,148,4.799995200000001,4.933328400000001,0.13333320000000004,5,joint_6,ramp_down,-0.7257487257487251,-0.09676639999999993,6.285708619999998,2.8221521,2.7250226,2.7537350199999997,5,ramp_up,12.508848856848871,1.6678448464000024,-61.66031653300008,-1.3626179,0.030482413,-0.7839796393999999,5
demo_14_labeled,transport,144,148,4.799995200000001,4.933328400000001,0.13333320000000004,5,joint_7,ramp_up,0.0800542100542099,0.010673883999999982,0.25430811200000086,0.63630605,0.6471023,0.6439048780000001,5,ramp_down,-1.4805013935013935,-0.19739998840000006,7.235452098800001,0.11038482,-0.061352782,0.0303525222,5
demo_14_labeled,transport,144,148,4.799995200000001,4.933328400000001,0.13333320000000004,5,finger_1,constant,-0.00022672522672525808,-3.023000000000419e-05,0.02083559060000016,0.019742629,0.01971332,0.019732195600000002,5,constant,0.003407333207333231,0.00045431064000000333,-0.010114912760000119,0.006458142,0.0065223663,0.0064674256,5
demo_14_labeled,transport,144,148,4.799995200000001,4.933328400000001,0.13333320000000004,5,finger_2,constant,0.00034134034134024235,4.5511999999986814e-05,0.018993914200000482,0.020636233,0.020681871,0.0206551022,5,constant,-0.005695379695379646,-0.0007593831999999936,0.007490146199999759,-0.020051908,-0.020124827,-0.020227340599999998,5
demo_14_labeled,transport,149,153,4.9666617,5.0999949,0.13333320000000004,5,joint_1,ramp_up,0.05907700407700384,0.007876925999999972,-0.33264791429999885,-0.035338365,-0.029234821,-0.0352939578,5,ramp_up,1.310848760848759,0.17477965999999978,-6.606219840399991,-0.11263275,0.024139151,-0.008287675400000005,5
demo_14_labeled,transport,149,153,4.9666617,5.0999949,0.13333320000000004,5,joint_2,ramp_up,0.11001299001299157,0.014668384000000213,-1.0198529420000078,-0.47540015,-0.46121222,-0.466121446,5,ramp_down,-1.3723202281202238,-0.18297584743999948,7.013260964939979,0.14927688,0.008086781,0.10592272408,5
demo_14_labeled,transport,149,153,4.9666617,5.0999949,0.13333320000000004,5,joint_3,ramp_up,0.6086824886824879,0.08115758399999992,-2.8061489999999965,0.20493408,0.28458208,0.25754979600000005,5,ramp_down,-8.31125497925496,-1.1081662223999977,42.44898954559991,0.9381662,0.017815294,0.61571465,5
demo_14_labeled,transport,149,153,4.9666617,5.0999949,0.13333320000000004,5,joint_4,ramp_up,0.1110178110178231,0.014802360000001616,-3.207546610000061,-2.658697,-2.6444073,-2.64875752,5,ramp_down,-1.665522281922277,-0.22206941551999942,8.498679354399975,0.16446778,-0.0076915314,0.11555891852,5
demo_14_labeled,transport,149,153,4.9666617,5.0999949,0.13333320000000004,5,joint_5,ramp_down,-0.10703551703551815,-0.014271388000000154,0.7296060590000056,0.20072313,0.18669565,0.19086116199999997,5,ramp_up,1.6246472614472571,0.2166194182399995,-8.291739152499979,-0.16701584,0.0059412853,-0.11435611393999998,5
demo_14_labeled,transport,149,153,4.9666617,5.0999949,0.13333320000000004,5,joint_6,constant,0.018987018987007415,0.002531599999998458,2.633896120000058,2.7274535,2.730098,2.72946402,5,ramp_down,-0.5924746544746539,-0.07899654159999994,3.035140488799997,0.09558045,0.024393313,0.0530210434,5
demo_14_labeled,transport,149,153,4.9666617,5.0999949,0.13333320000000004,5,joint_7,ramp_up,0.6146554346554333,0.08195397599999985,-2.3486812079999937,0.68775403,0.7696673,0.7450813860000001,5,ramp_down,-10.121584406584386,-1.3495432379999976,51.5626772954999,1.0615202,-0.0601817,0.617420061,5
demo_14_labeled,transport,149,153,4.9666617,5.0999949,0.13333320000000004,5,finger_1,constant,-0.004616884616884676,-0.0006155840000000081,0.0429977676000003,0.020040736,0.019515907,0.019759471600000002,5,constant,0.03829239049239033,0.00510564695999998,-0.1883996268999992,0.005366275,0.010032756,0.00433854584,5
demo_14_labeled,transport,149,153,4.9666617,5.0999949,0.13333320000000004,5,finger_2,constant,0.004370854370854279,0.0005827799999999879,-0.0013657033999995398,0.02037846,0.020873016,0.020634241600000002,5,constant,-0.03568072768072747,-0.004757425599999973,0.16188123679999897,-0.018705504,-0.02324352,-0.017711579600000003,5
demo_14_labeled,transport,154,158,5.1333282,5.2666614,0.13333320000000004,5,joint_1,ramp_down,-0.08461013161013162,-0.011281339600000004,0.40834884360000007,-0.028826533,-0.04290187,-0.0316234008,5,ramp_down,-1.2535310113310096,-0.16713730103999982,6.4766567539199915,0.003003545,-0.20537797,-0.041697986640000004,5
demo_14_labeled,transport,154,158,5.1333282,5.2666614,0.13333320000000004,5,joint_2,ramp_up,0.05420561420561304,0.007227407999999847,-0.740505149999994,-0.46086097,-0.45225713,-0.4586362380000001,5,ramp_up,1.5227903927903905,0.20303851599999975,-7.856064904599989,0.011000693,0.2646362,0.0624372194,5
demo_14_labeled,transport,154,158,5.1333282,5.2666614,0.13333320000000004,5,joint_3,ramp_up,0.1762604062604051,0.02350136399999985,-0.625693133999994,0.2849068,0.31423706,0.290860062,5,ramp_up,5.747189167289158,0.766291122679999,-29.690737969679958,0.0047886763,0.9629714,0.19461581484,5
demo_14_labeled,transport,154,158,5.1333282,5.2666614,0.13333320000000004,5,joint_4,ramp_up,0.042811842811841014,0.005708239999999762,-2.8665536199999906,-2.6448722,-2.6372454,-2.6439322599999997,5,ramp_up,1.9004572904572874,0.25339405199999965,-9.827693382599985,-0.008466046,0.30833462,0.0546746454,5
demo_14_labeled,transport,154,158,5.1333282,5.2666614,0.13333320000000004,5,joint_5,ramp_down,-0.044104004104003315,-0.005880527999999896,0.41519903999999597,0.18700407,0.17932615,0.185858448,5,ramp_down,-1.5571896922896895,-0.20762508467999968,8.052637691419987,0.0069820397,-0.2525963,-0.0447406111,5
demo_14_labeled,transport,154,158,5.1333282,5.2666614,0.13333320000000004,5,joint_6,constant,0.0002946002946055486,3.928000000070055e-05,2.728325839999972,2.7299733,2.730148,2.7298577600000002,5,ramp_up,0.13509175509175494,0.018012215999999987,-0.6726181879999994,0.02532044,0.047843017,0.029858236000000003,5
demo_14_labeled,transport,154,158,5.1333282,5.2666614,0.13333320000000004,5,joint_7,ramp_up,0.2506051906051928,0.0334139920000003,-0.5250642600000118,0.7696956,0.81143034,0.7780814279999999,5,ramp_up,6.907021039021028,0.9209352175999987,-35.74643121359994,-0.06012866,1.0910938,0.17004227279999998,5
demo_14_labeled,transport,154,158,5.1333282,5.2666614,0.13333320000000004,5,finger_1,constant,0.0027546837546837564,0.00036729080000000037,0.005412511199999984,0.019601759,0.020037973,0.0197368524,5,constant,-0.02089283299283302,-0.0027857082800000045,0.11632453172000015,0.009150298,0.0061148843,0.0076819088,5
demo_14_labeled,transport,154,158,5.1333282,5.2666614,0.13333320000000004,5,finger_2,constant,-0.0026169896169895316,-0.00034893159999998874,0.03426898039999955,0.020790698,0.020377355,0.020660648,5,constant,0.021313974313974245,0.0028418603999999918,-0.13176894219999966,-0.022416279,-0.019310022,-0.020936386600000002,5
demo_14_labeled,transport,159,163,5.299994700000001,5.4333279,0.13333319999999915,5,joint_1,constant,-0.0005407325407325831,-7.209760000000519e-05,-0.05201885079999978,-0.04981059,-0.051203746,-0.054920779200000006,5,ramp_up,1.8425591645591766,0.24567430960000003,-9.948483846000066,-0.13379596,0.030402297,-0.06009288460000001,5
demo_14_labeled,transport,159,163,5.299994700000001,5.4333279,0.13333319999999915,5,joint_2,ramp_up,0.18270936270936383,0.024361223999999994,-1.4075491620000062,-0.44280818,-0.4190953,-0.42700989599999994,5,ramp_down,-2.5578105606105774,-0.3410410670400001,13.906532546300092,0.27511102,0.0048500327,0.17962959794,5
demo_14_labeled,transport,159,163,5.299994700000001,5.4333279,0.13333319999999915,5,joint_3,ramp_up,0.6327635127635174,0.08436838400000007,-2.9908179680000253,0.34973148,0.43288854,0.405009488,5,ramp_down,-9.001729489729547,-1.2002293983999999,48.96207193300031,1.0336639,0.022094067,0.6528386474000001,5
demo_14_labeled,transport,159,163,5.299994700000001,5.4333279,0.13333319999999915,5,joint_4,ramp_up,0.21748401748401813,0.028997839999999903,-3.773598640000004,-2.625882,-2.5975833,-2.60643558,5,ramp_down,-3.2602737262737485,-0.4347027288000002,17.72189232630012,0.33716384,-0.0062212525,0.22510749209999997,5
demo_14_labeled,transport,159,163,5.299994700000001,5.4333279,0.13333319999999915,5,joint_5,ramp_down,-0.18428607428607557,-0.024571452000000014,1.141457969000007,0.16933833,0.14513876,0.152457026,5,ramp_up,2.7486631993232167,0.366488060088,-14.949923935978093,-0.28985658,0.0026253774,-0.19877951743599998,5
demo_14_labeled,transport,159,163,5.299994700000001,5.4333279,0.13333319999999915,5,joint_6,constant,-0.015069015069024035,-0.0020092000000011827,2.809730220000048,2.7301326,2.7282064,2.72885992,5,constant,0.024131382131382273,0.0032175143999999983,-0.11815262670000076,0.024599658,0.022949195,0.011352327899999999,5
demo_14_labeled,transport,159,163,5.299994700000001,5.4333279,0.13333319999999915,5,joint_7,ramp_up,0.637617937617939,0.08501563999999964,-2.5091166100000075,0.85332555,0.93827045,0.9127629,5,ramp_down,-10.472866667866736,-1.3963808260000001,56.848491366700365,1.1005532,-0.058159966,0.6441631202000002,5
demo_14_labeled,transport,159,163,5.299994700000001,5.4333279,0.13333319999999915,5,finger_1,constant,-0.004041430041430135,-0.000538856800000009,0.04138076560000051,0.019944234,0.019483784,0.0196917794,5,constant,0.06296214416214457,0.00839494416,-0.33409392106000224,0.0006752475,0.010114837,0.0038025813800000004,5
demo_14_labeled,transport,159,163,5.299994700000001,5.4333279,0.13333319999999915,5,finger_2,constant,0.004034443034443117,0.0005379252000000076,-0.0009491611000004424,0.020451793,0.0209153,0.020702328199999998,5,constant,-0.05996068496068531,-0.007994749999999995,0.3045903195000019,-0.014232896,-0.023365729,-0.017198368,5
demo_14_labeled,transport,164,168,5.466661200000001,5.599994400000001,0.13333320000000004,5,joint_1,ramp_down,-0.482102780102781,-0.06428030640000014,2.5938109956000055,-0.050629728,-0.111782506,-0.07382172000000001,5,ramp_down,-5.958477771477768,-0.7944629083999998,32.592579682799986,0.00436397,-0.6633663,-0.3776310158,5
demo_14_labeled,transport,164,168,5.466661200000001,5.599994400000001,0.13333320000000004,5,joint_2,ramp_up,1.0574255774255807,0.14098993600000048,-6.2182670100000195,-0.41880733,-0.28531766,-0.367184666,5,ramp_up,12.185859011858998,1.6247795767999986,-66.60578900309993,0.0092920875,1.3632883,0.8225634340999999,5
demo_14_labeled,transport,164,168,5.466661200000001,5.599994400000001,0.13333320000000004,5,joint_3,ramp_up,0.2553048153048125,0.03404060799999964,-0.9662498319999848,0.43332338,0.4650117,0.44643540000000004,5,ramp_up,2.278080811080809,0.3037438043999998,-12.442328840799988,0.00754203,0.2605754,0.1630390418,5
demo_14_labeled,transport,164,168,5.466661200000001,5.599994400000001,0.13333320000000004,5,joint_4,ramp_up,0.9435930435930537,0.1258122800000014,-7.773223020000056,-2.5980115,-2.4793198,-2.5520134,5,ramp_up,10.778110253110247,1.4370799299999997,-58.92820800759997,-0.007830162,1.1983653,0.7106090874,5
demo_14_labeled,transport,164,168,5.466661200000001,5.599994400000001,0.13333320000000004,5,joint_5,ramp_down,-0.5594261894261908,-0.07459008400000021,3.213770866000008,0.14542247,0.07455659,0.11828237999999999,5,ramp_down,-6.642172138372136,-0.88562206616,36.34237636818,0.0038783527,-0.76066065,-0.41093937746,5
demo_14_labeled,transport,164,168,5.466661200000001,5.599994400000001,0.13333320000000004,5,joint_6,ramp_up,0.14678744678743225,0.01957163999999807,1.9236129600000815,2.7280924,2.745634,2.73583602,5,ramp_up,1.0782413232413184,0.1437653659999994,-5.843807509999974,0.02352655,0.12251808,0.122455179,5
demo_14_labeled,transport,164,168,5.466661200000001,5.599994400000001,0.13333320000000004,5,joint_7,ramp_up,0.13072729072728614,0.017430287999999395,0.22093263600002533,0.93829954,0.9555592,0.944289588,5,ramp_up,1.9963798933798962,0.2661837196000005,-10.999192111000017,-0.057963558,0.18893935,0.0474322524,5
demo_14_labeled,transport,164,168,5.466661200000001,5.599994400000001,0.13333320000000004,5,finger_1,constant,0.000194046194046099,2.5872799999987336e-05,0.018539013600000525,0.019570008,0.019617295,0.019612734800000003,5,constant,0.0023608493608493907,0.00031477960000000406,-0.004732611600000169,0.009335838,0.009515143,0.0083307418,5
demo_14_labeled,transport,164,168,5.466661200000001,5.599994400000001,0.13333320000000004,5,finger_2,constant,-0.00025691725691739134,-3.4255600000017935e-05,0.02220761380000074,0.020832574,0.020779053,0.0207860064,5,constant,-0.002661212661212642,-0.0003548279999999975,-0.007049318200000106,-0.02263718,-0.022817299,-0.0217746802,5
demo_14_labeled,transport,169,173,5.633327700000001,5.766660900000001,0.13333320000000004,5,joint_1,ramp_down,-0.4883015783015769,-0.06510681199999983,2.6133603929999922,-0.13416643,-0.19892585,-0.16995582,5,ramp_up,2.663210753210749,0.3550944119999996,-15.668629560999978,-0.64032084,-0.2867093,-0.488343448,5
demo_14_labeled,transport,169,173,5.633327700000001,5.766660900000001,0.13333320000000004,5,joint_2,ramp_up,1.4298126798126778,0.1906414999999998,-8.29256904099999,-0.23781848,-0.04716253,-0.142644916,5,ramp_up,0.09642429642429327,0.012856559999999583,0.8136775400000177,1.3588731,1.3706458,1.3632954800000001,5
demo_14_labeled,transport,169,173,5.633327700000001,5.766660900000001,0.13333320000000004,5,joint_3,ramp_up,0.19336162336162313,0.025781523999999976,-0.6126018929999989,0.47471288,0.50018126,0.489558258,5,ramp_down,-1.5621790221790206,-0.20829032799999986,9.080490847999993,0.2581503,0.05053626,0.176079326,5
demo_14_labeled,transport,169,173,5.633327700000001,5.766660900000001,0.13333320000000004,5,joint_4,ramp_up,1.389877689877693,0.18531684000000048,-10.267291170000018,-2.4362597,-2.2509048,-2.34499626,5,ramp_up,1.1688551688551696,0.15584720000000016,-5.357060060000006,1.2301271,1.3858658,1.3054077400000001,5
demo_14_labeled,transport,169,173,5.633327700000001,5.766660900000001,0.13333320000000004,5,joint_5,ramp_down,-1.0954736974736956,-0.1460630135999998,6.21859719399999,0.04505274,-0.10065313,-0.0255966374,5,ramp_down,-1.917703857703851,-0.2556935919999992,9.935873865999962,-0.84808046,-1.0983975,-0.9950271919999999,5
demo_14_labeled,transport,169,173,5.633327700000001,5.766660900000001,0.13333320000000004,5,joint_6,ramp_down,-0.12038172038172584,-0.016050880000000732,3.427660800000031,2.747234,2.7311683,2.7414856800000003,5,ramp_down,-1.8985450564150532,-0.25313908771599963,10.757550638116982,0.061284598,-0.19164865,-0.064145361742,5
demo_14_labeled,transport,169,173,5.633327700000001,5.766660900000001,0.13333320000000004,5,joint_7,ramp_up,0.5084140184140175,0.0677884679999999,-1.8995165809999945,0.9665294,1.0340071,0.9984404259999999,5,ramp_up,1.605812865812862,0.21410816799999957,-8.761797587999979,0.26707488,0.4771623,0.391326594,5
demo_14_labeled,transport,169,173,5.633327700000001,5.766660900000001,0.13333320000000004,5,finger_1,constant,0.0002763302763302452,3.6843999999995855e-05,0.018088345000000183,0.019640516,0.019677944,0.019663426,5,constant,0.00032615432615433357,4.3487200000001e-05,0.007332933099999961,0.009341336,0.00939673,0.0091920109,5
demo_14_labeled,transport,169,173,5.633327700000001,5.766660900000001,0.13333320000000004,5,finger_2,constant,-0.0003141213141213122,-4.1882799999999754e-05,0.022520939299999987,0.020755678,0.020713463,0.0207304496,5,constant,-0.00026539826539822545,-3.5386399999994685e-05,-0.020950373000000227,-0.022613417,-0.02265453,-0.022463141599999997,5
demo_14_labeled,transport,174,178,5.7999942,5.9333274000000005,0.13333320000000004,5,joint_1,ramp_down,-0.19330096330096266,-0.025773435999999924,0.9180944359999963,-0.20498866,-0.22885719,-0.215936748,5,ramp_down,-0.3812536712536775,-0.050833772000000846,2.0775188840000367,-0.15667427,-0.14059383,-0.159167084,5
demo_14_labeled,transport,174,178,5.7999942,5.9333274000000005,0.13333320000000004,5,joint_2,ramp_up,0.4058032074232068,0.054107040215999935,-2.3344014586579966,0.00079055823,0.062233932,0.046308310846,5,ramp_down,-11.981824814824828,-1.597575044400002,70.86988679400008,1.3700728,0.030952977,0.5765848404,5
demo_14_labeled,transport,174,178,5.7999942,5.9333274000000005,0.13333320000000004,5,joint_3,ramp_down,-0.054237054237055375,-0.007231600000000154,0.8134073620000069,0.49975204,0.49219278,0.4952169619999999,5,ramp_up,0.35419386319386426,0.04722580120000015,-2.1331707462000065,-0.04031864,-0.026006257,-0.05523549339999999,5
demo_14_labeled,transport,174,178,5.7999942,5.9333274000000005,0.13333320000000004,5,joint_4,ramp_up,0.33054213054213566,0.04407224000000069,-4.096916740000031,-2.2008295,-2.1470902,-2.1577381800000004,5,ramp_down,-13.09606973806976,-1.7461408856000034,77.39177132280014,1.4299881,-0.008864696,0.5615723564,5
demo_14_labeled,transport,174,178,5.7999942,5.9333274000000005,0.13333320000000004,5,joint_5,ramp_down,-0.21783024783024696,-0.029044003999999894,1.1088320799999951,-0.13960478,-0.17606074,-0.169104096,5,ramp_up,9.517319807519819,1.2689747053600018,-56.249788945300075,-1.077677,0.0009156227,-0.41490190946000005,5
demo_14_labeled,transport,174,178,5.7999942,5.9333274000000005,0.13333320000000004,5,joint_6,ramp_down,-0.07313287313287588,-0.009751040000000369,3.1409765000000163,2.7214355,2.7092757,2.7119307400000006,5,ramp_up,2.611719862719866,0.34822896680000054,-15.428561574200021,-0.2543525,0.017547147,-0.10648703500000001,5
demo_14_labeled,transport,174,178,5.7999942,5.9333274000000005,0.13333320000000004,5,joint_7,ramp_up,0.10590940590940344,0.014121239999999676,0.4456214200000146,1.0529594,1.0705832,1.06695598,5,ramp_down,-4.463400563400568,-0.5951194800000008,26.32759704560003,0.4608426,-0.05207258,0.1423399256,5
demo_14_labeled,transport,174,178,5.7999942,5.9333274000000005,0.13333320000000004,5,finger_1,constant,0.0003312873312872321,4.417159999998679e-05,0.017727733600000583,0.019677637,0.019721858,0.019671284,5,constant,-0.013587065787065648,-0.001811606959999982,0.08976396169999919,0.009661559,0.0077800388,0.010053255459999999,5
demo_14_labeled,transport,174,178,5.7999942,5.9333274000000005,0.13333320000000004,5,finger_2,constant,-0.00012651612651629347,-1.6868800000022267e-05,0.021479822600000975,0.020715654,0.0206955,0.020737595399999996,5,constant,0.016563025563025566,0.002208401200000001,-0.11989997260000003,-0.02288605,-0.020741988,-0.022730319800000003,5
demo_14_labeled,transport,179,183,5.9666607,6.0999939,0.13333320000000004,5,joint_1,ramp_down,-0.05456054456054403,-0.007274731999999931,0.0921071429999969,-0.23280734,-0.24016199,-0.23707448000000003,5,ramp_up,0.5535331965331975,0.07380435240000016,-3.3964360501000064,-0.10029304,-0.025675973,-0.056789104,5
demo_14_labeled,transport,179,183,5.9666607,6.0999939,0.13333320000000004,5,joint_2,constant,0.019818289818290046,0.0026424360000000314,-0.05505690200000138,0.063135095,0.06578678,0.064513327,5,constant,-0.05196716196716203,-0.00692894800000001,0.3335826604000004,0.024387524,0.01726582,0.020047763399999998,5
demo_14_labeled,transport,179,183,5.9666607,6.0999939,0.13333320000000004,5,joint_3,constant,-0.011468381468379913,-0.001529115999999793,0.5597473209999904,0.49143082,0.4898875,0.490554822,5,ramp_up,0.08374216174216188,0.011165610400000022,-0.5183309356000009,-0.019691268,-0.008393727,-0.013087065,5
demo_14_labeled,transport,179,183,5.9666607,6.0999939,0.13333320000000004,5,joint_4,constant,-0.014511314511315548,-0.0019348400000001387,-2.061029369999993,-2.1476107,-2.149547,-2.14858088,5,constant,-0.00029476499476499774,-3.930196000000041e-05,-0.00571643190999998,-0.0075882585,-0.00757843,-0.007494845599999999,5
demo_14_labeled,transport,179,183,5.9666607,6.0999939,0.13333320000000004,5,joint_5,constant,0.008710478710478772,0.0011613960000000085,-0.22773054300000034,-0.17576003,-0.17459823,-0.175177374,5,constant,0.004699096699096713,0.000626545600000002,-0.026808068380000084,0.001180825,0.0018109345,0.00154312002,5
demo_14_labeled,transport,179,183,5.9666607,6.0999939,0.13333320000000004,5,joint_6,constant,-0.004683004682989024,-0.0006243999999979124,2.7370215999999044,2.7090874,2.7084618,2.7087675,5,constant,0.006876474876474918,0.0009168624000000058,-0.02215730680000026,0.018726503,0.01967904,0.019330716799999998,5
demo_14_labeled,transport,179,183,5.9666607,6.0999939,0.13333320000000004,5,joint_7,constant,0.0018279018279038692,0.00024372000000027225,1.0597701299999875,1.0706693,1.070914,1.07079846,5,constant,-0.013839241839241904,-0.0018452304000000092,0.02926462860000041,-0.053138766,-0.055005524,-0.05423204699999999,5
demo_14_labeled,transport,179,183,5.9666607,6.0999939,0.13333320000000004,5,finger_1,constant,-0.00023904023904020326,-3.187199999999524e-05,0.02115290379999978,0.019725818,0.019694798,0.0197106958,5,constant,-0.0021021720021720033,-0.0002802893200000002,0.019686952270000006,0.007244677,0.006929997,0.007003860539999999,5
demo_14_labeled,transport,179,183,5.9666607,6.0999939,0.13333320000000004,5,finger_2,constant,0.0002182442182442707,2.9099200000007004e-05,0.019386421399999677,0.020689726,0.020717936,0.020703160199999997,5,constant,0.0006913086913086399,9.217439999999317e-05,-0.02438159319999968,-0.020337062,-0.020214768,-0.0202107016,5
demo_14_labeled,transport,184,186,6.133327200000001,6.1999938000000006,0.06666659999999958,3,joint_1,constant,-0.014797514797516205,-0.0009865000000000876,-0.15019313666665784,-0.24092747,-0.24191397,-0.24144438666666668,3,constant,0.13218017718017788,0.00881200299999999,-0.8288164368333377,-0.018364383,-0.00955238,-0.013706159333333334,3
demo_14_labeled,transport,184,186,6.133327200000001,6.1999938000000006,0.06666659999999958,3,joint_2,constant,0.016559206559207357,0.0011039460000000462,-0.03520142966667164,0.06635978,0.067463726,0.06691357533333332,3,constant,-0.010545625545625442,-0.0007030409999999886,0.08133873416666602,0.016679304,0.015976263,0.01630744166666667,3
demo_14_labeled,transport,184,186,6.133327200000001,6.1999938000000006,0.06666659999999958,3,joint_3,constant,-0.004451104451100678,-0.00029673999999974655,0.5169872499999766,0.48969132,0.48939458,0.48953880000000005,3,constant,0.01949183999184001,0.0012994546999999929,-0.12681399268333346,-0.007303194,-0.0060037393,-0.006614432933333333,3
demo_14_labeled,transport,184,186,6.133327200000001,6.1999938000000006,0.06666659999999958,3,joint_4,constant,-0.014496014496033981,-0.0009664000000012929,-2.0611210333332117,-2.15003,-2.1509964,-2.150513033333333,3,constant,-0.0010440160440161124,-6.960100000000412e-05,-0.0012397128333329092,-0.0076404,-0.007710001,-0.007677805333333333,3
demo_14_labeled,transport,184,186,6.133327200000001,6.1999938000000006,0.06666659999999958,3,joint_5,constant,0.008607608607606905,0.0005738399999998828,-0.2271038533333227,-0.17431064,-0.1737368,-0.17402365333333333,3,constant,0.001322165822165845,8.814430000000097e-05,-0.00622087041666681,0.0018843662,0.0019725105,0.0019324773333333333,3
demo_14_labeled,transport,184,186,6.133327200000001,6.1999938000000006,0.06666659999999958,3,joint_6,constant,-0.004210504210490456,-0.00028069999999908124,2.7341428499999143,2.7083187,2.708038,2.7081781,3,constant,0.0009059409059411235,6.039600000001412e-05,0.014173606666665312,0.019731164,0.01979156,0.019760236666666667,3
demo_14_labeled,transport,184,186,6.133327200000001,6.1999938000000006,0.06666659999999958,3,joint_7,constant,0.0013665013665071083,9.110000000038221e-05,1.0625815833332972,1.0709625,1.0710536,1.0710083333333333,3,constant,-0.0055947055947062965,-0.0003729800000000444,-0.020911059333328964,-0.055196274,-0.055569254,-0.05541170933333334,3
demo_14_labeled,transport,184,186,6.133327200000001,6.1999938000000006,0.06666659999999958,3,finger_1,constant,-0.00011589011588991952,-7.72599999998686e-06,0.020399539333332117,0.019688923,0.019681197,0.019684884333333333,3,constant,0.0012234072234072939,8.156040000000419e-05,-0.0005449411333337713,0.0069541926,0.007035753,0.006999395866666667,3
demo_14_labeled,transport,184,186,6.133327200000001,6.1999938000000006,0.06666659999999958,3,finger_2,constant,0.00011596511596526223,7.731000000009701e-06,0.020012529833332425,0.020723589,0.02073132,0.020727647333333335,3,constant,-0.001558756558756727,-0.00010391700000001056,-0.010700611833332286,-0.020255381,-0.020359298,-0.020312934333333334,3
demo_14_labeled,place,187,191,6.2333271,6.3666603,0.13333320000000004,5,joint_1,constant,-0.005996855996856668,-0.0007995800000000897,-0.20488388099999563,-0.24223608,-0.24305138,-0.242664036,5,constant,0.013198335598335675,0.0017597763200000107,-0.08811838516000049,-0.006976377,-0.0058736852,-0.004968954039999999,5
demo_14_labeled,place,187,191,6.2333271,6.3666603,0.13333320000000004,5,joint_2,constant,0.015298731298731511,0.002039828800000029,-0.027338148200001355,0.068002455,0.070024416,0.0690437626,5,constant,-0.04672375372375363,-0.00622982759999999,0.30844188869999944,0.01577169,0.008077579,0.014082534599999998,5
demo_14_labeled,place,187,191,6.2333271,6.3666603,0.13333320000000004,5,joint_3,constant,-0.0028287628287617297,-0.00037716799999985357,0.5069010759999929,0.48927623,0.4888993,0.489079888,5,constant,0.025006676506676474,0.0033342201999999968,-0.16212503672999978,-0.0056333467,-0.0016106216,-0.004583132280000001,5
demo_14_labeled,place,187,191,6.2333271,6.3666603,0.13333320000000004,5,joint_4,constant,-0.013624813624815067,-0.0018166400000001928,-2.06658239999999,-2.1514804,-2.1532671,-2.1524186399999996,5,constant,0.033732275232275184,0.0044976321999999945,-0.2191307969499997,-0.007727665,-0.002096256,-0.0066176755000000006,5
demo_14_labeled,place,187,191,6.2333271,6.3666603,0.13333320000000004,5,joint_5,constant,0.007503907503907363,0.0010005199999999815,-0.22018909599999908,-0.17345044,-0.17248525,-0.172914526,5,constant,-0.015570627270627238,-0.002076081559999996,0.0995858022699998,0.001997516,-0.0006071731,0.0014909485599999997,5
demo_14_labeled,place,187,191,6.2333271,6.3666603,0.13333320000000004,5,joint_6,constant,-0.0038730038729983397,-0.0005163999999992624,2.732033179999964,2.7078998,2.7073908,2.70763328,5,ramp_down,-0.12490526650526623,-0.01665401887999997,0.8025669614599984,0.019817775,-0.0010086761,0.01566456938,5
demo_14_labeled,place,187,191,6.2333271,6.3666603,0.13333320000000004,5,joint_7,constant,0.0011238011238003274,0.00014983999999989387,1.0640976200000045,1.0710974,1.0712425,1.0711775600000002,5,ramp_up,0.3354691776691771,0.04472917895999994,-2.1579586991199964,-0.05564148,0.0003060537,-0.04450499326,5
demo_14_labeled,place,187,191,6.2333271,6.3666603,0.13333320000000004,5,finger_1,ramp_up,0.04086728586728588,0.005448966000000003,-0.23642419090000008,0.019678758,0.026491059,0.0210394526,5,ramp_up,1.157920666720665,0.15438926783999982,-7.24924436877999,0.007046972,0.20003328,0.04564853666,5
demo_14_labeled,place,187,191,6.2333271,6.3666603,0.13333320000000004,5,finger_2,ramp_up,0.04185549885549882,0.005580727599999997,-0.24155886149999983,0.020733766,0.027708525,0.0221305176,5,ramp_up,1.3224643524643502,0.17632840399999974,-8.307822484599987,-0.020378321,0.20003653,0.023694604399999996,5
demo_14_labeled,place,192,196,6.3999936,6.5333268,0.13333320000000004,5,joint_1,constant,-0.0027727227727233623,-0.00036969600000007875,-0.22552566199999624,-0.24323831,-0.24361147,-0.243455918,5,constant,0.02792852462852467,0.0037237995600000067,-0.18352209372000028,-0.0050063333,-0.0012933707,-0.00291781506,5
demo_14_labeled,place,192,196,6.3999936,6.5333268,0.13333320000000004,5,joint_2,constant,0.0004903204903204551,6.537599999999532e-05,0.06703855280000023,0.07016241,0.07023229,0.07020928879999999,5,constant,-0.014201096321096375,-0.0018934776160000077,0.09254837325300036,0.002191366,0.000113413065,0.0007147088770000001,5
demo_14_labeled,place,192,196,6.3999936,6.5333268,0.13333320000000004,5,joint_3,constant,-0.0005163605163586578,-6.884799999975221e-05,0.492156497999988,0.48885852,0.48878875,0.48881737000000003,5,constant,0.0054877848877848984,0.0007317039200000016,-0.035983547180000075,-0.00094626436,-0.00019912233,-0.00049590706,5
demo_14_labeled,place,192,196,6.3999936,6.5333268,0.13333320000000004,5,joint_4,constant,-0.00013320013320598147,-1.7760000000779775e-05,-2.1524837999999615,-2.1533298,-2.15335,-2.1533451599999998,5,constant,0.004593217547017567,0.0006124283938400029,-0.02986979072512013,-0.00068359374,8.893564e-06,-0.00016701362388000002,5
demo_14_labeled,place,192,196,6.3999936,6.5333268,0.13333320000000004,5,joint_5,constant,3.0600030600330495e-05,4.0800000000399875e-06,-0.1726712480000019,-0.17247617,-0.1724718,-0.172473368,5,constant,0.00026670358050358083,3.556044184000005e-05,-0.0017450724707800023,-4.031127e-05,-5.9653557e-06,-2.039104154e-05,5
demo_14_labeled,place,192,196,6.3999936,6.5333268,0.13333320000000004,5,joint_6,constant,-3.240003239330319e-05,-4.3199999991027746e-06,2.707583299999956,2.7073781,2.7073727,2.70737378,5,constant,0.002228968562968572,0.00029719551120000126,-0.014521135110400058,-0.00034481732,-1.5547166e-05,-0.00010715281719999999,5
demo_14_labeled,place,192,196,6.3999936,6.5333268,0.13333320000000004,5,joint_7,constant,2.8500028502600096e-05,3.8000000003428802e-06,1.0710621599999834,1.0712438,1.0712476,1.07124646,5,constant,-0.0009180175920175935,-0.00012240222320000023,0.00601238258840001,0.00015164286,2.5415351e-05,7.58747632e-05,5
demo_14_labeled,place,192,196,6.3999936,6.5333268,0.13333320000000004,5,finger_1,ramp_up,0.04898571398571428,0.006531422000000041,-0.2796767042000019,0.032701813,0.03948487,0.0370972628,5,ramp_down,-0.9840245250245274,-0.13120313880000037,6.421664978000016,0.1466075,0.010349952,0.0583127462,5
demo_14_labeled,place,192,196,6.3999936,6.5333268,0.13333320000000004,5,finger_2,ramp_up,0.04342742842742856,0.00579031800000002,-0.24340368080000088,0.033529874,0.03954335,0.0374267422,5,ramp_down,-0.8725277725277747,-0.11633692000000033,5.694039182200014,0.12999395,0.009172963,0.0516985622,5
demo_14_labeled,retract,197,201,6.566660100000001,6.699993300000001,0.13333320000000004,5,joint_1,constant,-0.0004486204486196032,-5.9815999999887295e-05,-0.2407066780000056,-0.24364676,-0.24370737,-0.243682524,5,constant,0.0051333739833739865,0.0006844491800000006,-0.03453664968300002,-0.0008935726,-0.0002004168,-0.00048530297799999995,5
demo_14_labeled,retract,197,201,6.566660100000001,6.699993300000001,0.13333320000000004,5,joint_2,constant,3.579003578966448e-05,4.771999999950494e-06,0.07000069020000245,0.07023524,0.07024008,0.07023809719999999,5,constant,-0.0004284371394371396,-5.712489480000004e-05,0.0028814114733000016,7.490345e-05,1.5971094e-05,3.9447956999999995e-05,5
demo_14_labeled,retract,197,201,6.566660100000001,6.699993300000001,0.13333320000000004,5,joint_3,constant,-8.244008244232523e-05,-1.099200000029904e-05,0.489322810000015,0.48878247,0.48877138,0.488775958,5,constant,0.0007859502539502545,0.00010479326240000011,-0.005287286420400004,-0.00013673458,-3.0517524e-05,-7.382161600000002e-05,5
demo_14_labeled,retract,197,201,6.566660100000001,6.699993300000001,0.13333320000000004,5,joint_4,constant,1.4594275261046785e-14,1.9459014222362038e-15,-2.153350000000097,-2.15335,-2.15335,-2.15335,5,constant,-2.3853173853173872e-05,-3.1804200000000036e-06,0.00016089509088000015,5.3133376e-06,1.2620864e-06,2.66919588e-06,5
demo_14_labeled,retract,197,201,6.566660100000001,6.699993300000001,0.13333320000000004,5,joint_5,constant,3.1500031510043076e-06,4.200000001334877e-07,-0.17249215900000658,-0.17247157,-0.17247114,-0.17247126399999999,5,constant,3.7403861603861575e-05,4.9871765599999974e-06,-0.00024875574471999983,-5.278391e-06,8.526267e-07,-6.437108599999998e-07,5
demo_14_labeled,retract,197,201,6.566660100000001,6.699993300000001,0.13333320000000004,5,joint_6,constant,-1.2161896050872319e-14,-1.6215845185301695e-15,2.7073727000000805,2.7073727,2.7073727,2.7073727,5,constant,4.5158709158709176e-05,6.021155200000004e-06,-0.00030424776888000014,-7.0276205e-06,-2.0394414e-06,-4.695297680000001e-06,5
demo_14_labeled,retract,197,201,6.566660100000001,6.699993300000001,0.13333320000000004,5,joint_7,constant,-7.297137630523392e-15,-9.729507111181019e-16,1.0712476000000486,1.0712476,1.0712476,1.0712476,5,constant,-0.00011714059214059225,-1.561873000000002e-05,0.0007865928155000009,2.03362e-05,2.941505e-06,9.560998e-06,5
demo_14_labeled,retract,197,201,6.566660100000001,6.699993300000001,0.13333320000000004,5,finger_1,constant,0.0017821217821215388,0.00023761599999996762,0.028073027000001617,0.039734505,0.03998128,0.039894423000000005,5,constant,-0.03580697026697027,-0.004774257928000002,0.23964097180600005,0.0053346097,0.00037640514,0.002121639888,5
demo_14_labeled,retract,197,201,6.566660100000001,6.699993300000001,0.13333320000000004,5,finger_2,constant,0.0015798615798614322,0.00021064799999998037,0.029426622800000975,0.0397646,0.03998336,0.0399063608,5,constant,-0.03173400593400594,-0.004231196560000002,0.21238257531000004,0.0047280807,0.00033387195,0.0018805464499999998,5
