demonstration,phase,signal,start_index,end_index,start_time_sec,end_time_sec,duration_sec,samples,label,slope,change,intercept,start_value,end_value,mean_value,valid_samples
demo_5_labeled,approach,joint_1,0,4,0.0,0.1333332,0.1333332,5,constant,-3.0065686865686877e-07,-4.008754240000002e-08,-5.177408000000002e-10,0.0,-4.037404e-08,-2.0561512e-08,5
demo_5_labeled,approach,joint_2,0,4,0.0,0.1333332,0.1333332,5,constant,0.0,0.0,-0.569,-0.569,-0.569,-0.569,5
demo_5_labeled,approach,joint_3,0,4,0.0,0.1333332,0.1333332,5,constant,4.012582252582253e-07,5.350104320000001e-08,-8.781619999998855e-11,0.0,5.3422553e-08,2.66627054e-08,5
demo_5_labeled,approach,joint_4,0,4,0.0,0.1333332,0.1333332,5,constant,-2.4323792101744574e-15,-3.24316903706033e-16,-2.8100000000000005,-2.81,-2.81,-2.81,5
demo_5_labeled,approach,joint_5,0,4,0.0,0.1333332,0.1333332,5,constant,1.2909168729168731e-07,1.7212207760000006e-08,-1.1225835999999907e-10,0.0,1.7170192e-08,8.493845519999998e-09,5
demo_5_labeled,approach,joint_6,0,4,0.0,0.1333332,0.1333332,5,constant,4.864758420348915e-15,6.48633807412066e-16,3.0369999999999995,3.037,3.037,3.037,5
demo_5_labeled,approach,joint_7,0,4,0.0,0.1333332,0.1333332,5,constant,-1.824284407630843e-15,-2.4323767777952473e-16,0.7410000000000002,0.741,0.741,0.741,5
demo_5_labeled,approach,finger_1,0,4,0.0,0.1333332,0.1333332,5,constant,0.0,0.0,0.04000000000000001,0.04,0.04,0.04,5
demo_5_labeled,approach,finger_2,0,4,0.0,0.1333332,0.1333332,5,constant,0.0,0.0,0.04000000000000001,0.04,0.04,0.04,5
demo_5_labeled,approach,joint_1,5,9,0.1666665,0.2999997,0.13333319999999999,5,constant,-2.943501963501967e-07,-3.9246653600000036e-08,-1.1270667999999228e-09,-5.0185403e-08,-8.943205e-08,-6.980871059999999e-08,5
demo_5_labeled,approach,joint_2,5,9,0.1666665,0.2999997,0.13333319999999999,5,constant,-2.4323792101744574e-15,-3.243169037060329e-16,-0.5689999999999994,-0.569,-0.569,-0.569,5
demo_5_labeled,approach,joint_3,5,9,0.1666665,0.2999997,0.13333319999999999,5,constant,4.008662988662991e-07,5.344878640000003e-08,-2.606340000007947e-11,6.678491e-08,1.202337e-07,9.35093128e-08,5
demo_5_labeled,approach,joint_4,5,9,0.1666665,0.2999997,0.13333319999999999,5,constant,-1.2161896050872286e-14,-1.6215845185301646e-15,-2.809999999999997,-2.81,-2.81,-2.81,5
demo_5_labeled,approach,joint_5,5,9,0.1666665,0.2999997,0.13333319999999999,5,constant,1.3151509151509168e-07,1.753532800000002e-08,-3.6535720000003806e-10,2.1553818e-08,3.908914e-08,3.03214668e-08,5
demo_5_labeled,approach,joint_6,5,9,0.1666665,0.2999997,0.13333319999999999,5,constant,9.72951684069783e-15,1.2972676148241317e-15,3.0369999999999973,3.037,3.037,3.037,5
demo_5_labeled,approach,joint_7,5,9,0.1666665,0.2999997,0.13333319999999999,5,constant,1.2161896050872287e-15,1.6215845185301646e-16,0.7409999999999995,0.741,0.741,0.741,5
demo_5_labeled,approach,finger_1,5,9,0.1666665,0.2999997,0.13333319999999999,5,constant,7.60118503179518e-17,1.0134903240813529e-17,0.03999999999999998,0.04,0.04,0.04,5
demo_5_labeled,approach,finger_2,5,9,0.1666665,0.2999997,0.13333319999999999,5,constant,7.60118503179518e-17,1.0134903240813529e-17,0.03999999999999998,0.04,0.04,0.04,5
demo_5_labeled,approach,joint_1,10,14,0.333333,0.4666662,0.13333319999999999,5,constant,-2.9435060435060457e-07,-3.9246708000000027e-08,-1.1269721999999092e-09,-9.9243735e-08,-1.3849044e-07,-1.1886709619999998e-07,5
demo_5_labeled,approach,joint_2,10,14,0.333333,0.4666662,0.13333319999999999,5,constant,-2.432379210174457e-15,-3.2431690370603286e-16,-0.5689999999999988,-0.569,-0.569,-0.569,5
demo_5_labeled,approach,joint_3,10,14,0.333333,0.4666662,0.13333319999999999,5,constant,4.008633108633111e-07,5.344838800000003e-08,-2.518000000012543e-11,1.3359579e-07,1.8704418e-07,1.6031998400000002e-07,5
demo_5_labeled,approach,joint_4,10,14,0.333333,0.4666662,0.13333319999999999,5,constant,-9.729516840697828e-15,-1.2972676148241315e-15,-2.8099999999999965,-2.81,-2.81,-2.81,5
demo_5_labeled,approach,joint_5,10,14,0.333333,0.4666662,0.13333319999999999,5,constant,1.3151532551532543e-07,1.7535359199999987e-08,-3.6541179999997274e-10,4.3472983e-08,6.100834e-08,5.22406658e-08,5
demo_5_labeled,approach,joint_6,10,14,0.333333,0.4666662,0.13333319999999999,5,constant,9.729516840697828e-15,1.2972676148241315e-15,3.0369999999999964,3.037,3.037,3.037,5
demo_5_labeled,approach,joint_7,10,14,0.333333,0.4666662,0.13333319999999999,5,constant,3.040474012718071e-15,4.053961296325411e-16,0.7409999999999987,0.741,0.741,0.741,5
demo_5_labeled,approach,finger_1,10,14,0.333333,0.4666662,0.13333319999999999,5,constant,0.0,0.0,0.039999999999999994,0.04,0.04,0.04,5
demo_5_labeled,approach,finger_2,10,14,0.333333,0.4666662,0.13333319999999999,5,constant,0.0,0.0,0.039999999999999994,0.04,0.04,0.04,5
demo_5_labeled,approach,joint_1,15,19,0.4999995,0.6333327000000001,0.1333332000000001,5,constant,0.0006028485054585049,8.037972034799998e-05,-0.0003216769951389997,-1.4830209e-07,0.00010033616,1.993681634e-05,5
demo_5_labeled,approach,joint_2,15,19,0.4999995,0.6333327000000001,0.1333332000000001,5,ramp_up,0.1094245094245092,0.01458991999999998,-0.6273596799999995,-0.569,-0.5507626,-0.56535252,5
demo_5_labeled,approach,joint_3,15,19,0.4999995,0.6333327000000001,0.1333332000000001,5,constant,-0.0011315848966648955,-0.00015087783534399994,0.0006037251097499993,2.0040628e-07,-0.00018841025,-3.7505690461999994e-05,5
demo_5_labeled,approach,joint_4,15,19,0.4999995,0.6333327000000001,0.1333332000000001,5,ramp_down,-0.0893268893268864,-0.011910239999999619,-2.7623590400000007,-2.81,-2.8248878,-2.81297756,5
demo_5_labeled,approach,joint_5,15,19,0.4999995,0.6333327000000001,0.1333332000000001,5,constant,-0.004677562427620422,-0.0006236743666743998,0.002494767242684397,6.5392165e-08,-0.00077953195,-0.0001558488156818,5
demo_5_labeled,approach,joint_6,15,19,0.4999995,0.6333327000000001,0.1333332000000001,5,ramp_up,0.31672111672111675,0.042229440000000035,2.8680822399999992,3.037,3.0897868,3.04755736,5
demo_5_labeled,approach,joint_7,15,19,0.4999995,0.6333327000000001,0.1333332000000001,5,constant,6.402006401576303e-05,8.535999999426541e-06,0.7409658560000021,0.741,0.74101067,0.741002134,5
demo_5_labeled,approach,finger_1,15,19,0.4999995,0.6333327000000001,0.1333332000000001,5,constant,-7.601185031795173e-17,-1.0134903240813529e-17,0.04000000000000002,0.04,0.04,0.04,5
demo_5_labeled,approach,finger_2,15,19,0.4999995,0.6333327000000001,0.1333332000000001,5,constant,-1.357201357207346e-05,-1.8096000000079863e-06,0.040007238400000006,0.04,0.039997738,0.039999547600000004,5
demo_5_labeled,approach,joint_1,20,24,0.6666660000000001,0.7999992,0.13333319999999993,5,constant,-0.003618954945954946,-0.00048252684359999975,0.0025305365076,8.220217e-05,-0.00040202343,-0.0001233611322,5
demo_5_labeled,approach,joint_2,20,24,0.6666660000000001,0.7999992,0.13333319999999993,5,ramp_up,1.2296942396942394,0.16395906799999987,-1.3443085919999995,-0.52058566,-0.3566522,-0.44253371799999996,5
demo_5_labeled,approach,joint_3,20,24,0.6666660000000001,0.7999992,0.13333319999999993,5,constant,0.0044068148668148675,0.0005875747279999998,-0.003110874030000001,-0.00013306379,0.00045919113,0.00012078697399999999,5
demo_5_labeled,approach,joint_4,20,24,0.6666660000000001,0.7999992,0.13333319999999993,5,ramp_down,-0.4610689610689559,-0.061475799999999275,-2.5401309200000024,-2.8451512,-2.9065597,-2.87824782,5
demo_5_labeled,approach,joint_5,20,24,0.6666660000000001,0.7999992,0.13333319999999993,5,constant,-0.00040464952464952747,-5.3953216000000346e-05,-0.0007035644579999972,-0.00095004373,-0.0010010271,-0.001000307146,5
demo_5_labeled,approach,joint_6,20,24,0.6666660000000001,0.7999992,0.13333319999999993,5,ramp_up,1.7089976089976198,0.2278661200000013,2.00225103999999,3.1430554,3.370873,3.2555147,5
demo_5_labeled,approach,joint_7,20,24,0.6666660000000001,0.7999992,0.13333319999999993,5,constant,0.000644400644400523,8.591999999998377e-05,0.7406217239999998,0.74104184,0.74112344,0.741094284,5
demo_5_labeled,approach,finger_1,20,24,0.6666660000000001,0.7999992,0.13333319999999993,5,constant,-9.000009000209012e-07,-1.2000000000266677e-07,0.040000576199999985,0.04,0.039999865,0.0399999162,5
demo_5_labeled,approach,finger_2,20,24,0.6666660000000001,0.7999992,0.13333319999999993,5,constant,1.0047010047039117e-05,1.3396000000038752e-06,0.03999208099999994,0.03999856,0.039999943,0.039999448800000004,5
demo_5_labeled,approach,joint_1,25,29,0.8333325,0.9666657,0.13333319999999993,5,constant,-0.003800394350394356,-0.0005067187400000005,0.0024814448450000055,-0.0006170925,-0.0011174096,-0.00093890665,5
demo_5_labeled,approach,joint_2,25,29,0.8333325,0.9666657,0.13333319999999993,5,ramp_up,1.762334692334693,0.23497772399999997,-1.7776834690000005,-0.3060765,-0.07125305,-0.191583832,5
demo_5_labeled,approach,joint_3,25,29,0.8333325,0.9666657,0.13333319999999993,5,constant,0.007339464919464925,0.000978594344,-0.005328120528000004,0.00073454937,0.0016989076,0.001277391294,5
demo_5_labeled,approach,joint_4,25,29,0.8333325,0.9666657,0.13333319999999993,5,ramp_down,-0.06043716043716444,-0.00805828000000053,-2.8680765899999963,-2.9155893,-2.923635,-2.9224699800000002,5
demo_5_labeled,approach,joint_5,25,29,0.8333325,0.9666657,0.13333319999999993,5,constant,0.00796772236772237,0.0010623619199999997,-0.007591211694000002,-0.00090805715,0.0001316866,-0.00042026873400000006,5
demo_5_labeled,approach,joint_6,25,29,0.8333325,0.9666657,0.13333319999999993,5,ramp_up,1.837056637056651,0.24494064000000174,1.9000364799999874,3.4310243,3.6757941,3.5533857999999996,5
demo_5_labeled,approach,joint_7,25,29,0.8333325,0.9666657,0.13333319999999993,5,constant,-0.006351246351242576,-0.0008468319999994962,0.7464137959999965,0.74107224,0.7402423,0.74069768,5
demo_5_labeled,approach,finger_1,25,29,0.8333325,0.9666657,0.13333319999999993,5,constant,-6.600006598709052e-07,-8.799999998269933e-08,0.040000391199999874,0.039999843,0.039999753,0.039999797200000006,5
demo_5_labeled,approach,finger_2,25,29,0.8333325,0.9666657,0.13333319999999993,5,constant,1.5202370063590364e-16,2.0269806481627057e-17,0.03999999599999987,0.039999995,0.039999995,0.039999996,5
demo_5_labeled,approach,joint_1,30,34,0.999999,1.1333322,0.13333319999999993,5,constant,-0.00906110106110106,-0.0012081455999999992,0.008083089739999999,-0.0010844201,-0.0021200073,-0.0015820750599999998,5
demo_5_labeled,approach,joint_2,30,34,0.999999,1.1333322,0.13333319999999993,5,ramp_up,0.5659420639420649,0.07545886640000009,-0.5464563168000011,-0.006318286,0.07825913,0.057214614399999995,5
demo_5_labeled,approach,joint_3,30,34,0.999999,1.1333322,0.13333319999999993,5,constant,-0.002707877707877721,-0.00036105000000000154,0.004514180340000013,0.0017631432,0.0014727988,0.00162578034,5
demo_5_labeled,approach,joint_4,30,34,0.999999,1.1333322,0.13333319999999993,5,constant,0.020202920202942416,0.0026937200000029604,-2.9348853400000237,-2.918476,-2.9131887,-2.9133355800000005,5
demo_5_labeled,approach,joint_5,30,34,0.999999,1.1333322,0.13333319999999993,5,constant,0.004172788052788055,0.0005563711840000001,-0.003807759612000003,0.00035436254,0.0008359311,0.00064320986,5
demo_5_labeled,approach,joint_6,30,34,0.999999,1.1333322,0.13333319999999993,5,ramp_up,0.078932178932165,0.010524279999998137,3.6636564400000142,3.7359285,3.7502193,3.74785068,5
demo_5_labeled,approach,joint_7,30,34,0.999999,1.1333322,0.13333319999999993,5,constant,-0.0009892509892548641,-0.00013190000000051658,0.7409387980000041,0.74002844,0.7398523,0.7398835979999999,5
demo_5_labeled,approach,finger_1,30,34,0.999999,1.1333322,0.13333319999999993,5,constant,-5.181005181214196e-06,-6.908000000278682e-07,0.040004257200000205,0.03999973,0.039999485,0.0399987308,5
demo_5_labeled,approach,finger_2,30,34,0.999999,1.1333322,0.13333319999999993,5,constant,-9.840009843299399e-07,-1.3120000004386067e-07,0.040000490200000356,0.04,0.039999463,0.039999440600000005,5
demo_5_labeled,approach,joint_1,35,39,1.1666655,1.2999987000000002,0.13333320000000026,5,ramp_up,0.8580402930402913,0.114405258,-1.0110062708999978,-0.002172276,0.1065013,0.047242365599999996,5
demo_5_labeled,approach,joint_2,35,39,1.1666655,1.2999987000000002,0.13333320000000026,5,ramp_up,0.04481960681960689,0.00597594160000002,0.025407982999999912,0.07826347,0.08344404,0.0806854428,5
demo_5_labeled,approach,joint_3,35,39,1.1666655,1.2999987000000002,0.13333320000000026,5,ramp_up,0.5941721653721641,0.07922287615999998,-0.6893267955199984,0.0014620128,0.076142676,0.043484808959999996,5
demo_5_labeled,approach,joint_4,35,39,1.1666655,1.2999987000000002,0.13333320000000026,5,ramp_up,0.08868698868698169,0.01182491999999909,-3.0182272699999917,-2.9131887,-2.9028037,-2.90884676,5
demo_5_labeled,approach,joint_5,35,39,1.1666655,1.2999987000000002,0.13333320000000026,5,ramp_up,2.0400887346887306,0.27201155928,-2.3618715421599954,0.0008392859,0.25571007,0.15423538118000002,5
demo_5_labeled,approach,joint_6,35,39,1.1666655,1.2999987000000002,0.13333320000000026,5,constant,0.002702402702413497,0.00036032000000144,3.7470967399999866,3.7502193,3.750555,3.7504297,5
demo_5_labeled,approach,joint_7,35,39,1.1666655,1.2999987000000002,0.13333320000000026,5,ramp_down,-0.5290917790917758,-0.0705454999999997,1.3528077729999959,0.7398523,0.6738613,0.700261898,5
demo_5_labeled,approach,finger_1,35,39,1.1666655,1.2999987000000002,0.13333320000000026,5,constant,-7.926007926002382e-05,-1.0567999999992629e-05,0.040095051999999944,0.03999985,0.03998664,0.039997298,5
demo_5_labeled,approach,finger_2,35,39,1.1666655,1.2999987000000002,0.13333320000000026,5,constant,-2.3601023600935005e-05,-3.1467999999881933e-06,0.0400166224999999,0.03999959,0.04,0.0399875146,5
demo_5_labeled,approach,joint_1,40,44,1.3333320000000002,1.4666652000000002,0.13333320000000004,5,ramp_up,0.0577251877251882,0.0076966840000000656,0.04245576999999934,0.1177474,0.125894,0.12327095200000002,5
demo_5_labeled,approach,joint_2,40,44,1.3333320000000002,1.4666652000000002,0.13333320000000004,5,constant,-0.000645738645738404,-8.60983999999678e-05,0.08409519079999965,0.08325366,0.083162114,0.0831911576,5
demo_5_labeled,approach,joint_3,40,44,1.3333320000000002,1.4666652000000002,0.13333320000000004,5,constant,0.012277683277683613,0.0016370228000000453,0.06252363879999953,0.07853749,0.080270246,0.0797123782,5
demo_5_labeled,approach,joint_4,40,44,1.3333320000000002,1.4666652000000002,0.13333320000000004,5,constant,-0.0006294006294028348,-8.392000000029407e-05,-2.9020813799999963,-2.9029045,-2.902992,-2.90296254,5
demo_5_labeled,approach,joint_5,40,44,1.3333320000000002,1.4666652000000002,0.13333320000000004,5,constant,-0.0036427236427221377,-0.00048569599999979946,0.2597485079999979,0.25499728,0.25448322,0.2546487,5
demo_5_labeled,approach,joint_6,40,44,1.3333320000000002,1.4666652000000002,0.13333320000000004,5,constant,-2.5800025801739333e-05,-3.440000000228472e-06,3.7505850800000022,3.7505524,3.7505481,3.7505489599999997,5
demo_5_labeled,approach,joint_7,40,44,1.3333320000000002,1.4666652000000002,0.13333320000000004,5,constant,0.0005650205650242813,7.533600000049553e-05,0.6732363259999947,0.6739732,0.6740529,0.6740273539999999,5
demo_5_labeled,approach,finger_1,40,44,1.3333320000000002,1.4666652000000002,0.13333320000000004,5,constant,0.00013917913917918143,1.855720000000564e-05,0.03979034879999994,0.039976787,0.039994325,0.0399851994,5
demo_5_labeled,approach,finger_2,40,44,1.3333320000000002,1.4666652000000002,0.13333320000000004,5,constant,-4.500004489272815e-08,-5.999999985691103e-09,0.04000006099999985,0.04,0.039999995,0.039999998,5
demo_5_labeled,approach,joint_1,45,49,1.4999985000000002,1.6333317,0.13333319999999982,5,constant,0.0008309708309699878,0.00011079599999988742,0.1248337910000013,0.1260561,0.12617339,0.12613564400000002,5
demo_5_labeled,approach,joint_2,45,49,1.4999985000000002,1.6333317,0.13333319999999982,5,constant,-8.040008040141114e-06,-1.0720000000177418e-06,0.0831722180000002,0.08316043,0.08315929,0.083159622,5
demo_5_labeled,approach,joint_3,45,49,1.4999985000000002,1.6333317,0.13333319999999982,5,constant,0.0001770901770898675,2.3611999999958692e-05,0.08004423380000045,0.08030474,0.08032973,0.08032167479999999,5
demo_5_labeled,approach,joint_4,45,49,1.4999985000000002,1.6333317,0.13333319999999982,5,constant,1.4594275261046753e-14,1.9459014222361963e-15,-2.902992000000023,-2.902992,-2.902992,-2.902992,5
demo_5_labeled,approach,joint_5,45,49,1.4999985000000002,1.6333317,0.13333319999999982,5,constant,-5.3520053521030126e-05,-7.136000000130204e-06,0.2545517300000016,0.25447297,0.2544654,0.25446788200000003,5
demo_5_labeled,approach,joint_6,45,49,1.4999985000000002,1.6333317,0.13333319999999982,5,constant,0.0,0.0,3.7505480999999996,3.7505481,3.7505481,3.7505481000000005,5
demo_5_labeled,approach,joint_7,45,49,1.4999985000000002,1.6333317,0.13333319999999982,5,constant,5.760005759647295e-06,7.679999999522037e-07,0.6740464840000006,0.67405474,0.6740557,0.6740555080000001,5
demo_5_labeled,approach,finger_1,45,49,1.4999985000000002,1.6333317,0.13333319999999982,5,constant,2.175602175577251e-05,2.900799999966763e-06,0.03996452700000037,0.039996732,0.039999716,0.0399986114,5
demo_5_labeled,approach,finger_2,45,49,1.4999985000000002,1.6333317,0.13333319999999982,5,constant,-2.6604147611283145e-16,-3.547216134284733e-17,0.04000000000000042,0.04,0.04,0.04,5
demo_5_labeled,approach,joint_1,50,54,1.666665,1.7999982,0.13333320000000004,5,ramp_up,0.08865077865077914,0.011820092000000068,-0.022876214000000866,0.12460169,0.13548158,0.130784982,5
demo_5_labeled,approach,joint_2,50,54,1.666665,1.7999982,0.13333320000000004,5,ramp_down,-0.1804106104106101,-0.024054723999999965,0.35058886479999946,0.060377903,0.03164313,0.037877452799999996,5
demo_5_labeled,approach,joint_3,50,54,1.666665,1.7999982,0.13333320000000004,5,ramp_up,0.04446424446424475,0.005928560000000039,0.012468066999999486,0.084639095,0.09134502,0.089539347,5
demo_5_labeled,approach,joint_4,50,54,1.666665,1.7999982,0.13333320000000004,5,ramp_down,-0.3435015435015564,-0.04580016000000173,-2.3854629199999784,-2.9400046,-2.993139,-2.980865,5
demo_5_labeled,approach,joint_5,50,54,1.666665,1.7999982,0.13333320000000004,5,constant,0.01718713718713765,0.0022916160000000627,0.23035246799999926,0.2575824,0.2606222,0.260143476,5
demo_5_labeled,approach,joint_6,50,54,1.666665,1.7999982,0.13333320000000004,5,constant,-0.002238602238585629,-0.00029847999999778546,3.756236899999971,3.7525005,3.7522516,3.7523566600000002,5
demo_5_labeled,approach,joint_7,50,54,1.666665,1.7999982,0.13333320000000004,5,ramp_up,0.05510723510723652,0.007347624000000191,0.5947476939999975,0.68291014,0.6921073,0.690266806,5
demo_5_labeled,approach,finger_1,50,54,1.666665,1.7999982,0.13333320000000004,5,constant,-5.050805050791724e-05,-6.734399999982233e-06,0.040084522599999776,0.04,0.039994847,0.0399969754,5
demo_5_labeled,approach,finger_2,50,54,1.666665,1.7999982,0.13333320000000004,5,constant,6.32010632012466e-05,8.426800000024456e-06,0.039885707599999674,0.03999421,0.039999995,0.039995256,5
demo_5_labeled,approach,joint_1,55,59,1.8333315,1.9666647,0.13333320000000004,5,ramp_down,-0.8957360177360174,-0.11943134959999999,1.7892831893999992,0.13581122,0.019708958,0.0873864576,5
demo_5_labeled,approach,joint_2,55,59,1.8333315,1.9666647,0.13333320000000004,5,ramp_down,-0.1132873852873852,-0.015104969599999993,0.23779318359999985,0.03164091,0.01682869,0.022547366800000003,5
demo_5_labeled,approach,joint_3,55,59,1.8333315,1.9666647,0.13333320000000004,5,ramp_down,-1.0227071037071036,-0.13636081080000004,1.9693327156999998,0.091407716,-0.04430569,0.026191161799999994,5
demo_5_labeled,approach,joint_4,55,59,1.8333315,1.9666647,0.13333320000000004,5,ramp_down,-0.18674418674419505,-0.024899200000001113,-2.652983239999984,-2.9931421,-3.0173051,-3.00779684,5
demo_5_labeled,approach,joint_5,55,59,1.8333315,1.9666647,0.13333320000000004,5,ramp_down,-2.603402848502848,-0.34712003268,5.0335067001499985,0.26060152,-0.086495444,0.08704623446,5
demo_5_labeled,approach,joint_6,55,59,1.8333315,1.9666647,0.13333320000000004,5,constant,0.0014904014904081595,0.00019872000000088928,3.7496185599999867,3.7522516,3.7525,3.75245032,5
demo_5_labeled,approach,joint_7,55,59,1.8333315,1.9666647,0.13333320000000004,5,ramp_up,0.5188209388209403,0.06917605600000021,-0.2576910700000028,0.6921092,0.76151437,0.728067728,5
demo_5_labeled,approach,finger_1,55,59,1.8333315,1.9666647,0.13333320000000004,5,constant,-8.028608028614738e-05,-1.070480000000895e-05,0.04013172920000012,0.039996643,0.03998372,0.0399791858,5
demo_5_labeled,approach,finger_2,55,59,1.8333315,1.9666647,0.13333320000000004,5,constant,-2.760002759729644e-07,-3.6799999996358465e-08,0.04000051519999995,0.04,0.039999954,0.0399999908,5
demo_5_labeled,approach,joint_1,60,64,1.999998,2.1333312,0.13333320000000026,5,ramp_down,-0.3348842298842297,-0.044651186000000065,0.6370172447999998,-0.020983474,-0.06933486,-0.0550761382,5
demo_5_labeled,approach,joint_2,60,64,1.999998,2.1333312,0.13333320000000026,5,constant,-0.000896829896830032,-0.00011957720000001827,0.020067861800000284,0.018167885,0.018132335,0.0182144152,5
demo_5_labeled,approach,joint_3,60,64,1.999998,2.1333312,0.13333320000000026,5,ramp_down,-0.05670111270111243,-0.0075601407999999785,0.029848754599999458,-0.081666894,-0.089778505,-0.0873334278,5
demo_5_labeled,approach,joint_4,60,64,1.999998,2.1333312,0.13333320000000026,5,constant,0.008598308598330032,0.00114644000000286,-3.0318954600000443,-3.014853,-3.013718,-3.0141256400000005,5
demo_5_labeled,approach,joint_5,60,64,1.999998,2.1333312,0.13333320000000026,5,constant,0.01575517575517668,0.002100688000000128,-0.20439838800000193,-0.17327513,-0.1711184,-0.171837724,5
demo_5_labeled,approach,joint_6,60,64,1.999998,2.1333312,0.13333320000000026,5,constant,0.00025140025138447816,3.351999999789697e-05,3.7518895200000335,3.7524004,3.7524254,3.7524090799999996,5
demo_5_labeled,approach,joint_7,60,64,1.999998,2.1333312,0.13333320000000026,5,constant,-0.0020556020556047085,-0.00027408000000035427,0.7815735620000054,0.77753127,0.7772369,0.777325322,5
demo_5_labeled,approach,finger_1,60,64,1.999998,2.1333312,0.13333320000000026,5,constant,5.196005195988391e-05,6.9279999999776066e-06,0.03989088400000034,0.03999134,0.04,0.039998268000000003,5
demo_5_labeled,approach,finger_2,60,64,1.999998,2.1333312,0.13333320000000026,5,constant,-8.075708075726334e-05,-1.0767600000024366e-05,0.04015202760000037,0.039998937,0.039987102,0.0399851298,5
demo_5_labeled,approach,joint_1,65,69,2.1666645,2.2999977,0.13333320000000004,5,ramp_up,0.07319951519951536,0.009759925600000025,-0.22868633380000036,-0.06982032,-0.060467836,-0.06520758,5
demo_5_labeled,approach,joint_2,65,69,2.1666645,2.2999977,0.13333320000000004,5,ramp_up,0.7597862977862976,0.1013047384,-1.6293194857999995,0.018123407,0.11871899,0.06753488240000001,5
demo_5_labeled,approach,joint_3,65,69,2.1666645,2.2999977,0.13333320000000004,5,ramp_up,0.1197599997599998,0.01596798400000001,-0.3492436400000001,-0.08986549,-0.07389694,-0.08177990799999998,5
demo_5_labeled,approach,joint_4,65,69,2.1666645,2.2999977,0.13333320000000004,5,ramp_up,1.3166443166443187,0.17555240000000033,-5.870048100000005,-3.0136993,-2.8397946,-2.9295453999999994,5
demo_5_labeled,approach,joint_5,65,69,2.1666645,2.2999977,0.13333320000000004,5,constant,0.03200820200820188,0.0042677559999999845,-0.23971397699999972,-0.17108808,-0.16692126,-0.16822906399999998,5
demo_5_labeled,approach,joint_6,65,69,2.1666645,2.2999977,0.13333320000000004,5,ramp_down,-0.5763509763509744,-0.07684671999999977,5.001672679999995,3.7524254,3.6755974,3.71449012,5
demo_5_labeled,approach,joint_7,65,69,2.1666645,2.2999977,0.13333320000000004,5,ramp_up,0.22819018819018863,0.030425328000000067,0.2829414559999993,0.7772335,0.80769396,0.7925656999999999,5
demo_5_labeled,approach,finger_1,65,69,2.1666645,2.2999977,0.13333320000000004,5,constant,3.276003275890613e-06,4.367999999849784e-07,0.03999246520000026,0.04,0.04,0.039999781600000006,5
demo_5_labeled,approach,finger_2,65,69,2.1666645,2.2999977,0.13333320000000004,5,constant,4.1916041916058274e-05,5.5888000000021826e-06,0.039903149199999974,0.03999236,0.03999884,0.0399967616,5
demo_5_labeled,approach,joint_1,70,74,2.3333310000000003,2.4666642000000003,0.13333320000000004,5,constant,0.004643503643503698,0.0006191332000000075,-0.06958183880000013,-0.058878995,-0.058225356,-0.058437441199999995,5
demo_5_labeled,approach,joint_2,70,74,2.3333310000000003,2.4666642000000003,0.13333320000000004,5,constant,-0.0016735276735277578,-0.0002231368000000113,0.1259200256000002,0.122121446,0.12184711,0.1219035632,5
demo_5_labeled,approach,joint_3,70,74,2.3333310000000003,2.4666642000000003,0.13333320000000004,5,constant,0.0010875010875012743,0.00014500000000002494,-0.07616856200000045,-0.0736626,-0.07350909,-0.07355856200000001,5
demo_5_labeled,approach,joint_4,70,74,2.3333310000000003,2.4666642000000003,0.13333320000000004,5,constant,-0.00047220047220055273,-6.296000000001075e-05,-2.8307862799999994,-2.831853,-2.8319347,-2.8319195600000002,5
demo_5_labeled,approach,joint_5,70,74,2.3333310000000003,2.4666642000000003,0.13333320000000004,5,constant,-0.0003690603690604454,-4.920800000001019e-05,-0.16556062799999982,-0.16640833,-0.16646227,-0.166446372,5
demo_5_labeled,approach,joint_6,70,74,2.3333310000000003,2.4666642000000003,0.13333320000000004,5,constant,0.00014820014819211602,1.975999999892905e-05,3.67529306000002,3.6756291,3.6756537,3.6756487399999997,5
demo_5_labeled,approach,joint_7,70,74,2.3333310000000003,2.4666642000000003,0.13333320000000004,5,constant,4.572004571925272e-05,6.095999999894269e-06,0.8075310760000018,0.8076366,0.8076428,0.807640804,5
demo_5_labeled,approach,finger_1,70,74,2.3333310000000003,2.4666642000000003,0.13333320000000004,5,constant,-2.1000021010749303e-07,-2.8000000014304397e-08,0.03999989360000026,0.039999813,0.039999608,0.039999389600000004,5
demo_5_labeled,approach,finger_2,70,74,2.3333310000000003,2.4666642000000003,0.13333320000000004,5,constant,1.5015015015008555e-05,2.0019999999991395e-06,0.039963425000000025,0.03999769,0.04,0.039999461,5
demo_5_labeled,approach,joint_1,75,79,2.4999975,2.6333307,0.13333320000000004,5,constant,-0.02783290583290575,-0.00371105039999999,0.01088045979999977,-0.058121614,-0.061809856,-0.0605572604,5
demo_5_labeled,approach,joint_2,75,79,2.4999975,2.6333307,0.13333320000000004,5,ramp_down,-0.1864387204387209,-0.02485847120000007,0.5549235136000013,0.09936782,0.06991103,0.076397943,5
demo_5_labeled,approach,joint_3,75,79,2.4999975,2.6333307,0.13333320000000004,5,constant,-0.024411579411579197,-0.0032548739999999723,-0.01751656250000056,-0.07709681,-0.08103914,-0.080172887,5
demo_5_labeled,approach,joint_4,75,79,2.4999975,2.6333307,0.13333320000000004,5,ramp_down,-0.3481605481605366,-0.046421359999998475,-2.0183983600000293,-2.8703587,-2.9243968,-2.9120095400000006,5
demo_5_labeled,approach,joint_5,75,79,2.4999975,2.6333307,0.13333320000000004,5,constant,-0.0038698238698233415,-0.0005159759999999298,-0.15539319200000135,-0.16509537,-0.16549349,-0.16532573,5
demo_5_labeled,approach,joint_6,75,79,2.4999975,2.6333307,0.13333320000000004,5,ramp_up,0.1179193179193141,0.015722559999999497,3.40891510000001,3.6958175,3.7154956,3.7115743800000005,5
demo_5_labeled,approach,joint_7,75,79,2.4999975,2.6333307,0.13333320000000004,5,ramp_down,-0.0439968439968451,-0.005866240000000149,0.9071447280000028,0.8001207,0.79275817,0.7942196079999999,5
demo_5_labeled,approach,finger_1,75,79,2.4999975,2.6333307,0.13333320000000004,5,constant,1.2480012478678362e-06,1.6639999998221184e-07,0.03999582900000035,0.039999757,0.03999988,0.03999903219999999,5
demo_5_labeled,approach,finger_2,75,79,2.4999975,2.6333307,0.13333320000000004,5,constant,5.709005708822067e-06,7.611999999755147e-07,0.039984682100000474,0.039998222,0.039999414,0.0399993352,5
demo_5_labeled,approach,joint_1,80,84,2.6666640000000004,2.7999972000000004,0.13333320000000004,5,ramp_down,-0.04928101628101607,-0.006570795599999973,0.07057368199999942,-0.06186024,-0.068015866,-0.0641276278,5
demo_5_labeled,approach,joint_2,80,84,2.6666640000000004,2.7999972000000004,0.13333320000000004,5,ramp_down,-0.46160804360804375,-0.06154767760000004,1.3068460008000005,0.06991078,0.017473094,0.04511861,5
demo_5_labeled,approach,joint_3,80,84,2.6666640000000004,2.7999972000000004,0.13333320000000004,5,ramp_down,-0.07043080043080019,-0.00939076399999997,0.10761487279999936,-0.08104916,-0.08895907,-0.0848957892,5
demo_5_labeled,approach,joint_4,80,84,2.6666640000000004,2.7999972000000004,0.13333320000000004,5,ramp_down,-0.7943761943761903,-0.10591671999999949,-0.7953470800000115,-2.9243968,-3.0154176,-2.96663984,5
demo_5_labeled,approach,joint_5,80,84,2.6666640000000004,2.7999972000000004,0.13333320000000004,5,constant,-0.022119052119051442,-0.0029492039999999106,-0.10605041400000186,-0.16549045,-0.16810709,-0.166509096,5
demo_5_labeled,approach,joint_6,80,84,2.6666640000000004,2.7999972000000004,0.13333320000000004,5,ramp_up,0.33190113190112946,0.044253439999999686,2.8269226600000064,3.7154956,3.7523103,3.7341181800000003,5
demo_5_labeled,approach,joint_7,80,84,2.6666640000000004,2.7999972000000004,0.13333320000000004,5,ramp_down,-0.134859374859376,-0.017981232000000156,1.153871844000003,0.79275817,0.7777959,0.785256588,5
demo_5_labeled,approach,finger_1,80,84,2.6666640000000004,2.7999972000000004,0.13333320000000004,5,constant,-1.95780195780693e-05,-2.6104000000066306e-06,0.040052682600000146,0.04,0.03999722,0.0399991694,5
demo_5_labeled,approach,finger_2,80,84,2.6666640000000004,2.7999972000000004,0.13333320000000004,5,constant,6.630006629321645e-07,8.83999999908669e-08,0.03999754580000019,0.039999593,0.03999972,0.039999358,5
demo_5_labeled,approach,joint_1,85,89,2.8333305,2.9666637,0.1333331999999996,5,constant,-0.0011952971952970612,-0.00015937279999998164,-0.06498354520000038,-0.06832855,-0.068500884,-0.0684499036,5
demo_5_labeled,approach,joint_2,85,89,2.8333305,2.9666637,0.1333331999999996,5,constant,-7.97100797106236e-06,-1.0628000000072487e-06,0.01772123190000016,0.01769868,0.017697703,0.017698116,5
demo_5_labeled,approach,joint_3,85,89,2.8333305,2.9666637,0.1333331999999996,5,constant,-0.0002142302142299623,-2.856399999996632e-05,-0.08841817900000074,-0.08901769,-0.08904858,-0.089039446,5
demo_5_labeled,approach,joint_4,85,89,2.8333305,2.9666637,0.1333331999999996,5,constant,-9.600009584412485e-06,-1.279999997920383e-06,-3.0152958400000447,-3.0153224,-3.015324,-3.01532368,5
demo_5_labeled,approach,joint_5,85,89,2.8333305,2.9666637,0.1333331999999996,5,constant,7.347007347105636e-05,9.796000000131021e-06,-0.1682814150000028,-0.16807574,-0.16806516,-0.168068352,5
demo_5_labeled,approach,joint_6,85,89,2.8333305,2.9666637,0.1333331999999996,5,constant,-1.4594275261046753e-14,-1.945901422236193e-15,3.7522890000000424,3.752289,3.752289,3.752289,5
demo_5_labeled,approach,joint_7,85,89,2.8333305,2.9666637,0.1333331999999996,5,constant,-5.580005581292571e-06,-7.440000001715964e-07,0.7778108680000037,0.77779543,0.7777945,0.7777946860000001,5
demo_5_labeled,approach,finger_1,85,89,2.8333305,2.9666637,0.1333331999999996,5,constant,4.362004361946999e-06,5.815999999923499e-07,0.039987195400000154,0.03999932,0.04,0.03999984520000001,5
demo_5_labeled,approach,finger_2,85,89,2.8333305,2.9666637,0.1333331999999996,5,constant,5.406005405943881e-06,7.207999999917944e-07,0.03998387400000017,0.039999176,0.039999876,0.0399995514,5
demo_5_labeled,approach,joint_1,90,94,2.9999970000000005,3.1333302000000005,0.13333320000000004,5,constant,-5.772005771892331e-06,-7.695999999848749e-07,-0.06848556340000037,-0.068502635,-0.06850348,-0.0685032642,5
demo_5_labeled,approach,joint_2,90,94,2.9999970000000005,3.1333302000000005,0.13333320000000004,5,constant,-2.1000021067758192e-08,-2.8000000090316173e-09,0.017697792400000207,0.01769774,0.017697731,0.017697728000000003,5
demo_5_labeled,approach,joint_3,90,94,2.9999970000000005,3.1333302000000005,0.13333320000000004,5,constant,-7.200007201839473e-07,-9.600000002443032e-08,-0.08904678799999946,-0.0890489,-0.08904902,-0.08904899600000002,5
demo_5_labeled,approach,joint_4,90,94,2.9999970000000005,3.1333302000000005,0.13333320000000004,5,constant,-4.864758420348917e-15,-6.486338074120664e-16,-3.0153239999999846,-3.015324,-3.015324,-3.015324,5
demo_5_labeled,approach,joint_5,90,94,2.9999970000000005,3.1333302000000005,0.13333320000000004,5,constant,3.0404740127180732e-16,4.053961296325415e-17,-0.16806516000000093,-0.16806516,-0.16806516,-0.16806516,5
demo_5_labeled,approach,joint_6,90,94,2.9999970000000005,3.1333302000000005,0.13333320000000004,5,constant,-4.864758420348917e-15,-6.486338074120664e-16,3.7522890000000158,3.752289,3.752289,3.752289,5
demo_5_labeled,approach,joint_7,90,94,2.9999970000000005,3.1333302000000005,0.13333320000000004,5,constant,-6.0809480254361465e-16,-8.10792259265083e-17,0.7777945000000019,0.7777945,0.7777945,0.7777945,5
demo_5_labeled,approach,finger_1,90,94,2.9999970000000005,3.1333302000000005,0.13333320000000004,5,constant,0.0,0.0,0.04000000000000001,0.04,0.04,0.04,5
demo_5_labeled,approach,finger_2,90,94,2.9999970000000005,3.1333302000000005,0.13333320000000004,5,constant,3.8005925158975916e-17,5.067451620406769e-18,0.0399999199999999,0.03999992,0.03999992,0.03999992,5
demo_5_labeled,approach,joint_1,95,99,3.1666635000000003,3.2999967000000003,0.13333320000000004,5,ramp_up,0.07196051096051122,0.009594725200000037,-0.29669487150000085,-0.06850348,-0.05915759,-0.06402278539999999,5
demo_5_labeled,approach,joint_2,95,99,3.1666635000000003,3.2999967000000003,0.13333320000000004,5,ramp_up,2.088336402336402,0.27844457520000004,-6.601086172399999,0.017697731,0.29326513,0.1511947762,5
demo_5_labeled,approach,joint_3,95,99,3.1666635000000003,3.2999967000000003,0.13333320000000004,5,ramp_up,0.05397533997534016,0.007196704800000027,-0.2596272342000006,-0.08904902,-0.081684574,-0.08510714280000001,5
demo_5_labeled,approach,joint_4,95,99,3.1666635000000003,3.2999967000000003,0.13333320000000004,5,ramp_up,0.5327543327543385,0.07103384000000078,-4.703829400000019,-3.015324,-2.9438257,-2.98125878,5
demo_5_labeled,approach,joint_5,95,99,3.1666635000000003,3.2999967000000003,0.13333320000000004,5,ramp_up,0.28845913845913845,0.03846118000000001,-1.079728939,-0.16806516,-0.12954633,-0.14704532399999998,5
demo_5_labeled,approach,joint_6,95,99,3.1666635000000003,3.2999967000000003,0.13333320000000004,5,constant,0.0012660012659982368,0.00016879999999959614,3.748364520000009,3.752289,3.7525,3.75245792,5
demo_5_labeled,approach,joint_7,95,99,3.1666635000000003,3.2999967000000003,0.13333320000000004,5,ramp_down,-0.15123744123744345,-0.0201649720000003,1.2547953970000072,0.7777945,0.7574613,0.7657948259999999,5
demo_5_labeled,approach,finger_1,95,99,3.1666635000000003,3.2999967000000003,0.13333320000000004,5,constant,-2.1300021302813033e-06,-2.8400000003722313e-07,0.04000671400000091,0.04,0.039999705,0.039999827,5
demo_5_labeled,approach,finger_2,95,99,3.1666635000000003,3.2999967000000003,0.13333320000000004,5,constant,-3.942003942074066e-06,-5.256000000093501e-07,0.04001068760000024,0.03999992,0.039998885,0.039997941800000006,5
demo_5_labeled,approach,joint_1,100,104,3.33333,3.4666632,0.13333320000000004,5,constant,0.0012768612768613826,0.00017024800000001414,-0.06279985580000036,-0.058593925,-0.05840747,-0.058458531800000005,5
demo_5_labeled,approach,joint_2,100,104,3.33333,3.4666632,0.13333320000000004,5,constant,0.004097164097162456,0.0005462879999997815,0.29872148200000553,0.31213373,0.31279355,0.312651826,5
demo_5_labeled,approach,joint_3,100,104,3.33333,3.4666632,0.13333320000000004,5,constant,0.0006640806640809639,8.854400000004e-05,-0.083833773000001,-0.08164881,-0.08154997,-0.081575901,5
demo_5_labeled,approach,joint_4,100,104,3.33333,3.4666632,0.13333320000000004,5,constant,-0.0036612036611851414,-0.00048815999999753085,-2.9323939800000627,-2.9443681,-2.9449666,-2.94484206,5
demo_5_labeled,approach,joint_5,100,104,3.33333,3.4666632,0.13333320000000004,5,constant,-0.00016908016907980655,-2.254399999995167e-05,-0.12843804200000117,-0.12899359,-0.12901932,-0.12901291399999998,5
demo_5_labeled,approach,joint_6,100,104,3.33333,3.4666632,0.13333320000000004,5,constant,-0.0008007008007152875,-0.0001067600000019316,3.7529606800000495,3.7503402,3.7502108,3.7502383000000004,5
demo_5_labeled,approach,joint_7,100,104,3.33333,3.4666632,0.13333320000000004,5,constant,7.365007364773869e-05,9.819999999688676e-06,0.7573612900000078,0.75760245,0.75761425,0.7576117,5
demo_5_labeled,approach,finger_1,100,104,3.33333,3.4666632,0.13333320000000004,5,constant,1.4817014816918036e-05,1.9755999999870965e-06,0.039948248200000334,0.039997883,0.039999604,0.039998625999999995,5
demo_5_labeled,approach,finger_2,100,104,3.33333,3.4666632,0.13333320000000004,5,constant,7.950007948911418e-07,1.0599999998537963e-07,0.03999727000000037,0.03999987,0.04,0.03999997300000001,5
demo_5_labeled,approach,joint_1,105,109,3.4999965000000004,3.6333297,0.1333331999999996,5,constant,7.620007616733644e-07,1.0159999995634672e-07,-0.05840961019999882,-0.058406994,-0.058406867,-0.0584068924,5
demo_5_labeled,approach,joint_2,105,109,3.4999965000000004,3.6333297,0.1333331999999996,5,constant,1.5202370063590395e-15,2.0269806481627047e-16,0.31279354999999437,0.31279355,0.31279355,0.31279355,5
demo_5_labeled,approach,joint_3,105,109,3.4999965000000004,3.6333297,0.1333331999999996,5,constant,1.5202370063590396e-16,2.0269806481627048e-17,-0.0815497800000005,-0.08154978,-0.08154978,-0.08154978,5
demo_5_labeled,approach,joint_4,105,109,3.4999965000000004,3.6333297,0.1333331999999996,5,constant,-9.729516840697853e-15,-1.297267614824131e-15,-2.9449665999999644,-2.9449666,-2.9449666,-2.9449666,5
demo_5_labeled,approach,joint_5,105,109,3.4999965000000004,3.6333297,0.1333331999999996,5,constant,0.0,0.0,-0.12901931999999994,-0.12901932,-0.12901932,-0.12901932,5
demo_5_labeled,approach,joint_6,105,109,3.4999965000000004,3.6333297,0.1333331999999996,5,constant,1.4594275261046778e-14,1.9459014222361963e-15,3.750210799999947,3.7502108,3.7502108,3.7502108,5
demo_5_labeled,approach,joint_7,105,109,3.4999965000000004,3.6333297,0.1333331999999996,5,constant,1.8242844076308473e-15,2.4323767777952454e-16,0.757614249999993,0.75761425,0.75761425,0.75761425,5
demo_5_labeled,approach,finger_1,105,109,3.4999965000000004,3.6333297,0.1333331999999996,5,constant,7.770007770556723e-07,1.0360000000731905e-07,0.03999711509999979,0.039999787,0.039999913,0.039999886400000004,5
demo_5_labeled,approach,finger_2,105,109,3.4999965000000004,3.6333297,0.1333331999999996,5,constant,3.800592515897599e-17,5.067451620406762e-18,0.03999999999999985,0.04,0.04,0.04,5
demo_5_labeled,approach,joint_1,110,114,3.666663,3.7999962,0.13333320000000004,5,constant,0.010655386655386895,0.0014207168000000324,-0.09771257320000089,-0.058406867,-0.057201337,-0.057932502799999994,5
demo_5_labeled,approach,joint_2,110,114,3.666663,3.7999962,0.13333320000000004,5,ramp_up,0.06818292818292652,0.009091047999999782,0.06298718800000613,0.31279355,0.32023135,0.317536532,5
demo_5_labeled,approach,joint_3,110,114,3.666663,3.7999962,0.13333320000000004,5,ramp_up,0.04393948993949044,0.005858592800000069,-0.2427257928000019,-0.08154978,-0.076658346,-0.0786851944,5
demo_5_labeled,approach,joint_4,110,114,3.666663,3.7999962,0.13333320000000004,5,ramp_up,0.37090507090508773,0.04945396000000226,-4.306636800000063,-2.9449666,-2.903736,-2.92192592,5
demo_5_labeled,approach,joint_5,110,114,3.666663,3.7999962,0.13333320000000004,5,constant,0.001978381978382403,0.0002637840000000567,-0.13634678000000158,-0.12901932,-0.12880543,-0.128960828,5
demo_5_labeled,approach,joint_6,110,114,3.666663,3.7999962,0.13333320000000004,5,ramp_down,-0.30237150237151816,-0.04031616000000212,4.8588148400000595,3.7502108,3.7166321,3.7299623600000005,5
demo_5_labeled,approach,joint_7,110,114,3.666663,3.7999962,0.13333320000000004,5,ramp_up,0.06522351522351155,0.008696459999999514,0.5184749800000138,0.75761425,0.7648603,0.76197586,5
demo_5_labeled,approach,finger_1,110,114,3.666663,3.7999962,0.13333320000000004,5,constant,3.900003880821548e-08,5.199999974423558e-09,0.03999957920000072,0.039999913,0.039999876,0.0399997248,5
demo_5_labeled,approach,finger_2,110,114,3.666663,3.7999962,0.13333320000000004,5,constant,-8.427008427176279e-06,-1.1236000000223807e-06,0.04003100640000064,0.04,0.039999343,0.0399995456,5
demo_5_labeled,approach,joint_1,115,119,3.833329500000001,3.966662700000001,0.13333320000000004,5,constant,0.009996393996394239,0.0013328512000000327,-0.09583844540000092,-0.057187684,-0.055522025,-0.0568525478,5
demo_5_labeled,approach,joint_2,115,119,3.833329500000001,3.966662700000001,0.13333320000000004,5,ramp_up,0.3182406182406203,0.04243204000000028,-0.9103177500000081,0.32021222,0.37325227,0.33081942,5
demo_5_labeled,approach,joint_3,115,119,3.833329500000001,3.966662700000001,0.13333320000000004,5,constant,0.0064043764043765355,0.0008539160000000177,-0.10141542500000046,-0.07665271,-0.07558549,-0.07643838200000001,5
demo_5_labeled,approach,joint_4,115,119,3.833329500000001,3.966662700000001,0.13333320000000004,5,ramp_up,0.13537273537274652,0.01804968000000149,-3.427163520000042,-2.9037228,-2.8811607,-2.8992103800000004,5
demo_5_labeled,approach,joint_5,115,119,3.833329500000001,3.966662700000001,0.13333320000000004,5,constant,0.03395223395223436,0.0045269600000000555,-0.26008879200000157,-0.12880673,-0.12314803,-0.127675212,5
demo_5_labeled,approach,joint_6,115,119,3.833329500000001,3.966662700000001,0.13333320000000004,5,ramp_up,0.21520341520339833,0.02869375999999776,2.8845142600000635,3.7166333,3.7525005,3.7238067399999997,5
demo_5_labeled,approach,joint_7,115,119,3.833329500000001,3.966662700000001,0.13333320000000004,5,constant,-0.013267213267218102,-0.001768960000000645,0.8161601400000187,0.7648603,0.7626491,0.76441806,5
demo_5_labeled,approach,finger_1,115,119,3.833329500000001,3.966662700000001,0.13333320000000004,5,constant,7.320007319349097e-07,9.759999999122373e-08,0.03999706320000024,0.03999988,0.04,0.039999918,5
demo_5_labeled,approach,finger_2,115,119,3.833329500000001,3.966662700000001,0.13333320000000004,5,constant,-1.560301560311956e-05,-2.0804000000138617e-06,0.040060139300000394,0.039999694,0.03999706,0.0399992876,5
demo_5_labeled,approach,joint_1,120,124,3.999996,4.1333292,0.13333320000000048,5,constant,0.009876810876811358,0.0013169068000000689,-0.09308839540000195,-0.05403573,-0.052542135,-0.052922738000000004,5
demo_5_labeled,approach,joint_2,120,124,3.999996,4.1333292,0.13333320000000048,5,ramp_up,0.5802926802926759,0.0773722799999997,-1.852224237999982,0.44189945,0.5291212,0.507630302,5
demo_5_labeled,approach,joint_3,120,124,3.999996,4.1333292,0.13333320000000048,5,constant,0.011546996546996893,0.0015395980000000517,-0.1196215560000014,-0.074112125,-0.072247975,-0.07266381699999999,5
demo_5_labeled,approach,joint_4,120,124,3.999996,4.1333292,0.13333320000000048,5,ramp_up,0.14927114927115986,0.019902800000001483,-3.4428717800000426,-2.8563817,-2.8311186,-2.83583638,5
demo_5_labeled,approach,joint_5,120,124,3.999996,4.1333292,0.13333320000000048,5,constant,0.033780768780769736,0.004504098000000144,-0.2508993820000039,-0.11771089,-0.1123485,-0.11352439299999999,5
demo_5_labeled,approach,joint_6,120,124,3.999996,4.1333292,0.13333320000000048,5,constant,-0.019071319071349617,-0.002542840000004082,3.828821500000124,3.7524998,3.750376,3.75126488,5
demo_5_labeled,approach,joint_7,120,124,3.999996,4.1333292,0.13333320000000048,5,constant,-0.0030252930252981495,-0.0004033720000006847,0.7731874280000208,0.7613742,0.76080036,0.7608845820000001,5
demo_5_labeled,approach,finger_1,120,124,3.999996,4.1333292,0.13333320000000048,5,constant,-1.1973011973221355e-05,-1.5964000000279234e-06,0.040047723400000845,0.03999994,0.039998863,0.0399990332,5
demo_5_labeled,approach,finger_2,120,124,3.999996,4.1333292,0.13333320000000048,5,constant,1.928401928369065e-05,2.5711999999561915e-06,0.03992050200000132,0.03999749,0.04,0.0399989236,5
demo_5_labeled,approach,joint_1,125,129,4.1666625,4.2999957,0.13333320000000004,5,constant,0.00031089631089624594,4.145279999999135e-05,-0.053927518999999716,-0.052537683,-0.052062564,-0.05261139260000001,5
demo_5_labeled,approach,joint_2,125,129,4.1666625,4.2999957,0.13333320000000004,5,constant,-0.00559008559008612,-0.0007453440000000708,0.5527605680000022,0.52912873,0.52743095,0.529095896,5
demo_5_labeled,approach,joint_3,125,129,4.1666625,4.2999957,0.13333320000000004,5,ramp_up,0.044548094548094365,0.005939739999999977,-0.2589037789999992,-0.07224508,-0.06703417,-0.070317034,5
demo_5_labeled,approach,joint_4,125,129,4.1666625,4.2999957,0.13333320000000004,5,ramp_up,0.28821958821958577,0.038429239999999684,-4.038884869999989,-2.8311226,-2.79688,-2.8187565,5
demo_5_labeled,approach,joint_5,125,129,4.1666625,4.2999957,0.13333320000000004,5,constant,-0.019761913761913833,-0.0026349192000000104,-0.02957513959999966,-0.112349026,-0.114512675,-0.11323382419999999,5
demo_5_labeled,approach,joint_6,125,129,4.1666625,4.2999957,0.13333320000000004,5,ramp_down,-0.3394614394614469,-0.045261480000001006,5.172306310000031,3.7503757,3.7128289,3.73525432,5
demo_5_labeled,approach,joint_7,125,129,4.1666625,4.2999957,0.13333320000000004,5,constant,0.006103986103988817,0.000813864000000362,0.7352357879999887,0.76080036,0.76145697,0.7610759699999999,5
demo_5_labeled,approach,finger_1,125,129,4.1666625,4.2999957,0.13333320000000004,5,constant,-1.3419013419065702e-05,-1.7892000000069717e-06,0.04005595810000022,0.039999377,0.039997067,0.039999151,5
demo_5_labeled,approach,finger_2,125,129,4.1666625,4.2999957,0.13333320000000004,5,constant,-3.942003942001842e-05,-5.2559999999972016e-06,0.040165563999999904,0.04,0.03999343,0.039998686,5
demo_5_labeled,approach,joint_1,130,134,4.333329,4.4666622,0.13333320000000004,5,constant,0.0002900702900701948,3.8675999999987315e-05,-0.05311716159999957,-0.051874112,-0.05182992,-0.05184085359999999,5
demo_5_labeled,approach,joint_2,130,134,4.333329,4.4666622,0.13333320000000004,5,constant,-0.0003199803199791677,-4.266399999984638e-05,0.5282180039999949,0.5268502,0.526799,0.5268100920000001,5
demo_5_labeled,approach,joint_3,130,134,4.333329,4.4666622,0.13333320000000004,5,constant,0.00017109017109025968,2.281200000001182e-05,-0.06765918800000038,-0.06692595,-0.06689993,-0.06690639200000001,5
demo_5_labeled,approach,joint_4,130,134,4.333329,4.4666622,0.13333320000000004,5,constant,0.0001560001560027103,2.0800000000340583e-05,-2.7973476000000113,-2.796682,-2.796656,-2.7966612,5
demo_5_labeled,approach,joint_5,130,134,4.333329,4.4666622,0.13333320000000004,5,constant,-3.5790035790272385e-05,-4.772000000031547e-06,-0.11439098799999897,-0.11454437,-0.11454981,-0.114548464,5
demo_5_labeled,approach,joint_6,130,134,4.333329,4.4666622,0.13333320000000004,5,constant,4.8600048605765255e-05,6.480000000762222e-06,3.712702839999975,3.7129102,3.7129183,3.71291668,5
demo_5_labeled,approach,joint_7,130,134,4.333329,4.4666622,0.13333320000000004,5,constant,6.080948025436128e-16,8.107922592650806e-17,0.7614537999999971,0.7614538,0.7614538,0.7614538,5
demo_5_labeled,approach,finger_1,130,134,4.333329,4.4666622,0.13333320000000004,5,constant,1.4220014220117367e-05,1.8960000000137534e-06,0.03993651639999954,0.03999788,0.03999981,0.0399990844,5
demo_5_labeled,approach,finger_2,130,134,4.333329,4.4666622,0.13333320000000004,5,constant,1.890601890610532e-05,2.5208000000115227e-06,0.03991574779999961,0.03999717,0.039999824,0.0399989342,5
demo_5_labeled,approach,joint_1,135,139,4.499995500000001,4.633328700000001,0.13333320000000004,5,constant,-0.0029323259323257747,-0.0003909763999999791,-0.039149803700000714,-0.05182988,-0.05257757,-0.0525407454,5
demo_5_labeled,approach,joint_2,135,139,4.499995500000001,4.633328700000001,0.13333320000000004,5,constant,-0.0006701706701723356,-8.935600000022209e-05,0.5317317270000075,0.526799,0.5281967,0.5286712840000001,5
demo_5_labeled,approach,joint_3,135,139,4.499995500000001,4.633328700000001,0.13333320000000004,5,constant,0.02752033252033288,0.003669374000000049,-0.18907843250000164,-0.06689993,-0.06245328,-0.063402373,5
demo_5_labeled,approach,joint_4,135,139,4.499995500000001,4.633328700000001,0.13333320000000004,5,ramp_up,0.24005724005724768,0.032007600000001024,-3.864987160000035,-2.796656,-2.7599962,-2.76872686,5
demo_5_labeled,approach,joint_5,135,139,4.499995500000001,4.633328700000001,0.13333320000000004,5,constant,-0.004228924228923678,-0.0005638559999999268,-0.09591424280000249,-0.11454981,-0.1153514,-0.11522631080000001,5
demo_5_labeled,approach,joint_6,135,139,4.499995500000001,4.633328700000001,0.13333320000000004,5,ramp_down,-0.22236412236413516,-0.029648520000001715,4.698415630000058,3.7129183,3.6756117,3.6829538200000003,5
demo_5_labeled,approach,joint_7,135,139,4.499995500000001,4.633328700000001,0.13333320000000004,5,constant,0.02412167412167298,0.0032162199999998487,0.654557895000005,0.7614538,0.7655096,0.76471343,5
demo_5_labeled,approach,finger_1,135,139,4.499995500000001,4.633328700000001,0.13333320000000004,5,constant,4.200004198349277e-07,5.59999999779344e-08,0.03999806800000077,0.03999993,0.04,0.039999986,5
demo_5_labeled,approach,finger_2,135,139,4.499995500000001,4.633328700000001,0.13333320000000004,5,constant,0.0001337551337549084,1.783399999996996e-05,0.03935102470000103,0.03999993,0.039986223,0.039961839199999995,5
demo_5_labeled,approach,joint_1,140,144,4.6666620000000005,4.799995200000001,0.13333320000000004,5,constant,4.080004080839668e-07,5.440000001114118e-08,-0.05257888480000041,-0.052577008,-0.05257694,-0.05257695360000001,5
demo_5_labeled,approach,joint_2,140,144,4.6666620000000005,4.799995200000001,0.13333320000000004,5,constant,-2.580002581754981e-06,-3.4400000023365336e-07,0.5282025980000083,0.52819073,0.5281903,0.528190386,5
demo_5_labeled,approach,joint_3,140,144,4.6666620000000005,4.799995200000001,0.13333320000000004,5,constant,2.880002880279717e-07,3.840000000369117e-08,-0.062454370800000165,-0.062453046,-0.062452998,-0.0624530076,5
demo_5_labeled,approach,joint_4,140,144,4.6666620000000005,4.799995200000001,0.13333320000000004,5,constant,-7.297137630523373e-15,-9.729507111180993e-16,-2.7599932999999663,-2.7599933,-2.7599933,-2.7599933,5
demo_5_labeled,approach,joint_5,140,144,4.6666620000000005,4.799995200000001,0.13333320000000004,5,constant,1.5202370063590361e-16,2.026980648162707e-17,-0.11535155000000073,-0.11535155,-0.11535155,-0.11535155,5
demo_5_labeled,approach,joint_6,140,144,4.6666620000000005,4.799995200000001,0.13333320000000004,5,constant,-1.4594275261046747e-14,-1.9459014222361987e-15,3.67561170000007,3.6756117,3.6756117,3.6756117,5
demo_5_labeled,approach,joint_7,140,144,4.6666620000000005,4.799995200000001,0.13333320000000004,5,constant,-1.8242844076308434e-15,-2.4323767777952483e-16,0.765509600000009,0.7655096,0.7655096,0.7655096,5
demo_5_labeled,approach,finger_1,140,144,4.6666620000000005,4.799995200000001,0.13333320000000004,5,constant,-7.601185031795181e-17,-1.0134903240813535e-17,0.04000000000000036,0.04,0.04,0.04,5
demo_5_labeled,approach,finger_2,140,144,4.6666620000000005,4.799995200000001,0.13333320000000004,5,constant,4.765204765193758e-05,6.353599999985326e-06,0.03977161780000053,0.039992895,0.039999492,0.0399971706,5
demo_5_labeled,approach,joint_1,145,149,4.8333285,4.9666617,0.13333320000000004,5,ramp_down,-0.7688343368343361,-0.10251114239999994,3.654313042399997,-0.05257694,-0.1499526,-0.11297144079999999,5
demo_5_labeled,approach,joint_2,145,149,4.8333285,4.9666617,0.13333320000000004,5,constant,0.013430383430380942,0.0017907159999996688,0.46372308300001214,0.5281903,0.5299315,0.529531896,5
demo_5_labeled,approach,joint_3,145,149,4.8333285,4.9666617,0.13333320000000004,5,ramp_down,-0.1027326307326305,-0.013697670399999974,0.43735249679999894,-0.062452998,-0.07360778,-0.0660368904,5
demo_5_labeled,approach,joint_4,145,149,4.8333285,4.9666617,0.13333320000000004,5,ramp_up,0.09589269589269914,0.012785680000000436,-3.2221524200000164,-2.7599933,-2.7478356,-2.7522786800000003,5
demo_5_labeled,approach,joint_5,145,149,4.8333285,4.9666617,0.13333320000000004,5,ramp_down,-0.7034774234774235,-0.09379689600000003,3.2652736300000003,-0.11535155,-0.2093996,-0.181762298,5
demo_5_labeled,approach,joint_6,145,149,4.8333285,4.9666617,0.13333320000000004,5,ramp_down,-0.062884562884563,-0.008384600000000018,3.9782013899999997,3.6756117,3.6675177,3.67006734,5
demo_5_labeled,approach,joint_7,145,149,4.8333285,4.9666617,0.13333320000000004,5,ramp_down,-0.12304281304281449,-0.016405692000000197,1.3568721970000073,0.7655096,0.74902415,0.7539630159999999,5
demo_5_labeled,approach,finger_1,145,149,4.8333285,4.9666617,0.13333320000000004,5,constant,0.00012801012800995874,1.7067999999977435e-05,0.03935649700000083,0.04,0.04,0.039983746,5
demo_5_labeled,approach,finger_2,145,149,4.8333285,4.9666617,0.13333320000000004,5,constant,-0.00029523929523939227,-3.936520000001295e-05,0.041433191100000474,0.03999975,0.039968237,0.039986520000000005,5
demo_5_labeled,approach,joint_1,150,154,4.999995,5.1333282,0.13333320000000004,5,constant,-0.001511791511791253,-0.00020157199999996556,-0.1432375060000013,-0.15072823,-0.15095562,-0.15089724200000001,5
demo_5_labeled,approach,joint_2,150,154,4.999995,5.1333282,0.13333320000000004,5,constant,-0.00010863010862887771,-1.4483999999835883e-05,0.5304166119999936,0.52987856,0.52986217,0.5298662199999999,5
demo_5_labeled,approach,joint_3,150,154,4.999995,5.1333282,0.13333320000000004,5,constant,-0.0009186099186098772,-0.0001224811999999945,-0.0695276146000002,-0.074079186,-0.07421736,-0.0741819002,5
demo_5_labeled,approach,joint_4,150,154,4.999995,5.1333282,0.13333320000000004,5,constant,0.00014100014100927908,1.8800000001218416e-05,-2.7484568800000457,-2.747759,-2.7477374,-2.7477424800000003,5
demo_5_labeled,approach,joint_5,150,154,4.999995,5.1333282,0.13333320000000004,5,constant,0.0001700701700695747,2.2675999999920624e-05,-0.21015428799999694,-0.20931168,-0.20928611,-0.20929260000000002,5
demo_5_labeled,approach,joint_6,150,154,4.999995,5.1333282,0.13333320000000004,5,constant,9.729516840697804e-15,1.2972676148241289e-15,3.6675223999999504,3.6675224,3.6675224,3.6675224,5
demo_5_labeled,approach,joint_7,150,154,4.999995,5.1333282,0.13333320000000004,5,constant,-5.640005639933335e-06,-7.519999999903596e-07,0.7490475639999994,0.74901974,0.7490188,0.749018988,5
demo_5_labeled,approach,finger_1,150,154,4.999995,5.1333282,0.13333320000000004,5,constant,7.60118503179516e-17,1.0134903240813507e-17,0.03999999999999961,0.04,0.04,0.04,5
demo_5_labeled,approach,finger_2,150,154,4.999995,5.1333282,0.13333320000000004,5,constant,0.00013261513261507885,1.7681999999992835e-05,0.039319860000000255,0.039980277,0.039998423,0.039991776,5
demo_5_labeled,approach,joint_1,155,159,5.166661500000001,5.299994700000001,0.13333320000000004,5,ramp_up,0.10949956949957042,0.014599928000000126,-0.6785409750000049,-0.11783554,-0.10129205,-0.10549380100000001,5
demo_5_labeled,approach,joint_2,155,159,5.166661500000001,5.299994700000001,0.13333320000000004,5,constant,0.002463122463118923,0.00032841599999952804,0.5155594340000184,0.5282343,0.5285612,0.5284497619999999,5
demo_5_labeled,approach,joint_3,155,159,5.166661500000001,5.299994700000001,0.13333320000000004,5,ramp_up,0.06035488535488572,0.00804731000000005,-0.38766795750000194,-0.07848024,-0.069462545,-0.07181104,5
demo_5_labeled,approach,joint_4,155,159,5.166661500000001,5.299994700000001,0.13333320000000004,5,constant,-0.009416709416695885,-0.001255559999998196,-2.706949110000071,-2.7551594,-2.7565908,-2.75622984,5
demo_5_labeled,approach,joint_5,155,159,5.166661500000001,5.299994700000001,0.13333320000000004,5,constant,-0.008299808299807379,-0.0011066399999998776,-0.11826223800000484,-0.16084975,-0.16203767,-0.161697858,5
demo_5_labeled,approach,joint_6,155,159,5.166661500000001,5.299994700000001,0.13333320000000004,5,constant,-0.000259800259817968,-3.46400000023611e-05,3.675669900000093,3.674332,3.6742988,3.6743102799999994,5
demo_5_labeled,approach,joint_7,155,159,5.166661500000001,5.299994700000001,0.13333320000000004,5,constant,0.000674670674665257,8.995599999927767e-05,0.7525793490000284,0.7560315,0.7561353,0.756110122,5
demo_5_labeled,approach,finger_1,155,159,5.166661500000001,5.299994700000001,0.13333320000000004,5,constant,-2.4312024312201338e-05,-3.2416000000236043e-06,0.040111318400000935,0.04,0.039990712,0.0399840856,5
demo_5_labeled,approach,finger_2,155,159,5.166661500000001,5.299994700000001,0.13333320000000004,5,constant,0.00023637023637008932,3.1515999999980404e-05,0.03875511500000078,0.0399606,0.04,0.03999211800000001,5
demo_5_labeled,approach,joint_1,160,164,5.333328000000001,5.466661200000001,0.13333320000000004,5,constant,6.158406158474929e-05,8.211200000091697e-06,-0.10158577060000372,-0.101260126,-0.101250865,-0.101253217,5
demo_5_labeled,approach,joint_2,160,164,5.333328000000001,5.466661200000001,0.13333320000000004,5,constant,-1.824284407630848e-15,-2.4323767777952547e-16,0.52856356000001,0.52856356,0.52856356,0.52856356,5
demo_5_labeled,approach,joint_3,160,164,5.333328000000001,5.466661200000001,0.13333320000000004,5,constant,3.693603693648998e-05,4.924800000060407e-06,-0.06963843480000244,-0.06944314,-0.069437586,-0.06943898039999999,5
demo_5_labeled,approach,joint_4,160,164,5.333328000000001,5.466661200000001,0.13333320000000004,5,constant,1.2161896050872319e-14,1.6215845185301695e-15,-2.756593200000067,-2.7565932,-2.7565932,-2.7565932,5
demo_5_labeled,approach,joint_5,160,164,5.333328000000001,5.466661200000001,0.13333320000000004,5,constant,-4.920004919065309e-06,-6.559999998747188e-07,-0.16201534400000506,-0.16204128,-0.16204208,-0.162041912,5
demo_5_labeled,approach,joint_6,160,164,5.333328000000001,5.466661200000001,0.13333320000000004,5,constant,-1.945903368139571e-14,-2.5945352296482712e-15,3.674298800000106,3.6742988,3.6742988,3.6742988,5
demo_5_labeled,approach,joint_7,160,164,5.333328000000001,5.466661200000001,0.13333320000000004,5,constant,-3.648568815261696e-15,-4.864753555590509e-16,0.7561353000000195,0.7561353,0.7561353,0.7561353,5
demo_5_labeled,approach,finger_1,160,164,5.333328000000001,5.466661200000001,0.13333320000000004,5,constant,3.31920331918603e-05,4.425599999976949e-06,0.03981877440000094,0.039995052,0.039999638,0.0399980112,5
demo_5_labeled,approach,finger_2,160,164,5.333328000000001,5.466661200000001,0.13333320000000004,5,constant,-3.0404740127180797e-16,-4.053961296325424e-17,0.04000000000000164,0.04,0.04,0.04,5
demo_5_labeled,approach,joint_1,165,169,5.499994500000001,5.633327700000001,0.13333320000000004,5,constant,-0.01220781320781295,-0.0016277067999999663,-0.033907057700001436,-0.101250865,-0.102255374,-0.10186381659999999,5
demo_5_labeled,approach,joint_2,165,169,5.499994500000001,5.633327700000001,0.13333320000000004,5,ramp_up,0.05048219048218853,0.006730951999999742,0.24990862200001096,0.52856356,0.5335794,0.5309258680000001,5
demo_5_labeled,approach,joint_3,165,169,5.499994500000001,5.633327700000001,0.13333320000000004,5,ramp_up,0.05786654186654178,0.007715531199999991,-0.38902460519999954,-0.069437586,-0.0628308,-0.0669011776,5
demo_5_labeled,approach,joint_4,165,169,5.499994500000001,5.633327700000001,0.13333320000000004,5,ramp_up,0.33900873900874706,0.04520112000000109,-4.629208900000046,-2.7565932,-2.7162457,-2.74206214,5
demo_5_labeled,approach,joint_5,165,169,5.499994500000001,5.633327700000001,0.13333320000000004,5,constant,-0.005479805479805565,-0.0007306400000000116,-0.13180544599999958,-0.16204208,-0.16253075,-0.162309666,5
demo_5_labeled,approach,joint_6,165,169,5.499994500000001,5.633327700000001,0.13333320000000004,5,ramp_down,-0.3283305283305276,-0.04377735999999992,5.487380719999996,3.6742988,3.6379697,3.6596759400000005,5
demo_5_labeled,approach,joint_7,165,169,5.499994500000001,5.633327700000001,0.13333320000000004,5,ramp_up,0.06291342291342242,0.008388447999999937,0.40871864800000296,0.7561353,0.76310116,0.7589363519999999,5
demo_5_labeled,approach,finger_1,165,169,5.499994500000001,5.633327700000001,0.13333320000000004,5,constant,-4.161004161023281e-06,-5.548000000025495e-07,0.04002272950000011,0.03999981,0.04,0.0399995666,5
demo_5_labeled,approach,finger_2,165,169,5.499994500000001,5.633327700000001,0.13333320000000004,5,constant,-1.3728013728066453e-05,-1.8304000000070307e-06,0.0400759416000003,0.04,0.039997812,0.0399995224,5
demo_5_labeled,approach,joint_1,170,174,5.666661,5.7999942,0.13333320000000004,5,constant,0.0002848922848928403,3.798560000007407e-05,-0.10370916280000317,-0.10210759,-0.10206475,-0.102075782,5
demo_5_labeled,approach,joint_2,170,174,5.666661,5.7999942,0.13333320000000004,5,constant,-0.0005259905259930663,-7.013200000033873e-05,0.5358237120000146,0.53287214,0.53278935,0.5328080359999999,5
demo_5_labeled,approach,joint_3,170,174,5.666661,5.7999942,0.13333320000000004,5,constant,0.00016296016296025727,2.172800000001258e-05,-0.06366571120000054,-0.06274948,-0.06272504,-0.0627314072,5
demo_5_labeled,approach,joint_4,170,174,5.666661,5.7999942,0.13333320000000004,5,constant,0.0002769002769015273,3.6920000000166736e-05,-2.7175937000000068,-2.7160406,-2.7159965,-2.7160061399999997,5
demo_5_labeled,approach,joint_5,170,174,5.666661,5.7999942,0.13333320000000004,5,constant,-3.1860031859759293e-05,-4.247999999963659e-06,-0.16238104800000153,-0.16256005,-0.16256489,-0.162563712,5
demo_5_labeled,approach,joint_6,170,174,5.666661,5.7999942,0.13333320000000004,5,constant,5.8800058796044604e-05,7.839999999464776e-06,3.6377301200000227,3.6380594,3.6380692,3.6380672400000003,5
demo_5_labeled,approach,joint_7,170,174,5.666661,5.7999942,0.13333320000000004,5,constant,-5.640005641757624e-06,-7.520000002335979e-07,0.76312732400001,0.76309574,0.7630948,0.7630949880000001,5
demo_5_labeled,approach,finger_1,170,174,5.666661,5.7999942,0.13333320000000004,5,constant,1.317001316870578e-06,1.755999999825682e-07,0.039992292200000744,0.039999753,0.03999991,0.03999984299999999,5
demo_5_labeled,approach,finger_2,170,174,5.666661,5.7999942,0.13333320000000004,5,constant,5.991005991031565e-06,7.988000000034101e-07,0.039965331999999854,0.039999098,0.039999936,0.0399996804,5
demo_5_labeled,approach,joint_1,175,179,5.8333275,5.9666607,0.13333320000000004,5,constant,0.0,0.0,-0.10206457,-0.10206457,-0.10206457,-0.10206457,5
demo_5_labeled,approach,joint_2,175,179,5.8333275,5.9666607,0.13333320000000004,5,constant,1.2161896050872256e-15,1.621584518530161e-16,0.5327893499999927,0.53278935,0.53278935,0.53278935,5
demo_5_labeled,approach,joint_3,175,179,5.8333275,5.9666607,0.13333320000000004,5,constant,-2.280355509538548e-16,-3.040470972244052e-17,-0.06272503999999864,-0.06272504,-0.06272504,-0.06272504,5
demo_5_labeled,approach,joint_4,175,179,5.8333275,5.9666607,0.13333320000000004,5,constant,0.0,0.0,-2.7159965,-2.7159965,-2.7159965,-2.7159965,5
demo_5_labeled,approach,joint_5,175,179,5.8333275,5.9666607,0.13333320000000004,5,constant,1.520237006359032e-16,2.0269806481627014e-17,-0.16256489000000085,-0.16256489,-0.16256489,-0.16256489,5
demo_5_labeled,approach,joint_6,175,179,5.8333275,5.9666607,0.13333320000000004,5,constant,0.0,0.0,3.638069199999999,3.6380692,3.6380692,3.6380691999999994,5
demo_5_labeled,approach,joint_7,175,179,5.8333275,5.9666607,0.13333320000000004,5,constant,1.2161896050872256e-15,1.621584518530161e-16,0.7630947999999925,0.7630948,0.7630948,0.7630948,5
demo_5_labeled,approach,finger_1,175,179,5.8333275,5.9666607,0.13333320000000004,5,constant,-3.80059251589758e-17,-5.0674516204067535e-18,0.03999991000000022,0.03999991,0.03999991,0.03999991,5
demo_5_labeled,approach,finger_2,175,179,5.8333275,5.9666607,0.13333320000000004,5,constant,1.9002962579487897e-16,2.5337258102033766e-17,0.03999993599999887,0.039999936,0.039999936,0.039999936,5
demo_5_labeled,approach,joint_1,180,184,5.999994000000001,6.133327200000001,0.13333320000000004,5,constant,6.080948025436159e-16,8.107922592650848e-17,-0.10206457000000368,-0.10206457,-0.10206457,-0.10206457,5
demo_5_labeled,approach,joint_2,180,184,5.999994000000001,6.133327200000001,0.13333320000000004,5,constant,-2.4323792101744637e-15,-3.243169037060339e-16,0.5327893500000148,0.53278935,0.53278935,0.53278935,5
demo_5_labeled,approach,joint_3,180,184,5.999994000000001,6.133327200000001,0.13333320000000004,5,constant,3.0404740127180797e-16,4.053961296325424e-17,-0.06272504000000184,-0.06272504,-0.06272504,-0.06272504,5
demo_5_labeled,approach,joint_4,180,184,5.999994000000001,6.133327200000001,0.13333320000000004,5,constant,1.2161896050872319e-14,1.6215845185301695e-15,-2.715996500000074,-2.7159965,-2.7159965,-2.7159965,5
demo_5_labeled,approach,joint_5,180,184,5.999994000000001,6.133327200000001,0.13333320000000004,5,constant,4.56071101907712e-16,6.080941944488137e-17,-0.16256489000000285,-0.16256489,-0.16256489,-0.16256489,5
demo_5_labeled,approach,joint_6,180,184,5.999994000000001,6.133327200000001,0.13333320000000004,5,constant,-2.918855052209357e-14,-3.8918028444724076e-15,3.6380692000001775,3.6380692,3.6380692,3.6380691999999994,5
demo_5_labeled,approach,joint_7,180,184,5.999994000000001,6.133327200000001,0.13333320000000004,5,constant,-2.4323792101744637e-15,-3.243169037060339e-16,0.7630948000000145,0.7630948,0.7630948,0.7630948,5
demo_5_labeled,approach,finger_1,180,184,5.999994000000001,6.133327200000001,0.13333320000000004,5,constant,-2.28035550953856e-16,-3.0404709722440684e-17,0.03999991000000139,0.03999991,0.03999991,0.03999991,5
demo_5_labeled,approach,finger_2,180,184,5.999994000000001,6.133327200000001,0.13333320000000004,5,constant,-1.5202370063590398e-16,-2.026980648162712e-17,0.03999993600000092,0.039999936,0.039999936,0.039999936,5
demo_5_labeled,approach,joint_1,185,189,6.166660500000001,6.299993700000001,0.13333320000000004,5,constant,-0.02873255873255851,-0.003831003999999971,0.07352867699999863,-0.10206457,-0.10660799,-0.10557075999999999,5
demo_5_labeled,approach,joint_2,185,189,6.166660500000001,6.299993700000001,0.13333320000000004,5,ramp_down,-0.4110508710508702,-0.0548067279999999,3.050358327999995,0.53278935,0.47247866,0.4881437940000001,5
demo_5_labeled,approach,joint_3,185,189,6.166660500000001,6.299993700000001,0.13333320000000004,5,constant,0.009320331320331323,0.0012427096000000007,-0.11948853720000002,-0.06272504,-0.061116572,-0.06139186339999999,5
demo_5_labeled,approach,joint_4,185,189,6.166660500000001,6.299993700000001,0.13333320000000004,5,ramp_down,-0.1418134418134384,-0.01890843999999955,-1.8514937100000213,-2.7159965,-2.7399209,-2.7354632800000003,5
demo_5_labeled,approach,joint_5,185,189,6.166660500000001,6.299993700000001,0.13333320000000004,5,ramp_down,-0.044364614364614426,-0.00591527600000001,0.10831303500000039,-0.16256489,-0.1697455,-0.168226118,5
demo_5_labeled,approach,joint_6,185,189,6.166660500000001,6.299993700000001,0.13333320000000004,5,ramp_down,-0.21236121236122535,-0.02831480000000174,4.932601480000081,3.6380692,3.6019917,3.6088845799999993,5
demo_5_labeled,approach,joint_7,185,189,6.166660500000001,6.299993700000001,0.13333320000000004,5,constant,0.01727524727524498,0.0023033639999996947,0.6577820470000146,0.7630948,0.76602584,0.7654643139999999,5
demo_5_labeled,approach,finger_1,185,189,6.166660500000001,6.299993700000001,0.13333320000000004,5,constant,1.1310011310061227e-05,1.508000000006656e-06,0.039928278999999706,0.03999991,0.04,0.039998778000000006,5
demo_5_labeled,approach,finger_2,185,189,6.166660500000001,6.299993700000001,0.13333320000000004,5,constant,-1.7637017636998748e-05,-2.3515999999974823e-06,0.040108500899999885,0.039999936,0.03999834,0.039998563599999995,5
demo_5_labeled,approach,joint_1,190,194,6.333327000000001,6.466660200000001,0.13333320000000004,5,ramp_down,-0.04570143070143094,-0.006093518000000034,0.18314448300000155,-0.10661671,-0.11134006,-0.10934438099999999,5
demo_5_labeled,approach,joint_2,190,194,6.333327000000001,6.466660200000001,0.13333320000000004,5,ramp_up,0.17733182733182917,0.023644220000000254,-0.6524850020000117,0.47246155,0.49176803,0.482437558,5
demo_5_labeled,approach,joint_3,190,194,6.333327000000001,6.466660200000001,0.13333320000000004,5,ramp_up,0.1361807891807893,0.01815742040000002,-0.9252643120000008,-0.06112186,-0.045814194,-0.053708132799999996,5
demo_5_labeled,approach,joint_4,190,194,6.333327000000001,6.466660200000001,0.13333320000000004,5,ramp_up,0.7421776421776447,0.09895692000000036,-7.450580420000017,-2.7399113,-2.6547227,-2.7006482600000004,5
demo_5_labeled,approach,joint_5,190,194,6.333327000000001,6.466660200000001,0.13333320000000004,5,constant,-0.021132831132831053,-0.0028177079999999904,-0.03574187200000051,-0.16974477,-0.17198142,-0.17099185599999997,5
demo_5_labeled,approach,joint_6,190,194,6.333327000000001,6.466660200000001,0.13333320000000004,5,ramp_down,-0.6043911043911099,-0.08058540000000075,7.436351240000036,3.601992,3.534997,3.56825204,5
demo_5_labeled,approach,joint_7,190,194,6.333327000000001,6.466660200000001,0.13333320000000004,5,ramp_up,0.12299226299226117,0.016398951999999762,-0.014223411999988111,0.76602584,0.7796698,0.7729262840000001,5
demo_5_labeled,approach,finger_1,190,194,6.333327000000001,6.466660200000001,0.13333320000000004,5,constant,-1.5450015450415813e-06,-2.0600000000533823e-07,0.04000940260000027,0.04,0.04,0.0399995146,5
demo_5_labeled,approach,finger_2,190,194,6.333327000000001,6.466660200000001,0.13333320000000004,5,constant,-1.0482010482104328e-05,-1.3976000000125132e-06,0.04006614080000061,0.039999094,0.039997377,0.039999056,5
demo_5_labeled,approach,joint_1,195,199,6.4999935,6.6333267000000005,0.13333320000000004,5,constant,0.000510585510585871,6.807800000004808e-05,-0.11444181150000235,-0.11114375,-0.111068405,-0.11108897,5
demo_5_labeled,approach,joint_2,195,199,6.4999935,6.6333267000000005,0.13333320000000004,5,constant,-0.0007258207258185891,-9.677599999971514e-05,0.4956641919999859,0.49098483,0.4908718,0.49089797399999996,5
demo_5_labeled,approach,joint_3,195,199,6.4999935,6.6333267000000005,0.13333320000000004,5,constant,0.00028408228408249083,3.787760000002758e-05,-0.04754308880000136,-0.04570793,-0.045666113,-0.045677617000000004,5
demo_5_labeled,approach,joint_4,195,199,6.4999935,6.6333267000000005,0.13333320000000004,5,constant,0.00036150036150904075,4.820000000115725e-05,-2.6568282500000575,-2.6544993,-2.6544418,-2.6544544,5
demo_5_labeled,approach,joint_5,195,199,6.4999935,6.6333267000000005,0.13333320000000004,5,constant,-5.8500058499344155e-05,-7.799999999904756e-06,-0.1716421860000047,-0.17201993,-0.1720286,-0.172026336,5
demo_5_labeled,approach,joint_6,195,199,6.4999935,6.6333267000000005,0.13333320000000004,5,constant,8.520008519148886e-05,1.1359999998853825e-05,3.5345421600000564,3.5350904,3.5351045,3.5351016399999997,5
demo_5_labeled,approach,joint_7,195,199,6.4999935,6.6333267000000005,0.13333320000000004,5,constant,-5.760005760255376e-06,-7.680000000332824e-07,0.7797020560000016,0.779665,0.77966404,0.7796642320000001,5
demo_5_labeled,approach,finger_1,195,199,6.4999935,6.6333267000000005,0.13333320000000004,5,constant,2.5050025048814427e-06,3.3399999998385846e-07,0.03998331870000079,0.039999608,0.039999906,0.0399997682,5
demo_5_labeled,approach,finger_2,195,199,6.4999935,6.6333267000000005,0.13333320000000004,5,constant,6.62100662082196e-06,8.827999999753788e-07,0.039956199500001205,0.03999901,0.03999995,0.0399996774,5
demo_5_labeled,pick,joint_1,201,205,6.699993300000001,6.833326500000001,0.13333320000000004,5,constant,-3.000002901634332e-08,-3.999999868841908e-09,-0.11106779300000667,-0.111067995,-0.111068,-0.11106799600000002,5
demo_5_labeled,pick,joint_2,201,205,6.699993300000001,6.833326500000001,0.13333320000000004,5,constant,-1.2161896050872319e-15,-1.6215845185301695e-16,0.49087180000000824,0.4908718,0.4908718,0.4908718,5
demo_5_labeled,pick,joint_3,201,205,6.699993300000001,6.833326500000001,0.13333320000000004,5,constant,-1.440001438239566e-07,-1.9199999976508375e-08,-0.04566487040000119,-0.04566584,-0.045665864,-0.0456658448,5
demo_5_labeled,pick,joint_4,201,205,6.699993300000001,6.833326500000001,0.13333320000000004,5,constant,2.4323792101744637e-15,3.243169037060339e-16,-2.6544418000000167,-2.6544418,-2.6544418,-2.6544418,5
demo_5_labeled,pick,joint_5,201,205,6.699993300000001,6.833326500000001,0.13333320000000004,5,constant,1.8000018063507906e-07,2.400000008465313e-08,-0.17202981200000425,-0.1720286,-0.17202857,-0.172028594,5
demo_5_labeled,pick,joint_6,201,205,6.699993300000001,6.833326500000001,0.13333320000000004,5,constant,-2.4323792101744637e-15,-3.243169037060339e-16,3.5351045000000165,3.5351045,3.5351045,3.5351045,5
demo_5_labeled,pick,joint_7,201,205,6.699993300000001,6.833326500000001,0.13333320000000004,5,constant,3.6000035549325747e-07,4.799999939905361e-08,0.7796616160000304,0.77966404,0.7796641,0.779664052,5
demo_5_labeled,pick,finger_1,201,205,6.699993300000001,6.833326500000001,0.13333320000000004,5,ramp_down,-0.04206975006975058,-0.00560929440000007,0.3232692732000035,0.039999906,0.032988288,0.038597582400000004,5
demo_5_labeled,pick,finger_2,201,205,6.699993300000001,6.833326500000001,0.13333320000000004,5,ramp_down,-0.04204748404748462,-0.005606325600000079,0.3231193928000039,0.03999995,0.032992043,0.0385983686,5
demo_5_labeled,pick,joint_1,206,210,6.866659800000001,6.999993000000001,0.13333320000000004,5,constant,-0.001641841641841522,-0.0002189119999999841,-0.09929179400000086,-0.11071212,-0.11085393,-0.11067521799999999,5
demo_5_labeled,pick,joint_2,206,210,6.866659800000001,6.999993000000001,0.13333320000000004,5,constant,0.0009435909435899954,0.0001258119999998736,0.4844333040000066,0.49093845,0.49103904,0.49097552800000005,5
demo_5_labeled,pick,joint_3,206,210,6.866659800000001,6.999993000000001,0.13333320000000004,5,constant,-0.00201237801237793,-0.0002683167999999891,-0.03132521400000057,-0.0451964,-0.04542515,-0.0452776876,5
demo_5_labeled,pick,joint_4,206,210,6.866659800000001,6.999993000000001,0.13333320000000004,5,constant,0.0013158013158108704,0.000175440000001274,-2.6635995200000666,-2.6545422,-2.6543794,-2.65447664,5
demo_5_labeled,pick,joint_5,206,210,6.866659800000001,6.999993000000001,0.13333320000000004,5,constant,0.004905064905064843,0.000654007999999992,-0.20615743199999956,-0.17247932,-0.17184411,-0.172149016,5
demo_5_labeled,pick,joint_6,206,210,6.866659800000001,6.999993000000001,0.13333320000000004,5,constant,0.00018510018510144822,2.4680000000168425e-05,3.5338067599999916,3.5350583,3.535097,3.5350901199999996,5
demo_5_labeled,pick,joint_7,206,210,6.866659800000001,6.999993000000001,0.13333320000000004,5,constant,-0.0008203508203524999,-0.00010938000000022397,0.7855822800000117,0.77997905,0.7798649,0.77989452,5
demo_5_labeled,pick,finger_1,206,210,6.866659800000001,6.999993000000001,0.13333320000000004,5,ramp_down,-0.04091971391971378,-0.005455956399999983,0.30490552879999905,0.026067283,0.01966085,0.021195796,5
demo_5_labeled,pick,finger_2,206,210,6.866659800000001,6.999993000000001,0.13333320000000004,5,constant,-0.031202014202014173,-0.004160264399999997,0.23824628439999984,0.026088465,0.02094337,0.0219125356,5
demo_5_labeled,transport,joint_1,211,215,7.033326300000001,7.166659500000001,0.13333320000000004,5,ramp_down,-0.1290203790203782,-0.017202699999999894,0.8000592841999943,-0.11091858,-0.12873572,-0.11598449079999999,5
demo_5_labeled,transport,joint_2,211,215,7.033326300000001,7.166659500000001,0.13333320000000004,5,ramp_down,-0.685753855753854,-0.09143375599999978,5.333070108999988,0.49105114,0.39663696,0.464222602,5
demo_5_labeled,transport,joint_3,211,215,7.033326300000001,7.166659500000001,0.13333320000000004,5,ramp_up,0.09601800601800585,0.012802387999999982,-0.7234404965999989,-0.04545306,-0.03217365,-0.0417133356,5
demo_5_labeled,transport,joint_4,211,215,7.033326300000001,7.166659500000001,0.13333320000000004,5,ramp_down,-0.3221970221970223,-0.04295956000000002,-0.3796868699999987,-2.6543555,-2.6970632,-2.6672834400000003,5
demo_5_labeled,transport,joint_5,211,215,7.033326300000001,7.166659500000001,0.13333320000000004,5,ramp_down,-0.12287112287112148,-0.01638279999999982,0.6958426299999901,-0.17175412,-0.18849997,-0.17654147,5
demo_5_labeled,transport,joint_6,211,215,7.033326300000001,7.166659500000001,0.13333320000000004,5,ramp_down,-0.5666054666054803,-0.07554732000000185,7.535370930000098,3.535098,3.4593425,3.5124761399999995,5
demo_5_labeled,transport,joint_7,211,215,7.033326300000001,7.166659500000001,0.13333320000000004,5,ramp_up,0.06940254940254699,0.00925366399999968,0.28986955400001696,0.77987945,0.78934336,0.782627162,5
demo_5_labeled,transport,finger_1,211,215,7.033326300000001,7.166659500000001,0.13333320000000004,5,constant,-0.0006689946689946855,-8.919920000000223e-05,0.024303838800000113,0.019604035,0.019513814,0.0195539814,5
demo_5_labeled,transport,finger_2,211,215,7.033326300000001,7.166659500000001,0.13333320000000004,5,constant,0.0005860955860955037,7.814599999998904e-05,0.016886099100000586,0.021000061,0.021077007,0.021047373600000002,5
demo_5_labeled,transport,joint_1,216,220,7.1999928,7.333326,0.13333319999999915,5,ramp_down,-1.4426822426822483,-0.19235743999999952,10.26246464200004,-0.14343467,-0.33625868,-0.22101583799999996,5
demo_5_labeled,transport,joint_2,216,220,7.1999928,7.333326,0.13333319999999915,5,ramp_down,-1.6764283164283273,-0.22352355200000004,12.40931229700008,0.33994684,0.116752915,0.22727871299999997,5
demo_5_labeled,transport,joint_3,216,220,7.1999928,7.333326,0.13333319999999915,5,ramp_up,1.3114973002973056,0.1748661318399996,-9.481540806400039,-0.020497212,0.155428,0.048663378880000004,5
demo_5_labeled,transport,joint_4,216,220,7.1999928,7.333326,0.13333319999999915,5,ramp_down,-0.3382068382068422,-0.04509420000000025,-0.2821408399999705,-2.714615,-2.759653,-2.73977474,5
demo_5_labeled,transport,joint_5,216,220,7.1999928,7.333326,0.13333319999999915,5,ramp_down,-0.7072456072456105,-0.09429931999999983,4.897513880000024,-0.20014058,-0.29361784,-0.24179906000000004,5
demo_5_labeled,transport,joint_6,216,220,7.1999928,7.333326,0.13333319999999915,5,ramp_down,-1.3751656751656876,-0.18335524000000047,13.32211698000009,3.4188826,3.2356377,3.3292564,5
demo_5_labeled,transport,joint_7,216,220,7.1999928,7.333326,0.13333319999999915,5,ramp_up,0.4909719109719112,0.06546285599999961,-2.7428342400000023,0.7963892,0.8611617,0.824891412,5
demo_5_labeled,transport,finger_1,216,220,7.1999928,7.333326,0.13333319999999915,5,constant,0.0007482817482817686,9.977080000000208e-05,0.01414259639999985,0.019530455,0.019628571,0.019580104999999997,5
demo_5_labeled,transport,finger_2,216,220,7.1999928,7.333326,0.13333319999999915,5,constant,-0.0011359631359632199,-0.00015146160000001024,0.02922893580000061,0.02104962,0.020900378,0.0209742786,5
demo_5_labeled,transport,joint_1,221,225,7.366659300000001,7.4999925,0.13333319999999915,5,ramp_up,0.26709458709459033,0.03561257600000021,-2.4216927000000243,-0.4055359,-0.38411537,-0.436291588,5
demo_5_labeled,transport,joint_2,221,225,7.366659300000001,7.4999925,0.13333319999999915,5,ramp_down,-1.579424308424322,-0.21058969720000048,11.700520887300101,0.06544396,-0.14445128,-0.0398547316,5
demo_5_labeled,transport,joint_3,221,225,7.366659300000001,7.4999925,0.13333319999999915,5,ramp_up,0.30580809580809726,0.040774371999999934,-1.984451553000011,0.22884847,0.279587,0.288719686,5
demo_5_labeled,transport,joint_4,221,225,7.366659300000001,7.4999925,0.13333319999999915,5,ramp_down,-0.16650256650256617,-0.022200319999999815,-1.5471713600000019,-2.76878,-2.790641,-2.7848391999999995,5
demo_5_labeled,transport,joint_5,221,225,7.366659300000001,7.4999925,0.13333319999999915,5,ramp_up,2.465083196083218,0.32867743080000084,-18.407595038500165,-0.25281623,0.07042209,-0.0838282714,5
demo_5_labeled,transport,joint_6,221,225,7.366659300000001,7.4999925,0.13333319999999915,5,ramp_down,-1.4259380259380483,-0.19012488000000177,13.697006040000167,3.1886551,2.9985318,3.09754398,5
demo_5_labeled,transport,joint_7,221,225,7.366659300000001,7.4999925,0.13333319999999915,5,ramp_down,-2.3258921858922075,-0.3101186480000009,17.95146315000016,0.82648796,0.5238395,0.6623485240000001,5
demo_5_labeled,transport,finger_1,221,225,7.366659300000001,7.4999925,0.13333319999999915,5,constant,0.00365598065598068,0.0004874636000000001,-0.007404857100000179,0.019460198,0.019868078,0.019771238599999998,5
demo_5_labeled,transport,finger_2,221,225,7.366659300000001,7.4999925,0.13333319999999915,5,constant,-0.004041394041394113,-0.0005388520000000061,0.05076330200000054,0.021066863,0.020607082,0.020722303,5
demo_5_labeled,transport,joint_1,226,230,7.533325800000001,7.666659000000001,0.13333320000000004,5,ramp_up,0.2568983268983256,0.034253075999999834,-2.2890939419999903,-0.35801104,-0.32299268,-0.33666861,5
demo_5_labeled,transport,joint_2,226,230,7.533325800000001,7.666659000000001,0.13333320000000004,5,ramp_down,-1.2734967434967452,-0.1697993960000003,9.397170816000015,-0.19364409,-0.36339125,-0.28139475599999997,5
demo_5_labeled,transport,joint_3,226,230,7.533325800000001,7.666659000000001,0.13333320000000004,5,ramp_down,-0.2359575259575253,-0.03146097199999992,2.0409901599999953,0.26503882,0.23330429,0.247714756,5
demo_5_labeled,transport,joint_4,226,230,7.533325800000001,7.666659000000001,0.13333320000000004,5,ramp_up,0.31903321903321125,0.042537719999998974,-5.19116909999994,-2.7855618,-2.743031,-2.7665190600000003,5
demo_5_labeled,transport,joint_5,226,230,7.533325800000001,7.666659000000001,0.13333320000000004,5,ramp_up,0.27910783510783554,0.03721434080000007,-1.9962775828000037,0.101335004,0.13941237,0.1249398428,5
demo_5_labeled,transport,joint_6,226,230,7.533325800000001,7.666659000000001,0.13333320000000004,5,ramp_down,-1.591903891903883,-0.21225363999999888,14.936564679999933,2.9447443,2.7325706,2.8381072000000005,5
demo_5_labeled,transport,joint_7,226,230,7.533325800000001,7.666659000000001,0.13333320000000004,5,ramp_down,-0.2095277995277952,-0.02793701199999943,2.076224125999967,0.50126565,0.47268185,0.483814442,5
demo_5_labeled,transport,finger_1,226,230,7.533325800000001,7.666659000000001,0.13333320000000004,5,constant,-0.00042768942768925915,-5.702519999997755e-05,0.02298873439999872,0.019778445,0.019715862,0.019738297999999998,5
demo_5_labeled,transport,finger_2,226,230,7.533325800000001,7.666659000000001,0.13333320000000004,5,constant,0.0006492576492576991,8.656760000000667e-05,0.015823453399999618,0.020703224,0.020795573,0.0207578066,5
demo_5_labeled,transport,joint_1,231,235,7.699992300000001,7.833325500000001,0.13333320000000004,5,constant,0.019704049704049088,0.0026272039999999186,-0.47177133899999535,-0.32051995,-0.31780007,-0.318736706,5
demo_5_labeled,transport,joint_2,231,235,7.699992300000001,7.833325500000001,0.13333320000000004,5,ramp_down,-0.3121249321249295,-0.04161661599999966,1.9925572839999797,-0.39838314,-0.44368955,-0.43161059799999996,5
demo_5_labeled,transport,joint_3,231,235,7.699992300000001,7.833325500000001,0.13333320000000004,5,ramp_down,-0.03793419793419918,-0.005057888000000167,0.5178257760000097,0.22780566,0.22191454,0.22320379999999998,5
demo_5_labeled,transport,joint_4,231,235,7.699992300000001,7.833325500000001,0.13333320000000004,5,ramp_up,0.1832113832113836,0.02442816000000006,-4.130534280000004,-2.726929,-2.7005837,-2.7075939599999996,5
demo_5_labeled,transport,joint_5,231,235,7.699992300000001,7.833325500000001,0.13333320000000004,5,constant,-0.002690822690822798,-0.0003587760000000144,0.1621534100000008,0.141265,0.14124914,0.141254708,5
demo_5_labeled,transport,joint_6,231,235,7.699992300000001,7.833325500000001,0.13333320000000004,5,ramp_down,-0.29339519339519804,-0.03911932000000063,4.920352250000036,2.6813257,2.6319451,2.6416518599999996,5
demo_5_labeled,transport,joint_7,231,235,7.699992300000001,7.833325500000001,0.13333320000000004,5,constant,-0.007178407178408299,-0.0009571200000001497,0.5254262600000088,0.4706599,0.46945322,0.4696740200000001,5
demo_5_labeled,transport,finger_1,231,235,7.699992300000001,7.833325500000001,0.13333320000000004,5,constant,-0.000282780282780338,-3.7704000000007376e-05,0.021882573800000433,0.019702036,0.019656686,0.0196863158,5
demo_5_labeled,transport,finger_2,231,235,7.699992300000001,7.833325500000001,0.13333320000000004,5,constant,0.0004134274134273464,5.512359999999108e-05,0.017636415100000524,0.020818923,0.020882439,0.0208473648,5
demo_5_labeled,transport,joint_1,236,240,7.866658800000001,7.999992000000001,0.13333320000000004,5,ramp_up,0.24381666381666514,0.03250885600000018,-2.2392239440000106,-0.32057443,-0.2884851,-0.304947012,5
demo_5_labeled,transport,joint_2,236,240,7.866658800000001,7.999992000000001,0.13333320000000004,5,ramp_down,-0.14956988956988826,-0.019942631999999832,0.7258439279999898,-0.44944358,-0.46929494,-0.460742676,5
demo_5_labeled,transport,joint_3,236,240,7.866658800000001,7.999992000000001,0.13333320000000004,5,ramp_up,0.8854628254628232,0.11806159199999973,-6.722819881999982,0.24362747,0.36147758,0.301844842,5
demo_5_labeled,transport,joint_4,236,240,7.866658800000001,7.999992000000001,0.13333320000000004,5,constant,-0.031116631116613617,-0.004148879999997668,-2.4617083000001383,-2.7046635,-2.7088082,-2.7085666600000002,5
demo_5_labeled,transport,joint_5,236,240,7.866658800000001,7.999992000000001,0.13333320000000004,5,ramp_up,0.03861585861585777,0.005148775999999889,-0.16122002999999333,0.14244013,0.14753665,0.14513214199999996,5
demo_5_labeled,transport,joint_6,236,240,7.866658800000001,7.999992000000001,0.13333320000000004,5,ramp_down,-0.09614619614621024,-0.012819480000001883,3.386545140000112,2.6298606,2.6170573,2.62378608,5
demo_5_labeled,transport,joint_7,236,240,7.866658800000001,7.999992000000001,0.13333320000000004,5,ramp_up,1.1117991917991874,0.14823974399999945,-8.239868047999966,0.506399,0.65464926,0.5803967200000001,5
demo_5_labeled,transport,finger_1,236,240,7.866658800000001,7.999992000000001,0.13333320000000004,5,constant,-0.0021673701673701824,-0.0002889824000000021,0.03699647660000013,0.019968003,0.019685129,0.0198020238,5
demo_5_labeled,transport,finger_2,236,240,7.866658800000001,7.999992000000001,0.13333320000000004,5,constant,0.002048963048962976,0.00027319479999999034,0.0044769378000005765,0.020577518,0.020843402,0.020732028399999998,5
demo_5_labeled,transport,joint_1,241,245,8.033325300000001,8.1666585,0.13333319999999915,5,ramp_up,0.15978879978879865,0.021305151999999713,-1.563500159999991,-0.28089502,-0.2596464,-0.269212176,5
demo_5_labeled,transport,joint_2,241,245,8.033325300000001,8.1666585,0.13333319999999915,5,ramp_up,0.08065919065919049,0.010754547999999909,-1.1200286709999987,-0.47051758,-0.45977277,-0.46668988,5
demo_5_labeled,transport,joint_3,241,245,8.033325300000001,8.1666585,0.13333319999999915,5,ramp_up,0.9420355320355318,0.12560461199999917,-7.175937576999999,0.39207608,0.51768994,0.45454260199999996,5
demo_5_labeled,transport,joint_4,241,245,8.033325300000001,8.1666585,0.13333319999999915,5,ramp_up,0.23975543975544514,0.031967360000000514,-4.633072020000044,-2.7052746,-2.673318,-2.6910549,5
demo_5_labeled,transport,joint_5,241,245,8.033325300000001,8.1666585,0.13333319999999915,5,constant,-0.03739566739566713,-0.004986083999999933,0.4493556709999979,0.14809747,0.14305314,0.14645106800000002,5
demo_5_labeled,transport,joint_6,241,245,8.033325300000001,8.1666585,0.13333319999999915,5,ramp_down,-0.13617823617822855,-0.018157079999998868,3.7073135899999388,2.6131172,2.5949612,2.60427098,5
demo_5_labeled,transport,joint_7,241,245,8.033325300000001,8.1666585,0.13333319999999915,5,ramp_up,1.1347923247923246,0.15130549199999901,-8.424264949,0.6920648,0.8433768,0.76754369,5
demo_5_labeled,transport,finger_1,241,245,8.033325300000001,8.1666585,0.13333319999999915,5,constant,-0.00017516417516417993,-2.3355200000000487e-05,0.02107706620000003,0.019670747,0.019646708,0.0196582378,5
demo_5_labeled,transport,finger_2,241,245,8.033325300000001,8.1666585,0.13333319999999915,5,constant,0.00023140523140518154,3.0853999999993156e-05,0.018998548500000396,0.020857533,0.020889081,0.020872929000000002,5
demo_5_labeled,transport,joint_1,246,250,8.199991800000001,8.333325,0.13333319999999915,5,ramp_down,-0.046076686076686114,-0.006143551999999966,0.12214452600000048,-0.25731784,-0.26350138,-0.258755698,5
demo_5_labeled,transport,joint_2,246,250,8.199991800000001,8.333325,0.13333319999999915,5,ramp_up,0.30210276210276277,0.04028032799999983,-2.931951912000006,-0.45329332,-0.41301832,-0.434571576,5
demo_5_labeled,transport,joint_3,246,250,8.199991800000001,8.333325,0.13333319999999915,5,ramp_up,1.0076072576072583,0.13434749999999923,-7.712914114000006,0.55001616,0.6843946,0.616630886,5
demo_5_labeled,transport,joint_4,246,250,8.199991800000001,8.333325,0.13333319999999915,5,ramp_up,0.49174339174339454,0.06556571999999995,-6.694900660000024,-2.661006,-2.5954542,-2.6298260200000003,5
demo_5_labeled,transport,joint_5,246,250,8.199991800000001,8.333325,0.13333319999999915,5,ramp_down,-0.2233445833445834,-0.029779247999999817,1.9722445710000005,0.13924088,0.109398745,0.125931195,5
demo_5_labeled,transport,joint_6,246,250,8.199991800000001,8.333325,0.13333319999999915,5,ramp_down,-0.17388437388437414,-0.023184559999999885,4.015977480000003,2.5898387,2.5666428,2.57853476,5
demo_5_labeled,transport,joint_7,246,250,8.199991800000001,8.333325,0.13333319999999915,5,ramp_up,1.1731110931110962,0.1564146559999994,-8.738160098000026,0.88170123,1.0381435,0.959548574,5
demo_5_labeled,transport,finger_1,246,250,8.199991800000001,8.333325,0.13333319999999915,5,constant,-0.0003822903822903969,-5.0972000000001625e-05,0.022775912000000124,0.01963902,0.01958803,0.019615648000000003,5
demo_5_labeled,transport,finger_2,246,250,8.199991800000001,8.333325,0.13333319999999915,5,constant,0.0005692115692116253,7.5894800000007e-05,0.016230281599999532,0.020900793,0.0209767,0.0209357592,5
demo_5_labeled,transport,joint_1,251,255,8.366658300000001,8.4999915,0.13333319999999915,5,ramp_down,-0.7835525735525762,-0.1044735719999997,6.3169346830000235,-0.25413308,-0.3527186,-0.291018746,5
demo_5_labeled,transport,joint_2,251,255,8.366658300000001,8.4999915,0.13333319999999915,5,ramp_up,1.0776227376227427,0.14368288799999976,-9.447288654000044,-0.41142944,-0.27524698,-0.35934598799999995,5
demo_5_labeled,transport,joint_3,251,255,8.366658300000001,8.4999915,0.13333319999999915,5,ramp_up,0.5349420849420884,0.07132554,-3.79297192100003,0.6906114,0.7575491,0.718368484,5
demo_5_labeled,transport,joint_4,251,255,8.366658300000001,8.4999915,0.13333319999999915,5,ramp_up,0.9344457344457409,0.12459264000000006,-10.427663080000054,-2.5928493,-2.4751465,-2.5471786,5
demo_5_labeled,transport,joint_5,251,255,8.366658300000001,8.4999915,0.13333319999999915,5,ramp_down,-0.9291961731961776,-0.1238926991999998,7.900480395600039,0.10945287,-0.00839571,0.0642671712,5
demo_5_labeled,transport,joint_6,251,255,8.366658300000001,8.4999915,0.13333319999999915,5,ramp_up,0.13444333444333384,0.017925759999999805,1.440562000000004,2.5671098,2.582998,2.57436632,5
demo_5_labeled,transport,joint_7,251,255,8.366658300000001,8.4999915,0.13333319999999915,5,ramp_up,0.3709926709926715,0.049465639999999755,-2.073085450000005,1.0379214,1.085675,1.0556162800000002,5
demo_5_labeled,transport,finger_1,251,255,8.366658300000001,8.4999915,0.13333319999999915,5,constant,0.001396096396096343,0.00018614599999999175,0.007614792500000439,0.01925802,0.019454828,0.019388527,5
demo_5_labeled,transport,finger_2,251,255,8.366658300000001,8.4999915,0.13333319999999915,5,constant,-0.001355578355578365,-0.0001807436000000001,0.03261339270000008,0.021309646,0.02111878,0.02118136,5
demo_5_labeled,transport,joint_1,256,260,8.5333248,8.666658,0.13333319999999915,5,ramp_down,-0.6728145728145775,-0.08970852000000006,5.34533553400004,-0.3885461,-0.47727257,-0.440864006,5
demo_5_labeled,transport,joint_2,256,260,8.5333248,8.666658,0.13333319999999915,5,ramp_up,1.7075715443715551,0.22767597824,-14.797628470120094,-0.22399972,0.0035242138,-0.11252787364000001,5
demo_5_labeled,transport,joint_3,256,260,8.5333248,8.666658,0.13333319999999915,5,ramp_up,0.3953964953964951,0.052719479999999624,-2.590530219999998,0.7785698,0.8303585,0.80987624,5
demo_5_labeled,transport,joint_4,256,260,8.5333248,8.666658,0.13333319999999915,5,ramp_up,1.4277719277719463,0.19036940000000127,-14.61762084000016,-2.43203,-2.2416134,-2.33879454,5
demo_5_labeled,transport,joint_5,256,260,8.5333248,8.666658,0.13333319999999915,5,ramp_down,-1.894883380883392,-0.2526508647999999,16.116143518800097,-0.058026534,-0.30971104,-0.17983726079999998,5
demo_5_labeled,transport,joint_6,256,260,8.5333248,8.666658,0.13333319999999915,5,ramp_down,-0.2853068853068814,-0.03804087999999924,5.021531939999965,2.5828488,2.5447185,2.56789518,5
demo_5_labeled,transport,joint_7,256,260,8.5333248,8.666658,0.13333319999999915,5,ramp_up,1.0149358149358212,0.13532463999999997,-7.554049480000056,1.1097516,1.2442602,1.1743898,5
demo_5_labeled,transport,finger_1,256,260,8.5333248,8.666658,0.13333319999999915,5,constant,-0.0001730341730342404,-2.3071200000008833e-05,0.020970038400000578,0.019481752,0.019459,0.019481946,5
demo_5_labeled,transport,finger_2,256,260,8.5333248,8.666658,0.13333319999999915,5,constant,0.0003901743901743734,5.202319999999743e-05,0.017752669800000134,0.021095611,0.021147624,0.0211081662,5
demo_5_labeled,transport,joint_1,261,265,8.6999913,8.833324500000002,0.13333320000000093,5,ramp_up,0.46636927636927294,0.06218250799999998,-4.53719276499997,-0.4760298,-0.4145383,-0.448692864,5
demo_5_labeled,transport,joint_2,261,265,8.6999913,8.833324500000002,0.13333320000000093,5,ramp_up,1.6583413223413148,0.22111195520000054,-14.361453245199936,0.063764036,0.28490996,0.17665780920000002,5
demo_5_labeled,transport,joint_3,261,265,8.6999913,8.833324500000002,0.13333320000000093,5,ramp_down,-0.45801993801993546,-0.06106926400000008,4.813123595999977,0.825888,0.7655218,0.797819488,5
demo_5_labeled,transport,joint_4,261,265,8.6999913,8.833324500000002,0.13333320000000093,5,ramp_up,1.6794784794784705,0.22393024000000036,-16.801862099999923,-2.189125,-1.9651943,-2.07844882,5
demo_5_labeled,transport,joint_5,261,265,8.6999913,8.833324500000002,0.13333320000000093,5,ramp_down,-1.3490935190935127,-0.1798789560000004,11.355101648999947,-0.37398097,-0.5541619,-0.471939708,5
demo_5_labeled,transport,joint_6,261,265,8.6999913,8.833324500000002,0.13333320000000093,5,ramp_down,-0.7043293043292971,-0.09391047999999969,8.653911579999937,2.525313,2.4316099,2.4792975200000003,5
demo_5_labeled,transport,joint_7,261,265,8.6999913,8.833324500000002,0.13333320000000093,5,ramp_up,0.5249009249009264,0.0699867200000007,-3.282692460000014,1.277495,1.3477263,1.31893438,5
demo_5_labeled,transport,finger_1,261,265,8.6999913,8.833324500000002,0.13333320000000093,5,constant,-0.0007786237786237486,-0.00010381639999999672,0.026196022099999737,0.0194272,0.019323092,0.0193700938,5
demo_5_labeled,transport,finger_2,261,265,8.6999913,8.833324500000002,0.13333320000000093,5,constant,0.0011895251895252391,0.0001586032000000077,0.01085236899999956,0.021194031,0.02135277,0.021280529399999998,5
demo_5_labeled,place,joint_1,267,271,8.899991100000001,9.0333243,0.13333319999999915,5,ramp_down,-0.06120921120921071,-0.008161219999999882,0.1443848389999956,-0.3992342,-0.4076054,-0.404457206,5
demo_5_labeled,place,joint_2,267,271,8.899991100000001,9.0333243,0.13333319999999915,5,ramp_up,0.04169932169932085,0.005559903999999851,-0.02510119199999239,0.34539264,0.35107562,0.348802352,5
demo_5_labeled,place,joint_3,267,271,8.899991100000001,9.0333243,0.13333319999999915,5,constant,-0.03687933687933597,-0.004917239999999848,1.0733045499999918,0.7457238,0.7406851,0.7426201600000001,5
demo_5_labeled,place,joint_4,267,271,8.899991100000001,9.0333243,0.13333319999999915,5,constant,-0.016412416412422602,-0.0021883200000008115,-1.7556021399999444,-1.9014335,-1.9036821,-1.90276666,5
demo_5_labeled,place,joint_5,267,271,8.899991100000001,9.0333243,0.13333319999999915,5,constant,0.00862494862494673,0.00114999199999974,-0.659102549999983,-0.58241177,-0.5812777,-0.581765588,5
demo_5_labeled,place,joint_6,267,271,8.899991100000001,9.0333243,0.13333319999999915,5,constant,-0.006336906336894219,-0.0008449199999983789,2.4636909699998912,2.4074063,2.4065385,2.4068701,5
demo_5_labeled,place,joint_7,267,271,8.899991100000001,9.0333243,0.13333319999999915,5,constant,0.0013365013364992331,0.00017819999999971843,1.339396450000019,1.3512652,1.3514423,1.3513804,5
demo_5_labeled,place,finger_1,267,271,8.899991100000001,9.0333243,0.13333319999999915,5,ramp_up,0.04128622128622109,0.0055048239999999395,-0.34952841999999834,0.019252576,0.026134003,0.020670994,5
demo_5_labeled,place,finger_2,267,271,8.899991100000001,9.0333243,0.13333319999999915,5,ramp_up,0.04208556008555986,0.005611402399999934,-0.354567071799998,0.021440944,0.028456148,0.0227997396,5
demo_5_labeled,place,joint_1,272,276,9.0666576,9.1999908,0.13333320000000093,5,constant,-0.00415614415614351,-0.0005541519999999177,-0.37048786600000594,-0.40808645,-0.40865692,-0.40844727799999997,5
demo_5_labeled,place,joint_2,272,276,9.0666576,9.1999908,0.13333320000000093,5,constant,0.0017584817584805955,0.00023446399999984657,0.33547177600001077,0.35137346,0.35161814,0.35153256,5
demo_5_labeled,place,joint_3,272,276,9.0666576,9.1999908,0.13333320000000093,5,constant,-0.0020530820530827976,-0.0002737440000001012,0.758997460000007,0.74042606,0.74014336,0.740245996,5
demo_5_labeled,place,joint_4,272,276,9.0666576,9.1999908,0.13333320000000093,5,constant,-0.00013080013079710745,-1.7439999999597008e-05,-1.902561400000028,-1.9037415,-1.9037611,-1.90375604,5
demo_5_labeled,place,joint_5,272,276,9.0666576,9.1999908,0.13333320000000093,5,constant,8.685008685154104e-05,1.1580000000193971e-05,-0.5820440280000135,-0.5812586,-0.5812465,-0.5812507979999999,5
demo_5_labeled,place,joint_6,272,276,9.0666576,9.1999908,0.13333320000000093,5,constant,-0.00020010020010460708,-2.6680000000587782e-05,2.4083222200000405,2.4065135,2.406486,2.4064946400000005,5
demo_5_labeled,place,joint_7,272,276,9.0666576,9.1999908,0.13333320000000093,5,constant,2.910002909508865e-05,3.879999999341301e-06,1.3511813600000453,1.3514444,1.3514483,1.3514471399999999,5
demo_5_labeled,place,finger_1,272,276,9.0666576,9.1999908,0.13333320000000093,5,ramp_up,0.05074292674292695,0.006765716800000075,-0.4264580470000019,0.032440208,0.039466675,0.0369935538,5
demo_5_labeled,place,finger_2,272,276,9.0666576,9.1999908,0.13333320000000093,5,ramp_up,0.04033169833169843,0.005377554400000051,-0.3307521468000009,0.033991177,0.039576016,0.037610329600000006,5
demo_5_labeled,retract,joint_1,277,281,9.2333241,9.366657300000002,0.13333320000000093,5,constant,-0.00021681021681034957,-2.8908000000017905e-05,-0.4066863949999988,-0.40868375,-0.40871358,-0.408702728,5
demo_5_labeled,retract,joint_2,277,281,9.2333241,9.366657300000002,0.13333320000000093,5,constant,7.824007824047943e-05,1.0432000000053564e-05,0.3509069599999964,0.3516278,0.35163856,0.351634592,5
demo_5_labeled,retract,joint_3,277,281,9.2333241,9.366657300000002,0.13333320000000093,5,constant,-0.0001036501036491959,-1.3819999999879064e-05,0.7410854669999918,0.7401306,0.74011624,0.740121522,5
demo_5_labeled,retract,joint_4,277,281,9.2333241,9.366657300000002,0.13333320000000093,5,constant,2.4323792101744645e-15,3.2431690370603617e-16,-1.9037611000000232,-1.9037611,-1.9037611,-1.9037611,5
demo_5_labeled,retract,joint_5,277,281,9.2333241,9.366657300000002,0.13333320000000093,5,constant,6.080948025436161e-16,8.107922592650904e-17,-0.5812464000000058,-0.5812464,-0.5812464,-0.5812464,5
demo_5_labeled,retract,joint_6,277,281,9.2333241,9.366657300000002,0.13333320000000093,5,constant,2.4323792101744645e-15,3.2431690370603617e-16,2.4064859999999784,2.406486,2.406486,2.406486,5
demo_5_labeled,retract,joint_7,277,281,9.2333241,9.366657300000002,0.13333320000000093,5,constant,0.0,0.0,1.3514483000000004,1.3514483,1.3514483,1.3514483,5
demo_5_labeled,retract,finger_1,277,281,9.2333241,9.366657300000002,0.13333320000000093,5,constant,0.0018448788448788788,0.00024598360000000624,0.022733348099999693,0.039725147,0.03998062,0.0398907042,5
demo_5_labeled,retract,finger_2,277,281,9.2333241,9.366657300000002,0.13333320000000093,5,constant,0.001466641466641524,0.00019555200000000899,0.026273326999999472,0.039781474,0.03998456,0.039913079,5
