window_id,start_time_sec,end_time_sec,center_time_sec,mean_position,range_position,energy,energy_label
0,0.0,0.018880495,0.00940244565,-0.9354964790690226,0.0,2.465190328815662e-31,low_energy
1,0.004915232,0.023881991,0.01439973155,-0.9354964790690226,0.0,2.465190328815662e-31,low_energy
2,0.00990681,0.028896211,0.019398718700000005,-0.9354964790690226,0.0,2.465190328815662e-31,low_energy
3,0.014906432,0.033875085,0.02439298335,-0.9354964790690226,0.0,2.465190328815662e-31,low_energy
4,0.019879344,0.038885617,0.0293924219,-0.9354964790690226,0.0,2.465190328815662e-31,low_energy
5,0.024904735,0.04388003,0.0343909387,-0.9354964790690226,0.0,2.465190328815662e-31,low_energy
6,0.029886904,0.048892887,0.0393982987,-0.9354964790690226,0.0,2.465190328815662e-31,low_energy
7,0.034879594,0.053934078,0.04439995035,-0.9354964790690226,0.0,2.465190328815662e-31,low_energy
8,0.039902811,0.058883696,0.0494001358,-0.9354964790690226,0.0,2.465190328815662e-31,low_energy
9,0.044907482,0.063883228,0.05439989790000001,-0.9354964790690226,0.0,2.465190328815662e-31,low_energy
10,0.049897857,0.068907567,0.0593936201,-0.9354964790690226,0.0,2.465190328815662e-31,low_energy
11,0.054910715,0.073922819,0.06439608035000001,-0.9354964790690226,0.0,2.465190328815662e-31,low_energy
12,0.059883827,0.078954733,0.06940055789999999,-0.9354964790690226,0.0,2.465190328815662e-31,low_energy
13,0.064908196,0.083885555,0.07440025245000001,-0.9354964790690226,0.0,2.465190328815662e-31,low_energy
14,0.069903741,0.088910435,0.07940319665000001,-0.9354964790690226,0.0,2.465190328815662e-31,low_energy
15,0.074893465,0.09387982,0.08439736175,-0.9354964790690226,0.0,2.465190328815662e-31,low_energy
16,0.079887126,0.098876056,0.08939085449999999,-0.9354964790690226,0.0,2.465190328815662e-31,low_energy
17,0.084926573,0.103884936,0.09439390980000001,-0.9354964790690226,0.0,2.465190328815662e-31,low_energy
18,0.089882483,0.108941446,0.09939183695,-0.9354964790690226,0.0,2.465190328815662e-31,low_energy
19,0.094874782,0.113894761,0.10439804875,-0.9354964790690226,0.0,2.465190328815662e-31,low_energy
20,0.099917786,0.118896377,0.10940185955,-0.9354964790690226,0.0,2.465190328815662e-31,low_energy
21,0.104890678,0.12388581,0.11439933390000001,-0.9354964790690226,0.0,2.465190328815662e-31,low_energy
22,0.109912582,0.128899439,0.11939702360000001,-0.9354964790690226,0.0,2.465190328815662e-31,low_energy
23,0.114876768,0.133900424,0.12439546125000003,-0.9354964790690226,0.0,2.465190328815662e-31,low_energy
24,0.119909523,0.138888104,0.129393435,-0.9354964790690226,0.0,2.465190328815662e-31,low_energy
25,0.12488021,0.143876866,0.13439344765,-0.9354964790690226,0.0,2.465190328815662e-31,low_energy
26,0.129909729,0.148911765,0.13940364704999997,-0.9354964790690226,0.0,2.465190328815662e-31,low_energy
27,0.134904202,0.153888293,0.1444012596,-0.9354964790690226,0.0,2.465190328815662e-31,low_energy
28,0.139920526,0.158885501,0.1494054702,-0.9354964790690226,0.0,2.465190328815662e-31,low_energy
29,0.144880393,0.163892688,0.15440772750000004,-0.9354964790690226,0.0,2.465190328815662e-31,low_energy
30,0.149895625,0.168892741,0.1594012137,-0.9354964790690226,0.0,2.465190328815662e-31,low_energy
31,0.154883285,0.173899317,0.16440070234999998,-0.9354964790690226,0.0,2.465190328815662e-31,low_energy
32,0.159922261,0.178887527,0.16939532165,-0.9354964790690226,0.0,2.465190328815662e-31,low_energy
33,0.164912015,0.183895856,0.174394959,-0.9354964790690226,0.0,2.465190328815662e-31,low_energy
34,0.169893733,0.188881632,0.17939088035,-0.9354964790690226,0.0,2.465190328815662e-31,low_energy
35,0.174902593,0.193890282,0.18439105979999998,-0.9354964790690226,0.0,2.465190328815662e-31,low_energy
36,0.179900452,0.19889822,0.18939167655,-0.9354964790690226,0.0,2.465190328815662e-31,low_energy
37,0.184895486,0.203884407,0.19438874965,-0.9354964790690226,0.0,2.465190328815662e-31,low_energy
38,0.189883036,0.208897124,0.19939033925,-0.9354964790690226,0.0,2.465190328815662e-31,low_energy
39,0.194890132,0.213910983,0.2043924107,-0.9354964790690226,0.0,2.465190328815662e-31,low_energy
40,0.199890446,0.218880298,0.2093944542,-0.9354964790690226,0.0,2.465190328815662e-31,low_energy
41,0.204903293,0.223885231,0.21439638789999999,-0.9354964790690226,0.0,2.465190328815662e-31,low_energy
42,0.209888188,0.228928465,0.219402183,-0.9354964790690226,0.0,2.465190328815662e-31,low_energy
43,0.214910443,0.233890617,0.2244050164,-0.9354964790690226,0.0,2.465190328815662e-31,low_energy
44,0.219886601,0.238893776,0.22940560905000001,-0.9354964790690226,0.0,2.465190328815662e-31,low_energy
45,0.224906021,0.243886636,0.23440632499999997,-0.9354964790690226,0.0,2.465190328815662e-31,low_energy
46,0.229918297,0.248889855,0.23940493094999998,-0.9354964790690226,0.0,2.465190328815662e-31,low_energy
47,0.234911497,0.253925014,0.24440238230000003,-0.9354964790690226,0.0,2.465190328815662e-31,low_energy
48,0.239885792,0.25888909,0.24940458054999998,-0.9354964790690226,0.0,2.465190328815662e-31,low_energy
49,0.244914128,0.263890245,0.2544059357,-0.9354964790690226,0.0,2.465190328815662e-31,low_energy
50,0.249901918,0.268926516,0.25940325875000003,-0.9354964790690226,0.0,2.465190328815662e-31,low_energy
51,0.254909796,0.273883338,0.2644019283,-0.9354964790690226,0.0,2.465190328815662e-31,low_energy
52,0.259927823,0.278894131,0.26940022219999993,-0.9354964790690226,0.0,2.465190328815662e-31,low_energy
53,0.26489773,0.283888684,0.27439728220000004,-0.9354964790690226,0.0,2.465190328815662e-31,low_energy
54,0.269922049,0.288886423,0.27939836670000007,-0.9354964790690226,0.0,2.465190328815662e-31,low_energy
55,0.274917914,0.293889532,0.28440231374999997,-0.9354964790690226,0.0,2.465190328815662e-31,low_energy
56,0.27989326,0.29889742,0.2894007719,-0.9354964790690226,0.0,2.465190328815662e-31,low_energy
57,0.284905266,0.303915738,0.29440232099999997,-0.9354964790690226,0.0,2.465190328815662e-31,low_energy
58,0.289885352,0.308882117,0.29940124765,-0.9354964790690226,0.0,2.465190328815662e-31,low_energy
59,0.294887158,0.313884114,0.3043959672,-0.9354964790690226,0.0,2.465190328815662e-31,low_energy
60,0.299892692,0.318897523,0.3093941504,-0.9354964790690226,0.0,2.465190328815662e-31,low_energy
61,0.304914937,0.323909669,0.31439645279999995,-0.9354964790690226,0.0,2.465190328815662e-31,low_energy
62,0.30988836,0.328913168,0.31939646585,-0.9354964790690226,0.0,2.465190328815662e-31,low_energy
63,0.314888834,0.333910236,0.3243970796500001,-0.9354964790690226,0.0,2.465190328815662e-31,low_energy
64,0.319882134,0.338920218,0.3294014028500001,-0.9354964790690226,0.0,2.465190328815662e-31,low_energy
65,0.324909118,0.343916664,0.33439936405,-0.9354964790690226,0.0,2.465190328815662e-31,low_energy
66,0.329880758,0.348890418,0.33940040064999993,-0.9354964790690226,0.0,2.465190328815662e-31,low_energy
67,0.334939712,0.353878608,0.344401366,-0.9354964790690226,0.0,2.465190328815662e-31,low_energy
68,0.339887026,0.358889322,0.34939874065,-0.9354964790690226,0.0,2.465190328815662e-31,low_energy
69,0.344888231,0.363914603,0.354398619,-0.9354964790690226,0.0,2.465190328815662e-31,low_energy
70,0.349894626,0.36891711,0.3593979372500001,-0.9354964790690226,0.0,2.465190328815662e-31,low_energy
71,0.354925047,0.373916242,0.36439723155000003,-0.9354964790690226,0.0,2.465190328815662e-31,low_energy
72,0.359916303,0.378886118,0.36939899145,-0.9354964790690226,0.0,2.465190328815662e-31,low_energy
73,0.364894255,0.383901981,0.37440835520000004,-0.9354964790690226,0.0,2.465190328815662e-31,low_energy
74,0.369886814,0.388893408,0.3794076119,-0.9354964790690226,0.0,2.465190328815662e-31,low_energy
75,0.374892277,0.393891988,0.38440783835,-0.9354964790690226,0.0,2.465190328815662e-31,low_energy
76,0.379882652,0.398901149,0.38940734450000003,-0.9354964790690226,0.0,2.465190328815662e-31,low_energy
77,0.384894888,0.403892245,0.39439652315,-0.9354964790690226,0.0,2.465190328815662e-31,low_energy
78,0.389888579,0.408886617,0.39939463920000007,-0.9354964790690226,0.0,2.465190328815662e-31,low_energy
79,0.394899443,0.413917469,0.40439891789999993,-0.9354964790690226,0.0,2.465190328815662e-31,low_energy
80,0.399897292,0.41890579,0.4094029942,-0.9354964790690226,0.0,2.465190328815662e-31,low_energy
81,0.404896063,0.423916663,0.41440684655000004,-0.9354964790690226,0.0,2.465190328815662e-31,low_energy
82,0.40990352,0.428904253,0.41940983924999997,-0.9354964790690226,0.0,2.465190328815662e-31,low_energy
83,0.414920305,0.433902984,0.42441104515,-0.9354964790690226,0.0,2.465190328815662e-31,low_energy
84,0.419916691,0.438905562,0.42940888365,-0.9354964790690226,0.0,2.465190328815662e-31,low_energy
85,0.424905553,0.44390298,0.4344085206,-0.9354964790690226,0.0,2.465190328815662e-31,low_energy
86,0.429908672,0.448989847,0.43941680135,-0.9354964790690226,0.0,2.465190328815662e-31,low_energy
87,0.434897875,0.453937391,0.44441349615000003,-0.9354964790690226,0.0,2.465190328815662e-31,low_energy
88,0.439905883,0.458901236,0.4494109398999999,-0.9354964790690226,0.0,2.465190328815662e-31,low_energy
89,0.444916877,0.463880339,0.45440866709999994,-0.9354964790690226,0.0,2.465190328815662e-31,low_energy
90,0.449891592,0.468923815,0.45940153269999995,-0.9354964790690226,0.0,2.465190328815662e-31,low_energy
91,0.454910391,0.473891046,0.464399516,-0.9354964790690226,0.0,2.465190328815662e-31,low_energy
92,0.459893832,0.478883755,0.4694002379500001,-0.9354964790690226,0.0,2.465190328815662e-31,low_energy
93,0.464889587,0.483891413,0.47439940304999995,-0.9354964790690226,0.0,2.465190328815662e-31,low_energy
94,0.469897155,0.488876638,0.4793942614500001,-0.9354964790690226,0.0,2.465190328815662e-31,low_energy
95,0.474888632,0.493890848,0.48439339634999995,-0.9354964790690226,0.0,2.465190328815662e-31,low_energy
96,0.47989644,0.498881483,0.48938945895,-0.9354964790690226,0.0,2.465190328815662e-31,low_energy
97,0.484882156,0.503883921,0.4943883284,-0.9354964790690226,0.0,2.465190328815662e-31,low_energy
98,0.48988813,0.508883353,0.49938883390000005,-0.9354964790690226,0.0,2.465190328815662e-31,low_energy
99,0.494882272,0.5138920020000001,0.5043889096,-0.9354964790690226,0.0,2.465190328815662e-31,low_energy
100,0.499885221,0.518902916,0.5093938320000001,-0.9354964790690226,0.0,2.465190328815662e-31,low_energy
101,0.504895553,0.523888331,0.51439709865,-0.9354964790690226,0.0,2.465190328815662e-31,low_energy
102,0.509896027,0.5289000770000001,0.5193983401,-0.9354964790690226,0.0,2.465190328815662e-31,low_energy
103,0.51489057,0.5339149480000001,0.5244017836500001,-0.9354964790690226,0.0,2.465190328815662e-31,low_energy
104,0.51990494,0.538897548,0.5294003860500001,-0.9354964790690226,0.0,2.465190328815662e-31,low_energy
105,0.524888432,0.5438857690000001,0.5343975057,-0.9354964790690226,0.0,2.465190328815662e-31,low_energy
106,0.5298852390000001,0.548906632,0.53940070435,-0.9354964790690226,0.0,2.465190328815662e-31,low_energy
107,0.534909959,0.553907306,0.54440094695,-0.9354964790690226,0.0,2.465190328815662e-31,low_energy
108,0.539891227,0.558885728,0.54939951035,-0.9354964790690226,0.0,2.465190328815662e-31,low_energy
109,0.544884778,0.5638826250000001,0.5543997249,-0.9354964790690226,0.0,2.465190328815662e-31,low_energy
110,0.5499252170000001,0.5688803840000001,0.55939616825,-0.9354964790690226,0.0,2.465190328815662e-31,low_energy
111,0.554892799,0.573941192,0.5643957930999999,-0.9354964790690226,0.0,2.465190328815662e-31,low_energy
112,0.559917609,0.57887994,0.5693950734000001,-0.9354964790690226,0.0,2.465190328815662e-31,low_energy
113,0.564892515,0.5838940890000001,0.57439483045,-0.9354964790690226,0.0,2.465190328815662e-31,low_energy
114,0.569921713,0.588905785,0.57939461265,-0.9354964790690226,0.0,2.465190328815662e-31,low_energy
115,0.5748786450000001,0.59388079,0.5843906908000001,-0.9354964790690226,0.0,2.465190328815662e-31,low_energy
116,0.579881092,0.5988964830000001,0.5893909928500002,-0.9354964790690226,0.0,2.465190328815662e-31,low_energy
117,0.5848795130000001,0.6039295290000001,0.5943927287500002,-0.9354964790690226,0.0,2.465190328815662e-31,low_energy
118,0.589888973,0.6088850180000001,0.59939146085,-0.9354964790690226,0.0,2.465190328815662e-31,low_energy
119,0.594884598,0.613898065,0.6043931702,-0.9354964790690226,0.0,2.465190328815662e-31,low_energy
120,0.599899509,0.618905773,0.60939527925,-0.9354964790690226,0.0,2.465190328815662e-31,low_energy
121,0.6049025880000001,0.6239460920000001,0.6143970908,-0.9354964790690226,0.0,2.465190328815662e-31,low_energy
122,0.609907631,0.6289018620000001,0.61939817595,-0.9354964790690226,0.0,2.465190328815662e-31,low_energy
123,0.614881915,0.633888279,0.6243976129500001,-0.9354964790690226,0.0,2.465190328815662e-31,low_energy
124,0.619891767,0.6389338880000001,0.6293980238000001,-0.9354964790690226,0.0,2.465190328815662e-31,low_energy
125,0.624877954,0.6438774150000001,0.6343931702,-0.9354964790690226,0.0,2.465190328815662e-31,low_energy
126,0.6298952400000001,0.648900111,0.63939630425,-0.9354964790690226,0.0,2.465190328815662e-31,low_energy
127,0.634881647,0.6538862280000001,0.6443968659500001,-0.9354964790690226,0.0,2.465190328815662e-31,low_energy
128,0.639875649,0.658881131,0.6493961461999999,-0.9354964790690226,0.0,2.465190328815662e-31,low_energy
129,0.644873899,0.663877798,0.6543953081,-0.9354964790690226,0.0,2.465190328815662e-31,low_energy
130,0.6498921360000001,0.6688808270000001,0.6593954083500001,-0.9354964790690226,0.0,2.465190328815662e-31,low_energy
131,0.654915303,0.673889336,0.6643951694499999,-0.9354964790690226,0.0,2.465190328815662e-31,low_energy
132,0.659891611,0.6788876460000001,0.6693949637000001,-0.9354964790690226,0.0,2.465190328815662e-31,low_energy
133,0.664901473,0.6838811170000001,0.6743972136,-0.9354964790690226,0.0,2.465190328815662e-31,low_energy
134,0.6699082390000001,0.6888836540000001,0.6793945941999999,-0.9354964790690226,0.0,2.465190328815662e-31,low_energy
135,0.6748774740000001,0.6939009,0.6843947120500001,-0.9354964790690226,0.0,2.465190328815662e-31,low_energy
136,0.679878038,0.698893659,0.6893928160000001,-0.9354964790690226,0.0,2.465190328815662e-31,low_energy
137,0.6848808270000001,0.703912729,0.6943950849,-0.9354964790690226,0.0,2.465190328815662e-31,low_energy
138,0.689882874,0.7088977430000001,0.69939426745,-0.9354964790690226,0.0,2.465190328815662e-31,low_energy
139,0.694894058,0.7138927570000001,0.70439366285,-0.9354964790690226,0.0,2.465190328815662e-31,low_energy
140,0.699910392,0.718889985,0.7093950651500001,-0.9354964790690226,0.0,2.465190328815662e-31,low_energy
141,0.70487626,0.72394948,0.7143968741000001,-0.9354964790690226,0.0,2.465190328815662e-31,low_energy
142,0.709893596,0.7289053600000001,0.7193991700500001,-0.9354964790690226,0.0,2.465190328815662e-31,low_energy
143,0.714890113,0.733890695,0.7244003924,-0.9354964790690226,0.0,2.465190328815662e-31,low_energy
144,0.719888873,0.738890147,0.7293990137499999,-0.9354964790690226,0.0,2.465190328815662e-31,low_energy
145,0.72489601,0.743910138,0.7343979538500001,-0.9354964790690226,0.0,2.465190328815662e-31,low_energy
146,0.729894039,0.748891757,0.7393987855,-0.9354964790690226,0.0,2.465190328815662e-31,low_energy
147,0.7348891630000001,0.753892341,0.7443982977000001,-0.9354964790690226,0.0,2.465190328815662e-31,low_energy
148,0.739925084,0.7588903300000001,0.74939905325,-0.9354964790690226,0.0,2.465190328815662e-31,low_energy
149,0.744893648,0.76388871,0.75439579225,-0.9354964790690226,0.0,2.465190328815662e-31,low_energy
150,0.749900354,0.7689089210000001,0.75939876845,-0.9354964790690226,0.0,2.465190328815662e-31,low_energy
151,0.7548915700000001,0.7739183420000001,0.7644030085000001,-0.9354964790690226,0.0,2.465190328815662e-31,low_energy
152,0.759890281,0.77891003,0.7694051251000001,-0.9354964790690226,0.0,2.465190328815662e-31,low_energy
153,0.7649287570000001,0.7838898550000001,0.77440524995,-0.9354964790690226,0.0,2.465190328815662e-31,low_energy
154,0.769910665,0.7889270580000001,0.7794028109,-0.9354964790690226,0.0,2.465190328815662e-31,low_energy
155,0.7749035750000001,0.7938955010000001,0.78439906595,-0.9354964790690226,0.0,2.465190328815662e-31,low_energy
156,0.7798938000000001,0.7989714680000001,0.7894074830000001,-0.9354964790690226,0.0,2.465190328815662e-31,low_energy
157,0.7848931920000001,0.804052054,0.79444044035,-0.9354964790690226,0.0,2.465190328815662e-31,low_energy
158,0.789892884,0.809120075,0.7994887648000001,-0.9354964790690226,0.0,2.465190328815662e-31,low_energy
159,0.794884652,0.814212774,0.8045587567500002,-0.9354964790690226,0.0,2.465190328815662e-31,low_energy
160,0.7999924690000001,0.8192416010000001,0.8096362783,-0.9354964790690226,0.0,2.465190328815662e-31,low_energy
161,0.8050729640000001,0.824316005,0.8147036377000001,-0.9354964790690226,0.0,2.465190328815662e-31,low_energy
162,0.8101357960000001,0.829386111,0.8197725826500001,-0.9354964790690226,0.0,2.465190328815662e-31,low_energy
163,0.8152179540000001,0.834464171,0.8248399370000001,-0.9354964790690226,0.0,2.465190328815662e-31,low_energy
164,0.820278963,0.839522926,0.8299051183500001,-0.9354964790690226,0.0,2.465190328815662e-31,low_energy
165,0.825328519,0.844614402,0.8349759233,-0.9354964790690226,0.0,2.465190328815662e-31,low_energy
166,0.8304094550000001,0.8496909090000001,0.8400484605499999,-0.9354964790690226,0.0,2.465190328815662e-31,low_energy
167,0.835475944,0.854741368,0.8451137496000001,-0.9354964790690226,0.0,2.465190328815662e-31,low_energy
168,0.8405629320000001,0.8597803350000001,0.8501768195,-0.9354964790690226,0.0,2.465190328815662e-31,low_energy
169,0.845645912,0.864823569,0.8552359277999999,-0.9354964790690226,0.0,2.465190328815662e-31,low_energy
170,0.850707301,0.8699115890000001,0.8602910551,-0.9354964790690226,0.0,2.465190328815662e-31,low_energy
171,0.8557369,0.8749052500000001,0.86533596855,-0.9354964790690226,0.0,2.465190328815662e-31,low_energy
172,0.860790935,0.8798826300000001,0.8703698486,-0.9354964790690226,0.0,2.465190328815662e-31,low_energy
173,0.8658626540000001,0.884898273,0.8753911670000001,-0.9354964790690226,0.0,2.465190328815662e-31,low_energy
174,0.8709010290000001,0.889892144,0.8803947323000001,-0.9354964790690226,0.0,2.465190328815662e-31,low_energy
175,0.8758937290000001,0.894915942,0.8853974841500001,-0.9354964790690226,0.0,2.465190328815662e-31,low_energy
176,0.8808890530000001,0.8999558310000001,0.89039942745,-0.9354964790690226,0.0,2.465190328815662e-31,low_energy
177,0.885897993,0.904909346,0.8954028325500001,-0.9354964790690226,0.0,2.465190328815662e-31,low_energy
178,0.890887336,0.909894691,0.9004050898500001,-0.9354964790690226,0.0,2.465190328815662e-31,low_energy
179,0.895896847,0.914886309,0.9054072515,-0.9354964790690226,0.0,2.465190328815662e-31,low_energy
180,0.900899265,0.919889658,0.9104062581999999,-0.9354964790690226,0.0,2.465190328815662e-31,low_energy
181,0.905908936,0.924895102,0.9154057347,-0.9354964790690226,0.0,2.465190328815662e-31,low_energy
182,0.910892207,0.929900585,0.9204048430999998,-0.9354964790690226,0.0,2.465190328815662e-31,low_energy
183,0.915892311,0.934894968,0.9254022343000002,-0.9354964790690226,0.0,2.465190328815662e-31,low_energy
184,0.920882605,0.939884511,0.9304003293,-0.9354964790690226,0.0,2.465190328815662e-31,low_energy
185,0.925889852,0.944890766,0.9353981818999999,-0.9354964790690226,0.0,2.465190328815662e-31,low_energy
186,0.930900035,0.949917269,0.9404027892,-0.9354964790690226,0.0,2.465190328815662e-31,low_energy
187,0.935887574,0.954897214,0.94540398805,-0.9354964790690226,0.0,2.465190328815662e-31,low_energy
188,0.940921431,0.959893841,0.95040802125,-0.9354964790690226,0.0,2.465190328815662e-31,low_energy
189,0.945920332,0.96491843,0.9554124315999999,-0.9354964790690226,0.0,2.465190328815662e-31,low_energy
190,0.950912591,0.969915298,0.9604062466000001,-0.9354964790690226,0.0,2.465190328815662e-31,low_energy
191,0.955902114,0.974891536,0.96540656535,-0.9354964790690226,0.0,2.465190328815662e-31,low_energy
192,0.960945399,0.979884896,0.9704075237500002,-0.9354964790690226,0.0,2.465190328815662e-31,low_energy
193,0.96591266,0.984891632,0.9754054333500001,-0.9354964790690226,0.0,2.465190328815662e-31,low_energy
194,0.970923484,0.989889611,0.9804047951499998,-0.9354964790690226,0.0,2.465190328815662e-31,low_energy
195,0.975891897,0.994909412,0.9854042396499999,-0.9354964790690226,0.0,2.465190328815662e-31,low_energy
196,0.980887361,0.999903624,0.9904034948000001,-0.9354964790690226,0.0,2.465190328815662e-31,low_energy
197,0.98589573,1.0049353170000002,0.9954019896,-0.9354964790690226,0.0,2.465190328815662e-31,low_energy
198,0.990914419,1.009939047,1.0004066019000002,-0.9354964790690226,0.0,2.465190328815662e-31,low_energy
199,0.995941653,1.014901078,1.0054068459,-0.9354964790690226,0.0,2.465190328815662e-31,low_energy
200,1.00090639,1.019890411,1.0104053772500001,-0.9354964790690226,0.0,2.465190328815662e-31,low_energy
201,1.005922984,1.024914961,1.0154056359,-0.9354964790690226,0.0,2.465190328815662e-31,low_energy
202,1.010887611,1.0298957480000002,1.0204023563500002,-0.9354964790690226,0.0,2.465190328815662e-31,low_energy
203,1.015913102,1.0348809330000002,1.0253988167500003,-0.9354964790690226,0.0,2.465190328815662e-31,low_energy
204,1.0209084160000002,1.0398803250000002,1.0303976176499998,-0.9354964790690226,0.0,2.465190328815662e-31,low_energy
205,1.025880316,1.044935332,1.0353952197,-0.9354964790690226,0.0,2.465190328815662e-31,low_energy
206,1.030887923,1.0499028540000002,1.0403988932500001,-0.9354964790690226,0.0,2.465190328815662e-31,low_energy
207,1.035906422,1.054907225,1.0454006878,-0.9354964790690226,0.0,2.465190328815662e-31,low_energy
208,1.040881718,1.05987637,1.05039799075,-0.9354964790690226,0.0,2.465190328815662e-31,low_energy
209,1.045885969,1.064924464,1.0553979747,-0.9354964790690226,0.0,2.465190328815662e-31,low_energy
210,1.050880833,1.069896283,1.0603905456999998,-0.9354964790690226,0.0,2.465190328815662e-31,low_energy
211,1.055884012,1.074908069,1.0653917109499997,-0.9354964790690226,0.0,2.465190328815662e-31,low_energy
212,1.060880187,1.079895618,1.0703970971499999,-0.9354964790690226,0.0,2.465190328815662e-31,low_energy
213,1.065883086,1.084883949,1.0753955819,-0.9354964790690226,0.0,2.465190328815662e-31,low_energy
214,1.070896815,1.089875356,1.0803956491000002,-0.9354964790690226,0.0,2.465190328815662e-31,low_energy
215,1.075936483,1.094875419,1.0853941914000003,-0.9354964790690226,0.0,2.465190328815662e-31,low_energy
216,1.080890048,1.09989002,1.0903892681999998,-0.9354964790690226,0.0,2.465190328815662e-31,low_energy
217,1.085900942,1.104882449,1.09538871735,-0.9354964790690226,0.0,2.465190328815662e-31,low_energy
218,1.090893331,1.109899675,1.1003888297500002,-0.9354964790690226,0.0,2.465190328815662e-31,low_energy
219,1.095880309,1.114886142,1.1053870039000002,-0.9354964790690226,0.0,2.465190328815662e-31,low_energy
220,1.10090535,1.11988358,1.1103890554,-0.9354964790690226,0.0,2.465190328815662e-31,low_energy
221,1.105873072,1.124901026,1.1153905262000001,-0.9354964790690226,0.0,2.465190328815662e-31,low_energy
222,1.110885869,1.129881613,1.1203926302,-0.9354964790690226,0.0,2.465190328815662e-31,low_energy
223,1.115882165,1.134897095,1.1253953539500001,-0.9354964790690226,0.0,2.465190328815662e-31,low_energy
224,1.120886276,1.13993516,1.13039822995,-0.9354964790690226,0.0,2.465190328815662e-31,low_energy
225,1.1258898860000002,1.144889587,1.13539750115,-0.9354964790690226,0.0,2.465190328815662e-31,low_energy
226,1.130921669,1.1498938280000002,1.14040266045,-0.9354964790690226,0.0,2.465190328815662e-31,low_energy
227,1.135877308,1.154918037,1.1454011392,-0.9354964790690226,0.0,2.465190328815662e-31,low_energy
228,1.140889314,1.159878445,1.1503966298,-0.9354964790690226,0.0,2.465190328815662e-31,low_energy
229,1.145889367,1.1648843,1.15539546065,-0.9354964790690226,0.0,2.465190328815662e-31,low_energy
230,1.150881676,1.169874294,1.1603873790500001,-0.9354964790690226,0.0,2.465190328815662e-31,low_energy
231,1.155883543,1.174881611,1.16538718725,-0.9354964790690226,0.0,2.465190328815662e-31,low_energy
232,1.16088612,1.179878858,1.1703866593499996,-0.9354964790690226,0.0,2.465190328815662e-31,low_energy
233,1.165891905,1.184885444,1.1753881844,-0.9354964790690226,0.0,2.465190328815662e-31,low_energy
234,1.170880135,1.189891739,1.1803891768,-0.9354964790690226,0.0,2.465190328815662e-31,low_energy
235,1.175881281,1.194882304,1.1853880822999998,-0.9354964790690226,0.0,2.465190328815662e-31,low_energy
236,1.180916861,1.199885453,1.1903887897,-0.9354964790690226,0.0,2.465190328815662e-31,low_energy
237,1.185886226,1.204912457,1.1953889380500002,-0.9354964790690226,0.0,2.465190328815662e-31,low_energy
238,1.190889004,1.209885309,1.2003879588500004,-0.9354964790690226,0.0,2.465190328815662e-31,low_energy
239,1.195881954,1.21487852,1.2053914420999998,-0.9354964790690226,0.0,2.465190328815662e-31,low_energy
240,1.200889842,1.21989312,1.21039138115,-0.9354964790690226,0.0,2.465190328815662e-31,low_energy
241,1.20588154,1.2248882840000002,1.2153923356,-0.9354964790690226,0.0,2.465190328815662e-31,low_energy
242,1.210881553,1.229885171,1.2203938695499998,-0.9354964790690226,0.0,2.465190328815662e-31,low_energy
243,1.215905151,1.234885345,1.2253952217,-0.9354964790690226,0.0,2.465190328815662e-31,low_energy
244,1.2209030600000002,1.239892221,1.23039474635,-0.9354964790690226,0.0,2.465190328815662e-31,low_energy
245,1.225889267,1.244888978,1.2353948947,-0.9354964790690226,0.0,2.465190328815662e-31,low_energy
246,1.2309290350000002,1.249896535,1.2404015103500003,-0.9354964790690226,0.0,2.465190328815662e-31,low_energy
247,1.23588781,1.254888393,1.2453990402000001,-0.9354964790690226,0.0,2.465190328815662e-31,low_energy
248,1.240883755,1.25988544,1.25039935535,-0.9354964790690226,0.0,2.465190328815662e-31,low_energy
249,1.2458944390000002,1.264902576,1.255401525,-0.9354964790690226,0.0,2.465190328815662e-31,low_energy
250,1.250903709,1.26990316,1.2603960116,-0.9354964790690226,0.0,2.465190328815662e-31,low_energy
251,1.255889786,1.274887303,1.2653943074500003,-0.9354964790690226,0.0,2.465190328815662e-31,low_energy
252,1.260923733,1.279933784,1.27039816985,-0.9354964790690226,0.0,2.465190328815662e-31,low_energy
253,1.265902396,1.28488777,1.2753973874500002,-0.9354964790690226,0.0,2.465190328815662e-31,low_energy
254,1.270888663,1.28988603,1.2803977442,-0.9354964790690226,0.0,2.465190328815662e-31,low_energy
255,1.275916409,1.294881284,1.2853972993999998,-0.9354964790690226,0.0,2.465190328815662e-31,low_energy
256,1.2809128950000002,1.299883992,1.29039247735,-0.9354964790690226,0.0,2.465190328815662e-31,low_energy
257,1.2859074780000002,1.3048911090000002,1.2953894056500002,-0.9354964790690226,0.0,2.465190328815662e-31,low_energy
258,1.290886962,1.309880893,1.3003898677,-0.9354964790690226,0.0,2.465190328815662e-31,low_energy
259,1.295880593,1.314916734,1.3053947832000001,-0.9354964790690226,0.0,2.465190328815662e-31,low_energy
260,1.300890004,1.319896498,1.3103980495,-0.9354964790690226,0.0,2.465190328815662e-31,low_energy
261,1.305884437,1.324914726,1.3154001726,-0.9354964790690226,0.0,2.465190328815662e-31,low_energy
262,1.310924576,1.329879923,1.32039802655,-0.9354964790690226,0.0,2.465190328815662e-31,low_energy
263,1.3159111140000002,1.3349013870000002,1.3253975301999998,-0.9354964790690226,0.0,2.465190328815662e-31,low_energy
264,1.3208842360000002,1.33988534,1.3303943562999998,-0.9354964790690226,0.0,2.465190328815662e-31,low_energy
265,1.3258817740000002,1.34491578,1.33539709455,-0.9354964790690226,0.0,2.465190328815662e-31,low_energy
266,1.330904691,1.349899553,1.3404015516,-0.9354964790690226,0.0,2.465190328815662e-31,low_energy
267,1.33588689,1.354883155,1.34539698255,-0.9354964790690226,0.0,2.465190328815662e-31,low_energy
268,1.340929724,1.35990524,1.3504018468,-0.9354964790690226,0.0,2.465190328815662e-31,low_energy
269,1.3458781400000002,1.36494065,1.3554010574500002,-0.9354964790690226,0.0,2.465190328815662e-31,low_energy
270,1.350894063,1.369884657,1.36039647135,-0.9354964790690226,0.0,2.465190328815662e-31,low_energy
271,1.3559144040000002,1.374888267,1.3653998192999999,-0.9354964790690226,0.0,2.465190328815662e-31,low_energy
272,1.360911883,1.379882759,1.3703945975500003,-0.9354964790690226,0.0,2.465190328815662e-31,low_energy
273,1.365900925,1.3848875820000002,1.3753899719,-0.9354964790690226,0.0,2.465190328815662e-31,low_energy
274,1.370881371,1.389919205,1.3803902947000002,-0.9354964790690226,0.0,2.465190328815662e-31,low_energy
275,1.375885182,1.39487814,1.38538544305,-0.9354964790690226,0.0,2.465190328815662e-31,low_energy
276,1.380883872,1.3999179080000002,1.39039003385,-0.9354964790690226,0.0,2.465190328815662e-31,low_energy
277,1.385879497,1.404885841,1.39539000735,-0.9354964790690226,0.0,2.465190328815662e-31,low_energy
278,1.390893857,1.40991572,1.4003915843499999,-0.9354964790690226,0.0,2.465190328815662e-31,low_energy
279,1.395930069,1.414885897,1.4053948807500003,-0.9354964790690226,0.0,2.465190328815662e-31,low_energy
280,1.400893833,1.419883235,1.4103934491,-0.9354964790690226,0.0,2.465190328815662e-31,low_energy
281,1.4059130830000002,1.424886765,1.41539444505,-0.9354964790690226,0.0,2.465190328815662e-31,low_energy
282,1.410886125,1.429885886,1.4203942713000004,-0.9354964790690226,0.0,2.465190328815662e-31,low_energy
283,1.4158882620000002,1.434880399,1.4253940374,-0.9354964790690226,0.0,2.465190328815662e-31,low_energy
284,1.420898204,1.439882396,1.4303933868000003,-0.9354964790690226,0.0,2.465190328815662e-31,low_energy
285,1.4258848320000002,1.444941491,1.43539588515,-0.9354964790690226,0.0,2.465190328815662e-31,low_energy
286,1.4308954850000002,1.4499166570000002,1.44040268065,-0.9354964790690226,0.0,2.465190328815662e-31,low_energy
287,1.4358797790000002,1.4548912820000002,1.44540335905,-0.9354964790690226,0.0,2.465190328815662e-31,low_energy
288,1.440927201,1.459938444,1.45040532485,-0.9354964790690226,0.0,2.465190328815662e-31,low_energy
289,1.445950368,1.4649191810000002,1.4554038852000002,-0.9354964790690226,0.0,2.465190328815662e-31,low_energy
290,1.4509016490000002,1.4699043660000002,1.4603953851500002,-0.9354964790690226,0.0,2.465190328815662e-31,low_energy
291,1.455911741,1.47487866,1.46539415785,-0.9354964790690226,0.0,2.465190328815662e-31,low_energy
292,1.460888761,1.479888132,1.47039409375,-0.9354964790690226,0.0,2.465190328815662e-31,low_energy
293,1.465883414,1.484883115,1.4753937932999999,-0.9354964790690226,0.0,2.465190328815662e-31,low_energy
294,1.470877686,1.489898868,1.4803962811000004,-0.9354964790690226,0.0,2.465190328815662e-31,low_energy
295,1.475903608,1.494895134,1.4853979528999999,-0.9354964790690226,0.0,2.465190328815662e-31,low_energy
296,1.4808864590000002,1.499914945,1.49039677285,-0.9354964790690226,0.0,2.465190328815662e-31,low_energy
297,1.4858853,1.504888127,1.4953987501500001,-0.9354964790690226,0.0,2.465190328815662e-31,low_energy
298,1.49089442,1.5098959550000002,1.5003999110000004,-0.9354964790690226,0.0,2.465190328815662e-31,low_energy
299,1.495886789,1.5148871110000002,1.5053988851,-0.9354964790690226,0.0,2.465190328815662e-31,low_energy
300,1.500955121,1.519894388,1.51039859205,-0.9354964790690226,0.0,2.465190328815662e-31,low_energy
301,1.5059125640000002,1.524882449,1.5153958781,-0.9354964790690226,0.0,2.465190328815662e-31,low_energy
302,1.510892198,1.529874667,1.5203943612000002,-0.9354964790690226,0.0,2.465190328815662e-31,low_energy
303,1.5158810900000002,1.5348857610000002,1.5253949444500003,-0.9354964790690226,0.0,2.465190328815662e-31,low_energy
304,1.520910289,1.5399073950000002,1.5303951013500001,-0.9354964790690226,0.0,2.465190328815662e-31,low_energy
305,1.525922274,1.544890606,1.5353951970500002,-0.9354964790690226,0.0,2.465190328815662e-31,low_energy
306,1.53087613,1.5498849890000002,1.54039780115,-0.9354964790690226,0.0,2.465190328815662e-31,low_energy
307,1.535887465,1.554892696,1.54539734535,-0.9354964790690226,0.0,2.465190328815662e-31,low_energy
308,1.5409035880000002,1.559928026,1.5503990917500001,-0.9354964790690226,0.0,2.465190328815662e-31,low_energy
309,1.545890156,1.56491227,1.5553995066500002,-0.9354964790690226,0.0,2.465190328815662e-31,low_energy
310,1.550929594,1.569918364,1.5603969763999999,-0.9354964790690226,0.0,2.465190328815662e-31,low_energy
311,1.555912885,1.574886106,1.5653971873499999,-0.9354964790690226,0.0,2.465190328815662e-31,low_energy
312,1.560881739,1.579889486,1.5703929068500002,-0.9354964790690226,0.0,2.465190328815662e-31,low_energy
313,1.56589627,1.5848802620000002,1.57539334475,-0.9354964790690226,0.0,2.465190328815662e-31,low_energy
314,1.570883138,1.589897377,1.580392875,-0.9354964790690226,0.0,2.465190328815662e-31,low_energy
315,1.5758794340000002,1.594875288,1.5853905903000003,-0.9354964790690226,0.0,2.465190328815662e-31,low_energy
316,1.580920074,1.599929163,1.5903919740499999,-0.9354964790690226,0.0,2.465190328815662e-31,low_energy
317,1.585881254,1.60489911,1.5953914687500002,-0.9354964790690226,0.0,2.465190328815662e-31,low_energy
318,1.5908871880000002,1.60988184,1.6003905792000002,-0.9354964790690226,0.0,2.465190328815662e-31,low_energy
319,1.5958804990000002,1.614909075,1.6053917195,-0.9354964790690226,0.0,2.465190328815662e-31,low_energy
320,1.600887395,1.619881766,1.6103904372000002,-0.9354964790690226,0.0,2.465190328815662e-31,low_energy
321,1.605902036,1.624880958,1.6153907559,-0.9354964790690226,0.0,2.465190328815662e-31,low_energy
322,1.6108974500000002,1.629882233,1.6203886299,-0.9354964790690226,0.0,2.465190328815662e-31,low_energy
323,1.615885962,1.6348915240000002,1.6253893608999999,-0.9354964790690226,0.0,2.465190328815662e-31,low_energy
324,1.620904029,1.639888591,1.6303904415000001,-0.9354964790690226,0.0,2.465190328815662e-31,low_energy
325,1.625881078,1.644883725,1.6353886045000003,-0.9354964790690226,0.0,2.465190328815662e-31,low_energy
326,1.630914885,1.6499155680000002,1.6403944592,-0.9354964790690226,0.0,2.465190328815662e-31,low_energy
327,1.6358853530000002,1.6548904940000002,1.6453952006500003,-0.9354964790690226,0.0,2.465190328815662e-31,low_energy
328,1.6408831110000002,1.659880027,1.6503951666000003,-0.9354964790690226,0.0,2.465190328815662e-31,low_energy
329,1.6458876530000002,1.664921439,1.6553962578499999,-0.9354964790690226,0.0,2.465190328815662e-31,low_energy
330,1.650886815,1.669901033,1.6603934827,-0.9354964790690226,0.0,2.465190328815662e-31,low_energy
331,1.655887609,1.674878123,1.6653916418499999,-0.9354964790690226,0.0,2.465190328815662e-31,low_energy
332,1.660889296,1.679876754,1.6703918854500004,-0.9354964790690226,0.0,2.465190328815662e-31,low_energy
333,1.665885682,1.684880794,1.6753954988,-0.9354964790690226,0.0,2.465190328815662e-31,low_energy
334,1.670881928,1.689879545,1.680394775,-0.9354964790690226,0.0,2.465190328815662e-31,low_energy
335,1.6759117170000002,1.694887463,1.685394493,-0.9354964790690226,0.0,2.465190328815662e-31,low_energy
336,1.6809094560000002,1.699881455,1.6903931230500002,-0.9354964790690226,0.0,2.465190328815662e-31,low_energy
337,1.685891886,1.704886267,1.6953908263500002,-0.9354964790690226,0.0,2.465190328815662e-31,low_energy
338,1.690883463,1.709888214,1.7003916605,-0.9354964790690226,0.0,2.465190328815662e-31,low_energy
339,1.695879369,1.71487922,1.7053902750000003,-0.9354964790690226,0.0,2.465190328815662e-31,low_energy
340,1.700911252,1.719885565,1.7103939975500002,-0.9354964790690226,0.0,2.465190328815662e-31,low_energy
341,1.705917727,1.724886981,1.7153931195000003,-0.9354964790690226,0.0,2.465190328815662e-31,low_energy
342,1.71088038,1.729885461,1.7203902867500003,-0.9354964790690226,0.0,2.465190328815662e-31,low_energy
343,1.7159223920000002,1.7348915960000002,1.7253948739999998,-0.9354964790690226,0.0,2.465190328815662e-31,low_energy
344,1.720890956,1.739883894,1.7303935286,-0.9354964790690226,0.0,2.465190328815662e-31,low_energy
345,1.7258853580000002,1.7448863920000002,1.7353962974,-0.9354964790690226,0.0,2.465190328815662e-31,low_energy
346,1.730894479,1.749908848,1.74040346155,-0.9354964790690226,0.0,2.465190328815662e-31,low_energy
347,1.7358825590000002,1.7549124070000002,1.7454010711000003,-0.9354964790690226,0.0,2.465190328815662e-31,low_energy
348,1.740934541,1.7598830550000002,1.75040110475,-0.9354964790690226,0.0,2.465190328815662e-31,low_energy
349,1.745919505,1.764908306,1.7553994311500003,-0.9354964790690226,0.0,2.465190328815662e-31,low_energy
350,1.750896094,1.76989279,1.76039431255,-0.9354964790690226,0.0,2.465190328815662e-31,low_energy
351,1.755886249,1.774888154,1.7653958305500002,-0.9354964790690226,0.0,2.465190328815662e-31,low_energy
352,1.760888806,1.779911411,1.7703966943,-0.9354964790690226,0.0,2.465190328815662e-31,low_energy
353,1.765897276,1.7848861660000002,1.7753969439,-0.9354964790690226,0.0,2.465190328815662e-31,low_energy
354,1.77092972,1.789889916,1.7803963688500002,-0.9354964790690226,0.0,2.465190328815662e-31,low_energy
355,1.775882544,1.794915468,1.7853953995999998,-0.9354964790690226,0.0,2.465190328815662e-31,low_energy
356,1.780928504,1.7998963250000002,1.79039527045,-0.9354964790690226,0.0,2.465190328815662e-31,low_energy
357,1.785887229,1.80490251,1.7953957975000001,-0.9354964790690226,0.0,2.465190328815662e-31,low_energy
358,1.790888715,1.809886883,1.8003992597,-0.9354964790690226,0.0,2.465190328815662e-31,low_energy
359,1.795895932,1.814885323,1.8054021968,-0.9354964790690226,0.0,2.465190328815662e-31,low_energy
360,1.800894492,1.819922998,1.8104058623000001,-0.9354964790690226,0.0,2.465190328815662e-31,low_energy
361,1.805883033,1.824926888,1.8154075440500002,-0.9354964790690226,0.0,2.465190328815662e-31,low_energy
362,1.810924845,1.829908086,1.8204068809000002,-0.9354964790690226,0.0,2.465190328815662e-31,low_energy
363,1.815911644,1.834893621,1.8254076168999998,-0.9354964790690226,0.0,2.465190328815662e-31,low_energy
364,1.82090801,1.839931827,1.83041067025,-0.9354964790690226,0.0,2.465190328815662e-31,low_energy
365,1.82589591,1.844903156,1.8354144791,-0.9354964790690226,0.0,2.465190328815662e-31,low_energy
366,1.830900792,1.849896185,1.84041876525,-0.9354964790690226,0.0,2.465190328815662e-31,low_energy
367,1.83590339,1.854885578,1.8454172544999998,-0.9354964790690226,0.0,2.465190328815662e-31,low_energy
368,1.840944221,1.859893176,1.8504130396,-0.9354964790690226,0.0,2.465190328815662e-31,low_energy
369,1.845897986,1.86488319,1.8554086559000003,-0.9354964790690226,0.0,2.465190328815662e-31,low_energy
370,1.850890626,1.869887722,1.86040545995,-0.9354964790690226,0.0,2.465190328815662e-31,low_energy
371,1.855926707,1.874889218,1.86540524965,-0.9354964790690226,0.0,2.465190328815662e-31,low_energy
372,1.860893357,1.879885925,1.8704004622,-0.9354964790690226,0.0,2.465190328815662e-31,low_energy
373,1.865892829,1.884917317,1.8753986794,-0.9354964790690226,0.0,2.465190328815662e-31,low_energy
374,1.870885017,1.889898925,1.8803981996,-0.9354964790690226,0.0,2.465190328815662e-31,low_energy
375,1.875896191,1.894880774,1.8853944175500001,-0.9354964790690226,0.0,2.465190328815662e-31,low_energy
376,1.880888821,1.899886739,1.8903949126000001,-0.9354964790690226,0.0,2.465190328815662e-31,low_energy
377,1.885912699,1.904889847,1.89539209685,-0.9354964790690226,0.0,2.465190328815662e-31,low_energy
378,1.890881794,1.909916982,1.9003892314999997,-0.9354964790690226,0.0,2.465190328815662e-31,low_energy
379,1.895893018,1.914880075,1.9053905135,-0.9354964790690226,0.0,2.465190328815662e-31,low_energy
380,1.900895235,1.919891059,1.9103939090000002,-0.9354964790690226,0.0,2.465190328815662e-31,low_energy
381,1.905909585,1.924887275,1.91539605615,-0.9354964790690226,0.0,2.465190328815662e-31,low_energy
382,1.910890022,1.929887158,1.9203953995499998,-0.9354964790690226,0.0,2.465190328815662e-31,low_energy
383,1.915897238,1.93488657,1.9253979464500002,-0.9354964790690226,0.0,2.465190328815662e-31,low_energy
384,1.920917079,1.939891613,1.93039737145,-0.9354964790690226,0.0,2.465190328815662e-31,low_energy
385,1.925882036,1.944944806,1.9353991985499999,-0.9354964790690226,0.0,2.465190328815662e-31,low_energy
386,1.93088281,1.949902078,1.9404028620999998,-0.9354964790690226,0.0,2.465190328815662e-31,low_energy
387,1.93591283,1.954894277,1.94540078325,-0.9354964790690226,0.0,2.465190328815662e-31,low_energy
388,1.94088971,1.959902896,1.9504010674,-0.9354964790690226,0.0,2.465190328815662e-31,low_energy
389,1.945887188,1.964930311,1.9554004748500007,-0.9354964790690226,0.0,2.465190328815662e-31,low_energy
390,1.950890808,1.969886471,1.9603966832000004,-0.9354964790690226,0.0,2.465190328815662e-31,low_energy
391,1.955931398,1.974889801,1.9653991084500002,-0.9354964790690226,0.0,2.465190328815662e-31,low_energy
392,1.960897657,1.979888551,1.97039836965,-0.9354964790690226,0.0,2.465190328815662e-31,low_energy
393,1.965893532,1.984932167,1.9754003069,-0.9354964790690226,0.0,2.465190328815662e-31,low_energy
394,1.970903184,1.989900009,1.9804004413000005,-0.9354964790690226,0.0,2.465190328815662e-31,low_energy
395,1.975947761,1.994888761,1.9853981715499998,-0.9354964790690226,0.0,2.465190328815662e-31,low_energy
396,1.980929339,1.999888985,1.99039858745,-0.9354964790690226,0.0,2.465190328815662e-31,low_energy
397,1.98588042,2.0048886070000003,1.9953938831999998,-0.9354964790690226,0.0,2.465190328815662e-31,low_energy
398,1.990890472,2.009880084,2.0003952804500003,-0.9354964790690226,0.0,2.465190328815662e-31,low_energy
399,1.995897067,2.014889615,2.00539680745,-0.9354964790690226,0.0,2.465190328815662e-31,low_energy
400,2.000898443,2.019894227,2.0103938309000005,-0.9354964790690226,0.0,2.465190328815662e-31,low_energy
401,2.005896453,2.0249004420000003,2.015398513850001,-0.9354964790690226,0.0,2.465190328815662e-31,low_energy
402,2.010881357,2.0298893540000003,2.02039883305,-0.9354964790690226,0.0,2.465190328815662e-31,low_energy
403,2.015887161,2.034879959,2.02539576735,-0.9354964790690226,0.0,2.465190328815662e-31,low_energy
404,2.020918083,2.039881455,2.030396833,-0.9354964790690226,0.0,2.465190328815662e-31,low_energy
405,2.025891906,2.044874165,2.0353916488,-0.9354964790690226,0.0,2.465190328815662e-31,low_energy
406,2.030894194,2.049914203,2.0403965502,-0.9354964790690226,0.0,2.465190328815662e-31,low_energy
407,2.035895069,2.054898697,2.04539936415,-0.9354964790690226,0.0,2.465190328815662e-31,low_energy
408,2.0409084770000003,2.0598950030000003,2.05040079195,-0.9354964790690226,0.0,2.465190328815662e-31,low_energy
409,2.045879085,2.064902651,2.0554027172,-0.9354964790690226,0.0,2.465190328815662e-31,low_energy
410,2.050904195,2.069908355,2.060397545,-0.9354964790690226,0.0,2.465190328815662e-31,low_energy
411,2.055913877,2.0748790020000003,2.065394595550001,-0.9354964790690226,0.0,2.465190328815662e-31,low_energy
412,2.060897569,2.0798897160000003,2.0703918454000005,-0.9354964790690226,0.0,2.465190328815662e-31,low_energy
413,2.065888695,2.084903204,2.0753926188999996,-0.9354964790690226,0.0,2.465190328815662e-31,low_energy
414,2.0708751430000003,2.089886115,2.0803935222500005,-0.9354964790690226,0.0,2.465190328815662e-31,low_energy
415,2.075881758,2.0949203130000003,2.0853957440500004,-0.9354964790690226,0.0,2.465190328815662e-31,low_energy
416,2.08091287,2.0998838170000003,2.0903944457000003,-0.9354964790690226,0.0,2.465190328815662e-31,low_energy
417,2.085904077,2.104895292,2.0953977040000002,-0.9354964790690226,0.0,2.465190328815662e-31,low_energy
418,2.0909081670000003,2.109885977,2.10039750515,-0.9354964790690226,0.0,2.465190328815662e-31,low_energy
419,2.095882682,2.114890118,2.10539636155,-0.9354964790690226,0.0,2.465190328815662e-31,low_energy
420,2.100886543,2.119898006,2.11039821415,-0.9354964790690226,0.0,2.465190328815662e-31,low_energy
421,2.105896094,2.124886267,2.1153921738000006,-0.9354964790690226,0.0,2.465190328815662e-31,low_energy
422,2.110884034,2.129887993,2.1203898525500002,-0.9354964790690226,0.0,2.465190328815662e-31,low_energy
423,2.1158785470000003,2.1348798710000003,2.12538932215,-0.9354964790690226,0.0,2.465190328815662e-31,low_energy
424,2.120889821,2.1398791530000003,2.1303875053,-0.9354964790690226,0.0,2.465190328815662e-31,low_energy
425,2.125883703,2.144887201,2.1353907756000003,-0.9354964790690226,0.0,2.465190328815662e-31,low_energy
426,2.1308821730000003,2.149898516,2.14039551965,-0.9354964790690226,0.0,2.465190328815662e-31,low_energy
427,2.135886975,2.154891756,2.14539698005,-0.9354964790690226,0.0,2.465190328815662e-31,low_energy
428,2.140903129,2.1599048940000003,2.1503998291000004,-0.9354964790690226,0.0,2.465190328815662e-31,low_energy
429,2.1458884940000003,2.164907873,2.1553979617000003,-0.9354964790690226,0.0,2.465190328815662e-31,low_energy
430,2.1508976250000003,2.169880494,2.1603943033999995,-0.9354964790690226,0.0,2.465190328815662e-31,low_energy
431,2.1559246190000003,2.174909993,2.1653924299500003,-0.9354964790690226,0.0,2.465190328815662e-31,low_energy
432,2.160905396,2.179878867,2.17038947145,-0.9354964790690226,0.0,2.465190328815662e-31,low_energy
433,2.165928452,2.184913175,2.1753913771,-0.9354964790690226,0.0,2.465190328815662e-31,low_energy
434,2.17088335,2.189878132,2.1803895171999996,-0.9354964790690226,0.0,2.465190328815662e-31,low_energy
435,2.1759047440000003,2.194885419,2.1853916453,-0.9354964790690226,0.0,2.465190328815662e-31,low_energy
436,2.180881082,2.199891263,2.1903946309999998,-0.9354964790690226,0.0,2.465190328815662e-31,low_energy
437,2.185880063,2.2049261920000003,2.1953931663500006,-0.9354964790690226,0.0,2.465190328815662e-31,low_energy
438,2.190910905,2.209893584,2.20039450845,-0.9354964790690226,0.0,2.465190328815662e-31,low_energy
439,2.195883225,2.2148936370000003,2.2053978293500003,-0.9354964790690226,0.0,2.465190328815662e-31,low_energy
440,2.200887577,2.219944356,2.21040212665,-0.9354964790690226,0.0,2.465190328815662e-31,low_energy
441,2.205889774,2.2248881330000003,2.2154004966500005,-0.9354964790690226,0.0,2.465190328815662e-31,low_energy
442,2.210914444,2.2298963510000003,2.2204028487500005,-0.9354964790690226,0.0,2.465190328815662e-31,low_energy
443,2.2159527590000003,2.23488336,2.22540025295,-0.9354964790690226,0.0,2.465190328815662e-31,low_energy
444,2.2208807260000003,2.2398871,2.2303983874499997,-0.9354964790690226,0.0,2.465190328815662e-31,low_energy
445,2.225883044,2.2448942670000003,2.23540112225,-0.9354964790690226,0.0,2.465190328815662e-31,low_energy
446,2.230903075,2.249898137,2.2404058432500005,-0.9354964790690226,0.0,2.465190328815662e-31,low_energy
447,2.235924749,2.2548818390000003,2.24540504985,-0.9354964790690226,0.0,2.465190328815662e-31,low_energy
448,2.240888413,2.259920596,2.2504027992999998,-0.9354964790690226,0.0,2.465190328815662e-31,low_energy
449,2.245893235,2.264912153,2.2554016312000003,-0.9354964790690226,0.0,2.465190328815662e-31,low_energy
450,2.250894451,2.269907076,2.2603934879,-0.9354964790690226,0.0,2.465190328815662e-31,low_energy
451,2.255875408,2.274882944,2.26539413365,-0.9354964790690226,0.0,2.465190328815662e-31,low_energy
452,2.260882655,2.279894449,2.2703922286,-0.9354964790690226,0.0,2.465190328815662e-31,low_energy
453,2.265888539,2.284886988,2.2753901918499997,-0.9354964790690226,0.0,2.465190328815662e-31,low_energy
454,2.270880286,2.2898806790000004,2.2803906879,-0.9354964790690226,0.0,2.465190328815662e-31,low_energy
455,2.275879628,2.2948892080000003,2.2853895248000002,-0.9354964790690226,0.0,2.465190328815662e-31,low_energy
456,2.280887546,2.299891966,2.2903880946,-0.9354964790690226,0.0,2.465190328815662e-31,low_energy
457,2.2858935110000003,2.3048833930000003,2.2953900188,-0.9354964790690226,0.0,2.465190328815662e-31,low_energy
458,2.290884527,2.309900689,2.3003908905500006,-0.9354964790690226,0.0,2.465190328815662e-31,low_energy
459,2.295876905,2.314882588,2.3053939875500005,-0.9354964790690226,0.0,2.465190328815662e-31,low_energy
460,2.3008952430000003,2.319898982,2.3103969893499996,-0.9354964790690226,0.0,2.465190328815662e-31,low_energy
461,2.305909794,2.324898214,2.3153954430500003,-0.9354964790690226,0.0,2.465190328815662e-31,low_energy
462,2.310906511,2.329910159,2.3203956946,-0.9354964790690226,0.0,2.465190328815662e-31,low_energy
463,2.315911964,2.3348896640000003,2.3253941162000005,-0.9354964790690226,0.0,2.465190328815662e-31,low_energy
464,2.320881319,2.339879568,2.33039179395,-0.9354964790690226,0.0,2.465190328815662e-31,low_energy
465,2.3258969520000004,2.3448829570000003,2.3353957505,-0.9354964790690226,0.0,2.465190328815662e-31,low_energy
466,2.330897526,2.349899171,2.3404045643,-0.9354964790690226,0.0,2.465190328815662e-31,low_energy
467,2.335887891,2.354921446,2.3454040864500003,-0.9354964790690226,0.0,2.465190328815662e-31,low_energy
468,2.340912972,2.359872827,2.3504083341,-0.9354964790690226,0.0,2.465190328815662e-31,low_energy
469,2.345879632,2.364949315,2.3554079554499996,-0.9354964790690226,0.0,2.465190328815662e-31,low_energy
470,2.3508847040000003,2.369896569,2.3604000506,-0.9354964790690226,0.0,2.465190328815662e-31,low_energy
471,2.355889877,2.374881373,2.36539836165,-0.9354964790690226,0.0,2.465190328815662e-31,low_energy
472,2.3608834780000003,2.379907225,2.3703976443499997,-0.9354964790690226,0.0,2.465190328815662e-31,low_energy
473,2.365921353,2.38491342,2.3753986614500002,-0.9354964790690226,0.0,2.465190328815662e-31,low_energy
474,2.370883064,2.3899338510000003,2.38040020845,-0.9354964790690226,0.0,2.465190328815662e-31,low_energy
475,2.3758962020000003,2.394876486,2.38539851325,-0.9354964790690226,0.0,2.465190328815662e-31,low_energy
476,2.3808786310000003,2.399934649,2.39040068545,-0.9354964790690226,0.0,2.465190328815662e-31,low_energy
477,2.385906758,2.4049108670000003,2.39540000275,-0.9354964790690226,0.0,2.465190328815662e-31,low_energy
478,2.3908946180000004,2.4098774670000003,2.4003979059000002,-0.9354964790690226,0.0,2.465190328815662e-31,low_energy
479,2.395899139,2.414892689,2.4054015949500003,-0.9354964790690226,0.0,2.465190328815662e-31,low_energy
480,2.400876059,2.419898513,2.4103984526,-0.9354964790690226,0.0,2.465190328815662e-31,low_energy
481,2.405955162,2.42491097,2.4153969107999997,-0.9354964790690226,0.0,2.465190328815662e-31,low_energy
482,2.41089476,2.4299037990000003,2.42039654115,-0.9354964790690226,0.0,2.465190328815662e-31,low_energy
483,2.415897609,2.4348893250000003,2.42539456305,-0.9354964790690226,0.0,2.465190328815662e-31,low_energy
484,2.420894677,2.439899978,2.4303970113000006,-0.9354964790690226,0.0,2.465190328815662e-31,low_energy
485,2.425888047,2.444898018,2.43539570295,-0.9354964790690226,0.0,2.465190328815662e-31,low_energy
486,2.4308967370000003,2.4498988020000003,2.44040365115,-0.9354964790690226,0.0,2.465190328815662e-31,low_energy
487,2.435879838,2.454897202,2.44540358355,-0.9354964790690226,0.0,2.465190328815662e-31,low_energy
488,2.440887586,2.459891946,2.4503995290500002,-0.9354964790690226,0.0,2.465190328815662e-31,low_energy
489,2.445879674,2.464886288,2.4553989650500005,-0.9354964790690226,0.0,2.465190328815662e-31,low_energy
490,2.450887782,2.4699026020000003,2.4603924423,-0.9354964790690226,0.0,2.465190328815662e-31,low_energy
491,2.455893957,2.4748788200000003,2.4653918538500004,-0.9354964790690226,0.0,2.465190328815662e-31,low_energy
492,2.4608956230000003,2.479881889,2.47039094315,-0.9354964790690226,0.0,2.465190328815662e-31,low_energy
493,2.4659095630000003,2.484883726,2.4753904503,-0.9354964790690226,0.0,2.465190328815662e-31,low_energy
494,2.470884749,2.4898858830000004,2.4803872258000004,-0.9354964790690226,0.0,2.465190328815662e-31,low_energy
495,2.475890262,2.494885194,2.48538765115,-0.9354964790690226,0.0,2.465190328815662e-31,low_energy
496,2.480884424,2.499883294,2.4903878596500006,-0.9354964790690226,0.0,2.465190328815662e-31,low_energy
497,2.48589093,2.504878137,2.4953897844,-0.9354964790690226,0.0,2.465190328815662e-31,low_energy
498,2.4908936980000003,2.509872991,2.5003910268500005,-0.9354964790690226,0.0,2.465190328815662e-31,low_energy
499,2.495892118,2.51488665,2.5053905997499997,-0.9354964790690226,0.0,2.465190328815662e-31,low_energy
500,2.500884978,2.51988505,2.51039485295,-0.9354964790690226,0.0,2.465190328815662e-31,low_energy
501,2.505875042,2.524893489,2.5153935000499996,-0.9354964790690226,0.0,2.465190328815662e-31,low_energy
502,2.510879564,2.5298843850000003,2.5203926109999997,-0.9354964790690226,0.0,2.465190328815662e-31,low_energy
503,2.515930844,2.53489596,2.5253936826,-0.9354964790690226,0.0,2.465190328815662e-31,low_energy
504,2.520878548,2.539891174,2.5303910131500005,-0.9354964790690226,0.0,2.465190328815662e-31,low_energy
505,2.5258847330000003,2.54488757,2.5353931798,-0.9354964790690226,0.0,2.465190328815662e-31,low_energy
506,2.530887541,2.549901419,2.5403971388000004,-0.9354964790690226,0.0,2.465190328815662e-31,low_energy
507,2.5358992060000003,2.55488436,2.54539689785,-0.9354964790690226,0.0,2.465190328815662e-31,low_energy
508,2.540895813,2.5598772700000003,2.550394043,-0.9354964790690226,0.0,2.465190328815662e-31,low_energy
509,2.545889935,2.5648969100000003,2.5553918199,-0.9354964790690226,0.0,2.465190328815662e-31,low_energy
510,2.550902131,2.5698872450000003,2.5603877748500006,-0.9354964790690226,0.0,2.465190328815662e-31,low_energy
511,2.555877257,2.574887559,2.56539060235,-0.9354964790690226,0.0,2.465190328815662e-31,low_energy
512,2.560888101,2.5798897760000004,2.57039574265,-0.9354964790690226,0.0,2.465190328815662e-31,low_energy
513,2.565914955,2.584921489,2.5753979404000003,-0.9354964790690226,0.0,2.465190328815662e-31,low_energy
514,2.570896152,2.589905973,2.5803980772999995,-0.9354964790690226,0.0,2.465190328815662e-31,low_energy
515,2.575891897,2.594884255,2.58539511635,-0.9354964790690226,0.0,2.465190328815662e-31,low_energy
516,2.580879487,2.599898886,2.5903923493,-0.9354964790690226,0.0,2.465190328815662e-31,low_energy
517,2.585878418,2.6048804640000003,2.59538917945,-0.9354964790690226,0.0,2.465190328815662e-31,low_energy
518,2.590884803,2.609910734,2.6003925775000005,-0.9354964790690226,0.0,2.465190328815662e-31,low_energy
519,2.595877292,2.614891451,2.6053952355999996,-0.9354964790690226,0.0,2.465190328815662e-31,low_energy
520,2.6008859020000004,2.619896063,2.6103945749,-0.9354964790690226,0.0,2.465190328815662e-31,low_energy
521,2.605910722,2.624879164,2.6153936227,-0.9354964790690226,0.0,2.465190328815662e-31,low_energy
522,2.61091356,2.6299041140000003,2.6203921880500003,-0.9354964790690226,0.0,2.465190328815662e-31,low_energy
523,2.61590122,2.634891433,2.6253915084,-0.9354964790690226,0.0,2.465190328815662e-31,low_energy
524,2.620884161,2.639885595,2.6303898964,-0.9354964790690226,0.0,2.465190328815662e-31,low_energy
525,2.625892159,2.644889586,2.6353897406500004,-0.9354964790690226,0.0,2.465190328815662e-31,low_energy
526,2.6309093750000003,2.6498913020000003,2.6403936631500007,-0.9354964790690226,0.0,2.465190328815662e-31,low_energy
527,2.635882316,2.6548941310000003,2.6453944913000003,-0.9354964790690226,0.0,2.465190328815662e-31,low_energy
528,2.640878572,2.659886349,2.65039679335,-0.9354964790690226,0.0,2.465190328815662e-31,low_energy
529,2.6458796280000003,2.6648931950000003,2.65539928565,-0.9354964790690226,0.0,2.465190328815662e-31,low_energy
530,2.6508875360000004,2.66988344,2.6603935324,-0.9354964790690226,0.0,2.465190328815662e-31,low_energy
531,2.655897207,2.674904312,2.66539250955,-0.9354964790690226,0.0,2.465190328815662e-31,low_energy
532,2.66090224,2.679883075,2.67039160245,-0.9354964790690226,0.0,2.465190328815662e-31,low_energy
533,2.6658830260000004,2.684890593,2.6753916191,-0.9354964790690226,0.0,2.465190328815662e-31,low_energy
534,2.670881767,2.689885436,2.68039098155,-0.9354964790690226,0.0,2.465190328815662e-31,low_energy
535,2.675889535,2.694884587,2.68538858255,-0.9354964790690226,0.0,2.465190328815662e-31,low_energy
536,2.680884228,2.6999072230000003,2.6903899762499996,-0.9354964790690226,0.0,2.465190328815662e-31,low_energy
537,2.685885624,2.704892919,2.6953895775500003,-0.9354964790690226,0.0,2.465190328815662e-31,low_energy
538,2.6908975990000004,2.7098978220000003,2.7003898807000004,-0.9354964790690226,0.0,2.465190328815662e-31,low_energy
539,2.6958878740000003,2.7148878360000004,2.7053906533000007,-0.9354964790690226,0.0,2.465190328815662e-31,low_energy
540,2.70088425,2.7198902940000003,2.7103911834000005,-0.9354964790690226,0.0,2.465190328815662e-31,low_energy
541,2.705883081,2.7248805980000004,2.7153912701500005,-0.9354964790690226,0.0,2.465190328815662e-31,low_energy
542,2.710897261,2.729887895,2.7203903283999997,-0.9354964790690226,0.0,2.465190328815662e-31,low_energy
543,2.715906442,2.734878831,2.7253903430500004,-0.9354964790690226,0.0,2.465190328815662e-31,low_energy
544,2.720894983,2.7399153430000003,2.73038949795,-0.9354964790690226,0.0,2.465190328815662e-31,low_energy
545,2.7258802280000003,2.7448954590000003,2.7353895302499995,-0.9354964790690226,0.0,2.465190328815662e-31,low_energy
546,2.730894438,2.7498964640000003,2.7403953765,-0.9354964790690226,0.0,2.465190328815662e-31,low_energy
547,2.7358799840000003,2.754884194,2.7453944383,-0.9354964790690226,0.0,2.465190328815662e-31,low_energy
548,2.740883945,2.759884618,2.7503930103000003,-0.9354964790690226,0.0,2.465190328815662e-31,low_energy
549,2.745892264,2.764896163,2.75539279695,-0.9354964790690226,0.0,2.465190328815662e-31,low_energy
550,2.750890102,2.769887099,2.76038833705,-0.9354964790690226,0.0,2.465190328815662e-31,low_energy
551,2.755884445,2.77489687,2.7653889973999997,-0.9354964790690226,0.0,2.465190328815662e-31,low_energy
552,2.7608865120000003,2.779884039,2.7703889799500008,-0.9354964790690226,0.0,2.465190328815662e-31,low_energy
553,2.7658888590000004,2.78488837,2.7753889955,-0.9354964790690226,0.0,2.465190328815662e-31,low_energy
554,2.770884895,2.7899082610000003,2.78039265855,-0.9354964790690226,0.0,2.465190328815662e-31,low_energy
555,2.7758862210000004,2.794924835,2.785397271350001,-0.9354964790690226,0.0,2.465190328815662e-31,low_energy
556,2.780894549,2.7998978780000003,2.7903980318500006,-0.9354964790690226,0.0,2.465190328815662e-31,low_energy
557,2.7858940220000004,2.8049029300000003,2.7953999897000004,-0.9354964790690226,0.0,2.465190328815662e-31,low_energy
558,2.79090763,2.809888205,2.8003962412,-0.9354964790690226,0.0,2.465190328815662e-31,low_energy
559,2.795882686,2.814879632,2.80538981465,-0.9354964790690226,0.0,2.465190328815662e-31,low_energy
560,2.8008957540000003,2.819893151,2.8103913181500007,-0.9354964790690226,0.0,2.465190328815662e-31,low_energy
561,2.805897481,2.824884508,2.8153907075999998,-0.9354964790690226,0.0,2.465190328815662e-31,low_energy
562,2.810883898,2.829890883,2.8203904793000003,-0.9354964790690226,0.0,2.465190328815662e-31,low_energy
563,2.815894842,2.834898561,2.8253948536999998,-0.9354964790690226,0.0,2.465190328815662e-31,low_energy
564,2.820921395,2.83988087,2.8303922969500004,-0.9354964790690226,0.0,2.465190328815662e-31,low_energy
565,2.825885821,2.8448858130000003,2.8353891416,-0.9354964790690226,0.0,2.465190328815662e-31,low_energy
566,2.830905882,2.849973181,2.8403960136500004,-0.9354964790690226,0.0,2.465190328815662e-31,low_energy
567,2.8358825210000003,2.8549269670000004,2.8453969495499996,-0.9354964790690226,0.0,2.465190328815662e-31,low_energy
568,2.8408790670000004,2.8599109090000003,2.85039995035,-0.9354964790690226,0.0,2.465190328815662e-31,low_energy
569,2.845875253,2.864887598,2.8554038753000004,-0.9354964790690226,0.0,2.465190328815662e-31,low_energy
570,2.8509159430000004,2.8698915190000003,2.86039846965,-0.9354964790690226,0.0,2.465190328815662e-31,low_energy
571,2.855919012,2.874883457,2.8653936952500003,-0.9354964790690226,0.0,2.465190328815662e-31,low_energy
572,2.8609031650000003,2.8798896320000003,2.8703940906000005,-0.9354964790690226,0.0,2.465190328815662e-31,low_energy
573,2.86589872,2.884892901,2.8753951768500006,-0.9354964790690226,0.0,2.465190328815662e-31,low_energy
574,2.870889055,2.889884979,2.8803949850999997,-0.9354964790690226,0.0,2.465190328815662e-31,low_energy
575,2.8759271600000003,2.894882317,2.885395189,-0.9354964790690226,0.0,2.465190328815662e-31,low_energy
576,2.880900934,2.8998928700000004,2.89039246695,-0.9354964790690226,0.0,2.465190328815662e-31,low_energy
577,2.885911827,2.904892002,2.89539031295,-0.9354964790690226,0.0,2.465190328815662e-31,low_energy
578,2.890896842,2.9098830980000003,2.9003909613000003,-0.9354964790690226,0.0,2.465190328815662e-31,low_energy
579,2.895881827,2.914891266,2.9053958516500002,-0.9354964790690226,0.0,2.465190328815662e-31,low_energy
580,2.900902439,2.919911608,2.9104060019,-0.9354964790690226,0.0,2.465190328815662e-31,low_energy
581,2.905882134,2.924904187,2.9154090642500003,-0.9354964790690226,0.0,2.465190328815662e-31,low_energy
582,2.910888889,2.929902267,2.9204120921500007,-0.9354964790690226,0.0,2.465190328815662e-31,low_energy
583,2.915881368,2.9349304430000003,2.92541490665,-0.9354964790690226,0.0,2.465190328815662e-31,low_energy
584,2.920906429,2.939922932,2.9304105365000006,-0.9354964790690226,0.0,2.465190328815662e-31,low_energy
585,2.925902685,2.944906033,2.93541124,-0.9354964790690226,0.0,2.465190328815662e-31,low_energy
586,2.9309137190000003,2.94994515,2.9404174131999996,-0.9354964790690226,0.0,2.465190328815662e-31,low_energy
587,2.9359041340000003,2.954905288,2.94541273645,-0.9354964790690226,0.0,2.465190328815662e-31,low_energy
588,2.9409061810000003,2.9598901320000004,2.9504068093500004,-0.9354964790690226,0.0,2.465190328815662e-31,low_energy
589,2.945924118,2.9648994830000004,2.9554021271000006,-0.9354964790690226,0.0,2.465190328815662e-31,low_energy
590,2.9508962480000003,2.9698875740000004,2.9603924935499997,-0.9354964790690226,0.0,2.465190328815662e-31,low_energy
591,2.9558813030000004,2.9748893400000003,2.9653907648500004,-0.9354964790690226,0.0,2.465190328815662e-31,low_energy
592,2.9608984890000003,2.979876218,2.9703907424000002,-0.9354964790690226,0.0,2.465190328815662e-31,low_energy
593,2.9658892540000004,2.9848866710000004,2.97539313645,-0.9354964790690226,0.0,2.465190328815662e-31,low_energy
594,2.97089055,2.9898809340000003,2.98039023305,-0.9354964790690226,0.0,2.465190328815662e-31,low_energy
595,2.9758855630000003,2.9948880300000003,2.9853896746500004,-0.9354964790690226,0.0,2.465190328815662e-31,low_energy
596,2.980914391,2.999903011,2.9903905219000007,-0.9354964790690226,0.0,2.465190328815662e-31,low_energy
597,2.985878146,3.0048936370000003,2.9953886140000003,-0.9354964790690226,0.0,2.465190328815662e-31,low_energy
598,2.990894941,3.009881156,3.0003885354500004,-0.9354964790690226,0.0,2.465190328815662e-31,low_energy
599,2.995884364,3.014894024,3.00538722755,-0.9354964790690226,0.0,2.465190328815662e-31,low_energy
600,3.000894015,3.019883627,3.0103860995500002,-0.9354964790690226,0.0,2.465190328815662e-31,low_energy
601,3.005880643,3.024882889,3.0153846203,-0.9354964790690226,0.0,2.465190328815662e-31,low_energy
602,3.010878001,3.029919161,3.0203886170000005,-0.9354964790690226,0.0,2.465190328815662e-31,low_energy
603,3.015886761,3.0349069610000003,3.0253943685500007,-0.9354964790690226,0.0,2.465190328815662e-31,low_energy
604,3.0208865730000003,3.0398914350000004,3.0303959647000003,-0.9354964790690226,0.0,2.465190328815662e-31,low_energy
605,3.0259176450000003,3.044890586,3.0353949519500008,-0.9354964790690226,0.0,2.465190328815662e-31,low_energy
606,3.0309060260000003,3.0498789470000003,3.0403984065500005,-0.9354964790690226,0.0,2.465190328815662e-31,low_energy
607,3.035897814,3.054878199,3.045393037,-0.9354964790690226,0.0,2.465190328815662e-31,low_energy
608,3.040873571,3.059901055,3.05039330505,-0.9354964790690226,0.0,2.465190328815662e-31,low_energy
609,3.0459029400000004,3.0649042640000004,3.0553977044500003,-0.9354964790690226,0.0,2.465190328815662e-31,low_energy
610,3.0508917820000003,3.069882186,3.0603932136000003,-0.9354964790690226,0.0,2.465190328815662e-31,low_energy
611,3.055900171,3.0748914160000003,3.0653959457499997,-0.9354964790690226,0.0,2.465190328815662e-31,low_energy
612,3.060902679,3.0799146630000003,3.0703980814000005,-0.9354964790690226,0.0,2.465190328815662e-31,low_energy
613,3.0658996860000003,3.084886834,3.0753945769,-0.9354964790690226,0.0,2.465190328815662e-31,low_energy
614,3.070885372,3.0898964550000003,3.0803948665,-0.9354964790690226,0.0,2.465190328815662e-31,low_energy
615,3.075906615,3.0949438980000004,3.0853988177,-0.9354964790690226,0.0,2.465190328815662e-31,low_energy
616,3.080893444,3.100023321,3.0904222601,-0.9354964790690226,0.0,2.465190328815662e-31,low_energy
617,3.085878038,3.1050996790000003,3.095469787550001,-0.9354964790690226,0.0,2.465190328815662e-31,low_energy
618,3.0908859260000003,3.110180675,3.1005360624500002,-0.9354964790690226,0.0,2.465190328815662e-31,low_energy
619,3.0959544780000003,3.1152669210000004,3.10561723145,-0.9354964790690226,0.0,2.465190328815662e-31,low_energy
620,3.1010415960000004,3.120321026,3.1106926141,-0.9354964790690226,0.0,2.465190328815662e-31,low_energy
621,3.106161686,3.1253921140000003,3.1157656984,-0.9354964790690226,0.0,2.465190328815662e-31,low_energy
622,3.111195233,3.130468602,3.120835799100001,-0.9354964790690226,0.0,2.465190328815662e-31,low_energy
623,3.1162667510000004,3.135521084,3.1259040142499996,-0.9354964790690226,0.0,2.465190328815662e-31,low_energy
624,3.121335735,3.140592692,3.1309721306,-0.9354964790690226,0.0,2.465190328815662e-31,low_energy
625,3.126411501,3.145634475,3.136034952,-0.9354964790690226,0.0,2.465190328815662e-31,low_energy
626,3.131497317,3.150708788,3.1410990773500003,-0.9354964790690226,0.0,2.465190328815662e-31,low_energy
627,3.1365421340000004,3.155736243,3.1461532107499997,-0.9354964790690226,0.0,2.465190328815662e-31,low_energy
628,3.141598484,3.160843469,3.1512102432,-0.9354964790690226,0.0,2.465190328815662e-31,low_energy
629,3.14665828,3.165866085,3.156264046,-0.9354964790690226,0.0,2.465190328815662e-31,low_energy
630,3.1517037990000003,3.170923096,3.1613095130500004,-0.9354964790690226,0.0,2.465190328815662e-31,low_energy
631,3.156789324,3.175898562,3.166352781,-0.9354964790690226,0.0,2.465190328815662e-31,low_energy
632,3.161810828,3.1808768040000004,3.1713759995500004,-0.9354964790690226,0.0,2.465190328815662e-31,low_energy
633,3.166858351,3.1858814960000004,3.1763906403,-0.9354964790690226,0.0,2.465190328815662e-31,low_energy
634,3.171885195,3.1908984420000004,3.1813949385500004,-0.9354964790690226,0.0,2.465190328815662e-31,low_energy
635,3.176880108,3.195899617,3.1863924664000005,-0.9354964790690226,0.0,2.465190328815662e-31,low_energy
636,3.1818846200000004,3.2008964640000004,3.1913928342,-0.9354964790690226,0.0,2.465190328815662e-31,low_energy
637,3.1868819480000004,3.205895726,3.1963947795500003,-0.9354964790690226,0.0,2.465190328815662e-31,low_energy
638,3.1918841550000003,3.210879308,3.2013949760000004,-0.9354964790690226,0.0,2.465190328815662e-31,low_energy
639,3.196881463,3.215881996,3.20639716025,-0.9354964790690226,0.0,2.465190328815662e-31,low_energy
640,3.2018802440000003,3.2209108640000004,3.2113974374,-0.9354964790690226,0.0,2.465190328815662e-31,low_energy
641,3.206890957,3.2258820220000004,3.2163968268000005,-0.9354964790690226,0.0,2.465190328815662e-31,low_energy
642,3.2119163580000003,3.23094814,3.2213981258500004,-0.9354964790690226,0.0,2.465190328815662e-31,low_energy
643,3.2168999510000003,3.235913338,3.2263983184,-0.9354964790690226,0.0,2.465190328815662e-31,low_energy
644,3.2218990620000003,3.240894625,3.2314041319499998,-0.9354964790690226,0.0,2.465190328815662e-31,low_energy
645,3.226910557,3.245888818,3.2364027285,-0.9354964790690226,0.0,2.465190328815662e-31,low_energy
646,3.231884421,3.2509106620000003,3.24140979,-0.9354964790690226,0.0,2.465190328815662e-31,low_energy
647,3.2369217540000004,3.2558814000000003,3.2464074176000004,-0.9354964790690226,0.0,2.465190328815662e-31,low_energy
648,3.241891711,3.2608820840000003,3.25139842225,-0.9354964790690226,0.0,2.465190328815662e-31,low_energy
649,3.246917663,3.265908317,3.2563974043000004,-0.9354964790690226,0.0,2.465190328815662e-31,low_energy
650,3.251883281,3.270889304,3.2613896272,-0.9354964790690226,0.0,2.465190328815662e-31,low_energy
651,3.2568778540000003,3.275889958,3.2663942434999997,-0.9354964790690226,0.0,2.465190328815662e-31,low_energy
652,3.261876464,3.280887888,3.2713978329499995,-0.9354964790690226,0.0,2.465190328815662e-31,low_energy
653,3.2669047210000004,3.2859082890000004,3.2764018081500006,-0.9354964790690226,0.0,2.465190328815662e-31,low_energy
654,3.2719441880000004,3.2908967710000003,3.2814005824000008,-0.9354964790690226,0.0,2.465190328815662e-31,low_energy
655,3.2768830060000003,3.2958880770000003,3.2863964441999998,-0.9354964790690226,0.0,2.465190328815662e-31,low_energy
656,3.281907335,3.3008950030000004,3.2913961396499998,-0.9354964790690226,0.0,2.465190328815662e-31,low_energy
657,3.2868994430000003,3.305886471,3.2963919267999997,-0.9354964790690226,0.0,2.465190328815662e-31,low_energy
658,3.2918828550000003,3.310889379,3.3013910643500006,-0.9354964790690226,0.0,2.465190328815662e-31,low_energy
659,3.296891274,3.3158991710000003,3.30639112765,-0.9354964790690226,0.0,2.465190328815662e-31,low_energy
660,3.301890556,3.320921907,3.31139574255,-0.9354964790690226,0.0,2.465190328815662e-31,low_energy
661,3.306895148,3.3258927450000004,3.3164008633,-0.9354964790690226,0.0,2.465190328815662e-31,low_energy
662,3.3118874660000004,3.330881026,3.32140049665,-0.9354964790690226,0.0,2.465190328815662e-31,low_energy
663,3.3168928390000003,3.335897981,3.3264012661500004,-0.9354964790690226,0.0,2.465190328815662e-31,low_energy
664,3.3219118080000003,3.3408779560000004,3.3313937094500004,-0.9354964790690226,0.0,2.465190328815662e-31,low_energy
665,3.3268859120000003,3.345884432,3.3363882903500004,-0.9354964790690226,0.0,2.465190328815662e-31,low_energy
666,3.3318888610000004,3.350900535,3.34139333345,-0.9354964790690226,0.0,2.465190328815662e-31,low_energy
667,3.3368962680000003,3.3558998370000004,3.3463928787000006,-0.9354964790690226,0.0,2.465190328815662e-31,low_energy
668,3.3418949490000003,3.360892306,3.3513948741,-0.9354964790690226,0.0,2.465190328815662e-31,low_energy
669,3.3468828690000003,3.365889463,3.3563977270500005,-0.9354964790690226,0.0,2.465190328815662e-31,low_energy
670,3.351884966,3.370889517,3.3613949279,-0.9354964790690226,0.0,2.465190328815662e-31,low_energy
671,3.356893796,3.3758877860000003,3.366394142,-0.9354964790690226,0.0,2.465190328815662e-31,low_energy
672,3.361903487,3.380893861,3.3713956299000003,-0.9354964790690226,0.0,2.465190328815662e-31,low_energy
673,3.3669018970000004,3.3858867310000003,3.3763938066000003,-0.9354964790690226,0.0,2.465190328815662e-31,low_energy
674,3.3718897880000003,3.390893757,3.3813970879500004,-0.9354964790690226,0.0,2.465190328815662e-31,low_energy
675,3.376904509,3.395882659,3.38639777585,-0.9354964790690226,0.0,2.465190328815662e-31,low_energy
676,3.381885837,3.400890377,3.391398348,-0.9354964790690226,0.0,2.465190328815662e-31,low_energy
677,3.386909144,3.4058959910000004,3.3963995098000006,-0.9354964790690226,0.0,2.465190328815662e-31,low_energy
678,3.3918897500000003,3.410885454,3.4013942614999997,-0.9354964790690226,0.0,2.465190328815662e-31,low_energy
679,3.396897097,3.4158843950000004,3.4063952680000007,-0.9354964790690226,0.0,2.465190328815662e-31,low_energy
680,3.401896729,3.420891031,3.41139549715,-0.9354964790690226,0.0,2.465190328815662e-31,low_energy
681,3.406893627,3.425891424,3.41639498375,-0.9354964790690226,0.0,2.465190328815662e-31,low_energy
682,3.411892748,3.4308955450000003,3.4213968879,-0.9354964790690226,0.0,2.465190328815662e-31,low_energy
683,3.416910044,3.4358845380000003,3.4263969923000004,-0.9354964790690226,0.0,2.465190328815662e-31,low_energy
684,3.4218947880000004,3.440897645,3.431398096400001,-0.9354964790690226,0.0,2.465190328815662e-31,low_energy
685,3.426895853,3.4459053230000003,3.436399467150001,-0.9354964790690226,0.0,2.465190328815662e-31,low_energy
686,3.431896147,3.450901479,3.4414056205000003,-0.9354964790690226,0.0,2.465190328815662e-31,low_energy
687,3.436912732,3.4558850210000003,3.4464052453500003,-0.9354964790690226,0.0,2.465190328815662e-31,low_energy
688,3.441891474,3.4608843030000003,3.45139922265,-0.9354964790690226,0.0,2.465190328815662e-31,low_energy
689,3.4468850960000004,3.4659052150000003,3.4563998363500006,-0.9354964790690226,0.0,2.465190328815662e-31,low_energy
690,3.451893144,3.470881293,3.4613915988500006,-0.9354964790690226,0.0,2.465190328815662e-31,low_energy
691,3.456876476,3.4758869970000004,3.46638985915,-0.9354964790690226,0.0,2.465190328815662e-31,low_energy
692,3.461894903,3.4808842350000004,3.4713923644500007,-0.9354964790690226,0.0,2.465190328815662e-31,low_energy
693,3.466894125,3.485883857,3.4763920105000006,-0.9354964790690226,0.0,2.465190328815662e-31,low_energy
694,3.4718841790000003,3.4909059420000004,3.4813946556,-0.9354964790690226,0.0,2.465190328815662e-31,low_energy
695,3.4768985800000003,3.4959122970000003,3.4863987750000005,-0.9354964790690226,0.0,2.465190328815662e-31,low_energy
696,3.481903733,3.5008871330000004,3.4913975978500007,-0.9354964790690226,0.0,2.465190328815662e-31,low_energy
697,3.48689002,3.505922683,3.4963989058499996,-0.9354964790690226,0.0,2.465190328815662e-31,low_energy
698,3.4918933790000004,3.510895665,3.5013971216,-0.9354964790690226,0.0,2.465190328815662e-31,low_energy
699,3.496886259,3.5158945860000004,3.5063938715500003,-0.9354964790690226,0.0,2.465190328815662e-31,low_energy
700,3.501892444,3.5208850110000003,3.5113948800500006,-0.9354964790690226,0.0,2.465190328815662e-31,low_energy
701,3.506893208,3.52589844,3.5163944118000012,-0.9354964790690226,0.0,2.465190328815662e-31,low_energy
702,3.511886188,3.530891179,3.5213949288000004,-0.9354964790690226,0.0,2.465190328815662e-31,low_energy
703,3.51688027,3.5358758430000004,3.5263968214999997,-0.9354964790690226,0.0,2.465190328815662e-31,low_energy
704,3.521887286,3.5408896430000003,3.5313983716500004,-0.9354964790690226,0.0,2.465190328815662e-31,low_energy
705,3.526896256,3.545884306,3.5363940130500007,-0.9354964790690226,0.0,2.465190328815662e-31,low_energy
706,3.5318833350000003,3.550889258,3.5414011672,-0.9354964790690226,0.0,2.465190328815662e-31,low_energy
707,3.5368901310000003,3.5559124050000004,3.5464003673,-0.9354964790690226,0.0,2.465190328815662e-31,low_energy
708,3.541896095,3.5609263240000004,3.551399689,-0.9354964790690226,0.0,2.465190328815662e-31,low_energy
709,3.546885639,3.5658891570000004,3.55640213725,-0.9354964790690226,0.0,2.465190328815662e-31,low_energy
710,3.5518824560000004,3.570881867,3.5613930852999998,-0.9354964790690226,0.0,2.465190328815662e-31,low_energy
711,3.55688298,3.575873694,3.5663909168500005,-0.9354964790690226,0.0,2.465190328815662e-31,low_energy
712,3.56188656,3.580935885,3.5713915071000004,-0.9354964790690226,0.0,2.465190328815662e-31,low_energy
713,3.5668942570000004,3.585882086,3.5763876559000005,-0.9354964790690226,0.0,2.465190328815662e-31,low_energy
714,3.5719209710000004,3.5908939120000003,3.5813884785000005,-0.9354964790690226,0.0,2.465190328815662e-31,low_energy
715,3.576903782,3.595879237,3.5863874651500005,-0.9354964790690226,0.0,2.465190328815662e-31,low_energy
716,3.5818725560000004,3.600887616,3.5913868892500007,-0.9354964790690226,0.0,2.465190328815662e-31,low_energy
717,3.5868738810000003,3.605896536,3.5963872665500007,-0.9354964790690226,0.0,2.465190328815662e-31,low_energy
718,3.591892119,3.610875129,3.6013836809500006,-0.9354964790690226,0.0,2.465190328815662e-31,low_energy
719,3.596899767,3.61591669,3.606385497,-0.9354964790690226,0.0,2.465190328815662e-31,low_energy
720,3.601882848,3.620886907,3.6113833278999996,-0.9354964790690226,0.0,2.465190328815662e-31,low_energy
721,3.606877821,3.625881851,3.616384342,-0.9354964790690226,0.0,2.465190328815662e-31,low_energy
722,3.611905687,3.630908033,3.6213871217999993,-0.9354964790690226,0.0,2.465190328815662e-31,low_energy
723,3.616889489,3.635903348,3.6263871645499997,-0.9354964790690226,0.0,2.465190328815662e-31,low_energy
724,3.62189865,3.640894564,3.63139285645,-0.9354964790690226,0.0,2.465190328815662e-31,low_energy
725,3.62688641,3.645882524,3.6363966180999996,-0.9354964790690226,0.0,2.465190328815662e-31,low_energy
726,3.631880652,3.650888369,3.641404802249999,-0.9354964790690226,0.0,2.465190328815662e-31,low_energy
727,3.636892207,3.655889544,3.64640460345,-0.9354964790690226,0.0,2.465190328815662e-31,low_energy
728,3.641906247,3.660976772,3.6514088210999995,-0.9354964790690226,0.0,2.465190328815662e-31,low_energy
729,3.646884689,3.665932632,3.6564130532499997,-0.9354964790690226,0.0,2.465190328815662e-31,low_energy
730,3.651891726,3.670885476,3.6614097511,-0.9354964790690226,0.0,2.465190328815662e-31,low_energy
731,3.656952914,3.675895247,3.66641003775,-0.9354964790690226,0.0,2.465190328815662e-31,low_energy
732,3.66195423,3.68087919,3.6714014421,-0.9354964790690226,0.0,2.465190328815662e-31,low_energy
733,3.666896684,3.685888901,3.6763943462500004,-0.9354964790690226,0.0,2.465190328815662e-31,low_energy
734,3.671888161,3.690876862,3.6813908522499994,-0.9354964790690226,0.0,2.465190328815662e-31,low_energy
735,3.676909795,3.69587949,3.6863889833499996,-0.9354964790690226,0.0,2.465190328815662e-31,low_energy
736,3.681912093,3.700877068,3.6913880110500004,-0.9354964790690226,0.0,2.465190328815662e-31,low_energy
737,3.686883191,3.705874677,3.69638665915,-0.9354964790690226,0.0,2.465190328815662e-31,low_energy
738,3.691884627,3.710881864,3.7013867504499993,-0.9354964790690226,0.0,2.465190328815662e-31,low_energy
739,3.696885301,3.715918526,3.7063899600999997,-0.9354964790690226,0.0,2.465190328815662e-31,low_energy
740,3.701884533,3.720885286,3.71139354195,-0.9354964790690226,0.0,2.465190328815662e-31,low_energy
741,3.706915014,3.725929222,3.7164003379,-0.9354964790690226,0.0,2.465190328815662e-31,low_energy
742,3.711876745,3.730921381,3.7214039032,-0.9354964790690226,0.0,2.465190328815662e-31,low_energy
743,3.716910892,3.735881709,3.726403191,-0.9354964790690226,0.0,2.465190328815662e-31,low_energy
744,3.721888102,3.740924924,3.7314027403500005,-0.9354964790690226,0.0,2.465190328815662e-31,low_energy
745,3.726887514,3.745892696,3.7363988129999997,-0.9354964790690226,0.0,2.465190328815662e-31,low_energy
746,3.73189402,3.750891056,3.74139911225,-0.9354964790690226,0.0,2.465190328815662e-31,low_energy
747,3.736905755,3.755925915,3.7464008141000003,-0.9354964790690226,0.0,2.465190328815662e-31,low_energy
748,3.741884378,3.760930036,3.7514024627499998,-0.9354964790690226,0.0,2.465190328815662e-31,low_energy
749,3.746883319,3.765892007,3.7564029488000004,-0.9354964790690226,0.0,2.465190328815662e-31,low_energy
750,3.751901997,3.770885748,3.7613992087999994,-0.9354964790690226,0.0,2.465190328815662e-31,low_energy
751,3.756889947,3.775887845,3.7663995119000004,-0.9354964790690226,0.0,2.465190328815662e-31,low_energy
752,3.761886294,3.780903187,3.7713981515,-0.9354964790690226,0.0,2.465190328815662e-31,low_energy
753,3.766903209,3.785883443,3.77639780445,-0.9354964790690226,0.0,2.465190328815662e-31,low_energy
754,3.771889857,3.79089082,3.7814023326000004,-0.9354964790690226,0.0,2.465190328815662e-31,low_energy
755,3.776923293,3.795890933,3.7864004556,-0.9354964790690226,0.0,2.465190328815662e-31,low_energy
756,3.781894031,3.800892219,3.79139875695,-0.9354964790690226,0.0,2.465190328815662e-31,low_energy
757,3.786981189,3.805884898,3.79639616165,-0.9354964790690226,0.0,2.465190328815662e-31,low_energy
758,3.791892534,3.810879461,3.801390606699999,-0.9354964790690226,0.0,2.465190328815662e-31,low_energy
759,3.796917865,3.815884915,3.806390665000001,-0.9354964790690226,0.0,2.465190328815662e-31,low_energy
760,3.801886449,3.820885278,3.811390661600001,-0.9354964790690226,0.0,2.465190328815662e-31,low_energy
761,3.806904225,3.825882486,3.8163921960999994,-0.9354964790690226,0.0,2.465190328815662e-31,low_energy
762,3.811881896,3.830986837,3.8214003437,-0.9354964790690226,0.0,2.465190328815662e-31,low_energy
763,3.816891057,3.835888804,3.8264016352000008,-0.9354964790690226,0.0,2.465190328815662e-31,low_energy
764,3.821881522,3.840889529,3.83140268085,-0.9354964790690226,0.0,2.465190328815662e-31,low_energy
765,3.826959523,3.845889312,3.8364023193000003,-0.9354964790690226,0.0,2.465190328815662e-31,low_energy
766,3.831907116,3.850902299,3.8414050820499996,-0.9354964790690226,0.0,2.465190328815662e-31,low_energy
767,3.836896389,3.855914545,3.8464028129,-0.9354964790690226,0.0,2.465190328815662e-31,low_energy
768,3.841879551,3.860908557,3.85140238315,-0.9354964790690226,0.0,2.465190328815662e-31,low_energy
769,3.846892538,3.865883723,3.85640311765,-0.9354964790690226,0.0,2.465190328815662e-31,low_energy
770,3.851877683,3.870881041,3.8613926755499994,-0.9354964790690226,0.0,2.465190328815662e-31,low_energy
771,3.856889879,3.875885914,3.8663937833499995,-0.9354964790690226,0.0,2.465190328815662e-31,low_energy
772,3.861895143,3.880878122,3.8713924855499995,-0.9354964790690226,0.0,2.465190328815662e-31,low_energy
773,3.866909573,3.885879187000001,3.8763925873,-0.9354964790690226,0.0,2.465190328815662e-31,low_energy
774,3.871905178,3.890892435,3.8813928319000004,-0.9354964790690226,0.0,2.465190328815662e-31,low_energy
775,3.876884492,3.895880696,3.8863910274999993,-0.9354964790690226,0.0,2.465190328815662e-31,low_energy
776,3.881874526,3.900926356,3.8913935609,-0.9354964790690226,0.0,2.465190328815662e-31,low_energy
777,3.886875742,3.905902063,3.8963917185500003,-0.9354964790690226,0.0,2.465190328815662e-31,low_energy
778,3.891892136,3.91087742,3.901389093200001,-0.9354964790690226,0.0,2.465190328815662e-31,low_energy
779,3.896880186,3.915920254,3.906389313799999,-0.9354964790690226,0.0,2.465190328815662e-31,low_energy
780,3.901877093,3.920878578,3.9113890579499992,-0.9354964790690226,0.0,2.465190328815662e-31,low_energy
781,3.906904208,3.925913387,3.9163923803499996,-0.9354964790690226,0.0,2.465190328815662e-31,low_energy
782,3.911887038,3.930903341,3.9213940496,-0.9354964790690226,0.0,2.465190328815662e-31,low_energy
783,3.916946855,3.935915146,3.9263958615499996,-0.9354964790690226,0.0,2.465190328815662e-31,low_energy
784,3.921911982,3.940882257,3.93139576895,-0.9354964790690226,0.0,2.465190328815662e-31,low_energy
785,3.926892177,3.945901517,3.9363924743499994,-0.9354964790690226,0.0,2.465190328815662e-31,low_energy
786,3.931887812,3.950900107,3.941396833199999,-0.9354964790690226,0.0,2.465190328815662e-31,low_energy
787,3.936883377000001,3.955915069000001,3.9463964360999997,-0.9354964790690226,0.0,2.465190328815662e-31,low_energy
788,3.9418884,3.960891688,3.9513940667500003,-0.9354964790690226,0.0,2.465190328815662e-31,low_energy
789,3.946896508,3.965894726,3.9563955336000007,-0.9354964790690226,0.0,2.465190328815662e-31,low_energy
790,3.951880391,3.970895351,3.9613938846500005,-0.9354964790690226,0.0,2.465190328815662e-31,low_energy
791,3.956891605,3.975884363,3.966394903650001,-0.9354964790690226,0.0,2.465190328815662e-31,low_energy
792,3.961880367000001,3.980926135,3.97139606445,-0.9354964790690226,0.0,2.465190328815662e-31,low_energy
793,3.966913413,3.985880662000001,3.9763980769500002,-0.9354964790690226,0.0,2.465190328815662e-31,low_energy
794,3.971892586,3.990917064000001,3.9814024112,-0.9354964790690226,0.0,2.465190328815662e-31,low_energy
795,3.976885245,3.995885147,3.98640002685,-0.9354964790690226,0.0,2.465190328815662e-31,low_energy
796,3.981887914,4.000901271,3.991400026949999,-0.9354964790690226,0.0,2.465190328815662e-31,low_energy
797,3.986891844,4.005892728,3.996396854550001,-0.9354964790690226,0.0,2.465190328815662e-31,low_energy
798,3.991906475,4.0108737450000005,4.0013895519,-0.9354964790690226,0.0,2.465190328815662e-31,low_energy
799,3.996885679000001,4.015886412,4.0063906351,-0.9354964790690226,0.0,2.465190328815662e-31,low_energy
800,4.001886544,4.020895883000001,4.0113929436,-0.9354964790690226,0.0,2.465190328815662e-31,low_energy
801,4.006878071,4.025882731,4.0163928796,-0.9354964790690226,0.0,2.465190328815662e-31,low_energy
802,4.011886099,4.030877234,4.02139264575,-0.9354964790690226,0.0,2.465190328815662e-31,low_energy
803,4.016914686000001,4.03587353,4.026392386300001,-0.9354964790690226,0.0,2.465190328815662e-31,low_energy
804,4.021894782,4.040889804,4.03139346445,-0.9354964790690226,0.0,2.465190328815662e-31,low_energy
805,4.026885898000001,4.0458847680000005,4.03639552245,-0.9354964790690226,0.0,2.465190328815662e-31,low_energy
806,4.031909856,4.050915549,4.041403516200001,-0.9354964790690226,0.0,2.465190328815662e-31,low_energy
807,4.036957429,4.055879724,4.04640219435,-0.9354964790690226,0.0,2.465190328815662e-31,low_energy
808,4.041901266,4.060894225,4.0514010443,-0.9354964790690226,0.0,2.465190328815662e-31,low_energy
809,4.046878857,4.065885511,4.056401103500001,-0.9354964790690226,0.0,2.465190328815662e-31,low_energy
810,4.051885403,4.070892999000001,4.061397327949999,-0.9354964790690226,0.0,2.465190328815662e-31,low_energy
811,4.056917516,4.075892561,4.06639713025,-0.9354964790690226,0.0,2.465190328815662e-31,low_energy
812,4.061882203000001,4.080907472,4.0713942379,-0.9354964790690226,0.0,2.465190328815662e-31,low_energy
813,4.066880392,4.085900031,4.07639468085,-0.9354964790690226,0.0,2.465190328815662e-31,low_energy
814,4.071883081,4.0908799170000005,4.081389334900001,-0.9354964790690226,0.0,2.465190328815662e-31,low_energy
815,4.076898543,4.095916058,4.086394204700001,-0.9354964790690226,0.0,2.465190328815662e-31,low_energy
816,4.081882957,4.1008989190000005,4.091394949300001,-0.9354964790690226,0.0,2.465190328815662e-31,low_energy
817,4.086892798,4.1058816590000005,4.09639162915,-0.9354964790690226,0.0,2.465190328815662e-31,low_energy
818,4.091922438,4.1109643490000005,4.1013972439,-0.9354964790690226,0.0,2.465190328815662e-31,low_energy
819,4.09691145,4.115918014,4.10639458145,-0.9354964828749461,7.611847319122234e-08,5.504320862914692e-15,medium_energy
820,4.101890794,4.120887409,4.11139609835,-0.9354965030217638,1.9243345861230665e-07,5.20294192961201e-14,medium_energy
821,4.1068985520000005,4.125884727,4.11639741795,-0.9354964794470751,3.04166803966055e-07,1.2628044329658771e-13,medium_energy
822,4.11188001,4.130877367,4.1213952149,-0.9354965032241008,3.04166803966055e-07,1.7376537006368916e-13,medium_energy
823,4.116917684000001,4.1358812170000006,4.126395981,-0.9354964746549381,3.04166803966055e-07,2.4000350804896495e-13,medium_energy
824,4.1218763990000005,4.140894465000001,4.131394234299999,-0.9354964843399586,3.2402400418352073e-07,2.617601373504496e-13,medium_energy
825,4.126923181,4.14587949,4.1363957478,-0.935496488890359,3.184950417844945e-07,2.3388723183817226e-13,medium_energy
826,4.131916301,4.150895233,4.141399982399999,-0.9354964895404738,3.184950417844945e-07,2.290829043706495e-13,medium_energy
827,4.136881578000001,4.155891509,4.146399626399999,-0.9354964965719537,2.924782690483241e-07,1.9705738478804855e-13,medium_energy
828,4.141906058,4.160892424,4.1513995023,-0.9354964771355295,2.6424809362879387e-07,1.365825550133921e-13,medium_energy
829,4.146899589,4.165899711000001,4.15639982655,-0.9354964809377405,2.4981022683778775e-07,1.22152350942584e-13,medium_energy
830,4.151901626,4.170904172,4.161398114400001,-0.9354964607869067,1.8115750399783082e-07,6.414925404049097e-14,medium_energy
831,4.1568907180000005,4.175913493,4.16640012975,-0.9354964726730273,1.6021053272918806e-07,4.1911396572659977e-14,medium_energy
832,4.161907653,4.180905932,4.171403248300001,-0.9354964697609356,1.4505888035198922e-07,3.6930809429104575e-14,medium_energy
833,4.166911784,4.185875828,4.176400710150001,-0.9354964858051489,1.035170688057363e-07,2.2255592192355758e-14,medium_energy
834,4.171902309,4.190876542000001,4.18139748765,-0.9354964899986886,1.3987752045530044e-07,3.736097857073311e-14,medium_energy
835,4.176910588,4.195877237,4.1863922474,-0.9354964890060117,1.607201022268967e-07,4.993883991680131e-14,medium_energy
836,4.1818943310000005,4.200901205,4.191388064549999,-0.9354964879030764,1.6536460023530708e-07,6.468540553308571e-14,medium_energy
837,4.186876239,4.205881662,4.196387808150001,-0.9354964697893322,2.1662674776212754e-07,1.0144986856968797e-13,medium_energy
838,4.191907492,4.210920979,4.201387457199999,-0.935496472206206,2.3029865681145623e-07,1.0877905989520937e-13,medium_energy
839,4.1968885590000005,4.215880686,4.206388429600001,-0.9354964624252906,2.3029865681145623e-07,1.2691316772546242e-13,medium_energy
840,4.201874355,4.220875649,4.2113885625,-0.9354964755194217,2.535949229498513e-07,1.4953564011579573e-13,medium_energy
841,4.206911639,4.225913664,4.21639161935,-0.9354964818367698,2.486816689240001e-07,1.2384632725693463e-13,medium_energy
842,4.211878449,4.230911754,4.221391690100001,-0.9354964886119619,2.486816689240001e-07,1.2624436228828346e-13,medium_energy
843,4.216879134,4.235881129,4.226393481100001,-0.9354964948788987,2.0856645122080408e-07,9.43414393082957e-14,medium_energy
844,4.221876021,4.240904136,4.2313941880999995,-0.9354964797472146,1.883906382005307e-07,6.191284762475076e-14,medium_energy
845,4.226882096000001,4.245909098,4.2363936071,-0.9354964825594422,1.6690127235818863e-07,5.0270003234799295e-14,medium_energy
846,4.231902607,4.250910324,4.24139967365,-0.9354964599374771,9.99009116542382e-08,1.5395221426081447e-14,medium_energy
847,4.2368791560000005,4.255913082,4.246399975400001,-0.9354964737275651,8.448765498325628e-08,1.520881892929387e-14,medium_energy
848,4.241892915,4.260879031,4.2513988759000005,-0.9354964643748052,8.493937020404019e-08,1.3459634115150761e-14,medium_energy
849,4.246898699,4.265884785,4.2563983982,-0.935496486920923,1.4368043921297868e-07,3.488390420886878e-14,medium_energy
850,4.251890597,4.270874959,4.261391289400001,-0.9354964853792547,1.7057659473795894e-07,4.816696566113529e-14,medium_energy
851,4.25687975,4.275875614,4.266390014100001,-0.9354964939547985,1.716580583233096e-07,6.512463062812748e-14,medium_energy
852,4.261885384,4.2808897230000005,4.2713887467500005,-0.9354964865898943,2.0808225276169878e-07,9.450624446619809e-14,medium_energy
853,4.266888633000001,4.285875600000001,4.276386320249999,-0.9354964757955738,2.0808225276169878e-07,8.834478680649459e-14,medium_energy
854,4.271909856000001,4.29087404,4.28138641805,-0.935496471269785,2.0808225276169878e-07,9.537318998503837e-14,medium_energy
855,4.2768763960000005,4.295885124000001,4.2863863770999995,-0.9354964619131664,1.812131024125918e-07,7.910444572816857e-14,medium_energy
856,4.281886869,4.300888924000001,4.2913883054,-0.9354964735981565,1.6680825076775818e-07,5.759483877394069e-14,medium_energy
857,4.286915456,4.305881103,4.29639112435,-0.9354964757910273,1.586268325581841e-07,4.5533572389737686e-14,medium_energy
858,4.291890953,4.31089403,4.301392000600001,-0.9354964909926771,1.308967263469185e-07,2.1028517648344856e-14,medium_energy
859,4.296884383,4.315892741,4.3063913364,-0.93549649066683,7.831861126295081e-08,1.0740636366849284e-14,medium_energy
860,4.301884376,4.320883076,4.3113908847000015,-0.935496488814953,8.026021003360029e-08,1.1022367668343622e-14,medium_energy
861,4.306883077,4.3258948010000005,4.316391852600001,-0.935496480202065,1.1945671463120533e-07,1.8615618616246714e-14,medium_energy
862,4.3118829100000005,4.330915754,4.32139195495,-0.9354964682166246,1.4222778699224392e-07,3.3772762110419637e-14,medium_energy
863,4.316880879,4.335900889,4.3263933232500005,-0.9354964673313324,1.5990379154118273e-07,4.514015115148733e-14,medium_energy
864,4.3219082140000005,4.3408857030000005,4.3313926195,-0.9354964660642173,1.6783064016312466e-07,5.988078914225036e-14,medium_energy
865,4.326879914,4.345877511,4.336388736350001,-0.9354964784149292,1.8793613953960175e-07,7.225130928151635e-14,medium_energy
866,4.331897821,4.350885269,4.341392860250001,-0.9354964860721244,1.8201211215984614e-07,6.111032056728896e-14,medium_energy
867,4.336879549,4.355880413,4.346393276149999,-0.9354964916159064,1.8201211215984614e-07,5.510167727302877e-14,medium_energy
868,4.3418898420000005,4.360885385,4.351394140400002,-0.9354964920978702,1.4607754295070663e-07,3.741032895386418e-14,medium_energy
869,4.346899814,4.3658832940000005,4.35639479825,-0.9354964788098444,1.2252187975292372e-07,2.275119638054463e-14,medium_energy
870,4.351928251,4.370890461,4.361390599450001,-0.9354964759243656,1.0427630936504784e-07,1.484132822641776e-14,medium_energy
871,4.356889991,4.375881197,4.36639080595,-0.9354964609183776,6.733512680767717e-08,6.367105591167584e-15,medium_energy
872,4.3618767,4.3808739260000005,4.3713904900000005,-0.9354964710683182,1.093156559717201e-07,1.6865532250810144e-14,medium_energy
873,4.366877745,4.385914716,4.376391522,-0.9354964701544841,1.093156559717201e-07,2.3940447152572728e-14,medium_energy
874,4.3718883580000005,4.390903648,4.3813940208,-0.935496487316031,1.493722707746059e-07,4.582687535974049e-14,medium_energy
875,4.376888591,4.395908100000001,4.3863954641000005,-0.9354964901693528,1.492727540464145e-07,4.373493013222237e-14,medium_energy
876,4.38189692,4.4008860510000005,4.391399088050001,-0.9354964913615875,1.492727540464145e-07,4.690676254887147e-14,medium_energy
877,4.386892415,4.405898458,4.3964010574,-0.9354964869257643,1.5057781321825559e-07,4.822949163422548e-14,medium_energy
878,4.391903749,4.410876369,4.401396593049999,-0.9354964706734352,1.223044572284948e-07,2.6384418218003977e-14,medium_energy
879,4.396876551,4.415888365000001,4.406396951850001,-0.9354964715350393,1.223044572284948e-07,2.1186714927932417e-14,medium_energy
880,4.40187975,4.420905831000001,4.41139565655,-0.9354964594823134,6.394896445716114e-08,5.833250564194094e-15,medium_energy
881,4.406880304,4.425885716000001,4.4163931729999995,-0.9354964769582379,7.694449077888521e-08,1.1652767463539493e-14,medium_energy
882,4.411890186,4.430910647,4.4213968862,-0.9354964764291023,8.245807159301677e-08,1.3797236677777276e-14,medium_energy
883,4.4168779460000005,4.435916501,4.426396118399999,-0.9354964939182985,1.1543290967530595e-07,2.5868727731997e-14,medium_energy
884,4.421889491,4.440878432,4.431393469,-0.9354964907274267,1.3437882107059096e-07,3.231861202076099e-14,medium_energy
885,4.426876279,4.445893924,4.4363938333,-0.9354964876991569,1.3437882107059096e-07,3.287560902284604e-14,medium_energy
886,4.431920055,4.4508891980000005,4.441394863800001,-0.9354964796950289,1.4265989645156907e-07,4.1506186927209415e-14,medium_energy
887,4.43690505,4.455940569,4.446393788900002,-0.935496464661657,1.1007456279799044e-07,1.994561745271094e-14,medium_energy
888,4.4418889020000005,4.4609384180000005,4.4513994412499995,-0.9354964694219803,1.1007456279799044e-07,1.6135557135523208e-14,medium_energy
889,4.446887162,4.465892414000001,4.4564021254499995,-0.9354964629660204,7.911719646092052e-08,7.613229348996376e-15,medium_energy
890,4.451872317,4.4708854140000005,4.4613980378499996,-0.9354964831749999,7.38936033473081e-08,1.0356335502202004e-14,medium_energy
891,4.4569312420000005,4.475885908,4.4663954871,-0.935496483458056,7.994848072456762e-08,1.2076003057501355e-14,medium_energy
892,4.461890307,4.480888917000001,4.471392964450001,-0.9354964959318505,9.57770173171113e-08,1.8194238243871682e-14,medium_energy
893,4.466875883,4.4858790410000005,4.476394556050001,-0.935496489162993,1.2194192755554667e-07,2.811564693330549e-14,medium_energy
894,4.47188284,4.490886719000001,4.481396041550001,-0.9354964808351299,1.2194192755554667e-07,2.4370168432301805e-14,medium_energy
895,4.476908291,4.495907712,4.486397648700001,-0.9354964735135614,1.2194192755554667e-07,2.8701601286052806e-14,medium_energy
896,4.48194315,4.500892306,4.491395648550001,-0.9354964611834025,8.105271842584472e-08,1.1203203808953983e-14,medium_energy
897,4.486884242,4.505880556,4.4963918084,-0.9354964702626154,7.782881805695752e-08,9.178476551056529e-15,medium_energy
898,4.491879355,4.510888384,4.501391289450001,-0.9354964697361418,8.638155957196858e-08,8.14465343776567e-15,medium_energy
899,4.496877725,4.515893537,4.50639009385,-0.9354964881370478,7.664758261416438e-08,1.0950254507748055e-14,medium_energy
900,4.501898217,4.520876889,4.5113895739,-0.9354964896604964,8.839452825259997e-08,1.282165558877822e-14,medium_energy
901,4.506901547,4.5258870710000005,4.516389871100001,-0.9354964934482597,9.041180082380862e-08,1.747977381181245e-14,medium_energy
902,4.511878837,4.530887195,4.5213900366,-0.9354964859020857,1.064529489003263e-07,2.4114595036990606e-14,medium_energy
903,4.5168813850000005,4.53593094,4.52639298425,-0.9354964733389555,9.714524307202765e-08,1.6002835891980306e-14,medium_energy
904,4.521879985,4.540914603,4.5313959886,-0.9354964686058125,9.714524307202765e-08,1.4108445424138233e-14,medium_energy
905,4.5269220180000005,4.545884769000001,4.53639606635,-0.9354964619104837,6.362790128111584e-08,5.0402002760874796e-15,medium_energy
906,4.531888247,4.55088876,4.5414054592,-0.935496472203539,6.01648642017949e-08,6.979908698650138e-15,medium_energy
907,4.536902227000001,4.5559385070000005,4.5464052178,-0.9354964788577979,8.630519754415644e-08,1.1337987948119677e-14,medium_energy
908,4.541885598,4.560919003,4.55140497495,-0.9354964906683583,8.463527478852484e-08,1.3755856846566877e-14,medium_energy
909,4.546884439,4.565902746,4.5564064163500015,-0.9354964933309755,8.522246197628647e-08,1.2996658025249224e-14,medium_energy
910,4.55188865,4.570884354,4.56139613755,-0.9354964890282836,9.151747804025945e-08,1.492220639602082e-14,medium_energy
911,4.556923039,4.575913212000001,4.5663980969,-0.9354964797037347,9.151747804025945e-08,1.452529898683184e-14,medium_energy
912,4.561934884,4.580897936,4.5713963136,-0.9354964691830533,5.8642762645888524e-08,6.71997553819046e-15,medium_energy
913,4.566885374,4.585881167,4.57639411105,-0.9354964636871639,6.098365357143365e-08,4.3786676062611995e-15,medium_energy
914,4.571907619,4.59088601,4.5813949923,-0.9354964672185307,7.895548392866658e-08,8.375412714063634e-15,medium_energy
915,4.576913523,4.595882015,4.586391906649999,-0.9354964750101548,7.895548392866658e-08,1.0542146941277617e-14,medium_energy
916,4.581883289,4.600889152000001,4.5913909229500005,-0.9354964865081399,8.190745315328485e-08,1.3942548756074553e-14,medium_energy
917,4.586883893,4.605915595,4.596391962,-0.9354964935896222,7.55124763829329e-08,1.0001770607562328e-14,medium_energy
918,4.591894527,4.610912342000001,4.601392955500001,-0.9354964907655082,5.990207718742369e-08,7.321765454361282e-15,medium_energy
919,4.596893498,4.615900773,4.606393257150001,-0.9354964866100662,5.7938352782116453e-08,6.93044009739888e-15,medium_energy
920,4.601896687,4.6208858280000005,4.611393261749999,-0.9354964707391626,8.159935216411895e-08,7.269484618890284e-15,medium_energy
921,4.606886891,4.625877556000001,4.616390695550001,-0.9354964677965729,5.976857320177942e-08,5.606340579799379e-15,medium_energy
922,4.6118760640000005,4.630889551,4.621390534849999,-0.9354964626631794,5.976857320177942e-08,5.327970307677558e-15,medium_energy
923,4.616886116,4.635880367,4.6263937365,-0.9354964709318943,8.092574699247734e-08,1.266653870247506e-14,medium_energy
924,4.621888654,4.640877355000001,4.6313935728,-0.9354964829272818,6.624832860069318e-08,8.113415461471623e-15,medium_energy
925,4.626879831,4.645902325000001,4.63639622945,-0.9354964881072327,6.624832860069318e-08,7.509535550892348e-15,medium_energy
926,4.631928977,4.650889053,4.6414008418,-0.9354964972272006,3.146087135252884e-08,1.292480036652384e-15,medium_energy
927,4.636886159,4.655878246,4.64639713895,-0.935496485742559,5.2642623593612825e-08,5.8379523904661944e-15,medium_energy
928,4.641886723000001,4.66088427,4.6513999985500005,-0.9354964809325912,5.2642623593612825e-08,6.5158882185044355e-15,medium_energy
929,4.646894721000001,4.665894913000001,4.65639866455,-0.9354964676458675,6.668210961180421e-08,8.602365154521304e-15,medium_energy
930,4.651885968,4.670879828,4.6613946907,-0.9354964628708273,5.2104778158756915e-08,4.741996854344694e-15,medium_energy
931,4.656877896,4.67588436,4.6663941728000005,-0.935496468293012,5.54114132356176e-08,5.448768990986544e-15,medium_energy
932,4.661888789000001,4.6808774500000006,4.671393694,-0.9354964738608877,7.597459383834604e-08,8.05795931141984e-15,medium_energy
933,4.666906336,4.68588131,4.676392237,-0.9354964885792908,4.640529116528569e-08,4.052396265040119e-15,medium_energy
934,4.671884738,4.690876544,4.6813906225,-0.9354964924961052,4.613471316083917e-08,3.435368519912739e-15,medium_energy
935,4.676920679,4.695894692,4.68639120075,-0.9354964927697038,5.9499350335556755e-08,4.815560012424079e-15,medium_energy
936,4.681884454,4.700895737000001,4.6913921456,-0.935496484599929,6.09615825597487e-08,7.744272008684711e-15,medium_energy
937,4.686882854,4.705907252,4.696393430100001,-0.9354964730893631,5.34129611651224e-08,6.2092595829127856e-15,medium_energy
938,4.691888878,4.710894821,4.7013937093,-0.9354964647387144,5.240551093077528e-08,3.818841762856867e-15,medium_energy
939,4.696943865000001,4.7158902760000005,4.70639340435,-0.9354964645463028,4.18380593503187e-08,2.8489361808461326e-15,medium_energy
940,4.701881731,4.720905267,4.711392754700002,-0.935496469430055,4.138801235065159e-08,3.973573788267464e-15,medium_energy
941,4.7068748010000006,4.7258934880000005,4.716393405,-0.9354964819069049,6.178680678203818e-08,7.844398169675256e-15,medium_energy
942,4.711888049000001,4.730921444000001,4.72139438145,-0.9354964911023627,5.699894078947665e-08,4.044264143808279e-15,medium_energy
943,4.716911056000001,4.735909214,4.72639380095,-0.9354964931563561,4.0502084464044685e-08,2.6152896196128874e-15,medium_energy
944,4.7218780460000005,4.740892125,4.731391296400001,-0.935496491427996,4.791823660088568e-08,3.4287539701131396e-15,medium_energy
945,4.726883279,4.745876599000001,4.73639098145,-0.9354964774342107,5.702567762444488e-08,5.787549128500775e-15,medium_energy
946,4.731886248,4.750890518,4.741395000650001,-0.9354964699800886,4.891015947805499e-08,4.100854880032541e-15,medium_energy
947,4.7368848990000005,4.755917883,4.7463970376,-0.9354964629622511,3.208738519333565e-08,2.268970705854358e-15,medium_energy
948,4.741891885,4.760879824,4.751397116400001,-0.9354964650478544,3.897908118499771e-08,3.5177223892437335e-15,medium_energy
949,4.746950559,4.7658983720000005,4.756397507249999,-0.9354964761696525,4.976287293345649e-08,4.982178318097101e-15,medium_energy
950,4.751877825,4.770883297,4.76139054475,-0.9354964850413061,5.802859959214146e-08,5.57309344702218e-15,medium_energy
951,4.756889901,4.7758799540000005,4.766389930700001,-0.9354964941050683,2.9405194834630777e-08,1.558755949782778e-15,medium_energy
952,4.761880546,4.780888132,4.771391634000001,-0.9354964934506154,3.242043167261954e-08,1.883968832157633e-15,medium_energy
953,4.766880359,4.785893075000001,4.776395045149999,-0.9354964853096203,5.401365144042103e-08,5.212991638804062e-15,medium_energy
954,4.771924996,4.790900442,4.78140222985,-0.9354964745904321,5.6843748486024026e-08,5.703703977379015e-15,medium_energy
955,4.77688297,4.795940851,4.7864044066,-0.9354964656054474,3.236715784282751e-08,2.341687746780351e-15,medium_energy
956,4.781900306000001,4.800894998,4.79140579435,-0.9354964624258442,2.492273942777956e-08,9.373225783329956e-16,low_energy
957,4.786935045,4.805897225000001,4.7964078243,-0.935496469569905,4.617372784121443e-08,4.242082710550882e-15,medium_energy
958,4.791895543,4.810924921000001,4.801405515000001,-0.9354964794904831,5.171843941997878e-08,5.2717351111377505e-15,medium_energy
959,4.796891599,4.815895037000001,4.80640403885,-0.9354964896786392,4.014136123497991e-08,3.612284603935678e-15,medium_energy
960,4.80190108,4.820893257000001,4.8114056093999995,-0.9354964955651841,2.6147588982894376e-08,7.333674658261365e-16,low_energy
961,4.806895492000001,4.8258918070000005,4.816404924600001,-0.935496490321745,3.9236706439460534e-08,2.963422784855294e-15,medium_energy
962,4.811894624000001,4.8309217570000005,4.821405763850001,-0.9354964816104978,5.394913038525573e-08,5.370702901019672e-15,medium_energy
963,4.8169131620000005,4.8358945790000005,4.8264046158,-0.9354964703796561,4.297466738023559e-08,4.144542766658722e-15,medium_energy
964,4.821942571,4.840884793000001,4.8313996956,-0.9354964625984982,2.8698644349844926e-08,1.0242625068107962e-15,low_energy
965,4.826894824,4.845889636,4.836394771,-0.9354964649276848,3.2387701409675174e-08,2.115387495767322e-15,medium_energy
966,4.831902772,4.850902613000001,4.84139749375,-0.9354964725799089,5.121721979861604e-08,4.766332743538643e-15,medium_energy
967,4.8368895400000005,4.855885183000001,4.84639811,-0.9354964838994053,4.4933684328896106e-08,4.96908596635158e-15,medium_energy
968,4.8418808470000005,4.860880949,4.85139885305,-0.9354964933924137,2.9694246173050942e-08,1.7128731441002465e-15,medium_energy
969,4.846897221,4.865921979,4.856401675000001,-0.9354964942375007,2.0658504351622753e-08,1.2638913643131939e-15,medium_energy
970,4.851890701,4.870897877,4.8613976044500005,-0.9354964879679741,4.6958038346645026e-08,4.185358853503977e-15,medium_energy
971,4.856885154,4.875889374000001,4.8663986901500005,-0.9354964770622021,4.6416271826110744e-08,5.432083832878412e-15,medium_energy
972,4.861892752,4.880889327,4.8714015262000006,-0.935496466655256,3.109560420266888e-08,2.7540435572579174e-15,medium_energy
973,4.86688496,4.8858971250000005,4.876401583450001,-0.935496462058192,2.517486141773162e-08,8.639531816984183e-16,low_energy
974,4.871928335000001,4.890886307000001,4.88139932625,-0.9354964672950017,3.915041901780825e-08,3.4687823122975502e-15,medium_energy
975,4.876889405,4.895885178,4.8863969303,-0.9354964762620753,4.449931900740722e-08,4.956369162034592e-15,medium_energy
976,4.8818908610000005,4.9009143470000005,4.89139936845,-0.9354964881806103,4.3875099997592315e-08,4.447683401800632e-15,medium_energy
977,4.886896354,4.905898189,4.89639905045,-0.9354964950745075,2.9758695174741945e-08,1.1415347661749247e-15,low_energy
978,4.891897790000001,4.910890869,4.901401996200001,-0.9354964924699345,3.053829455978985e-08,2.0362392647459985e-15,medium_energy
979,4.896913142000001,4.915916220000001,4.906409105300001,-0.9354964850955338,5.5992257164128034e-08,5.327525719705356e-15,medium_energy
980,4.9018993790000005,4.9208910050000005,4.91140561285,-0.93549647233189,5.064490060657789e-08,5.026905583394617e-15,medium_energy
981,4.9069339880000005,4.925911737000001,4.9164071593,-0.9354964645255851,3.2575801611756106e-08,2.0749658196680645e-15,medium_energy
982,4.911930003,4.9309235330000005,4.921405115500001,-0.9354964623316455,2.818212241351148e-08,1.2626659589782599e-15,medium_energy
983,4.9169134450000005,4.935889722000001,4.92639979905,-0.9354964701418916,5.329148400345929e-08,5.2870440919765116e-15,medium_energy
984,4.921903439,4.940885006,4.931397443750001,-0.9354964803521371,4.0411324064848486e-08,4.849083245218596e-15,medium_energy
985,4.926899695,4.945892393,4.93639593055,-0.9354964912863558,4.447571200216771e-08,3.9887427982139366e-15,medium_energy
986,4.931913715,4.950931811,4.94140468675,-0.935496495777189,3.1375434805802627e-08,1.421934609212269e-15,medium_energy
987,4.936889132,4.955910424000001,4.94640550245,-0.9354964901356386,3.71798726250816e-08,3.1838007738734167e-15,medium_energy
988,4.941916827,4.960886472,4.9514056824,-0.9354964817343863,6.160032040014585e-08,6.334067727749784e-15,medium_energy
989,4.946931328000001,4.965888288,4.956404741250001,-0.9354964683139585,5.40755697997497e-08,4.517656436416496e-15,medium_energy
990,4.951932603,4.970886067,4.961393461049999,-0.9354964634465475,3.084783972706617e-08,1.9852436624453718e-15,medium_energy
991,4.95690807,4.975883245,4.96639265865,-0.935496463258642,3.76110511624006e-08,2.063347792957254e-15,medium_energy
992,4.961891201,4.980908025000001,4.9713957256,-0.935496473511591,6.43584733284186e-08,7.228208485271596e-15,medium_energy
993,4.966884161,4.985884483,4.976395246800001,-0.9354964841674352,4.2047661574784456e-08,4.669648723299159e-15,medium_energy
994,4.971920934,4.990878676,4.981397673049999,-0.9354964933754119,4.2047661574784456e-08,3.743544032891334e-15,medium_energy
995,4.976916809,4.9958843790000005,4.986394441500002,-0.935496495758046,4.068996872774733e-08,2.457552187821829e-15,medium_energy
996,4.98192633,5.000892037000001,4.99139123455,-0.93549648723314,4.3312837871845034e-08,4.482317630242298e-15,medium_energy
997,4.986884224000001,5.005914042000001,4.996390867500001,-0.9354964783661845,6.378725103672878e-08,7.125398404359091e-15,medium_energy
998,4.9918826140000006,5.010880842000001,5.0013889900500015,-0.9354964650778633,5.583932261021829e-08,4.1540259063774814e-15,medium_energy
999,4.996882587,5.015880715000001,5.00639068645,-0.9354964631958597,3.5076279769619134e-08,2.580995239902391e-15,medium_energy
1000,5.001886567000001,5.020887581,5.0113909766499996,-0.9354964647909922,4.450557977708769e-08,3.1734493295888966e-15,medium_energy
1001,5.006881441,5.02591177,5.01639193465,-0.9354964770448783,7.288108860858955e-08,9.013502939728262e-15,medium_energy
1002,5.011891693,5.030890703000001,5.0213935223,-0.9354964875297845,4.516546858734927e-08,4.571005034727917e-15,medium_energy
1003,5.016904541000001,5.035896257,5.0263936747,-0.9354964946033281,4.516546858734927e-08,3.8313230146418315e-15,medium_energy
1004,5.021922999,5.040876443,5.031393229450001,-0.9354964950715683,5.567258198890812e-08,4.2022479816212626e-15,medium_energy
1005,5.026879931000001,5.045893508000001,5.036392810250001,-0.9354964840337896,5.0433189291432257e-08,5.774376697971392e-15,medium_energy
1006,5.031890654000001,5.050897829,5.041399617249999,-0.9354964752535885,6.393881601951534e-08,7.666893443131473e-15,medium_energy
1007,5.036893142,5.055943328000001,5.0464051448500005,-0.9354964625254034,5.6281747373709834e-08,4.036674831265826e-15,medium_energy
1008,5.0418815630000005,5.06088976,5.0514086229999995,-0.9354964636924654,4.4920207997733996e-08,3.8798412952364714e-15,medium_energy
1009,5.046899199,5.065889944,5.056408962250002,-0.9354964667842085,4.955501775594229e-08,4.516516290351393e-15,medium_energy
1010,5.051895626,5.070898403,5.06140452145,-0.935496480432435,7.879207142291733e-08,1.0553596569549863e-14,medium_energy
1011,5.056892643,5.075897695,5.0663995642,-0.9354964904103227,4.893446003961799e-08,4.6592812920097825e-15,medium_energy
1012,5.061897275000001,5.080882890000001,5.071398090600001,-0.935496495121716,4.893446003961799e-08,4.315308444446249e-15,medium_energy
1013,5.0668962760000005,5.085961592,5.076403744950001,-0.9354964937981451,6.869351643068455e-08,6.527019841109175e-15,medium_energy
1014,5.071882463000001,5.090895570000001,5.0814115518000005,-0.9354964807466389,5.695535443273059e-08,7.0595915094104335e-15,medium_energy
1015,5.07691066,5.095915280000001,5.086414689850001,-0.9354964725853975,6.307323041632173e-08,7.999796235698631e-15,medium_energy
1016,5.081892108,5.100970017000001,5.09141835335,-0.9354964605551052,5.634946742549829e-08,4.172205613966441e-15,medium_energy
1017,5.08690244,5.105918793000001,5.096411180350001,-0.9354964647612013,5.419136084316989e-08,5.732769539796719e-15,medium_energy
1018,5.091906421,5.110892988000001,5.10140125675,-0.9354964691470012,5.419136084316989e-08,6.036901128484122e-15,medium_energy
1019,5.096942963,5.115884935,5.1063988278000005,-0.9354964951905268,2.2568314339554973e-07,5.203380714827084e-14,medium_energy
1020,5.101891539,5.120883396,5.111394728700001,-0.9354965090955328,2.0279299661751793e-07,4.710799857589648e-14,medium_energy
1021,5.106925627000001,5.125883439000001,5.116392832300001,-0.93549649967329,2.231627513893386e-07,6.04387544342239e-14,medium_energy
1022,5.1118948920000005,5.130890075,5.1213914789,-0.9354964867217344,2.4574244494868225e-07,8.142799378625817e-14,medium_energy
1023,5.116906056,5.135878877000001,5.12639094805,-0.93549645449829,1.4815604032492047e-07,2.884448168120935e-14,medium_energy
1024,5.1218806610000005,5.140887676,5.1313890045,-0.9354964433588968,5.815018599975019e-08,4.903389645575364e-15,medium_energy
1025,5.126897947000001,5.1458930800000005,5.1363917218,-0.9354964705015684,1.736865991031067e-07,6.354460380260643e-14,medium_energy
1026,5.131877191,5.150890187,5.141398242700001,-0.9354964949012758,1.648515171037701e-07,6.53420791531601e-14,medium_energy
1027,5.136897833,5.155883858,5.146398253299999,-0.9354965002423778,1.446359475520964e-07,5.401591997711388e-14,medium_energy
1028,5.141901153,5.160915281,5.151400410500001,-0.935496493038325,1.6272122393967692e-07,6.739785789707952e-14,medium_energy
1029,5.146890235000001,5.165887452000001,5.156397734050001,-0.9354964631201025,1.5271958542228958e-07,3.542725323422874e-14,medium_energy
1030,5.151925124,5.170881273,5.161392686650001,-0.9354964485647684,4.941219255982787e-08,3.919327947799783e-15,medium_energy
1031,5.156905901,5.175890133,5.16639043155,-0.9354964737523153,1.60999587994759e-07,5.52261888891369e-14,medium_energy
1032,5.161888471,5.1809156640000005,5.171392218,-0.9354964957849304,1.5758664340115303e-07,5.744945742700776e-14,medium_energy
1033,5.166894636,5.185884919,5.1763940786000004,-0.9354965000528443,1.4015013960477773e-07,4.883848078902896e-14,medium_energy
1034,5.171881484,5.190890102,5.18139418845,-0.9354964925010038,1.5954858956224172e-07,6.222075088146494e-14,medium_energy
1035,5.176923767,5.195883343,5.186394576300001,-0.93549646368813,1.465695983471349e-07,3.233186309987341e-14,medium_energy
1036,5.181890006000001,5.200878226,5.1913908289,-0.9354964497272157,4.820770793667606e-08,3.642118748270966e-15,medium_energy
1037,5.186894819,5.2059248170000005,5.1963917117000005,-0.9354964740600525,1.553359672001875e-07,5.129401699176127e-14,medium_energy
1038,5.191897918,5.210887039,5.2013882016999995,-0.9354964952979394,1.514408518588084e-07,5.3163217104019564e-14,medium_energy
1039,5.196894033,5.215901560000001,5.206389193750001,-0.9354964992978004,1.3556464306674343e-07,4.541014461195657e-14,medium_energy
1040,5.201893175,5.22088964,5.2113904012,-0.9354964919780422,1.535760684179266e-07,5.789906215275623e-14,medium_energy
1041,5.206882027000001,5.225886447000001,5.216388482250001,-0.9354964641731833,1.4119142754953629e-07,3.001078038952696e-14,medium_energy
1042,5.211879545,5.23088099,5.2213875961500005,-0.9354964507213595,4.632280714567116e-08,3.3891273455803732e-15,medium_energy
1043,5.216900348,5.235884019,5.2263881773000005,-0.9354964741560572,1.4727272212855524e-07,4.739400168396407e-14,medium_energy
1044,5.221893739,5.240880054000001,5.2313867246,-0.9354964947350185,1.4358193578534184e-07,4.9301472679681106e-14,medium_energy
1045,5.226877040000001,5.245890527,5.23638611,-0.9354964985417684,1.288152233769324e-07,4.217732107410995e-14,medium_energy
1046,5.231921978,5.250887014,5.2413938107,-0.9354964915355947,1.4524511737779022e-07,5.3686793555090514e-14,medium_energy
1047,5.236890602,5.255892918000001,5.2463941755,-0.9354964647239138,1.3638102036583888e-07,2.8168604442001214e-14,medium_energy
1048,5.241883351,5.260906266,5.25139633825,-0.9354964516994879,4.4420998435157344e-08,3.1573274552919433e-15,medium_energy
1049,5.246887001,5.26588514,5.25639672415,-0.935496474505484,1.4099298983882846e-07,4.4654973248076824e-14,medium_energy
1050,5.251902534,5.270890463000001,5.261391002450001,-0.9354964942146893,1.3799587605944907e-07,4.6456728750446415e-14,medium_energy
1051,5.256881137000001,5.2758760890000005,5.26638957845,-0.9354964980189079,1.236466662390967e-07,3.957607206354434e-14,medium_energy
1052,5.261883003,5.280927329000001,5.27138923895,-0.9354964911789709,1.3998127901260204e-07,5.0471062342832484e-14,medium_energy
1053,5.266904968,5.285880233,5.276388363900001,-0.9354964651499594,1.3203818038931558e-07,2.6205609290604062e-14,medium_energy
1054,5.271875616,5.290873453000001,5.281386562600001,-0.9354964526668607,4.337953718458465e-08,2.9765949070362528e-15,medium_energy
1055,5.276879175,5.295909274,5.28638826395,-0.9354964746658441,1.3670399756637863e-07,4.2056978654473415e-14,medium_energy
1056,5.281878507,5.300900861000001,5.291387524150001,-0.9354964938122279,1.3338180260280552e-07,4.349401928837428e-14,medium_energy
1057,5.286892276000001,5.30587726,5.2963890146,-0.9354964973974335,1.1915796538364276e-07,3.720936908033004e-14,medium_energy
1058,5.29192936,5.310903462000001,5.30139116035,-0.9354964907632718,1.34983660027288e-07,4.74471351653929e-14,medium_energy
1059,5.296875922,5.3158776770000005,5.30638639445,-0.9354964655679501,1.275190674165927e-07,2.444204057229282e-14,medium_energy
1060,5.301905871000001,5.320876217,5.311386378050001,-0.9354964534390213,4.154425525815242e-08,2.7778937190313415e-15,medium_energy
1061,5.306906636,5.325880228,5.31638455975,-0.9354964746634401,1.3315251490286784e-07,3.8834720883961495e-14,medium_energy
1062,5.311875410000001,5.330878939000001,5.321382513500001,-0.9354964932867589,1.3013425625985064e-07,4.05469415034578e-14,medium_energy
1063,5.316919537,5.335887217000001,5.326387151300001,-0.935496496728468,1.1608617267455656e-07,3.471309115926481e-14,medium_energy
1064,5.3218833210000005,5.340907699000001,5.3313872426,-0.9354964903044145,1.3228682682608905e-07,4.429464167340609e-14,medium_energy
1065,5.326874267,5.345881814,5.33638782935,-0.9354964660417403,1.2594921194875042e-07,2.3293521022687272e-14,medium_energy
1066,5.331907373,5.350887868,5.34139275775,-0.9354964542422122,4.079824755809369e-08,2.6135616171338237e-15,medium_energy
1067,5.336884844,5.355917998000001,5.34639282105,-0.9354964749040185,1.2828721462909698e-07,3.6771869548289065e-14,medium_energy
1068,5.341875178,5.360881412,5.3513925722,-0.935496492813267,1.2507417945784027e-07,3.816601703562317e-14,medium_energy
1069,5.346878027000001,5.365901183,5.3563948882000005,-0.9354964962174421,1.1253558185320145e-07,3.2586127918437373e-14,medium_energy
1070,5.351904791,5.370885306,5.361391783549999,-0.9354964900328889,1.266653574250043e-07,4.1501115186699636e-14,medium_energy
1071,5.356886008,5.3759175400000005,5.366392725000001,-0.9354964664236988,1.1947446232341008e-07,2.1525182558427637e-14,medium_energy
1072,5.361885721,5.3808893300000005,5.371392032850001,-0.9354964551180494,3.910209234181394e-08,2.4392598874002313e-15,medium_energy
1073,5.366891004,5.385886077,5.3763918967999995,-0.9354964752146404,1.2568151153136142e-07,3.497306891594717e-14,medium_energy
1074,5.371926184,5.390886551,5.381392664850001,-0.9354964923986806,1.2286555317597703e-07,3.602878790260286e-14,medium_energy
1075,5.376881943000001,5.395888417,5.386392692450001,-0.9354964957593763,1.0968191777038783e-07,3.069917899609948e-14,medium_energy
1076,5.381887968,5.400885866,5.3913941438499995,-0.9354964897128815,1.2499611312666303e-07,3.919106481364597e-14,medium_energy
1077,5.386885737,5.405900186,5.39639551645,-0.9354964667229917,1.15199069949945e-07,1.9877914300745117e-14,medium_energy
1078,5.391904004000001,5.41088502,5.4013958351,-0.9354964558914471,3.842958673505592e-08,2.32200324324672e-15,medium_energy
1079,5.396888518,5.415890343,5.40639412055,-0.9354964752148929,1.2051595477124977e-07,3.259944387858846e-14,medium_energy
1080,5.401887950000001,5.420881911,5.41139680925,-0.9354964919925683,1.1733831162263897e-07,3.372309229372833e-14,medium_energy
1081,5.406882713,5.425898265000001,5.416399071650001,-0.9354964952264886,1.0427932761736258e-07,2.8754866748448677e-14,medium_energy
1082,5.411882436,5.430895472,5.4214014863500015,-0.9354964893492376,1.1936231758546967e-07,3.675272448752604e-14,medium_energy
1083,5.416891095,5.435890917,5.4264013467,-0.9354964671531034,1.127634431385971e-07,1.890955431103322e-14,medium_energy
1084,5.42192375,5.440887343,5.43139882005,-0.9354964565921845,3.7226460358752433e-08,2.186245345215416e-15,medium_energy
1085,5.426886172000001,5.445901103000001,5.436398377350001,-0.935496475312093,1.1761600160475894e-07,3.047465038424184e-14,medium_energy
1086,5.431889131,5.450888632000001,5.441404349800001,-0.9354964915497304,1.1442640357461897e-07,3.158020655125681e-14,medium_energy
1087,5.436896408,5.455878696,5.44640419115,-0.935496494692466,1.022523560267885e-07,2.6910735766617094e-14,medium_energy
1088,5.441932429,5.460910099,5.45140191045,-0.9354964889917307,1.163247543845003e-07,3.441613543404002e-14,medium_energy
1089,5.4469174140000005,5.465912046000001,5.4563990191,-0.9354964674893242,1.097847057707213e-07,1.778677209630173e-14,medium_energy
1090,5.451889705,5.470909845,5.46139278545,-0.9354964572777762,3.5914527352076675e-08,2.053205704467773e-15,medium_energy
1091,5.4568753910000005,5.475891153,5.466394846500001,-0.9354964754789934,1.1378235520442814e-07,2.87647845664299e-14,medium_energy
1092,5.461895221000001,5.480879113,5.4713954172,-0.9354964913135705,1.1093187002320093e-07,2.967206958431106e-14,medium_energy
1093,5.466891668000001,5.4858825620000005,5.476393643450001,-0.9354964942351762,9.925668742472027e-08,2.5424066496760338e-14,medium_energy
1094,5.471887864,5.490883357,5.48139114335,-0.9354964887280973,1.1261395382877737e-07,3.245638080416926e-14,medium_energy
1095,5.476892325000001,5.495952821,5.4863920766500005,-0.935496467794539,1.0613259260328078e-07,1.673838061328175e-14,medium_energy
1096,5.481887068000001,5.500875549000001,5.491392386900001,-0.935496457808188,3.4722978159429374e-08,1.922175631198852e-15,medium_energy
1097,5.486893193,5.50590123,5.4963929596500005,-0.9354964754510793,1.1078434436484486e-07,2.671728724809579e-14,medium_energy
1098,5.491898126000001,5.510880224,5.501393097100001,-0.93549649080941,1.0832386099224323e-07,2.7931839592874362e-14,medium_energy
1099,5.496924138000001,5.515884465,5.506387965050001,-0.9354964937391481,9.628897335023368e-08,2.3813375393178656e-14,medium_energy
1100,5.501884155,5.520920847,5.5113914367,-0.9354964883692931,1.0988166376790787e-07,3.045170506109787e-14,medium_energy
1101,5.506905329,5.525890192,5.516394612300001,-0.9354964682014002,1.0462873500927117e-07,1.6006660363748185e-14,medium_energy
1102,5.511882388,5.5308951340000005,5.5213969142,-0.9354964585025799,3.4017082373161145e-08,1.8236115763735214e-15,medium_energy
1103,5.51689214,5.5358971210000005,5.526400820150001,-0.9354964757199795,1.0783701220873354e-07,2.587626068792291e-14,medium_energy
1104,5.5218954590000005,5.540883549,5.531398601600001,-0.9354964906681387,1.0521100879401502e-07,2.6719302295789967e-14,medium_energy
1105,5.526891255000001,5.545891036,5.536399914750001,-0.9354964934106789,9.48173983772449e-08,2.295204344655539e-14,medium_energy
1106,5.531903851,5.550884166,5.541404367850001,-0.9354964882367233,1.0659125504464129e-07,2.916521878696332e-14,medium_energy
1107,5.536890099000001,5.555937149,5.546406514100001,-0.9354964684771792,9.991217020388632e-08,1.493335383746304e-14,medium_energy
1108,5.5419338950000006,5.560892759000001,5.551406963100001,-0.9354964590427413,3.263044778822888e-08,1.705394587168417e-15,medium_energy
1109,5.546886348,5.565902380000001,5.556404852750001,-0.9354964757126034,1.0432955843686642e-07,2.3750462547794105e-14,medium_energy
1110,5.551927559,5.570878819000001,5.561395076900001,-0.9354964902021011,1.0218458601496394e-07,2.483803115247329e-14,medium_energy
1111,5.55688953,5.575913277000001,5.5663935236499995,-0.9354964929180316,9.094046404811706e-08,2.1223260531747953e-14,medium_energy
1112,5.561893511,5.580886319,5.57139439935,-0.935496487821889,1.0378248038733773e-07,2.7168210836974832e-14,medium_energy
1113,5.566878826,5.585893876,5.576392751849999,-0.9354964687828857,9.884467733201063e-08,1.4284150412153744e-14,medium_energy
1114,5.571919446000001,5.590893559,5.581397217400001,-0.9354964595943922,3.222409994396713e-08,1.6268523896419108e-15,medium_energy
1115,5.576881557,5.595886879,5.586394134650001,-0.9354964757860925,9.960468538849909e-08,2.2592689243845132e-14,medium_energy
1116,5.581886450000001,5.600880551,5.59139277825,-0.9354964899618701,9.70621494289503e-08,2.3466341033115604e-14,medium_energy
1117,5.586887675000001,5.605887998,5.5963933820000005,-0.9354964925660909,8.674417106835364e-08,2.0092725550886234e-14,medium_energy
1118,5.5918901530000005,5.610879485000001,5.60139006735,-0.9354964876292546,9.854815463672395e-08,2.569667862761306e-14,medium_energy
1119,5.5969282080000005,5.615886120000001,5.6063914997,-0.935496469097339,9.475881879161818e-08,1.3445218333988733e-14,medium_energy
1120,5.601887524,5.62093177,5.611391810950001,-0.9354964601289852,3.1056092031356286e-08,1.5255628408533994e-15,medium_energy
1121,5.606890804000001,5.625881047,5.616390480050001,-0.9354964758788034,9.879132101264787e-08,2.126093692146007e-14,medium_energy
1122,5.611907118,5.630884266000001,5.62139164235,-0.9354964895514432,9.642441500812282e-08,2.2117278104877794e-14,medium_energy
1123,5.616889317,5.6359037160000005,5.626392238100001,-0.9354964921509245,8.581824217923639e-08,1.886549624315788e-14,medium_energy
1124,5.6218946700000005,5.640888841000001,5.631392762700001,-0.9354964873279232,9.831271619020754e-08,2.4191742004770054e-14,medium_energy
1125,5.626879735,5.645882041,5.636393109500001,-0.9354964693132064,9.220138963428326e-08,1.265164760833146e-14,medium_energy
1126,5.631878396,5.650899518,5.641397914200001,-0.9354964606974481,3.0558169217265174e-08,1.4651781829639877e-15,medium_energy
1127,5.636890772,5.655893740000001,5.646398377650001,-0.9354964760611667,9.604483441894018e-08,2.0427297179453962e-14,medium_energy
1128,5.6418848640000006,5.660911196000001,5.65139695855,-0.9354964893176929,9.345667362214982e-08,2.108590199816538e-14,medium_energy
1129,5.646880499000001,5.665933902,5.656400742800001,-0.9354964918673723,8.342390078741602e-08,1.7973904537552747e-14,medium_energy
1130,5.65188999,5.670896224000001,5.661398285800001,-0.9354964871641267,9.524243083092188e-08,2.304059184862309e-14,medium_energy
1131,5.656887759,5.675888543,5.66639635935,-0.9354964695402315,8.944917162523325e-08,1.1841324948447408e-14,medium_energy
1132,5.66191316,5.680882675,5.6713971871,-0.9354964612081836,2.9763901454593622e-08,1.3822065139019378e-15,medium_energy
1133,5.666898225000001,5.685893358,5.67639613825,-0.9354964760994428,9.324240302088782e-08,1.9298374395676903e-14,medium_energy
1134,5.671882809,5.690875527,5.68139463655,-0.935496489120014,9.070497863916671e-08,2.0005124086912762e-14,medium_energy
1135,5.676903041,5.695877354,5.6863950604500015,-0.9354964914951461,8.122435524171578e-08,1.7177239946650994e-14,medium_energy
1136,5.681887935000001,5.700907184,5.6913946583,-0.9354964869337191,9.229276898281569e-08,2.1955166291645485e-14,medium_energy
1137,5.686882408000001,5.705891397,5.696392781950001,-0.9354964698320425,8.751864122302777e-08,1.1387397249335087e-14,medium_energy
1138,5.691900165000001,5.7108837150000005,5.70139438255,-0.9354964616122725,2.882071914456219e-08,1.301241670973017e-15,medium_energy
1139,5.696910998000001,5.71588453,5.7063944092500005,-0.9354964761935326,9.108520337974824e-08,1.8378217959889432e-14,medium_energy
1140,5.701898448000001,5.72088275,5.7113948597,-0.9354964888462722,8.873673085219025e-08,1.9159343153579914e-14,medium_energy
1141,5.706879715,5.725901428,5.7163958271,-0.9354964911770225,8.016471220173571e-08,1.6465213880227547e-14,medium_energy
1142,5.711907511000001,5.730884058,5.721394028800001,-0.9354964867646285,9.016973578912513e-08,2.0953829664833092e-14,medium_energy
1143,5.7169024340000005,5.735893339,5.7263956635,-0.9354964700961519,8.577430776757211e-08,1.0875580255043034e-14,medium_energy
1144,5.721885626000001,5.740936153000001,5.7313989022500005,-0.9354964621217381,2.785851560549446e-08,1.2330400226857357e-15,low_energy
1145,5.726880820000001,5.745898315000001,5.736398540750001,-0.9354964762662288,8.879045321208423e-08,1.717477596002716e-14,medium_energy
1146,5.731909778,5.750901774000001,5.74140750135,-0.9354964885203778,8.668393725042023e-08,1.792654881552315e-14,medium_energy
1147,5.7369329250000005,5.755889204000001,5.746405985650001,-0.9354964908364065,7.727994244532965e-08,1.531720821971338e-14,medium_energy
1148,5.741893704000001,5.760881362,5.751404311650001,-0.9354964864852668,8.827164943436827e-08,1.9634621521862998e-14,medium_energy
1149,5.74689529,5.76591578,5.756403377500001,-0.9354964702801605,8.397492656797567e-08,1.026991420556274e-14,medium_energy
1150,5.75190935,5.7708915880000005,5.76139618205,-0.9354964625420579,2.73625202495964e-08,1.1838016660952763e-15,low_energy
1151,5.756929741,5.7758893570000005,5.766400281900001,-0.93549647637505,8.598297984718783e-08,1.6565613220356442e-14,medium_energy
1152,5.76187966,5.780905029,5.77140265645,-0.9354964884163636,8.386131244986217e-08,1.713168333743515e-14,medium_energy
1153,5.766917845,5.785904101000001,5.77640465635,-0.9354964905810956,7.550614888884866e-08,1.473513640686576e-14,medium_energy
1154,5.771946432,5.790895798,5.781404429050001,-0.9354964863570926,8.500812487266529e-08,1.882169770118232e-14,medium_energy
1155,5.7769330100000005,5.795882657,5.786400721150001,-0.9354964704909298,8.050520061697597e-08,9.727317919096486e-15,medium_energy
1156,5.781903537000001,5.800890164,5.7913962238,-0.9354964628889173,2.63979555992222e-08,1.111536614138889e-15,low_energy
1157,5.786898020000001,5.805891299000001,5.7963941514999995,-0.9354964764047079,8.432152920345715e-08,1.555406201816474e-14,medium_energy
1158,5.791897562,5.810895911,5.8013941872500006,-0.9354964880759725,8.223349201585961e-08,1.6174600095458105e-14,medium_energy
1159,5.796888608000001,5.815894371000001,5.806395000400001,-0.9354964902622648,7.349761876884742e-08,1.383354743936564e-14,medium_energy
1160,5.801899001000001,5.820925142,5.811396168750001,-0.9354964861101299,8.424086039848788e-08,1.77534632425521e-14,medium_energy
1161,5.8069188920000006,5.825896321,5.8163956695,-0.9354964706800215,7.895959241999151e-08,9.267458540650753e-15,medium_energy
1162,5.8118841990000005,5.830908026,5.8213957667,-0.935496463325807,2.6265579822215557e-08,1.0801307933554245e-15,low_energy
1163,5.81688802,5.835893963,5.82639552985,-0.9354964764308775,8.286428321291339e-08,1.4863395363250972e-14,medium_energy
1164,5.821886871,5.840891351000001,5.8313957354,-0.9354964878500228,8.057084399659686e-08,1.5420497190388412e-14,medium_energy
1165,5.826886643,5.845907535,5.8363998738,-0.9354964900054693,7.175951022286853e-08,1.316300149681835e-14,medium_energy
1166,5.831896625000001,5.850910483000001,5.841405903850001,-0.9354964859520928,8.224305314552538e-08,1.6897097921323167e-14,medium_energy
1167,5.836894495,5.8559125000000005,5.846407351250002,-0.935496470879033,7.711910754437667e-08,8.81482490266134e-15,medium_energy
1168,5.841934393000001,5.86090008,5.85140645365,-0.9354964637027521,2.5647379331417142e-08,1.0302672601868046e-15,low_energy
1169,5.846888079,5.865898861000001,5.856404605300001,-0.9354964765606614,8.079298119412215e-08,1.4367140561469326e-14,medium_energy
1170,5.851899443000001,5.8709052260000005,5.861398858100001,-0.9354964877041645,7.862138040604094e-08,1.482822880890356e-14,medium_energy
1171,5.856900418,5.875919276,5.86639952605,-0.9354964897991287,7.005034241558405e-08,1.2679516063269685e-14,medium_energy
1172,5.861902806000001,5.880894652,5.8714008808,-0.9354964858176291,8.019211161780504e-08,1.6273661954953704e-14,medium_energy
1173,5.866904352000001,5.885898383000001,5.876399946699999,-0.9354964710648881,7.505728394363587e-08,8.358415501570736e-15,medium_energy
1174,5.871898915,5.890892625,5.88140030505,-0.9354964640450836,2.503771856510184e-08,9.789285197715403e-16,low_energy
1175,5.8768955620000005,5.895888009,5.886398590850001,-0.9354964766386031,7.833159276771084e-08,1.3692345573630826e-14,medium_energy
1176,5.881891908,5.900904473000001,5.8913985724,-0.9354964875081478,7.61142607830223e-08,1.4142877445925672e-14,medium_energy
1177,5.88689148,5.905940685,5.896399679550001,-0.9354964895091158,6.869070734438765e-08,1.214404868348831e-14,medium_energy
1178,5.891908435,5.910904319,5.90139720445,-0.9354964856658288,7.74835031691623e-08,1.5521165774758645e-14,medium_energy
1179,5.896886287,5.915886088000001,5.906398590749999,-0.9354964712272403,7.32466843844648e-08,7.982762347967852e-15,medium_energy
1180,5.901888694,5.9208865820000005,5.911398127,-0.9354964644098687,2.419190436864227e-08,9.261388114549888e-16,low_energy
1181,5.906883598,5.925897265000001,5.916397912200001,-0.9354964766683285,7.696055515094002e-08,1.2904564614193921e-14,medium_energy
1182,5.911918807,5.930885927,5.921398743900001,-0.9354964872719964,7.512220079330945e-08,1.3439921317118972e-14,medium_energy
1183,5.916921656,5.935884928,5.9263974064500005,-0.935496489260182,6.689142295623896e-08,1.149923696832123e-14,medium_energy
1184,5.92193807,5.940901483,5.931398369850001,-0.9354964854626434,7.667767654151447e-08,1.4765938135407024e-14,medium_energy
1185,5.926906263,5.945891347000001,5.9363968516500005,-0.935496471407497,7.291256576280603e-08,7.70001380893366e-15,medium_energy
1186,5.931922637,5.950939631000001,5.94140445765,-0.9354964647275441,2.393237619191524e-08,8.976232646280538e-16,low_energy
1187,5.936889878000001,5.9558810740000006,5.94640144065,-0.935496476688703,7.553676972804624e-08,1.2413829634610125e-14,medium_energy
1188,5.94189949,5.960893891,5.9514001334,-0.9354964871171225,7.35505479854126e-08,1.2866373780814667e-14,medium_energy
1189,5.946905965,5.965923771,5.956402481500001,-0.935496489043042,6.558522880339979e-08,1.1021661977711269e-14,medium_energy
1190,5.951883887,5.97088993,5.961397761200001,-0.9354964853282587,7.514281019638247e-08,1.4146275745105553e-14,medium_energy
1191,5.956896554,5.97589371,5.9664037762,-0.9354964715776977,7.039402383224314e-08,7.350226299280207e-15,medium_energy
1192,5.961907708,5.9808991240000005,5.971403298949999,-0.9354964650216454,2.3566351425863274e-08,8.578904063591548e-16,low_energy
1193,5.966934982000001,5.985894087,5.976401837300001,-0.9354964767696166,7.245441302483613e-08,1.1897553008061179e-14,medium_energy
1194,5.9719336830000005,5.990891666,5.98140129195,-0.9354964869587616,7.034266313876714e-08,1.2350666533678347e-14,medium_energy
1195,5.976889994,5.995899834,5.9863970215,-0.9354964888485139,6.315504996745602e-08,1.0581245450909232e-14,medium_energy
1196,5.981892051,6.000932850000001,5.99140085785,-0.9354964852208137,7.177089322851771e-08,1.3564786785410665e-14,medium_energy
1197,5.986907182,6.005902636,5.99639976295,-0.9354964717460303,6.897501247937754e-08,7.052113563395145e-15,medium_energy
1198,5.991890855,6.010898922,6.0013979612,-0.935496465336184,2.286214961788602e-08,8.184914735844552e-16,low_energy
1199,5.996900686,6.01588599,6.0063978251000005,-0.9354964768639873,7.216996966707967e-08,1.1494088501598086e-14,medium_energy
1200,6.001887976000001,6.020887296000001,6.0113993285500005,-0.9354964867852571,7.033859805716247e-08,1.1891612681987103e-14,medium_energy
1201,6.006893529,6.025880056,6.0163994464,-0.9354964886522575,6.252992956756742e-08,1.0182443000671724e-14,medium_energy
1202,6.011893272,6.030893474,6.0213987607499995,-0.935496485074542,7.182202566013984e-08,1.3072539850866878e-14,medium_energy
1203,6.016914505000001,6.0358822960000005,6.026396574750001,-0.935496471858755,6.72571404125577e-08,6.7079775112295646e-15,medium_energy
1204,6.021893018,6.040886537,6.0313911201,-0.935496465628049,2.247742802996555e-08,7.927326894771669e-16,low_energy
1205,6.026880778000001,6.045930484,6.036394322800001,-0.9354964768747376,6.981347400181193e-08,1.0977094754253354e-14,medium_energy
1206,6.031887824,6.0508906510000005,6.041400808150001,-0.9354964866879726,6.781896100260809e-08,1.1350929735637495e-14,medium_energy
1207,6.036900331,6.055900463,6.04640796935,-0.9354964884420648,6.062553836727602e-08,9.769857477763322e-15,medium_energy
1208,6.041891758,6.060915755000001,6.051411391949999,-0.9354964849440368,6.930274121241808e-08,1.2531760515199724e-14,medium_energy
1209,6.046883956,6.065903635000001,6.056409708300001,-0.9354964720116801,6.612135561301358e-08,6.493283647444025e-15,medium_energy
1210,6.0518943190000005,6.070899841,6.0614045387000015,-0.9354964658401762,2.199450221951338e-08,7.544255049271237e-16,low_energy
1211,6.056899642,6.075893723,6.066398870600001,-0.9354964770290088,6.975504007744604e-08,1.080011884002028e-14,medium_energy
1212,6.061892091000001,6.080887033000001,6.07139666655,-0.935496486546666,6.793966023099784e-08,1.1106091670455862e-14,medium_energy
1213,6.066883909,6.0858964140000005,6.076395681399999,-0.9354964882946142,6.153680964793296e-08,9.565204920884752e-15,medium_energy
1214,6.071888751,6.090893121000001,6.08139496215,-0.9354964848839076,6.930895246615165e-08,1.2204822824778199e-14,medium_energy
1215,6.076911056,6.095919504,6.086396220100001,-0.935496472096974,6.4416285638913e-08,6.156773882515398e-15,medium_energy
1216,6.081887104000001,6.100907044,6.0913964798,-0.9354964661381733,2.1537683636552174e-08,7.270901883818306e-16,low_energy
1217,6.086900563,6.105893361000001,6.0963960341000005,-0.9354964769953297,6.819943887403923e-08,1.0103613236559278e-14,medium_energy
1218,6.091888553,6.110889146000001,6.101396302700001,-0.9354964863478464,6.646817563016327e-08,1.0474536934683381e-14,medium_energy
1219,6.096886392,6.115931139000001,6.106398365750001,-0.9354964880803536,5.9376660810350756e-08,8.976471306075265e-15,medium_energy
1220,6.1018925070000005,6.1209015760000005,6.1113999542499995,-0.9354964846992626,6.790983042570531e-08,1.1544755830654061e-14,medium_energy
1221,6.106883483000001,6.12589156,6.11640083455,-0.9354964722435964,6.357826443093018e-08,5.9830019630810036e-15,medium_energy
1222,6.11191724,6.130885181,6.1214002646,-0.9354964663600146,2.131433318730558e-08,7.070960854402799e-16,low_energy
1223,6.1169534510000005,6.135891346,6.12640096805,-0.9354964770035249,6.704201982454805e-08,9.787897322861864e-15,medium_energy
1224,6.1218938220000005,6.140885859,6.131396841999999,-0.9354964862487746,6.523863060881041e-08,1.0187876926883768e-14,medium_energy
1225,6.126889036000001,6.145929324000001,6.136399205600002,-0.9354964879308507,5.836696104211114e-08,8.754233193681756e-15,medium_energy
1226,6.131925167,6.15090449,6.141405379,-0.9354964846119863,6.667233065638101e-08,1.1229170559872788e-14,medium_energy
1227,6.136890886000001,6.155898652,6.14640320255,-0.9354964723909536,6.333583524309461e-08,5.845589731736412e-15,medium_energy
1228,6.141932598,6.1608896280000005,6.15140743415,-0.9354964665745952,2.090752804217999e-08,6.773279565621333e-16,low_energy
1229,6.146921279000001,6.1659022960000005,6.15640581275,-0.93549647711326,6.528796958615857e-08,9.530432882395432e-15,medium_energy
1230,6.151912907000001,6.170881850000001,6.161397857350001,-0.935496486144132,6.350827419510097e-08,9.852747615388661e-15,medium_energy
1231,6.156890528000001,6.175882084,6.16639765465,-0.9354964877835851,5.7420305954458684e-08,8.48235572398886e-15,medium_energy
1232,6.161902393,6.180887507,6.17139446825,-0.9354964845378271,6.478815872679178e-08,1.0858464502559891e-14,medium_energy
1233,6.166886647,6.185886508,6.176393791,-0.935496472467932,6.128989760156855e-08,5.57209721968496e-15,medium_energy
1234,6.171887131,6.1908922120000005,6.181394689749999,-0.9354964682335579,4.906689798911401e-08,2.1624254058647718e-15,medium_energy
1235,6.176887194000001,6.195888979,6.1863939425000005,-0.9354964779923659,5.937664560029532e-08,9.178648144768254e-15,medium_energy
1236,6.181899550000001,6.200890625,6.191394054350001,-0.9354964835281578,5.777896561198759e-08,8.146384105057433e-15,medium_energy
1237,6.186902058,6.205900547000001,6.196392710000001,-0.9354964859133089,5.003109926349225e-08,6.560872460161245e-15,medium_energy
1238,6.191885791000001,6.210884239,6.2013936454,-0.935496482940356,5.1332745054644136e-08,6.784166780081432e-15,medium_energy
1239,6.196901143000001,6.215887529000001,6.2063928504999994,-0.9354964732291375,4.1722915788966475e-08,1.6862839438962551e-15,medium_energy
1240,6.201888312,6.220879847,6.2113914900500005,-0.935496472695322,3.3024813994586566e-08,1.0385452881308224e-15,low_energy
1241,6.206925054,6.225892254000001,6.216392818700001,-0.9354964792954281,3.950647542438901e-08,4.022383529265613e-15,medium_energy
1242,6.211896944,6.230890995,6.2213922448,-0.9354964832197583,3.906240564344188e-08,3.5371921790891668e-15,medium_energy
1243,6.216890796,6.235894976,6.226394001800001,-0.9354964839479709,3.921686619889897e-08,3.1970673183359963e-15,medium_energy
1244,6.2219216070000005,6.24092183,6.231395885,-0.9354964808888345,3.921686619889897e-08,3.6588886080383515e-15,medium_energy
1245,6.226890291,6.245905361,6.2363966054999995,-0.9354964737908897,3.002721615796844e-08,1.1136305710912423e-15,low_energy
1246,6.231919189,6.250888743,6.241403328350001,-0.9354964732030187,2.820065603259536e-08,7.955622426435227e-16,low_energy
1247,6.236900396,6.255887424,6.246405944899999,-0.935496479893559,3.425576156068644e-08,3.2858455845642166e-15,medium_energy
1248,6.2418856620000005,6.260908878,6.251408820049999,-0.9354964826322302,3.3457243198142805e-08,2.6554839456994956e-15,medium_energy
1249,6.246889372,6.265879375000001,6.256406749750001,-0.9354964831320297,3.1667901967402656e-08,2.4365889103920448e-15,medium_energy
1250,6.251930443,6.270885199,6.2614031505500005,-0.9354964804228881,3.23872652030488e-08,2.8041301591960466e-15,medium_energy
1251,6.256908905,6.275887496,6.266400053749999,-0.9354964739121087,1.9707106058142188e-08,4.2288506759092727e-16,low_energy
1252,6.261911573000001,6.280886007,6.271394437250001,-0.9354964752028307,2.4224314887355547e-08,9.430300697655163e-16,low_energy
1253,6.266903561,6.285898443000001,6.276395524950002,-0.935496480714896,2.8761469650362415e-08,2.2730283989801978e-15,medium_energy
1254,6.271877335,6.290884771,6.281391957350001,-0.935496482367482,2.747473437647585e-08,1.7646441102027888e-15,medium_energy
1255,6.276883259000001,6.2958991410000005,6.286392991000001,-0.9354964822461053,2.71961839715118e-08,1.806533498716413e-15,medium_energy
1256,6.281884354000001,6.3008910590000005,6.29139465575,-0.9354964790072866,2.740628957109692e-08,1.8290490659676596e-15,medium_energy
1257,6.286909625000001,6.305881414000001,6.296394627300001,-0.9354964741060648,9.147931967490308e-09,1.1863280015350815e-16,low_energy
1258,6.291916642,6.310895143000001,6.30139507935,-0.9354964767777755,2.3452151221015072e-08,1.0345717399782111e-15,low_energy
1259,6.296887019000001,6.3158912990000005,6.30639198065,-0.935496480973171,2.442709479133498e-08,1.5689347884892375e-15,medium_energy
1260,6.301892492,6.3208863630000005,6.311391335600001,-0.9354964820760774,2.249080377492163e-08,1.2373272815616407e-15,low_energy
1261,6.306887326,6.325898919,6.31639246435,-0.9354964815262571,2.342682559053344e-08,1.4001060804041028e-15,medium_energy
1262,6.311887499,6.330894184000001,6.32139386265,-0.935496477910536,2.342682559053344e-08,1.1020895503850243e-15,low_energy
1263,6.3168867010000005,6.335888105,6.3263936413,-0.9354964746700608,6.1238435433708105e-09,7.234734924993544e-17,low_energy
1264,6.321891062000001,6.340921001000001,6.3313970909,-0.9354964780151482,2.1317434817369474e-08,1.0448291550378515e-15,low_energy
1265,6.326889202,6.34588743,6.336394975050001,-0.9354964810296827,2.130729725990932e-08,1.1280632235600632e-15,low_energy
1266,6.331885688000001,6.350898514000001,6.3413995833,-0.9354964816997731,1.951164640967562e-08,9.433966659919663e-16,low_energy
1267,6.3369242340000005,6.355878359,6.346399217300001,-0.9354964809253801,2.0504114850439237e-08,1.1305757181819406e-15,low_energy
1268,6.34190437,6.3608865880000005,6.351398562700001,-0.9354964770997395,1.94122647956263e-08,5.876071813417378e-16,low_energy
1269,6.346889164,6.365895248,6.356399530700001,-0.9354964757501764,1.5545450371412528e-08,2.258429537385183e-16,low_energy
1270,6.351883647,6.370890382000001,6.36139295045,-0.9354964789852298,1.886079381563377e-08,9.38021831536633e-16,low_energy
1271,6.356916813000001,6.375891887000001,6.3663955239000005,-0.9354964809403767,1.8674982449340405e-08,8.359157387154776e-16,low_energy
1272,6.361881118,6.380943568,6.371398061800002,-0.9354964813668465,1.848211617083706e-08,7.37985425160651e-16,low_energy
1273,6.366893315,6.385904528,6.3763979252,-0.9354964799956027,1.848211617083706e-08,8.413490412579191e-16,low_energy
1274,6.371896133000001,6.3908983290000005,6.38140422925,-0.9354964765985738,1.4925154334655133e-08,2.6677288651012537e-16,low_energy
1275,6.376890966,6.3958970200000005,6.3864042936,-0.9354964763132176,1.3717640356958327e-08,1.8689631259617862e-16,low_energy
1276,6.381892963,6.400926629000001,6.391404727100001,-0.9354964795377828,1.646703839952579e-08,7.624043113817722e-16,low_energy
1277,6.38695286,6.405901825000001,6.39640949825,-0.9354964808001427,1.6137239211566623e-08,6.183660117289113e-16,low_energy
1278,6.391907237000001,6.410934851,6.40140636845,-0.9354964809886402,1.5472984005171497e-08,5.788669553862338e-16,low_energy
1279,6.396894886,6.415893576,6.406407895949999,-0.9354964796374151,1.5755240778680957e-08,6.644871403913821e-16,low_energy
1280,6.401919246,6.420914679,6.411406305050001,-0.9354964764939451,9.329166772431563e-09,9.53396749022378e-17,low_energy
1281,6.406893650000001,6.425944759,6.41640417665,-0.9354964772183239,1.2338171373471596e-08,2.4301303442756996e-16,low_energy
1282,6.411889496000001,6.430950022,6.421405947150001,-0.9354964799766737,1.4344307186497929e-08,5.675217592176591e-16,low_energy
1283,6.41691164,6.435887246,6.426402620900001,-0.9354964807403711,1.3650311214696842e-08,4.471273031793287e-16,low_energy
1284,6.421902817,6.440892750000001,6.4313992867500005,-0.9354964806114456,1.3812569976678901e-08,4.705775601331932e-16,low_energy
1285,6.426905465000001,6.445920175,6.436398774900002,-0.9354964789311282,1.38879068245501e-08,4.692073058946728e-16,low_energy
1286,6.4318912710000005,6.450891494,6.4413985647,-0.9354964764844192,4.469778214222231e-09,3.019984833157773e-17,low_energy
1287,6.436889361,6.455886598,6.4463992276,-0.9354964779220418,1.2237377999824162e-08,2.8650184741159777e-16,low_energy
1288,6.4418892240000005,6.460884888000001,6.451398988800001,-0.9354964801431974,1.2977424468374466e-08,4.3768043318282036e-16,low_energy
1289,6.446883777,6.465893948000001,6.4563987350000005,-0.9354964806766329,1.1938651067744388e-08,3.5265260826227915e-16,low_energy
1290,6.451883088000001,6.470896886,6.46139528555,-0.9354964803209713,1.2639907898126523e-08,4.085931990126839e-16,low_energy
1291,6.456894323,6.475892411,6.46640033075,-0.9354964783867693,1.2639907898126523e-08,3.22394943031964e-16,low_energy
1292,6.461906439000001,6.480925357,6.4714023307,-0.9354964766640746,3.4090498202132835e-09,2.233421934474805e-17,low_energy
1293,6.466887667000001,6.485919108,6.476403531600001,-0.9354964785577783,1.1983156689154839e-08,3.317613004407849e-16,low_energy
1294,6.471932274,6.490889385,6.4814031735499995,-0.9354964802006993,1.1967829394166074e-08,3.5279066271793815e-16,low_energy
1295,6.476895698000001,6.495923673,6.486399393549999,-0.935496480580093,1.0635236802336578e-08,2.945246814180786e-16,low_energy
1296,6.4819160700000005,6.500910060000001,6.4914022309499995,-0.9354964800938417,1.192222043311375e-08,3.6151401020532353e-16,low_energy
1297,6.4869028580000005,6.505885637,6.49639863175,-0.9354964779086099,1.1089750340254056e-08,1.8168826289330624e-16,low_energy
1298,6.491883334000001,6.510887394,6.50140146425,-0.9354964771729304,9.142379964188763e-09,7.399220150950782e-17,low_energy
1299,6.49692735,6.51588363,6.506400327749999,-0.9354964789966449,1.1070123373535523e-08,3.121070229760339e-16,low_energy
1300,6.501893199,6.520886538,6.511394413250001,-0.9354964801274847,1.0707051356639852e-08,2.777589603807606e-16,low_energy
1301,6.506929701000001,6.5258806300000005,6.5163963886000005,-0.9354964803530903,1.0055906218831012e-08,2.4704992733869733e-16,low_energy
1302,6.511878648000001,6.530881365000001,6.521395694900001,-0.9354964795589626,1.0464413335853351e-08,2.81957402284538e-16,low_energy
1303,6.516877569,6.535900714,6.5263967295,-0.9354964776326333,8.361213943430812e-09,8.765400914147198e-17,low_energy
1304,6.521882241,6.540912069,6.531399995800001,-0.9354964775367716,8.587749178445847e-09,7.326515640456084e-17,low_energy
1305,6.526881342,6.5458878060000005,6.536398783649998,-0.9354964794788225,9.858712957111493e-09,2.7336232954737946e-16,low_energy
1306,6.531894701000001,6.550884062000001,6.541400536100001,-0.9354964801645339,9.583157378756368e-09,2.2204077452065928e-16,low_energy
1307,6.536885035,6.5558797570000005,6.546399771750001,-0.9354964802095868,9.882957563434047e-09,2.1770935467216465e-16,low_energy
1308,6.541887824000001,6.560882325000001,6.551395664700001,-0.9354964793131803,9.882957563434047e-09,2.4644805778931375e-16,low_energy
1309,6.546884821000001,6.5659041,6.556395278650001,-0.9354964773943987,5.6920663737969335e-09,3.277400564616767e-17,low_energy
1310,6.551919049,6.5708869000000005,6.5613882355,-0.9354964779227333,8.029267917208927e-09,9.902157845398201e-17,low_energy
1311,6.556881802,6.575923873000001,6.566391519849999,-0.9354964796784146,9.136877143767208e-09,2.322405210240834e-16,low_energy
1312,6.561885392000001,6.580885935,6.57139252785,-0.9354964801420532,8.736680712218003e-09,1.853765431730472e-16,low_energy
1313,6.5668914670000005,6.585949588,6.576397154150001,-0.935496480040681,8.89692675087872e-09,1.9729982996852036e-16,low_energy
1314,6.571885388,6.590876263,6.58140021305,-0.9354964789542709,8.94303553433673e-09,1.9658265036524575e-16,low_energy
1315,6.576876204,6.595884221,6.5863945064000005,-0.9354964773852436,2.8378374095083814e-09,1.2526889762273903e-17,low_energy
1316,6.581926091000001,6.600884394,6.591396038899999,-0.9354964783793959,8.116617600251175e-09,1.2960418613589155e-16,low_energy
1317,6.586907179000001,6.6058857500000006,6.5963891796,-0.9354964798168857,8.636963921837548e-09,1.9027722243191486e-16,low_energy
1318,6.591881213000001,6.610874472000001,6.601386751200001,-0.9354964801447192,7.931655332527043e-09,1.5562551227142878e-16,low_energy
1319,6.5969120740000005,6.615905233,6.606390358650001,-0.9354964798812038,8.75244854370294e-09,1.8362779408137176e-16,low_energy
1320,6.601885607000001,6.6209113980000005,6.61138912145,-0.9352445693589736,0.002015281421398396,6.345839573562938e-06,medium_energy
1321,6.606881383,6.625956567,6.61639353045,-0.9343628860792084,0.004534365114044481,4.664178157272435e-05,high_energy
1322,6.611888569,6.630884944000001,6.62139672305,-0.9328514322653587,0.007053449814897306,0.00011771479134808434,high_energy
1323,6.616888512,6.635881641,6.626394373800001,-0.9307102052856614,0.00957254723494494,0.00016879868864353936,high_energy
1324,6.6218878640000005,6.640884239,6.63139502415,-0.9281911136012446,0.009572549614862313,0.00016879896568370092,high_energy
1325,6.626914578,6.64591448,6.636392755,-0.9256720213783993,0.00957255613208663,0.0001687992153445659,high_energy
1326,6.631902328000001,6.6508864800000005,6.641398180850001,-0.9231529279794671,0.009572555843076036,0.00016879909752407992,high_energy
1327,6.636894837000001,6.6559088850000006,6.646399665750001,-0.9206338356537287,0.009572542971562403,0.00016879882908769827,high_energy
1328,6.641880032,6.660901394000001,6.65139984075,-0.9181147451514585,0.009572542076747403,0.00016879862128823639,high_energy
1329,6.646885555000001,6.665893502,6.6564003403,-0.9155956540151502,0.009572548490350385,0.0001687987595881502,high_energy
1330,6.651884507,6.670881743000001,6.66139232335,-0.9130765622287005,0.009572550633265564,0.00016879902613039014,high_energy
1331,6.6568967830000005,6.6759079660000005,6.6663923846,-0.9105574696708197,0.009572551858912592,0.0001687991915198734,high_energy
1332,6.661920912,6.680905565000001,6.67139264325,-0.9080383763283241,0.009572554084456897,0.00016879903225884246,high_energy
1333,6.666881901,6.685891431000001,6.6763931939,-0.90551928442626,0.009572547596916836,0.00016879882194035313,high_energy
1334,6.671909216,6.6908984170000005,6.681396095000001,-0.9030001940808546,0.009572543402783684,0.00016879861735433164,high_energy
1335,6.6768977970000005,6.695899753000001,6.6863958637,-0.9004811027103473,0.009572548152338989,0.00016879880804209602,high_energy
1336,6.6818892540000006,6.700888775,6.69139532475,-0.8979620108282436,0.00957255045173877,0.00016879907113876217,high_energy
1337,6.6868786170000005,6.705883699,6.696395362500001,-0.8954429182329949,0.009572555459341991,0.00016879920586251757,high_energy
1338,6.691899751,6.710889182000001,6.7013951683,-0.8929238248470387,0.009572552021876568,0.00016879897376435014,high_energy
1339,6.696889594000001,6.715881792,6.706393643600002,-0.8904047336032775,0.009572543658701527,0.00016879874214626196,high_energy
1340,6.701919484,6.720891593,6.711393970900001,-0.887885642873662,0.009572546635741475,0.0001687986751211045,high_energy
1341,6.706894320000001,6.725947382,6.71639872555,-0.8853665512955924,0.00957254853184697,0.00016879889510964486,high_energy
1342,6.711900154,6.730880699,6.721396482450001,-0.8828474593055681,0.009572550616946174,0.00016879912537965468,high_energy
1343,6.716898113,6.735880832,6.726398477800001,-0.8803283664148382,0.009572555259619975,0.0001687991112295039,high_energy
1344,6.721921931000001,6.740908648,6.73140257265,-0.8778092738087304,0.009572545380547304,0.00016879886850901872,high_energy
1345,6.726900574,6.745888363000001,6.7363977281,-0.875290182902401,0.009572543899447616,0.00016879869934568735,high_energy
1346,6.731888705,6.750892584000001,6.741401803400002,-0.8727710916004547,0.009572548452222662,0.00016879878746409172,high_energy
1347,6.736893737000001,6.755907435,6.74640143535,-0.8702519998489133,0.00957254951135944,0.0001687989848894574,high_energy
1348,6.7419133780000005,6.760892029000001,6.7513974384,-0.8677329075525411,0.00957255109536348,0.00016879911411939579,high_energy
1349,6.746899585,6.7658964710000005,6.7563941884,-0.8652138146455709,0.009572552636525344,0.0001687989967801726,high_energy
1350,6.751910138,6.770932221000001,6.7613920455,-0.862694722877586,0.009572545585745829,0.00016879882197536918,high_energy
1351,6.756887999000001,6.775880497,6.766392095800001,-0.8601756319516427,0.009572546286322314,0.00016879872152683728,high_energy
1352,6.761876490000001,6.780891641,6.771391493850001,-0.8576565403160753,0.00957254850824274,0.0001687988733875198,high_energy
1353,6.766884849,6.785879080000001,6.776392411700002,-0.8551374483867598,0.009572550109568034,0.0001687990478157369,high_energy
1354,6.771910962000001,6.7908825,6.781391454550001,-0.8526183559001265,0.00957255356669684,0.00016879908713474367,high_energy
1355,6.776881950000001,6.795882704,6.786389227950001,-0.8500992631691723,0.009572549424992083,0.0001687989196023798,high_energy
1356,6.781878567000001,6.800881685,6.7913890162,-0.8475801720239173,0.009572544946752082,0.00016879876394084093,high_energy
1357,6.7868873270000005,6.805883812,6.7963897858,-0.8450610807485305,0.009572548069678888,0.00016879878635413118,high_energy
1358,6.791878403,6.81087604,6.8013870452,-0.8425419889735771,0.00957254939104768,0.00016879894556682734,high_energy
1359,6.796888705000001,6.815890972,6.8063874786500005,-0.8400228969120622,0.009572553279365792,0.00016879908885095957,high_energy
1360,6.801880794000001,6.820880355000001,6.81138479275,-0.8375038041647557,0.00957255285831149,0.00016879901457364318,high_energy
1361,6.806879504,6.825874387000001,6.8163828177,-0.8349847120709379,0.00957254801216223,0.0001687988615925035,high_energy
1362,6.811913672,6.830874290000001,6.821384685950001,-0.8324656210662665,0.009572545885569106,0.00016879874444358602,high_energy
1363,6.816874922,6.835874433000001,6.82638397165,-0.8299465294473602,0.00957254851428413,0.00016879885565790266,high_energy
1364,6.821894262000001,6.840872903,6.8313869358,-0.8274274375704291,0.009572549753957382,0.00016879900484196764,high_energy
1365,6.826878295,6.845911399,6.83638723945,-0.8249083453099818,0.009572552661756717,0.00016879907437989953,high_energy
1366,6.831886403,6.850892967,6.841390686499999,-0.822389252611439,0.009572550510470457,0.00016879893415287645,high_energy
1367,6.836932844000001,6.855882651000001,6.84639284725,-0.8198701612100076,0.009572545859709791,0.00016879880298428953,high_energy
1368,6.8418742560000005,6.860891331,6.8513919352000014,-0.8173510698447461,0.00957254840745847,0.00016879880532802815,high_energy
1369,6.846872516,6.865879832,6.8563927179,-0.8148319780799017,0.009572549088561644,0.00016879892930998932,high_energy
1370,6.851885083,6.8708957150000005,6.861390427249999,-0.8123128860918595,0.009572551879996283,0.00016879904479379735,high_energy
1371,6.856878724,6.875874328,6.866387346050002,-0.8097937935789176,0.009572552172272708,0.00016879899962129438,high_energy
1372,6.86188541,6.880907313000001,6.871387078650001,-0.807274701491066,0.009572548283316884,0.00016879887503986392,high_energy
1373,6.866888369000001,6.885893691000001,6.876386096400002,-0.8047556102845341,0.009572546681192229,0.00016879878360003025,high_energy
1374,6.871891087000001,6.890876531000001,6.8813832592000015,-0.8022365185879746,0.009572548721412666,0.00016879887152059794,high_energy
1375,6.876882163,6.895878258000001,6.886383713700002,-0.799717426696227,0.00957254966803589,0.0001687989879737764,high_energy
1376,6.8818853120000005,6.900885114,6.891383462950001,-0.7971983345110617,0.009572551992983236,0.00016879904061020145,high_energy
1377,6.886891337000001,6.905876611,6.896383051300001,-0.7946792419865865,0.009572550184576478,0.0001687989285738973,high_energy
1378,6.891884828,6.910903264000001,6.901386165250001,-0.792160150558528,0.009572546352932143,0.00016879881646577648,high_energy
1379,6.896882537000001,6.9158901230000005,6.90638801595,-0.7896410590265663,0.009572548677490467,0.00016879883610033296,high_energy
1380,6.901891206,6.920885638000001,6.911388625149999,-0.787121967227327,0.009572549193882729,0.0001687989363732614,high_energy
1381,6.906892812000001,6.925877696000001,6.916390649600001,-0.7846028752683087,0.009572551844645893,0.00016879902622526853,high_energy
1382,6.911876114,6.930916282,6.92139352875,-0.7820837828392639,0.009572551417382336,0.00016879897037564174,high_energy
1383,6.916876648000001,6.935881319000001,6.926394449600001,-0.7795646909536413,0.009572547248358987,0.00016879886653341537,high_energy
1384,6.921887171000001,6.9408988350000005,6.931395510800002,-0.7770455995594163,0.009572547905732698,0.0001687988180136488,high_energy
1385,6.926883838,6.9458778290000005,6.936394831650001,-0.7745265077500797,0.009572548991497065,0.00016879890063917295,high_energy
1386,6.931890103000001,6.950893651,6.9413952215,-0.7720074158273975,0.009572549663338314,0.00016879898946452543,high_energy
1387,6.936889956000001,6.955890288000001,6.94639423025,-0.7694883236234243,0.009572551503966409,0.0001687990013498605,high_energy
1388,6.941882865,6.96089468,6.951392793649999,-0.766969231410201,0.009572548508570478,0.00016879889166903224,high_energy
1389,6.946880634,6.9659099520000005,6.956395927200002,-0.7644501399771808,0.009572547502938455,0.00016879882607673326,high_energy
1390,6.951893943000001,6.970881531000001,6.9613916387499994,-0.7619310482188608,0.009572548789397395,0.00016879888185773054,high_energy
1391,6.956888776,6.975895922,6.96639463815,-0.7594119563641177,0.009572549309208256,0.00016879896006661858,high_energy
1392,6.961892987000001,6.9809394870000006,6.971399267,-0.7568928643154809,0.009572550912334776,0.00016879899495796251,high_energy
1393,6.966902709,6.985882172,6.9763968496,-0.7543737720977095,0.009572548436769246,0.0001687989060823969,high_energy
1394,6.971913572,6.990892995,6.9814019153,-0.7518546805173979,0.009572547538084564,0.00016879884436093735,high_energy
1395,6.976883939,6.9958949420000005,6.9864046365000005,-0.7493355887696798,0.00957254886258685,0.0001687988796469845,high_energy
1396,6.981904522000001,7.000884666,6.991399681300001,-0.7468164968975373,0.009572549334384561,0.00016879894645893448,high_energy
1397,6.986936255000001,7.005906090000001,6.996401829999999,-0.744297404864456,0.009572549793525731,0.00016879898361142685,high_energy
1398,6.991899518,7.010888820000001,7.00139818375,-0.7417783127074614,0.009572548889070553,0.000168798920234056,high_energy
1399,6.996881948,7.015877041,7.006392671,-0.7392592210336847,0.009572547798609499,0.00016879885424247022,high_energy
1400,7.001903532,7.020879218,7.0113930203,-0.7367401292725257,0.009572548856646712,0.00016879888080041655,high_energy
1401,7.006878418,7.025883209000001,7.01639138335,-0.7342210374221063,0.009572549187217838,0.00016879893863229207,high_energy
1402,7.011903699,7.030881890000001,7.02139192455,-0.7317019454403563,0.009572549685244347,0.00016879897222549773,high_energy
1403,7.016898632,7.035890780000001,7.0263921732,-0.7291828533457245,0.009572549805806574,0.00016879891697232403,high_energy
1404,7.021878197,7.0408791410000005,7.031395193600001,-0.7266637616462915,0.009572548281780335,0.000168798864822501,high_energy
1405,7.026905462,7.045884003,7.036393638850001,-0.7241446698119619,0.009572548998562525,0.0001687988976754606,high_energy
1406,7.031901297,7.05088085,7.041402743200001,-0.7216255779407207,0.009572549226471772,0.00016879894380094143,high_energy
1407,7.036887594,7.055878108000001,7.0464030298499996,-0.7191064859633235,0.00957255018937353,0.00016879896135754154,high_energy
1408,7.04188358,7.060892839,7.0514027534,-0.716587393986096,0.009572548720541363,0.0001687988923468371,high_energy
1409,7.046877191,7.0659042340000005,7.056406654349999,-0.7140683022275749,0.009572549207542025,0.00016879888224633806,high_energy
1410,7.051890299,7.070887956000001,7.061395805950001,-0.7115492103617923,0.009572549120502316,0.00016879891721469128,high_energy
1411,7.056902635,7.075917866,7.066398326350002,-0.7090301184726846,0.00957254927123774,0.00016879895317303034,high_energy
1412,7.06188762,7.0808856780000005,7.07139704265,-0.7065110264869218,0.00957254980472122,0.000168798929820369,high_energy
1413,7.066882303000001,7.0859010200000005,7.0763931956,-0.7039919346510826,0.009572548541176396,0.00016879888070361497,high_energy
1414,7.071913225,7.090875615000001,7.081392200349998,-0.70147284278722,0.009572549090315796,0.0001687989044193395,high_energy
1415,7.076889543,7.095891108,7.0863890740499995,-0.6989537509081841,0.00957254919081496,0.00016879893692139906,high_energy
1416,7.081880299000001,7.10089578,7.091388717000001,-0.696434659000239,0.009572549096803051,0.0001687989397429759,high_energy
1417,7.0868857720000005,7.105879422,7.096389006200001,-0.6939155670832922,0.009572548876430886,0.00016879888942139616,high_energy
1418,7.091892628,7.110900846000001,7.1013901296,-0.6913964752233294,0.009572549108421313,0.0001687989014277135,high_energy
1419,7.096921376,7.115888616,7.106389483050002,-0.6888773833432398,0.00957254916620176,0.00016879892920054204,high_energy
1420,7.101884129,7.120874372,7.111389141500001,-0.6863582914542673,0.00957254870626656,0.00016879893625847063,high_energy
1421,7.106890474,7.125916956,7.116389362,-0.6838391995530719,0.009572549097509153,0.0001687988971728952,high_energy
1422,7.11188683,7.130876302000001,7.1213894006,-0.6813201076495767,0.009572549134578168,0.00016879890532588493,high_energy
1423,7.116882585000001,7.135891364000001,7.12639228475,-0.6788010157745489,0.009572549112546014,0.00016879892680233231,high_energy
1424,7.12188349,7.140928046000001,7.131393475700001,-0.6762819239537556,0.009572548976867878,0.0001687989229793308,high_energy
1425,7.126883353,7.1458806500000005,7.1363946747,-0.6737628319836342,0.00957254961231957,0.00016879890672895345,high_energy
1426,7.131883646,7.150880583,7.14140051495,-0.6712437400826464,0.009572549148426646,0.0001687989188706492,high_energy
1427,7.1368942,7.155890745000001,7.146397876600001,-0.6687246482865041,0.009572548759003041,0.00016879892114722567,high_energy
1428,7.141893822,7.160908341000001,7.151397174400001,-0.6662055563359919,0.009572549636453154,0.0001687989173325652,high_energy
1429,7.1468804100000005,7.165876645000001,7.156395347050001,-0.6636864644536139,0.009572548823221894,0.00016879890980735123,high_energy
1430,7.151879521000001,7.170888039,7.1613903322,-0.6611673726077744,0.009572549016874987,0.000168798921604969,high_energy
1431,7.1568929500000005,7.175893753,7.166393309449999,-0.658648280686146,0.009572549371716477,0.00016879891495018517,high_energy
1432,7.161881431,7.180919816,7.171394500850001,-0.6561291888170765,0.009572548981993556,0.00016879891608046277,high_energy
1433,7.166931298000001,7.185878751000001,7.17639718655,-0.6536100969213848,0.009572549260749241,0.0001687989149344636,high_energy
1434,7.171909100000001,7.190898462000001,7.1814008962,-0.6510910050449803,0.009572549175682177,0.00016879891674314023,high_energy
1435,7.1769088420000005,7.195917631,7.1864006614000004,-0.6485719131582359,0.009572549169553746,0.0001687989165741586,high_energy
1436,7.181886103,7.200893969,7.1914023883,-0.6460528212689617,0.009572548941813253,0.00016879891681018588,high_energy
1437,7.186885214,7.205914291,7.196403597250002,-0.6435337293819503,0.009572549308394684,0.000168798917008154,high_energy
1438,7.191910064000001,7.210881642,7.201398435100001,-0.6410146374954927,0.009572549171285694,0.00016879891677059727,high_energy
1439,7.196921990000001,7.215989409,7.20640276235,-0.6384955456083972,0.009572549171108058,0.0001687989164099024,high_energy
1440,7.201918586000001,7.221097367,7.211435622649999,-0.6359764537215574,0.00957254912636607,0.00016879891692327898,high_energy
1441,7.206882231000001,7.226252713,7.2165051402000016,-0.6334573618416391,0.009572549108659345,0.00016879891566595376,high_energy
1442,7.211905037,7.231331976000001,7.221602916250001,-0.6309382699475279,0.009572549171544154,0.00016879891681708558,high_energy
1443,7.216971055,7.236428822000001,7.2267196081,-0.6284191780604573,0.009572549172978562,0.0001687989164943223,high_energy
1444,7.222134247,7.241485062000001,7.2318244525000015,-0.6259000861709978,0.009572549418132681,0.00016879891750202895,high_energy
1445,7.227260118,7.246603369000001,7.236917876750001,-0.6233809942830788,0.009572548749154919,0.00016879891494515873,high_energy
1446,7.232371973,7.251647646,7.242006278500002,-0.6208619023995509,0.009572549171154243,0.00016879891686126804,high_energy
1447,7.237415308,7.256711660000001,7.247082355450002,-0.6183428105125193,0.009572549171512179,0.00016879891656153254,high_energy
1448,7.242499831000001,7.261786384,7.252159946250001,-0.6158237186380123,0.009572549062194291,0.00016879891544817655,high_energy
1449,7.247588311,7.26686698,7.25723334165,-0.61330462672461,0.009572549472061098,0.00016879891866742903,high_energy
1450,7.252657906,7.271899655,7.26230169605,-0.6107855348515704,0.009572549174357015,0.00016879891690145402,high_energy
1451,7.257746687,7.276879339000001,7.2673527948,-0.6082664429644475,0.009572549171498856,0.00016879891663523886,high_energy
1452,7.262796464000001,7.281918016,7.2723868794,-0.6057473510695981,0.009572548918940882,0.00016879891453834423,high_energy
1453,7.267908038000001,7.286888433,7.277396340450001,-0.6032282592023048,0.009572549437133482,0.00016879891917567975,high_energy
1454,7.27290752,7.291875562,7.282390722000001,-0.6007091673037847,0.00957254915389516,0.00016879891689533785,high_energy
1455,7.277930477000001,7.29687842,7.28739097615,-0.5981900754165167,0.009572549171865674,0.00016879891671104432,high_energy
1456,7.282878943,7.301904753,7.2923890066000014,-0.5956709835294424,0.009572549327381275,0.00016879891628639418,high_energy
1457,7.287891499,7.306882434,7.29738870865,-0.5931518916421059,0.009572548937378578,0.00016879891681979866,high_energy
1458,7.292886453,7.311916081000001,7.302393085050001,-0.5906327997545382,0.009572549315963741,0.00016879891708485126,high_energy
1459,7.297888851000001,7.316893582,7.307391756749999,-0.5881137078683585,0.009572549171260825,0.00016879891676776162,high_energy
1460,7.30289236,7.321885620000001,7.3123923505,-0.585594615981303,0.009572549171070754,0.00016879891635759327,high_energy
1461,7.307937289000001,7.326893127000001,7.317395205050002,-0.583075524094515,0.009572549122822238,0.00016879891690937488,high_energy
1462,7.312889672000001,7.331905644000001,7.322396057299999,-0.5805564322147618,0.009572549117684126,0.00016879891576400483,high_energy
1463,7.317911075,7.336909945,7.327400950600001,-0.5780373403204132,0.009572549172143674,0.00016879891683152536,high_energy
1464,7.322887584,7.341908966,7.3324038582,-0.5755182484333449,0.009572549171410927,0.00016879891645137448,high_energy
1465,7.327889761000001,7.346907116000001,7.33740639265,-0.572999156543669,0.00957254942375041,0.00016879891752606042,high_energy
1466,7.332904713,7.351909484,7.3424113932,-0.5704800646557932,0.009572548749377852,0.00016879891502654206,high_energy
1467,7.337905257,7.3569057,7.347411177000001,-0.5679609727724614,0.009572549170320244,0.00016879891687668016,high_energy
1468,7.342902745000001,7.361883831,7.35240667265,-0.5654418808853373,0.009572549171061873,0.00016879891653515087,high_energy
1469,7.347905954000001,7.366891679,7.357402926699999,-0.5629227890111389,0.00957254906680216,0.00016879891546615856,high_energy
1470,7.352909104,7.371924064000001,7.3623947233500004,-0.5604036970976403,0.009572549482144588,0.0001687989187566231,high_energy
1471,7.357895351000001,7.376877359000001,7.367390941849999,-0.5578846052242735,0.009572549174960088,0.00016879891692901346,high_energy
1472,7.362884203,7.381887000000001,7.372393119099999,-0.5553655133371944,0.009572549173348932,0.00016879891661720673,high_energy
1473,7.367884096,7.386883697,7.377392159499999,-0.5528464214423533,0.009572548912288426,0.00016879891448392793,high_energy
1474,7.372885221000001,7.391929226,7.382394915900001,-0.5503273295751685,0.009572549435352684,0.00016879891917538352,high_energy
1475,7.377912235,7.396884284,7.387394318400001,-0.5478082376764133,0.009572549153153531,0.00016879891693624122,high_energy
1476,7.382889175000001,7.401909655000001,7.3923997187,-0.5452891457891199,0.00957254917125816,0.00016879891669273968,high_energy
1477,7.387913895,7.406909328,7.397405392000001,-0.5427700539020475,0.00957254932724716,0.00016879891622424538,high_energy
1478,7.392901635,7.411923488,7.4024053515500015,-0.5402509620147098,0.009572548932777813,0.0001687989167882799,high_energy
1479,7.397897510000001,7.416891270000001,7.4074068860499995,-0.5377318701271591,0.009572549321950952,0.00016879891714886562,high_energy
1480,7.402905027,7.421913926,7.412399479700001,-0.5352127782410971,0.009572549169472921,0.00016879891675733037,high_energy
1481,7.407905732000001,7.426887529,7.417392742599999,-0.5326936863538954,0.009572549171084965,0.00016879891632953713,high_energy
1482,7.412895235000001,7.431881631,7.42239034065,-0.5301745944671119,0.009572549119459595,0.00016879891689785677,high_energy
1483,7.417881402000001,7.436882907,7.4273892247500015,-0.5276555025875678,0.009572549111835471,0.00016879891577639287,high_energy
1484,7.42287879,7.44188281,7.4323889229,-0.5251364106927611,0.009572549169583056,0.000168798916819898,high_energy
1485,7.427881979,7.446885548,7.437392336050001,-0.5226173188057416,0.0095725491711951,0.0001687989164223755,high_energy
1486,7.432892553,7.451883518000001,7.4423955999,-0.5200982269158422,0.009572549427300459,0.00016879891754432975,high_energy
1487,7.437879772,7.456931541,7.4473976384,-0.51757913502785,0.009572548746195508,0.00016879891504402824,high_energy
1488,7.442907207,7.461898051,7.452397623,-0.5150600431447913,0.009572549170889566,0.0001687989168908832,high_energy
1489,7.447901789,7.466925887,7.4573979707500015,-0.5125409512576244,0.009572549173279654,0.00016879891651950247,high_energy
1490,7.452917072000001,7.471922273000001,7.462396822699999,-0.5100218593836839,0.009572549071332759,0.00016879891547620093,high_energy
1491,7.457883271,7.476890156,7.4673941828,-0.5075027674699798,0.009572549492627758,0.00016879891882006556,high_energy
1492,7.462882412000001,7.481887664,7.472395126699999,-0.5049836755965446,0.009572549175672407,0.00016879891694299455,high_energy
1493,7.467903535,7.486892817,7.477393855000001,-0.5024645837094508,0.009572549171342593,0.00016879891660746834,high_energy
1494,7.472887388,7.491890716,7.48239257825,-0.49994549181457276,0.00957254890762288,0.00016879891444954677,high_energy
1495,7.477900326,7.496890269,7.487393752150001,-0.4974263999474903,0.00957254943565733,0.00016879891920721344,high_energy
1496,7.482896001,7.501887937,7.492396630249999,-0.49490730804862687,0.00957254915017458,0.0001687989169514132,high_energy
1497,7.487927303,7.506924580000001,7.4974003098,-0.4923882161612159,0.009572549170847822,0.00016879891669840534,high_energy
1498,7.492890757,7.511901129000001,7.502401228249999,-0.4898691242741318,0.009572549326760493,0.00016879891619945152,high_energy
1499,7.497889237000001,7.516888848000001,7.507406938150001,-0.48735003238687347,0.009572548933048708,0.0001687989167765945,high_energy
1500,7.502917243000001,7.521930510000001,7.51240668785,-0.48483094049918113,0.009572549319760704,0.00016879891715833258,high_energy
1501,7.507922126,7.526888073,7.517404488900001,-0.4823118486131618,0.009572549171478428,0.0001687989167729696,high_energy
1502,7.512890820000001,7.531904668,7.522409776550001,-0.4797927567259982,0.009572549173955502,0.00016879891631833223,high_energy
1503,7.517897676,7.536899261,7.52740591495,-0.4772736648392307,0.00957254911701888,0.00016879891688813395,high_energy
1504,7.522921815,7.541919913,7.532411859849999,-0.4747545729598023,0.00957254911108052,0.00016879891579638751,high_energy
1505,7.527926797,7.546890671000001,7.53741475445,-0.47223548106488006,0.009572549172484679,0.00016879891685117875,high_energy
1506,7.532912183,7.551880134,7.542413206600001,-0.4697163891777939,0.009572549171975808,0.00016879891641536406,high_energy
1507,7.537901305,7.556914542,7.547410855249998,-0.4671972972876164,0.0095725494348331,0.00016879891757875105,high_energy
1508,7.542924632,7.561882174000001,7.5524023117,-0.4646782053996166,0.009572548742468712,0.00016879891505919634,high_energy
1509,7.547913044,7.566917053,7.557401061449999,-0.46215911351669614,0.009572549170903777,0.00016879891689881686,high_energy
1510,7.552891356000001,7.571881930000001,7.56239570795,-0.4596400216294995,0.009572549171352307,0.00016879891649768585,high_energy
1511,7.557913310000001,7.576884929,7.567397892199999,-0.45712092975580276,0.00957254907559868,0.0001687989154889425,high_energy
1512,7.562889348000001,7.58188404,7.572397615350001,-0.45460183784203634,0.009572549492561977,0.00016879891883560768,high_energy
1513,7.567883060000001,7.586896697,7.577393571350001,-0.45208274596843784,0.00957254917605882,0.00016879891695937007,high_energy
1514,7.572916576000001,7.591883686,7.582391711999999,-0.4495636540813406,0.009572549171371902,0.00016879891660068924,high_energy
1515,7.577898044,7.596890913,7.58738781885,-0.4470445621864805,0.009572548904681122,0.00016879891442377707,high_energy
1516,7.582880314,7.601889092,7.5923948553,-0.44452547031937933,0.009572549437635303,0.0001687989191954446,high_energy
1517,7.587876830000001,7.606902311000001,7.597399569949999,-0.44200637842056556,0.009572549149337917,0.00016879891695888461,high_energy
1518,7.592878998000001,7.611885562,7.6023998391,-0.4394872865332717,0.009572549169356515,0.00016879891666538098,high_energy
1519,7.597875394000001,7.616894953,7.607403272200001,-0.43696819464607894,0.00957254932600371,0.0001687989161730623,high_energy
1520,7.602879395,7.621907259,7.612397552,-0.4344491027587619,0.009572548933356906,0.00016879891678442334,high_energy
1521,7.607901389,7.626885211,7.6173936417,-0.4319300108709063,0.009572549323467017,0.000168798917208755,high_energy
1522,7.612917072,7.631898118,7.622394968350001,-0.4294109189847764,0.00957254916905198,0.0001687989167618828,high_energy
1523,7.617888812,7.636905325000001,7.627396455850001,-0.4268918270977816,0.009572549169540367,0.00016879891627346867,high_energy
1524,7.622900808000001,7.641889689,7.632394307449999,-0.424372735210937,0.009572549114603035,0.00016879891687346263,high_energy
1525,7.627883388000001,7.646886225,7.63739535555,-0.42185364333155295,0.009572549111545037,0.00016879891582339404,high_energy
1526,7.632885846000001,7.65188734,7.642403298700001,-0.419334551436534,0.009572549172552292,0.00016879891684908372,high_energy
1527,7.637892962,7.656889107,7.647400018050002,-0.4168154595493007,0.00957254916849326,0.00016879891637261086,high_energy
1528,7.642885151000001,7.66188933,7.652399911950001,-0.4142963676591528,0.009572549434826882,0.0001687989175771342,high_energy
1529,7.647896866000001,7.666906376000001,7.6574018187,-0.41177727577129425,0.009572548740321096,0.00016879891506874466,high_energy
1530,7.652885778000001,7.67189656,7.662396085499999,-0.40925818388838797,0.009572549170652478,0.00016879891689691864,high_energy
1531,7.657882686000001,7.676908787,7.6673967870499995,-0.4067390920012374,0.009572549171354083,0.00016879891648225205,high_energy
1532,7.662888009,7.681905143000001,7.672402282149998,-0.4042200001275701,0.009572549081062753,0.00016879891550953253,high_energy
1533,7.667906667,7.686885218,7.6773979291000005,-0.40170090821370186,0.009572549492101012,0.00016879891885383634,high_energy
1534,7.672887955,7.691884019000001,7.682393714300001,-0.399181816340059,0.009572549176529499,0.00016879891697057887,high_energy
1535,7.677934276,7.696907848,7.6873949978999985,-0.3966627244528843,0.009572549171330103,0.00016879891659104236,high_energy
1536,7.682878063,7.701891420000001,7.69239071895,-0.39414363255803087,0.009572548903656275,0.00016879891442369045,high_energy
1537,7.6878856,7.706895340000001,7.69739242175,-0.3916245406909009,0.009572549436113909,0.00016879891920338293,high_energy
1538,7.692900151000001,7.711890935,7.702400425549999,-0.38910544879206826,0.009572549148158471,0.00016879891695620788,high_energy
1539,7.697885857,7.716899083,7.707398092149998,-0.38658635690489385,0.009572549167093491,0.0001687989166261302,high_energy
1540,7.702887082,7.721890601,7.712398142350002,-0.3840672650176418,0.009572549324854407,0.00016879891615467283,high_energy
1541,7.707887586000001,7.726894712000001,7.717397128100001,-0.38154817313034894,0.009572548932014813,0.0001687989167818608,high_energy
1542,7.712890645000001,7.731882862000001,7.7223900118,-0.379029081242466,0.009572549321104573,0.00016879891721329555,high_energy
1543,7.717897421000001,7.736882815,7.7273930437,-0.3765099893562739,0.009572549166273703,0.00016879891672625408,high_energy
1544,7.722882135000001,7.741890192,7.732394348750001,-0.3739908974693873,0.009572549169409805,0.0001687989162534061,high_energy
1545,7.727882619000001,7.746923469,7.7373961959000015,-0.3714718055826582,0.009572549110225204,0.0001687989168467065,high_energy
1546,7.732944339,7.751889077,7.742403107149999,-0.36895271370306293,0.009572549113944007,0.00016879891585845077,high_energy
1547,7.737886152000001,7.756918345000001,7.747401142150001,-0.3664336218081208,0.00957254917213568,0.0001687989168415327,high_energy
1548,7.742896345,7.761886358000001,7.7523981511999995,-0.3639145299209557,0.00957254916634831,0.00016879891634507358,high_energy
1549,7.747894605000001,7.766910497,7.75739959855,-0.3613954380305643,0.009572549428521704,0.0001687989175596133,high_energy
1550,7.75288506,7.771904779000001,7.7623957073,-0.3588763461427127,0.009572548748470133,0.00016879891514264263,high_energy
1551,7.757885433,7.776901937000001,7.767396719350001,-0.35635725425976594,0.009572549171196876,0.00016879891690614162,high_energy
1552,7.76288744,7.781899635,7.77239977625,-0.35383816237242194,0.00957254916905198,0.0001687989164701961,high_energy
1553,7.767904937000001,7.78688991,7.777398317100003,-0.3513190704988016,0.009572549080595516,0.00016879891552318066,high_energy
1554,7.772900081,7.791887409,7.78239619375,-0.3487999785851069,0.009572549497946226,0.00016879891889778803,high_energy
1555,7.777893311000001,7.796882823000001,7.7873934276,-0.34628088671137947,0.00957254917648509,0.00016879891695515225,high_energy
1556,7.782890338,7.801878879,7.7923918934,-0.3437617948243094,0.009572549171133815,0.00016879891657664141,high_energy
1557,7.787903256000001,7.806918246,7.7973927833,-0.3412427029295539,0.009572548904559497,0.00016879891442289014,high_energy
1558,7.792885836000001,7.811888614000001,7.802391921750001,-0.3387236110624016,0.00957254943243685,0.00016879891921938098,high_energy
1559,7.797906108,7.816940134,7.807394614500002,-0.3362045191634655,0.009572549149008402,0.00016879891697158333,high_energy
1560,7.802893287000001,7.821911203000001,7.8123947333500015,-0.33368542727595824,0.0095725491718755,0.0001687989166841739,high_energy
1561,7.807889382000001,7.826914862000001,7.817394246100003,-0.3311663353887833,0.009572549324280588,0.00016879891616138813,high_energy
1562,7.812885428,7.831889648000001,7.822393811950002,-0.32864724350146207,0.009572548933976854,0.00016879891678484726,high_energy
1563,7.817893997,7.836882838,7.82739170615,-0.3261281516135129,0.009572549324126989,0.00016879891721410976,high_energy
1564,7.822914610000001,7.841882441,7.832392918150001,-0.323609059727548,0.009572549171735167,0.000168798916767761,high_energy
1565,7.827886930000001,7.846879659000001,7.83739154515,-0.3210899678403631,0.00957254917129191,0.00016879891627897108,high_energy
1566,7.832894798000001,7.851902575,7.842398727850001,-0.3185708759537863,0.0095725491103682,0.0001687989168364897,high_energy
1567,7.837887949000001,7.856896567000001,7.847400100600001,-0.31605178407423123,0.009572549111036999,0.00016879891584949003,high_energy
1568,7.842912558,7.861887393000001,7.852401387099998,-0.3135326921793049,0.009572549174350797,0.00016879891683217876,high_energy
1569,7.847925376,7.866890902000001,7.857400858750002,-0.31101360029223996,0.009572549169546696,0.00016879891637009816,high_energy
1570,7.852881766,7.871917015,7.8623963018,-0.3084945084017824,0.009572549426203614,0.0001687989175419233,high_energy
1571,7.857934559,7.876885338,7.867395258449998,-0.30597541651390714,0.009572548749565257,0.00016879891513716495,high_energy
1572,7.862887093,7.881888337,7.872393463250001,-0.3034563246310031,0.009572549171118772,0.0001687989168888781,high_energy
1573,7.867890532,7.886884262000001,7.87739454545,-0.3009372327437078,0.00957254916876682,0.00016879891646428752,high_energy
1574,7.872897389,7.891911657,7.882394911300001,-0.29841814086993024,0.009572549080242021,0.00016879891553286033,high_energy
1575,7.877900027000001,7.896887314000001,7.8873954825,-0.295899048956377,0.00957254949484293,0.00016879891889536258,high_energy
1576,7.882929616,7.901902827000001,7.8923984953,-0.2933799570826283,0.009572549176681378,0.00016879891694304298,high_energy
1577,7.887883632,7.906895466000001,7.897399297950001,-0.29086086519544174,0.00957254917216499,0.0001687989165843471,high_energy
1578,7.892908111000001,7.911918152,7.9023997033499995,-0.2883417733007794,0.0095725489039315,0.0001687989144361739,high_energy
1579,7.897893828000001,7.916896695,7.9074003367,-0.28582268143339834,0.009572549430435784,0.00016879891922409076,high_energy
1580,7.902892328,7.921887180000001,7.912394529900001,-0.28330358953455625,0.009572549147141507,0.00016879891693107255,high_energy
1581,7.907886961000001,7.926887063000001,7.917391167250001,-0.28078449764714847,0.009572549171005085,0.00016879891665921783,high_energy
1582,7.912881964,7.931877107000001,7.922388043450001,-0.2782654057599531,0.0095725493199037,0.00016879891614342762,high_energy
1583,7.917882258000001,7.936886769000001,7.9273859246,-0.275746313872729,0.009572548933845404,0.00016879891680281415,high_energy
1584,7.922880378,7.941900337000001,7.932388194049999,-0.2732272219848479,0.009572549318235701,0.0001687989171748858,high_energy
1585,7.92788547,7.946890181,7.9373888494,-0.27070813009875955,0.009572549171827427,0.00016879891675943917,high_energy
1586,7.932890984,7.951882209000001,7.94239299745,-0.2681890382115216,0.009572549171535272,0.00016879891628619097,high_energy
1587,7.937880508,7.956891240000001,7.94739508255,-0.2656699463248261,0.009572549113372908,0.00016879891687085206,high_energy
1588,7.94289058,7.961883769000001,7.952397148049999,-0.26315085444513703,0.009572549107249806,0.00016879891582802448,high_energy
1589,7.947887307,7.966890585000001,7.95739928775,-0.26063176255030196,0.009572549172601086,0.00016879891682404028,high_energy
1590,7.952929479000001,7.971887723000001,7.962397618750002,-0.2581126706631166,0.00957254917148287,0.00016879891639288104,high_energy
1591,7.957904776,7.976901602000001,7.9673965959499995,-0.2555935787728312,0.00957254942875263,0.0001687989175658571,high_energy
1592,7.962889791,7.981923767,7.972395659850001,-0.2530744868848398,0.009572548749237603,0.00016879891514287192,high_energy
1593,7.967891567000001,7.986889716,7.9773951967,-0.2505553950020614,0.00957254917104941,0.00016879891686775192,high_energy
1594,7.972885890000001,7.991894999,7.982397831800002,-0.24803630311490235,0.009572549171211087,0.00016879891648132053,high_energy
1595,7.977890201,7.99690993,7.987399259649999,-0.24551721124090248,0.009572549086639681,0.00016879891557171155,high_energy
1596,7.98289322,8.001881800000001,7.9923999962,-0.2429981193276126,0.009572549493668703,0.00016879891889982066,high_energy
1597,7.987923911,8.006898976,7.997398995850001,-0.2404790274536385,0.009572549177180506,0.00016879891694203842,high_energy
1598,7.992896382,8.011879402,8.0023925373,-0.2379599355664009,0.00957254917180439,0.00016879891659277816,high_energy
1599,7.997896035,8.016890095,8.007393315400003,-0.23544084367173562,0.009572548911064516,0.0001687989144988633,high_energy
1600,8.002885658,8.021900468,8.012391215100001,-0.2329217518041938,0.009572549426069388,0.00016879891920661366,high_energy
1601,8.007883016000001,8.026892727,8.01739044635,-0.23040265990552727,0.00957254914703401,0.00016879891690569802,high_energy
1602,8.012917775,8.031881989,8.022391022499999,-0.2278835680180608,0.009572549171629391,0.00016879891666234995,high_energy
1603,8.017884666,8.036888745,8.02738786875,-0.22536447613091143,0.009572549322804519,0.00016879891618712351,high_energy
1604,8.022881904,8.041877858000001,8.03238973445,-0.22284538424368683,0.0095725489384213,0.00016879891679928295,high_energy
1605,8.027884862,8.046905533,8.037393669,-0.2203262923554839,0.009572549321788415,0.00016879891719043973,high_energy
1606,8.032897069,8.051878045,8.042399693199998,-0.21780720046983268,0.009572549171788403,0.0001687989167377725,high_energy
1607,8.037902913,8.056884069,8.047400536950002,-0.21528810858263023,0.00957254917142239,0.00016879891630776044,high_energy
1608,8.042881045,8.061886717,8.052400222,-0.21276901669586987,0.009572549114992113,0.0001687989168750979,high_energy
1609,8.047900164,8.066956613,8.057403452299999,-0.21024992481636703,0.009572549118734008,0.00016879891589879296,high_energy
1610,8.052897883,8.071903786,8.06240199965,-0.2077308329213461,0.009572549172315092,0.0001687989168046568,high_energy
1611,8.057886204,8.076891786000001,8.0674038393,-0.20521174103421647,0.009572549171338096,0.00016879891639654793,high_energy
1612,8.062926934,8.081892421000001,8.072402654700001,-0.20269264914406343,0.009572549421648091,0.0001687989175383947,high_energy
1613,8.067938048,8.086895069,8.077396697549998,-0.20017355725604488,0.009572548753689097,0.0001687989151543468,high_energy
1614,8.072912914,8.091886316,8.082394261649998,-0.19765446537311854,0.00957254917146072,0.00016879891685344305,high_energy
1615,8.077901746,8.096901377,8.08739392915,-0.19513537348582427,0.009572549171086797,0.000168798916497321,high_energy
1616,8.082893403,8.101898054000001,8.09239721095,-0.1926162816114759,0.009572549086288795,0.00016879891558708733,high_energy
1617,8.087893987000001,8.106915641,8.097399107250002,-0.19009718969846218,0.009572549489436616,0.00016879891887434402,high_energy
1618,8.092892448,8.111927396,8.10240439035,-0.18757809782460422,0.009572549178876899,0.00016879891688746307,high_energy
1619,8.097896168,8.116908914,8.107407287,-0.18505900593739438,0.009572549174188177,0.0001687989165926805,high_energy
1620,8.10290091,8.121902074000001,8.112406082449999,-0.18253991404287154,0.00957254891607559,0.0001687989145531466,high_energy
1621,8.107953713,8.126887991,8.117404144450003,-0.18002082217519083,0.009572549424920196,0.00016879891920749582,high_energy
1622,8.112892871,8.131887613,8.1224004471,-0.17750173027643126,0.009572549146897202,0.00016879891688600148,high_energy
1623,8.117924234,8.136891193,8.12739913125,-0.1749826383889664,0.009572549172172123,0.00016879891667688545,high_energy
1624,8.122894511,8.141885496,8.132399142450002,-0.17246354650173354,0.00957254931862822,0.00016879891622617862,high_energy
1625,8.127885056,8.146894967,8.137402619650002,-0.16994445461450067,0.009572548941038789,0.00016879891679404322,high_energy
1626,8.132936256,8.151886744,8.14240788175,-0.16742536272637004,0.009572549318228596,0.00016879891714557523,high_energy
1627,8.137891014000001,8.156893811,8.14740614715,-0.16490627084071433,0.009572549171742217,0.00016879891672845175,high_energy
1628,8.142899172,8.161882673000001,8.15240205605,-0.16238717895353366,0.009572549171477485,0.0001687989163352769,high_energy
1629,8.147893004,8.166901652,8.157400081950001,-0.1598680870667219,0.009572549115835022,0.0001687989168777314,high_energy
1630,8.152914788,8.171892027,8.162393698550002,-0.15734899518699783,0.009572549119180707,0.00016879891589499475,high_energy
1631,8.157882029000001,8.176892391,8.16739715975,-0.15482990329182172,0.009572549173582495,0.00016879891684527164,high_energy
1632,8.162910105,8.181890300000001,8.1723979629,-0.15231081140439268,0.00957254917429931,0.00016879891647436315,high_energy
1633,8.167895952,8.186889602,8.177396952700002,-0.1497917195142784,0.009572549410992698,0.00016879891751469855,high_energy
1634,8.172886216,8.191905615000001,8.1824032888,-0.14727262762558233,0.009572548769104294,0.00016879891521118871,high_energy
1635,8.177890017000001,8.196904346,8.187399593950001,-0.1447535357431212,0.009572549171372707,0.00016879891682573613,high_energy
1636,8.182888437,8.20188372,8.192401208150002,-0.14223444385589903,0.009572549171536188,0.00016879891652523952,high_energy
1637,8.187884763000001,8.20689241,8.1974066621,-0.13971535198102353,0.009572549082261794,0.00016879891560503776,high_energy
1638,8.192889125,8.211881512,8.20240188725,-0.13719626006906602,0.009572549493721105,0.00016879891891275763,high_energy
1639,8.197904647,8.216929105,8.20740518405,-0.13467716819472164,0.009572549178875206,0.0001687989168453346,high_energy
1640,8.202880555,8.221886418,8.212403268600001,-0.13215807630750215,0.009572549171665001,0.00016879891659617494,high_energy
1641,8.207879947,8.226895618,8.2173978003,-0.1296389844130296,0.009572548926832403,0.00016879891464980368,high_energy
1642,8.212930215,8.231886554,8.2223938805,-0.12711989254494807,0.0095725494192926,0.00016879891918747056,high_energy
1643,8.217887227,8.236886207000001,8.22739119465,-0.12460080064674202,0.00957254913945249,0.000168798916775921,high_energy
1644,8.222892299,8.241883204,8.232394406800001,-0.12208170875915539,0.009572549171680989,0.00016879891665666494,high_energy
1645,8.227881612000001,8.246894288,8.23739347775,-0.11956261687198204,0.009572549319751003,0.0001687989162912963,high_energy
1646,8.232918906,8.251899501,8.24239956995,-0.11704352498524799,0.009572548877541193,0.00016879891678400793,high_energy
1647,8.237888371,8.256915385000001,8.247402370950002,-0.11452443309657245,0.009572549303228109,0.00016879891705088757,high_energy
1648,8.242896089,8.261903956000001,8.25240100105,-0.11200534121079353,0.009572549171918104,0.00016879891675696502,high_energy
1649,8.247888909,8.266890774,8.257400098950002,-0.10948624932359612,0.009572549171568093,0.0001687989164261963,high_energy
1650,8.252922175,8.271907048000001,8.26239784935,-0.10696715743645376,0.009572549106062297,0.00016879891675798783,high_energy
1651,8.257905947000001,8.276911720000001,8.2673963856,-0.10444806555664347,0.009572549115992993,0.00016879891582470812,high_energy
1652,8.262886273000001,8.281925409000001,8.272399479099999,-0.10192897366234259,0.0095725491725034,0.00016879891676355548,high_energy
1653,8.267912807,8.286917377,8.277402794050001,-0.09940988177515192,0.009572549171561001,0.00016879891646768452,high_energy
1654,8.272916837,8.291940103,8.282402851850001,-0.0968907898851661,0.009572549398892904,0.00016879891745210076,high_energy
1655,8.277923243,8.296901113,8.28740307005,-0.09437169799675829,0.009572548769391995,0.00016879891523440113,high_energy
1656,8.282897617,8.301888372,8.292399660750002,-0.09185260611401522,0.009572549171598402,0.00016879891678226122,high_energy
1657,8.287883304000001,8.306884598,8.29739802335,-0.0893335142267668,0.009572549171210198,0.00016879891653799324,high_energy
1658,8.292920417000001,8.311890923,8.30239676305,-0.08681442234430438,0.009572549225772803,0.00016879891700810398,high_energy
1659,8.297880484,8.316942704,8.30739467875,-0.08429533043988027,0.00957254948579321,0.00016879891893021142,high_energy
1660,8.302897810000001,8.321909535,8.31239496605,-0.08177623856554668,0.009572549176621897,0.00016879891684778452,high_energy
1661,8.30788012,8.326881154,8.31739339975,-0.07925714667836656,0.009572549171696004,0.0001687989166465713,high_energy
1662,8.312889962,8.331910002,8.3223920865,-0.07673805479114257,0.0095725493150942,0.0001687989162999904,high_energy
1663,8.317896898,8.336921727,8.327392855050002,-0.07421896291566293,0.009572549416834206,0.00016879891918726494,high_energy
1664,8.322877174,8.34187912,8.332393372099999,-0.07169987101741579,0.009572549140623096,0.0001687989167489024,high_energy
1665,8.327897255,8.346880976000001,8.3373963013,-0.06918077912979001,0.009572549173643807,0.00016879891666141488,high_energy
1666,8.332912497,8.351882092,8.34240345245,-0.06666168724261322,0.009572549313556798,0.00016879891634098536,high_energy
1667,8.337890519,8.356899948,8.347402341499999,-0.06414259535536515,0.009572548949761506,0.0001687989168327461,high_energy
1668,8.342894600000001,8.361891506000001,8.352400687000001,-0.061623503467198026,0.009572549305360695,0.00016879891697628446,high_energy
1669,8.34788252,8.366941794,8.357401695050003,-0.05910441158147443,0.009572549171776898,0.00016879891671062706,high_energy
1670,8.35288611,8.371922981,8.36239587615,-0.05658531969439791,0.009572549169418701,0.00016879891640670736,high_energy
1671,8.357891122,8.376885323,8.367395204550002,-0.05406622780747341,0.009572549122957304,0.00016879891688984555,high_energy
1672,8.362878131,8.381883683,8.372394832950002,-0.051547135927228815,0.009572549109642503,0.00016879891580134386,high_energy
1673,8.367901869,8.386886121,8.377391950200002,-0.04902804403296166,0.009572549172633997,0.00016879891674835998,high_energy
1674,8.372894087,8.391902295000001,8.3823940223,-0.04650895214564228,0.009572549169044799,0.00016879891647114765,high_energy
1675,8.377882208,8.396895986,8.3873949903,-0.043989860256031396,0.009572549391621499,0.00016879891743525188,high_energy
1676,8.382884907000001,8.401887934000001,8.39239743565,-0.04147076836738752,0.009572548774753997,0.00016879891522203168,high_energy
1677,8.387895590000001,8.406898878,8.39739861045,-0.038951676484723974,0.009572549171569106,0.00016879891675520263,high_energy
1678,8.392895523,8.411885045,8.4023949452,-0.03643258459747818,0.0095725491713603,0.0001687989165651281,high_energy
1679,8.397880648000001,8.416940954000001,8.40739684995,-0.033913492721711784,0.009572549087526899,0.0001687989156769452,high_energy
1680,8.402886943,8.421897324,8.41239778535,-0.031394400810775165,0.009572549481448301,0.0001687989188370897,high_energy
1681,8.407889832,8.426892408,8.417396729,-0.028875308936177336,0.0095725491774106,0.0001687989167721061,high_energy
1682,8.412903380000001,8.431887683000001,8.422397303750001,-0.026356217048960896,0.009572549171778601,0.00016879891662578556,high_energy
1683,8.417894326,8.436887385,8.427393817300002,-0.02383712515471039,0.009572548946715102,0.00016879891483123353,high_energy
1684,8.422898958000001,8.441885104,8.4323907136,-0.021318033285907444,0.0095725494120531,0.00016879891914190588,high_energy
1685,8.42788225,8.446888323000001,8.43739096425,-0.018798941388026378,0.009572549141704901,0.0001687989167013598,high_energy
1686,8.432884627,8.451881153,8.442396930250002,-0.016279849500454885,0.0095725491717555,0.00016879891666564162,high_energy
1687,8.437912433000001,8.456896385,8.447399968200001,-0.013760757613275868,0.0095725493102741,0.00016879891639178554,high_energy
1688,8.442880967,8.461932687000001,8.4524040717,-0.011241665725984605,0.0095725489557781,0.00016879891686301276,high_energy
1689,8.447951043,8.466897684000001,8.4574064609,-0.008722573837781088,0.009572549301208398,0.00016879891693013908,high_energy
1690,8.452900360000001,8.471897196,8.462403302499999,-0.00620348195202544,0.0095725491718434,0.00016879891670432536,high_energy
1691,8.457886437,8.476896988,8.467402171949999,-0.003684390064818963,0.0095725491716498,0.00016879891646439892,high_energy
1692,8.462894625,8.481892844,8.472398646850001,-0.0011652981782313732,0.0095725491235771,0.00016879891685919,high_energy
1693,8.467897313,8.486903788000001,8.4774004925,0.0013537937023015516,0.0095725491121463,0.0001687989157691397,high_energy
1694,8.472892297000001,8.491949507000001,8.482401566700002,0.0038728855962921966,0.009572549172687201,0.00016879891672465333,high_energy
1695,8.477889114,8.496899937,8.487403211550001,0.006391977483522294,0.0095725491715468,0.00016879891653959236,high_energy
1696,8.482942078,8.501896994,8.492404619850001,0.008911069373058786,0.0095725493763137,0.0001687989173543807,high_energy
1697,8.487889411000001,8.506909431,8.497399857,0.011430161261662375,0.009572548783699801,0.0001687989152120741,high_energy
1698,8.492907599,8.511878866,8.50239357225,0.013949253144552365,0.0095725491721464,0.00016879891674259626,high_energy
1699,8.497891702,8.516896583000001,8.5073911062,0.016468345031773687,0.0095725491736021,0.00016879891662081788,high_energy
1700,8.502885934,8.521878732000001,8.512389326500003,0.01898743691520521,0.0095725492210344,0.0001687989170294019,high_energy
1701,8.507882711,8.526925464000001,8.517392879350002,0.021506528818651515,0.009572549470735901,0.00016879891881520188,high_energy
1702,8.512910106,8.531894739,8.52239391545,0.024025620693149424,0.009572549176982498,0.00016879891674750623,high_energy
1703,8.517894059000001,8.536888651,8.5273944962,0.02654471258041058,0.009572549171496997,0.0001687989166630214,high_energy
1704,8.522920171,8.541903181,8.532397342749999,0.029063804467581267,0.009572549311809703,0.00016879891643602253,high_energy
1705,8.527892693,8.546891422,8.5373964597,0.03158289634362367,0.009572549407089098,0.0001687989191182116,high_energy
1706,8.532886414,8.551890403,8.542405379249999,0.03410198824133873,0.009572549152308905,0.00016879891666067757,high_energy
1707,8.537890164,8.556887702000001,8.54740728605,0.036621080128836477,0.009572549172052199,0.0001687989166885079,high_energy
1708,8.542885098000001,8.561923783000001,8.55240837525,0.03914017201598883,0.0095725493085803,0.00016879891647694252,high_energy
1709,8.547937861000001,8.566909990000001,8.55741104045,0.04165926390274001,0.009572548904252201,0.000168798916819235,high_energy
1710,8.55289344,8.571914712,8.562407159249998,0.044178355791010746,0.009572549287859097,0.00016879891682427745,high_energy
1711,8.557893072,8.576882063000001,8.567402614750002,0.046697447677133616,0.009572549172169403,0.00016879891674041807,high_energy
1712,8.562885531000001,8.581907755000001,8.572398823300002,0.04921653956438875,0.009572549173742395,0.00016879891658130034,high_energy
1713,8.567887248,8.586888963,8.577394510300001,0.0517356314517329,0.009572549121294606,0.00016879891682708046,high_energy
1714,8.572879115000001,8.591879248,8.582394291549999,0.05425472333245751,0.009572549106557998,0.00016879891572010953,high_energy
1715,8.577886082000001,8.596944825000001,8.5873978279,0.05677381522581437,0.009572549172491798,0.0001687989167113035,high_energy
1716,8.582896935,8.601908389,8.592402698699999,0.05929290711301488,0.009572549171176503,0.00016879891657684505,high_energy
1717,8.587933788,8.606928009,8.59740818275,0.06181199900228901,0.009572549367688594,0.00016879891733630352,high_energy
1718,8.592887143,8.611889059000001,8.602409067600002,0.064331090891501,0.0095725488037193,0.00016879891532170394,high_energy
1719,8.597929767,8.616898199000001,8.60740911085,0.06685018277416767,0.009572549171829203,0.00016879891670378556,high_energy
1720,8.60290337,8.621897671000001,8.61240828595,0.06936927466142336,0.009572549171693409,0.00016879891662207518,high_energy
1721,8.607892483,8.626888968000001,8.617407407900002,0.07188836653860126,0.009572549087967397,0.00016879891573885454,high_energy
1722,8.612900371,8.632008056,8.6224254842,0.07440745844757003,0.009572549471705799,0.00016879891879028003,high_energy
1723,8.617901977,8.637084384000001,8.627465101199999,0.07692655032265194,0.009572549176758705,0.00016879891668247985,high_energy
1724,8.622903543000001,8.642164178,8.632521003049998,0.07944564220988287,0.009572549171575198,0.00016879891665289102,high_energy
1725,8.627917182000001,8.647240515,8.63759749935,0.08196473410367303,0.009572548972677494,0.0001687989150806721,high_energy
1726,8.633031441,8.652321932000001,8.642681262850001,0.08448382597341603,0.009572549406264896,0.0001687989190758894,high_energy
1727,8.638096688000001,8.657378392,8.647756426150002,0.08700291787087173,0.009572549148353801,0.0001687989166070016,high_energy
1728,8.643179768000001,8.662475469,8.6528346161,0.08952200975828453,0.009572549169640801,0.0001687989166606475,high_energy
1729,8.648248751,8.667582645000001,8.657911174050001,0.09204110164558263,0.0095725493049654,0.00016879891653186137,high_energy
1730,8.653319278,8.672662008000001,8.662991591300003,0.09456019353286013,0.009572548963764596,0.00016879891687346867,high_energy
1731,8.658386668,8.677722405,8.6680788424,0.09707928542065562,0.009572549285858906,0.00016879891673819984,high_energy
1732,8.663506719,8.682774377000001,8.6731556829,0.09959837730684461,0.009572549169727801,0.00016879891666949848,high_energy
1733,8.668607162,8.687808394000001,8.6782250151,0.10211746919402498,0.009572549174619097,0.00016879891660144948,high_energy
1734,8.673690372000001,8.692866718000001,8.683275970050001,0.10463656108085868,0.009572549134818004,0.00016879891692384797,high_energy
1735,8.678756901,8.697889905,8.6883222733,0.10715565296228405,0.009572549107891903,0.0001687989157140139,high_energy
1736,8.683769849,8.702893064000001,8.693357145400002,0.1096747448554033,0.009572549172682812,0.00016879891668838132,high_energy
1737,8.688817913000001,8.707906442,8.6983816944,0.11219383674255949,0.009572549171886102,0.0001687989166184026,high_energy
1738,8.693870525000001,8.712890425000001,8.703395334350002,0.11471292863162845,0.00957254935309669,0.00016879891728170074,high_energy
1739,8.698889374,8.717902481000001,8.708396834800002,0.11723202052108375,0.009572548817488702,0.0001687989153550747,high_energy
1740,8.703880971,8.722891233,8.713398524100002,0.11975111240378651,0.009572549171908307,0.00016879891667252928,high_energy
1741,8.708900101000001,8.727899021,8.7183992492,0.12227020429105318,0.009572549171732406,0.00016879891664754994,high_energy
1742,8.713893972000001,8.732959779,8.723400240750001,0.1247892961689234,0.009572549081079615,0.00016879891575960834,high_energy
1743,8.718902812000001,8.737879029,8.728396763300003,0.1273083880768288,0.009572549465151903,0.00016879891873720551,high_energy
1744,8.723928203,8.742919429,8.733403294800002,0.12982747995219715,0.009572549176305706,0.00016879891663739905,high_energy
1745,8.728910513,8.747923209000001,8.738405230549999,0.1323465718394287,0.009572549171588618,0.00016879891667474195,high_energy
1746,8.733886611,8.752939914,8.7434115892,0.13486566373303224,0.00957254898799681,0.00016879891521330082,high_energy
1747,8.738881374,8.757914619000001,8.74841531795,0.13738475560341484,0.009572549400332697,0.0001687989190364686,high_energy
1748,8.743905483,8.762949258,8.753410517,0.13990384750025886,0.0095725491493166,0.000168798916518942,high_energy
1749,8.748906538,8.767898956,8.758407472450001,0.14242293938779244,0.009572549171751904,0.0001687989166778457,high_energy
1750,8.753927661,8.772890944,8.763398819250003,0.14494203127500865,0.00957254929853149,0.00016879891661586826,high_energy
1751,8.758884723000001,8.777890947000001,8.768397660649999,0.14746112316219456,0.009572548976075596,0.0001687989169272785,high_energy
1752,8.763912739,8.782895128,8.773394790900001,0.1499802150502315,0.009572549275483289,0.00016879891665148427,high_energy
1753,8.768888216,8.787893148,8.778392032300001,0.1524993069364046,0.009572549171276784,0.0001687989166807423,high_energy
1754,8.773891305000001,8.792896667,8.7833962309,0.15501839882359963,0.009572549171182693,0.0001687989166437775,high_energy
1755,8.778887671,8.797891561,8.788398322549998,0.15753749071018197,0.009572549134207797,0.0001687989168388672,high_energy
1756,8.783881713000001,8.802908125,8.79340286925,0.16005658259198374,0.009572549106706185,0.000168798915635155,high_energy
1757,8.78889401,8.80790885,8.7984082767,0.1625756744846894,0.009572549173064798,0.00016879891666858257,high_energy
1758,8.793882100000001,8.812951534,8.80340918355,0.16509476637198567,0.009572549171616096,0.00016879891669358682,high_energy
1759,8.798925796,8.817893176,8.808418833450002,0.16761385826091993,0.009572549332599295,0.000168798917172908,high_energy
1760,8.803906463,8.822889593000001,8.813415297999999,0.17013295015066066,0.009572548834425293,0.00016879891538531288,high_energy
1761,8.808907358,8.82788635,8.818409703000002,0.17265204203338066,0.009572549171466882,0.00016879891663291625,high_energy
1762,8.813906609,8.832904868,8.8234141631,0.17517113392045797,0.009572549168863603,0.00016879891667193216,high_energy
1763,8.818883048,8.837907256000001,8.828407300250001,0.17769022579942548,0.009572549078381287,0.0001687989157802573,high_energy
1764,8.823895444,8.842902019,8.833410119700002,0.1802093177061374,0.009572549454668816,0.00016879891867739515,high_energy
1765,8.829022668,8.847881503,8.838411851100002,0.18272840958191014,0.009572549176465495,0.00016879891659069812,high_energy
1766,8.833912002,8.852896495000001,8.843408914700001,0.18524750146927724,0.009572549168818306,0.00016879891666121515,high_energy
1767,8.838910232,8.857909262,8.84840595425,0.18776659336249932,0.00957254900359139,0.00016879891533291808,high_energy
1768,8.843906638,8.862885651000001,8.853402756849999,0.19028568523346956,0.009572549393237012,0.00016879891896551843,high_energy
1769,8.848890381,8.867903267,8.858406423500004,0.19280477713014643,0.009572549151929705,0.00016879891649876252,high_energy
1770,8.853902076,8.872921495,8.863402842400001,0.19532386901763873,0.009572549171806999,0.0001687989166981731,high_energy
1771,8.858894615,8.877894066000001,8.868402775949999,0.1978429609048477,0.009572549298305921,0.00016879891667595626,high_energy
1772,8.863887525,8.882927362,8.873402955900001,0.20036205279201594,0.009572548983679291,0.00016879891689039567,high_energy
1773,8.868902887,8.887877331,8.87839977705,0.20288114467967308,0.0095725492664549,0.0001687989165643149,high_energy
1774,8.873894644,8.892900738,8.883395477050001,0.20540023656598927,0.009572549171926098,0.00016879891668200266,high_energy
1775,8.878902392,8.897879611,8.888390561400001,0.2079193284531949,0.009572549171144418,0.00016879891670802146,high_energy
1776,8.8839045,8.902890765,8.893389880250002,0.21043842034009805,0.009572549147455006,0.00016879891689453274,high_energy
1777,8.888896928000001,8.907884166,8.8983898568,0.21295751222217713,0.009572549118702922,0.00016879891563643788,high_energy
1778,8.893881913000001,8.912891233,8.903389260300003,0.21547660411435698,0.00957254917284539,0.0001687989166736964,high_energy
1779,8.898886054,8.917890615000001,8.908392082350002,0.2179956960017167,0.00957254917166489,0.00016879891676924272,high_energy
1780,8.903890606000001,8.922885178000001,8.913390438450001,0.22051478789003037,0.009572549323288604,0.00016879891716226088,high_energy
1781,8.908873286,8.927899628,8.918389638150002,0.22303387977965278,0.009572548848267609,0.00016879891534048332,high_energy
1782,8.913890572,8.932882729000001,8.9233917684,0.22555297166279836,0.00957254917134781,0.00016879891659466516,high_energy
1783,8.918889533,8.937884997000001,8.928392097149999,0.2280720635500347,0.009572549172876393,0.00016879891677274383,high_energy
1784,8.923888054,8.942886783,8.933393841100001,0.23059115542970865,0.009572549077780018,0.0001687989158433095,high_energy
1785,8.928891173,8.947894621000001,8.938396531299999,0.23311024733574204,0.009572549437753514,0.00016879891855489423,high_energy
1786,8.933897929,8.952899313000001,8.94340401405,0.2356293392116245,0.009572549175276307,0.00016879891654161296,high_energy
1787,8.938898423000001,8.957892954,8.948403759700001,0.23814843109878897,0.009572549171144501,0.00016879891671945973,high_energy
1788,8.94392195,8.962894661,8.953405785300003,0.24066752299193364,0.009572549019202015,0.00016879891546418518,high_energy
1789,8.948894582000001,8.967891127,8.95840687905,0.24318661486361673,0.009572549385871404,0.00016879891889430597,high_energy
1790,8.953890648,8.972884147,8.963397938800002,0.24570570675981745,0.009572549154727383,0.00016879891644178008,high_energy
1791,8.9588955,8.977918505,8.968399795,0.2482247986472788,0.00957254917185063,0.00016879891670449032,high_energy
1792,8.963931631000001,8.982910614,8.97339823165,0.25074389053451285,0.009572549289422305,0.00016879891674647884,high_energy
1793,8.968892731,8.987908463,8.978395975099998,0.25326298242171325,0.00957254898996579,0.0001687989169175425,high_energy
1794,8.973923332,8.992893658,8.983397392449998,0.25578207430911043,0.009572549257660212,0.00016879891645688646,high_energy
1795,8.978890232000001,8.997895374,8.98839483875,0.25830116619555854,0.009572549171964206,0.0001687989166675966,high_energy
1796,8.983902449,9.002896349,8.9933942308,0.2608202580828262,0.009572549172059297,0.00016879891678010927,high_energy
1797,8.988904265,9.007886544,8.9983914462,0.26333934996963904,0.009572549151235066,0.0001687989169203316,high_energy
1798,8.993879321000001,9.012894703,9.003391128350001,0.26585844185224883,0.009572549108022577,0.0001687989155739251,high_energy
1799,8.998893702,9.017890297,9.008395611000001,0.268377533744032,0.009572549171998901,0.00016879891663670218,high_energy
1800,9.003889387000001,9.02288476,9.013394065149999,0.27089662563131855,0.009572549171714684,0.00016879891681184525,high_energy
1801,9.008899279,9.027889001,9.018395025600002,0.27341571751966204,0.009572549306308409,0.0001687989171300996,high_energy
1802,9.013946481,9.032892401,9.023395794149998,0.2759348094095983,0.009572548868171715,0.00016879891539433423,high_energy
1803,9.018886591,9.037885571,9.02839013465,0.2784539012926136,0.009572549171861289,0.0001687989165434133,high_energy
1804,9.023886514,9.042884272,9.03339129805,0.28097299317994157,0.009572549174046097,0.00016879891677998036,high_energy
1805,9.028892368,9.047888573,9.03839137785,0.28349208506020074,0.009572549078454229,0.0001687989158966669,high_energy
1806,9.033894225,9.052903865,9.04339527735,0.28601117696502476,0.009572549430685307,0.00016879891851067982,high_energy
1807,9.038892485,9.057901804,9.04840060555,0.28853026884137606,0.00957254917474698,0.0001687989164799376,high_energy
1808,9.043885685,9.062894704,9.05340172225,0.2910493607284527,0.009572549171038836,0.00016879891673611387,high_energy
1809,9.048888103,9.067898374,9.05840190975,0.29356845262131914,0.009572549036119982,0.00016879891561384812,high_energy
1810,9.05390102,9.072896714,9.063398656799999,0.2960875444934315,0.009572549379883277,0.0001687989188006695,high_energy
1811,9.058897306,9.077925792,9.0684004318,0.29860663638928914,0.009572549158878674,0.00016879891638661772,high_energy
1812,9.063889355,9.082898063,9.07340662175,0.3011257282767309,0.009572549171925238,0.00016879891673112898,high_energy
1813,9.068909245,9.087887106,9.078407050300001,0.30364482016400063,0.009572549288084709,0.00016879891687133494,high_energy
1814,9.073890874,9.092889934,9.0834061933,0.3061639120514469,0.009572548999010222,0.00016879891692732915,high_energy
1815,9.078927877,9.09790196,9.088405905950001,0.30868300393892467,0.009572549248671791,0.00016879891640048315,high_energy
1816,9.083896952,9.102883879,9.09340196565,0.3112020958254947,0.009572549171959821,0.00016879891666425736,high_energy
1817,9.088887276,9.107898049,9.098402896,0.3137211877126583,0.009572549171066314,0.000168798916816385,high_energy
1818,9.093938607,9.112892221,9.10340297135,0.3162402795992246,0.009572549149010179,0.00016879891682279507,high_energy
1819,9.098899095,9.117893707,9.1084010128,0.31875937148262656,0.009572549105188288,0.0001687989156002879,high_energy
1820,9.103888578,9.122924288,9.113401100650002,0.32127846337378674,0.009572549172303602,0.00016879891662018926,high_energy
1821,9.108895996,9.127896358,9.118403322549998,0.32379755526103393,0.009572549171556588,0.00016879891682325672,high_energy
1822,9.113887453,9.132889068,9.123402501700001,0.32631664714910624,0.009572549284463605,0.00016879891692701688,high_energy
1823,9.118890752,9.137914749,9.1284031836,0.32883573903860464,0.009572548877977205,0.0001687989154273163,high_energy
1824,9.123888491,9.142917137,9.1334025395,0.33135483092205675,0.009572549173062883,0.0001687989165552322,high_energy
1825,9.128892121,9.147898154,9.1384013018,0.33387392280941586,0.00957254917240391,0.0001687989168458585,high_energy
1826,9.133926389,9.152885654,9.143406181149999,0.33639301469067545,0.00957254907276539,0.0001687989158985124,high_energy
1827,9.138921593,9.157894804,9.148402687749998,0.33891210659430027,0.00957254941684843,0.00016879891838596207,high_energy
1828,9.143929922,9.162878096,9.15340000885,0.34143119847069225,0.009572549174407585,0.0001687989164228362,high_energy
1829,9.148896011,9.167918395,9.15840058405,0.343950290357985,0.009572549171684541,0.00016879891678753232,high_energy
1830,9.153900593,9.17289824,9.163397681700001,0.34646938225080126,0.009572549050448131,0.0001687989158028937,high_energy
1831,9.158882372,9.177892082,9.168397151400002,0.34898847412377537,0.009572549380107986,0.00016879891877768024,high_energy
1832,9.163894768,9.18288423,9.17339582905,0.3515075660190103,0.009572549168011812,0.00016879891627387904,high_energy
1833,9.168893248,9.187886207,9.17839196545,0.35402665790646226,0.009572549171940281,0.000168798916740915,high_energy
1834,9.173901778,9.192902762,9.1833918895,0.3565457497935776,0.009572549278136167,0.00016879891696594155,high_energy
1835,9.178886041,9.197880102,9.188390223,0.35906484168094444,0.009572549009878806,0.0001687989170051618,high_energy
1836,9.183892697,9.202888882,9.19339060145,0.36158393356811386,0.009572549237841399,0.00016879891621427993,high_energy
1837,9.188913339,9.207884116,9.1983906147,0.36410302545487777,0.009572549172076117,0.00016879891667320474,high_energy
1838,9.193888385,9.21294812,9.203391479,0.3666221173421601,0.009572549171982914,0.0001687989169280232,high_energy
1839,9.19888391,9.217898069,9.208393892750001,0.3691412092287453,0.00957254916159922,0.0001687989169089799,high_energy
1840,9.203888732,9.222882913,9.21339402765,0.37166030111289017,0.00957254909983618,0.0001687989155082391,high_energy
1841,9.208913061,9.227885721,9.21839476005,0.3741793930033481,0.009572549172604583,0.00016879891659824222,high_energy
1842,9.213877026,9.232919068,9.22339304445,0.3766984848906206,0.009572549172771616,0.0001687989169162631,high_energy
1843,9.21888767,9.237902449,9.22839446175,0.3792175767784473,0.0095725492721499,0.00016879891691556716,high_energy
1844,9.223917589,9.242883206,9.233392843299999,0.3817366686684554,0.009572548896632505,0.00016879891547467478,high_energy
1845,9.228897174,9.24788376,9.238394666000001,0.3842557605520919,0.009572549171748379,0.00016879891651017147,high_energy
1846,9.233942783,9.252886449,9.2433981127,0.3867748524391896,0.009572549170811406,0.0001687989168344002,high_energy
1847,9.238878144,9.25788003,9.2483943503,0.3892939443211439,0.009572549073508796,0.00016879891588839074,high_energy
1848,9.243882586,9.26288381,9.253394417600003,0.3918130362234352,0.00957254939667429,0.00016879891827993875,high_energy
1849,9.248884192,9.267918919,9.2583972536,0.39433212810015983,0.00957254917423539,0.0001687989164160579,high_energy
1850,9.253905846,9.272884628,9.26339154645,0.3968512199875954,0.009572549172690792,0.00016879891682724531,high_energy
1851,9.258880892,9.277888198,9.26839160415,0.39937031188008654,0.009572549069510272,0.00016879891592638569,high_energy
1852,9.263948573,9.282881659,9.27339452485,0.4018894037538791,0.009572549371021033,0.00016879891869615705,high_energy
1853,9.26888691,9.287882784,9.2783894905,0.4044084956485399,0.00957254916949779,0.00016879891622814918,high_energy
1854,9.273883015,9.292885653,9.283394453050002,0.4069275875359978,0.009572549171952716,0.00016879891677328354,high_energy
1855,9.278911092,9.297895334,9.288395151550002,0.40944667942329166,0.009572549277203635,0.0001687989170528829,high_energy
1856,9.283889143,9.302897381,9.293394291600002,0.41196577131054146,0.009572549014599419,0.00016879891701750482,high_energy
1857,9.288976902,9.307893126,9.298393560450004,0.41448486319810635,0.009572549228784588,0.00016879891617383044,high_energy
1858,9.293887807,9.312885204,9.30338855965,0.41700395508470967,0.009572549171029898,0.0001687989166417042,high_energy
1859,9.298878172,9.317905476,9.3083893794,0.419523046971805,0.00957254917066569,0.00016879891693136095,high_energy
1860,9.303884137,9.322883728,9.3133895854,0.42204213885875863,0.009572549166618316,0.00016879891690681933,high_energy
1861,9.308883669,9.327883691,9.318390050849999,0.42456123074290275,0.009572549103207706,0.00016879891555647718,high_energy
1862,9.313894603,9.332909894,9.323391397049999,0.4270803226330638,0.009572549172309819,0.000168798916584763,high_energy
1863,9.318893363,9.33789066,9.3283910069,0.4295994145203209,0.009572549171643574,0.00016879891690323108,high_energy
1864,9.323888487,9.342876948,9.333389524800001,0.4321185064076879,0.009572549256367802,0.0001687989168778191,high_energy
1865,9.328890244,9.347876029,9.33838882165,0.4346375982980833,0.009572548923515889,0.00016879891560729062,high_energy
1866,9.333909363,9.352886632,9.343393670000001,0.4371566901815019,0.009572549172133016,0.000168798916491753,high_energy
1867,9.338878428,9.357884622,9.34839274095,0.43967578206872826,0.009572549171656952,0.00016879891686482026,high_energy
1868,9.343889732,9.362885446,9.3533957818,0.442194873951684,0.009572549087938975,0.00016879891601175942,high_energy
1869,9.348912639,9.367889377,9.35839792205,0.4447139658523822,0.0095725493918693,0.00016879891828218177,high_energy
1870,9.353881072,9.37288942,9.3633925876,0.44723305772983535,0.009572549173322287,0.00016879891636048075,high_energy
1871,9.358890473,9.377889213,9.36839315735,0.4497521496171494,0.00957254917169248,0.00016879891680294536,high_energy
1872,9.363887491,9.382913101,9.3733939676,0.4522712415090956,0.00957254908876859,0.00016879891610071694,high_energy
1873,9.368889959,9.387883839,9.37839127915,0.4547903333836878,0.009572549365103988,0.0001687989186264177,high_energy
1874,9.373888329,9.392909871,9.38339324355,0.4573094252784037,0.009572549167308375,0.00016879891623732395,high_energy
1875,9.378890606,9.39788609,9.3883911437,0.459828517165685,0.009572549172026434,0.00016879891674463895,high_energy
1876,9.383883235,9.402878589,9.39338836515,0.4623476090528911,0.0095725492721499,0.00016879891707387317,high_energy
1877,9.388901754,9.407886908,9.39839229575,0.4648667009402052,0.009572549028852906,0.00016879891695038352,high_energy
1878,9.393887309,9.412876872,9.403389872350001,0.46738579282666837,0.009572549211681769,0.00016879891604249677,high_energy
1879,9.398892262,9.417878288,9.408392893799999,0.46990488471408787,0.009572549172860434,0.00016879891665789855,high_energy
1880,9.403924576,9.422886105,9.413393645800001,0.4724239766012305,0.009572549170418887,0.0001687989170148663,high_energy
1881,9.408889062,9.427894755,9.4183938649,0.47494306848813295,0.00957254916241368,0.00016879891689952902,high_energy
1882,9.413889196,9.432893045,9.423395620349998,0.47746216037363415,0.0095725490984932,0.00016879891548636578,high_energy
1883,9.418887265,9.437893599,9.4283970637,0.4799812522628108,0.009572549172267075,0.0001687989165578552,high_energy
1884,9.423920752,9.442883233,9.433399125800001,0.4825003441500108,0.009572549170478395,0.00016879891691196436,high_energy
1885,9.428904204,9.447893095,9.4383968652,0.4850194360372312,0.009572549234931726,0.00016879891676061762,high_energy
1886,9.433904327,9.45288895,9.44340411455,0.48753852792703345,0.009572548935546321,0.00016879891558496015,high_energy
1887,9.438919268,9.457886168,9.448401268849999,0.4900576198110542,0.00957254917221212,0.00016879891647045015,high_energy
1888,9.443913791,9.462908874,9.45339972505,0.4925767116982923,0.009572549171418976,0.0001687989168852741,high_energy
1889,9.448892594,9.467895211,9.458399884950001,0.4950958035819504,0.009572549079539583,0.0001687989160321864,high_energy
1890,9.453889792,9.472889504,9.4633911707,0.49761489548168464,0.009572549368940919,0.0001687989181009273,high_energy
1891,9.458909472,9.477892362,9.46839197235,0.5001339873592681,0.009572549173815226,0.00016879891633344617,high_energy
1892,9.463893445,9.482890542,9.47339181175,0.5026530792467166,0.00957254917246525,0.00016879891685594203,high_energy
1893,9.468888179,9.487888181,9.47839110815,0.5051721711385216,0.009572549103387118,0.00016879891625487433,high_energy
1894,9.473891127,9.492918822,9.483392454350001,0.5076912630140104,0.009572549354452953,0.00016879891852189432,high_energy
1895,9.478893004,9.497891603,9.4883926935,0.5102103549080693,0.009572549167621958,0.00016879891616164533,high_energy
1896,9.483890613,9.502897538,9.49339254845,0.5127294467951964,0.009572549170767886,0.00016879891673009738,high_energy
1897,9.488884374,9.507887772,9.498393072050002,0.5152485386822054,0.00957254926376816,0.00016879891711519608,high_energy
1898,9.493902001,9.512887225,9.503392491049999,0.517767630569103,0.009572549035322453,0.0001687989169092888,high_energy
1899,9.498886875,9.517892458,9.50839181795,0.5202867224558619,0.009572549202506053,0.0001687989159953669,high_energy
1900,9.503890475,9.522885207,9.51339096995,0.522805814343345,0.009572549172514044,0.00016879891669173582,high_energy
1901,9.508889176,9.527887184,9.518391097399999,0.5253249062306133,0.009572549173083367,0.00016879891710689531,high_energy
1902,9.513886694,9.532886636,9.52339193165,0.5278439981179412,0.00957254917445649,0.00016879891687024567,high_energy
1903,9.518883962,9.537878424,9.528389549350003,0.5303630900030729,0.009572549112578876,0.00016879891543860305,high_energy
1904,9.523897381,9.542893435,9.5333938691,0.5328821818917514,0.009572549172250255,0.0001687989165355758,high_energy
1905,9.528894699,9.547907345,9.5383931128,0.5354012737791759,0.009572549168876066,0.000168798917031451,high_energy
1906,9.5338776,9.55288736,9.543396075599999,0.5379203656658612,0.009572549222941262,0.0001687989167645351,high_energy
1907,9.538885207,9.557885981,9.548398951649999,0.5404394575568147,0.009572548970310457,0.0001687989157246434,high_energy
1908,9.543882335,9.562879692,9.553393518099998,0.5429585494405643,0.009572549170695055,0.0001687989164072491,high_energy
1909,9.5488779,9.567896066,9.558393981700002,0.5454776413275848,0.009572549171963374,0.00016879891694169218,high_energy
1910,9.553892991,9.57291773,9.56339075425,0.5479967332121272,0.009572549078273873,0.0001687989160293034,high_energy
1911,9.558889578,9.577883178,9.56838944935,0.5505158251099991,0.009572549365268301,0.0001687989180812257,high_energy
1912,9.563884692,9.582952592,9.573394618299998,0.5530349169884541,0.009572549174747813,0.0001687989162991946,high_energy
1913,9.568876971,9.587889707,9.578396279549999,0.5555540088758579,0.009572549172292,0.00016879891690148833,high_energy
1914,9.573903754,9.592878398,9.583393913699998,0.5580731007672999,0.009572549113467055,0.000168798916378903,high_energy
1915,9.578877548,9.597878792,9.58839467935,0.5605921926436331,0.009572549358068727,0.00016879891844907667,high_energy
1916,9.583925762,9.602885508,9.593393363,0.5631112845373971,0.009572549175381084,0.00016879891614264174,high_energy
1917,9.5888859,9.607880622,9.598392675849997,0.5656303764244581,0.009572549171073419,0.00016879891676808,high_energy
1918,9.593906652,9.612885645,9.6033924872,0.5681494683117153,0.00957254925832185,0.00016879891717985212,high_energy
1919,9.598905473,9.617880909,9.6083916498,0.5706685601986705,0.009572549045842926,0.00016879891690302942,high_energy
1920,9.603906689,9.622910829,9.61339100325,0.5729357428968209,0.0075572757833306525,0.0001319931373772029,high_energy
1921,9.608892846,9.627880635,9.61838982475,0.5745731526235411,0.00503818389911892,5.9333453742770085e-05,high_energy
1922,9.613881197,9.632894364,9.623391208050002,0.5755807893784809,0.0025190920137729833,1.1105192017549438e-05,high_energy
1923,9.61888122,9.63791171,9.62839407865,0.5759586531614426,2.97957214456801e-10,5.807723347727486e-20,low_energy
1924,9.623886073,9.642894791,9.633392282950002,0.5759586531596139,2.9816948909910934e-10,5.723670448776414e-20,low_energy
1925,9.628886677,9.647884615,9.6383920351,0.5759586531614393,2.9816948909910934e-10,5.841425069922118e-20,low_energy
1926,9.633887522,9.65290159,9.643399281899999,0.5759586531616625,2.9816948909910934e-10,5.846238001043597e-20,low_energy
1927,9.638893426,9.657880944,9.6483984725,0.5759586531617981,2.9816948909910934e-10,5.805438914324088e-20,low_energy
1928,9.643898709,9.662890005,9.65339909635,0.5759586531645144,2.985194313964712e-10,5.533733743617555e-20,low_energy
1929,9.648889866,9.66790144,9.658402945299999,0.5759586531614754,2.985194313964712e-10,5.821630271486151e-20,low_energy
1930,9.653919184,9.672909237,9.663400382099999,0.5759586531614207,2.985194313964712e-10,5.820885561523422e-20,low_energy
1931,9.658892908,9.677895865,9.668400407350001,0.575958653158769,2.985194313964712e-10,5.599527482373316e-20,low_energy
1932,9.663923869,9.68289642,9.6734034818,0.5759586531699631,2.1078250256323372e-10,2.878416043840717e-20,low_energy
1933,9.668895078,9.687898597,9.6784028052,0.575958653161306,2.9764901654516507e-10,5.792444330250973e-20,low_energy
1934,9.67389983,9.692893621,9.683399713600002,0.5759586531614719,2.9764901654516507e-10,5.795905291831561e-20,low_energy
1935,9.678899703,9.69788616,9.6883971349,0.5759586531658863,2.9764901654516507e-10,5.110015720372786e-20,low_energy
1936,9.683894136,9.70290042,9.69339499305,0.5759586531556472,2.2228885399044884e-10,4.093872998065798e-20,low_energy
1937,9.688913616,9.707892919,9.69839355495,0.5759586531618399,2.8705215981972287e-10,5.563840377194763e-20,low_energy
1938,9.693890345,9.712895206,9.7033928933,0.5759586531618129,2.8705215981972287e-10,5.563370922998439e-20,low_energy
1939,9.698892512,9.717909586,9.708398212,0.5759586531616863,2.8705215981972287e-10,5.561264587778175e-20,low_energy
1940,9.703890101,9.722894762,9.7133982412,0.5759586531615781,2.8705215981972287e-10,5.417296986775073e-20,low_energy
1941,9.708884253,9.727882271,9.718395884349999,0.5759586531611591,2.8814284291911463e-10,5.42142566223506e-20,low_energy
1942,9.713887031,9.732905769,9.723397791100002,0.5759586531615583,2.8814284291911463e-10,5.435438512860502e-20,low_energy
1943,9.718893757,9.737890643,9.728396131150001,0.575958653161797,2.8814284291911463e-10,5.439027293159412e-20,low_energy
1944,9.723881637,9.74288718,9.73339441605,0.5759586531618168,2.8814284291911463e-10,5.47670647927359e-20,low_energy
1945,9.728915765,9.747904846,9.738395924650002,0.5759586531605537,2.8748914360221534e-10,5.372876020296919e-20,low_energy
1946,9.733914887,9.752892787,9.743398301400001,0.575958653161772,2.8748914360221534e-10,5.462105508630207e-20,low_energy
1947,9.738892988,9.757878483,9.74839644355,0.5759586531617256,2.8748914360221534e-10,5.461279620388753e-20,low_energy
1948,9.743894635,9.762881762,9.75340022035,0.5759586531611298,2.8748914360221534e-10,5.499964684408895e-20,low_energy
1949,9.748887344,9.767898968,9.7584020149,0.575958653163483,3.0830271668946807e-10,5.905618196431386e-20,low_energy
1950,9.753893429,9.772891487,9.7633950238,0.5759586531612582,3.0830271668946807e-10,6.115681771443347e-20,low_energy
1951,9.758895816,9.777907741,9.7683965568,0.575958653161518,3.0830271668946807e-10,6.121646485970077e-20,low_energy
1952,9.763885981,9.782892355,9.7733939826,0.5759586531592371,3.0830271668946807e-10,5.874520860191493e-20,low_energy
1953,9.768887387,9.787878131,9.778389321899999,0.5759586531704715,2.105577934230496e-10,2.7792488570318144e-20,low_energy
1954,9.773932405,9.792897571,9.78339302205,0.5759586531615085,2.873532523040012e-10,5.509052751009562e-20,low_energy
1955,9.778904415,9.797882115,9.7883907534,0.575958653161444,2.873532523040012e-10,5.507486692108243e-20,low_energy
1956,9.783880343,9.802879113,9.79338794975,0.5759586531659932,2.873532523040012e-10,4.825998682546922e-20,low_energy
1957,9.788925782,9.807927317,9.7983916049,0.5759586531554779,2.0583978965760252e-10,3.6931243512858515e-20,low_energy
1958,9.793887693,9.812920617,9.803391284950001,0.5759586531614105,2.881224148154615e-10,5.503668648457943e-20,low_energy
1959,9.798892375,9.817894371,9.808393431199999,0.5759586531615807,2.881224148154615e-10,5.507944670084308e-20,low_energy
1960,9.803879324,9.822889024,9.8133952258,0.5759586531616456,2.881224148154615e-10,5.50909918020207e-20,low_energy
1961,9.808880279,9.827888857,9.8183946965,0.5759586531617844,2.881224148154615e-10,5.476927780632143e-20,low_energy
1962,9.813888317,9.832911363,9.823397010049998,0.5759586531614499,2.873932203328877e-10,5.4094318307399993e-20,low_energy
1963,9.818889643,9.837894885,9.828396461199999,0.5759586531617741,2.873932203328877e-10,5.421208042515004e-20,low_energy
1964,9.823902691,9.84288538,9.83339430925,0.5759586531615953,2.873932203328877e-10,5.417928654015325e-20,low_energy
1965,9.828909977,9.847896724,9.838396540049999,0.5759586531617795,2.873932203328877e-10,5.470524266526175e-20,low_energy
1966,9.833895884,9.852884104,9.843399224750002,0.5759586531604856,2.879891880525065e-10,5.401127064507013e-20,low_energy
1967,9.838884886,9.857887593,9.848396714699998,0.5759586531617602,2.879891880525065e-10,5.519589035054508e-20,low_energy
1968,9.8438746,9.86288919,9.853400032199998,0.5759586531618714,2.879891880525065e-10,5.521499098619787e-20,low_energy
1969,9.848899069,9.867889734,9.858398129300001,0.5759586531614868,2.879891880525065e-10,5.464388943715339e-20,low_energy
1970,9.853889134,9.872890579,9.863391257,0.5759586531647958,2.8748825542379564e-10,5.134998956931068e-20,low_energy
1971,9.858897433,9.877896633,9.86839263475,0.5759586531616981,2.8748825542379564e-10,5.424734268116282e-20,low_energy
1972,9.863890593,9.882916935,9.873392801200001,0.5759586531617595,2.8748825542379564e-10,5.426003854639935e-20,low_energy
1973,9.868885126,9.887889726,9.87839414985,0.5759586531591987,2.8748825542379564e-10,5.2606265995530396e-20,low_energy
1974,9.87388021,9.892898677,9.883396863149999,0.5759586531697218,2.1016521856154213e-10,2.941703373254915e-20,low_energy
1975,9.878890232,9.897897097,9.88840061985,0.5759586531610641,3.0875835221877423e-10,6.216679909713426e-20,low_energy
1976,9.88389827,9.902888263,9.8933996111,0.5759586531612686,3.0875835221877423e-10,6.221817929072884e-20,low_energy
1977,9.88888576,9.907899738,9.8983982036,0.5759586531657054,3.0875835221877423e-10,5.544264939401193e-20,low_energy
1978,9.893907163000002,9.91288836,9.903396521100003,0.5759586531550148,2.3384583158758687e-10,4.4629788544553736e-20,low_energy
1979,9.898887089,9.917881911,9.908397528699998,0.5759586531612293,2.984830160812635e-10,5.903548102669329e-20,low_energy
1980,9.903899004,9.922881874,9.9133981405,0.5759586531613895,2.984830160812635e-10,5.907883537690036e-20,low_energy
1981,9.908893998,9.927896905,9.91839988595,0.5759586531613958,2.984830160812635e-10,5.90836547632016e-20,low_energy
1982,9.913902477,9.932913921,9.9234038927,0.575958653161676,2.984830160812635e-10,5.801162535836771e-20,low_energy
1983,9.918882242,9.937898064,9.9284011006,0.5759586531610588,2.978568502953749e-10,5.796335626948077e-20,low_energy
1984,9.923898967,9.94289936,9.9334036942,0.575958653161546,2.978568502953749e-10,5.813543372641033e-20,low_energy
1985,9.928912165,9.947935351,9.938403771050002,0.5759586531615203,2.978568502953749e-10,5.812918327952175e-20,low_energy
1986,9.933896308,9.952920967,9.943405119800001,0.5759586531616153,2.978568502953749e-10,5.826303552671782e-20,low_energy
1987,9.938926659,9.957886374,9.948406046249998,0.5759586531607332,2.973417068119488e-10,5.633864462762205e-20,low_energy
1988,9.943900993,9.962897389,9.953401315,0.5759586531617795,2.973417068119488e-10,5.725629212038588e-20,low_energy
1989,9.948898923,9.967896039,9.958401436950002,0.5759586531617741,2.973417068119488e-10,5.725956823748924e-20,low_energy
1990,9.953904146,9.97293215,9.96339903855,0.5759586531611072,2.973417068119488e-10,5.761926298113975e-20,low_energy
1991,9.958887036,9.977886938,9.968395821600001,0.5759586531646405,2.8700686272031817e-10,5.1992405600720186e-20,low_energy
1992,9.963879946,9.982909254,9.973397781500001,0.575958653161465,2.8700686272031817e-10,5.540652974854988e-20,low_energy
1993,9.968882775,9.987890962,9.97839678875,0.5759586531616167,2.8700686272031817e-10,5.542897385439803e-20,low_energy
1994,9.973880253,9.992913909,9.983396596,0.5759586531594005,2.8700686272031817e-10,5.2935067252497385e-20,low_energy
1995,9.978890556,9.997895437,9.988399996100004,0.5759586531698077,2.1034018971022306e-10,2.9769490322702665e-20,low_energy
1996,9.983899676,10.002886403,9.9934000739,0.5759586531616281,2.9738522755451413e-10,5.823085147079172e-20,low_energy
1997,9.988884621,10.007885114,9.9983997725,0.5759586531617891,2.9738522755451413e-10,5.826490534040077e-20,low_energy
1998,9.993886958,10.012887532,10.003397771950002,0.5759586531658589,2.9738522755451413e-10,5.1349181021198276e-20,low_energy
1999,9.998886631,10.017886733,10.0083977526,0.5759586531550859,2.170237323184665e-10,4.006893225914743e-20,low_energy
2000,10.003898126,10.022895603,10.01339849115,0.575958653160901,2.9816327185017144e-10,5.865505852139043e-20,low_energy
2001,10.008912466,10.027885978,10.0183973517,0.5759586531612524,2.9816327185017144e-10,5.875778440474035e-20,low_energy
2002,10.013933239,10.032913473,10.023400512300002,0.5759586531614316,2.9816327185017144e-10,5.878695371388858e-20,low_energy
2003,10.018892525,10.037915641,10.02840306325,0.5759586531616684,2.9816327185017144e-10,5.834797494277664e-20,low_energy
2004,10.023885395,10.042889524,10.03340252485,0.5759586531618305,2.885345296022024e-10,5.529923047757922e-20,low_energy
2005,10.0289182,10.047887955,10.038402208449998,0.5759586531616956,2.885345296022024e-10,5.526184236384823e-20,low_energy
2006,10.033908805,10.052898247,10.0434024696,0.5759586531617957,2.885345296022024e-10,5.527670525252324e-20,low_energy
2007,10.038903188,10.057893011,10.048397980299999,0.575958653161637,2.885345296022024e-10,5.475714181474991e-20,low_energy
2008,10.043891489,10.062889136,10.053399314950001,0.5759586531596241,2.9819968716537915e-10,5.662827808315301e-20,low_energy
2009,10.048890149,10.067902094,10.058401655,0.5759586531614032,2.9819968716537915e-10,5.781196605027096e-20,low_energy
2010,10.053891545,10.072892539,10.0633977488,0.575958653161394,2.9819968716537915e-10,5.781571007701551e-20,low_energy
2011,10.058891067,10.077893875,10.06839840375,0.5759586531613683,2.9819968716537915e-10,5.928638583275163e-20,low_energy
2012,10.063894167,10.082895271,10.073401563950002,0.5759586531646115,2.971205503854435e-10,5.583772227694776e-20,low_energy
2013,10.068887988,10.087918918000002,10.078404598350001,0.5759586531616867,2.971205503854435e-10,5.814884691923683e-20,low_energy
2014,10.073895505,10.092900116,10.083406204050002,0.575958653161762,2.971205503854435e-10,5.815882950296118e-20,low_energy
2015,10.078973175,10.09788974,10.08840787135,0.5759586531591562,2.971205503854435e-10,5.512563255342695e-20,low_energy
2016,10.083899149,10.102890675,10.093408115499999,0.5759586531699782,2.1098234270766625e-10,2.824105364886591e-20,low_energy
2017,10.088907788,10.107929141,10.09840694395,0.5759586531612712,2.877866833728149e-10,5.555978601270896e-20,low_energy
2018,10.093932588,10.112892835,10.103408879299998,0.5759586531615517,2.877866833728149e-10,5.562549595018898e-20,low_energy
2019,10.098926209,10.117930349,10.10840899575,0.575958653165991,2.877866833728149e-10,4.871521639313053e-20,low_energy
2020,10.103894412,10.122905295,10.1134052458,0.5759586531557382,2.113713648554949e-10,3.764713217543566e-20,low_energy
2021,10.108903964,10.127889338,10.118401721349999,0.5759586531617991,2.972928569988653e-10,5.726301842099147e-20,low_energy
2022,10.113894048,10.132957279,10.123401994,0.575958653161744,2.972928569988653e-10,5.725351222740956e-20,low_energy
2023,10.118901816,10.137893632,10.128403875200002,0.5759586531616457,2.972928569988653e-10,5.724407028718932e-20,low_energy
2024,10.123905306,10.142929694,10.1334067258,0.5759586531615465,2.972928569988653e-10,5.674989077913938e-20,low_energy
2025,10.128893937,10.147941309,10.138410612799998,0.5759586531612046,2.8818991637535873e-10,5.42608059276082e-20,low_energy
2026,10.133974603,10.152885176,10.1434099217,0.5759586531615856,2.8818991637535873e-10,5.439543363952012e-20,low_energy
2027,10.138904974,10.157921428,10.148409212050002,0.5759586531616192,2.8818991637535873e-10,5.439331060572673e-20,low_energy
2028,10.143888086,10.16288398,10.153405845299998,0.5759586531617072,2.8818991637535873e-10,5.475394753141444e-20,low_energy
2029,10.148890403,10.167913659,10.158402787650001,0.5759586531603328,2.8748914360221534e-10,5.397854518133231e-20,low_energy
2030,10.153904844,10.172913081,10.163401670199999,0.5759586531616091,2.8748914360221534e-10,5.492381703347695e-20,low_energy
2031,10.158880651,10.177888989,10.16839573315,0.5759586531616823,2.8748914360221534e-10,5.493651647994477e-20,low_energy
2032,10.163883239,10.182883923,10.1733986193,0.5759586531616849,2.8748914360221534e-10,5.506751025927963e-20,low_energy
2033,10.168900215,10.187892762,10.17839808895,0.5759586531648633,2.879128047084123e-10,5.1714276614508195e-20,low_energy
2034,10.173887634000002,10.192890391,10.183399105000001,0.5759586531618048,2.879128047084123e-10,5.518389674422543e-20,low_energy
2035,10.178883118,10.19789847,10.188403283049999,0.5759586531618751,2.879128047084123e-10,5.519726032864644e-20,low_energy
2036,10.183895034,10.202900196,10.1934017904,0.5759586531590412,2.879128047084123e-10,5.299174159205875e-20,low_energy
2037,10.188945733,10.207885862,10.198400670949999,0.5759586531696526,2.1037216413333226e-10,2.9284833330506324e-20,low_energy
2038,10.193886294,10.212933796000002,10.203399901700001,0.5759586531610545,3.0824587327060726e-10,6.10886804637317e-20,low_energy
2039,10.198885476,10.217896899,10.208398756700001,0.575958653161307,3.0824587327060726e-10,6.1155503454416e-20,low_energy
2040,10.203894496,10.222920076,10.213397784000001,0.5759586531655158,3.0824587327060726e-10,5.435648614603011e-20,low_energy
2041,10.208930567,10.227902266,10.21840040825,0.5759586531551607,2.2683455114247408e-10,4.25610028122882e-20,low_energy
2042,10.213884664,10.232906848,10.223399422650001,0.5759586531611787,2.987139424703855e-10,5.793793918689177e-20,low_energy
2043,10.218887192,10.237893606,10.228401485750002,0.5759586531615133,2.987139424703855e-10,5.802555054662291e-20,low_energy
2044,10.223897745,10.242893278,10.2334002536,0.5759586531616532,2.987139424703855e-10,5.805219440100512e-20,low_energy
2045,10.228910853,10.247904423,10.23839969065,0.5759586531617978,2.987139424703855e-10,5.860941660555843e-20,low_energy
2046,10.233946744,10.25288566,10.243402432449999,0.5759586531620453,2.87869283965847e-10,5.523977097821171e-20,low_energy
2047,10.238893857,10.257916051,10.24840203935,0.5759586531618405,2.87869283965847e-10,5.518791994790757e-20,low_energy
2048,10.243907025,10.262888251,10.2534028556,0.5759586531618368,2.87869283965847e-10,5.518392502607217e-20,low_energy
2049,10.248894054,10.267897713,10.2584042149,0.5759586531616441,2.87869283965847e-10,5.463779263093478e-20,low_energy
2050,10.253935375,10.27288922,10.263399976599999,0.5759586531600159,2.8749624902957294e-10,5.346589450445573e-20,low_energy
2051,10.258884322,10.277889614,10.26839888675,0.5759586531615396,2.8749624902957294e-10,5.452087410866151e-20,low_energy
2052,10.263886439,10.282902291,10.27339801735,0.5759586531616422,2.8749624902957294e-10,5.45398592850545e-20,low_energy
2053,10.268892153,10.287899459,10.278398417199998,0.5759586531616312,2.8749624902957294e-10,5.503403993197306e-20,low_energy
2054,10.273908547,10.292901856,10.28340145755,0.5759586531641554,2.987636804618887e-10,5.527329925504315e-20,low_energy
2055,10.278894524,10.297895187,10.288400553499999,0.5759586531613434,2.987636804618887e-10,5.839769922833778e-20,low_energy
2056,10.283904906,10.3028847,10.2934021356,0.5759586531616779,2.987636804618887e-10,5.847509817884105e-20,low_energy
2057,10.28888379,10.307885264,10.298398493299997,0.5759586531592175,2.987636804618887e-10,5.551809554868008e-20,low_energy
2058,10.29389814,10.312891139,10.303396425099999,0.5759586531702874,2.049773684120737e-10,2.78612998880695e-20,low_energy
2059,10.298889507,10.317895179,10.308395903700001,0.5759586531617151,2.866897830244852e-10,5.435995685628474e-20,low_energy
2060,10.303902364,10.322881627,10.313394859949998,0.5759586531616044,2.866897830244852e-10,5.433072652051175e-20,low_energy
2061,10.308902057,10.327924541,10.3183957239,0.5759586531656777,2.866897830244852e-10,4.831796147197218e-20,low_energy
2062,10.313886771,10.332970692,10.323398554400002,0.5759586531554769,2.1178703235591456e-10,3.835210654896501e-20,low_energy
2063,10.318903456,10.33789954,10.328400691199999,0.5759586531612726,3.0869706790781493e-10,6.192989157964015e-20,low_energy
2064,10.323879985,10.342900806,10.33340073185,0.5759586531615575,3.0869706790781493e-10,6.201261206289564e-20,low_energy
2065,10.328894475,10.347907893,10.33840313905,0.5759586531615378,3.0869706790781493e-10,6.201334510622188e-20,low_energy
2066,10.333912703,10.352902005,10.34340371935,0.5759586531616725,3.0869706790781493e-10,6.111334622040343e-20,low_energy
2067,10.338889632,10.357899934,10.34840276165,0.5759586531612265,2.9817570634804724e-10,5.801063508298167e-20,low_energy
2068,10.34389744,10.362883336,10.35340280445,0.5759586531616561,2.9817570634804724e-10,5.815790484024277e-20,low_energy
2069,10.348902974,10.367886114,10.3584010483,0.5759586531618037,2.9817570634804724e-10,5.818296488931645e-20,low_energy
2070,10.353882919,10.372915813,10.3633965344,0.5759586531612545,2.9817570634804724e-10,5.885060746323242e-20,low_energy
2071,10.358900996,10.377885619,10.3683936817,0.5759586531599756,3.0869795608623463e-10,6.067936150103284e-20,low_energy
2072,10.363911379,10.382906452,10.37339744995,0.5759586531612924,3.0869795608623463e-10,6.17061593976817e-20,low_energy
2073,10.368886205,10.387887369,10.378398446950001,0.5759586531613741,3.0869795608623463e-10,6.172124892313655e-20,low_energy
2074,10.373889354,10.392888825,10.38339954725,0.575958653161516,3.0869795608623463e-10,6.190386091078387e-20,low_energy
2075,10.37889621,10.397881484,10.3884024389,0.5759586531651179,2.873559168392603e-10,5.2636194417293987e-20,low_energy
2076,10.383917764,10.402898349,10.393399469950001,0.5759586531617894,2.873559168392603e-10,5.600422443241118e-20,low_energy
2077,10.388887550000002,10.40790216,10.39839801195,0.5759586531617217,2.873559168392603e-10,5.599121124545964e-20,low_energy
2078,10.393897823,10.41292168,10.403399206900001,0.5759586531594844,2.873559168392603e-10,5.206470259958052e-20,low_energy
2079,10.398899729,10.417889723,10.40839791715,0.5759586531698861,2.0506618625404371e-10,2.8289899370965007e-20,low_energy
2080,10.403891287,10.422889826,10.413399653649998,0.575958653161643,2.8747138003382133e-10,5.418696796864447e-20,low_energy
2081,10.408897492,10.427931408,10.41839912585,0.5759586531617348,2.8747138003382133e-10,5.420698954896631e-20,low_energy
2082,10.413886424,10.432896275,10.423398679149999,0.5759586531657059,2.8747138003382133e-10,4.8213332333054787e-20,low_energy
2083,10.418932604,10.437895496,10.428399070050002,0.5759586531554015,2.1235191383084384e-10,3.8059021009072857e-20,low_energy
2084,10.423886781,10.442885811,10.4333977132,0.5759586531613431,2.9747493357490384e-10,5.842973037008551e-20,low_energy
2085,10.428904638,10.447891024,10.43839864805,0.5759586531615847,2.9747493357490384e-10,5.84899927247014e-20,low_energy
2086,10.433895183,10.452900746,10.4434012807,0.5759586531615863,2.9747493357490384e-10,5.849207194506151e-20,low_energy
2087,10.438894856,10.457884338,10.448400697750003,0.5759586531612836,2.9747493357490384e-10,5.792656490309077e-20,low_energy
2088,10.443885992,10.462893819,10.453398743700001,0.5759586531610446,2.877742488749391e-10,5.496974349730461e-20,low_energy
2089,10.448900012,10.46789263,10.45839865025,0.5759586531613605,2.877742488749391e-10,5.509551313384428e-20,low_energy
2090,10.453892501,10.472884568,10.46339395755,0.5759586531615664,2.877742488749391e-10,5.513147137639297e-20,low_energy
2091,10.458916189,10.477899078,10.468397545950001,0.5759586531617631,2.877742488749391e-10,5.568304161812529e-20,low_energy
2092,10.463885945,10.482923878,10.47340058735,0.5759586531603704,2.9741631379920364e-10,5.719315116460075e-20,low_energy
2093,10.468894965,10.487914093,10.478403756999999,0.5759586531616174,2.9741631379920364e-10,5.818997479034786e-20,low_energy
2094,10.473891391,10.492901903,10.48340660855,0.5759586531615876,2.9741631379920364e-10,5.818933825715223e-20,low_energy
2095,10.478885583,10.497892418,10.4884054676,0.5759586531611295,2.9741631379920364e-10,5.7581701634047e-20,low_energy
2096,10.483904653000002,10.502898553,10.493406056450002,0.5759586531640511,2.977120772129638e-10,5.54836748585529e-20,low_energy
2097,10.488906349,10.507914396,10.4984031175,0.5759586531612728,2.977120772129638e-10,5.866819471813463e-20,low_energy
2098,10.493892897,10.512879333,10.5033995113,0.575958653161487,2.977120772129638e-10,5.870857747999605e-20,low_energy
2099,10.498890205,10.517910094,10.508401891450001,0.5759586531593588,2.977120772129638e-10,5.624739236932692e-20,low_energy
2100,10.503892613,10.522896843,10.5133985773,0.5759586531700246,2.1073898182066841e-10,2.908778070307687e-20,low_energy
2101,10.508891674,10.52788859,10.518397288549998,0.5759586531609486,3.086144673147828e-10,6.142708589198832e-20,low_energy
2102,10.513903119,10.532902770000002,10.5233990892,0.5759586531612919,3.086144673147828e-10,6.152020348762449e-20,low_energy
2103,10.518897992,10.537897022,10.528395335300003,0.5759586531655709,3.086144673147828e-10,5.470133444698054e-20,low_energy
2104,10.523888568,10.542898629000002,10.53339650115,0.5759586531551741,2.2680968214672248e-10,4.2944762852199764e-20,low_energy
2105,10.528905022,10.547920393,10.53839824165,0.5759586531613826,2.992823766589936e-10,5.818659632435989e-20,low_energy
2106,10.53390754,10.552898695,10.54340214065,0.5759586531614483,2.992823766589936e-10,5.821343911585454e-20,low_energy
2107,10.538894919,10.557916422,10.5484017922,0.5759586531613652,2.992823766589936e-10,5.821037595845786e-20,low_energy
2108,10.54389374,10.562889715,10.553400528050002,0.5759586531615126,2.992823766589936e-10,5.823643937174702e-20,low_energy
2109,10.548884696,10.567897242,10.558399940549998,0.5759586531615131,2.880460314713673e-10,5.429322691312471e-20,low_energy
2110,10.553885471,10.572891134,10.56339586705,0.5759586531616186,2.880460314713673e-10,5.434944945764894e-20,low_energy
2111,10.558889131,10.577895786,10.5683977538,0.5759586531616661,2.880460314713673e-10,5.434672979967546e-20,low_energy
2112,10.563884966,10.582909956,10.57339876885,0.575958653161474,2.880460314713673e-10,5.458621297090209e-20,low_energy
2113,10.568893836,10.587912814,10.5784019836,0.5759586531597464,2.9827784686631276e-10,5.705215875655446e-20,low_energy
2114,10.57389425,10.592892208,10.583404600649999,0.5759586531613602,2.9827784686631276e-10,5.816366339532979e-20,low_energy
2115,10.578890606,10.597906579,10.58840419455,0.5759586531616179,2.9827784686631276e-10,5.821691208560402e-20,low_energy
2116,10.583899256,10.602888117,10.5934037163,0.5759586531618238,2.9827784686631276e-10,5.843404420999456e-20,low_energy
2117,10.588887276,10.607890204,10.5984011426,0.5759586531653381,2.877955651570119e-10,5.175740063429145e-20,low_energy
2118,10.59389267,10.612900447,10.60340033835,0.5759586531619181,2.877955651570119e-10,5.515436255081815e-20,low_energy
2119,10.598904325,10.617890852,10.608399365149998,0.5759586531618124,2.877955651570119e-10,5.513234511281514e-20,low_energy
2120,10.603923424,10.622895574,10.613398512749999,0.5759586512950019,3.7490312188026564e-08,1.3261870397339378e-15,medium_energy
2121,10.608889644,10.627887792,10.61839834415,0.5759586541511797,1.1792845100444538e-07,1.2314904974067593e-14,medium_energy
2122,10.613892983,10.632888016,10.62339772615,0.5759586379632188,1.9099070680539398e-07,4.071555186002734e-14,medium_energy
2123,10.618893147,10.637886696,10.6283962941,0.5759586367555084,2.2640666763606987e-07,7.95237961056075e-14,medium_energy
2124,10.623900073,10.642965809,10.633403212800001,0.575958645189606,2.527052851419853e-07,1.1894196801128452e-13,medium_energy
2125,10.628917128,10.647899016,10.638406305799998,0.5759586350536287,2.527052851419853e-07,1.3620985995339284e-13,medium_energy
2126,10.633899368,10.652884772,10.64341329305,0.5759586548539675,2.901815276956654e-07,1.637356427642293e-13,medium_energy
2127,10.638919659,10.657900655,10.648417108450001,0.575958675843335,2.659927043069388e-07,1.6644898372633248e-13,medium_energy
2128,10.64393931,10.662898324,10.653413847950002,0.575958666571218,2.6390990992553043e-07,1.6871314240155832e-13,medium_energy
2129,10.648889168,10.667892957,10.658412589249998,0.575958666648047,2.7347756503814935e-07,1.7359692055722493e-13,medium_energy
2130,10.653895333,10.672893562,10.663405160950003,0.5759586693100139,2.7347756503814935e-07,1.3923129889426515e-13,medium_energy
2131,10.658889966,10.677896681,10.66840729265,0.5759586403537925,2.523084416949928e-07,1.354761774945484e-13,medium_energy
2132,10.663920657,10.68289969,10.6734035518,0.5759586290641325,2.4550435639980606e-07,1.2818314436225836e-13,medium_energy
2133,10.668898849,10.687893701,10.678401402400002,0.5759586423143953,2.3191085762874764e-07,1.195374526148745e-13,medium_energy
2134,10.673923198,10.692893955,10.683402378900002,0.5759586431884959,2.5664761071908515e-07,1.3897320071630506e-13,medium_energy
2135,10.67890684,10.69788421,10.688398350950001,0.5759586484125704,2.3500174872737034e-07,1.0652834453986023e-13,medium_energy
2136,10.683894941,10.702918368,10.693400370400001,0.5759586743558273,2.200983839628634e-07,1.0114479996621809e-13,medium_energy
2137,10.688908911,10.70788631,10.698400106600001,0.5759586767216226,2.200983839628634e-07,1.0133287524306111e-13,medium_energy
2138,10.693890489,10.71292675,10.70339863205,0.5759586583782212,2.2373955488319552e-07,9.150867513254742e-14,medium_energy
2139,10.69888418,10.717885825000002,10.708395760749998,0.5759586586408317,2.449110549918032e-07,1.086975857070167e-13,medium_energy
2140,10.703886658,10.722906879,10.713392367549998,0.5759586463536893,2.197276236515222e-07,8.670810262476458e-14,medium_energy
2141,10.708907341000002,10.727889519,10.718390431549999,0.5759586262635976,1.91902595148008e-07,7.346516681655661e-14,medium_energy
2142,10.713878088,10.732951168,10.7233914987,0.575958636574754,1.9487464086864748e-07,8.061248090840985e-14,medium_energy
2143,10.718880857,10.737884596,10.72839156355,0.575958653448137,1.9821113372842092e-07,8.091047143844268e-14,medium_energy
2144,10.723877013,10.74289574,10.733393724749998,0.5759586540328122,1.9821113372842092e-07,7.816571024612421e-14,medium_energy
2145,10.728901232,10.747879302,10.738393010000001,0.5759586699314699,1.7799267126861196e-07,6.973172653379679e-14,medium_energy
2146,10.733890374,10.752919181,10.74339608855,0.5759586798946519,1.5680949783103415e-07,5.5400323431448774e-14,medium_energy
2147,10.738894505,10.757913523,10.7483988704,0.5759586581814746,1.9038152299089006e-07,6.117815217847356e-14,medium_energy
2148,10.743875442,10.762886736,10.75339889115,0.5759586487433115,2.0051678983890042e-07,7.281128608714033e-14,medium_energy
2149,10.748909971,10.767885426,10.7584040511,0.575958644870733,1.7623115500242648e-07,5.6777504664901537e-14,medium_energy
2150,10.753887892,10.772935124,10.763402137099998,0.5759586287460345,1.5092308558450895e-07,5.100371564397404e-14,medium_energy
2151,10.758892224,10.777887046,10.768400657549998,0.575958635568271,1.578950543645874e-07,4.9699865376627356e-14,medium_energy
2152,10.76388342,10.78289796,10.773401093050001,0.5759586580464247,1.7457024359401885e-07,5.0830312722431733e-14,medium_energy
2153,10.768889535,10.787882053,10.778396449,0.575958660603806,1.7457024359401885e-07,5.490789232095576e-14,medium_energy
2154,10.773884368,10.792896563,10.78339451545,0.5759586696965061,1.468756885003586e-07,4.541605050279445e-14,medium_energy
2155,10.778887437,10.797901636,10.788397984700001,0.5759586776823153,1.3370578244575881e-07,3.584945736546524e-14,medium_energy
2156,10.783898521,10.802897301,10.79339655115,0.5759586557709131,1.5903920402848826e-07,4.193196143250542e-14,medium_energy
2157,10.788900779,10.807889249,10.79839907105,0.5759586435378241,1.6616127673785286e-07,4.7263239745228203e-14,medium_energy
2158,10.793890332,10.812887168,10.803397863899999,0.5759586414378657,1.4311181040227439e-07,3.7798893468518493e-14,medium_energy
2159,10.798882531,10.817900436,10.8083943108,0.5759586297453405,1.2891326317543417e-07,3.3313753974027005e-14,medium_energy
2160,10.803893104,10.822893577,10.8133944172,0.5759586400276213,1.4186947705496777e-07,3.4204741407129296e-14,medium_energy
2161,10.808887987,10.827904811,10.81839531805,0.5759586617956736,1.4305100215494804e-07,3.5194707808697505e-14,medium_energy
2162,10.813890305,10.832884997,10.823396357250001,0.575958663955363,1.4305100215494804e-07,3.5208612907577624e-14,medium_energy
2163,10.818883896,10.837902202,10.82839702615,0.5759586722552436,1.2131211146737542e-07,2.983034104867379e-14,medium_energy
2164,10.823888357,10.842881306,10.833398138399998,0.5759586732975384,1.2131211146737542e-07,2.5442605557789013e-14,medium_energy
2165,10.828881878,10.84788716,10.8384011959,0.5759586500753331,1.3691751998834434e-07,2.9320344491791107e-14,medium_energy
2166,10.833900286,10.85291147,10.843408765900001,0.5759586417542761,1.4256449443195152e-07,3.18649377143192e-14,medium_energy
2167,10.838882246,10.857890373,10.848408654950003,0.5759586377126469,1.0684118034731682e-07,2.4976966544037354e-14,medium_energy
2168,10.843953163,10.862887591000002,10.85340846875,0.5759586304053936,1.0203883693549187e-07,2.0438550022601662e-14,medium_energy
2169,10.848924221,10.867899607,10.85840344095,0.5759586484060255,1.3074350757591446e-07,2.606693810397049e-14,medium_energy
2170,10.853909617,10.872914939,10.863398264850002,0.5759586638766747,1.284962651837418e-07,2.6523369136356352e-14,medium_energy
2171,10.858901314,10.877882921,10.86839677215,0.5759586662582106,1.1132126598312198e-07,2.195988012107468e-14,medium_energy
2172,10.863890868,10.882882113,10.873397169099999,0.575958675696319,9.979118154035405e-08,1.739009193350705e-14,medium_energy
2173,10.868893756,10.887897525,10.87839759095,0.5759586649182642,1.1595124682628466e-07,2.1294145566600164e-14,medium_energy
2174,10.873904079,10.892900244000002,10.8833969013,0.5759586452969726,1.159703693076608e-07,2.2549918150074487e-14,medium_energy
2175,10.878938237,10.897892823,10.88839759075,0.5759586414583493,1.159703693076608e-07,2.0769157871748985e-14,medium_energy
2176,10.883888616,10.902883218,10.893395191900002,0.575958632101875,9.565621272855651e-08,1.5058133769692244e-14,medium_energy
2177,10.888915921,10.907927916,10.89839560995,0.5759586359389208,9.860263006089554e-08,1.5771321615523878e-14,medium_energy
2178,10.893893992,10.912895417,10.903391495349998,0.5759586566520676,1.1172597691455621e-07,2.0219781857313994e-14,medium_energy
2179,10.898880731,10.917899949,10.90839110485,0.5759586630476857,1.1172597691455621e-07,1.9475979770223474e-14,medium_energy
2180,10.903892516,10.922886557,10.913391326900001,0.5759586723723196,8.121389249993172e-08,1.358661017507038e-14,medium_energy
2181,10.908879525,10.927908772,10.918388833849999,0.5759586738779421,8.10049503030541e-08,1.1647938869750882e-14,medium_energy
2182,10.913879598,10.932902824,10.923390901449999,0.5759586544638375,1.0913288939207177e-07,1.757692104068395e-14,medium_energy
2183,10.918896563,10.937884493,10.92839135045,0.575958645845233,1.0914994508226528e-07,1.7881731070719638e-14,medium_energy
2184,10.923881608,10.942880979,10.93339070645,0.5759586357367763,8.195347422912391e-08,1.2792425081947892e-14,medium_energy
2185,10.928905567,10.947877516,10.93839410255,0.5759586306373052,7.238443799906236e-08,9.063313281229144e-15,medium_energy
2186,10.933901121,10.952889291,10.94339642665,0.5759586468271047,1.013327546317555e-07,1.5606418445337417e-14,medium_energy
2187,10.938881377,10.957885347,10.94839696785,0.5759586574305452,1.1325131321626714e-07,1.677007605238963e-14,medium_energy
2188,10.943883765,10.962883887,10.953398731799998,0.5759586680303392,8.236843118680781e-08,1.1829083570251024e-14,medium_energy
2189,10.948898847,10.967900903,10.9583986804,0.5759586766639948,6.327175849918376e-08,6.523054572186167e-15,medium_energy
2190,10.9538883,10.972927817,10.963397842000003,0.5759586634632367,9.360109487488444e-08,1.42962529479189e-14,medium_energy
2191,10.958911637,10.977887814,10.96839740185,0.575958652597721,1.041589516859176e-07,1.5315483485606955e-14,medium_energy
2192,10.963901962,10.982905551,10.973400727849999,0.575958641156866,8.446259158745306e-08,1.1975324416873691e-14,medium_energy
2193,10.968898459,10.987883733,10.978397205299999,0.5759586292877087,4.84166919889617e-08,4.420590662813295e-15,medium_energy
2194,10.973888533,10.99289641,10.983397650250001,0.5759586401886845,8.290586883674678e-08,1.1302452179109401e-14,medium_energy
2195,10.97892753,10.997910309,10.988400076,0.575958648889841,9.58031529663117e-08,1.3463049027861362e-14,medium_energy
2196,10.983900572,11.002889954,10.993396175350002,0.5759586627706974,8.996256628535093e-08,1.3487530618892902e-14,medium_energy
2197,10.988942925,11.007883786,10.99839993925,0.5759586756439298,5.6907127010674685e-08,4.8582273121806645e-15,medium_energy
2198,10.993892203,11.012885382,11.003396237500002,0.5759586685726135,7.161306037062332e-08,8.626519810668391e-15,medium_energy
2199,10.998905251,11.017891827,11.0083936503,0.5759586617302782,9.563851577354399e-08,1.1648462200201067e-14,medium_energy
2200,11.003931283,11.022882623,11.013393773149998,0.5759586462436264,8.63972227094223e-08,1.2310596215997653e-14,medium_energy
2201,11.008884037,11.027885221,11.018390516150001,0.5759586330098673,5.828178295530506e-08,6.232032124973579e-15,medium_energy
2202,11.013885593,11.032902998,11.02339185985,0.5759586355729918,6.671185737161522e-08,8.361992852279019e-15,medium_energy
2203,11.018898461,11.037888474,11.02839219365,0.5759586412077717,8.11466023264984e-08,1.0207526606930894e-14,medium_energy
2204,11.02388587,11.042888146,11.03339534735,0.5759586563081855,8.17883094583749e-08,1.1387479366429092e-14,medium_energy
2205,11.028885162,11.047884893,11.0383969571,0.5759586711806455,6.80826586219041e-08,6.291213031874356e-15,medium_energy
2206,11.033881528,11.052935031,11.04340390235,0.5759586711561948,6.022900578273038e-08,6.8418315763047585e-15,medium_energy
2207,11.038929292,11.057885631,11.048404847300002,0.5759586688851742,6.022900578273038e-08,7.588319984802525e-15,medium_energy
2208,11.043885883000002,11.062911243,11.053407256499998,0.5759586529496326,8.656844041610157e-08,1.3730043254476543e-14,medium_energy
2209,11.04889355,11.06789773,11.058409460750001,0.5759586383610932,7.244661492933346e-08,7.293973777529252e-15,medium_energy
2210,11.053908311,11.072897243,11.0634042817,0.5759586352064741,5.1473355355824424e-08,5.269749687052904e-15,medium_energy
2211,11.05891141,11.077901153,11.06840462605,0.575958633910967,4.8167174249158506e-08,4.333568703116199e-15,medium_energy
2212,11.063895253,11.082902589,11.073401157149998,0.575958651350047,8.116075544961632e-08,1.2145228337052208e-14,medium_energy
2213,11.068915695,11.087910086,11.0783997632,0.5759586627837374,7.712548022453802e-08,8.834585882627173e-15,medium_energy
2214,11.073894608,11.092902245,11.083399942700002,0.5759586723115362,5.711408057607059e-08,6.388364044564678e-15,medium_energy
2215,11.078900943,11.097889804,11.0884001513,0.5759586731928316,4.842344836220036e-08,5.406685916160504e-15,medium_energy
2216,11.083895546,11.102889868,11.093398439249999,0.5759586585202221,7.31247524754508e-08,9.341504914046833e-15,medium_energy
2217,11.088890009,11.107891083,11.0983969732,0.575958647815259,7.682358837968195e-08,1.0098875652233325e-14,medium_energy
2218,11.093911122000002,11.112894633000002,11.10339591435,0.5759586335527993,4.621767857315717e-08,4.052796480376661e-15,medium_energy
2219,11.098896137,11.117894576,11.10839886205,0.5759586337821513,5.262585300869205e-08,4.4950931712552304e-15,medium_energy
2220,11.10390113,11.122889901,11.11339899805,0.5759586428798315,8.211738578012273e-08,9.345709575976371e-15,medium_energy
2221,11.108900281,11.127886197,11.11839911745,0.5759586561251095,8.431061004898766e-08,1.2887095128542103e-14,medium_energy
2222,11.113899623,11.132904334,11.123398439949998,0.5759586705914118,5.2144735640524686e-08,5.131630445071945e-15,medium_energy
2223,11.11889638,11.137894509,11.1283942022,0.5759586729627542,5.123913648930056e-08,3.5519846052932292e-15,medium_energy
2224,11.123893738,11.142903078000002,11.133393668799998,0.5759586667798898,7.432807525020735e-08,7.080725136101156e-15,medium_energy
2225,11.128884795,11.147887842,11.13839527245,0.5759586530654918,7.011130875866911e-08,9.989300955478864e-15,medium_energy
2226,11.133900067,11.152887355,11.14340529955,0.5759586382952738,5.882766096476644e-08,7.408588176095248e-15,medium_energy
2227,11.138888728,11.157944486,11.1484085113,0.5759586331819768,5.1859401217768664e-08,5.345590748096287e-15,medium_energy
2228,11.143909761000002,11.162890407,11.153408073199998,0.5759586371008898,5.185588936029717e-08,6.3918743540545166e-15,medium_energy
2229,11.148946634,11.167901361,11.158407899099998,0.5759586498956778,7.405954782768731e-08,1.0994096629230528e-14,medium_energy
2230,11.153894258,11.172895383,11.163400066449999,0.5759586657455495,7.163320869807421e-08,7.471144408681491e-15,medium_energy
2231,11.158890384,11.177894073,11.16839707695,0.5759586719580201,3.750270050062454e-08,3.3058377859073033e-15,medium_energy
2232,11.163901098,11.18290129,11.173398865500001,0.5759586722435616,3.750270050062454e-08,3.189515719136673e-15,medium_energy
2233,11.168898386,11.187901544,11.1783990365,0.5759586581521432,7.933260803838493e-08,1.2234771990643598e-14,medium_energy
2234,11.173900723,11.192900795,11.183397770750002,0.5759586447357798,7.55451941003571e-08,8.962079556914117e-15,medium_energy
2235,11.178899294,11.197893976,11.188397146300002,0.5759586342427403,5.427457949735981e-08,5.6097693800136825e-15,medium_energy
2236,11.1839007,11.202887737,11.1933973859,0.575958633063828,5.4113703740199526e-08,4.859345102167321e-15,medium_energy
2237,11.188891415,11.207895956000002,11.198396951800001,0.5759586457194155,6.377915262589795e-08,8.268217839422819e-15,medium_energy
2238,11.193891038,11.212924794,11.203397063200002,0.5759586573338205,6.113140127439465e-08,9.323860253923227e-15,medium_energy
2239,11.198902803,11.217888588,11.2084010113,0.5759586728222711,5.278253034646241e-08,3.583108567421576e-15,medium_energy
2240,11.203900292,11.222895154,11.21340093385,0.575958671680534,5.33858877105331e-08,4.804383478131032e-15,medium_energy
2241,11.208890196,11.227905306,11.218400679050001,0.5759586656936989,5.33858877105331e-08,6.5801246707763354e-15,medium_energy
2242,11.213884168,11.232975693,11.2234041819,0.5759586498277844,8.447108346132381e-08,1.4294460924796362e-14,medium_energy
2243,11.218907124,11.237916243,11.22840030225,0.5759586364367351,6.162583776614383e-08,5.376988784904547e-15,medium_energy
2244,11.223891588,11.242886731,11.2333992204,0.5759586339187734,4.7792388713219225e-08,3.926416370567851e-15,medium_energy
2245,11.228919995,11.247892445000002,11.23839682355,0.5759586375180399,6.688663489740065e-08,7.052180463591107e-15,medium_energy
2246,11.23388925,11.252909761000002,11.243399699650002,0.5759586554400835,6.743108826867683e-08,9.441641852927395e-15,medium_energy
2247,11.238906926,11.257892982,11.24840013815,0.5759586654220852,5.424863225300669e-08,6.4132341735931245e-15,medium_energy
2248,11.243888966,11.262893907,11.253400852150001,0.5759586753823223,3.6179311990736096e-08,1.9904799551303935e-15,medium_energy
2249,11.248896884,11.267907045,11.258404101950001,0.5759586678449968,6.419764364551384e-08,9.102651679069854e-15,medium_energy
2250,11.253891547,11.272919362,11.263401315350002,0.575958656070464,6.009570263643127e-08,8.929898667276341e-15,medium_energy
2251,11.258895998,11.277887795,11.268402804800001,0.5759586413263064,7.631914389349959e-08,1.1932461996880553e-14,medium_energy
2252,11.263895731,11.282894511,11.27340126915,0.5759586319064868,4.171649603534888e-08,3.2404582824271677e-15,medium_energy
2253,11.268921052,11.287891088,11.27840204235,0.5759586373606784,5.194899976856959e-08,4.996221911594122e-15,medium_energy
2254,11.273904424,11.292897583,11.283396671400002,0.57595864616138,7.616480335315146e-08,1.0336392001541614e-14,medium_energy
2255,11.278885712,11.297887257,11.288394939349999,0.575958665156892,6.710691025091364e-08,7.67832607454906e-15,medium_energy
2256,11.283900743,11.302896307,11.29339905825,0.5759586709005869,4.261892172507942e-08,3.889161383888694e-15,medium_energy
2257,11.288883544,11.307898144,11.2983979848,0.5759586732751787,4.445074974768204e-08,3.019436025569305e-15,medium_energy
2258,11.293891853,11.312889501,11.303398773400001,0.5759586596840821,8.185867717003248e-08,1.3728474453545021e-14,medium_energy
2259,11.298891916,11.317895215,11.308399766,0.5759586457100356,6.06747523335116e-08,8.423064655210454e-15,medium_energy
2260,11.303907198,11.322909234,11.313398547400002,0.5759586348451977,5.98500813353553e-08,7.476803533240615e-15,medium_energy
2261,11.308896972,11.327892025,11.318396586449998,0.5759586325962787,5.685504511632189e-08,5.443060019386542e-15,medium_energy
2262,11.313891204,11.332902097,11.3234001364,0.575958645097033,5.5240768404019036e-08,8.056515758110096e-15,medium_energy
2263,11.318889094,11.337899075,11.328401320800001,0.5759586567829722,7.340350816065211e-08,1.1233635788934856e-14,medium_energy
2264,11.323888796,11.342891203,11.33340058065,0.5759586728168131,5.452897688940084e-08,3.686241611538644e-15,medium_energy
2265,11.328919948,11.347885956,11.33840061835,0.5759586714360226,4.6847056900389816e-08,4.240847479718826e-15,medium_energy
2266,11.333916605,11.352885188,11.343401436049998,0.5759586662404473,5.4028702400898965e-08,6.4064876890244e-15,medium_energy
2267,11.338900418,11.357888417,11.3483991985,0.5759586488378575,8.698510800542181e-08,1.439637478029104e-14,medium_energy
2268,11.343884531,11.362923817,11.35340011335,0.5759586370808183,5.680767767302086e-08,5.952417476505818e-15,medium_energy
2269,11.348893651,11.367903281,11.35840115795,0.5759586330177715,4.984098644911228e-08,4.704681030666558e-15,medium_energy
2270,11.353893544,11.372886032,11.363397732100001,0.5759586389590522,8.45251442171957e-08,1.1468838443660578e-14,medium_energy
2271,11.358924967,11.377898719,11.368398945550002,0.5759586558970586,6.778344108226975e-08,9.92326234100229e-15,medium_energy
2272,11.363891517,11.382887692,11.373397576150001,0.5759586665027496,5.986919138223357e-08,8.622809251109092e-15,medium_energy
2273,11.368894445,11.387888697,11.378395953899998,0.5759586756557485,3.942626047859221e-08,2.2807925109880097e-15,medium_energy
2274,11.373892735,11.392904961,11.383395882999997,0.5759586661266968,5.78585952482058e-08,7.92826668028062e-15,medium_energy
2275,11.378897347,11.397895356,11.38839719565,0.5759586552588136,5.546150649848869e-08,9.230464163307077e-15,medium_energy
2276,11.383890007000002,11.40290115,11.393398032400002,0.5759586385183135,7.585458572378911e-08,9.377544275757491e-15,medium_energy
2277,11.388909907,11.407894661,11.3984000779,0.5759586329272157,5.5661528719497255e-08,4.485898490432067e-15,medium_energy
2278,11.393892868,11.412896026,11.40339968585,0.5759586375681549,5.5661528719497255e-08,6.078363937950207e-15,medium_energy
2279,11.398907449,11.417892122,11.408397677750003,0.5759586497653923,9.473993856090601e-08,1.527913623332528e-14,medium_energy
2280,11.403899778,11.422893228,11.41339617605,0.575958666917016,7.767217358178868e-08,8.68838611213007e-15,medium_energy
2281,11.408897397,11.427909592,11.41839717065,0.5759586718522762,5.532878333269764e-08,5.582454871843469e-15,medium_energy
2282,11.413890016,11.432894256,11.423398794450002,0.5759586718392071,7.285379766130973e-08,6.679874149693441e-15,medium_energy
2283,11.418892393,11.437896654,11.428399344199999,0.5759586557769409,8.383499228159508e-08,1.2847987963633469e-14,medium_energy
2284,11.423898238,11.442904001,11.433399883949999,0.5759586432956283,5.8146239823031465e-08,8.258521925670927e-15,medium_energy
2285,11.428916616,11.447901068,11.43839938965,0.5759586325700913,5.591128360293851e-08,4.5061428504080965e-15,medium_energy
2286,11.433895088,11.452893888,11.443401130050002,0.5759586353395202,6.312156752841247e-08,6.955494734939606e-15,medium_energy
2287,11.438899379,11.457893901,11.448401323100002,0.5759586482348151,5.866538099752461e-08,9.240401474253035e-15,medium_energy
2288,11.443895615,11.46289139,11.453401067350002,0.5759586616555645,7.864846018890148e-08,1.1912091253036137e-14,medium_energy
2289,11.448893815,11.467895531,11.45840086265,0.5759586744377729,5.712362671772553e-08,4.506135179849788e-15,medium_energy
2290,11.453898898,11.47288309,11.4633952302,0.5759586697738163,6.070080171838299e-08,6.962668740496198e-15,medium_energy
2291,11.458901817,11.477891078,11.468392346849999,0.5759586619411149,8.322807598659665e-08,1.0968147761924191e-14,medium_energy
2292,11.463909013,11.482892354,11.473390700400001,0.5759586430928894,9.687526691948278e-08,1.4146294440950967e-14,medium_energy
2293,11.468885783,11.487901264,11.4783892057,0.5759586351047975,5.518217349731458e-08,5.91169032115519e-15,medium_energy
2294,11.473893771,11.492883844,11.48338876855,0.5759586337372941,5.518217349731458e-08,5.556546445928901e-15,medium_energy
2295,11.47888632,11.497884589,11.488392258849998,0.5759586448382491,9.240762643969447e-08,1.536996001908478e-14,medium_energy
2296,11.483906952,11.502897246,11.49339428835,0.5759586615422545,6.091931847862497e-08,8.893439758688817e-15,medium_energy
2297,11.488887068,11.50789263,11.498394744900002,0.575958670310999,6.091931847862497e-08,7.462476876662813e-15,medium_energy
2298,11.49391809,11.512887163,11.50339647485,0.5759586745497383,6.095250792981233e-08,4.512366167287461e-15,medium_energy
2299,11.498908655,11.517902556,11.508394531950001,0.5759586600578835,6.639028882204911e-08,1.0672237600478848e-14,medium_energy
2300,11.503895313,11.522887610000002,11.5133936694,0.5759586488728867,6.451460876633064e-08,1.0591114424522003e-14,medium_energy
2301,11.508880859,11.527884818,11.518392565450002,0.5759586331473693,7.056542461469917e-08,6.518723813962608e-15,medium_energy
2302,11.513895991,11.532888058,11.52339091655,0.5759586347412451,6.347808856332904e-08,7.266899407292975e-15,medium_energy
2303,11.518909890000002,11.537915703,11.5283899924,0.5759586427515456,6.347808856332904e-08,8.603120293961605e-15,medium_energy
2304,11.523886379,11.542885028,11.53339032275,0.5759586585077121,9.746072748839651e-08,1.7241245871195754e-14,medium_energy
2305,11.528900699,11.547905490000002,11.53838949795,0.5759586719768107,5.949077142020087e-08,6.425162463687691e-15,medium_energy
2306,11.533895673,11.552877661,11.54339607605,0.5759586714709485,5.541831260558183e-08,6.415574318864696e-15,medium_energy
2307,11.538882591,11.557900317,11.548397601200001,0.5759586657643181,9.629800779009656e-08,1.3010462453316138e-14,medium_energy
2308,11.543881923,11.56291109,11.5533971901,0.5759586461333993,9.047047111465645e-08,1.2960420262752739e-14,medium_energy
2309,11.548915019,11.567899061,11.5583989115,0.575958637831341,6.404157559813939e-08,7.919329114277172e-15,medium_energy
2310,11.55389256,11.572909544000002,11.5633952763,0.5759586314067882,5.8189484342108244e-08,4.942728902629153e-15,medium_energy
2311,11.558895108000002,11.577885962,11.568393748450001,0.5759586432522894,8.465253742429013e-08,1.3940261195332842e-14,medium_energy
2312,11.563882256,11.582881397,11.573392768249999,0.575958657046576,6.622657977572999e-08,1.0179087967664576e-14,medium_energy
2313,11.568887359,11.587881039,11.578394494200001,0.5759586699382713,7.06755640678125e-08,9.792140035938799e-15,medium_energy
2314,11.57389687,11.592904757,11.583395896049998,0.5759586744676348,6.158651189025477e-08,5.436968072700375e-15,medium_energy
2315,11.57891083,11.597886987,11.588396614100002,0.5759586628559179,6.410331465644958e-08,9.291758748046938e-15,medium_energy
2316,11.583949476,11.602889525,11.593399308399999,0.5759586515122006,8.590521272111573e-08,1.3671782531069095e-14,medium_energy
2317,11.588923621,11.607888707,11.5983977041,0.5759586339352912,7.547205260749479e-08,6.9650136309256006e-15,medium_energy
2318,11.593887525,11.612887267,11.6033937713,0.5759586351651201,5.985023854293559e-08,6.653656228861286e-15,medium_energy
2319,11.598888691,11.617891599,11.6083939609,0.5759586397658183,6.895469439882618e-08,8.564218064218306e-15,medium_energy
2320,11.603889466,11.622893505,11.613391410750001,0.5759586608357752,1.5308969203431388e-07,2.6089503766246207e-14,medium_energy
2321,11.608888667,11.627885994,11.6183900178,0.5759586866498149,1.7167432631026713e-07,4.249605165274686e-14,medium_energy
2322,11.613889051,11.632909762,11.62339114815,0.5759586826080103,2.097691824687331e-07,7.007618364320926e-14,medium_energy
2323,11.618886479,11.637898003,11.628393911,0.5759586981952547,2.1775203773444218e-07,1.022304347236177e-13,medium_energy
2324,11.623888116000002,11.642887437,11.63339304055,0.5759586559241878,3.1694587665498375e-07,2.0452552882124614e-13,medium_energy
2325,11.628904219,11.647887921,11.638395237850002,0.5759586483305984,3.1694587665498375e-07,1.8649378240471668e-13,medium_energy
2326,11.63393489,11.652906529,11.643402419100001,0.5759586158948015,3.4142509974799395e-07,2.523558036251594e-13,medium_energy
2327,11.638888055,11.657889961,11.6483991116,0.5759586219939141,3.34778367694355e-07,2.5254747090580814e-13,medium_energy
2328,11.643914498,11.662878001,11.653397606450003,0.5759586326456423,3.34778367694355e-07,2.147498063170021e-13,medium_energy
2329,11.648910384,11.667909785,11.658397475400001,0.5759586575617647,3.8127476464921983e-07,2.9738388837144307e-13,medium_energy
2330,11.653900488,11.67289495,11.6633898732,0.575958682963803,2.9813996338390325e-07,1.7806070565183596e-13,medium_energy
2331,11.658884281,11.677879975000002,11.668389930950001,0.5759586801373967,2.9813996338390325e-07,1.681815352088618e-13,medium_energy
2332,11.663879906,11.682878635000002,11.673392339650002,0.5759586756997557,3.027832731206104e-07,1.8363130010066833e-13,medium_energy
2333,11.668895689,11.687884009,11.67839720555,0.5759586416733015,2.342539371369412e-07,9.249527978705051e-14,medium_energy
2334,11.673887867,11.69289362,11.683396273449999,0.5759586299439684,2.342539371369412e-07,1.0969965968920122e-13,medium_energy
2335,11.67888774,11.697899083,11.688396280650002,0.5759586188762442,1.7966346010922507e-07,7.065499155704306e-14,medium_energy
2336,11.683918642,11.702893556,11.69339913625,0.5759586360962354,1.7355939174734658e-07,5.007571228779215e-14,medium_energy
2337,11.688883909,11.707921342,11.6983946349,0.5759586605092869,2.434581025667626e-07,1.0472964550186118e-13,medium_energy
2338,11.693885195,11.712882472,11.703399636099999,0.5759586773298029,1.8020140402086327e-07,6.027970262830921e-14,medium_energy
2339,11.698901509,11.717892925,11.708404288050001,0.5759586886764312,1.8020140402086327e-07,7.70300829934137e-14,medium_energy
2340,11.703901251,11.722895713000002,11.713403116550001,0.5759586664917609,2.771239797638714e-07,1.5544784550946653e-13,medium_energy
2341,11.708917726,11.727899533,11.71840156375,0.5759586515665257,2.6271538988709153e-07,1.1981574694324107e-13,medium_energy
2342,11.713896388,11.732883887,11.72339977455,0.5759586226875049,2.952691522395412e-07,1.9259061931947659e-13,medium_energy
2343,11.718891963,11.737894290000002,11.7283972701,0.5759586241954009,3.1242280051912985e-07,2.0423552769621716e-13,medium_energy
2344,11.723887438,11.742892389,11.733396811849998,0.575958634349145,3.1242280051912985e-07,1.8324376802346586e-13,medium_energy
2345,11.728922077,11.747887744000002,11.738396821599999,0.5759586579832252,3.7496936577952056e-07,2.847660279936696e-13,medium_energy
2346,11.733916740000002,11.752935137,11.74340363915,0.5759586825875449,3.045967567061325e-07,2.0217215693940477e-13,medium_energy
2347,11.738896264,11.757915543,11.74840204775,0.5759586798865809,3.045967567061325e-07,2.0218089814947685e-13,medium_energy
2348,11.743890727,11.762898814,11.75340399815,0.5759586771224832,3.4978434726440355e-07,2.352170456071883e-13,medium_energy
2349,11.74890121,11.767902535,11.758404778349998,0.5759586409274589,2.8891774128680936e-07,1.5764471327687476e-13,medium_energy
2350,11.753886846,11.772883963,11.76339484425,0.5759586334061874,2.8891774128680936e-07,1.6045574541270136e-13,medium_energy
2351,11.758890636,11.777885148,11.768395839750001,0.5759586161754713,2.3744219390664512e-07,1.1752903318366845e-13,medium_energy
2352,11.763876042,11.782893918,11.77339542015,0.5759586393290291,2.0822799218223054e-07,8.762323253619322e-14,medium_energy
2353,11.768887166,11.787884714,11.778394736500001,0.5759586561295906,2.2386666742590933e-07,9.247153608580175e-14,medium_energy
2354,11.773925812,11.792886079,11.783396722849998,0.5759586796919105,1.9399856654445102e-07,4.9705487676042104e-14,medium_energy
2355,11.778889397,11.797894148,11.7883973257,0.5759586857027656,1.226005519328055e-07,2.5844146290982902e-14,medium_energy
2356,11.783899619,11.802887388,11.793396314949998,0.5759586684487834,1.8032435278314551e-07,5.256917403591938e-14,medium_energy
2357,11.788891507,11.807899124,11.79839813705,0.5759586518997407,1.6388002066491936e-07,3.601971678884802e-14,medium_energy
2358,11.793883816,11.812892284,11.8033979534,0.5759586229039957,1.5744485271085296e-07,4.914424392476335e-14,medium_energy
2359,11.79889498,11.81789937,11.80839736295,0.575958626376168,1.979741668378665e-07,6.644992956223151e-14,medium_energy
2360,11.803891857,11.822891909,11.8133960707,0.575958631370644,1.979741668378665e-07,6.468739989994957e-14,medium_energy
2361,11.808889035,11.827887053,11.81839363325,0.5759586603465777,2.7399370150504865e-07,1.4275445770823548e-13,medium_energy
2362,11.813899618,11.832929657,11.82339548245,0.5759586783343347,2.419488263072367e-07,1.144423330426314e-13,medium_energy
2363,11.818897247,11.837884184,11.8283934738,0.57595868255742,2.419488263072367e-07,1.287544112107954e-13,medium_energy
2364,11.823886049,11.842888355,11.833393363250002,0.5759586750216663,3.2474578670615983e-07,1.8355203474446865e-13,medium_energy
2365,11.828901872,11.847901794,11.838397281349998,0.575958643234098,2.83949098012215e-07,1.534232352019812e-13,medium_energy
2366,11.833891526,11.852947694,11.8434016578,0.5759586339938767,2.83949098012215e-07,1.6760574567635274e-13,medium_energy
2367,11.838890076,11.857918753,11.848405391100002,0.5759586157357438,2.7143739078638873e-07,1.5069651241714225e-13,medium_energy
2368,11.843893115,11.862914447,11.85341057355,0.5759586409473408,2.6885357051753545e-07,1.445478701622786e-13,medium_energy
2369,11.84888887,11.867912256,11.858409501200002,0.575958652511828,2.6984742262925465e-07,1.385196299118028e-13,medium_energy
2370,11.853893652,11.872908402,11.863403476950001,0.5759586820553552,2.7214038222922454e-07,1.1708777428224556e-13,medium_energy
2371,11.8588909,11.877901092,11.8684047476,0.5759586818918055,1.9515285565319118e-07,8.246444203652419e-14,medium_energy
2372,11.863891886,11.882879073000002,11.873401780700002,0.5759586718299232,2.024225773666899e-07,7.330394700496489e-14,medium_energy
2373,11.868890235,11.88787548,11.878399807649998,0.5759586503628595,2.2061936011397165e-07,7.587354286184723e-14,medium_energy
2374,11.873898104,11.892889018,11.883399674100001,0.5759586252152358,1.3201639337268034e-07,2.848248860899306e-14,medium_energy
2375,11.878900441,11.897895243,11.8883968724,0.5759586265911121,1.3201639337268034e-07,2.8670037773185266e-14,medium_energy
2376,11.883899322,11.902911417,11.89339874465,0.5759586301000355,1.1944263267338329e-07,2.4978650486475215e-14,medium_energy
2377,11.888902301,11.907899678,11.898398810949999,0.5759586615575463,1.5779790896175427e-07,3.994611205715347e-14,medium_energy
2378,11.893924005,11.912879233,11.903398212500003,0.575958674521955,1.52374993511728e-07,3.618553853092717e-14,medium_energy
2379,11.898907658,11.917889595,11.908396809,0.5759586854842815,1.3620803862579578e-07,3.3177404249869045e-14,medium_energy
2380,11.903892422,11.92292225,11.913392665850001,0.5759586718299349,2.2767217622288172e-07,7.697360549571898e-14,medium_energy
2381,11.90888973,11.92788353,11.918392517700001,0.5759586472423688,2.105138268149176e-07,8.174624853645717e-14,medium_energy
2382,11.913885074,11.932895306,11.923393527350001,0.5759586324116537,2.0814988754835895e-07,9.301430471197419e-14,medium_energy
2383,11.918879337,11.937888296,11.9283945235,0.5759586177665907,2.267719203530305e-07,9.995191719278576e-14,medium_energy
2384,11.92390066,11.942889662,11.9333969212,0.5759586402085352,2.4964364353508017e-07,1.2069257971661373e-13,medium_energy
2385,11.928891186,11.947884405,11.938394840050002,0.5759586510267617,2.4964364353508017e-07,1.234932720312903e-13,medium_energy
2386,11.933895627,11.952898174,11.9434011872,0.575958682783457,2.80393259721734e-07,1.3302561051828617e-13,medium_energy
2387,11.9388904,11.957913486,11.948401036049997,0.5759586790096953,2.3083861400152728e-07,1.1579321343871723e-13,medium_energy
2388,11.943889031,11.962888823,11.9533990595,0.575958674892229,2.3083861400152728e-07,1.0535533761035852e-13,medium_energy
2389,11.948920854,11.967897452,11.958401982199998,0.5759586483716833,2.768563938104762e-07,1.3974386742771426e-13,medium_energy
2390,11.953896632,11.972889881,11.963395140500001,0.5759586285526698,2.0333374450842712e-07,7.254920129567625e-14,medium_energy
2391,11.958897937,11.977885837,11.9683954819,0.5759586254006548,2.0333374450842712e-07,6.888731699616282e-14,medium_energy
2392,11.963888092,11.982882333,11.973395391950001,0.5759586305461989,1.915547782616045e-07,7.127053014280868e-14,medium_energy
2393,11.968894798,11.987886424,11.97839629785,0.5759586611750585,1.38824389317449e-07,3.385738624754045e-14,medium_energy
2394,11.973901023000002,11.992884564,11.983399405400002,0.5759586720715867,1.38824389317449e-07,3.8980802253797356e-14,medium_energy
2395,11.97888724,11.997891891,11.988396962900001,0.5759586874863529,5.937561908808675e-08,7.705487940805062e-15,medium_energy
2396,11.983940263,12.002893798,11.9933980797,0.5759586688475622,1.2885687983299476e-07,1.9964946677580166e-14,medium_energy
2397,11.988949454,12.00790414,11.998397381050001,0.5759586516129813,1.3639099183393455e-07,3.326589964737247e-14,medium_energy
2398,11.993886137,12.012905757,12.0033930536,0.5759586297641173,1.0164177233207283e-07,2.1919446354400566e-14,medium_energy
2399,11.998888916,12.017897524,12.008395495950001,0.575958621414185,1.4641552681382564e-07,2.9124601267699353e-14,medium_energy
2400,12.003887617,12.022895103000002,12.01339533285,0.5759586375928313,1.6905864352878552e-07,5.3337651654178654e-14,medium_energy
2401,12.008884865,12.027934591,12.018396535349998,0.5759586516575643,1.8572890070345238e-07,6.043941902862548e-14,medium_energy
2402,12.01389659,12.032905579,12.02339710905,0.5759586815759876,2.1984164444432963e-07,7.913617535916836e-14,medium_energy
2403,12.018896403,12.037893539,12.02839591945,0.5759586777327481,2.053008394398148e-07,7.936733499294616e-14,medium_energy
2404,12.023891286,12.042892781,12.0333947123,0.5759586767864876,2.053008394398148e-07,8.100503975989453e-14,medium_energy
2405,12.028898603,12.047897944,12.038395208350002,0.5759586468012712,2.6762957006098986e-07,1.370279001741326e-13,medium_energy
2406,12.033902293,12.052893238,12.0433997877,0.5759586320736847,2.162096786051393e-07,8.680069111855787e-14,medium_energy
2407,12.03888824,12.057886900000002,12.048399729349999,0.5759586233586896,2.162096786051393e-07,9.38383932314541e-14,medium_energy
2408,12.043884366,12.062896351,12.0533991059,0.5759586324428506,2.3677061999904936e-07,1.1732799044007969e-13,medium_energy
2409,12.048898596,12.067901564,12.058396048900002,0.5759586590944432,2.015993905146729e-07,6.730945177613424e-14,medium_energy
2410,12.053905903,12.072885246,12.063391686400001,0.5759586715372327,2.015993905146729e-07,8.460210254667692e-14,medium_energy
2411,12.05888125,12.07788527,12.06839221665,0.5759586877198193,1.3926731767810452e-07,4.381502275112384e-14,medium_energy
2412,12.063886804,12.082890893,12.07339325925,0.5759586672559511,1.3221474848279513e-07,3.350037162977002e-14,medium_energy
2413,12.068901244,12.087891237,12.078393990799999,0.5759586550110105,1.5633209660137481e-07,4.7695828173276606e-14,medium_energy
2414,12.073892511,12.092889457,12.08339296355,0.5759586273798665,1.0875937839216476e-07,1.3611402515899103e-14,medium_energy
2415,12.07889575,12.097885823,12.08839204695,0.5759586254047366,7.274478619478941e-08,8.48161585654699e-15,medium_energy
2416,12.083879322,12.102904873,12.09339349945,0.5759586340620613,9.549038271217114e-08,1.9275570647779462e-14,medium_energy
2417,12.088886709,12.107892031,12.0983939295,0.5759586537628454,1.2116227399161517e-07,2.1123751798020163e-14,medium_energy
2418,12.093900378,12.112892786000002,12.103394542850001,0.575958678686931,1.2111881453336082e-07,2.3565573570918734e-14,medium_energy
2419,12.098893368,12.117894302000002,12.10839595315,0.5759586782689204,1.2462004406188498e-07,2.4679537504867606e-14,medium_energy
2420,12.103904603,12.122882543,12.11339338,0.5759586770133536,1.254470820555298e-07,2.970127405049105e-14,medium_energy
2421,12.108890179,12.127888808000002,12.1183919078,0.5759586464652664,2.048369829310559e-07,7.724126870347529e-14,medium_energy
2422,12.113890983,12.132884193,12.123392730550002,0.5759586348222931,1.677219652052031e-07,5.138573253063348e-14,medium_energy
2423,12.118895645,12.137899855,12.128393007750002,0.5759586213919003,1.677219652052031e-07,6.239034098081651e-14,medium_energy
2424,12.123887553,12.142887685000002,12.133392271049999,0.5759586349255348,2.240630649907871e-07,1.0249634263567425e-13,medium_energy
2425,12.128905751,12.147882268,12.138391901100002,0.5759586558765022,2.056250982818142e-07,6.935698746979037e-14,medium_energy
2426,12.133907627,12.152900526000002,12.143397119149999,0.5759586726738558,2.1445822717680585e-07,9.852536181045392e-14,medium_energy
2427,12.138883916,12.157888867,12.148395624549998,0.5759586860622811,1.8638161147777055e-07,7.120805509930591e-14,medium_energy
2428,12.143888899,12.162903789,12.15339955815,0.5759586676241955,1.8638161147777055e-07,6.02295184045152e-14,medium_energy
2429,12.148889693,12.167896718,12.158402950200001,0.5759586565853867,2.190164760662583e-07,8.223244057844137e-14,medium_energy
2430,12.153894836,12.172886392,12.163396594300002,0.5759586263971334,1.667202687016811e-07,4.333941845497282e-14,medium_energy
2431,12.158897424,12.177886756,12.168395133699999,0.5759586284719018,1.3608529236819322e-07,3.3132382525986836e-14,medium_energy
2432,12.163902447,12.182900816,12.17339356385,0.5759586308207162,1.5066847414146878e-07,3.419452068198198e-14,medium_energy
2433,12.168888303,12.187894146,12.17839050225,0.5759586562308273,1.4982269203045462e-07,3.3645230452449065e-14,medium_energy
2434,12.173888847,12.192885684,12.183390183399998,0.5759586749056883,8.833209808045694e-08,1.5966676856890814e-14,medium_energy
2435,12.178907375,12.197908941,12.188392091699999,0.5759586801663928,8.330509171372569e-08,9.693602029349298e-15,medium_energy
2436,12.183884806,12.202885640000002,12.193392230650002,0.5759586756586911,9.120458699385381e-08,1.1348305021989882e-14,medium_energy
2437,12.188899367,12.207890181000002,12.198392449200002,0.5759586477169231,1.1175900649362802e-07,2.820463378677039e-14,medium_energy
2438,12.19388887,12.212907528,12.203393385150001,0.5759586361687102,9.669699441161583e-08,1.7578840883716797e-14,medium_energy
2439,12.19888728,12.217890629,12.208393499550002,0.5759586203990862,8.212328417300796e-08,1.5241868178377463e-14,medium_energy
2440,12.203889778,12.222882637,12.213392140700002,0.5759586369662366,1.5814369014321983e-07,5.0658473511411014e-14,medium_energy
2441,12.208887277,12.22788261,12.218390255900001,0.5759586524849778,1.5234440908784563e-07,3.8691977509160105e-14,medium_energy
2442,12.213891848,12.232889717,12.2233893794,0.5759586746107042,1.7745183722439606e-07,6.38414128843227e-14,medium_energy
2443,12.218883847,12.237879601,12.228387974400002,0.5759586830737502,1.7939499130648073e-07,5.480386363657062e-14,medium_energy
2444,12.223886705,12.242926372,12.233391109500001,0.5759586697294015,1.7939499130648073e-07,5.36357966197124e-14,medium_energy
2445,12.228895735,12.247893333,12.23839352225,0.5759586562086068,2.266422463037543e-07,8.467306541949616e-14,medium_energy
2446,12.233887212,12.252881243,12.243398404150001,0.5759586273613996,1.794401196519857e-07,5.665129775708657e-14,medium_energy
2447,12.238890993,12.257882339,12.248399145849998,0.5759586298164209,1.619016520848504e-07,5.196050621180675e-14,medium_energy
2448,12.243883692,12.262890718,12.253395306349999,0.5759586288958974,1.887872818073788e-07,5.531727924286994e-14,medium_energy
2449,12.248914333,12.267882555,12.258395159700001,0.5759586579361573,1.9910154325231133e-07,6.144657233878948e-14,medium_energy
2450,12.253884811,12.272892187,12.26339372365,0.5759586712614734,1.4834584849410248e-07,3.790580261372566e-14,medium_energy
2451,12.258883341,12.277910054,12.268394876499997,0.575958682516492,1.4834584849410248e-07,2.998843178595038e-14,medium_energy
2452,12.263884486,12.282885681000002,12.27339483555,0.5759586733119892,1.3178985103223795e-07,3.39965596459192e-14,medium_energy
2453,12.268890010000002,12.287885604,12.278394681950001,0.5759586503175125,1.0053212928795574e-07,2.3368239579472518e-14,medium_energy
2454,12.273900173,12.292905865000002,12.283394065,0.5759586360007191,1.0135376360409509e-07,2.3004907516520915e-14,medium_energy
2455,12.278889305000002,12.297908494,12.288393000600001,0.5759586209093295,3.926005565091373e-08,1.868817759515416e-15,medium_energy
2456,12.28391163,12.302911092,12.293398279299998,0.5759586377797292,8.593109601662263e-08,1.7550731933088e-14,medium_energy
2457,12.288883841,12.307888642,12.298398492950001,0.575958649922937,8.593109601662263e-08,1.9463666598476696e-14,medium_energy
2458,12.293895937,12.312893695,12.303397248800001,0.5759586762510998,1.1516063747052385e-07,2.2248173981919712e-14,medium_energy
2459,12.298908965,12.317884822,12.3083969154,0.5759586797471226,1.2399790172423764e-07,2.1419712856710466e-14,medium_energy
2460,12.303893209,12.322906125,12.3133937821,0.5759586727091847,1.2399790172423764e-07,2.5009333327808835e-14,medium_energy
2461,12.308887531,12.327886852,12.3183942061,0.5759586544308612,1.84860214247351e-07,5.459910855427076e-14,medium_energy
2462,12.3138852,12.33296373,12.3233960818,0.5759586300682256,1.498834478752542e-07,3.887307816684883e-14,medium_energy
2463,12.318904389,12.337884073,12.32839484065,0.5759586293135788,1.403291562951381e-07,3.9429821746424584e-14,medium_energy
2464,12.323895576,12.342882703,12.33339464195,0.5759586288024197,1.8465248352583785e-07,4.955194245504119e-14,medium_energy
2465,12.328891872000002,12.347885302,12.338392978500002,0.5759586581319006,1.9747229629274443e-07,6.327425982656227e-14,medium_energy
2466,12.333884581,12.352886457,12.343394617849999,0.5759586686883902,1.6239321176669819e-07,4.7130271218025685e-14,medium_energy
2467,12.338921654,12.35790745,12.348396687949997,0.5759586843123288,1.6239321176669819e-07,4.383626900748967e-14,medium_energy
2468,12.343886712000002,12.362882416,12.353393224649999,0.5759586708564134,1.6626067012026624e-07,5.747969762256556e-14,medium_energy
2469,12.348882557,12.367897016,12.35839236915,0.5759586535357121,1.494441992377915e-07,3.8567132910769645e-14,medium_energy
2470,12.353890255,12.372896659,12.3633891502,0.5759586347278449,1.618989013962846e-07,4.948211431036669e-14,medium_energy
2471,12.358878756,12.377877937,12.368387366499999,0.5759586228729405,9.790292487821262e-08,2.097695976624746e-14,medium_energy
2472,12.363878539,12.382896916,12.373387576099999,0.5759586370862227,9.790292487821262e-08,2.0254106721858598e-14,medium_energy
2473,12.368905032,12.387907539,12.378389018,0.5759586488531978,1.3390392883394497e-07,3.291012079930377e-14,medium_energy
2474,12.373903593,12.392878347,12.38338708905,0.5759586767095037,8.282097230249974e-08,1.032209771313381e-14,medium_energy
2475,12.378878458,12.397878711,12.388387527599999,0.5759586771344998,6.165635468846631e-08,8.97470306720131e-15,medium_energy
2476,12.383879273000002,12.402929971,12.393390777399999,0.5759586754510424,6.165635468846631e-08,1.0359367789154986e-14,medium_energy
2477,12.3888917,12.407876423,12.398391077200003,0.5759586522313164,1.305302035348177e-07,2.716997328470156e-14,medium_energy
2478,12.393880051,12.412883299,12.403389344599997,0.5759586336958963,9.675263079600427e-08,1.7064709628469378e-14,medium_energy
2479,12.398884993,12.417900395,12.40838925055,0.575958627472593,8.410425600402505e-08,1.5110675585722602e-14,medium_energy
2480,12.40389224,12.422893876000002,12.413390465549998,0.575958630386084,1.4651804480791952e-07,2.7273301836715504e-14,medium_energy
2481,12.408892985,12.427890232,12.4183904978,0.575958656657018,1.5364463568090514e-07,4.018941599442705e-14,medium_energy
2482,12.413879863,12.432897539,12.42339277985,0.5759586677153598,1.336723558509334e-07,3.347912011740306e-14,medium_energy
2483,12.418886639,12.43792265,12.428397066150001,0.5759586848147389,1.2946950267433976e-07,3.169684478991492e-14,medium_energy
2484,12.423895469,12.442894269,12.4333945045,0.5759586691739461,1.5441815293115724e-07,5.2251202851772376e-14,medium_energy
2485,12.428890834,12.447886898,12.43839516295,0.5759586564470398,1.5133960751256836e-07,4.032971197639147e-14,medium_energy
2486,12.433890095,12.452884918,12.443399515849999,0.5759586331205698,1.786220584776288e-07,5.87611771121478e-14,medium_energy
2487,12.43889597,12.457890922,12.4483953712,0.5759586256954845,1.3422821787401062e-07,3.721720852825877e-14,medium_energy
2488,12.443885503,12.462884724,12.45339434245,0.5759586351653624,1.3422821787401062e-07,3.2535035037647816e-14,medium_energy
2489,12.44888735,12.467893063,12.45839370145,0.5759586493524543,1.7741282842820283e-07,5.694331245955907e-14,medium_energy
2490,12.453895168,12.472912974000002,12.46339251945,0.5759586756072663,1.08616343474921e-07,2.2019572501380814e-14,medium_energy
2491,12.458884912,12.477923777,12.4683973718,0.5759586759636102,1.08616343474921e-07,2.034704166039567e-14,medium_energy
2492,12.463892169,12.482905847,12.473404718900003,0.57595867703014,1.2211360989056175e-07,2.065018178431363e-14,medium_energy
2493,12.468888926,12.487891643,12.478408924500002,0.5759586506561316,1.1575384561979263e-07,2.297232862353973e-14,medium_energy
2494,12.47390524,12.492907977000002,12.4834090664,0.5759586371653442,8.134018969485624e-08,1.5218268432357815e-14,medium_energy
2495,12.478901806,12.497889114,12.4884083262,0.5759586252083292,7.294685744341223e-08,6.1386461983104015e-15,medium_energy
2496,12.483909985,12.502891672,12.49340388695,0.5759586329196409,1.0302128039541003e-07,1.5357285679632832e-14,medium_energy
2497,12.48891648,12.507906023,12.498401930950001,0.5759586539240125,8.900375192411047e-08,2.054119813955067e-14,medium_energy
2498,12.493921553000002,12.512885938,12.5034024035,0.5759586682915738,9.05677488560741e-08,1.8768510385031047e-14,medium_energy
2499,12.498897741,12.517891281,12.50840160915,0.5759586837786081,8.29330337737133e-08,1.1272710855824278e-14,medium_energy
2500,12.503903295,12.522884051,12.51340127025,0.5759586688441495,1.2027997087216136e-07,2.882210547679844e-14,medium_energy
2501,12.508889422,12.527901918,12.51840055055,0.5759586582867675,1.2027997087216136e-07,2.725513836060796e-14,medium_energy
2502,12.513932837,12.532924764,12.52339771595,0.5759586320399721,1.5837602429513709e-07,4.136998487968715e-14,medium_energy
2503,12.518902413,12.537883429,12.52839795865,0.5759586284970869,1.2727385456656748e-07,3.1021738600540173e-14,medium_energy
2504,12.523921592,12.542916765,12.533398301400002,0.5759586327231917,1.2727385456656748e-07,2.9534116583178916e-14,medium_energy
2505,12.528883574,12.547937808,12.538397763599999,0.5759586509092198,1.8409170543520759e-07,6.189627172231627e-14,medium_energy
2506,12.533951726000002,12.55288942,12.543401933150003,0.5759586731514158,1.3030407419734047e-07,3.024026760285569e-14,medium_energy
2507,12.538882197,12.557881659,12.5484020511,0.5759586763825507,1.3030407419734047e-07,3.146074310033657e-14,medium_energy
2508,12.543880748,12.562883886000002,12.553401633550001,0.5759586770157574,1.5854305424056747e-07,3.62968527550441e-14,medium_energy
2509,12.548891902,12.567895882,12.55840315565,0.5759586504509657,1.292876090630557e-07,3.10498731925802e-14,medium_energy
2510,12.553902896,12.572888,12.563400882500002,0.5759586395571736,1.2016310524387563e-07,2.8047752188746488e-14,medium_energy
2511,12.558880547,12.577931536,12.56840098835,0.5759586235121673,1.020479185598333e-07,1.4043332131310775e-14,medium_energy
2512,12.563935745,12.582906411000002,12.57339988595,0.5759586354109253,1.0036405662106063e-07,2.0687333150913432e-14,medium_energy
2513,12.568902705,12.587912306000002,12.5783972091,0.5759586507349994,9.035100401177942e-08,1.9737889427627368e-14,medium_energy
2514,12.573891858,12.592883184000002,12.5833944912,0.5759586698283524,1.1015963874427825e-07,1.9873346240335034e-14,medium_energy
2515,12.578890559,12.597901702,12.5883923824,0.5759586814865765,6.625991844089185e-08,5.2261063104833145e-15,medium_energy
2516,12.58388399,12.6028991,12.5933925368,0.5759586699409311,7.783414357476204e-08,1.3431480608361002e-14,medium_energy
2517,12.588889293,12.607879837,12.5983926496,0.5759586587056112,1.0461150345975057e-07,1.9917040367408642e-14,medium_energy
2518,12.593879648,12.612902503,12.60339163635,0.5759586321330752,1.1638711505668198e-07,1.8858584862819825e-14,medium_energy
2519,12.598890491,12.617901324,12.60839347405,0.5759586304650011,9.314475857280513e-08,1.502901938804355e-14,medium_energy
2520,12.60389867,12.622914001000002,12.613393679249999,0.5759586306289858,9.314475857280513e-08,1.5506134336870378e-14,medium_energy
2521,12.608881691,12.627882916,12.618392417099999,0.5759586526610085,1.5782612283743447e-07,4.5017376599797306e-14,medium_energy
2522,12.613896773,12.632884682,12.623395557199999,0.5759586700136943,1.1425572932211026e-07,2.405983913312238e-14,medium_energy
2523,12.618887819,12.637894624,12.628392801650001,0.5759586779382995,1.1425572932211026e-07,2.6581645115090744e-14,medium_energy
2524,12.623884366,12.642914575,12.633393512649999,0.5759586755633357,1.5707168099510227e-07,3.775624725636698e-14,medium_energy
2525,12.628920908,12.647890182,12.63839589985,0.5759586518096891,1.325251384187709e-07,3.237839664146627e-14,medium_energy
2526,12.633905452,12.652885156,12.643396368949999,0.5759586404144343,1.327945389206775e-07,3.6101848240552557e-14,medium_energy
2527,12.638882592000002,12.657879659,12.64839349975,0.5759586231146377,1.0530971739086681e-07,2.1754247561090213e-14,medium_energy
2528,12.643883357,12.662895482,12.653393190400001,0.5759586369820173,1.1645808672966496e-07,2.856411792752924e-14,medium_energy
2529,12.648887097,12.66790353,12.658392857,0.5759586479981562,1.201046240240089e-07,2.8194158189951913e-14,medium_energy
2530,12.653881079,12.672892332,12.66339161785,0.5759586714457307,1.436882222094482e-07,2.9783515808251995e-14,medium_energy
2531,12.658884428,12.67788404,12.66839662795,0.5759586786160753,7.93368126750238e-08,1.3554874815735802e-14,medium_energy
2532,12.663891946,12.682885836,12.67339624185,0.575958672018951,7.93368126750238e-08,1.4424902023310806e-14,medium_energy
2533,12.668905625,12.687887993,12.678399055849999,0.575958657852261,1.288202362559332e-07,2.7884532421568364e-14,medium_energy
2534,12.673897472,12.692912994,12.683403141300001,0.5759586335984634,7.604365670488278e-08,1.1130540777502949e-14,medium_energy
2535,12.678887587,12.697890595,12.688401369700001,0.5759586311416663,6.52315650384594e-08,9.19177444614353e-15,medium_energy
2536,12.683933397,12.702893934,12.6934004411,0.5759586296010017,8.116463678931041e-08,9.016679601051184e-15,medium_energy
2537,12.688932879,12.707883999000002,12.698398145449998,0.5759586537489796,1.2050744935265811e-07,2.5644655138946088e-14,medium_energy
2538,12.693905591,12.712895093,12.70339439655,0.5759586670708717,8.355874747678627e-08,1.5076844925789848e-14,medium_energy
2539,12.698878422,12.717901288,12.70839554495,0.5759586797932107,8.355874747678627e-08,1.2979007445283794e-14,medium_energy
2540,12.70390209,12.722922291,12.71339827035,0.5759586733049545,1.2561468043514878e-07,2.648237605485872e-14,medium_energy
2541,12.708902294,12.727894401,12.718398980349999,0.575958654337262,1.1250341813706655e-07,2.3860584648274685e-14,medium_energy
2542,12.713893471,12.732890136,12.723397870350002,0.5759586398438138,1.2694319639905416e-07,3.154017238891058e-14,medium_energy
2543,12.718898804,12.737894167,12.728396590550002,0.5759586242441209,1.0788904791780851e-07,1.8973110148080692e-14,medium_energy
2544,12.723928763,12.74289921,12.7333984082,0.575958637161141,1.1978872560547416e-07,2.621369766534829e-14,medium_energy
2545,12.728890955,12.747895245,12.7383964357,0.57595864642249,1.3696144574026903e-07,3.118570766718094e-14,medium_energy
2546,12.733898182,12.752884298,12.743399726149999,0.5759586723115447,1.5307736855874055e-07,3.262279544991408e-14,medium_energy
2547,12.738917201,12.75789406,12.748402119850002,0.5759586759978426,9.859708960391345e-08,2.0732366754226643e-14,medium_energy
2548,12.743887839,12.762894935,12.7533996007,0.575958674302926,9.859708960391345e-08,1.9888747232565692e-14,medium_energy
2549,12.748889345,12.767893064,12.75840320965,0.5759586562875606,1.4854504204464547e-07,3.963934175639925e-14,medium_energy
2550,12.753885781,12.772907034,12.763399448250002,0.5759586361227234,9.488082319819569e-08,1.6148347765730078e-14,medium_energy
2551,12.758883821,12.777940721,12.7684013706,0.5759586305519125,9.488082319819569e-08,1.5583861216483246e-14,medium_energy
2552,12.763897961,12.782894026,12.773399825400002,0.575958629946445,1.0822544638244835e-07,1.6159552669905606e-14,medium_energy
2553,12.768880451,12.787881124,12.77839414535,0.5759586536295869,8.948865115598892e-08,1.8339454440491774e-14,medium_energy
2554,12.773925088,12.79290384,12.7833969974,0.5759586650881732,8.322513611602744e-08,1.6130041856540787e-14,medium_energy
2555,12.778881509,12.797898904,12.788391477649999,0.575958681071149,6.665760299284784e-08,5.609242350974448e-15,medium_energy
2556,12.783884027,12.802877096,12.793389832749998,0.5759586711004239,8.712126930987552e-08,1.6252095510111422e-14,medium_energy
2557,12.788930568,12.807881468,12.79839120405,0.5759586572400736,8.496293357751483e-08,1.6314450965250954e-14,medium_energy
2558,12.793879746,12.812900617,12.80338792055,0.5759586384221675,1.1001178812364287e-07,2.2388569597893705e-14,medium_energy
2559,12.798877094000002,12.817884891,12.808390159500002,0.5759586265727903,9.202268991259643e-08,1.1135403709339822e-14,medium_energy
2560,12.803890843,12.822911454000002,12.81339228215,0.5759586359962979,9.648168042275529e-08,1.65681086517025e-14,medium_energy
2561,12.808907988,12.827880358000002,12.818391059499998,0.5759586462821467,1.3248542618526926e-07,2.6979331320892476e-14,medium_energy
2562,12.813882243,12.83289039,12.823390468050002,0.5759586719272628,1.3344836791162606e-07,2.456997917125412e-14,medium_energy
2563,12.818888187,12.837904991,12.828389849999999,0.5759586743343118,9.467049189026966e-08,1.8257613673190653e-14,medium_energy
2564,12.823886898,12.842883454,12.83339019185,0.5759586759930013,9.921781085608927e-08,1.86089865538607e-14,medium_energy
2565,12.828886821,12.847884419,12.83839419765,0.575958654777341,1.5175555212465497e-07,4.058498356796312e-14,medium_energy
2566,12.833896242000002,12.852887518,12.843400181149999,0.5759586390207424,1.1008333977713392e-07,2.0392949252194128e-14,medium_energy
2567,12.838895073000002,12.857883954,12.848399277649998,0.5759586291564227,1.1008333977713392e-07,2.141521512276642e-14,medium_energy
2568,12.843912539000002,12.862888626,12.853397180850001,0.575958631460383,1.2355785905526773e-07,2.6061309440600827e-14,medium_energy
2569,12.848883037,12.867901424,12.858394562100003,0.5759586522336948,1.032735470474222e-07,2.0088374921028872e-14,medium_energy
2570,12.853910722,12.872916125,12.86339001875,0.5759586644480279,1.1020468804190386e-07,2.5292656163550663e-14,medium_energy
2571,12.858879967,12.877882544,12.868388684450002,0.5759586811774838,7.051280537240245e-08,8.348823664493056e-15,medium_energy
2572,12.863881604,12.882882788000002,12.87339070795,0.5759586697298039,8.165353992950486e-08,1.4319874333937973e-14,medium_energy
2573,12.868889512,12.887896728,12.87839341575,0.5759586596521601,9.223069419306285e-08,1.7582977563571104e-14,medium_energy
2574,12.873882442,12.892882564,12.883393560150001,0.5759586369671913,1.1219349271840429e-07,1.8031339251404337e-14,medium_energy
2575,12.878883186,12.89788391,12.88839576945,0.575958629373463,6.944788122353884e-08,7.793058355541282e-15,medium_energy
2576,12.88388364,12.902911655,12.89339794325,0.5759586339873108,6.944788122353884e-08,9.93314022976504e-15,medium_energy
2577,12.888904072,12.907906629,12.8983963129,0.5759586473382294,1.2274208405216314e-07,2.3372924001599024e-14,medium_energy
2578,12.893882855,12.912881865,12.903394061299997,0.5759586702631356,9.756550944928222e-08,1.484301717113283e-14,medium_energy
2579,12.898884812,12.917895424,12.908395059899998,0.5759586739615481,7.40800611964687e-08,1.177328752321078e-14,medium_energy
2580,12.903895025,12.922886561,12.913392490800002,0.5759586765506197,9.752282181807459e-08,1.2781127325201357e-14,medium_energy
2581,12.908886411,12.927933513,12.9183969744,0.5759586540269389,1.3124163267264066e-07,3.024426593679396e-14,medium_energy
2582,12.9139104,12.93292508,12.9234026624,0.5759586415137383,9.995229799386607e-08,1.819953459460464e-14,medium_energy
2583,12.91889815,12.937886801,12.928401821,0.5759586276702574,9.995229799386607e-08,1.8092728921679888e-14,medium_energy
2584,12.923932869,12.942918213,12.933403606000002,0.5759586335290325,1.1607812577807408e-07,2.7147158122609852e-14,medium_energy
2585,12.928919697,12.947880365,12.938400795900003,0.5759586499474765,1.0926888283080416e-07,2.0702406387320852e-14,medium_energy
2586,12.933909471000002,12.952901779,12.94340165075,0.575958665026601,1.2577214736353426e-07,3.142070914744276e-14,medium_energy
2587,12.938887342,12.957937670000002,12.9484027285,0.5759586799771659,9.030916459096261e-08,1.3433330544163891e-14,medium_energy
2588,12.943907233,12.962895824,12.9534029908,0.5759586696228624,9.309575954574711e-08,1.6310190929854588e-14,medium_energy
2589,12.948878171,12.967913200000002,12.958404804450002,0.5759586609518842,1.2313501773775215e-07,2.4319354036512913e-14,medium_energy
2590,12.953899635,12.972939252000002,12.963402378000001,0.5759586362481762,1.1854695891599931e-07,1.8645870530118508e-14,medium_energy
2591,12.958883358,12.977880003,12.968401882750001,0.5759586318155409,7.136699942122959e-08,1.053558585167184e-14,medium_energy
2592,12.963884223,12.9829032,12.9734019149,0.5759586318859673,7.244731836664187e-08,1.025477016038258e-14,medium_energy
2593,12.968887632,12.987894958,12.978398406950001,0.5759586489541719,1.1924629372828122e-07,2.4443612962675476e-14,medium_energy
2594,12.973894508,12.992902295,12.9834357042,0.575958667724424,7.295447801425325e-08,1.1778873406395012e-14,medium_energy
2595,12.978895644,12.997895726,12.988434538249999,0.575958674742368,7.295447801425325e-08,9.620288531029895e-15,medium_energy
2596,12.983887051,13.002885951,12.993432825250002,0.575958675859434,9.373340503771033e-08,1.0675879125799354e-14,medium_energy
2597,12.989653914000002,13.007888428,12.998432552899999,0.5759586544371381,9.757483887540275e-08,1.9141074845313278e-14,medium_energy
2598,12.993887368,13.012923849000002,13.003397053,0.5759586430178716,8.375641602498263e-08,1.5267265141597586e-14,medium_energy
2599,12.998887281,13.017888595,13.00839860765,0.5759586268075124,8.177853416668768e-08,9.8537732637194e-15,medium_energy
2600,13.003892724,13.022877998,13.013397149550002,0.5759586353868125,9.589636285056713e-08,1.980965070380187e-14,medium_energy
2601,13.008927082,13.027888522,13.018394784849999,0.5759586474487659,9.589636285056713e-08,1.7121422909980103e-14,medium_energy
2602,13.013905044,13.032898233,13.023389362800003,0.5759586662696534,1.2490756340355347e-07,2.853545596249229e-14,medium_energy
2603,13.018886582,13.037889159,13.028385935949998,0.5759586777958174,9.40105993052498e-08,1.3735848037579875e-14,medium_energy
2604,13.023891515,13.042920892,13.033386348949998,0.5759586707219477,9.40105993052498e-08,1.5450598671580566e-14,medium_energy
2605,13.028883433,13.047894245,13.03838706745,0.5759586609514015,1.3731953441009637e-07,2.858183645326082e-14,medium_energy
2606,13.033881843,13.052911461,13.043392996349999,0.5759586367235479,1.1478176631385395e-07,1.878254145597973e-14,medium_energy
2607,13.038877047,13.057908719,13.04839349145,0.5759586332690414,8.603490808667402e-08,1.3928053684378534e-14,medium_energy
2608,13.043877962000002,13.062893563,13.05339303435,0.575958630432071,9.41850508695552e-08,1.3203359738142145e-14,medium_energy
2609,13.048890719,13.067888918,13.058393850600003,0.5759586503541645,1.2523648695861311e-07,2.639403378773505e-14,medium_energy
2610,13.053882306,13.072891236,13.0633892917,0.5759586649860072,8.809487184180398e-08,1.439518896239172e-14,medium_energy
2611,13.058875407,13.077892942,13.06839039355,0.575958676138741,8.809487184180398e-08,1.209548911058374e-14,medium_energy
2612,13.063889837,13.082892544000002,13.073397328350001,0.5759586742273382,9.413674373348613e-08,1.4271273216334286e-14,medium_energy
2613,13.068893918,13.087896034000002,13.0783984692,0.5759586559696194,8.04570738921484e-08,1.4740130185237674e-14,medium_energy
2614,13.073873813,13.092894825,13.083399116550002,0.5759586433306945,9.216584295757002e-08,1.752367286604142e-14,medium_energy
2615,13.079015434,13.097893035,13.088400715749998,0.575958627030247,6.375173011718971e-08,5.3864262578942424e-15,medium_energy
2616,13.083900129000002,13.102924307,13.09339635265,0.5759586364076685,7.766470933034952e-08,1.2450631904531862e-14,medium_energy
2617,13.088900413,13.107905104,13.098397442400003,0.5759586454595258,7.96704906491641e-08,1.444745959053939e-14,medium_energy
2618,13.093906698,13.112888325,13.103397106500001,0.5759586674297033,1.1488957518679399e-07,2.0653527191868496e-14,medium_energy
2619,13.098886683000002,13.117890322,13.108396752500003,0.5759586752726475,7.694663572976879e-08,1.0217803853944521e-14,medium_energy
2620,13.1038992,13.122893211,13.113395136100001,0.575958672533123,7.694663572976879e-08,1.1091853313457452e-14,medium_energy
2621,13.108900346,13.127885249,13.1183952836,0.575935388862305,0.00018629893148336407,5.421257177243907e-08,medium_energy
2622,13.113886613,13.132892787,13.1233952282,0.5758539186442301,0.0004189100326277284,3.9811046864579815e-07,medium_energy
2623,13.118881997,13.137891277,13.1283951508,0.5757142874195237,0.0006516468239219364,1.0046156175888026e-06,medium_energy
2624,13.123884074,13.142886782,13.133394801399998,0.5755164800447927,0.0008842607741454955,1.4403558668589475e-06,medium_energy
2625,13.128892103,13.147930478,13.1383953226,0.575283790255169,0.0008842150412249339,1.440208520415505e-06,medium_energy
2626,13.133891134,13.152888952,13.14340190775,0.5750510915271599,0.0008842675397850996,1.4403217603269026e-06,medium_energy
2627,13.138893722,13.157892572000002,13.148401993550001,0.5748183955855563,0.0008842441679988156,1.440367390218003e-06,medium_energy
2628,13.143886903,13.162889139,13.153402577400001,0.5745856798677031,0.0008843829259239655,1.440727040052414e-06,medium_energy
2629,13.148892016,13.167889974,13.158400353900001,0.5743529552564736,0.000884324601797104,1.4406831516539505e-06,medium_energy
2630,13.153890927,13.172902811,13.163395036,0.5741202292403333,0.0008844016206426275,1.4408079715925458e-06,medium_energy
2631,13.158899807,13.177897194000002,13.168394694099998,0.573887504460352,0.0008842866891107803,1.4405083478311768e-06,medium_energy
2632,13.163890893,13.182893791,13.173396872400001,0.5736548017682186,0.0008842800871384782,1.4403962212013943e-06,medium_energy
2633,13.168889113,13.187926435,13.178402263249998,0.5734220993564451,0.0008842290289425847,1.440232140975487e-06,medium_energy
2634,13.17389674,13.192897484,13.183400992100001,0.5731894119939989,0.0008842258586048146,1.4402520098487917e-06,medium_energy
2635,13.178884501,13.19788321,13.18839934815,0.5729567066904968,0.0008843092635215655,1.4404782109679718e-06,medium_energy
2636,13.183891838,13.202884025,13.19339730495,0.5727239973101262,0.0008843008880425884,1.4405818520812144e-06,medium_energy
2637,13.188893875000002,13.207907753,13.198396300799999,0.572491270971951,0.0008844094050388662,1.4408286317962343e-06,medium_energy
2638,13.193893587000002,13.212884723,13.203397737199998,0.5722585429326006,0.0008843212159561631,1.4406667085683942e-06,medium_energy
2639,13.198883752,13.217885517,13.20840248685,0.572025824302979,0.0008843515277616731,1.4406230164833779e-06,medium_energy
2640,13.203892011,13.222881102,13.213403042600001,0.571793112015396,0.0008842407404525687,1.4403302160260644e-06,medium_energy
2641,13.208894418000002,13.227906233,13.218397792850002,0.5715604206175883,0.0008842418473111735,1.4402564172170617e-06,medium_energy
2642,13.213888981,13.232898481,13.223396194499998,0.5713277211645508,0.0008842445126342469,1.4402865417927222e-06,medium_energy
2643,13.218888474000002,13.237902622,13.228391206799998,0.5710950268580562,0.0008842626304961243,1.4403937524527753e-06,medium_energy
2644,13.223880071,13.242883009000002,13.233388849599999,0.5708623090344986,0.0008843676943550705,1.4406983195179217e-06,medium_energy
2645,13.228924969,13.247876129000002,13.238386542900002,0.5706295883460939,0.0008843269757710104,1.4406794026015525e-06,medium_energy
2646,13.233885778,13.252884698,13.243389270249997,0.5703968591706191,0.0008844055935028905,1.440816363250602e-06,medium_energy
2647,13.238895069000002,13.257885813,13.24838977995,0.5701641377090287,0.0008842746019217529,1.4404866444759716e-06,medium_energy
2648,13.243885694,13.262923498,13.25339301825,0.5699314317634908,0.0008843027439997542,1.4404440279225901e-06,medium_energy
2649,13.248877983000002,13.267881502000002,13.258394913,0.5696987305340075,0.0008842061433451676,1.4401939035653348e-06,medium_energy
2650,13.253900589,13.272881976,13.263390823,0.5694660421426511,0.0008842531239885432,1.4403043941750329e-06,medium_energy
2651,13.258879913,13.277889834000002,13.26838958735,0.5692333362517112,0.0008842829955550968,1.4404270753324078e-06,medium_energy
2652,13.263882681,13.282878516,13.2733888326,0.5690006291764149,0.0008843190719654004,1.4406112149352369e-06,medium_energy
2653,13.268895198,13.287884190000002,13.2783901393,0.5687679006694173,0.0008843937638873811,1.4407941431528868e-06,medium_energy
2654,13.273881285000002,13.292902958,13.2833908057,0.5685351764503215,0.000884325584962653,1.4406745933505409e-06,medium_energy
2655,13.27890327,13.297883785000002,13.2883901842,0.5683024541564367,0.0008843567886058779,1.4406328104169596e-06,medium_energy
2656,13.283904205,13.3028953,13.29338922605,0.5680697447803835,0.0008842306220433471,1.4403186798120824e-06,medium_energy
2657,13.288891444,13.307895053,13.298389060399998,0.5678370500306861,0.0008842632258163619,1.4402976949693577e-06,medium_energy
2658,13.293879875,13.312893253,13.303391292899999,0.5676043519302205,0.0008842215789162111,1.4402487667236519e-06,medium_energy
2659,13.298892893,13.317898666,13.308395080299999,0.5673716570808937,0.0008842863124609579,1.4404328539749058e-06,medium_energy
2660,13.303883969,13.322883791,13.313394467799998,0.5671389390679409,0.0008843421821778108,1.4406487973765984e-06,medium_energy
2661,13.308913749,13.327875238,13.31839459025,0.5669062207796076,0.0008843433160601322,1.440703534210449e-06,medium_energy
2662,13.313891951,13.332927921,13.323394217699999,0.5666734893260307,0.0008843933540516602,1.4407927837863096e-06,medium_energy
2663,13.318903466,13.337879292,13.32839197865,0.5664407710685736,0.0008842791276739703,1.4404969697960684e-06,medium_energy
2664,13.323882449,13.342877302000002,13.333389611450002,0.5662080612914266,0.0008843104712745742,1.4404618617101853e-06,medium_energy
2665,13.328882944,13.347877425,13.338386747249999,0.5659753625447874,0.0008841951180711405,1.440179576355738e-06,medium_energy
2666,13.333896142,13.352885794,13.343389028699999,0.5657426713305135,0.0008842731845462026,1.4403410329478542e-06,medium_energy
2667,13.338876377,13.357882161,13.348390005800002,0.5655099669051042,0.0008842587300392779,1.4403829862967755e-06,medium_energy
2668,13.343877954000002,13.362882935,13.35339206435,0.5652772599979603,0.000884340449227139,1.4406436188545265e-06,medium_energy
2669,13.34887962,13.367915149000002,13.358397034450002,0.565044531178231,0.0008843700218861272,1.4407485574145005e-06,medium_energy
2670,13.35388847,13.372898591,13.36339584195,0.5648118093624357,0.0008843413755883489,1.440699759430478e-06,medium_energy
2671,13.358874777,13.377893485,13.3683979486,0.5645790842158958,0.0008843485585847688,1.4406211793280322e-06,medium_energy
2672,13.363881984,13.382901012,13.3734031727,0.5643463777110062,0.0008842341580992397,1.4403282387375867e-06,medium_energy
2673,13.3689046,13.387892299,13.378400004400001,0.564113678978613,0.0008842728536064826,1.4403204243681285e-06,medium_energy
2674,13.373896668,13.392882844,13.3833975164,0.5638809835159947,0.0008842073774557591,1.4402239940259001e-06,medium_energy
2675,13.378877235,13.397902755,13.3883968884,0.563648286351625,0.0008843059535994513,1.4404673844391166e-06,medium_energy
2676,13.383890102,13.402888621,13.393394127849998,0.5634155701180923,0.0008843156597393431,1.4405956181167923e-06,medium_energy
2677,13.38889808,13.407878606,13.3983964825,0.5631828522210531,0.0008843655481705071,1.4407405651381624e-06,medium_energy
2678,13.39388011,13.412889179,13.403395971700002,0.5629501202174418,0.0008843705040462169,1.4407483943146296e-06,medium_energy
2679,13.398879792,13.417900834,13.4083959243,0.5627174039281314,0.00088429715608207,1.4405330950494802e-06,medium_energy
2680,13.403890756,13.422911397,13.413393794950002,0.5624846909671674,0.000884302979867968,1.440450403778399e-06,medium_energy
2681,13.408889677,13.427900029000002,13.418394110200001,0.5622519948100956,0.000884199237039418,1.4401937810995848e-06,medium_energy
2682,13.41388939,13.432885815,13.423394481150002,0.5620192999909033,0.0008842803888855499,1.4403527976429882e-06,medium_energy
2683,13.418883672000002,13.437880288,13.428391837799998,0.561786598398253,0.0008842442160412745,1.4403582065730409e-06,medium_energy
2684,13.423900347,13.442875502,13.4333910886,0.5615538898233803,0.000884356834309763,1.4406655298041195e-06,medium_energy
2685,13.428879852,13.447881867,13.4383931402,0.5613211626895094,0.000884346157473459,1.4407048333072473e-06,medium_energy
2686,13.433899742,13.45295049,13.4433996962,0.5610884412992245,0.000884361920551413,1.440731749173435e-06,medium_energy
2687,13.438878696000002,13.457891552,13.4484043367,0.5608557150083593,0.0008843309398960386,1.4405945191396528e-06,medium_energy
2688,13.44396393,13.462878581,13.453406399350001,0.5606230101902738,0.0008842497713832387,1.4403575122397078e-06,medium_energy
2689,13.448879183,13.46790802,13.45840355625,0.5603903080696643,0.0008842689849828389,1.4403204190079067e-06,medium_energy
2690,13.453901028,13.472882455,13.46339621065,0.5601576153627944,0.0008842065800918064,1.4402215964022504e-06,medium_energy
2691,13.458886032,13.477902987,13.468394033750002,0.5599249150823165,0.0008843146737618213,1.440483652615196e-06,medium_energy
2692,13.463887148,13.482889444,13.473393383200001,0.5596922019592696,0.0008842969483513485,1.44055542362419e-06,medium_energy
2693,13.468882332000002,13.48788556,13.47839264045,0.5594594826960353,0.0008843845391677263,1.440772827307507e-06,medium_energy
2694,13.473888016,13.492891875000002,13.48339366255,0.5592267520503231,0.0008843458162122175,1.440700138984395e-06,medium_energy
2695,13.478904781,13.497887871,13.488391270200001,0.5589940359088817,0.0008843212749471974,1.440580681521387e-06,medium_energy
2696,13.483904804000002,13.502888305,13.493391765350001,0.5587613213122669,0.0008842850832202487,1.4404199041071196e-06,medium_energy
2697,13.488889819,13.507890342,13.4983921868,0.5585286267277866,0.0008842161962814288,1.440231180757833e-06,medium_energy
2698,13.493895172,13.51290332,13.503393172850002,0.5582959287091857,0.0008842738338508127,1.4403396283973908e-06,medium_energy
2699,13.498890667,13.517883596,13.508395341149997,0.5580632302056981,0.0008842431905087267,1.4403577415982584e-06,medium_energy
2700,13.503886101,13.522886434,13.513395812699997,0.5578305190309807,0.0008843624611474254,1.4406679511388155e-06,medium_energy
2701,13.50888899,13.527888672,13.51839814535,0.5575977950127946,0.0008843297038101383,1.4406746291343443e-06,medium_energy
2702,13.513903871,13.532914113,13.5233969799,0.5573650722547228,0.0008843795110680119,1.4407581784819062e-06,medium_energy
2703,13.518879398,13.53787912,13.528394795,0.5571323467595166,0.0008843111123404412,1.4405642411646183e-06,medium_energy
2704,13.523945086,13.542891887,13.53339541885,0.5568996418271563,0.0008842716964743147,1.4403978039140633e-06,medium_energy
2705,13.52888203,13.547914413,13.5383932479,0.5566669378230905,0.0008842547565537373,1.440302208082066e-06,medium_energy
2706,13.533911278,13.552877566,13.543395458700001,0.5564342468836276,0.0008842185392197166,1.4402418617831115e-06,medium_energy
2707,13.538904158,13.557882599,13.54839647435,0.5562015438348153,0.000884310045816683,1.4404761508968217e-06,medium_energy
2708,13.543916975,13.562883785,13.553393524999999,0.5559688341002393,0.0008842912056223895,1.440538429981118e-06,medium_energy
2709,13.54889136,13.567890771,13.558396396200001,0.5557361125461096,0.0008843932869950777,1.4407864615985882e-06,medium_energy
2710,13.553883699,13.572920681,13.563394931199998,0.5555033846712771,0.0008843278752488359,1.440664218358328e-06,medium_energy
2711,13.558885956,13.577878244,13.56839292655,0.5552706669694782,0.0008843428565237232,1.440623124407551e-06,medium_energy
2712,13.563946985,13.582886533000002,13.5733918262,0.5550379525785754,0.0008842647026297001,1.4403856936354506e-06,medium_energy
2713,13.568884089,13.587879653000002,13.57838615565,0.5548052578885648,0.0008842395570001216,1.4402793364936487e-06,medium_energy
2714,13.573885385,13.592894093000002,13.583388643000001,0.554572558011998,0.0008842572840039864,1.4403096692332382e-06,medium_energy
2715,13.578882523,13.597910207,13.588390751699999,0.5543398617451205,0.0008842543915701384,1.4403782949320815e-06,medium_energy
2716,13.58388469,13.60287287,13.593390495900001,0.5541071481705343,0.000884355621193933,1.4406490637053474e-06,medium_energy
2717,13.5889521,13.607913730000002,13.598393180150001,0.5538744276765251,0.0008843250283909754,1.4406643754895394e-06,medium_energy
2718,13.593882732,13.612890319000002,13.603391772200002,0.5536417025482645,0.0008843880782665181,1.4407691785957338e-06,medium_energy
2719,13.598886833000002,13.61789457,13.608392102,0.5534089793357235,0.0008842965748536713,1.440542371545814e-06,medium_energy
2720,13.603884081,13.622902318,13.613395410950002,0.5531762725646473,0.000884292472841608,1.4404368103270186e-06,medium_energy
2721,13.608923219,13.627884798,13.61839445585,0.5529435684971489,0.0008842367992505373,1.4402766893031315e-06,medium_energy
2722,13.613885831,13.632894279,13.62339288005,0.5527108776733266,0.0008842381208751249,1.4402767633654387e-06,medium_energy
2723,13.618886095,13.637895785,13.628394515300002,0.5524781731212053,0.0008842945542939518,1.4404486935225136e-06,medium_energy
2724,13.623888703,13.64288071,13.63339197515,0.5522454659848481,0.0008842984094883377,1.4405454987628257e-06,medium_energy
2725,13.628896611,13.647886314,13.63839119235,0.5520127422860182,0.0008843890043621627,1.4407757999299982e-06,medium_energy
2726,13.633899259,13.65288235,13.643393300550002,0.5517800176499549,0.0008843219978675876,1.4406505824117011e-06,medium_energy
2727,13.638884795,13.657879327000002,13.648388768250001,0.551547297384244,0.0008843550675186052,1.4406474252586222e-06,medium_energy
2728,13.643881422000002,13.662880763,13.653388790049998,0.551314584676024,0.0008842498907251084,1.4403625029905855e-06,medium_energy
2729,13.648885172000002,13.667896105,13.65838883685,0.5510818881968123,0.0008842614371333823,1.4403235775860634e-06,medium_energy
2730,13.653883262,13.672880749,13.66338389625,0.550849188188886,0.0008842376181821265,1.4402758401626416e-06,medium_energy
2731,13.658893845,13.677876955,13.66838306935,0.5506164925910879,0.0008842725164246446,1.4404100508855912e-06,medium_energy
2732,13.663879992,13.682873953,13.6733826628,0.5503837777638383,0.0008843389436785642,1.4406143491987153e-06,medium_energy
2733,13.668881298,13.687877403000002,13.678381703700001,0.5501510601244288,0.0008843319835500907,1.4406733558387376e-06,medium_energy
2734,13.673885509000002,13.692875282,13.683380683399998,0.5499183326853722,0.0008843850592406,1.4407607252544578e-06,medium_energy
2735,13.678874712,13.697881156,13.68838542005,0.549685612319975,0.0008842923438603378,1.4405371368573418e-06,medium_energy
2736,13.683882971,13.702887662,13.693385725800002,0.5494529026617044,0.0008843056759566537,1.440463369746117e-06,medium_energy
2737,13.688879627,13.707889879,13.698386539000001,0.5492202000161666,0.0008842226151735133,1.440256603577671e-06,medium_energy
2738,13.693929976000002,13.712892527,13.70338939115,0.5489875076286455,0.0008842580519710097,1.440313688266719e-06,medium_energy
2739,13.698877159,13.717894454,13.708390000049999,0.548754803232246,0.0008842743801027453,1.4404120990542454e-06,medium_energy
2740,13.703877994,13.722919324,13.713392352149999,0.5485220971965346,0.0008843139677860989,1.4405688837904174e-06,medium_energy
2741,13.708897855,13.727892777,13.7183934454,0.5482893724171684,0.0008843736634052135,1.4407444176814504e-06,medium_energy
2742,13.713876207,13.73291374,13.723395197850001,0.5480566504583374,0.0008843286411890361,1.4406602184909794e-06,medium_energy
2743,13.718889786,13.737886852,13.728394733099998,0.5478239276206363,0.0008843549006707363,1.4406481655047492e-06,medium_energy
2744,13.723907993,13.74288396,13.7333955183,0.5475912172299717,0.000884245957458063,1.4403595758922732e-06,medium_energy
2745,13.728906474,13.747885075,13.738397856450002,0.5473585178690947,0.000884275286341385,1.4403520799509505e-06,medium_energy
2746,13.733920143,13.752877284,13.743400745649998,0.5471258192062269,0.0008842222620435436,1.4402511322751777e-06,medium_energy
2747,13.738880431,13.757990441,13.748411283749999,0.5468931226066032,0.0008842904906956051,1.4404404759845007e-06,medium_energy
2748,13.743935398,13.763119308,13.75345458885,0.5466604081277775,0.0008843182754700862,1.4405742743426965e-06,medium_energy
2749,13.748888603,13.768244568,13.758530579749998,0.54642769192274,0.0008843463836658572,1.4406943970921582e-06,medium_energy
2750,13.753876142,13.773389425,13.76363563255,0.5461949631718385,0.0008843720197306837,1.440735740555613e-06,medium_energy
2751,13.759017553,13.778487163,13.7687627321,0.5459622451865986,0.0008842992826689766,1.4405502063345639e-06,medium_energy
2752,13.764157661,13.783608055,13.773885422750002,0.5457295325746399,0.0008843079865457071,1.4404714363915147e-06,medium_energy
2753,13.769280727000002,13.78870444,13.7790018165,0.5454968320221857,0.0008842177315084854,1.440251688769653e-06,medium_energy
2754,13.774395177,13.793798241,13.78411279355,0.5452641369507687,0.0008842716686823238,1.4403404411587982e-06,medium_energy
2755,13.779510177,13.798886481,13.78921936225,0.5450314341505289,0.000884256925813176,1.4403795872389776e-06,medium_energy
2756,13.784636369,13.803890942,13.794300003450001,0.5447987275892846,0.0008843308966941521,1.440595937310682e-06,medium_energy
2757,13.789727033,13.808890254,13.799356874100003,0.5445660032569138,0.000884352951054268,1.440702877711495e-06,medium_energy
2758,13.794858886,13.813897461000002,13.804389459350002,0.544333282669108,0.0008843437936878473,1.4406858451614062e-06,medium_energy
2759,13.79988033,13.818899208,13.8093954544,0.5441005581650284,0.0008843438045360585,1.4406285047495664e-06,medium_energy
2760,13.804933383000002,13.823875095,13.814396520099999,0.5438678497405165,0.0008842538209421491,1.44037813566429e-06,medium_energy
2761,13.809966329000002,13.82890782,13.819394350749999,0.543635147329862,0.0008842778714761579,1.4403594883621201e-06,medium_energy
2762,13.814887022,13.833882335,13.8243928461,0.5434024507435503,0.0008842165138185365,1.4402442619049915e-06,medium_energy
2763,13.819893648,13.838926252,13.8293915303,0.5431697519589254,0.0008843020250246525,1.4404587093767163e-06,medium_energy
2764,13.824878893,13.843876891,13.834390883749998,0.5429370392780039,0.0008843004772876029,1.440540420123021e-06,medium_energy
2765,13.829894345,13.848894858,13.839392307650002,0.5427043228989887,0.0008843618916314355,1.4407167702487942e-06,medium_energy
2766,13.8348792,13.853905412,13.8443985357,0.5424715943407664,0.0008843539001981426,1.4407026861038647e-06,medium_energy
2767,13.839874785,13.858910444,13.8493973651,0.5422388774989392,0.0008843141717207459,1.4405765168785303e-06,medium_energy
2768,13.844904424,13.863883006,13.854398446899998,0.5420061627863271,0.0008843000816538549,1.4404619158662888e-06,medium_energy
2769,13.849888227,13.868884842000002,13.8593991138,0.5417734640269606,0.0008842238039781236,1.440265344197075e-06,medium_energy
2770,13.854894271,13.873877382000002,13.864390823799999,0.5415407660475964,0.0008842751085644807,1.4403496029956895e-06,medium_energy
2771,13.859879667,13.878885199,13.8693923379,0.5413080655791249,0.0008842480076127757,1.4403617606574898e-06,medium_energy
2772,13.86491692,13.883891394,13.8743946819,0.5410753573095854,0.0008843425066951127,1.440614117637903e-06,medium_energy
2773,13.869907616,13.888923789,13.879393344099999,0.5408426348397495,0.0008843339950876938,1.4406642832437225e-06,medium_energy
2774,13.874939019,13.893903574,13.884393066300001,0.5406099140955078,0.0008843609240001271,1.4407153722666306e-06,medium_energy
2775,13.879889037000002,13.898880954,13.889389857449999,0.5403771893537807,0.0008843268463243348,1.4405981924518483e-06,medium_energy
2776,13.884894841,13.903875387,13.894385032550002,0.5401444817735293,0.0008842701465958669,1.4404118281344973e-06,medium_energy
2777,13.88987632,13.90889657,13.899386341750002,0.5399117770493064,0.0008842700300917272,1.4403480557721941e-06,medium_energy
2778,13.894890961000002,13.913913566000002,13.904388752550002,0.5396790823336367,0.000884221813977959,1.4402571206534977e-06,medium_energy
2779,13.899884401,13.918884033,13.909391992849999,0.5394463810324863,0.0008843035962442514,1.4404590401349869e-06,medium_energy
2780,13.904897369,13.923878676,13.914392551650002,0.5392136709465275,0.0008842909064634696,1.4405214559488434e-06,medium_energy
2781,13.909902753,13.928895431,13.919390555600003,0.5389809531732304,0.0008843724031484257,1.4407301299496279e-06,medium_energy
2782,13.91490509,13.933892609,13.9243893399,0.5387482262485724,0.0008843371038818049,1.4406722617646873e-06,medium_energy
2783,13.919881879,13.938905657,13.929387794750003,0.5385155090526806,0.000884331279414674,1.4406065542552007e-06,medium_energy
2784,13.924884167,13.943893056,13.93438964245,0.5382827936390235,0.000884286157410763,1.440441861439076e-06,medium_energy
2785,13.929886394,13.948889322,13.939388846600002,0.5380500955981782,0.0008842383797471598,1.4402939101608182e-06,medium_energy
2786,13.934878422,13.953892642,13.944394661350003,0.5378173953784837,0.0008842683767911197,1.4403407730412996e-06,medium_energy
2787,13.939882393,13.958894098,13.949395739049999,0.5375846970713564,0.0008842498426044898,1.4403630233824839e-06,medium_energy
2788,13.944885622,13.963885795,13.9543971279,0.5373519867186559,0.0008843446267752242,1.4406154102733723e-06,medium_energy
2789,13.94988786,13.968887061,13.959399034250001,0.5371192669252396,0.0008843226816042105,1.4406393984457384e-06,medium_energy
2790,13.954893303,13.973912883,13.964394019950001,0.5368865448307958,0.0008843735211874204,1.4407366191681005e-06,medium_energy
2791,13.959895982,13.978886476,13.9693931029,0.5366538212648493,0.000884310697206736,1.440569547176707e-06,medium_energy
2792,13.964908849,13.983899794,13.974392211400001,0.5364211131069274,0.0008842890043769813,1.4404496848920062e-06,medium_energy
2793,13.969887071,13.988898746,13.9793923213,0.5361884073777765,0.0008842560854516179,1.4403261538388001e-06,medium_energy
2794,13.974891202,13.99389961,13.984394035700001,0.5359557135443829,0.0008842355991136586,1.4402847538840312e-06,medium_energy
2795,13.9798831,13.998887901000002,13.989394166149998,0.5357230102794773,0.0008842953657479669,1.4404423949310146e-06,medium_energy
2796,13.984887892,14.003884588,13.994397160450001,0.5354903027026442,0.0008842915821922759,1.44052037397972e-06,medium_energy
2797,13.989895841,14.008896644,13.9993980282,0.5352575830878731,0.000884374061461024,1.44072805149408e-06,medium_energy
2798,13.994886857,14.013889885,14.004395304300001,0.535024858675533,0.0008843270955862792,1.4406534867819745e-06,medium_energy
2799,13.999962613,14.018886061000002,14.009395626700002,0.5347921399210257,0.0008843446161881374,1.4406300655206111e-06,medium_energy
2800,14.004897213,14.0238944,14.014393529,0.534559425224518,0.0008842722418185289,1.440421499738676e-06,medium_energy
2801,14.009894261,14.02891912,14.019393064900001,0.5343267265054268,0.0008842562161612832,1.4403285832389976e-06,medium_energy
2802,14.014884816,14.033878145,14.0243959095,0.5340940252934804,0.0008842550672651939,1.4403201014940427e-06,medium_energy
2803,14.019910718,14.038879591,14.02939434115,0.5338613282048748,0.0008842605910661661,1.4403805886316698e-06,medium_energy
2804,14.024892427,14.043880396,14.034391682350002,0.5336286162521672,0.0008843367707216387,1.4405987047623116e-06,medium_energy
2805,14.029890276,14.048892993,14.03939034355,0.5333958991068718,0.0008843216135163701,1.4406330892086533e-06,medium_energy
2806,14.034877946000002,14.053896934,14.044392213750001,0.5331631751890707,0.0008843772795614768,1.4407415451403657e-06,medium_energy
2807,14.039882938000002,14.058889453,14.049393375650002,0.5329304537076789,0.0008843011394663591,1.440552949906214e-06,medium_energy
2808,14.044884044000002,14.063890408,14.054393773150002,0.5326977437852012,0.0008843042003672252,1.4404803397367882e-06,medium_energy
2809,14.049880129000002,14.068901512,14.0593939712,0.5324650384306564,0.0008842421273831391,1.4403048627743923e-06,medium_energy
2810,14.054889901,14.07388305,14.064389805,0.5322323441284016,0.00088425263040115,1.4403176661140025e-06,medium_energy
2811,14.059878934,14.078889235,14.0693896585,0.5319996400595729,0.0008842808666358337,1.4404154855150396e-06,medium_energy
2812,14.064885299,14.083894048,14.074390342500001,0.5317669341235955,0.0008843007468417596,1.4405338853224788e-06,medium_energy
2813,14.069893578,14.088905062,14.079392761849999,0.5315342130718287,0.0008843663549678027,1.4407099759065414e-06,medium_energy
2814,14.074886989,14.093886079,14.08439288435,0.531301491227608,0.0008843264620139735,1.4406506185594122e-06,medium_energy
2815,14.079890749,14.098886383000002,14.089393855399999,0.5310687704012838,0.0008843499953057332,1.4406397589445061e-06,medium_energy
2816,14.084896924,14.103897828,14.0943959921,0.5308360573690466,0.000884263890279513,1.4404103095904288e-06,medium_energy
2817,14.08989339,14.108894004,14.099394287599997,0.5306033567782916,0.0008842714222643266,1.4403590186880904e-06,medium_energy
2818,14.094892612,14.113886483000002,14.10439402035,0.5303706559187686,0.0008842408603477736,1.4402975113591856e-06,medium_energy
2819,14.099885882,14.118910962,14.109395705199997,0.5301379587290249,0.000884275458556516,1.440406165908021e-06,medium_energy
2820,14.10489859,14.123904974,14.114394676500002,0.529905246266029,0.0008843220114735928,1.4405695175641986e-06,medium_energy
2821,14.109894946,14.128924594,14.119394762800002,0.5296725309737195,0.0008843294856379913,1.440643207451634e-06,medium_energy
2822,14.114896953,14.133895342,14.124394294050001,0.529439805579278,0.0008843713229182981,1.4407286176266966e-06,medium_energy
2823,14.119913047,14.138891628,14.12939240815,0.5292070863126928,0.0008843010484600455,1.440553442281455e-06,medium_energy
2824,14.124895627,14.143904616,14.13439250655,0.5289743740771359,0.000884311383333447,1.440495950523324e-06,medium_energy
2825,14.129885531,14.148884852,14.139391424250002,0.5287416700631595,0.0008842337369907582,1.4402939337323003e-06,medium_energy
2826,14.134902326,14.153889684,14.1443990333,0.5285089740898398,0.0008842670910516048,1.4403454622558981e-06,medium_energy
2827,14.139888804000002,14.158882023,14.1493998721,0.5282762705208234,0.0008842655802228094,1.4403880549789042e-06,medium_energy
2828,14.144898926000002,14.163883619000002,14.154399371299998,0.5280435649446664,0.0008843138674219375,1.440554044233134e-06,medium_energy
2829,14.14989435,14.16889285,14.159399202649999,0.5278108434871601,0.000884352063745375,1.44068099650748e-06,medium_energy
2830,14.154903341,14.173890639,14.164390859650002,0.5275781234943402,0.000884334206216586,1.4406619818857486e-06,medium_energy
2831,14.159892694000002,14.178888047,14.169389800850002,0.5273454008932779,0.0008843462935930191,1.440633684289983e-06,medium_energy
2832,14.164880905,14.183891437000002,14.1743895621,0.5271126897161953,0.0008842641691941822,1.4404136542017541e-06,medium_energy
2833,14.169890226,14.188890929,14.1793902196,0.5268799866695181,0.0008842795471633025,1.4403771691612737e-06,medium_energy
2834,14.174920696,14.193903797,14.184392553700002,0.52664728712718,0.00088423132574178,1.4402827931842144e-06,medium_energy
2835,14.17988413,14.198884423,14.18939229145,0.5264145886347071,0.0008842887122559873,1.4404294440913026e-06,medium_energy
2836,14.184886218,14.203898673,14.194392786100002,0.5261818769181968,0.0008843056567018337,1.4405374070191396e-06,medium_energy
2837,14.189892823,14.208890361000002,14.199392479199997,0.5259491622578565,0.0008843419770059313,1.4406620613924608e-06,medium_energy
2838,14.194886124000002,14.213893269,14.204391344749999,0.5257164363578241,0.0008843582190394272,1.4407027070568653e-06,medium_energy
2839,14.199893571,14.218896819,14.2093923107,0.5254837186804142,0.0008843096251478499,1.4405695088532914e-06,medium_energy
2840,14.204891691,14.223887475000002,14.214394595250003,0.5252510043634271,0.0008843093150643355,1.4404945437360873e-06,medium_energy
2841,14.209897665000002,14.228899761,14.21939513495,0.5250183019422037,0.0008842340116101965,1.4402985515523071e-06,medium_energy
2842,14.214899832,14.233898412,14.224396920050001,0.5247856036572942,0.0008842746080288677,1.4403604704352449e-06,medium_energy
2843,14.21992859,14.238892274,14.22939670595,0.5245529015619566,0.0008842548720604526,1.440369279744796e-06,medium_energy
2844,14.224888157,14.243885885,14.23439332225,0.5243201951358957,0.00088432550590678,1.4405713628451285e-06,medium_energy
2845,14.22989863,14.2488871,14.239393407650002,0.5240874745080673,0.0008843361031081187,1.4406496885651836e-06,medium_energy
2846,14.234902801,14.253890079,14.244395490799997,0.5238547551971763,0.000884346452471263,1.4406810029038652e-06,medium_energy
2847,14.239886383000002,14.258886996,14.249394702,0.523622031754158,0.000884335619971921,1.4406155510950324e-06,medium_energy
2848,14.24489887,14.263893652,14.254397030049997,0.5233893218709593,0.0008842727338711498,1.4404311636433834e-06,medium_energy
2849,14.249898312,14.268879709,14.259398109749998,0.5231566165480798,0.0008842789631264836,1.4403799776632695e-06,medium_energy
2850,14.254889268,14.273878280000002,14.264393185649999,0.522923918602839,0.0008842298785154412,1.4402820752881103e-06,medium_energy
2851,14.259886847,14.2788874,14.269392600249997,0.5226912181334519,0.0008842957555144082,1.4404419516504961e-06,medium_energy
2852,14.264890617,14.283903414,14.2743921842,0.5224585081263831,0.0008842931881432037,1.4405121905984442e-06,medium_energy
2853,14.269905288,14.288883309,14.279389728799998,0.522225792914452,0.0008843536106342142,1.4406796828996687e-06,medium_energy
2854,14.274878801000002,14.293896357,14.284390592650002,0.5219930677080147,0.0008843428440110657,1.4406727753017327e-06,medium_energy
2855,14.27990309,14.29892292,14.28939335555,0.5217603505274935,0.0008843230677415548,1.44059425923396e-06,medium_energy
2856,14.284883517,14.303883218,14.2943914882,0.5215276349964988,0.0008843000310090332,1.4404801443032098e-06,medium_energy
2857,14.289889191,14.308880426000002,14.29938977915,0.5212949336828452,0.0008842426584108054,1.4403179562486447e-06,medium_energy
2858,14.294894464,14.313898934,14.30439098715,0.5210622331845498,0.0008842735755569819,1.4403601258532412e-06,medium_energy
2859,14.299904245,14.318890041,14.309391338049997,0.5208295328880015,0.0008842520567826639,1.4403646279680273e-06,medium_energy
2860,14.304879782,14.323910182,14.314395419049998,0.5205968248889539,0.0008843312663282532,1.4405782154283654e-06,medium_energy
2861,14.309888923,14.328903002,14.319400128150003,0.5203641060726618,0.0008843236464768367,1.4406248529156612e-06,medium_energy
2862,14.314879117,14.333902794,14.324401729799998,0.5201313862741804,0.0008843581113051613,1.4406989085114108e-06,medium_energy
2863,14.319909959,14.338879083,14.329397082199998,0.5198986631771169,0.0008843223840448999,1.4405930097865554e-06,medium_energy
2864,14.324895164,14.343894916000002,14.3343965233,0.5196659535444793,0.0008842862809430585,1.4404573225475903e-06,medium_energy
2865,14.329902982,14.348881394,14.3393945959,0.5194332467629427,0.0008842712069929703,1.4403700721778918e-06,medium_energy
2866,14.334886083,14.353890985,14.34439559155,0.5192005499709518,0.0008842367007115826,1.4402959219178713e-06,medium_energy
2867,14.339929379,14.358895246,14.34939936085,0.5189678475648769,0.0008842945835798588,1.4404399021930326e-06,medium_energy
2868,14.344885118,14.363887675,14.354396692999998,0.518735139615673,0.0008842882428474752,1.4405004096641307e-06,medium_energy
2869,14.349888408000002,14.368887688,14.359397458599997,0.5185024231155652,0.0008843597683529936,1.4406875635192557e-06,medium_energy
2870,14.354881848000002,14.37389729,14.364394294299998,0.5182696995868057,0.000884330489475893,1.4406483461142436e-06,medium_energy
2871,14.359888544,14.378888997,14.369393891300001,0.5180369817752661,0.0008843362420050127,1.4406183626310822e-06,medium_energy
2872,14.364899969,14.383894331,14.374394880450001,0.5178042661790058,0.0008842879088364342,1.4404608373497955e-06,medium_energy
2873,14.369908077000002,14.388908521,14.37939484765,0.5175715649913559,0.0008842564334186065,1.440346249941065e-06,medium_energy
2874,14.374904815,14.393891241,14.3843938946,0.5173388630182519,0.000884265472351764,1.440347414133926e-06,medium_energy
2875,14.379887946,14.398891204000002,14.389395049449998,0.5171061641336836,0.0008842573542366949,1.4403742494231265e-06,medium_energy
2876,14.384894191,14.40389256,14.394394428949997,0.5168734545308415,0.0008843291809208509,1.4405713350933785e-06,medium_energy
2877,14.389894996,14.408888716000002,14.399393343549999,0.5166407379233803,0.000884318224698255,1.4406123936058983e-06,medium_energy
2878,14.394931598,14.41388947,14.4043940039,0.5164080168798687,0.0008843647633849372,1.4407079978015044e-06,medium_energy
2879,14.399894311,14.41889787,14.409393791750002,0.5161752951342642,0.0008843115811858482,1.4405746377502154e-06,medium_energy
2880,14.40488701,14.423904636,14.414394779799997,0.5159425846451524,0.0008843000321974159,1.4404838648995015e-06,medium_energy
2881,14.409909766,14.428909057,14.419396260349998,0.5157098775226684,0.0008842602344856232,1.4403543735678121e-06,medium_energy
2882,14.41488911,14.433888992000002,14.4243986441,0.5154771809377611,0.0008842489851002,1.4403196091365234e-06,medium_energy
2883,14.41989791,14.438899065,14.429398432900001,0.5152444772695917,0.00088428625536352,1.440425126268769e-06,medium_energy
2884,14.424893786,14.44389997,14.43439792565,0.5150117710342341,0.0008842914314621808,1.4405032857868396e-06,medium_energy
2885,14.429895622,14.448890715,14.43939692845,0.5147790531713632,0.0008843581786148746,1.4406815164069882e-06,medium_energy
2886,14.434883543000002,14.453902741,14.444399453399999,0.5145463317568822,0.0008843249115368934,1.4406360928126837e-06,medium_energy
2887,14.439892393,14.458892184000002,14.449398746749997,0.5143136125568862,0.000884344599758613,1.440633544368055e-06,medium_energy
2888,14.444894540000002,14.463892198000002,14.454398738950001,0.5140808979015936,0.0008842779656683675,1.4404455896399513e-06,medium_energy
2889,14.44989825,14.468892882,14.45940074695,0.5138481957602413,0.0008842705997347267,1.4403749164154301e-06,medium_energy
2890,14.454892032,14.473911771,14.464404098050002,0.5136154933770369,0.0008842541412770188,1.4403293711607695e-06,medium_energy
2891,14.459889741,14.47889913,14.469407633900001,0.5133827950018721,0.0008842680946559156,1.440393356934571e-06,medium_energy
2892,14.464903029,14.483904534,14.474407295949998,0.5131500844001442,0.0008843201846548965,1.4405526119908422e-06,medium_energy
2893,14.469930875,14.488894368,14.47940600775,0.5129173697170127,0.0008843205548378918,1.4406134427775793e-06,medium_energy
2894,14.474927151,14.493893349,14.4843986365,0.5126846473117854,0.0008843641072999731,1.4407042861760665e-06,medium_energy
2895,14.479888982,14.498894705,14.489395921599998,0.5124519274028296,0.0008843069278476889,1.440566798112848e-06,medium_energy
2896,14.484895347,14.503902783,14.494397044450002,0.5122192152905537,0.0008843095570725268,1.4405029579660883e-06,medium_energy
2897,14.489894739,14.508894811,14.499396687850004,0.5119865088307389,0.000884250851039603,1.4403412664835664e-06,medium_energy
2898,14.494897077,14.513902499,14.504395952699998,0.5117538113867572,0.0008842622519118493,1.4403452811220967e-06,medium_energy
2899,14.499900096,14.518908093,14.50939761855,0.5115211074704307,0.0008842743059638281,1.440403928508404e-06,medium_energy
2900,14.504897674,14.523884742000002,14.5143958965,0.5112884020876601,0.0008843004041025893,1.4405167690104411e-06,medium_energy
2901,14.50989357,14.528891087000002,14.519398766750001,0.5110556834121214,0.0008843494896222381,1.4406627585431817e-06,medium_energy
2902,14.514889415,14.533913182,14.524400182599999,0.5108229638887005,0.0008843270825638072,1.4406377393263154e-06,medium_energy
2903,14.519898556,14.538897977,14.5293990041,0.5105902431515503,0.0008843456713716336,1.4406353851184408e-06,medium_energy
2904,14.524929688,14.543891217,14.5344016398,0.5103575299611082,0.000884274000243046,1.4404410285205574e-06,medium_energy
2905,14.529895266,14.548899626,14.53940014665,0.5101248260871202,0.0008842807284912269,1.4403960236045864e-06,medium_energy
2906,14.534908845,14.553902214,14.5444077277,0.509892124282323,0.0008842442819014806,1.4403142917735629e-06,medium_energy
2907,14.539903498,14.558886288,14.54940531935,0.5096594253630478,0.0008842799598820505,1.4404143099949807e-06,medium_energy
2908,14.544899514,14.563885599,14.554403510150001,0.5094267147281875,0.0008843075973317127,1.4405280352731725e-06,medium_energy
2909,14.549910247,14.568899399,14.559403395699999,0.5091940011571012,0.0008843285261441736,1.4406243256025363e-06,medium_energy
2910,14.554882758000002,14.573890024,14.564393957050001,0.5089612778959147,0.0008843565784726337,1.440688641620362e-06,medium_energy
2911,14.559886499,14.578892632,14.569394678150001,0.5087285596616988,0.000884309585304166,1.4405715224485356e-06,medium_energy
2912,14.564888055,14.583887165,14.574395946200003,0.5084958457467545,0.0008843122680310955,1.440509973246521e-06,medium_energy
2913,14.569889881000002,14.588887188,14.57939341055,0.508263140498529,0.0008842468960725824,1.4403374560201252e-06,medium_energy
2914,14.574889203,14.593894686,14.5843934088,0.5080304414018136,0.0008842720992072728,1.440365037833608e-06,medium_energy
2915,14.579889627000002,14.598899779000002,14.58939394605,0.507797738201409,0.0008842633204917405,1.4403844414060271e-06,medium_energy
2916,14.584889691,14.603896025,14.5943928698,0.5075650326390336,0.0008843110016165667,1.440533466237756e-06,medium_energy
2917,14.589895665,14.608887161,14.599392643099998,0.5073323140717567,0.0008843368280384567,1.44063699647788e-06,medium_energy
2918,14.594888024,14.613892895,14.604392683350003,0.5070995956885016,0.0008843350965648256,1.4406499072725734e-06,medium_energy
2919,14.599911221,14.618880675000002,14.609393049700003,0.5068668738755697,0.0008843397264071129,1.4406245255662122e-06,medium_energy
2920,14.604885315,14.623888012,14.614392499800001,0.5066341620495397,0.0008842772998871595,1.4404493145848593e-06,medium_energy
2921,14.609898884,14.628912993,14.619394612499997,0.5064014562211372,0.0008842841835656756,1.4404049413707157e-06,medium_energy
2922,14.614892034,14.633884192000002,14.62439656895,0.5061687555642952,0.0008842396943995467,1.4403087083341437e-06,medium_energy
2923,14.619908368,14.638925954,14.62939649305,0.5059360552843873,0.0008842886616911017,1.4404295280086683e-06,medium_energy
2924,14.624890157,14.643915227,14.634396710250002,0.505703345564549,0.000884295801460766,1.4405052678776606e-06,medium_energy
2925,14.629905089,14.648877589,14.639394580450002,0.5054706320961314,0.000884338234556914,1.440638242451207e-06,medium_energy
2926,14.634916924,14.653899974000002,14.644399223849998,0.5052379088709456,0.0008843450132021147,1.440666119888292e-06,medium_energy
2927,14.639874948,14.658884178,14.649397365550001,0.5050051916166624,0.0008843179535276136,1.4405861184525234e-06,medium_energy
2928,14.644876354,14.66387834,14.6543988079,0.504772476323315,0.0008843081600122815,1.4405048965325772e-06,medium_energy
2929,14.649892377,14.668888472,14.65940124775,0.5045397722284773,0.0008842498940637711,1.4403456760995788e-06,medium_energy
2930,14.654878284,14.673898765,14.664397649200001,0.5043070712189054,0.000884275721580785,1.4403737693320467e-06,medium_energy
2931,14.659923943,14.678907715,14.6694031929,0.5040743693085938,0.0008842571884741801,1.440373537635012e-06,medium_energy
2932,14.664881096,14.683894663,14.6744030348,0.5038416627421928,0.0008843189146832131,1.4405455837295417e-06,medium_energy
2933,14.669887782000002,14.688892282,14.6794010953,0.5036089452116327,0.0008843245212908357,1.4406120001491669e-06,medium_energy
2934,14.67492214,14.693897275,14.684398624349999,0.5033762270009277,0.0008843451497133614,1.440665788731184e-06,medium_energy
2935,14.679890764,14.698916094,14.68939350235,0.503143504968872,0.00088432947552608,1.4406059989708765e-06,medium_energy
2936,14.68488701,14.703884908,14.6943927917,0.5029107938750783,0.0008842863946911805,1.4404677758348648e-06,medium_energy
2937,14.689888786,14.708885933,14.699394692549998,0.5026780864630748,0.0008842808654909717,1.4404016797662392e-06,medium_energy
2938,14.694885583,14.71387744,14.704392537199997,0.5024453869383402,0.0008842419526011724,1.4403152235262241e-06,medium_energy
2939,14.699893782,14.718888645000002,14.709402443650001,0.5022126849876518,0.0008842914162139337,1.4404341453900238e-06,medium_energy
2940,14.704915677,14.723887496,14.714401505150002,0.5019799767722016,0.0008842885857838212,1.440490796681379e-06,medium_energy
2941,14.709899389,14.728887889,14.71940068925,0.5017472625735412,0.0008843455422491431,1.4406479314818336e-06,medium_energy
2942,14.714886328,14.733882803,14.724402626049999,0.5015145403098742,0.0008843334940831227,1.4406438520663234e-06,medium_energy
2943,14.719898083,14.73889545,14.729390512799998,0.5012818231038777,0.0008843285169675141,1.4406045143845204e-06,medium_energy
2944,14.724912704,14.743880776,14.734390084700001,0.501049107261526,0.0008842996300808537,1.440491981170093e-06,medium_energy
2945,14.729879094,14.748884616000002,14.739386646899998,0.5008164037314154,0.0008842586890525084,1.4403640224569128e-06,medium_energy
2946,14.734879267,14.753885732,14.744388828800004,0.5005837011308161,0.0008842727411115803,1.4403707548575861e-06,medium_energy
2947,14.739877497,14.758884593,14.74939096105,0.5003510005203886,0.0008842577167867405,1.4403744494756687e-06,medium_energy
2948,14.744874875,14.763898252,14.754390119650001,0.5001182926052177,0.0008843211982130228,1.4405477453930126e-06,medium_energy
2949,14.749898233,14.768875131,14.759393374000002,0.49988557671061573,0.0008843164436500572,1.44059464167419e-06,medium_energy
2950,14.754889579,14.773953893000002,14.7643992282,0.49965285785119545,0.0008843530874980132,1.440677882080803e-06,medium_energy
2951,14.759878922,14.778888793,14.769401784750002,0.49942013651491807,0.0008843189479144087,1.4405870726952458e-06,medium_energy
2952,14.764880739,14.783941426,14.774409299650003,0.49918742526596754,0.0008842978605834162,1.4404902865146036e-06,medium_energy
2953,14.7699164,14.788881486,14.779410488649997,0.4989547170555568,0.0008842730558464851,1.4403904966281478e-06,medium_energy
2954,14.774902647,14.793889955,14.784402901049997,0.49872201811852107,0.0008842500137618003,1.4403319101843494e-06,medium_energy
2955,14.779914883000002,14.798894397000002,14.789402412350004,0.4984893147583934,0.0008842877687254003,1.440427503634765e-06,medium_energy
2956,14.784895099000002,14.8038944,14.794397473200002,0.4982566080919142,0.0008842877916528935,1.4404877054850062e-06,medium_energy
2957,14.789896745,14.808884755,14.79939872925,0.4980238927844736,0.0008843475404090029,1.4406482868060773e-06,medium_energy
2958,14.794891519,14.813897452,14.804401409499999,0.49779117210549817,0.0008843257882915623,1.4406283320916628e-06,medium_energy
2959,14.799909546,14.818939936,14.809402207699998,0.49755845413563105,0.0008843372909410063,1.440619714016024e-06,medium_energy
2960,14.804911703,14.823895024,14.814402379750002,0.49732573865326357,0.0008842904719275069,1.4404778928768297e-06,medium_energy
2961,14.809896588,14.828912851,14.819401277399999,0.4970930348300947,0.0008842701216993931,1.4403870236613085e-06,medium_energy
2962,14.814888386000002,14.833891353,14.82440056725,0.49686033137991464,0.0008842651575572957,1.44035956200524e-06,medium_energy
2963,14.819900612,14.838913859000002,14.8294042123,0.4966276315565432,0.0008842641365446879,1.4403859048608226e-06,medium_energy
2964,14.824891318,14.84387539,14.8344021376,0.4963949225046814,0.0008843171682668682,1.440538704013786e-06,medium_energy
2965,14.829884147,14.848877136,14.8393989949,0.49616220832317237,0.0008843146208289965,1.4405885010690198e-06,medium_energy
2966,14.834912604,14.853903539,14.844399409400001,0.4959294884195652,0.0008843558914649052,1.4406807266192116e-06,medium_energy
2967,14.839931794000002,14.858892942,14.8493927931,0.49569676842128196,0.0008843119459012727,1.4405744710743266e-06,medium_energy
2968,14.844874058,14.863906491000002,14.854393575750004,0.4954640562202763,0.0008843077390974785,1.4405097495357125e-06,medium_energy
2969,14.849888929,14.868886517000002,14.859394885400002,0.4952313481003582,0.0008842644532798816,1.4403780404482161e-06,medium_energy
2970,14.854879695,14.87389165,14.864393827650002,0.49499864892132167,0.000884260843314999,1.440353373499394e-06,medium_energy
2971,14.859872204,14.878877767,14.869393856950001,0.49476594484059333,0.0008842795770193645,1.4404130479136108e-06,medium_energy
2972,14.864879621,14.883881928,14.8743928257,0.4945332392475743,0.0008842927894132102,1.4404948340760597e-06,medium_energy
2973,14.869895054,14.888902750000002,14.87939421655,0.4943005229981621,0.0008843434495915403,1.440638009882522e-06,medium_energy
2974,14.874892332000002,14.893874811000002,14.8843922921,0.4940678040232802,0.0008843239772495237,1.4406231245012354e-06,medium_energy
2975,14.879876595,14.898906774,14.88939194015,0.49383508487941336,0.0008843412683007812,1.4406263885458048e-06,medium_energy
2976,14.884923617,14.903887982,14.89439386455,0.4936023704179397,0.0008842844064930744,1.4404691158940665e-06,medium_energy
2977,14.889879146,14.908956344000002,14.899394428299999,0.49336966551167627,0.0008842803650300213,1.4404079149208996e-06,medium_energy
2978,14.894890601,14.913881727,14.904393502800001,0.4931369620752,0.0008842564778009376,1.4403464118753642e-06,medium_energy
2979,14.899906104,14.918922417,14.9093995309,0.492904262230801,0.0008842736267720142,1.4404029692026345e-06,medium_energy
2980,14.904888544,14.923892654,14.91439984215,0.4926715526832939,0.0008843084640712817,1.4405214362690402e-06,medium_energy
2981,14.909891633,14.928913647000002,14.919398045949999,0.49243883977987934,0.0008843186337399445,1.4405928589301603e-06,medium_energy
2982,14.914879513,14.933958144000002,14.92440510545,0.49220611896488026,0.0008843526234239008,1.4406726742174933e-06,medium_energy
2983,14.919912338,14.939059879,14.929434254250003,0.4919734004663752,0.000884310662529586,1.4405720152029244e-06,medium_energy
2984,14.924891292000002,14.944170001000002,14.9344937284,0.4917406868904865,0.0008843129801495153,1.440520707555482e-06,medium_energy
2985,14.929887738,14.949283619,14.939580869400004,0.4915079795308994,0.0008842587447652206,1.440370785952644e-06,medium_energy
2986,14.934981729,14.954375947,14.944694451850003,0.4912752793216656,0.0008842706996973759,1.4403729618878039e-06,medium_energy
2987,14.940079567000002,14.959486429000002,14.949796469,0.49104257535256846,0.0008842702013822645,1.440396776367925e-06,medium_energy
2988,14.945183116,14.964549601000002,14.954893467550002,0.49080987004859356,0.0008843009317285877,1.4405075287462473e-06,medium_energy
2989,14.9503316,14.969622673000002,14.959983804050001,0.4905771534575905,0.0008843347315040107,1.44061978198025e-06,medium_energy
2990,14.955426413,14.974723617,14.96506041165,0.4903444357980966,0.0008843278160535206,1.440627801696849e-06,medium_energy
2991,14.960516506,14.979780488,14.9701410232,0.4901117155854699,0.0008843393835515911,1.4406226677249607e-06,medium_energy
2992,14.965584598,14.984873917000002,14.97522161785,0.48987900234438086,0.0008842837090110023,1.4404696136961052e-06,medium_energy
2993,14.970638924,14.989894249,14.980297933849997,0.48964629591652997,0.0008842863451397065,1.440421190968496e-06,medium_energy
2994,14.975747773,14.994893902,14.98535293755,0.48941359316172717,0.0008842503413371006,1.44033770873961e-06,medium_energy
2995,14.980795857,14.999911137000002,14.990386645450002,0.48918089250910485,0.0008842825373057139,1.4404191408349633e-06,medium_energy
2996,14.985924133,15.004913655,14.99539746765,0.4889481832659387,0.0008842983046565833,1.4405017160881697e-06,medium_energy
2997,14.990893839000002,15.00991423,15.00039569805,0.48871547088833706,0.0008843259987418861,1.4406033279471962e-06,medium_energy
2998,14.995885306000002,15.014898543,15.0053967828,0.4884827497273571,0.0008843445874999745,1.4406561565782722e-06,medium_energy
2999,15.000884548,15.019915428,15.010398042400002,0.48825003239139575,0.0008843149997205813,1.4405794983380172e-06,medium_energy
3000,15.005934145,15.024879674,15.015398774949997,0.48801731751601524,0.0008843124214701903,1.4405211516035304e-06,medium_energy
3001,15.0109194,15.029897591,15.02039731735,0.4877846111484926,0.0008842582491518924,1.4403727268741786e-06,medium_energy
3002,15.015890859,15.03490035,15.025395699099999,0.4875519094467083,0.0008842765246911966,1.4403852437618798e-06,medium_energy
3003,15.020896533,15.039885715,15.030393173100004,0.4873192062526622,0.0008842631926170852,1.4403848887124138e-06,medium_energy
3004,15.025881518,15.044885197,15.035391990599999,0.48708650045092494,0.0008843087044185793,1.4405195912405447e-06,medium_energy
3005,15.030893274,15.049904357,15.040392072500001,0.486853784294982,0.0008843244224108204,1.4405989989110887e-06,medium_energy
3006,15.035885141,15.054882088,15.045399667499998,0.486621067234295,0.0008843350291609098,1.440638412520821e-06,medium_energy
3007,15.040890244000002,15.059917859,15.05040249855,0.4863883464919626,0.0008843327381776178,1.4406105522508568e-06,medium_energy
3008,15.045905406,15.064891192,15.05540457475,0.4861556341787875,0.0008842884727852662,1.440479584869707e-06,medium_energy
3009,15.050889339,15.069894501,15.060408430250002,0.4859229262748759,0.0008842867529371135,1.4404244976489077e-06,medium_energy
3010,15.055933786,15.074887631,15.0654023344,0.48569022445217264,0.0008842491618112902,1.440337690726832e-06,medium_energy
3011,15.060889075,15.079924454,15.07040414555,0.48545752250745167,0.0008842877697353146,1.4404288340026984e-06,medium_energy
3012,15.065921199000002,15.084892868,15.075405103049999,0.485224814222582,0.0008842902148823995,1.4404857905204314e-06,medium_energy
3013,15.070901104,15.089897069,15.080401635700003,0.4849921015960669,0.0008843332723316166,1.44061375499223e-06,medium_energy
3014,15.075934581,15.094884699,15.085401630449999,0.4847593808443606,0.0008843347104336985,1.4406364726528256e-06,medium_energy
3015,15.080901481,15.099894691,15.09039857595,0.4845266639987166,0.0008843228115589241,1.440593107628218e-06,medium_energy
3016,15.085895954,15.104887671,15.095398784599997,0.48429394833140726,0.000884307043856225,1.4405129560461777e-06,medium_energy
3017,15.090897580000002,15.10991202,15.100400643850003,0.48406124270575884,0.0008842631624501052,1.4403841409251259e-06,medium_energy
3018,15.095900379,15.114892436000002,15.1053980176,0.4838285395170355,0.0008842769513882076,1.4403878493894175e-06,medium_energy
3019,15.100894361000002,15.119901086,15.110402233250003,0.4835958373658567,0.0008842609684264757,1.4403815317097825e-06,medium_energy
3020,15.105892641,15.124904074000002,15.115402743900002,0.4833631305592311,0.0008843130608395811,1.4405256288653884e-06,medium_energy
3021,15.110887845,15.129890983,15.1204012227,0.48313041549177316,0.0008843159326756833,1.4405816152309236e-06,medium_energy
3022,15.115916502,15.134929519000002,15.125404049299998,0.482897698270604,0.0008843423325207156,1.4406491949121985e-06,medium_energy
3023,15.120890867000002,15.139890589,15.130400640050002,0.48266497774086103,0.0008843240631684068,1.4405948980309698e-06,medium_energy
3024,15.125893094,15.14488941,15.135399893850002,0.48243226572159603,0.0008842967644859256,1.4404956923102686e-06,medium_energy
3025,15.130895843,15.149944106,15.140400979150002,0.4821995568177681,0.0008842823650586085,1.440419236948588e-06,medium_energy
3026,15.135891578,15.154892602,15.1454032932,0.48196685570598763,0.0008842533184028056,1.4403470541853757e-06,medium_energy
3027,15.140887103,15.159928683,15.15040660315,0.4817341524373555,0.0008842878187751979,1.4404293234535133e-06,medium_energy
3028,15.145895472,15.164891787,15.155406585899996,0.4815014453903169,0.0008842866987902043,1.4404780640969781e-06,medium_energy
3029,15.150886638,15.169904584,15.160405088249998,0.48126873199663595,0.0008843373778403829,1.4406185971659315e-06,medium_energy
3030,15.155928711,15.174887706000002,15.165403676300002,0.4810360123078241,0.0008843263737992046,1.4406196385061135e-06,medium_energy
3031,15.160890883,15.17988299,15.1703963707,0.4808032952184482,0.0008843308852669041,1.4406071126781526e-06,medium_energy
3032,15.165892789,15.184887422,15.17539534895,0.4805705794825926,0.0008842994724487241,1.4405008910353329e-06,medium_energy
3033,15.170929963,15.189899418,15.180395593699998,0.4803378740017658,0.0008842716696131347,1.4404017968965725e-06,medium_energy
3034,15.17588456,15.194972068,15.1854083134,0.4801051697604962,0.0008842726469087681,1.440382074623168e-06,medium_energy
3035,15.180931462,15.200042575,15.190440781600003,0.47987246845871506,0.0008842639959363296,1.4403874547202806e-06,medium_energy
3036,15.185881281,15.205098784,15.195485309949998,0.47963976057647156,0.0008843124531328073,1.4405229312073933e-06,medium_energy
3037,15.19089002,15.21013212,15.200540993850003,0.4794070468963484,0.0008843117602844175,1.4405719367213983e-06,medium_energy
3038,15.195983621000002,15.215262981,15.205600172950003,0.4791743289899211,0.0008843467103546998,1.440654811474524e-06,medium_energy
3039,15.201051111000002,15.220262303,15.210658028950002,0.47894160933316315,0.0008843166237318401,1.4405814350665606e-06,medium_energy
3040,15.206102612,15.225319334000002,15.215716602950002,0.47870889689530866,0.0008843055246572917,1.4405125678341243e-06,medium_energy
3041,15.211173569,15.230377096000002,15.22077591535,0.4784761876940708,0.0008842756215728387,1.4404097645225192e-06,medium_energy
3042,15.216231933,15.235420922,15.225832317199998,0.4782434867224519,0.0008842611882817208,1.440362985602808e-06,medium_energy
3043,15.221289796,15.240490267,15.2308895146,0.4780107825227953,0.0008842831723727129,1.4404214976138502e-06,medium_energy
3044,15.22632745,15.245530927,15.23594201955,0.4777780765438818,0.0008842883794333289,1.4404796376454916e-06,medium_energy
3045,15.231382537000002,15.250573921,15.240994447400002,0.47754536228354916,0.0008843366608362047,1.4406148770217674e-06,medium_energy
3046,15.236459606,15.255610043,15.246045012249999,0.47731264397758977,0.0008843221333085793,1.4406101427221299e-06,medium_energy
3047,15.241483765000002,15.260646134000002,15.2510856302,0.47707992612199723,0.000884336202010394,1.4406161043201543e-06,medium_energy
3048,15.246571735000002,15.265682957,15.256123031100003,0.4768472109798177,0.00088429291874631,1.4404906672618384e-06,medium_energy
3049,15.251581526,15.270727494,15.261159654050001,0.4766145049512295,0.0008842807994859925,1.4404204169041428e-06,medium_energy
3050,15.256633277,15.275766652,15.2661910431,0.47638180032967214,0.0008842659309635792,1.4403721230404822e-06,medium_energy
3051,15.261653168,15.280809185,15.271227365049999,0.4761490993306028,0.0008842707801778871,1.440400004282476e-06,medium_energy
3052,15.266702986,15.285885643,15.27627837975,0.4759163907236008,0.0008843072558066822,1.440512237826378e-06,medium_energy
3053,15.271728146,15.290891558,15.281321383249999,0.4756836782906058,0.0008843126218325281,1.4405711736021275e-06,medium_energy
3054,15.276783775,15.295936426,15.286369217450002,0.475450959577004,0.0008843464628763287,1.4406522566937937e-06,medium_energy
3055,15.281783648,15.300903487,15.291401097900001,0.4752182411384854,0.0008843129746018974,1.4405746068972641e-06,medium_energy
3056,15.286880304,15.305904311,15.296409415300001,0.474985527761168,0.0008843117840005577,1.440524939038241e-06,medium_energy
3057,15.291963885,15.310940273000002,15.301418325400002,0.474752818921787,0.000884269630486989,1.4404015690595272e-06,medium_energy
3058,15.296898915000002,15.31595812,15.30641399195,0.47452011741054784,0.0008842699316601865,1.4403804788312459e-06,medium_energy
3059,15.30191572,15.320910352,15.3114140693,0.4742874129187921,0.0008842759928686661,1.4404092419713615e-06,medium_energy
3060,15.306898892,15.325918281000002,15.3164158249,0.4740547074844496,0.0008842939237432845,1.4404881750461851e-06,medium_energy
3061,15.311921407000002,15.330887325,15.3214095562,0.4738219926731981,0.0008843313551514242,1.4406030504893547e-06,medium_energy
3062,15.316903106000002,15.335911274,15.326403399200004,0.4735892756435847,0.0008843228239693857,1.4406094332042432e-06,medium_energy
3063,15.32189796,15.340930413,15.331401967249999,0.47335655688395895,0.0008843369938720258,1.4406169310468006e-06,medium_energy
3064,15.326918261,15.345887395,15.33639843375,0.47312384270317126,0.000884289955328299,1.4404867857539907e-06,medium_energy
3065,15.331886494,15.350899231,15.341400620600002,0.472891135604638,0.0008842876117878262,1.4404347615690948e-06,medium_energy
3066,15.336891758,15.355886470000002,15.3464034297,0.47265843125129214,0.0008842598267947976,1.4403633523678019e-06,medium_energy
3067,15.341878796,15.360909597,15.351403042200001,0.4724257298845472,0.0008842785945092912,1.4404143607148956e-06,medium_energy
3068,15.346913555,15.365923546,15.35640826575,0.4721930211588539,0.0008842994943139004,1.4404972015984715e-06,medium_energy
3069,15.351881348,15.370884175,15.361405616500003,0.47196030947670664,0.0008843173285342232,1.4405772365996602e-06,medium_energy
3070,15.356908432,15.375913844,15.366404043150002,0.47172759024416777,0.0008843417016182187,1.44064177216766e-06,medium_energy
3071,15.361882646000002,15.380903057,15.3714019724,0.4714948729534285,0.0008843140520457538,1.4405760387231183e-06,medium_energy
3072,15.366900403,15.385914241000002,15.37640002195,0.4712621584846355,0.000884313718850116,1.4405295525826692e-06,medium_energy
3073,15.371884586,15.390877485,15.381399361449999,0.4710294503902392,0.0008842669706465855,1.4403991684154237e-06,medium_energy
3074,15.376884479,15.395911904,15.3863997014,0.47079674781182257,0.0008842766427807902,1.440394349172317e-06,medium_energy
3075,15.38196775,15.400882842,15.39139841775,0.47056404365961535,0.0008842692181998957,1.4403977753714505e-06,medium_energy
3076,15.386894906,15.405893054000002,15.396395365150003,0.47033133811077177,0.0008843007158709781,1.44049904267348e-06,medium_energy
3077,15.391912813,15.410880674,15.401395244549999,0.4700986233254582,0.0008843233591164235,1.4405865606335391e-06,medium_energy
3078,15.396896245,15.415919591000002,15.4063988345,0.46986590710997084,0.0008843273890652981,1.4406156379201794e-06,medium_energy
3079,15.401905315,15.420897072,15.41140046125,0.46963318771104967,0.0008843332660894987,1.4406096616719724e-06,medium_energy
3080,15.406893085,15.425877668000002,15.416396003550002,0.4694004744567587,0.0008842915989192845,1.4404909917059427e-06,medium_energy
3081,15.411970705000002,15.430902669000002,15.4213980787,0.46916776611766425,0.0008842902471216108,1.440441532850909e-06,medium_energy
3082,15.416901487,15.435878486000002,15.426390146400001,0.4689350624248149,0.0008842568964668729,1.4403602274567969e-06,medium_energy
3083,15.421875271,15.440884861,15.431388736949998,0.4687023601530765,0.0008842845905636665,1.440425468051207e-06,medium_energy
3084,15.426875264,15.445895364000002,15.436393283800001,0.468469651924509,0.0008842920006025268,1.440482830068791e-06,medium_energy
3085,15.431880277,15.450892482,15.441391571299999,0.46823694034873353,0.0008843233979449749,1.4405857617922843e-06,medium_energy
3086,15.436894537,15.455875974,15.44639746815,0.4680042211528965,0.000884334178207824,1.440626510839503e-06,medium_energy
3087,15.441909058,15.460911755,15.4513990584,0.4677715045834452,0.0008843189511589244,1.4405841599502376e-06,medium_energy
3088,15.446893792,15.465888544,15.456400687699997,0.46753878926717196,0.0008843112067236647,1.4405262106959083e-06,medium_energy
3089,15.451883125,15.47093198,15.461401375699998,0.4673060819105153,0.0008842687590799314,1.4404045188895196e-06,medium_energy
3090,15.456920209000002,15.475907827,15.46639928545,0.4670733780732707,0.0008842794027028589,1.4404011501107347e-06,medium_energy
3091,15.461918058,15.480899715,15.471401334000001,0.4668406746542971,0.0008842654194785027,1.4403916205439916e-06,medium_energy
3092,15.466890859,15.485882506,15.4763967971,0.46660796844748625,0.0008843059372756201,1.4405071990092595e-06,medium_energy
3093,15.471940406000002,15.490878021,15.481399457400002,0.4663752542894873,0.0008843154321950819,1.4405703354201308e-06,medium_energy
3094,15.476894272,15.495889145,15.486399967649998,0.4661425382668261,0.0008843334447110052,1.4406245280833604e-06,medium_energy
3095,15.481881551,15.500885211000002,15.49139656545,0.4659098187651132,0.0008843266624997681,1.4405973030415557e-06,medium_energy
3096,15.486893728,15.505892718,15.496397187400001,0.4656771060479423,0.0008842970533144978,1.4405018592500794e-06,medium_energy
3097,15.491907377,15.510894454,15.501393188999998,0.4654443966860489,0.0008842884984101018,1.4404404214844366e-06,medium_energy
3098,15.496888464,15.515897524,15.506391273600002,0.465211693669003,0.0008842583109310298,1.4403647501089325e-06,medium_energy
3099,15.501885161,15.520893559,15.511392884850002,0.4649789902746842,0.0008842868357419875,1.44042989858451e-06,medium_energy
3100,15.506896436000002,15.525909192,15.516397167600001,0.46474628293930975,0.0008842873105212035,1.4404735405055073e-06,medium_energy
3101,15.511888394,15.530889879000002,15.521399331949999,0.4645135709234687,0.0008843280863831127,1.4405918926046234e-06,medium_energy
3102,15.516912402,15.535887017,15.526403599199998,0.46428085235867045,0.000884326538162894,1.4406111582568598e-06,medium_energy
3103,15.521907646,15.540904503,15.531405124349996,0.46404813591453564,0.0008843254267602574,1.4405950382302397e-06,medium_energy
3104,15.526896018,15.545905187,15.53640588255,0.4638154202705783,0.0008843057444831715,1.4405176100752514e-06,medium_energy
3105,15.531913714000002,15.550888118,15.541404719550002,0.4635827132921661,0.0008842743442167289,1.4404164939796434e-06,medium_energy
3106,15.536899531,15.555892389,15.546403983850002,0.4633500083851835,0.0008842778829682985,1.4404003011073103e-06,medium_energy
3107,15.541930082,15.560902792,15.551402465649996,0.4631173057295346,0.0008842658574241824,1.4403929836547165e-06,medium_energy
3108,15.546883557,15.565891484000002,15.55639763925,0.4628845986249601,0.0008843076061202937,1.4405090796706367e-06,medium_energy
3109,15.551892888,15.570894182000002,15.561396812850003,0.46265188549331493,0.0008843101134461961,1.4405588521520566e-06,medium_energy
3110,15.556903862,15.575882664000002,15.566391994,0.46241916912315323,0.0008843382834324842,1.4406312694172608e-06,medium_energy
3111,15.56189039,15.580888849,15.571390767400004,0.46218645010718884,0.0008843197560111093,1.4405844654939882e-06,medium_energy
3112,15.566889912,15.585888061,15.5763911313,0.4619537373588602,0.000884304167904304,1.4405155773060278e-06,medium_energy
3113,15.571884715,15.590898423,15.581391647049998,0.4617210274713706,0.0008842837600058218,1.4404339847690719e-06,medium_energy
3114,15.576890529000002,15.595877206,15.58638944205,0.46148832479603963,0.000884263515953998,1.4403759148108541e-06,medium_energy
3115,15.581889491,15.600897047,15.5913872165,0.4612556204346035,0.0008842849275118581,1.4404269783287187e-06,medium_energy
3116,15.586883563,15.60590726,15.59638645025,0.4610229140378312,0.0008842867284162836,1.4404715713970866e-06,medium_energy
3117,15.591881522,15.610896412,15.601386304650001,0.4607902013234577,0.0008843294092421572,1.4405921045061572e-06,medium_energy
3118,15.59687888,15.615890094,15.60638862275,0.4605574837979449,0.0008843212804086065,1.44060008555834e-06,medium_energy
3119,15.601883943,15.620890297,15.611390779650003,0.46032476694824853,0.0008843308489225876,1.4406040231128126e-06,medium_energy
3120,15.606889948,15.625901712,15.6163909847,0.46009205156053773,0.0008842997931033936,1.4405081262735665e-06,medium_energy
3121,15.611903887,15.630876748,15.621389178000001,0.45985934441430387,0.0008842817047086116,1.4404315493665787e-06,medium_energy
3122,15.61689822,15.635885578000002,15.62639471725,0.4596266389085207,0.0008842733422644855,1.440394075246754e-06,medium_energy
3123,15.621899345,15.640890941,15.631395536400001,0.4593939367010812,0.0008842701057326097,1.440401117869185e-06,medium_energy
3124,15.626874030000002,15.645890173000002,15.636395641350001,0.45916122882308247,0.0008843052178200139,1.440503788672479e-06,medium_energy
3125,15.631985074,15.650895637,15.641397653950005,0.45892851677964036,0.0008843087791828297,1.4405545134635772e-06,medium_energy
3126,15.636891680000002,15.655881974,15.64639561225,0.45869579979318614,0.0008843398909794131,1.4406322537394342e-06,medium_energy
3127,15.641902905,15.660918747,15.651396025300002,0.45846308168190825,0.0008843150327582094,1.4405755370442392e-06,medium_energy
3128,15.646895594000002,15.665911516,15.6563974632,0.45823036838339914,0.000884310360952989,1.4405275525619333e-06,medium_energy
3129,15.651890057,15.670878277000002,15.66139912345,0.45799765854403784,0.0008842784098420098,1.440426482731255e-06,medium_energy
3130,15.656884449,15.675890894,15.666394114199997,0.4577649556822433,0.0008842705885899194,1.440390319596763e-06,medium_energy
3131,15.661887478,15.680891799,15.6713927604,0.45753225079365645,0.0008842800205269286,1.4404188184470325e-06,medium_energy
3132,15.666897701000002,15.685897332,15.676393401800004,0.45729954503931625,0.0008842899251950698,1.4404763184845917e-06,medium_energy
3133,15.67187966,15.690886846,15.681391636250002,0.4570668317235943,0.0008843267918453024,1.440585399551672e-06,medium_energy
3134,15.676879413000002,15.695885176,15.686393171400002,0.4568341153207004,0.0008843198235979899,1.440595750107051e-06,medium_energy
3135,15.68188179,15.700904556,15.691392422150003,0.4566013977908955,0.0008843332013813154,1.4406075272546028e-06,medium_energy
3136,15.686893556,15.705891554,15.696391048800004,0.45636868308881884,0.0008842957996240131,1.4405020628523403e-06,medium_energy
3137,15.691894351,15.710893,15.701390825550002,0.4561359752641474,0.0008842883287201175,1.440445235209947e-06,medium_energy
3138,15.696885186,15.715897983,15.706391389850001,0.4559032697177251,0.0008842680561170213,1.4403865337319046e-06,medium_energy
3139,15.70190636,15.720888148,15.711392831299998,0.455670567443714,0.0008842763559275824,1.440412836964898e-06,medium_energy
3140,15.706890553,15.725900133,15.716392586499998,0.45543785920188035,0.0008842998113101075,1.440493214153154e-06,medium_energy
3141,15.711883894,15.730882233,15.721393336699998,0.45520514797187434,0.0008843112085860638,1.440556918391703e-06,medium_energy
3142,15.716889768,15.735908085,15.7263968956,0.4549724304459623,0.0008843376146421278,1.4406263323710595e-06,medium_energy
3143,15.721887246,15.74089297,15.73139720995,0.45473971334666824,0.0008843139603733619,1.4405730747057059e-06,medium_energy
3144,15.726907949,15.745893494,15.736397877500002,0.4545069992194401,0.0008843136067592794,1.440534173195887e-06,medium_energy
3145,15.731884498,15.750904838,15.741398101049999,0.45427428986321966,0.0008842748614661944,1.4404221702791371e-06,medium_energy
3146,15.736895913,15.755918598,15.746400071,0.4540415863082751,0.0008842770791916976,1.4404036183610427e-06,medium_energy
3147,15.741894744,15.760891740000002,15.75139847715,0.45380888143076226,0.0008842742962897887,1.4404093181901603e-06,medium_energy
3148,15.746888936,15.765899788,15.756399298400002,0.4535761758170235,0.0008842951991860915,1.4404847797991817e-06,medium_energy
3149,15.751892516000002,15.77088317,15.7613975644,0.4533434622832953,0.0008843211675406137,1.4405734791836756e-06,medium_energy
3150,15.756881618,15.775882021,15.766390140550001,0.4531107467539224,0.0008843220464589963,1.440597926482619e-06,medium_energy
3151,15.761887172000002,15.780885992000002,15.77139016985,0.452878028605826,0.0008843317615552793,1.4406042763447287e-06,medium_energy
3152,15.766897305,15.785897257,15.776389513450003,0.45264531471943936,0.0008842952724261166,1.4405020527063474e-06,medium_energy
3153,15.771899422,15.79088706,15.781389805650003,0.4524126059319354,0.0008842921850487628,1.4404539260440884e-06,medium_energy
3154,15.776885128000002,15.795887525,15.78639100165,0.4521799007787827,0.0008842644016047729,1.4403818734710454e-06,medium_energy
3155,15.781896503,15.800887478000002,15.79139157045,0.4519471979327026,0.0008842822204426781,1.4404238987639645e-06,medium_energy
3156,15.786892518,15.805906457,15.796390876750001,0.4517144898440689,0.0008842934786441603,1.4404811049491772e-06,medium_energy
3157,15.79189703,15.810886482,15.8013907337,0.4514817789425173,0.0008843158014437136,1.4405632366829494e-06,medium_energy
3158,15.796885842000002,15.815885564,15.806393079849997,0.4512490612393301,0.000884332291786194,1.4406150454123141e-06,medium_energy
3159,15.801890143,15.82088693,15.8113931342,0.45101634493233417,0.0008843165057870195,1.4405769986555116e-06,medium_energy
3160,15.806895968,15.825886322,15.816394327200001,0.45078363002401806,0.0008843131244483105,1.4405340703971906e-06,medium_energy
3161,15.811905769,15.83089436,15.821403039449999,0.4505509212999022,0.000884274649599115,1.4404237149363084e-06,medium_energy
3162,15.816890524000002,15.835886729,15.826402549249996,0.45031821675680117,0.0008842809638442417,1.4404122098597547e-06,medium_energy
3163,15.821885768,15.840900258,15.831403133999999,0.4500855123190745,0.0008842700828761707,1.440402575828934e-06,medium_energy
3164,15.826897253,15.845902585,15.8364025751,0.4498528063410026,0.0008843002376437981,1.4404928616525299e-06,medium_energy
3165,15.831885514,15.850879194,15.841396265350003,0.44962009308901313,0.000884314529238317,1.4405599036068463e-06,medium_energy
3166,15.836892019,15.855879839000002,15.846398109599999,0.44938737796910466,0.000884326460747431,1.4406040002258363e-06,medium_energy
3167,15.841896882,15.860911963,15.851396604999996,0.44915465954911776,0.0008843272616677056,1.4405956060231013e-06,medium_energy
3168,15.846925279,15.865889904,15.856400583750002,0.44892194628678633,0.0008842982745775885,1.4405082026398628e-06,medium_energy
3169,15.851883854,15.870893985,15.861398840750002,0.4486892365687357,0.000884292424206734,1.4404561088050288e-06,medium_energy
3170,15.856879338,15.875904598000002,15.86639476865,0.4484565319694621,0.0008842639493096272,1.440382844089767e-06,medium_energy
3171,15.86193681,15.880886557,15.871396068300001,0.4482238282439394,0.0008842856708284885,1.4404306728922375e-06,medium_energy
3172,15.86689239,15.885885228,15.876390608700001,0.44799112072957004,0.0008842885134328071,1.4404715222521236e-06,medium_energy
3173,15.871882324,15.890884540000002,15.88139021265,0.44775840965695063,0.0008843203048876092,1.4405694625403534e-06,medium_energy
3174,15.876889060000002,15.895894843,15.88639108305,0.44752569226266425,0.0008843258353365968,1.4406018362009142e-06,medium_energy
3175,15.881886167,15.900893664000002,15.891391518100003,0.44729297630963333,0.0008843212721182936,1.4405848351251412e-06,medium_energy
3176,15.886893174,15.905895841,15.8963968985,0.44706026095084184,0.0008843095626919761,1.4405284514250274e-06,medium_energy
3177,15.891882757,15.910889102,15.901398149550001,0.4468275526923294,0.0008842779087459007,1.4404313246489025e-06,medium_energy
3178,15.8968933,15.915876421,15.9063962948,0.44659484717301556,0.0008842813479112976,1.4404145187528843e-06,medium_energy
3179,15.901888434000002,15.920885211000002,15.911394873300003,0.44636214334342644,0.0008842689625180866,1.4404013385526824e-06,medium_energy
3180,15.906890011000002,15.925898188,15.916390379500005,0.44612943668066507,0.0008843030316212919,1.4404969916202987e-06,medium_energy
3181,15.911885666000002,15.930895747,15.921391962750002,0.4458967241271834,0.0008843091150581017,1.4405486174628678e-06,medium_energy
3182,15.916901218,15.935882686,15.926393337050001,0.44566400892699,0.0008843308948423001,1.440610136412632e-06,medium_energy
3183,15.921887195000002,15.940895593,15.9313946367,0.44543129071251375,0.0008843215156248974,1.4405847637875004e-06,medium_energy
3184,15.926891206,15.945888463,15.936394303399998,0.445198577660887,0.00088430351750729,1.4405182532452148e-06,medium_energy
3185,15.931900336000002,15.950886202,15.94139359675,0.44496586732576926,0.0008842895940937012,1.440452784510356e-06,medium_energy
3186,15.936882335000002,15.95592052,15.9463997546,0.4447331631321575,0.0008842669201670206,1.4403898260688449e-06,medium_energy
3187,15.941895554,15.960984294,15.951407875250002,0.4445004585170723,0.0008842857516330738,1.4404314485817104e-06,medium_energy
3188,15.946888664,15.965895178,15.9564090591,0.4442677517503045,0.0008842865261771138,1.440467287672887e-06,medium_energy
3189,15.951888737,15.970917364000002,15.96141025965,0.4440350401782984,0.0008843227133654152,1.4405720088843332e-06,medium_energy
3190,15.956946790000002,15.975890346000002,15.966404550050001,0.4438023235083991,0.0008843204467509636,1.4405906132105071e-06,medium_energy
3191,15.961911356000002,15.980897603,15.971395933950003,0.44356960733489625,0.0008843263661413858,1.44059426407745e-06,medium_energy
3192,15.966905178,15.985892116,15.97639669115,0.44333689197933224,0.0008843046381556974,1.4405211091846771e-06,medium_energy
3193,15.971883059,15.990882801,15.9813943679,0.44310418381404804,0.0008842833488876267,1.4404421995334534e-06,medium_energy
3194,15.976891489000002,15.995893414,15.986396410500001,0.4428714776378585,0.0008842785599583736,1.4404094600148508e-06,medium_energy
3195,15.981932159,16.000897325,15.991398417500003,0.44263877441858474,0.0008842709610802912,1.4404052717300947e-06,medium_energy
3196,15.986892337,16.005926784,15.996401843700003,0.44240606706366403,0.0008843026238514184,1.4404954841768467e-06,medium_energy
3197,15.991900555,16.01091254,16.00140709835,0.44217335536906566,0.0008843066716073822,1.440543005406471e-06,medium_energy
3198,15.996905598,16.015902965000002,16.006409860300003,0.4419406397015516,0.000884333658282499,1.4406138198689727e-06,medium_energy
3199,16.001903628,16.020949777000002,16.0114124444,0.44170792205144666,0.0008843168159674009,1.440576163652782e-06,medium_energy
3200,16.006919992,16.025899646000003,16.016408261300004,0.44147520872754453,0.0008843090210186033,1.4405287553085273e-06,medium_energy
3201,16.011909405,16.030886203,16.021404044550003,0.44124249824311407,0.0008842851768458004,1.4404463189492483e-06,medium_energy
3202,16.016895853,16.035885746,16.026401859150003,0.4410097941359547,0.0008842719857273806,1.4404000328179957e-06,medium_energy
3203,16.02190323,16.040894365,16.0313990982,0.4407770889443305,0.0008842826870996134,1.440426301909063e-06,medium_energy
3204,16.026892212,16.045895931,16.0363988323,0.44054438283287584,0.0008842878341451255,1.4404689155831005e-06,medium_energy
3205,16.031888749,16.050893019,16.04139774895,0.4403116706895066,0.0008843221703730975,1.440569636397918e-06,medium_energy
3206,16.036886538,16.055901088000002,16.04640148075,0.44007895488783716,0.0008843179480964025,1.4405850309900516e-06,medium_energy
3207,16.041898634000002,16.060917542000002,16.051400968050004,0.439846238311773,0.0008843293791435669,1.440598214767836e-06,medium_energy
3208,16.046891424000002,16.065889833,16.05640189105,0.43961352338135484,0.000884300495537893,1.4405138095139957e-06,medium_energy
3209,16.051887099,16.070894475,16.061404474699998,0.4393808148478778,0.0008842891376588669,1.4404543393676558e-06,medium_energy
3210,16.056893364,16.075893326000003,16.06639916685,0.4391481084431651,0.0008842743523969632,1.4404048787629627e-06,medium_energy
3211,16.061884550000002,16.080891666,16.071400507550003,0.43891540525984885,0.000884275652490274,1.440414307575981e-06,medium_energy
3212,16.066901005000002,16.085907158,16.07640099415,0.43868269742386445,0.0008842992144426076,1.440488655994342e-06,medium_energy
3213,16.071895357000002,16.09090098,16.081399974449997,0.43844998651013734,0.000884307341609214,1.4405425602183048e-06,medium_energy
3214,16.076901853000003,16.095895593,16.08639958445,0.43821727037116764,0.0008843330699379037,1.4406110426804813e-06,medium_energy
3215,16.081891757,16.100913971,16.091397859950003,0.437984553558319,0.0008843144915378076,1.4405713957699264e-06,medium_energy
3216,16.086905736000002,16.105887484,16.096395852900002,0.4377518396590281,0.0008843127478694313,1.4405359934919422e-06,medium_energy
3217,16.091886964,16.110900803,16.101395521999997,0.4375191294361536,0.0008842815234900159,1.4404414939276464e-06,medium_energy
3218,16.096896736,16.115894283,16.106395802250002,0.43728642492233494,0.0008842777181402028,1.4404118343545768e-06,medium_energy
3219,16.101896238000002,16.120893575,16.1113978849,0.437053719528741,0.0008842782408358119,1.4404190878010942e-06,medium_energy
3220,16.106905329,16.125896895,16.1163983165,0.4368210136971169,0.0008842915946116747,1.440474948271707e-06,medium_energy
3221,16.111900943000002,16.130916104,16.1214017542,0.4366115722791646,0.0006981505327967596,1.1264551147486348e-06,medium_energy
3222,16.116923239000002,16.135903354,16.126405405900005,0.4364603060077411,0.0004654394247989302,5.063858494102338e-07,medium_energy
3223,16.121894969,16.140893318,16.131401909050002,0.43636721524013894,0.0002327420622841303,9.479250246276103e-08,medium_energy
3224,16.126891856,16.145887169,16.136400236049997,0.43633230494730135,1.707673380479946e-08,5.092903983499538e-16,low_energy
3225,16.131908901000003,16.150904515,16.1413964887,0.4363323062823577,1.8116641520293797e-08,7.58167034116591e-16,low_energy
3226,16.136887494,16.155929626000002,16.14639755935,0.43633231061533523,3.3325091131075624e-08,1.9532493900364367e-15,medium_energy
3227,16.1418888,16.160884494,16.15139979725,0.4363323177075461,2.853309677419702e-08,1.327046393087008e-15,medium_energy
3228,16.146893181,16.165888395,16.15640369585,0.43633232036726105,1.7231471360901196e-08,6.344226574879075e-16,low_energy
3229,16.151893635,16.170891784000002,16.16140389245,0.4363323204773651,2.3480580202406287e-08,7.092383388446111e-16,low_energy
3230,16.156883750000002,16.175921864,16.166402142849996,0.436332314607653,3.1412068501879276e-08,1.9724454280385143e-15,medium_energy
3231,16.161925883000002,16.180919633000002,16.171402277800002,0.4363323090979009,2.086411310386893e-08,1.2370111922428254e-15,low_energy
3232,16.166920937,16.18590034,16.176403653650002,0.43633230508408766,2.0594444316568428e-08,6.737188971473802e-16,low_energy
3233,16.171925939,16.190880345,16.181401243299995,0.4363323058973273,2.4170805801304596e-08,1.0059179462692687e-15,low_energy
3234,16.176889935000002,16.195894015,16.186398016450006,0.43633231125892724,2.17099023758216e-08,1.4637231009298618e-15,medium_energy
3235,16.181907541,16.200901923,16.191395916250002,0.43633231665333777,2.723764946921392e-08,1.6574471239550503e-15,medium_energy
3236,16.186885192000002,16.205881057000003,16.1963925727,0.4363323213103558,1.9084890057197157e-08,4.634341535506487e-16,low_energy
3237,16.191913188,16.21091283,16.201394974450004,0.43633231944145817,1.9760435066018545e-08,8.804495375286149e-16,low_energy
3238,16.196883936000003,16.215895641,16.206396698,0.43633231554276497,2.8038833477239677e-08,1.5299454296186376e-15,medium_energy
3239,16.201893137000003,16.220876858,16.21139746815,0.43633230860657396,3.1523466503813324e-08,1.6314741373099822e-15,medium_energy
3240,16.206920131,16.225886029,16.21639848225,0.436332305458443,1.492443063577653e-08,5.392566482332636e-16,low_energy
3241,16.211881672,16.230894568,16.22139793145,0.4363323060053316,1.866167131936436e-08,6.579840989895808e-16,low_energy
3242,16.216896823000003,16.235916904,16.226398237700003,0.43633231075002155,3.2795661297768675e-08,2.0002857818928133e-15,medium_energy
3243,16.221916003,16.240885307000003,16.23139856005,0.4363323172743071,2.484021960347249e-08,1.1981855925564926e-15,low_energy
3244,16.226882893000003,16.245892314000002,16.236397280850003,0.4363323202707023,1.8709509497227828e-08,6.74356678044454e-16,low_energy
3245,16.231892284,16.250904029,16.241395385500006,0.4363323204506971,2.446865637883988e-08,7.504080405924145e-16,low_energy
3246,16.236898269,16.255882772,16.24639468735,0.4363323146206085,2.776210189514572e-08,1.6949746523590656e-15,medium_energy
3247,16.241882232000002,16.260893966,16.25139336355,0.43633230954919233,2.1148424289574308e-08,1.3264636501478657e-15,medium_energy
3248,16.246880612,16.265880915,16.256392612350005,0.4363323049936388,1.9942793194616115e-08,5.88432294934025e-16,low_energy
3249,16.251880555,16.27088199,16.26139493745,0.43633230625475117,2.0871288697321688e-08,9.63002325693127e-16,low_energy
3250,16.256886289,16.275881162,16.266393284600003,0.4363323108161145,2.132936138821151e-08,1.3457422015977372e-15,medium_energy
3251,16.261893877000002,16.280883459000002,16.2713932432,0.4363323166832158,2.9310856797248874e-08,1.7245615102907847e-15,medium_energy
3252,16.26694163,16.285910995000002,16.276397997900002,0.43633232093288354,1.7188994172467886e-08,4.568134106050044e-16,low_energy
3253,16.271892801,16.290920676000002,16.28140082305,0.4363323194817454,1.7774071991993878e-08,7.3003000543316525e-16,low_energy
3254,16.276894728000002,16.295895522000002,16.286404605450002,0.43633231570375486,3.060740810800766e-08,1.6350758156392784e-15,medium_energy
3255,16.281880695,16.300909642,16.2914072788,0.43633230870237194,2.9713391691554847e-08,1.4124303657540921e-15,medium_energy
3256,16.286908511,16.305901940000002,16.296404678600002,0.4363323058766689,1.5443301693007783e-08,5.690332198044284e-16,low_energy
3257,16.291923993,16.310894019000003,16.301404006999995,0.43633230576239485,2.0165631775537207e-08,5.964955307783179e-16,low_energy
3258,16.296897727,16.315886317,16.306399543700003,0.43633231093115077,3.108283669339684e-08,1.9079905139231145e-15,medium_energy
3259,16.301907208,16.320891751,16.3113980716,0.4363323167452882,2.1444413300653054e-08,1.1543373579308786e-15,low_energy
3260,16.306932479,16.325887576,16.31639526955,0.4363323203274324,1.969860180528471e-08,6.879953441621272e-16,low_energy
3261,16.311889771,16.330883842000002,16.32139470015,0.43633232023698626,2.38203767266576e-08,8.11487660052341e-16,low_energy
3262,16.316896016,16.33588618,16.326396702200004,0.43633231481818396,2.2944840694094637e-08,1.4435754806207068e-15,medium_energy
3263,16.321889237,16.340916661,16.33139554475,0.4363323098187726,2.443253249717614e-08,1.4576773808389253e-15,medium_energy
3264,16.326911522,16.345880746000002,16.336395302999996,0.4363323050408593,2.0064247985285277e-08,4.966914201670115e-16,low_energy
3265,16.331893702000002,16.350889736000003,16.341394575349998,0.4363323065314029,1.960175310955492e-08,8.469545224888101e-16,low_energy
3266,16.336887794000003,16.355905630000002,16.346396945650003,0.43633231040005105,2.4302613199633782e-08,1.3171853779786477e-15,medium_energy
3267,16.341907634000002,16.360879904,16.351398638050004,0.43633231676532824,3.0618090285372546e-08,1.6665354127472358e-15,medium_energy
3268,16.346878703,16.365881350000002,16.356400280400003,0.436332320449064,1.5490335292245305e-08,4.8178196010422475e-16,low_energy
3269,16.351881081000002,16.370878708,16.36139783995,0.4363323196730905,1.6827059801105548e-08,6.19282494595509e-16,low_energy
3270,16.356937701,16.375880976,16.366395846850004,0.4363323156755083,3.158012257253873e-08,1.7373869677959995e-15,medium_energy
3271,16.36189298,16.380880428,16.3713947285,0.43633230898080233,2.6548421183658633e-08,1.2267608881148219e-15,low_energy
3272,16.366892802000002,16.385912151,16.376393981750006,0.43633230612396,1.7087029513529473e-08,6.114655237609815e-16,low_energy
3273,16.371917222,16.390896425,16.38140016575,0.4363323056538869,2.1674289918394152e-08,5.859555283090898e-16,low_energy
3274,16.376895053000002,16.395890387,16.38639923675,0.4363323110430996,2.8708326382798077e-08,1.6979477143465953e-15,medium_energy
3275,16.381882162,16.400900709000002,16.39139950845,0.43633231623252905,2.0209540763094225e-08,1.1832574081808588e-15,low_energy
3276,16.386925086,16.405903187,16.396400416450003,0.4363323204396254,1.9731029254899113e-08,6.454491598303984e-16,low_energy
3277,16.391899832,16.410892601,16.4013956592,0.4363323199064194,2.128658760369717e-08,8.333399812480791e-16,low_energy
3278,16.396892591,16.415879369000002,16.4063937678,0.4363323151671099,2.0301770875530423e-08,1.2676415207534475e-15,medium_energy
3279,16.401889369000003,16.420893439,16.411397988600005,0.4363323099009997,2.706014967657211e-08,1.5760103470027392e-15,medium_energy
3280,16.406905382,16.425879395000003,16.416396722400002,0.4363323052716888,1.8719710281889235e-08,4.4373947483111334e-16,low_energy
3281,16.411882602000002,16.430878266,16.4213947398,0.4363323066481463,1.7924128903334946e-08,7.090781221634922e-16,low_energy
3282,16.41692193,16.435883029,16.4263987717,0.4363323101128989,2.7273678482320207e-08,1.3651955187374628e-15,medium_energy
3283,16.421898619,16.440934188,16.4313965662,0.436332316785613,3.015531557792883e-08,1.4998578854704367e-15,medium_energy
3284,16.426880718,16.44593305,16.436398017700004,0.43633231996854727,1.469468280390629e-08,5.134743949882912e-16,low_energy
3285,16.431937479000002,16.450890683,16.441397676850002,0.4363323199221907,1.747172095889482e-08,5.398602759107902e-16,low_energy
3286,16.436887608,16.455892509,16.44640148365,0.43633231552304774,3.059889319700915e-08,1.7562597525011708e-15,medium_energy
3287,16.441882561,16.460889557,16.4513984506,0.43633230941404283,2.2945769728721643e-08,1.1187959146191842e-15,low_energy
3288,16.446878006000002,16.465896123,16.456399613050003,0.43633230618939206,1.8315888306030814e-08,6.562730116779003e-16,low_energy
3289,16.451909278000002,16.470894543,16.4614059387,0.43633230572976983,2.224761530555952e-08,6.247305125260832e-16,low_energy
3290,16.456881098,16.475940082,16.466399285450002,0.4363323110041256,2.4871105230861446e-08,1.4491546986365123e-15,medium_energy
3291,16.461880711000003,16.480885632,16.471398752200002,0.43633231583906806,2.1085380608187876e-08,1.2724819409009694e-15,medium_energy
3292,16.466883289000002,16.48589308,16.4763962426,0.4363323204944944,2.0007453416237553e-08,5.587978846317758e-16,low_energy
3293,16.471875267,16.490879577,16.48138923505,0.43633231956584745,1.9209588586477366e-08,7.840713871420834e-16,low_energy
3294,16.476884648000002,16.495892144000003,16.486388887049998,0.43633231557838037,2.0867009398184422e-08,1.1753853626949723e-15,low_energy
3295,16.481881074,16.500884052,16.491391083899998,0.43633230985566984,2.8601381707460405e-08,1.6130160551463103e-15,medium_energy
3296,16.486899342,16.50588618,16.4963913162,0.43633230566352565,1.6798777535687037e-08,4.389262144822273e-16,low_energy
3297,16.491877684000002,16.51087952,16.5013919316,0.4363323065891057,1.589048892469691e-08,5.924776538405474e-16,low_energy
3298,16.496914237000002,16.515877079000003,16.5063921052,0.43633231000840744,2.9315956828757095e-08,1.4586607222178187e-15,medium_energy
3299,16.501915022000002,16.520896018000002,16.511392376499998,0.43633231666017147,2.7877804120723937e-08,1.2982073346563136e-15,medium_energy
3300,16.506882012000002,16.525886343,16.516393369000003,0.43633231959488306,1.5488401672314467e-08,5.513807643958687e-16,low_energy
3301,16.511884731000002,16.530895523,16.521395885500002,0.43633232011780165,1.8717694116876515e-08,4.916391445592165e-16,low_energy
3302,16.516901516,16.53589721,16.52639897505,0.4363323153500295,2.85535328714559e-08,1.6510869523449927e-15,medium_energy
3303,16.521890538,16.540916850000002,16.531397130250003,0.43633230991751165,1.983550479423002e-08,1.0886474470490793e-15,low_energy
3304,16.52693738,16.545882348000003,16.5363965168,0.4363323061274048,1.9083229163552318e-08,6.67074962765322e-16,low_energy
3305,16.531903479,16.550903551,16.541396421349994,0.4363323059727728,2.1229894286989293e-08,6.751395390920803e-16,low_energy
3306,16.53688622,16.555882004,16.5463990956,0.436332310793545,2.0140341894236968e-08,1.2366334671087795e-15,low_energy
3307,16.541891262,16.560925880000003,16.55140156595,0.43633231562244407,2.4666863218669732e-08,1.3940385153383434e-15,medium_energy
3308,16.546890725,16.565901227,16.5564020877,0.4363323204060855,1.9721448418774656e-08,4.744206913396626e-16,low_energy
3309,16.551886219,16.570899356,16.561401520350003,0.43633231931916905,1.7827312015494812e-08,6.827454359634397e-16,low_energy
3310,16.556925316,16.575878120000002,16.566395756700004,0.43633231594223665,2.3677870331084705e-08,1.160799230590029e-15,low_energy
3311,16.561892017,16.580882210000002,16.5713939224,0.4363323097831763,2.9522450206709294e-08,1.5340061574291384e-15,medium_energy
3312,16.566901338,16.585884248,16.57639595345,0.4363323061361125,1.522503101369921e-08,4.61615349244822e-16,low_energy
3313,16.571882124000002,16.5909049,16.5813952534,0.43633230640362763,1.5536353481504506e-08,5.05849714928735e-16,low_energy
3314,16.576877759000002,16.595876199000003,16.5863949821,0.43633231007446904,2.9751440422387532e-08,1.5358321106451785e-15,medium_energy
3315,16.581936133000003,16.600894817,16.5913967312,0.43633231636392666,2.4641005680337003e-08,1.1357912462456692e-15,low_energy
3316,16.58688533,16.605937872000002,16.59639399025,0.43633231938901795,1.6863259177934964e-08,6.010758135941022e-16,low_energy
3317,16.591882097000003,16.610891698,16.601393762999997,0.4363323201722438,1.9932152817148108e-08,4.869145853032309e-16,low_energy
3318,16.596897069,16.615889266,16.60639489935,0.436332315260204,2.6051812207494862e-08,1.4522188855886959e-15,medium_energy
3319,16.601877365,16.620889199,16.611393411749997,0.4363323103832137,1.937712390542856e-08,1.1238340843340985e-15,low_energy
3320,16.606885964,16.625893180000002,16.616392575400003,0.43633230603484285,1.922646486463009e-08,6.199758490694168e-16,low_energy
3321,16.611888743,16.630890989,16.6213937503,0.43633230630723646,1.8973407678313237e-08,6.859066291300729e-16,low_energy
3322,16.616898514000003,16.635890512,16.626393200550005,0.4363323104556039,1.8973407678313237e-08,1.0938573523325874e-15,low_energy
3323,16.621886585000002,16.640889172,16.63139196495,0.43633231557581575,2.673312948786588e-08,1.4911366986480358e-15,medium_energy
3324,16.626895495,16.645898243,16.636392364400002,0.4363323201449717,1.8228637321815455e-08,4.3004507722098217e-16,low_energy
3325,16.631888926000002,16.650890461,16.641390963050004,0.4363323192305787,1.609529931556608e-08,5.739221631579031e-16,low_energy
3326,16.636889791,16.655886256000002,16.646393596200006,0.43633231616927315,2.6312234169267867e-08,1.2118265329555587e-15,low_energy
3327,16.641885726,16.660907139000003,16.6513998132,0.43633230978695015,2.862198478226219e-08,1.3677084411071055e-15,medium_energy
3328,16.646900167000002,16.665886954,16.656400813350007,0.4363323065832706,1.460182369461549e-08,4.949623303861471e-16,low_energy
3329,16.651884691,16.670884954,16.66140925,0.4363323061850936,1.623690160101887e-08,4.41913496751291e-16,low_energy
3330,16.656930811000002,16.675887251000002,16.6664058072,0.4363323102400397,2.8367594495648518e-08,1.530045637861251e-15,medium_energy
3331,16.661905026,16.680881143,16.671399950850002,0.4363323159362752,2.1173524322737336e-08,1.0458741035576649e-15,low_energy
3332,16.66697414,16.685884022,16.67639881035,0.4363323193491352,1.7840519284106904e-08,6.451483678805336e-16,low_energy
3333,16.671892228,16.690874076,16.68138762745,0.4363323200519641,2.0102382924935824e-08,5.217315893673028e-16,low_energy
3334,16.676900076000003,16.695897463,16.6863914314,0.43633231532056316,2.2109471586873042e-08,1.2329854049819329e-15,low_energy
3335,16.681890571,16.700897877000003,16.691390597999998,0.43633231072029083,2.1550114581714297e-08,1.2113364437644154e-15,low_energy
3336,16.686880435000003,16.70588154,16.696389841350005,0.43633230601448414,2.0038465164962105e-08,5.340294192997603e-16,low_energy
3337,16.691965399,16.710885360000002,16.70139244395,0.43633230662915456,1.7712749489362523e-08,6.364373925810718e-16,low_energy
3338,16.696885862000002,16.715897236,16.7063885573,0.4363323100801287,2.0504530573450808e-08,1.0228682162986707e-15,low_energy
3339,16.701890705,16.720889484,16.711389261399997,0.43633231563295033,2.787965236450418e-08,1.5024035294761978e-15,medium_energy
3340,16.706892571,16.725919264,16.71639272115,0.4363323197456709,1.6364511468136556e-08,4.280157413001713e-16,low_energy
3341,16.711884599,16.730908727000003,16.721397613650005,0.43633231930315547,1.4425837358000848e-08,4.855794036241237e-16,low_energy
3342,16.716894952,16.735915644000002,16.7264023559,0.4363323162218193,2.789064268426955e-08,1.2944869362751144e-15,medium_energy
3343,16.721882943,16.74091207,16.731407564999998,0.4363323099365412,2.6113442075370585e-08,1.184127457046523e-15,low_energy
3344,16.726908204,16.745891254,16.73640696605,0.4363323069128617,1.5452100099455635e-08,5.396353353165001e-16,low_energy
3345,16.731904249,16.750910784000002,16.741403658550002,0.4363323060355496,1.736030347254669e-08,4.04338816014923e-16,low_energy
3346,16.736905114000002,16.755884658,16.7464038822,0.43633231040350695,2.6165939692734952e-08,1.4172031315163552e-15,medium_energy
3347,16.741910858,16.760889210000002,16.7513995212,0.43633231546352025,1.8389174682997833e-08,1.0264811849288878e-15,low_energy
3348,16.746889241,16.765884194,16.75640009005,0.4363323194137899,1.8389174682997833e-08,6.488320103000473e-16,low_energy
3349,16.751882922,16.770892953,16.76139962635,0.4363323197866301,1.8715654803713733e-08,5.609043994693608e-16,low_energy
3350,16.756891291000002,16.775879972000002,16.766396634400003,0.4363323155387997,1.8634344733925445e-08,1.0546114293853994e-15,low_energy
3351,16.761899871,16.78091955,16.771397073900005,0.4363323108870996,2.461284059895874e-08,1.3206296007536525e-15,medium_energy
3352,16.766889354,16.785897261000002,16.776396392850003,0.4363323061381717,1.9241650994761272e-08,4.557337764265533e-16,low_energy
3353,16.771926327000003,16.790896523,16.781396505300002,0.43633230684543783,1.6085690113243345e-08,5.505578161935996e-16,low_energy
3354,16.776889491000002,16.795882049,16.7863954145,0.4363323097683189,2.2942785504742602e-08,1.0185226968218989e-15,low_energy
3355,16.781893151000002,16.800906829000002,16.79139391345,0.43633231569487896,2.8301203214287085e-08,1.4074315721370656e-15,medium_energy
3356,16.786882684000002,16.805894449,16.796392547050004,0.4363323192908809,1.4943135617784264e-08,4.499796009954237e-16,low_energy
3357,16.791897916,16.810884754,16.8013907594,0.43633231948018303,1.4284811611364745e-08,4.1757194140736626e-16,low_energy
3358,16.796888592000002,16.81589191,16.806390158899998,0.43633231612465445,2.7847691319582424e-08,1.3495609783692922e-15,medium_energy
3359,16.801886501000002,16.820901021,16.81139089845,0.436332310244017,2.2710576585982523e-08,1.0440810183670706e-15,low_energy
3360,16.806895591,16.825886827,16.816390635149997,0.43633230707947046,1.6467855523671915e-08,5.937713781335194e-16,low_energy
3361,16.811883011000003,16.83088124,16.82139003375,0.43633230602895157,1.8133079926485607e-08,4.0427616862778773e-16,low_energy
3362,16.816888745,16.835904036000002,16.82639095825,0.436332310471191,2.341890592560958e-08,1.2335972985899416e-15,low_energy
3363,16.821896463,16.840934617000002,16.8313937202,0.43633231504587594,1.8490847020213863e-08,1.0663218639326065e-15,low_energy
3364,16.826884103,16.845914162,16.836396098499996,0.436332319486849,1.9548255514312274e-08,5.965653516759944e-16,low_energy
3365,16.831894085000002,16.850890921,16.841397647650002,0.4363323194551544,1.7648229599931398e-08,5.630572812289399e-16,low_energy
3366,16.836886063,16.855890333,16.8464004241,0.4363323158628556,1.810002198121552e-08,9.395574678829775e-16,low_energy
3367,16.841883872,16.860910434,16.851398885400002,0.43633231090348695,2.615065941569128e-08,1.3961736848674754e-15,medium_energy
3368,16.846909834,16.865896111,16.856398234849998,0.43633230642222565,1.760565293551508e-08,4.1740221615281607e-16,low_energy
3369,16.851880782000002,16.870880224,16.861397055350004,0.43633230690712,1.435761992629736e-08,4.661336990915651e-16,low_energy
3370,16.856885655000003,16.875912388,16.86639610985,0.43633230959617597,2.519250402732709e-08,1.0691280347963207e-15,low_energy
3371,16.861891279,16.880902913,16.871396700200002,0.43633231566758235,2.69971228150645e-08,1.2441853996648714e-15,low_energy
3372,16.866880231,16.885895402000003,16.876394225200002,0.43633231887971313,1.4461841502111383e-08,4.853302322532146e-16,low_energy
3373,16.8719201,16.890877652,16.88139379865,0.43633231966837893,1.5001830000471728e-08,3.644723514290451e-16,low_energy
3374,16.876925253,16.895878797,16.886392474400004,0.43633231595279653,2.6113201434529998e-08,1.3234699115345264e-15,medium_energy
3375,16.881878447000002,16.900895051000003,16.891390231400003,0.4363323106618169,1.9419787611330008e-08,9.708371101527696e-16,low_energy
3376,16.886890574000002,16.905879164,16.896389906550006,0.436332307098154,1.7236756022498412e-08,6.339484101430944e-16,low_energy
3377,16.891931334000002,16.910921267000003,16.90139212485,0.43633230618570307,1.7949282116180854e-08,4.3499010051310203e-16,low_energy
3378,16.896882455,16.915897846,16.9063891128,0.43633231039095427,1.9449878096988726e-08,1.0440440502534665e-15,low_energy
3379,16.901904389000002,16.920884163,16.911391737,0.43633231476117273,2.1809640315950674e-08,1.15042963633742e-15,low_energy
3380,16.906879996,16.925890158,16.916393146400004,0.43633231947426426,1.989423109582944e-08,5.129941210449018e-16,low_energy
3381,16.911876673000002,16.930883048000002,16.9213917195,0.43633231915522436,1.6290347737424327e-08,5.172853363362742e-16,low_energy
3382,16.916942581,16.935897709000002,16.926396019850003,0.43633231620240825,2.002111981758148e-08,8.863888045856782e-16,low_energy
3383,16.921884505,16.940877955,16.93139369825,0.4363323108403522,2.6966720412247014e-08,1.38588464198261e-15,medium_energy
3384,16.926877875000002,16.945935126000002,16.9363970378,0.4363323068236272,1.5802839092859955e-08,4.178121138971596e-16,low_energy
3385,16.931901112000002,16.950888972,16.941398601500005,0.43633230682454105,1.3059709813578735e-08,3.9993902065496816e-16,low_energy
3386,16.936886759,16.955884376,16.94639952795,0.436332309588209,2.632552398296184e-08,1.1401537279171935e-15,low_energy
3387,16.941929743,16.960881304,16.95140063075,0.436332315495951,2.43084298801044e-08,1.0784909932682181e-15,low_energy
3388,16.946881766,16.965911414,16.95639855205,0.43633231859171195,1.5406173170529058e-08,5.349017220991873e-16,low_energy
3389,16.951899863,16.970882513,16.96139820415,0.43633231977373105,1.5989701951379942e-08,3.3441241713322277e-16,low_energy
3390,16.956911879,16.975903486,16.96639651535,0.4363323158023203,2.3778486679670863e-08,1.2070130932934628e-15,low_energy
3391,16.961912453,16.980895163,16.97139458135,0.4363323111025325,1.754867362535606e-08,9.609056540689166e-16,low_energy
3392,16.966909231000002,16.985885789,16.976392428550007,0.43633230703571835,1.806601090947879e-08,6.289552763738564e-16,low_energy
3393,16.971929222,16.990903405,16.981395936850003,0.4363323064672661,1.6796394552986982e-08,4.644078692630407e-16,low_energy
3394,16.976876595,16.995883751,16.986395965550003,0.43633231016871016,1.7408866404000634e-08,8.959280925531642e-16,low_energy
3395,16.981876528,17.00089706,16.991397720149997,0.43633231463785427,2.4355892414007485e-08,1.2455073720527303e-15,low_energy
3396,16.986920825000002,17.005915768,16.996400875300004,0.43633231931825306,1.879820921146802e-08,4.418783272779223e-16,low_energy
3397,16.9919006,17.010897968000002,17.001396349050005,0.4363323189677386,1.4612721699336362e-08,4.479098777796486e-16,low_energy
3398,16.996902547,17.01590287,17.006395678,0.4363323164636741,2.222469136503591e-08,8.902577510526335e-16,low_energy
3399,17.001902180000002,17.020919375000002,17.011395152250003,0.4363323107918293,2.694114531465175e-08,1.2812174983707374e-15,medium_energy
3400,17.006885692,17.025918256,17.016395635399995,0.4363323072580604,1.4549511817563143e-08,4.4057234202577316e-16,low_energy
3401,17.011912866,17.030889885,17.021396101950007,0.43633230666035494,1.3055867498223961e-08,3.464343827678374e-16,low_energy
3402,17.016885027,17.035911029,17.0263964068,0.4363323097104924,2.5877954001884973e-08,1.1767251261526968e-15,low_energy
3403,17.021889759,17.040880514,17.03139797045,0.4363323151815801,2.0939450118273584e-08,9.589736742722894e-16,low_energy
3404,17.026882188000002,17.045896347,17.0363978459,0.4363323184591746,1.6226556986964624e-08,5.904519233499204e-16,low_energy
3405,17.031886239000002,17.050889147,17.041398932200003,0.4363323197358552,1.6477231079559118e-08,3.378070139305948e-16,low_energy
3406,17.036881233000003,17.055885734,17.04640059555,0.43633231575524034,2.0847020165692953e-08,1.0403102293414559e-15,low_energy
3407,17.041887778,17.060917948,17.051401534550003,0.43633231147266593,1.8688031511171488e-08,1.0043258127364856e-15,low_energy
3408,17.046884616,17.065894216,17.056399297050003,0.4363323069842496,1.9618854096847826e-08,5.720622717623118e-16,low_energy
3409,17.051883246000003,17.070887426000002,17.061398241750005,0.43633230679251067,1.629827289795216e-08,4.60645175330604e-16,low_energy
3410,17.056899661000003,17.075879865,17.066393845599997,0.4363323098630931,1.7607865387958554e-08,8.036011376780584e-16,low_energy
3411,17.06188714,17.080931446,17.0713967223,0.43633231464657624,2.5403606329632566e-08,1.2992793682025242e-15,medium_energy
3412,17.066888696,17.085905821,17.07639694345,0.43633231901627967,1.6953752235426833e-08,4.0908933396177033e-16,low_energy
3413,17.071888299,17.090896056000002,17.081397830900002,0.43633231892856833,1.2721908915214186e-08,3.8442745755701614e-16,low_energy
3414,17.076922717000002,17.095882604,17.086402561600003,0.4363323165838269,2.3971650497944808e-08,9.38793341200647e-16,low_energy
3415,17.081891301000002,17.100888578000003,17.091395525550002,0.4363323108407073,2.530777720721744e-08,1.1246935981771267e-15,low_energy
3416,17.086905641,17.105887209000002,17.09639340135,0.4363323076325436,1.4214638299758775e-08,4.78347507295826e-16,low_energy
3417,17.091959366,17.11089159,17.1013923566,0.4363323065044634,1.3757374794920452e-08,3.0209395682558597e-16,low_energy
3418,17.096879138000002,17.115939023000003,17.1063888107,0.4363323098853112,2.3869214160754382e-08,1.1364322578338416e-15,low_energy
3419,17.101879512,17.120901225,17.111390188499996,0.43633231477910916,1.7759476556022946e-08,9.003637719354233e-16,low_energy
3420,17.106884765,17.12589139,17.11639151065,0.43633231845733356,1.667863719356788e-08,6.244687840506138e-16,low_energy
3421,17.111881933,17.130873679,17.121389640350003,0.4363672261329297,0.000349056734546771,1.6515651797582838e-07,medium_energy
3422,17.116887486,17.135889893,17.126391039650002,0.43654175535971457,0.0009308326897334851,1.8844939939342128e-06,medium_energy
3423,17.121880486000002,17.140925754,17.13139621215,0.4368617282474031,0.001512602831526877,5.482301309384376e-06,medium_energy
3424,17.126895468,17.145889719,17.13639801285,0.43732714469561074,0.0020943862342566177,8.758666448206036e-06,medium_energy
3425,17.131880192,17.150888981,17.141401720650002,0.43790310339532096,0.002210759132786677,9.003202039211059e-06,high_energy
3426,17.136923988,17.155881781,17.1464073892,0.43848488230057087,0.002210762998210214,9.003280439501143e-06,high_energy
3427,17.141908011,17.160898836,17.151402891950003,0.43906666387416066,0.0022107753507754624,9.003345102540096e-06,high_energy
3428,17.146911161000002,17.16589406,17.15640072505,0.4396484442040317,0.0022107549938548132,9.003208249225183e-06,high_energy
3429,17.151877260000003,17.170910234,17.1614032395,0.4402302210168957,0.002210750135601458,9.003110232885584e-06,high_energy
3430,17.15688631,17.175901491,17.1663965766,0.4408119949804621,0.002210729545276513,9.002958015637338e-06,medium_energy
3431,17.16188442,17.180891054,17.171396628950003,0.4413937658548594,0.002210732797270687,9.002961935972591e-06,medium_energy
3432,17.166899652,17.185889916,17.17639839355,0.44197553913042587,0.0022107403460820407,9.003041646988641e-06,medium_energy
3433,17.171895036000002,17.190884409000002,17.18139424945,0.4425573140868881,0.002210753233984397,9.003174581976268e-06,high_energy
3434,17.176886594000003,17.195892046,17.186392885600004,0.4431390940956194,0.0022107713195422263,9.003315837808144e-06,high_energy
3435,17.181894652,17.200897830000002,17.191394848000005,0.4437208748686513,0.002210764751892691,9.003297832586081e-06,high_energy
3436,17.186891149,17.205923823000003,17.1963973936,0.44430265543614256,0.002210766211242776,9.003258402436149e-06,high_energy
3437,17.191888347000003,17.210903107,17.201401365299997,0.4448844326171294,0.0022107401201614807,9.003067448345256e-06,medium_energy
3438,17.196923015,17.215917938,17.206408496500003,0.44546620583008056,0.0022107380306852775,9.00299677855032e-06,medium_energy
3439,17.201895787,17.220904045,17.211409203099997,0.4460479779823393,0.0022107277959237948,9.002940377282928e-06,medium_energy
3440,17.206912752,17.225882177000003,17.2164049116,0.4466297497724546,0.0022107415761132287,9.003046409008548e-06,medium_energy
3441,17.211912645,17.230890145,17.221401377150002,0.44721152622483046,0.0022107555229027853,9.003183315255392e-06,high_energy
3442,17.216898973000003,17.23589094,17.22639509655,0.44779330473827644,0.002210764880422822,9.003286056177304e-06,high_energy
3443,17.221896010000002,17.240892676,17.23139501105,0.4483750865815551,0.0022107736496304042,9.003336626672172e-06,high_energy
3444,17.226885293000002,17.245909141000002,17.236396475550002,0.448956866477467,0.002210755621969318,9.00321228961944e-06,high_energy
3445,17.231882732000003,17.250893705,17.2413948778,0.44953864385733455,0.0022107514770350334,9.003118967232245e-06,high_energy
3446,17.236942598000002,17.255882477,17.24639911005,0.45012041754362464,0.0022107282324289046,9.002954875719303e-06,medium_energy
3447,17.241879181,17.260926654000002,17.25139842105,0.45070218884574376,0.0022107356939402023,9.002975721053044e-06,medium_energy
3448,17.246878133000003,17.265890188,17.256398125249998,0.45128396191733966,0.002210736913460798,9.003025224926853e-06,medium_energy
3449,17.251894878,17.270880863000002,17.261399723999997,0.451865736808128,0.002210755975353196,9.003183906056101e-06,high_energy
3450,17.256889941,17.275919179000002,17.2663978682,0.4524475167953684,0.0022107677989726127,9.003297621943124e-06,high_energy
3451,17.261884124,17.280881591,17.2713953842,0.4530292972012072,0.002210766843775025,9.003306056266442e-06,high_energy
3452,17.266893865,17.285885492000002,17.276395142550005,0.4536110781575469,0.002210765117425184,9.003254833840694e-06,high_energy
3453,17.271916331,17.290895133,17.2813950521,0.4541928549941714,0.002210740860938587,9.003073483903412e-06,medium_energy
3454,17.276892970000002,17.295884086,17.28639675405,0.45477462880954966,0.002210739531889716,9.003006083883277e-06,medium_energy
3455,17.281884628,17.300932981000003,17.291401768800007,0.4553564006478671,0.0022107259978464966,9.002933448764239e-06,medium_energy
3456,17.28690508,17.305882399,17.296400074800005,0.4559381727460366,0.002210744143218868,9.003056516899428e-06,medium_energy
3457,17.291941381,17.310908742000002,17.301410930099998,0.4565199489198912,0.0022107517396650067,9.0031638580495e-06,high_energy
3458,17.296884357,17.315941337,17.306416347050003,0.4571017273051169,0.002210767628701704,9.003295507375375e-06,high_energy
3459,17.301889921,17.320884813000003,17.3114111745,0.45768350919798023,0.002210770530873596,9.003321828180769e-06,high_energy
3460,17.306950699,17.325914032,17.316415149750004,0.45826528880650275,0.002210758022219095,9.003224090533856e-06,high_energy
3461,17.311966522000002,17.330889959,17.32140385755,0.4588470666879008,0.002210750850896004,9.003118959842868e-06,high_energy
3462,17.316881364,17.335920691000002,17.326402350400002,0.45942884006020196,0.0022107287690290023,9.002959909232182e-06,medium_energy
3463,17.321902387,17.340899444,17.33140590035,0.46001061191714976,0.002210737053823131,9.002982779231339e-06,medium_energy
3464,17.326882322,17.345884950000002,17.336402305750003,0.4605923845856184,0.0022107345263568945,9.003013497097249e-06,medium_energy
3465,17.331919085000003,17.350900572,17.341403765800003,0.4611741596680455,0.002210758347743591,9.003191656864126e-06,high_energy
3466,17.336913598000002,17.355936714000002,17.346403302700004,0.46175593936338355,0.0022107639877181895,9.003278115802925e-06,high_energy
3467,17.341901027000002,17.360925817000002,17.351403079550003,0.46233771965913173,0.0022107698872373405,9.003318418945501e-06,high_energy
3468,17.346888277,17.365923626,17.3564082666,0.4629195007900721,0.0022107625210824877,9.00324454412994e-06,high_energy
3469,17.351899291000002,17.37089246,17.3614084362,0.4635012773708951,0.002210743318454611,9.003085758754922e-06,medium_energy
3470,17.356918781,17.375913253,17.3664015174,0.4640830517470649,0.0022107391449122105,9.003006359017755e-06,medium_energy
3471,17.361925537,17.380909018,17.37139861965,0.4646648232497509,0.002210726139717123,9.0029361370587e-06,medium_energy
3472,17.366916513,17.385889264,17.376395216000006,0.4652465958165024,0.0022107452922996984,9.003062538087908e-06,medium_energy
3473,17.371895126000002,17.390888055,17.381394216300002,0.4658283715548329,0.002210748951338104,9.003148551705171e-06,high_energy
3474,17.376896852,17.395891274,17.3863941118,0.4664101500550887,0.0022107699356369026,9.003302243703759e-06,high_energy
3475,17.381894822,17.400891217,17.391395004150002,0.4669919316791199,0.002210766850045509,9.003303659654193e-06,high_energy
3476,17.386892290000002,17.405889116,17.3963939819,0.4675737112210029,0.002210761376431003,9.003239619602055e-06,high_energy
3477,17.39189039,17.410896654000002,17.4013941169,0.4681554893891587,0.0022107486860463155,9.003112297757836e-06,high_energy
3478,17.396893339000002,17.41589801,17.406395505200003,0.4687372625958785,0.002210731319792103,9.002974508533308e-06,medium_energy
3479,17.401891488,17.420893655,17.41139713205,0.469319035009669,0.0022107365775099197,9.002982507123299e-06,medium_energy
3480,17.406888917,17.425898467,17.416396403900002,0.4699008072425725,0.0022107340320750013,9.003010554150586e-06,medium_energy
3481,17.411906032,17.430881448,17.42139496135,0.470482582675032,0.0022107592456226954,9.003192719693685e-06,high_energy
3482,17.41691365,17.435888935,17.426392493949997,0.4710643618321647,0.0022107609118836025,9.003261175562766e-06,high_energy
3483,17.421882755000002,17.440882717,17.431388487600003,0.4716461422461628,0.0022107725895743613,9.003328489545772e-06,high_energy
3484,17.426893638000003,17.445906094,17.4363899406,0.47222792324422436,0.0022107593442291518,9.003231249796445e-06,high_energy
3485,17.431893752,17.450888284,17.44139099085,0.4728096999039533,0.0022107471611949037,9.003106865626147e-06,high_energy
3486,17.436897733000002,17.455890762000003,17.446395131400003,0.4733914746527625,0.0022107370998147857,9.003001380407463e-06,medium_energy
3487,17.441904669,17.460905142,17.45139668255,0.4739732459172471,0.002210728136763096,9.002945800869785e-06,medium_energy
3488,17.446890846000002,17.465900827000002,17.4563969077,0.47455501893018626,0.0022107444519186004,9.003056076597106e-06,medium_energy
3489,17.451887703,17.470887335,17.461396440599994,0.47513679405741865,0.0022107478145194093,9.003140977590152e-06,high_energy
3490,17.456888618,17.47588808,17.466392393150002,0.4757185728542437,0.0022107710933685354,9.003304831193416e-06,high_energy
3491,17.461892609,17.480890788,17.471392096800002,0.4763003540276708,0.002210764087895001,9.003290392711161e-06,high_energy
3492,17.466897031000002,17.485879209,17.4763888349,0.47688213380169725,0.0022107647485576365,9.003255594780941e-06,high_energy
3493,17.471888808000003,17.490880305,17.48138758115,0.47746391199258786,0.0022107458705367122,9.003102444831156e-06,medium_energy
3494,17.476887569000002,17.495910765,17.486388542250005,0.4780456852476548,0.0022107349520492092,9.002993176690352e-06,medium_energy
3495,17.481878235,17.500880041000002,17.4913871699,0.47862745800387,0.0022107343027926163,9.002973601237604e-06,medium_energy
3496,17.486884219,17.505881647000002,17.49638813145,0.47920922987451997,0.0022107353991192014,9.003015619760673e-06,medium_energy
3497,17.491878933000002,17.510890617,17.501388595650003,0.4797910056582344,0.002210758291478321,9.003185985971116e-06,high_energy
3498,17.496887492000003,17.51591699,17.50638817555,0.4803727842149221,0.0022107596670392637,9.003253098547518e-06,high_energy
3499,17.501893627,17.520889281000002,17.511390101950003,0.48095456496126043,0.0022107741889527688,9.003334409237338e-06,high_energy
3500,17.506881668000002,17.525906276,17.516391831900002,0.48153634561540637,0.0022107568664787025,9.0032212859908e-06,high_energy
3501,17.511893112000003,17.530882314,17.52139296875,0.48211812257535636,0.0022107508741405213,9.003125759868826e-06,high_energy
3502,17.516892084000002,17.535887317,17.526393606249997,0.482699897408622,0.0022107342819062126,9.002991517932958e-06,medium_energy
3503,17.521888861,17.540902759,17.5313956087,0.4832816686561072,0.002210731402928212,9.002961348525489e-06,medium_energy
3504,17.526888934000002,17.545898935,17.536397893300002,0.4838634419386471,0.002210741881997491,9.00304379234742e-06,medium_energy
3505,17.531887906,17.550896534,17.541397430150003,0.4844452165923201,0.0022107487164940154,9.003142465212902e-06,high_energy
3506,17.53691483,17.555889484,17.5464004245,0.48502699570751134,0.0022107703160205716,9.003298851364123e-06,high_energy
3507,17.541906818,17.560931607,17.551402246250003,0.48560877631807403,0.002210762946309508,9.003284189595373e-06,high_energy
3508,17.546880742000003,17.565893678000002,17.556400086800004,0.4861905565070601,0.0022107669191199775,9.003266134106743e-06,high_energy
3509,17.551885033,17.570889554,17.561400771800002,0.4867723344654843,0.002210743576156915,9.003094769451489e-06,medium_energy
3510,17.556944068,17.575917019000002,17.566400777550008,0.48735410803848217,0.0022107387302794934,9.003012418699187e-06,medium_energy
3511,17.561888125,17.580944013,17.57139821245,0.4879358808684103,0.002210731208704908,9.002961073942063e-06,medium_energy
3512,17.56689437,17.58588757,17.576399928500003,0.48851765260505653,0.0022107381824927885,9.00302699258847e-06,medium_energy
3513,17.571946562,17.59088581,17.5814022281,0.48909942858582217,0.002210755548468002,9.003171423751813e-06,high_energy
3514,17.576886532,17.595884601,17.5863984151,0.4896812066128985,0.0022107603941838305,9.003253766624125e-06,high_energy
3515,17.581881055,17.600884393,17.591399890599998,0.49026298772002885,0.0022107738731165227,9.003331863850922e-06,high_energy
3516,17.586898671,17.605909143,17.596397197700007,0.49084476790485027,0.0022107559602320137,9.003218196713153e-06,high_energy
3517,17.591904285000002,17.610888157,17.60139493015,0.4914265453625103,0.0022107534901891213,9.003139752920067e-06,high_energy
3518,17.596945136000002,17.615889503000002,17.606399461550005,0.4920083200229609,0.002210731901174101,9.002983537738699e-06,medium_energy
3519,17.601878944000003,17.620885188000003,17.6113994407,0.49259009153011524,0.002210734943799808,9.002978131918917e-06,medium_energy
3520,17.606876763000002,17.625880111,17.616399682900003,0.49317186482108993,0.00221073840372199,9.003027537178846e-06,medium_energy
3521,17.611919968000002,17.630890414,17.621400616850003,0.49375363922295845,0.002210751115419407,9.003150632766716e-06,high_energy
3522,17.616946591,17.635876321,17.6263948091,0.49433541851367957,0.0022107676929810083,9.003284742814563e-06,high_energy
3523,17.621883646,17.640888607,17.6313910703,0.49491719861539457,0.0022107637780086065,9.003286694152927e-06,high_energy
3524,17.626943682,17.645884833,17.6363894129,0.49549897926038716,0.002210767193234986,9.003268243306373e-06,high_energy
3525,17.631875417,17.650887021000003,17.641388745950003,0.4960807568466391,0.002210742795297982,9.003093729460142e-06,medium_energy
3526,17.636888875,17.655882205,17.646393754050003,0.496662530946927,0.00221074150781414,9.00302721575842e-06,medium_energy
3527,17.641882306,17.660953683000002,17.651395979950003,0.4972443035899007,0.0022107284618844147,9.002950100524159e-06,medium_energy
3528,17.646892188000002,17.665876631,17.6563977841,0.4978260754727031,0.002210741352470791,9.003040119874311e-06,medium_energy
3529,17.651887512000002,17.670888717,17.6613974091,0.49840785139448973,0.002210751802120825,9.003152479408628e-06,high_energy
3530,17.656888287,17.675890263,17.666394338000003,0.49898962910340144,0.0022107626795718205,9.003261331338956e-06,high_energy
3531,17.661881097000002,17.680884405,17.671392387550004,0.4995714104384028,0.002210771660667632,9.003320920303683e-06,high_energy
3532,17.666888584000002,17.685893516,17.676391781200003,0.5001531901908183,0.002210757021523513,9.003223741506845e-06,high_energy
3533,17.67192194,17.69088379,17.68139176435,0.5007349682011917,0.0022107542465681917,9.003145494726705e-06,high_energy
3534,17.676888520000002,17.695878183,17.6863885741,0.5013167425372675,0.0022107309744923143,9.002981961484174e-06,medium_energy
3535,17.68188667,17.700883967,17.691388933,0.5018985145259569,0.0022107375897357784,9.002991003779448e-06,medium_energy
3536,17.686897364,17.7058888,17.696391317200003,0.5024802875618744,0.002210735173334477,9.0030124212965e-06,medium_energy
3537,17.691879212,17.710895135,17.701391705200002,0.5030620619930476,0.0022107540073692533,9.003161031679819e-06,high_energy
3538,17.696895276,17.715886392,17.706397504400005,0.503643841207093,0.0022107639630233322,9.00326574064266e-06,high_energy
3539,17.701939232,17.720893438,17.711397919000003,0.5042256209990902,0.0022107662259074345,9.003296307750337e-06,high_energy
3540,17.706886446000002,17.725915583000003,17.7163977118,0.5048074019777138,0.00221076552577415,9.003261708423677e-06,high_energy
3541,17.711891919000003,17.730902542000003,17.72139742605,0.5053891792131175,0.0022107439824754493,9.003101342976417e-06,medium_energy
3542,17.716911500000002,17.735889460000003,17.726394674050006,0.5059709539116015,0.002210742471861593,9.003033996892592e-06,medium_energy
3543,17.721887137,17.740894443000002,17.7313958825,0.5065527262060066,0.002210727111630284,9.00294534386081e-06,medium_energy
3544,17.726891759,17.745889447,17.736396405750003,0.5071344984684619,0.002210743728015885,9.00304980246949e-06,medium_energy
3545,17.731881192,17.750891674000002,17.7413965838,0.5077162740641393,0.002210748199361845,9.003134219745593e-06,high_energy
3546,17.736907856000002,17.755928146000002,17.7464019387,0.5082980517340017,0.002210765551202698,9.003271485367624e-06,high_energy
3547,17.741914381,17.760882273,17.7513981804,0.5088798330478994,0.0022107682425511754,9.003304601960847e-06,high_energy
3548,17.746890379,17.765903797,17.756395691450003,0.5094616125543345,0.002210759752023783,9.003236583839864e-06,high_energy
3549,17.751890543000002,17.770884724000002,17.76139419835,0.5100433910075282,0.0022107530345252258,9.003142490090114e-06,high_energy
3550,17.756881629000002,17.775893444,17.766388076000002,0.5106251650270308,0.002210732014028771,9.002989064723509e-06,medium_energy
3551,17.761880520000002,17.780887385,17.77138902995,0.511206937585125,0.002210738480342478,9.002996180923521e-06,medium_energy
3552,17.766889591,17.785883271,17.776390580599998,0.5117887101947153,0.002210733270177734,9.003003242257025e-06,medium_energy
3553,17.771891067000002,17.790886831,17.781390565300004,0.5123704848979174,0.002210756203231412,9.003168422938727e-06,high_energy
3554,17.776887703,17.795883578,17.786389776049997,0.5129522637633623,0.002210760260862976,9.003246860225485e-06,high_energy
3555,17.781901443000002,17.800918798,17.7913934257,0.5135340435204625,0.0022107693520796445,9.003308868912727e-06,high_energy
3556,17.786888812,17.805890287,17.796393365250005,0.5141158245880033,0.0022107625583185353,9.00324933850113e-06,high_energy
3557,17.791881662,17.810892875,17.80139704945,0.5146976016471878,0.002210746897826965,9.003116527874379e-06,high_energy
3558,17.796888157,17.815887368000002,17.8063984478,0.5152793768489644,0.002210741451375675,9.003031997467386e-06,medium_energy
3559,17.801888701000003,17.820895366000002,17.8113993553,0.5158611487903012,0.0022107277251697255,9.002949319090636e-06,medium_energy
3560,17.806901890000002,17.825884900000002,17.816399813950003,0.5164429215369113,0.002210744405331866,9.003052071473755e-06,medium_energy
3561,17.811891754,17.830892317,17.8213970474,0.51702469662442,0.0022107458449420747,9.003121550074598e-06,high_energy
3562,17.816904832000002,17.835890827,17.826397630700004,0.5176064745044753,0.0022107678172051948,9.003278981605929e-06,high_energy
3563,17.821895888,17.840882325000003,17.831393982550004,0.5181882555199351,0.002210764736030768,9.00328784047337e-06,high_energy
3564,17.826880933,17.845915891,17.8363944647,0.5187700350503291,0.002210763252245229,9.003252735600972e-06,high_energy
3565,17.831918006000002,17.850906547,17.841395046050003,0.5193518137080833,0.002210750442177556,9.003133305572501e-06,high_energy
3566,17.836890969000002,17.855899677,17.8463998489,0.5199335875754743,0.002210734841015416,9.003004040803928e-06,medium_energy
3567,17.841889519000002,17.860899851000003,17.8514020663,0.520515360624582,0.002210737380901051,9.002992613728305e-06,medium_energy
3568,17.846886476,17.865883433,17.856399149000005,0.5210971327910462,0.0022107333170291454,9.003002768503329e-06,medium_energy
3569,17.851900606,17.87088525,17.861400772350002,0.5216789078854158,0.0022107567567717368,9.003168645943226e-06,high_energy
3570,17.856887144,17.875882357000002,17.866396350700004,0.5222606862080621,0.0022107577155781044,9.003233120709617e-06,high_energy
3571,17.861886075,17.880900054,17.871395406150004,0.5228424661837796,0.0022107719633055467,9.00331911692812e-06,high_energy
3572,17.866914432,17.885892994000002,17.876400315200005,0.5234242470585939,0.0022107593891611543,9.003235985221866e-06,high_energy
3573,17.87191671,17.890897866,17.881398208900002,0.5240060242072012,0.002210750680705864,9.003135458682814e-06,high_energy
3574,17.876912034,17.895883873000002,17.886395638300005,0.5245877996833448,0.0022107389812804357,9.003023554592792e-06,medium_energy
3575,17.881917387,17.900894096000002,17.89139360815,0.5251695714266432,0.0022107301832612336,9.002961476834917e-06,medium_energy
3576,17.886894087,17.905918896000003,17.896392010350002,0.5257513445957602,0.0022107430891438185,9.003045619039044e-06,medium_energy
3577,17.891881356000003,17.910895515,17.90139176615,0.5263331191444351,0.0022107454133646343,9.003117463723635e-06,high_energy
3578,17.896890877,17.915882163000003,17.906391705249998,0.5269148973661673,0.0022107684940868566,9.003279503001542e-06,high_energy
3579,17.901885159000003,17.920892997000003,17.911392020100003,0.5274966778759896,0.002210762288756385,9.00327573054217e-06,high_energy
3580,17.906890713000003,17.925895104000002,17.916388099500004,0.5280784576875707,0.0022107663332784355,9.003266958760758e-06,high_energy
3581,17.911884565,17.930884547,17.9213898681,0.528660236266181,0.002210747543108127,9.003122674134523e-06,high_energy
3582,17.916884608,17.935885953,17.9263958692,0.5292420102441273,0.002210738638336096,9.003023259983066e-06,medium_energy
3583,17.9218838,17.940896286,17.931396956500002,0.5298237835665958,0.00221073476935274,9.002982381553071e-06,medium_energy
3584,17.926890075000003,17.945882102000002,17.936399081650002,0.5304055554350805,0.0022107352569262773,9.003010733485208e-06,medium_energy
3585,17.931931336,17.950908706,17.941399875400002,0.5309873308742873,0.0022107553110624067,9.003160118381353e-06,high_energy
3586,17.936896734,17.955877660000002,17.9463985987,0.5315691086078151,0.002210757053553891,9.003227753694381e-06,high_energy
3587,17.941905875,17.960881571,17.95139671785,0.5321508889441005,0.002210773039635683,9.003322569048529e-06,high_energy
3588,17.946894266,17.965899037,17.95639573625,0.5327326694068155,0.002210757183005896,9.003226822699144e-06,high_energy
3589,17.951892265,17.970898089000002,17.961393806850005,0.5333144469063822,0.002210754147823124,9.00315291311358e-06,high_energy
3590,17.956887560000002,17.975882993000003,17.96639119915,0.5338962223740819,0.002210736109139688,9.003013288183195e-06,medium_energy
3591,17.961885649000003,17.980931929,17.971394123450004,0.5344779941795098,0.00221073371286451,9.002978374703034e-06,medium_energy
3592,17.966895241,17.985885214,17.976394017500002,0.5350597675654113,0.002210740201084249,9.003032282164277e-06,medium_energy
3593,17.971902107000002,17.990889996,17.981396234400002,0.5356415417085497,0.002210746908384742,9.00312196028206e-06,high_energy
3594,17.976901699000003,17.995892384,17.986397063800005,0.536223320239146,0.002210767166304528,9.003271217052235e-06,high_energy
3595,17.981883027000002,18.000951960000002,17.991399958549998,0.5368051001800895,0.0022107616749895698,9.003271713149833e-06,high_energy
3596,17.986913699000002,18.005896418000003,17.99640096365,0.5373868804249632,0.002210767943338965,9.003274634238858e-06,high_energy
3597,17.991888885,18.010892785,18.001398285850005,0.5379686586949409,0.0022107455137518883,9.00311581468437e-06,high_energy
3598,17.996928343,18.015902216,18.006396929500006,0.5385504330505413,0.0022107422334070037,9.003041547475192e-06,medium_energy
3599,18.001891897,18.020906547000003,18.01139704695,0.5391322063666056,0.0022107316626200912,9.002969962304572e-06,medium_energy
3600,18.006885719,18.025916699,18.01639836415,0.5397139781940009,0.002210738364873066,9.003023909755559e-06,medium_energy
3601,18.011893056,18.030887317,18.0214014106,0.5402957537833666,0.0022107522289109838,9.00314441625381e-06,high_energy
3602,18.01690951,18.035882902,18.026405725,0.5408775310469236,0.002210758340653207,9.00323103981635e-06,high_energy
3603,18.021912038,18.04092245,18.031403028649997,0.541459311723144,0.0022107721068023167,9.003317133572434e-06,high_energy
3604,18.026885872,18.045911743,18.036403647649998,0.5420410916939031,0.0022107567607569933,9.003225502097818e-06,high_energy
3605,18.031882118,18.050948816,18.04140351965,0.5426228697075984,0.002210756217358778,9.003164135473278e-06,high_energy
3606,18.036904073,18.055895699,18.04640284955,0.543204644929952,0.0022107340206751758,9.003006457492083e-06,medium_energy
3607,18.041897123,18.060913075,18.0514022707,0.5437864170706914,0.0022107371546260524,9.002994890605225e-06,medium_energy
3608,18.046889211,18.065886749,18.05639896975,0.544368190397487,0.0022107367255754795,9.003016395706231e-06,medium_energy
3609,18.051880588,18.07090131,18.06139887935,0.5449499643865094,0.002210749654359745,9.003132028752297e-06,high_energy
3610,18.056881924,18.075879201000003,18.066393643199998,0.5455317430409572,0.002210764137715593,9.00325544376403e-06,high_energy
3611,18.061883821,18.080881849,18.0713954027,0.5461135225163201,0.0022107630215657537,9.003276340007194e-06,high_energy
3612,18.066889194,18.085896941,18.076400009100002,0.5466953031860979,0.0022107675513911573,9.00327342304074e-06,high_energy
3613,18.071895599,18.090874061,18.081397272700006,0.5472770810526326,0.002210745218422794,9.003116569139834e-06,high_energy
3614,18.07694199,18.095903380000003,18.086397521,0.5478588559615587,0.0022107445181420715,9.00305403048804e-06,medium_energy
3615,18.081887541,18.100894306,18.091394200550003,0.5484406290289929,0.0022107292518551702,9.002960635831037e-06,medium_energy
3616,18.086891632,18.105899629,18.096392351800002,0.5490224010937131,0.0022107414987075913,9.003037249067725e-06,medium_energy
3617,18.091887317,18.110911845,18.1013971215,0.5496041765606678,0.002210748459220646,9.003125716865048e-06,high_energy
3618,18.096900275,18.115939511,18.106401843649998,0.5501859535975171,0.0022107609528010386,9.003240196742912e-06,high_energy
3619,18.101911329,18.12090552,18.111405619499997,0.5507677344375007,0.0022107694085864438,9.003303867855467e-06,high_energy
3620,18.106896694,18.125879845,18.1164050682,0.5513495140034722,0.0022107583096770966,9.00323284384688e-06,high_energy
3621,18.11190345,18.130908352,18.121403057200002,0.5519312925365379,0.0022107563029587496,9.003166544214405e-06,high_energy
3622,18.116889247,18.135888307,18.1264010346,0.5525130674060016,0.0022107336209771233,9.003007083137989e-06,medium_energy
3623,18.121898978,18.140945879,18.131400234749997,0.5530948400710678,0.002210739377673576,9.003006050540794e-06,medium_energy
3624,18.126936082,18.145893634,18.13639857485,0.553676613091916,0.002210733855733338,9.003003245165877e-06,medium_energy
3625,18.131918451,18.150896633,18.141396547249997,0.5542583872083039,0.002210752530083404,9.003142713036072e-06,high_energy
3626,18.136917703,18.155884643,18.14640395345,0.5548401657161963,0.0022107603186745095,9.003236188879535e-06,high_energy
3627,18.141879775,18.160893403000003,18.15140343825,0.5554219449590637,0.002210765757955535,9.003287067714045e-06,high_energy
3628,18.146886741,18.165892775,18.1564048201,0.556003725886852,0.00221076533989617,9.003264111481261e-06,high_energy
3629,18.15190009,18.170881958,18.1614025164,0.5565855034221581,0.0022107469044891914,9.003126026547134e-06,high_energy
3630,18.156918828,18.175884255,18.1663941138,0.5571672789050941,0.0022107448520429784,9.003057887159172e-06,medium_energy
3631,18.161935393,18.180914606,18.1713916724,0.5577490516053898,0.002210728480932289,9.002958595948375e-06,medium_energy
3632,18.166888978000003,18.185884733,18.176390687300003,0.5583308241091643,0.0022107435077014514,9.003045686395366e-06,medium_energy
3633,18.171889753,18.190886069,18.1813936783,0.5589125992017248,0.002210745194480168,9.003109304518487e-06,high_energy
3634,18.176887041,18.195919385,18.1863949279,0.5594943762936095,0.0022107637922292867,9.003250368127685e-06,high_energy
3635,18.18190562,18.200886486,18.19139656275,0.5600761570285984,0.002210765814943727,9.003286601748747e-06,high_energy
3636,18.186920952,18.205880227,18.19639746465,0.5606579364119424,0.0022107613132344994,9.003246540273257e-06,high_energy
3637,18.19192882,18.210886041,18.20139662125,0.5612397153086037,0.002210754526053016,9.003160659857076e-06,high_energy
3638,18.196906571,18.215938274000003,18.20639838185,0.5618214898841037,0.0022107352156535143,9.00301650916637e-06,medium_energy
3639,18.20189388,18.220896558,18.211398852050003,0.5624032631109458,0.002210739690482022,9.003008811522075e-06,medium_energy
3640,18.206919372,18.225882254,18.2163971481,0.5629850356967362,0.0022107325705880143,9.002997176887874e-06,medium_energy
3641,18.211910228,18.230912464000003,18.221397081699997,0.5635668101530524,0.0022107543696261445,9.003148883967865e-06,high_energy
3642,18.216921192,18.235884946,18.2263937581,0.5641485882560728,0.002210756896585231,9.003218710222593e-06,high_energy
3643,18.221881871,18.240878096,18.231394095950005,0.5647303675463199,0.0022107688139785253,9.003299163735287e-06,high_energy
3644,18.226873829,18.245896614,18.23639640955,0.5653121484656716,0.002210762134621014,9.00325032974067e-06,high_energy
3645,18.231880945,18.250881679000003,18.241394833850002,0.565893925881733,0.0022107501117281103,9.003142130808987e-06,high_energy
3646,18.236934159,18.255894166,18.246400290450005,0.5664757017962543,0.002210743294032369,9.00305335901014e-06,medium_energy
3647,18.241888035,18.260877037,18.25139819825,0.5670574741763591,0.0022107297140010473,9.002965450029946e-06,medium_energy
3648,18.246893329,18.265899523,18.256395841099998,0.5676392471732203,0.0022107436504210654,9.003045956523673e-06,medium_energy
3649,18.251898962,18.270887193,18.261398132650005,0.5682210217508844,0.002210743447415453,9.003099679241027e-06,medium_energy
3650,18.256886883,18.275881635,18.266392548800003,0.5688027991185904,0.0022107656800667286,9.00325636376918e-06,high_energy
3651,18.261893138,18.280884945,18.2713914299,0.569384579483418,0.0022107625059799574,9.003270563409642e-06,high_energy
3652,18.266891678,18.285886882,18.276394937699997,0.5699663589611923,0.002210764730349979,9.003261981477622e-06,high_energy
3653,18.271886873,18.290891965,18.281396260450002,0.5705481379594197,0.00221075166703244,9.003149914055547e-06,high_energy
3654,18.276891414,18.295886507,18.286396961,0.5711299124439805,0.0022107384005867203,9.003032922795576e-06,medium_energy
3655,18.281886699,18.300899615,18.29139888985,0.5717116861053262,0.0022107380908202856,9.003003149889993e-06,medium_energy
3656,18.286941365,18.305887325,18.29639721695,0.5722934582909487,0.0022107332905010324,9.003000045007528e-06,medium_energy
3657,18.291897245,18.310891276,18.30139604695,0.5728752331563911,0.002210754385429503,9.003147078588514e-06,high_energy
3658,18.296897058000003,18.315927548,18.306396252600003,0.5734570107011874,0.002210754913678059,9.003207636080667e-06,high_energy
3659,18.301887563,18.320884810000003,18.3113970424,0.5740387902658339,0.0022107710024643623,9.003307403957668e-06,high_energy
3660,18.306911762,18.325900263,18.3163972555,0.5746205709053865,0.00221075910353985,9.0032372468849e-06,high_energy
3661,18.311883973,18.330886380000003,18.32139662705,0.5752023484769537,0.002210753832091683,9.003160418322985e-06,high_energy
3662,18.316902281,18.335891252,18.326396485500005,0.5757841245679823,0.0022107405756717213,9.003043656913676e-06,medium_energy
3663,18.321899288,18.340887488,18.33139624525,0.5763658968228322,0.002210732605268717,9.002979645925212e-06,medium_energy
3664,18.326897398,18.34589184,18.336397280950003,0.5769476702010093,0.0022107418626511333,9.003037761103218e-06,medium_energy
3665,18.331885819,18.350897634000003,18.341399073599998,0.5775294442853839,0.002210743694565309,9.003098949412147e-06,medium_energy
3666,18.336888899,18.355902446,18.346405462400003,0.5781112220111103,0.0022107657840217954,9.003254522550624e-06,high_energy
3667,18.341909060000003,18.360890958,18.3514046226,0.5786930018387607,0.0022107605514074535,9.00326050643534e-06,high_energy
3668,18.346904014,18.365887965,18.356402836,0.5792747816433755,0.0022107673677087547,9.003273911557849e-06,high_energy
3669,18.351895711,18.370888840000003,18.361403078150005,0.5798565604676911,0.0022107488793343677,9.003139411457952e-06,high_energy
3670,18.356905453,18.375911256,18.366397971799998,0.5804383351347535,0.002210742202371385,9.00305200754024e-06,medium_energy
3671,18.361885318,18.380880732,18.37139763335,0.5810201089846029,0.002210735260558039,9.002992058528874e-06,medium_energy
3672,18.366899017,18.38589921,18.37640119635,0.5816018809564498,0.0022107357279486095,9.003010553045778e-06,medium_energy
3673,18.371885535,18.390902359,18.3814012127,0.5821836561338312,0.002210752452869613,9.003136737212502e-06,high_energy
3674,18.376894114,18.395929614,18.38640154455,0.5827654331268743,0.0022107549002505777,9.003205313407245e-06,high_energy
3675,18.381914516,18.400890503,18.391407217,0.5833472130594753,0.0022107714497856534,9.003307948718138e-06,high_energy
3676,18.386894882,18.405890366,18.3964030789,0.5839289932389443,0.0022107573397214253,9.003229717323881e-06,high_energy
3677,18.391890467,18.410890119,18.4014002728,0.5845107712043445,0.002210756870201891,9.00317562326131e-06,high_energy
3678,18.396946827,18.415893659,18.406398210200003,0.5850925471948882,0.0022107378318025894,9.003033798139758e-06,medium_energy
3679,18.401890424,18.420900585,18.411392767650007,0.5856743195972296,0.00221073621940171,9.002997034370161e-06,medium_energy
3680,18.406890687,18.425902392,18.4163929367,0.5862560931205797,0.002210738774291343,9.003023861873335e-06,medium_energy
3681,18.411893115,18.430891364,18.4213970172,0.5868378668878547,0.002210745708067563,9.00310608544396e-06,high_energy
3682,18.416898709,18.435910243,18.42640163155,0.5874196448873794,0.002210763919101133,9.003244020210749e-06,high_energy
3683,18.421891849,18.440916638,18.431406876249998,0.5880014241678924,0.0022107605340790926,9.003259014121356e-06,high_energy
3684,18.426897303,18.445952039,18.4364164681,0.5885832044037725,0.0022107683123184785,9.003278316617003e-06,high_energy
3685,18.431889521,18.450894443000003,18.4414171356,0.589164982862391,0.0022107472765462433,9.00313409663719e-06,high_energy
3686,18.436933087,18.455887904,18.4464172737,0.5897467579572717,0.0022107454264475024,9.003068497144902e-06,medium_energy
3687,18.441906159,18.460899268,18.4514122013,0.5903285317193054,0.0022107323132756207,9.002980458696971e-06,medium_energy
3688,18.446899851,18.465892519,18.45640583105,0.5909103037487887,0.0022107389879408856,9.003024727575212e-06,medium_energy
3689,18.451897209,18.470888475,18.461404448199996,0.5914920790112979,0.002210749148766844,9.00312038877606e-06,high_energy
3690,18.456888766,18.47590039,18.46640216705,0.5920738556163354,0.0022107566882167973,9.0032109787068e-06,high_energy
3691,18.461887878,18.480895494,18.471405166450005,0.5926556358444275,0.002210769911563659,9.003299714777277e-06,high_energy
3692,18.466897018,18.485900407000003,18.476406664000006,0.5932374155373863,0.002210757476326819,9.00323054830675e-06,high_energy
3693,18.471891531,18.490893197,18.4814045843,0.593819194012694,0.0022107582764885336,9.00318356995826e-06,high_energy
3694,18.47689473,18.495950448,18.48640635795,0.5944009697018683,0.002210736193108964,9.003028800816244e-06,medium_energy
3695,18.481915002,18.500894365,18.491401351300006,0.594982742504625,0.0022107393662151864,9.003012365383569e-06,medium_energy
3696,18.48689111,18.505876094,18.496395806549998,0.5955645158984753,0.002210735474699632,9.003009071565757e-06,medium_energy
3697,18.491895542,18.510892288,18.501394332949996,0.5961462896168053,0.002210748635731008,9.003117301940495e-06,high_energy
3698,18.496878473,18.515889546,18.506389159399998,0.5967280676714937,0.002210760607780138,9.003227147684776e-06,high_energy
3699,18.501908983,18.520894068,18.51139053825,0.5973098465543878,0.00221076234568951,9.003265588818751e-06,high_energy
3700,18.506880974,18.525890704,18.516390530499997,0.5978916271608096,0.0022107672613671525,9.003273858016624e-06,high_energy
3701,18.511876599,18.530887762000003,18.521390385449997,0.5984734052121103,0.0022107475397854515,9.003136988743027e-06,high_energy
3702,18.516896349,18.535898385,18.5263920829,0.5990551808639181,0.002210747089695708,9.003078067796637e-06,medium_energy
3703,18.521890341,18.540892858,18.53139236265,0.5996369543301301,0.002210730393350957,9.002973426307269e-06,medium_energy
3704,18.526887118,18.545888734,18.536393067250003,0.6002187266772175,0.0022107418884322882,9.003037353523423e-06,medium_energy
3705,18.531894596,18.550898155,18.5413970376,0.6008005017514735,0.002210745535186298,9.003102723481028e-06,medium_energy
3706,18.536896933,18.555878311,18.546398162950002,0.6013822782309269,0.0022107594707367895,9.003221048055279e-06,high_energy
3707,18.541887339,18.560877532000003,18.55139795225,0.6019640585432255,0.0022107668542776793,9.003284745811126e-06,high_energy
3708,18.546896249,18.565879449,18.5563959386,0.6025458378844643,0.0022107594650080387,9.003239509991225e-06,high_energy
3709,18.551888868,18.57087818,18.56138964135,0.6031276168218621,0.002210757690266796,9.003182663911893e-06,high_energy
3710,18.556906504,18.575878033,18.56638474085,0.603709392154841,0.0022107363869308116,9.003031889973824e-06,medium_energy
3711,18.56188656,18.580881473,18.571381455949997,0.6042911655010472,0.002210741031602126,9.003021176136902e-06,medium_energy
3712,18.566892755,18.585882678,18.5763835086,0.6048729385511435,0.00221073311937392,9.002998515766482e-06,medium_energy
3713,18.571893039000003,18.590876329,18.5813845899,0.6054547124856262,0.0022107513065998674,9.00312742971945e-06,high_energy
3714,18.576877472,18.595878246,18.586384677350004,0.6060364903224651,0.0022107568825857626,9.003208466113387e-06,high_energy
3715,18.581888617,18.600878731,18.59138660025,0.6066182690623065,0.0022107652260894284,9.003276850884538e-06,high_energy
3716,18.586873822,18.605890175000003,18.59638442885,0.6072000498357193,0.002210764624716255,9.00326233188615e-06,high_energy
3717,18.591889255,18.610877966,18.601382774999998,0.6077818276005127,0.0022107496796817117,9.003148117292969e-06,high_energy
3718,18.596889769,18.615880604,18.606384226449997,0.6083636037761584,0.0022107467754501897,9.003078880530307e-06,medium_energy
3719,18.601890373,18.620904482,18.611385701950006,0.6089453768800906,0.002210730271488437,9.002974376403993e-06,medium_energy
3720,18.606876129,18.625877945000003,18.61638458465,0.6095271497014949,0.002210743388226355,9.003043850355039e-06,medium_energy
3721,18.61188022,18.630881465,18.6213877238,0.6101089243665497,0.0022107427749364916,9.00308889700316e-06,medium_energy
3722,18.616893108000003,18.635880296,18.6263870608,0.6106907009881714,0.002210762091926277,9.003230419771993e-06,high_energy
3723,18.62187677,18.640888044,18.631384944500002,0.6112724811113976,0.0022107632774268637,9.003267454449223e-06,high_energy
3724,18.626886342,18.64589498,18.6363857933,0.6118542603467712,0.0022107625946334863,9.003253440528926e-06,high_energy
3725,18.631880905000003,18.650874425,18.64138394955,0.6124360395519831,0.002210755463076808,9.003174441495518e-06,high_energy
3726,18.636889965,18.655879117,18.64638748795,0.6130178146370969,0.0022107384830745147,9.003043359086739e-06,medium_energy
3727,18.641878887,18.660922943000003,18.651389100750002,0.6135995885097201,0.002210740743803896,9.003021383425428e-06,medium_energy
3728,18.646886926,18.665878051,18.65639000825,0.6141813611385125,0.0022107325208526873,9.002995797620314e-06,medium_energy
3729,18.651891247,18.670885128,18.661390714800003,0.6147631354579146,0.0022107526549683953,9.003131778479139e-06,high_energy
3730,18.6569018,18.675885011,18.66638779805,0.6153449128482779,0.002210753911152885,9.003193154658195e-06,high_energy
3731,18.661890763,18.680880125,18.671388513650005,0.6159266917132796,0.0022107680367859928,9.003287772082829e-06,high_energy
3732,18.666880637,18.685872183,18.67638770685,0.6165084723807163,0.002210761366791658,9.00324799654358e-06,high_energy
3733,18.671878336,18.690875473,18.681386416699997,0.6170902500965024,0.0022107530348520754,9.003164536766127e-06,high_energy
3734,18.676894099,18.695923677,18.686390307249997,0.6176720266132033,0.002210744776936835,9.00307221591325e-06,medium_energy
3735,18.681883873,18.700884196,18.69138753525,0.6182537994518243,0.0022107320754738424,9.002983857407295e-06,medium_energy
3736,18.686877083,18.705878227,18.69638828785,0.6188355727467834,0.0022107429630464637,9.003041906741954e-06,medium_energy
3737,18.691914136,18.710886587,18.701391004750004,0.6194173469132475,0.002210741719363085,9.003082683894787e-06,medium_energy
3738,18.696881999,18.715886349,18.7063869313,0.6199991238556282,0.002210763465503085,9.0032343152206e-06,high_energy
3739,18.701907871,18.720879009,18.71138878755,0.6205809035527838,0.0022107603494578854,9.00325302129098e-06,high_energy
3740,18.706912323,18.725915251,18.716390972000003,0.6211626829499755,0.002210765747670429,9.003267403944736e-06,high_energy
3741,18.711885585,18.73089744,18.721390137150003,0.6217444621520949,0.0022107525209662526,9.003162987592923e-06,high_energy
3742,18.716889957000003,18.735886072,18.72639021355,0.6223262372195896,0.0022107418719965466,9.003060491599458e-06,medium_energy
3743,18.72188442,18.740883109,18.731388866699994,0.622908011449117,0.0022107387367045206,9.003014004396362e-06,medium_energy
3744,18.726885936,18.745900305000003,18.73638846465,0.6234897837423132,0.0022107338649375308,9.003001725030009e-06,medium_energy
3745,18.731884877,18.750893816,18.74138995165,0.6240715584609958,0.0022107521054506307,9.003127812118379e-06,high_energy
3746,18.736890871,18.755919738000003,18.746398753,0.6246533353023558,0.002210752581679465,9.003185154374112e-06,high_energy
3747,18.741899701,18.760887330000003,18.751400061250003,0.6252351144789507,0.002210769673514079,9.00329349299054e-06,high_energy
3748,18.746879276,18.765895138,18.756397671000002,0.6258168947955299,0.0022107586539981128,9.00323602370923e-06,high_energy
3749,18.751922441,18.770874923,18.761395400900003,0.6263986727296735,0.0022107565109790173,9.003181409413509e-06,high_energy
3750,18.756892979,18.775883783,18.766389543600003,0.6269804493210177,0.0022107419799208827,9.003061979846834e-06,medium_energy
3751,18.761878775,18.780878998,18.771390346350003,0.6275622221180743,0.0022107352484264098,9.002999382983256e-06,medium_energy
3752,18.76689054,18.78588406,18.77639289635,0.62814399573102,0.0022107407878255714,9.003032281945588e-06,medium_energy
3753,18.771914329,18.790891768,18.781397277399996,0.6287257694721973,0.002210742611017835,9.003085144273427e-06,medium_energy
3754,18.776880999,18.795887834,18.78639666245,0.6293075467630164,0.002210762967506774,9.003229987463849e-06,high_energy
3755,18.781906761,18.800907595,18.791396987800002,0.6298893259174523,0.002210758992216455,9.003245536868019e-06,high_energy
3756,18.786898979,18.805895335,18.796396610899997,0.6304711056698681,0.0022107678053258084,9.00327647667286e-06,high_energy
3757,18.79190309,18.810885018,18.8013931311,0.6310528846178368,0.0022107500245338585,9.003153445206704e-06,high_energy
3758,18.796903464,18.815888438,18.806392394950002,0.6316346599356615,0.0022107454856827857,9.003078563540412e-06,medium_energy
3759,18.801886155,18.820892559,18.811393359050005,0.632216434262256,0.002210735853341639,9.003002753715235e-06,medium_energy
3760,18.806882952,18.825878245,18.8163920362,0.6327982064368258,0.0022107366489727553,9.003014051685386e-06,medium_energy
3761,18.811894657,18.830879902,18.82139295315,0.6333799814125344,0.0022107497738890203,9.003116030513795e-06,high_energy
3762,18.816889391,18.835914681,18.8263934674,0.6339617577640573,0.002210753192684045,9.00318577617384e-06,high_energy
3763,18.821898471,18.840883505,18.83139107155,0.6345435372916739,0.002210769465571971,9.003291062064018e-06,high_energy
3764,18.826925175,18.845888488,18.836391726100004,0.6351253171267751,0.0022107574390934914,9.003230641619955e-06,high_energy
3765,18.831880213,18.850900544,18.841391633150003,0.6357070954799873,0.0022107589776272363,9.003193758119893e-06,high_energy
3766,18.836896006,18.855895738,18.8463934238,0.6362888718911306,0.0022107395361352644,9.003053273666455e-06,medium_energy
3767,18.841900999,18.860914577000003,18.851394764650003,0.6368706449157668,0.0022107387513159438,9.003016354171005e-06,medium_energy
3768,18.846885643,18.865885535,18.856394866050003,0.637452418594424,0.002210737661124007,9.003018493465706e-06,medium_energy
3769,18.851887129,18.87088649,18.8613950211,0.6380341921190291,0.002210745002502179,9.003094276627888e-06,medium_energy
3770,18.856894426,18.875888698,18.866391527249995,0.6386159696280018,0.002210760654957511,9.00321767921484e-06,high_energy
3771,18.861876996,18.880883110000003,18.871389524200005,0.639197748283344,0.0022107595588121143,9.003246556138716e-06,high_energy
3772,18.866884203,18.88589709,18.87638998635,0.6397795284416192,0.002210768052288259,9.003277511301103e-06,high_energy
3773,18.871888855,18.890903255,18.88138979325,0.6403613069922601,0.002210748954444064,9.003150165682305e-06,high_energy
3774,18.87690018,18.895887208,18.88638974135,0.6409430827694077,0.0022107481852033928,9.003092557713257e-06,medium_energy
3775,18.881885175,18.900895747,18.8913899735,0.6415248569365678,0.002210733233570572,9.002992678129146e-06,medium_energy
3776,18.886894305,18.90589542,18.89639074625,0.6421066292623936,0.002210739865637912,9.003028316282207e-06,medium_energy
3777,18.891884139,18.910884803,18.9013888098,0.6426884042501666,0.002210746412727893,9.00309974814133e-06,medium_energy
3778,18.896886948,18.915884586,18.9063884634,0.6432701803101815,0.0022107553527135337,9.003193266656856e-06,high_energy
3779,18.901900557,18.920885631,18.91138994195,0.6438519600694077,0.0022107674115892095,9.003280466922527e-06,high_energy
3780,18.906886423,18.925889982,18.91638820285,0.6444337394507912,0.002210758128035728,9.003233640114688e-06,high_energy
3781,18.911891456000003,18.930878704,18.92138782585,0.6450155182855768,0.0022107596772560356,9.003198249894943e-06,high_energy
3782,18.91690244,18.935891442000003,18.926390891900002,0.6455972943628826,0.0022107384509642003,9.003050556305578e-06,medium_energy
3783,18.921883067,18.940888099,18.9313904323,0.6461790678330909,0.002210741440224595,9.003029730327212e-06,medium_energy
3784,18.926885104,18.945889665000003,18.93639047015,0.6467608413203625,0.0022107347078055284,9.003005519497428e-06,medium_energy
3785,18.931884476,18.950916188,18.9413953682,0.6473426148973809,0.0022107479210680125,9.003105772073586e-06,high_energy
3786,18.936885421,18.955881506,18.9463960768,0.6479243923858782,0.002210757232333549,9.003200492962066e-06,high_energy
3787,18.941887007,18.960894854000003,18.95139768155,0.6485061707282629,0.0022107617144984104,9.003254578494185e-06,high_energy
3788,18.946888323,18.965895188,18.956399825299997,0.6490879511837244,0.002210766428873079,9.003270238525678e-06,high_energy
3789,18.95187969,18.970881666,18.9613959392,0.6496697293498961,0.0022107497680421417,9.003155167845263e-06,high_energy
3790,18.956894321,18.975880858,18.96639163825,0.650251505662013,0.002210749172914639,9.003098962840894e-06,medium_energy
3791,18.961904403,18.980886512,18.9713882767,0.6508332795075571,0.002210731904900065,9.00298833448444e-06,medium_energy
3792,18.966881653,18.985880523,18.9763871338,0.6514150522112636,0.0022107423690762573,9.003039467130207e-06,medium_energy
3793,18.97188363,18.990896637,18.9813867063,0.6519968269533007,0.002210743129363202,9.003083866370893e-06,medium_energy
3794,18.976885858000003,18.995897692,18.986386632949994,0.6525786029875545,0.002210758125695378,9.003203477269408e-06,high_energy
3795,18.981902933,19.000892135,18.991388535250003,0.6531603827453611,0.002210764166827417,9.003264594342325e-06,high_energy
3796,18.986882027,19.005895535,18.996388961799997,0.653742161846187,0.0022107604426429006,9.003243768156256e-06,high_energy
3797,18.991881309,19.010885339,19.0013898592,0.6543239410656821,0.0022107584927422153,9.003194363642699e-06,high_energy
3798,18.996888366,19.01589475,19.006392350650003,0.6549057168087572,0.0022107392309775875,9.003056063471485e-06,medium_energy
3799,19.001895101,19.020922405,19.011394415250003,0.6554874908143687,0.0022107424804254094,9.003035837504932e-06,medium_energy
3800,19.006891959,19.025881892,19.016394871400003,0.6560692639404146,0.0022107329742517834,9.002997998999908e-06,medium_energy
3801,19.01188557,19.030894469,19.02139794745,0.65665103780356,0.0022107502226793585,9.003114587264788e-06,high_energy
3802,19.016906743,19.0358878,19.02639807795,0.6572328150122371,0.0022107537863593762,9.003183237357345e-06,high_energy
3803,19.021917667,19.040898193,19.031395988800003,0.6578145933021186,0.002210764562417644,9.003265629036907e-06,high_energy
3804,19.026887203,19.045887816,19.036394916499997,0.6583963738275375,0.002210763539208571,9.003257318066538e-06,high_energy
3805,19.031887787,19.050910833,19.041393316700002,0.6589781517699205,0.0022107522441476846,9.003167453672846e-06,high_energy
3806,19.036901406,19.055879307,19.04639658015,0.6595599285336301,0.002210748274655394,9.003097005215245e-06,medium_energy
3807,19.041891571,19.060896553000003,19.051398018700002,0.6601417020454283,0.0022107324217151003,9.00299217156815e-06,medium_energy
3808,19.046894469,19.0658934,19.0564010642,0.6607234752309955,0.002210743289930761,9.003043676776876e-06,medium_energy
3809,19.051887289,19.07088106,19.061398850899998,0.6613052495495573,0.002210740986582138,9.003073098293867e-06,medium_energy
3810,19.056903964,19.075880602,19.0663946166,0.6618870257965599,0.0022107603722494318,9.00321138354286e-06,high_energy
3811,19.061898126000003,19.080889993,19.07139371605,0.662468805291464,0.0022107607948740338,9.003248151403914e-06,high_energy
3812,19.066900414000003,19.08590266,19.07639137335,0.6630505843658107,0.0022107635267847314,9.00325722842875e-06,high_energy
3813,19.071884046,19.090888306,19.081392719550003,0.6636323637499897,0.002210755976142842,9.003184529316078e-06,high_energy
3814,19.076886133,19.095887548,19.086393808350003,0.6642141393082276,0.002210741711555997,9.00306904571726e-06,medium_energy
3815,19.081883892,19.100899935,19.091393145349997,0.6647959137808244,0.002210741642183045,9.003033658359194e-06,medium_energy
3816,19.086887783,19.10589574,19.0963921773,0.665377686522312,0.0022107330604779207,9.00299858270461e-06,medium_energy
3817,19.091909557,19.110901755,19.1013915158,0.6659594607884871,0.002210751006662015,9.003116758480598e-06,high_energy
3818,19.096884894,19.115914983,19.1063912411,0.6665412375307534,0.0022107513928588673,9.003170683049529e-06,high_energy
3819,19.101885448,19.120894868,19.111391935150003,0.6671230160093724,0.00221076697125433,9.003274718939244e-06,high_energy
3820,19.106882786,19.125889782,19.1163911629,0.6677047963414682,0.0022107604205654496,9.003243338634043e-06,high_energy
3821,19.111885425,19.130877392,19.12139122475,0.6682865743079239,0.0022107555694361736,9.003183413862154e-06,high_energy
3822,19.116902029,19.135881613,19.1263896044,0.6688683513124453,0.0022107459889602055,9.00308887660081e-06,medium_energy
3823,19.121881764,19.140893058,19.131387467200003,0.6694501246296756,0.0022107346761863766,9.003003691694105e-06,medium_energy
3824,19.126887388,19.145887841,19.136388491399998,0.6700318982440686,0.0022107423439479135,9.003039687827015e-06,medium_energy
3825,19.131880478000003,19.150883807,19.141388279250005,0.6706136721040452,0.0022107406283486952,9.003070291705235e-06,medium_energy
3826,19.136891673,19.155882878,19.1463963507,0.671195448691631,0.002210761163020436,9.003212895647461e-06,high_energy
3827,19.141899761,19.160888182,19.15139759275,0.6717772277274703,0.0022107583817581045,9.003235955092474e-06,high_energy
3828,19.1468817,19.165919123,19.1563988103,0.6723590070181766,0.0022107662598314093,9.003269076968923e-06,high_energy
3829,19.151928853,19.170887086,19.161400260300002,0.6729407863034945,0.002210753135904575,9.003173206901646e-06,high_energy
3830,19.156880965000003,19.175892139,19.166396094699998,0.6735225619194048,0.0022107451236186293,9.003086086377901e-06,medium_energy
3831,19.161891819,19.180889718,19.17139561555,0.6741043366592996,0.0022107393699686284,9.00302514586112e-06,medium_energy
3832,19.166918423,19.185883970000003,19.1763940624,0.6746861091453312,0.002210734915014889,9.00300702236926e-06,medium_energy
3833,19.171928976,19.190902949,19.18139507955,0.6752678837761101,0.002210749935987799,9.003110797980882e-06,high_energy
3834,19.17688713,19.195884127000003,19.1863923607,0.6758496600038167,0.0022107507374125035,9.003165863802854e-06,high_energy
3835,19.181888767,19.200882277,19.19139235795,0.6764314388081043,0.00221076798600528,9.003277646352264e-06,high_energy
3836,19.186896304,19.205924680000003,19.1963952507,0.6770132187413707,0.0022107581657859754,9.003233146626459e-06,high_energy
3837,19.191899503,19.210903693,19.201395401700005,0.6775949969763867,0.002210758636923771,9.003198162566873e-06,high_energy
3838,19.196896411,19.21590037,19.2063983866,0.6781767739601269,0.0022107432927711557,9.003078895119721e-06,medium_energy
3839,19.201877729,19.220920522,19.2114003921,0.6787585473206861,0.0022107379452371845,9.003019679862027e-06,medium_energy
3840,19.206910123,19.225881572,19.21639731155,0.6793403211761787,0.002210739920904814,9.003029211859467e-06,medium_energy
3841,19.211895629,19.23087375,19.221392607,0.6799220946956168,0.0022107420593444616,9.003075448447994e-06,medium_energy
3842,19.21689992,19.235876017,19.226390905,0.6805038715984308,0.0022107601097207663,9.003206301840227e-06,high_energy
3843,19.221880838,19.240881711,19.23138755745,0.681085650112958,0.00221075765237444,9.003231215232336e-06,high_energy
3844,19.226881532,19.245893287,19.236385806300003,0.6816674297651165,0.0022107676638611906,9.003275010566615e-06,high_energy
3845,19.231927642,19.250879223,19.24138608505,0.682249208738129,0.0022107510685263065,9.003165257657072e-06,high_energy
3846,19.236883903000003,19.255916738,19.246390388,0.6828309846586121,0.002210748376570315,9.003102369116647e-06,medium_energy
3847,19.241881832,19.260885652,19.2513939029,0.6834127594082224,0.002210736606942376,9.003014466912892e-06,medium_energy
3848,19.246875674,19.265959264000003,19.256400468049996,0.6839945318719198,0.002210737862380796,9.00302031228137e-06,medium_energy
3849,19.25189284,19.27089159,19.261404211900004,0.6845763066912045,0.0022107473454440196,9.003098175672375e-06,medium_energy
3850,19.256888976000003,19.275886634000003,19.26640131515,0.6851580825096965,0.0022107518802547688,9.003169029386196e-06,high_energy
3851,19.261911972,19.280903428,19.271401851850005,0.6857398616259239,0.0022107671687550123,9.003272482364575e-06,high_energy
3852,19.266885866000003,19.285892421,19.276398592499998,0.6863216410839117,0.0022107575365488685,9.003230115930293e-06,high_energy
3853,19.271914223,19.290891282,19.28139784035,0.6869034197409336,0.002210760448548399,9.003207306385012e-06,high_energy
3854,19.276887135000003,19.295882679,19.286393894150002,0.6874851964846572,0.0022107412831751105,9.003071923014512e-06,medium_energy
3855,19.281881708,19.300901458,19.2913930624,0.6880669701384795,0.0022107411574703306,9.003035401584501e-06,medium_energy
3856,19.286909314000003,19.305885721000003,19.296392235000003,0.6886487439826399,0.0022107369281902933,9.003016256876494e-06,medium_energy
3857,19.291881264,19.31088345,19.30139325665,0.6892305173885933,0.0022107446530030828,9.0030857785537e-06,medium_energy
3858,19.296890525,19.315890948,19.3063932584,0.6898122944410832,0.002210757492043136,9.003192830786776e-06,high_energy
3859,19.301901989,19.320884749,19.3113921275,0.6903940725254506,0.002210758721536976,9.003234424652397e-06,high_energy
3860,19.306915148,19.325886025000003,19.31639243035,0.6909758525363936,0.0022107672531079814,9.00327289071536e-06,high_energy
3861,19.311885835,19.330888282,19.3213912884,0.6915576311075128,0.002210750569685338,9.003164205717425e-06,high_energy
3862,19.316901989,19.335899607,19.326392965249998,0.6921394074952765,0.002210750455264865,9.003113423978961e-06,high_energy
3863,19.321891603,19.340887888,19.331391598350002,0.6927211820315933,0.00221073444769182,9.003006470499763e-06,medium_energy
3864,19.326916403,19.345882882,19.336389976550002,0.6933029547256709,0.0022107408533367234,9.003033814385841e-06,medium_energy
3865,19.331884035,19.350920366,19.341392159450002,0.6938847294861414,0.0022107441045671195,9.003082731639136e-06,medium_energy
3866,19.336893586,19.355906844,19.346399040300003,0.6944665051144325,0.0022107542450715556,9.003177612885843e-06,high_energy
3867,19.341898809,19.360882311,19.35140298905,0.6950482843865696,0.002210764743772131,9.003260211982637e-06,high_energy
3868,19.346886039,19.365902612000003,19.356406564100006,0.6956300634456982,0.0022107587012731855,9.003234978435679e-06,high_energy
3869,19.351895991000003,19.370893348000003,19.3614072261,0.6962118425336344,0.002210760472273421,9.003208502457651e-06,high_energy
3870,19.35691518,19.375904713,19.3664021297,0.6967936189364566,0.002210740787380594,9.00307162406491e-06,medium_energy
3871,19.361886169,19.380885961,19.37140169165,0.6973753930562692,0.002210743283503014,9.003046322086442e-06,medium_energy
3872,19.366904737,19.385886455,19.37640046405,0.697957166663483,0.002210734455247554,9.003005648725767e-06,medium_energy
3873,19.371917665,19.390905183,19.38139990775,0.6985389402100391,0.0022107473848187453,9.003096751450049e-06,medium_energy
3874,19.376891218,19.395890559,19.3863987773,0.699120717169231,0.002210754140022253,9.003176148983305e-06,high_energy
3875,19.38190139,19.400892456,19.3913988051,0.6997024950325553,0.0022107610638562036,9.00324324140099e-06,high_energy
3876,19.386907695,19.405889413,19.396398065950002,0.700284275255605,0.002210765196546838,9.003263459828958e-06,high_energy
3877,19.391905665,19.410887293,19.40139544725,0.7008660534871268,0.002210751859905713,9.003171013373372e-06,high_energy
3878,19.396921839,19.415904719,19.406395914399997,0.7014478303638889,0.0022107507835773532,9.003116714025553e-06,high_energy
3879,19.401893559,19.420890876,19.41139483765,0.7020296045764829,0.002210733748129634,9.003004946485526e-06,medium_energy
3880,19.406893732,19.425893925,19.416394241300004,0.7026113776835808,0.0022107428476694224,9.003042945789948e-06,medium_energy
3881,19.411892303,19.43087924,19.4213934836,0.7031931521570428,0.00221074129469212,9.003069255061934e-06,medium_energy
3882,19.416901193,19.435891026,19.426392513,0.7037749278484846,0.0022107568348843643,9.003187205231185e-06,high_energy
3883,19.42188725,19.440890638000003,19.431391306949997,0.7043567070371793,0.002210761499554792,9.003244317832802e-06,high_energy
3884,19.426893424000003,19.445891483,19.436391585250004,0.7049384858957257,0.0022107611863342314,9.003245621529426e-06,high_energy
3885,19.431878279000003,19.450904721,19.44139418345,0.7055202652781458,0.0022107588216622176,9.003202248055172e-06,high_energy
3886,19.436891658,19.45591783,19.446402664750003,0.7061020413896444,0.002210742076858452,9.0030791866251e-06,medium_energy
3887,19.441892362,19.460895771,19.45140551185,0.7066838160110664,0.0022107437051257506,9.003049718115999e-06,medium_energy
3888,19.446896073,19.465897137,19.456405662350004,0.7072655892623166,0.002210733384359287,9.003001294784377e-06,medium_energy
3889,19.451896687,19.470883665,19.461403650799998,0.7078473631407589,0.0022107492067089396,9.003103748672891e-06,high_energy
3890,19.456891831,19.475884219,19.466395968100002,0.7084291397751914,0.0022107511243154576,9.00316099920708e-06,high_energy
3891,19.461897735,19.480890244,19.471396051000003,0.7090109176680466,0.002210763711999242,9.003253385987973e-06,high_energy
3892,19.466893561000003,19.485913972,19.476397951399996,0.7095926978675883,0.0022107622395806104,9.003250010271786e-06,high_energy
3893,19.471885419,19.490885942,19.48139959625,0.7101744759471373,0.002210754517550484,9.003183796589361e-06,high_energy
3894,19.476921069000003,19.495898419,19.486398415700002,0.7107562531883298,0.0022107494201719646,9.003112494475413e-06,high_energy
3895,19.481901135,19.500897971,19.4913958421,0.7113380271154179,0.0022107348291253714,9.003011301471638e-06,medium_energy
3896,19.48692842,19.505889548000003,19.4963935299,0.7119198006852943,0.0022107431876694505,9.003044810078159e-06,medium_energy
3897,19.491890662000003,19.510885634,19.501392683499997,0.7125015747439946,0.0022107398216846263,9.003061758157885e-06,medium_energy
3898,19.496891256,19.515899444,19.5063910096,0.713083350696507,0.0022107585970037036,9.003193168047675e-06,high_energy
3899,19.501892642,19.520882695,19.511389663300005,0.7136651295663905,0.0022107584931054802,9.00322948186117e-06,high_energy
3900,19.506894308,19.525890203,19.51639072955,0.7142469084709704,0.0022107640563087116,9.003257905744673e-06,high_energy
3901,19.511884293,19.530878754,19.5213901016,0.7148286879171784,0.002210756197213115,9.003191635668714e-06,high_energy
3902,19.51690254,19.535877595,19.52638928625,0.7154104639153067,0.002210744782473739,9.003092958069878e-06,medium_energy
3903,19.521915097,19.540891375,19.531388224,0.7159922389271354,0.002210742426550283,9.003045604223485e-06,medium_energy
3904,19.526884893,19.54587682,19.536387464800004,0.7165740118498661,0.002210734084498789,9.003004815743815e-06,medium_energy
3905,19.531882081000003,19.550908003,19.54138847555,0.7171557861231729,0.0022107494238694514,9.003103710918612e-06,high_energy
3906,19.536878878,19.555889862,19.546395066800002,0.7177375622955049,0.0022107493718159787,9.003151488371206e-06,high_energy
3907,19.541890614,19.560883723,19.55139829315,0.7183193404204673,0.0022107656114949137,9.003260211555563e-06,high_energy
3908,19.546882522,19.565890109,19.556400695,0.7189011203574072,0.002210759422824893,9.00323715120914e-06,high_energy
3909,19.551905348,19.570885623,19.56139975895,0.719482898527569,0.002210757640949801,9.003198562635342e-06,high_energy
3910,19.556895373,19.575883783,19.566396491499997,0.7200646759093244,0.0022107470193279966,9.00310365254084e-06,high_energy
3911,19.561890907,19.580915466,19.5713951201,0.7206464497201501,0.002210737374204186,9.003024114639202e-06,medium_energy
3912,19.566886302,19.585895482,19.576393974650003,0.7212282236556311,0.002210741824069551,9.003039186719502e-06,medium_energy
3913,19.571890714,19.590893702,19.58139384115,0.7218099973157646,0.002210740101014075,9.003062068796966e-06,medium_energy
3914,19.576883934,19.595889327,19.586396711349998,0.7223917736038532,0.002210758802161372,9.003192291576073e-06,high_energy
3915,19.581929263000003,19.600891394,19.591396903000003,0.722973552007201,0.002210756669398073,9.003219892041824e-06,high_energy
3916,19.586896064,19.605894473000003,19.5963947772,0.723555331163864,0.002210766257813468,9.003267188123851e-06,high_energy
3917,19.591912107,19.610891591,19.60139636295,0.7241371104323067,0.0022107536203188616,9.00318118787298e-06,high_energy
3918,19.596886131,19.615950625,19.606397318,0.7247188865563179,0.0022107480382302924,9.00310910098609e-06,high_energy
3919,19.601886655,19.620891006,19.611398932350003,0.7253006617433593,0.0022107400546733658,9.003036657148691e-06,medium_energy
3920,19.606910784,19.625890007,19.61640084575,0.7258824344983111,0.002210736292131088,9.003015024872924e-06,medium_energy
3921,19.611895879,19.630892355,19.621398796149997,0.7264642090828695,0.0022107479345585546,9.00309618760699e-06,medium_energy
3922,19.616899079,19.635883522,19.62639466965,0.7270459847968629,0.0022107493427787617,9.003149644728248e-06,high_energy
3923,19.621906075,19.640899916,19.631394949399997,0.7276277632382652,0.0022107660010739494,9.003260368276727e-06,high_energy
3924,19.626889918,19.645887766,19.636393838050004,0.7282095427545053,0.0022107577063943396,9.003229137990363e-06,high_energy
3925,19.63189979,19.65089336,19.641394719950004,0.7287913212246994,0.0022107601805343435,9.003210683537904e-06,high_energy
3926,19.636895425,19.655882893,19.64639910745,0.7293730985050126,0.0022107445806316406,9.003094612355839e-06,medium_energy
3927,19.641890579,19.660910729,19.65139565415,0.7299548724361966,0.0022107405549292025,9.00303971237238e-06,medium_energy
3928,19.646889019,19.665882068,19.6563970871,0.7305366465317957,0.0022107393155081922,9.003028538948614e-06,medium_energy
3929,19.651891277,19.670901699,19.661399089600003,0.7311184199447673,0.002210741922166193,9.003069235651597e-06,medium_energy
3930,19.656877203,19.67591632,19.6663934853,0.7317001964971129,0.0022107572972709377,9.00318390046437e-06,high_energy
3931,19.661917623,19.680879092,19.671394461850003,0.7322819744241255,0.0022107565315581112,9.003217768457987e-06,high_energy
3932,19.666892479,19.685896739,19.676399590800003,0.7328637539260692,0.0022107670000250934,9.003269988630196e-06,high_energy
3933,19.671886461,19.690880341,19.6813963429,0.7334455328493844,0.002210752063292354,9.00317521361994e-06,high_energy
3934,19.676888347,19.695891796,19.68639884625,0.7340273093127113,0.0022107508010718036,9.003123013637113e-06,high_energy
3935,19.681890905,19.700912499,19.69140121105,0.7346090844345075,0.0022107375649023098,9.003027192583546e-06,medium_energy
3936,19.686890438,19.705884218,19.6963958932,0.7351908572556163,0.0022107392181505148,9.003028420659774e-06,medium_energy
3937,19.691913174,19.710886436000003,19.70139556885,0.7357726319555834,0.002210745248536483,9.003083426857189e-06,medium_energy
3938,19.696898069,19.715884656,19.7063916217,0.7363544073517497,0.0022107508795112807,9.003154751683268e-06,high_energy
3939,19.7019078,19.720891602,19.71139048325,0.7369361860492694,0.0022107646775664236,9.003252961703677e-06,high_energy
3940,19.706894999000003,19.725884712000003,19.71638861105,0.7375179651211041,0.002210757634081517,9.00322837175356e-06,high_energy
3941,19.711883481,19.730883624,19.72138932915,0.7380997439934852,0.0022107613184667585,9.003216559818252e-06,high_energy
3942,19.716893132000003,19.735882274,19.726390716999997,0.7386815209976021,0.002210743085577782,9.00308972216352e-06,medium_energy
3943,19.721901582,19.740888499,19.731389891699997,0.7392632952672411,0.002210743337639265,9.003053532446147e-06,medium_energy
3944,19.726896485,19.745917638,19.73639131665,0.7398450692852758,0.002210736610938291,9.003017064211069e-06,medium_energy
3945,19.731888243,19.750902733,19.7413935697,0.7404268426812528,0.0022107445371393197,9.00307993849629e-06,medium_energy
3946,19.736884439,19.755896354,19.7463996705,0.74100861931079,0.002210754542550042,9.003170024839341e-06,high_energy
3947,19.741891736,19.760889013,19.7514023964,0.7415903968895682,0.0022107579743799732,9.00322262834072e-06,high_energy
3948,19.746893543,19.765892914,19.75640207655,0.7421721766868649,0.0022107660307870702,9.003265197401955e-06,high_energy
3949,19.751895289,19.770894099,19.7614019841,0.7427539552282014,0.002210752108413594,9.003176285169442e-06,high_energy
3950,19.756917304,19.775890756000003,19.7663978069,0.743335732142769,0.0022107522286614056,9.003130987039307e-06,high_energy
3951,19.761893182,19.780925636000003,19.7713972777,0.7439175070190851,0.0022107359452405717,9.003021586784704e-06,medium_energy
3952,19.766910398,19.785897706,19.77639948615,0.7444992801290176,0.0022107418409920143,9.003040492379052e-06,medium_energy
3953,19.77189414,19.790873073,19.781399464400003,0.7450810547096566,0.0022107422863619774,9.003069500738344e-06,medium_energy
3954,19.776888743,19.795878286,19.786398539,0.7456628300125641,0.0022107532764854554,9.003163676339424e-06,high_energy
3955,19.781906831,19.800885232,19.7913961432,0.7462446087870026,0.0022107620512175075,9.003239802642741e-06,high_energy
3956,19.786928224,19.805880486,19.7963910092,0.7468263875293617,0.002210759152363906,9.003234598914868e-06,high_energy
3957,19.791933698,19.810877955,19.801386537450004,0.7474081667648187,0.0022107607550490016,9.003214872358469e-06,high_energy
3958,19.796881643000003,19.815886344000003,19.80638524525,0.7479899434442837,0.002210743152561534,9.003091713591787e-06,medium_energy
3959,19.801883590000003,19.82089334,19.811384441950004,0.7485717181749066,0.0022107448583312816,9.003061769613704e-06,medium_energy
3960,19.806884935000003,19.825878305,19.816386483500004,0.7491534919308529,0.002210734702078554,9.003009154420525e-06,medium_energy
3961,19.811879158,19.830897354,19.8213900074,0.7497352655359386,0.0022107469393661816,9.003089732200645e-06,medium_energy
3962,19.816889721000003,19.835939087,19.826392221300004,0.7503170420102582,0.0022107514280591545,9.003154601950196e-06,high_energy
3963,19.821885647,19.840894586,19.83139486605,0.7508988194579462,0.00221076033612988,9.00323153263655e-06,high_energy
3964,19.82688038,19.845897945,19.8363966091,0.7514805993790205,0.002210763709814323,9.003254402249824e-06,high_energy
3965,19.831884771,19.850882409,19.841394587000003,0.7520623776404677,0.0022107537531175225,9.003184374774132e-06,high_energy
3966,19.836889624,19.855910756,19.8463966176,0.7526441549791251,0.0022107519751299876,9.003131497841307e-06,high_energy
3967,19.841884968,19.860882927,19.851394472849996,0.7532259295515239,0.00221073584805076,9.003022721950847e-06,medium_energy
3968,19.846881365,19.865907907,19.856393873499997,0.7538077030835,0.002210743277764493,9.003047350644178e-06,medium_energy
3969,19.851883853,19.870896679,19.861395518400002,0.7543894773561719,0.002210740040949233,9.003058806965846e-06,medium_energy
3970,19.856901319,19.875886283,19.866391844750005,0.7549712527934539,0.002210755544638232,9.003172050061596e-06,high_energy
3971,19.861896974,19.88087754,19.871392791249995,0.7555530314140603,0.0022107589797180083,9.003224685824674e-06,high_energy
3972,19.866889774,19.885904634000003,19.876394470200005,0.7561348100355573,0.002210761644162673,9.003245077025173e-06,high_energy
3973,19.871930193,19.890897364,19.881393788199997,0.7567165894709077,0.00221075879923216,9.003206984847405e-06,high_energy
3974,19.876877547000003,19.895876397,19.886393721850002,0.7572983659160955,0.0022107448289245824,9.003100779175722e-06,medium_energy
3975,19.881883241,19.900903381000003,19.89139423505,0.7578801410936756,0.002210744726813374,9.003062705077689e-06,medium_energy
3976,19.886882052,19.905878948,19.8963916143,0.7584619145200646,0.002210734272947157,9.003007832073348e-06,medium_energy
3977,19.891893878,19.910879042,19.901393315750003,0.7590436884772159,0.002210748230070614,9.003094657597158e-06,medium_energy
3978,19.896879684,19.915935642,19.906394887450002,0.7596254646029704,0.002210748945164376,9.003142023169753e-06,high_energy
3979,19.901876882,19.920925486,19.91139857865,0.7602072421467858,0.002210762647752773,9.003240200657672e-06,high_energy
3980,19.906920939000003,19.925943574,19.9164035944,0.760789021962534,0.002210760860395844,9.003241245368227e-06,high_energy
3981,19.911889052000003,19.930889334,19.921402123849997,0.761370800144134,0.0022107564258408985,9.003196940239903e-06,high_energy
3982,19.916938458,19.935890189,19.92640053505,0.7619525777535847,0.0022107502984907157,9.003125683995097e-06,high_energy
3983,19.921893827,19.940904299,19.93139623275,0.7625343521019565,0.0022107373697082267,9.003031007532825e-06,medium_energy
3984,19.92689354,19.945910695,19.936392243500002,0.7631161260555186,0.002210743095827361,9.003047089620093e-06,medium_energy
3985,19.93189211,19.950883817,19.94139630145,0.7636978999436849,0.0022107392257817438,9.00305449979309e-06,medium_energy
3986,19.93689003,19.955881616000003,19.94640080425,0.7642796756662869,0.002210756772114131,9.003175856207978e-06,high_energy
3987,19.941897227,19.960898241,19.951403893850003,0.7648614539343549,0.002210756450246265,9.003211984805757e-06,high_energy
3988,19.946908892,19.965909976000003,19.9564067179,0.7654432326605225,0.002210764162591694,9.003255621972838e-06,high_energy
3989,19.951883237,19.97092593,19.9614041994,0.7660250120693013,0.002210756238117284,9.003196378636986e-06,high_energy
3990,19.956911613000003,19.975890596000003,19.96640278095,0.766606788472437,0.0022107475892561013,9.0031145790815e-06,high_energy
3991,19.96190303,19.980903584,19.971399904749994,0.7671885639550992,0.002210743150350858,9.003057252401579e-06,medium_energy
3992,19.966885771,19.985881796,19.97639990905,0.7677703371219344,0.0022107354679121727,9.003013719329744e-06,medium_energy
3993,19.971930138,19.990894363,19.981402054800004,0.7683521114436578,0.0022107479362745153,9.003092632062873e-06,medium_energy
3994,19.976891959,19.995886321,19.98639895075,0.768933887134456,0.0022107478344191023,9.003135564071399e-06,high_energy
3995,19.981886472000003,20.000885934000003,19.991397447700002,0.7695156649314914,0.0022107639870876383,9.00324457054034e-06,high_energy
3996,19.986931971,20.005897288,19.996397163850002,0.770097444437858,0.0022107584627413246,9.003230069404395e-06,high_energy
3997,19.991903251,20.010907842,20.0013966367,0.7706792227632147,0.0022107592039350976,9.003209902717566e-06,high_energy
3998,19.996889678,20.015919958,20.006399525399996,0.7712610004213706,0.0022107479479789305,9.003116858060356e-06,high_energy
3999,20.001941329,20.020900414,20.0114014302,0.771842774730994,0.002210740031595826,9.003044309268521e-06,medium_energy
4000,20.006908781,20.025921577,20.0163990871,0.7724245489765327,0.002210741452095988,9.003040400819073e-06,medium_energy
4001,20.011923021,20.030901092,20.021396756449995,0.7730063225399404,0.0022107400321411674,9.003057410155494e-06,medium_energy
4002,20.016906142,20.035882981,20.02639650175,0.7735880985719218,0.0022107564477140684,9.003172844968081e-06,high_energy
4003,20.02189259,20.040920515,20.03139718485,0.7741698763903622,0.0022107552279031495,9.003205085332838e-06,high_energy
4004,20.02688027,20.045876084,20.03639726825,0.7747516553832338,0.002210765777801882,9.003262137565467e-06,high_energy
4005,20.031887908,20.050899031,20.041396768050003,0.7753334345570444,0.002210754042232921,9.003187352650333e-06,high_energy
4006,20.03689291,20.055875911,20.04639981755,0.7759152111403467,0.0022107505371717906,9.003129148223611e-06,high_energy
4007,20.041883175,20.060897765,20.0513996274,0.776496986712188,0.002210740838913594,9.003048549328405e-06,medium_energy
4008,20.046882918,20.065896416,20.0564001447,0.7770787597980654,0.002210737855759426,9.00302489085621e-06,medium_energy
4009,20.051886097,20.070891019,20.061401394249994,0.7776605343668268,0.0022107461651375004,9.003084128389085e-06,medium_energy
4010,20.056881391,20.075880472,20.066394724400002,0.7782423096710552,0.002210748332753809,9.00313625941765e-06,high_energy
4011,20.061893778,20.080882549,20.071394155550003,0.7788240877553789,0.0022107638068087354,9.003242234225503e-06,high_energy
4012,20.066886958,20.085903512,20.0763940987,0.7794058668443868,0.002210757303887867,9.003224358155569e-06,high_energy
4013,20.071884647,20.090886283,20.08139238625,0.7799876454802485,0.0022107611524342374,9.00321914201279e-06,high_energy
4014,20.076916671000003,20.095930730000003,20.086398667399997,0.7805694229761573,0.002210745881881415,9.003109263516549e-06,high_energy
4015,20.081886618,20.100899955000003,20.09139859505,0.7811511974685226,0.002210742965575996,9.003058784527503e-06,medium_energy
4016,20.086900427,20.105883257,20.096396415700006,0.7817329717974827,0.0022107390161520968,9.003030243055247e-06,medium_energy
4017,20.091910169,20.110882519,20.1013966975,0.7823147452073489,0.002210742076615979,9.003065824131622e-06,medium_energy
4018,20.096878492,20.115888794,20.10639276125,0.7828965214422511,0.0022107546295844216,9.003163274333637e-06,high_energy
4019,20.101887122,20.120897754,20.111394349999998,0.7834782988469073,0.0022107555937393997,9.003205218996703e-06,high_energy
4020,20.106894228,20.1258885,20.116396961649997,0.7840600781496082,0.0022107659084644737,9.003262066406116e-06,high_energy
4021,20.111886136000003,20.13089765,20.121399265300003,0.7846069503854756,0.0018616902594610352,7.733268830055305e-06,medium_energy
4022,20.116913922,20.135876744,20.1263989991,0.7850141943953399,0.0012799126327855959,3.901823075915536e-06,medium_energy
4023,20.121888878,20.140940358,20.131399103600003,0.7852759928152029,0.0006981312110498905,9.334622883170026e-07,medium_energy
4024,20.126888811,20.14591845,20.136401841,0.7853923449083753,0.00011635360078887658,1.2860012748322422e-08,medium_energy
4025,20.131882332,20.150899186,20.1413992388,0.7853981608699051,1.012537342859332e-08,2.3165546936794584e-16,low_energy
4026,20.136931017,20.155890824,20.1464066325,0.7853981595361782,8.216942681826822e-09,1.0180242014806308e-16,low_energy
4027,20.141924538,20.160904623,20.151405270200005,0.7853981613915677,1.2405906524293187e-08,3.3796791206326415e-16,low_energy
4028,20.146889125,20.165888947000003,20.156403681500002,0.7853981636684473,1.0650115456201092e-08,3.0727698109002245e-16,low_energy
4029,20.151887996000003,20.170895462,20.16140535395,0.7853981662446246,1.2731439014146417e-08,2.820980694297876e-16,low_energy
4030,20.156890033,20.175924821,20.16639768265,0.7853981670307101,9.855236626776787e-09,1.3864927918038986e-16,low_energy
4031,20.161884857,20.180907672,20.171398164849997,0.7853981654681104,9.890097629750016e-09,2.3313983305357003e-16,low_energy
4032,20.166908575,20.185879241,20.1763968025,0.7853981632523148,1.52593582214422e-08,4.2574342692013326e-16,low_energy
4033,20.17189916,20.190883753,20.18139486905,0.7853981603221177,1.1893267704010668e-08,1.8661080422659282e-16,low_energy
4034,20.176884846,20.195910447000003,20.1863945728,0.785398160148026,7.923438793966397e-09,1.38320276212465e-16,low_energy
4035,20.181887555000003,20.20089966,20.19139368885,0.7853981608799939,1.2421933703876675e-08,2.325993809117441e-16,low_energy
4036,20.186884482,20.205896958,20.19639093285,0.7853981639778331,1.5779371587143487e-08,4.2959039413367855e-16,low_energy
4037,20.191896187,20.210951915000003,20.2013945244,0.7853981660322403,9.00139074389017e-09,1.838853632505674e-16,low_energy
4038,20.196884378,20.215902345,20.206395007100006,0.7853981669568183,9.00139074389017e-09,1.20708680109457e-16,low_energy
4039,20.201882197,20.220925822,20.21139666895,0.785398165729571,1.4187642172203141e-08,3.366683213642802e-16,low_energy
4040,20.206882261,20.225900257000003,20.21639794515,0.7853981628742757,1.098587532055717e-08,3.01512854307014e-16,low_energy
4041,20.211885721,20.230890161,20.2213944458,0.7853981609111622,1.027018114996281e-08,2.596860322919113e-16,low_energy
4042,20.216900021,20.235888291,20.226395537549998,0.7853981595847748,8.301765497265023e-09,9.917014720237557e-17,low_energy
4043,20.221886368,20.240887904,20.23139655825,0.7853981614365698,1.030385288203206e-08,2.800431006685767e-16,low_energy
4044,20.226897753000003,20.245939665,20.23639924665,0.7853981634602792,1.1947046019145091e-08,3.2505292420820107e-16,low_energy
4045,20.231911593,20.250890445,20.2414015493,0.7853981663060108,1.3225476713785156e-08,2.4952956518383083e-16,low_energy
4046,20.236943556,20.255877704,20.246403136549997,0.7853981667974883,9.039352377726573e-09,1.3873623918430052e-16,low_energy
4047,20.24192254,20.260903426,20.251400535400002,0.7853981656657435,9.465706440892063e-09,2.066679364443018e-16,low_energy
4048,20.246886064,20.265895785,20.25639658865,0.7853981631881023,1.5452944701621618e-08,4.448541375783277e-16,low_energy
4049,20.251884905,20.270881581,20.2613936508,0.7853981605268074,1.0315179821418496e-08,1.6971762129609152e-16,low_energy
4050,20.256913412000003,20.27587381,20.26638632325,0.7853981601535872,7.51712647684144e-09,1.2763455062749826e-16,low_energy
4051,20.261899479,20.280896877,20.271385174399995,0.785398160844417,1.347384426253484e-08,2.525956461108185e-16,low_energy
4052,20.266894072000003,20.285876121,20.27638456505,0.7853981639676771,1.4335510556406916e-08,3.6412948492729203e-16,low_energy
4053,20.27187531,20.290877937,20.281386586700002,0.7853981658075844,9.425126457074384e-09,2.0053868372797376e-16,low_energy
4054,20.276906623,20.295904711,20.286393525599998,0.7853981670636981,8.79734773917562e-09,1.0176176488632103e-16,low_energy
4055,20.281878182,20.300891961,20.2913941861,0.7853981655736827,1.270160776556395e-08,3.214290340163539e-16,low_energy
4056,20.286950913,20.305886353,20.296396943,0.7853981631286573,1.021716311555565e-08,2.8160714152413624e-16,low_energy
4057,20.291931870000003,20.310887418,20.301397705150002,0.785398160867098,1.1448968884053556e-08,2.7493157000979886e-16,low_energy
4058,20.296902598000003,20.31588637,20.30639364525,0.7853981597366666,9.069408335449225e-09,1.0807981320131885e-16,low_energy
4059,20.301893554000003,20.320896171,20.31139231845,0.7853981613765535,9.737773254414606e-09,2.295451560589099e-16,low_energy
4060,20.30691621,20.325885314,20.316393429850002,0.7853981633544951,1.3724574365880926e-08,3.577332693084236e-16,low_energy
4061,20.311880616,20.330884185,20.32139126605,0.7853981662892439,1.2650854586127025e-08,2.080679901082984e-16,low_energy
4062,20.316901359000003,20.335894889,20.3263922401,0.7853981666124721,8.0967588189651e-09,1.289041202755809e-16,low_energy
4063,20.321921250000003,20.340886065000003,20.3313933164,0.7853981658475568,1.0633058877829171e-08,1.951532528416334e-16,low_energy
4064,20.326886818,20.345881861,20.3363894313,0.7853981630966957,1.5279653098332346e-08,4.2789617765332085e-16,low_energy
4065,20.331882813,20.350881613,20.341388454649998,0.7853981607891093,8.91431373162277e-09,1.6844953387359093e-16,low_energy
4066,20.336888788,20.355917665,20.346393708949996,0.785398160074322,8.168071552461242e-09,1.1908341684722325e-16,low_energy
4067,20.341878111,20.360904523,20.351397867050004,0.7853981609135331,1.367198976254258e-08,2.765542081636633e-16,low_energy
4068,20.346881711,20.365915577000003,20.3564033191,0.7853981638547589,1.2200279897456312e-08,3.07274849097233e-16,low_energy
4069,20.351890251,20.370903237,20.36140664115,0.7853981656801089,9.6651637804257e-09,2.2558784446397274e-16,low_energy
4070,20.356919098,20.375884425,20.366402733899996,0.785398167095198,7.572357851870493e-09,8.754077266185843e-17,low_energy
4071,20.361913371,20.380886412,20.371401651150002,0.7853981654589377,1.0997442956295345e-08,2.8011291300661495e-16,low_energy
4072,20.366897093,20.385881546,20.376398858600005,0.7853981633724445,9.971524939089704e-09,2.817916683400186e-16,low_energy
4073,20.371924819,20.390906076,20.3814007535,0.7853981607927503,1.2581066854977507e-08,2.6463361730064663e-16,low_energy
4074,20.37688108,20.395889648,20.3863998486,0.7853981599515044,9.030546088695246e-09,1.165052507654774e-16,low_energy
4075,20.381909506,20.400879602,20.391398327949997,0.7853981612318872,9.030546088695246e-09,1.9454016542486566e-16,low_energy
4076,20.386925911,20.405925633000003,20.39639971895,0.7853981633530468,1.469521571095811e-08,3.9008233499685816e-16,low_energy
4077,20.391884716,20.41094363,20.4014001916,0.7853981661706216,1.131822369160318e-08,1.7673022610520751e-16,low_energy
4078,20.396890039,20.415898738000003,20.406402793250006,0.7853981665186086,7.057786355346707e-09,1.187710330604989e-16,low_energy
4079,20.401879122,20.420889244,20.4114016564,0.7853981659573287,1.1834059954196618e-08,1.9965945643148798e-16,low_energy
4080,20.40689218,20.425885309,20.41639778925,0.7853981630408958,1.4670320958032335e-08,3.7963223737631747e-16,low_energy
4081,20.411902753,20.430889911,20.421395267700007,0.7853981610473985,8.697867315277108e-09,1.7709302114885712e-16,low_energy
4082,20.416895773,20.435885647000003,20.42639501355,0.7853981599626011,8.665263173668336e-09,1.0574399369203898e-16,low_energy
4083,20.421891689,20.440935825,20.431401793550002,0.7853981610501168,1.2844729724292847e-08,2.851692905769924e-16,low_energy
4084,20.426892473,20.44588929,20.436403637350004,0.7853981636561889,9.905805953280833e-09,2.710730710058798e-16,low_energy
4085,20.431882779,20.450894152,20.44140305455,0.7853981656548438,1.0143297757281289e-08,2.508950296085458e-16,low_energy
4086,20.43693486,20.455888485000003,20.4464049774,0.785398167025241,7.699330062393983e-09,8.564312273578123e-17,low_energy
4087,20.441884969,20.460890332,20.45139907505,0.7853981654297347,9.543993151339691e-09,2.3097618957140413e-16,low_energy
4088,20.446883991,20.465925361,20.456402975200003,0.7853981635489863,1.1849921044415623e-08,2.9970300497690587e-16,low_energy
4089,20.451885276,20.470887974,20.461403991350004,0.7853981607500686,1.281107486761357e-08,2.321128099039562e-16,low_energy
4090,20.456884037,20.475917453,20.46639945355,0.7853981601694453,8.186574973478855e-09,1.16002037651478e-16,low_energy
4091,20.4618889,20.480881929,20.47140100575,0.785398161052312,9.094019759459115e-09,1.733957998396713e-16,low_energy
4092,20.466912858,20.48589153,20.47639909685,0.7853981634218858,1.4654276903058872e-08,4.0133126604390686e-16,low_energy
4093,20.471889728,20.49088459,20.481397760100002,0.7853981659641074,9.726034200241429e-09,1.6264289865983092e-16,low_energy
4094,20.476918636,20.495888852,20.48639735855,0.7853981665238814,7.337040308641463e-09,1.1290279901357323e-16,low_energy
4095,20.481892209,20.500903092,20.49139700065,0.7853981659667285,1.2560963824626015e-08,2.1753102959918576e-16,low_energy
4096,20.486915496,20.505886704,20.496394759199994,0.7853981630663528,1.3131080223161007e-08,3.2108294304498845e-16,low_energy
4097,20.491884731000003,20.510887809,20.5013959782,0.7853981612447486,9.084051733054821e-09,1.9453027613661424e-16,low_energy
4098,20.496915643,20.515935633,20.5064028219,0.7853981598794139,8.251438643469555e-09,8.853610414767308e-17,low_energy
4099,20.501891551,20.520896212,20.511400240750003,0.7853981611962484,1.1332599747504446e-08,2.6767686576357043e-16,low_energy
4100,20.506888478,20.525910833,20.5164026576,0.7853981634190832,9.586571536601696e-09,2.5545039944165723e-16,low_energy
4101,20.511915232,20.530886771,20.521400426699998,0.7853981657009136,1.1377494502085028e-08,2.6143606996193873e-16,low_energy
4102,20.516887463,20.535898756,20.5263956083,0.7853981668646993,8.438419740741665e-09,9.289001670520594e-17,low_energy
4103,20.521880904,20.540927023,20.5314000284,0.7853981654968465,8.95056473382283e-09,1.900738724474262e-16,low_energy
4104,20.526913288000003,20.545882943,20.53640038575,0.7853981636278112,1.335557531234599e-08,3.291341049552366e-16,low_energy
4105,20.531908282,20.550895891,20.5414015051,0.7853981607857723,1.2079389932750928e-08,1.9428639702116489e-16,low_energy
4106,20.536938422,20.555896315,20.54640506965,0.7853981603334669,7.233291299257871e-09,1.0933421250197908e-16,low_energy
4107,20.54189877,20.560893693,20.551401308800003,0.7853981608977655,1.0167842567909702e-08,1.64855916356897e-16,low_energy
4108,20.54689137,20.565901802000003,20.556399920500002,0.7853981635051435,1.434699381519522e-08,3.8019893522631427e-16,low_energy
4109,20.551903045,20.570889211,20.561397766200002,0.7853981657141709,8.448910904235163e-09,1.6231458122678386e-16,low_energy
4110,20.556878622000003,20.575910926,20.566398201800002,0.7853981666005456,7.983596006511107e-09,1.0652753291519941e-16,low_energy
4111,20.561902911,20.58089558,20.571396807950002,0.7853981658835703,1.2520290582074267e-08,2.3631156515231386e-16,low_energy
4112,20.56688973,20.585884763000003,20.576397650300002,0.7853981631864638,1.103418245662624e-08,2.7265520314975323e-16,low_energy
4113,20.572003688,20.590876891,20.581401313999997,0.785398161348682,9.267233203047454e-09,2.1898768424897667e-16,low_energy
4114,20.576882302,20.59588527,20.586394339,0.7853981598724036,6.923993822738339e-09,7.621685347026702e-17,low_energy
4115,20.581940365,20.600902416,20.59139679035,0.7853981612950027,9.631524910957978e-09,2.303786780672234e-16,low_energy
4116,20.586889182,20.605938287,20.596398927100005,0.7853981632022465,9.943052603489377e-09,2.5754118519914244e-16,low_energy
4117,20.59189218,20.610912972,20.60139831115,0.7853981657645972,1.2334786525514119e-08,2.4791250166497837e-16,low_energy
4118,20.596914165,20.615885483,20.606399350950003,0.7853981666553538,8.211651802980668e-09,9.916287059870529e-17,low_energy
4119,20.601891766,20.620892139,20.61139646325,0.7853981656355865,8.211651802980668e-09,1.621199257452775e-16,low_energy
4120,20.606890417,20.625885941,20.61639424485,0.785398163613716,1.4053042285411266e-08,3.5499403996564406e-16,low_energy
4121,20.611880501,20.630885243,20.62139408685,0.7853981609157427,1.0717537968218949e-08,1.6712045899247884e-16,low_energy
4122,20.616884833,20.635875628,20.626396353350003,0.7853981604092545,6.664317986349033e-09,1.0399544284276203e-16,low_energy
4123,20.621882502,20.640873978,20.63139830935,0.7853981608167003,1.1183094450473163e-08,1.7009192309056856e-16,low_energy
4124,20.626880351,20.645936359,20.63639742595,0.7853981635461829,1.3558385525413996e-08,3.3410156375519323e-16,low_energy
4125,20.631899721,20.650879866,20.641396018600002,0.7853981654783875,8.459229761115239e-09,1.7152697288977953e-16,low_energy
4126,20.636889234,20.655958307,20.646400829500003,0.7853981666970822,8.293469022646605e-09,9.415071779825848e-17,low_energy
4127,20.641885811,20.660916341,20.651402701800002,0.785398165746886,1.1540724820235937e-08,2.3991969150787845e-16,low_energy
4128,20.646881767,20.665906596000003,20.656404841049998,0.7853981633795221,9.246901022663678e-09,2.4285241554298435e-16,low_energy
4129,20.651876179,20.670917941000003,20.661407918550005,0.7853981613610489,1.0236638203764414e-08,2.4105024888085486e-16,low_energy
4130,20.656892674,20.675888959,20.666400621,0.7853981599598236,7.270596569242116e-09,7.479453205305266e-17,low_energy
4131,20.66191555,20.680887991,20.671400041200002,0.7853981613104224,8.785351113260731e-09,1.8933933094551838e-16,low_energy
4132,20.666901637,20.685898013000003,20.676396261300003,0.7853981630548237,1.165468699326766e-08,2.7501426991641834e-16,low_energy
4133,20.671896932000003,20.690887947,20.681395876300005,0.7853981657897035,1.2336068166973746e-08,2.161008945305433e-16,low_energy
4134,20.676897787,20.695878843000003,20.68639501145,0.7853981664534233,7.351312447667624e-09,9.884715738344949e-17,low_energy
4135,20.681892219,20.700887112,20.691392748900004,0.785398165796661,8.68933369702063e-09,1.4521746384784585e-16,low_energy
4136,20.686940784,20.705875513,20.69639012775,0.7853981635429337,1.3881209071087142e-08,3.5959417067885744e-16,low_energy
4137,20.691896504,20.710910453,20.70139268945,0.7853981611211914,9.202804740482406e-09,1.554816968629475e-16,low_energy
4138,20.696891818,20.715895448,20.706392447700004,0.7853981603958223,7.296701909353942e-09,1.0154060428271995e-16,low_energy
4139,20.701876052000003,20.720916951,20.711394559450003,0.7853981608296501,1.1684567091663212e-08,1.8572838335830597e-16,low_energy
4140,20.706924807,20.725895945,20.7164008461,0.785398163507592,1.1957074441681925e-08,2.823570636052553e-16,low_energy
4141,20.711881959000003,20.73087548,20.7213923643,0.7853981653064593,8.744619250933283e-09,1.892931057642167e-16,low_energy
4142,20.716909054,20.735915559,20.726395279099997,0.7853981667578637,7.699261672655666e-09,7.84120319712219e-17,low_energy
4143,20.721914608,20.740884573,20.731391378450002,0.7853981656114005,1.0017085827485062e-08,2.2156243537899461e-16,low_energy
4144,20.726876208,20.746000706,20.736411394050002,0.7853981635984756,9.028797265386856e-09,2.3089209999921618e-16,low_energy
4145,20.731892743000003,20.751098204,20.74145882695,0.7853981613152653,1.1299646551776732e-08,2.471713685090635e-16,low_energy
4146,20.736885833,20.756220578,20.746533352550003,0.7853981601257679,7.773304666613967e-09,8.062674430278297e-17,low_energy
4147,20.741986527,20.761334236,20.751638403950004,0.7853981612388212,8.152313490938923e-09,1.56511044608275e-16,low_energy
4148,20.747024121000003,20.766432676,20.7567412251,0.7853981629995361,1.2902619417332062e-08,3.0090545387829563e-16,low_energy
4149,20.752126027000003,20.771528901,20.761848483650006,0.7853981657375326,1.148367090308966e-08,1.8196023311789075e-16,low_energy
4150,20.757278178,20.776625928,20.76694722615,0.785398166309004,6.396541074593642e-09,9.524331953344832e-17,low_energy
4151,20.762362340000003,20.781710841,20.772040553849997,0.7853981659250965,9.664262279329705e-09,1.3900078984325748e-16,low_energy
4152,20.767462643,20.786796397,20.777134419600003,0.7853981634685592,1.339328292715436e-08,3.357956113534146e-16,low_energy
4153,20.772540243,20.791933459000003,20.782228164600003,0.7853981613573368,7.983897098995385e-09,1.5610086375521472e-16,low_energy
4154,20.777644584,20.796880652,20.787303903550004,0.7853981603237883,7.77371145233019e-09,9.647096586929355e-17,low_energy
4155,20.782768401,20.801892268,20.79235816645,0.7853981609235725,1.1373320063512438e-08,2.0003910039813825e-16,low_energy
4156,20.787837555000003,20.806885308,20.797388413900002,0.7853981633831253,9.920584354006223e-09,2.4136315958719665e-16,low_energy
4157,20.792901159000003,20.811870954,20.80239439150001,0.7853981652231802,9.128736877528354e-09,2.124027745209415e-16,low_energy
4158,20.797899889,20.816897878,20.80739453505,0.7853981667430341,6.593610990535126e-09,6.772916528057847e-17,low_energy
4159,20.802885706,20.821904874,20.81239112425,0.78539816552742,8.624446934391017e-09,1.8870294332879773e-16,low_energy
4160,20.807894135,20.826880482,20.817389475899997,0.7853981637890876,9.928240451984038e-09,2.3450281478769174e-16,low_energy
4161,20.812902915,20.83190421,20.82238736065,0.7853981612626939,1.1997375537475818e-08,2.3121927805020856e-16,low_energy
4162,20.817873362,20.83690268,20.8273874831,0.7853981603277815,7.3895778385235644e-09,8.542291899531541e-17,low_energy
4163,20.82290223,20.84189535,20.83238955335,0.7853981611080721,7.575790661462634e-09,1.3423159005019554e-16,low_energy
4164,20.827896452,20.846878621,20.837391540799995,0.7853981630261824,1.3355736072639957e-08,3.207843085910442e-16,low_energy
4165,20.83290431,20.851887321,20.842392423200003,0.7853981655994021,1.011871209044557e-08,1.5855407820314844e-16,low_energy
4166,20.837900386,20.856897353,20.847396004800004,0.785398166248813,6.6605050363932605e-09,9.365902996905417e-17,low_energy
4167,20.842907513,20.861902255,20.852399026700002,0.785398165979989,1.0500102121113741e-08,1.44527923850976e-16,low_energy
4168,20.847874414,20.866900976,20.8574008504,0.7853981634409317,1.245977188091274e-08,2.9264295182303884e-16,low_energy
4169,20.852885478,20.871895259,20.8624021196,0.7853981615707821,8.151865849015394e-09,1.6585835503699994e-16,low_energy
4170,20.857890501,20.876878891,20.867397474549996,0.7853981602427178,7.87195375551164e-09,8.481919973910754e-17,low_energy
4171,20.862876137,20.881883453,20.872395083900003,0.7853981610584103,1.0274392003850608e-08,1.999662479837594e-16,low_energy
4172,20.867910926,20.886897122,20.87739518435,0.7853981631979692,8.733360701285164e-09,2.169059308593304e-16,low_energy
4173,20.87288507,20.89190507,20.8823941942,0.7853981652211379,1.0248324855410829e-08,2.308483251071917e-16,low_energy
4174,20.877897287,20.896898381,20.88739325615,0.7853981666415665,6.829409038289214e-09,6.66210531183182e-17,low_energy
4175,20.882887231,20.901887754,20.892395063800002,0.7853981655234132,8.050649036306368e-09,1.5495590019653622e-16,low_energy
4176,20.887892414000003,20.906885904000003,20.897391122149997,0.78539816390951,1.138981087223101e-08,2.511884548267304e-16,low_energy
4177,20.892885705,20.911916305,20.902392113349997,0.7853981612535517,1.1803390265185953e-08,2.0061876320603556e-16,low_energy
4178,20.897891138,20.916908653,20.90739394455,0.7853981605134311,6.521345241594645e-09,8.572584358552381e-17,low_energy
4179,20.902900339,20.921880644,20.91239581685,0.7853981609659098,8.245398142037175e-09,1.2074150464497492e-16,low_energy
4180,20.907911182000003,20.926883843,20.91739859885,0.7853981630971651,1.306659136446342e-08,3.200226859489426e-16,low_energy
4181,20.91289244,20.931884858,20.92239667285,0.7853981653978547,8.689262642747053e-09,1.4902229798395767e-16,low_energy
4182,20.917935425,20.936882707,20.927399928299998,0.7853981662681399,7.196341300641507e-09,9.337575524428239e-17,low_energy
4183,20.92293125,20.941909922,20.932396766049997,0.785398165948038,1.0793255178498384e-08,1.5786040877748321e-16,low_energy
4184,20.927912197,20.946886832,20.937394994500004,0.7853981634900956,1.0825981888729075e-08,2.473886524907296e-16,low_energy
4185,20.932952086,20.951885332,20.9423950724,0.7853981617188579,8.34937452509621e-09,1.8356975721091382e-16,low_energy
4186,20.937898799000003,20.956880356000003,20.94739515435,0.7853981602025897,7.1327157513678685e-09,7.044081253712524e-17,low_energy
4187,20.942884405,20.961916087,20.952397460500002,0.785398161182837,8.75185435234016e-09,1.8183312335280155e-16,low_energy
4188,20.947888786,20.966900671,20.957400439350003,0.7853981629980026,8.446168209275129e-09,2.079045482403048e-16,low_energy
4189,20.952886455,20.971899151,20.96240285325,0.7853981652652318,1.113207392933191e-08,2.329089873964088e-16,low_energy
4190,20.957888813,20.976898183000003,20.96740324775,0.7853981664733781,7.104387300671533e-09,7.12991785750125e-17,low_energy
4191,20.9628858,20.981915319,20.972402602850003,0.7853981655972582,7.371240506870436e-09,1.2883126682743507e-16,low_energy
4192,20.967902946,20.986911154,20.977401570149997,0.7853981639442419,1.2378900571263785e-08,2.7345263209733172e-16,low_energy
4193,20.972931283,20.99189164,20.98240290045,0.785398161319308,1.085875656059443e-08,1.7001843908437214e-16,low_energy
4194,20.977892653,20.996907774,20.987401452950003,0.7853981606393792,5.988018969560471e-09,8.483521445358552e-17,low_energy
4195,20.982894279,21.001903629,20.9924010829,0.7853981608619846,9.111990273424908e-09,1.1635135025854582e-16,low_energy
4196,20.987913279,21.006889135,20.9974030785,0.7853981631624019,1.2482919586886965e-08,2.9488129529917287e-16,low_energy
4197,20.99289135,21.011894449,21.002400549000004,0.7853981651768759,7.590336359442063e-09,1.5049136368119728e-16,low_energy
4198,20.997902094,21.016905683,21.007397421900002,0.7853981663343785,7.579902039367425e-09,8.88412769577696e-17,low_energy
4199,21.00290885,21.021921266,21.0124004409,0.7853981658465375,1.030829821502266e-08,1.6829458860739942e-16,low_energy
4200,21.007889397,21.026886002,21.017398498,0.7853981636163969,8.867471201767785e-09,2.1294318368176835e-16,low_energy
4201,21.01288942,21.031890274,21.0223978235,0.7853981617839578,9.25616827629483e-09,2.0483011423878e-16,low_energy
4202,21.017922806,21.036897391,21.027397617850003,0.7853981602361748,6.586203582514827e-09,6.114631855194295e-17,low_energy
4203,21.022874789000003,21.041882937,21.03239105975,0.7853981612530181,7.986951544580734e-09,1.5350618189251607e-16,low_energy
4204,21.027877958,21.046880635,21.03739227575,0.7853981628324661,9.849791204885605e-09,2.1254068277143774e-16,low_energy
4205,21.032880125,21.051892752,21.042393260849998,0.7853981653067337,1.1596182680762013e-08,2.15241946783591e-16,low_energy
4206,21.037893684,21.056919876,21.047399629700003,0.7853981662804994,6.595254120611571e-09,7.519913991707364e-17,low_energy
4207,21.042889950000003,21.061891195,21.052401776,0.7853981657188095,7.141972346857983e-09,1.1105879014178172e-16,low_energy
4208,21.047883451,21.066892441,21.057399372249996,0.7853981639079581,1.2615402056326275e-08,2.8791767112102635e-16,low_energy
4209,21.052892352,21.071941387000003,21.062399795799998,0.7853981614626698,9.508942078184646e-09,1.4994887841239653e-16,low_energy
4210,21.057876835,21.076877289,21.0673938498,0.7853981606860421,6.5720886510689525e-09,8.604326146784327e-17,low_energy
4211,21.06288836,21.081879757000003,21.07239283565,0.7853981608302718,9.775382281418388e-09,1.2186369898718809e-16,low_energy
4212,21.067884847,21.086884519,21.07740443235,0.7853981631777338,1.1380939746175045e-08,2.552127088441357e-16,low_energy
4213,21.072894268,21.091902226,21.082402083250003,0.7853981649852008,7.814000113626207e-09,1.6062031247809982e-16,low_energy
4214,21.077893169000003,21.096917207,21.087402925599996,0.7853981664002294,7.434736382094798e-09,7.764747718407309e-17,low_energy
4215,21.082910445,21.101887154,21.0924029755,0.7853981657154845,9.065727724077988e-09,1.6560925105994929e-16,low_energy
4216,21.087885131,21.106887959,21.09739031335,0.7853981637921106,8.192405864804186e-09,1.9305061815186844e-16,low_energy
4217,21.092896926,21.111885377,21.102390826500002,0.7853981617781678,1.021825912772556e-08,2.1959437533730656e-16,low_energy
4218,21.09788106,21.116937879,21.107392742899997,0.7853981603484637,6.407315567003025e-09,6.022982462569795e-17,low_energy
4219,21.102881774,21.121885454,21.112394231499998,0.7853981612475458,7.373633259533108e-09,1.2615587572207477e-16,low_energy
4220,21.107883741,21.126895616,21.11739744135,0.785398162736446,1.1108920894287166e-08,2.280656773421826e-16,low_energy
4221,21.112920354,21.131889107000003,21.12239740405,0.7853981653013091,1.123816328885141e-08,1.8627023106922279e-16,low_energy
4222,21.117887114,21.136888309,21.127398309,0.7853981840096242,1.1153432843968858e-07,2.6026254071756504e-14,medium_energy
4223,21.122886667000003,21.141911055,21.13240218155,0.7853981697393971,2.125071567604664e-07,5.874105948063899e-14,medium_energy
4224,21.12788697,21.146879419,21.13740062835,0.7853981913272461,2.4362123696164417e-07,9.818646287035368e-14,medium_energy
4225,21.132919986,21.151887938,21.142403075300003,0.7853981722554393,2.8304454335881246e-07,1.6178029645066098e-13,medium_energy
4226,21.137885504,21.156883984,21.147406291649997,0.7853981662086291,2.8304454335881246e-07,1.6441831511530759e-13,medium_energy
4227,21.142897039,21.161905868,21.1524077446,0.7853981597212188,2.99788220026187e-07,2.0326973734434686e-13,medium_energy
4228,21.147884429,21.166913436,21.1574065667,0.7853981433077365,2.723177079388961e-07,1.7656484195721045e-13,medium_energy
4229,21.152961888,21.171891828,21.162408139900002,0.7853981499472672,2.723177079388961e-07,1.6620412199907454e-13,medium_energy
4230,21.157904062,21.176915667000003,21.1674029479,0.7853981485892577,2.793900666375748e-07,1.6760717493560463e-13,medium_energy
4231,21.162886853,21.181925929,21.1723993554,0.7853981677356362,2.385991750841754e-07,1.2729454689019513e-13,medium_energy
4232,21.167916502,21.186877331,21.177399367599996,0.7853981741333349,2.385991750841754e-07,1.1688798111031524e-13,medium_energy
4233,21.172907228,21.191907411000003,21.182396996399998,0.7853981787013053,2.0183997584410918e-07,9.791857870559833e-14,medium_energy
4234,21.177894147,21.196916932,21.187396445550004,0.7853981747950973,1.80614875056051e-07,7.429718938474916e-14,medium_energy
4235,21.182896003,21.201922025,21.19239413095,0.7853981595010042,1.9859741762218164e-07,8.586009266787814e-14,medium_energy
4236,21.187878624,21.206885128,21.197394704800004,0.7853981541423005,1.6566852689692269e-07,6.768207616109475e-14,medium_energy
4237,21.192887243,21.21188416,21.202391912750006,0.7853981447683258,1.6566852689692269e-07,6.915286236700618e-14,medium_energy
4238,21.197890693,21.216884203000003,21.207392146950003,0.7853981559405726,2.0831778524410538e-07,9.687643505406477e-14,medium_energy
4239,21.202878022,21.221909064,21.21239521765,0.7853981612643828,2.0293981961572172e-07,8.680270279270697e-14,medium_energy
4240,21.207885580000003,21.226882466000003,21.217394732050003,0.7853981770981557,2.270968062489942e-07,1.244562679665968e-13,medium_energy
4241,21.212886194000003,21.231900213000003,21.22240115495,0.7853981777750508,2.496406770191584e-07,1.3175886722508364e-13,medium_energy
4242,21.21791906,21.236875259,21.2274022754,0.7853981738642805,2.496406770191584e-07,1.2716540262984334e-13,medium_energy
4243,21.222883406,21.241874982,21.23239768035,0.7853981647737314,2.70376482980339e-07,1.5894972923356706e-13,medium_energy
4244,21.227884571,21.246895134000003,21.237395705900003,0.7853981495987135,2.3930649195591513e-07,1.210944666854525e-13,medium_energy
4245,21.232918118,21.251897972,21.242391412099998,0.7853981515129496,2.3930649195591513e-07,1.1149657985433772e-13,medium_energy
4246,21.237879438,21.256901572,21.247393883000004,0.7853981483780459,2.1658085636033775e-07,9.981712038924621e-14,medium_energy
4247,21.242876085,21.261892027,21.2523935867,0.7853981666186355,1.753864591336196e-07,5.976437289087942e-14,medium_energy
4248,21.247879475,21.266948738,21.25739871365,0.785398170571553,1.753864591336196e-07,5.370497833429248e-14,medium_energy
4249,21.252893825,21.271880432,21.262398344650002,0.7853981809097667,1.1357926332777879e-07,2.8320914687216224e-14,medium_energy
4250,21.257875864000003,21.276878382,21.267393983700003,0.7853981738373237,1.0417725260225552e-07,2.0731998402220252e-14,medium_energy
4251,21.262926263,21.281880839000003,21.272396728700006,0.7853981647950582,1.4703588391284939e-07,3.618762798430291e-14,medium_energy
4252,21.267893113000003,21.286909667,21.277396130299998,0.7853981547859576,1.319285978240714e-07,3.3651271593779736e-14,medium_energy
4253,21.272891283,21.291928406,21.2823964372,0.7853981467504747,1.5623872862136068e-07,5.558586350441105e-14,medium_energy
4254,21.277877671,21.296880058000003,21.287394389550002,0.7853981531797263,1.9836486409019471e-07,7.769917368552293e-14,medium_energy
4255,21.282894456,21.301892655,21.29239319405,0.7853981594402152,1.9836486409019471e-07,8.602949608684464e-14,medium_energy
4256,21.287891964,21.306879403,21.2973895289,0.7853981729823006,2.2388198761547073e-07,1.1125375570142699e-13,medium_energy
4257,21.29289332,21.311880458,21.302389426500003,0.7853981782811654,2.0627235475245698e-07,9.755973205671827e-14,medium_energy
4258,21.297909955,21.316890711000003,21.307390717249998,0.7853981744118645,2.0627235475245698e-07,9.387355974509285e-14,medium_energy
4259,21.302903987,21.32189376,21.3123909199,0.7853981697420466,2.0534125066973274e-07,8.818915173832246e-14,medium_energy
4260,21.307904852,21.32688656,21.3173937285,0.785398151298706,1.6985905393340772e-07,5.5347243021607194e-14,medium_energy
4261,21.31288083,21.331903365,21.322395973000006,0.7853981546868642,1.6985905393340772e-07,4.5955121030337775e-14,medium_energy
4262,21.317896362000003,21.336894762,21.327395696750003,0.7853981439299981,1.1589411208490219e-07,2.476143431963231e-14,medium_energy
4263,21.322887659000003,21.341916777,21.3323972324,0.7853981657347109,1.3689340150335738e-07,3.1973641811912616e-14,medium_energy
4264,21.327935032000003,21.346888136,21.33739549685,0.7853981633907657,1.336375010652091e-07,3.0549319585958335e-14,medium_energy
4265,21.332881564,21.351900462,21.342397737849996,0.7853981829287445,1.4803449843725502e-07,4.401649588930222e-14,medium_energy
4266,21.337895664,21.356886219,21.34740256275,0.785398172451137,1.9241305793116226e-07,6.792619107879492e-14,medium_energy
4267,21.342890377,21.361882024,21.35240185325,0.7853981715248499,1.9241305793116226e-07,6.683238114124761e-14,medium_energy
4268,21.347920658,21.366898869,21.3574038884,0.7853981575401373,2.1181334730613344e-07,9.637490519731518e-14,medium_energy
4269,21.352915341000003,21.371912989,21.36240257065,0.7853981486213334,1.9110338111971714e-07,7.387966557733374e-14,medium_energy
4270,21.357896168,21.376891061,21.3673997651,0.7853981532023454,1.9110338111971714e-07,6.607547908193392e-14,medium_energy
4271,21.362919315000003,21.381886736,21.37240158925,0.7853981514174705,1.7350333259003037e-07,6.04721547113784e-14,medium_energy
4272,21.367898569,21.386888102,21.377399994500003,0.7853981738688829,1.276426724317048e-07,3.061214973292383e-14,medium_energy
4273,21.372893252,21.391998173,21.38240355555,0.7853981686146099,1.2534260651619888e-07,3.0278275795996833e-14,medium_energy
4274,21.377922791,21.396894621,21.38740700335,0.7853981846524836,9.094189223901594e-08,1.7924576000857256e-14,medium_energy
4275,21.382894852,21.401900154,21.392406660499997,0.7853981645155088,1.4098782230576035e-07,3.620336815615972e-14,medium_energy
4276,21.387924912000003,21.406887584,21.397408197149996,0.7853981664749176,1.4565181771786229e-07,4.2271854888667966e-14,medium_energy
4277,21.39289581,21.411885283,21.402403154350004,0.7853981477994405,1.6293566673653004e-07,5.852412895959944e-14,medium_energy
4278,21.397903648,21.416898391,21.4074001785,0.7853981515157855,1.8044062954913898e-07,6.828807469330387e-14,medium_energy
4279,21.402885988,21.421934913,21.4124015338,0.7853981541407397,1.8044062954913898e-07,5.957700489168325e-14,medium_energy
4280,21.407920467,21.426930538,21.4174014098,0.7853981627208503,1.8044062954913898e-07,6.774789875215267e-14,medium_energy
4281,21.412911834000003,21.431890596,21.422401487750005,0.785398177214549,1.3674363685822755e-07,3.7992055085522645e-14,medium_energy
4282,21.417891017,21.436931647,21.4274021227,0.7853981726737242,1.360266494998541e-07,2.954183173179023e-14,medium_energy
4283,21.42289618,21.441889681000003,21.43239937585,0.7853981791102166,1.1147437462000198e-07,2.0907331043408908e-14,medium_energy
4284,21.427900332,21.446890225,21.437400421150002,0.7853981579642214,1.2357205747548505e-07,2.1300846834083777e-14,medium_energy
4285,21.432906567,21.451884888,21.44239899815,0.7853981599397242,1.300786731661674e-07,3.0396054030323326e-14,medium_energy
4286,21.437883276,21.456921491000003,21.44740509145,0.7853981446563963,1.3288077660433828e-07,3.559404122653859e-14,medium_energy
4287,21.442943844,21.461916214,21.452406087549996,0.7853981558883847,1.656660613136296e-07,5.609199775246827e-14,medium_energy
4288,21.447895836,21.466895899,21.45740513405,0.7853981593462982,1.656660613136296e-07,5.077540658788279e-14,medium_energy
4289,21.452923943,21.471884691,21.4624038294,0.7853981710322374,1.656660613136296e-07,5.524903208977052e-14,medium_energy
4290,21.457897646000003,21.476912968,21.467397709550003,0.7853981788329649,1.3294853840051246e-07,3.6511515909501825e-14,medium_energy
4291,21.462896487,21.481890468,21.472395619350003,0.78539817154525,1.22124640178356e-07,2.47026482580721e-14,medium_energy
4292,21.467888285,21.486922913,21.47739561055,0.7853981722265598,1.1315522563393188e-07,2.175695069433683e-14,medium_energy
4293,21.472919537000003,21.49189347,21.482397405699995,0.7853981515759811,1.0469997757667215e-07,1.6569183596033283e-14,medium_energy
4294,21.477900695,21.496896369,21.487396651550004,0.7853981561741635,1.2600239163162996e-07,2.6015159328840906e-14,medium_energy
4295,21.48290163,21.501895421,21.4923977164,0.7853981460283906,1.2600239163162996e-07,2.92804548769822e-14,medium_energy
4296,21.487896684000003,21.506889142,21.497400090649997,0.7853981612214301,1.5636804562291218e-07,4.8664344781318825e-14,medium_energy
4297,21.492914571,21.511881351000003,21.502399856000004,0.7853981664575491,1.4931094938219758e-07,4.085761574514791e-14,medium_energy
4298,21.497898564,21.516923143,21.50740011075,0.785398174415388,1.4931094938219758e-07,3.868935066181071e-14,medium_energy
4299,21.502909157,21.52193567,21.512402208,0.7853981795181667,1.1742336702980083e-07,2.6371906201113136e-14,medium_energy
4300,21.507896988,21.526905366,21.51740172585,0.7853981655078182,1.0683590723203906e-07,1.7913617493207076e-14,medium_energy
4301,21.512885098,21.531887986,21.522402125299998,0.7853981668522378,1.0683590723203906e-07,1.8055057771578844e-14,medium_energy
4302,21.517897255,21.536885034,21.52740336595,0.7853981463205073,9.579796067527013e-08,1.5944984242628852e-14,medium_energy
4303,21.522929960000003,21.541892531,21.53240438805,0.7853981555093134,1.30907604756203e-07,2.792775527064151e-14,medium_energy
4304,21.527895768,21.546885972,21.53739958875,0.7853981512708887,1.30907604756203e-07,2.842876317045163e-14,medium_energy
4305,21.532936078,21.551891736,21.5424017411,0.7853981650904209,1.4314917073932065e-07,4.116973091040946e-14,medium_energy
4306,21.537905323,21.55689191,21.54740756835,0.7853981745712227,1.2149812267381321e-07,2.6975843115277982e-14,medium_energy
4307,21.542888575000003,21.561892765,21.5524039703,0.7853981723052414,1.2149812267381321e-07,2.2958543981112046e-14,medium_energy
4308,21.547919717000003,21.566924107,21.557408132950002,0.7853981793423913,9.336828110662054e-08,1.4903037100857186e-14,medium_energy
4309,21.552893821,21.571898622000003,21.562406806749998,0.785398157899796,9.961595104357457e-08,1.4994738614907537e-14,medium_energy
4310,21.557910897000003,21.576885581000003,21.567400154950004,0.7853981616988686,9.961595104357457e-08,1.6977136517259673e-14,medium_energy
4311,21.562907834,21.581881908,21.57240106045,0.7853981461404375,9.952276514013647e-08,1.9226300826919747e-14,medium_energy
4312,21.567894963,21.586900055,21.5774023497,0.7853981540813726,1.2202595733867838e-07,2.913951207871677e-14,medium_energy
4313,21.572909754,21.591894618,21.5824028279,0.7853981614129333,1.2202595733867838e-07,2.4416365134105877e-14,medium_energy
4314,21.577883157,21.596895793,21.587404885550004,0.7853981654050115,1.2202595733867838e-07,2.763743295129282e-14,medium_energy
4315,21.582956459,21.601891609000003,21.59240527505,0.7853981814016857,8.56205044641456e-08,1.2035833703413651e-14,medium_energy
4316,21.587898914,21.606884529,21.597399694200003,0.7853981689459314,8.066407453100055e-08,1.3399992091787109e-14,medium_energy
4317,21.592953219,21.611886927,21.602396497900003,0.7853981738914094,8.066407453100055e-08,1.1275642192401375e-14,medium_energy
4318,21.597927324,21.616932396000003,21.607395883499997,0.7853981561314134,1.0216381429728472e-07,1.900438151421206e-14,medium_energy
4319,21.602884296000003,21.621899216000003,21.612394764650002,0.7853981525900623,1.0038610565032968e-07,1.868189197295806e-14,medium_energy
4320,21.607897624,21.626890513000003,21.617395640099996,0.7853981531390047,1.0038610565032968e-07,2.2296788740273247e-14,medium_energy
4321,21.612919659000003,21.631900475,21.62239677945,0.7853981524249556,1.0187230081726284e-07,2.1323020125213667e-14,medium_energy
4322,21.617891569,21.636887253,21.62739303915,0.7853981697548322,8.910925419769455e-08,1.4465335704256836e-14,medium_energy
4323,21.622878498,21.641889832,21.63239329795,0.7853981697054182,8.910925419769455e-08,1.1960470799378621e-14,medium_energy
4324,21.627878962,21.646885306,21.6373926915,0.785398177753982,7.859449091540682e-08,8.919539206665397e-15,medium_energy
4325,21.632892631,21.651902041,21.642395730049998,0.7853981723622082,9.308660597895368e-08,1.4699917297341882e-14,medium_energy
4326,21.637919435,21.656882748,21.647400997750005,0.7853981616080825,1.037266459391617e-07,1.9146188566515913e-14,medium_energy
4327,21.642889982,21.661877301,21.652401049599998,0.7853981576818871,1.037266459391617e-07,2.0386730911819715e-14,medium_energy
4328,21.647928849000003,21.666926377000003,21.65740348155,0.7853981489560234,8.697508846466917e-08,1.2561116590371863e-14,medium_energy
4329,21.652935295,21.671887747000003,21.6624030575,0.7853981537508932,8.60653708301129e-08,1.0775524310580733e-14,medium_energy
4330,21.657887167,21.676920312,21.66739853325,0.7853981624181314,1.0035657993512359e-07,1.0865697034940062e-14,medium_energy
4331,21.66289219,21.681906539,21.6723964786,0.7853981669247797,8.21222672087174e-08,1.158687282744548e-14,medium_energy
4332,21.667945213000003,21.686880684,21.677392912600006,0.7853981783169639,7.531199397448063e-08,1.1485825138911344e-14,medium_energy
4333,21.672913487,21.691893361,21.682387397,0.78539817252815,8.411277274689155e-08,1.5888725439263366e-14,medium_energy
4334,21.677893482,21.696915496000003,21.687388013899998,0.7853981677064862,8.005041074454766e-08,1.2846730233939117e-14,medium_energy
4335,21.682877495,21.701902775,21.692394453349998,0.7853981616943091,8.219834146672156e-08,1.1678209131873924e-14,medium_energy
4336,21.687877398,21.706883402000003,21.69739686615,0.7853981482087061,5.406642245020521e-08,5.388687181822946e-15,medium_energy
4337,21.692922767,21.711920666,21.702403077700005,0.785398156067389,7.229557397181452e-08,8.820618678776476e-15,medium_energy
4338,21.697923572,21.716890622,21.707402047500004,0.7853981537518433,7.229557397181452e-08,8.938960546843793e-15,medium_energy
4339,21.702906202,21.721904572,21.712399071650005,0.7853981659186167,8.898199777007676e-08,1.4298033845513248e-14,medium_energy
4340,21.707915704,21.726891069,21.71740094545,0.7853981750290175,7.414254810100829e-08,9.03379107707451e-15,medium_energy
4341,21.712886782,21.731905961,21.722401273799996,0.7853981715537267,7.414254810100829e-08,8.91037195440735e-15,medium_energy
4342,21.717892056,21.736918227,21.727415855150003,0.7853981756797654,6.254319462328795e-08,6.360114437900714e-15,medium_energy
4343,21.722901907,21.741916838,21.732414600549998,0.7853981611446936,7.387859746188497e-08,8.108109429899773e-15,medium_energy
4344,21.727926247000003,21.74689503,21.737413057450002,0.785398155875454,6.817327591335243e-08,8.420282518690456e-15,medium_energy
4345,21.733169159000003,21.751887249000003,21.742407969600002,0.7853981531809449,6.112023243076692e-08,9.487780881166709e-15,medium_energy
4346,21.737880467,21.756881431,21.74739421585,0.7853981511835412,6.112023243076692e-08,8.18290061942226e-15,medium_energy
4347,21.74288594,21.761880803,21.752392358100003,0.7853981623613243,6.934989116302859e-08,8.195019417732477e-15,medium_energy
4348,21.747878850000003,21.766890845,21.75739071375,0.785398169187929,8.354966585244483e-08,7.562046925075683e-15,medium_energy
4349,21.752886848000003,21.771901338000003,21.762391929249997,0.7853981728156347,6.01521730203558e-08,6.010762810876909e-15,medium_energy
4350,21.757910627,21.776905029,21.7673915153,0.7853981765526074,6.01521730203558e-08,5.399643029195325e-15,medium_energy
4351,21.762901713,21.781895093000003,21.772391711450005,0.7853981668119092,7.358432885240518e-08,9.275973761743551e-15,medium_energy
4352,21.767901356000003,21.786885007,21.777391145100005,0.7853981593992294,7.010636426940664e-08,7.657805777301751e-15,medium_energy
4353,21.77290744,21.791880522,21.782389689600002,0.785398155745143,5.666527513881192e-08,5.672422770357176e-15,medium_energy
4354,21.777873510000003,21.796890194000003,21.7873893547,0.7853981486628038,3.687283811615316e-08,2.70218832753502e-15,medium_energy
4355,21.782892058,21.801883625,21.79239039945,0.7853981589043637,6.167439892124094e-08,6.490672405933815e-15,medium_energy
4356,21.787874678,21.806881373000003,21.797389484500002,0.7853981639446681,6.159227794455546e-08,6.897601274023572e-15,medium_energy
4357,21.792891574,21.811911544,21.802392276600003,0.78539817022961,6.114654382827212e-08,6.761096743316074e-15,medium_energy
4358,21.797902197000003,21.816893473,21.807393310400002,0.7853981775672353,4.2794510157762033e-08,3.118119131304064e-15,medium_energy
4359,21.802878716,21.821885471,21.812393448900004,0.7853981699163821,5.401979574770621e-08,4.726741209878187e-15,medium_energy
4360,21.80790554,21.826879653,21.817394989599997,0.7853981652081408,7.136221302772583e-08,6.307543448625125e-15,medium_energy
4361,21.812913278,21.831901247,21.8223936448,0.7853981580490047,5.775535161234302e-08,5.539209639012561e-15,medium_energy
4362,21.817887973,21.836927130000003,21.82739409985,0.7853981504797036,4.6451566149130485e-08,3.3866418486722767e-15,medium_energy
4363,21.822882236,21.841895713000003,21.8323951792,0.7853981542868247,4.7992788410056164e-08,4.464414391709477e-15,medium_energy
4364,21.827907947,21.846899744,21.837396236950003,0.7853981602995959,6.630432558552002e-08,5.595876488488888e-15,medium_energy
4365,21.832897471000003,21.851902653,21.842397187,0.7853981656962097,5.6463619557689526e-08,4.619877443263242e-15,medium_energy
4366,21.837888748,21.856894982,21.847399093400004,0.7853981753576056,3.815339866264367e-08,2.829305338525923e-15,medium_energy
4367,21.842890534,21.861898882,21.85239735985,0.7853981737456772,4.1479455425985634e-08,3.5367706913241953e-15,medium_energy
4368,21.847900717,21.866898705,21.8573973942,0.7853981680804341,5.4908807278764016e-08,4.6960082560287755e-15,medium_energy
4369,21.852892174,21.871879803,21.862394399299998,0.7853981636507691,5.4908807278764016e-08,4.851859767148322e-15,medium_energy
4370,21.857895233,21.876879506,21.86739011545,0.7853981531605742,4.083026805545842e-08,2.657127890398047e-15,medium_energy
4371,21.86289174,21.881891782,21.872389126850003,0.7853981521782488,4.020783084257573e-08,2.5113767496450082e-15,medium_energy
4372,21.867888467,21.886895923,21.87738694995,0.785398156898451,5.131783353817809e-08,3.925433339026104e-15,medium_energy
4373,21.872889261,21.891923088,21.88238965345,0.7853981610893868,5.131783353817809e-08,4.608049709125667e-15,medium_energy
4374,21.877890056,21.89688536,21.8873882411,0.7853981706267812,4.550837928718465e-08,3.21827723919759e-15,medium_energy
4375,21.882884579,21.901884942,21.89238918365,0.7853981751480449,3.8968323679000605e-08,1.952724137585714e-15,medium_energy
4376,21.88787773,21.906878483,21.89739287695,0.7853981711972867,4.242345674754233e-08,2.8859262155376326e-15,medium_energy
4377,21.892890818,21.911887784,21.9023904856,0.7853981673719315,5.289758941984246e-08,4.119630720746428e-15,medium_energy
4378,21.89789019,21.916903487000003,21.907391469700002,0.7853981593144036,4.836075362391057e-08,3.5034694422090013e-15,medium_energy
4379,21.902921392,21.921893952,21.9123906063,0.7853981520562721,3.306163876004575e-08,1.782911901602226e-15,medium_energy
4380,21.907889024000003,21.926894096,21.917387613450003,0.785398153976771,3.368046019858184e-08,2.211821655247453e-15,medium_energy
4381,21.912879229,21.931913947,21.9223893681,0.7853981582129927,5.0923928185397926e-08,3.693589871265052e-15,medium_energy
4382,21.917887427,21.936887951000003,21.927390322649998,0.7853981640816429,4.6150822718971085e-08,3.2850644109032656e-15,medium_energy
4383,21.922885237000003,21.941894947,21.9323909902,0.7853981731720504,3.3024407208870343e-08,2.0349437142156695e-15,medium_energy
4384,21.927888817000003,21.946880383,21.937389285650003,0.7853981739475543,3.3024407208870343e-08,1.813375511362756e-15,medium_energy
4385,21.9328992,21.951900314000003,21.9423901199,0.7853981697584874,4.13163636636682e-08,2.673457899492837e-15,medium_energy
4386,21.937886358,21.956885249000003,21.9473951988,0.785398165119606,4.920479135250844e-08,3.580841012383169e-15,medium_energy
4387,21.942888816,21.96188936,21.9523948129,0.7853981562112814,3.836745143814824e-08,2.252721268948441e-15,medium_energy
4388,21.947883229,21.966889353000003,21.95739729145,0.7853981524247313,3.3393798837266786e-08,1.48162905983478e-15,medium_energy
4389,21.952914201,21.971895388,21.9623971481,0.7853981549941844,3.558779670953527e-08,2.0784562146326276e-15,medium_energy
4390,21.957891932000003,21.976902815000003,21.9673940791,0.7853981605233926,5.099021205268173e-08,3.742636657365539e-15,medium_energy
4391,21.962886796000003,21.981891056,21.972394391949997,0.7853981666873519,4.0722619942812344e-08,2.4152720586016387e-15,medium_energy
4392,21.967894584,21.986886180000003,21.977394203850004,0.7853981740966558,2.9640924381624245e-08,1.4353982702782702e-15,medium_energy
4393,21.972893435000003,21.991891063,21.9823954309,0.7853981731106847,2.9737155848863495e-08,1.7454468345999432e-15,medium_energy
4394,21.977896925000003,21.996878813,21.987392673450003,0.7853981678071337,3.8187996764804666e-08,2.564635080946345e-15,medium_energy
4395,21.982890566,22.00189649,21.99239362955,0.7853981626608114,4.997568048281664e-08,3.4030284074663885e-15,medium_energy
4396,21.987888816,22.006893046,21.997396431600002,0.7853981545338342,3.095821732301829e-08,1.5968198811202557e-15,medium_energy
4397,21.99288904,22.011889653,22.002393024900005,0.7853981530205465,3.014486171792896e-08,1.3418715749091851e-15,medium_energy
4398,21.997902919,22.016891259,22.0073927591,0.785398156055751,3.455621744308246e-08,2.054891324851771e-15,medium_energy
4399,22.002887924000003,22.021902705,22.012394362400002,0.785398163321345,5.243652978492719e-08,3.8031222989558595e-15,medium_energy
4400,22.007890863,22.026885956,22.017391830399998,0.7853981684279474,3.655148628212146e-08,1.980874315562604e-15,medium_energy
4401,22.012890846,22.031887833000003,22.022392440800004,0.7853981742000598,2.6162216393288418e-08,1.2791390234002744e-15,medium_energy
4402,22.017911509,22.03689541,22.0273960274,0.7853981723458702,2.939057708317705e-08,1.985287331135664e-15,medium_energy
4403,22.022885282,22.041902497,22.03239636225,0.785398165579284,3.596515618653484e-08,2.3505923119752507e-15,medium_energy
4404,22.027886337,22.046880599,22.03739781175,0.7853981604296264,5.126453661574715e-08,3.4878465756602145e-15,medium_energy
4405,22.032914384,22.051893807000003,22.042397260450002,0.7853981537364708,3.109707247261895e-08,1.5039559770391573e-15,medium_energy
4406,22.037897716,22.056883942,22.047397606350003,0.7853981540141726,3.109707247261895e-08,1.590838916591417e-15,medium_energy
4407,22.042885776,22.061892081,22.05239407855,0.7853981570648829,3.457691377661831e-08,2.050787744806334e-15,medium_energy
4408,22.047885789,22.066905028,22.057394267699998,0.7853981660083231,5.497252786312856e-08,3.6215345326899166e-15,medium_energy
4409,22.052881434,22.071885815,22.062396140049998,0.7853981697991287,3.314209884308639e-08,1.9413217661200565e-15,medium_energy
4410,22.057889994,22.076879386,22.06739132475,0.7853981735768352,2.846052993277226e-08,1.513324668054325e-15,medium_energy
4411,22.062888284000003,22.0818848,22.07239089965,0.7853981713202576,4.448889345809448e-08,2.721706285638418e-15,medium_energy
4412,22.067899038,22.086898209,22.07738988805,0.7853981637486022,3.6653152513110854e-08,2.2548036707801905e-15,medium_energy
4413,22.072884574,22.091927227000003,22.0823894701,0.7853981584675355,4.400908792945302e-08,3.468198113978625e-15,medium_energy
4414,22.0778864,22.096885992,22.0873919811,0.7853981531632528,2.9028734971348058e-08,1.6474928012516507e-15,medium_energy
4415,22.082880432,22.101903278,22.092394273200004,0.7853981557365459,3.201713472122947e-08,2.2107838556724247e-15,medium_energy
4416,22.087893861,22.106879887,22.0973922426,0.7853981580747507,4.00400459454886e-08,2.3338534567604516e-15,medium_energy
4417,22.092931826,22.111887725000003,22.10238957385,0.7853981678854925,5.089484123033117e-08,3.376927091644989e-15,medium_energy
4418,22.097892174,22.116882509,22.107386759849998,0.7853981711292499,3.5607681247995515e-08,2.0135707228541737e-15,medium_energy
4419,22.102892929000003,22.121873805,22.112384128150005,0.7853981728026158,3.5607681247995515e-08,1.9083677308234855e-15,medium_energy
4420,22.107881982,22.126878467,22.11738485475,0.7853981695635754,5.4859023990161404e-08,4.116926054688819e-15,medium_energy
4421,22.112884159,22.131884061,22.122386862749998,0.7853981556253767,1.4557948269100507e-07,1.9126563059767955e-14,medium_energy
4422,22.117895654,22.136924481,22.127390540500002,0.7853981474218406,1.4557948269100507e-07,1.9447270918482037e-14,medium_energy
4423,22.122884216000003,22.141888306,22.13239224555,0.7853981438392201,1.9767422632099851e-07,2.970297908426059e-14,medium_energy
4424,22.127878288,22.146890884,22.137392707750003,0.785398152053055,1.9767422632099851e-07,4.16265859824636e-14,medium_energy
4425,22.132879834,22.15188711,22.142391898449997,0.7853981684017194,1.5310719536643091e-07,3.069703078181485e-14,medium_energy
4426,22.137888894000003,22.156886432,22.147394215100004,0.7853981801673108,1.5310719536643091e-07,2.3064206416107768e-14,medium_energy
4427,22.142883257,22.161923295,22.152397208049997,0.7853981745211238,1.673419802727949e-07,2.4525544954656343e-14,medium_energy
4428,22.147880455000003,22.166886719,22.157398587899998,0.7853981635814742,1.4113284763084266e-07,2.1680407314120555e-14,medium_energy
4429,22.152884195,22.171899156,22.162399934249997,0.7853981535363964,1.3823752986752424e-07,2.2910513943852496e-14,medium_energy
4430,22.1579324,22.17690505,22.167397222850003,0.7853981539239557,1.3823752986752424e-07,2.3280029996035665e-14,medium_energy
4431,22.162917415000003,22.181889184000003,22.1723951507,0.7853981661983562,1.1705119362659389e-07,1.5802276895736932e-14,medium_energy
4432,22.167890908,22.186887965,22.177398020500004,0.7853981748249247,1.1705119362659389e-07,1.1108092002915108e-14,medium_energy
4433,22.172881934000003,22.191891044,22.182396559099995,0.7853981697661896,1.0794575899808478e-07,1.2680599360081761e-14,medium_energy
4434,22.177889632000003,22.196886488,22.187396236800005,0.7853981578441857,1.0794575899808478e-07,1.6886300018536333e-14,medium_energy
4435,22.182890457000003,22.201889878000003,22.192397177300002,0.7853981545297124,1.1297843371949057e-07,1.4666927509706804e-14,medium_energy
4436,22.187890921,22.206887156,22.19739273765,0.7853981561635333,1.1297843371949057e-07,1.605491220326506e-14,medium_energy
4437,22.192926381000003,22.211884905,22.2023942552,0.7853981674992415,9.722644378484802e-08,1.0070666485605008e-14,medium_energy
4438,22.197895165,22.216886702,22.2073946988,0.7853981723493856,1.023642610675779e-07,8.420546578470744e-15,medium_energy
4439,22.202886312,22.22189982,22.212392955800002,0.7853981668223089,9.286658286811189e-08,9.626630291064348e-15,medium_energy
4440,22.207886656000003,22.226887199,22.217391895,0.7853981571740236,9.26591789962572e-08,1.1418405715136714e-14,medium_energy
4441,22.212928548,22.231886491,22.222393473800004,0.7853981559208798,9.819199142668822e-08,1.0613691778938904e-14,medium_energy
4442,22.217892263000003,22.236895862,22.22739335085,0.7853981618874792,8.247906535530092e-08,7.232618982073382e-15,medium_energy
4443,22.222879362,22.241886187,22.232394253299997,0.7853981683547206,8.247906535530092e-08,6.5345221319220745e-15,medium_energy
4444,22.227889034,22.246889818,22.23739625145,0.7853981713181495,8.613016966307896e-08,5.6856202604543115e-15,medium_energy
4445,22.232907071,22.251935547,22.24239559195,0.7853981648555161,7.745001884273961e-08,6.866447432202842e-15,medium_energy
4446,22.237894831,22.256881498,22.2473984942,0.785398157912684,7.677547220197312e-08,7.68071451520858e-15,medium_energy
4447,22.242884495,22.261890509,22.2523992785,0.7853981572993557,8.233479142916167e-08,7.436297737587673e-15,medium_energy
4448,22.247891431000003,22.266885723,22.257398099950002,0.7853981628289418,6.873862634648731e-08,5.1974002136944206e-15,medium_energy
4449,22.252890222,22.271885876,22.262396790249998,0.7853981686436262,6.873862634648731e-08,4.135842414144163e-15,medium_energy
4450,22.257889524000003,22.276887192,22.2673934863,0.7853981692318253,7.110182131953025e-08,3.996880014305406e-15,medium_energy
4451,22.262894126000003,22.281888959,22.272391073,0.7853981635715412,6.351625003730987e-08,4.656481207247717e-15,medium_energy
4452,22.267895572,22.286897749,22.2773919249,0.7853981590518224,6.782164074792263e-08,5.4662146856497414e-15,medium_energy
4453,22.272922546,22.291892793,22.28239428215,0.7853981585302728,6.782164074792263e-08,5.233253729440149e-15,medium_energy
4454,22.277898334,22.296893828,22.287393841100002,0.7853981637545523,5.787492796116567e-08,3.738565644454563e-15,medium_energy
4455,22.282893167,22.301884664000003,22.292393537800002,0.7853981684444606,5.787492796116567e-08,2.73049611659509e-15,medium_energy
4456,22.287906686000003,22.306884657,22.29739295845,0.7853981669130464,5.358816856926296e-08,2.8450247224489494e-15,medium_energy
4457,22.292899576,22.311883408,22.3023905967,0.7853981627873985,5.358816856926296e-08,3.197474560799121e-15,medium_energy
4458,22.297879381,22.316884303,22.30738813025,0.7853981592593786,5.742285313914408e-08,3.7145263884027214e-15,medium_energy
4459,22.302896657,22.321883024,22.31238924665,0.7853981596006916,5.742285313914408e-08,3.856884899877051e-15,medium_energy
4460,22.307894055,22.326906131,22.317390096100006,0.7853981645952199,4.902890093916312e-08,2.611476375633651e-15,medium_energy
4461,22.312899018000003,22.331885445,22.32239065605,0.7853981679553665,4.902890093916312e-08,1.8870097095071413e-15,medium_energy
4462,22.317892329000003,22.336908321000003,22.327395349200003,0.785398165806582,4.547885357197856e-08,2.209967935503565e-15,medium_energy
4463,22.322885639000003,22.34189539,22.332392730000002,0.785398160904001,4.547885357197856e-08,2.9492592963016097e-15,medium_energy
4464,22.327883669,22.346875706,22.337390462,0.7853981597074633,4.878281423259523e-08,2.6495388570848086e-15,medium_energy
4465,22.332913509,22.351884546,22.34238867935,0.785398160481609,4.878281423259523e-08,2.919646243675256e-15,medium_energy
4466,22.33788605,22.356887034,22.347389627450003,0.7853981652002234,4.191704316980349e-08,1.803957881099832e-15,medium_energy
4467,22.342886975000003,22.361887599000003,22.3523918404,0.7853981671484226,4.453778856827739e-08,1.5589581476590229e-15,medium_energy
4468,22.347888271,22.366883033,22.357391499000002,0.7853981647412827,3.973640438914572e-08,1.7558086161695722e-15,medium_energy
4469,22.352887392000003,22.37187944,22.3623926009,0.7853981606550954,3.973640438914572e-08,2.0845154371958557e-15,medium_energy
4470,22.357891964,22.376889412,22.36738962955,0.7853981602374878,4.2880343720241854e-08,1.982136176880501e-15,medium_energy
4471,22.362878141000003,22.381895437,22.37239025305,0.7853981628537248,3.6079884857542766e-08,1.350052549262005e-15,medium_energy
4472,22.367899535000003,22.386879059,22.37739034,0.785398165608723,3.6079884857542766e-08,1.2141689468831734e-15,low_energy
4473,22.372896312,22.391895914000003,22.382392505350005,0.7853981668451383,3.773323253852823e-08,1.0692950014192037e-15,low_energy
4474,22.377905012000003,22.396919031000003,22.3873915764,0.7853981639710798,3.348747590337098e-08,1.2851623849441853e-15,medium_energy
4475,22.382880549000003,22.401888046,22.392389639500003,0.7853981609493091,3.3169680335731755e-08,1.4609672517867962e-15,medium_energy
4476,22.387912813,22.406885093,22.397390847550003,0.7853981607722423,3.638955092810647e-08,1.4467551689910896e-15,medium_energy
4477,22.392888521,22.411914502,22.4023887919,0.7853981632200975,3.111506430286681e-08,1.0367677085137684e-15,low_energy
4478,22.397884306,22.416880411,22.407390000000003,0.785398165766558,3.111506430286681e-08,8.25968909257728e-16,low_energy
4479,22.402883448,22.421891625,22.4123922044,0.7853981659722564,3.294620043448049e-08,8.383948902561898e-16,low_energy
4480,22.407885675000003,22.42688683,22.417393458600007,0.7853981634135406,2.9088745634453517e-08,9.573430588279635e-16,low_energy
4481,22.412884747,22.431915868,22.422394661649996,0.7853981614130215,3.176132068460902e-08,1.1541122887019962e-15,low_energy
4482,22.417887054,22.436887287,22.427393683,0.7853981612486188,3.176132068460902e-08,1.1228467005962214e-15,low_energy
4483,22.422886537,22.441886930000003,22.4323940655,0.7853981640408367,3.0895464853131216e-08,9.204984920504658e-16,low_energy
4484,22.427888894,22.446887063,22.437394413400003,0.7853981656693515,3.0895464853131216e-08,7.50449440674612e-16,low_energy
4485,22.432909296,22.451897276,22.4423934779,0.7853981649628857,3.055682729069531e-08,7.135418185612096e-16,low_energy
4486,22.43789929,22.456883914,22.447398037800003,0.7853981630218114,3.055682729069531e-08,7.856357749384332e-16,low_energy
4487,22.442894715,22.461894968000003,22.452395965700003,0.785398160997606,2.469743431987581e-08,7.193217010744847e-16,low_energy
4488,22.447885571,22.46688912,22.457394979549996,0.7853981616721276,2.469743431987581e-08,7.763897642984831e-16,low_energy
4489,22.452889181,22.471885607,22.46239644415,0.7853981639635441,2.2264482701928046e-08,5.617133304792823e-16,low_energy
4490,22.457884826,22.476899206,22.4673979438,0.7853981655463798,2.2264482701928046e-08,4.017157852854733e-16,low_energy
4491,22.462899287000003,22.481898087,22.4724086498,0.7853981644972612,2.1716405562699492e-08,5.079315244192764e-16,low_energy
4492,22.467893259,22.486918769000003,22.47741703855,0.7853981622105682,2.1716405562699492e-08,6.618341527737294e-16,low_energy
4493,22.472903341,22.491891281,22.48241678035,0.7853981616687025,2.3550636107927403e-08,6.016423675509683e-16,low_energy
4494,22.477909987,22.496893288000003,22.4874109476,0.7853981620501613,2.3550636107927403e-08,6.650407906931533e-16,low_energy
4495,22.48290963,22.501897299000003,22.4924012581,0.7853981643183318,1.9879526469424036e-08,3.985456003231889e-16,low_energy
4496,22.487908861,22.506882504,22.497392774299996,0.7853981651921329,2.1285265994208658e-08,3.5286628265203305e-16,low_energy
4497,22.492892173,22.511891184000003,22.502389700200002,0.7853981639991107,1.8864421136299825e-08,3.998347264240449e-16,low_energy
4498,22.497890834,22.516889253,22.5073877968,0.7853981620222039,1.8807591928293732e-08,4.774405480463458e-16,low_energy
4499,22.502901918000003,22.521883776000003,22.512387492,0.7853981618170451,2.0969923575364646e-08,5.145985527850996e-16,low_energy
4500,22.507882314,22.526886004,22.517387083,0.7853981631390342,1.8219308728362194e-08,3.887732237471554e-16,low_energy
4501,22.512882307,22.531913789,22.52238986855,0.7853981645285893,1.8219308728362194e-08,3.5517771713706226e-16,low_energy
4502,22.517894434,22.536879718,22.527392676650003,0.785398165131433,1.9154600572335312e-08,3.250209285474368e-16,low_energy
4503,22.522881312000003,22.541882727,22.532391458550002,0.7853981637467536,1.6682051295902056e-08,3.231750454778335e-16,low_energy
4504,22.527899129,22.546893381,22.53739110315,0.7853981622161319,1.648306291457402e-08,3.6680630994191855e-16,low_energy
4505,22.532926574,22.551892192,22.542389313100003,0.7853981621063776,1.796302928624982e-08,3.6021952315307295e-16,low_energy
4506,22.537877635,22.556889089,22.5473924133,0.7853981633141132,1.5470897452019017e-08,2.5868528289703284e-16,low_energy
4507,22.542883429,22.561890144000003,22.552392562850002,0.7853981645776995,1.5470897452019017e-08,2.0622007067158669e-16,low_energy
4508,22.547883032,22.566889927,22.557393331599997,0.7853981646473762,1.658328852016666e-08,2.1630531203629969e-16,low_energy
4509,22.552888536,22.571898767,22.562392247300004,0.7853981633670778,1.4794460767575401e-08,2.4623746933404825e-16,low_energy
4510,22.557883038,22.576911455,22.567390611,0.7853981623797107,1.6590380624847967e-08,3.069047341548486e-16,low_energy
4511,22.562885687,22.581935373,22.572397398200003,0.7853981622875257,1.6590380624847967e-08,3.3499922629724987e-16,low_energy
4512,22.567893735,22.586879861,22.5773978638,0.7853981635516029,1.444147201823398e-08,2.52494706335394e-16,low_energy
4513,22.572916552,22.591913438,22.58240499755,0.7853981646443791,1.444147201823398e-08,1.9810566739423049e-16,low_energy
4514,22.57791904,22.596876201,22.587404278450002,0.7853981642130031,1.5146664367193807e-08,2.116562234119781e-16,low_energy
4515,22.582899546,22.601901362000003,22.592404007700004,0.7853981632352941,1.3392861930583422e-08,1.9743450074558095e-16,low_energy
4516,22.587924877000003,22.606889463,22.597404328100005,0.7853981623893411,1.459729581654301e-08,2.356926151635654e-16,low_energy
4517,22.592881679,22.611892562,22.602398694199998,0.7853981625018289,1.459729581654301e-08,2.476270879650457e-16,low_energy
4518,22.597891631000003,22.616906241,22.6073988477,0.7853981637440238,1.2484790978817273e-08,1.6601724370698912e-16,low_energy
4519,22.602903456,22.621886076000003,22.6123922194,0.7853981645570819,1.2484790978817273e-08,1.206384598208418e-16,low_energy
4520,22.607886798000003,22.626904835,22.617394543600003,0.7853981639379943,1.2204117716407836e-08,1.5744966348043704e-16,low_energy
4521,22.612902561,22.631884029,22.6223955929,0.7853981626652997,1.2204117716407836e-08,2.0817181097143099e-16,low_energy
4522,22.617882076,22.636905703,22.62739550205,0.7853981623777739,1.3883422411709034e-08,2.217326315177221e-16,low_energy
4523,22.622905944000003,22.641889315,22.632397206550003,0.7853981626702098,1.3883422411709034e-08,2.4978862000929763e-16,low_energy
4524,22.627885609,22.646905329000003,22.637396323649998,0.7853981639678353,1.2061341259084202e-08,1.6459676580944184e-16,low_energy
4525,22.632904368,22.65188806,22.6423972742,0.785398164454077,1.2961695716739996e-08,1.5318290252944263e-16,low_energy
4526,22.637881859,22.656911647,22.647400723500002,0.7853981637804226,1.1150779855029214e-08,1.4120067648171792e-16,low_energy
4527,22.642901459,22.661901822,22.6524003225,0.7853981625949233,1.1128178378783105e-08,1.6868923333605601e-16,low_energy
4528,22.647884410000003,22.666889943,22.657397632650003,0.7853981625210489,1.2365661383739734e-08,1.6602154484886214e-16,low_energy
4529,22.652891747,22.671942576000003,22.6624000826,0.7853981632857943,1.0821143980876968e-08,1.1894850182931496e-16,low_energy
4530,22.657888604,22.676896893,22.667398725800002,0.7853981640878441,1.0821143980876968e-08,1.0545482102753308e-16,low_energy
4531,22.662881224000003,22.681877579,22.6724008471,0.7853981643768735,1.230406798669037e-08,1.1261109606849402e-16,low_energy
4532,22.667888551,22.686888714,22.677403520450003,0.7853981634824774,1.0854648735403316e-08,1.2968300657291865e-16,low_energy
4533,22.672890287,22.691894468,22.682399615799998,0.7853981625644317,1.0742824407827811e-08,1.5087528376534084e-16,low_energy
4534,22.677898656,22.69691534,22.68739581535,0.7853981625691138,1.2501815582766085e-08,1.7986602602487076e-16,low_energy
4535,22.682913368,22.701895226,22.69239684115,0.7853981634065479,1.0636752811876704e-08,1.3435247828352116e-16,low_energy
4536,22.68788668,22.706902693,22.697396184200006,0.7853981642195171,1.0636752811876704e-08,1.1271857849232672e-16,low_energy
4537,22.692889028,22.711911924,22.70239657775,0.7853981642295835,1.184444986535027e-08,1.2536864479857635e-16,low_energy
4538,22.697923998,22.716903752,22.707398603900003,0.7853981633710351,1.0146267825916766e-08,1.1427862426750957e-16,low_energy
4539,22.702892171,22.721908304000003,22.712398070599995,0.7853981627155889,1.1378590514254938e-08,1.426957978657521e-16,low_energy
4540,22.707887235,22.726903488,22.7173999193,0.7853981626925857,1.1378590514254938e-08,1.4188335133651126e-16,low_energy
4541,22.712901625,22.731901107,22.722402120700004,0.7853981635412636,9.764230313180633e-09,9.904974425583773e-17,low_energy
4542,22.717900957,22.736892834,22.7274017553,0.7853981642443297,9.764230313180633e-09,7.360083112080519e-17,low_energy
4543,22.722908364,22.741919588,22.7324036146,0.785398163896757,9.617880714074545e-09,9.072312576498554e-17,low_energy
4544,22.727903428,22.746886258,22.737400588700005,0.7853981632034529,9.617880714074545e-09,9.794360918969545e-17,low_energy
4545,22.73288153,22.75188561,22.742397538249996,0.7853981628052303,1.122791637442333e-08,1.442399135974424e-16,low_energy
4546,22.737882716,22.756886826,22.7474003308,0.7853981627741018,1.122791637442333e-08,1.5728336469970713e-16,low_energy
4547,22.74288847,22.761900475,22.752397241700002,0.7853981637071067,9.85718351387277e-09,1.1263231423485072e-16,low_energy
4548,22.747894615,22.766909385,22.757398553999998,0.7853981642761287,9.85718351387277e-09,9.0067855916137e-17,low_energy
4549,22.752887695,22.771887888,22.762399938850002,0.7853981636344497,9.367401965221234e-09,1.0050846109602605e-16,low_energy
4550,22.757908277,22.776888152,22.767397922350003,0.7853981628595189,9.346990736958105e-09,1.1970967911839413e-16,low_energy
4551,22.762887231,22.781888796,22.7723973976,0.7853981626873301,1.060969445632054e-08,1.151541696726207e-16,low_energy
4552,22.767886753000003,22.786893528,22.777398168300003,0.7853981628896417,1.060969445632054e-08,1.2916724585677334e-16,low_energy
4553,22.772938514,22.791914501,22.78240087175,0.785398163850523,9.01264396446777e-09,7.661099263422774e-17,low_energy
4554,22.777891458000003,22.796904666,22.787398897249997,0.7853981642074989,9.106598142238909e-09,6.239369944300818e-17,low_energy
4555,22.782914375,22.8018892,22.79239897275,0.7853981635820932,7.74092256961012e-09,7.251253802439115e-17,low_energy
4556,22.78789918,22.806893391000003,22.79739731485,0.7853981628917263,7.71130359566996e-09,8.200128468148337e-17,low_energy
4557,22.792895015000003,22.81189121,22.80239348985,0.7853981628112425,7.543735414117236e-09,7.62595423674452e-17,low_energy
4558,22.797902022,22.816899599000003,22.807393458,0.7853981633517624,6.359647919396139e-09,5.435049818000273e-17,low_energy
4559,22.802887417,22.821888983,22.8123918753,0.7853981639537329,6.359647919396139e-09,4.0838892278108506e-17,low_energy
4560,22.807895947,22.826883916,22.8173904414,0.7853981639074189,6.6317040747776446e-09,4.3415924479671506e-17,low_energy
4561,22.812900338,22.831891434000003,22.822392085300002,0.7853981633529971,6.52310649940091e-09,4.8620066252647444e-17,low_energy
4562,22.817891545,22.836899082,22.827397435800002,0.7853981629416533,6.529655927067779e-09,5.606996933982928e-17,low_energy
4563,22.822886549,22.84188578,22.832397887900004,0.7853981629772921,6.529655927067779e-09,5.790457151907136e-17,low_energy
4564,22.827884428,22.846883118,22.8374012821,0.7853981635812814,5.536412217566067e-09,3.814924106068894e-17,low_energy
4565,22.832921561000003,22.851909902000003,22.842403632899998,0.7853981637247668,6.108737515830853e-09,5.335945153209182e-17,low_energy
4566,22.837906306,22.856888925,22.847402702350003,0.7853981635881858,5.890782972528541e-09,3.859082078365068e-17,low_energy
4567,22.842884378,22.861899609,22.8524028203,0.7853981630128317,5.877519804187159e-09,4.6188852947908987e-17,low_energy
4568,22.847887928,22.866885596000003,22.857399660149998,0.7853981629771888,6.1172640286599744e-09,4.452834514910468e-17,low_energy
4569,22.852888282,22.871899465,22.862396964750005,0.7853981633637159,5.069712649685698e-09,2.99390358338897e-17,low_energy
4570,22.857893845000003,22.876882587,22.8673918574,0.7853981637640384,5.069712649685698e-09,2.572925949670562e-17,low_energy
4571,22.862886675,22.881886898,22.872391112800006,0.7853981638671811,5.642649902881658e-09,2.710114934355889e-17,low_energy
4572,22.867895174,22.886900517,22.8773939033,0.785398163396373,5.288820936755201e-09,3.1529806247531484e-17,low_energy
4573,22.872887874,22.891949152,22.8823942662,0.7853981630685616,6.010745678963758e-09,4.0044285681099916e-17,low_energy
4574,22.877887607,22.896880175,22.887394792000002,0.7853981630518596,6.010745678963758e-09,3.973365225147636e-17,low_energy
4575,22.882889153,22.901889496000003,22.892395244150002,0.785398163494503,5.185579077249258e-09,2.776788829064934e-17,low_energy
4576,22.887887784,22.906889038000003,22.897393279150002,0.7853981638535636,5.185579077249258e-09,2.0426385701583187e-17,low_energy
4577,22.892898367,22.911885735,22.9023905538,0.7853981636020932,4.971814959731091e-09,2.5897380049641207e-17,low_energy
4578,22.897887129,22.916880238,22.9073890407,0.7853981631759159,4.971814959731091e-09,3.1729522082953805e-17,low_energy
4579,22.902906689,22.921893807,22.912390084900004,0.7853981630577775,4.719227675309412e-09,2.7225912957989367e-17,low_energy
4580,22.907890702000003,22.926905473,22.917388868950002,0.7853981631440933,4.8452371004259476e-09,3.0331381170566873e-17,low_energy
4581,22.912888742,22.931883614,22.92239202725,0.7853981636387939,3.458776376419337e-09,1.4778597908331436e-17,low_energy
4582,22.917903132000003,22.936883448,22.92739519245,0.7853981637449221,3.907258516733236e-09,1.435131075679281e-17,low_energy
4583,22.922883128,22.941895223000003,22.932393615800002,0.7853981634422892,3.907258516733236e-09,1.850700509844193e-17,low_energy
4584,22.927900654,22.94688641,22.937393599500002,0.7853981631646749,3.869795150990285e-09,2.1116858935521753e-17,low_energy
4585,22.932891129,22.951887605000003,22.942392783200006,0.7853981631386223,3.772981926886132e-09,2.0180898822793866e-17,low_energy
4586,22.937881254,22.956882719000003,22.947394498750004,0.7853981634489818,3.1715812198740423e-09,1.3889563269094462e-17,low_energy
4587,22.942885435,22.961877312,22.95239247825,0.785398163576063,3.452017338645419e-09,1.8416912106597014e-17,low_energy
4588,22.947880960000003,22.966900690000003,22.957393664799998,0.7853981635274845,3.434891482356761e-09,1.3169096326876014e-17,low_energy
4589,22.952908395,22.971924538,22.9623945788,0.7853981632058168,3.434891482356761e-09,1.616396984622791e-17,low_energy
4590,22.957878823,22.976882913,22.967390037549997,0.7853981631769905,3.4341622878741873e-09,1.527994006040543e-17,low_energy
4591,22.962888384000003,22.981924324,22.972394611449996,0.7853981633891662,2.8272912899751645e-09,1.002595924540566e-17,low_energy
4592,22.967902965,22.98689918,22.9773973439,0.7853981636142695,2.8272912899751645e-09,8.503754276656512e-18,low_energy
4593,22.972884383,22.991886149000003,22.982393410800004,0.7853981636312759,3.188147523758289e-09,9.820610236055304e-18,low_energy
4594,22.977884607,22.996899217000003,22.9873941329,0.7853981633044185,3.099429157771283e-09,1.300165024199838e-17,low_energy
4595,22.982899538,23.001890453,22.992397864249998,0.7853981632182346,3.029284378897046e-09,1.1096654970919613e-17,low_energy
4596,22.987885405,23.006894484,22.997395751999996,0.7853981632385695,3.0169733378215824e-09,1.1567789277809637e-17,low_energy
4597,22.992883414,23.011900198000003,23.00239728315,0.7853981635097556,2.1401111993668565e-09,6.243661980342819e-18,low_energy
4598,22.997903205,23.01689383,23.00740044195,0.785398163612177,2.476875593515615e-09,5.730558975294232e-18,low_energy
4599,23.002887208,23.021887952,23.012394870200005,0.7853981634336451,2.476875593515615e-09,7.321834852927094e-18,low_energy
4600,23.007887051,23.026883897,23.017392154350002,0.785398163285335,2.4651507501971537e-09,7.444331904475529e-18,low_energy
4601,23.012912382,23.031907656,23.02239428815,0.7853981632656578,2.35133867931836e-09,7.012414973572862e-18,low_energy
4602,23.017895744,23.036886379,23.027391312249996,0.7853981634439545,1.618240652589975e-09,4.0052705205919455e-18,low_energy
4603,23.022880218,23.041883406,23.032390698350003,0.7853981634963823,1.8480008634469414e-09,4.9974469742357915e-18,low_energy
4604,23.027883598000003,23.046893108000003,23.03739203725,0.7853981634346213,1.8480008634469414e-09,4.1351523946977575e-18,low_energy
4605,23.032896545,23.05188726,23.042389630000002,0.7853981633317056,1.8458203854265776e-09,4.281106527331339e-18,low_energy
4606,23.037900426,23.05688033,23.04739336135,0.7853981633131675,1.7467973734142106e-09,3.978443968123592e-18,low_energy
4607,23.042887876,23.06189419,23.052393800949996,0.7853981634397859,1.1908953823080992e-09,2.211260865319188e-18,low_energy
4608,23.047892518,23.066901206,23.057394838650005,0.7853981634517814,1.4468772846498723e-09,3.0340428010240793e-18,low_energy
4609,23.052885758,23.071903735000003,23.062395370449998,0.7853981633774361,1.4468772846498723e-09,2.9310815455313878e-18,low_energy
4610,23.057881323,23.076893318,23.067390714450003,0.7853981633495252,1.440314534306708e-09,2.637961807579117e-18,low_energy
4611,23.062884132,23.081892841,23.07239298105,0.7853981633476149,1.395946469529008e-09,2.608287620748197e-18,low_energy
4612,23.067887090000003,23.086893164000003,23.07740231545,0.7853981634097746,1.235246571695825e-09,2.32944955443448e-18,low_energy
4613,23.072889969,23.091917774,23.0824036081,0.7853981634522426,1.235246571695825e-09,1.704164491268826e-18,low_energy
4614,23.077900192,23.096884304000003,23.087425846400002,0.785398163376993,1.235246571695825e-09,2.024344323599143e-18,low_energy
4615,23.083078202000003,23.10189615,23.09242267615,0.7853981633637812,1.2075824784574252e-09,1.893074166524431e-18,low_energy
4616,23.087886993,23.106882628,23.097413399950003,0.7853981634246068,8.052776223621549e-10,1.000896070078629e-18,low_energy
4617,23.092923075,23.111922466000003,23.102413036600005,0.7853981634185824,1.0441665310167991e-09,1.5637475730186767e-18,low_energy
4618,23.097884625000003,23.116883706000003,23.107390445649997,0.7853981633922428,1.0441665310167991e-09,1.4923525467863256e-18,low_energy
4619,23.102881232,23.121877908,23.1123895377,0.7853981633820609,1.0441665310167991e-09,1.4160870665226047e-18,low_energy
4620,23.10788352,23.126905654,23.11739095415,0.7853981633791874,1.017990136631397e-09,1.389901481371796e-18,low_energy
4621,23.11290829,23.131888726,23.12238967855,0.7853981634005088,9.030349801264492e-10,1.2168046896119103e-18,low_energy
4622,23.117892313,23.136895802,23.127392871900003,0.7853981634235103,9.030349801264492e-10,9.500117181504347e-19,low_energy
4623,23.12288899,23.141879004,23.1323962331,0.7853981633928795,9.030349801264492e-10,1.094482847031514e-18,low_energy
4624,23.127878624,23.14688564,23.137394048799997,0.7853981633887556,8.843272780723055e-10,1.0631358239963154e-18,low_energy
4625,23.132902362000003,23.151888689,23.1423948616,0.7853981633953626,7.810978530642387e-10,9.203125668127382e-19,low_energy
4626,23.137885754000003,23.156899172000003,23.1473989777,0.7853981633921088,7.810978530642387e-10,9.43946342839118e-19,low_energy
4627,23.142898101,23.161888565,23.152398803650005,0.785398163412286,7.810978530642387e-10,7.506824446254529e-19,low_energy
4628,23.14788018,23.166897074,23.157401916750004,0.7853981633748883,7.548575098326182e-10,8.262771397877059e-19,low_energy
4629,23.152885113,23.171889964,23.162401554350005,0.7853981633768383,5.415845549805454e-10,4.465794115332943e-19,low_energy
4630,23.157916946,23.176889947000003,23.1673967966,0.7853981634202581,5.415845549805454e-10,3.963900931651392e-19,low_energy
4631,23.162899486,23.181901843,23.1723985287,0.7853981634007425,5.415845549805454e-10,4.936996228316566e-19,low_energy
4632,23.167890102,23.186889974000003,23.17739941975,0.7853981633805963,4.339000270192628e-10,2.7304437266723634e-19,low_energy
4633,23.172899162,23.19190208,23.1824015726,0.7853981634161157,4.339000270192628e-10,2.84998134187581e-19,low_energy
4634,23.17789098,23.196898487,23.187404001,0.7853981633949949,4.339000270192628e-10,3.2215941999532343e-19,low_energy
4635,23.182909318,23.201901646000003,23.1924047141,0.7853981633966616,4.0308911763986544e-10,1.9659738046972935e-19,low_energy
4636,23.187900745,23.206895347,23.19740393885,0.7853981634030778,4.0308911763986544e-10,2.0347669905951264e-19,low_energy
4637,23.192913402,23.211899038,23.202403360050003,0.7853981633888063,3.994209407665039e-10,1.5977933305244652e-19,low_energy
4638,23.197897866,23.216917696000003,23.20740613565,0.785398163406515,2.453743874752945e-10,5.529437862501718e-20,low_energy
4639,23.202898751000003,23.22189704,23.212406461999997,0.7853981634200528,6.100053795421445e-10,2.335379564489318e-19,low_energy
4640,23.207907050000003,23.226885923,23.21740408435,0.7853981634037339,1.0400862393566968e-09,5.504222637770829e-19,low_energy
4641,23.212987576,23.231886357,23.22240345795,0.7853981634028635,1.0400862393566968e-09,5.502268104936976e-19,low_energy
4642,23.217951511000003,23.236890648000003,23.227396839100003,0.7853981634021705,1.0400862393566968e-09,5.501399428392902e-19,low_energy
4643,23.222882574,23.24189514,23.2323923234,0.7853981633788016,6.203535463100707e-10,3.2653510528234285e-19,low_energy
4644,23.227894469,23.246879373,23.237389485750004,0.785398163404097,8.449241306607291e-12,7.485275574587856e-23,low_energy
4645,23.232880296,23.251885228000003,23.24238689765,0.7853981633977809,1.0227712010646428e-09,5.280841969013194e-19,low_energy
4646,23.237890779,23.256886263,23.2473918749,0.7853981634005309,1.0227712010646428e-09,5.296385937721095e-19,low_energy
4647,23.242878189,23.261903208000003,23.252392659100003,0.7853981634011896,1.0227712010646428e-09,5.297108704290574e-19,low_energy
4648,23.247885045,23.266886119,23.25739368735,0.7853981634014285,1.0227712010646428e-09,5.297247715294449e-19,low_energy
4649,23.252901149000003,23.271894318,23.26239614925,0.785398163406712,3.132694104124312e-11,9.077656743844252e-22,low_energy
4650,23.257884691,23.276887809,23.2673904242,0.7853981634036338,6.295408638834488e-12,3.9952299743227125e-23,low_energy
4651,23.262885446,23.281882853000003,23.2723881502,0.7853981633987841,1.0395009297781144e-09,5.490303419330967e-19,low_energy
4652,23.267896039,23.286903475000003,23.277390588600003,0.785398163400246,1.0395009297781144e-09,5.494875021110634e-19,low_energy
4653,23.27288455,23.291910933,23.282390407100003,0.7853981634008702,1.0395009297781144e-09,5.495612101369447e-19,low_energy
4654,23.277880957,23.296898232,23.287391428849997,0.7853981634010447,1.0395009297781144e-09,5.495734152429867e-19,low_energy
4655,23.282889356,23.301887114000003,23.292394013550002,0.7853981634053577,1.1713296999005252e-11,1.8607272122738926e-22,low_energy
4656,23.287884901,23.306879733,23.297391226549998,0.7853981634035792,4.987121826616203e-12,3.9992146290841196e-23,low_energy
4657,23.292911985,23.311877462,23.3023890246,0.7853981633995734,1.022539386497101e-09,5.289642426454792e-19,low_energy
4658,23.297888594,23.316902153,23.3073885745,0.7853981634008111,1.022539386497101e-09,5.293074882790624e-19,low_energy
4659,23.302887365,23.321890714,23.31238918395,0.7853981634011223,1.022539386497101e-09,5.293293401661735e-19,low_energy
4660,23.307907957,23.326905876,23.317391285249997,0.7853981634013131,1.022539386497101e-09,5.293372085352243e-19,low_energy
4661,23.31292352,23.331889969,23.32239395055,0.7853981634048006,1.3788081787424744e-11,1.613778228505306e-22,low_energy
4662,23.317894950000003,23.336890674000003,23.327395385550002,0.7853981634030986,4.278355447695503e-12,3.1690562243860636e-23,low_energy
4663,23.322887629,23.341888473,23.3323947651,0.7853981633995868,1.0398126804034291e-09,5.495972159026436e-19,low_energy
4664,23.327882332,23.346889238000003,23.337394512400003,0.785398163400482,1.0398126804034291e-09,5.497865361727711e-19,low_energy
4665,23.332888898,23.351898028,23.342395068800002,0.7853981634008329,1.0398126804034291e-09,5.498230709674765e-19,low_energy
4666,23.337899361,23.356889194,23.3473980933,0.7853981634013417,1.0398126804034291e-09,5.498534478237298e-19,low_energy
4667,23.342888614000003,23.361890159,23.3523992117,0.7853981634043595,1.0321521415335155e-11,8.063388783478427e-23,low_energy
4668,23.347889058,23.366893289,23.357400630700003,0.7853981634260945,4.630607008948573e-10,1.9996242156364908e-19,low_energy
4669,23.352900543,23.371885968,23.362399759299997,0.7853981634003107,1.02248343125666e-09,5.291470672537709e-19,low_energy
4670,23.357890868,23.376910538,23.367397239349998,0.7853981634008299,1.02248343125666e-09,5.292363529731893e-19,low_energy
4671,23.362892585,23.381906153000003,23.37239636655,0.7853981634011638,1.02248343125666e-09,5.29247852667336e-19,low_energy
4672,23.367894321,23.386907559,23.377399295300002,0.7853981633784892,5.918519008218937e-10,3.0671178295580766e-19,low_energy
4673,23.372926445,23.391898385,23.3823998863,0.785398163403841,6.163070054299169e-12,4.719885692613393e-23,low_energy
4674,23.377889258,23.396925088,23.38739999475,0.7853981633969227,1.0399263672411507e-09,5.4759864390926955e-19,low_energy
4675,23.382907135,23.401880588,23.39240071235,0.7853981634003184,1.0399263672411507e-09,5.500430760285713e-19,low_energy
4676,23.387895527,23.406911750000003,23.39739842935,0.7853981634008854,1.0399263672411507e-09,5.501202074907383e-19,low_energy
4677,23.392892594000003,23.411879202,23.40239620295,0.7853981634011413,1.0399263672411507e-09,5.501373286396445e-19,low_energy
4678,23.397891185,23.416899353,23.407395531050003,0.7853981634072568,4.3364423163438914e-11,1.5463655856429003e-21,low_energy
4679,23.402879867000003,23.421893034,23.41239505845,0.7853981634034412,7.59037277475727e-12,6.015391488693423e-23,low_energy
4680,23.407893296,23.426882117,23.417391612249997,0.7853981633981999,1.0393135241315576e-09,5.479584536888081e-19,low_energy
4681,23.412895894,23.431884996,23.42239266145,0.7853981633997196,1.0393135241315576e-09,5.484964627169876e-19,low_energy
4682,23.417885016000003,23.436889537000003,23.427392720250005,0.78539816340047,1.0393135241315576e-09,5.486062850917709e-19,low_energy
4683,23.422895019,23.441908136,23.4323932014,0.7853981634010516,1.0393135241315576e-09,5.486627425441829e-19,low_energy
4684,23.427882979000003,23.446894283,23.43739731345,0.7853981634058634,1.4144241333724494e-11,1.9136729515122255e-22,low_energy
4685,23.432903842,23.451902071000003,23.4423988727,0.7853981634040338,7.425171588693047e-12,4.835584864746151e-23,low_energy
4686,23.437883196,23.456891795,23.44740270175,0.7853981633996091,1.0399299199548295e-09,5.496869872596264e-19,low_energy
4687,23.442884672,23.461889193,23.452400710299997,0.7853981634005724,1.0399299199548295e-09,5.49956648497215e-19,low_energy
4688,23.447908811,23.466909545,23.457401483,0.7853981634007925,1.0399299199548295e-09,5.499873369528849e-19,low_energy
4689,23.452888516,23.471900121,23.462403229600003,0.7853981634011662,1.0399299199548295e-09,5.500158589988994e-19,low_energy
4690,23.45788903,23.476900745,23.467400625950003,0.7853981634048554,1.1400658195270807e-11,1.2999587862209912e-22,low_energy
4691,23.462910113000003,23.481899796,23.4724054519,0.7853981634033188,4.368949646504916e-12,3.585535679493762e-23,low_energy
4692,23.467910818,23.486893758,23.477407016649998,0.785398163399274,1.0389742399752322e-09,5.480568676319246e-19,low_energy
4693,23.472902405000003,23.491901847,23.482405130300002,0.7853981634001111,1.0389742399752322e-09,5.482586138362446e-19,low_energy
4694,23.47791883,23.496895919,23.48740362075,0.7853981634006688,1.0389742399752322e-09,5.483382206199824e-19,low_energy
4695,23.482911489000003,23.501889941,23.49240217825,0.7853981634010301,1.0389742399752322e-09,5.483652341513481e-19,low_energy
4696,23.487889220000003,23.506890545,23.4973978934,0.785398163404732,8.233413950620161e-12,7.673265743138318e-23,low_energy
4697,23.49289251,23.511902812,23.502396585250004,0.785398163426383,4.6192916158815933e-10,1.9922586782299736e-19,low_energy
4698,23.497894948000003,23.51689993,23.507396829550004,0.7853981634001034,1.039679453640474e-09,5.496447932207167e-19,low_energy
4699,23.502890943,23.521886097000003,23.5123939008,0.7853981634007031,1.039679453640474e-09,5.497499009465569e-19,low_energy
4700,23.507888873,23.526897472,23.5173934734,0.7853981634009015,1.039679453640474e-09,5.497683439675938e-19,low_energy
4701,23.512892914,23.531884891,23.5223924863,0.7853981633782544,6.204317060110043e-10,3.275132200981204e-19,low_energy
4702,23.517890813,23.536887409,23.527394181699997,0.7853981634041888,8.279599228444567e-12,5.411055463559942e-23,low_energy
4703,23.522886719,23.541892001,23.532399081300003,0.785398163397945,1.0221672397392467e-09,5.274624482048662e-19,low_energy
4704,23.527886692000003,23.546886414000003,23.537397249550004,0.7853981634005829,1.0221672397392467e-09,5.288966354711939e-19,low_energy
4705,23.532941308,23.551887199000003,23.542397822450003,0.785398163401095,1.0221672397392467e-09,5.289423744633121e-19,low_energy
4706,23.537886819,23.556895578,23.5474020834,0.7853981634011002,1.0221672397392467e-09,5.2894314349043e-19,low_energy
4707,23.542895328,23.561881785,23.552397439400004,0.7853981634065835,3.1945113221354404e-11,8.379850823020532e-22,low_energy
4708,23.547901673,23.566893591000003,23.55739905875,0.7853981634037925,7.0912165028858e-12,3.760416631476972e-23,low_energy
4709,23.552897038,23.571883114,23.5623985235,0.7853981633988072,1.0397425143082728e-09,5.493481342868631e-19,low_energy
4710,23.557899997,23.576885432,23.5673912715,0.7853981634006173,1.0397425143082728e-09,5.4997361766837e-19,low_energy
4711,23.562882046,23.581892839,23.572390551399998,0.7853981634011106,1.0397425143082728e-09,5.500170925866973e-19,low_energy
4712,23.567887049000003,23.586922889,23.577394419999997,0.7853981634011679,1.0397425143082728e-09,5.500238565853879e-19,low_energy
4713,23.572900287000003,23.591910178000003,23.58239593515,0.7853981634054558,1.6282086789942696e-11,3.022417399506769e-22,low_energy
4714,23.577881475,23.596895103,23.5873971372,0.7853981634035293,5.559996907322784e-12,3.1171593383370564e-23,low_energy
4715,23.582908609,23.601900306,23.59239818695,0.7853981633995415,1.0221778978802831e-09,5.286592323966039e-19,low_energy
4716,23.587890198,23.606902644,23.5973988054,0.7853981634007461,1.0221778978802831e-09,5.289953891713282e-19,low_energy
4717,23.59290013,23.611906444,23.6024017362,0.7853981634012305,1.0221778978802831e-09,5.290363897864055e-19,low_energy
4718,23.597887159000003,23.616907059000003,23.6074039402,0.7853981634012397,1.0221778978802831e-09,5.290343784553163e-19,low_energy
4719,23.602898954,23.621919105,23.61240880525,0.7853981634047777,1.5662138252992008e-11,1.7439782556029026e-22,low_energy
4720,23.607907734,23.626907466,23.6174086281,0.7853981634032843,6.224354365258478e-12,4.0706886614268547e-23,low_energy
4721,23.612906185,23.631900376,23.622407966199997,0.785398163399883,1.0396314920058103e-09,5.495579084566557e-19,low_energy
4722,23.617906178,23.636899478,23.6274097248,0.7853728561266575,0.0003374307782619823,1.2951486055941515e-07,medium_energy
4723,23.622908365,23.641889171000003,23.6324064804,0.7851619621756233,0.0011810065852637663,2.8692523712026475e-06,medium_energy
4724,23.627910032000003,23.646893393000003,23.637403689500005,0.7847401742732221,0.0020245823898275006,9.843129702580541e-06,high_energy
4725,23.632922288000003,23.651901181000003,23.6424013223,0.7841074924223225,0.0028681577433014027,1.749304631079029e-05,high_energy
4726,23.637898637000003,23.656890464,23.64740106355,0.7832892239132188,0.0032055876033645347,1.892909424814143e-05,high_energy
4727,23.642895053,23.661896068,23.65239976195,0.7824456480823121,0.0032055880538841564,1.8929095912137615e-05,high_energy
4728,23.647889386000003,23.666896572,23.657398640100002,0.7816020722778051,0.0032055880540395876,1.8929095786290545e-05,high_energy
4729,23.652897745,23.671901504,23.662399451350005,0.7807584964729266,0.003205588059775444,1.8929095719957864e-05,high_energy
4730,23.657900183,23.676896699,23.6673951976,0.7799149206448123,0.0032055874961018915,1.8929094049090003e-05,high_energy
4731,23.662889105,23.681889629,23.672394576150005,0.7790713448650661,0.0032055880628005795,1.89290957437381e-05,high_energy
4732,23.667888858,23.686898859000003,23.6773949822,0.778227769053011,0.003205588641947976,1.8929096260487792e-05,high_energy
4733,23.672890915,23.691887331,23.68239235855,0.7773841932513399,0.0032055880555867944,1.8929095875148574e-05,high_energy
4734,23.677896058,23.696906570000003,23.68739286525,0.7765406174469103,0.00320558805716864,1.892909576252434e-05,high_energy
4735,23.682890641,23.701906604,23.692395674400004,0.7756970416419634,0.0032055880598536035,1.892909569532778e-05,high_energy
4736,23.687892748000003,23.706883193000003,23.697392904450002,0.7748534658428706,0.0032055881003634212,1.8929095930707003e-05,high_energy
4737,23.692901809,23.711880762,23.70239196645,0.7740098900340577,0.003205588062643372,1.892909573611932e-05,high_energy
4738,23.697886213,23.716895833,23.707388776700004,0.7731663142242862,0.003205588030430917,1.8929096074482704e-05,high_energy
4739,23.702885715,23.72187656,23.71238521515,0.7723227384205104,0.0032055880558869987,1.8929095852601048e-05,high_energy
4740,23.707880338,23.726878968,23.71738508815,0.7714791626159944,0.00320558805741733,1.8929095752647308e-05,high_energy
4741,23.71288509,23.731884822,23.72238802245,0.7706355868110135,0.003205588055654296,1.8929095676765794e-05,high_energy
4742,23.717905141000003,23.736890256,23.727391161199996,0.7697920110100795,0.0032055880638104384,1.892909577571546e-05,high_energy
4743,23.722880027,23.74189574,23.73239249255,0.7689484352031689,0.0032055880642927193,1.8929095735662427e-05,high_energy
4744,23.727888306,23.746896524,23.737395198500003,0.7681048593940042,0.0032055880476482557,1.8929096024365974e-05,high_energy
4745,23.732886145,23.751899754,23.742395035050002,0.7672612835899781,0.0032055880578374385,1.892909583369415e-05,high_energy
4746,23.737888573000003,23.75689071,23.7473999662,0.7664177077850063,0.003205588056805375,1.892909572133275e-05,high_energy
4747,23.742897834,23.761895562000003,23.752399267150004,0.7655741319801046,0.003205588058422748,1.892909567197648e-05,high_energy
4748,23.747895303,23.766895465,23.757398535050005,0.7647305561784306,0.003205588067836551,1.8929095779672528e-05,high_energy
4749,23.752903722000003,23.771882204,23.762397800900004,0.7638869803719608,0.0032055880618200305,1.8929095720646793e-05,high_energy
4750,23.757886583,23.776887507,23.767391885500004,0.7630434045628324,0.0032055880467067865,1.892909598116116e-05,high_energy
4751,23.762889542,23.781875818000003,23.772391806099996,0.7621998287588527,0.0032055880565318162,1.8929095797869408e-05,high_energy
4752,23.767887551,23.786909165,23.777394111750002,0.7613562529541964,0.0032055880574848317,1.892909569912735e-05,high_energy
4753,23.772904226,23.791893999000003,23.782394932600006,0.7605126771491078,0.0032055885155228836,1.892909563158104e-05,high_energy
4754,23.777916482,23.796885927,23.78739491085,0.7596691013474389,0.0032055880653132363,1.892909577264595e-05,high_energy
4755,23.782914432,23.80189646,23.792399191250002,0.7588255255637397,0.003205587607308935,1.8929094271545622e-05,high_energy
4756,23.787902112,23.806891584,23.797397981750002,0.7579819497325412,0.003205588055052111,1.892909592142604e-05,high_energy
4757,23.792894761000003,23.811911445,23.80239888675,0.7571383739280996,0.003205588056566455,1.892909577712789e-05,high_energy
4758,23.797883323,23.816896250000003,23.80739899425,0.7562947981233599,0.0032055880580328378,1.8929095693709255e-05,high_energy
4759,23.802900018000003,23.821891063,23.812396567950003,0.75545122229545,0.003205587479298444,1.8929094030968763e-05,high_energy
4760,23.80789417,23.826893952,23.81739631775,0.7546076465157212,0.0032055880652288593,1.8929095754875787e-05,high_energy
4761,23.812886128,23.831889547000003,23.822394040749998,0.7537640707035951,0.003205588640887491,1.892909626692022e-05,high_energy
4762,23.817907562,23.836898958000003,23.827392820200004,0.7529204949013624,0.0032055880522214864,1.8929095888264117e-05,high_energy
4763,23.822891404,23.84190341,23.83239013195,0.7520769190972765,0.0032055880554144878,1.892909574162667e-05,high_energy
4764,23.82789255,23.846889206,23.837388737549997,0.7512333432923853,0.0032055880606947085,1.8929095677752414e-05,high_energy
4765,23.832884488,23.851875904,23.842386096299997,0.7503897674936039,0.003205588094139067,1.8929095887743598e-05,high_energy
4766,23.837887437000003,23.856879104,23.84738963075,0.7495461916848317,0.0032055880640955436,1.8929095765141803e-05,high_energy
4767,23.842904973000003,23.861881201000003,23.852388423750003,0.7487026158740816,0.0032055880122028313,1.892909611694011e-05,high_energy
4768,23.847880951,23.866887266000003,23.85738676095,0.7478590400708371,0.003205588053747377,1.8929095851787852e-05,high_energy
4769,23.85287861,23.871886618,23.862390360050004,0.7470154642662491,0.003205588057043407,1.8929095708713972e-05,high_energy
4770,23.857880597,23.876931616,23.867389646,0.7461718884617468,0.003205588060343878,1.8929095652293663e-05,high_energy
4771,23.862886712,23.881896784,23.872395872549998,0.745328312661188,0.00320558807475102,1.8929095823450064e-05,high_energy
4772,23.867886545,23.886898871000003,23.877398082000003,0.7444847368540826,0.0032055880641559398,1.892909574861389e-05,high_energy
4773,23.872888051,23.891916327,23.882397361400002,0.743641161044643,0.0032055880578134577,1.8929096035082862e-05,high_energy
4774,23.877919093000003,23.896886013000003,23.887397152800006,0.7427975852406551,0.003205588057133113,1.8929095833697275e-05,high_energy
4775,23.882896333,23.901893611,23.892393959050004,0.7419540094359381,0.003205588060179565,1.8929095744682674e-05,high_energy
4776,23.887886107,23.906894165,23.8973935105,0.7411104336309131,0.003205588056948372,1.892909567345667e-05,high_energy
4777,23.892907792000003,23.911884029000003,23.902392777900005,0.7402668578291224,0.0032055880726229447,1.8929095790397683e-05,high_energy
4778,23.897899539,23.916897227,23.907390494749997,0.7394232820224628,0.00320558806361948,1.8929095729873455e-05,high_energy
4779,23.902892018000003,23.921894495,23.912389410950002,0.7385797062132257,0.0032055880496288935,1.8929095988265826e-05,high_energy
4780,23.907887854,23.926888227000003,23.91738819045,0.7377361304091886,0.0032055880513324198,1.892909578466322e-05,high_energy
4781,23.912884440000003,23.931911143,23.92238911445,0.7368925546047747,0.0032055880606147724,1.8929095686118217e-05,high_energy
4782,23.917881668000003,23.936891229,23.92738950055,0.736048978800074,0.0032055885133068784,1.892909560675165e-05,high_energy
4783,23.922881572,23.941894318000003,23.9323914721,0.7352054029983713,0.0032055880687433813,1.892909578658342e-05,high_energy
4784,23.927892836,23.94689346,23.937394466,0.7343618272145294,0.0032055876096697133,1.8929094291448436e-05,high_energy
4785,23.932879394,23.951894646000003,23.942394776500002,0.7335182513835583,0.003205588055658737,1.8929095929855332e-05,high_energy
4786,23.937892432,23.956883438,23.94739924375,0.7326746755787852,0.0032055880582557705,1.892909577491804e-05,high_energy
4787,23.942901332,23.961885765,23.9523983448,0.7318310997741296,0.003205588060443354,1.8929095709324717e-05,high_energy
4788,23.947896536,23.966889085,23.9573972826,0.7309875239465695,0.003205587494904627,1.892909404436226e-05,high_energy
4789,23.952888444000003,23.971885752,23.962397280349997,0.7301439481667934,0.003205588063754483,1.892909573563171e-05,high_energy
4790,23.95789522,23.976879954,23.967391528750003,0.7293003723534482,0.0032055886580844017,1.8929096338235252e-05,high_energy
4791,23.962883622000003,23.981883063,23.972388779300005,0.7284567965521476,0.0032055880574528572,1.8929095907745576e-05,high_energy
4792,23.967879407,23.986896231000003,23.9773898932,0.7276132207478261,0.0032055880568861994,1.8929095738184952e-05,high_energy
4793,23.972889049000003,23.991900944,23.982391614750004,0.7267696449431069,0.003205588056163222,1.8929095627999813e-05,high_energy
4794,23.977881167000003,23.996919662,23.9873956557,0.7259260691455108,0.0032055881105792494,1.8929095941513226e-05,high_energy
4795,23.98289176,24.001884569,23.992396996550003,0.7250824933359675,0.00320558806667659,1.8929095773685157e-05,high_energy
4796,23.987891333,24.006889983,23.99739595535,0.7242389175252961,0.0032055880230901224,1.892909612926488e-05,high_energy
4797,23.992886888,24.011898302,24.002391916500002,0.7233953417213267,0.003205588055839037,1.8929095858404122e-05,high_energy
4798,23.997882803000003,24.01690102,24.00739031675,0.7225517659167927,0.003205588057028308,1.8929095715491923e-05,high_energy
4799,24.002888046,24.021888219,24.01239135305,0.7217081901123633,0.003205588056895081,1.89290956389214e-05,high_energy
4800,24.00788277,24.026931605,24.01739334165,0.720864614311647,0.0032055880623422794,1.8929095799882687e-05,high_energy
4801,24.012879387,24.031892935,24.02239589875,0.7200210385045599,0.0032055880648753643,1.8929095759218414e-05,high_energy
4802,24.017882626,24.03689376,24.027394650199998,0.7191774626944996,0.003205588052069608,1.8929096064015183e-05,high_energy
4803,24.022895955000003,24.041896598,24.032394628500004,0.7183338868905021,0.003205588055759101,1.8929095816429147e-05,high_energy
4804,24.027888464,24.046888306000003,24.037393681,0.7174903110861954,0.00320558805749549,1.8929095687297527e-05,high_energy
4805,24.032906712000003,24.051885955000003,24.042392962450002,0.7166467352815084,0.0032055880580728058,1.8929095622106243e-05,high_energy
4806,24.037889643,24.056886138000003,24.0473971471,0.7158031594805088,0.00320558807094784,1.8929095795871972e-05,high_energy
4807,24.042937957000003,24.061898706,24.05239602825,0.7149595836734383,0.0032055880657937408,1.8929095761622747e-05,high_energy
4808,24.047897935,24.066905943,24.0573982748,0.7141160078640869,0.003205588045737784,1.8929095989579083e-05,high_energy
4809,24.05288849,24.071889124,24.062399360150003,0.713272432059903,0.0032055880559198613,1.8929095791605708e-05,high_energy
4810,24.057883835,24.076917251,24.0673961439,0.7124288562555042,0.0032055880560646344,1.8929095669454365e-05,high_energy
4811,24.062920708,24.081894791,24.072398034700004,0.7115852804507619,0.003205588510954982,1.892909563090282e-05,high_energy
4812,24.067894682,24.086896338000003,24.077401472500004,0.7107417046489399,0.003205588064002285,1.8929095774937746e-05,high_energy
4813,24.072886109,24.091883677,24.08240077695,0.7098981288648473,0.003205587611356364,1.8929094300686788e-05,high_energy
4814,24.077903866,24.096884552,24.08740188835,0.7090545530331969,0.0032055880509318513,1.8929095924584127e-05,high_energy
4815,24.082969754,24.10188698,24.09240202595,0.7082109772290709,0.003205588054276731,1.8929095746277254e-05,high_energy
4816,24.087905375,24.106884889,24.097394263600002,0.707367401424652,0.0032055880551054017,1.892909564219083e-05,high_energy
4817,24.092886743,24.111882648,24.10239179475,0.7065238255971984,0.0032055874641718773,1.8929094013854808e-05,high_energy
4818,24.097913126,24.116888302000003,24.10738782855,0.7056802498175666,0.003205588067521248,1.892909578387715e-05,high_energy
4819,24.102900286,24.12188528,24.11238623535,0.7048366740048713,0.003205588642503976,1.8929096304629156e-05,high_energy
4820,24.107883176,24.126882498,24.1173851806,0.703993098202662,0.003205588056689024,1.8929095887097085e-05,high_energy
4821,24.112881487000003,24.131883713,24.122385167799997,0.7031495223985271,0.003205588057391573,1.892909573316888e-05,high_energy
4822,24.117890417,24.136904907,24.127393967249997,0.7023059465939194,0.0032055880579164864,1.8929095664921725e-05,high_energy
4823,24.122886112,24.141884742,24.13239740555,0.7014623707954548,0.003205588101287127,1.892909590513015e-05,high_energy
4824,24.127879302,24.146886128,24.13739834615,0.7006187949863529,0.003205588065824827,1.8929095770456657e-05,high_energy
4825,24.132941363,24.151919244,24.142403215700003,0.6997752191762091,0.0032055880084147503,1.892909608635752e-05,high_energy
4826,24.137896632,24.156885263000003,24.14740285125,0.6989316433726329,0.0032055880571899564,1.8929095845928126e-05,high_energy
4827,24.14288846,24.161876489,24.152398634,0.6980880675677713,0.0032055880568178097,1.8929095722909455e-05,high_energy
4828,24.147883323,24.166885369000003,24.15739903945,0.6972444917631069,0.003205588057799247,1.8929095681465522e-05,high_energy
4829,24.1529224,24.171889781,24.16239700185,0.6964009159619469,0.0032055880741559406,1.8929095811592497e-05,high_energy
4830,24.157894741,24.176880657,24.1673888903,0.6955573401548836,0.003205588062294318,1.892909573264521e-05,high_energy
4831,24.162882842,24.181904766,24.172389771800002,0.6947137643450538,0.003205588057187292,1.8929096049994518e-05,high_energy
4832,24.167891261,24.186897806,24.17739150745,0.6938701885414369,0.003205588058616371,1.8929095826474707e-05,high_energy
4833,24.172888429,24.191889514000003,24.182392917500003,0.6930266127370792,0.003205588057960007,1.892909570101919e-05,high_energy
4834,24.177888062,24.196894577,24.187395728150005,0.6921830369323484,0.003205588056992781,1.8929095627816075e-05,high_energy
4835,24.182896331,24.201891274,24.192397819400004,0.6913394611312285,0.003205588074142618,1.892909580604583e-05,high_energy
4836,24.187894761000003,24.206906426,24.19739841685,0.6904958853242398,0.003205588062007436,1.892909575778406e-05,high_energy
4837,24.192912428000003,24.211882113,24.202396927300004,0.6896523095153396,0.0032055880530439396,1.8929095969006587e-05,high_energy
4838,24.197902623,24.216903046,24.2073973519,0.6888087337108715,0.003205588057790365,1.8929095788767866e-05,high_energy
4839,24.202890783,24.221886698,24.21239690635,0.6879651579061716,0.0032055880572414708,1.8929095706295978e-05,high_energy
4840,24.207881169,24.226886151,24.21739560015,0.6871215821012898,0.003205588507426249,1.8929095659986295e-05,high_energy
4841,24.212901480000003,24.23188959,24.222395638000002,0.6862780062990017,0.00320558806809057,1.892909576842755e-05,high_energy
4842,24.217887006,24.236897619,24.22739473255,0.6854344305150126,0.003205587611857297,1.8929094292653073e-05,high_energy
4843,24.222885507,24.241895779,24.2323940421,0.6845908546846451,0.003205588052857422,1.8929095908498524e-05,high_energy
4844,24.227897072,24.246888759,24.23739587235,0.6837472788802093,0.003205588058418307,1.8929095772173698e-05,high_energy
4845,24.232897636,24.251900063,24.2423965825,0.6829037030754022,0.0032055880579031637,1.8929095702040844e-05,high_energy
4846,24.237909332,24.256922709,24.247401874300003,0.6820601272481719,0.003205587498812612,1.8929094071070176e-05,high_energy
4847,24.242886191,24.261961215000003,24.252406399550004,0.6812165514679596,0.0032055880634338507,1.8929095742897596e-05,high_energy
4848,24.247891705,24.266896847,24.257405969449998,0.6803729756553076,0.0032055886412285517,1.892909629394416e-05,high_energy
4849,24.252892179,24.271893003,24.2624072682,0.6795293998541336,0.0032055880551089544,1.8929095882204514e-05,high_energy
4850,24.257937057000003,24.276896824,24.267401513650004,0.6786858240495007,0.0032055880592611885,1.8929095760550515e-05,high_energy
4851,24.262892636,24.281890264,24.272396763950006,0.6778422482445039,0.003205588059083553,1.8929095684433434e-05,high_energy
4852,24.267891608000003,24.286900948000003,24.277396645049997,0.676998672446035,0.003205588115097413,1.8929095959172047e-05,high_energy
4853,24.272888646,24.291885422,24.28239387355,0.676155096636646,0.0032055880649863866,1.8929095741882366e-05,high_energy
4854,24.277893117,24.296955137,24.28739952155,0.6753115208271452,0.003205588017354266,1.8929096058493192e-05,high_energy
4855,24.282910013,24.301881691,24.29239836925,0.6744679450234831,0.003205588056564679,1.8929095840186337e-05,high_energy
4856,24.287896380000003,24.306893457,24.2973970396,0.6736243692188614,0.0032055880573835793,1.8929095746981654e-05,high_energy
4857,24.292936349,24.311888531,24.30239621635,0.6727807934138168,0.0032055880583952145,1.8929095694085947e-05,high_energy
4858,24.297901617,24.316898082,24.30739015415,0.6719372176122386,0.003205588068338372,1.892909580634508e-05,high_energy
4859,24.302913322,24.321883939000003,24.31238968255,0.6710936418054392,0.003205588061816478,1.8929095729647182e-05,high_energy
4860,24.307881275000003,24.326896967000003,24.317390432749995,0.6702500659964288,0.0032055880514061386,1.8929095998907643e-05,high_energy
4861,24.312890886,24.331884206,24.322392167350003,0.6694064901925749,0.003205588058620812,1.8929095813586633e-05,high_energy
4862,24.317888705,24.336886754,24.327395562,0.6685629143879652,0.003205588059685738,1.8929095733316627e-05,high_energy
4863,24.322885663,24.341902547,24.332399233150003,0.6677193385829263,0.00320558805907023,1.892909566911046e-05,high_energy
4864,24.327915593,24.346892532,24.33740001685,0.6668757627812493,0.0032055880677184234,1.8929095773208033e-05,high_energy
4865,24.332897882,24.351893577,24.342398532300003,0.6660321869745729,0.003205588063703857,1.8929095731629388e-05,high_energy
4866,24.337900190000003,24.356892729,24.3473993347,0.6651886111663513,0.003205588049765673,1.8929095949794704e-05,high_energy
4867,24.342900574,24.361890538,24.352400808850003,0.6643450353620607,0.0032055880596955078,1.8929095803318198e-05,high_energy
4868,24.347895878000003,24.366896542000003,24.357400178000002,0.6635014595570882,0.0032055880593455655,1.892909572297597e-05,high_energy
4869,24.352891624,24.371892538,24.362404247500002,0.6626578837520634,0.0032055885071082812,1.89290956858381e-05,high_energy
4870,24.357961058,24.376895627000003,24.367402119750004,0.6618143079496479,0.0032055880664643155,1.8929095756562938e-05,high_energy
4871,24.362893173,24.381902213,24.37239833385,0.6609707321656669,0.003205587614208305,1.8929094288068284e-05,high_energy
4872,24.367890522000003,24.386895574,24.377397115400004,0.6601271563354022,0.003205588051939934,1.8929095898032484e-05,high_energy
4873,24.372892158000003,24.391917158,24.3823975866,0.6592835805310548,0.003205588056855113,1.8929095774747228e-05,high_energy
4874,24.377889456,24.396908364,24.3873976324,0.6584400047260583,0.0032055880575301288,1.8929095697874905e-05,high_energy
4875,24.382898557,24.40189874,24.392397723400002,0.6575964288988023,0.0032055874766863113,1.8929094069391743e-05,high_energy
4876,24.387899953,24.406888684,24.39739816195,0.6567528531182469,0.003205588065167575,1.8929095756017788e-05,high_energy
4877,24.392904234000003,24.411896742000003,24.402395414,0.6559092773064804,0.00320558862427589,1.8929096243369148e-05,high_energy
4878,24.397899168,24.416893179,24.40739472405,0.6550657015049115,0.003205588055291031,1.8929095863726738e-05,high_energy
4879,24.402888831,24.421903111,24.4123950389,0.6542221257003107,0.003205588058715847,1.8929095753546244e-05,high_energy
4880,24.407926726000003,24.426887815,24.4173940383,0.6533785498955291,0.003205588060447795,1.8929095710421903e-05,high_energy
4881,24.412884229000003,24.431897417,24.4223926726,0.6525349740961063,0.0032055881065584657,1.8929095937648465e-05,high_energy
4882,24.417886647000003,24.436884906000003,24.4273911189,0.6516913982870169,0.00320558806461424,1.8929095746314602e-05,high_energy
4883,24.422893003,24.441885401,24.432391897200002,0.6508478224775609,0.003205588001892856,1.8929096051916632e-05,high_energy
4884,24.42788995,24.446882358,24.437390996349997,0.6500042466739258,0.003205588057720199,1.8929095832365428e-05,high_energy
4885,24.432881828000003,24.451888694,24.442390658049995,0.6491606708694133,0.003205588059259412,1.8929095739598454e-05,high_energy
4886,24.437911227,24.456883717,24.4473947646,0.648317095064551,0.0032055880596288944,1.8929095685578582e-05,high_energy
4887,24.442886263,24.461882128000003,24.452392050249994,0.6474735192632121,0.003205588067760168,1.8929095788198497e-05,high_energy
4888,24.447883832,24.466883764,24.457392217300004,0.6466299434561427,0.003205588061827136,1.8929095739192424e-05,high_energy
4889,24.452898282000003,24.471877145,24.462389551500003,0.6457863676473454,0.003205588052822783,1.8929095999644575e-05,high_energy
4890,24.457882756,24.476874022,24.467382578200002,0.6449427918434658,0.0032055880574546336,1.892909581542511e-05,high_energy
4891,24.462883311,24.481878063,24.4723811152,0.6440992160385702,0.003205588057047848,1.8929095723692395e-05,high_energy
4892,24.467880849,24.486880812000003,24.47738228525,0.6432556402338415,0.0032055880578374385,1.8929095685865218e-05,high_energy
4893,24.472877286000003,24.491896555,24.482384756149997,0.6424120644317796,0.0032055880694921157,1.8929095781282056e-05,high_energy
4894,24.477883811,24.496879836,24.48738506845,0.6415684886251298,0.003205588063847742,1.8929095724597866e-05,high_energy
4895,24.482887822,24.501901511,24.492387403649996,0.6407249128167114,0.0032055880518884194,1.8929095947513424e-05,high_energy
4896,24.487876634000003,24.506913787,24.49738685735,0.6398813370124807,0.003205588054345121,1.8929095789357066e-05,high_energy
4897,24.492882669,24.511888082,24.502384913500002,0.6390377612076733,0.0032055880593304664,1.8929095715734673e-05,high_energy
4898,24.497882702,24.516887294,24.507386309500003,0.6381941854026232,0.0032055885066304413,1.89290956661824e-05,high_energy
4899,24.502879259,24.521899039,24.512386243649996,0.6373506096003867,0.00320558806674498,1.892909576116286e-05,high_energy
4900,24.507875085,24.526891699,24.517387390649997,0.6365070338161187,0.003205587616811556,1.8929094301939217e-05,high_energy
4901,24.512872633,24.531926828000003,24.5223904191,0.6356634579863604,0.0032055880519097357,1.892909588533769e-05,high_energy
4902,24.517883978,24.536890433,24.527392205250003,0.6348198821819325,0.0032055880571766338,1.8929095768506438e-05,high_energy
4903,24.522885334,24.541904062,24.5323936648,0.6339763063769641,0.003205588056952813,1.892909570400356e-05,high_energy
4904,24.527884786,24.546886091,24.537395492500004,0.6331327305498105,0.0032055874962306774,1.8929094109437556e-05,high_energy
4905,24.532890230000003,24.551892617,24.542395635650003,0.6322891547688165,0.0032055880647074986,1.8929095752019663e-05,high_energy
4906,24.537884642,24.556881729,24.5473976422,0.6314455789561374,0.0032055886399344757,1.8929096296560672e-05,high_energy
4907,24.542917017,24.56188004,24.552393766250002,0.6306020031553089,0.003205588056834685,1.892909585869347e-05,high_energy
4908,24.547913724,24.566896794,24.55738959565,0.6297584273508596,0.0032055880569856754,1.892909574925713e-05,high_energy
4909,24.552875936000003,24.571885897,24.562388484800003,0.6289148515460606,0.003205588059660869,1.892909569237798e-05,high_energy
4910,24.557879065,24.576888586000003,24.56738732795,0.6280712757478166,0.0032055881200818703,1.8929095970688107e-05,high_energy
4911,24.562876043000003,24.581905661,24.572391348300005,0.6272276999379597,0.003205588062753506,1.8929095743643544e-05,high_energy
4912,24.567902446,24.5868822,24.577394435949998,0.6263841241286286,0.0032055880104380208,1.8929096048114633e-05,high_energy
4913,24.572922738000003,24.591901079000003,24.5824000293,0.6255405483248095,0.0032055880564483274,1.8929095841524185e-05,high_energy
4914,24.577885871000003,24.596896253,24.58739963685,0.6246969725200353,0.0032055880567618544,1.892909573712607e-05,high_energy
4915,24.582913016000003,24.60188198,24.59240178375,0.6238533967150889,0.003205588063504017,1.892909569741934e-05,high_energy
4916,24.587939699000003,24.606906269000003,24.59740086585,0.6230098209134679,0.0032055880648718116,1.8929095791339634e-05,high_energy
4917,24.592895379,24.611908356,24.6023978805,0.6221662451067288,0.0032055880641586043,1.8929095732890966e-05,high_energy
4918,24.597889171,24.616947363,24.607401193050002,0.6213226692972202,0.0032055880536807635,1.892909602100816e-05,high_energy
4919,24.602889354,24.621884097,24.61239617735,0.6204790934936035,0.0032055880556463023,1.8929095810520733e-05,high_energy
4920,24.60790653,24.626874963,24.6173965674,0.6196355176890597,0.0032055880578436557,1.8929095702875835e-05,high_energy
4921,24.612882979,24.631884725000003,24.622395801800003,0.6187919418841021,0.003205588058537323,1.892909564375914e-05,high_energy
4922,24.617883673,24.636887814,24.627390796199997,0.6179483660827199,0.0032055880697843264,1.8929095802603644e-05,high_energy
4923,24.622878958,24.641878049,24.632390131250002,0.6171047902758314,0.0032055880649908275,1.8929095751223964e-05,high_energy
4924,24.627901073,24.646904532,24.637389784300005,0.6162612144674288,0.00320558805122495,1.8929095946768947e-05,high_energy
4925,24.632892009000003,24.651878836,24.64238759085,0.6154176386631838,0.0032055880577983586,1.8929095791311977e-05,high_energy
4926,24.637880601000003,24.65688407,24.64739172585,0.6145740628584432,0.0032055880575994067,1.892909571790627e-05,high_energy
4927,24.642882357,24.661876639000003,24.652391763700003,0.6137304870534809,0.00320558850311059,1.8929095682057703e-05,high_energy
4928,24.64788761,24.666893995,24.65739028175,0.6128869112510577,0.003205588066775178,1.8929095758721517e-05,high_energy
4929,24.652876022,24.671888107,24.662389323800006,0.6120433354666501,0.0032055876192229604,1.8929094312853637e-05,high_energy
4930,24.657889070000003,24.676880366,24.667383750049996,0.611199759636239,0.0032055880511032697,1.8929095910100596e-05,high_energy
4931,24.662883643,24.68188596,24.6723852031,0.6103561838321545,0.003205588056574449,1.8929095752655724e-05,high_energy
4932,24.667880330000003,24.686886244,24.67738591725,0.6095126080273708,0.003205588055385178,1.892909565459548e-05,high_energy
4933,24.672884701,24.691884724,24.68238628025,0.6086690322005918,0.003205587466045934,1.8929094054758083e-05,high_energy
4934,24.677885216,24.696884317,24.687390318749998,0.6078254564202801,0.003205588063559084,1.8929095763708796e-05,high_energy
4935,24.682901149000003,24.70188985,24.69238867035,0.6069818806077003,0.003205588623124811,1.8929096273598066e-05,high_energy
4936,24.687889621,24.706879364,24.697385757649997,0.6061383048061184,0.0032055880564048067,1.8929095867558976e-05,high_energy
4937,24.692949658,24.711878776,24.70238899705,0.6052947290014579,0.003205588058417419,1.8929095746272863e-05,high_energy
4938,24.697876172,24.716934915000003,24.707391432900003,0.6044511531965113,0.0032055880560664107,1.8929095691070076e-05,high_energy
4939,24.702873921,24.721884954,24.712392588900006,0.6036075773976745,0.003205588113419644,1.8929095949147893e-05,high_energy
4940,24.707891638000003,24.726887663000003,24.717394417600005,0.6027640015882402,0.003205588064589371,1.892909575208305e-05,high_energy
4941,24.71294926,24.731877036,24.722389961950004,0.6019204257783329,0.0032055879893349015,1.8929096069412734e-05,high_energy
4942,24.717881866000003,24.736881357,24.727385005350005,0.6010768499748487,0.003205588054898456,1.892909582583921e-05,high_energy
4943,24.722870958,24.741922098,24.7323883655,0.6002332741704702,0.0032055880576544737,1.892909570452612e-05,high_energy
4944,24.727888765000003,24.746886544,24.7373897144,0.599389698365633,0.0032055880585977192,1.8929095662073702e-05,high_energy
4945,24.732893457000003,24.751876769000003,24.74239258715,0.598546122564607,0.0032055880674342063,1.892909580533075e-05,high_energy
4946,24.737932685,24.756888724000003,24.7473961181,0.5977025467574242,0.0032055880679591198,1.8929095756107848e-05,high_energy
4947,24.742886421,24.761885321,24.752392172950003,0.5968589709488137,0.00320558804751947,1.8929095968356818e-05,high_energy
4948,24.747882677,24.766890625,24.757390161349996,0.5960153951449104,0.003205588056073516,1.892909580257269e-05,high_energy
4949,24.752884844,24.771885127,24.7623880171,0.5951718193401639,0.0032055880596733033,1.8929095724924448e-05,high_energy
4950,24.757885279,24.776890421,24.76738290525,0.5943282435352988,0.0032055880603811815,1.8929095701284545e-05,high_energy
4951,24.762878699,24.781882519,24.77238215205,0.5934846677327515,0.003205588065490872,1.8929095782754776e-05,high_energy
4952,24.767877551,24.786883384000003,24.777384917600003,0.5926410919261911,0.0032055880617898325,1.8929095729124956e-05,high_energy
4953,24.772873696,24.791891593000003,24.782385599149997,0.591797516118017,0.003205588053315722,1.892909592468734e-05,high_energy
4954,24.777875012000003,24.796902647000003,24.787390056900005,0.5909539403139694,0.003205588056540698,1.8929095774238327e-05,high_energy
4955,24.782898300000003,24.801878024,24.792391401299998,0.5901103645092481,0.0032055880579129337,1.8929095711416614e-05,high_energy
4956,24.787877253,24.806881003,24.79739309485,0.5892667887042178,0.003205588499962886,1.8929095679920565e-05,high_energy
4957,24.792899248,24.811887308000003,24.80239310215,0.5884232129016758,0.0032055880676553627,1.892909576649629e-05,high_energy
4958,24.797892819,24.816877823,24.807388306900002,0.5875796371172894,0.0032055876226495528,1.892909431133116e-05,high_energy
4959,24.802906909,24.821897083000003,24.81238917685,0.5867360612877585,0.0032055880517782853,1.892909588267171e-05,high_energy
4960,24.807875643000003,24.826873742,24.817384960050003,0.5858924854833724,0.0032055880599877185,1.892909577139312e-05,high_energy
4961,24.812886016,24.831880779,24.82238420195,0.585048909678427,0.003205588059617348,1.8929095714633557e-05,high_energy
4962,24.817891881,24.836876434,24.82738445175,0.5842053338513159,0.0032055874964189712,1.892909412736192e-05,high_energy
4963,24.822892224,24.841875545,24.83238357335,0.5833617580703337,0.0032055880636807643,1.8929095740870135e-05,high_energy
4964,24.827903028,24.846884876,24.8373881388,0.5825181822573178,0.0032055886385453647,1.892909630687718e-05,high_energy
4965,24.832873325,24.851891101000003,24.84239094085,0.5816746064569558,0.0032055880551054017,1.8929095848373507e-05,high_energy
4966,24.837890742000003,24.856894030000003,24.8473976127,0.580831030652525,0.0032055880584112018,1.8929095752761946e-05,high_energy
4967,24.842881587,24.861878023000003,24.85239649335,0.579987454847428,0.0032055880574555218,1.8929095692083673e-05,high_energy
4968,24.847875960000003,24.866892474,24.8573926945,0.5791438790492677,0.003205588128636805,1.8929096013952863e-05,high_energy
4969,24.852887465,24.871889612,24.8623926367,0.5783003032389173,0.0032055880646764123,1.892909575158405e-05,high_energy
4970,24.857882078000003,24.876884896,24.867387213749996,0.5774567274292157,0.003205587999477011,1.8929096060333947e-05,high_energy
4971,24.862883975000003,24.881891712,24.872388327150002,0.576613151625625,0.0032055880544161752,1.8929095823939994e-05,high_energy
4972,24.86789545,24.886886846000003,24.8773884882,0.5757695758213164,0.0032055880596901787,1.8929095711550127e-05,high_energy
4973,24.872885324,24.891890627,24.88238702975,0.5749260000166185,0.003205588058900588,1.892909566206004e-05,high_energy
4974,24.877890497000003,24.896881974000003,24.88738698695,0.5740824242154676,0.0032055880634267453,1.8929095795840056e-05,high_energy
4975,24.882883738,24.901906223,24.8923878985,0.5732388484084143,0.003205588061990561,1.892909575489242e-05,high_energy
4976,24.887890103,24.906880878000003,24.89738758425,0.5723952725996266,0.003205588050552599,1.8929095983557685e-05,high_energy
4977,24.892877022,24.911890770000003,24.9023876296,0.5715516967955472,0.0032055880579813234,1.8929095803782592e-05,high_energy
4978,24.897885461,24.916878811,24.907387748100003,0.5707081209907022,0.0032055880575425633,1.8929095717744743e-05,high_energy
4979,24.902887438,24.921877873000003,24.91238664835,0.569864545185781,0.003205588059208786,1.892909568663291e-05,high_energy
4980,24.907901468,24.92686953,24.9173874176,0.5690209693834649,0.003205588067292986,1.8929095781376612e-05,high_energy
4981,24.912884098000003,24.931879993000003,24.922385967150003,0.5681773935769261,0.0032055880618786503,1.8929095726445357e-05,high_energy
4982,24.917907225,24.936886068000003,24.927386944850003,0.5673338177683902,0.003205588051239161,1.8929095944021324e-05,high_energy
4983,24.922882221,24.941876644,24.9323853061,0.5664902419645571,0.0032055880558718997,1.892909577130023e-05,high_energy
4984,24.927883357,24.946875324,24.937384276950002,0.5656466661599675,0.0032055880584742624,1.892909569088473e-05,high_energy
4985,24.932875085000003,24.951874837,24.942384932050008,0.5648030903548831,0.003205588496359546,1.8929095656204083e-05,high_energy
4986,24.937879226000003,24.956912501,24.94738986615,0.5639595145525241,0.003205588068722953,1.8929095788827412e-05,high_energy
4987,24.942889508,24.961896194,24.95239092085,0.5631159387678124,0.0032055876237579994,1.8929094330775587e-05,high_energy
4988,24.947876527,24.966889675,24.95739321305,0.5622723629381452,0.0032055880505410528,1.892909587700459e-05,high_energy
4989,24.9528761,24.971889878,24.9623979909,0.5614287871338022,0.0032055880579520135,1.8929095757310018e-05,high_energy
4990,24.957878818,24.976887157,24.9673928831,0.5605852113290679,0.0032055880599992648,1.8929095706468146e-05,high_energy
4991,24.962880034,24.981922436,24.972397508649998,0.5597416355020987,0.003205587481369676,1.8929094123896825e-05,high_energy
4992,24.967949609,24.986883957,24.977396392850004,0.5588980597211066,0.003205588063869058,1.8929095741726373e-05,high_energy
4993,24.972877756000003,24.991898558000003,24.982394155399998,0.558054483908027,0.0032055886359572128,1.89290963099819e-05,high_energy
4994,24.977892307,24.996897800000003,24.98739565155,0.5572109081072383,0.0032055880569803463,1.8929095866262792e-05,high_energy
4995,24.982889625,25.001889928,24.99239445055,0.5563673323029084,0.0032055880591475017,1.8929095748169214e-05,high_energy
4996,24.987882836,25.006880173000003,24.997394407700003,0.555523756497845,0.0032055880584387353,1.8929095671017723e-05,high_energy
4997,24.992893439000003,25.011955268,25.002396699350005,0.5546801806999397,0.0032055881258559182,1.8929095978253094e-05,high_energy
4998,24.997894434000003,25.016877986,25.007395024950004,0.5538366048900077,0.0032055880673205195,1.8929095756844207e-05,high_energy
4999,25.002886282,25.021884080000003,25.01239428335,0.5529930290807007,0.003205587987276104,1.892909603480864e-05,high_energy
5000,25.007919538000003,25.026895686000003,25.017392864950004,0.5521494532771773,0.003205588057243247,1.8929095819949212e-05,high_energy
5001,25.012900896,25.031889758,25.022391568249997,0.5513058774725319,0.003205588055853248,1.8929095721996262e-05,high_energy
5002,25.017895469000003,25.036916321000003,25.02739230345,0.5504623016675338,0.003205588060477993,1.892909570190913e-05,high_energy
5003,25.022882147,25.041878733,25.03239034605,0.5496187258656787,0.003205588070732013,1.892909581165873e-05,high_energy
5004,25.027886819000003,25.046887092,25.03739061785,0.5487751500586235,0.003205588062050957,1.892909573146725e-05,high_energy
5005,25.032878948,25.05189448,25.04238846565,0.5479315742497736,0.0032055880541346227,1.8929095973743738e-05,high_energy
5006,25.037884231000003,25.056910523000003,25.04739359415,0.5470879984461854,0.0032055880564092476,1.892909579866462e-05,high_energy
5007,25.042881920000003,25.061900828,25.0523942417,0.5462444226415186,0.0032055880574786144,1.8929095728542702e-05,high_energy
5008,25.047889528,25.066898598,25.057394614250004,0.5454008468366083,0.0032055880582859686,1.892909568329395e-05,high_energy
5009,25.05288357,25.071884224,25.0623947578,0.5445572710345611,0.003205588069667087,1.8929095783256172e-05,high_energy
5010,25.057889564,25.076912460000003,25.06739162565,0.5437136952277565,0.0032055880638006684,1.892909572796033e-05,high_energy
5011,25.062890349,25.081897315000003,25.072393020150002,0.5428701194196816,0.003205588053937447,1.8929095926237227e-05,high_energy
5012,25.067888890000003,25.086883522,25.07739507635,0.542026543615507,0.003205588054668418,1.8929095775549656e-05,high_energy
5013,25.072915554,25.091906108,25.082396084499997,0.5411829678106421,0.003205588057242359,1.892909571092136e-05,high_energy
5014,25.077918172,25.096885753,25.0873939888,0.5403393920056387,0.003205588493014666,1.892909568260526e-05,high_energy
5015,25.082903868,25.101888872,25.09239229235,0.5394958162030739,0.0032055880682362314,1.8929095764984014e-05,high_energy
5016,25.087899233,25.106883806000003,25.097391478149998,0.5386522404183184,0.0032055876277601314,1.892909433087988e-05,high_energy
5017,25.092884778,25.111901883,25.102394334800003,0.5378086645890563,0.0032055880515393653,1.8929095882387446e-05,high_energy
5018,25.097887407,25.116889513,25.107395026400003,0.5369650887847206,0.003205588057700659,1.892909576828375e-05,high_energy
5019,25.102890666,25.121914243000003,25.1123980319,0.536121512979846,0.0032055880552199767,1.892909569848056e-05,high_energy
5020,25.107882664,25.126882817,25.117398759000004,0.5352779371529708,0.00320558749955957,1.8929094144545117e-05,high_energy
5021,25.112882217000003,25.131882269,25.12239420625,0.5344343613715641,0.0032055880634276335,1.892909575161237e-05,high_energy
5022,25.117914431000003,25.136900047,25.127397599,0.5335907855577614,0.0032055886502186937,1.892909635938149e-05,high_energy
5023,25.122905478,25.141885963,25.1323942895,0.5327472097577411,0.003205588051105046,1.8929095843693877e-05,high_energy
5024,25.127890793,25.146876228,25.13739244185,0.5319036339537206,0.0032055880557377847,1.8929095725443103e-05,high_energy
5025,25.132910894,25.151903383,25.142392547950003,0.5310600581489986,0.0032055880607693155,1.8929095665488004e-05,high_energy
5026,25.13789607,25.156886474,25.147391213699997,0.5302164823516705,0.003205588143805116,1.8929096041409574e-05,high_energy
5027,25.142888208,25.161880967,25.1523916279,0.529372906540739,0.0032055880690977645,1.8929095775376204e-05,high_energy
5028,25.147883583,25.166882122,25.1573917479,0.5285293307314628,0.0032055879977930246,1.8929096034451382e-05,high_energy
5029,25.152885960000003,25.171889309,25.162392569100003,0.5276857549275543,0.0032055880544135107,1.892909581792383e-05,high_energy
5030,25.157908046000003,25.176885345,25.1673904008,0.5268421791229733,0.0032055880576828955,1.8929095727151352e-05,high_energy
5031,25.162894463,25.181884407,25.172391078799997,0.52599860331825,0.003205588060538389,1.8929095701258764e-05,high_energy
5032,25.167911889000003,25.186895281,25.1773918095,0.5251550275162389,0.0032055880706867157,1.892909579455105e-05,high_energy
5033,25.17290012,25.191899381,25.182392544749998,0.5243114517094926,0.0032055880626451483,1.8929095730115757e-05,high_energy
5034,25.177884003000003,25.196908352,25.18739452485,0.5234678759008533,0.0032055880510615253,1.8929095962979643e-05,high_energy
5035,25.182885399,25.201903185000003,25.1923963526,0.5226243000969185,0.0032055880568115924,1.8929095792636506e-05,high_energy
5036,25.187885703000003,25.20689343,25.19739740145,0.5217807242922188,0.003205588059268294,1.8929095721787824e-05,high_energy
5037,25.192893802,25.211899154,25.2023979984,0.5209371484871881,0.0032055880550743154,1.8929095674362355e-05,high_energy
5038,25.197900147,25.216937400000003,25.207400314050002,0.5200935726849456,0.0032055880647670065,1.8929095773297643e-05,high_energy
5039,25.202892406,25.221893921000003,25.2124000614,0.5192499968782903,0.003205588063584841,1.892909572793965e-05,high_energy
5040,25.207908339000003,25.22688121,25.2173970519,0.5184064210702586,0.0032055880499415323,1.8929095922816596e-05,high_energy
5041,25.21290735,25.231881865,25.22239443025,0.5175628452661418,0.003205588052786368,1.8929095772774878e-05,high_energy
5042,25.217902334,25.236881988,25.2273882348,0.516719269461344,0.0032055880572805506,1.8929095711479376e-05,high_energy
5043,25.222880917,25.24189193,25.2323859678,0.5158756936563336,0.003205588491609568,1.8929095690507985e-05,high_energy
5044,25.227885579,25.246876174,25.2373844854,0.5150321178536375,0.0032055880692976046,1.8929095773028517e-05,high_energy
5045,25.232882216,25.251893911,25.242384186650007,0.5141885420687214,0.003205587630415785,1.8929094344431337e-05,high_energy
5046,25.237888752,25.256882512,25.24738869355,0.5133449662397696,0.003205588052617614,1.8929095866077278e-05,high_energy
5047,25.242875961000003,25.261893366,25.252387547650002,0.5125013904354944,0.0032055880585142305,1.8929095755761916e-05,high_energy
5048,25.247880413,25.266881667,25.25739015385,0.5116578146305959,0.0032055880580177387,1.8929095701653482e-05,high_energy
5049,25.252883452000003,25.271881841000003,25.262390617500003,0.510814238803906,0.003205587489368611,1.8929094164309194e-05,high_energy
5050,25.257880379000003,25.276892715,25.267386116249998,0.5099706630222327,0.0032055880657981817,1.8929095754859755e-05,high_energy
5051,25.2628895,25.281890965,25.2723870659,0.5091270872097722,0.003205588620735611,1.892909627351923e-05,high_energy
5052,25.267887098000003,25.28688677,25.2773887834,0.5082835114090746,0.003205588054774111,1.8929095840207896e-05,high_energy
5053,25.272885078,25.29189039,25.282388359400006,0.5074399356047561,0.003205588059378428,1.8929095752379805e-05,high_energy
5054,25.277880673,25.296892488,25.2873892494,0.5065963597997685,0.0032055880589929586,1.8929095706454183e-05,high_energy
5055,25.282891617,25.301888824,25.2923908422,0.5057527840010279,0.003205588127761061,1.8929095991524487e-05,high_energy
5056,25.287881301,25.306878027000003,25.297387849899998,0.5049092081911761,0.003205588065007703,1.892909574190275e-05,high_energy
5057,25.292885742000003,25.311878531,25.302388266999998,0.5040656323816903,0.0032055879740617854,1.8929096031258278e-05,high_energy
5058,25.297908399,25.316873094,25.30738760105,0.5032220565779438,0.003205588054988162,1.8929095818027708e-05,high_energy
5059,25.302883354,25.321881694,25.3123857158,0.5023784807734781,0.0032055880574848317,1.8929095720593982e-05,high_energy
5060,25.307883298,25.326879984,25.317385047800006,0.5015349049686258,0.003205588056956421,1.8929095656200827e-05,high_energy
5061,25.312877550000003,25.331896979000003,25.322383707050005,0.5006913291671716,0.003205588063509346,1.892909578385055e-05,high_energy
5062,25.317894486,25.336880161,25.327383794000003,0.49984775336022313,0.0032055880668649395,1.892909574927217e-05,high_energy
5063,25.322878839,25.341901925,25.332387735250002,0.4990041775519784,0.003205588048929897,1.8929095957881504e-05,high_energy
5064,25.327880976000003,25.346892701,25.337393070650002,0.49816060174775184,0.003205588057469788,1.89290957944649e-05,high_energy
5065,25.332889466,25.351887074,25.34239444555,0.49731702594299587,0.0032055880590178276,1.8929095720606207e-05,high_energy
5066,25.337885572,25.356881266,25.34739778315,0.4964734501381658,0.003205588059753184,1.8929095698433588e-05,high_energy
5067,25.342903269,25.36188166,25.352393221299998,0.4956298743355124,0.0032055880602630538,1.892909576642322e-05,high_energy
5068,25.347877002,25.366902773000003,25.3573900095,0.49478629852904643,0.0032055880638051093,1.8929095729430135e-05,high_energy
5069,25.352888427,25.371881507,25.362388750950004,0.4939427227209773,0.0032055880534214154,1.8929095920292266e-05,high_energy
5070,25.357883281000003,25.376879185,25.36738442955,0.49309914691694834,0.0032055880571197903,1.8929095772743294e-05,high_energy
5071,25.362882743,25.381914155,25.372386675650002,0.4922555711121099,0.0032055880591742025,1.8929095709327922e-05,high_energy
5072,25.367887796,25.386895593,25.37738689185,0.4914119953071568,0.003205588486896005,1.892909567854173e-05,high_energy
5073,25.372880686,25.391891579000003,25.38238767765,0.4905684195044618,0.00320558806789345,1.8929095771747782e-05,high_energy
5074,25.377878715,25.396913664000003,25.387390255400003,0.4897248437193973,0.0032055876333751954,1.892909435311543e-05,high_energy
5075,25.382882786000003,25.401893208,25.39239201095,0.48888126789017383,0.0032055880505756362,1.8929095886321623e-05,high_energy
5076,25.387889953,25.406909683,25.39739319305,0.4880376920859265,0.0032055880562946726,1.892909574962988e-05,high_energy
5077,25.392885789,25.411881082,25.402392623749996,0.4871941162813587,0.0032055880584387353,1.892909567453189e-05,high_energy
5078,25.397908194000003,25.416888369,25.407392072,0.48635054045486886,0.003205587489043482,1.8929094140710833e-05,high_energy
5079,25.402891436,25.421882592000003,25.41238820955,0.4855069646734247,0.003205588065735121,1.8929095765547847e-05,high_energy
5080,25.40788142,25.426875481000003,25.41738484445,0.4846633888599139,0.003205588634306089,1.8929096343992227e-05,high_energy
5081,25.412884139000003,25.43188344,25.4223856052,0.48381981305934685,0.003205588055985531,1.8929095848067098e-05,high_energy
5082,25.417896085,25.436886549,25.4273861931,0.482976237255211,0.0032055880555432736,1.8929095724159862e-05,high_energy
5083,25.422885097,25.44188557,25.4323874593,0.4821326614504485,0.003205588061247211,1.892909566708439e-05,high_energy
5084,25.427884549,25.446883510000003,25.437389438350003,0.4812890856527166,0.0032055881339116965,1.892909601612215e-05,high_energy
5085,25.432897928000003,25.451883673,25.44238925925,0.48044550984212825,0.00320558806879756,1.892909577503349e-05,high_energy
5086,25.437884947,25.456898795,25.44739203675,0.47960193403289636,0.0032055879771331064,1.8929096021504405e-05,high_energy
5087,25.442891753,25.461895011000003,25.452391849650006,0.47875835822892043,0.003205588060097797,1.892909581387141e-05,high_energy
5088,25.447884021,25.466903451,25.457391887,0.4779147824243471,0.0032055880585755148,1.8929095717687477e-05,high_energy
5089,25.452895016000003,25.471883296,25.46239264925,0.4770712066196595,0.0032055880584493934,1.8929095689461788e-05,high_energy
5090,25.457886723,25.476887778,25.4673892467,0.476227630817625,0.0032055880672894888,1.8929095791590813e-05,high_energy
5091,25.462882308,25.481890025,25.472389485399997,0.4753840550109034,0.003205588065055609,1.8929095739942427e-05,high_energy
5092,25.467889585,25.486885761,25.47739085985,0.47454047920176745,0.003205588059582709,1.8929095997010804e-05,high_energy
5093,25.472886723,25.491895262,25.482390114300003,0.4736969033981791,0.0032055880561108197,1.8929095792594693e-05,high_energy
5094,25.477888219,25.496875548,25.487390314000002,0.47285332759378507,0.0032055880583116703,1.892909569742652e-05,high_energy
5095,25.48289756,25.501883446,25.4923890615,0.4720097517889775,0.0032055880576891127,1.8929095654623268e-05,high_energy
5096,25.487882906000003,25.506874873,25.4973867374,0.4711661759870842,0.0032055880716592156,1.8929095808948463e-05,high_energy
5097,25.492915992,25.51187664,25.50238544575,0.4703226001800581,0.0032055880635128986,1.892909575470141e-05,high_energy
5098,25.497881359,25.516892363,25.50738373375,0.4694790243718459,0.0032055880563444106,1.8929095920211875e-05,high_energy
5099,25.502896902,25.521886104,25.5123838923,0.46863544856759554,0.0032055880565656225,1.8929095762822878e-05,high_energy
5100,25.507874854,25.526894884,25.517383888550004,0.467791872762901,0.0032055880583214957,1.892909570802452e-05,high_energy
5101,25.512883353000003,25.531902933,25.522385053550003,0.46694829695795403,0.0032055884847217997,1.8929095687817144e-05,high_energy
5102,25.517880571000003,25.536890492,25.5273850864,0.46610472115519724,0.0032055880689955685,1.8929095766985418e-05,high_energy
5103,25.522891595,25.541898251000003,25.5323857465,0.4652611453699217,0.0032055876367919622,1.8929094361674834e-05,high_energy
5104,25.527878023000003,25.546876513,25.5373860374,0.46441756954141555,0.0032055880505028056,1.892909586268472e-05,high_energy
5105,25.532895109,25.551872278,25.542386457000003,0.46357399373707686,0.003205588057720199,1.892909575620582e-05,high_energy
5106,25.537874743000003,25.556900094000003,25.547390536050003,0.46273041793209757,0.0032055880575274642,1.892909570372791e-05,high_energy
5107,25.542886499,25.561873527000003,25.5523886217,0.4618868421059005,0.003205587501309226,1.892909418623917e-05,high_energy
5108,25.547883116,25.566894219,25.557388426150006,0.4610432663236592,0.0032055880658266034,1.8929095755155115e-05,high_energy
5109,25.552872088,25.571893361,25.56238813545,0.4601996905109993,0.0032055886186057037,1.892909628525977e-05,high_energy
5110,25.557875027,25.576882324000003,25.56738456,0.4593561147106223,0.003205588054778552,1.8929095834372015e-05,high_energy
5111,25.562901561,25.581881736000003,25.57238539345,0.4585125389061684,0.0032055880568790385,1.892909574008368e-05,high_energy
5112,25.567884522,25.586884204,25.577385433800004,0.4576689631013073,0.003205588059609299,1.892909570575994e-05,high_energy
5113,25.572881489,25.5918804,25.5823864144,0.4568253873029603,0.0032055881337252345,1.892909600145018e-05,high_energy
5114,25.577886242,25.596890562,25.58738571685,0.45598181149261546,0.003205588065147147,1.8929095748448478e-05,high_energy
5115,25.582892046,25.601893682,25.59238915615,0.45513823568347195,0.0032055879684538824,1.8929096015407936e-05,high_energy
5116,25.58788741,25.606895508,25.597391069049998,0.4542946598796891,0.0032055880548994,1.892909581494908e-05,high_energy
5117,25.592884498,25.611883018,25.60239072425,0.4534510840752663,0.003205588057549613,1.892909570074375e-05,high_energy
5118,25.597890082000003,25.616883652,25.607391929800002,0.4526075082706453,0.0032055880593925834,1.8929095661905394e-05,high_energy
5119,25.602899002,25.621893635000003,25.6123900095,0.4517639324687268,0.003205588064544962,1.892909579202437e-05,high_energy
5120,25.607900017,25.626888488,25.61738866225,0.45092035666199237,0.003205588061896414,1.892909575344576e-05,high_energy
5121,25.612881095,25.631887269,25.62238986525,0.45007678085345865,0.0032055880505454937,1.892909595112069e-05,high_energy
5122,25.617882060000003,25.636893945,25.6273897283,0.4492332050491708,0.003205588056893305,1.8929095783378744e-05,high_energy
5123,25.622894958,25.641882877,25.632390691299996,0.4483896292445288,0.003205588057884512,1.8929095717297008e-05,high_energy
5124,25.627881576,25.646878803,25.637389501799998,0.4475460534395198,0.0032055880556356997,1.892909568857735e-05,high_energy
5125,25.632887821,25.651885549000003,25.642386714800004,0.4467024776369598,0.003205588059634279,1.892909576398125e-05,high_energy
5126,25.637906369000003,25.656884190000003,25.647391376,0.44585890183043553,0.003205588065036069,1.8929095732749708e-05,high_energy
5127,25.642877588,25.661886227,25.6523906144,0.4450153260224502,0.003205588054801589,1.892909591619115e-05,high_energy
5128,25.647877762,25.666891029,25.657391587550002,0.44417175021845623,0.003205588057088704,1.892909576926968e-05,high_energy
5129,25.652879699000003,25.671880102000003,25.662393219000002,0.4433281744136052,0.0032055880570993067,1.8929095704123647e-05,high_energy
5130,25.657897686,25.676877771,25.667387421799997,0.4424845986087963,0.0032055884815385127,1.8929095677797575e-05,high_energy
5131,25.662877411,25.681879838,25.6723851954,0.4416410228060223,0.003205588069067622,1.8929095771156103e-05,high_energy
5132,25.667879668,25.686895250000003,25.677387693999997,0.4407974470205458,0.003205587639619978,1.8929094375570714e-05,high_energy
5133,25.672885593,25.691897468,25.6823876031,0.43995387119209833,0.003205588051184094,1.892909586925183e-05,high_energy
5134,25.677878212000003,25.696893975,25.68739137755,0.43911029538766533,0.003205588056220121,1.8929095749095475e-05,high_energy
5135,25.682878967,25.701888448,25.69239537395,0.43826671958291596,0.0032055880554508476,1.8929095693061495e-05,high_energy
5136,25.687879011000003,25.706906044,25.69739353375,0.43742314375685465,0.003205587502717988,1.8929094186561526e-05,high_energy
5137,25.69290863,25.711892642,25.702392834300003,0.4365795679745329,0.003205588063885101,1.892909575425913e-05,high_energy
5138,25.697894266,25.716888878,25.707389970650002,0.4357359921610245,0.003205588629580036,1.892909633554584e-05,high_energy
5139,25.702896594,25.721889994,25.712387701649998,0.4348924163609376,0.003205588051643282,1.892909583497631e-05,high_energy
5140,25.707877922,25.726914133,25.7173881198,0.43404884055679754,0.0032055880572015027,1.8929095715548105e-05,high_energy
5141,25.712880209,25.731880873,25.722387530950005,0.43320526475199533,0.0032055880579733853,1.8929095675281186e-05,high_energy
5142,25.717888188,25.736882139,25.727387459100004,0.43236168895438415,0.00320558814179156,1.8929096035596374e-05,high_energy
5143,25.722880727000003,25.741895708,25.7323883356,0.4315181131435222,0.003205588070141374,1.8929095771130617e-05,high_energy
5144,25.727887753,25.746883297,25.737387357950002,0.4306745373345769,0.003205587983117597,1.892909599454543e-05,high_energy
5145,25.732881735000003,25.751885104000003,25.7423892112,0.4298309615307632,0.0032055880561641104,1.8929095803943928e-05,high_energy
5146,25.737892309000003,25.756885959,25.747393434050004,0.42898738572613765,0.0032055880585897256,1.892909572344092e-05,high_energy
5147,25.742881391,25.761885742,25.75239283715,0.42814380992139844,0.0032055880600712072,1.892909570650125e-05,high_energy
5148,25.74788427,25.766897838,25.75739387895,0.42730023411905665,0.003205588069580878,1.8929095789007895e-05,high_energy
5149,25.752880176,25.771883344000003,25.762394048149996,0.42645665831221724,0.0032055880622987587,1.89290957375877e-05,high_energy
5150,25.757902441,25.776892745,25.767390309350002,0.42561308250380137,0.003205588055648967,1.8929095949041323e-05,high_energy
5151,25.762900651,25.781889352,25.772390017600003,0.4247695066999223,0.003205588056422626,1.8929095779353125e-05,high_energy
5152,25.767885656,25.78689166,25.777389661250005,0.42392593089520825,0.0032055880573907403,1.892909570945253e-05,high_energy
5153,25.772886040000003,25.791899508,25.7823910757,0.42308235509023245,0.003205588059579101,1.8929095687302636e-05,high_energy
5154,25.777886304000003,25.796916543,25.78739124225,0.4222387792876555,0.003205588065573417,1.8929095788972428e-05,high_energy
5155,25.782890134,25.801894455000003,25.792393764299998,0.42139520348097886,0.0032055880612915644,1.892909573264014e-05,high_energy
5156,25.787888855,25.80689027,25.797396136499998,0.4205516276732696,0.00320558805221971,1.8929095897463555e-05,high_energy
5157,25.79288436,25.811898770000003,25.802394781700002,0.41970805186935267,0.003205588056953701,1.89290957547551e-05,high_energy
5158,25.797910913000003,25.8168867,25.807397372450005,0.41886447606467564,0.003205588058062092,1.8929095711313225e-05,high_energy
5159,25.802904935,25.821880352,25.81239323395,0.4180209002596582,0.0032055884778277033,1.892909570334933e-05,high_energy
5160,25.807899298,25.82687235,25.81738905445,0.4171773244565971,0.0032055880708422024,1.8929095778190576e-05,high_energy
5161,25.812917496,25.831895346000003,25.82238954915,0.4163337486711617,0.00320558764307588,1.8929094374788774e-05,high_energy
5162,25.817883304,25.836884309,25.827386043849998,0.41549017284301526,0.0032055880498376155,1.8929095848723728e-05,high_energy
5163,25.82287917,25.841886857,25.832389306800003,0.41464659703873397,0.0032055880567404826,1.892909574906657e-05,high_energy
5164,25.827889012,25.846901999,25.8373924385,0.41380302123386103,0.00320558805977994,1.89290957116689e-05,high_energy
5165,25.832894806,25.851880862,25.8423897107,0.41295944540772406,0.003205587489388151,1.892909420556119e-05,high_energy
5166,25.837883939,25.856885294,25.847394677900002,0.4121158696251005,0.003205588065495313,1.8929095758342436e-05,high_energy
5167,25.842891186000003,25.861882312,25.852393144349996,0.4112722938122064,0.0032055886156320823,1.8929096296103393e-05,high_energy
5168,25.847876541,25.866896782,25.8573915326,0.41042871801225783,0.0032055880548442772,1.89290958203382e-05,high_energy
5169,25.852885442,25.871883851000003,25.862390613600002,0.4095851422078363,0.003205588058220299,1.8929095732686567e-05,high_energy
5170,25.857883261,25.876889746000003,25.867384978249998,0.408741566403116,0.0032055880559145877,1.8929095697885625e-05,high_energy
5171,25.862882643000003,25.881877516000003,25.872383101550003,0.4078979906047344,0.0032055881409798204,1.8929096035654094e-05,high_energy
5172,25.867878418,25.886884923,25.877381232799998,0.40705441479413745,0.00320558806343918,1.8929095741560894e-05,high_energy
5173,25.872879113000003,25.891879075,25.8823823312,0.4062108389851323,0.003205587973394708,1.892909599936689e-05,high_energy
5174,25.877878996000003,25.896886623,25.88738416595,0.40536726318115707,0.003205588051628183,1.8929095799463825e-05,high_energy
5175,25.882881704000003,25.901894651000003,25.8923862942,0.4045236873768653,0.0032055880592344876,1.892909571644753e-05,high_energy
5176,25.887896976,25.906874887,25.897386130700006,0.40368011157194295,0.00320558805809229,1.8929095673613117e-05,high_energy
5177,25.892889506000003,25.911890981000003,25.902387251700002,0.40283653576994877,0.0032055880585186713,1.8929095782273234e-05,high_energy
5178,25.897883107,25.916892637,25.9073861614,0.4019929599631098,0.0032055880678978355,1.8929095755389862e-05,high_energy
5179,25.902879133000003,25.921877262,25.912383839800004,0.4011493841550342,0.0032055880500604927,1.8929095932616785e-05,high_energy
5180,25.90787569,25.926879549,25.917383726450005,0.400305808350881,0.0032055880570541206,1.89290957794923e-05,high_energy
5181,25.912878608000003,25.931877369,25.922381642850002,0.39946223254618074,0.003205588058884601,1.8929095715700402e-05,high_energy
5182,25.917880515,25.936885257,25.927381988850005,0.3986186567413406,0.0032055880597798847,1.8929095703607668e-05,high_energy
5183,25.922885949,25.941892173000003,25.932383351250003,0.3977750809384468,0.003205588058653619,1.8929095764319625e-05,high_energy
5184,25.927883217,25.946875665,25.937385260150002,0.39693150513188014,0.0032055880617249954,1.892909573299439e-05,high_energy
5185,25.932884072,25.951884175,25.94238669165,0.3960879293240428,0.0032055880545378,1.8929095902945326e-05,high_energy
5186,25.937881891,25.956887775,25.947389222250003,0.39524435352009835,0.0032055880570052153,1.892909575852778e-05,high_energy
5187,25.942896262,25.961887818,25.95238990235,0.39440077771523996,0.0032055880573623186,1.892909569990175e-05,high_energy
5188,25.947880144000003,25.966890757,25.9573901015,0.39355720191037163,0.0032055884789654043,1.8929095690254743e-05,high_energy
5189,25.95288671,25.971890921,25.962390903849997,0.39271362610737487,0.0032055880685897264,1.8929095779876622e-05,high_energy
5190,25.957892835000003,25.976885394,25.9673885132,0.3918700503215834,0.0032055876448051634,1.892909439437517e-05,high_energy
5191,25.962895834,25.981887962,25.97238855155,0.3910264744935539,0.0032055880500729828,1.8929095856651536e-05,high_energy
5192,25.967887552,25.98689072,25.977388380550003,0.39018289868935685,0.0032055880549606286,1.8929095734219717e-05,high_energy
5193,25.972888527,25.991883019000003,25.9823878042,0.3893393228844239,0.003205588057857811,1.892909570126991e-05,high_energy
5194,25.977893830000003,25.996887541000003,25.98738668185,0.38849574705867784,0.0032055875031442582,1.8929094214399772e-05,high_energy
5195,25.982889205000003,26.001896491,25.99238703085,0.38765217127610574,0.0032055880644632495,1.892909574846199e-05,high_energy
5196,25.987885782000003,26.006889531,25.997388620699997,0.38680859546287827,0.0032055886104913056,1.892909629281201e-05,high_energy
5197,25.992892007,26.011886539,26.002388333500004,0.385965019663193,0.0032055880546613125,1.892909582065705e-05,high_energy
5198,25.997877372,26.016884669000003,26.007389881199998,0.3851214438589478,0.003205588057484887,1.892909572453602e-05,high_energy
5199,26.002892895,26.021889962000003,26.012390092449998,0.38427786805410047,0.0032055880565646233,1.892909568891815e-05,high_energy
5200,26.007884322,26.026888442,26.017388192149998,0.3834342922561594,0.003205588145315963,1.8929096039778535e-05,high_energy
5201,26.012898803,26.03188524,26.022389352150004,0.38259071644544823,0.0032055880625642685,1.8929095750084566e-05,high_energy
5202,26.017897744000003,26.036884512,26.0273886161,0.38174714063680093,0.003205587974131896,1.8929095978179625e-05,high_energy
5203,26.022887899,26.041885026000003,26.032389196450005,0.3809035648329369,0.0032055880548753635,1.8929095796914236e-05,high_energy
5204,26.027888363,26.046894908,26.0373893495,0.3800599890283899,0.003205588057493769,1.8929095722886345e-05,high_energy
5205,26.032893796000003,26.051889050000003,26.04238863995,0.3792164132234922,0.003205588059728315,1.8929095702351633e-05,high_energy
5206,26.037882528,26.056890075,26.0473958594,0.3783728374211088,0.0032055880683365956,1.892909578077274e-05,high_energy
5207,26.042888703000003,26.061886722,26.052395187000002,0.37752926161445355,0.0032055880630181832,1.892909573359179e-05,high_energy
5208,26.047885581000003,26.066888709,26.057396216249998,0.37668568580622785,0.0032055880552794846,1.8929095939828345e-05,high_energy
5209,26.052910191,26.071885507,26.062396754050003,0.3758421100021915,0.003205588056241382,1.8929095786264253e-05,high_energy
5210,26.057885898,26.07688012,26.067388305350004,0.37499853419745327,0.0032055880588064967,1.8929095718513212e-05,high_energy
5211,26.062890520000003,26.08188389,26.0723870988,0.37415495839242296,0.0032055880586466245,1.8929095690398193e-05,high_energy
5212,26.06789945,26.086903701,26.0773887307,0.3733113825898073,0.0032055880602950837,1.892909576874227e-05,high_energy
5213,26.072878103,26.091883165,26.082389450850002,0.37246780678328434,0.00320558806177651,1.8929095732550296e-05,high_energy
5214,26.077877365000003,26.096882998,26.08739076165,0.3716242309754842,0.003205588056453601,1.892909590161822e-05,high_energy
5215,26.082887848,26.101914772,26.092392881000002,0.37078065517157044,0.0032055880576198903,1.8929095758950355e-05,high_energy
5216,26.08788711,26.106884237000003,26.0973898937,0.36993707936671805,0.003205588057779707,1.8929095705134547e-05,high_energy
5217,26.092891943,26.111883078,26.102387419900005,0.3690935035616901,0.0032055884806609924,1.8929095697352824e-05,high_energy
5218,26.097886636,26.116900465,26.10738712565,0.3682499277587829,0.0032055880697826056,1.8929095776951238e-05,high_energy
5219,26.102894815000003,26.121878406,26.11238530155,0.36740635197310423,0.003205587643685115,1.89290943841237e-05,high_energy
5220,26.107881673,26.126890783,26.1173850674,0.3665627761448945,0.0032055880474218257,1.89290958623861e-05,high_energy
5221,26.112883119000003,26.131886318000003,26.12238475115,0.3657192003406905,0.0032055880574883844,1.8929095753177595e-05,high_energy
5222,26.117904463,26.136889988,26.127385735349996,0.3648756245357659,0.0032055880594122343,1.892909570440419e-05,high_energy
5223,26.122888105,26.141882888,26.132385229700002,0.36403204870994843,0.0032055874979359245,1.892909420148568e-05,high_energy
5224,26.12787801,26.14688237,26.1373872869,0.36318847292736495,0.003205588067292986,1.8929095760325455e-05,high_energy
5225,26.132889174,26.151890729,26.14239162285,0.3623448971140993,0.003205588620126265,1.892909631846712e-05,high_energy
5226,26.137887604000003,26.15688935,26.14739576345,0.3615013213143453,0.0032055880565335926,1.8929095828245768e-05,high_energy
5227,26.142904790000003,26.161885176,26.152399202749997,0.36065774550988755,0.0032055880565469153,1.892909572742386e-05,high_energy
5228,26.147882561000003,26.166884978,26.157398596900002,0.35981416970509644,0.0032055880592185004,1.8929095701624415e-05,high_energy
5229,26.152887123000003,26.171893658,26.162395985750003,0.3589705939072345,0.0032055881488801674,1.8929096049622457e-05,high_energy
5230,26.157895252000003,26.176884394,26.167390671,0.3581270180963676,0.003205588064081333,1.8929095746587722e-05,high_energy
5231,26.162883854,26.181884027,26.1723875529,0.35728344228769127,0.0032055879553132827,1.8929095970891388e-05,high_energy
5232,26.167887494,26.186900621000003,26.177388570149997,0.3564398664838672,0.0032055880553087945,1.89290957923756e-05,high_energy
5233,26.172887006000003,26.191901216,26.18238933495,0.355596290679209,0.003205588058666109,1.8929095717762073e-05,high_energy
5234,26.177884575,26.196905758000003,26.187389851250003,0.3547527148741926,0.0032055880586855934,1.8929095697189367e-05,high_energy
5235,26.182910768000003,26.201888108,26.192391117950002,0.3539091390717716,0.0032055880634418443,1.8929095786652015e-05,high_energy
5236,26.18788351,26.206895375,26.1973902466,0.35306556326512994,0.003205588062749898,1.892909573032853e-05,high_energy
5237,26.192884505,26.211879167000003,26.202387966599996,0.35222198745674255,0.0032055880619648036,1.892909594734339e-05,high_energy
5238,26.197888536,26.216896704000003,26.207389082,0.35137841165303874,0.0032055880598136355,1.8929095783235816e-05,high_energy
5239,26.202885353000003,26.221881488,26.212388353450002,0.3505348358484169,0.003205588059014275,1.8929095721549883e-05,high_energy
5240,26.20788735,26.226888956000003,26.217387895900004,0.34969126004335727,0.0032055880600144193,1.8929095695017358e-05,high_energy
5241,26.212889417000003,26.231896193,26.222390549249997,0.34884768424086177,0.0032055880689120797,1.8929095794299052e-05,high_energy
5242,26.217891274000003,26.236881037000003,26.227389270649997,0.34800410843400365,0.0032055880645254775,1.8929095741981415e-05,high_energy
5243,26.222902118,26.241932889,26.232394432200003,0.34716053262578783,0.003205588054743913,1.8929095917663428e-05,high_energy
5244,26.227892704,26.246894419,26.237393843899998,0.3463169568220982,0.0032055880562937844,1.8929095744235048e-05,high_energy
5245,26.232881305000003,26.25187708,26.2423929244,0.3454733810174907,0.0032055880587353314,1.8929095679273475e-05,high_energy
5246,26.237915573,26.256880780000003,26.2473957536,0.34462980521279685,0.0032055884737686724,1.892909566109344e-05,high_energy
5247,26.242883065,26.261903046,26.2523920274,0.3437862294100008,0.003205588071590937,1.8929095801717384e-05,high_energy
5248,26.247896975000003,26.266891677,26.257390373600003,0.3429426536239512,0.0032055876481615897,1.892909441288807e-05,high_energy
5249,26.252890706,26.271878997,26.262389580400004,0.34209907779583004,0.0032055880493179756,1.8929095865059686e-05,high_energy
5250,26.257908293000003,26.277890272,26.2674372478,0.3412555019913834,0.0032055880575469486,1.8929095738377652e-05,high_energy
5251,26.262880544,26.282896567,26.27268520545,0.34036974739638287,0.003374303220356367,2.1170699145618412e-05,high_energy
5252,26.267888101,26.287890609,26.27793700835,0.3394839927804883,0.003374302661935502,2.1917898726377295e-05,high_energy
5253,26.272900598000003,26.292887908,26.283187846449998,0.3385982382074658,0.003374303225337272,2.1170699197018885e-05,high_energy
5254,26.278883941,26.297883723,26.2883869798,0.33771248360857575,0.003205587953229616,1.892909596247967e-05,high_energy
5255,26.28388688,26.302879588000003,26.293387400350003,0.3368689078046557,0.0032055880557990135,1.8929095795994504e-05,high_energy
5256,26.288882344,26.307880303,26.298386255000004,0.3360253319999277,0.00320558805860216,1.8929095719786438e-05,high_energy
5257,26.293886505000003,26.312891748,26.303385534,0.3351817561949324,0.003205588058635911,1.8929095702860988e-05,high_energy
5258,26.298885747,26.317892833,26.308386707000004,0.3343381803922879,0.0032055880645102675,1.8929095783876762e-05,high_energy
5259,26.303894197,26.322876105,26.313385324149998,0.3334946045856624,0.0032055880626079003,1.8929095735068146e-05,high_energy
5260,26.308879743,26.327884284000003,26.318387896800004,0.332651028777955,0.0032055880492868893,1.892909589808968e-05,high_energy
5261,26.313890176,26.332898724000003,26.3233887907,0.3318074529737868,0.0032055880557191885,1.8929095765584154e-05,high_energy
5262,26.318894186,26.337896894,26.328389289950003,0.33096387716916953,0.0032055880577246954,1.8929095710217483e-05,high_energy
5263,26.323913887000003,26.342889473000003,26.33339515235,0.33012030136418935,0.0032055880583339857,1.892909569461469e-05,high_energy
5264,26.328883162,26.347882073,26.3383921971,0.32927672556093307,0.003205588054166597,1.8929095761864243e-05,high_energy
5265,26.333898675,26.352892947,26.34339097765,0.3284331497545657,0.003205588063584841,1.8929095738702456e-05,high_energy
5266,26.338908537,26.357890225,26.3483918426,0.3275895739464846,0.003205588050291419,1.892909591120894e-05,high_energy
5267,26.343881860000003,26.362880309,26.353386259900002,0.326745998142767,0.003205588055738673,1.8929095740978643e-05,high_energy
5268,26.34888009,26.367883679,26.35838824245,0.32590242233811606,0.0032055880583267693,1.8929095690723196e-05,high_energy
5269,26.353943353,26.37288788,26.3633883189,0.32505884653328637,0.003205588472407206,1.8929095676627426e-05,high_energy
5270,26.358888452,26.377882153,26.368384622249998,0.32421527073059575,0.0032055880710765705,1.8929095790306837e-05,high_energy
5271,26.363891752,26.382903897,26.373386163450004,0.3233716949442619,0.003205587650102315,1.8929094418956433e-05,high_energy
5272,26.368881506,26.38787727,26.37838507115,0.32252811911622864,0.0032055880504398004,1.8929095861884838e-05,high_energy
5273,26.373882621,26.392889417000003,26.383386788299998,0.321684543312028,0.003205588055246622,1.8929095726122075e-05,high_energy
5274,26.378880851,26.397881114,26.388388367599998,0.3208409675073134,0.003205588057046016,1.8929095667135836e-05,high_energy
5275,26.383889631,26.402890916,26.39338993535,0.31999739168181407,0.0032055874760406056,1.892909421028322e-05,high_energy
5276,26.388890396,26.40790708,26.3983951,0.31915381589910685,0.003205588064759013,1.8929095764826493e-05,high_energy
5277,26.393891862,26.412889059,26.4033942942,0.31831024008545067,0.0032055886166251213,1.8929096332336393e-05,high_energy
5278,26.398884090000003,26.417887369,26.40839524425,0.31746666428588033,0.003205588055390507,1.8929095813192156e-05,high_energy
5279,26.403903040000003,26.422889697,26.4133943499,0.3166230884815503,0.003205588056834685,1.892909572417324e-05,high_energy
5280,26.408894487,26.427887716,26.418389854700003,0.3157795126766677,0.00320558806080129,1.89290956980725e-05,high_energy
5281,26.413887126,26.432937033,26.4233922355,0.3149359368789601,0.00320558815632227,1.8929096075160957e-05,high_energy
5282,26.418889514,26.438077943000003,26.428421431600004,0.31409236106770233,0.0032055880655059155,1.8929095752546244e-05,high_energy
5283,26.423886592,26.443229262000003,26.433490956900005,0.3132487852589862,0.0032055879420661015,1.8929095968775286e-05,high_energy
5284,26.428892666000003,26.448385491000003,26.4386008715,0.3124052094549187,0.0032055880549251015,1.89290957918335e-05,high_energy
5285,26.433946442,26.453549695000003,26.443746408499997,0.3115616336503617,0.003205588058797615,1.8929095708535777e-05,high_energy
5286,26.439099855,26.458677409000003,26.448908028299996,0.3107180578456137,0.0032055880567565254,1.89290956677874e-05,high_energy
5287,26.444266854,26.463827156,26.454056602,0.30987448204320034,0.0032055880596377206,1.892909576992136e-05,high_energy
5288,26.449419736000003,26.468887824000003,26.4591938658,0.3090309062365969,0.003205588063883269,1.8929095747110393e-05,high_energy
5289,26.454670454,26.473886935000003,26.4642945279,0.30818733042792934,0.003205588061902631,1.892909596948392e-05,high_energy
5290,26.459705172000003,26.478876379000003,26.46935016795,0.3073437546242689,0.0032055880555761918,1.8929095764154823e-05,high_energy
5291,26.46483974,26.483880891,26.4743789983,0.30650017881980834,0.003205588058357023,1.8929095687837978e-05,high_energy
5292,26.46988544,26.488884801,26.479381096050002,0.3056566030151413,0.0032055880604122122,1.892909566437633e-05,high_energy
5293,26.474874553000003,26.493886037000003,26.48438209325,0.3048130272127242,0.0032055880697159367,1.892909581102709e-05,high_energy
5294,26.479880718,26.498890929,26.489383747699996,0.30396945140571574,0.0032055880653985014,1.8929095747727758e-05,high_energy
5295,26.484883386,26.503889951,26.4943857077,0.3031258755975065,0.003205588051979902,1.8929095916157078e-05,high_energy
5296,26.489893188,26.508881759,26.499385831799998,0.302282299793596,0.003205588056086839,1.892909573570354e-05,high_energy
5297,26.494882461000003,26.513884137,26.504384807200005,0.30143872398915994,0.003205588059829567,1.892909568916651e-05,high_energy
5298,26.499881623,26.518889039,26.509386428050004,0.3005951481842439,0.0032055884673161117,1.892909567236371e-05,high_energy
5299,26.504894630000003,26.523902358,26.5143868161,0.29975157238142175,0.003205588071173493,1.8929095796223182e-05,high_energy
5300,26.509881850000003,26.528888004,26.5193880197,0.2989079965949157,0.0032055876547004147,1.892909443541918e-05,high_energy
5301,26.514880881000003,26.533902775,26.5243903549,0.2980644207670267,0.003205588048794894,1.8929095856577333e-05,high_energy
5302,26.519886475000003,26.538888411,26.5293904043,0.29722084496271944,0.0032055880577743223,1.8929095730176415e-05,high_energy
5303,26.524891879,26.543883435,26.5343907026,0.29637726915820395,0.0032055880569928363,1.8929095671772826e-05,high_energy
5304,26.529892443,26.548882196,26.539389265649998,0.2955336933329468,0.0032055874945698393,1.8929094226401114e-05,high_energy
5305,26.534891254,26.553888311,26.544388892200004,0.2946901175499247,0.0032055880644579204,1.8929095767883747e-05,high_energy
5306,26.539897018,26.558890569000003,26.549394066799998,0.29384654173578506,0.0032055886305411008,1.8929096383694697e-05,high_energy
5307,26.544886331,26.563885512,26.554393827649996,0.2930029659365231,0.0032055880550335147,1.8929095821211264e-05,high_energy
5308,26.549898888,26.568898941,26.559396588250003,0.29215939013218184,0.0032055880562236183,1.892909571540288e-05,high_energy
5309,26.554976889,26.573887943000003,26.564395847750006,0.291315814327598,0.003205588061380382,1.8929095674916457e-05,high_energy
5310,26.559889046,26.578888628,26.569390225950002,0.29047223853056264,0.0032055881647456985,1.892909609024151e-05,high_energy
5311,26.564886836000003,26.583890966,26.574391459100003,0.2896286627189528,0.0032055880626318256,1.892909575067115e-05,high_energy
5312,26.569885206,26.588887042000003,26.57939090535,0.2887850869103231,0.0032055879621175065,1.8929095969683224e-05,high_energy
5313,26.57489092,26.593891684000003,26.584391885000002,0.28794151110614596,0.003205588053694086,1.892909578561319e-05,high_energy
5314,26.579890021,26.598898981,26.58939316315,0.2870979353015528,0.003205588057070885,1.8929095708558017e-05,high_energy
5315,26.584895836,26.603887262,26.594392656000004,0.28625435949662925,0.0032055880534506698,1.8929095686611027e-05,high_energy
5316,26.58989096,26.608898356,26.599393667150004,0.2854107836941183,0.003205588067646481,1.8929095779119527e-05,high_energy
5317,26.594891093,26.613892318,26.6043919978,0.28456720788757417,0.003205588062758835,1.8929095736425546e-05,high_energy
5318,26.599893221,26.618900507000003,26.60939260175,0.28372363207909174,0.00320558806034299,1.8929095939919374e-05,high_energy
5319,26.604885459,26.623903907000003,26.61439810305,0.28288005627537405,0.003205588056870212,1.8929095763409146e-05,high_energy
5320,26.609893137,26.628891256000003,26.6193996358,0.28203648047085533,0.0032055880581723373,1.8929095693258637e-05,high_energy
5321,26.614889453,26.633892853000003,26.624401729600002,0.2811929046658489,0.0032055880573889084,1.892909567042469e-05,high_energy
5322,26.619965751,26.638923514,26.629402717300003,0.28039994341185503,0.002699442581439726,1.62590970195243e-05,high_energy
5323,26.624924446,26.643923497000003,26.63439917385,0.27980944034632016,0.0018558667781736204,8.20355699451524e-06,medium_energy
5324,26.629906145000003,26.648890799,26.63939651765,0.27942983123124504,0.0010122915204685001,1.9626483648249603e-06,medium_energy
5325,26.634892963,26.653886474,26.64439578605,0.2792611160716107,0.00016871571318782808,2.7041565377908797e-08,medium_energy
5326,26.639898517,26.658897738,26.64940033795,0.2792526803138147,9.583463467244258e-10,4.805860728733845e-19,low_energy
5327,26.644889764,26.663890818,26.654398819300003,0.27925268031424455,9.583463467244258e-10,4.805681424314347e-19,low_energy
5328,26.649890158,26.668881344000003,26.659398862700005,0.2792526803162224,1.4207302001523203e-11,2.0793284783656562e-22,low_energy
5329,26.654999829,26.673874915000003,26.664396896750002,0.2792526803348167,4.0671732648434045e-10,1.563857898139322e-19,low_energy
5330,26.65989829,26.678886681,26.669388384500003,0.27925268031235184,9.713927440202497e-10,4.96346587810359e-19,low_energy
5331,26.664918211000003,26.683879019000003,26.6743847109,0.2792526803133734,9.713927440202497e-10,4.965073964391899e-19,low_energy
5332,26.669883599,26.688878502,26.679381685450004,0.27925268031405254,9.713927440202497e-10,4.965470363401601e-19,low_energy
5333,26.674879364,26.693898303,26.6843834481,0.27925268029388745,6.734541257991111e-10,3.2343165140514156e-19,low_energy
5334,26.67988055,26.698882376,26.689383242,0.27925268031578837,8.059386491510168e-12,9.75175451395281e-23,low_energy
5335,26.684876235,26.703887469,26.69438520205,0.2792526803072195,9.527231781270018e-10,4.643469615636815e-19,low_energy
5336,26.689879885000003,26.708898863,26.69938763695,0.2792526803127896,9.527231781270018e-10,4.756712696623645e-19,low_energy
5337,26.6948807,26.713890130000003,26.70438910505,0.2792526803136322,9.527231781270018e-10,4.757644699738352e-19,low_energy
5338,26.699891704,26.718886527,26.709391601600004,0.27925268031407674,9.527231781270018e-10,4.75769632136883e-19,low_energy
5339,26.704883161,26.723889586,26.71439277365,0.2792526803216231,1.0199491251583481e-10,9.390669173176464e-21,low_energy
5340,26.709898373,26.728884449,26.7193929813,0.2792526803155447,6.464218049728743e-12,4.294582235710672e-23,low_energy
5341,26.714885562000003,26.733890134000003,26.72439071735,0.2792526803120893,9.855831706317986e-10,5.160734454093367e-19,low_energy
5342,26.719899232000003,26.738887151,26.72939013055,0.27925268031305434,9.855831706317986e-10,5.163476432345115e-19,low_energy
5343,26.724889797000003,26.743888237,26.734390062250004,0.2792526803138181,9.855831706317986e-10,5.164324074982428e-19,low_energy
5344,26.729885602000003,26.748891837,26.739388908450003,0.27925268031408723,9.855831706317986e-10,5.164421356830027e-19,low_energy
5345,26.734899672,26.753888544,26.744390083450003,0.27925268031671996,1.3285372801874473e-11,1.715791220541641e-22,low_energy
5346,26.739884066,26.758887675,26.749394868299998,0.27925268031525186,5.5191962111678095e-12,6.010865846989911e-23,low_energy
5347,26.744892024,26.763884372000003,26.754394399699997,0.27925268031214606,9.523812849465685e-10,4.750054371847169e-19,low_energy
5348,26.749896867,26.768916547,26.759396456400005,0.27925268031321065,9.523812849465685e-10,4.753020863571933e-19,low_energy
5349,26.754974567,26.773893356,26.7643964282,0.27925268031373307,9.523812849465685e-10,4.75340599757916e-19,low_energy
5350,26.759887646000003,26.778893359,26.769391332900007,0.27925268031412254,9.523812849465685e-10,4.753450822241405e-19,low_energy
5351,26.764885425000003,26.783905906,26.77439325935,0.2792526803163796,1.3223200312495464e-11,1.794672589823669e-22,low_energy
5352,26.769889817000003,26.788885812,26.77939168565,0.27925268031482525,4.544808973605541e-12,2.960782204185848e-23,low_energy
5353,26.774891754,26.793878511000003,26.784392203900005,0.27925268031236794,9.578666748666365e-10,4.796976250551822e-19,low_energy
5354,26.779890695,26.798905035,26.78939297765,0.27925268031353256,9.578666748666365e-10,4.799788727374274e-19,low_energy
5355,26.784887573,26.803915909,26.79439373745,0.27925268031397976,9.578666748666365e-10,4.800076893394508e-19,low_energy
5356,26.789899128,26.808912445,26.79939844415,0.27925268031422756,9.578666748666365e-10,4.800045183935114e-19,low_energy
5357,26.794884784,26.813885588,26.8043987901,0.2792526803160967,1.2357226353287842e-11,1.8050503405317064e-22,low_energy
5358,26.799908051000003,26.818888086,26.809402393700005,0.2792526803349522,4.09472400431099e-10,1.5715891673230273e-19,low_energy
5359,26.804908535000003,26.823887288,26.814401237800002,0.2792526803123897,9.85791892560428e-10,5.154126267481217e-19,low_energy
5360,26.809897508,26.828883834000003,26.819396488650007,0.27925268031341866,9.85791892560428e-10,5.155729530053864e-19,low_energy
5361,26.814889225,26.833898816,26.824395692000003,0.2792526803137957,9.85791892560428e-10,5.155944740751134e-19,low_energy
5362,26.819888447,26.838895132,26.8293916917,0.2792526802937269,6.999290036446837e-10,3.4147288284042154e-19,low_energy
5363,26.824892779,26.843902309,26.834389191800007,0.27925268031585093,6.295408638834488e-12,7.758352337074834e-23,low_energy
5364,26.829893674,26.848877556,26.839387775450007,0.279252680307185,9.583178139926929e-10,4.690425499275317e-19,low_energy
5365,26.834883768,26.85388837,26.844387233200003,0.27925268031308426,9.583178139926929e-10,4.805344586077865e-19,low_energy
5366,26.839883121000003,26.858887952,26.8493905268,0.279252680313796,9.583178139926929e-10,4.806174870554708e-19,low_energy
5367,26.844879567000003,26.863893867,26.854391094149996,0.2792526803140166,9.583178139926929e-10,4.806211233817353e-19,low_energy
5368,26.849879731,26.868910251000003,26.859392468600003,0.2792526803216427,1.0421791207804176e-10,9.512014466288574e-21,low_energy
5369,26.854984622,26.873892601,26.86439191385,0.2792526803153734,6.478428904443945e-12,4.820848152018676e-23,low_energy
5370,26.859900156,26.878881523,26.86938660315,0.27925268031184197,9.711901838294068e-10,4.959010143933728e-19,low_energy
5371,26.864877296000003,26.883879393,26.87438639505,0.27925268031297124,9.711901838294068e-10,4.96271524169814e-19,low_energy
5372,26.869897878000003,26.888879817000003,26.87938682715,0.27925268031351114,9.711901838294068e-10,4.963239682195398e-19,low_energy
5373,26.87488641,26.893885280000003,26.88438769365,0.2792526803139653,9.711901838294068e-10,4.963489151302533e-19,low_energy
5374,26.879894288000003,26.898895974,26.88938980145,0.2792526803167486,1.510347402700063e-11,2.212449274890192e-22,low_energy
5375,26.884900884,26.903885247,26.8943906008,0.279252680315415,4.160283229026618e-12,3.338017487099297e-23,low_energy
5376,26.88988649,26.908880421000003,26.89939120125,0.27925268031278727,9.746576878910673e-10,5.014166216381098e-19,low_energy
5377,26.894897504000003,26.913877709,26.904388839550002,0.27925268031347417,9.746576878910673e-10,5.017200779301271e-19,low_energy
5378,26.899886687,26.918887331,26.909389394850002,0.27925268031389616,9.746576878910673e-10,5.017510819507157e-19,low_energy
5379,26.904888313,26.923887033000003,26.914390233200002,0.27925268031396355,9.746576878910673e-10,5.017459703072602e-19,low_energy
5380,26.909882556000003,26.92889407,26.919390085699995,0.27925268031597633,1.9606594126031496e-11,2.5898654861029266e-22,low_energy
5381,26.914895884000003,26.933897099000003,26.92439234675,0.27925268031482753,5.799805080641818e-12,2.826708437032935e-23,low_energy
5382,26.919913491000003,26.938887775,26.929391072699996,0.27925268031178563,9.609442130908974e-10,4.831259067594881e-19,low_energy
5383,26.92489025,26.943901514,26.934391954200002,0.27925268031357176,9.609442130908974e-10,4.838102634829306e-19,low_energy
5384,26.929887338,26.948891158,26.939390769800003,0.27925268031399053,9.609442130908974e-10,4.838313836329212e-19,low_energy
5385,26.934890928,26.953884188,26.9443905798,0.27925268031420136,9.609442130908974e-10,4.838271159593926e-19,low_energy
5386,26.939886373,26.958884993,26.949394179450003,0.27925268031668476,2.3526069981016917e-11,4.748647926435698e-22,low_energy
5387,26.944885384000003,26.963893071,26.954395056900005,0.2792526803349712,4.067190473300286e-10,1.5610729839927144e-19,low_energy
5388,26.949905666000003,26.968883757,26.959396431849996,0.27925268031250894,9.853957649852418e-10,5.160667946250729e-19,low_energy
5389,26.954963739,26.973876487,26.96439573435,0.2792526803134937,9.853957649852418e-10,5.162211688634399e-19,low_energy
5390,26.959886046,26.978882441000003,26.969391541700002,0.2792526803139841,9.853957649852418e-10,5.162512770050203e-19,low_energy
5391,26.96489701,26.983880341000003,26.9743913667,0.27925268029388334,7.035154681034328e-10,3.4329210287488957e-19,low_energy
5392,26.96987964,26.988883089,26.979389410200003,0.2792526803158434,7.949196856316121e-12,9.281432060030346e-23,low_energy
5393,26.974878181,26.993889475000003,26.98439104765,0.27925268030724915,9.522675981088469e-10,4.638711642522788e-19,low_energy
5394,26.979881941,26.998893075,26.989390663250003,0.279252680313106,9.522675981088469e-10,4.75246977132724e-19,low_energy
5395,26.984894177,27.003882608,26.994388301600004,0.27925268031387196,9.522675981088469e-10,4.753247269726686e-19,low_energy
5396,26.989894081000003,27.008898452,26.999390233200007,0.27925268031421124,9.522675981088469e-10,4.753304886750179e-19,low_energy
5397,26.994879276,27.013906009000003,27.00439242265,0.2792526803217147,1.0186068655215763e-10,9.401082289936367e-21,low_energy
5398,26.999896953,27.01889384,27.009396645450003,0.27925268031547695,5.157596572047396e-12,4.106436502248956e-23,low_energy
5399,27.004894281,27.02389248,27.014399113499998,0.27925268031198375,9.70745206441137e-10,4.955847877218001e-19,low_energy
5400,27.009907409,27.028905148000003,27.0194017714,0.2792526803130255,9.70745206441137e-10,4.959254322309746e-19,low_energy
5401,27.014900449,27.033889992,27.024401204600004,0.279252680313675,9.70745206441137e-10,4.959902392755793e-19,low_energy
5402,27.019887418000003,27.038883002,27.029397194349997,0.2792526803140096,9.70745206441137e-10,4.960097063695583e-19,low_energy
5403,27.024887221,27.043903685,27.034395454350005,0.2792526803165741,1.5226098160070478e-11,2.2958692466447005e-22,low_energy
5404,27.029902663,27.048879001000003,27.039392151850002,0.2792526803152727,5.912603739943734e-12,4.4980377779460015e-23,low_energy
5405,27.034878862000003,27.053888783,27.044388398100004,0.2792526803127043,9.660512390041731e-10,4.937798856348873e-19,low_energy
5406,27.039876771000003,27.058893195000003,27.049397694050004,0.27925268031348793,9.660512390041731e-10,4.940979793007202e-19,low_energy
5407,27.044896862,27.063887237000003,27.0543989091,0.2792526803140895,9.660512390041731e-10,4.941257854382932e-19,low_energy
5408,27.04988838,27.068889264000003,27.059402721100003,0.2792526803142144,9.660512390041731e-10,4.941258275003628e-19,low_energy
5409,27.055003992000003,27.073898224,27.06440433395,0.2792526803161372,1.9030998998914583e-11,2.5146291729098797e-22,low_energy
5410,27.059891522,27.078881526,27.069396387700003,0.27925268031489214,4.492350935692002e-12,2.1397915729986139e-23,low_energy
5411,27.064900102000003,27.084141351000003,27.07440728225,0.2792526803124325,9.573736803325517e-10,4.7940922380764515e-19,low_energy
5412,27.06989193,27.088900028,27.079404371100004,0.27925268031356565,9.573736803325517e-10,4.795977157927148e-19,low_energy
5413,27.074900609,27.093882378,27.0844027148,0.27925268031391814,9.573736803325517e-10,4.796198277135159e-19,low_energy
5414,27.079887428000003,27.098885276,27.089401931550004,0.2792526803141442,9.573736803325517e-10,4.796210678663684e-19,low_energy
5415,27.084903041,27.103881392,27.09438975575,0.279252680316008,8.183731470268185e-12,9.253204694301231e-23,low_energy
5416,27.089887354,27.108892397,27.09938788855,0.27925268033495465,4.063434033696467e-10,1.5569024223789567e-19,low_energy
5417,27.094890774000003,27.113882922,27.104388526050002,0.27925268031247213,9.70639568720344e-10,4.957020949347802e-19,low_energy
5418,27.099911947,27.118902633,27.109389657599998,0.27925268031348927,9.70639568720344e-10,4.958682752714267e-19,low_energy
5419,27.10488489,27.123898157000003,27.1143879788,0.27925268031399886,9.70639568720344e-10,4.958970573442071e-19,low_energy
5420,27.109895683,27.128883763,27.119388607749993,0.279252680293884,6.732729929126435e-10,3.233645067763881e-19,low_energy
5421,27.114888583000003,27.133898715,27.12438990305,0.2792526803158784,6.689704346030112e-12,9.305060952781024e-23,low_energy
5422,27.119882856,27.138912915,27.12939062415,0.2792526803071983,9.518625887494636e-10,4.634660298290051e-19,low_energy
5423,27.124903167000003,27.143907328,27.1343927124,0.2792526803128906,9.518625887494636e-10,4.748048478029014e-19,low_energy
5424,27.129895997,27.148888736,27.13939198435,0.2792526803136613,9.518625887494636e-10,4.748930587561252e-19,low_energy
5425,27.134881513000003,27.153893969,27.1443918514,0.2792526803140149,9.518625887494636e-10,4.749027108595895e-19,low_energy
5426,27.139886987,27.158888572,27.149394776300007,0.27925268032163797,1.0145490003665714e-10,9.38336175262295e-21,low_energy
5427,27.144890917,27.163884238,27.154393755700006,0.2792526803155893,5.5911386631635196e-12,3.678549191848347e-23,low_energy
5428,27.149899066000003,27.168890633,27.1593949448,0.2792526803123804,9.721690119590676e-10,4.989133800907096e-19,low_energy
5429,27.154980273000003,27.17389795,27.164396651299995,0.27925268031344036,9.721690119590676e-10,4.993634869019699e-19,low_energy
5430,27.159888192,27.178900749,27.1693927212,0.2792526803139561,9.721690119590676e-10,4.994089154670082e-19,low_energy
5431,27.16489048,27.183890272000003,27.17439324245,0.2792526803140386,9.721690119590676e-10,4.994119400855606e-19,low_energy
5432,27.169899410000003,27.188889604000003,27.179393768700002,0.27925268031640893,2.1443291586820123e-11,3.4726681170475406e-22,low_energy
5433,27.174889595000003,27.193890279,27.1843936514,0.27925268031512396,4.792610752701876e-12,2.7582313889582354e-23,low_energy
5434,27.179894377,27.19888386,27.189392961350002,0.2792526803117835,9.68684688018584e-10,4.926662646156424e-19,low_energy
5435,27.184900091000003,27.203889153,27.194392200200003,0.27925268031330397,9.68684688018584e-10,4.930344194741062e-19,low_energy
5436,27.189900866,27.208891481,27.199392722050003,0.2792526803139595,9.68684688018584e-10,4.930857357692833e-19,low_energy
5437,27.19488548,27.213901073,27.2043923046,0.279252680314022,9.68684688018584e-10,4.930857469213206e-19,low_energy
5438,27.199894681,27.218892219,27.209392765850005,0.27925268031679784,1.1800282972984633e-11,1.7739598976702494e-22,low_energy
5439,27.204892500000003,27.223882995,27.21439287495,0.27925268031506706,9.474199202941236e-12,7.558201607732049e-23,low_energy
5440,27.209884218000003,27.228885563,27.2193910723,0.2792526803122336,9.582662996443503e-10,4.803899938602505e-19,low_energy
5441,27.214897997,27.233883883,27.224388539249997,0.279252680313672,9.582662996443503e-10,4.807258441499992e-19,low_energy
5442,27.219885728,27.238888355,27.22938899395,0.27925268031399997,9.582662996443503e-10,4.807442328073586e-19,low_energy
5443,27.224901691000003,27.243874612000003,27.234386756500005,0.27925268031414513,9.582662996443503e-10,4.806974812517142e-19,low_energy
5444,27.229877759,27.248893131000003,27.239385781500005,0.2792526803162945,1.4170886686315498e-11,1.978925998129365e-22,low_energy
5445,27.234888613000003,27.253883816,27.2443843907,0.27925268033499895,4.093321237519376e-10,1.5679857057550614e-19,low_energy
5446,27.23987496,27.258876225,27.24938587075,0.2792526803125048,9.853486915289977e-10,5.150198486903464e-19,low_energy
5447,27.244879783,27.263877281000003,27.25438604995,0.27925268031355654,9.853486915289977e-10,5.15191362980924e-19,low_energy
5448,27.249889204,27.268890399,27.259385750750006,0.2792526803140249,9.853486915289977e-10,5.152149752889281e-19,low_energy
5449,27.254970641000003,27.273875664,27.264386636199998,0.27925268029382566,6.997291079890999e-10,3.4148559224316756e-19,low_energy
5450,27.259879863,27.278875137,27.269384457999998,0.2792526803158281,1.0730083488397213e-11,1.1799641913326294e-22,low_energy
5451,27.264876580000003,27.283881843000003,27.274384298999998,0.2792526803073702,9.576038295655565e-10,4.6850518367939865e-19,low_energy
5452,27.269879178,27.288893448000003,27.279388094499996,0.27925268031309,9.576038295655565e-10,4.798791389751135e-19,low_energy
5453,27.274893078,27.293887750000003,27.284390383199998,0.2792526803138583,9.576038295655565e-10,4.799603295952151e-19,low_energy
5454,27.279880237,27.298889507,27.289390414550002,0.27925268031417305,9.576038295655565e-10,4.7994237763573755e-19,low_energy
5455,27.284906159,27.303883048000003,27.294391750349995,0.27925268032157263,1.04471931106076e-10,9.465453288135093e-21,low_energy
5456,27.289908637000003,27.308878473,27.299387362350007,0.2792526803154897,4.90180118717376e-12,3.629624799017756e-23,low_energy
5457,27.294893582,27.313879839,27.304383862100003,0.2792526803119223,9.70782620957067e-10,4.955309106965271e-19,low_energy
5458,27.299888396,27.318891013,27.3093837562,0.2792526803130598,9.70782620957067e-10,4.958963305769011e-19,low_energy
5459,27.304879091,27.323896106000003,27.31438358075,0.2792526803137574,9.70782620957067e-10,4.95970503950795e-19,low_energy
5460,27.309875999000003,27.328883686,27.319383770950004,0.2792526803139016,9.70782620957067e-10,4.959822866734803e-19,low_energy
5461,27.314877375,27.333894961,27.324386408199995,0.27925268031676315,1.5144385745458067e-11,2.295565997203673e-22,low_energy
5462,27.319881336,27.338896026,27.329385972200004,0.2792526803151977,5.110523115803289e-12,5.0654888130995296e-23,low_energy
5463,27.324878784000003,27.343887373,27.3343873045,0.2792526803117851,9.7935520804171e-10,5.1061881571276735e-19,low_energy
5464,27.329885149000003,27.348902435000003,27.339389697349997,0.2792526803131614,9.7935520804171e-10,5.109482550735335e-19,low_energy
5465,27.334882137,27.353895836000003,27.344390884449997,0.2792526803137976,9.7935520804171e-10,5.11012668389778e-19,low_energy
5466,27.339897449,27.358880239,27.349397422550005,0.27925268031417605,9.7935520804171e-10,5.110203701612078e-19,low_energy
5467,27.344887434,27.363881225,27.354399410150002,0.2792526803167206,1.4068801679201215e-11,1.8362077538629717e-22,low_energy
5468,27.349906323000003,27.368889223,27.35940285245,0.27925268031493045,7.890577080615913e-12,7.282467569134726e-23,low_energy
5469,27.354965277,27.373941335,27.364402626800008,0.27925268031215433,9.58475077084131e-10,4.804162757554114e-19,low_energy
5470,27.359897513,27.378874271,27.36939431845,0.27925268031357003,9.58475077084131e-10,4.807785430774017e-19,low_energy
5471,27.364908667,27.383886137,27.3743915109,0.27925268031407324,9.58475077084131e-10,4.807951803379162e-19,low_energy
5472,27.36988204,27.388894306,27.3793870728,0.2792526803143412,9.58475077084131e-10,4.807784275746713e-19,low_energy
5473,27.374891411,27.393896974,27.3843867675,0.27925268031628747,1.525179982309055e-11,2.264119893660573e-22,low_energy
5474,27.379877027000003,27.398881498,27.38938795605,0.2792526803349266,4.0683095781091083e-10,1.5592406951456617e-19,low_energy
5475,27.38488227,27.403895558,27.3943877961,0.27925268031262707,9.57438572868341e-10,4.794463854540227e-19,low_energy
5476,27.389888656,27.408876285,27.3993870019,0.2792526803136305,9.57438572868341e-10,4.795974659309115e-19,low_energy
5477,27.394892937,27.413904582,27.404389057199996,0.27925268031402345,9.57438572868341e-10,4.796121338087735e-19,low_energy
5478,27.399889063000003,27.418891721,27.40939276865,0.27925268029386485,6.532063778763586e-10,3.068476816225613e-19,low_energy
5479,27.404883145000003,27.423881004,27.4143936757,0.2792526803157255,8.396894290996215e-12,7.798121639490696e-23,low_energy
5480,27.409877939,27.428969224000003,27.41939791305,0.27925268030597056,9.852074156491142e-10,4.987508320417142e-19,low_energy
5481,27.414897209000003,27.433889026000003,27.424396267200002,0.27925268031287714,9.852074156491142e-10,5.149407433379233e-19,low_energy
5482,27.419885630000003,27.438877167,27.429391578100002,0.27925268031382416,9.852074156491142e-10,5.150642662975818e-19,low_energy
5483,27.424902916,27.44388256,27.434388624300006,0.2792526803141923,9.852074156491142e-10,5.150760538760912e-19,low_energy
5484,27.429920683,27.448876161,27.439383337100004,0.27925268032284106,1.2137840732506788e-10,1.3493070307619059e-20,low_energy
5485,27.434878196000003,27.453874161,27.444379498650004,0.27925268031562667,1.0071110612130951e-11,9.221542062429602e-23,low_energy
5486,27.439874502,27.458896326,27.449386138500007,0.2792526803119366,9.70692859425526e-10,4.955961136463106e-19,low_energy
5487,27.444880206,27.463888946,27.45439088835,0.2792526803129404,9.70692859425526e-10,4.959316134371102e-19,low_energy
5488,27.449891521,27.468894018,27.459393578750003,0.2792526803136873,9.70692859425526e-10,4.960119324027384e-19,low_energy
5489,27.454970744,27.473891667,27.464396612300003,0.2792526803139495,9.70692859425526e-10,4.960034732444128e-19,low_energy
5490,27.459889544000003,27.478891651,27.46939367105,0.2792526803167283,1.4582113294636656e-11,2.223373923943483e-22,low_energy
5491,27.464889928,27.483886554,27.474390821900005,0.27925268031536193,5.679900993982301e-12,5.684948905392407e-23,low_energy
5492,27.469887457,27.488883913,27.479389905550004,0.27925268031268463,9.73897407163804e-10,5.00701415863742e-19,low_energy
5493,27.474893091,27.49388074,27.484389198499997,0.2792526803135046,9.73897407163804e-10,5.010189588896562e-19,low_energy
5494,27.479881883,27.498894399,27.489387433,0.2792526803139097,9.73897407163804e-10,5.010480930029617e-19,low_energy
5495,27.484891705000003,27.503881859000003,27.494386657399996,0.27925268031402545,9.73897407163804e-10,5.010397870407767e-19,low_energy
5496,27.489881218,27.50888598,27.49938636215,0.2792526803160754,1.9755808100541117e-11,2.5386523081424053e-22,low_energy
5497,27.494891361,27.513879040000003,27.504386874500007,0.279252680314892,4.4514947283857964e-12,2.343983994519593e-23,low_energy
5498,27.499895472,27.518891837,27.50938622505,0.27925268031252365,9.56974111065989e-10,4.789573756170288e-19,low_energy
5499,27.504880577,27.523884958,27.514386651200006,0.27925268031369244,9.56974111065989e-10,4.791518568314601e-19,low_energy
5500,27.509894266000003,27.528888157,27.519387368849998,0.27925268031400824,9.56974111065989e-10,4.7917112304332235e-19,low_energy
5501,27.514881135000003,27.533884283000003,27.524387245400003,0.27925268031416184,9.56974111065989e-10,4.791681257530163e-19,low_energy
5502,27.519885105,27.538882623000003,27.5293865569,0.27925268031605044,7.591205442025739e-12,9.582286632440292e-23,low_energy
5503,27.524888625000003,27.543900290000003,27.534387896800002,0.27925268033486506,4.0671910284117985e-10,1.5601451986397175e-19,low_energy
5504,27.529894049000003,27.548886958,27.53938965245,0.27925268031240635,9.706502823725316e-10,4.956262406223395e-19,low_energy
5505,27.53488233,27.553884216,27.544389121250003,0.27925268031349615,9.706502823725316e-10,4.957937646764933e-19,low_energy
5506,27.539878216,27.558883067,27.549393817499997,0.27925268031394557,9.706502823725316e-10,4.95823891529047e-19,low_energy
5507,27.544885062,27.563881317000003,27.554392727650004,0.2792526802940541,6.730633828055943e-10,3.23175844213885e-19,low_energy
5508,27.549888061,27.568888184,27.559390695650002,0.27925268031588274,6.919798067883676e-12,8.841181930139845e-23,low_energy
5509,27.554969729000003,27.573883328,27.564389349949998,0.2792526803072957,9.513225207591347e-10,4.629988664045447e-19,low_energy
5510,27.559885803,27.578875927,27.569385624699997,0.27925268031303163,9.513225207591347e-10,4.743466215939817e-19,low_energy
5511,27.564888111,27.58388629,27.574385823950003,0.27925268031366685,9.513225207591347e-10,4.744277149153476e-19,low_energy
5512,27.569881512,27.588887596000003,27.579385247199998,0.2792526803141261,9.513225207591347e-10,4.744359978042077e-19,low_energy
5513,27.574895051,27.593878913,27.584385424400004,0.27925268032159256,1.0302247943627663e-10,9.42265395970095e-21,low_energy
5514,27.579883643,27.598885619,27.589385395650005,0.2792526803153745,6.049327705426322e-12,4.5393244176433496e-23,low_energy
5515,27.584883305,27.603880863,27.5943844492,0.27925268031198314,9.826592872741458e-10,5.121326430475677e-19,low_energy
5516,27.589881285,27.608883051000003,27.599384384900002,0.2792526803132208,9.826592872741458e-10,5.124353174591374e-19,low_energy
5517,27.594891918,27.613884046000003,27.6043854167,0.2792526803140158,9.826592872741458e-10,5.125127784378845e-19,low_energy
5518,27.599878436,27.618883728,27.609387589650005,0.2792526803141668,9.826592872741458e-10,5.125133341223068e-19,low_energy
5519,27.604884531000003,27.623897418,27.614390381199996,0.279252680316733,1.2730316800713126e-11,1.6704406008495214e-22,low_energy
5520,27.609887921,27.628886811,27.61938949775,0.2792526803151653,8.504308368628699e-12,7.992240460710101e-23,low_energy
5521,27.614899726,27.633894529000003,27.6243901417,0.2792526803123935,9.57251111710633e-10,4.792644302881644e-19,low_energy
5522,27.619886494000003,27.638894332000003,27.629390764700002,0.27925268031345213,9.57251111710633e-10,4.795845419882195e-19,low_energy
5523,27.624882069,27.643892472,27.63439223735,0.27894899302410914,0.002024582336034919,7.173130976203996e-06,medium_energy
5524,27.629884507000003,27.648897655000003,27.639396953150005,0.27813916025139035,0.0040491642691521945,3.832501416668155e-05,high_energy
5525,27.634892686,27.653899762,27.644399277400005,0.2768231819973646,0.006073745810161013,8.525778575416823e-05,high_energy
5526,27.639899603000003,27.658892151000003,27.649402777850007,0.27500105825689314,0.0076934113470149,0.00010903159131022906,high_energy
5527,27.64490161,27.663891303000003,27.654401007800004,0.27297647632189775,0.00769341134866508,0.00010903159171598744,high_energy
5528,27.649897094,27.668908929,27.659400355350005,0.270951894390994,0.007693411340175926,0.00010903159134761751,high_energy
5529,27.654986527,27.673885068,27.66439887285,0.2689273124589814,0.007693411340984113,0.0001090315912411098,high_energy
5530,27.659890338,27.678908385000003,27.6693949347,0.2669027305267977,0.0076934117448762,0.00010903159124189203,high_energy
5531,27.66490019,27.683894282,27.67439376785,0.26487814859652387,0.00769341135811169,0.00010903159145830458,high_energy
5532,27.669889483,27.688902541,27.679393672500005,0.26285356668236814,0.007693410948879098,0.00010903158823363488,high_energy
5533,27.674918822,27.693888167,27.684394725300002,0.2608289847283857,0.007693411329029287,0.00010903159154104226,high_energy
5534,27.679885152,27.698889202,27.689392812000005,0.25880440279697836,0.007693411340195411,0.00010903159130165389,high_energy
5535,27.684897989000003,27.703890057,27.694395089049998,0.25677982086494017,0.00769341134162721,0.00010903159123801323,high_energy
5536,27.689896299,27.708890832,27.69939409655,0.25475523891283924,0.007693410788620569,0.00010903158785614468,high_energy
5537,27.694887837000003,27.71389891,27.704393076950005,0.25273065700161,0.007693411349467966,0.00010903159137603822,high_energy
5538,27.699883372,27.718901368,27.709395382100006,0.25070607506064846,0.0076934118887592995,0.00010903159275784162,high_energy
5539,27.704891981000003,27.723895931,27.714395152500003,0.2486814931342845,0.007693411337053979,0.00010903159148452503,high_energy
5540,27.709892566,27.728897377000003,27.719396803849996,0.2466569112026531,0.007693411340008893,0.00010903159127279987,high_energy
5541,27.714895264000003,27.733900186000003,27.7243985425,0.2446323292706456,0.007693411343053597,0.0001090315912082357,high_energy
5542,27.719892252,27.738887125,27.72939656415,0.242607747345886,0.007693411446375392,0.00010903159215946519,high_energy
5543,27.724896253,27.743888601,27.73439428615,0.24058316540711844,0.007693411351880286,0.00010903159135323779,high_energy
5544,27.729903009,27.748895367000003,27.7393919862,0.23855858347171427,0.0076934112228777,0.00010903159179288823,high_energy
5545,27.734890067,27.753890481000003,27.7443894567,0.2365340015401928,0.007693411337587691,0.00010903159141313223,high_energy
5546,27.739886955000003,27.758884302,27.749392567799998,0.23450941960862282,0.00769341134104809,0.00010903159122065942,high_energy
5547,27.744885305,27.763878595,27.754391586800004,0.23248483767665706,0.00769341134337681,0.00010903159116915014,high_energy
5548,27.749893193,27.768885,27.7593911522,0.23046025574649182,0.007693411341790607,0.00010903159138053259,high_energy
5549,27.754967457000003,27.773881627,27.764389616100004,0.22843567381298963,0.0076934113443059005,0.00010903159133826269,high_energy
5550,27.759880376,27.778887091,27.76938500875,0.22641109187733308,0.007693411346938406,0.00010903159176339395,high_energy
5551,27.764881441,27.783881664000003,27.774385607199996,0.2243865099461199,0.0076934113389360015,0.00010903159134311522,high_energy
5552,27.769882597,27.788884282,27.7793850475,0.2223619280142599,0.007693411341140377,0.0001090315912095685,high_energy
5553,27.774884363,27.793887802,27.784386475949997,0.22033734608220296,0.007693411337660605,0.00010903159113846323,high_energy
5554,27.779881872,27.798891853,27.789388186449997,0.21831276415215234,0.007693411343145884,0.0001090315914322153,high_energy
5555,27.784891914000003,27.803893891,27.794388740850003,0.21628818221810522,0.007693411349933399,0.0001090315913362918,high_energy
5556,27.789890785,27.808884847,27.799389047800002,0.21426360028339486,0.0076934113548841054,0.00010903159168957569,high_energy
5557,27.794892231,27.813883818,27.804388176500005,0.21223901835242565,0.007693411338738798,0.00010903159128189497,high_energy
5558,27.799879401,27.818888891,27.809389925650002,0.2102144364206154,0.007693411340918388,0.00010903159122594562,high_energy
5559,27.804886688000003,27.823886700000003,27.81439125695,0.2081898544885134,0.0076934117201075125,0.00010903159126404146,high_energy
5560,27.809885469,27.828904347,27.819392530650003,0.206165272558018,0.0076934113596554,0.0001090315914720992,high_energy
5561,27.814902534,27.833898479,27.82439530925,0.20414069064237456,0.0076934109756088,0.00010903158843961728,high_energy
5562,27.819884283,27.838936564,27.829397366000006,0.20211610868956037,0.007693411330657207,0.00010903159153632033,high_energy
5563,27.824885428,27.843885301,27.834395495299997,0.20009152675817915,0.007693411340845502,0.00010903159128263754,high_energy
5564,27.829899659,27.848887458,27.839393890550003,0.19806694482608808,0.007693411342753392,0.00010903159120684996,high_energy
5565,27.834911054000003,27.853884195000003,27.844391693699997,0.19604236287545415,0.007693410811400625,0.00010903158802987035,high_energy
5566,27.839884537000003,27.858875482,27.849391468550003,0.1940177809630311,0.007693411349530194,0.00010903159138142994,high_energy
5567,27.844881104,27.863892698,27.854393553749997,0.1919931990216326,0.007693411869807293,0.0001090315927985358,high_energy
5568,27.849895224,27.868879536,27.859392729000007,0.18996861709574642,0.0076934113371666946,0.00010903159146888572,high_energy
5569,27.854987852,27.873876564000003,27.864389975150004,0.18794403516402847,0.007693411341540085,0.00010903159124860603,high_energy
5570,27.859908946,27.878905111,27.869386024050005,0.18591945323214043,0.0076934113415755845,0.00010903159118000036,high_energy
5571,27.864881027000003,27.883881991000003,27.874383436,0.18389487130781804,0.0076934114644097995,0.00010903159223933789,high_energy
5572,27.869877393000003,27.888877245000003,27.879386686449998,0.18187028936850938,0.007693411349668694,0.00010903159136869762,high_energy
5573,27.874879541,27.893912445,27.884389505599994,0.17984570743354406,0.007693411222991303,0.00010903159171900707,high_energy
5574,27.879889342,27.898884225000003,27.8893885782,0.17782112550172038,0.007693411338131312,0.00010903159138068126,high_energy
5575,27.884926796,27.90388474,27.894389187699993,0.17579654356991153,0.007693411341101408,0.00010903159122240653,high_energy
5576,27.889875613,27.908898198000003,27.8993863933,0.17377196163792147,0.007693411343218687,0.0001090315912034996,high_energy
5577,27.894901616,27.91387592,27.90438510475,0.1717473797072664,0.0076934113385487835,0.00010903159134646377,high_energy
5578,27.899877924,27.918883988,27.909386844849998,0.16972279777388954,0.007693411347359513,0.00010903159132505636,high_energy
5579,27.904885472,27.92387813,27.914386743450002,0.1676982158389436,0.0076934113495603085,0.00010903159168562383,high_energy
5580,27.909893821,27.928889555,27.91938703235,0.1656736339077638,0.007693411338418998,0.00010903159131501462,high_energy
5581,27.914894105,27.93390628,27.924387936800002,0.16364905197607124,0.0076934113418137,0.00010903159120126639,high_energy
5582,27.919880953000003,27.938875585,27.929386093150004,0.16162447004393204,0.007693411343073109,0.00010903159120123328,high_energy
5583,27.924879093,27.943899765,27.934386131599997,0.15959988811355205,0.007693411342309303,0.00010903159141748014,high_energy
5584,27.929890087,27.948873659,27.939385164100003,0.15757530617962237,0.0076934113467928,0.00010903159133417639,high_energy
5585,27.934888838000003,27.953879683,27.94438478865,0.15555072424480626,0.007693411358577096,0.00010903159166656235,high_energy
5586,27.939880185000003,27.95888667,27.949390430200005,0.1535261423141613,0.0076934113403535065,0.00010903159128391379,high_energy
5587,27.944891009000003,27.963896061000003,27.954390774150006,0.15150156038220125,0.007693411341227391,0.00010903159121926775,high_energy
5588,27.9498742,27.968895874,27.959392974100005,0.1494769784500543,0.0076934116916893,0.0001090315912744716,high_energy
5589,27.954975215,27.973883564,27.96439538355,0.14745239651947892,0.007693411361804792,0.00010903159150239887,high_energy
5590,27.959885278,27.978881543000004,27.969389167050007,0.1454278146023268,0.007693411002914097,0.00010903158865314818,high_energy
5591,27.964890361,27.98388325,27.97438689155,0.14340323265112911,0.007693411329692701,0.00010903159149575378,high_energy
5592,27.969878211,27.988884666,27.979385540350002,0.141378650719808,0.007693411341177708,0.00010903159125372426,high_energy
5593,27.974893153,27.993879189,27.9843829673,0.1393540687879094,0.007693411341998385,0.00010903159119162378,high_energy
5594,27.979876364000003,27.998888981,27.989383228650006,0.1373294868385257,0.007693410849995502,0.00010903158829581412,high_energy
5595,27.984877029000003,28.003876851,27.994385088500003,0.13530490492439448,0.007693411350013307,0.00010903159140297364,high_energy
5596,27.98988119,28.008878508,27.999384804249996,0.1332803229835299,0.007693411829585189,0.0001090315926992974,high_energy
5597,27.994885642000003,28.013882449,28.00438406275,0.13125574105721127,0.007693411337903994,0.0001090315914193627,high_energy
5598,27.999879023,28.018893863,28.009385691149998,0.1292311591256617,0.007693411341623602,0.00010903159122197232,high_energy
5599,28.004890718,28.02390063,28.014389228200002,0.12720657719380934,0.007693411342048206,0.00010903159119633345,high_energy
5600,28.009882786,28.028881286,28.019389351300003,0.12518199526889368,0.007693411463276595,0.00010903159220385348,high_energy
5601,28.014885325,28.033889675,28.024390079949995,0.12315741332990329,0.007693411349864107,0.00010903159137298864,high_energy
5602,28.019903462,28.038880602000003,28.029389303800002,0.1211328313954684,0.00769341123693941,0.00010903159162006124,high_energy
5603,28.024886093000003,28.043888239,28.03438667765,0.1191082494635114,0.007693411337971398,0.00010903159135582585,high_energy
5604,28.029879183,28.048882351000003,28.039386983999997,0.11708366753178137,0.007693411340616491,0.0001090315912232974,high_energy
5605,28.034894826,28.053914436000003,28.044391727300003,0.11505908559976011,0.0076934113425224104,0.00010903159123993728,high_energy
5606,28.039888357,28.058911573000003,28.049398843,0.11303450366855543,0.007693411343300496,0.00010903159131909847,high_energy
5607,28.044885515,28.063886169000003,28.05439864790001,0.11100992173532016,0.007693411346648901,0.00010903159133397402,high_energy
5608,28.04988128,28.068891502000003,28.059401743100004,0.1089853398006317,0.007693411352461113,0.00010903159162913898,high_energy
5609,28.055015537000003,28.073882078,28.064397384250004,0.10696075786934464,0.007693411339726411,0.00010903159130125635,high_energy
5610,28.059885695,28.078888313,28.0693897918,0.1049361759376259,0.007693411341371401,0.00010903159119112913,high_energy
5611,28.064882563,28.083905809,28.074390120750003,0.10291159400547986,0.007693411340820591,0.00010903159121395897,high_energy
5612,28.069888948000003,28.088879292,28.079388925250004,0.10088701207470419,0.007693411337367506,0.00010903159140328341,high_energy
5613,28.074896546,28.093880488000003,28.08438841355,0.09886243014083493,0.007693411346871001,0.00010903159133661263,high_energy
5614,28.079883404,28.098876163000003,28.0893872687,0.0968378482061103,0.007693411348975901,0.00010903159161642605,high_energy
5615,28.084906701,28.103883731000003,28.094386487100003,0.09481326627534829,0.007693411340698092,0.00010903159125316066,high_energy
5616,28.089890835,28.108878544000003,28.09938301645001,0.09278868434355432,0.007693411340341003,0.00010903159117670464,high_energy
5617,28.094877703,28.113888045000003,28.104383020249998,0.09076410241155555,0.007693411664106101,0.00010903159123127487,high_energy
5618,28.099880221000003,28.118881527000003,28.10938530885,0.08873952048081513,0.007693411358710406,0.00010903159148711895,high_energy
5619,28.104890364000003,28.123893643,28.114385196949996,0.08671493856237633,0.0076934110301146025,0.00010903158889051522,high_energy
5620,28.109885789000003,28.128876063000003,28.11938482805,0.08469035661293423,0.007693411326638297,0.00010903159146530788,high_energy
5621,28.114887094,28.133916212000003,28.124390642400005,0.08266577468154516,0.007693411340323308,0.00010903159123693832,high_energy
5622,28.119880475,28.138890407,28.129391818549998,0.0806411927496256,0.007693411341346407,0.00010903159122547862,high_energy
5623,28.124877172,28.143883517000003,28.13439101335,0.07861661080167788,0.007693410906083997,0.00010903158861019835,high_energy
5624,28.129902524,28.148887919000003,28.139392925350002,0.07659202888579224,0.007693411349078999,0.00010903159139022091,high_energy
5625,28.134899892000004,28.15389195,28.144388925150004,0.07456744694627493,0.007693411774933795,0.00010903159245218977,high_energy
5626,28.139883374,28.158896592,28.149395324000004,0.0725428650191474,0.007693411336942901,0.0001090315913847016,high_energy
5627,28.144885091000003,28.163881557000003,28.154396877800004,0.07051828308763577,0.007693411340341003,0.00010903159122938746,high_energy
5628,28.149897518000003,28.168888984,28.159398779699995,0.06849370115560545,0.007693411342367895,0.00010903159124524297,high_energy
5629,28.155015804,28.173885060000003,28.1643977435,0.06646911922930795,0.007693411448451898,0.00010903159207876806,high_energy
5630,28.159879911,28.178885123,28.16938869775,0.06444453729134954,0.007693411349023897,0.00010903159135706635,high_energy
5631,28.164897517,28.183919552000003,28.174390047150002,0.06241995535715632,0.0076934112285691955,0.00010903159153440525,high_energy
5632,28.169881591000003,28.188876474,28.179388194,0.06039537342505117,0.007693411338305409,0.0001090315913289299,high_energy
5633,28.174889719000003,28.193892557,28.18439025125,0.058370791493352406,0.007693411342028597,0.00010903159121272848,high_energy
5634,28.179896636,28.198923459000003,28.189396828000003,0.05634620956122625,0.007693411338566401,0.00010903159121249513,high_energy
5635,28.184899825,28.203938701,28.19439824245,0.054321627629759305,0.0076934113327241024,0.00010903159128159509,high_energy
5636,28.189887886,28.208896485,28.199400334700005,0.05229704569670122,0.0076934113478159954,0.00010903159134314059,high_energy
5637,28.194929057000003,28.213896708,28.20440206275,0.050272463763183506,0.007693411340833095,0.00010903159146159934,high_energy
5638,28.199890898000003,28.218920096,28.2093975015,0.04824788183140876,0.007693411339173999,0.00010903159125259683,high_energy
5639,28.204903295,28.223889542,28.214395070750005,0.046223299899659454,0.007693411338252104,0.00010903159120231718,high_energy
5640,28.209928907,28.228889996000003,28.21939310185,0.044198717967592005,0.007693411341895398,0.00010903159128999183,high_energy
5641,28.214885007000003,28.233893496,28.224391578849996,0.042174136035636856,0.0076934113222311,0.00010903159132479797,high_energy
5642,28.219897835,28.238885023,28.229392739799998,0.0401495541023864,0.007693411346794604,0.00010903159131778901,high_energy
5643,28.224885404,28.2438868,28.234393741,0.038124972167913454,0.0076934113512728,0.00010903159157910671,high_energy
5644,28.229898963,28.248898716000003,28.239395084899996,0.036100390237146666,0.007693411339047905,0.00010903159124087998,high_energy
5645,28.234904367,28.253897487000003,28.24439593485,0.034075808305334555,0.007693411341250601,0.00010903159119966765,high_energy
5646,28.239884172,28.258895286,28.249399907699996,0.03205122637304925,0.0076934116360884985,0.00010903159126911316,high_energy
5647,28.244901548,28.263889107,28.2543994366,0.03002664444213258,0.007693411358546901,0.00010903159148625686,high_energy
5648,28.249880061,28.268893248,28.259399644250003,0.028002062522328997,0.007693411058577102,0.00010903158909116477,high_energy
5649,28.254989511,28.273889164000003,28.264397226950003,0.025977480574799084,0.0076934113211484,0.0001090315913805365,high_energy
5650,28.259888493,28.278891342,28.269392259899995,0.023952898643555418,0.0076934113395879,0.0001090315912103647,high_energy
5651,28.264896843,28.283916783,28.274392568350002,0.021928316711621012,0.007693411342128097,0.00010903159123940655,high_energy
5652,28.269895313000003,28.288895346,28.27939197755,0.01990373476499933,0.007693410946231501,0.00010903158890150567,high_energy
5653,28.274885217,28.293907272,28.28439580965,0.017879152847254907,0.007693411348388,0.0001090315913887009,high_energy
5654,28.279888266,28.298890954,28.289398177949998,0.015854570907519114,0.0076934117504041995,0.00010903159246014475,high_energy
5655,28.28489396,28.303886319,28.294397004549996,0.013829988980659323,0.007693411337347899,0.00010903159134827164,high_energy
5656,28.289897781,28.308887965,28.299396968850004,0.01180540704910214,0.007693411340829601,0.00010903159121590725,high_energy
5657,28.294909967,28.313890684,28.304393478100007,0.009780825117097486,0.0076934113421707005,0.00010903159122201269,high_energy
5658,28.299889462000003,28.318895727,28.30939043975,0.0077562431908365,0.007693411462757,0.00010903159214542626,high_energy
5659,28.304896338,28.323892043,28.314390332400002,0.005731661252564506,0.007693411349761099,0.00010903159136771706,high_energy
5660,28.309901191,28.328890283000003,28.3193904675,0.00370707931903867,0.0076934112288106,0.00010903159144218537,high_energy
5661,28.314886186000003,28.333894524,28.324390369599996,0.0016824973866468348,0.007693411338198701,0.00010903159128299803,high_energy
5662,28.319888233,28.338894377000003,28.329389793249998,-0.00034208454485436994,0.007693411343224,0.00010903159120335078,high_energy
5663,28.324885792000003,28.343877188,28.33438901455,-0.00236666647696976,0.0076934113417994,0.0001090315912360157,high_energy
5664,28.329890143,28.348881029,28.3393871674,-0.004391248409076805,0.007693411329883699,0.00010903159124958981,high_energy
5665,28.334889946,28.353925195,28.34438859745,-0.00641583034185777,0.007693411347459001,0.00010903159134291541,high_energy
5666,28.339884389,28.358879723,28.349390748399998,-0.008440412275024794,0.007693411344195801,0.00010903159139938492,high_energy
5667,28.344880796,28.363873124,28.354389120199993,-0.010464994206967945,0.007693411338156201,0.0001090315912343303,high_energy
5668,28.349883935,28.368887985,28.359389190650006,-0.01248957613866884,0.007693411341483198,0.0001090315912110951,high_energy
5669,28.354956676,28.37388872,28.36438663215,-0.014514158070780967,0.007693411342277301,0.00010903159130423895,high_energy
5670,28.359898148000003,28.378880778000003,28.3693839103,-0.01653874000309887,0.0076934113142464,0.00010903159129227287,high_energy
5671,28.364873215000003,28.383891642,28.374386181849996,-0.018563321936204646,0.0076934113477343,0.00010903159132422427,high_energy
5672,28.369889889000003,28.388896414,28.37938788185,-0.020587903870405592,0.007693411353594498,0.00010903159154503397,high_energy
5673,28.37488323,28.393899664000003,28.38439106315001,-0.022612485801136683,0.007693411340032,0.00010903159122513675,high_energy
5674,28.379895366000003,28.398884979,28.389393517099997,-0.024637067733020997,0.007693411341685802,0.00010903159121106449,high_energy
5675,28.384896061000003,28.403885063,28.394394136149998,-0.026661649665197146,0.007693411608188101,0.00010903159129260335,high_energy
5676,28.389890173,28.408886509,28.39939351785,-0.028686231596401195,0.007693411359600298,0.00010903159149152347,high_energy
5677,28.394891709000003,28.413881994,28.4043892587,-0.030710813517633273,0.0076934110862182,0.00010903158930224912,high_energy
5678,28.399884549000003,28.418895212,28.409388712499997,-0.03273539546380094,0.007693411327393197,0.00010903159138021126,high_energy
5679,28.404882228,28.423906767,28.4143904802,-0.03475997739513689,0.007693411340074601,0.00010903159119747062,high_energy
5680,28.409880869,28.428889879000003,28.419390987950003,-0.03678455932709411,0.007693411341845598,0.00010903159122156887,high_energy
5681,28.414886894,28.433933725000003,28.424394923149997,-0.038809141272338615,0.007693410969755794,0.00010903158911057309,high_energy
5682,28.41989372,28.438891829000003,28.4293939086,-0.04083372319145647,0.007693411349920902,0.00010903159139493181,high_energy
5683,28.424885948,28.443894858,28.43439117775,-0.04285830513054136,0.007693411710768296,0.00010903159233858619,high_energy
5684,28.429891723,28.448876577,28.439389194399997,-0.04488288705766354,0.007693411336514799,0.00010903159130743357,high_energy
5685,28.434897417,28.453901748000003,28.444388252,-0.046907468989175964,0.007693411340518701,0.00010903159119336434,high_energy
5686,28.439889485,28.458875742,28.44939095345,-0.04893205092118088,0.007693411342305799,0.00010903159124420943,high_energy
5687,28.444890831,28.463897606000003,28.454390744350007,-0.05095663284796299,0.0076934114578915,0.00010903159208569955,high_energy
5688,28.449896395000003,28.468898782,28.4593906845,-0.05298121478600611,0.007693411348627804,0.00010903159136133485,high_energy
5689,28.454966391000003,28.473875792,28.46438830175,-0.05500579671901583,0.007693411230151,0.00010903159133503065,high_energy
5690,28.459875903,28.478884692,28.4693848991,-0.05703037865157654,0.007693411337905701,0.00010903159125315269,high_energy
5691,28.464874423,28.483888593000003,28.47438486485,-0.059054960583240855,0.007693411341920198,0.00010903159119434205,high_energy
5692,28.469889435,28.488887614000003,28.479387463600006,-0.06107954251538485,0.007693411342177797,0.00010903159127299196,high_energy
5693,28.47489011,28.493890734,28.484388397750003,-0.0631041244479766,0.007693411326988205,0.00010903159121416041,high_energy
5694,28.479899090000004,28.498894243,28.48939046795,-0.0651287063805492,0.0076934113478906024,0.00010903159133857634,high_energy
5695,28.484895917000003,28.503888476,28.4943926965,-0.06715328831354403,0.0076934113516653885,0.00010903159137253389,high_energy
5696,28.48989042,28.508922924,28.4993938224,-0.06917787024530045,0.0076934113392894965,0.00010903159122850082,high_energy
5697,28.494894802,28.513900295000003,28.504394931350003,-0.07120245217709789,0.0076934113416431,0.00010903159121334126,high_energy
5698,28.499890156000003,28.518884789,28.50939326105,-0.0732270341092048,0.007693411342835105,0.00010903159132729547,high_energy
5699,28.504891071000003,28.523887077,28.5143912065,-0.07525161604167514,0.007693411322021504,0.00010903159131291152,high_energy
5700,28.509890955000003,28.528888332,28.5193884712,-0.07727619797485977,0.007693411346601009,0.00010903159131669508,high_energy
5701,28.514882512000003,28.533912601,28.524389630650006,-0.07930077990877758,0.007693411365814001,0.00010903159152490942,high_energy
5702,28.519885551,28.538888068,28.5293899265,-0.08132536183926697,0.007693411339317904,0.00010903159120415858,high_energy
5703,28.524884663,28.543886819,28.534390549500007,-0.08334994377114409,0.007693411341390899,0.00010903159123488655,high_energy
5704,28.529889505000003,28.548892283,28.53939210325,-0.08537452570337077,0.0076934115819665,0.00010903159135939755,high_energy
5705,28.534891131,28.553887447,28.5443890704,-0.08739910763482506,0.0076934113629194,0.00010903159152349911,high_energy
5706,28.539891175,28.558884625,28.549391993350003,-0.08942368955757973,0.007693411112102297,0.00010903158949843065,high_energy
5707,28.544893142000003,28.563890930000003,28.554391122000006,-0.091448271502008,0.007693411323912394,0.00010903159134189797,high_energy
5708,28.549885411,28.568895292,28.559390221199997,-0.09347285343328489,0.007693411340371298,0.00010903159119624472,high_energy
5709,28.554961949000003,28.573888242,28.56439170685,-0.09549743536526015,0.007693411341968298,0.00010903159125772798,high_energy
5710,28.559879676,28.578897733,28.569388649349996,-0.09752201730919713,0.007693411024876098,0.0001090315894016392,high_energy
5711,28.564883928,28.583899921,28.5743921068,-0.09954659923004551,0.0076934113499867035,0.00010903159139936816,high_energy
5712,28.569895273,28.588898652,28.57939272625,-0.1015711811678535,0.007693411656381599,0.00010903159211066166,high_energy
5713,28.574884145,28.593883887,28.5843926148,-0.10359576309597807,0.007693411337227105,0.00010903159128647748,high_energy
5714,28.57990114,28.598893078000003,28.589392782000004,-0.10562034502746731,0.007693411340703393,0.0001090315911908317,high_energy
5715,28.584890003,28.60389789,28.594389550149998,-0.10764492695950012,0.0076934113417835015,0.00010903159127344041,high_energy
5716,28.589896398,28.608884568,28.599387542699997,-0.10966950888759155,0.007693411442931897,0.00010903159194669619,high_energy
5717,28.594886964,28.613884682,28.6043862541,-0.11169409082467818,0.007693411349293897,0.00010903159137365642,high_energy
5718,28.599884081000003,28.618886298000003,28.609390730350004,-0.1137186727571661,0.0076934112480299965,0.0001090315912502306,high_energy
5719,28.604882452,28.623889939,28.614392941400006,-0.11574325468982774,0.0076934113370637075,0.00010903159122697673,high_energy
5720,28.609893235,28.628891525,28.619394544200002,-0.1177678366214749,0.00769341134101259,0.00010903159119592458,high_energy
5721,28.614902286000003,28.633887781,28.624397196549996,-0.1197924185535271,0.007693411341868697,0.00010903159131198479,high_energy
5722,28.619889445,28.638910066,28.629394724650002,-0.12181700048677138,0.007693411333018901,0.00010903159120396113,high_energy
5723,28.624884329,28.643892727,28.634393827749996,-0.12384158241923185,0.007693411347515791,0.00010903159134474453,high_energy
5724,28.629901935000003,28.648898291,28.63939479645,-0.125866164352391,0.0076934113647074,0.00010903159137648303,high_energy
5725,28.634884275,28.6539013,28.644394977150007,-0.12789074628395758,0.007693411338918196,0.00010903159119245883,high_energy
5726,28.639889889000003,28.658888349,28.649395991999995,-0.12991532821577698,0.007693411341154699,0.00010903159120666521,high_energy
5727,28.644889251,28.663884996,28.6543943031,-0.13193991014795475,0.007693411342865275,0.00010903159133240616,high_energy
5728,28.649905125,28.668882404,28.659393002999998,-0.13396449208035752,0.007693411330105704,0.00010903159136088256,high_energy
5729,28.65496955,28.67389405,28.664392980750005,-0.13598907401383636,0.007693411346807011,0.00010903159130970142,high_energy
5730,28.659879292000003,28.678895025000003,28.669391211649998,-0.13801365594736523,0.007693411367373698,0.00010903159147523158,high_energy
5731,28.664889385,28.683891932,28.6743937173,-0.14003823787776704,0.0076934113390692005,0.0001090315911765808,high_energy
5732,28.669895299,28.68888364,28.679393430599998,-0.14206281980959928,0.007693411341634204,0.00010903159124055781,high_energy
5733,28.674895673,28.693898341,28.684392562750002,-0.14408740174178333,0.007693411557288393,0.0001090315913928813,high_energy
5734,28.679898462,28.69889064,28.6893924684,-0.14611198367359862,0.007693411363695807,0.00010903159153291891,high_energy
5735,28.684891833,28.703893468,28.694393248649998,-0.14813656559764005,0.00769341113492758,0.00010903158968706359,high_energy
5736,28.689897717,28.708900174,28.699395651449997,-0.15016114754044113,0.007693411313168197,0.00010903159127864568,high_energy
5737,28.694892901000003,28.713893405,28.7043947386,-0.15218572947182887,0.007693411340069317,0.00010903159116585542,high_energy
5738,28.699907642000003,28.718887307000003,28.709394784500006,-0.15421031140376196,0.0076934113418118955,0.00010903159125699392,high_energy
5739,28.704887448,28.72388701,28.71439293885,-0.15623489334647409,0.0076934110595044125,0.00010903158964487926,high_energy
5740,28.709899774,28.728882264000003,28.719391717950003,-0.15825947526899184,0.007693411347512197,0.00010903159139034728,high_energy
5741,28.714886893000003,28.733891184,28.7243911141,-0.16028405720664557,0.007693411631322589,0.00010903159208248462,high_energy
5742,28.719891355,28.738879305,28.729389662700004,-0.1623086391347105,0.007693411337624995,0.00010903159126073177,high_energy
5743,28.724895677000003,28.743888055000003,28.7343885569,-0.1643332210662436,0.007693411340854384,0.00010903159118282643,high_energy
5744,28.729884889,28.748887838,28.739386001299998,-0.16635780299831024,0.007693411342177797,0.00010903159128307046,high_energy
5745,28.73488895,28.75390325,28.744388729300006,-0.1683823849264896,0.007693411448689985,0.00010903159196682931,high_energy
5746,28.739881319,28.758886201000003,28.7493916211,-0.17040696686366127,0.007693411349707802,0.0001090315913681271,high_energy
5747,28.744878908,28.763881706000003,28.75439144065,-0.17243154879554995,0.007693411228617109,0.00010903159113429465,high_energy
5748,28.749909289,28.768884956,28.759394338499998,-0.17445613072852603,0.0076934113381704194,0.00010903159119362595,high_energy
5749,28.754950901,28.773897112,28.76439219975,-0.17648071266028315,0.0076934113414317,0.00010903159119135461,high_energy
5750,28.759880221000003,28.778880484,28.7693880322,-0.17850529459238668,0.007693411342341222,0.00010903159131996773,high_energy
5751,28.76488352,28.783894774,28.774388172300007,-0.18052987652623242,0.007693411320191912,0.00010903159115045714,high_energy
5752,28.769903541,28.788876323,28.77938603915,-0.18255445845828855,0.007693411346737705,0.00010903159132462356,high_energy
5753,28.774878617,28.793888379,28.784387952649997,-0.184579040390524,0.0076934113587388,0.00010903159125227939,high_energy
5754,28.779877549,28.798889374,28.789390494250007,-0.18660362232237052,0.007693411338417305,0.00010903159116418285,high_energy
5755,28.784885197,28.803891261,28.794391810100002,-0.1886282042540745,0.007693411341188394,0.00010903159121866503,high_energy
5756,28.789908354,28.80888908,28.79939355915,-0.1906527861862489,0.0076934113422116035,0.00010903159137934571,high_energy
5757,28.794886506,28.81389275,28.80439249495,-0.19267736811947156,0.007693411319174004,0.00010903159130760727,high_energy
5758,28.799894675,28.818903474000003,28.80939208855,-0.1947019500526498,0.007693411347450108,0.00010903159132578052,high_energy
5759,28.804899407,28.823905992,28.814392986500007,-0.19672653198588713,0.007693411358520308,0.00010903159140960936,high_energy
5760,28.809890213000003,28.828892971,28.819394913550003,-0.1987511139165533,0.00769341133981169,0.00010903159115574295,high_energy
5761,28.814887902,28.833910718,28.824398828299998,-0.20077569584848573,0.007693411341673284,0.00010903159124025515,high_energy
5762,28.819878708,28.838898999,28.829399135750002,-0.20280027778073711,0.0076934115355200006,0.00010903159141197532,high_energy
5763,28.824890764000003,28.843890977,28.834398286949998,-0.2048248597129787,0.007693411361694602,0.00010903159150949717,high_energy
5764,28.829895426,28.848894166,28.83939703085,-0.20684944163784222,0.007693411156971308,0.00010903158983562315,high_energy
5765,28.834910678000004,28.853890773000003,28.844394219300007,-0.20887402357907914,0.007693411316085891,0.0001090315912197495,high_energy
5766,28.839899921,28.858889534000003,28.8493972353,-0.21089860551029882,0.007693411339770806,0.0001090315911417877,high_energy
5767,28.844903902,28.863884187,28.854396792800003,-0.21292318744216837,0.007693411341650219,0.00010903159127998132,high_energy
5768,28.849902062,28.868891935,28.859397353149994,-0.21494776938386678,0.007693411090221203,0.00010903158988345291,high_energy
5769,28.854965375000003,28.873891307,28.8643970349,-0.21697235130786682,0.007693411348885293,0.00010903159140460729,high_energy
5770,28.859888102000003,28.878893996,28.869394882650006,-0.2189969332455545,0.007693411610746992,0.0001090315920633391,high_energy
5771,28.864899266,28.883890583000003,28.8743950478,-0.2210215151732211,0.007693411337282213,0.00010903159120191252,high_energy
5772,28.869925329,28.888895465,28.879395521000003,-0.2230460971048176,0.007693411340854411,0.00010903159117026155,high_energy
5773,28.874900716000003,28.893884428000003,28.88439767945,-0.22507067903693118,0.007693411342336004,0.00010903159131001954,high_energy
5774,28.879890199,28.898892937000003,28.8893971012,-0.227095260965222,0.007693411462689398,0.00010903159203250643,high_energy
5775,28.884905471000003,28.903896457,28.894400002500003,-0.22911984290288162,0.00769341134893331,0.00010903159136373734,high_energy
5776,28.889887501,28.908961173,28.899403326599998,-0.23114442483420125,0.007693411243336001,0.00010903159105298513,high_energy
5777,28.894887184,28.914074601000003,28.90443003185,-0.23316900676724012,0.0076934113368292145,0.00010903159116002004,high_energy
5778,28.899905652,28.919225299,28.90949973745,-0.23519358869885565,0.0076934113407994,0.00010903159118046116,high_energy
5779,28.904891859000003,28.924371859,28.91460557735,-0.23721817063088432,0.007693411342218709,0.00010903159135829325,high_energy
5780,28.909951585,28.929520373000003,28.919742566749996,-0.23924275256524244,0.007693411325051913,0.0001090315911399635,high_energy
5781,28.915103977,28.934661183000003,28.9248909827,-0.24126733449733379,0.0076934113489990075,0.00010903159135472888,high_energy
5782,28.920256889,28.939776114,28.93003274055,-0.243291916429057,0.007693411357443808,0.00010903159116681455,high_energy
5783,28.925400294000003,28.944881156,28.935167627050003,-0.24531649836106859,0.007693411338573597,0.00010903159112251348,high_energy
5784,28.930552695000003,28.949883774000003,28.940273321750006,-0.24734108029274648,0.007693411341003598,0.00010903159120012798,high_energy
5785,28.935675791,28.954875872,28.94534298735,-0.24936566222479173,0.007693411342513612,0.00010903159141801163,high_energy
5786,28.940855735000003,28.959882388,28.950384122450004,-0.2513902441586282,0.007693411310508991,0.00010903159128243754,high_energy
5787,28.94587775,28.96489255,28.955391673949997,-0.25341482609170446,0.007693411347567292,0.00010903159133501335,high_energy
5788,28.950897781,28.969892003,28.9603939546,-0.2554394080248214,0.007693411369547931,0.0001090315914112663,high_energy
5789,28.955967286000003,28.974889612,28.965396848450002,-0.2574639899552425,0.007693411339468881,0.00010903159114179382,high_energy
5790,28.960921482000003,28.979899313,28.970394916100002,-0.2594885718871206,0.007693411341611112,0.00010903159124898881,high_energy
5791,28.965890297,28.984905118,28.975395818149998,-0.26151315381931584,0.007693411517635695,0.00010903159146017995,high_energy
5792,28.970900149,28.989916112000003,28.980401726600007,-0.2635377357517284,0.0076934113649747005,0.00010903159154939331,high_energy
5793,28.975895814,28.994892721000003,28.98540237115001,-0.26556231767771493,0.00769341117402339,0.00010903158998051044,high_energy
5794,28.980901478000003,28.999911590000004,28.990404958950002,-0.26758689961795334,0.007693411311394505,0.00010903159119404774,high_energy
5795,28.985901081,29.004893549,28.995404386700006,-0.2696114815492869,0.007693411339877443,0.00010903159113604186,high_energy
5796,28.990923767,29.009891759,29.00039989155,-0.27163606348119046,0.007693411341840317,0.00010903159128943211,high_energy
5797,28.995928058,29.014891231000004,29.005399156900005,-0.27366064542206503,0.007693411111681314,0.00010903159005182353,high_energy
5798,29.000891773000003,29.019904379000003,29.0103955433,-0.27568522734718276,0.007693411348007828,0.00010903159139925392,high_energy
5799,29.005900954,29.024909663000003,29.015395423500003,-0.2777098092837596,0.007693411574114961,0.00010903159188674565,high_energy
5800,29.010897510000003,29.029885641000003,29.02039479215,-0.2797343912120243,0.007693411336955336,0.0001090315911688271,high_energy
5801,29.015887775000003,29.034898839,29.025395026949997,-0.281758973143437,0.007693411340380207,0.00010903159115379526,high_energy
5802,29.02089881,29.039887030000003,29.030394732750004,-0.2837835550754192,0.00769341134190249,0.00010903159133312551,high_energy
5803,29.025897160000003,29.044897603000003,29.035393908450004,-0.28580813700474017,0.007693411451457521,0.00010903159194501451,high_energy
5804,29.030894017,29.049893409000003,29.040394293050003,-0.2878327189417374,0.007693411350134072,0.0001090315913859259,high_energy
5805,29.03588853,29.054893262,29.0453942714,-0.28985730087268335,0.00769341123582018,0.00010903159097512977,high_energy
5806,29.040898512,29.059883837,29.050401905150004,-0.2918818828058699,0.007693411336344214,0.00010903159111827182,high_energy
5807,29.045894969000003,29.064895282,29.055402208550003,-0.29390646473745224,0.007693411340712386,0.00010903159117336155,high_energy
5808,29.050903148000003,29.069897931000003,29.060402575550007,-0.29593104666950326,0.007693411342200918,0.00010903159138451276,high_energy
5809,29.056037655,29.074894037000004,29.0654020429,-0.29795562860436575,0.007693411326242072,0.00010903159112677992,high_energy
5810,29.060893837,29.079894130000003,29.07039544635,-0.29998021053638063,0.007693411348361323,0.00010903159135910077,high_energy
5811,29.065891726,29.084897941,29.0753981559,-0.3020047924685885,0.007693411378102866,0.00010903159122164299,high_energy
5812,29.070892992,29.08990093,29.080398059049998,-0.30402937440024047,0.007693411339355194,0.00010903159112214237,high_energy
5813,29.075904297,29.094894531,29.085398203049998,-0.30605395633213145,0.007693411341820833,0.00010903159121615766,high_energy
5814,29.080896235,29.099950911,29.0904017521,-0.30807853826435727,0.007693411342680534,0.00010903159142725704,high_energy
5815,29.085893944,29.104892514000003,29.09539972105,-0.3101031201978012,0.007693411328572652,0.00010903159135535958,high_energy
5816,29.090888256000003,29.109926451000003,29.10040126125,-0.3121277021313059,0.0076934113468923315,0.00010903159131314898,high_energy
5817,29.0958989,29.114895035000004,29.10540073615,-0.3141522840644261,0.007693411382998505,0.0001090315914270273,high_energy
5818,29.100900546,29.119918743000003,29.11039940845,-0.3161768659942079,0.007693411338800971,0.00010903159111084965,high_energy
5819,29.105884199,29.124902456,29.11540139905,-0.3182014479260394,0.007693411341481493,0.00010903159124401415,high_energy
5820,29.110889342,29.129884415000003,29.1203984729,-0.3202260298581926,0.00769341150556091,0.00010903159148646887,high_energy
5821,29.115911076000003,29.134885571,29.125399083350004,-0.3222506117904408,0.00769341137661167,0.00010903159162847193,high_energy
5822,29.120897614,29.139897557,29.130396888050008,-0.32427519371756086,0.007693411185409005,0.00010903159007768074,high_energy
5823,29.125891967,29.144884125,29.135396202099997,-0.32629977565717805,0.007693411325641719,0.00010903159117663262,high_energy
5824,29.130898382,29.14989037,29.140397904599997,-0.32832435758857514,0.007693411340431722,0.00010903159112832926,high_energy
5825,29.135882325,29.154887347000003,29.145396125650002,-0.33034893952060523,0.007693411342023226,0.00010903159129465844,high_energy
5826,29.140943855000003,29.159898181000003,29.150401889849995,-0.3323735214609194,0.007693411104357395,0.00010903159016186666,high_energy
5827,29.145888323,29.164893415,29.155402197750004,-0.33439810338665066,0.007693411350132406,0.00010903159139101116,high_energy
5828,29.150887926000003,29.169922684000003,29.160407426499994,-0.3364226853232817,0.007693411566295383,0.00010903159187659684,high_energy
5829,29.155984091,29.174898762,29.16541189075,-0.33844726725115026,0.007693411336576916,0.0001090315911414669,high_energy
5830,29.160894936,29.179894708000003,29.170407784850006,-0.34047184918251505,0.007693411340388978,0.00010903159115190539,high_energy
5831,29.165926198,29.18493632,29.175411414050007,-0.3424964311145512,0.007693411342122758,0.00010903159134163566,high_energy
5832,29.170895884,29.189900165,29.180407804100003,-0.34452101304398963,0.007693411463799593,0.00010903159201623734,high_energy
5833,29.17589719,29.194885911,29.1854032964,-0.34654559498147997,0.007693411350889134,0.00010903159142024136,high_energy
5834,29.180902303000003,29.199893449,29.190399209,-0.34857017691208836,0.007693411220324187,0.00010903159090909072,high_energy
5835,29.185921493,29.204884926,29.19539209735,-0.35059475884563773,0.007693411336815004,0.0001090315910844858,high_energy
5836,29.190885488000003,29.20988507,29.200388368600006,-0.3526193407771696,0.00769341134045648,0.00010903159116272239,high_energy
5837,29.195883447000003,29.214891325000004,29.205387710750006,-0.3546439227091721,0.007693411342092504,0.00010903159140396925,high_energy
5838,29.200896966,29.219904283,29.210393847700004,-0.35666850464453975,0.007693411322646837,0.00010903159109596798,high_energy
5839,29.205889335,29.224888146,29.215393888150004,-0.35869308657634225,0.007693411348320411,0.00010903159135928544,high_energy
5840,29.210882796000003,29.229922113,29.22039856885001,-0.3607176685081743,0.007693411381929083,0.00010903159116304948,high_energy
5841,29.215906865,29.234890557000003,29.225398651300004,-0.36274225043981934,0.007693411339301903,0.00010903159109288653,high_energy
5842,29.220883705,29.239881102,29.2303934022,-0.3647668323716819,0.007693411341474443,0.00010903159121708478,high_energy
5843,29.225889429,29.244912345000003,29.2353938754,-0.3667914143038785,0.007693411342669876,0.00010903159145702052,high_energy
5844,29.230886026,29.249880838000003,29.240391652,-0.36881599623768946,0.007693411327743094,0.00010903159135192211,high_energy
5845,29.235888474000003,29.254888927000003,29.245393657600005,-0.37084057817117805,0.0076934113468425935,0.00010903159131149366,high_energy
5846,29.240878899,29.259922724000003,29.250407096349996,-0.3728651601037577,0.007693411378101089,0.00010903159134690098,high_energy
5847,29.245919429,29.26488154,29.255406987000004,-0.3748897420336782,0.007693411338594913,0.00010903159108116383,high_energy
5848,29.250900406000003,29.269890029000003,29.2604074282,-0.37691432396547164,0.0076934113411227245,0.0001090315912462872,high_energy
5849,29.256078997000003,29.274921772000003,29.265408144400006,-0.3789389058976031,0.007693411502872449,0.00010903159152231425,high_energy
5850,29.260903418,29.279888833,29.270394972300004,-0.380963487830334,0.007693411371805681,0.00010903159159969253,high_energy
5851,29.265920875000003,29.284895740000003,29.275395978100004,-0.38298806975734423,0.007693411186797228,0.00010903159008444995,high_energy
5852,29.270899728000003,29.289910722,29.2803941615,-0.385012651696473,0.007693411315635501,0.00010903159113513942,high_energy
5853,29.275912956000003,29.294921195,29.285398190449996,-0.3870372336277054,0.007693411339841916,0.00010903159110491166,high_energy
5854,29.280881621,29.299904436,29.290401383850003,-0.38906181555962455,0.007693411341781697,0.00010903159130067243,high_energy
5855,29.285889669000003,29.304890443,29.295401696249996,-0.3910863974998309,0.007693411112882131,0.00010903159022671537,high_energy
5856,29.290888681,29.309886619,29.300400703650002,-0.3931109794260685,0.007693411349436019,0.00010903159141356151,high_energy
5857,29.295942406,29.314885972000003,29.305395066799996,-0.3951355613634812,0.007693411578420795,0.00010903159199065128,high_energy
5858,29.300907383,29.319894751000003,29.310393483600002,-0.3971601432906561,0.007693411338912881,0.00010903159111974798,high_energy
5859,29.305900874,29.324886860000003,29.315391413999997,-0.39918472522203396,0.007693411340468914,0.00010903159113378559,high_energy
5860,29.310883123000004,29.329909185,29.320392777400002,-0.4012093071540453,0.00769341134194329,0.00010903159134544354,high_energy
5861,29.315893426,29.334890413,29.325394671850006,-0.4032338890826653,0.007693411483485235,0.00010903159212444772,high_energy
5862,29.32088316,29.339887351,29.3303923548,-0.40525847102077395,0.007693411350624402,0.00010903159139252772,high_energy
5863,29.325895286,29.344888326000003,29.33539362555,-0.40728305295087075,0.007693411200522193,0.00010903159081690371,high_energy
5864,29.330886724000003,29.349915611,29.340396383150004,-0.4093076348845176,0.00769341133602458,0.000109031591069997,high_energy
5865,29.335887398,29.354891088,29.345397718550004,-0.411332216816046,0.007693411340584488,0.00010903159115716488,high_energy
5866,29.340885889000003,29.359880321,29.350403576549997,-0.4133567987480696,0.007693411341969991,0.00010903159140343704,high_energy
5867,29.345899768,29.364882027,29.355403034300004,-0.4153813806837999,0.007693411316037013,0.00010903159105127778,high_energy
5868,29.350910873,29.369891969,29.360399904200005,-0.41740596261530205,0.007693411348281443,0.00010903159135753226,high_energy
5869,29.35596036,29.374891362000003,29.36539833155,-0.41943054454670997,0.007693411378713877,0.00010903159109888511,high_energy
5870,29.360880161,29.37989401,29.370395378700003,-0.421455126478699,0.007693411338632161,0.00010903159108715133,high_energy
5871,29.365899211,29.384889004,29.375395688650002,-0.4234797084104521,0.007693411341211487,0.00010903159120571101,high_energy
5872,29.370887432000004,29.389892874,29.38039453785,-0.42550429034260395,0.0076934113385042635,0.00010903159145248152,high_energy
5873,29.375895600000003,29.394881747000003,29.385393294799997,-0.4275288722768513,0.007693411314976528,0.00010903159129514145,high_energy
5874,29.380892057,29.399898913,29.390396122,-0.4295534542099519,0.007693411347393209,0.00010903159132655765,high_energy
5875,29.385892271000003,29.404884148,29.395397728849996,-0.43157803614256735,0.007693411377122317,0.0001090315913390677,high_energy
5876,29.390883988,29.409896775000004,29.400399505000003,-0.4336026180725302,0.007693411338756617,0.0001090315910715224,high_energy
5877,29.395918767,29.414898672000003,29.405401226550005,-0.4356272000042967,0.007693411342007295,0.00010903159124513126,high_energy
5878,29.40090246,29.419889378,29.410395797699994,-0.4376517819364533,0.0076934115039914985,0.0001090315915220573,high_energy
5879,29.405887635000003,29.424895122,29.415392426649998,-0.439676363869264,0.0076934113714015595,0.00010903159160206735,high_energy
5880,29.410884593,29.429914993,29.420393341700002,-0.44170094579615116,0.007693411184582111,0.00010903159006657181,high_energy
5881,29.415886841000003,29.434886483000003,29.4253933656,-0.443725527735449,0.007693411326396726,0.00010903159112475992,high_energy
5882,29.420884559,29.439887918,29.430396668150003,-0.44575010966674034,0.007693411339920075,0.00010903159109868361,high_energy
5883,29.42589886,29.444904413000003,29.435399089550003,-0.4477746915987312,0.007693411342129808,0.00010903159129998577,high_energy
5884,29.430899635000003,29.449905889,29.440398163699996,-0.4497992735391401,0.00769341107921484,0.0001090315901979478,high_energy
5885,29.43588989,29.454886376,29.44539624195,-0.4518238554651832,0.007693411350755852,0.0001090315914043421,high_energy
5886,29.440886166,29.459895697,29.45039914475,-0.45384843740412306,0.007693411614321022,0.00010903159222361934,high_energy
5887,29.445902861,29.464918112000003,29.4553995794,-0.45587301932942115,0.007693411335816691,0.00010903159107434106,high_energy
5888,29.450885251000003,29.469890674,29.460397908100003,-0.4578976012608291,0.007693411340655487,0.00010903159112707933,high_energy
5889,29.455997747,29.474886098,29.4653966104,-0.459922183192929,0.007693411342264811,0.00010903159135039055,high_energy
5890,29.460885758000003,29.479891402000003,29.470391646350002,-0.4619467651199242,0.0076934115266142356,0.00010903159239222523,high_energy
5891,29.465891362,29.484883510000003,29.475389908000004,-0.4639713470598096,0.007693411349263712,0.00010903159137061196,high_energy
5892,29.47088855,29.489915324,29.480390425299998,-0.46599592898926945,0.007693411157483787,0.00010903159070610097,high_energy
5893,29.475915074000003,29.49488518,29.485392196049997,-0.46802051092336805,0.007693411337164946,0.00010903159105832397,high_energy
5894,29.480885712000003,29.499912806,29.49039291575,-0.47004509285498147,0.007693411341207934,0.00010903159114797201,high_energy
5895,29.48588312,29.504928659,29.4953953807,-0.4720696747870769,0.007693411342197309,0.00010903159140011073,high_energy
5896,29.490885488000004,29.509904707,29.500398216350003,-0.4740942567232995,0.0076934112939107124,0.00010903159096663645,high_energy
5897,29.49589539,29.514883911,29.5053976842,-0.47611883865418997,0.0076934113476934685,0.00010903159133546599,high_energy
5898,29.500905112,29.519875088000003,29.510394999450007,-0.4781434205859119,0.007693411390729266,0.00010903159114466472,high_energy
5899,29.505934881,29.524876614,29.515391694500003,-0.4801680025171887,0.007693411338321354,0.00010903159106084575,high_energy
5900,29.510885592,29.529906975000003,29.52038942365,-0.48219258444888863,0.007693411341424594,0.00010903159119516989,high_energy
5901,29.515891967,29.534889294000003,29.525389740050002,-0.48421716638103385,0.0076934113422577055,0.0001090315914468858,high_energy
5902,29.520881430000003,29.539884369000003,29.5303919511,-0.48624174831481426,0.00769341132278889,0.00010903159137704445,high_energy
5903,29.525906231,29.54488337,29.5353924214,-0.4882663302484282,0.007693411346730572,0.00010903159131997648,high_energy
5904,29.530886256,29.549898211,29.54039052005,-0.4902909121806552,0.007693411355763402,0.00010903159126097004,high_energy
5905,29.535887402,29.554907923,29.545389151250003,-0.4923154941111047,0.007693411339085188,0.00010903159107110705,high_energy
5906,29.540882035000003,29.559890734000003,29.550393444199994,-0.49434007604290786,0.007693411341758605,0.00010903159124155105,high_energy
5907,29.545882759,29.564886499000004,29.555393318199997,-0.49636465797510476,0.007693411511264847,0.00010903159150526566,high_energy
5908,29.550878294,29.569892985000003,29.56039633025,-0.4983892399082663,0.007693411361058777,0.00010903159152367514,high_energy
5909,29.555961956,29.574891706000003,29.565398293850006,-0.5004138218342016,0.007693411175439202,0.00010903158998959043,high_energy
5910,29.560884012,29.579888122000003,29.570391602,-0.502438403773936,0.007693411326092969,0.00010903159112917166,high_energy
5911,29.565922989,29.584897022000003,29.575392051199998,-0.5044629857050718,0.007693411339758427,0.0001090315910894359,high_energy
5912,29.570878518,29.589898759,29.580391260500004,-0.5064875676369773,0.007693411341772816,0.00010903159128612048,high_energy
5913,29.575882319,29.594884956,29.585390386650005,-0.508512149577737,0.007693411065469391,0.00010903159011023908,high_energy
5914,29.580892391000003,29.599891051,29.59039289025,-0.5105367315032936,0.007693411351864299,0.00010903159142143126,high_energy
5915,29.585877877,29.604923776000003,29.595395828199997,-0.5125613134344723,0.007693411415788276,0.00010903159083843735,high_energy
5916,29.590882509000004,29.609888172,29.600395164300004,-0.5145858953654573,0.007693411354802393,0.00010903159090032229,high_energy
5917,29.595900757000003,29.614881563,29.605396428,-0.516610477296817,0.007693411340476075,0.0001090315911141501,high_energy
5918,29.600883017,29.619876828,29.61039655005,-0.518635059228832,0.007693411342318157,0.00010903159152492574,high_energy
5919,29.605902146,29.624880308,29.6153947535,-0.5206596411605888,0.00769341164044679,0.00010903159112448643,high_energy
5920,29.610878164,29.629919786,29.6203950815,-0.5226842230923076,0.0076934111768451885,0.00010903159086358275,high_energy
5921,29.61588489,29.634890203,29.625396172500007,-0.5247088050257188,0.007693411342113876,0.00010903159115780692,high_energy
5922,29.620894632,29.639895446,29.630396687799998,-0.5267333869579506,0.0076934113445652486,0.00010903159152331563,high_energy
5923,29.625889876,29.644881473,29.63539502295,-0.5287579688906986,0.007693411405975681,0.00010903159101664396,high_energy
5924,29.630896803,29.649900202,29.640395229650004,-0.5307825508314185,0.007693411411452189,0.00010903159210077553,high_energy
5925,29.635897798,29.654890487000003,29.64539418095,-0.532807132755058,0.007693411340914835,0.00010903159110069243,high_energy
5926,29.640903292,29.659886212000004,29.65039641505,-0.5348317146872932,0.007693411342597045,0.00010903159143695468,high_energy
5927,29.645881995000003,29.664879393000003,29.65539841665,-0.5368562966161456,0.007693411039723763,0.00010903159040817495,high_energy
5928,29.65088841,29.669900275000003,29.66039661810001,-0.5388808785475498,0.007693411851115606,0.00010903159276577283,high_energy
5929,29.655961963000003,29.674941517,29.66539744505,-0.5409054604844995,0.007693411342978962,0.00010903159107390229,high_energy
5930,29.660879219,29.679883701,29.6703931748,-0.5429300424167263,0.00769341134281909,0.00010903159136856015,high_energy
5931,29.665884022,29.684905225,29.6753940308,-0.5449546243645674,0.007693411465838906,0.000109031592379364,high_energy
5932,29.670901088,29.689915337,29.680396965099998,-0.5469792062649402,0.0076934109646664695,0.00010903158912918415,high_energy
5933,29.675880812000003,29.694921442,29.685396488000002,-0.5490037882138143,0.007693411336045841,0.00010903159102432546,high_energy
5934,29.680896335000003,29.699885077,29.6903965444,-0.5510283701459364,0.007693411336518352,0.00010903159126346676,high_energy
5935,29.685903071,29.704885711000003,29.695395756650004,-0.5530529520687677,0.007693411653007409,0.00010903159330198262,high_energy
5936,29.690881654,29.709888169000003,29.700394697550003,-0.5550775340252686,0.007693411020875729,0.00010903158873552587,high_energy
5937,29.695886296,29.714884335,29.70539333675,-0.5571021159435056,0.007693411364625646,0.00010903159105326229,high_energy
5938,29.70090264,29.719884008,29.71039461205,-0.5591266978754523,0.007693411340325085,0.0001090315911979015,high_energy
5939,29.705884109000003,29.724911042,29.715393694250004,-0.5611512798076106,0.007693411151889151,0.00010903159158892655,high_energy
5940,29.710923817,29.72989203,29.720391009500002,-0.5631758617397489,0.007693411631602309,0.00010903159110047161,high_energy
5941,29.715900066000003,29.734902964000003,29.725393538199995,-0.565200443671307,0.007693411180595966,0.00010903159089758471,high_energy
5942,29.720891002,29.739886837,29.730392263099997,-0.5672250256046686,0.007693411341868739,0.00010903159115321971,high_energy
5943,29.72588316,29.744924451000003,29.73539285205,-0.5692496075369263,0.007693411341605838,0.00010903159150463063,high_energy
5944,29.730905396,29.749910889,29.7403964382,-0.5712741894694799,0.007693411409656292,0.00010903159102468365,high_energy
5945,29.735883728,29.75489941,29.745395309850004,-0.5732987714102873,0.007693411412430962,0.00010903159212831843,high_energy
5946,29.740888140000003,29.75990271,29.750401007000004,-0.5753233533340296,0.007693411340280676,0.00010903159109805376,high_energy
5947,29.745885268,29.764916690000003,29.755402613899996,-0.5773479352662276,0.00769341134234125,0.00010903159141780359,high_energy
5948,29.750890872000003,29.769883761000003,29.7604012947,-0.579372517195264,0.007693411043006471,0.00010903159041666168,high_energy
5949,29.755962931000003,29.774878204,29.765399730600002,-0.5813970991265055,0.0076934118460618706,0.0001090315927776772,high_energy
5950,29.760898443,29.779882235,29.7703927061,-0.5834216810634022,0.007693411342545531,0.00010903159106455423,high_energy
5951,29.765910158,29.784881807,29.775390614449996,-0.5854462629955443,0.007693411341801237,0.00010903159133393098,high_energy
5952,29.770902427000003,29.789898873,29.780389731150002,-0.587470844943151,0.0076934114677857934,0.00010903159237712383,high_energy
5953,29.775882573,29.794929764000003,29.785394052650002,-0.5894954268435251,0.007693410957235081,0.00010903158912534502,high_energy
5954,29.78087949,29.799906574,29.790397415350004,-0.5915200087925975,0.00769341133607071,0.00010903159103921808,high_energy
5955,29.785886537000003,29.804884576000003,29.795396189349997,-0.5935445907249018,0.007693411342057033,0.00010903159126733934,high_energy
5956,29.790887923000003,29.809880241,29.800396168599995,-0.5955691726475649,0.007693411648253878,0.00010903159326324385,high_energy
5957,29.795915418000003,29.814880194,29.8053922871,-0.5975937546041585,0.0076934110132373945,0.00010903158870460456,high_energy
5958,29.80089372,29.819932416,29.810393435599998,-0.5996183365223476,0.007693411357145408,0.00010903159105852991,high_energy
5959,29.805919422,29.824894939000004,29.815396260350003,-0.6016429184541984,0.007693411342183154,0.00010903159120790843,high_energy
5960,29.810879921,29.829915962,29.8203981333,-0.6036675003864229,0.007693411150926366,0.00010903159154560561,high_energy
5961,29.815888330000003,29.834919321,29.825401415800002,-0.6056920823184061,0.007693411626738644,0.00010903159105799547,high_energy
5962,29.820928049000003,29.839889548,29.8303981184,-0.6077166642501646,0.007693411180413001,0.00010903159092529662,high_energy
5963,29.825886073000003,29.844883791,29.83539588045,-0.6097412461833353,0.007693411338639322,0.00010903159114941366,high_energy
5964,29.830907887,29.849879947,29.840394361900003,-0.6117658281155753,0.007693411342405199,0.0001090315914697533,high_energy
5965,29.835898783,29.854894788000003,29.84539054205,-0.6137904100481967,0.007693411399586125,0.00010903159098675481,high_energy
5966,29.840894208,29.85988345,29.850393841149998,-0.6158149919890089,0.00769341141733193,0.00010903159220747511,high_energy
5967,29.845907607,29.864885157000003,29.85539473015,-0.617839573912646,0.007693411340957468,0.00010903159110368208,high_energy
5968,29.850895467,29.869887465,29.8603950816,-0.6198641558447996,0.00769341134222401,0.00010903159138392713,high_energy
5969,29.855956636,29.874876076000003,29.8653927851,-0.6218887377736418,0.007693411041207909,0.00010903159037145194,high_energy
5970,29.86088824,29.879877262,29.870388509400005,-0.6239133197049185,0.007693411850107523,0.000109031592856466,high_energy
5971,29.865885548,29.884887094000003,29.87538739165,-0.6259379016419244,0.007693411342605927,0.00010903159107509053,high_energy
5972,29.87088475,29.889897837000003,29.8803868534,-0.6279624835742978,0.007693411346375356,0.0001090315913379341,high_energy
5973,29.875889032000003,29.89488663,29.88538880895,-0.629987065521757,0.007693411460779842,0.0001090315923091587,high_energy
5974,29.880876241000003,29.899945685,29.8903911306,-0.6320116474220299,0.007693410962450464,0.00010903158918289069,high_energy
5975,29.885886503,29.904881336000003,29.895390373000005,-0.6340362293710102,0.007693411337070799,0.00010903159104879523,high_energy
5976,29.890895434,29.909890798000003,29.900391276650005,-0.6360608113029775,0.007693411347517554,0.00010903159127792706,high_energy
5977,29.895881661,29.9148852,29.905390866699996,-0.6380853932257902,0.007693411642322623,0.00010903159322600188,high_energy
5978,29.90089,29.919879373,29.9103886188,-0.6401099751820384,0.00769341101872989,0.00010903158873780344,high_energy
5979,29.905882289,29.924902981,29.915393110649994,-0.6421345571003976,0.007693411357386992,0.00010903159106835449,high_energy
5980,29.910899645,29.929884128,29.9203931716,-0.6441591390323149,0.007693411341945122,0.00010903159118523397,high_energy
5981,29.915879901,29.934892808,29.92539459965,-0.6461837209645587,0.00769341115118749,0.00010903159151369781,high_energy
5982,29.920879093000003,29.939889255,29.93039602625,-0.6482083028965429,0.007693411624191349,0.00010903159104804286,high_energy
5983,29.925886741000003,29.944888877,29.935393457650008,-0.650232884828502,0.007693411183738341,0.00010903159096637376,high_energy
5984,29.930888758,29.949904801,29.94039333125,-0.6522574667615151,0.00769341134190249,0.0001090315911387698,high_energy
5985,29.935887479,29.954890567000003,29.945393797499996,-0.6542820486936772,0.007693411341968215,0.00010903159143733623,high_energy
5986,29.940899545,29.959887425,29.95039825975,-0.6563066306260827,0.007693411394594563,0.00010903159094400534,high_energy
5987,29.945898456,29.964892107,29.955398310750002,-0.6583312125665172,0.0076934114131823605,0.00010903159219569623,high_energy
5988,29.950897538000003,29.969903021,29.96039823145,-0.6603557944905406,0.007693411340275347,0.00010903159109601712,high_energy
5989,29.95596585,29.974887134000003,29.965397113650006,-0.662380376422704,0.00769341134215118,0.00010903159136567443,high_energy
5990,29.960885041,29.979882629,29.970390942250003,-0.6644049583522469,0.007693411053059762,0.00010903159044209958,high_energy
5991,29.965891697000004,29.984879136000004,29.975388662300002,-0.666429540282854,0.007693411834911679,0.0001090315927994396,high_energy
5992,29.970896168000003,29.989916099,29.98038788165,-0.6684541222197401,0.0076934113429967255,0.00010903159108139929,high_energy
5993,29.975892805,29.994888249,29.985388391900006,-0.6704787041518486,0.0076934113432258755,0.0001090315912996197,high_energy
5994,29.9808778,29.999911427,29.990390467699996,-0.6725032860987585,0.007693411478532752,0.00010903159238961048,high_energy
5995,29.985880789000003,30.004891492,29.995391783499997,-0.674527868000213,0.00769341096261833,0.00010903158921140422,high_energy
5996,29.990897925,30.009887258000003,30.00039084005,-0.6765524499489229,0.007693411337569955,0.00010903159106296495,high_energy
5997,29.995886777000003,30.014906858000003,30.005390808400005,-0.6785770318810801,0.007693411341731959,0.00010903159122367278,high_energy
5998,30.000900847,30.019887395,30.01038992665,-0.6806016138037542,0.007693411641551684,0.00010903159316848785,high_energy
5999,30.005889409,30.024880846,30.015390735049998,-0.682626195759599,0.007693411020055052,0.00010903158875620433,high_energy
6000,30.010895694,30.029878464000003,30.020389872250007,-0.6846507776782833,0.007693411352656554,0.00010903159109223625,high_energy
6001,30.015886029,30.034883788,30.025392792050003,-0.6866753596101413,0.007693411341133327,0.00010903159116400632,high_energy
6002,30.020880362000003,30.039892758,30.030394965950002,-0.6886999415423196,0.00769341115252864,0.00010903159146354088,high_energy
6003,30.02587768,30.044890407,30.035395126050002,-0.6907245234743259,0.007693411619063006,0.00010903159102382555,high_energy
6004,30.030885418,30.04990618,30.040398951150003,-0.6927491054061632,0.007693411174807707,0.00010903159098771357,high_energy
6005,30.035904578,30.054886697,30.045398480200003,-0.6947736873391703,0.007693411342080125,0.00010903159112877582,high_energy
6006,30.040890815,30.05988135,30.050399467850003,-0.6967982692713021,0.0076934113433999585,0.00010903159139388153,high_energy
6007,30.045896730000003,30.064881924,30.055399335449998,-0.6988228512037427,0.007693411386872739,0.00010903159094398051,high_energy
6008,30.050904658,30.069898128,30.060399137349997,-0.7008474331442276,0.007693411412866169,0.0001090315922364939,high_energy
6009,30.055974373,30.074885007,30.065395184650004,-0.7028720150681937,0.007693411340746081,0.00010903159109390281,high_energy
6010,30.060913001000003,30.079877246,30.07039121655,-0.7048965970003067,0.007693411345840673,0.00010903159131764727,high_energy
6011,30.065914987000003,30.084904971,30.075392274900004,-0.7069211789296681,0.007693411055663013,0.00010903159042141066,high_energy
6012,30.070898690000003,30.089899063,30.08039200375,-0.7089457608602887,0.007693411832364383,0.00010903159284221925,high_energy
6013,30.075885018,30.0948847,30.085393192450006,-0.7109703427972693,0.007693411342000189,0.000109031591088765,high_energy
6014,30.080917112,30.099891256000003,30.090394166649997,-0.7129949247293353,0.007693411342158285,0.00010903159125871338,high_energy
6015,30.085906645,30.104898302,30.095395850700005,-0.7150195066760837,0.007693411473017164,0.00010903159232956098,high_energy
6016,30.090883555,30.109886393000004,30.1003945787,-0.7170440885776245,0.007693410971064907,0.00010903158925008687,high_energy
6017,30.095891233000003,30.114886036,30.105394642600004,-0.7190686705261025,0.0076934113385362934,0.00010903159107576084,high_energy
6018,30.100942964,30.11989164,30.1103961663,-0.7210932524580433,0.007693411337447387,0.00010903159117343854,high_energy
6019,30.105891009,30.124903425000003,30.115393672899994,-0.7231178343808784,0.007693411624211777,0.00010903159311475144,high_energy
6020,30.110885181,30.129882609000003,30.1203937934,-0.7251424163364282,0.007693411018950158,0.00010903158878506132,high_energy
6021,30.115892268000003,30.134899464000004,30.1253951267,-0.7271669982553816,0.007693411354619428,0.00010903159111373034,high_energy
6022,30.120908191,30.13993746,30.13039595565,-0.729191580187462,0.007693411334939171,0.00010903159112717505,high_energy
6023,30.125895831,30.144897107,30.135395868350003,-0.7312161621193463,0.007693411153521623,0.00010903159140989009,high_energy
6024,30.130883972000003,30.149898783,30.140397565950003,-0.7332407440515627,0.007693411617555768,0.00010903159104045483,high_energy
6025,30.135892672,30.154893056,30.145397018799997,-0.7352653259834957,0.007693411190058619,0.00010903159105498957,high_energy
6026,30.140898216000004,30.159889362,30.1504039733,-0.7372899079162412,0.00769341134126833,0.00010903159112891103,high_energy
6027,30.145900424,30.164882422,30.155405021550006,-0.7393144898483509,0.007693411343209888,0.00010903159133340334,high_energy
6028,30.150894365000003,30.169893637,30.160404772400007,-0.7413390717807449,0.007693411399440464,0.00010903159098994152,high_energy
6029,30.156062988,30.174902206,30.1654058418,-0.7433636537210486,0.007693411429913866,0.00010903159232844471,high_energy
6030,30.160933466000003,30.179895627,30.1703992181,-0.7453882356452107,0.007693411340685685,0.00010903159111377603,high_energy
6031,30.165892482,30.184896151,30.175398393949997,-0.747412817577217,0.007693411342435397,0.00010903159125818723,high_energy
6032,30.170889039,30.189891396,30.180396921049997,-0.7494373995070859,0.007693411079557677,0.00010903159054332254,high_energy
6033,30.175890405,30.194921486,30.18539507340001,-0.7514619814374074,0.007693411831219521,0.00010903159293973292,high_energy
6034,30.180888785,30.19988486,30.190391923750003,-0.7534865633741383,0.007693411342247103,0.00010903159112962022,high_energy
6035,30.185883298,30.204883271000003,30.195389235050005,-0.7555111453063368,0.007693411341238132,0.00010903159123220913,high_energy
6036,30.190880817000004,30.209877463,30.200386782250007,-0.757535727251844,0.0076934114886686444,0.00010903159236447531,high_energy
6037,30.195883114,30.214891082,30.205388942600003,-0.7595603091544388,0.007693410994912497,0.00010903158938300474,high_energy
6038,30.200887366000003,30.219895664000003,30.210390569000005,-0.7615848911029269,0.007693411340721212,0.00010903159111356812,high_energy
6039,30.205879905000003,30.224886219,30.215394072949998,-0.7636094730349882,0.0076934113413091865,0.00010903159118822754,high_energy
6040,30.210906478,30.229903736,30.2203987837,-0.7656340549578315,0.007693411607545997,0.0001090315930059861,high_energy
6041,30.215891543,30.234885264000003,30.225399018050005,-0.7676586369126237,0.007693411032404285,0.00010903158883729077,high_energy
6042,30.220893501000003,30.239885067000003,30.230398809550003,-0.7696832188320165,0.0076934113497966194,0.00010903159114195974,high_energy
6043,30.225929222,30.244891282,30.2353959169,-0.7717078007639324,0.007693411341167078,0.00010903159113904095,high_energy
6044,30.230900921000003,30.249890905,30.240393140450003,-0.7737323826959177,0.007693411156481034,0.0001090315913229073,high_energy
6045,30.235890525,30.254889866000003,30.245392677850003,-0.7757569646279998,0.007693411603042932,0.00010903159099441288,high_energy
6046,30.240887042,30.259892164000004,30.250397906050004,-0.7777815465603819,0.007693411192876809,0.0001090315911538476,high_energy
6047,30.245889660000003,30.264892258000003,30.255400211250002,-0.7798061284926826,0.007693411340587986,0.00010903159112557933,high_energy
6048,30.250882049,30.269887662,30.260401674900002,-0.781830710424828,0.0076934113418172245,0.00010903159126575613,high_energy
6049,30.255962825,30.274888237000003,30.26539869065,-0.7838552923569024,0.007693411370970793,0.00010903159087821275,high_energy
6050,30.260891944,30.279883922000003,30.270392730250002,-0.7858798742966805,0.007693411430285124,0.00010903159237047737,high_energy
6051,30.265897969,30.284890378000004,30.27539062265,-0.787904456221544,0.007693411340550682,0.00010903159111754285,high_energy
6052,30.270890909,30.28989513,30.28039043315,-0.7899290381537233,0.007693411342371448,0.00010903159124151365,high_energy
6053,30.275887586000003,30.294912486,30.285397859050004,-0.7919536200843326,0.00769341108688959,0.00010903159056123825,high_energy
6054,30.280878212,30.299915385,30.290399336699995,-0.7939782020130529,0.0076934117940110625,0.00010903159275354757,high_energy
6055,30.285895798,30.304885922,30.29540048165,-0.7960027839503654,0.007693411345231382,0.00010903159111610536,high_energy
6056,30.290887586,30.309910122,30.300400954850005,-0.7980273658822972,0.007693411341701761,0.000109031591198912,high_energy
6057,30.295895996,30.314926075,30.3053975227,-0.8000519478269608,0.007693411494527069,0.00010903159238872356,high_energy
6058,30.300894466000003,30.319882225,30.310398995749996,-0.8020765297318366,0.007693410988903082,0.00010903158934048652,high_energy
6059,30.305892355,30.32490407,30.3153987511,-0.8041011116791227,0.007693411340405021,0.00010903159114126167,high_energy
6060,30.310895414,30.329892902,30.32039700315,-0.8061256936111969,0.007693411344897427,0.00010903159115732958,high_energy
6061,30.315952395000004,30.334885221,30.325394469200006,-0.8081502755342728,0.007693411597261779,0.00010903159291210476,high_energy
6062,30.320894379,30.33990371,30.3303921537,-0.8101748574882988,0.007693411040152753,0.00010903158891965434,high_energy
6063,30.325897739,30.344885979,30.335394646250002,-0.8121994394081307,0.007693411345444545,0.00010903159117925887,high_energy
6064,30.330890468000003,30.349908545,30.340394662599998,-0.8142240213400456,0.007693411341193723,0.00010903159112126508,high_energy
6065,30.335890742,30.35491443,30.345395273650002,-0.8162486032718677,0.007693411158346208,0.00010903159125690686,high_energy
6066,30.340909621,30.359894836,30.3504014026,-0.8182731852039213,0.007693411592589072,0.00010903159098609873,high_energy
6067,30.345884647,30.3648896,30.355399256949994,-0.8202977671363652,0.007693411204472866,0.00010903159120953175,high_energy
6068,30.35088963,30.369900333,30.360400930450005,-0.82232234906861,0.007693411341552547,0.00010903159113601238,high_energy
6069,30.355972681,30.374891700000003,30.365401405150003,-0.8243469310007869,0.007693411342023282,0.00010903159122098189,high_energy
6070,30.360889887000003,30.379893277,30.370394984349996,-0.8263715129326794,0.007693411362032165,0.00010903159086794793,high_energy
6071,30.365894369000003,30.384883331,30.375396479,-0.8283960948724263,0.007693411442307507,0.0001090315924235714,high_energy
6072,30.370889523,30.389897451000003,30.38039411195,-0.8304206767975035,0.0076934113400000115,0.00010903159113849566,high_energy
6073,30.375894907000003,30.394903456,30.3853970478,-0.8324452587294541,0.007693411342959422,0.00010903159118422581,high_energy
6074,30.380889340000003,30.399909941,30.3904009826,-0.8344698406605877,0.007693411106850512,0.00010903159060565171,high_energy
6075,30.385884073000003,30.404924472,30.3954030213,-0.8364944225893449,0.007693411789384541,0.00010903159284887068,high_energy
6076,30.390902762000003,30.40988975,30.400407212000005,-0.8385190045263341,0.007693411342037493,0.00010903159117085877,high_energy
6077,30.395900561,30.414906655000003,30.405407113149998,-0.8405435864581536,0.007693411337656997,0.00010903159110943045,high_energy
6078,30.400912186000003,30.419896830000003,30.41040561615,-0.8425681684020123,0.007693411495710123,0.00010903159232936815,high_energy
6079,30.405930945,30.42490036,30.41540524225,-0.8445927503077773,0.007693411013899976,0.00010903158950278752,high_energy
6080,30.410888999,30.429888681,30.420403922549998,-0.8466173322547068,0.0076934113425739525,0.00010903159118639294,high_energy
6081,30.415895034,30.434906709000003,30.42540250975,-0.8486419141870185,0.007693411334932065,0.00010903159110215712,high_energy
6082,30.420913572000003,30.439911802,30.4304038692,-0.8506664961097586,0.007693411566024544,0.0001090315927317193,high_energy
6083,30.425888077000003,30.444904792000003,30.43540207319999,-0.852691078062924,0.007693411066099998,0.00010903158900087999,high_energy
6084,30.430889433,30.449890688000004,30.440401920800003,-0.8547156599837397,0.007693411339197098,0.00010903159122947005,high_energy
6085,30.435901119,30.454906081,30.44540206595,-0.856740241915567,0.007693411340399692,0.00010903159110127494,high_energy
6086,30.440896293,30.459927485,30.45040331865,-0.8587648238478357,0.007693411154892971,0.00010903159113504136,high_energy
6087,30.445884043000003,30.464889286,30.455404127550004,-0.8607894057796113,0.0076934115788303,0.0001090315909217422,high_energy
6088,30.450895528,30.469901091,30.4604048428,-0.8628139877123285,0.007693411213388401,0.0001090315913394718,high_energy
6089,30.455978549,30.474879724,30.46540216005,-0.8648385696441778,0.007693411340349954,0.00010903159111916115,high_energy
6090,30.460886317000003,30.47989657,30.47039582140001,-0.8668631515761553,0.007693411340708778,0.00010903159115034609,high_energy
6091,30.465910537000003,30.484918334000003,30.475394463150003,-0.8688877335081333,0.007693411350755852,0.00010903159083214916,high_energy
6092,30.470908126,30.489902137,30.480393795199994,-0.8709123154468328,0.007693411450045318,0.00010903159246936768,high_energy
6093,30.47588241,30.494884697000003,30.485392766549996,-0.8729368973727445,0.007693411340850886,0.0001090315911412728,high_energy
6094,30.480880199,30.499888027,30.490393404099997,-0.8749614793048976,0.007693411341932688,0.00010903159114173096,high_energy
6095,30.485902966,30.504887399,30.495393300249997,-0.8769860612364642,0.007693411127138283,0.00010903159069796211,high_energy
6096,30.490892559,30.509883405000004,30.5003903085,-0.87901064316417,0.007693411743597167,0.0001090315926791582,high_energy
6097,30.495890509,30.514887736,30.505390304349998,-0.8810352251016015,0.007693411344327217,0.00010903159115757444,high_energy
6098,30.500907334,30.519906165,30.51039248235,-0.8830598070334839,0.007693411340529366,0.00010903159110295836,high_energy
6099,30.50588744,30.524886400000003,30.515390778,-0.8850843889762359,0.007693411507702308,0.00010903159236513486,high_energy
6100,30.510897141,30.529887466,30.52039096065,-0.8871089708843541,0.0076934110141282375,0.00010903158949907677,high_energy
6101,30.515887016,30.534896326,30.5253933651,-0.8891335528301296,0.007693411341177736,0.00010903159120705954,high_energy
6102,30.520897719,30.539889326,30.530393008749996,-0.8911581347620358,0.0076934113400994875,0.00010903159107546656,high_energy
6103,30.525888786000003,30.544894329,30.535397090300005,-0.8931827166850933,0.007693411547474938,0.00010903159260589451,high_energy
6104,30.530882006,30.549902618,30.54039911350001,-0.8952072986372965,0.007693411068430578,0.0001090315890828102,high_energy
6105,30.53589274,30.554887483,30.5454039921,-0.8972318805584651,0.007693411335118472,0.00010903159127542442,high_energy
6106,30.540933751,30.559890412,30.550408056149998,-0.8992564624906401,0.007693411341998413,0.00010903159111791439,high_energy
6107,30.545897015,30.564887439000003,30.555404579350004,-0.9012810444228425,0.00769341116550315,0.00010903159110529371,high_energy
6108,30.551001145,30.569912971,30.560406945600004,-0.9033056263547519,0.0076934115630907796,0.00010903159095491131,high_energy
6109,30.555993764000004,30.574889820000003,30.565401176450003,-0.9053302082877192,0.007693411225512814,0.00010903159138683411,high_energy
6110,30.560884731,30.579895595000004,30.570397641500005,-0.9073547902193383,0.007693411340964462,0.00010903159112997018,high_energy
6111,30.565917186000004,30.584888986000003,30.575400764850002,-0.9093793721513842,0.007693411341874068,0.00010903159110506822,high_energy
6112,30.570911358000004,30.589889941000003,30.580398064150007,-0.9114039540833161,0.007693411343444478,0.00010903159085524682,high_energy
6113,30.575896303,30.594884734,30.585397878200002,-0.9134285360217582,0.007693411466922595,0.00010903159250604951,high_energy
6114,30.58089275,30.599942547,30.590399401999996,-0.9154531179479475,0.007693411340660816,0.00010903159114544529,high_energy
6115,30.585895619,30.604902765,30.595398134950006,-0.917477699879945,0.007693411341651912,0.00010903159108017788,high_energy
6116,30.590897536000003,30.609901426,30.60039743699999,-0.9195022818118523,0.007693411147727036,0.00010903159077182157,high_energy
6117,30.595890977000003,30.614891931000003,30.605398175650002,-0.9215268637388123,0.00769341170949045,0.00010903159261061579,high_energy
6118,30.600897462,30.619894650000003,30.610397111000005,-0.9235514456766232,0.007693411340973233,0.00010903159120100354,high_energy
6119,30.605886575000003,30.624897298,30.615396667949994,-0.9255760276086165,0.007693411341127998,0.00010903159108054492,high_energy
6120,30.610911816,30.629891831,30.620397008399998,-0.9276006095499572,0.007693411504146042,0.0001090315922919488,high_energy
6121,30.615914515000004,30.634913315,30.62539993235,-0.9296251914605212,0.00769341103594634,0.00010903158957980236,high_energy
6122,30.620898858,30.639981708,30.63040914505001,-0.931649773405032,0.0076934113420410455,0.0001090315912566208,high_energy
6123,30.625894123,30.645114141,30.635449416500002,-0.9333706680472037,0.005668829408999376,7.603518852152164e-05,high_energy
6124,30.630898594,30.650253859000003,30.64052729805,-0.9345854171982421,0.0036442476617706276,3.012715114426218e-05,high_energy
6125,30.635906783000003,30.655387575,30.645631813550004,-0.9352940208928218,0.0016196654750979533,4.098931230921815e-06,medium_energy
6126,30.641003359000003,30.660501173000004,30.650764162150004,-0.9354964790762242,4.5370462942173617e-10,1.8615666176276054e-19,low_energy
6127,30.646170428,30.665616434,30.655893590249995,-0.9354964790762074,4.5370462942173617e-10,1.8619938572213881e-19,low_energy
6128,30.651276192,30.67072858,30.661012971799998,-0.935496479076005,4.5370462942173617e-10,1.862035299347049e-19,low_energy
6129,30.656497544,30.675824965,30.666127254649997,-0.9354964790758646,4.5370462942173617e-10,1.8645394888004982e-19,low_energy
6130,30.661527464,30.680916271,30.671234059400007,-0.9354964790769076,4.4431658352550585e-10,1.8372446489901273e-19,low_energy
6131,30.666642925,30.685890726,30.676314023900012,-0.9354964790760562,4.4431658352550585e-10,1.8399322653831118e-19,low_energy
6132,30.67173891,30.690903574000004,30.68136750185,-0.9354964790760677,4.4431658352550585e-10,1.8402307368898656e-19,low_energy
6133,30.676860223,30.695900341,30.68639579165,-0.9354964790756378,4.4431658352550585e-10,1.838140067945636e-19,low_energy
6134,30.681901524,30.700893211,30.691396067500005,-0.9354964790813252,4.4364312223876823e-10,1.7019514926801416e-19,low_energy
6135,30.686892691,30.705891722,30.696395221250004,-0.9354964790760423,4.4364312223876823e-10,1.8310154742966898e-19,low_energy
6136,30.691888646,30.710893889,30.701394274300004,-0.9354964790760605,4.4364312223876823e-10,1.8311186711167867e-19,low_energy
6137,30.696894681000003,30.715883403000003,30.70639164125,-0.9354964790762885,4.4364312223876823e-10,1.8557834424823858e-19,low_energy
6138,30.701899153000003,30.720885279,30.711389918350005,-0.9354964790702189,4.3402181848506416e-10,1.688791562510309e-19,low_energy
6139,30.706887865,30.725896815,30.7163893592,-0.9354964790761248,4.3402181848506416e-10,1.851683556959537e-19,low_energy
6140,30.711887157000003,30.730896027000004,30.721390116,-0.935496479075797,4.3402181848506416e-10,1.8515299084351064e-19,low_energy
6141,30.716905245000003,30.735891822000003,30.7263917704,-0.9354964790851833,4.3402181848506416e-10,1.4980189960953766e-19,low_energy
6142,30.721887104,30.740892647000003,30.73139290285,-0.9354964790643472,3.6915093204470395e-10,1.2789670227362746e-19,low_energy
6143,30.72689954,30.745890847,30.736394093399998,-0.9354964790764327,4.537383802016848e-10,1.8830173546441613e-19,low_energy
6144,30.731894645,30.750900969000003,30.741393728050003,-0.9354964790764673,4.537383802016848e-10,1.8829836391999235e-19,low_energy
6145,30.736894998,30.755890543000003,30.746393385249995,-0.9354964790676752,4.537383802016848e-10,1.5855192948229734e-19,low_energy
6146,30.741898258000003,30.760895606,30.751398774850003,-0.9354964790860997,4.342020076819608e-10,1.438955260340611e-19,low_energy
6147,30.746892220000003,30.765895799000003,30.756398614400002,-0.9354964790758695,4.342286530345518e-10,1.8141706330111165e-19,low_energy
6148,30.751890961,30.770895362,30.761399736350008,-0.9354964790758299,4.342286530345518e-10,1.8141600471063007e-19,low_energy
6149,30.756980864000003,30.775898411000004,30.766400650399998,-0.9354964790756798,4.342286530345518e-10,1.8139757722477885e-19,low_energy
6150,30.761890898,30.780891321,30.771395151350003,-0.9354964790757115,4.342286530345518e-10,1.8086391947874352e-19,low_energy
6151,30.766901781,30.785892897000004,30.776395014900004,-0.9354964790770431,4.539320030971794e-10,1.8665625501660773e-19,low_energy
6152,30.771897897,30.790885707,30.7813916494,-0.9354964790762118,4.539320030971794e-10,1.8698193180696852e-19,low_energy
6153,30.776891379,30.795882434000003,30.786389723599996,-0.9354964790763193,4.539320030971794e-10,1.8697167828438102e-19,low_energy
6154,30.781886663,30.80089982,30.79138993135,-0.9354964790761485,4.539320030971794e-10,1.8750352695939288e-19,low_energy
6155,30.786881386,30.805904483000003,30.796389758399993,-0.9354964790820425,4.4465420234729436e-10,1.7211744273076823e-19,low_energy
6156,30.791883974,30.810880761000004,30.801389795800002,-0.9354964790764766,4.4465420234729436e-10,1.8556559696828998e-19,low_energy
6157,30.796887785000003,30.815886255,30.8063890528,-0.9354964790763001,4.4465420234729436e-10,1.8557506464031478e-19,low_energy
6158,30.801883590000003,30.820901387000003,30.811388326750006,-0.9354964790755738,4.4465420234729436e-10,1.8836971768890003e-19,low_energy
6159,30.806888303,30.825885681000003,30.8163871399,-0.9354964790707024,4.5486903132996304e-10,1.8013340243232058e-19,low_energy
6160,30.811882956,30.830885153,30.821387358200006,-0.9354964790760484,4.5486903132996304e-10,1.8989132461991003e-19,low_energy
6161,30.816893008,30.835886879,30.826389786599997,-0.9354964790758918,4.5486903132996304e-10,1.8990294641590746e-19,low_energy
6162,30.821896498,30.840887784000003,30.831392859749997,-0.9354964790856979,4.5486903132996304e-10,1.5369384012207113e-19,low_energy
6163,30.826887996000004,30.845912645,30.836397077049998,-0.9354964790630158,3.769570211531459e-10,1.244511627074278e-19,low_energy
6164,30.831881907000003,30.850954728,30.841403499000005,-0.9354964790761443,4.5821024752257244e-10,1.92805571015743e-19,low_energy
6165,30.836915324000003,30.855906319,30.846404330400002,-0.9354964790761413,4.5821024752257244e-10,1.928119867024781e-19,low_energy
6166,30.841905789,30.860932402000003,30.851407827850004,-0.9354964790677928,4.5821024752257244e-10,1.6311980698033483e-19,low_energy
6167,30.846881286,30.865887911,30.8564042088,-0.9354964790864161,4.308534640173889e-10,1.4353638295304432e-19,low_energy
6168,30.851888834,30.870901801,30.861405586750003,-0.9354964790761271,4.4342918226192296e-10,1.7922456756919459e-19,low_energy
6169,30.856960883000003,30.875899460000003,30.866403660550002,-0.9354964790760851,4.4342918226192296e-10,1.7922268896138888e-19,low_energy
6170,30.861891065,30.880885306000003,30.8713969186,-0.9354964790757879,4.4342918226192296e-10,1.7920788919985335e-19,low_energy
6171,30.866899093,30.885932729,30.8763997137,-0.9354964790758956,4.4342918226192296e-10,1.828903201210321e-19,low_energy
6172,30.871888497,30.89089395,30.881396603699994,-0.9354964790767999,4.348451598801262e-10,1.8090718659900432e-19,low_energy
6173,30.876897266,30.895884154,30.886400411649998,-0.9354964790760103,4.348451598801262e-10,1.8119684954990894e-19,low_energy
6174,30.881884686000003,30.900907993,30.891401385900004,-0.9354964790759865,4.348451598801262e-10,1.8119814305990172e-19,low_energy
6175,30.88691142,30.905884662,30.896399295350005,-0.9354964790756671,4.348451598801262e-10,1.809639616034911e-19,low_energy
6176,30.891909299,30.91089217,30.901395620800002,-0.935496479081442,4.537952236205456e-10,1.7521161181296156e-19,low_energy
6177,30.896900246,30.915891261,30.906391979249996,-0.9354964790762719,4.537952236205456e-10,1.8630447685516505e-19,low_energy
6178,30.901904867,30.920886486,30.91139273555,-0.9354964790761333,4.537952236205456e-10,1.8631746426539626e-19,low_energy
6179,30.906884743000003,30.925880908000003,30.916390145499996,-0.9354964790759803,4.537952236205456e-10,1.8352771290134666e-19,low_energy
6180,30.911892491000003,30.930875882,30.921388260700002,-0.9354964790707113,4.440892098500626e-10,1.6891482727049496e-19,low_energy
6181,30.916935175000003,30.93589399,30.926388961900006,-0.9354964790761084,4.440892098500626e-10,1.8350579284075287e-19,low_energy
6182,30.921878201,30.940894674000003,30.931387095149994,-0.9354964790758971,4.440892098500626e-10,1.8354624332708721e-19,low_energy
6183,30.926883724000003,30.945888686000004,30.9363888142,-0.935496479085342,4.440892098500626e-10,1.5105898982159804e-19,low_energy
6184,30.931887034000003,30.950885885,30.941392113300004,-0.9354964790640459,3.693312322639031e-10,1.2435363506836e-19,low_energy
6185,30.936887608000003,30.955888483000003,30.9463907957,-0.9354964790762146,4.431272015992249e-10,1.8506881651249611e-19,low_energy
6186,30.941889465000003,30.960914505,30.951396225849997,-0.9354964790763436,4.431272015992249e-10,1.8506907576539568e-19,low_energy
6187,30.94690081,30.965891145,30.956396693099997,-0.9354964790676901,4.431272015992249e-10,1.5535585098287294e-19,low_energy
6188,30.951900914000003,30.970894745000003,30.961395754150004,-0.9354964790859326,4.230952255213083e-10,1.4053458576933897e-19,low_energy
6189,30.956970809,30.975888877000003,30.966394775599998,-0.935496479075959,4.343120307837012e-10,1.8134957533603508e-19,low_energy
6190,30.961909897,30.980907976,30.971390313000008,-0.9354964790756359,4.343120307837012e-10,1.813372262593773e-19,low_energy
6191,30.96688324,30.985900195000003,30.976394152650006,-0.9354964790759095,4.343120307837012e-10,1.8135587435059975e-19,low_energy
6192,30.971880458,30.990891662000003,30.9813967945,-0.9354964790758373,4.343120307837012e-10,1.835180713833973e-19,low_energy
6193,30.97687965,30.995895252,30.98640007155,-0.9354964790769585,4.440190437549063e-10,1.826081807152206e-19,low_energy
6194,30.981891927000003,31.000909342000003,30.991402866250002,-0.935496479076346,4.440190437549063e-10,1.8287868636092367e-19,low_energy
6195,30.986906818,31.005922681,30.996401051200003,-0.935496479076075,4.440190437549063e-10,1.8286541652529963e-19,low_energy
6196,30.991893566,31.010939747,31.001404343799997,-0.9354964790757325,4.440190437549063e-10,1.8283099918627821e-19,low_energy
6197,30.996926192000004,31.015891769000003,31.006404087199996,-0.9354964790815907,4.4418957401148873e-10,1.729664527508671e-19,low_energy
6198,31.001894265,31.020897533000003,31.011401990999996,-0.9354964790761914,4.4418957401148873e-10,1.8480622095331063e-19,low_energy
6199,31.006940024,31.025895293,31.016402830400004,-0.9354964790760562,4.4418957401148873e-10,1.8481894199092607e-19,low_energy
6200,31.011892999,31.030919752000003,31.021400023400002,-0.9354964790759889,4.4418957401148873e-10,1.828063051735333e-19,low_energy
6201,31.016896248,31.035901942,31.026400363400008,-0.9354964790704798,4.431636169144326e-10,1.6994649869835542e-19,low_energy
6202,31.021892795000003,31.040905261,31.031400507050005,-0.935496479076056,4.431636169144326e-10,1.8070736812779219e-19,low_energy
6203,31.026894672,31.045909743000003,31.036400417699998,-0.9354964790759878,4.431636169144326e-10,1.807065292069572e-19,low_energy
6204,31.031892602000003,31.050903926000004,31.04139830465,-0.9354964790851064,4.431636169144326e-10,1.4594228891721854e-19,low_energy
6205,31.036888527,31.055880986,31.0463947924,-0.9354964790639198,3.642269819081889e-10,1.18603777600118e-19,low_energy
6206,31.041883972,31.060885518000003,31.051398849500004,-0.9354964790762315,4.4388237530057495e-10,1.8382345335238114e-19,low_energy
6207,31.046900707,31.065885761,31.0563959434,-0.9354964790761562,4.4388237530057495e-10,1.838729946504387e-19,low_energy
6208,31.051883989,31.070887228000004,31.06139533055,-0.9354964790679275,4.4388237530057495e-10,1.5581538506678534e-19,low_energy
6209,31.056995713000003,31.075880879000003,31.066394213749998,-0.9354964790862041,4.2631842500640005e-10,1.438941232839044e-19,low_energy
6210,31.061881090000004,31.080926949,31.071394052799995,-0.9354964790761681,4.4344516947347756e-10,1.8527913415203496e-19,low_energy
6211,31.066883688,31.085887809000003,31.076399869600003,-0.9354964790761369,4.4344516947347756e-10,1.8527608396104636e-19,low_energy
6212,31.071887328000003,31.090886460000004,31.08139859855,-0.9354964790760437,4.4344516947347756e-10,1.8527708074580444e-19,low_energy
6213,31.076913822,31.095884208,31.086403403949998,-0.9354964790758353,4.4344516947347756e-10,1.830560619804902e-19,low_energy
6214,31.08192183,31.100890454,31.091396983649997,-0.9354964790770474,4.439000278466665e-10,1.848349824298881e-19,low_energy
6215,31.086885054000003,31.105908231,31.0963913845,-0.935496479076145,4.439000278466665e-10,1.8512646988017287e-19,low_energy
6216,31.091919463000004,31.11088502,31.101392933799996,-0.9354964790759739,4.439000278466665e-10,1.851670664125051e-19,low_energy
6217,31.096886694,31.115890364,31.1063908563,-0.935496479075751,4.439000278466665e-10,1.873533929620274e-19,low_energy
6218,31.101886116000003,31.120909523,31.111393691950003,-0.9354964790815734,4.534788100585274e-10,1.7591024178567687e-19,low_energy
6219,31.106926356,31.125899748,31.11639422525001,-0.9354964790763001,4.534788100585274e-10,1.8820267054141071e-19,low_energy
6220,31.111887616,31.130887929000004,31.1213931811,-0.9354964790760366,4.534788100585274e-10,1.8818849554304424e-19,low_energy
6221,31.116884934,31.135890087000003,31.126392752100003,-0.9354964790763454,4.534788100585274e-10,1.8819859061018622e-19,low_energy
6222,31.121896078,31.140886253,31.131393627700003,-0.9354964790701532,4.340536818858709e-10,1.6805566912095672e-19,low_energy
6223,31.126883378,31.145895914,31.136395176999997,-0.9354964790759969,4.340536818858709e-10,1.8338294703431568e-19,low_energy
6224,31.13187753,31.150883083000004,31.141398515700008,-0.9354964790761393,4.340536818858709e-10,1.833721487876808e-19,low_energy
6225,31.136929502,31.155880381000003,31.14639674365001,-0.9354964790850773,4.340536818858709e-10,1.4829070876973075e-19,low_energy
6226,31.141913685,31.160913277,31.1514037632,-0.935496479064257,3.6969083350157916e-10,1.2645691730609124e-19,low_energy
6227,31.146896566,31.165875729000003,31.156399871200005,-0.9354964790761919,4.441556011869352e-10,1.8548425702357981e-19,low_energy
6228,31.151878706,31.170895851,31.161398361099998,-0.9354964790760839,4.441556011869352e-10,1.854925592339577e-19,low_energy
6229,31.157044633,31.175883381,31.166398823399998,-0.9354964790676114,4.441556011869352e-10,1.5564274134242383e-19,low_energy
6230,31.161900123,31.18088665,31.17138681855,-0.935496479086086,4.262323827219916e-10,1.4286034667840063e-19,low_energy
6231,31.166902911,31.185881784000003,31.176387183099997,-0.9354964790760822,4.3500036905896877e-10,1.8347833337495795e-19,low_energy
6232,31.171888327,31.190890795,31.18138587309999,-0.9354964790760117,4.3500036905896877e-10,1.8348379977391728e-19,low_energy
6233,31.176877831,31.195895667,31.186388365099997,-0.9354964790759712,4.3500036905896877e-10,1.8348242181985284e-19,low_energy
6234,31.181890308000003,31.200899388000003,31.191390485550006,-0.9354964790758451,4.3500036905896877e-10,1.8113153964058922e-19,low_energy
6235,31.18688434,31.205891115000004,31.1963910354,-0.9354964790770792,4.5396142400733197e-10,1.8595517636889667e-19,low_energy
6236,31.191889373,31.210886620000004,31.201390222649998,-0.935496479076361,4.5396142400733197e-10,1.8621750474693328e-19,low_energy
6237,31.196887663,31.215894188000004,31.206388628550002,-0.9354964790762607,4.5396142400733197e-10,1.8623280595932937e-19,low_energy
6238,31.201879831000003,31.22089361,31.211389403800002,-0.9354964790758549,4.5396142400733197e-10,1.8851702493366952e-19,low_energy
6239,31.206895775000003,31.225884126,31.2163898345,-0.9354964790814713,4.3408554528667764e-10,1.6994518041077162e-19,low_energy
6240,31.211883525,31.230888958,31.221390237150008,-0.9354964790759673,4.3408554528667764e-10,1.8334297876026238e-19,low_energy
6241,31.216887616,31.235889593000003,31.226391949750003,-0.9354964790758565,4.3408554528667764e-10,1.8330011453491938e-19,low_energy
6242,31.2218933,31.240894696,31.231393405900008,-0.9354964790759267,4.3408554528667764e-10,1.8115785174555745e-19,low_energy
6243,31.226885198,31.245890902000003,31.236395675049998,-0.9354964790704774,4.434009825970975e-10,1.7142531191091867e-19,low_energy
6244,31.231886494,31.250923427000004,31.2413989576,-0.9354964790760609,4.434009825970975e-10,1.8302618124509717e-19,low_energy
6245,31.236898099,31.255889436,31.2463988352,-0.9354964790759593,4.434009825970975e-10,1.8303287199866895e-19,low_energy
6246,31.241897091,31.260890401,31.25140402335,-0.9354964790852881,4.434009825970975e-10,1.4978984215218772e-19,low_energy
6247,31.246887736,31.265885144,31.2564037897,-0.9354964790639311,3.688356287057104e-10,1.233538323376554e-19,low_energy
6248,31.251892970000004,31.270889997,31.2614021494,-0.9354964790761591,4.3510883784847465e-10,1.8330866197000662e-19,low_energy
6249,31.257013321,31.275877747000003,31.266400250700002,-0.9354964790760285,4.3510883784847465e-10,1.8331859262831774e-19,low_energy
6250,31.261901953,31.280894392,31.271393631050007,-0.9354964790676483,4.3510883784847465e-10,1.5378495311566324e-19,low_energy
6251,31.266891707000003,31.285900146000003,31.276394835200005,-0.9354964790862541,4.1707515219258084e-10,1.4059388469370264e-19,low_energy
6252,31.271893995000003,31.290892455,31.281397529199996,-0.9354964790767794,4.542047848943298e-10,1.882390492623156e-19,low_energy
6253,31.276877337,31.295890675000003,31.2864000733,-0.9354964790765873,4.542047848943298e-10,1.882719939925305e-19,low_energy
6254,31.281893741,31.300922118000003,31.2914020965,-0.9354964790762974,4.542047848943298e-10,1.8823926268042443e-19,low_energy
6255,31.286897161,31.305882727,31.29639969585,-0.9354964790762592,4.542047848943298e-10,1.917600579206208e-19,low_energy
6256,31.291903857,31.310883361,31.301394879549996,-0.9354964790770476,4.453761803802081e-10,1.9054047039543857e-19,low_energy
6257,31.296889594000003,31.315879918,31.30639398225,-0.935496479076277,4.453761803802081e-10,1.9085646095390733e-19,low_energy
6258,31.301903563000003,31.32090037,31.3113914277,-0.935496479076315,4.453761803802081e-10,1.9085148925002842e-19,low_energy
6259,31.306893437000003,31.325889172000004,31.316393065150002,-0.935496479075731,4.453761803802081e-10,1.8791115296095344e-19,low_energy
6260,31.311884113,31.330909754,31.3213958874,-0.935496479081625,4.675967391065683e-10,1.8318028405538097e-19,low_energy
6261,31.316877835000003,31.335888367000003,31.326396877600008,-0.9354964790763771,4.675967391065683e-10,1.959934747099056e-19,low_energy
6262,31.321898317,31.340930881,31.3314009056,-0.9354964790761692,4.675967391065683e-10,1.9600367699653197e-19,low_energy
6263,31.326889013,31.345894095,31.33640047865,-0.9354964790763327,4.675967391065683e-10,1.957444160240436e-19,low_energy
6264,31.331895799,31.350896132000003,31.341399471050003,-0.9354964790706541,4.436450096179101e-10,1.7317332661970194e-19,low_energy
6265,31.336901383,31.355892168,31.346399265949998,-0.935496479076263,4.436450096179101e-10,1.8714759528224884e-19,low_energy
6266,31.341902358,31.360892161,31.351399602900006,-0.9354964790762308,4.436450096179101e-10,1.8719486340891548e-19,low_energy
6267,31.34689639,31.365898126,31.356399512050007,-0.935496479085355,4.436450096179101e-10,1.5214051946863764e-19,low_energy
6268,31.351891133,31.370884093,31.36139758475,-0.9354964790640903,3.6928682334291807e-10,1.2545427920125587e-19,low_energy
6269,31.356958734000003,31.375883946,31.3663939989,-0.9354964790764235,4.531948150088283e-10,1.8859875643582553e-19,low_energy
6270,31.361897462,31.380880222,31.37138622205,-0.9354964790762853,4.531948150088283e-10,1.8856826975549103e-19,low_energy
6271,31.366883198000004,31.385883692000004,31.376384451550003,-0.9354964790678182,4.531948150088283e-10,1.5874959496348742e-19,low_energy
6272,31.371891097,31.390888705,31.38138479455,-0.9354964790862527,4.360636296496523e-10,1.464670605983818e-19,low_energy
6273,31.376878586000004,31.395881114,31.38638657825,-0.9354964790761541,4.3567016660972513e-10,1.8407048427298723e-19,low_energy
6274,31.381882577,31.400901436,31.391390767050005,-0.9354964790761275,4.3567016660972513e-10,1.840725595268561e-19,low_energy
6275,31.386883402,31.405876642000003,31.396389780550003,-0.9354964790760333,4.3567016660972513e-10,1.8404691113460806e-19,low_energy
6276,31.391881091,31.410916561,31.401394105650002,-0.9354964790757352,4.3567016660972513e-10,1.8160064695388088e-19,low_energy
6277,31.396894049000004,31.415889784,31.406395083850008,-0.9354964790769597,4.5388059977113926e-10,1.8643121034433032e-19,low_energy
6278,31.401885857000003,31.42089122,31.411393498149998,-0.9354964790761671,4.5388059977113926e-10,1.866977719649243e-19,low_energy
6279,31.406893144,31.425882657,31.416393094249997,-0.9354964790759992,4.5388059977113926e-10,1.8672249068134148e-19,low_energy
6280,31.411890763,31.430880005,31.42138984535,-0.9354964790757482,4.5388059977113926e-10,1.8630739346858308e-19,low_energy
6281,31.416880707,31.435894235000003,31.426390028550003,-0.935496479081705,4.4417447497835383e-10,1.7152691281176179e-19,low_energy
6282,31.421890178,31.440890251000003,31.431390944150003,-0.9354964790761361,4.4417447497835383e-10,1.848988343200386e-19,low_energy
6283,31.426879481,31.445901596,31.436394838349997,-0.9354964790761204,4.4417447497835383e-10,1.8485671700157432e-19,low_energy
6284,31.431895876,31.450892973,31.441393971149996,-0.935496479076312,4.4417447497835383e-10,1.874822064852998e-19,low_energy
6285,31.436893585000004,31.455893748,31.44639326665,-0.9354964790709419,4.537915598845643e-10,1.7889737910445195e-19,low_energy
6286,31.441893167000003,31.460895976000003,31.451398451800003,-0.9354964790763194,4.537915598845643e-10,1.8958773919051206e-19,low_energy
6287,31.446903821000003,31.465896169,31.45639592035,-0.9354964790762013,4.537915598845643e-10,1.8959526602434163e-19,low_energy
6288,31.451883756,31.470888759,31.461395650150003,-0.9354964790853639,4.537915598845643e-10,1.5614727960864678e-19,low_energy
6289,31.456983989,31.475883302000003,31.466392794650005,-0.935496479063584,3.746559729123078e-10,1.2464728616264012e-19,low_energy
6290,31.461892981,31.480879107000003,31.471387470450004,-0.9354964790760935,4.339160142308174e-10,1.8553904354459554e-19,low_energy
6291,31.466892222,31.485883729,31.476386681850006,-0.9354964790760458,4.339160142308174e-10,1.8554397267649868e-19,low_energy
6292,31.471876015000003,31.490881418,31.481384892300003,-0.9354964790674496,4.339160142308174e-10,1.53770947142517e-19,low_energy
6293,31.476900094,31.495883295,31.4863899016,-0.9354964790858894,4.1026204655736365e-10,1.3671404320769241e-19,low_energy
6294,31.481876864000004,31.500897185000003,31.4913890719,-0.9354964790762119,4.539824072224974e-10,1.8424935543856348e-19,low_energy
6295,31.486881746,31.505880366000003,31.496387593950004,-0.9354964790761287,4.539824072224974e-10,1.8425688782255953e-19,low_energy
6296,31.491892159,31.510887573,31.501389359150004,-0.9354964790761541,4.539824072224974e-10,1.8425710727136207e-19,low_energy
6297,31.496889327,31.515881415000003,31.506385642000005,-0.9354964790760054,4.539824072224974e-10,1.8942986709527918e-19,low_energy
6298,31.501884251000003,31.520889003,31.5113854044,-0.935496479077008,4.451276014449945e-10,1.867313569376204e-19,low_energy
6299,31.506907388,31.525887864,31.51638671125,-0.9354964790762009,4.451276014449945e-10,1.8704169071220637e-19,low_energy
6300,31.511882424000003,31.530899579000003,31.521388398799996,-0.9354964790760091,4.451276014449945e-10,1.8704743917624632e-19,low_energy
6301,31.516880323,31.535891357,31.526392305050003,-0.9354964790757293,4.451276014449945e-10,1.860336163073009e-19,low_energy
6302,31.521889164,31.540929893,31.531396855500002,-0.9354964790813064,4.5767922784989423e-10,1.7866332187367819e-19,low_energy
6303,31.526896711000003,31.545886124000003,31.536398018550006,-0.93549647907606,4.5767922784989423e-10,1.9138432442379171e-19,low_energy
6304,31.531914919,31.550885827,31.541397238000002,-0.9354964790760592,4.5767922784989423e-10,1.9138551298319965e-19,low_energy
6305,31.536894684000004,31.555882554000004,31.54639502965,-0.9354964790760899,4.5767922784989423e-10,1.8882852749540718e-19,low_energy
6306,31.541883426,31.560890773,31.551403392349993,-0.9354964790703161,4.343824189234624e-10,1.6605260949240866e-19,low_energy
6307,31.546888419,31.565882450000004,31.556403189800005,-0.9354964790761745,4.343824189234624e-10,1.784320726238649e-19,low_energy
6308,31.551886398,31.570889357,31.561402800400003,-0.9354964790760206,4.343824189234624e-10,1.784420503822257e-19,low_energy
6309,31.557104324,31.575885373,31.566402297800003,-0.935496479085011,4.343824189234624e-10,1.44445692541089e-19,low_energy
6310,31.561887638,31.580900965,31.57139047325,-0.9354964790643698,3.648812363366005e-10,1.2158590485461887e-19,low_energy
6311,31.566887511,31.585883335,31.576390088350003,-0.9354964790762554,4.433404754422554e-10,1.804966774956012e-19,low_energy
6312,31.571880080000003,31.590880303,31.581389202999997,-0.9354964790761349,4.433404754422554e-10,1.8050670641631254e-19,low_energy
6313,31.576888199000003,31.595879725000003,31.586388546100004,-0.9354964790678515,4.433404754422554e-10,1.5229327936397533e-19,low_energy
6314,31.581884916000003,31.600903313000003,31.59138726705,-0.9354964790859495,4.2330861038664125e-10,1.3812152442766838e-19,low_energy
6315,31.586891492000003,31.605903958000003,31.59639008075,-0.9354964790759832,4.340243719980208e-10,1.7861496480098977e-19,low_energy
6316,31.591892256,31.610878764,31.60138919145,-0.9354964790759073,4.340243719980208e-10,1.7862043111785826e-19,low_energy
6317,31.596880117,31.615882905000003,31.606389362600005,-0.9354964790758927,4.340243719980208e-10,1.786213510976395e-19,low_energy
6318,31.601880892,31.620882617000003,31.61138950420001,-0.9354964790757176,4.340243719980208e-10,1.78586142460675e-19,low_energy
6319,31.606892337,31.625893051,31.616386277900006,-0.9354964790769749,4.535946063199958e-10,1.8554703737327114e-19,low_energy
6320,31.611891548000003,31.630881693000003,31.621386374399997,-0.935496479076271,4.535946063199958e-10,1.8586941764901376e-19,low_energy
6321,31.616883346,31.635890693,31.626388386549998,-0.9354964790760188,4.535946063199958e-10,1.858859274364253e-19,low_energy
6322,31.621884822,31.640901316,31.631388766100002,-0.935496479075691,4.535946063199958e-10,1.8582438307142415e-19,low_energy
