demonstration,phase,start_index,end_index,start_time_sec,end_time_sec,duration_sec,samples,signal,position_label,position_slope,position_change,position_intercept,position_start_value,position_end_value,position_mean_value,position_valid_samples,velocity_label,velocity_slope,velocity_change,velocity_intercept,velocity_start_value,velocity_end_value,velocity_mean_value,velocity_valid_samples
demo_12_labeled,approach,0,4,0.0,0.1333332,0.1333332,5,joint_1,constant,-3.0065686865686877e-07,-4.008754240000002e-08,-5.177408000000002e-10,0.0,-4.037404e-08,-2.0561512e-08,5,constant,-1.576928386928387e-06,-2.1025690800000004e-07,-1.2803566400000005e-07,0.0,-2.8222178e-07,-2.3316411800000001e-07,5
demo_12_labeled,approach,0,4,0.0,0.1333332,0.1333332,5,joint_2,constant,0.0,0.0,-0.569,-0.569,-0.569,-0.569,5,constant,1.774160674160675e-06,2.3655452000000013e-07,1.0155229600000002e-07,0.0,2.8262485e-07,2.1982955599999998e-07,5
demo_12_labeled,approach,0,4,0.0,0.1333332,0.1333332,5,joint_3,constant,4.012582252582253e-07,5.350104320000001e-08,-8.781619999998855e-11,0.0,5.3422553e-08,2.66627054e-08,5,constant,2.173445683445684e-06,2.897924680000001e-07,1.7721354200000002e-07,0.0,3.8894717e-07,3.22109776e-07,5
demo_12_labeled,approach,0,4,0.0,0.1333332,0.1333332,5,joint_4,constant,-2.4323792101744574e-15,-3.24316903706033e-16,-2.8100000000000005,-2.81,-2.81,-2.81,5,constant,-7.534237624237624e-08,-1.004564012e-08,9.472199639999997e-09,0.0,-1.1681549e-09,4.44937958e-09,5
demo_12_labeled,approach,0,4,0.0,0.1333332,0.1333332,5,joint_5,constant,1.2909168729168731e-07,1.7212207760000006e-08,-1.1225835999999907e-10,0.0,1.7170192e-08,8.493845519999998e-09,5,constant,7.713481713481716e-07,1.0284632000000004e-07,4.9988218000000014e-08,0.0,1.274992e-07,1.01411378e-07,5
demo_12_labeled,approach,0,4,0.0,0.1333332,0.1333332,5,joint_6,constant,4.864758420348915e-15,6.48633807412066e-16,3.0369999999999995,3.037,3.037,3.037,5,constant,-1.1674793044793043e-08,-1.556637516e-09,1.2209868199999996e-09,0.0,-3.7920161e-10,4.42668062e-10,5
demo_12_labeled,approach,0,4,0.0,0.1333332,0.1333332,5,joint_7,constant,-1.824284407630843e-15,-2.4323767777952473e-16,0.7410000000000002,0.741,0.741,0.741,5,constant,3.291780771780773e-06,4.389036640000002e-07,2.1941895400000003e-07,0.0,5.4860453e-07,4.38870786e-07,5
demo_12_labeled,approach,0,4,0.0,0.1333332,0.1333332,5,finger_1,constant,0.0,0.0,0.04000000000000001,0.04,0.04,0.04,5,constant,3.971911757911758e-12,5.295877048000001e-13,-5.735176192e-13,0.0,3.5679596e-14,-3.0872376680000004e-13,5
demo_12_labeled,approach,0,4,0.0,0.1333332,0.1333332,5,finger_2,constant,0.0,0.0,0.04000000000000001,0.04,0.04,0.04,5,constant,4.3852721278721295e-10,5.847023656800003e-11,-5.862561680400001e-11,0.0,-2.3198059e-13,-2.939049852e-11,5
demo_12_labeled,approach,5,9,0.1666665,0.2999997,0.13333319999999999,5,joint_1,constant,-2.943501963501967e-07,-3.9246653600000036e-08,-1.1270667999999228e-09,-5.0185403e-08,-8.943205e-08,-6.980871059999999e-08,5,constant,-1.8420018420609254e-11,-2.4560000000787777e-12,-2.8223989799999986e-07,-2.8224198e-07,-2.8224488e-07,-2.82244196e-07,5
demo_12_labeled,approach,5,9,0.1666665,0.2999997,0.13333319999999999,5,joint_2,constant,-2.4323792101744574e-15,-3.243169037060329e-16,-0.5689999999999994,-0.569,-0.569,-0.569,5,constant,1.0089010089120053e-10,1.3452000000146618e-11,2.8269842899999976e-07,2.8271003e-07,2.8272567e-07,2.8272197000000003e-07,5
demo_12_labeled,approach,5,9,0.1666665,0.2999997,0.13333319999999999,5,joint_3,constant,4.008662988662991e-07,5.344878640000003e-08,-2.606340000007947e-11,6.678491e-08,1.202337e-07,9.35093128e-08,5,constant,-1.2150012147379461e-11,-1.619999999648975e-12,3.889346329999993e-07,3.8893322e-07,3.8893137e-07,3.88931798e-07,5
demo_12_labeled,approach,5,9,0.1666665,0.2999997,0.13333319999999999,5,joint_4,constant,-1.2161896050872286e-14,-1.6215845185301646e-15,-2.809999999999997,-2.81,-2.81,-2.81,5,constant,-8.196548196549088e-11,-1.0928720000001188e-11,-1.2274512999999979e-09,-1.2368611e-09,-1.2495408e-09,-1.2465765599999998e-09,5
demo_12_labeled,approach,5,9,0.1666665,0.2999997,0.13333319999999999,5,joint_5,constant,1.3151509151509168e-07,1.753532800000002e-08,-3.6535720000003806e-10,2.1553818e-08,3.908914e-08,3.03214668e-08,5,constant,1.368001368090489e-11,1.824000000118828e-12,1.2750986599999981e-07,1.2751141e-07,1.2751354e-07,1.27513058e-07,5
demo_12_labeled,approach,5,9,0.1666665,0.2999997,0.13333319999999999,5,joint_6,constant,9.72951684069783e-15,1.2972676148241317e-15,3.0369999999999973,3.037,3.037,3.037,5,constant,-1.1224181224183693e-11,-1.496556000000329e-12,-3.877624789999995e-10,-3.8909043e-10,-3.908434e-10,-3.90381452e-10,5
demo_12_labeled,approach,5,9,0.1666665,0.2999997,0.13333319999999999,5,joint_7,constant,1.2161896050872287e-15,1.6215845185301646e-16,0.7409999999999995,0.741,0.741,0.741,5,constant,9.000009026195933e-13,1.2000000034915874e-13,5.486045359999994e-07,5.4860465e-07,5.486048e-07,5.48604746e-07,5
demo_12_labeled,approach,5,9,0.1666665,0.2999997,0.13333319999999999,5,finger_1,constant,7.60118503179518e-17,1.0134903240813529e-17,0.03999999999999998,0.04,0.04,0.04,5,constant,2.4544565644565643e-13,3.2726054799999994e-14,-9.44891283e-14,-5.521387e-14,-1.6138444e-14,-3.7218532400000004e-14,5
demo_12_labeled,approach,5,9,0.1666665,0.2999997,0.13333319999999999,5,finger_2,constant,7.60118503179518e-17,1.0134903240813529e-17,0.03999999999999998,0.04,0.04,0.04,5,constant,-4.606049176049181e-12,-6.141392760000006e-13,2.79222179000001e-13,-2.9233284e-13,-9.726473e-13,-7.95521554e-13,5
demo_12_labeled,approach,10,14,0.333333,0.4666662,0.13333319999999999,5,joint_1,constant,-2.9435060435060457e-07,-3.9246708000000027e-08,-1.1269721999999092e-09,-9.9243735e-08,-1.3849044e-07,-1.1886709619999998e-07,5,constant,-6.000006150846565e-14,-8.000000201120552e-15,-2.822448599999993e-07,-2.8224488e-07,-2.8224488e-07,-2.82244884e-07,5
demo_12_labeled,approach,10,14,0.333333,0.4666662,0.13333319999999999,5,joint_2,constant,-2.432379210174457e-15,-3.2431690370603286e-16,-0.5689999999999988,-0.569,-0.569,-0.569,5,constant,0.0,0.0,2.8272566999999995e-07,2.8272567e-07,2.8272567e-07,2.8272567e-07,5
demo_12_labeled,approach,10,14,0.333333,0.4666662,0.13333319999999999,5,joint_3,constant,4.008633108633111e-07,5.344838800000003e-08,-2.518000000012543e-11,1.3359579e-07,1.8704418e-07,1.6031998400000002e-07,5,constant,3.9000039067121753e-13,5.200000008944357e-14,3.889311859999997e-07,3.889313e-07,3.889314e-07,3.8893134200000003e-07,5
demo_12_labeled,approach,10,14,0.333333,0.4666662,0.13333319999999999,5,joint_4,constant,-9.729516840697828e-15,-1.2972676148241315e-15,-2.8099999999999965,-2.81,-2.81,-2.81,5,constant,-8.370008370045261e-14,-1.1160000000049187e-14,-1.2495416399999999e-09,-1.2495731e-09,-1.2495812e-09,-1.2495751200000001e-09,5
demo_12_labeled,approach,10,14,0.333333,0.4666662,0.13333319999999999,5,joint_5,constant,1.3151532551532543e-07,1.7535359199999987e-08,-3.6541179999997274e-10,4.3472983e-08,6.100834e-08,5.22406658e-08,5,constant,3.0000030174308434e-14,4.0000000232371005e-15,1.2751353999999993e-07,1.2751353e-07,1.2751354e-07,1.27513552e-07,5
demo_12_labeled,approach,10,14,0.333333,0.4666662,0.13333319999999999,5,joint_6,constant,9.729516840697828e-15,1.2972676148241315e-15,3.0369999999999964,3.037,3.037,3.037,5,constant,3.10830310831149e-13,4.144400000011175e-14,-3.9093989400000036e-10,-3.9082163e-10,-3.9078246e-10,-3.9081556199999996e-10,5
demo_12_labeled,approach,10,14,0.333333,0.4666662,0.13333319999999999,5,joint_7,constant,3.040474012718071e-15,4.053961296325411e-16,0.7409999999999987,0.741,0.741,0.741,5,constant,-1.800001784361908e-13,-2.3999999791468313e-14,5.486048279999994e-07,5.4860476e-07,5.4860476e-07,5.48604756e-07,5
demo_12_labeled,approach,10,14,0.333333,0.4666662,0.13333319999999999,5,finger_1,constant,0.0,0.0,0.039999999999999994,0.04,0.04,0.04,5,constant,-2.2717933717933746e-14,-3.0290548000000033e-15,1.1301811000000114e-15,-4.5778675e-15,-6.441401e-15,-7.9569833e-15,5
demo_12_labeled,approach,10,14,0.333333,0.4666662,0.13333319999999999,5,finger_2,constant,0.0,0.0,0.039999999999999994,0.04,0.04,0.04,5,constant,6.44514644514621e-14,8.593519999999686e-15,-9.70689399999999e-13,-9.17304e-13,-9.398868e-13,-9.449088400000001e-13,5
demo_12_labeled,approach,15,19,0.4999995,0.6333327000000001,0.1333332000000001,5,joint_1,constant,-2.9435000435000397e-07,-3.9246627999999975e-08,-1.1272350000001452e-09,-1.4830209e-07,-1.8754872e-07,-1.67925404e-07,5,constant,-3.0000029942338656e-13,-3.999999992307831e-14,-2.822447120000001e-07,-2.8224483e-07,-2.8224486e-07,-2.82244882e-07,5
demo_12_labeled,approach,15,19,0.4999995,0.6333327000000001,0.1333332000000001,5,joint_2,constant,2.4323792101744554e-15,3.243169037060329e-16,-0.569000000000001,-0.569,-0.569,-0.569,5,constant,2.8996219756298726e-22,3.866158768010532e-23,2.827256639999997e-07,2.8272567e-07,2.8272567e-07,2.8272566400000004e-07,5
demo_12_labeled,approach,15,19,0.4999995,0.6333327000000001,0.1333332000000001,5,joint_3,constant,4.0086412086412016e-07,5.344849599999994e-08,-2.560999999975296e-11,2.0040628e-07,2.538548e-07,2.27130498e-07,5,constant,1.800001781462285e-13,2.3999999752806733e-14,3.889312700000008e-07,3.889313e-07,3.8893134e-07,3.88931372e-07,5
demo_12_labeled,approach,15,19,0.4999995,0.6333327000000001,0.1333332000000001,5,joint_4,constant,2.4323792101744554e-15,3.243169037060329e-16,-2.8099999999999996,-2.81,-2.81,-2.81,5,constant,-2.5440025439941875e-13,-3.39199999998886e-14,-1.2494355399999998e-09,-1.2495389e-09,-1.249604e-09,-1.2495797e-09,5
demo_12_labeled,approach,15,19,0.4999995,0.6333327000000001,0.1333332000000001,5,joint_5,constant,1.3151477351477328e-07,1.7535285599999983e-08,-3.65155599999901e-10,6.5392165e-08,8.292745e-08,7.41598082e-08,5,constant,2.7000026997398367e-13,3.5999999996495184e-14,1.2751341299999992e-07,1.2751354e-07,1.2751359e-07,1.27513566e-07,5
demo_12_labeled,approach,15,19,0.4999995,0.6333327000000001,0.1333332000000001,5,joint_6,constant,0.0,0.0,3.0369999999999973,3.037,3.037,3.037,5,constant,6.51000651006981e-14,8.680000000084406e-15,-3.9083628600000016e-10,-3.9081763e-10,-3.9078585e-10,-3.907993960000001e-10,5
demo_12_labeled,approach,15,19,0.4999995,0.6333327000000001,0.1333332000000001,5,joint_7,constant,-2.4323792101744554e-15,-3.243169037060329e-16,0.7410000000000011,0.741,0.741,0.741,5,constant,6.000005831888144e-14,7.999999775843089e-15,5.486047100000006e-07,5.4860476e-07,5.486048e-07,5.486047440000001e-07,5
demo_12_labeled,approach,15,19,0.4999995,0.6333327000000001,0.1333332000000001,5,finger_1,constant,-7.601185031795173e-17,-1.0134903240813529e-17,0.04000000000000002,0.04,0.04,0.04,5,constant,1.5742018642018632e-13,2.0989337200000003e-14,-1.1835705989999991e-13,-3.5385513e-14,-1.3032788e-14,-2.9152376799999996e-14,5
demo_12_labeled,approach,15,19,0.4999995,0.6333327000000001,0.1333332000000001,5,finger_2,constant,-7.601185031795173e-17,-1.0134903240813529e-17,0.04000000000000002,0.04,0.04,0.04,5,constant,-3.4875214875214805e-13,-4.650023999999994e-14,-7.506559299999998e-13,-9.0705725e-13,-9.564325e-13,-9.482819500000002e-13,5
demo_12_labeled,approach,20,24,0.6666660000000001,0.7999992,0.13333319999999993,5,joint_1,constant,0.0242190992190993,0.003229210000000009,0.017032084799999906,0.025795344,0.034468934,0.03479273980000001,5,ramp_down,-4.413961758601761,-0.588527645952,3.413710103648002,0.5086726,-0.00049885944,0.176808050912,5
demo_12_labeled,approach,20,24,0.6666660000000001,0.7999992,0.13333319999999993,5,joint_2,constant,-0.0052059052059061596,-0.0006941200000001267,-0.5656488999999989,-0.5690875,-0.5697467,-0.56946656,5,constant,0.04898725058725058,0.006531626879999995,-0.041402353639999986,-0.0075747846,-0.0004973956,-0.0054784058,5
demo_12_labeled,approach,20,24,0.6666660000000001,0.7999992,0.13333319999999993,5,joint_3,ramp_down,-0.4084893364893368,-0.05446519040000001,0.20316903000000025,-0.04734474,-0.11103744,-0.09638951720000001,5,ramp_up,13.843620353220354,1.8458142012799992,-10.779715651300002,-1.5276073,-0.0003270795,-0.62773754426,5
demo_12_labeled,approach,20,24,0.6666660000000001,0.7999992,0.13333319999999993,5,joint_4,constant,0.021787221787218893,0.0029049599999996126,-2.8244716799999963,-2.8104725,-2.8075595,-2.8084944,5,ramp_down,-0.1907592372792372,-0.025434539535999973,0.1556676856839999,0.0025075222,0.00025101658,0.015777718236,5
demo_12_labeled,approach,20,24,0.6666660000000001,0.7999992,0.13333319999999993,5,joint_5,constant,0.014012571512571518,0.0018683409999999997,-0.008856249320000006,0.0001315409,0.0019970804,0.00141962618,5,ramp_down,-0.24474829403209408,-0.03263307323783999,0.19189047083866004,0.025348645,-4.4250473e-06,0.012408568030540001,5
demo_12_labeled,approach,20,24,0.6666660000000001,0.7999992,0.13333319999999993,5,joint_6,constant,-0.007640107640103477,-0.0010186799999994443,3.0412470599999955,3.0367165,3.035406,3.03564432,5,ramp_up,0.2482026288006289,0.0330936507464,-0.19436473959560008,-0.017798495,5.5300618e-05,-0.0123496604904,5
demo_12_labeled,approach,20,24,0.6666660000000001,0.7999992,0.13333319999999993,5,joint_7,ramp_down,-0.2575197775197753,-0.034335935999999685,0.852496995999998,0.6979966,0.65506774,0.6636493479999999,5,ramp_up,10.707582651498658,1.4276762591888001,-8.327364860111205,-1.190983,1.8017436e-05,-0.4751454345728,5
demo_12_labeled,approach,20,24,0.6666660000000001,0.7999992,0.13333319999999993,5,finger_1,constant,0.00044819444819451873,5.9759200000009374e-05,0.03965287559999992,0.039942846,0.04,0.03998155120000001,5,constant,-0.005630076227418229,-0.0007506760796455997,0.004438844206459402,0.00048778823,-2.0091157e-08,0.00031012576840859995,5
demo_12_labeled,approach,20,24,0.6666660000000001,0.7999992,0.13333319999999993,5,finger_2,constant,-0.00020855720855711513,-2.780759999998753e-05,0.040131785399999904,0.04,0.03998206,0.0399788436,5,constant,0.0032365586665586677,0.00043154072399999993,-0.002136269984000001,0.00016802066,0.0003515818,0.00023720399800000004,5
demo_12_labeled,approach,25,29,0.8333325,0.9666657,0.13333319999999993,5,joint_1,constant,-3.4110034111008797e-06,-4.5480000001299557e-07,0.03446528350000008,0.034462657,0.034462098,0.0344622136,5,constant,0.0002902323541923544,3.869760852800001e-05,-0.0002709104006720002,-4.6047302e-05,4.1673673e-07,-9.701543108e-06,5
demo_12_labeled,approach,25,29,0.8333325,0.9666657,0.13333319999999993,5,joint_2,constant,-5.1600051622937735e-06,-6.880000003051478e-07,-0.5697495439999979,-0.5697535,-0.56975436,-0.5697541880000001,5,constant,0.00047377475269475304,6.316990385600002e-05,-0.0004434639876640003,-7.602379e-05,-3.1041318e-07,-1.7067136635999997e-05,5
demo_12_labeled,approach,25,29,0.8333325,0.9666657,0.13333319999999993,5,joint_3,constant,-2.5200025201497383e-06,-3.360000000196289e-07,-0.11104008799999986,-0.11104202,-0.11104244,-0.11104235600000001,5,constant,0.00017396041754041763,2.3194699144e-05,-0.00016296545525400008,-2.8476137e-05,-3.7824182e-07,-6.401236032e-06,5
demo_12_labeled,approach,25,29,0.8333325,0.9666657,0.13333319999999993,5,joint_4,constant,-2.4323792101744582e-15,-3.243169037060329e-16,-2.8075549999999976,-2.807555,-2.807555,-2.807555,5,constant,-0.00019727432464832468,-2.630321698319999e-05,0.00018512978861880003,2.9277153e-05,1.5232331e-08,7.583073982200001e-06,5
demo_12_labeled,approach,25,29,0.8333325,0.9666657,0.13333319999999993,5,joint_5,constant,-3.6720036719100705e-07,-4.895999999875195e-08,0.0019973304199999912,0.0019970404,0.001996986,0.00199699994,5,constant,2.746544935544938e-05,3.6620562520000014e-06,-2.5759412535000025e-05,-4.269994e-06,-2.536599e-08,-1.040532834e-06,5
demo_12_labeled,approach,25,29,0.8333325,0.9666657,0.13333319999999993,5,joint_6,constant,1.459427526104675e-14,1.9459014222361975e-15,3.035405999999987,3.035406,3.035406,3.035406,5,constant,-9.152136632136635e-05,-1.2202836639999999e-05,8.480752334000004e-05,1.1862912e-05,-1.1018079e-06,2.43837602e-06,5
demo_12_labeled,approach,25,29,0.8333325,0.9666657,0.13333319999999993,5,joint_7,constant,1.2161896050872291e-15,1.6215845185301646e-16,0.6550677399999989,0.65506774,0.65506774,0.65506774,5,constant,-1.9579015609015616e-05,-2.6105328039999994e-06,1.7849402037000006e-05,2.1641033e-06,-5.4159847e-07,2.2830561000000002e-07,5
demo_12_labeled,approach,25,29,0.8333325,0.9666657,0.13333319999999993,5,finger_1,constant,1.5202370063590364e-16,2.0269806481627057e-17,0.03999999999999986,0.04,0.04,0.04,5,constant,1.2144066094566099e-08,1.6192071933999997e-09,-1.1413242639150004e-08,-2.0660218e-09,-1.3916204e-10,-4.835940837e-10,5
demo_12_labeled,approach,25,29,0.8333325,0.9666657,0.13333319999999993,5,finger_2,constant,6.234906234914171e-05,8.313200000010578e-06,0.03994018069999994,0.039990705,0.039999336,0.0399962948,5,constant,-0.0012471092841092844,-0.00016628107159999997,0.0011965902751000003,0.00018587295,1.3324338e-05,7.41930418e-05,5
demo_12_labeled,approach,30,34,0.999999,1.1333322,0.13333319999999993,5,joint_1,ramp_up,0.4176400356400356,0.055685282399999966,-0.38037631279999995,0.041027352,0.09714162,0.0651059464,5,ramp_up,3.155215865215867,0.420695028,-2.991941412000002,0.18854223,0.6124628,0.373618812,5
demo_12_labeled,approach,30,34,0.999999,1.1333322,0.13333319999999993,5,joint_2,ramp_up,1.083724413724419,0.14449644400000064,-1.6396804460000056,-0.55182636,-0.40755206,-0.483708894,5,ramp_up,3.7320658320658326,0.4976082799999998,-2.96262558,0.734894,1.2472485,1.01824066,5
demo_12_labeled,approach,30,34,0.999999,1.1333322,0.13333319999999993,5,joint_3,ramp_down,-0.44245463245463207,-0.058993891999999916,0.32781913599999957,-0.11834332,-0.17787646,-0.144132,5,ramp_down,-3.1360236760236764,-0.4181360719999998,2.9425647120000002,-0.22637713,-0.6485365,-0.40252386400000006,5
demo_12_labeled,approach,30,34,0.999999,1.1333322,0.13333319999999993,5,joint_4,ramp_down,-0.5254616254616069,-0.07006147999999748,-2.298946280000019,-2.822478,-2.89234,-2.85943812,5,ramp_up,1.6256842256842299,0.21675768000000045,-2.2518079740000045,-0.6069307,-0.39700043,-0.5177465339999999,5
demo_12_labeled,approach,30,34,0.999999,1.1333322,0.13333319999999993,5,joint_5,ramp_up,0.048084961284961314,0.006411321760000001,-0.04438169488000003,0.0032334023,0.009296802,0.0069088792,5,ramp_down,-0.42814036414036455,-0.057085324800000024,0.4961693422000004,0.046307933,-0.014768818,0.039486743799999995,5
demo_12_labeled,approach,30,34,0.999999,1.1333322,0.13333319999999993,5,joint_6,ramp_up,1.6575979575979456,0.2210128399999983,1.4289389000000126,3.088004,3.309019,3.1970416200000003,5,ramp_up,1.1607359607359529,0.15476463999999887,0.2801655000000083,1.4456991,1.5970879,1.51828262,5
demo_12_labeled,approach,30,34,0.999999,1.1333322,0.13333319999999993,5,joint_7,ramp_down,-0.12891642891643298,-0.017188840000000535,0.7796794400000043,0.6509346,0.6339884,0.6421687200000001,5,ramp_up,0.19948555948556046,0.026598048000000117,-0.326844032000001,-0.11490324,-0.08336886,-0.11405964800000001,5
demo_12_labeled,approach,30,34,0.999999,1.1333322,0.13333319999999993,5,finger_1,constant,-2.280355509538554e-16,-3.040470972244058e-17,0.040000000000000244,0.04,0.04,0.04,5,constant,-0.00011436860199860228,-1.524913168400003e-05,0.0001262657306780003,1.9638957e-05,6.1855735e-07,4.2726772059999995e-06,5
demo_12_labeled,approach,30,34,0.999999,1.1333322,0.13333319999999993,5,finger_2,constant,1.4922014921857785e-05,1.9895999999790473e-06,0.03998273580000017,0.039997883,0.03999965,0.039998652600000004,5,constant,0.0005985527655527671,7.980695560000017e-05,-0.0006433032318000016,-8.595689e-05,1.3652407e-05,-4.847587e-06,5
demo_12_labeled,approach,35,39,1.1666655,1.2999987000000002,0.13333320000000026,5,joint_1,ramp_up,0.9539691839691821,0.127195764,-0.9870996489999976,0.12386971,0.2484326,0.189461168,5,ramp_down,-1.7878598578598488,-0.23838107599999925,3.028722670999989,0.7880815,0.53760934,0.823697718,5
demo_12_labeled,approach,35,39,1.1666655,1.2999987000000002,0.13333320000000026,5,joint_2,ramp_up,1.650235290235286,0.22003115199999987,-2.291617215999995,-0.362155,-0.14188786,-0.25632906,5,ramp_up,3.622277422277418,0.48296984000000037,-2.8930995799999946,1.3473489,1.830934,1.57437144,5
demo_12_labeled,approach,35,39,1.1666655,1.2999987000000002,0.13333320000000026,5,joint_3,ramp_down,-1.2250994650994629,-0.163346432,1.2241317539999972,-0.20653725,-0.36710498,-0.286822742,5,ramp_down,-0.7700849300849317,-0.10267788800000043,-0.1111075679999981,-0.8583979,-0.93148476,-1.060878032,5
demo_12_labeled,approach,35,39,1.1666655,1.2999987000000002,0.13333320000000026,5,joint_4,ramp_down,-0.13917883917884538,-0.018557160000000864,-2.7445687099999923,-2.9039996,-2.922478,-2.91622244,5,ramp_up,2.496663054663049,0.3328880743999999,-3.243700850599993,-0.32505292,0.008336568,-0.1644861624,5
demo_12_labeled,approach,35,39,1.1666655,1.2999987000000002,0.13333320000000026,5,joint_5,ramp_down,-0.8340887094887074,-0.11121171671999994,0.9897694025599975,0.0055998773,-0.10495434,-0.038938977099999994,5,ramp_down,-8.392372972372955,-1.118981944,9.65533997799998,-0.14140172,-1.205597,-0.695243004,5
demo_12_labeled,approach,35,39,1.1666655,1.2999987000000002,0.13333320000000026,5,joint_6,ramp_up,1.8242901242901282,0.243238440000001,1.238717709999995,3.36774,3.6109529,3.4886732800000004,5,ramp_up,0.6014901014901014,0.08019860000000015,0.93263321,1.630746,1.7125919,1.67447026,5
demo_12_labeled,approach,35,39,1.1666655,1.2999987000000002,0.13333320000000026,5,joint_7,ramp_up,0.620497760497761,0.08273295200000022,-0.1011267340000005,0.63328636,0.7159746,0.6641530720000001,5,ramp_up,8.08256226656225,1.0776738912000001,-9.453338841399981,0.011038441,1.0464936,0.5151446522,5
demo_12_labeled,approach,35,39,1.1666655,1.2999987000000002,0.13333320000000026,5,finger_1,constant,-1.0905010904962481e-05,-1.4539999999935464e-06,0.040012910499999936,0.04,0.03999858,0.039999461,5,constant,0.00049861262161262,6.648161639999992e-05,-0.0006076551466999981,9.7289e-07,6.58104e-05,7.2998049999999995e-06,5
demo_12_labeled,approach,35,39,1.1666655,1.2999987000000002,0.13333320000000026,5,finger_2,constant,3.1800031807047415e-07,4.240000000935423e-08,0.03999959719999991,0.039999947,0.04,0.039999989400000005,5,constant,-0.00010562795372795347,-1.4083713079999994e-05,0.00013490879520999967,1.8019491e-05,7.259871e-07,4.6344492199999994e-06,5
demo_12_labeled,approach,40,44,1.3333320000000002,1.4666652000000002,0.13333320000000004,5,joint_1,ramp_down,-0.16241119241119112,-0.021654803999999833,0.47894928799999825,0.258802,0.23785913,0.251573846,5,ramp_down,-3.340503106503106,-0.44539996880000005,4.5822727807999994,0.19979979,-0.2620467,-0.0944268916,5
demo_12_labeled,approach,40,44,1.3333320000000002,1.4666652000000002,0.13333320000000004,5,joint_2,ramp_up,2.1293663174663173,0.28391522508000006,-2.9152626560800003,-0.075383455,0.20845166,0.06584720726,5,ramp_up,0.9367962367962414,0.12490604000000065,0.7391013799999933,1.9565526,2.0832865,2.0506147999999995,5
demo_12_labeled,approach,40,44,1.3333320000000002,1.4666652000000002,0.13333320000000004,5,joint_3,constant,0.001310251310248256,0.00017469999999959282,-0.3998206199999957,-0.39097494,-0.39173636,-0.39798627,5,ramp_up,6.179038229038227,0.8238709399999999,-8.725205645799997,-0.5612217,0.27271459,-0.0745607758,5
demo_12_labeled,approach,40,44,1.3333320000000002,1.4666652000000002,0.13333320000000004,5,joint_4,ramp_up,0.3380076380076301,0.045067639999998965,-3.373018379999989,-2.9192643,-2.8745282,-2.89980816,5,ramp_up,2.7253675453675448,0.36338197600000005,-3.5286464219999996,0.10121589,0.45381382,0.286864326,5
demo_12_labeled,approach,40,44,1.3333320000000002,1.4666652000000002,0.13333320000000004,5,joint_5,ramp_down,-0.6773755373755371,-0.090316648,0.7487013439999998,-0.14697853,-0.23794451,-0.19962345999999997,5,ramp_up,6.112321042321037,0.8149753239999995,-9.237023823999994,-1.1206167,-0.3041993,-0.679782922,5
demo_12_labeled,approach,40,44,1.3333320000000002,1.4666652000000002,0.13333320000000004,5,joint_6,ramp_up,0.5250935250935352,0.07001240000000138,2.998197599999986,3.67333,3.7525,3.7333278,5,ramp_down,-15.53170302628443,-2.070891665944188,22.43445403398969,1.7267709,1.1599695e-08,0.6900915415757269,5
demo_12_labeled,approach,40,44,1.3333320000000002,1.4666652000000002,0.13333320000000004,5,joint_7,ramp_up,0.888007188007189,0.11840084000000017,-0.4245086260000016,0.7551795,0.8737613,0.8187001939999998,5,ramp_down,-3.3950018150018084,-0.4526664559999993,5.601636755999991,1.0786215,0.624343,0.8486389679999998,5
demo_12_labeled,approach,40,44,1.3333320000000002,1.4666652000000002,0.13333320000000004,5,finger_1,constant,1.2672012672128576e-05,1.6896000000154544e-06,0.039981552399999835,0.039998434,0.04,0.0399992932,5,constant,6.065136065136321e-06,8.086840000000344e-07,0.00011813711599999962,0.00010979228,0.00010523492,0.000126628298,5
demo_12_labeled,approach,40,44,1.3333320000000002,1.4666652000000002,0.13333320000000004,5,finger_2,constant,-4.998004997821903e-06,-6.663999999755875e-07,0.04000659539999973,0.04,0.039999567,0.0399995982,5,constant,-0.0007332276501276499,-9.776358892e-05,0.0009833255803099999,7.3925105e-07,-7.108409e-05,-4.319210335e-05,5
demo_12_labeled,approach,45,49,1.4999985000000002,1.6333317,0.13333319999999982,5,joint_1,ramp_down,-0.04950088950089059,-0.006600112000000136,0.30480032600000173,0.22811793,0.21944714,0.22724901000000003,5,ramp_down,-0.16417422817422495,-0.02188987519999954,0.15492443839999498,-0.26930252,-0.2838878,-0.10228159519999999,5
demo_12_labeled,approach,45,49,1.4999985000000002,1.6333317,0.13333319999999982,5,joint_2,ramp_up,0.4324449724449718,0.05765927199999984,-0.3715946779999991,0.27974004,0.35131866,0.305901768,5,ramp_down,-0.7559037066237341,-0.10078706009600352,2.0012511860800433,2.055381,1.9602001,0.817003229952,5
demo_12_labeled,approach,45,49,1.4999985000000002,1.6333317,0.13333319999999982,5,joint_3,ramp_up,0.0843837843837857,0.011251160000000161,-0.508688808000002,-0.38024026,-0.36639953,-0.376487678,5,constant,0.03610115650115192,0.004813482719999383,0.08897984148000712,0.34165943,0.35799336,0.14553826344,5
demo_12_labeled,approach,45,49,1.4999985000000002,1.6333317,0.13333319999999982,5,joint_4,ramp_up,0.11292311292313004,0.015056400000002261,-3.031598680000026,-2.8570726,-2.8378801,-2.85468598,5,ramp_up,0.8961452604452557,0.1194859152399992,-1.187211536569993,0.5120174,0.6323985,0.2167479675,5
demo_12_labeled,approach,45,49,1.4999985000000002,1.6333317,0.13333319999999982,5,joint_5,constant,-0.014519834519834136,-0.0019359759999999463,-0.22258690200000053,-0.2451266,-0.24750134,-0.24533462,5,ramp_up,0.7476109920109953,0.0996813659200003,-1.2105294002000053,-0.15767416,-0.033897717,-0.03927335064,5
demo_12_labeled,approach,45,49,1.4999985000000002,1.6333317,0.13333319999999982,5,joint_6,constant,-0.00046320046321471006,-6.17600000018995e-05,3.7518858400000226,3.7525,3.7525003,3.75116016,5,ramp_up,0.13555557331359355,0.01807405836773601,-0.22219149958043238,-8.403367e-08,-5.631584e-06,-0.009821313759534,5
demo_12_labeled,approach,45,49,1.4999985000000002,1.6333317,0.13333319999999982,5,joint_7,ramp_up,0.093910713910707,0.012521415999999062,0.7492433060000108,0.8931105,0.90874857,0.8963699440000001,5,ramp_down,-0.6764353286053372,-0.09019128695600102,1.2463450372950136,0.5138549,0.4066225,0.186597415562,5
demo_12_labeled,approach,45,49,1.4999985000000002,1.6333317,0.13333319999999982,5,finger_1,constant,-2.42940242942518e-05,-3.2392000000303295e-06,0.04003585580000036,0.04,0.039996427,0.0399977952,5,constant,0.0023101154071154097,0.0003080150795999999,-0.0035546536199000042,7.000015e-05,0.0003682504,6.45235654e-05,5
demo_12_labeled,approach,45,49,1.4999985000000002,1.6333317,0.13333319999999982,5,finger_2,constant,-3.528003528171629e-06,-4.704000000224128e-07,0.04000466400000026,0.03999989,0.039998136,0.0399991368,5,constant,-0.001441252402582405,-0.00019216679484400007,0.002260057973795004,-4.5432047e-05,-0.00017253886,2.098134377999996e-06,5
demo_12_labeled,approach,50,54,1.666665,1.7999982,0.13333320000000004,5,joint_1,ramp_down,-0.10878514878514826,-0.014504671999999936,0.3880470019999991,0.21012804,0.19539367,0.19948626600000002,5,ramp_up,2.178161416961416,0.29042123183999996,-3.905386673959998,-0.2464663,0.0026524498,-0.12991066004,5
demo_12_labeled,approach,50,54,1.666665,1.7999982,0.13333320000000004,5,joint_2,ramp_up,1.1612522312522344,0.15483347600000047,-1.4929433880000056,0.4193893,0.57119673,0.5198918,5,ramp_down,-17.30075114075113,-2.3067645119999995,31.157085951999985,1.9664673,0.00902654,1.1691472959999998,5
demo_12_labeled,approach,50,54,1.666665,1.7999982,0.13333320000000004,5,joint_3,ramp_up,0.21740340740340605,0.02898709199999983,-0.7105266859999977,-0.35317528,-0.3244287,-0.33369448999999995,5,ramp_down,-3.36442003162003,-0.44858888895999993,6.0637983422399975,0.38214755,0.0034966988,0.23214278576000003,5
demo_12_labeled,approach,50,54,1.666665,1.7999982,0.13333320000000004,5,joint_4,ramp_up,0.35928155928155403,0.047904159999999314,-3.4048028399999906,-2.8156378,-2.7681766,-2.7820487600000003,5,ramp_down,-6.0076978000978,-0.8010255723200002,10.80379695608,0.62530977,-0.0033713004,0.39046451592,5
demo_12_labeled,approach,50,54,1.666665,1.7999982,0.13333320000000004,5,joint_5,ramp_up,0.07122970122970063,0.009497283999999922,-0.363975121999999,-0.24655062,-0.2375131,-0.24051043,5,ramp_down,-0.676064525264525,-0.09014184655999999,1.2351188160399995,0.051343292,-0.0012830042,0.06327481076000001,5
demo_12_labeled,approach,50,54,1.666665,1.7999982,0.13333320000000004,5,joint_6,constant,-0.017870417870400893,-0.002382719999997737,3.78269295999997,3.7525,3.750455,3.7517176,5,ramp_down,-0.15697572467742457,-0.020930075693559994,0.2625640386327838,-3.283476e-07,-0.0046907775,-0.009526945383496,5
demo_12_labeled,approach,50,54,1.666665,1.7999982,0.13333320000000004,5,joint_7,ramp_up,0.14923148923148943,0.019897512000000034,0.6772495259999995,0.92169416,0.94188285,0.9359171820000001,5,ramp_down,-2.9115177731577715,-0.3882019815519999,5.224711838287997,0.3453367,0.00074113556,0.17808607811199997,5
demo_12_labeled,approach,50,54,1.666665,1.7999982,0.13333320000000004,5,finger_1,constant,-1.8870018869978348e-05,-2.5159999999945978e-06,0.04003192199999992,0.04,0.03999764,0.039999214,5,constant,-0.0007271560901560897,-9.695404839999997e-05,0.0012668934541999993,6.2631814e-05,1.1566126e-05,6.490825e-06,5
demo_12_labeled,approach,50,54,1.666665,1.7999982,0.13333320000000004,5,finger_2,constant,2.4420024420164245e-05,3.2560000000186443e-06,0.03995659819999975,0.0399968,0.039999995,0.0399989262,5,constant,0.0002705415357615356,3.6072168695999996e-05,-0.00046112716117399974,-3.2205564e-05,9.0914637e-07,7.811031874000001e-06,5
demo_12_labeled,approach,55,59,1.8333315,1.9666647,0.13333320000000004,5,joint_1,constant,0.00010113010113109815,1.348400000013294e-05,0.19526839299999804,0.19544902,0.19546433,0.19546054,5,constant,-0.004414781813981811,-0.0005886369865599998,0.008558036334739994,0.00066856126,1.4194563e-06,0.00016995927626,5
demo_12_labeled,approach,55,59,1.8333315,1.9666647,0.13333320000000004,5,joint_2,constant,7.950007950142817e-05,1.0600000000179825e-05,0.5711754899999975,0.5713166,0.5713293,0.5713265399999999,5,constant,-0.005287873061893059,-0.0007050490365359998,0.010233883668773994,0.0008371295,1.9309098e-07,0.00018693489813600002,5
demo_12_labeled,approach,55,59,1.8333315,1.9666647,0.13333320000000004,5,joint_3,constant,7.344007343945555e-05,9.791999999917618e-06,-0.32451006599999876,-0.32437903,-0.32436782,-0.32437053,5,constant,-0.003809236567636565,-0.0005078977011199998,0.007380900491539995,0.00058312726,7.253173e-07,0.00014335825057999998,5
demo_12_labeled,approach,55,59,1.8333315,1.9666647,0.13333320000000004,5,joint_4,constant,-3.8400038408188907e-05,-5.120000001086735e-06,-2.768172159999985,-2.76824,-2.7682464,-2.7682451200000004,5,constant,0.0025528198713598697,0.0003403756424719999,-0.004941992646427996,-0.00040578964,-1.6023881e-07,-9.1639741202e-05,5
demo_12_labeled,approach,55,59,1.8333315,1.9666647,0.13333320000000004,5,joint_5,constant,-1.3050013050816142e-05,-1.7400000001070792e-06,-0.23749773499999846,-0.237521,-0.237523,-0.23752253000000004,5,constant,0.0013379337434937426,0.00017839098740799993,-0.002592557042661998,-0.0002051639,-1.1997099e-07,-5.0485472098e-05,5
demo_12_labeled,approach,55,59,1.8333315,1.9666647,0.13333320000000004,5,joint_6,constant,-1.200001192274659e-06,-1.599999989697956e-07,3.750440319999985,3.7504382,3.750438,3.7504380399999997,5,constant,0.0026832089131931113,0.00035776083066455986,-0.005193333525493836,-0.00042586253,-1.5155193e-09,-9.524168852386e-05,5
demo_12_labeled,approach,55,59,1.8333315,1.9666647,0.13333320000000004,5,joint_7,constant,1.2161896050872283e-15,1.6215845185301648e-16,0.9418841999999978,0.9418842,0.9418842,0.9418842,5,constant,-0.0004934451446211444,-6.579262015679999e-05,0.0009551144303451994,7.71122e-05,7.65354e-10,1.7569593110800003e-05,5
demo_12_labeled,approach,55,59,1.8333315,1.9666647,0.13333320000000004,5,finger_1,constant,1.0398010398137337e-05,1.3864000000169256e-06,0.03997960019999976,0.039998457,0.03999988,0.0399993564,5,constant,-0.00015895054915054908,-2.1193385359999995e-05,0.00031312308433999983,2.3591507e-05,2.5728268e-06,1.111734296e-05,5
demo_12_labeled,approach,55,59,1.8333315,1.9666647,0.13333320000000004,5,finger_2,constant,0.0,0.0,0.04,0.04,0.04,0.04,5,constant,-2.7763655774855763e-07,-3.70181706816e-08,5.375476249943997e-07,4.3730232e-08,2.3634388e-11,1.00386927816e-08,5
demo_12_labeled,approach,60,64,1.999998,2.1333312,0.13333320000000026,5,joint_1,ramp_down,-0.2975214275214277,-0.0396694840000001,0.7920644040000004,0.19546433,0.15558103,0.177187402,5,ramp_down,-2.476448604220584,-0.33019281703626463,4.883708845321158,3.7629533e-07,-0.36642912,-0.23427981874093398,5
demo_12_labeled,approach,60,64,1.999998,2.1333312,0.13333320000000026,5,joint_2,ramp_up,0.03907623907623557,0.005210159999999543,0.4906420800000073,0.5713293,0.5768273,0.5713995599999999,5,ramp_up,1.5900005808851998,0.21199986545128294,-3.2375953566577,4.3185896e-08,0.16050307,0.0484025578371792,5
demo_12_labeled,approach,60,64,1.999998,2.1333312,0.13333320000000026,5,joint_3,ramp_up,0.31285651285651334,0.041714160000000146,-0.9513736120000011,-0.32436782,-0.28270566,-0.304804132,5,ramp_up,2.2744629667642626,0.3032614256401734,-4.459493799832722,5.7949784e-08,0.35244304,0.2410582975899568,5
demo_12_labeled,approach,60,64,1.999998,2.1333312,0.13333320000000026,5,joint_4,ramp_up,1.0558612558612674,0.14078136000000183,-4.888396200000024,-2.7682464,-2.629552,-2.7062851200000004,5,ramp_up,8.71325330938866,1.1617659461513825,-17.12819697188424,-3.2689226e-08,1.2364448,0.8791751934621548,5
demo_12_labeled,approach,60,64,1.999998,2.1333312,0.13333320000000026,5,joint_5,ramp_down,-0.3316204216204204,-0.04421601199999992,0.42389561999999753,-0.237523,-0.28225943,-0.261452566,5,ramp_down,-1.2493740726408469,-0.1665830431022369,2.356659750860226,-2.6122205e-08,-0.2670227,-0.22537741722444102,5
demo_12_labeled,approach,60,64,1.999998,2.1333312,0.13333320000000026,5,joint_6,ramp_down,-1.0353358353358544,-0.1380446400000028,5.82296712000004,3.750438,3.6131046,3.6832751999999997,5,ramp_down,-6.161746539839396,-0.8215653837457159,11.945333281995,-3.178582e-10,-0.97813123,-0.7889301660635717,5
demo_12_labeled,approach,60,64,1.999998,2.1333312,0.13333320000000026,5,joint_7,ramp_up,0.1737856737856697,0.023171399999999502,0.5895901000000083,0.9418842,0.9637439,0.9487468,5,ramp_up,2.5373016947687055,0.3383065543289354,-5.0748806031807225,-4.111694e-10,0.2696129,0.1688709889177661,5
demo_12_labeled,approach,60,64,1.999998,2.1333312,0.13333320000000026,5,finger_1,constant,-4.027204027223733e-05,-5.369600000026285e-06,0.040079430000000416,0.03999993,0.039996333,0.0399962012,5,constant,0.004068709590109562,0.0005424940695199973,-0.008773828069739942,1.0183961e-06,4.6472353e-05,-0.00036516999218,5
demo_12_labeled,approach,60,64,1.999998,2.1333312,0.13333320000000026,5,finger_2,constant,-0.0002178302178304631,-2.904400000003276e-05,0.038593820600000515,0.04,0.03903165,0.0381436386,5,ramp_up,0.6738175698364564,0.08984225280251838,-1.391615580839662,-3.1484533e-12,0.019476414,0.0009393375993703081,5
demo_12_labeled,approach,65,69,2.1666645,2.2999977,0.13333320000000004,5,joint_1,constant,-0.002219672219672176,-0.00029595599999999425,0.14610075899999989,0.14136691,0.14104742,0.14114349600000003,5,ramp_up,2.3915153074853044,0.31886838879599966,-5.420662007700993,-0.40116343,-0.00013847774,-0.079616495368,5
demo_12_labeled,approach,65,69,2.1666645,2.2999977,0.13333320000000004,5,joint_2,constant,-0.021249831249832943,-0.0028333080000002265,0.6287481070000037,0.58344924,0.5804363,0.581290198,5,ramp_down,-1.0313952325752307,-0.13751922682399978,2.3286245516959956,0.2059238,-0.00023173503,0.02517750239399999,5
demo_12_labeled,approach,65,69,2.1666645,2.2999977,0.13333320000000004,5,joint_3,constant,-0.0040174240174231275,-0.0005356559999998815,-0.260053678000002,-0.26860857,-0.2691896,-0.269025916,5,ramp_down,-2.3552535175935145,-0.3140334883119997,5.336251233021994,0.40011537,-0.00014168696,0.07619030379600002,5
demo_12_labeled,approach,65,69,2.1666645,2.2999977,0.13333320000000004,5,joint_4,ramp_up,0.05238095238095074,0.006984119999999783,-2.6968552099999967,-2.5866008,-2.5780647,-2.5798712000000004,5,ramp_down,-7.524246920346912,-1.0032319194799992,17.05580828512398,1.2553412,9.810453e-05,0.25167363383399993,5
demo_12_labeled,approach,65,69,2.1666645,2.2999977,0.13333320000000004,5,joint_5,constant,0.003257853257853506,0.00043438000000003323,-0.2992028950000005,-0.29235524,-0.2918161,-0.29192703,5,ramp_up,1.5529352784032762,0.20705783006239978,-3.519285252853595,-0.26118696,3.7697348e-05,-0.051066599308400004,5
demo_12_labeled,approach,65,69,2.1666645,2.2999977,0.13333320000000004,5,joint_6,constant,0.0039048039048028152,0.0005206399999998549,3.569973080000003,3.5782516,3.57884,3.5786938,5,ramp_up,5.703426678672671,0.7604561300327992,-12.924731160406184,-0.9618276,7.3780466e-05,-0.1870909823568,5
demo_12_labeled,approach,65,69,2.1666645,2.2999977,0.13333320000000004,5,joint_7,constant,-0.0006184206184222535,-8.245600000021803e-05,0.9745351860000036,0.9732294,0.973132,0.9731540479999999,5,ramp_down,-1.5513760250800235,-0.20684992982719985,3.5159504990847963,0.26036108,-1.2820764e-05,0.0512141744792,5
demo_12_labeled,approach,65,69,2.1666645,2.2999977,0.13333320000000004,5,finger_1,constant,7.77600777591911e-06,1.0367999999881781e-06,0.03998237020000021,0.039998725,0.04,0.0399997366,5,constant,0.007324375776085167,0.000976582460227919,-0.01660217967273026,-0.0012195522,-1.8976571e-09,-0.00024442346391262,5
demo_12_labeled,approach,65,69,2.1666645,2.2999977,0.13333320000000004,5,finger_2,constant,0.0033496173496172688,0.00044661519999998937,0.03231975580000018,0.039500747,0.039964233,0.039800560400000004,5,constant,-0.07458190068190065,-0.00994424348,0.17080170364999994,0.011282779,0.0007170755,0.00423562536,5
demo_12_labeled,approach,70,74,2.3333310000000003,2.4666642000000003,0.13333320000000004,5,joint_1,constant,-7.0800070804532704e-06,-9.440000000594923e-07,0.1410604680000011,0.1410443,0.14104322,0.14104347600000003,5,constant,0.000303617871137871,4.048234233599999e-05,-0.0007409300014379997,-4.5310735e-05,-2.519861e-08,-1.224783939e-05,5
demo_12_labeled,approach,70,74,2.3333310000000003,2.4666642000000003,0.13333320000000004,5,joint_2,constant,-2.1000021004668356e-06,-2.8000000006196477e-07,0.5804374100000012,0.58043265,0.5804323,0.58043237,5,constant,0.00025586980226980206,3.411593951999998e-05,-0.0006241560109799995,-3.9265637e-05,-3.662164e-07,-1.006909962e-05,5
demo_12_labeled,approach,70,74,2.3333310000000003,2.4666642000000003,0.13333320000000004,5,joint_3,constant,-4.0200040192344264e-06,-5.359999998973878e-07,-0.2691827180000018,-0.26919183,-0.2691925,-0.26919236599999996,5,constant,0.00023011107151107128,3.068144551999998e-05,-0.0005618286231899995,-3.438505e-05,-3.8720245e-07,-9.562603830000003e-06,5
demo_12_labeled,approach,70,74,2.3333310000000003,2.4666642000000003,0.13333320000000004,5,joint_4,constant,4.864758420348917e-15,6.486338074120664e-16,-2.578064700000012,-2.5780647,-2.5780647,-2.5780647,5,constant,-0.00014641697334497327,-1.9522243590399994e-05,0.0003568989381275998,2.2862758e-05,4.4027022e-08,5.4985535004e-06,5
demo_12_labeled,approach,70,74,2.3333310000000003,2.4666642000000003,0.13333320000000004,5,joint_5,constant,-3.0404740127180732e-16,-4.053961296325415e-17,-0.2918160999999992,-0.2918161,-0.2918161,-0.2918161,5,constant,-6.075701940701937e-05,-8.100927819999997e-06,0.00014800460528199992,8.3656305e-06,-1.7883845e-07,2.187904522e-06,5
demo_12_labeled,approach,70,74,2.3333310000000003,2.4666642000000003,0.13333320000000004,5,joint_6,constant,0.0,0.0,3.5788400000000005,3.57884,3.57884,3.5788400000000005,5,constant,-6.228271106071104e-05,-8.3043531704e-06,0.00015188006465639996,9.016503e-06,1.6672118e-08,2.4017075892000003e-06,5
demo_12_labeled,approach,70,74,2.3333310000000003,2.4666642000000003,0.13333320000000004,5,joint_7,constant,-1.2161896050872293e-15,-1.621584518530166e-16,0.973132000000003,0.973132,0.973132,0.973132,5,constant,-1.9316324396324387e-06,-2.5755073439999997e-07,4.5143931907999985e-06,1.2852618e-08,-2.345268e-07,-1.215200284e-07,5
demo_12_labeled,approach,70,74,2.3333310000000003,2.4666642000000003,0.13333320000000004,5,finger_1,constant,0.0,0.0,0.04000000000000001,0.04,0.04,0.04,5,constant,3.439874679074678e-09,4.5864949856e-10,-8.398340181999997e-09,-5.013021e-10,-3.442078e-12,-1.4264920791999998e-10,5
demo_12_labeled,approach,70,74,2.3333310000000003,2.4666642000000003,0.13333320000000004,5,finger_2,constant,0.0001237861237860175,1.6504799999985836e-05,0.03969556720000027,0.039981548,0.039998688,0.0399926536,5,constant,-0.002484603198603198,-0.0003312800952,0.006110481223399998,0.0003702399,2.6270623e-05,0.0001474395098,5
demo_12_labeled,approach,75,79,2.4999975,2.6333307,0.13333320000000004,5,joint_1,ramp_down,-0.2305958215958219,-0.03074607880000005,0.7113893727000009,0.14104322,0.110300444,0.1195273558,5,ramp_up,1.193635228931728,0.15915120470619992,-3.234990892164898,1.8550725e-07,0.00045629614,-0.17133020157055,5
demo_12_labeled,approach,75,79,2.4999975,2.6333307,0.13333320000000004,5,joint_2,ramp_up,0.09884733884733637,0.013179631999999674,0.33729688000000624,0.5804323,0.59398204,0.591004796,5,ramp_down,-0.4070687626505652,-0.05427578074424035,1.0926689917126866,-3.010697e-07,-0.010405677,0.04786021238606001,5
demo_12_labeled,approach,75,79,2.4999975,2.6333307,0.13333320000000004,5,joint_3,ramp_up,0.26623295623295623,0.03549769200000001,-0.928037379,-0.2691925,-0.23406833,-0.24470680799999997,5,ramp_down,-1.5691764399063381,-0.20922331609731984,4.227342079777736,-2.7117835e-07,-0.0020086283,0.19979324490433004,5
demo_12_labeled,approach,75,79,2.4999975,2.6333307,0.13333320000000004,5,joint_4,ramp_up,0.6746121746121939,0.0899482000000026,-4.25223697000005,-2.5780647,-2.491308,-2.52073412,5,ramp_down,-3.179144360202489,-0.4238854908077507,8.635096379551136,7.509688e-09,0.004935188,0.47530068150193755,5
demo_12_labeled,approach,75,79,2.4999975,2.6333307,0.13333320000000004,5,joint_5,ramp_down,-0.15825666825666693,-0.02110086799999983,0.09911765099999659,-0.2918161,-0.31324694,-0.307074058,5,ramp_up,0.6556522506221705,0.08742021266265601,-1.7809734137417916,-1.6642832e-07,0.0005189723,-0.09813431998566399,5
demo_12_labeled,approach,75,79,2.4999975,2.6333307,0.13333320000000004,5,joint_6,ramp_down,-0.49990849990850117,-0.06665440000000018,4.815102920000004,3.57884,3.512169,3.53200572,5,ramp_up,2.6522658673248394,0.35363509534119636,-7.160297142533328,8.1235045e-09,0.0029097488,-0.35282155721529906,5
demo_12_labeled,approach,75,79,2.4999975,2.6333307,0.13333320000000004,5,joint_7,ramp_up,0.12872730872730576,0.01716362399999961,0.6549741120000074,0.973132,0.99046886,0.9853738740000001,5,ramp_down,-0.9740142013536001,-0.12986843031191986,2.609864690622437,-2.535101e-07,-0.0004278919,0.10989740711797998,5
demo_12_labeled,approach,75,79,2.4999975,2.6333307,0.13333320000000004,5,finger_1,constant,-3.723003723022226e-05,-4.964000000024673e-06,0.04009098240000046,0.04,0.03999699,0.0399954254,5,ramp_up,0.11276872472863783,0.015035814927988419,-0.2963876125051741,-9.855892e-13,7.2261224e-05,-0.006948175141397117,5
demo_12_labeled,approach,75,79,2.4999975,2.6333307,0.13333320000000004,5,finger_2,constant,3.6477036476934554e-05,4.863599999986411e-06,0.039902920900000256,0.039999325,0.03999896,0.039996545200000004,5,constant,-0.045629902160901965,-0.006083980870799976,0.12013926979119952,1.3538444e-05,1.03912935e-05,0.0030226380283,5
demo_12_labeled,approach,80,84,2.6666640000000004,2.7999972000000004,0.13333320000000004,5,joint_1,constant,-4.8450048449890006e-05,-6.459999999978876e-06,0.11042062519999957,0.11029295,0.11028607,0.1102881952,5,constant,0.0003028010164010165,4.0373428480000024e-05,-0.0008521170487200004,-3.3697797e-05,-3.5395894e-06,-2.4461764879999996e-05,5
demo_12_labeled,approach,80,84,2.6666640000000004,2.7999972000000004,0.13333320000000004,5,joint_2,constant,-0.00026643026643155467,-3.552400000017178e-05,0.5945075140000036,0.5938101,0.59376943,0.5937792720000001,5,constant,0.013426530672930662,0.001790202299519999,-0.03720580754037998,-0.0020522987,-3.1464601e-06,-0.0005066604002200001,5
demo_12_labeled,approach,80,84,2.6666640000000004,2.7999972000000004,0.13333320000000004,5,joint_3,constant,-5.874005873922825e-05,-7.83199999988927e-06,-0.2339374460000023,-0.23409171,-0.23410033,-0.234098002,5,constant,0.0032685771273771244,0.00043580984783999976,-0.009065806049759994,-0.0004899395,-3.0649892e-06,-0.00013170416904,5
demo_12_labeled,approach,80,84,2.6666640000000004,2.7999972000000004,0.13333320000000004,5,joint_4,constant,0.00013170013170712524,1.7560000000932476e-05,-2.491561280000019,-2.491217,-2.4911966,-2.4912013,5,constant,-0.005228952029952027,-0.0006971929067999998,0.014490806595799993,0.0008008373,1.905407e-06,0.0001983520064,5
demo_12_labeled,approach,80,84,2.6666640000000004,2.7999972000000004,0.13333320000000004,5,joint_5,constant,2.8800028807357894e-06,3.840000000977213e-07,-0.313252728000002,-0.31324524,-0.31324476,-0.313244856,5,constant,-0.0008008690549690545,-0.00010678243387999997,0.002221333521379999,0.00012028028,6.871921e-07,3.229362684e-05,5
demo_12_labeled,approach,80,84,2.6666640000000004,2.7999972000000004,0.13333320000000004,5,joint_6,constant,2.7600027592583725e-05,3.6799999990074857e-06,3.5121182400000204,3.51219,3.5121946,3.51219368,5,constant,-0.003738895733695731,-0.0004985189326399997,0.010360968419329993,0.0005708092,1.9820335e-07,0.00014133030020999998,5
demo_12_labeled,approach,80,84,2.6666640000000004,2.7999972000000004,0.13333320000000004,5,joint_7,constant,1.2161896050872293e-15,1.621584518530166e-16,0.990467199999997,0.9904672,0.9904672,0.9904672,5,constant,0.0005454187752667749,7.272243064639998e-05,-0.0015111783976995991,-8.270234e-05,-1.8507942e-08,-2.0368569448400003e-05,5
demo_12_labeled,approach,80,84,2.6666640000000004,2.7999972000000004,0.13333320000000004,5,finger_1,constant,9.666009665974405e-06,1.2887999999952988e-06,0.03997303640000009,0.03999858,0.039999932,0.0399994568,5,constant,-0.00021558883998883983,-2.8745149919999988e-05,0.0006011619754799996,3.194109e-05,1.7365192e-06,1.1886402119999999e-05,5
demo_12_labeled,approach,80,84,2.6666640000000004,2.7999972000000004,0.13333320000000004,5,finger_2,constant,4.2510042510367755e-06,5.668000000043367e-07,0.03998810379999992,0.03999935,0.039999917,0.0399997232,5,constant,-6.589577089577086e-05,-8.786093999999997e-06,0.00018472621001999995,9.952091e-06,1.167438e-06,4.611283019999999e-06,5
demo_12_labeled,approach,85,89,2.8333305,2.9666637,0.1333331999999996,5,joint_1,constant,-4.56071101907711e-16,-6.080941944488104e-17,0.11028607000000129,0.11028607,0.11028607,0.11028606999999999,5,constant,1.0016782304782352e-05,1.3355696384000024e-06,-2.902013107240014e-05,-9.801402e-07,4.5913458e-07,2.85085628e-08,5
demo_12_labeled,approach,85,89,2.8333305,2.9666637,0.1333331999999996,5,joint_2,constant,-2.4323792101744586e-15,-3.2431690370603213e-16,0.593769430000007,0.59376943,0.59376943,0.59376943,5,constant,5.081857058857083e-06,6.775802636000013e-07,-1.4942272486500071e-05,-7.630677e-07,-4.70076e-09,-2.0490175319999998e-07,5
demo_12_labeled,approach,85,89,2.8333305,2.9666637,0.1333331999999996,5,joint_3,constant,9.12142203815422e-16,1.2161883888976207e-16,-0.23410033000000272,-0.23410033,-0.23410033,-0.23410033000000002,5,constant,6.398533358533392e-06,8.531369280000019e-07,-1.9256646944000097e-05,-1.348668e-06,-4.271974e-07,-7.0091876e-07,5
demo_12_labeled,approach,85,89,2.8333305,2.9666637,0.1333331999999996,5,joint_4,constant,1.2161896050872294e-14,1.6215845185301608e-15,-2.491196600000035,-2.4911966,-2.4911966,-2.4911966,5,constant,-3.082394616194631e-06,-4.1098553784000073e-07,9.064399759560044e-06,4.6371426e-07,3.9123957e-09,1.2546431154e-07,5
demo_12_labeled,approach,85,89,2.8333305,2.9666637,0.1333331999999996,5,joint_5,constant,1.2161896050872293e-15,1.6215845185301606e-16,-0.3132447600000035,-0.31324476,-0.31324476,-0.31324476,5,constant,-6.93933003933008e-07,-9.252430800000026e-08,2.4561234450000113e-06,5.133844e-07,4.1380395e-07,4.4371974600000004e-07,5
demo_12_labeled,approach,85,89,2.8333305,2.9666637,0.1333331999999996,5,joint_6,constant,-9.729516840697834e-15,-1.2972676148241285e-15,3.5121946000000284,3.5121946,3.5121946,3.5121946,5,constant,-2.7150159345159474e-07,-3.620017626000006e-08,7.976387452450038e-07,4.137656e-08,8.91247e-11,1.0284911590000001e-08,5
demo_12_labeled,approach,85,89,2.8333305,2.9666637,0.1333331999999996,5,joint_7,constant,-3.648568815261688e-15,-4.864753555590483e-16,0.9904672000000105,0.9904672,0.9904672,0.9904672,5,constant,3.8300910740910913e-08,5.106782992000007e-09,-1.1243002601400051e-07,-5.320896e-09,2.4711075e-10,-1.357495938e-09,5
demo_12_labeled,approach,85,89,2.8333305,2.9666637,0.1333331999999996,5,finger_1,constant,0.0,0.0,0.039999932,0.039999932,0.039999932,0.039999932,5,constant,-4.313254313254666e-08,-5.751000000000452e-09,1.0953807500000103e-06,9.746611e-07,9.684506e-07,9.702964999999999e-07,5
demo_12_labeled,approach,85,89,2.8333305,2.9666637,0.1333331999999996,5,finger_2,constant,-1.900296257948796e-16,-2.5337258102033763e-17,0.03999991700000055,0.039999917,0.039999917,0.039999917,5,constant,3.942933942933478e-08,5.257239999999364e-09,1.0675418700000138e-06,1.1778986e-06,1.1835748e-06,1.18188684e-06,5
demo_12_labeled,approach,90,94,2.9999970000000005,3.1333302000000005,0.13333320000000004,5,joint_1,constant,-2.280355509538555e-16,-3.0404709722440617e-17,0.11028607000000065,0.11028607,0.11028607,0.11028606999999999,5,constant,6.009756009755994e-08,8.01299999999998e-09,2.9663442800000053e-07,4.7486742e-07,4.8351137e-07,4.80933428e-07,5
demo_12_labeled,approach,90,94,2.9999970000000005,3.1333302000000005,0.13333320000000004,5,joint_2,constant,6.0809480254361465e-16,8.10792259265083e-17,0.5937694299999984,0.59376943,0.59376943,0.59376943,5,constant,8.229627729627724e-09,1.0972825999999995e-09,-2.6316834519999985e-08,-1.9361646e-09,-7.36608e-10,-1.0793347200000002e-09,5
demo_12_labeled,approach,90,94,2.9999970000000005,3.1333302000000005,0.13333320000000004,5,joint_3,constant,-6.0809480254361465e-16,-8.10792259265083e-17,-0.23410032999999814,-0.23410033,-0.23410033,-0.23410033000000002,5,constant,3.67384567384568e-08,4.898456000000009e-09,-5.264886300000001e-07,-4.175344e-07,-4.1224902e-07,-4.13824142e-07,5
demo_12_labeled,approach,90,94,2.9999970000000005,3.1333302000000005,0.13333320000000004,5,joint_4,constant,9.729516840697834e-15,1.2972676148241328e-15,-2.49119660000003,-2.4911966,-2.4911966,-2.4911966,5,constant,-5.138694938694935e-09,-6.851586399999998e-10,1.7425373779999993e-08,2.2010977e-09,1.4524694e-09,1.66672506e-09,5
demo_12_labeled,approach,90,94,2.9999970000000005,3.1333302000000005,0.13333320000000004,5,joint_5,constant,-3.0404740127180732e-16,-4.053961296325415e-17,-0.31324475999999907,-0.31324476,-0.31324476,-0.31324476,5,constant,-4.264744264744971e-09,-5.686320000000943e-10,4.2533844000000225e-07,4.1269024e-07,4.1207682e-07,4.12259904e-07,5
demo_12_labeled,approach,90,94,2.9999970000000005,3.1333302000000005,0.13333320000000004,5,joint_6,constant,-9.729516840697834e-15,-1.2972676148241328e-15,3.51219460000003,3.5121946,3.5121946,3.5121946,5,constant,1.6949677349677317e-10,2.2599547199999963e-11,-4.2054659219999905e-10,8.424801e-11,1.07355146e-10,9.924299339999999e-11,5
demo_12_labeled,approach,90,94,2.9999970000000005,3.1333302000000005,0.13333320000000004,5,joint_7,constant,1.2161896050872293e-15,1.621584518530166e-16,0.9904671999999966,0.9904672,0.9904672,0.9904672,5,constant,1.7836142836142865e-10,2.3781500000000046e-11,-2.3350749200000096e-10,2.9541883e-10,3.2112846e-10,3.1346700800000003e-10,5
demo_12_labeled,approach,90,94,2.9999970000000005,3.1333302000000005,0.13333320000000004,5,finger_1,constant,3.8005925158975916e-17,5.067451620406769e-18,0.039999931999999884,0.039999932,0.039999932,0.039999932,5,constant,-2.484002484004221e-10,-3.3120000000023165e-11,9.691216000000006e-07,9.68385e-07,9.683492e-07,9.683598400000003e-07,5
demo_12_labeled,approach,90,94,2.9999970000000005,3.1333302000000005,0.13333320000000004,5,finger_2,constant,3.8005925158975916e-17,5.067451620406769e-18,0.0399999169999999,0.039999917,0.039999917,0.039999917,5,constant,2.283002283028099e-10,3.0440000000344224e-11,1.1829580999999924e-06,1.183635e-06,1.1836678e-06,1.18365822e-06,5
demo_12_labeled,approach,95,99,3.1666635000000003,3.2999967000000003,0.13333320000000004,5,joint_1,constant,-2.280355509538555e-16,-3.0404709722440617e-17,0.1102860700000007,0.11028607,0.11028607,0.11028606999999999,5,constant,3.5346035345816017e-10,4.712799999970758e-11,4.824969980000073e-07,4.836041e-07,4.8365496e-07,4.836398520000001e-07,5
demo_12_labeled,approach,95,99,3.1666635000000003,3.2999967000000003,0.13333320000000004,5,joint_2,constant,6.0809480254361465e-16,8.10792259265083e-17,0.5937694299999983,0.59376943,0.59376943,0.59376943,5,constant,3.5867195867195744e-11,4.782287999999985e-12,-8.391757499999996e-10,-7.2684037e-10,-7.2167056e-10,-7.23205266e-10,5
demo_12_labeled,approach,95,99,3.1666635000000003,3.2999967000000003,0.13333320000000004,5,joint_3,constant,-6.0809480254361465e-16,-8.10792259265083e-17,-0.23410032999999805,-0.23410033,-0.23410033,-0.23410033000000002,5,constant,2.1522021522075177e-10,2.8696000000071548e-11,-4.128666620000018e-07,-4.1219255e-07,-4.1216157e-07,-4.1217078399999995e-07,5
demo_12_labeled,approach,95,99,3.1666635000000003,3.2999967000000003,0.13333320000000004,5,joint_4,constant,9.729516840697834e-15,1.2972676148241328e-15,-2.4911966000000314,-2.4911966,-2.4911966,-2.4911966,5,constant,-2.269112269112342e-11,-3.0254800000000983e-12,1.5173690700000026e-09,1.4462996e-09,1.4430303e-09,1.44400118e-09,5
demo_12_labeled,approach,95,99,3.1666635000000003,3.2999967000000003,0.13333320000000004,5,joint_5,constant,-3.0404740127180732e-16,-4.053961296325415e-17,-0.313244759999999,-0.31324476,-0.31324476,-0.31324476,5,constant,-2.5080025080740767e-11,-3.3440000000954258e-12,4.1214888400000235e-07,4.120703e-07,4.1206673e-07,4.12067792e-07,5
demo_12_labeled,approach,95,99,3.1666635000000003,3.2999967000000003,0.13333320000000004,5,joint_6,constant,-9.729516840697834e-15,-1.2972676148241328e-15,3.5121946000000315,3.5121946,3.5121946,3.5121946,5,constant,2.1788121788120862e-12,2.9050799999998773e-13,1.0100957940000029e-10,1.07834e-10,1.0816957e-10,1.080543984e-10,5
demo_12_labeled,approach,95,99,3.1666635000000003,3.2999967000000003,0.13333320000000004,5,joint_7,constant,1.2161896050872293e-15,1.621584518530166e-16,0.9904671999999963,0.9904672,0.9904672,0.9904672,5,constant,4.76010476009889e-13,6.346799999992175e-14,3.1993380700000184e-10,3.2138794e-10,3.2149386e-10,3.2147290600000004e-10,5
demo_12_labeled,approach,95,99,3.1666635000000003,3.2999967000000003,0.13333320000000004,5,finger_1,constant,3.8005925158975916e-17,5.067451620406769e-18,0.03999993199999988,0.039999932,0.039999932,0.039999932,5,constant,-2.1000021020529148e-12,-2.800000002734418e-13,9.683552500000068e-07,9.683488e-07,9.683484e-07,9.6834846e-07,5
demo_12_labeled,approach,95,99,3.1666635000000003,3.2999967000000003,0.13333320000000004,5,finger_2,constant,3.8005925158975916e-17,5.067451620406769e-18,0.03999991699999989,0.039999917,0.039999917,0.039999917,5,constant,2.1000021020529148e-12,2.800000002734418e-13,1.1836615299999934e-06,1.1836681e-06,1.1836686e-06,1.18366832e-06,5
demo_12_labeled,approach,100,104,3.33333,3.4666632,0.13333320000000004,5,joint_1,constant,-0.004919155919156208,-0.0006558868000000387,0.12293504720000098,0.10667952,0.105985574,0.10620993380000002,5,ramp_up,0.751994396804398,0.10026581930800019,-2.582613611596004,-0.12670031,-0.00046430278,-0.025835219242000006,5
demo_12_labeled,approach,100,104,3.33333,3.4666632,0.13333320000000004,5,joint_2,ramp_down,-0.10352011352011432,-0.013802668000000112,0.8977495000000026,0.5581224,0.54199225,0.545781466,5,ramp_up,8.478379315159328,1.1304494449040021,-29.12607620066605,-1.3619595,-0.00080153067,-0.299615355614,5
demo_12_labeled,approach,100,104,3.33333,3.4666632,0.13333320000000004,5,joint_3,constant,-0.009361059361058409,-0.0012481399999998734,-0.20104854800000324,-0.23189679,-0.23326015,-0.232876118,5,ramp_down,-0.28899549645549716,-0.038532694328000106,0.9877640014120025,0.05890085,-0.00048788736,0.005180296047999999,5
demo_12_labeled,approach,100,104,3.33333,3.4666632,0.13333320000000004,5,joint_4,constant,0.014899514899524203,0.001986600000001241,-2.5630903800000318,-2.513574,-2.5117464,-2.51243208,5,ramp_up,3.706087368187374,0.49414448828000096,-12.714565319500021,-0.65314573,0.0003192135,-0.11388086836,5
demo_12_labeled,approach,100,104,3.33333,3.4666632,0.13333320000000004,5,joint_5,constant,-0.0017736017736004444,-0.00023647999999982285,-0.3173944260000045,-0.32316422,-0.3234771,-0.323424666,5,ramp_up,1.7453268599808627,0.23271001528720042,-5.99125327332681,-0.29342827,0.000106734034,-0.05714788350319998,5
demo_12_labeled,approach,100,104,3.33333,3.4666632,0.13333320000000004,5,joint_6,constant,0.008375108375107536,0.0011166799999998884,3.452757320000002,3.4802995,3.4815536,3.48123266,5,ramp_up,5.278370875070883,0.7037820795600013,-18.11749728839003,-0.8947413,0.00021578795,-0.17105425960999998,5
demo_12_labeled,approach,100,104,3.33333,3.4666632,0.13333320000000004,5,joint_7,constant,-0.0007864207864231132,-0.00010485600000031027,0.9925246260000077,0.98993903,0.98982066,0.989850798,5,ramp_up,0.08202422982422987,0.01093655304000001,-0.2824476313600002,-0.01097583,-3.79833e-05,-0.0035655288399999998,5
demo_12_labeled,approach,100,104,3.33333,3.4666632,0.13333320000000004,5,finger_1,constant,3.386103386091485e-05,4.514799999984134e-06,0.039883413200000405,0.039995994,0.04,0.0399985406,5,constant,0.0006024454725484766,8.032598268040057e-05,-0.0020484388430826142,-0.0002010545,-7.653337e-09,-1.2628473239999765e-07,5
demo_12_labeled,approach,100,104,3.33333,3.4666632,0.13333320000000004,5,finger_2,constant,-7.08000708014921e-06,-9.44000000018951e-07,0.04002263540000047,0.04,0.0399989,0.039998563400000006,5,constant,0.00022797377097376982,3.0396472399999854e-05,-0.0007757908882799962,3.396788e-05,1.772318e-05,-6.808420799999994e-07,5
demo_12_labeled,approach,105,106,3.4999965000000004,3.5333298,0.03333329999999979,2,joint_1,ramp_down,-0.6120957120957168,-0.020403170000000026,2.248307020000017,0.10597417,0.085571,0.095772585,2,ramp_down,-17.781682760182864,-0.5927221659499997,62.23565134070037,-0.00017608405,-0.59289825,-0.296537167025,2
demo_12_labeled,approach,105,106,3.4999965000000004,3.5333298,0.03333329999999979,2,joint_2,ramp_up,0.42672942672942515,0.014224299999999857,-0.9515721999999945,0.5419793,0.5562036,0.54909145,2,ramp_up,13.618781298281382,0.45395892264999993,-47.6658395809003,-0.00015270265,0.45380622,0.226826758675,2
demo_12_labeled,approach,105,106,3.4999965000000004,3.5333298,0.03333329999999979,2,joint_3,ramp_up,0.6512556512556577,0.021708500000000075,-2.5126607000000227,-0.2332682,-0.2115597,-0.22241395,2,ramp_up,18.57467420477432,0.6191551876699999,-65.01143749302041,-0.00014278767,0.6190124,0.309434806165,2
demo_12_labeled,approach,105,106,3.4999965000000004,3.5333298,0.03333329999999979,2,joint_4,ramp_up,1.1863031863031974,0.03954340000000012,-6.663797400000039,-2.5117404,-2.472197,-2.4919687,2,ramp_up,40.96708558948584,1.3655681540799998,-143.38458703248088,6.914592e-05,1.3656373,0.68285322296,2
demo_12_labeled,approach,105,106,3.4999965000000004,3.5333298,0.03333329999999979,2,joint_5,ramp_down,-0.295250695250696,-0.009841679999999964,0.7099002600000028,-0.32347614,-0.33331782,-0.32839698,2,ramp_down,-7.5716436664537135,-0.25238786982699996,26.50075713166217,3.0799827e-05,-0.25235707,-0.1261631350865,2
demo_12_labeled,approach,105,106,3.4999965000000004,3.5333298,0.03333329999999979,2,joint_6,ramp_down,-0.986928986929009,-0.032897600000000526,6.935801600000076,3.4815536,3.448656,3.4651047999999998,2,ramp_down,-27.561861533751703,-0.9187277990629998,96.4664602506786,4.1349063e-05,-0.91868645,-0.4593225504685,2
demo_12_labeled,approach,105,106,3.4999965000000004,3.5333298,0.03333329999999979,2,joint_7,ramp_up,0.23755943755943837,0.007918639999999977,0.1583634599999969,0.98982066,0.9977393,0.99377998,2,ramp_up,6.2498654558054945,0.20832864019799996,-21.87451344098814,-6.220198e-06,0.20832242,0.104158099901,2
demo_12_labeled,approach,105,106,3.4999965000000004,3.5333298,0.03333329999999979,2,finger_1,constant,-8.799008799040387e-05,-2.9330000000105105e-06,0.040307965000001104,0.04,0.039997067,0.0399985335,2,constant,-0.0027277425802455972,-9.092466175009999e-05,0.009547087871510661,-1.6122499e-09,-9.0926274e-05,-4.5463943124950005e-05,2
demo_12_labeled,approach,105,106,3.4999965000000004,3.5333298,0.03333329999999979,2,finger_2,constant,1.8600018599804173e-05,6.199999999928485e-07,0.039934280000000745,0.03999938,0.04,0.039999690000000004,2,constant,-0.0001955617475617488,-6.5187184e-06,0.0006954471500000045,1.0981718e-05,4.4629996e-06,7.7223588e-06,2
demo_12_labeled,pick,107,111,3.5666631000000004,3.699996300000001,0.13333320000000048,5,joint_1,constant,-0.0018425718425716664,-0.0002456759999999774,0.09167354819999934,0.08513891,0.08486895,0.0849788772,5,constant,0.0027070416070418065,0.0003609385200000279,-0.009479904850000725,0.0025452927,0.002221447,0.00035566982,5
demo_12_labeled,pick,107,111,3.5666631000000004,3.699996300000001,0.13333320000000048,5,joint_2,constant,-0.006006906006902495,-0.0008009199999995347,0.5777417099999873,0.556605,0.5556832,0.5559166400000001,5,ramp_up,0.3457088127488105,0.04609446227199987,-1.270095912175992,-0.05720042,-0.003240327,-0.014021815264,5
demo_12_labeled,pick,107,111,3.5666631000000004,3.699996300000001,0.13333320000000048,5,joint_3,constant,2.682002681961192e-05,3.575999999944693e-06,-0.2120023199999985,-0.21180493,-0.2117705,-0.21190487400000002,5,ramp_up,0.37456776814776926,0.04994231914400033,-1.3562038143020043,-0.016711464,0.0444071,0.0047243823719999994,5
demo_12_labeled,pick,107,111,3.5666631000000004,3.699996300000001,0.13333320000000048,5,joint_4,constant,0.0016896016895930248,0.00022527999999884553,-2.470521479999968,-2.464575,-2.4643362,-2.4643826,5,constant,-0.00027453177453270816,-3.660420000012461e-05,-0.0031949505699966053,-0.013739947,-0.011905327,-0.0041924150200000005,5
demo_12_labeled,pick,107,111,3.5666631000000004,3.699996300000001,0.13333320000000048,5,joint_5,constant,-0.0025245625245635685,-0.0003366080000001404,-0.32371344199999613,-0.3328024,-0.33322617,-0.33288601,5,ramp_down,-0.33807133615633805,-0.045076133078000416,1.218410424568507,0.0028623682,-0.053225327,-0.009914201807,5
demo_12_labeled,pick,107,111,3.5666631000000004,3.699996300000001,0.13333320000000048,5,joint_6,constant,0.0012942012942137146,0.00017256000000165668,3.444344879999954,3.4489546,3.4491625,3.4490471400000002,5,constant,-0.00900162510162391,-0.0012002154799998456,0.03951189964999568,0.016053308,0.015495358,0.006806027819999999,5
demo_12_labeled,pick,107,111,3.5666631000000004,3.699996300000001,0.13333320000000048,5,joint_7,constant,0.0020540420540460036,0.0002738720000005276,0.9902903959999857,0.9976883,0.99803114,0.997753408,5,ramp_up,0.21579530831030955,0.02877267900200027,-0.7776183722915045,-0.0016775575,0.03417047,0.006437130513,5
demo_12_labeled,pick,107,111,3.5666631000000004,3.699996300000001,0.13333320000000048,5,finger_1,ramp_down,-0.0420595980595982,-0.005607940800000039,0.1914143640000005,0.039999906,0.03298998,0.03859797720000001,5,ramp_down,-1.2019841315483912,-0.16026439060856854,4.32716559069373,6.773212e-05,-0.20026283,-0.04003905338974748,5
demo_12_labeled,pick,107,111,3.5666631000000004,3.699996300000001,0.13333320000000048,5,finger_2,ramp_down,-0.041911601911602044,-0.005588208000000038,0.19088005780000047,0.039998148,0.033012375,0.0386013898,5,ramp_down,-1.2188429118809196,-0.16251222573840163,4.387816947493029,-5.202188e-05,-0.20319223,-0.0406412038784,5
demo_12_labeled,pick,112,116,3.7333296,3.8666628,0.13333320000000004,5,joint_1,constant,0.0006209406209404995,8.279199999998383e-05,0.08321309200000045,0.08557557,0.08564351,0.08557266399999999,5,constant,-0.05678445062445119,-0.007571252512000078,0.21951827710400218,0.013383084,0.004363263,0.003737580512,5
demo_12_labeled,pick,112,116,3.7333296,3.8666628,0.13333320000000004,5,joint_2,constant,-0.01253383253383431,-0.0016711760000002374,0.6025050560000069,0.55573356,0.55419266,0.55487654,5,ramp_down,-0.08582850542850723,-0.011443789280000243,0.31190038140000687,0.0047322996,-0.007211238,-0.014247613079999999,5
demo_12_labeled,pick,112,116,3.7333296,3.8666628,0.13333320000000004,5,joint_3,constant,0.0017450417450429977,0.0002326720000001671,-0.21796025200000477,-0.21141675,-0.21118982,-0.21132910000000002,5,ramp_up,0.14586522812922903,0.019448677635200126,-0.5574790064208035,-0.02139628,0.0014409045,-0.0031916938176000005,5
demo_12_labeled,pick,112,116,3.7333296,3.8666628,0.13333320000000004,5,joint_4,constant,0.004086004086013538,0.0005448000000012604,-2.4796465400000356,-2.4644508,-2.4639678,-2.4641197399999997,5,constant,-0.07343488703488672,-0.009791308479999962,0.2793816594799988,0.0042007365,-0.008200408,0.0003293678000000001,5
demo_12_labeled,pick,112,116,3.7333296,3.8666628,0.13333320000000004,5,joint_5,constant,0.00532362532362797,0.0007098160000003531,-0.35291140600001003,-0.33307636,-0.33241957,-0.33268164999999994,5,ramp_down,-0.2327929151929168,-0.031039024320000226,0.8883243187500063,0.04208808,-0.00043199095,0.0037121256299999994,5
demo_12_labeled,pick,112,116,3.7333296,3.8666628,0.13333320000000004,5,joint_6,constant,0.004532404532397755,0.0006043199999990965,3.4322544600000247,3.4491153,3.449677,3.44947758,5,ramp_down,-0.1142115056115072,-0.015228185520000216,0.3868474532000061,0.0002303524,-0.050120726,-0.047155834120000004,5
demo_12_labeled,pick,112,116,3.7333296,3.8666628,0.13333320000000004,5,joint_7,constant,0.003330483330478793,0.00044406399999939516,0.9854608780000171,0.9978844,0.99832565,0.9981167019999999,5,ramp_down,-1.7336095976096089,-0.23114771520000157,6.283298847000044,-0.015342431,-0.3186855,-0.3044110362,5
demo_12_labeled,pick,112,116,3.7333296,3.8666628,0.13333320000000004,5,finger_1,ramp_down,-0.038521322521322725,-0.005136171200000029,0.16835391620000079,0.026091084,0.020345658,0.021973037,5,ramp_up,2.401104721104735,0.32014697600000197,-9.002728852000054,-0.20016624,0.20037398,0.12145996399999999,5
demo_12_labeled,pick,112,116,3.7333296,3.8666628,0.13333320000000004,5,finger_2,constant,-0.027060294060294303,-0.0036080356000000335,0.12583875820000093,0.026188886,0.021998754,0.023009743599999997,5,ramp_up,1.2224071604071698,0.1629874584000013,-4.4960960050000365,-0.035721883,0.16917618,0.1490465594,5
demo_12_labeled,transport,117,121,3.899996100000001,4.0333293,0.13333319999999915,5,joint_1,constant,0.0005743745743748538,7.658320000003676e-05,0.0835155001999989,0.08573995,0.085819416,0.0857938504,5,constant,-0.02533271446271457,-0.003377691883999993,0.10112466959700044,0.0031363168,-0.00042671087,0.000638336048,5
demo_12_labeled,transport,117,121,3.899996100000001,4.0333293,0.13333319999999915,5,joint_2,constant,-0.0026307026306995824,-0.00035075999999959135,0.5644096899999879,0.5542618,0.5538584,0.55397458,5,constant,0.0023789507789508946,0.0003171931200000134,-0.01719404716000046,-0.0066395677,-0.0073090075,-0.00775755184,5
demo_12_labeled,transport,117,121,3.899996100000001,4.0333293,0.13333319999999915,5,joint_3,constant,0.0006441306441298032,8.588399999988733e-05,-0.21355060899999662,-0.21104906,-0.21096112,-0.21099556000000003,5,constant,-0.01711123231123236,-0.002281495359999992,0.06991422282000019,0.0038240054,0.0013322849,0.00203973586,5
demo_12_labeled,transport,117,121,3.899996100000001,4.0333293,0.13333319999999915,5,joint_4,constant,-0.000953700953712996,-0.00012716000000160483,-2.4603864299999527,-2.464139,-2.4642398,-2.46416944,5,constant,0.02901387711387744,0.003868513080000019,-0.11907425785000131,-0.005254993,-0.0024204687,-0.00398599372,5
demo_12_labeled,transport,117,121,3.899996100000001,4.0333293,0.13333319999999915,5,joint_5,constant,0.0016032616032609192,0.00021376799999990744,-0.33853663999999734,-0.33235547,-0.33210647,-0.332177042,5,constant,-0.00416470376470363,-0.0005552932799999785,0.013459409399999466,-0.0013444312,-0.0030050268,-0.00306056568,5
demo_12_labeled,transport,117,121,3.899996100000001,4.0333293,0.13333319999999915,5,joint_6,constant,0.00043050043050753056,5.740000000094631e-05,3.4480217899999728,3.4496653,3.4497414,3.44972944,5,constant,-0.0022904422904420838,-0.0003053919999999705,-0.036938188000000816,-0.043250144,-0.045657907,-0.0460236,5
demo_12_labeled,transport,117,121,3.899996100000001,4.0333293,0.13333319999999915,5,joint_7,constant,0.0006927906927937537,9.237200000040753e-05,0.9957422869999879,0.9984275,0.99852836,0.9984903540000001,5,constant,-0.04037587037587164,-0.005383444000000135,-0.1491799309999949,-0.30210987,-0.31056008,-0.30933739000000005,5
demo_12_labeled,transport,117,121,3.899996100000001,4.0333293,0.13333319999999915,5,finger_1,constant,-0.00026900726900717177,-3.586759999998681e-05,0.021113895499999612,0.020111179,0.020047879,0.0200468344,5,constant,0.03416541416541482,0.004555384000000058,0.0516535719999974,0.18101099,0.18814585,0.187176246,5
demo_12_labeled,transport,117,121,3.899996100000001,4.0333293,0.13333319999999915,5,finger_2,constant,-0.0013726963726963,-0.00018302599999998914,0.02713297749999971,0.021839527,0.021631744,0.021687954,5,constant,-0.018890028890028516,-0.002518667999999934,0.2333266529999985,0.16108441,0.15784585,0.15839628,5
demo_12_labeled,transport,122,126,4.066662600000001,4.199995800000001,0.13333320000000004,5,joint_1,constant,-3.4890034890441705e-05,-4.652000000054244e-06,0.0859625590000017,0.08582025,0.08581574,0.08581834700000002,5,constant,-0.00044629268629268364,-5.9505631999999664e-05,0.0013331047019999893,-0.00047632933,-0.00053256925,-0.00051156989,5
demo_12_labeled,transport,122,126,4.066662600000001,4.199995800000001,0.13333320000000004,5,joint_2,constant,-0.0003024303024326954,-4.032400000031907e-05,0.5550664700000101,0.55383945,0.55379885,0.553816426,5,constant,0.00244770754770757,0.0003263606800000031,-0.017037729080000095,-0.00711021,-0.00676773,-0.006920548,5
demo_12_labeled,transport,122,126,4.066662600000001,4.199995800000001,0.13333320000000004,5,joint_3,constant,0.00018222018222056088,2.4296000000050496e-05,-0.21169312800000153,-0.21095276,-0.21092829,-0.21093995200000001,5,constant,-0.00046581166581167213,-6.210816000000086e-05,0.003165735700000026,0.0012751106,0.0012122144,0.00124038274,5
demo_12_labeled,transport,122,126,4.066662600000001,4.199995800000001,0.13333320000000004,5,joint_4,constant,-0.00038790038788746005,-5.17199999982763e-05,-2.462689860000053,-2.464264,-2.464316,-2.46429318,5,constant,0.0033396537396537464,0.00044528672000000106,-0.01580857442000003,-0.0022518602,-0.0018186437,-0.0020046861,5
demo_12_labeled,transport,122,126,4.066662600000001,4.199995800000001,0.13333320000000004,5,joint_5,constant,0.0004866004866021044,6.488000000021572e-05,-0.33406694600000675,-0.33208877,-0.332024,-0.3320556659999999,5,constant,-0.0002742269742269618,-3.656355999999836e-05,-0.0018591537400000511,-0.0029775915,-0.0030106027,-0.0029926241,5
demo_12_labeled,transport,122,126,4.066662600000001,4.199995800000001,0.13333320000000004,5,joint_6,constant,-4.680004681735352e-05,-6.240000002307562e-06,3.449930000000072,3.4497397,3.4497333,3.4497365599999994,5,constant,0.001333459333459572,0.00017779440000003185,-0.05100000920000098,-0.045571208,-0.045392964,-0.0454883828,5
demo_12_labeled,transport,122,126,4.066662600000001,4.199995800000001,0.13333320000000004,5,joint_7,constant,0.0003786003785926029,5.0479999998963257e-05,0.9970034200000322,0.9985425,0.9985931,0.9985683,5,constant,-0.007080367080365478,-0.0009440479999997866,-0.28206859200000656,-0.31083575,-0.3117889,-0.31133408,5
demo_12_labeled,transport,122,126,4.066662600000001,4.199995800000001,0.13333320000000004,5,finger_1,constant,4.6761046760967563e-05,6.234799999989443e-06,0.01986249020000033,0.02005206,0.020058353,0.020055769,5,constant,0.005132885132884348,0.0006843839999998955,0.1675077340000033,0.18835947,0.18905653,0.188723638,5
demo_12_labeled,transport,122,126,4.066662600000001,4.199995800000001,0.13333320000000004,5,finger_2,constant,-4.352704352717445e-05,-5.803600000017458e-06,0.021804151600000547,0.021627724,0.02162189,0.02162424,5,constant,0.0010686310686303482,0.00014248399999990398,0.153479750000003,0.15782717,0.15796192,0.15789675399999997,5
demo_12_labeled,transport,127,131,4.233329100000001,4.366662300000001,0.13333320000000004,5,joint_1,constant,-4.563604563642601e-05,-6.084800000050718e-06,0.08600729960000164,0.08581413,0.085808024,0.08581106479999999,5,constant,-1.903522903522712e-05,-2.5380279999997455e-06,-0.00045451091100000805,-0.0005396501,-0.0005400655,-0.000536362314,5
demo_12_labeled,transport,127,131,4.233329100000001,4.366662300000001,0.13333320000000004,5,joint_2,constant,-8.379008379093136e-05,-1.1172000000113012e-05,0.5541474590000036,0.5537938,0.55378234,0.553787162,5,constant,0.0007054294054294561,9.405716000000678e-05,-0.00971914411000022,-0.006747824,-0.0066528264,-0.006685800699999999,5
demo_12_labeled,transport,127,131,4.233329100000001,4.366662300000001,0.13333320000000004,5,joint_3,constant,0.00013401013401161889,1.7868000000197988e-05,-0.21149038900000638,-0.2109233,-0.21090545,-0.210914146,5,constant,-0.00013186093186093767,-1.758144000000078e-05,0.0017646761800000255,0.0012057279,0.001186846,0.00119767474,5
demo_12_labeled,transport,127,131,4.233329100000001,4.366662300000001,0.13333320000000004,5,joint_4,constant,-0.00010260010258163176,-1.3679999997537227e-05,-2.4638898000000795,-2.464323,-2.4643366,-2.4643309800000006,5,constant,0.0007320568320568363,9.76074800000006e-05,-0.004844881750000019,-0.0017476754,-0.0016580729,-0.0016970405200000004,5
demo_12_labeled,transport,127,131,4.233329100000001,4.366662300000001,0.13333320000000004,5,joint_5,constant,0.00035886035886286967,4.784800000033479e-05,-0.33352832200001076,-0.33200988,-0.33196208,-0.33198522399999997,5,constant,-0.0006263694263694106,-8.351583999999792e-05,-0.00038389600000006754,-0.0030360788,-0.0031201015,-0.00307728184,5
demo_12_labeled,transport,127,131,4.233329100000001,4.366662300000001,0.13333320000000004,5,joint_6,constant,-4.710004712880027e-05,-6.280000003833754e-06,3.449931390000124,3.4497318,3.4497256,3.4497288600000005,5,constant,0.0005773655773659269,7.698200000004664e-05,-0.04784472430000151,-0.045397397,-0.045334563,-0.045362054799999996,5
demo_12_labeled,transport,127,131,4.233329100000001,4.366662300000001,0.13333320000000004,5,joint_7,constant,0.00031500031499583845,4.199999999940314e-05,0.9972712000000192,0.9986043,0.9986463,0.9986257000000001,5,constant,-0.005507945507943413,-0.000734391999999721,-0.28872109400000906,-0.31202444,-0.3127646,-0.31240523600000003,5
demo_12_labeled,transport,127,131,4.233329100000001,4.366662300000001,0.13333320000000004,5,finger_1,constant,1.344901344893725e-05,1.7931999999898407e-06,0.02000215790000033,0.020059085,0.020060878,0.020059988600000002,5,constant,0.003744723744722845,0.0004992959999998802,0.17337217000000388,0.18920788,0.18971083,0.189474466,5
demo_12_labeled,transport,127,131,4.233329100000001,4.366662300000001,0.13333320000000004,5,finger_2,constant,-9.615009615073196e-06,-1.282000000008478e-06,0.021661995900000272,0.021621287,0.021620011,0.021620651400000003,5,constant,0.0016226416226410804,0.00021635199999992777,0.15117089200000233,0.15804936,0.15826602,0.158148244,5
demo_12_labeled,transport,132,136,4.3999956000000005,4.5333288000000005,0.13333320000000004,5,joint_1,ramp_down,-0.3824509574509569,-0.05099340999999995,1.772312810999998,0.08580645,0.034312755,0.06403357600000001,5,ramp_down,-4.135522395922387,-0.5514024347199991,18.153625176799963,-0.0005404516,-0.59466344,-0.31835638631999996,5
demo_12_labeled,transport,132,136,4.3999956000000005,4.5333288000000005,0.13333320000000004,5,joint_2,ramp_down,-1.3729697629697624,-0.183062452,6.601159085999998,0.55378115,0.3733165,0.468566944,5,ramp_down,-9.106484893484858,-1.2141967715999955,39.55390523149984,-0.0066213855,-1.4467373,-1.1216866171,5
demo_12_labeled,transport,132,136,4.3999956000000005,4.5333288000000005,0.13333320000000004,5,joint_3,ramp_up,0.33020391020390993,0.044027143999999976,-1.667051873999999,-0.21090151,-0.16612977,-0.19214255000000002,5,ramp_up,3.730824206424199,0.4974427300799992,-16.392563566199968,0.0011818474,0.5374366,0.27176789148,5
demo_12_labeled,transport,132,136,4.3999956000000005,4.5333288000000005,0.13333320000000004,5,joint_4,ramp_down,-0.5179286179286157,-0.06905707999999972,-0.18772962000001092,-2.4643385,-2.5332582,-2.5011418,5,ramp_down,-1.5738297492297357,-0.20984375671999828,6.65446134429994,-0.0016638291,-0.3613013,-0.37530450582,5
demo_12_labeled,transport,132,136,4.3999956000000005,4.5333288000000005,0.13333320000000004,5,joint_5,ramp_down,-0.3127055827055812,-0.04169403599999981,1.0440813439999932,-0.33195207,-0.37349585,-0.352668862,5,ramp_down,-1.6962656412656336,-0.22616852599999904,7.338229537499966,-0.0031321875,-0.28600076,-0.2384160835,5
demo_12_labeled,transport,132,136,4.3999956000000005,4.5333288000000005,0.13333320000000004,5,joint_6,ramp_down,-1.0460212460212384,-0.13946935999999902,8.053525159999968,3.4497237,3.3100505,3.3813015999999996,5,ramp_down,-6.438354714354688,-0.8584464367999968,27.918555221999885,-0.045297254,-1.0965017,-0.8394004108,5
demo_12_labeled,transport,132,136,4.3999956000000005,4.5333288000000005,0.13333320000000004,5,joint_7,constant,0.006644166644167264,0.0008858880000000829,0.9693809579999977,0.998656,0.99950063,0.9990582060000002,5,constant,-0.0561529161529152,-0.007487047999999875,-0.06720686600000425,-0.31291497,-0.32413328,-0.318022974,5
demo_12_labeled,transport,132,136,4.3999956000000005,4.5333288000000005,0.13333320000000004,5,finger_1,constant,2.0682020681999153e-05,2.7575999999971303e-06,0.0199508290000001,0.02006121,0.020062322,0.0200432086,5,constant,0.050247470247469984,0.006699655999999967,-0.03161773599999887,0.18982136,0.19560654,0.19282074,5
demo_12_labeled,transport,132,136,4.3999956000000005,4.5333288000000005,0.13333320000000004,5,finger_2,constant,-0.00011468111468113477,-1.5290800000002683e-05,0.02215804780000009,0.021619808,0.021612747,0.021645806,5,constant,-0.041560721560721776,-0.00554142400000003,0.344413850000001,0.15830211,0.15612985,0.158776146,5
demo_12_labeled,transport,137,141,4.5666621,4.6999953,0.13333320000000004,5,joint_1,ramp_down,-1.5746521394521364,-0.20995340863999967,7.207179061099986,0.0072688223,-0.20008832,-0.08870188914,5,ramp_down,-6.25496155496155,-0.8339940399999997,27.63723989999998,-0.82334775,-1.579091,-1.3440529900000002,5
demo_12_labeled,transport,137,141,4.5666621,4.6999953,0.13333320000000004,5,joint_2,ramp_down,-1.4128594828594805,-0.18838107599999973,6.77454335899999,0.32375005,0.13545014,0.22830096800000002,5,ramp_up,1.057382857382859,0.14098424000000026,-6.270531280000007,-1.4343969,-1.2962459,-1.37132894,5
demo_12_labeled,transport,137,141,4.5666621,4.6999953,0.13333320000000004,5,joint_3,ramp_up,1.6662355962355933,0.22216452399999967,-7.761071565799987,-0.14047457,0.07939155,-0.0408543568,5,ramp_up,8.430206970206964,1.1240264719999995,-37.63382446999997,0.78458256,1.8266834,1.4260954319999999,5
demo_12_labeled,transport,137,141,4.5666621,4.6999953,0.13333320000000004,5,joint_4,ramp_down,-0.2616938616938596,-0.03489247999999973,-1.3508287000000094,-2.5450385,-2.5800488,-2.56334238,5,ramp_up,0.874294354294354,0.116572464,-4.291558803999998,-0.30859408,-0.1877982,-0.24066568,5
demo_12_labeled,transport,137,141,4.5666621,4.6999953,0.13333320000000004,5,joint_5,ramp_up,0.5634944034944032,0.07513251199999998,-2.972648385999999,-0.38229263,-0.3041855,-0.361793594,5,ramp_up,13.881082353082322,1.8508091295999964,-63.823462018399866,-0.23067024,1.5990871,0.4921552352,5
demo_12_labeled,transport,137,141,4.5666621,4.6999953,0.13333320000000004,5,joint_6,ramp_down,-1.2315642315642341,-0.1642084000000004,8.895342220000012,3.2710369,3.107199,3.18910032,5,ramp_down,-0.19209739209738788,-0.025612959999999445,-0.28928656000001907,-1.1438397,-1.169457,-1.1793369200000001,5
demo_12_labeled,transport,137,141,4.5666621,4.6999953,0.13333320000000004,5,joint_7,ramp_down,-0.6501826701826693,-0.08669093599999991,3.9805481719999958,0.9986112,0.90984213,0.9680381459999999,5,ramp_down,-10.282444882444858,-1.3709912799999973,46.737382059999895,-0.36464205,-1.7149017,-0.90456492,5
demo_12_labeled,transport,137,141,4.5666621,4.6999953,0.13333320000000004,5,finger_1,constant,0.0007896337896337669,0.000105284399999997,0.016477627300000103,0.020086858,0.02019501,0.0201362602,5,constant,0.030979470979470302,0.004130591999999911,0.05510469000000312,0.1962597,0.20007326,0.19864276200000003,5
demo_12_labeled,transport,137,141,4.5666621,4.6999953,0.13333320000000004,5,finger_2,constant,-0.0011936591936592652,-0.0001591544000000096,0.02703301300000033,0.02157732,0.021414926,0.0215023976,5,constant,-0.04326301326301324,-0.0057683959999999986,0.3541039169999999,0.1559438,0.15015802,0.15365215599999998,5
demo_12_labeled,transport,142,146,4.7333286,4.8666618,0.13333320000000004,5,joint_1,ramp_down,-0.09407139407139557,-0.012542840000000204,0.1884898120000073,-0.24519202,-0.26078928,-0.263052428,5,ramp_up,9.638872898872924,1.2851817680000037,-46.50049312840012,-1.0761728,0.21654795,-0.23394948040000002,5
demo_12_labeled,transport,142,146,4.7333286,4.8666618,0.13333320000000004,5,joint_2,ramp_down,-1.2241713001713013,-0.1632226768000002,5.884430551120006,0.09153628,-0.07155099,0.008414186320000003,5,ramp_up,1.289030189030186,0.17187051999999967,-7.379848339999986,-1.2679741,-1.0970219,-1.1925096199999998,5
demo_12_labeled,transport,142,146,4.7333286,4.8666618,0.13333320000000004,5,joint_3,ramp_up,0.36499665499665657,0.04866617200000022,-1.5799935720000078,0.13458315,0.1860837,0.17198861999999998,5,ramp_down,-10.856990087990111,-1.4475972308000036,52.60850112940012,1.3918859,-0.05301222,0.49500082060000006,5
demo_12_labeled,transport,142,146,4.7333286,4.8666618,0.13333320000000004,5,joint_4,ramp_up,0.06190296190295808,0.008253719999999493,-2.8822113999999814,-2.5860157,-2.5779607,-2.58507748,5,ramp_up,2.607271146271149,0.3476358052000004,-12.459134914600012,-0.12583224,0.21882279,0.055754072599999996,5
demo_12_labeled,transport,142,146,4.7333286,4.8666618,0.13333320000000004,5,joint_5,ramp_up,1.5905017775017798,0.21206669160000036,-7.748556512000012,-0.23398726,-0.022233559,-0.1141556144,5,ramp_down,-9.964972924972923,-1.3286617280000002,49.329936516,2.031707,0.79160124,1.4981143080000003,5
demo_12_labeled,transport,142,146,4.7333286,4.8666618,0.13333320000000004,5,joint_6,ramp_down,-1.2776832776832712,-0.1703575999999992,9.116299999999969,3.067316,2.8970897,2.9834264,5,ramp_down,-0.9587982587982665,-0.12783964000000106,3.3749280400000377,-1.162082,-1.2847153,-1.227299,5
demo_12_labeled,transport,142,146,4.7333286,4.8666618,0.13333320000000004,5,joint_7,ramp_down,-1.242060102060105,-0.16560784800000045,6.719123428000015,0.85157484,0.6859636,0.7572409,5,ramp_up,8.403652743652742,1.1204859120000001,-41.853228204,-1.9921664,-0.93769056,-1.515735372,5
demo_12_labeled,transport,142,146,4.7333286,4.8666618,0.13333320000000004,5,finger_1,constant,0.001204330204330256,0.00016057720000000694,0.014575705799999747,0.02025503,0.020413833,0.020356485,5,constant,-0.03486693486693458,-0.0046489199999999635,0.3644539579999987,0.20003672,0.19567844,0.19709283800000002,5
demo_12_labeled,transport,142,146,4.7333286,4.8666618,0.13333320000000004,5,finger_2,constant,-0.0014998724998725264,-0.0001999828000000036,0.028410007000000122,0.021337252,0.021139663,0.021210626200000002,5,constant,0.040397710397710555,0.005386356000000023,-0.038015442000000815,0.1519432,0.1573268,0.15589337399999997,5
demo_12_labeled,transport,147,151,4.899995100000001,5.033328300000001,0.13333320000000004,5,joint_1,ramp_up,0.140465210465212,0.018728676000000208,-0.9404199070000077,-0.25329608,-0.23450974,-0.242776726,5,ramp_down,-0.9528009348009363,-0.12703999760000023,4.868825109800008,0.2022004,0.07667037,0.13658519919999998,5
demo_12_labeled,transport,147,151,4.899995100000001,5.033328300000001,0.13333320000000004,5,joint_2,ramp_down,-0.922785622785623,-0.12303796000000007,4.411675802000001,-0.10775187,-0.23077542,-0.17148820800000003,5,ramp_up,1.9066243066243114,0.2542163200000007,-10.380911238000024,-1.0373172,-0.78325385,-0.9113533180000001,5
demo_12_labeled,transport,147,151,4.899995100000001,5.033328300000001,0.13333320000000004,5,joint_3,ramp_down,-0.10278166278166372,-0.013704208000000129,0.6866859800000047,0.18312362,0.16946334,0.176204232,5,constant,0.01247683247683293,0.0016635760000000609,-0.15655557600000225,-0.08982342,-0.089995995,-0.09458736999999999,5
demo_12_labeled,transport,147,151,4.899995100000001,5.033328300000001,0.13333320000000004,5,joint_4,ramp_up,0.4116442116442204,0.054885840000001185,-4.588338200000043,-2.5693119,-2.5144472,-2.54384066,5,ramp_up,1.7025449625449625,0.22700576800000005,-8.058992922,0.281719,0.5088508,0.39697193599999997,5
demo_12_labeled,transport,147,151,4.899995100000001,5.033328300000001,0.13333320000000004,5,joint_5,ramp_up,0.32165886401886407,0.04288780564800002,-1.5723611222000002,0.00034196294,0.043658957,0.025209638188,5,ramp_down,-2.989502509502513,-0.3985999360000006,15.171305308000019,0.5589059,0.1547724,0.32345769199999996,5
demo_12_labeled,transport,147,151,4.899995100000001,5.033328300000001,0.13333320000000004,5,joint_6,ramp_down,-1.338860538860554,-0.17851456000000207,9.412723380000076,2.8524501,2.6739838,2.76305602,5,ramp_up,0.08098418098418703,0.01079788000000081,-1.69519335000003,-1.294565,-1.2841655,-1.29297232,5
demo_12_labeled,transport,147,151,4.899995100000001,5.033328300000001,0.13333320000000004,5,joint_7,ramp_down,-0.24523284523284947,-0.032697680000000576,1.8679431720000212,0.6688502,0.6358209,0.649954592,5,ramp_up,2.2433563433563473,0.2991138800000006,-11.72259721000002,-0.75828004,-0.4547659,-0.58060518,5
demo_12_labeled,transport,147,151,4.899995100000001,5.033328300000001,0.13333320000000004,5,finger_1,constant,-0.0006617226617227803,-8.822960000001584e-05,0.023650700600000588,0.020404989,0.020317193,0.020364148,5,constant,0.00042900042899955037,5.719999999988287e-05,0.1941706640000044,0.19609617,0.19616005,0.196301364,5
demo_12_labeled,transport,147,151,4.899995100000001,5.033328300000001,0.13333320000000004,5,finger_2,constant,0.0009866049866048708,0.0001315471999999846,0.016314270000000575,0.021153402,0.02128428,0.021214403200000002,5,constant,-0.015654795654796324,-0.0020873040000000897,0.23335301600000335,0.15670395,0.15461446,0.15560094200000002,5
demo_12_labeled,transport,152,156,5.066661600000001,5.199994800000001,0.13333320000000004,5,joint_1,constant,0.02635931635931604,0.0035145719999999585,-0.36522206799999846,-0.23219974,-0.22856529,-0.22991104599999995,5,ramp_down,-0.3662884052884046,-0.04883840519999993,1.9095639137999967,0.05639878,0.008800873,0.029285313599999994,5
demo_12_labeled,transport,152,156,5.066661600000001,5.199994800000001,0.13333320000000004,5,joint_2,ramp_down,-0.4335599235599223,-0.05780793199999985,1.934291473999994,-0.2559043,-0.31253415,-0.291313908,5,ramp_up,5.556006978006977,0.7408001896,-28.953204211199996,-0.7180368,-0.034194898,-0.4323969116,5
demo_12_labeled,transport,152,156,5.066661600000001,5.199994800000001,0.13333320000000004,5,joint_3,ramp_down,-0.047562857562857885,-0.006341708000000045,0.4063843460000017,0.16641527,0.16018245,0.16222858799999998,5,ramp_up,0.7483674688674691,0.09978222940000006,-3.8905593848000013,-0.08506231,0.002270238,-0.0489435529,5
demo_12_labeled,transport,152,156,5.066661600000001,5.199994800000001,0.13333320000000004,5,joint_4,ramp_up,0.3965736965737014,0.052876440000000656,-4.498900260000026,-2.4959512,-2.4446971,-2.4631573199999997,5,ramp_down,-4.9143411243411315,-0.6552448280000012,25.61167067800004,0.5618507,0.01451103,0.3847448,5
demo_12_labeled,transport,152,156,5.066661600000001,5.199994800000001,0.13333320000000004,5,joint_5,constant,0.03700964500964478,0.004934614399999971,-0.13732635599999882,0.04853662,0.053800248,0.0526562984,5,ramp_down,-1.042787431787431,-0.13903818519999994,5.3941156651999975,0.111442834,-0.010685636,0.041145535,5
demo_12_labeled,transport,152,156,5.066661600000001,5.199994800000001,0.13333320000000004,5,joint_6,ramp_down,-0.6407220407220401,-0.08542951999999994,5.8587195199999975,2.6300201,2.5443625,2.5696830000000004,5,ramp_up,10.927795837795847,1.4570379880000017,-56.87549198600006,-1.2746068,-0.06203609,-0.7795294479999999,5
demo_12_labeled,transport,152,156,5.066661600000001,5.199994800000001,0.13333320000000004,5,joint_7,ramp_down,-0.0390306390306386,-0.005204079999999944,0.8284862899999982,0.63192755,0.6265923,0.62812921,5,ramp_up,0.8386628986628964,0.11182160799999974,-4.674678823999989,-0.4232615,-0.32132265,-0.369546916,5
demo_12_labeled,transport,152,156,5.066661600000001,5.199994800000001,0.13333320000000004,5,finger_1,constant,-0.0006498546498546869,-8.664720000000497e-05,0.02357492140000019,0.020289004,0.02019948,0.0202390042,5,constant,0.005685125685125332,0.0007580159999999532,0.16664605000000185,0.19580694,0.19582386,0.19582966599999999,5
demo_12_labeled,transport,152,156,5.066661600000001,5.199994800000001,0.13333320000000004,5,finger_2,constant,0.000876315876315875,0.00011684199999999987,0.01689711960000001,0.02132569,0.021446902,0.0213955366,5,constant,-0.013522423522424274,-0.0018029880000001008,0.22282289400000393,0.15421726,0.15223007,0.153407856,5
demo_12_labeled,transport,157,161,5.2333281000000005,5.3666613000000005,0.13333320000000004,5,joint_1,constant,0.03164496164496148,0.004219323999999979,-0.3990107229999991,-0.22831582,-0.22567868,-0.231292594,5,ramp_up,1.8074595554595554,0.24099436640000008,-9.487789476,0.003138937,0.19489488,0.0917365884,5
demo_12_labeled,transport,157,161,5.2333281000000005,5.3666613000000005,0.13333320000000004,5,joint_2,ramp_down,-0.07105159105158944,-0.009473535999999788,0.0585596719999914,-0.31281838,-0.3220051,-0.318013384,5,constant,0.0007674517674513528,0.00010232679999994474,-0.058202568899997795,-0.001303369,-0.023069477,-0.0541350786,5
demo_12_labeled,transport,157,161,5.2333281000000005,5.3666613000000005,0.13333320000000004,5,joint_3,ramp_up,0.6875702375702354,0.09167593999999973,-3.4406230349999887,0.1602721,0.25121662,0.20349558,5,ramp_up,4.648253458253451,0.6197665079999992,-24.089915275999964,0.002354895,0.72570705,0.5458034169999999,5
demo_12_labeled,transport,157,161,5.2333281000000005,5.3666613000000005,0.13333320000000004,5,joint_4,ramp_down,-0.04268734268734108,-0.005691639999999788,-2.222273050000007,-2.4447427,-2.450151,-2.4485157400000004,5,ramp_up,0.44688650340650254,0.0595848075359999,-2.388656420029996,-0.00025278307,0.037302587,-0.020160320474000005,5
demo_12_labeled,transport,157,161,5.2333281000000005,5.3666613000000005,0.13333320000000004,5,joint_5,ramp_down,-0.21685919185919167,-0.028914529999999983,1.1887590848999992,0.053914204,0.024924863,0.0394065174,5,ramp_down,-1.2150228114228092,-0.16200287951999975,6.271558206799989,-0.0076757306,-0.21089788,-0.16805625411999997,5
demo_12_labeled,transport,157,161,5.2333281000000005,5.3666613000000005,0.13333320000000004,5,joint_6,ramp_down,-0.05014805014805627,-0.006686400000000818,2.807239060000032,2.5443058,2.537632,2.5414546600000003,5,ramp_down,-0.4786911976911966,-0.06382542919999988,2.4299417904999947,-0.067218356,-0.13533145,-0.1071190202,5
demo_12_labeled,transport,157,161,5.2333281000000005,5.3666613000000005,0.13333320000000004,5,joint_7,ramp_up,1.1079414879414857,0.14772538399999974,-5.171618249999989,0.6265948,0.77435756,0.7004657639999999,5,ramp_up,6.135294075294064,0.8180383919999988,-32.02504070599995,-0.32170573,0.69892544,0.49198537600000003,5
demo_12_labeled,transport,157,161,5.2333281000000005,5.3666613000000005,0.13333320000000004,5,finger_1,constant,8.341808341802389e-05,1.1122399999992067e-05,0.01986986060000032,0.020177156,0.020246482,0.020311976000000002,5,constant,-0.03647067647067726,-0.004862752000000107,0.38911814200000416,0.19642656,0.19358261,0.19582375000000002,5
demo_12_labeled,transport,157,161,5.2333281000000005,5.3666613000000005,0.13333320000000004,5,finger_2,constant,-0.00010161610161619031,-1.3548800000011831e-05,0.02188037700000047,0.021470439,0.02140532,0.021341812199999997,5,constant,0.03290205290205225,0.004386935999999915,-0.018620505999996595,0.15220885,0.15665694,0.15576020000000002,5
demo_12_labeled,transport,162,166,5.3999946,5.5333278,0.13333320000000004,5,joint_1,ramp_up,0.14543273543273508,0.019391011999999958,-1.005172183999998,-0.22018586,-0.20082061,-0.21014069200000002,5,ramp_down,-0.2792023892023888,-0.03722694799999996,1.705576303999998,0.1956808,0.15884688,0.179271436,5
demo_12_labeled,transport,162,166,5.3999946,5.5333278,0.13333320000000004,5,joint_2,ramp_up,0.11155721155721245,0.014874280000000123,-0.9256145700000049,-0.32178262,-0.30689922,-0.31576909,5,ramp_up,1.2254333054333033,0.16339094399999976,-6.60298802599999,0.01508094,0.17841291,0.096040678,5
demo_12_labeled,transport,162,166,5.3999946,5.5333278,0.13333320000000004,5,joint_3,ramp_up,0.7871324471324457,0.10495088799999984,-3.973795585999992,0.276902,0.38184357,0.32919082200000005,5,ramp_up,0.13720015720015313,0.018293335999999463,-0.00594955199997782,0.73409086,0.75250584,0.744077224,5
demo_12_labeled,transport,162,166,5.3999946,5.5333278,0.13333320000000004,5,joint_4,ramp_up,0.18822408822409148,0.02509652000000044,-3.4660210600000174,-2.4479742,-2.4228792,-2.43706374,5,ramp_up,1.386943206943204,0.18492557599999965,-7.406052464999984,0.083344065,0.26823607,0.17589615099999997,5
demo_12_labeled,transport,162,166,5.3999946,5.5333278,0.13333320000000004,5,joint_5,ramp_down,-0.26721348321348276,-0.03562842879999995,1.4609222027999975,0.017334355,-0.01834736,0.000156622,5,ramp_down,-0.48550797550797414,-0.06473433199999984,2.407174623999993,-0.21818708,-0.28295434,-0.24693298800000002,5
demo_12_labeled,transport,162,166,5.3999946,5.5333278,0.13333320000000004,5,joint_6,ramp_down,-0.1207078207078315,-0.016094360000001442,3.187081560000059,2.5347836,2.5186849,2.5272128,5,ramp_down,-0.3696757896757887,-0.04929005599999988,1.8488778719999948,-0.14753814,-0.19688986,-0.172014424,5
demo_12_labeled,transport,162,166,5.3999946,5.5333278,0.13333320000000004,5,joint_7,ramp_up,1.1298725298725258,0.1506495199999995,-5.290037559999979,0.8115023,0.9621655,0.8865927599999999,5,ramp_up,0.17076245076244723,0.022768303999999535,-0.2205656479999808,0.7024633,0.7252654,0.712934816,5
demo_12_labeled,transport,162,166,5.3999946,5.5333278,0.13333320000000004,5,finger_1,constant,-0.0006137646137646534,-8.18352000000053e-05,0.023509241600000216,0.020200547,0.020117192,0.0201539984,5,constant,-0.009815979815980013,-0.0013087960000000268,0.24668258800000112,0.19357525,0.19228669,0.193021952,5
demo_12_labeled,transport,162,166,5.3999946,5.5333278,0.13333320000000004,5,finger_2,constant,0.0007557457557457188,0.0001007659999999951,0.0173773792000002,0.021453645,0.02155592,0.0215087852,5,constant,0.002010452010451364,0.0002680599999999139,0.14528068400000352,0.15626447,0.1565073,0.156271144,5
demo_12_labeled,transport,167,171,5.5666611,5.6999943,0.13333320000000004,5,joint_1,ramp_up,0.08038577038577058,0.010718092000000028,-0.644045693000001,-0.19700535,-0.18627292,-0.191206306,5,ramp_down,-0.35359356859356894,-0.04714576200000006,2.113951230500002,0.146377,0.099502,0.122042786,5
demo_12_labeled,transport,167,171,5.5666611,5.6999943,0.13333320000000004,5,joint_2,ramp_up,0.3352540252540246,0.044700491999999925,-2.167361580999996,-0.29955298,-0.2548343,-0.278765794,5,ramp_up,1.34858690858691,0.17981140800000026,-7.287425316000008,0.22089246,0.4008202,0.309606672,5
demo_12_labeled,transport,167,171,5.5666611,5.6999943,0.13333320000000004,5,joint_3,ramp_up,0.8072207072207098,0.10762932000000038,-4.085123744000015,0.40848577,0.5161028,0.462215026,5,constant,0.0378552978552988,0.0050473680000001275,0.5456942099999946,0.75556254,0.7605148,0.758945508,5
demo_12_labeled,transport,167,171,5.5666611,5.6999943,0.13333320000000004,5,joint_4,ramp_up,0.43198063198062936,0.05759735999999967,-4.818830719999985,-2.4125252,-2.3549283,-2.3853422600000003,5,ramp_up,1.3642124842124856,0.18189481600000024,-7.279935670000008,0.31407073,0.49599105,0.40512030600000004,5
demo_12_labeled,transport,167,171,5.5666611,5.6999943,0.13333320000000004,5,joint_5,ramp_down,-0.41925232725232753,-0.05590025440000005,2.305921155800002,-0.029264929,-0.08522787,-0.0558645926,5,ramp_down,-1.0722644022644034,-0.1429684440000002,5.664675527000007,-0.30847627,-0.45151055,-0.375741232,5
demo_12_labeled,transport,167,171,5.5666611,5.6999943,0.13333320000000004,5,joint_6,ramp_down,-0.20104250104250712,-0.026805640000000817,3.633173170000034,2.5134254,2.4865997,2.50063488,5,ramp_down,-0.4694925794925809,-0.06259894800000021,2.4045607570000085,-0.21012044,-0.2728362,-0.24024479599999998,5
demo_12_labeled,transport,167,171,5.5666611,5.6999943,0.13333320000000004,5,joint_7,ramp_up,1.1817929817929846,0.15757224000000042,-5.5785727000000165,1.0005267,1.1581224,1.07885444,5,ramp_up,0.3549798549798564,0.0473306000000002,-1.2440371620000081,0.733554,0.7809422,0.7556806880000001,5
demo_12_labeled,transport,167,171,5.5666611,5.6999943,0.13333320000000004,5,finger_1,constant,-0.0005640575640575023,-7.520759999999179e-05,0.02324320109999965,0.020101698,0.020026432,0.02006568,5,constant,-0.012657192657192612,-0.0016876239999999946,0.26226855999999965,0.19183552,0.19015065,0.19096644599999998,5
demo_12_labeled,transport,167,171,5.5666611,5.6999943,0.13333320000000004,5,finger_2,constant,0.0008300978300978955,0.00011067960000000876,0.01695504969999962,0.021578295,0.021689007,0.0216312628,5,constant,0.006724656724656921,0.0008966200000000264,0.11931308099999889,0.1567324,0.15762807,0.157195276,5
demo_12_labeled,transport,172,176,5.733327600000001,5.866660800000001,0.13333320000000004,5,joint_1,constant,0.0367176367176369,0.0048956800000000255,-0.3871048360000011,-0.18453234,-0.17862986,-0.174142756,5,ramp_down,-3.4031748431748494,-0.45375619200000095,19.746308344000038,0.09198961,-0.24376316,0.007913991999999998,5
demo_12_labeled,transport,172,176,5.733327600000001,5.866660800000001,0.13333320000000004,5,joint_2,ramp_up,0.6491441891441926,0.08655247200000049,-3.97734054000002,-0.23958907,-0.15046495,-0.212308008,5,ramp_up,9.673724236724253,1.2898286084000026,-55.4731326784001,0.44978535,1.3804345,0.634411787,5
demo_12_labeled,transport,172,176,5.733327600000001,5.866660800000001,0.13333320000000004,5,joint_3,ramp_up,0.21026109026108994,0.028034783999999965,-0.6644472039999982,0.5431074,0.5710412,0.5550659,5,ramp_down,-2.7957279357279328,-0.3727633519999997,16.485503071999986,0.758695,0.18885693,0.27029726,5
demo_12_labeled,transport,172,176,5.733327600000001,5.866660800000001,0.13333320000000004,5,joint_4,ramp_up,0.6382665382665551,0.08510212000000227,-6.012435100000098,-2.3364894,-2.2497914,-2.3104928799999995,5,ramp_up,8.514849900849917,1.1353121848000025,-48.7619811023401,0.54146826,1.2906494,0.62409893646,5
demo_12_labeled,transport,172,176,5.733327600000001,5.866660800000001,0.13333320000000004,5,joint_5,ramp_down,-0.4931930231930246,-0.0657590040000002,2.737827302000009,-0.10307598,-0.16926503,-0.122689372,5,ramp_down,-5.427305127305141,-0.7236399600000021,31.013642338200082,-0.49832672,-0.9341333,-0.4646959218,5
demo_12_labeled,transport,172,176,5.733327600000001,5.866660800000001,0.13333320000000004,5,joint_6,ramp_down,-0.03856653856655228,-0.0051422000000018305,2.7006919400000786,2.478189,2.472906,2.4770062399999997,5,ramp_up,0.3370931740931662,0.04494571159999896,-2.0968897327999545,-0.29238963,-0.2260822,-0.14175127820000002,5
demo_12_labeled,transport,172,176,5.733327600000001,5.866660800000001,0.13333320000000004,5,joint_7,ramp_up,0.1916161916161841,0.025548799999999004,0.09499336000004344,1.1988517,1.2244586,1.20636616,5,ramp_down,-2.4074719964719766,-0.32099594519999747,14.036597203599886,0.7970405,0.21044241,0.0732735874,5
demo_12_labeled,transport,172,176,5.733327600000001,5.866660800000001,0.13333320000000004,5,finger_1,constant,-0.003727161727161865,-0.0004969544000000185,0.0413461228000008,0.020003457,0.019344226,0.019728606399999998,5,ramp_down,-0.9461672321672384,-0.12615550480000087,5.644582169600037,0.18979192,0.035642274,0.1568177108,5
demo_12_labeled,transport,172,176,5.733327600000001,5.866660800000001,0.13333320000000004,5,finger_2,constant,-0.002971751971752068,-0.000396233200000013,0.038991386600000566,0.021722682,0.021374298,0.0217552424,5,ramp_down,-0.4692958452958485,-0.06257271680000044,2.8631163296000186,0.1578142,0.083172664,0.1412031488,5
demo_12_labeled,transport,177,181,5.899994100000001,6.033327300000001,0.13333320000000004,5,joint_1,ramp_down,-0.03885711885711798,-0.0051809439999998845,0.039866135999994695,-0.18642367,-0.19159986,-0.191981108,5,ramp_up,2.3709875658875617,0.3161313593199995,-14.222262019909975,-0.22850618,0.08364765,-0.07538369034,5
demo_12_labeled,transport,177,181,5.899994100000001,6.033327300000001,0.13333320000000004,5,joint_2,ramp_up,1.4932496032496005,0.1990997479999997,-8.911636953479984,-0.101419315,0.097595334,-0.0019232304800000043,5,constant,0.04550854550854146,0.006067799999999462,1.1456473300000245,1.4078401,1.4144086,1.41718138,5
demo_12_labeled,transport,177,181,5.899994100000001,6.033327300000001,0.13333320000000004,5,joint_3,constant,-0.01986325986326023,-0.0026484320000000495,0.6963926580000022,0.57675266,0.57418877,0.577875326,5,ramp_down,-1.8969640989640957,-0.25292829359999963,11.312029779599982,0.12444525,-0.12747973,-0.006511359000000008,5
demo_12_labeled,transport,177,181,5.899994100000001,6.033327300000001,0.13333320000000004,5,joint_4,ramp_up,1.5131289131289134,0.2017503200000001,-11.132286820000003,-2.2031937,-2.0014133,-2.10396,5,ramp_up,1.3732045732045692,0.18309375999999952,-6.776208659999977,1.3277693,1.5104873,1.4172371,5
demo_12_labeled,transport,177,181,5.899994100000001,6.033327300000001,0.13333320000000004,5,joint_5,ramp_down,-1.024817854817852,-0.13664224399999966,5.8407709269999835,-0.20452464,-0.34085143,-0.27396949200000004,5,ramp_up,0.879569409569408,0.11727580399999983,-6.1926328449999914,-0.98084253,-0.863781,-0.944540616,5
demo_12_labeled,transport,177,181,5.899994100000001,6.033327300000001,0.13333320000000004,5,joint_6,ramp_down,-0.3530223530223572,-0.04706960000000057,4.551763880000025,2.4668086,2.4198203,2.44539928,5,ramp_down,-1.7985573885573842,-0.2398074119999995,10.385303274999975,-0.21448547,-0.4584779,-0.34607841199999995,5
demo_12_labeled,transport,177,181,5.899994100000001,6.033327300000001,0.13333320000000004,5,joint_7,ramp_up,0.3626673626673634,0.04835560000000011,-0.9003214400000041,1.2381942,1.2863013,1.26359166,5,ramp_down,-0.9550912450912449,-0.127345372,5.888464522,0.2335152,0.108046845,0.189759125,5
demo_12_labeled,transport,177,181,5.899994100000001,6.033327300000001,0.13333320000000004,5,finger_1,constant,0.0007947787947787415,0.00010597039999999293,0.014447443800000317,0.019097863,0.019215712,0.019189619199999997,5,ramp_down,-0.12700239430239402,-0.01693363563999997,0.7687320970899985,0.01751086,0.0049258056,0.010951902199999999,5
demo_12_labeled,transport,177,181,5.899994100000001,6.033327300000001,0.13333320000000004,5,finger_2,constant,0.0007077937077936996,9.437239999999894e-05,0.016919363100000057,0.021073397,0.021179415,0.021142528,5,ramp_down,-0.16766905766905701,-0.02235585199999992,0.9982656037999963,0.017751671,-0.008092894,-0.0021587731999999997,5
demo_12_labeled,transport,182,186,6.0666606000000005,6.1999938000000006,0.13333320000000004,5,joint_1,ramp_down,-0.09740115740115647,-0.01298680799999988,0.4013911499999944,-0.18589586,-0.19843456,-0.196002018,5,ramp_up,0.446398850398849,0.059519787199999834,-2.765003619599992,0.15273958,0.10039084,-0.027093408400000008,5
demo_12_labeled,transport,182,186,6.0666606000000005,6.1999938000000006,0.13333320000000004,5,joint_2,ramp_up,0.23949821949821853,0.03193306399999988,-1.306017717999994,0.14698356,0.18211837,0.162903226,5,ramp_down,-4.746642204642205,-0.6328849944000002,29.589256529600004,1.4059815,0.49374586,0.47654678720000004,5
demo_12_labeled,transport,182,186,6.0666606000000005,6.1999938000000006,0.13333320000000004,5,joint_3,ramp_down,-0.11795429795429883,-0.015727224000000123,1.2856351380000053,0.5682741,0.55230117,0.562182834,5,ramp_down,-0.4389825189825158,-0.05853094399999959,2.5688549299999806,-0.17183058,-0.19531244,-0.123568494,5
demo_12_labeled,transport,182,186,6.0666606000000005,6.1999938000000006,0.13333320000000004,5,joint_4,ramp_down,-0.2125430125430051,-0.028339039999999014,-0.649678480000045,-1.9466453,-1.9747456,-1.9532743199999998,5,ramp_down,-13.697765387765358,-1.8263668919999967,84.10398813259982,1.5610621,-0.50773454,0.09111110060000001,5
demo_12_labeled,transport,182,186,6.0666606000000005,6.1999938000000006,0.13333320000000004,5,joint_5,ramp_down,-0.3736173136173107,-0.049815591999999624,1.9063696959999823,-0.3700916,-0.4204449,-0.385147536,5,ramp_down,-1.7118105618105532,-0.22824117999999893,10.06538164787995,-0.7909703,-0.7296976,-0.43371263211999994,5
demo_12_labeled,transport,182,186,6.0666606000000005,6.1999938000000006,0.13333320000000004,5,joint_6,ramp_up,0.474072474072465,0.06320959999999881,-0.4849981399999441,2.4033933,2.4665575,2.42264346,5,ramp_up,10.586510726510701,1.411533351999997,-64.72575134719986,-0.5027934,0.80331045,0.20478284480000003,5
demo_12_labeled,transport,182,186,6.0666606000000005,6.1999938000000006,0.13333320000000004,5,joint_7,ramp_up,0.32050022050021726,0.04273331999999958,-0.6593610199999809,1.2936872,1.3367026,1.3063717,5,ramp_up,4.442894078894067,0.5923852847999986,-27.114274403999932,0.041683704,0.48709664,0.1354486968,5
demo_12_labeled,transport,182,186,6.0666606000000005,6.1999938000000006,0.13333320000000004,5,finger_1,constant,0.0010259950259949755,0.00013679919999999332,0.012925334800000307,0.019202815,0.019284055,0.019218098,5,constant,-0.03700810870810868,-0.004934409559999998,0.23167112697999986,0.0050027575,0.0013533828,0.00468828722,5
demo_12_labeled,transport,182,186,6.0666606000000005,6.1999938000000006,0.13333320000000004,5,finger_2,constant,-0.0010124020124021192,-0.00013498680000001428,0.02740095540000065,0.021202337,0.02112155,0.0211915626,5,constant,0.03380298080298077,0.004507059599999997,-0.21503968215999983,-0.008121531,-0.0044452082,-0.007714940560000001,5
demo_12_labeled,place,188,192,6.266660400000001,6.3999936,0.13333319999999915,5,joint_1,constant,-0.031459801459801644,-0.004194635999999998,0.0034161720000011886,-0.19348395,-0.19764541,-0.19582903799999998,5,ramp_up,0.16136513936514038,0.021515330399999998,-1.0538531638000064,-0.033160042,-0.015487497,-0.0318749698,5
demo_12_labeled,place,188,192,6.266660400000001,6.3999936,0.13333319999999915,5,joint_2,ramp_up,0.054831264831264666,0.007310827999999932,-0.129559927999999,0.21266401,0.22040103,0.217704402,5,ramp_down,-1.3732005832005922,-0.18309322800000005,8.77005873150006,0.21353677,0.0127140125,0.07313040150000001,5
demo_12_labeled,place,188,192,6.266660400000001,6.3999936,0.13333319999999915,5,joint_3,constant,-0.01871944871944785,-0.0024959239999998682,0.6590608499999946,0.54204434,0.53949606,0.54050446,5,ramp_up,0.23453632043632194,0.03127147812,-1.5001079996400097,-0.037908103,-0.00614506,-0.014712788939999999,5
demo_12_labeled,place,188,192,6.266660400000001,6.3999936,0.13333319999999915,5,joint_4,constant,-0.03130503130502691,-0.004173999999999387,-1.8030902000000275,-1.9985135,-2.002909,-2.0013552,5,ramp_up,0.562779457179461,0.07503718592000003,-3.5928309118200246,-0.08584035,-0.0026443591,-0.028564580619999995,5
demo_12_labeled,place,188,192,6.266660400000001,6.3999936,0.13333319999999915,5,joint_5,constant,0.007115647115646536,0.0009487519999999167,-0.49253659199999633,-0.448062,-0.44709104,-0.44747087199999996,5,ramp_down,-0.1347145243345252,-0.017961918615999998,0.8627015385060055,0.020851767,-0.00025000577,0.009510404246,5
demo_12_labeled,place,188,192,6.266660400000001,6.3999936,0.13333319999999915,5,joint_6,constant,-0.007069507069511325,-0.0009426000000005613,2.539551400000027,2.4953883,2.4944146,2.4947779,5,ramp_up,0.5544176940176977,0.07392228528000001,-3.5612776409800233,-0.08853253,-0.0018701359,-0.04996909018000001,5
demo_12_labeled,place,188,192,6.266660400000001,6.3999936,0.13333319999999915,5,joint_7,constant,0.00030330030330062257,4.044000000004231e-05,1.3588198599999979,1.360722,1.3607572,1.36074076,5,ramp_up,0.9064364856164917,0.12085807722400005,-5.858049144834039,-0.15017574,0.00022830653,-0.11729047669399999,5
demo_12_labeled,place,188,192,6.266660400000001,6.3999936,0.13333319999999915,5,finger_1,ramp_up,0.04120325020325042,0.005493761199999994,-0.2403648962000014,0.019200413,0.026056265,0.0205887608,5,ramp_up,1.1930723804723882,0.15907615832000002,-7.51405415932005,0.0010412524,0.2000379,0.04206336088,5
demo_12_labeled,place,188,192,6.266660400000001,6.3999936,0.13333319999999915,5,finger_2,ramp_up,0.04215648615648643,0.005620859200000001,-0.24440208760000176,0.021195417,0.028232157,0.0225887244,5,ramp_up,1.2226226134226212,0.16301618544000002,-7.707723704120051,-0.0036095825,0.20004578,0.03554510428,5
demo_12_labeled,place,193,197,6.433326900000001,6.566660100000001,0.13333320000000004,5,joint_1,constant,-0.004769494769494219,-0.0006359319999999268,-0.16747412300000356,-0.19808075,-0.19872873,-0.19847580799999998,5,constant,0.06565439125439128,0.008753910080000005,-0.4319501898400002,-0.010521548,-0.0016537049,-0.00519707344,5
demo_12_labeled,place,193,197,6.433326900000001,6.566660100000001,0.13333320000000004,5,joint_2,constant,0.0013001713001710056,0.00017335599999996078,0.2123148770000019,0.22064792,0.22082953,0.220765982,5,constant,-0.030097840057840056,-0.004013041328000001,0.197352822244,0.0046165255,0.00033383066,0.001717057504,5
demo_12_labeled,place,193,197,6.433326900000001,6.566660100000001,0.13333320000000004,5,joint_3,constant,-0.0015255315255346892,-0.00020340400000042188,0.5491281910000206,0.5393403,0.53913224,0.539212246,5,constant,0.02186621774621775,0.0029154927840000016,-0.14373583193400005,-0.0034643842,-0.00047183357,-0.0016055587140000002,5
demo_12_labeled,place,193,197,6.433326900000001,6.566660100000001,0.13333320000000004,5,joint_4,constant,-0.00018660018658814346,-2.4879999998394258e-05,-2.001799680000078,-2.0029907,-2.0030193,-2.00301258,5,constant,0.00533044128544128,0.0007107247939999995,-0.03483272492977197,-0.00079766504,1.2222201e-05,-0.00018489122227199998,5
demo_12_labeled,place,193,197,6.433326900000001,6.566660100000001,0.13333320000000004,5,joint_5,constant,6.924006924247472e-05,9.232000000320733e-06,-0.4475191380000157,-0.4470752,-0.44706553,-0.447069078,5,constant,0.00012303624153624172,1.640481580000003e-05,-0.0008149029143500013,-2.1051514e-05,-7.862809e-06,-1.51681441e-05,5
demo_12_labeled,place,193,197,6.433326900000001,6.566660100000001,0.13333320000000004,5,joint_6,constant,-0.00015600015601487303,-2.0800000001962275e-05,2.495393840000096,2.4943945,2.4943733,2.4943798399999997,5,constant,0.005155021945021942,0.0006873355719999997,-0.03380203826499998,-0.0007918767,-5.672319e-05,-0.00029442913,5
demo_12_labeled,place,193,197,6.433326900000001,6.566660100000001,0.13333320000000004,5,joint_7,constant,3.57000356939501e-05,4.759999999188589e-06,1.3605303300000395,1.3607594,1.360764,1.36076238,5,constant,-0.0013020058320058325,-0.00017360060400000013,0.008570221071000004,0.00020688657,3.629311e-05,0.00010719162599999999,5
demo_12_labeled,place,193,197,6.433326900000001,6.566660100000001,0.13333320000000004,5,finger_1,ramp_up,0.05113284913284902,0.006817706399999987,-0.29539285799999926,0.032382097,0.03946251,0.036970329,5,ramp_down,-1.027279276279276,-0.1369704332,6.738179750699999,0.15304857,0.01080106,0.0608711322,5
demo_12_labeled,place,193,197,6.433326900000001,6.566660100000001,0.13333320000000004,5,finger_2,ramp_up,0.041235365235364994,0.00549804319999997,-0.23047281899999844,0.03385649,0.039566483,0.037556787,5,ramp_down,-0.8285888105888106,-0.11047839760000004,5.434912498000001,0.123446554,0.008708453,0.049090615000000004,5
demo_12_labeled,retract,198,202,6.599993400000001,6.733326600000001,0.13333320000000004,5,joint_1,constant,-0.00043308043308031295,-5.7743999999984e-05,-0.1959209300000008,-0.19877185,-0.19883087,-0.19880813,5,constant,0.006413529713529699,0.0008551364399999983,-0.04323866895399991,-0.0010178337,-0.00014392953,-0.000481846954,5
demo_12_labeled,retract,198,202,6.599993400000001,6.733326600000001,0.13333320000000004,5,joint_2,constant,8.118008118015982e-05,1.082400000001049e-05,0.2203034779999995,0.22083785,0.22084892,0.22084467800000002,5,constant,-0.0012786332826332796,-0.00017048426719999964,0.00861887659439998,0.00020249408,2.874749e-05,9.46632344e-05,5
demo_12_labeled,retract,198,202,6.599993400000001,6.733326600000001,0.13333320000000004,5,joint_3,constant,-0.00012906012906064847,-1.720800000006926e-05,0.5399686020000035,0.53911906,0.5391014,0.539108202,5,constant,0.0018190416910416867,0.0002425386495999995,-0.012263135544599972,-0.0002892698,-4.1147723e-05,-0.0001362030646,5
demo_12_labeled,retract,198,202,6.599993400000001,6.733326600000001,0.13333320000000004,5,joint_4,constant,0.0,0.0,-2.0030193000000005,-2.0030193,-2.0030193,-2.0030193,5,constant,-8.139704058704045e-05,-1.0852927891999985e-05,0.0005476804380139991,1.2678363e-05,2.6422238e-06,5.034043414e-06,5
demo_12_labeled,retract,198,202,6.599993400000001,6.733326600000001,0.13333320000000004,5,joint_5,constant,2.880002879823646e-06,3.8399999997610223e-07,-0.44708387599999894,-0.44706506,-0.44706458,-0.447064676,5,constant,3.1065486615486534e-05,4.142060739999991e-06,-0.00020869263406999948,-5.9296212e-06,-1.5690968e-06,-1.5895970699999997e-06,5
demo_12_labeled,retract,198,202,6.599993400000001,6.733326600000001,0.13333320000000004,5,joint_6,constant,0.0,0.0,2.4943733000000003,2.4943733,2.4943733,2.4943733,5,constant,0.00023554091854091787,3.140542439999992e-05,-0.0015864781521999958,-3.7522805e-05,-4.800952e-06,-1.62069322e-05,5
demo_12_labeled,retract,198,202,6.599993400000001,6.733326600000001,0.13333320000000004,5,joint_7,constant,-2.432379210174458e-15,-3.243169037060331e-16,1.3607640000000165,1.360764,1.360764,1.360764,5,constant,-0.00014041155841155813,-1.872152239999997e-05,0.0009463562737999982,2.2633962e-05,3.623046e-06,1.02801538e-05,5
demo_12_labeled,retract,198,202,6.599993400000001,6.733326600000001,0.13333320000000004,5,finger_1,constant,0.0018593088593088327,0.00024790759999999653,0.027494484400000192,0.039723013,0.03998048,0.039889864399999996,5,constant,-0.037365827625827526,-0.004982105367999988,0.25131890220799935,0.005566734,0.00039258774,0.0022136338080000002,5
demo_12_labeled,retract,198,202,6.599993400000001,6.733326600000001,0.13333320000000004,5,finger_2,constant,0.0014998634998634607,0.00019998159999999485,0.02991203100000028,0.03977653,0.039984215,0.039911111,5,constant,-0.030127062607062535,-0.004016937663999992,0.20263211678399953,0.0044884873,0.00031678582,0.001785233584,5
