demonstration,phase,start_index,end_index,start_time_sec,end_time_sec,duration_sec,samples,signal,position_label,position_slope,position_change,position_intercept,position_start_value,position_end_value,position_mean_value,position_valid_samples,velocity_label,velocity_slope,velocity_change,velocity_intercept,velocity_start_value,velocity_end_value,velocity_mean_value,velocity_valid_samples
demo_2_labeled,approach,0,4,0.0,0.1333332,0.1333332,5,joint_1,constant,-3.0065686865686877e-07,-4.008754240000002e-08,-5.177408000000002e-10,0.0,-4.037404e-08,-2.0561512e-08,5,constant,-1.576928386928387e-06,-2.1025690800000004e-07,-1.2803566400000005e-07,0.0,-2.8222178e-07,-2.3316411800000001e-07,5
demo_2_labeled,approach,0,4,0.0,0.1333332,0.1333332,5,joint_2,constant,0.0,0.0,-0.569,-0.569,-0.569,-0.569,5,constant,1.774160674160675e-06,2.3655452000000013e-07,1.0155229600000002e-07,0.0,2.8262485e-07,2.1982955599999998e-07,5
demo_2_labeled,approach,0,4,0.0,0.1333332,0.1333332,5,joint_3,constant,4.012582252582253e-07,5.350104320000001e-08,-8.781619999998855e-11,0.0,5.3422553e-08,2.66627054e-08,5,constant,2.173445683445684e-06,2.897924680000001e-07,1.7721354200000002e-07,0.0,3.8894717e-07,3.22109776e-07,5
demo_2_labeled,approach,0,4,0.0,0.1333332,0.1333332,5,joint_4,constant,-2.4323792101744574e-15,-3.24316903706033e-16,-2.8100000000000005,-2.81,-2.81,-2.81,5,constant,-7.534237624237624e-08,-1.004564012e-08,9.472199639999997e-09,0.0,-1.1681549e-09,4.44937958e-09,5
demo_2_labeled,approach,0,4,0.0,0.1333332,0.1333332,5,joint_5,constant,1.2909168729168731e-07,1.7212207760000006e-08,-1.1225835999999907e-10,0.0,1.7170192e-08,8.493845519999998e-09,5,constant,7.713481713481716e-07,1.0284632000000004e-07,4.9988218000000014e-08,0.0,1.274992e-07,1.01411378e-07,5
demo_2_labeled,approach,0,4,0.0,0.1333332,0.1333332,5,joint_6,constant,4.864758420348915e-15,6.48633807412066e-16,3.0369999999999995,3.037,3.037,3.037,5,constant,-1.1674793044793043e-08,-1.556637516e-09,1.2209868199999996e-09,0.0,-3.7920161e-10,4.42668062e-10,5
demo_2_labeled,approach,0,4,0.0,0.1333332,0.1333332,5,joint_7,constant,-1.824284407630843e-15,-2.4323767777952473e-16,0.7410000000000002,0.741,0.741,0.741,5,constant,3.291780771780773e-06,4.389036640000002e-07,2.1941895400000003e-07,0.0,5.4860453e-07,4.38870786e-07,5
demo_2_labeled,approach,0,4,0.0,0.1333332,0.1333332,5,finger_1,constant,0.0,0.0,0.04000000000000001,0.04,0.04,0.04,5,constant,3.971911757911758e-12,5.295877048000001e-13,-5.735176192e-13,0.0,3.5679596e-14,-3.0872376680000004e-13,5
demo_2_labeled,approach,0,4,0.0,0.1333332,0.1333332,5,finger_2,constant,0.0,0.0,0.04000000000000001,0.04,0.04,0.04,5,constant,4.3852721278721295e-10,5.847023656800003e-11,-5.862561680400001e-11,0.0,-2.3198059e-13,-2.939049852e-11,5
demo_2_labeled,approach,5,9,0.1666665,0.2999997,0.13333319999999999,5,joint_1,constant,-2.943501963501967e-07,-3.9246653600000036e-08,-1.1270667999999228e-09,-5.0185403e-08,-8.943205e-08,-6.980871059999999e-08,5,constant,-1.8420018420609254e-11,-2.4560000000787777e-12,-2.8223989799999986e-07,-2.8224198e-07,-2.8224488e-07,-2.82244196e-07,5
demo_2_labeled,approach,5,9,0.1666665,0.2999997,0.13333319999999999,5,joint_2,constant,-2.4323792101744574e-15,-3.243169037060329e-16,-0.5689999999999994,-0.569,-0.569,-0.569,5,constant,1.0089010089120053e-10,1.3452000000146618e-11,2.8269842899999976e-07,2.8271003e-07,2.8272567e-07,2.8272197000000003e-07,5
demo_2_labeled,approach,5,9,0.1666665,0.2999997,0.13333319999999999,5,joint_3,constant,4.008662988662991e-07,5.344878640000003e-08,-2.606340000007947e-11,6.678491e-08,1.202337e-07,9.35093128e-08,5,constant,-1.2150012147379461e-11,-1.619999999648975e-12,3.889346329999993e-07,3.8893322e-07,3.8893137e-07,3.88931798e-07,5
demo_2_labeled,approach,5,9,0.1666665,0.2999997,0.13333319999999999,5,joint_4,constant,-1.2161896050872286e-14,-1.6215845185301646e-15,-2.809999999999997,-2.81,-2.81,-2.81,5,constant,-8.196548196549088e-11,-1.0928720000001188e-11,-1.2274512999999979e-09,-1.2368611e-09,-1.2495408e-09,-1.2465765599999998e-09,5
demo_2_labeled,approach,5,9,0.1666665,0.2999997,0.13333319999999999,5,joint_5,constant,1.3151509151509168e-07,1.753532800000002e-08,-3.6535720000003806e-10,2.1553818e-08,3.908914e-08,3.03214668e-08,5,constant,1.368001368090489e-11,1.824000000118828e-12,1.2750986599999981e-07,1.2751141e-07,1.2751354e-07,1.27513058e-07,5
demo_2_labeled,approach,5,9,0.1666665,0.2999997,0.13333319999999999,5,joint_6,constant,9.72951684069783e-15,1.2972676148241317e-15,3.0369999999999973,3.037,3.037,3.037,5,constant,-1.1224181224183693e-11,-1.496556000000329e-12,-3.877624789999995e-10,-3.8909043e-10,-3.908434e-10,-3.90381452e-10,5
demo_2_labeled,approach,5,9,0.1666665,0.2999997,0.13333319999999999,5,joint_7,constant,1.2161896050872287e-15,1.6215845185301646e-16,0.7409999999999995,0.741,0.741,0.741,5,constant,9.000009026195933e-13,1.2000000034915874e-13,5.486045359999994e-07,5.4860465e-07,5.486048e-07,5.48604746e-07,5
demo_2_labeled,approach,5,9,0.1666665,0.2999997,0.13333319999999999,5,finger_1,constant,7.60118503179518e-17,1.0134903240813529e-17,0.03999999999999998,0.04,0.04,0.04,5,constant,2.4544565644565643e-13,3.2726054799999994e-14,-9.44891283e-14,-5.521387e-14,-1.6138444e-14,-3.7218532400000004e-14,5
demo_2_labeled,approach,5,9,0.1666665,0.2999997,0.13333319999999999,5,finger_2,constant,7.60118503179518e-17,1.0134903240813529e-17,0.03999999999999998,0.04,0.04,0.04,5,constant,-4.606049176049181e-12,-6.141392760000006e-13,2.79222179000001e-13,-2.9233284e-13,-9.726473e-13,-7.95521554e-13,5
demo_2_labeled,approach,10,14,0.333333,0.4666662,0.13333319999999999,5,joint_1,constant,-2.9435060435060457e-07,-3.9246708000000027e-08,-1.1269721999999092e-09,-9.9243735e-08,-1.3849044e-07,-1.1886709619999998e-07,5,constant,-6.000006150846565e-14,-8.000000201120552e-15,-2.822448599999993e-07,-2.8224488e-07,-2.8224488e-07,-2.82244884e-07,5
demo_2_labeled,approach,10,14,0.333333,0.4666662,0.13333319999999999,5,joint_2,constant,-2.432379210174457e-15,-3.2431690370603286e-16,-0.5689999999999988,-0.569,-0.569,-0.569,5,constant,0.0,0.0,2.8272566999999995e-07,2.8272567e-07,2.8272567e-07,2.8272567e-07,5
demo_2_labeled,approach,10,14,0.333333,0.4666662,0.13333319999999999,5,joint_3,constant,4.008633108633111e-07,5.344838800000003e-08,-2.518000000012543e-11,1.3359579e-07,1.8704418e-07,1.6031998400000002e-07,5,constant,3.9000039067121753e-13,5.200000008944357e-14,3.889311859999997e-07,3.889313e-07,3.889314e-07,3.8893134200000003e-07,5
demo_2_labeled,approach,10,14,0.333333,0.4666662,0.13333319999999999,5,joint_4,constant,-9.729516840697828e-15,-1.2972676148241315e-15,-2.8099999999999965,-2.81,-2.81,-2.81,5,constant,-8.370008370045261e-14,-1.1160000000049187e-14,-1.2495416399999999e-09,-1.2495731e-09,-1.2495812e-09,-1.2495751200000001e-09,5
demo_2_labeled,approach,10,14,0.333333,0.4666662,0.13333319999999999,5,joint_5,constant,1.3151532551532543e-07,1.7535359199999987e-08,-3.6541179999997274e-10,4.3472983e-08,6.100834e-08,5.22406658e-08,5,constant,3.0000030174308434e-14,4.0000000232371005e-15,1.2751353999999993e-07,1.2751353e-07,1.2751354e-07,1.27513552e-07,5
demo_2_labeled,approach,10,14,0.333333,0.4666662,0.13333319999999999,5,joint_6,constant,9.729516840697828e-15,1.2972676148241315e-15,3.0369999999999964,3.037,3.037,3.037,5,constant,3.10830310831149e-13,4.144400000011175e-14,-3.9093989400000036e-10,-3.9082163e-10,-3.9078246e-10,-3.9081556199999996e-10,5
demo_2_labeled,approach,10,14,0.333333,0.4666662,0.13333319999999999,5,joint_7,constant,3.040474012718071e-15,4.053961296325411e-16,0.7409999999999987,0.741,0.741,0.741,5,constant,-1.800001784361908e-13,-2.3999999791468313e-14,5.486048279999994e-07,5.4860476e-07,5.4860476e-07,5.48604756e-07,5
demo_2_labeled,approach,10,14,0.333333,0.4666662,0.13333319999999999,5,finger_1,constant,0.0,0.0,0.039999999999999994,0.04,0.04,0.04,5,constant,-2.2717933717933746e-14,-3.0290548000000033e-15,1.1301811000000114e-15,-4.5778675e-15,-6.441401e-15,-7.9569833e-15,5
demo_2_labeled,approach,10,14,0.333333,0.4666662,0.13333319999999999,5,finger_2,constant,0.0,0.0,0.039999999999999994,0.04,0.04,0.04,5,constant,6.44514644514621e-14,8.593519999999686e-15,-9.70689399999999e-13,-9.17304e-13,-9.398868e-13,-9.449088400000001e-13,5
demo_2_labeled,approach,15,19,0.4999995,0.6333327000000001,0.1333332000000001,5,joint_1,constant,-2.9435000435000397e-07,-3.9246627999999975e-08,-1.1272350000001452e-09,-1.4830209e-07,-1.8754872e-07,-1.67925404e-07,5,constant,-3.0000029942338656e-13,-3.999999992307831e-14,-2.822447120000001e-07,-2.8224483e-07,-2.8224486e-07,-2.82244882e-07,5
demo_2_labeled,approach,15,19,0.4999995,0.6333327000000001,0.1333332000000001,5,joint_2,constant,2.4323792101744554e-15,3.243169037060329e-16,-0.569000000000001,-0.569,-0.569,-0.569,5,constant,2.8996219756298726e-22,3.866158768010532e-23,2.827256639999997e-07,2.8272567e-07,2.8272567e-07,2.8272566400000004e-07,5
demo_2_labeled,approach,15,19,0.4999995,0.6333327000000001,0.1333332000000001,5,joint_3,constant,4.0086412086412016e-07,5.344849599999994e-08,-2.560999999975296e-11,2.0040628e-07,2.538548e-07,2.27130498e-07,5,constant,1.800001781462285e-13,2.3999999752806733e-14,3.889312700000008e-07,3.889313e-07,3.8893134e-07,3.88931372e-07,5
demo_2_labeled,approach,15,19,0.4999995,0.6333327000000001,0.1333332000000001,5,joint_4,constant,2.4323792101744554e-15,3.243169037060329e-16,-2.8099999999999996,-2.81,-2.81,-2.81,5,constant,-2.5440025439941875e-13,-3.39199999998886e-14,-1.2494355399999998e-09,-1.2495389e-09,-1.249604e-09,-1.2495797e-09,5
demo_2_labeled,approach,15,19,0.4999995,0.6333327000000001,0.1333332000000001,5,joint_5,constant,1.3151477351477328e-07,1.7535285599999983e-08,-3.65155599999901e-10,6.5392165e-08,8.292745e-08,7.41598082e-08,5,constant,2.7000026997398367e-13,3.5999999996495184e-14,1.2751341299999992e-07,1.2751354e-07,1.2751359e-07,1.27513566e-07,5
demo_2_labeled,approach,15,19,0.4999995,0.6333327000000001,0.1333332000000001,5,joint_6,constant,0.0,0.0,3.0369999999999973,3.037,3.037,3.037,5,constant,6.51000651006981e-14,8.680000000084406e-15,-3.9083628600000016e-10,-3.9081763e-10,-3.9078585e-10,-3.907993960000001e-10,5
demo_2_labeled,approach,15,19,0.4999995,0.6333327000000001,0.1333332000000001,5,joint_7,constant,-2.4323792101744554e-15,-3.243169037060329e-16,0.7410000000000011,0.741,0.741,0.741,5,constant,6.000005831888144e-14,7.999999775843089e-15,5.486047100000006e-07,5.4860476e-07,5.486048e-07,5.486047440000001e-07,5
demo_2_labeled,approach,15,19,0.4999995,0.6333327000000001,0.1333332000000001,5,finger_1,constant,-7.601185031795173e-17,-1.0134903240813529e-17,0.04000000000000002,0.04,0.04,0.04,5,constant,1.5742018642018632e-13,2.0989337200000003e-14,-1.1835705989999991e-13,-3.5385513e-14,-1.3032788e-14,-2.9152376799999996e-14,5
demo_2_labeled,approach,15,19,0.4999995,0.6333327000000001,0.1333332000000001,5,finger_2,constant,-7.601185031795173e-17,-1.0134903240813529e-17,0.04000000000000002,0.04,0.04,0.04,5,constant,-3.4875214875214805e-13,-4.650023999999994e-14,-7.506559299999998e-13,-9.0705725e-13,-9.564325e-13,-9.482819500000002e-13,5
demo_2_labeled,approach,20,24,0.6666660000000001,0.7999992,0.13333319999999993,5,joint_1,constant,-2.9435000435000407e-07,-3.924662799999994e-08,-1.1272420000000382e-09,-1.9736038e-07,-2.3660701e-07,-2.16983696e-07,5,constant,-6.00000588988059e-14,-7.999999853166263e-15,-2.822448400000007e-07,-2.822449e-07,-2.822449e-07,-2.82244884e-07,5
demo_2_labeled,approach,20,24,0.6666660000000001,0.7999992,0.13333319999999993,5,joint_2,constant,0.0,0.0,-0.5689999999999995,-0.569,-0.569,-0.569,5,constant,8.698865926889626e-22,1.1598476304031593e-22,2.8272566999999916e-07,2.8272567e-07,2.8272567e-07,2.8272567e-07,5
demo_2_labeled,approach,20,24,0.6666660000000001,0.7999992,0.13333319999999993,5,joint_3,constant,4.008674808674812e-07,5.344894400000002e-08,-2.7664000000454038e-11,2.6721705e-07,3.20666e-07,2.93941528e-07,5,constant,3.0000030058323564e-13,4.0000000077724654e-14,3.8893110999999945e-07,3.8893134e-07,3.8893137e-07,3.8893133e-07,5
demo_2_labeled,approach,20,24,0.6666660000000001,0.7999992,0.13333319999999993,5,joint_4,constant,-9.729516840697831e-15,-1.2972676148241315e-15,-2.8099999999999907,-2.81,-2.81,-2.81,5,constant,2.6700026698419007e-14,3.559999999785639e-15,-1.249602399999998e-09,-1.2496066e-09,-1.2495693e-09,-1.2495828199999999e-09,5
demo_2_labeled,approach,20,24,0.6666660000000001,0.7999992,0.13333319999999993,5,joint_5,constant,1.3151478251478269e-07,1.7535286800000013e-08,-3.6516440000019497e-10,8.731127e-08,1.04846556e-07,9.6078913e-08,5,constant,3.0000030000331125e-13,4.000000000040148e-14,1.2751334399999994e-07,1.2751354e-07,1.2751359e-07,1.27513564e-07,5
demo_2_labeled,approach,20,24,0.6666660000000001,0.7999992,0.13333319999999993,5,joint_6,constant,0.0,0.0,3.0369999999999973,3.037,3.037,3.037,5,constant,1.0038010037922952e-13,1.338399999988388e-14,-3.909200499999991e-10,-3.9085643e-10,-3.9082937e-10,-3.9084643799999997e-10,5
demo_2_labeled,approach,20,24,0.6666660000000001,0.7999992,0.13333319999999993,5,joint_7,constant,-2.432379210174458e-15,-3.2431690370603286e-16,0.7410000000000015,0.741,0.741,0.741,5,constant,9.000009008798202e-13,1.2000000011718918e-13,5.48604145999999e-07,5.486047e-07,5.486049e-07,5.486048060000001e-07,5
demo_2_labeled,approach,20,24,0.6666660000000001,0.7999992,0.13333319999999993,5,finger_1,constant,-3.8005925158975903e-17,-5.0674516204067635e-18,0.04,0.04,0.04,0.04,5,constant,4.634321534321531e-14,6.179089199999992e-15,-7.770560979999996e-14,-3.6411612e-14,-3.0518075e-14,-4.3720619200000004e-14,5
demo_2_labeled,approach,20,24,0.6666660000000001,0.7999992,0.13333319999999993,5,finger_2,constant,-3.8005925158975903e-17,-5.0674516204067635e-18,0.04,0.04,0.04,0.04,5,constant,-1.554235554235556e-13,-2.0723120000000015e-14,-8.668294799999991e-13,-9.821787e-13,-9.988721e-13,-9.8080664e-13,5
demo_2_labeled,approach,25,29,0.8333325,0.9666657,0.13333319999999993,5,joint_1,constant,-0.003170442170442176,-0.0004227252000000005,0.001739453660000005,-0.0008637792,-0.001306389,-0.00111394144,5,constant,0.04947919761919765,0.006597219752,-0.04634148525000002,-0.009117988,-0.0008354605,-0.001810251924,5
demo_2_labeled,approach,25,29,0.8333325,0.9666657,0.13333319999999993,5,joint_2,ramp_down,-2.002435462435469,-0.26699112800000074,1.0574180620000062,-0.6150862,-0.88194466,-0.7447720520000001,5,ramp_down,-3.4023991023991047,-0.45365276000000004,1.159930730000002,-1.6776725,-2.131096,-1.9022254,5
demo_2_labeled,approach,25,29,0.8333325,0.9666657,0.13333319999999993,5,joint_3,constant,-0.0017258719058719073,-0.00023011602400000008,0.0008778820160000013,-0.00052810553,-0.00077460014,-0.000675401146,5,constant,0.045648768348768375,0.0060864963600000006,-0.04176105995000002,-0.0065850574,0.0007724893,-0.0006772095200000001,5
demo_2_labeled,approach,25,29,0.8333325,0.9666657,0.13333319999999993,5,joint_4,ramp_down,-1.1899556899556927,-0.1586606000000003,-1.8564544899999975,-2.8469028,-3.005609,-2.92741354,5,ramp_up,1.0289380289380292,0.13719159999999997,-2.07108294,-1.232331,-1.0871239,-1.14503964,5
demo_2_labeled,approach,25,29,0.8333325,0.9666657,0.13333319999999993,5,joint_5,constant,9.066402066402205e-05,1.2088524000000178e-05,0.0003782570709999989,0.0004090477,0.00043305857,0.000459854608,5,constant,-0.039970581970581995,-0.005329405600000001,0.03697197745000002,0.0071066367,0.00090015325,0.00099848965,5
demo_2_labeled,approach,25,29,0.8333325,0.9666657,0.13333319999999993,5,joint_6,ramp_down,-0.8366129366129256,-0.11154827999999847,3.7214853899999905,3.0195372,2.9077537,2.9685345,5,ramp_down,-3.941214611214617,-0.5254947560000005,2.797333927000005,-0.50528973,-1.03016,-0.7497556759999999,5
demo_2_labeled,approach,25,29,0.8333325,0.9666657,0.13333319999999993,5,joint_7,constant,-0.0014829014828962428,-0.0001977199999993012,0.7422017499999953,0.7409616,0.7407644,0.74086714,5,constant,-0.004170220470220478,-0.0005560288400000007,0.002546294530000007,-0.0007230727,-0.0013750641,-0.00120690014,5
demo_2_labeled,approach,25,29,0.8333325,0.9666657,0.13333319999999993,5,finger_1,constant,1.5202370063590364e-16,2.0269806481627057e-17,0.03999999999999986,0.04,0.04,0.04,5,constant,-0.00011024372867372872,-1.4699149123999998e-05,0.00010296516530660005,1.8327006e-05,1.3556476e-07,3.7459087196e-06,5
demo_2_labeled,approach,25,29,0.8333325,0.9666657,0.13333319999999993,5,finger_2,constant,1.8381018381216704e-05,2.4508000000264417e-06,0.03998198829999982,0.03999735,0.039999627,0.039998531200000007,5,constant,0.0005298826878826882,7.06509544e-05,-0.00048170944290000024,-9.071353e-05,7.2791195e-06,-4.815500699999999e-06,5
demo_2_labeled,approach,30,34,0.999999,1.1333322,0.13333319999999993,5,joint_1,constant,0.00022448308448308861,2.9931048000000535e-05,-0.0007526305660000045,-0.00054233766,-0.00050554395,-0.000513182182,5,constant,-0.026979823098223183,-0.0035973061491200095,0.029679421709030093,0.0044988417,5.2994585e-07,0.00090097251607,5
demo_2_labeled,approach,30,34,0.999999,1.1333322,0.13333319999999993,5,joint_2,constant,-0.002757332757325666,-0.0003676439999990543,-0.8946741920000074,-0.89728177,-0.8977137,-0.8976153440000001,5,ramp_up,0.14925706449910486,0.019900922032272037,-0.16476490719350836,-0.02242122,-7.0140266e-07,-0.005557530935332,5
demo_2_labeled,approach,30,34,0.999999,1.1333322,0.13333319999999993,5,joint_3,constant,8.713652713652813e-05,1.1618192000000125e-05,-0.00027265799800000104,-0.00019160015,-0.00017684513,-0.000179712462,5,constant,-0.017630467752127805,-0.0023507266828880057,0.019378623869442058,0.0030102676,2.3206809e-07,0.0005728104063379999,5
demo_2_labeled,approach,30,34,0.999999,1.1333322,0.13333319999999993,5,joint_4,constant,0.003076203076232142,0.0004101600000038752,-3.0129340800000306,-3.0100455,-3.009547,-3.0096528,5,ramp_down,-0.2596729046797054,-0.03462301933424008,0.2857913804833608,0.04270811,2.9735972e-06,0.008807225809440001,5
demo_2_labeled,approach,30,34,0.999999,1.1333322,0.13333319999999993,5,joint_5,constant,-0.0005474362694362705,-7.29914296000001e-05,0.000522373397000001,7.145147e-06,-8.064018e-05,-6.15580398e-05,5,constant,0.05358705679309293,0.007144933760804815,-0.05901751850189735,-0.008638673,-7.6803694e-08,-0.0018580484154588,5
demo_2_labeled,approach,30,34,0.999999,1.1333322,0.13333319999999993,5,joint_6,constant,0.0003252003251715227,4.3359999996159646e-05,2.90741920000003,2.907725,2.9077773,2.9077660799999996,5,constant,0.014863632858132894,0.0019818157326000037,-0.01638977953748004,-0.0023069645,1.5133669e-06,-0.0005352536766800001,5
demo_2_labeled,approach,30,34,0.999999,1.1333322,0.13333319999999993,5,joint_7,constant,8.760008754928215e-06,1.1679999993225942e-06,0.7407838640000053,0.74079204,0.7407935,0.740793208,5,constant,-0.001963928103428107,-0.0002618568186000003,0.0021823058795800037,0.00023558739,5.403366e-07,8.745133077999999e-05,5
demo_2_labeled,approach,30,34,0.999999,1.1333322,0.13333319999999993,5,finger_1,constant,1.3080013079680466e-05,1.7439999999556506e-06,0.03998521400000036,0.039998095,0.039999835,0.039999165999999996,5,constant,8.103755433755481e-05,1.0804996440000058e-05,-8.105752866000051e-05,-1.97263e-05,3.2238388e-06,5.3824428599999995e-06,5
demo_2_labeled,approach,30,34,0.999999,1.1333322,0.13333319999999993,5,finger_2,constant,1.3740013738183159e-06,1.831999999755922e-07,0.03999847780000018,0.039999753,0.039999988,0.0399999434,5,constant,8.591478600678627e-05,1.145529334560003e-05,-9.438033227760028e-05,-1.4055319e-05,1.6158295e-07,-2.7379855128e-06,5
demo_2_labeled,approach,35,39,1.1666655,1.2999987000000002,0.13333320000000026,5,joint_1,constant,0.027555820065819987,0.0036741056679999965,-0.0335748948909999,-0.0005055431,0.0040990855,0.00041058253800000007,5,ramp_up,0.44242079434508363,0.05898938025657202,-0.5159830916006881,-6.881594e-08,-0.0008703552,0.029668675772601998,5
demo_2_labeled,approach,35,39,1.1666655,1.2999987000000002,0.13333320000000026,5,joint_2,constant,0.0015585015585014906,0.00020779999999999136,-0.8995584500000001,-0.8977137,-0.8975812,-0.8976363,5,constant,0.013926810117540113,0.001856906158764003,-0.016002146683470993,6.070421e-08,-0.0012279439,0.001174235285096,5
demo_2_labeled,approach,35,39,1.1666655,1.2999987000000002,0.13333320000000026,5,joint_3,ramp_up,0.4211807603207593,0.056157378551999974,-0.5013807087779988,-0.00017684088,0.0489572,0.018075042827999998,5,ramp_up,4.160814550022716,0.5547747185610898,-4.853333504589874,8.913573e-08,-0.004725866,0.2783326421001964,5
demo_2_labeled,approach,35,39,1.1666655,1.2999987000000002,0.13333320000000026,5,joint_4,constant,0.007943407943393132,0.0010591199999980272,-3.018968599999982,-3.009547,-3.0087755,-3.00917174,5,constant,0.03974832772499271,0.005299771730222009,-0.045150126522186224,2.5686916e-07,-0.00611354,0.0038727619823672593,5
demo_2_labeled,approach,35,39,1.1666655,1.2999987000000002,0.13333320000000026,5,joint_5,ramp_up,0.06898261512661497,0.009197672819199997,-0.0820383088803998,-8.0644684e-05,0.007309491,0.0030401646971999997,5,ramp_up,0.6153107801771687,0.08204135531551862,-0.7188999629760563,-2.69477e-08,0.005190472,0.0399825736924895,5
demo_2_labeled,approach,35,39,1.1666655,1.2999987000000002,0.13333320000000026,5,joint_6,constant,-0.001456501456491673,-0.00019419999999869593,2.9095067699999886,2.9077773,2.9076262,2.90771042,5,constant,-0.03148756891186886,-0.004198338323240001,0.03689744093830993,1.1324581e-06,-0.0008032023,-0.00193718855166,5
demo_2_labeled,approach,35,39,1.1666655,1.2999987000000002,0.13333320000000026,5,joint_7,ramp_up,0.4025767625767605,0.05367684799999983,0.2621705320000026,0.7407935,0.78554624,0.758681376,5,ramp_up,3.721547544615074,0.49620584307567156,-4.342520548164951,-9.116211e-10,0.0035971028,0.24738350028500253,5
demo_2_labeled,approach,35,39,1.1666655,1.2999987000000002,0.13333320000000026,5,finger_1,constant,-0.00035436035436017897,-4.724799999997671e-05,0.04042515999999977,0.03999992,0.03994082,0.039988116000000004,5,constant,0.005277745186945172,0.0007036986545599994,-0.006329689937379982,1.5035496e-06,0.0008695331,0.0001795226173,5
demo_2_labeled,approach,35,39,1.1666655,1.2999987000000002,0.13333320000000026,5,finger_2,constant,-0.00016461616461605695,-2.1948799999985688e-05,0.040192037599999876,0.039999988,0.04,0.0399890112,5,constant,0.0038534782742182688,0.0005137965894320002,-0.004503323369299993,1.6145319e-07,3.8985123e-05,0.000249295082946,5
demo_2_labeled,approach,40,44,1.3333320000000002,1.4666652000000002,0.13333320000000004,5,joint_1,constant,-0.0011871731871731753,-0.00015828959999999846,0.005700241239999983,0.00407791,0.003880074,0.00403820044,5,ramp_up,0.8495191558660558,0.11326910751292002,-1.161014898427588,-1.3772631e-05,0.14157116,0.028310730458071996,5
demo_2_labeled,approach,40,44,1.3333320000000002,1.4666652000000002,0.13333320000000004,5,joint_2,constant,0.011518451518448552,0.001535791999999605,-0.9133067879999959,-0.8975675,-0.89564776,-0.8971809719999999,5,ramp_up,0.3788907375096375,0.05051871448252001,-0.5176304018548,0.00044760725,0.063607335,0.01281610021166,5
demo_2_labeled,approach,40,44,1.3333320000000002,1.4666652000000002,0.13333320000000004,5,joint_3,ramp_up,0.2526575106575108,0.03368763440000003,-0.29636771500000025,0.048930477,0.09104002,0.0573524462,5,ramp_up,8.36730215041643,1.1156391710819042,-11.43528724499871,3.5849967e-05,1.3945848,0.278924051361282,5
demo_2_labeled,approach,40,44,1.3333320000000002,1.4666652000000002,0.13333320000000004,5,joint_4,constant,0.017773817773802526,0.0023698399999979676,-3.033117559999979,-3.0088267,-3.0058644,-3.00823424,5,ramp_up,0.5452487755171556,0.07269976403578403,-0.7451878579878402,-2.1345448e-05,0.090843186,0.018159664387892002,5
demo_2_labeled,approach,40,44,1.3333320000000002,1.4666652000000002,0.13333320000000004,5,joint_5,ramp_up,0.04891830841830841,0.006522434600000001,-0.05953161480000001,0.007323066,0.015476072,0.0089539485,5,ramp_up,1.1561718980928382,0.15415609892279206,-1.5800931353352103,1.37178795e-05,0.1927107,0.038545903354106,5
demo_2_labeled,approach,40,44,1.3333320000000002,1.4666652000000002,0.13333320000000004,5,joint_6,constant,-0.004517404517394615,-0.0006023199999986799,2.9137951799999864,2.9076214,2.9068685,2.90747082,5,ramp_down,-0.14332598297252294,-0.019110111952872003,0.19589214964699,3.3516473e-05,-0.023853816,-0.004764025858166,5
demo_2_labeled,approach,40,44,1.3333320000000002,1.4666652000000002,0.13333320000000004,5,joint_7,ramp_up,0.267502707502707,0.035666991999999946,0.4199590320000007,0.7855457,0.83012944,0.794462448,5,ramp_up,7.3778351937797915,0.98371037545928,-10.083048720499537,-4.3441367e-05,1.229594,0.24591022182290004,5
demo_2_labeled,approach,40,44,1.3333320000000002,1.4666652000000002,0.13333320000000004,5,finger_1,constant,0.00021606621606628295,2.8808800000008925e-05,0.039685885199999896,0.03996972,0.04,0.0399883776,5,constant,-0.004195786273786272,-0.0005594376103999999,0.006112886017999999,0.00060967513,2.546452e-05,0.0002387911088,5
demo_2_labeled,approach,40,44,1.3333320000000002,1.4666652000000002,0.13333320000000004,5,finger_2,constant,-0.00032807432807410817,-4.374319999997069e-05,0.04044821539999969,0.03999976,0.039945055,0.039988911800000006,5,constant,0.007236801260001259,0.0009649058697600002,-0.009887774027020001,3.5867322e-06,0.0012105331,0.00024373760546,5
demo_2_labeled,approach,45,49,1.4999985000000002,1.6333317,0.13333319999999982,5,joint_1,constant,-0.0001003621003621242,-1.338160000000316e-05,0.008616923200000036,0.008473036,0.008456333,0.008459689400000001,5,constant,0.002343720599040607,0.00031249576737600067,-0.0037503157800200127,-0.00039158645,-1.387646e-07,-7.8490513352e-05,5
demo_2_labeled,approach,45,49,1.4999985000000002,1.6333317,0.13333319999999982,5,joint_2,constant,-0.00011592011591366193,-1.5455999999139447e-05,-0.8953633580000099,-0.89552873,-0.8955487,-0.8955449659999999,5,constant,0.02710147801690811,0.0036135267887240073,-0.04334341859778115,-0.0046079415,-2.3754382e-07,-0.0008844788302739997,5
demo_2_labeled,approach,45,49,1.4999985000000002,1.6333317,0.13333319999999982,5,joint_3,constant,-0.00014731514731530668,-1.9642000000021223e-05,0.09822248650000023,0.09801141,0.097986795,0.097991693,5,constant,0.027589327099567202,0.0036785732680320086,-0.044140229499868164,-0.004615495,-4.2241066e-07,-0.0009169936004919998,5
demo_2_labeled,approach,45,49,1.4999985000000002,1.6333317,0.13333319999999982,5,joint_4,constant,-0.0001974001973940188,-2.631999999917615e-05,-3.00547486000001,-3.0057578,-3.0057907,-3.0057841200000004,5,constant,0.03210791933177945,0.00428105162984801,-0.05136648918863019,-0.005386176,-6.05572e-08,-0.0010641325379160001,5
demo_2_labeled,approach,45,49,1.4999985000000002,1.6333317,0.13333319999999982,5,joint_5,constant,5.295755295749565e-05,7.060999999992349e-06,0.01457763795000009,0.014653576,0.014662376,0.0146606047,5,constant,-0.028462736224802342,-0.0037950277016088104,0.04553856100123519,0.0047530914,-1.2525234e-07,0.0009469855073316001,5
demo_2_labeled,approach,45,49,1.4999985000000002,1.6333317,0.13333319999999982,5,joint_6,constant,-1.0800010805875698e-05,-1.4400000007819838e-06,2.906939280000009,2.9069238,2.906922,2.90692236,5,constant,0.004522036239574255,0.0006029375623384012,-0.007235343768305624,-0.0007555457,-2.2806207e-08,-0.0001508274108294,5
demo_2_labeled,approach,45,49,1.4999985000000002,1.6333317,0.13333319999999982,5,joint_7,constant,-3.600003602972057e-06,-4.800000003957933e-07,0.8301988000000048,0.83019364,0.83019304,0.83019316,5,constant,-0.020860979601029676,-0.0027814611653400063,0.03337400081534512,0.0034919134,-2.8630905e-07,0.0006918321226,5
demo_2_labeled,approach,45,49,1.4999985000000002,1.6333317,0.13333319999999982,5,finger_1,constant,0.0003964383964382778,5.285839999998411e-05,0.03935547700000017,0.039940882,0.03999585,0.039976563199999995,5,constant,-0.006072990432990447,-0.0008097312480000007,0.009922188304000023,0.0008718525,8.3383e-05,0.00040784613999999994,5
demo_2_labeled,approach,45,49,1.4999985000000002,1.6333317,0.13333319999999982,5,finger_2,constant,5.4000054000493983e-08,7.2000000000586545e-09,0.0399998198,0.04,0.03999993,0.03999990440000001,5,constant,-0.00022410519090519164,-2.9880662240000056e-05,0.0003601439478200012,3.7093923e-05,1.031777e-06,9.0461665e-06,5
demo_2_labeled,approach,50,54,1.666665,1.7999982,0.13333320000000004,5,joint_1,ramp_up,0.05895795825795826,0.007861053240000002,-0.08926746118000001,0.0077519077,0.015341048,0.01292623094,5,ramp_down,-1.036926762546762,-0.13825676341599996,1.842173307349999,0.12376339,1.011475e-05,0.044835382942000006,5
demo_2_labeled,approach,50,54,1.666665,1.7999982,0.13333320000000004,5,joint_2,constant,0.03444825444824982,0.004593095999999384,-0.9473541959999916,-0.89201486,-0.88647634,-0.887643948,5,ramp_down,-1.1915248840048838,-0.15886982566400001,2.1185996063539996,0.11850156,-4.439077e-05,0.053291872722,5
demo_2_labeled,approach,50,54,1.666665,1.7999982,0.13333320000000004,5,joint_3,ramp_up,0.35439476439476547,0.04725258800000016,-0.4311284880000019,0.14000806,0.19565032,0.18315515599999999,5,ramp_down,-12.484312922653551,-1.6645733917787509,22.192863994336367,1.3904921,-7.1600994e-07,0.553409901212612,5
demo_2_labeled,approach,50,54,1.666665,1.7999982,0.13333320000000004,5,joint_4,ramp_up,0.05024345024344297,0.006699119999999032,-3.081948339999988,-3.0009844,-2.993087,-2.99485978,5,ramp_down,-1.5742795150135145,-0.2099037254312,2.801930788211799,0.15569372,1.0521391e-05,0.0731823576062,5
demo_2_labeled,approach,50,54,1.666665,1.7999982,0.13333320000000004,5,joint_5,constant,0.033949464949465026,0.004526590800000012,-0.03120001200000014,0.022631424,0.02869529,0.0276456684,5,ramp_down,-1.6751511875529863,-0.2233532683202399,2.978469947698058,0.18749788,-4.7522753e-06,0.07487745953494,5
demo_2_labeled,approach,50,54,1.666665,1.7999982,0.13333320000000004,5,joint_6,constant,-0.010280110280093027,-0.0013706799999977,2.9219813599999696,2.9055953,2.9038308,2.90416252,5,ramp_up,0.4004231508635507,0.05338970005871999,-0.7131043856795797,-0.038986232,2.4866279e-06,-0.019038284916219998,5
demo_2_labeled,approach,50,54,1.666665,1.7999982,0.13333320000000004,5,joint_7,ramp_up,0.2643001443001455,0.03523998400000017,0.4515866759999976,0.8745006,0.9185222,0.9097064679999999,5,ramp_down,-10.962058233648632,-1.4616063028787203,19.488059668530976,1.2211607,2.0202651e-06,0.48717773110762,5
demo_2_labeled,approach,50,54,1.666665,1.7999982,0.13333320000000004,5,finger_1,constant,-0.00017747117747097003,-2.366279999997235e-05,0.04028478639999964,0.04,0.039983723,0.03997717,5,constant,0.00471965364965365,0.0006292865240000002,-0.007869187935,2.7115755e-05,0.00032674475,0.00031153687699999997,5
demo_2_labeled,approach,50,54,1.666665,1.7999982,0.13333320000000004,5,finger_2,constant,0.00040804540804547436,5.440600000000886e-05,0.03927642699999988,0.03994504,0.03999994,0.039983705,5,constant,-0.01009121863511863,-0.0013454944725199997,0.017931270792759992,0.0012082583,9.663987e-07,0.00043984265,5
demo_2_labeled,approach,55,59,1.8333315,1.9666647,0.13333320000000004,5,joint_1,constant,3.6000036051003854e-08,4.800000006795708e-09,0.015341081399999906,0.015341145,0.015341151,0.0153411498,5,constant,-1.1540743340743328e-06,-1.538764239999999e-07,2.575307471999997e-06,6.339826e-07,3.8574342e-07,3.8256843e-07,5
demo_2_labeled,approach,55,59,1.8333315,1.9666647,0.13333320000000004,5,joint_2,constant,-3.648568815261685e-15,-4.864753555590495e-16,-0.8864765999999928,-0.8864766,-0.8864766,-0.8864766,5,constant,1.6727196137196136e-05,2.2302905880000006e-06,-3.2660903492999995e-05,-2.906806e-06,-2.805026e-07,-8.79262614e-07,5
demo_2_labeled,approach,55,59,1.8333315,1.9666647,0.13333320000000004,5,joint_3,constant,4.560711019077106e-16,6.080941944488118e-17,0.1956503199999991,0.19565032,0.19565032,0.19565032,5,constant,2.7818346818346485e-07,3.7091091999999564e-08,-1.2940002549999936e-06,-7.041399e-07,-7.200229e-07,-7.65452194e-07,5
demo_2_labeled,approach,55,59,1.8333315,1.9666647,0.13333320000000004,5,joint_4,constant,-9.729516840697827e-15,-1.2972676148241319e-15,-2.993086999999981,-2.993087,-2.993087,-2.993087,5,constant,-1.977688594588594e-05,-2.6369154892e-06,3.8263066978499986e-05,3.1268808e-06,-8.16299e-09,6.870212574e-07,5
demo_2_labeled,approach,55,59,1.8333315,1.9666647,0.13333320000000004,5,joint_5,constant,7.601185031795177e-17,1.013490324081353e-17,0.028695234999999847,0.028695235,0.028695235,0.028695234999999996,5,constant,-4.21550521550527e-08,-5.620668000000075e-09,-2.3714381099999897e-07,-2.8198414e-07,-3.1404986e-07,-3.172383299999999e-07,5
demo_2_labeled,approach,55,59,1.8333315,1.9666647,0.13333320000000004,5,joint_6,constant,1.459427526104674e-14,1.945901422236198e-15,2.903830799999972,2.9038308,2.9038308,2.9038308,5,constant,-2.2612507612507623e-06,-3.014998000000002e-07,3.2644673300000014e-06,-7.345819e-07,-1.1041434e-06,-1.03190482e-06,5
demo_2_labeled,approach,55,59,1.8333315,1.9666647,0.13333320000000004,5,joint_7,constant,2.4323792101744566e-15,3.2431690370603296e-16,0.9185221999999953,0.9185222,0.9185222,0.9185222,5,constant,-6.364654072654071e-06,-8.486196944000001e-07,1.1203757788799995e-05,-3.3012682e-08,-1.0986951e-06,-8.890728564e-07,5
demo_2_labeled,approach,55,59,1.8333315,1.9666647,0.13333320000000004,5,finger_1,constant,5.634005634016061e-05,7.512000000013905e-06,0.039889612199999806,0.039991602,0.039999403,0.0399966582,5,constant,-0.0011311071271071266,-0.00015081413279999998,0.0022161715887999986,0.00016853197,1.1927262e-05,6.70701964e-05,5
demo_2_labeled,approach,55,59,1.8333315,1.9666647,0.13333320000000004,5,finger_2,constant,1.5202370063590354e-16,2.026980648162706e-17,0.03999993999999971,0.03999994,0.03999994,0.03999994,5,constant,-1.7816567816567706e-07,-2.375539999999986e-08,1.208733589999998e-06,8.876094e-07,8.620817e-07,8.702191399999999e-07,5
demo_2_labeled,approach,60,64,1.999998,2.1333312,0.13333320000000026,5,joint_1,ramp_down,-0.12856452436452412,-0.01714191944,0.2752089124599995,0.015341151,-0.0016699443,0.009509161140000002,5,ramp_down,-2.0785577083936744,-0.277140750644796,4.187381011800742,4.0257993e-07,-0.25681818,-0.10830062319358799,5
demo_2_labeled,approach,60,64,1.999998,2.1333312,0.13333320000000026,5,joint_2,ramp_up,0.6332668532668527,0.0844354960000001,-2.165916307999999,-0.8864766,-0.80431896,-0.8571661199999999,5,ramp_up,9.233633875922079,1.2311499523050962,-18.544433452838728,-2.8021387e-07,1.0815938,0.5383908078902261,5
demo_2_labeled,approach,60,64,1.999998,2.1333312,0.13333320000000026,5,joint_3,ramp_up,0.2636793836793822,0.03515721599999987,-0.33677670399999715,0.19565032,0.22953321,0.208160144,5,ramp_up,3.4776062257497085,0.46368036641913196,-6.978771221194258,-7.075592e-07,0.4086,0.20827445830227403,5
demo_2_labeled,approach,60,64,1.999998,2.1333312,0.13333320000000026,5,joint_4,ramp_down,-0.5486909486909353,-0.07315871999999836,-1.8857848000000277,-2.993087,-3.0620253,-3.01974496,5,ramp_down,-6.245692223090301,-0.8327581303197453,12.472204550176428,-5.3026326e-09,-0.67252797,-0.4355464697796009,5
demo_2_labeled,approach,60,64,1.999998,2.1333312,0.13333320000000026,5,joint_5,constant,-0.007126420126420117,-0.0009501884000000006,0.04302201959999998,0.028695235,0.027808582,0.0282940994,5,constant,-0.05800825134238114,-0.007734425777883989,0.1173181367397176,-3.1506787e-07,-0.009166008,-0.002565462817484,5
demo_2_labeled,approach,60,64,1.999998,2.1333312,0.13333320000000026,5,joint_6,ramp_up,1.3772029772029677,0.1836268799999991,0.12583870000001962,2.9038308,3.0770743,2.97205534,5,ramp_up,15.021479726355896,2.0028619606501596,-30.080291730190137,-1.1010618e-06,1.7019564,0.9640686598872801,5
demo_2_labeled,approach,60,64,1.999998,2.1333312,0.13333320000000026,5,joint_7,ramp_up,0.17754578754578565,0.023672747999999792,0.5603093780000037,0.9185222,0.94096935,0.927236972,5,ramp_up,2.0221767820245775,0.2696233013130399,-4.051872363430351,-1.0978914e-06,0.23124869,0.12728880692176,5
demo_2_labeled,approach,60,64,1.999998,2.1333312,0.13333320000000026,5,finger_1,constant,-1.9251019251157023e-05,-2.566800000018375e-06,0.04003810120000029,0.039999694,0.039997913,0.039998315799999996,5,constant,-0.0003153032472032462,-4.2040390919999954e-05,0.000619186404039998,6.1246114e-06,-3.1686264e-05,-3.243965522000001e-05,5
demo_2_labeled,approach,60,64,1.999998,2.1333312,0.13333320000000026,5,finger_2,constant,5.250005248886712e-07,6.999999998508632e-08,0.03999860520000023,0.03999994,0.04,0.03999969020000001,5,constant,-5.559681747682718e-06,-7.412901584001308e-07,5.1905426436002e-05,8.613587e-07,3.763192e-07,4.04154289808e-05,5
demo_2_labeled,approach,65,69,2.1666645,2.2999977,0.13333320000000004,5,joint_1,ramp_down,-0.7073116973116972,-0.09430813200000002,1.5247238023999996,-0.013447215,-0.108242765,-0.0549374086,5,ramp_down,-4.668165648165647,-0.622421464,9.786889603999995,-0.3632186,-0.98345715,-0.638669918,5
demo_2_labeled,approach,65,69,2.1666645,2.2999977,0.13333320000000004,5,joint_2,ramp_up,1.485159675159677,0.1980210920000003,-3.9819326910000044,-0.7611809,-0.56306297,-0.6650794,5,ramp_up,2.4235866235866226,0.32314455999999997,-3.9972847599999968,1.2757417,1.5884157,1.41538662,5
demo_2_labeled,approach,65,69,2.1666645,2.2999977,0.13333320000000004,5,joint_3,ramp_up,0.8612178212178198,0.11482892799999984,-1.6253089099999964,0.24664345,0.36213005,0.29807563400000003,5,ramp_up,4.974118974118975,0.6632152000000002,-10.325599486,0.495574,1.1606919,0.7832551139999999,5
demo_2_labeled,approach,65,69,2.1666645,2.2999977,0.13333320000000004,5,joint_4,constant,2.3400023412325277e-05,3.1200000016402494e-06,-3.0718551600000286,-3.0718057,-3.071802,-3.0718029000000002,5,constant,-0.002617935007935005,-0.00034905765199999973,0.005774850456999993,0.00025619025,-0.00016417034,-7.1865214e-05,5
demo_2_labeled,approach,65,69,2.1666645,2.2999977,0.13333320000000004,5,joint_5,ramp_up,0.053699051699051654,0.007159866399999997,-0.0902722715999999,0.027794557,0.03553958,0.0296554906,5,ramp_up,1.5131086169086172,0.2017476138400001,-3.3245113313400005,-0.013636427,0.1956973,0.054761200479999994,5
demo_2_labeled,approach,65,69,2.1666645,2.2999977,0.13333320000000004,5,joint_6,ramp_up,2.0601812601812415,0.2746905599999976,-1.3244250999999583,3.1407857,3.4154294,3.27664178,5,ramp_up,1.2087855087855028,0.16117123999999924,-0.8141930099999861,1.8049403,1.9645114,1.8854252599999999,5
demo_2_labeled,approach,65,69,2.1666645,2.2999977,0.13333320000000004,5,joint_7,ramp_up,0.24928920928921047,0.03323852800000017,0.4104774939999972,0.94982284,0.982636,0.967222838,5,ramp_down,-0.7170002070002082,-0.09559993200000018,1.8254466390000026,0.24888045,0.14665627,0.224147778,5
demo_2_labeled,approach,65,69,2.1666645,2.2999977,0.13333320000000004,5,finger_1,constant,-5.268005268090419e-06,-7.024000000113537e-07,0.04001018780000019,0.039998498,0.039997905,0.0399984226,5,constant,0.0003672431262431261,4.89657012e-05,-0.0008699329148999996,-8.6244545e-05,-2.8562707e-05,-4.9757419800000004e-05,5
demo_2_labeled,approach,65,69,2.1666645,2.2999977,0.13333320000000004,5,finger_2,constant,5.491805491797029e-05,7.322399999988719e-06,0.03987524220000021,0.039992232,0.04,0.039997892400000006,5,constant,-0.002132457101457101,-0.0002843273292,0.004882496629099999,0.00030677038,2.4828467e-05,0.00012001386500000002,5
demo_2_labeled,approach,70,74,2.3333310000000003,2.4666642000000003,0.13333320000000004,5,joint_1,ramp_down,-0.31496287496287456,-0.04199500799999996,0.5665411919999991,-0.14918068,-0.20024288,-0.189368952,5,ramp_up,11.359310418830425,1.5145732079360013,-27.786217524764016,-1.1997218,-8.225558e-05,-0.523899781916,5
demo_2_labeled,approach,70,74,2.3333310000000003,2.4666642000000003,0.13333320000000004,5,joint_2,ramp_up,0.49365880365880277,0.0658211079999999,-1.6331189779999982,-0.50571406,-0.4304556,-0.44833903399999997,5,ramp_down,-15.55736955719356,-2.074313866643201,38.03907780879681,1.6881658,2.2923296e-05,0.7014282092192,5
demo_2_labeled,approach,70,74,2.3333310000000003,2.4666642000000003,0.13333320000000004,5,joint_3,ramp_up,0.3654195954195956,0.048722564000000045,-0.4180280100000004,0.4109333,0.47123176,0.458978142,5,ramp_down,-13.78798069563471,-1.8383955876872025,33.71724297489184,1.4375029,-1.2443829e-05,0.6261223965221999,5
demo_2_labeled,approach,70,74,2.3333310000000003,2.4666642000000003,0.13333320000000004,5,joint_4,constant,1.8300018305023717e-05,2.440000000667389e-06,-3.0718450200000116,-3.0718017,-3.0717998,-3.0718011000000005,5,constant,0.0014323251955251988,0.0001909765017600005,-0.003438236797140008,-0.00016580094,-2.7793883e-06,-6.597654599999995e-07,5
demo_2_labeled,approach,70,74,2.3333310000000003,2.4666642000000003,0.13333320000000004,5,joint_5,ramp_up,0.13251532251532236,0.017668691999999986,-0.2528586599999997,0.04760572,0.06962226,0.065177796,5,ramp_down,-4.447665567849574,-0.593021482691201,10.891285959040815,0.394892,1.6081576e-05,0.21689927059919997,5
demo_2_labeled,approach,70,74,2.3333310000000003,2.4666642000000003,0.13333320000000004,5,joint_6,ramp_up,0.42951072951073943,0.05726804000000134,2.5145025199999766,3.4874423,3.5595388,3.54532724,5,ramp_down,-18.069648172080182,-2.409284013657602,44.16996924947743,1.9975054,-7.898347e-06,0.8028570036406,5
demo_2_labeled,approach,70,74,2.3333310000000003,2.4666642000000003,0.13333320000000004,5,joint_7,ramp_down,-0.038780408780411016,-0.0051707160000003,1.0722753220000054,0.9842782,0.97789407,0.979202434,5,ramp_up,0.7307551235671259,0.09743391904160034,-1.8047576488904058,0.0008535978,5.996712e-06,-0.050947106141599995,5
demo_2_labeled,approach,70,74,2.3333310000000003,2.4666642000000003,0.13333320000000004,5,finger_1,constant,1.8939018939095124e-05,2.525200000010159e-06,0.03995193119999982,0.039997566,0.039999735,0.0399973848,5,constant,0.000321816782616785,4.290886144000033e-05,-0.0006948899866600058,-1.627274e-05,6.7595233e-06,7.746951926e-05,5
demo_2_labeled,approach,70,74,2.3333310000000003,2.4666642000000003,0.13333320000000004,5,finger_2,constant,-2.0130020130129245e-05,-2.6840000000145495e-06,0.040047058800000264,0.04,0.03999824,0.0399987468,5,constant,7.920351720351567e-05,1.05604583999998e-05,-0.00019749662999999634,2.5220968e-05,3.392897e-05,-7.408378799999999e-06,5
demo_2_labeled,approach,75,79,2.4999975,2.6333307,0.13333320000000004,5,joint_1,constant,-0.01848394848394752,-0.0024645239999998726,-0.20597310900000249,-0.25129363,-0.2540948,-0.25341519600000006,5,ramp_up,8.863636829266841,1.181817062084002,-23.049620078676035,-1.4600023,-1.0198795e-05,-0.29964163355900003,5
demo_2_labeled,approach,75,79,2.4999975,2.6333307,0.13333320000000004,5,joint_2,ramp_up,0.0892834792834798,0.011904452000000072,-0.5947450210000014,-0.37742862,-0.36259687,-0.36558432,5,ramp_down,-11.732748159598376,-1.5643648569133628,30.505804987520484,1.9525992,1.6823253e-06,0.39178149193826,5
demo_2_labeled,approach,75,79,2.4999975,2.6333307,0.13333320000000004,5,joint_3,constant,0.006600906600905786,0.0008801199999998917,0.522655320000002,0.5385575,0.53978825,0.53959763,5,ramp_down,-11.688234379716397,-1.5584296921976026,30.386034957263448,1.9641892,-4.234792e-06,0.3862633824596,5
demo_2_labeled,approach,75,79,2.4999975,2.6333307,0.13333320000000004,5,joint_4,constant,-0.009403509403507855,-0.0012537999999997938,-3.0473509300000043,-3.0702314,-3.0717998,-3.0714865800000006,5,ramp_up,0.3554314961404968,0.047390818761200104,-0.9240879271803417,-0.059413552,-1.6319024e-06,-0.01181466602724,5
demo_2_labeled,approach,75,79,2.4999975,2.6333307,0.13333320000000004,5,joint_5,constant,0.0004607404607399741,6.143199999993514e-05,0.10436684000000124,0.10553385,0.10557333,0.105549406,5,ramp_down,-6.484832455474866,-0.8646434627523216,16.859829930963606,1.0851432,4.477621e-07,0.21544327298142002,5
demo_2_labeled,approach,75,79,2.4999975,2.6333307,0.13333320000000004,5,joint_6,constant,-0.007336207336220087,-0.0009781600000017005,3.652832420000033,3.6349711,3.6337566,3.63400284,5,ramp_down,-12.408935021949542,-1.6545230150686032,32.26153095396221,2.0762558,-4.831395e-07,0.4119629138916001,5
demo_2_labeled,approach,75,79,2.4999975,2.6333307,0.13333320000000004,5,joint_7,constant,-0.001050601050604558,-0.0001400800000004677,0.9614613400000088,0.9589056,0.9587299,0.9587648,5,ramp_up,3.62983345492346,0.4839773100120008,-9.438696014590814,-0.5990347,1.866509e-06,-0.12213279685979998,5
demo_2_labeled,approach,75,79,2.4999975,2.6333307,0.13333320000000004,5,finger_1,constant,5.505005504996718e-05,7.339999999988286e-06,0.03985559720000022,0.039994758,0.039999813,0.0399968922,5,constant,0.000563137480537487,7.508492232000088e-05,-0.0014079150278800167,-0.00027154916,3.6412619e-06,3.746972678e-05,5
demo_2_labeled,approach,75,79,2.4999975,2.6333307,0.13333320000000004,5,finger_2,constant,8.24100824091279e-06,1.0987999999872735e-06,0.03997700810000024,0.039996978,0.039999064,0.03999816,5,constant,-0.002326790224790229,-0.00031023838640000065,0.0060686209658000105,0.00043369146,1.8610888e-05,9.65320276e-05,5
demo_2_labeled,approach,80,84,2.6666640000000004,2.7999972000000004,0.13333320000000004,5,joint_1,constant,3.0404740127180732e-16,4.053961296325415e-17,-0.25409480000000095,-0.2540948,-0.2540948,-0.2540948,5,constant,5.52484698484698e-06,7.366455279999995e-07,-1.5565001719999988e-05,-1.160461e-06,-2.7540804e-07,-4.63768396e-07,5
demo_2_labeled,approach,80,84,2.6666640000000004,2.7999972000000004,0.13333320000000004,5,joint_2,constant,0.0,0.0,-0.36259687000000007,-0.36259687,-0.36259687,-0.36259687,5,constant,-1.5503860103860089e-06,-2.0671792799999986e-07,4.151640437999996e-06,1.0494521e-07,-1.4067702e-07,-8.607708599999999e-08,5
demo_2_labeled,approach,80,84,2.6666640000000004,2.7999972000000004,0.13333320000000004,5,joint_3,constant,-6.0809480254361465e-16,-8.10792259265083e-17,0.5397882500000016,0.53978825,0.53978825,0.53978825,5,constant,2.6476460476460453e-06,3.530191199999998e-07,-7.053028469999994e-06,-1.4976574e-07,2.7412113e-07,1.8386349000000001e-07,5
demo_2_labeled,approach,80,84,2.6666640000000004,2.7999972000000004,0.13333320000000004,5,joint_4,constant,9.729516840697834e-15,1.2972676148241328e-15,-3.071799800000027,-3.0717998,-3.0717998,-3.0717998,5,constant,7.944102366102358e-07,1.0592125895999993e-07,-2.1982071631599984e-06,-1.2698219e-07,4.247909e-10,-2.6821354479999998e-08,5
demo_2_labeled,approach,80,84,2.6666640000000004,2.7999972000000004,0.13333320000000004,5,joint_5,constant,-3.0404740127180732e-16,-4.053961296325415e-17,0.10557333000000084,0.10557333,0.10557333,0.10557332999999999,5,constant,-6.09796509796508e-07,-8.130611999999979e-08,2.064219825999995e-06,4.793212e-07,3.7797295e-07,3.97444366e-07,5
demo_2_labeled,approach,80,84,2.6666640000000004,2.7999972000000004,0.13333320000000004,5,joint_6,constant,-9.729516840697834e-15,-1.2972676148241328e-15,3.6337566000000274,3.6337566,3.6337566,3.6337565999999994,5,constant,1.6777736797736777e-07,2.237029335999998e-08,-4.640830578959995e-07,-2.7230845e-08,1.2551188e-10,-5.492044016e-09,5
demo_2_labeled,approach,80,84,2.6666640000000004,2.7999972000000004,0.13333320000000004,5,joint_7,constant,-1.2161896050872293e-15,-1.621584518530166e-16,0.9587299000000038,0.9587299,0.9587299,0.9587299,5,constant,-7.340871750231748e-08,-9.78781921248e-09,2.0415357104771998e-07,8.925984e-09,-1.28186906e-11,3.50327719188e-09,5
demo_2_labeled,approach,80,84,2.6666640000000004,2.7999972000000004,0.13333320000000004,5,finger_1,constant,3.8005925158975916e-17,5.067451620406769e-18,0.03999993199999989,0.039999932,0.039999932,0.039999932,5,constant,-5.180432180432172e-06,-6.907235999999991e-07,1.530085995999998e-05,1.8314638e-06,9.683168e-07,1.1410261600000002e-06,5
demo_2_labeled,approach,80,84,2.6666640000000004,2.7999972000000004,0.13333320000000004,5,finger_2,constant,2.9970029970844246e-06,3.996000000108571e-07,0.039991611599999775,0.03999952,0.039999932,0.0399998034,5,constant,-6.443942363942363e-05,-8.591914560000002e-06,0.0001799912087,9.666279e-06,9.685639e-07,3.85696022e-06,5
demo_2_labeled,approach,85,89,2.8333305,2.9666637,0.1333331999999996,5,joint_1,constant,6.0809480254361465e-16,8.107922592650803e-17,-0.2540948000000018,-0.2540948,-0.2540948,-0.2540948,5,constant,-3.49740349739163e-10,-4.663199999984163e-11,-2.7495712600000336e-07,-2.7592807e-07,-2.7598372e-07,-2.75971372e-07,5
demo_2_labeled,approach,85,89,2.8333305,2.9666637,0.1333331999999996,5,joint_2,constant,9.12142203815422e-16,1.2161883888976207e-16,-0.36259687000000274,-0.36259687,-0.36259687,-0.36259687,5,constant,7.884007884023231e-11,1.0512000000020431e-11,-1.4079711800000044e-07,-1.4057817e-07,-1.405657e-07,-1.4056848200000005e-07,5
demo_2_labeled,approach,85,89,2.8333305,2.9666637,0.1333331999999996,5,joint_3,constant,-1.824284407630844e-15,-2.4323767777952414e-16,0.5397882500000054,0.53978825,0.53978825,0.53978825,5,constant,-1.6983016983132363e-10,-2.2644000000153772e-11,2.743360750000033e-07,2.738646e-07,2.738376e-07,2.73843568e-07,5
demo_2_labeled,approach,85,89,2.8333305,2.9666637,0.1333331999999996,5,joint_4,constant,1.4594275261046753e-14,1.945901422236193e-15,-3.0717998000000426,-3.0717998,-3.0717998,-3.0717998,5,constant,-3.3491733491735136e-11,-4.465560000000205e-12,4.875493080000048e-10,3.9448894e-10,3.8922005e-10,3.90423378e-10,5
demo_2_labeled,approach,85,89,2.8333305,2.9666637,0.1333331999999996,5,joint_5,constant,-2.280355509538555e-16,-3.040470972244052e-17,0.10557333000000066,0.10557333,0.10557333,0.10557332999999999,5,constant,4.6740046739588027e-11,6.2319999999388194e-12,3.779128400000013e-07,3.7804264e-07,3.7805e-07,3.78048386e-07,5
demo_2_labeled,approach,85,89,2.8333305,2.9666637,0.1333331999999996,5,joint_6,constant,-1.4594275261046753e-14,-1.945901422236193e-15,3.6337566000000425,3.6337566,3.6337566,3.6337565999999994,5,constant,-9.564390564390792e-12,-1.2752508000000266e-12,1.3998735670000066e-10,1.1342009e-10,1.11927564e-10,1.122506518e-10,5
demo_2_labeled,approach,85,89,2.8333305,2.9666637,0.1333331999999996,5,joint_7,constant,-2.4323792101744586e-15,-3.2431690370603213e-16,0.958729900000007,0.9587299,0.9587299,0.9587299,5,constant,-1.3304173304173084e-12,-1.7738879999999652e-13,-1.1591756200000063e-11,-1.5278903e-11,-1.5497322e-11,-1.54499626e-11,5
demo_2_labeled,approach,85,89,2.8333305,2.9666637,0.1333331999999996,5,finger_1,constant,0.0,0.0,0.039999932,0.039999932,0.039999932,0.039999932,5,constant,-1.2000012058124893e-12,-1.6000000077483733e-13,9.68323320000017e-07,9.683198e-07,9.683198e-07,9.6831984e-07,5
demo_2_labeled,approach,85,89,2.8333305,2.9666637,0.1333331999999996,5,finger_2,constant,0.0,0.0,0.039999932,0.039999932,0.039999932,0.039999932,5,constant,-1.2000012034927918e-12,-1.600000004655446e-13,9.6856412000001e-07,9.685608e-07,9.685606e-07,9.6856064e-07,5
demo_2_labeled,approach,90,94,2.9999970000000005,3.1333302000000005,0.13333320000000004,5,joint_1,constant,3.0404740127180732e-16,4.053961296325415e-17,-0.254094800000001,-0.2540948,-0.2540948,-0.2540948,5,constant,-9.000008950805767e-14,-1.199999993439576e-14,-2.759834120000014e-07,-2.7598367e-07,-2.759837e-07,-2.75983688e-07,5
demo_2_labeled,approach,90,94,2.9999970000000005,3.1333302000000005,0.13333320000000004,5,joint_2,constant,0.0,0.0,-0.36259687000000007,-0.36259687,-0.36259687,-0.36259687,5,constant,2.8996219756298764e-22,3.8661587680105354e-23,-1.4056566600000092e-07,-1.4056567e-07,-1.4056567e-07,-1.40565666e-07,5
demo_2_labeled,approach,90,94,2.9999970000000005,3.1333302000000005,0.13333320000000004,5,joint_3,constant,-6.0809480254361465e-16,-8.10792259265083e-17,0.5397882500000017,0.53978825,0.53978825,0.53978825,5,constant,5.400005387881192e-13,7.199999983834407e-14,2.738358960000038e-07,2.7383754e-07,2.738376e-07,2.73837552e-07,5
demo_2_labeled,approach,90,94,2.9999970000000005,3.1333302000000005,0.13333320000000004,5,joint_4,constant,9.729516840697834e-15,1.2972676148241328e-15,-3.0717998000000306,-3.0717998,-3.0717998,-3.0717998,5,constant,5.634005633975969e-14,7.511999999960449e-15,3.890609940000009e-10,3.8922623e-10,3.8923048e-10,3.8923377000000005e-10,5
demo_2_labeled,approach,90,94,2.9999970000000005,3.1333302000000005,0.13333320000000004,5,joint_5,constant,-3.0404740127180732e-16,-4.053961296325415e-17,0.10557333000000095,0.10557333,0.10557333,0.10557332999999999,5,constant,-1.2000011982734722e-13,-1.5999999976963657e-14,3.7805043599999954e-07,3.7805006e-07,3.7805006e-07,3.7805006799999996e-07,5
demo_2_labeled,approach,90,94,2.9999970000000005,3.1333302000000005,0.13333320000000004,5,joint_6,constant,-9.729516840697834e-15,-1.2972676148241328e-15,3.633756600000031,3.6337566,3.6337566,3.6337565999999994,5,constant,-2.3404523404517574e-13,-3.120599999999223e-14,1.126363521999998e-10,1.1194115e-10,1.1189743e-10,1.119186142e-10,5
demo_2_labeled,approach,90,94,2.9999970000000005,3.1333302000000005,0.13333320000000004,5,joint_7,constant,-1.2161896050872293e-15,-1.621584518530166e-16,0.9587299000000042,0.9587299,0.9587299,0.9587299,5,constant,1.3422913422915558e-13,1.7897200000002853e-14,-1.5929520400000063e-11,-1.5507678e-11,-1.5484381e-11,-1.55178848e-11,5
demo_2_labeled,approach,90,94,2.9999970000000005,3.1333302000000005,0.13333320000000004,5,finger_1,constant,3.8005925158975916e-17,5.067451620406769e-18,0.039999931999999884,0.039999932,0.039999932,0.039999932,5,constant,-6.000006029062447e-13,-8.000000038741893e-14,9.68321680000009e-07,9.683198e-07,9.683198e-07,9.6831984e-07,5
demo_2_labeled,approach,90,94,2.9999970000000005,3.1333302000000005,0.13333320000000004,5,finger_2,constant,3.8005925158975916e-17,5.067451620406769e-18,0.039999931999999884,0.039999932,0.039999932,0.039999932,5,constant,-3.000003037728199e-13,-4.000000050300216e-14,9.685614000000117e-07,9.685605e-07,9.685605e-07,9.6856048e-07,5
demo_2_labeled,approach,95,99,3.1666635000000003,3.2999967000000003,0.13333320000000004,5,joint_1,ramp_down,-1.1262816762816754,-0.15017073999999994,3.330195134999997,-0.2540948,-0.3932887,-0.31144531000000003,5,ramp_down,-10.509058425205097,-1.4012063888195567,33.220517038480764,-2.7598372e-07,-1.1373124,-0.7587378903934779,5
demo_2_labeled,approach,95,99,3.1666635000000003,3.2999967000000003,0.13333320000000004,5,joint_2,ramp_up,1.6270710670710684,0.21694259200000024,-5.543995856000005,-0.36259687,-0.15760534,-0.283138,5,ramp_up,19.572888437979294,2.6097158486787815,-61.981305966686705,-1.4056563e-07,2.1750014,1.304303363773736,5
demo_2_labeled,approach,95,99,3.1666635000000003,3.2999967000000003,0.13333320000000004,5,joint_3,ramp_up,1.6363181863181848,0.21817553999999986,-4.668485872999995,0.53978825,0.7432046,0.622270972,5,ramp_up,16.183852419314473,2.157844831394941,-51.195487611792295,2.7383757e-07,1.7677897,1.132249549535016,5
demo_2_labeled,approach,95,99,3.1666635000000003,3.2999967000000003,0.13333320000000004,5,joint_4,ramp_up,0.14782874782875258,0.019710480000000637,-3.542908880000015,-3.0717998,-3.0521548,-3.06492974,5,ramp_up,2.774718671215676,0.36996211953293406,-8.848370219317962,3.8922454e-10,0.36463335,0.12321117935568812,5
demo_2_labeled,approach,95,99,3.1666635000000003,3.2999967000000003,0.13333320000000004,5,joint_5,ramp_up,1.4663333063333064,0.19551091200000006,-4.565065432000001,0.10557333,0.2931326,0.17607418400000002,5,ramp_up,18.2899639875139,2.438659426339989,-58.045983477524715,3.7805e-07,2.1451192,1.091507611220006,5
demo_2_labeled,approach,95,99,3.1666635000000003,3.2999967000000003,0.13333320000000004,5,joint_6,ramp_up,1.0686925686925688,0.14249220000000007,0.24126622999999947,3.6337566,3.7525,3.69670208,5,constant,-0.009650193138619267,-0.0012866911317901508,0.45775617325194085,1.119327e-10,-0.0016066938,0.4265539133060298,5
demo_2_labeled,approach,95,99,3.1666635000000003,3.2999967000000003,0.13333320000000004,5,joint_7,ramp_down,-1.1867110967111005,-0.15822798800000057,4.740514683000013,0.9587299,0.8041223,0.903485974,5,ramp_down,-16.7857460856066,-2.2380972399814025,53.34888064954281,-1.5516064e-11,-2.031547,-0.924977420006196,5
demo_2_labeled,approach,95,99,3.1666635000000003,3.2999967000000003,0.13333320000000004,5,finger_1,constant,-6.997206997212911e-05,-9.329600000007889e-06,0.0402222142000002,0.039999932,0.039993096,0.039995971400000004,5,constant,0.0003343903921903893,4.4585341039999634e-05,-0.0010847284830999909,9.683198e-07,-1.0813594e-05,-3.533962879999999e-06,5
demo_2_labeled,approach,95,99,3.1666635000000003,3.2999967000000003,0.13333320000000004,5,finger_2,constant,6.120006119929297e-07,8.159999999897573e-08,0.03999754760000002,0.039999932,0.04,0.0399995264,5,constant,0.0024564475413475437,0.0003275260113200004,-0.007798939356290008,9.685606e-07,0.00034923592,0.00014356641822,5
demo_2_labeled,approach,100,104,3.33333,3.4666632,0.13333320000000004,5,joint_1,ramp_down,-0.0697403497403478,-0.009298703999999745,-0.19528035000000665,-0.42567563,-0.43543607,-0.43239730200000004,5,ramp_up,5.176296535896544,0.6901721812800012,-17.80165878172003,-0.8044552,-0.0046079974,-0.20226815908,5
demo_2_labeled,approach,100,104,3.33333,3.4666632,0.13333320000000004,5,joint_2,ramp_up,0.0834897894897899,0.011131960800000057,-0.3577766548000014,-0.085000746,-0.07110956,-0.0739116544,5,ramp_down,-12.99194465201467,-1.7322575546760028,44.60456799981406,2.1750011,0.00019215413,0.432000355576,5
demo_2_labeled,approach,100,104,3.33333,3.4666632,0.13333320000000004,5,joint_3,constant,-0.010375060375062344,-0.001383340000000263,0.8322461900000065,0.79788435,0.7964943,0.79697102,5,ramp_down,-8.35320684432686,-1.1137597988160024,28.673872451664053,1.4106327,-0.00046436582,0.272997581856,5
demo_2_labeled,approach,100,104,3.33333,3.4666632,0.13333320000000004,5,joint_4,constant,-0.0006231006230886637,-8.307999999840543e-05,-3.03539632000004,-3.0375128,-3.0375493,-3.0375148600000004,5,ramp_down,-2.951278756666762,-0.3935034407184008,10.130893038635419,0.5016706,1.1587523e-05,0.0965553003162,5
demo_2_labeled,approach,100,104,3.33333,3.4666632,0.13333320000000004,5,joint_5,constant,0.0031677331677327602,0.0004223639999999458,0.3669621560000014,0.37749445,0.37788892,0.37773243799999995,5,ramp_down,-14.39504549240551,-1.919337479648003,49.42288297115206,2.4107716,0.00054737454,0.47977724012799994,5
demo_2_labeled,approach,100,104,3.33333,3.4666632,0.13333320000000004,5,joint_6,constant,-0.009434409434419328,-0.0012579200000013195,3.7833285600000344,3.7524998,3.7509348,3.7512516,5,constant,0.06709111435111413,0.008945472967999973,-0.23254377770399928,-0.0009961043,-3.719211e-05,-0.004434217020000001,5
demo_2_labeled,approach,100,104,3.33333,3.4666632,0.13333320000000004,5,joint_7,constant,-0.0007128007128022625,-9.504000000020666e-05,0.7215594340000053,0.7192103,0.71910673,0.719135914,5,ramp_up,14.96225189711192,1.9949649246480035,-51.37120910892808,-2.491378,-9.358276e-05,-0.499603530404,5
demo_2_labeled,approach,100,104,3.33333,3.4666632,0.13333320000000004,5,finger_1,constant,9.83880983879497e-05,1.3118399999980179e-05,0.03966073000000051,0.039990958,0.04,0.039995249200000006,5,constant,-0.0018317655101655014,-0.0002442351571199989,0.006397971792039971,-0.00012454946,7.55658e-08,0.00016997528548,5
demo_2_labeled,approach,100,104,3.33333,3.4666632,0.13333320000000004,5,finger_2,constant,-3.0372030372197545e-05,-4.049600000022291e-06,0.04009902560000056,0.04,0.03999627,0.039995760799999995,5,constant,-0.001679491439491447,-0.00022393196800000106,0.005777973563300025,0.00053078815,5.802386e-05,6.77083793e-05,5
demo_2_labeled,approach,105,109,3.4999965000000004,3.6333297,0.1333331999999996,5,joint_1,ramp_up,0.27802683802683653,0.03707020799999969,-1.4133870719999946,-0.43552238,-0.4080435,-0.4217590080000001,5,ramp_up,1.2048844698844847,0.1606511020000015,-4.100984346500053,-0.001442195,-0.15561305,0.196432632,5
demo_2_labeled,approach,105,109,3.4999965000000004,3.6333297,0.1333331999999996,5,joint_2,ramp_up,1.8004349326349371,0.24005775095999987,-6.3629303548600165,-0.07110602,0.15656531,0.05861448332,5,constant,-0.028998294978267607,-0.003866435463996339,1.405171355527902,6.668933e-05,-0.005158455,1.301744206866,5
demo_2_labeled,approach,105,109,3.4999965000000004,3.6333297,0.1333331999999996,5,joint_3,constant,-0.026152706152706064,-0.0034870239999999775,0.9045230599999994,0.7964784,0.80240124,0.8112451679999999,5,ramp_down,-4.357159709779731,-0.5809540470160011,15.474813575432078,-0.00014310623,-0.050244495,-0.065707182246,5
demo_2_labeled,approach,105,109,3.4999965000000004,3.6333297,0.1333331999999996,5,joint_4,ramp_up,0.5416184416184343,0.0722157199999988,-4.930177829999972,-3.0375493,-2.970448,-2.9984073199999997,5,constant,-0.013279638376029426,-0.0017706166795188013,0.44077127954700795,4.8188494e-06,-0.026119702,0.39340728336988,5
demo_2_labeled,approach,105,109,3.4999965000000004,3.6333297,0.1333331999999996,5,joint_5,ramp_up,1.5438858438858483,0.20585123999999996,-5.001087142000016,0.3778951,0.5775121,0.505433528,5,ramp_down,-3.970040228780222,-0.5293381678319975,15.198378789783975,0.00017773059,0.0020667708,1.038582800278,5
demo_2_labeled,approach,105,109,3.4999965000000004,3.6333297,0.1333331999999996,5,joint_6,constant,-0.00043980043979752073,-5.8639999999610617e-05,3.753428119999988,3.7509348,3.7508616,3.7518594999999997,5,ramp_down,-0.15035703775182788,-0.020047584985971957,0.5312586480716576,-6.371306e-06,-0.025066761,-0.005014250303094,5
demo_2_labeled,approach,105,109,3.4999965000000004,3.6333297,0.1333331999999996,5,joint_7,ramp_down,-1.9214317214317254,-0.25619063999999975,7.423377176000014,0.7191058,0.47651207,0.570277556,5,ramp_up,2.3502005803805615,0.3133597640239965,-9.747347915047932,-3.619603e-05,-0.018473841,-1.3649742274060002,5
demo_2_labeled,approach,105,109,3.4999965000000004,3.6333297,0.1333331999999996,5,finger_1,constant,-0.0002034782034781979,-2.7130399999999174e-05,0.040710348799999976,0.04,0.03997036,0.039984610600000005,5,constant,0.009411346773425982,0.0012548449816105573,-0.03360104746548515,3.1229868e-09,0.0013316299,-3.394420740263997e-05,5
demo_2_labeled,approach,105,109,3.4999965000000004,3.6333297,0.1333331999999996,5,finger_2,constant,-1.3566013566065003e-05,-1.8088000000068527e-06,0.04004708800000018,0.039997887,0.039995626,0.039998702600000005,5,constant,-0.0030580979680979643,-0.00040774598799999827,0.011432449846999988,3.712018e-05,-0.00037597367,0.000525244668,5
demo_2_labeled,approach,110,114,3.666663,3.7999962,0.13333320000000004,5,joint_1,constant,-0.008985338985337389,-0.0011980439999997874,-0.37843675200000587,-0.41103786,-0.41235143,-0.41198198399999997,5,ramp_up,0.31992121512121613,0.04265611936000015,-1.207958462360004,-0.047141135,-0.0004196072,-0.01358712028,5
demo_2_labeled,approach,110,114,3.666663,3.7999962,0.13333320000000004,5,joint_2,constant,0.0010107310107301739,0.00013476399999988846,0.15314551000000312,0.15681191,0.15696025,0.156918902,5,constant,-0.0435755233595235,-0.0058100639712000204,0.1644866859848005,0.00652499,4.7319816e-05,0.0018048947911999999,5
demo_2_labeled,approach,110,114,3.666663,3.7999962,0.13333320000000004,5,joint_3,constant,-0.0028596028596060423,-0.0003812800000004245,0.8118048540000119,0.80142945,0.80101144,0.801129014,5,ramp_up,0.08946293448293474,0.011928379336000038,-0.337782907308001,-0.013207917,-0.00011425726,-0.0037882858999999996,5
demo_2_labeled,approach,110,114,3.666663,3.7999962,0.13333320000000004,5,joint_4,constant,3.150003151004283e-05,4.200000001334844e-06,-2.970741200000037,-2.9706275,-2.9706225,-2.9706236000000006,5,constant,-0.008200707520707557,-0.001093426576000005,0.03093571481850014,0.0012725863,5.9827175e-06,0.0003197706905,5
demo_2_labeled,approach,110,114,3.666663,3.7999962,0.13333320000000004,5,joint_5,constant,0.0007641307641284768,0.00010188399999969504,0.5750058380000084,0.57777834,0.5778899,0.57785859,5,constant,-0.05318806316806337,-0.007091734664000029,0.20079303886600078,0.007916286,6.222657e-05,0.002224468274,5
demo_2_labeled,approach,110,114,3.666663,3.7999962,0.13333320000000004,5,joint_6,constant,-9.729516840697782e-15,-1.297267614824126e-15,3.750862000000037,3.750862,3.750862,3.750862,5,constant,0.000580842706842712,7.744561680000071e-05,-0.0021831847474000194,-0.000105924824,-3.06394e-06,-1.4707476999999998e-05,5
demo_2_labeled,approach,110,114,3.666663,3.7999962,0.13333320000000004,5,joint_7,constant,-0.00014514014514305828,-1.9352000000388423e-05,0.4769847760000108,0.4764581,0.4764369,0.47644292000000005,5,constant,0.019164848280848346,0.0025553105488000096,-0.07234832138320024,-0.00285678,-2.0963504e-05,-0.0007996260168000001,5
demo_2_labeled,approach,110,114,3.666663,3.7999962,0.13333320000000004,5,finger_1,constant,3.6222036221972206e-05,4.829599999991466e-06,0.03986352180000023,0.039994173,0.04,0.03999875060000001,5,constant,-0.002421951958461668,-0.00032292660486796135,0.009130629151694495,0.00036400586,-1.2077318e-09,8.868421539158001e-05,5
demo_2_labeled,approach,110,114,3.666663,3.7999962,0.13333320000000004,5,finger_2,constant,6.439506439499962e-05,8.585999999991366e-06,0.03975454940000024,0.03999028,0.039998647,0.039994957399999996,5,constant,1.3020745020748467e-05,1.7360976000004601e-06,-3.3221240000128602e-06,3.279246e-06,2.5311678e-05,4.52886088e-05,5
demo_2_labeled,approach,115,119,3.833329500000001,3.966662700000001,0.13333320000000004,5,joint_1,ramp_down,-0.4314115614115597,-0.05752148399999978,1.2277665989999935,-0.41235963,-0.4732343,-0.454736808,5,ramp_up,3.8731178111378908,0.5164151917360108,-15.459988562412311,-0.00012972267,-0.024359168,-0.35484420413400003,5
demo_2_labeled,approach,115,119,3.833329500000001,3.966662700000001,0.13333320000000004,5,joint_2,ramp_down,-0.0854615054615055,-0.011394856000000007,0.4785475120000001,0.15696105,0.14262074,0.145247974,5,ramp_up,1.3854895946516226,0.18473176122160379,-5.482597977957309,1.0154173e-05,0.0026132267,-0.0791939622254,5
demo_2_labeled,approach,115,119,3.833329500000001,3.966662700000001,0.13333320000000004,5,joint_3,ramp_down,-0.08001566001566272,-0.010668744000000365,1.10650690000001,0.80100876,0.79061383,0.7944461379999999,5,ramp_up,0.6312877843237976,0.08417162040480179,-2.529224573241652,-3.3553006e-05,-0.006204131,-0.06720467640120001,5
demo_2_labeled,approach,115,119,3.833329500000001,3.966662700000001,0.13333320000000004,5,joint_4,ramp_down,-0.1347319347319271,-0.017964239999998986,-2.4612990800000283,-2.9706225,-2.9915287,-2.9867531000000005,5,ramp_up,1.81975638687506,0.2426339422824898,-7.214791908999447,2.7156894e-08,0.00045229736,-0.11774909723662122,5
demo_2_labeled,approach,115,119,3.833329500000001,3.966662700000001,0.13333320000000004,5,joint_5,ramp_down,-0.509080169080168,-0.06787728799999987,2.4945189739999956,0.57789,0.49242064,0.5091083000000001,5,ramp_up,7.878719652455816,1.050494903164822,-31.235087624982242,1.9247744e-05,0.0036314232,-0.5081117074112,5
demo_2_labeled,approach,115,119,3.833329500000001,3.966662700000001,0.13333320000000004,5,joint_6,constant,-0.025282225282235473,-0.0033709600000013597,3.84603808000004,3.750862,3.7466059,3.7474374999999993,5,ramp_up,0.31820668877669495,0.042427516076000836,-1.2626611767561242,-2.9064825e-06,1.2997308e-05,-0.021656331533100003,5
demo_2_labeled,approach,115,119,3.833329500000001,3.966662700000001,0.13333320000000004,5,joint_7,ramp_up,0.1619364719364691,0.021591507999999628,-0.1332717529999894,0.4764369,0.50361377,0.498279856,5,ramp_down,-2.303452529589375,-0.30712669681824617,9.131755742138258,-2.9365772e-06,-0.0011455168,0.14829986020456004,5
demo_2_labeled,approach,115,119,3.833329500000001,3.966662700000001,0.13333320000000004,5,finger_1,constant,0.00011292011291986361,1.5055999999966764e-05,0.03955208400000096,0.04,0.04,0.03999247200000001,5,constant,-0.00047520437708777465,-6.33605202511197e-05,0.0019873062367280307,-6.238861e-10,3.5109908e-06,0.00013401101938278,5
demo_2_labeled,approach,115,119,3.833329500000001,3.966662700000001,0.13333320000000004,5,finger_2,constant,-0.00014016614016630722,-1.868880000002228e-05,0.04053578780000064,0.039999284,0.039986018,0.0399891404,5,constant,0.00018012991212987606,2.40172975999952e-05,-0.0006287050531998595,1.3821638e-05,0.00018246751,7.380090160000001e-05,5
demo_2_labeled,approach,120,124,3.999996,4.1333292,0.13333320000000048,5,joint_1,constant,-0.0014132414132368887,-0.00018843199999939742,-0.46810580400001844,-0.47370452,-0.47391108,-0.47385298000000003,5,constant,0.05076689043689039,0.006768911956000018,-0.2086047825739998,-0.0074811247,-6.488258e-05,-0.0021529679160000002,5
demo_2_labeled,approach,120,124,3.999996,4.1333292,0.13333320000000048,5,joint_2,constant,0.00013935013934907373,1.8579999999857985e-05,0.14211450000000428,0.1426667,0.14268704,0.14268119,5,constant,-0.005378474972474967,-0.0007171292792000019,0.02210578542979998,0.0008047701,1.2155781e-05,0.00023334241419999997,5
demo_2_labeled,approach,120,124,3.999996,4.1333292,0.13333320000000048,5,joint_3,constant,-0.0004263004263053749,-5.684000000066002e-05,0.7921604620000201,0.7904716,0.79040927,0.790426842,5,constant,0.012931019923019905,0.001724134265600004,-0.053136400592599935,-0.0019097985,-1.8461777e-05,-0.0005503054918,5
demo_2_labeled,approach,120,124,3.999996,4.1333292,0.13333320000000048,5,joint_4,constant,1.2000012214632028e-06,1.6000000286159809e-07,-2.991529920000088,-2.9915252,-2.991525,-2.99152504,5,constant,-0.0009495002190002177,-0.0001265999026000003,0.0039028854748199954,0.000140723,1.8907709e-06,4.158844552e-05,5
demo_2_labeled,approach,120,124,3.999996,4.1333292,0.13333320000000048,5,joint_5,constant,0.00011730011729706052,1.563999999959249e-05,0.49199482600001226,0.49245957,0.4924766,0.49247184600000005,5,constant,-0.0075334374454374365,-0.0010044573216000025,0.030958736982399964,0.0011172529,1.1620523e-05,0.0003227886736,5
demo_2_labeled,approach,120,124,3.999996,4.1333292,0.13333320000000048,5,joint_6,constant,-1.459427526104666e-14,-1.9459014222361935e-15,3.7466059000000587,3.7466059,3.7466059,3.7466059,5,constant,1.834686964686936e-05,2.4462468399999704e-06,-7.190209817999883e-05,7.821915e-06,3.5253136e-06,2.70843044e-06,5
demo_2_labeled,approach,120,124,3.999996,4.1333292,0.13333320000000048,5,joint_7,constant,-2.013002013430977e-05,-2.684000000571961e-06,0.5036871600000173,0.5036074,0.50360453,0.503605298,5,constant,0.002386500540300537,0.00031819975384000075,-0.009809150611859989,-0.00035843908,-5.3027547e-06,-0.00010405811973999998,5
demo_2_labeled,approach,120,124,3.999996,4.1333292,0.13333320000000048,5,finger_1,constant,-3.0404740127180535e-16,-4.053961296325402e-17,0.04000000000000122,0.04,0.04,0.04,5,constant,-1.8706776128376114e-06,-2.494234322880007e-07,7.671163794571995e-06,3.0139856e-07,-3.2587136e-10,6.374910978799999e-08,5
demo_2_labeled,approach,120,124,3.999996,4.1333292,0.13333320000000048,5,finger_2,constant,5.5785055784697034e-05,7.437999999952193e-06,0.03976963840000145,0.039991666,0.039999302,0.0399964974,5,constant,-0.0009107818187818167,-0.00012143745440000017,0.003765228594199992,0.00013643374,1.3680049e-05,6.1386235e-05,5
demo_2_labeled,approach,125,129,4.1666625,4.2999957,0.13333320000000004,5,joint_1,constant,-1.9200019208959165e-06,-2.5600000011919947e-07,-0.47390452799999616,-0.4739124,-0.47391272,-0.473912656,5,constant,0.0001342067846567852,1.7894220060000077e-05,-0.0005739268214350024,-2.1003441e-05,-3.851413e-07,-5.785334529999999e-06,5
demo_2_labeled,approach,125,129,4.1666625,4.2999957,0.13333320000000004,5,joint_2,constant,-1.520237006359032e-16,-2.0269806481627014e-17,0.14268713000000063,0.14268713,0.14268713,0.14268713,5,constant,-1.8970668610668512e-05,-2.5294199519999875e-06,8.222865970799959e-05,1.8169336e-06,7.9510556e-07,1.919576232e-06,5
demo_2_labeled,approach,125,129,4.1666625,4.2999957,0.13333320000000004,5,joint_3,constant,3.6485688152616765e-15,4.864753555590483e-16,0.7904092699999845,0.79040927,0.79040927,0.79040927,5,constant,4.2632754422754534e-05,5.684361572000016e-06,-0.00018242428287700048,-5.8715254e-06,-7.715644e-08,-1.945802966e-06,5
demo_2_labeled,approach,125,129,4.1666625,4.2999957,0.13333320000000004,5,joint_4,constant,-4.864758420348902e-15,-6.486338074120644e-16,-2.9915249999999793,-2.991525,-2.991525,-2.991525,5,constant,-2.4610296490296056e-06,-3.281369583999943e-07,1.0611517037699817e-05,-2.1443783e-07,-1.6185585e-09,1.9316860850000004e-07,5
demo_2_labeled,approach,125,129,4.1666625,4.2999957,0.13333320000000004,5,joint_5,constant,1.8242844076308382e-15,2.4323767777952414e-16,0.4924765999999921,0.4924766,0.4924766,0.4924766,5,constant,-3.2796295026295e-05,-4.372834963999998e-06,0.0001401479340469999,2.961891e-06,-2.6338878e-07,1.3104239399999998e-06,5
demo_2_labeled,approach,125,129,4.1666625,4.2999957,0.13333320000000004,5,joint_6,constant,9.729516840697804e-15,1.2972676148241289e-15,3.7466058999999583,3.7466059,3.7466059,3.7466059,5,constant,-3.6996221556220056e-06,-4.932824607999802e-07,1.7217365095599367e-05,3.6332626e-08,1.0968369e-06,1.5556469652000001e-06,5
demo_2_labeled,approach,125,129,4.1666625,4.2999957,0.13333320000000004,5,joint_7,constant,6.080948025436128e-16,8.107922592650806e-17,0.5036045299999973,0.50360453,0.50360453,0.50360453,5,constant,1.744286800286799e-05,2.325713407999999e-06,-7.384666015199996e-05,-8.444719e-07,8.2437396e-07,-5.259448000000023e-09,5
demo_2_labeled,approach,125,129,4.1666625,4.2999957,0.13333320000000004,5,finger_1,constant,7.60118503179516e-17,1.0134903240813507e-17,0.039999999999999675,0.04,0.04,0.04,5,constant,6.409982479982492e-10,8.546634760000018e-11,-2.743455523160005e-09,-8.2164865e-11,-1.3138867e-12,-2.9898986859999996e-11,5
demo_2_labeled,approach,125,129,4.1666625,4.2999957,0.13333320000000004,5,finger_2,constant,2.106002106133276e-06,2.808000000174894e-07,0.03999092739999944,0.039999634,0.039999925,0.0399998428,5,constant,-4.441655761655774e-05,-5.922201760000019e-06,0.00019101203946000057,7.197909e-06,1.0752943e-06,2.9821335799999996e-06,5
demo_2_labeled,approach,130,134,4.333329,4.4666622,0.13333320000000004,5,joint_1,ramp_up,0.12094560094560035,0.016126063999999926,-1.0020413159999975,-0.47391272,-0.45375514,-0.469881204,5,ramp_up,2.8058865166063027,0.3741178280959716,-12.252359054124367,-2.2285562e-07,0.46764705,0.09352927304269401,5
demo_2_labeled,approach,130,134,4.333329,4.4666622,0.13333320000000004,5,joint_2,ramp_up,0.1366312366312365,0.018217479999999987,-0.45393533999999947,0.14268713,0.16545898,0.1472415,5,ramp_up,4.458629770703284,0.5944833749431352,-19.469329752722544,7.802055e-07,0.743105,0.148621620400912,5
demo_2_labeled,approach,130,134,4.333329,4.4666622,0.13333320000000004,5,joint_3,ramp_down,-0.11267117267117302,-0.01502280800000005,1.2824062320000016,0.79040927,0.77163076,0.786653568,5,ramp_down,-3.3617785866656464,-0.4482366966516081,14.679751802500624,-2.5265475e-08,-0.5602959,-0.11205918700244162,5
demo_2_labeled,approach,130,134,4.333329,4.4666622,0.13333320000000004,5,joint_4,ramp_up,0.22972642972643076,0.030630160000000146,-3.994662740000005,-2.991525,-2.9532373,-2.98386746,5,ramp_up,8.266386470315508,1.102183760523872,-36.09651815753117,-5.887723e-10,1.3777297,0.2755459397565971,5
demo_2_labeled,approach,130,134,4.333329,4.4666622,0.13333320000000004,5,joint_5,ramp_up,0.16958860958860988,0.022611792000000047,-0.24805958800000144,0.4924766,0.52074134,0.498129548,5,ramp_up,4.769753200831444,0.6359664574770992,-20.8279017571027,-2.725374e-07,0.7949578,0.15899133964157003,5
demo_2_labeled,approach,130,134,4.333329,4.4666622,0.13333320000000004,5,joint_6,ramp_down,-0.10457470457469496,-0.013943279999998722,4.2032483199999575,3.7466059,3.7291768,3.7431200799999997,5,ramp_down,-2.9640373827895776,-0.39520458916695944,12.942951391542579,1.0964264e-06,-0.49400464,-0.09880005096708,5
demo_2_labeled,approach,130,134,4.333329,4.4666622,0.13333320000000004,5,joint_7,ramp_down,-0.28553950553950597,-0.03807189600000007,1.7504591240000018,0.50360453,0.45601466,0.49408655600000007,5,ramp_down,-7.917145464663432,-1.0556183396690626,34.571501448820705,8.246038e-07,-1.3195221,-0.263903760258352,5
demo_2_labeled,approach,130,134,4.333329,4.4666622,0.13333320000000004,5,finger_1,constant,-4.502404502401477e-05,-6.003199999995968e-06,0.04019660479999986,0.04,0.039992496,0.0399984992,5,constant,-0.002237719633300703,-0.0002983623194108094,0.009771365960318032,-5.5377946e-13,-0.0003729529,-7.459058023867582e-05,5
demo_2_labeled,approach,130,134,4.333329,4.4666622,0.13333320000000004,5,finger_2,constant,4.500004500294523e-07,6.000000000386699e-08,0.03999795999999986,0.039999925,0.04,0.03999994,5,constant,0.004218752523752517,0.0005624997739999993,-0.01842079183759997,1.0756708e-06,0.00070420036,0.0001417007044,5
demo_2_labeled,approach,135,139,4.499995500000001,4.633328700000001,0.13333320000000004,5,joint_1,constant,-0.014917364917362116,-0.001988979999999627,-0.3923257930000129,-0.4588829,-0.46106356,-0.460448358,5,ramp_up,0.6210275133275129,0.08280358563999997,-2.8615746332899987,-0.093615815,-0.0007371023,-0.02555182512,5
demo_2_labeled,approach,135,139,4.499995500000001,4.633328700000001,0.13333320000000004,5,joint_2,constant,8.45400845391435e-05,1.127199999987453e-05,0.16789481400000428,0.16831663,0.16829671,0.16828088,5,ramp_up,0.16617600006599983,0.022156777851999977,-0.763784674041999,-0.0291135,9.0019385e-05,-0.004915032611,5
demo_2_labeled,approach,135,139,4.499995500000001,4.633328700000001,0.13333320000000004,5,joint_3,constant,-0.004841494841497716,-0.0006455320000003835,0.7923573930000131,0.7707541,0.77004766,0.770247922,5,ramp_up,0.10398750450750448,0.013864986736,-0.4797474213239999,-0.0144866,-0.00021565068,-0.004871625616,5
demo_2_labeled,approach,135,139,4.499995500000001,4.633328700000001,0.13333320000000004,5,joint_4,constant,-0.00024510024508976824,-3.26799999986031e-05,-2.9430073700000476,-2.944089,-2.944134,-2.94412666,5,ramp_up,0.11168718034218017,0.014891609153999981,-0.5136005691622993,-0.019133342,1.4923364e-05,-0.0035629556378000008,5
demo_2_labeled,approach,135,139,4.499995500000001,4.633328700000001,0.13333320000000004,5,joint_5,constant,0.001278721278718322,0.00017049599999960583,0.5148350520000136,0.52053994,0.52072716,0.52067454,5,constant,0.06264002441402429,0.008351994903199987,-0.28735193071379944,-0.012202675,0.000115317554,-0.0012961052792000002,5
demo_2_labeled,approach,135,139,4.499995500000001,4.633328700000001,0.13333320000000004,5,joint_6,constant,0.00021450021448244448,2.8599999997630677e-05,3.7283662700000817,3.7293174,3.729353,3.7293458200000003,5,ramp_down,-0.08315794655494643,-0.011087715119599988,0.3825737517897995,0.013664698,4.2625015e-06,0.0028195089434999996,5
demo_2_labeled,approach,135,139,4.499995500000001,4.633328700000001,0.13333320000000004,5,joint_7,constant,-0.00022014022014366118,-2.9352000000458814e-05,0.4571456340000156,0.4561634,0.45613134,0.45614032800000004,5,constant,-0.05265313902313893,-0.00702041151599999,0.2419646684969996,0.009231108,-3.865916e-05,0.0015155740739999997,5
demo_2_labeled,approach,135,139,4.499995500000001,4.633328700000001,0.13333320000000004,5,finger_1,constant,8.075708075676976e-05,1.0767599999958538e-05,0.039628376500001415,0.039987247,0.04,0.039997166800000004,5,constant,-0.004030702536112173,-0.0005374264673879517,0.018556456662129753,0.00059592014,-5.5840194e-10,0.000149600154092412,5
demo_2_labeled,approach,135,139,4.499995500000001,4.633328700000001,0.13333320000000004,5,finger_2,constant,1.23780123778261e-05,1.6503999999751634e-06,0.03994050080000087,0.039998073,0.03999866,0.039997027000000004,5,constant,0.0012191524175524154,0.00016255349311999976,-0.005577802372519991,-0.00016248954,2.3669589e-05,-1.0345233160000001e-05,5
demo_2_labeled,approach,140,144,4.6666620000000005,4.799995200000001,0.13333320000000004,5,joint_1,constant,-4.4160044159322884e-05,-5.8879999999038315e-06,-0.46087377800000356,-0.4610781,-0.46108454,-0.46108280199999996,5,constant,0.0016089666123666072,0.00021452866711999937,-0.007684367524599976,-0.0002386124,-3.000687e-06,-6.859984184e-05,5
demo_2_labeled,approach,140,144,4.6666620000000005,4.799995200000001,0.13333320000000004,5,joint_2,constant,3.69000368941299e-06,4.919999999212402e-07,0.16828114200000285,0.16829817,0.16829874,0.16829860800000002,5,constant,-0.0001422741345741342,-1.896986563999996e-05,0.0006800840702599984,1.7703067e-05,-5.717257e-07,6.65384004e-06,5
demo_2_labeled,approach,140,144,4.6666620000000005,4.799995200000001,0.13333320000000004,5,joint_3,constant,-9.600009600831041e-06,-1.2800000001095258e-06,0.770087060000004,0.7700429,0.7700413,0.77004162,5,constant,0.0004482101214101203,5.976128975999987e-05,-0.0021415736033199946,-6.458324e-05,-6.115374e-07,-2.004781684e-05,5
demo_2_labeled,approach,140,144,4.6666620000000005,4.799995200000001,0.13333320000000004,5,joint_4,constant,9.729516840697831e-15,1.2972676148241324e-15,-2.9441340000000467,-2.944134,-2.944134,-2.944134,5,constant,-1.4309760389760329e-05,-1.9079661439999926e-06,6.865479458199972e-05,1.8214764e-06,-1.201566e-08,9.219964700000001e-07,5
demo_2_labeled,approach,140,144,4.6666620000000005,4.799995200000001,0.13333320000000004,5,joint_5,constant,-1.216189605087229e-15,-1.6215845185301656e-16,0.5207286000000059,0.5207286,0.5207286,0.5207286,5,constant,-0.00019512392430392372,-2.601649722399993e-05,0.0009330050710259972,2.7051965e-05,-6.7648693e-07,9.419419573999998e-06,5
demo_2_labeled,approach,140,144,4.6666620000000005,4.799995200000001,0.13333320000000004,5,joint_6,constant,9.729516840697831e-15,1.2972676148241324e-15,3.729352999999955,3.729353,3.729353,3.7293530000000006,5,constant,3.678121218121187e-05,4.90415671999996e-06,-0.00017536795789999853,-1.01413625e-05,-1.089526e-06,-1.27039434e-06,5
demo_2_labeled,approach,140,144,4.6666620000000005,4.799995200000001,0.13333320000000004,5,joint_7,constant,-6.080948025436145e-16,-8.107922592650828e-17,0.45613134000000277,0.45613134,0.45613134,0.45613133999999994,5,constant,4.6117755064154964e-05,6.149027859519989e-06,-0.00022160478756807955,-5.578846e-06,-1.6938756e-09,-3.3142985551199997e-06,5
demo_2_labeled,approach,140,144,4.6666620000000005,4.799995200000001,0.13333320000000004,5,finger_1,constant,-7.601185031795181e-17,-1.0134903240813535e-17,0.04000000000000036,0.04,0.04,0.04,5,constant,7.238059628059604e-09,9.650736519999972e-10,-3.458201047899989e-08,-1.0365787e-09,-1.2195485e-11,-3.2189583300000006e-10,5
demo_2_labeled,approach,140,144,4.6666620000000005,4.799995200000001,0.13333320000000004,5,finger_2,constant,4.722004721886947e-06,6.295999999842969e-07,0.03997734780000056,0.039999273,0.03999991,0.0399996986,5,constant,-8.962922092922071e-05,-1.1950550839999974e-05,0.00042988669425999903,1.3574791e-05,1.2847789e-06,5.64213944e-06,5
demo_2_labeled,approach,145,149,4.8333285,4.9666617,0.13333320000000004,5,joint_1,ramp_up,0.38409527409527494,0.05121265200000013,-2.3033463570000046,-0.46108454,-0.40795553,-0.42128139600000003,5,ramp_down,-2.768200040707635,-0.36909296966767935,13.835509391304134,-1.2999154e-06,-0.018715534,0.27134275601692004,5
demo_2_labeled,approach,145,149,4.8333285,4.9666617,0.13333320000000004,5,joint_2,ramp_up,1.2028648228648215,0.16038181599999987,-5.622909561999994,0.16829874,0.32391974,0.271122176,5,ramp_down,-6.419859459654438,-0.8559804053059974,32.32936083252189,-7.503675e-07,0.004832448,0.8720809375264998,5
demo_2_labeled,approach,145,149,4.8333285,4.9666617,0.13333320000000004,5,joint_3,ramp_down,-0.4930036630036636,-0.0657337560000001,3.142580933000003,0.7700413,0.70563614,0.7268654000000001,5,ramp_up,2.2711416214581073,0.3028185800421982,-11.490095970361331,-2.705275e-08,-0.010394462,-0.36151315381055,5
demo_2_labeled,approach,145,149,4.8333285,4.9666617,0.13333320000000004,5,joint_4,ramp_up,0.3153672153672185,0.042048920000000434,-4.459696030000016,-2.944134,-2.9020648,-2.91439822,5,ramp_down,-1.900512104548559,-0.253401360538194,9.549420969933175,-3.0272564e-09,0.0009453888,0.23692097015454866,5
demo_2_labeled,approach,145,149,4.8333285,4.9666617,0.13333320000000004,5,joint_5,ramp_up,0.169841329841329,0.022645487999999894,-0.2922380119999961,0.5207286,0.54638886,0.539983672,5,ramp_down,-1.1588263658571532,-0.154510027604105,5.771188555751885,-7.7549487e-07,0.004687212,0.09294504130102602,5
demo_2_labeled,approach,145,149,4.8333285,4.9666617,0.13333320000000004,5,joint_6,ramp_up,0.12057672057671807,0.016076879999999672,3.156234720000012,3.729353,3.7504501,3.74706006,5,ramp_down,-0.11810161690021702,-0.01574686650648002,0.5710824259796606,-1.0952994e-06,-0.0012768381,-0.007614918133479999,5
demo_2_labeled,approach,145,149,4.8333285,4.9666617,0.13333320000000004,5,joint_7,ramp_down,-0.5784324384324391,-0.0771242480000001,3.2335271800000034,0.45613134,0.37648514,0.399211066,5,ramp_up,3.3360894077706456,0.44481147622416517,-16.74905272639411,7.197931e-10,-0.0016282615,-0.4022309751560414,5
demo_2_labeled,approach,145,149,4.8333285,4.9666617,0.13333320000000004,5,finger_1,constant,-6.785406785424472e-05,-9.047200000023583e-06,0.04032385600000086,0.04,0.039995383,0.039991371399999996,5,constant,0.006092462963589962,0.0008123275828169333,-0.02971905614322653,-3.5211645e-12,0.0002458481,0.0001339825252957671,5
demo_2_labeled,approach,145,149,4.8333285,4.9666617,0.13333320000000004,5,finger_2,constant,-4.660204660219816e-05,-6.2136000000202095e-06,0.04022588200000075,0.03999991,0.039992835,0.039997532200000005,5,constant,-0.0064042387924388095,-0.0008538976517600026,0.03182563420312009,1.2888797e-06,1.5421465e-05,0.0004448955009400001,5
demo_2_labeled,approach,150,154,4.999995,5.1333282,0.13333320000000004,5,joint_1,constant,-0.0006591006591004445,-8.787999999997141e-05,-0.4050316040000008,-0.4082973,-0.40839654,-0.408371044,5,constant,0.0287525998806,0.003833676150400017,-0.14679958290920062,-0.0043461686,-1.4325194e-05,-0.001119889194,5
demo_2_labeled,approach,150,154,4.999995,5.1333282,0.13333320000000004,5,joint_2,constant,0.00010425010425080551,1.3900000000093506e-05,0.3234715599999963,0.32398793,0.32400367,0.32399975999999997,5,constant,-0.005131666136866158,-0.0006842214673600031,0.02619602593994011,0.0007682753,-4.0727937e-06,0.00019561018026,5
demo_2_labeled,approach,150,154,4.999995,5.1333282,0.13333320000000004,5,joint_3,constant,-0.00033930033930115174,-4.524000000010834e-05,0.707136692000004,0.70545584,0.70540476,0.705417572,5,constant,0.014690317880317943,0.001958707092000009,-0.07500056342000033,-0.0022173007,-4.00616e-06,-0.000569693924,5
demo_2_labeled,approach,150,154,4.999995,5.1333282,0.13333320000000004,5,joint_4,constant,1.2000011922746562e-06,1.5999999896979523e-07,-2.9020671199999604,-2.9020612,-2.902061,-2.90206104,5,constant,-0.001050943898443902,-0.00014012571300000054,0.005365964311600019,0.00015197376,-2.3520745e-06,4.1187217599999994e-05,5
demo_2_labeled,approach,150,154,4.999995,5.1333282,0.13333320000000004,5,joint_5,constant,7.12200712210989e-05,9.496000000137026e-06,0.5460763839999947,0.5464289,0.5464398,0.5464372319999999,5,constant,-0.006140965568665594,-0.0008187945903600036,0.03135262945584013,0.0009260902,1.1456893e-06,0.00023843502216,5
demo_2_labeled,approach,150,154,4.999995,5.1333282,0.13333320000000004,5,joint_6,constant,4.864758420348902e-15,6.486338074120644e-16,3.750449999999974,3.75045,3.75045,3.75045,5,constant,0.00032658267078267285,4.354431256000029e-05,-0.0016695730065800108,-5.936609e-05,-5.469755e-06,-1.48891293e-05,5
demo_2_labeled,approach,150,154,4.999995,5.1333282,0.13333320000000004,5,joint_7,constant,-5.700005700702447e-06,-7.600000000928997e-07,0.37650825000000343,0.37648013,0.37647918,0.37647937000000004,5,constant,0.00172668966252967,0.00023022505811200108,-0.008813163945480039,-0.00025902575,1.6373684e-06,-6.4611737224e-05,5
demo_2_labeled,approach,150,154,4.999995,5.1333282,0.13333320000000004,5,finger_1,constant,6.294006294023772e-06,8.392000000023307e-07,0.03996786299999989,0.039999016,0.03999998,0.039999752599999994,5,constant,-0.00035161947169947316,-4.688254934400021e-05,0.0017951204154560076,5.349076e-05,3.1784822e-07,1.3583540383999999e-05,5
demo_2_labeled,approach,150,154,4.999995,5.1333282,0.13333320000000004,5,finger_2,constant,3.3006033005976663e-05,4.400799999992489e-06,0.03983068200000027,0.039995093,0.039999586,0.0399979124,5,constant,-0.000466418452418453,-6.218906480000009e-05,0.0023974545570000032,6.8951274e-05,8.229983e-06,3.42700946e-05,5
demo_2_labeled,approach,155,159,5.166661500000001,5.299994700000001,0.13333320000000004,5,joint_1,ramp_up,0.1937381537381545,0.02583172800000011,-1.4087382540000042,-0.40839654,-0.38718817,-0.39484293,5,ramp_down,-0.22671746268597204,-0.030228964795801255,1.296186100499499,-3.085332e-06,-0.011019524,0.1096992322643,5
demo_2_labeled,approach,155,159,5.166661500000001,5.299994700000001,0.13333320000000004,5,joint_2,ramp_up,0.7147042447042431,0.09529380399999982,-3.372302386999992,0.32400367,0.40356824,0.36797942,5,ramp_up,0.08990498855015255,0.011987319819355205,-0.031966730532399734,5.8056514e-07,0.004118952,0.43853557237729185,5
demo_2_labeled,approach,155,159,5.166661500000001,5.299994700000001,0.13333320000000004,5,joint_3,ramp_down,-0.2948095748095785,-0.039307904000000504,2.2294385320000196,0.70540476,0.67242134,0.6866033,5,ramp_down,-0.1809349664359505,-0.024124638066797884,0.7619017523019967,-1.5097339e-06,-0.00787883,-0.18499029181982,5
demo_2_labeled,approach,155,159,5.166661500000001,5.299994700000001,0.13333320000000004,5,joint_4,ramp_up,0.2022884022884154,0.026971760000001756,-3.9470452800000695,-2.902061,-2.8797178,-2.8884037,5,ramp_down,-0.12848898359866917,-0.01713184734795808,0.7951035349041958,1.02485686e-07,0.0005769122,0.12267852649684119,5
demo_2_labeled,approach,155,159,5.166661500000001,5.299994700000001,0.13333320000000004,5,joint_5,ramp_down,-0.0524207024207046,-0.006989420000000293,0.8171523930000115,0.5464398,0.54066736,0.542817658,5,constant,0.06018062509958847,0.008024075322528452,-0.35555889020351966,-3.483493e-08,0.0034483015,-0.040613933794278,5
demo_2_labeled,approach,155,159,5.166661500000001,5.299994700000001,0.13333320000000004,5,joint_6,constant,-0.0007377007377243931,-9.836000000315408e-05,3.754692270000125,3.75045,3.7503457,3.75083164,5,ramp_down,-0.13209026846025185,-0.017612018182664457,0.6828199076729601,2.949316e-08,-0.0017652789,-0.0084518059966197,5
demo_2_labeled,approach,155,159,5.166661500000001,5.299994700000001,0.13333320000000004,5,joint_7,ramp_down,-0.21168048168048345,-0.028224036000000244,1.4702395330000093,0.37647918,0.35295165,0.36244612,5,ramp_down,-0.07757195904805815,-0.01034291753014655,0.28137689022326606,1.369003e-07,-0.0012438917,-0.124582622834986,5
demo_2_labeled,approach,155,159,5.166661500000001,5.299994700000001,0.13333320000000004,5,finger_1,constant,-0.00010519810519821088,-1.4026400000014095e-05,0.040543729600000564,0.03999998,0.039993387,0.039993193399999995,5,constant,0.0038100198268398162,0.0005080021355759987,-0.019769655915295947,2.8009075e-07,0.00023846615,0.00016942790606200002,5
demo_2_labeled,approach,155,159,5.166661500000001,5.299994700000001,0.13333320000000004,5,finger_2,constant,-3.070203070220913e-05,-4.0936000000237915e-06,0.040159072600000935,0.03999978,0.039995268,0.039998398799999994,5,constant,-0.0006687948132948348,-8.91725526000029e-05,0.003782875559650113,4.234226e-06,4.354885e-06,0.0002828528701,5
demo_2_labeled,approach,160,164,5.333328000000001,5.466661200000001,0.13333320000000004,5,joint_1,constant,-0.0003325803325783219,-4.434399999973192e-05,-0.3856316500000109,-0.38738948,-0.38744006,-0.38742758199999994,5,constant,0.015487651924651904,0.0020650181915999976,-0.0842221661405999,-0.0023599458,-4.306667e-06,-0.0005889293808,5
demo_2_labeled,approach,160,164,5.333328000000001,5.466661200000001,0.13333320000000004,5,joint_2,constant,5.7300057297492255e-05,7.639999999657997e-06,0.4033194040000139,0.4036221,0.4036309,0.403628824,5,constant,-0.003067122016122013,-0.0004089491931999997,0.016679031175599983,0.0004696717,9.67311e-07,0.000116588851,5
demo_2_labeled,approach,160,164,5.333328000000001,5.466661200000001,0.13333320000000004,5,joint_3,constant,-0.00019782019782457177,-2.6376000000583202e-05,0.6733419240000237,0.67229646,0.67226636,0.672273696,5,constant,0.009490657612657603,0.001265419749599999,-0.05161013104009995,-0.0014465891,-2.5659695e-06,-0.00036063118129999995,5
demo_2_labeled,approach,160,164,5.333328000000001,5.466661200000001,0.13333320000000004,5,joint_4,constant,1.7026654471221247e-14,2.2702183259422375e-15,-2.8797195000000926,-2.8797195,-2.8797195,-2.8797195,5,constant,-0.0006628195927435924,-8.837585732319999e-05,0.003606410744268799,9.649343e-05,4.3576296e-08,2.71885226792e-05,5
demo_2_labeled,approach,160,164,5.333328000000001,5.466661200000001,0.13333320000000004,5,joint_5,constant,4.062004061559981e-05,5.415999999407895e-06,0.5404794920000239,0.54069406,0.5407003,0.54069884,5,constant,-0.0037450363212763174,-0.0004993376768319996,0.02036534589328798,0.0005701601,4.1280796e-07,0.00014216998159200002,5
demo_2_labeled,approach,160,164,5.333328000000001,5.466661200000001,0.13333320000000004,5,joint_6,constant,4.8647584203489275e-15,6.486338074120678e-16,3.7503449999999745,3.750345,3.750345,3.7503450000000003,5,constant,0.0005117651211071204,6.823528124559993e-05,-0.0027808671305701964,-8.33075e-05,3.4168917e-08,-1.73382401234e-05,5
demo_2_labeled,approach,160,164,5.333328000000001,5.466661200000001,0.13333320000000004,5,joint_7,constant,-2.820002821182872e-06,-3.760000001573402e-07,0.35296405200000625,0.3529492,0.35294873,0.352948824,5,constant,0.0009293582168582161,0.00012391430499999993,-0.005053103710099997,-0.00014202156,2.698945e-07,-3.45743576e-05,5
demo_2_labeled,approach,160,164,5.333328000000001,5.466661200000001,0.13333320000000004,5,finger_1,constant,1.6680016679840126e-05,2.2239999999764603e-06,0.039909021400000945,0.039997503,0.03999986,0.0399990934,5,constant,-0.0004739135417135416,-6.318840904000001e-05,0.0025826742667999997,7.140945e-05,2.866379e-06,2.354370068e-05,5
demo_2_labeled,approach,160,164,5.333328000000001,5.466661200000001,0.13333320000000004,5,finger_2,constant,2.1984021983981562e-05,2.931199999994611e-06,0.03987991460000021,0.039996743,0.039999742,0.039998628200000004,5,constant,-0.0003149305901305904,-4.199070336000005e-05,0.0017234416165400016,4.6317804e-05,5.3573453e-06,2.2818130460000002e-05,5
demo_2_labeled,approach,165,169,5.499994500000001,5.633327700000001,0.13333320000000004,5,joint_1,ramp_up,0.23836079836079782,0.031781407999999935,-1.7063684919999973,-0.38744006,-0.3477133,-0.379494708,5,ramp_up,8.585957004775162,1.144793122509088,-47.50891506162248,-9.971616e-07,1.4309903,0.2861978031319326,5
demo_2_labeled,approach,165,169,5.499994500000001,5.633327700000001,0.13333320000000004,5,joint_2,ramp_up,0.04273162273162142,0.005697543999999827,0.16718282400000736,0.4036309,0.41075283,0.40505528599999996,5,ramp_up,1.3768226420240093,0.1835761686935157,-7.618410641956109,4.4166418e-07,0.22947067,0.04589440099817,5
demo_2_labeled,approach,165,169,5.499994500000001,5.633327700000001,0.13333320000000004,5,joint_3,constant,-0.022919782919785095,-0.003055968000000291,0.799089032000012,0.67226636,0.6684464,0.671502368,5,ramp_up,0.3024580035581128,0.04032769348001458,-1.6735995643572281,-5.9338794e-07,0.05040896,0.01008163843338032,5
demo_2_labeled,approach,165,169,5.499994500000001,5.633327700000001,0.13333320000000004,5,joint_4,ramp_up,0.08259668259668121,0.011012879999999819,-3.3367540199999923,-2.8797195,-2.8659534,-2.8769662800000004,5,ramp_up,2.785056335588978,0.37134047340435244,-15.410629643338288,7.530647e-09,0.4641756,0.09283512129342278,5
demo_2_labeled,approach,165,169,5.499994500000001,5.633327700000001,0.13333320000000004,5,joint_5,ramp_up,0.35250155250154963,0.04700015999999963,-1.409806339999984,0.5407003,0.5994505,0.55245034,5,ramp_up,9.803109180591202,1.3070799169976033,-54.24381651013758,9.322754e-08,1.63385,0.32677002451234805,5
demo_2_labeled,approach,165,169,5.499994500000001,5.633327700000001,0.13333320000000004,5,joint_6,constant,0.012948012948006076,0.0017263999999990844,3.6786994000000393,3.750345,3.752503,3.7507765999999996,5,constant,-0.00046626741626706533,-6.21689266666199e-05,0.0025800130195184298,5.5458553e-09,-7.770459e-05,-1.553966881295e-05,5
demo_2_labeled,approach,165,169,5.499994500000001,5.633327700000001,0.13333320000000004,5,joint_7,constant,0.0008010608010601401,0.0001068079999999119,0.34851619800000366,0.35294873,0.35308224,0.352975432,5,constant,-0.058398626723096606,-0.0077864757765959865,0.3231390191287044,2.750544e-07,-0.00973282,-0.001946344544178,5
demo_2_labeled,approach,165,169,5.499994500000001,5.633327700000001,0.13333320000000004,5,finger_1,constant,4.80000479919933e-07,6.399999998926043e-08,0.039997264000000456,0.03999992,0.04,0.039999936,5,constant,0.0032967091215091154,0.0004395607766399993,-0.01824064169137997,1.1311339e-06,0.00055058254,0.00011102073334,5
demo_2_labeled,approach,165,169,5.499994500000001,5.633327700000001,0.13333320000000004,5,finger_2,constant,-0.0002729762729763011,-3.639680000000376e-05,0.041510363200000164,0.03999986,0.039954364,0.03999079679999999,5,constant,-0.00010097770697770674,-1.3463680799999972e-05,0.0005605575870599988,2.8446793e-06,-1.3986661e-05,-1.5510863399999999e-06,5
demo_2_labeled,approach,170,174,5.666661,5.7999942,0.13333320000000004,5,joint_1,constant,0.020132510132511106,0.0026843320000001307,-0.4478175400000055,-0.3346842,-0.33162785,-0.332391264,5,ramp_down,-0.8933343034143028,-0.11911112134399995,5.156046658935997,0.13533871,0.00023763622,0.034268441144,5
demo_2_labeled,approach,170,174,5.666661,5.7999942,0.13333320000000004,5,joint_2,constant,-0.003736803736804074,-0.000498240000000045,0.432017936000002,0.4110245,0.41045308,0.410593616,5,ramp_up,0.22192073039873017,0.02958940113039998,-1.2805803159365987,-0.034522187,-5.1010127e-05,-0.008236067329399998,5
demo_2_labeled,approach,170,174,5.666661,5.7999942,0.13333320000000004,5,joint_3,constant,0.012182052182051328,0.0016242719999998865,0.6066943460000049,0.67515016,0.6769999,0.6765380420000001,5,ramp_down,-0.586619625839625,-0.07821587189599992,3.3855711527079957,0.08955614,0.00015019996,0.02228866118,5
demo_2_labeled,approach,170,174,5.666661,5.7999942,0.13333320000000004,5,joint_4,constant,-0.0007740007739889371,-0.00010319999999842178,-2.8595951400000668,-2.863937,-2.86406,-2.8640327400000003,5,ramp_up,0.10981441999441983,0.014641908023999983,-0.6334795554039991,-0.01770828,-1.6027e-05,-0.0038775103719999996,5
demo_2_labeled,approach,170,174,5.666661,5.7999942,0.13333320000000004,5,joint_5,constant,-0.0025587025587033587,-0.00034116000000010676,0.6128345720000046,0.5984562,0.5980678,0.598164692,5,ramp_up,0.25852460761460727,0.034469913211999964,-1.4918869955179983,-0.03990405,-5.786886e-05,-0.009680727402,5
demo_2_labeled,approach,170,174,5.666661,5.7999942,0.13333320000000004,5,joint_6,constant,-8.880008880236614e-05,-1.1840000000303648e-05,3.752770060000013,3.7522705,3.7522576,3.75226094,5,constant,-0.006411059469059463,-0.0008548070743999995,0.03700910787619997,0.000935907,-2.730953e-06,0.000252403677,5
demo_2_labeled,approach,170,174,5.666661,5.7999942,0.13333320000000004,5,joint_7,constant,0.00025341025340975426,3.378799999993346e-05,0.35183427200000283,0.35325828,0.35329685,0.353287156,5,constant,-0.051009512607512554,-0.006801261546399995,0.29440321307359973,0.0077570225,1.5415782e-05,0.0019489665784,5
demo_2_labeled,approach,170,174,5.666661,5.7999942,0.13333320000000004,5,finger_1,constant,0.00023847023847025105,3.1796000000001686e-05,0.038614046599999924,0.039964974,0.039995227,0.0399812746,5,constant,0.0010499291699291686,0.00013999041599999988,-0.005876398645999993,-0.00015790062,9.368727e-05,0.000143189242,5
demo_2_labeled,approach,170,174,5.666661,5.7999942,0.13333320000000004,5,finger_2,constant,-7.601185031795166e-17,-1.0134903240813515e-17,0.03999999800000043,0.04,0.04,0.039999998,5,constant,-0.0015150138000035976,-0.00020200163799863975,0.008737744236326846,0.00024731708,6.3602767e-09,5.1673802385340006e-05,5
demo_2_labeled,approach,175,179,5.8333275,5.9666607,0.13333320000000004,5,joint_1,ramp_down,-0.947319377319377,-0.126309124,5.208406030999998,-0.3316236,-0.4421977,-0.380772706,5,ramp_down,-5.812543649419673,-0.7750050449168034,33.64766763453754,5.1017447e-05,-0.16544357,-0.6463056030309999,5
demo_2_labeled,approach,175,179,5.8333275,5.9666607,0.13333320000000004,5,joint_2,ramp_down,-0.12925473925473793,-0.01723394799999983,1.165775810999992,0.41045243,0.39624602,0.40317361199999996,5,ramp_down,-0.35236334014994425,-0.04698173170488056,2.0009815013225043,-5.1426455e-06,0.035429835,-0.07796012661846,5
demo_2_labeled,approach,175,179,5.8333275,5.9666607,0.13333320000000004,5,joint_3,constant,-0.025204375204373252,-0.003360579999999741,0.8261570529999882,0.67700255,0.6714544,0.6774513879999999,5,ramp_down,-1.021651789392289,-0.13622010236539997,5.977295134974648,2.8465885e-05,-0.103018805,-0.050444394694299996,5
demo_2_labeled,approach,175,179,5.8333275,5.9666607,0.13333320000000004,5,joint_4,ramp_down,-0.2882102882102933,-0.03842800000000069,-1.1794193199999687,-2.86406,-2.8965425,-2.8798583200000003,5,ramp_down,-1.1541625195195278,-0.15388818204760116,6.627476027653699,-5.8911775e-07,0.019385612,-0.18207602795265002,5
demo_2_labeled,approach,175,179,5.8333275,5.9666607,0.13333320000000004,5,joint_5,ramp_down,-1.0475512475512472,-0.13967336,6.720135129999998,0.59806776,0.48210055,0.53958895,5,ramp_down,-4.526120024761454,-0.603482066485524,26.064308553936396,-1.2002546e-05,0.045619197,-0.63977288804804,5
demo_2_labeled,approach,175,179,5.8333275,5.9666607,0.13333320000000004,5,joint_6,ramp_down,-0.06559626559626157,-0.008746159999999465,4.135686459999976,3.7522576,3.7450404,3.7486688799999994,5,ramp_down,-0.37039767340917484,-0.04938630706820021,2.1431900478297585,2.877939e-06,-6.8966474e-05,-0.042154039938100005,5
demo_2_labeled,approach,175,179,5.8333275,5.9666607,0.13333320000000004,5,joint_7,constant,0.009784689784689798,0.0013046240000000023,0.29634249599999996,0.35329685,0.35433254,0.354072108,5,ramp_down,-0.12491328106827049,-0.016655087487331927,0.7375307514049637,1.1471657e-06,-0.0064025987,0.0005431300905260009,5
demo_2_labeled,approach,175,179,5.8333275,5.9666607,0.13333320000000004,5,finger_1,constant,-9.209709209713907e-05,-1.2279600000006268e-05,0.04052592010000027,0.039997518,0.04,0.039982547800000004,5,constant,0.004568339999339997,0.0006091113908,-0.026672843349899993,4.9423168e-05,0.0005036291,0.000280335693,5
demo_2_labeled,approach,175,179,5.8333275,5.9666607,0.13333320000000004,5,finger_2,constant,-0.00024432024432017766,-3.2575999999991124e-05,0.04143334399999959,0.04,0.03995928,0.039991856000000006,5,constant,-0.0006684826276658859,-8.913092789110114e-05,0.003996296552734495,8.659614e-10,-0.00011960379,5.2252993553271e-05,5
demo_2_labeled,approach,180,184,5.999994000000001,6.133327200000001,0.13333320000000004,5,joint_1,constant,-0.004523314523313952,-0.000603107999999924,-0.4181542180000035,-0.4450761,-0.44576582,-0.445595632,5,ramp_up,0.2159267149247147,0.028790199866399982,-1.318120087059599,-0.032980636,-4.7653342e-05,-0.0081659931384,5
demo_2_labeled,approach,180,184,5.999994000000001,6.133327200000001,0.13333320000000004,5,joint_2,constant,0.0006894606894589184,9.192799999976388e-05,0.39262388000001075,0.3967277,0.3968326,0.39680660399999995,5,constant,-0.03476265045885043,-0.004635015426159997,0.21221682286603982,0.005288016,7.0977358e-06,0.00132362097576,5
demo_2_labeled,approach,180,184,5.999994000000001,6.133327200000001,0.13333320000000004,5,joint_3,constant,-0.002679812679818376,-0.00035730800000075957,0.6856963700000347,0.6697467,0.66933805,0.669438856,5,ramp_up,0.12652219670419657,0.016869609357599985,-0.7723560518803992,-0.019310677,-2.5316758e-05,-0.0047888261096,5
demo_2_labeled,approach,180,184,5.999994000000001,6.133327200000001,0.13333320000000004,5,joint_4,constant,0.0001719001719061589,2.2920000000798275e-05,-2.897383320000037,-2.8963614,-2.8963344,-2.8963404600000002,5,constant,-0.01289641292041291,-0.001719520003199999,0.07873366534839994,0.0019530981,4.227548e-06,0.0004955052027999999,5
demo_2_labeled,approach,180,184,5.999994000000001,6.133327200000001,0.13333320000000004,5,joint_5,constant,0.0005679305679297785,7.572399999989477e-05,0.4790831520000049,0.48246324,0.48254982,0.48252859400000003,5,constant,-0.04969629830229825,-0.006626166480799995,0.3033728562611997,0.0075755212,7.748974e-06,0.0018822813848,5
demo_2_labeled,approach,180,184,5.999994000000001,6.133327200000001,0.13333320000000004,5,joint_6,constant,2.220002217626784e-05,2.959999996832756e-06,3.744927580000144,3.7450593,3.745063,3.74506226,5,constant,0.0004975218718218711,6.633618323999993e-05,-0.003037036569687576,-7.379632e-05,-1.7457886e-06,-1.874023226758e-05,5
demo_2_labeled,approach,180,184,5.999994000000001,6.133327200000001,0.13333320000000004,5,joint_7,constant,-3.933003933141136e-05,-5.244000000182939e-06,0.3545400580000085,0.35430613,0.35430005,0.35430145599999996,5,constant,0.008560215920715911,0.0011413609813999991,-0.05225539814594994,-0.0013053517,-4.4108825e-07,-0.00032347349225,5
demo_2_labeled,approach,180,184,5.999994000000001,6.133327200000001,0.13333320000000004,5,finger_1,constant,-3.0404740127180797e-16,-4.053961296325424e-17,0.04000000000000184,0.04,0.04,0.04,5,constant,-0.00010996986999696988,-1.4662634670279989e-05,0.0006708754179638594,1.80273e-05,-6.42888e-10,3.7255404661199998e-06,5
demo_2_labeled,approach,180,184,5.999994000000001,6.133327200000001,0.13333320000000004,5,finger_2,constant,0.0002150162150161262,2.8668799999988164e-05,0.03868182900000053,0.039968137,0.03999726,0.039986259399999995,5,constant,-0.002661306375306379,-0.00035484049520000056,0.016358094248800026,0.0003882194,5.4677046e-05,0.00021285171719999998,5
demo_2_labeled,approach,185,189,6.166660500000001,6.299993700000001,0.13333320000000004,5,joint_1,ramp_up,0.11839463839463954,0.015785936000000157,-1.1798125040000071,-0.44576648,-0.42603406,-0.441819996,5,ramp_up,3.245543857867532,0.4327387483098234,-20.122355530472927,-7.2860444e-06,0.54091513,0.108180953011312,5
demo_2_labeled,approach,185,189,6.166660500000001,6.299993700000001,0.13333320000000004,5,joint_2,constant,0.03552099552099422,0.004736127999999828,0.17660264800000813,0.3968326,0.40275276,0.398016632,5,ramp_up,0.9976801497628777,0.13302388694436376,-6.185609782594164,2.3049042e-06,0.16628233,0.0332569320548408,5
demo_2_labeled,approach,185,189,6.166660500000001,6.299993700000001,0.13333320000000004,5,joint_3,ramp_down,-0.11219381219381352,-0.014959160000000181,1.3649389900000086,0.66933805,0.6506391,0.66559826,5,ramp_down,-3.2835800010659253,-0.4378102289981234,20.358172192852823,-7.5659573e-06,-0.54727095,-0.10945601280944202,5
demo_2_labeled,approach,185,189,6.166660500000001,6.299993700000001,0.13333320000000004,5,joint_4,ramp_up,0.2086688086688173,0.02782248000000116,-4.190079720000054,-2.8963344,-2.8615563,-2.8893787800000004,5,ramp_up,7.584852672908842,1.0113126784074895,-47.02603895869739,1.4331212e-06,1.2641423,0.2528287568527309,5
demo_2_labeled,approach,185,189,6.166660500000001,6.299993700000001,0.13333320000000004,5,joint_5,ramp_up,0.1117715917715918,0.014902864000000007,-0.21043335599999996,0.48254982,0.5011784,0.48627553600000006,5,ramp_up,3.2132358766714733,0.428431021791413,-19.92204084053346,4.034573e-06,0.5355429,0.10710942821509506,5
demo_2_labeled,approach,185,189,6.166660500000001,6.299993700000001,0.13333320000000004,5,joint_6,ramp_down,-0.20111540111540416,-0.026815360000000413,4.991977240000019,3.745063,3.7115438,3.7383591600000003,5,ramp_down,-5.613145908263207,-0.7484187060156401,34.80146986002214,8.1458914e-08,-0.9355233,-0.1871046462090279,5
demo_2_labeled,approach,185,189,6.166660500000001,6.299993700000001,0.13333320000000004,5,joint_7,ramp_down,-0.15000873000873016,-0.020001144000000026,1.2843532460000011,0.35430005,0.32929862,0.34929976399999996,5,ramp_down,-4.217532414120465,-0.5623370928784069,26.148673927900976,-2.03949e-06,-0.7029234,-0.140585164164546,5
demo_2_labeled,approach,185,189,6.166660500000001,6.299993700000001,0.13333320000000004,5,finger_1,constant,-2.7480027480090897e-05,-3.6640000000084568e-06,0.040170376000000396,0.04,0.03999542,0.039999084000000004,5,constant,-0.000963954044396064,-0.00012852707739226932,0.005976509033773983,-1.423603e-10,-0.000160659,-3.213183431460636e-05,5
demo_2_labeled,approach,185,189,6.166660500000001,6.299993700000001,0.13333320000000004,5,finger_2,constant,1.01010101009636e-05,1.3467999999938e-06,0.03993649030000029,0.039998583,0.04,0.0399994532,5,constant,2.283199983200072e-06,3.04426360000012e-07,3.494245569999454e-06,2.8377408e-05,3.420756e-05,1.7726177899999998e-05,5
demo_2_labeled,approach,190,194,6.333327000000001,6.466660200000001,0.13333320000000004,5,joint_1,constant,-0.0029172029172016174,-0.0003889599999998268,-0.4093412520000084,-0.42767444,-0.428121,-0.42801133199999997,5,ramp_up,0.22545904523104435,0.030061175969599892,-1.4510619587363944,-0.035765633,-3.5359728e-05,-0.0081255121956,5
demo_2_labeled,approach,190,194,6.333327000000001,6.466660200000001,0.13333320000000004,5,joint_2,constant,-0.001992511992512783,-0.0002656680000001055,0.4142928660000052,0.40180695,0.40147483,0.4015408020000001,5,ramp_up,0.22853656996156896,0.030471512189999876,-1.470237656794794,-0.038014702,8.008999e-06,-0.007605071674800001,5
demo_2_labeled,approach,190,194,6.333327000000001,6.466660200000001,0.13333320000000004,5,joint_3,constant,-0.001267051267051814,-0.00016894000000007299,0.6584561580000035,0.6504872,0.6502978,0.650347038,5,constant,-0.015233976101976,-0.002031194782399987,0.09769495038099935,0.003389388,-2.0847845e-05,0.00019760082580000003,5
demo_2_labeled,approach,190,194,6.333327000000001,6.466660200000001,0.13333320000000004,5,joint_4,constant,0.0005730005730132311,7.640000000168776e-05,-2.8563673600000814,-2.8527684,-2.8526797,-2.85270016,5,constant,0.050137338433338195,0.00668497177279997,-0.3224073531479985,-0.008968661,3.55891e-06,-0.0015287080536,5
demo_2_labeled,approach,190,194,6.333327000000001,6.466660200000001,0.13333320000000004,5,joint_5,constant,0.0002256002255997664,3.007999999993878e-05,0.49962034800000305,0.5010399,0.501073,0.501064188,5,constant,0.058801618975618725,0.00784020802319997,-0.37816999110679844,-0.010147816,8.309154e-06,-0.0018400059932000001,5
demo_2_labeled,approach,190,194,6.333327000000001,6.466660200000001,0.13333320000000004,5,joint_6,constant,0.00035340035339429703,4.71199999991925e-05,3.70973638000004,3.7119515,3.71201,3.71199814,5,ramp_down,-0.14249238225498173,-0.018998965301679938,0.9168091010846168,0.02325781,1.6647429e-06,0.00485876660398,5
demo_2_labeled,approach,190,194,6.333327000000001,6.466660200000001,0.13333320000000004,5,joint_7,constant,2.1780021779768495e-05,2.9039999999662297e-06,0.32926516400000166,0.32940164,0.32940528,0.329404556,5,constant,-0.04411816467505451,-0.005882416074251979,0.283854863404302,0.007188479,-6.9519665e-08,0.001498891840207,5
demo_2_labeled,approach,190,194,6.333327000000001,6.466660200000001,0.13333320000000004,5,finger_1,constant,6.330006329998782e-06,8.439999999989939e-07,0.03995927700000005,0.039998945,0.04,0.039999789,5,constant,-0.0013274719751198297,-0.00017699608635304734,0.008540065880313138,0.00022121292,-5.2035876e-10,4.4253735366868e-05,5
demo_2_labeled,approach,190,194,6.333327000000001,6.466660200000001,0.13333320000000004,5,finger_2,constant,1.7037017037098833e-05,2.271600000010907e-06,0.039889179999999476,0.03999767,0.039999455,0.0399982168,5,constant,0.0006931571191571157,9.242085679999957e-05,-0.004440208822399979,-0.00010907642,1.0618228e-05,-4.0076960000000005e-06,5
demo_2_labeled,approach,195,199,6.4999935,6.6333267000000005,0.13333320000000004,5,joint_1,ramp_up,0.4857943557943569,0.06477251600000017,-3.5261571970000074,-0.38861886,-0.31697133,-0.336110784,5,ramp_down,-13.008572262572272,-1.734474567200002,86.06289390380007,1.4191955,0.009061716,0.6400214692,5
demo_2_labeled,approach,195,199,6.4999935,6.6333267000000005,0.13333320000000004,5,joint_2,constant,0.03208551208551207,0.004278064,0.20178125199999997,0.40752092,0.4132716,0.412475904,5,ramp_down,-1.7532136851136877,-0.23376159092000043,11.578359037310017,0.19600946,-0.0017258758,0.0656006845,5
demo_2_labeled,approach,195,199,6.4999935,6.6333267000000005,0.13333320000000004,5,joint_3,ramp_up,0.09741438741438717,0.01298857199999997,0.011467655000001686,0.64485586,0.65605974,0.651154826,5,ramp_down,-0.11752753912753736,-0.015670322879999768,0.8153894251399885,0.0014261738,0.0055734357,0.0436260233,5
demo_2_labeled,approach,195,199,6.4999935,6.6333267000000005,0.13333320000000004,5,joint_4,ramp_up,0.10201240201239542,0.013601639999999126,-3.4985256099999567,-2.8412712,-2.825108,-2.82864484,5,ramp_down,-3.5629049199449256,-0.4750535142720009,23.553269755678038,0.37971553,-0.00042863959,0.156884177782,5
demo_2_labeled,approach,195,199,6.4999935,6.6333267000000005,0.13333320000000004,5,joint_5,ramp_up,0.3216659016658993,0.0428887439999997,-1.5104978099999848,0.5577679,0.612198,0.601772832,5,ramp_down,-14.174809379809398,-1.889972694000003,93.69627815730013,1.5788574,-0.002048674,0.6151229777999999,5
demo_2_labeled,approach,195,199,6.4999935,6.6333267000000005,0.13333320000000004,5,joint_6,constant,0.025698925698922237,0.0034265199999995396,3.552698170000023,3.7178805,3.7222812,3.7214542799999997,5,ramp_down,-1.2509582982182992,-0.16679427296800017,8.268180795130007,0.15031353,5.86011e-05,0.053562851455999996,5
demo_2_labeled,approach,195,199,6.4999935,6.6333267000000005,0.13333320000000004,5,joint_7,constant,0.000155280155279258,2.070399999988037e-05,0.32937917400000594,0.33054417,0.33044338,0.33039884599999997,5,constant,-0.03148803664803558,-0.004198400687999859,0.20791206769199302,0.020409478,0.00048661124,0.001140833808,5
demo_2_labeled,approach,195,199,6.4999935,6.6333267000000005,0.13333320000000004,5,finger_1,constant,-0.00022615222615232,-3.015360000001252e-05,0.04146582220000061,0.04,0.039979313,0.0399807574,5,constant,-0.0001277140067140133,-1.7028517200000882e-05,0.0010707377467000434,0.00053417095,0.0003393954,0.00023208327460000003,5
demo_2_labeled,approach,195,199,6.4999935,6.6333267000000005,0.13333320000000004,5,finger_2,constant,0.0003512103512102011,4.6827999999979996e-05,0.03767859000000099,0.039958555,0.03999999,0.039984869,5,constant,-0.0016133582699582698,-0.00021511422088000005,0.01078029279492,6.169117e-06,1.0807059e-06,0.00018591741658,5
demo_2_labeled,approach,200,204,6.66666,6.7999932,0.13333320000000004,5,joint_1,ramp_down,-0.44305442305442283,-0.05907386399999999,2.647613205999999,-0.31680846,-0.3703331,-0.33561692600000004,5,ramp_down,-5.218245702045703,-0.6957653978400004,34.81810040626001,0.0020325026,-0.14204152,-0.31805218466,5
demo_2_labeled,approach,200,204,6.66666,6.7999932,0.13333320000000004,5,joint_2,ramp_down,-0.06359595359595278,-0.008479451999999894,0.8386305299999945,0.41324323,0.4061493,0.41041820399999995,5,ramp_down,-0.4680052084252092,-0.062400632056000126,3.1130959389640056,-0.00038612125,0.033331472,-0.038135979864000004,5
demo_2_labeled,approach,200,204,6.66666,6.7999932,0.13333320000000004,5,joint_3,constant,0.02980304980305209,0.0039737360000003065,0.4572580779999844,0.65615773,0.6572928,0.6579317459999999,5,ramp_down,-0.365630621930621,-0.04875070083999989,2.456842154575994,0.0012515836,-0.092153646,-0.005068237844000003,5
demo_2_labeled,approach,200,204,6.66666,6.7999932,0.13333320000000004,5,joint_4,ramp_down,-0.14956334956334974,-0.01994176000000003,-1.8245724399999985,-2.8251097,-2.842356,-2.83163132,5,ramp_down,-1.39975643879244,-0.1866340052048002,9.328099866682729,-9.8573175e-05,0.017653033,-0.09691739615968001,5
demo_2_labeled,approach,200,204,6.66666,6.7999932,0.13333320000000004,5,joint_5,ramp_down,-0.5171896571896578,-0.0689585520000001,4.071536134000004,0.612178,0.55501103,0.589129258,5,ramp_down,-4.607808408483412,-0.6143738400900006,30.710640243469825,-0.00045848606,0.038652122,-0.31523868107520003,5
demo_2_labeled,approach,200,204,6.66666,6.7999932,0.13333320000000004,5,joint_6,constant,-0.028935028935011275,-0.0038579999999976463,3.9158108199998805,3.7222812,3.7191331,3.72098182,5,ramp_down,-0.2680563108123109,-0.03574080570080002,1.7870962730000008,1.2114167e-05,-0.00023053044,-0.0178144148904,5
demo_2_labeled,approach,200,204,6.66666,6.7999932,0.13333320000000004,5,joint_7,constant,0.025669615669616713,0.0034226120000001403,0.15875459399999298,0.33044535,0.33324757,0.33159649999999996,5,ramp_up,0.1833269967479969,0.02444357512280003,-1.2207990888115412,0.0001110322,-0.00650676,0.013601454889859999,5
demo_2_labeled,approach,200,204,6.66666,6.7999932,0.13333320000000004,5,finger_1,constant,-5.136605136603054e-05,-6.848799999997225e-06,0.04033255879999985,0.03998861,0.04,0.03998669440000001,5,constant,0.0007569827769827706,0.00010093093599999917,-0.004925946416999958,0.00021139643,0.00032838457,0.000171065851,5
demo_2_labeled,approach,200,204,6.66666,6.7999932,0.13333320000000004,5,finger_2,constant,-0.000176430176430072,-2.3523999999986085e-05,0.04118207899999928,0.039999995,0.03997059,0.039994117,5,constant,-0.0004799056557394522,-6.398735677783954e-05,0.0032532180250340165,9.11968e-08,-0.00026895074,2.1856507753120008e-05,5
demo_2_labeled,approach,205,209,6.833326500000001,6.966659700000001,0.13333320000000004,5,joint_1,constant,-0.00483900483900301,-0.0006451999999997563,-0.34009780400001266,-0.37294212,-0.37367246,-0.37348690399999995,5,ramp_up,0.21345423258423235,0.028460535883999976,-1.4810869471809984,-0.032294996,-7.113597e-05,-0.008254215184,5
demo_2_labeled,approach,205,209,6.833326500000001,6.966659700000001,0.13333320000000004,5,joint_2,constant,0.0007874707874693972,0.00010499599999981466,0.40127110300000973,0.4066163,0.406735,0.406704646,5,constant,-0.03653599690099687,-0.004871461381999997,0.2535216131454998,0.0055071134,1.496408e-05,0.001423486627,5
demo_2_labeled,approach,205,209,6.833326500000001,6.966659700000001,0.13333320000000004,5,joint_3,constant,-0.002889182889186698,-0.00038522400000050793,0.6753457280000262,0.65573555,0.65529954,0.655410386,5,ramp_up,0.1283191148191147,0.01710919819999999,-0.8903710874319993,-0.019403337,-4.448255e-05,-0.004970080582,5
demo_2_labeled,approach,205,209,6.833326500000001,6.966659700000001,0.13333320000000004,5,joint_4,constant,0.0001224001224074036,1.632000000097083e-05,-2.8430462600000506,-2.8422167,-2.8421974,-2.8422016999999995,5,constant,-0.009955743826743815,-0.0013274311827999989,0.06908902623359993,0.0014885383,5.1169845e-06,0.00039446252369999997,5
demo_2_labeled,approach,205,209,6.833326500000001,6.966659700000001,0.13333320000000004,5,joint_5,constant,0.0005914205914203355,7.885599999996591e-05,0.5513160820000018,0.5553301,0.55541927,0.55539688,5,constant,-0.04665719592719589,-0.006220953235999997,0.32374566644899977,0.0070500704,1.897342e-05,0.0018113364859999998,5
demo_2_labeled,approach,205,209,6.833326500000001,6.966659700000001,0.13333320000000004,5,joint_6,constant,2.2800022779702307e-05,3.0399999972906047e-06,3.7189960200001404,3.7191503,3.7191541,3.7191533400000005,5,constant,0.0005770405840405837,7.693866759999998e-05,-0.004004393526379998,-7.694206e-05,2.0198574e-06,-2.281747808e-05,5
demo_2_labeled,approach,205,209,6.833326500000001,6.966659700000001,0.13333320000000004,5,joint_7,constant,-5.589005589115749e-05,-7.452000000146881e-06,0.33359793100000756,0.3332185,0.33321014,0.33321228999999997,5,constant,0.009792056845856836,0.001305606273839999,-0.06794558782205995,-0.0014809002,-2.5792312e-06,-0.00038046315084000004,5
demo_2_labeled,approach,205,209,6.833326500000001,6.966659700000001,0.13333320000000004,5,finger_1,constant,-3.0404740127180797e-16,-4.053961296325424e-17,0.04000000000000209,0.04,0.04,0.04,5,constant,-9.256203030423022e-05,-1.2341591698959993e-05,0.0006418297405697195,1.5100424e-05,-9.846471e-10,3.15237014854e-06,5
demo_2_labeled,approach,205,209,6.833326500000001,6.966659700000001,0.13333320000000004,5,finger_2,constant,0.0001674781674777799,2.233039999994833e-05,0.03883342020000268,0.03997515,0.03999771,0.0399890184,5,constant,-0.0017987821307821322,-0.00023983737760000025,0.01257105807040001,0.000263341,4.5299348e-05,0.0001594737796,5
demo_2_labeled,approach,210,214,6.999993000000001,7.133326200000001,0.13333320000000004,5,joint_1,constant,-3.6000036005396757e-07,-4.800000000714768e-08,-0.3736712739999997,-0.37367377,-0.37367383,-0.373673818,5,constant,0.00011921848922848885,1.5895782667999956e-05,-0.0008466001814239974,-1.7452876e-05,4.9778987e-07,-4.1237000200000005e-06,5
demo_2_labeled,approach,210,214,6.999993000000001,7.133326200000001,0.13333320000000004,5,joint_2,constant,-1.520237006359036e-15,-2.0269806481627067e-16,0.40673500000001084,0.406735,0.406735,0.406735,5,constant,-2.288482949482942e-05,-3.051307547999991e-06,0.00016218167537799947,3.077102e-06,-4.106478e-07,4.62375334e-07,5
demo_2_labeled,approach,210,214,6.999993000000001,7.133326200000001,0.13333320000000004,5,joint_3,constant,-1.216189605087229e-15,-1.6215845185301656e-16,0.6552989500000088,0.65529895,0.65529895,0.65529895,5,constant,5.331165381165363e-05,7.108213399999978e-06,-0.0003794739136199988,-8.329381e-06,-5.798082e-07,-2.73860342e-06,5
demo_2_labeled,approach,210,214,6.999993000000001,7.133326200000001,0.13333320000000004,5,joint_4,constant,7.297137630523373e-15,9.729507111180993e-16,-2.842197400000052,-2.8421974,-2.8421974,-2.8421974,5,constant,-1.2429186004985953e-06,-1.6572231434399936e-07,8.826423493485964e-06,2.0633186e-07,4.0713877e-10,4.3140833254e-08,5
demo_2_labeled,approach,210,214,6.999993000000001,7.133326200000001,0.13333320000000004,5,joint_5,constant,-1.216189605087229e-15,-1.6215845185301656e-16,0.5554192700000088,0.55541927,0.55541927,0.55541927,5,constant,-1.5614239724239665e-05,-2.081896547999993e-06,0.0001114683305139996,2.9822656e-06,5.5152054e-07,1.12781347e-06,5
demo_2_labeled,approach,210,214,6.999993000000001,7.133326200000001,0.13333320000000004,5,joint_6,constant,0.0,0.0,3.7191541,3.7191541,3.7191541,3.7191541,5,constant,-1.1179350648750603e-06,-1.4905785959199943e-07,7.938507658279967e-06,1.7493008e-07,-9.2488234e-10,3.8441099904000004e-08,5
demo_2_labeled,approach,210,214,6.999993000000001,7.133326200000001,0.13333320000000004,5,joint_7,constant,-6.080948025436145e-16,-8.107922592650828e-17,0.33321014000000443,0.33321014,0.33321014,0.33321014,5,constant,-1.479197748197742e-05,-1.972261691999992e-06,0.00010434124279799957,1.7787511e-06,-6.839449e-07,-1.8862687799999997e-07,5
demo_2_labeled,approach,210,214,6.999993000000001,7.133326200000001,0.13333320000000004,5,finger_1,constant,-7.601185031795181e-17,-1.0134903240813535e-17,0.04000000000000054,0.04,0.04,0.04,5,constant,1.1752859627459588e-09,1.567046383279995e-10,-8.351328678571973e-09,-1.7698536e-10,-4.8537124e-13,-4.598284718800001e-11,5
demo_2_labeled,approach,210,214,6.999993000000001,7.133326200000001,0.13333320000000004,5,finger_2,constant,7.986007985912581e-06,1.0647999999872796e-06,0.039943093800000676,0.039998814,0.039999925,0.0399995282,5,constant,-0.00015971305451305414,-2.1295052639999956e-05,0.0011380523411599975,2.3669903e-05,1.5569318e-06,9.414551240000001e-06,5
demo_2_labeled,approach,215,219,7.166659500000001,7.299992700000001,0.13333320000000004,5,joint_1,constant,0.032512682512682946,0.004335020000000059,-0.5846546230000031,-0.35673133,-0.34914884,-0.349479788,5,ramp_down,-3.3319433239433276,-0.4442586656000006,24.22512851830003,0.40869403,-0.0023813935,0.1240959095,5
demo_2_labeled,approach,215,219,7.166659500000001,7.299992700000001,0.13333320000000004,5,joint_2,ramp_up,0.5791604191604172,0.07722131199999975,-3.659274025999986,0.46417382,0.55137026,0.52998215,5,ramp_down,-18.574501719301733,-2.4765977526400027,135.1854485246301,2.1067066,0.00063009385,0.83002044391,5
demo_2_labeled,approach,215,219,7.166659500000001,7.299992700000001,0.13333320000000004,5,joint_3,ramp_down,-0.21675486675487024,-0.028900620000000474,2.1759047470000255,0.63291025,0.5999201,0.608046112,5,ramp_up,6.4464817368817435,0.8595300387200011,-46.93879848588005,-0.6884306,-0.0018263166,-0.30929388531999996,5
demo_2_labeled,approach,215,219,7.166659500000001,7.299992700000001,0.13333320000000004,5,joint_4,ramp_up,0.1411069411069537,0.018814240000001686,-3.820538820000092,-2.8192914,-2.7953637,-2.7998663,5,ramp_down,-6.093939041439053,-0.8125243930000018,44.34268723885808,0.66181237,7.470146e-05,0.263238918608,5
demo_2_labeled,approach,215,219,7.166659500000001,7.299992700000001,0.13333320000000004,5,joint_5,ramp_down,-0.08536184536184724,-0.011381568000000253,1.1457559580000134,0.54042023,0.5256318,0.528305894,5,ramp_up,3.9302960811560874,0.524038953448001,-28.596677173462048,-0.43789133,0.00065592316,-0.16756394890800003,5
demo_2_labeled,approach,215,219,7.166659500000001,7.299992700000001,0.13333320000000004,5,joint_6,constant,-0.018071418071427654,-0.0024095200000012786,3.8820613600000695,3.7525003,3.7505116,3.7513449000000003,5,constant,-0.02284907813339952,-0.0030465407045761855,0.15710195246940206,-1.2736928e-07,-0.0001964921,-0.008172880753856,5
demo_2_labeled,approach,215,219,7.166659500000001,7.299992700000001,0.13333320000000004,5,joint_7,ramp_down,-0.08057660057660106,-0.010743536000000067,0.8922834240000035,0.31996223,0.30671757,0.309446596,5,ramp_up,3.0130496703896736,0.40173955431200054,-21.934088820428023,-0.32944664,-0.00013854621,-0.13971799900200002,5
demo_2_labeled,approach,215,219,7.166659500000001,7.299992700000001,0.13333320000000004,5,finger_1,constant,-1.890001890009684e-05,-2.5200000000103927e-06,0.04013197800000056,0.04,0.039998915,0.039995268,5,constant,-0.0020669315609315453,-0.000275590599199998,0.015365438079799888,0.00015560277,4.6089346e-05,0.0004146480732,5
demo_2_labeled,approach,215,219,7.166659500000001,7.299992700000001,0.13333320000000004,5,finger_2,constant,3.506703506702721e-05,4.675599999998954e-06,0.039732219700000064,0.039976887,0.039990775,0.039985871,5,constant,-0.007661775131775164,-0.0010215689960000045,0.05598204134820024,0.00068589806,0.00016362668,0.0005619233152,5
demo_2_labeled,approach,220,224,7.333326,7.4666592,0.13333320000000004,5,joint_1,constant,-6.72000671997358e-05,-8.959999999955816e-06,-0.34870125200000246,-0.34919074,-0.349201,-0.34919853199999995,5,constant,0.003143300380700415,0.0004191062983200047,-0.023380133877580256,-0.00047950738,-1.1467391e-06,-0.00011973432082,5
demo_2_labeled,approach,220,224,7.333326,7.4666592,0.13333320000000004,5,joint_2,constant,7.980007978611813e-06,1.063999999813845e-06,0.5513216120000103,0.5513796,0.55138093,0.5513806640000001,5,constant,-0.000607264498084505,-8.096851877600095e-05,0.004515221289524051,9.240724e-05,-2.7781462e-07,2.1468497456e-05,5
demo_2_labeled,approach,220,224,7.333326,7.4666592,0.13333320000000004,5,joint_3,constant,-4.4250044250324174e-05,-5.900000000037325e-06,0.6002122920000021,0.5998901,0.59988326,0.599884842,5,constant,0.00230795253515256,0.0003077266969600034,-0.017166135906520184,-0.00035189843,-5.547294e-07,-8.730422523999998e-05,5
demo_2_labeled,approach,220,224,7.333326,7.4666592,0.13333320000000004,5,joint_4,constant,-2.432379210174438e-15,-3.243169037060305e-16,-2.795363699999981,-2.7953637,-2.7953637,-2.7953637,5,constant,-0.00023721872196272442,-3.162913129920034e-05,0.0017644942490628182,3.56471e-05,1.15770966e-07,9.0774619572e-06,5
demo_2_labeled,approach,220,224,7.333326,7.4666592,0.13333320000000004,5,joint_5,constant,8.400008398826796e-06,1.1199999998424532e-06,0.5255764600000088,0.5256375,0.5256389,0.5256386200000001,5,constant,-0.0008012589516189599,-0.00010683442004800113,0.005959930800402061,0.00012149869,-2.0252831e-07,3.0620487737999994e-05,5
demo_2_labeled,approach,220,224,7.333326,7.4666592,0.13333320000000004,5,joint_6,constant,4.864758420348876e-15,6.48633807412061e-16,3.7505115999999648,3.7505116,3.7505116,3.7505116000000003,5,constant,6.790255745455805e-05,9.053665273600082e-06,-0.0005063928527364044,-1.1538592e-05,1.4591242e-08,-3.9144300516e-06,5
demo_2_labeled,approach,220,224,7.333326,7.4666592,0.13333320000000004,5,joint_7,constant,0.0,0.0,0.3067171,0.3067171,0.3067171,0.3067171,5,constant,0.0001275307439707454,1.7004082192000197e-05,-0.0009485841452400107,-1.998663e-05,-1.3151346e-07,-4.8575835840000005e-06,5
demo_2_labeled,approach,220,224,7.333326,7.4666592,0.13333320000000004,5,finger_1,constant,1.8960018960637797e-06,2.5280000000825125e-07,0.03998583099999955,0.039999653,0.039999932,0.0399998614,5,constant,-7.31462906462914e-05,-9.752829000000104e-06,0.0005450341305400056,1.1822238e-05,9.723692e-07,3.75212104e-06,5
demo_2_labeled,approach,220,224,7.333326,7.4666592,0.13333320000000004,5,finger_2,constant,3.318003317999497e-05,4.423999999994906e-06,0.03975247920000028,0.039995056,0.039999638,0.0399980112,5,constant,-0.0006383872343872378,-8.511821280000049e-05,0.004762862236200026,9.497372e-05,7.195861e-06,3.88014258e-05,5
demo_2_labeled,approach,225,229,7.4999925,7.6333257,0.13333320000000004,5,joint_1,constant,3.0404740127180723e-16,4.053961296325414e-17,-0.3492010000000023,-0.349201,-0.349201,-0.349201,5,constant,1.213824373824382e-06,1.6184308800000114e-07,-9.511436534000062e-06,-4.6629685e-07,-2.8127204e-07,-3.2684128999999995e-07,5
demo_2_labeled,approach,225,229,7.4999925,7.6333257,0.13333320000000004,5,joint_2,constant,0.0,0.0,0.55138093,0.55138093,0.55138093,0.55138093,5,constant,-1.1270261270261454e-07,-1.502700000000025e-08,5.74807258000014e-07,-2.6627148e-07,-2.8250778e-07,-2.7797499200000005e-07,5
demo_2_labeled,approach,225,229,7.4999925,7.6333257,0.13333320000000004,5,joint_3,constant,1.8242844076308434e-15,2.4323767777952483e-16,0.5998832599999864,0.59988326,0.59988326,0.59988326,5,constant,7.871665535665593e-07,1.049554355200008e-07,-5.987506677980044e-06,-1.2164305e-07,-1.6685711e-09,-3.1285712219999994e-08,5
demo_2_labeled,approach,225,229,7.4999925,7.6333257,0.13333320000000004,5,joint_4,constant,-4.864758420348916e-15,-6.486338074120662e-16,-2.795363699999962,-2.7953637,-2.7953637,-2.7953637,5,constant,-1.0442340362340443e-07,-1.3923106560000112e-08,7.955657548000061e-07,1.7994239e-08,1.6889229e-09,5.429457519999999e-09,5
demo_2_labeled,approach,225,229,7.4999925,7.6333257,0.13333320000000004,5,joint_5,constant,1.8242844076308434e-15,2.4323767777952483e-16,0.5256388999999863,0.5256389,0.5256389,0.5256389,5,constant,-8.999153999154105e-08,-1.1998860000000146e-08,4.0949934700000807e-07,-2.6089842e-07,-2.7482488e-07,-2.71435958e-07,5
demo_2_labeled,approach,225,229,7.4999925,7.6333257,0.13333320000000004,5,joint_6,constant,9.729516840697831e-15,1.2972676148241324e-15,3.750511599999926,3.7505116,3.7505116,3.7505116000000003,5,constant,1.9256475656475526e-09,2.5675275199999835e-10,-1.3962624135999903e-08,6.80782e-10,7.112172e-10,6.0809454e-10,5
demo_2_labeled,approach,225,229,7.4999925,7.6333257,0.13333320000000004,5,joint_7,constant,3.0404740127180723e-16,4.053961296325414e-17,0.30671709999999774,0.3067171,0.3067171,0.3067171,5,constant,-1.8547788547789402e-08,-2.473036000000115e-09,3.925571000006522e-09,-1.3445216e-07,-1.371194e-07,-1.36419222e-07,5
demo_2_labeled,approach,225,229,7.4999925,7.6333257,0.13333320000000004,5,finger_1,constant,1.140177754769277e-16,1.5202354861220302e-17,0.03999993199999914,0.039999932,0.039999932,0.039999932,5,constant,-5.746805746807757e-09,-7.662400000002682e-10,1.0119662200000151e-06,9.691452e-07,9.68267e-07,9.684821e-07,5
demo_2_labeled,approach,225,229,7.4999925,7.6333257,0.13333320000000004,5,finger_2,constant,7.20000720183947e-07,9.600000002443027e-08,0.039994457999998616,0.03999981,0.03999993,0.03999990600000001,5,constant,-1.8030493530493645e-05,-2.404063400000016e-06,0.00013813981457000087,3.5985872e-06,1.022423e-06,1.7092166199999998e-06,5
demo_2_labeled,approach,230,234,7.666659000000001,7.799992200000001,0.13333320000000004,5,joint_1,constant,1.824284407630848e-15,2.4323767777952547e-16,-0.3492010000000141,-0.349201,-0.349201,-0.349201,5,constant,5.259905259915444e-10,7.013200000013581e-11,-2.8501871800000794e-07,-2.8100968e-07,-2.809307e-07,-2.8095106199999997e-07,5
demo_2_labeled,approach,230,234,7.666659000000001,7.799992200000001,0.13333320000000004,5,joint_2,constant,-3.0404740127180798e-15,-4.0539612963254238e-16,0.5513809300000235,0.55138093,0.55138093,0.55138093,5,constant,-7.329007328857642e-11,-9.77199999980042e-12,-2.8198711200001165e-07,-2.8254567e-07,-2.825567e-07,-2.8255388799999997e-07,5
demo_2_labeled,approach,230,234,7.666659000000001,7.799992200000001,0.13333320000000004,5,joint_3,constant,-6.080948025436159e-16,-8.107922592650848e-17,0.5998832600000047,0.59988326,0.59988326,0.59988326,5,constant,3.5963525963526483e-10,4.795132000000071e-11,-4.230476040000041e-09,-1.4893272e-09,-1.4353134e-09,-1.4492994800000001e-09,5
demo_2_labeled,approach,230,234,7.666659000000001,7.799992200000001,0.13333320000000004,5,joint_4,constant,1.4594275261046785e-14,1.9459014222362038e-15,-2.795363700000113,-2.7953637,-2.7953637,-2.7953637,5,constant,-1.852471852473541e-11,-2.469960000002252e-12,1.8214723400001307e-09,1.6802937e-09,1.6775085e-09,1.6782146600000002e-09,5
demo_2_labeled,approach,230,234,7.666659000000001,7.799992200000001,0.13333320000000004,5,joint_5,constant,-1.824284407630848e-15,-2.4323767777952547e-16,0.5256389000000141,0.5256389,0.5256389,0.5256389,5,constant,-5.5410055409364885e-11,-7.387999999907933e-12,-2.7443015000000536e-07,-2.7485248e-07,-2.7486078e-07,-2.7485865399999995e-07,5
demo_2_labeled,approach,230,234,7.666659000000001,7.799992200000001,0.13333320000000004,5,joint_6,constant,-1.945903368139571e-14,-2.5945352296482712e-15,3.7505116000001504,3.7505116,3.7505116,3.7505116000000003,5,constant,-7.129597129602369e-12,-9.506120000006988e-13,7.620485740000404e-10,7.0775974e-10,7.066792e-10,7.06913078e-10,5
demo_2_labeled,approach,230,234,7.666659000000001,7.799992200000001,0.13333320000000004,5,joint_7,constant,-1.5202370063590399e-15,-2.0269806481627119e-16,0.30671710000001184,0.3067171,0.3067171,0.3067171,5,constant,7.500007504432233e-13,1.0000000005899641e-13,-1.371245780000034e-07,-1.3711889e-07,-1.3711878e-07,-1.3711877800000001e-07,5
demo_2_labeled,approach,230,234,7.666659000000001,7.799992200000001,0.13333320000000004,5,finger_1,constant,-2.66041476112832e-16,-3.547216134284746e-17,0.039999932000002056,0.039999932,0.039999932,0.039999932,5,constant,-6.000006052259436e-13,-8.00000006967118e-14,9.682703600000404e-07,9.682658e-07,9.682656e-07,9.6826572e-07,5
demo_2_labeled,approach,230,234,7.666659000000001,7.799992200000001,0.13333320000000004,5,finger_2,constant,-1.5202370063590398e-16,-2.026980648162712e-17,0.03999993000000118,0.03999993,0.03999993,0.03999993,5,constant,3.6000035977200463e-12,4.799999996955266e-13,1.0223963600000174e-06,1.022424e-06,1.0224244e-06,1.0224242e-06,5
demo_2_labeled,approach,235,239,7.833325500000001,7.966658700000001,0.13333320000000004,5,joint_1,constant,-3.0404740127180723e-16,-4.053961296325414e-17,-0.3492009999999976,-0.349201,-0.349201,-0.349201,5,constant,6.000006034861688e-14,8.000000046474207e-15,-2.8093093000000275e-07,-2.8093046e-07,-2.8093046e-07,-2.80930456e-07,5
demo_2_labeled,approach,235,239,7.833325500000001,7.966658700000001,0.13333320000000004,5,joint_2,constant,-1.8242844076308434e-15,-2.4323767777952483e-16,0.5513809300000145,0.55138093,0.55138093,0.55138093,5,constant,-3.9000038951136885e-13,-5.199999993479726e-14,-2.82553661000004e-07,-2.825567e-07,-2.8255675e-07,-2.82556742e-07,5
demo_2_labeled,approach,235,239,7.833325500000001,7.966658700000001,0.13333320000000004,5,joint_3,constant,-6.080948025436145e-16,-8.107922592650828e-17,0.599883260000005,0.59988326,0.59988326,0.59988326,5,constant,-1.530001530016434e-13,-2.0400000000198727e-14,-1.434018459999988e-09,-1.4352215e-09,-1.4352776e-09,-1.43522716e-09,5
demo_2_labeled,approach,235,239,7.833325500000001,7.966658700000001,0.13333320000000004,5,joint_4,constant,7.297137630523373e-15,9.729507111180993e-16,-2.7953637000000584,-2.7953637,-2.7953637,-2.7953637,5,constant,2.7360027359616946e-13,3.6479999999452795e-14,1.6753518200000325e-09,1.6775171e-09,1.6775467e-09,1.67751326e-09,5
demo_2_labeled,approach,235,239,7.833325500000001,7.966658700000001,0.13333320000000004,5,joint_5,constant,6.080948025436145e-16,8.107922592650828e-17,0.5256388999999955,0.5256389,0.5256389,0.5256389,5,constant,-9.000008994300093e-13,-1.1999999992388135e-13,-2.7485362400000457e-07,-2.7486067e-07,-2.7486078e-07,-2.74860734e-07,5
demo_2_labeled,approach,235,239,7.833325500000001,7.966658700000001,0.13333320000000004,5,joint_6,constant,4.864758420348916e-15,6.486338074120662e-16,3.750511599999961,3.7505116,3.7505116,3.7505116000000003,5,constant,-9.443409443432292e-13,-1.2591200000030467e-13,7.141169200000181e-10,7.067273e-10,7.0657535e-10,7.066566340000001e-10,5
demo_2_labeled,approach,235,239,7.833325500000001,7.966658700000001,0.13333320000000004,5,joint_7,constant,-3.0404740127180723e-16,-4.053961296325414e-17,0.3067171000000025,0.3067171,0.3067171,0.3067171,5,constant,3.0000029884346244e-14,3.999999984575516e-15,-1.3711899299999913e-07,-1.3711878e-07,-1.3711876e-07,-1.37118756e-07,5
demo_2_labeled,approach,235,239,7.833325500000001,7.966658700000001,0.13333320000000004,5,finger_1,constant,-3.8005925158975903e-17,-5.067451620406767e-18,0.03999993200000031,0.039999932,0.039999932,0.039999932,5,constant,3.0000030006130364e-12,4.000000000813382e-13,9.682418399999952e-07,9.682652e-07,9.682656e-07,9.6826554e-07,5
demo_2_labeled,approach,235,239,7.833325500000001,7.966658700000001,0.13333320000000004,5,finger_2,constant,3.8005925158975903e-17,5.067451620406767e-18,0.03999992999999972,0.03999993,0.03999993,0.03999993,5,constant,9.000008997199714e-13,1.1999999996254293e-13,1.0224172500000022e-06,1.0224243e-06,1.0224245e-06,1.02242436e-06,5
demo_2_labeled,approach,240,244,7.999992000000001,8.133325200000002,0.13333320000000093,5,joint_1,constant,-0.010505830505829188,-0.0014007759999998342,-0.24686476000001042,-0.3304655,-0.33202025,-0.331611708,5,ramp_down,-3.0748646384846263,-0.4099815418160012,24.901977026863907,0.5288258,-0.00014692312,0.09809374699600001,5
demo_2_labeled,approach,240,244,7.999992000000001,8.133325200000002,0.13333320000000093,5,joint_2,constant,-0.020265530265531382,-0.0027020680000001676,0.7134838280000091,0.55236185,0.54926944,0.550008714,5,ramp_up,0.2335940348240315,0.031145840163999773,-1.8975363140269732,-0.014212916,5.016535e-06,-0.013212984105000002,5
demo_2_labeled,approach,240,244,7.999992000000001,8.133325200000002,0.13333320000000093,5,joint_3,constant,-0.0007822807822789936,-0.00010430399999976224,0.5884603099999856,0.5821778,0.5821024,0.582149918,5,ramp_up,3.0829667749667626,0.4110618256000012,-24.971554664253905,-0.51834387,-9.800123e-05,-0.10231421545399999,5
demo_2_labeled,approach,240,244,7.999992000000001,8.133325200000002,0.13333320000000093,5,joint_4,ramp_up,0.052956952956949264,0.007060919999999557,-3.18224431999997,-2.7619822,-2.7532651,-2.75505866,5,ramp_down,-7.268301633435597,-0.9691059153512019,58.87338279854352,1.2128298,2.1937041e-05,0.24247491979619995,5
demo_2_labeled,approach,240,244,7.999992000000001,8.133325200000002,0.13333320000000093,5,joint_5,constant,-0.0011616011616008232,-0.00015487999999995596,0.5521460799999972,0.5429345,0.5427394,0.5427758399999999,5,ramp_down,-2.9340234623214503,-0.39120273710640113,23.764474708383506,0.49483693,2.9745257e-05,0.09670911344640001,5
demo_2_labeled,approach,240,244,7.999992000000001,8.133325200000002,0.13333320000000093,5,joint_6,constant,0.0037026037026129236,0.0004936800000012329,3.6824453999999247,3.7118769,3.7124474,3.71231304,5,ramp_up,6.3970263276003,0.8529359907432023,-51.81274675489758,-1.0796069,1.3527429e-05,-0.2101193149342,5
demo_2_labeled,approach,240,244,7.999992000000001,8.133325200000002,0.13333320000000093,5,joint_7,constant,0.0007603207603214786,0.00010137600000009648,0.2799057979999941,0.28594363,0.28606546,0.2860390460000001,5,ramp_up,3.478047387704172,0.4637391879542411,-28.171243790566336,-0.5835154,-1.3995797e-06,-0.11502291933494,5
demo_2_labeled,approach,240,244,7.999992000000001,8.133325200000002,0.13333320000000093,5,finger_1,constant,2.7891027891007965e-05,3.718799999997369e-06,0.03977405040000016,0.039995514,0.04,0.039999037800000005,5,constant,0.00023178201220701902,3.0904237390001124e-05,-0.0018612004186100552,-0.00011986015,-1.904218e-09,8.505943484999999e-06,5
demo_2_labeled,approach,240,244,7.999992000000001,8.133325200000002,0.13333320000000093,5,finger_2,constant,-4.671004671023704e-06,-6.22800000002542e-07,0.040036247800000146,0.04,0.039999094,0.039998568400000004,5,constant,0.0002879612219612149,3.839479119999933e-05,-0.0023228674799999436,2.9285313e-05,1.6911272e-05,1.7387599999998933e-08,5
demo_2_labeled,approach,245,249,8.1666585,8.299991700000001,0.13333320000000093,5,joint_1,constant,-3.540003540378642e-06,-4.7200000005001686e-07,-0.3319941759999969,-0.33202285,-0.33202344,-0.33202332199999995,5,constant,0.0002042356886956876,2.7231397928000044e-05,-0.001690268305101991,-3.1046853e-05,-6.7886094e-07,-8.729483048e-06,5
demo_2_labeled,approach,245,249,8.1666585,8.299991700000001,0.13333320000000093,5,joint_2,constant,0.0,0.0,0.54926944,0.54926944,0.54926944,0.54926944,5,constant,-3.067515763515757e-05,-4.09001692800002e-06,0.0002537595061419995,6.214103e-06,2.9446454e-07,1.200960838e-06,5
demo_2_labeled,approach,245,249,8.1666585,8.299991700000001,0.13333320000000093,5,joint_3,constant,0.0,0.0,0.5821005999999999,0.5821006,0.5821006,0.5821006,5,constant,0.00015514927495927411,2.068654930800003e-05,-0.0012831736935089932,-2.3351371e-05,1.9187667e-07,-5.779273739999999e-06,5
demo_2_labeled,approach,245,249,8.1666585,8.299991700000001,0.13333320000000093,5,joint_4,constant,0.0,0.0,-2.7532650999999997,-2.7532651,-2.7532651,-2.7532651,5,constant,-3.56659436269435e-05,-4.755454394800017e-06,0.00029479107685289897,6.382876e-06,6.395873e-09,1.1417679739999999e-06,5
demo_2_labeled,approach,245,249,8.1666585,8.299991700000001,0.13333320000000093,5,joint_5,constant,0.0,0.0,0.5427393999999998,0.5427394,0.5427394,0.5427394,5,constant,-5.262119526119493e-05,-7.016152352000005e-06,0.00043473354394799735,7.119444e-06,-5.3922184e-07,1.486136212e-06,5
demo_2_labeled,approach,245,249,8.1666585,8.299991700000001,0.13333320000000093,5,joint_6,constant,-4.8647584203488935e-15,-6.486338074120676e-16,3.71244740000004,3.7124474,3.7124474,3.7124474,5,constant,4.4687735687733954e-06,5.95835879999981e-07,-3.6153685509998576e-05,1.9544366e-06,1.0988291e-06,6.3918008e-07,5
demo_2_labeled,approach,245,249,8.1666585,8.299991700000001,0.13333320000000093,5,joint_7,constant,3.0404740127180585e-16,4.0539612963254225e-17,0.2860654599999974,0.28606546,0.28606546,0.28606546,5,constant,8.302144642144571e-06,1.1069515119999983e-06,-6.815156574399942e-05,-4.86592e-07,5.4963283e-07,2.02690122e-07,5
demo_2_labeled,approach,245,249,8.1666585,8.299991700000001,0.13333320000000093,5,finger_1,constant,3.800592515897573e-17,5.067451620406778e-18,0.03999999999999968,0.04,0.04,0.04,5,constant,2.8056248304248154e-09,3.740829366400006e-10,-2.320763611311988e-08,-4.2883735e-10,-1.0788124e-12,-1.0801477559999998e-10,5
demo_2_labeled,approach,245,249,8.1666585,8.299991700000001,0.13333320000000093,5,finger_2,constant,2.9970029970083984e-06,3.9960000000072295e-07,0.03997512689999994,0.039999522,0.039999932,0.039999802200000004,5,constant,-6.202393882393847e-05,-8.269850240000011e-06,0.0005144440736199971,9.279792e-06,9.677361e-07,3.7808212999999996e-06,5
demo_2_labeled,approach,250,251,8.333325,8.366658300000001,0.033333300000000676,2,joint_1,constant,1.6653362022739032e-15,5.551115123125783e-17,-0.3320234400000139,-0.33202344,-0.33202344,-0.33202344,2,constant,6.984210984210862e-07,2.3280680000000065e-08,-6.407269749999898e-06,-5.8709975e-07,-5.6381907e-07,-5.7545941e-07,2
demo_2_labeled,approach,250,251,8.333325,8.366658300000001,0.033333300000000676,2,joint_2,constant,0.0,0.0,0.5492694399999998,0.54926944,0.54926944,0.54926944,2,constant,-9.498909498909285e-08,-3.166299999999993e-09,1.0742969999999822e-06,2.82722e-07,2.795557e-07,2.8113885e-07,2
demo_2_labeled,approach,250,251,8.333325,8.366658300000001,0.033333300000000676,2,joint_3,constant,-1.6653362022739032e-15,-5.551115123125783e-17,0.5821006000000137,0.5821006,0.5821006,0.5821006,2,constant,4.701406701406605e-07,1.5671339999999998e-08,-3.6643637199999205e-06,2.5347128e-07,2.6914262e-07,2.6130695e-07,2
demo_2_labeled,approach,250,251,8.333325,8.366658300000001,0.033333300000000676,2,joint_4,constant,1.3322689618191226e-14,4.440892098500626e-16,-2.7532651000001103,-2.7532651,-2.7532651,-2.7532651,2,constant,-2.4425646425645937e-08,-8.141874000000003e-10,2.0622271199999592e-07,2.675862e-09,1.8616746e-09,2.2687683e-09,2
demo_2_labeled,approach,250,251,8.333325,8.366658300000001,0.033333300000000676,2,joint_5,constant,-4.99600860682171e-15,-1.6653345369377348e-16,0.5427394000000415,0.5427394,0.5427394,0.5427394,2,constant,-6.977856977856263e-08,-2.325949999999809e-09,3.314129999994065e-08,-5.483462e-07,-5.5067215e-07,-5.495091749999999e-07,2
demo_2_labeled,approach,250,251,8.333325,8.366658300000001,0.033333300000000676,2,joint_6,constant,-3.996806885457368e-14,-1.3322676295501878e-15,3.712447400000332,3.7124474,3.7124474,3.7124474,2,constant,-1.0473010473014752e-08,-3.4910000000014973e-10,1.1846600000000354e-06,1.097385e-06,1.0970359e-06,1.09721045e-06,2
demo_2_labeled,approach,250,251,8.333325,8.366658300000001,0.033333300000000676,2,joint_7,constant,-8.326681011369516e-16,-2.7755575615628914e-17,0.2860654600000068,0.28606546,0.28606546,0.28606546,2,constant,1.302001302001005e-09,4.339999999999098e-11,5.389557000000025e-07,5.498057e-07,5.498491e-07,5.498274000000001e-07,2
demo_2_labeled,approach,250,251,8.333325,8.366658300000001,0.033333300000000676,2,finger_1,constant,-1.0408351264211895e-16,-3.469446951953614e-18,0.04000000000000086,0.04,0.04,0.04,2,constant,5.102229962229858e-12,1.7007416199999997e-13,-4.2736548249999136e-11,-2.1800775e-13,-4.7933588e-14,-1.32970669e-13,2
demo_2_labeled,approach,250,251,8.333325,8.366658300000001,0.033333300000000676,2,finger_2,constant,-1.0408351264211895e-16,-3.469446951953614e-18,0.039999932000000855,0.039999932,0.039999932,0.039999932,2,constant,2.8650028649961294e-09,9.549999999977742e-11,9.442370000000562e-07,9.68112e-07,9.682075e-07,9.6815975e-07,2
demo_2_labeled,pick,252,256,8.399991600000002,8.5333248,0.13333319999999915,5,joint_1,constant,-0.0018441618441634414,-0.0002458880000002114,-0.31647102399998633,-0.33202344,-0.3323308,-0.332084912,5,ramp_down,-0.20852391963130207,-0.027803161480984148,1.7585494067863328,-5.579099e-07,-0.03475451,-0.006951347256172001,5
demo_2_labeled,pick,252,256,8.399991600000002,8.5333248,0.13333319999999915,5,joint_2,constant,-0.0012818412818406232,-0.0001709119999999111,0.5600796239999943,0.54926944,0.5490558,0.5492267120000001,5,constant,-0.022724439301359565,-0.0030299222102560157,0.19164285838195624,2.7872866e-07,-0.003787124,-0.0007572019693019999,5
demo_2_labeled,pick,252,256,8.399991600000002,8.5333248,0.13333319999999915,5,joint_3,constant,-0.0031422031422025406,-0.0004189599999999171,0.6085998199999948,0.5821006,0.5815769,0.5819958599999999,5,constant,-0.02234070352902379,-0.002978757491776016,0.18840668517136425,2.7312578e-07,-0.0037231739,-0.0007444155564140001,5
demo_2_labeled,pick,252,256,8.399991600000002,8.5333248,0.13333319999999915,5,joint_4,constant,0.0005418005417927487,7.223999999896047e-05,-2.7578342799999342,-2.7532651,-2.7531748,-2.75324704,5,constant,0.018858848188793707,0.002514510577326053,-0.15904279237631003,1.6711276e-09,0.0031431399,0.00062862928389536,5
demo_2_labeled,pick,252,256,8.399991600000002,8.5333248,0.13333319999999915,5,joint_5,constant,0.002940002940003544,0.00039200000000007805,0.5179453999999947,0.5427394,0.5432294,0.5428374,5,ramp_down,-0.1817409183014304,-0.024232098208068126,1.532679660293786,-5.5126384e-07,-0.030290674,-0.00605857591855,5
demo_2_labeled,pick,252,256,8.399991600000002,8.5333248,0.13333319999999915,5,joint_6,constant,0.002729402729407544,0.0003639200000006396,3.6894294599999595,3.7124474,3.7129023,3.7125383800000002,5,ramp_down,-0.2635223932379963,-0.035136283962080184,2.222371057535886,1.0969492e-06,-0.043919258,-0.008782974056220002,5
demo_2_labeled,pick,252,256,8.399991600000002,8.5333248,0.13333319999999915,5,joint_7,constant,-0.0018475218475221208,-0.00024633600000003485,0.3016462120000023,0.28606546,0.28575754,0.286003876,5,ramp_up,0.1616806445233764,0.021557397712364115,-1.3635048554451321,5.4986e-07,0.026947297,0.005389899289998,5
demo_2_labeled,pick,252,256,8.399991600000002,8.5333248,0.13333319999999915,5,finger_1,ramp_down,-0.04192654192654241,-0.005590200000000029,0.3935801500000041,0.04,0.03301225,0.038602449999999996,5,ramp_down,-1.233804753805117,-0.16450713600004738,10.405076352003118,3.1267815e-14,-0.20563392,-0.041126783999958796,5
demo_2_labeled,pick,252,256,8.399991600000002,8.5333248,0.13333319999999915,5,finger_2,ramp_down,-0.041431901431901876,-0.005524248000000024,0.3894086180000038,0.039999932,0.033094622,0.03861887,5,ramp_down,-1.228554677938292,-0.16380712658448085,10.36080172470414,9.682315e-07,-0.20475794,-0.04095081341046,5
demo_2_labeled,pick,257,261,8.566658100000001,8.6999913,0.13333319999999915,5,joint_1,constant,-0.003661923661923533,-0.0004882559999999797,-0.30143728400000114,-0.33281258,-0.33329928,-0.33305186,5,constant,0.05935566775566726,0.007914081119999883,-0.5159343520199958,-0.015793627,-0.0011661755,-0.003497599500000001,5
demo_2_labeled,pick,257,261,8.566658100000001,8.6999913,0.13333319999999915,5,joint_2,constant,-0.0031668031668041,-0.00042224000000012175,0.5760649000000079,0.5489882,0.5485874,0.5487248599999999,5,constant,0.02321732051732146,0.003095639640000106,-0.20766724395000816,-0.00230951,-0.0051365476,-0.007224577259999999,5
demo_2_labeled,pick,257,261,8.566658100000001,8.6999913,0.13333319999999915,5,joint_3,constant,-0.004258774258774915,-0.0005678360000000839,0.6177286290000056,0.5811629,0.5806529,0.580961248,5,constant,-0.011134084534084914,-0.0014845431200000412,0.08865676038000328,-0.007984947,-0.00698342,-0.0074674066399999985,5
demo_2_labeled,pick,257,261,8.566658100000001,8.6999913,0.13333319999999915,5,joint_4,constant,-0.00045900045900283486,-6.12000000003164e-05,-2.7491605199999785,-2.7530959,-2.753152,-2.75312322,5,constant,0.02186218259218277,0.002914954764000005,-0.18668886609100152,0.0015684175,0.0032520564,0.0020544548780000002,5
demo_2_labeled,pick,257,261,8.566658100000001,8.6999913,0.13333319999999915,5,joint_5,constant,0.0011282111282113828,0.000150428000000033,0.5337478129999977,0.54347485,0.5435536,0.543488026,5,ramp_down,-0.08217738747738819,-0.010956974040000025,0.7011821286500062,-0.0045940587,-0.013349085,-0.00828194044,5
demo_2_labeled,pick,257,261,8.566658100000001,8.6999913,0.13333319999999915,5,joint_6,constant,0.002784002783999007,0.000371199999999494,3.689205000000032,3.7130847,3.7134085,3.7132402,5,ramp_down,-0.19938080538080646,-0.026584080799999976,1.6952304954000095,-0.007535446,-0.03377935,-0.0260887364,5
demo_2_labeled,pick,257,261,8.566658100000001,8.6999913,0.13333319999999915,5,joint_7,constant,-0.0009411009410998594,-0.00012547999999985499,0.2937395459999907,0.2856275,0.28554305,0.285614716,5,ramp_down,-0.17382784122784087,-0.023177022319999806,1.4770078116999972,0.0039759744,-0.029424377,-0.02370438352,5
demo_2_labeled,pick,257,261,8.566658100000001,8.6999913,0.13333319999999915,5,finger_1,ramp_down,-0.04265369465369474,-0.005687153599999975,0.3892867962000008,0.026101984,0.019426977,0.0210436006,5,ramp_up,1.5519638499638522,0.20692830639999898,-13.40648024300002,-0.2012647,0.0479857,-0.007872403599999992,5
demo_2_labeled,pick,257,261,8.566658100000001,8.6999913,0.13333319999999915,5,finger_2,constant,-0.03235888435888438,-0.004314513599999975,0.3012581898000002,0.026216788,0.020899937,0.0218934342,5,ramp_up,1.7949068049068087,0.239320667999999,-15.478087099000033,-0.20116481,0.0797831,0.017926154000000003,5
demo_2_labeled,transport,262,266,8.733324600000001,8.8666578,0.13333319999999915,5,joint_1,constant,-0.00045342045342032365,-6.045599999998231e-05,-0.3294141160000011,-0.33336192,-0.33342448,-0.33340421200000003,5,constant,0.010173952623952627,0.0013565256599999919,-0.08876492200500004,-8.3467225e-05,0.0013004921,0.0007657715549999999,5
demo_2_labeled,transport,262,266,8.733324600000001,8.8666578,0.13333319999999915,5,joint_2,constant,-0.00012789012789283,-1.7052000000360174e-05,0.5496922000000237,0.5485769,0.5485595,0.5485667679999999,5,constant,0.0011879324879324994,0.00015839084000000053,-0.015454995000000103,-0.0051061013,-0.004951869,-0.005001199560000001,5
demo_2_labeled,transport,262,266,8.733324600000001,8.8666578,0.13333319999999915,5,joint_3,constant,-0.0015937515937526053,-0.0002125000000001335,0.5944614900000089,0.5805547,0.5803402,0.58043649,5,constant,0.00965104355104356,0.001286804519999993,-0.09017928580000008,-0.0060458235,-0.004734522,-0.00525018748,5
demo_2_labeled,transport,262,266,8.733324600000001,8.8666578,0.13333319999999915,5,joint_4,constant,-0.00042420042418849397,-5.655999999840895e-05,-2.749464480000105,-2.753168,-2.7532246,-2.75319744,5,constant,0.0006390981390981336,8.521299999999872e-05,-0.0023171275799999513,0.0032603,0.003359645,0.0033069304200000005,5
demo_2_labeled,transport,262,266,8.733324600000001,8.8666578,0.13333319999999915,5,joint_5,constant,-0.0018342918342926359,-0.0002445720000001053,0.5595430120000071,0.5435178,0.54327464,0.54340126,5,constant,-0.005362550362550342,-0.0007150059999999928,0.03282782589999983,-0.013873567,-0.0146102905,-0.0143625701,5
demo_2_labeled,transport,262,266,8.733324600000001,8.8666578,0.13333319999999915,5,joint_6,constant,0.0006669006669083076,8.892000000101818e-05,3.707628019999932,3.7134476,3.7135372,3.71349674,5,constant,-0.0052471282471283544,-0.0006996164000000099,0.011245301800000947,-0.034500126,-0.035217512,-0.034929380600000004,5
demo_2_labeled,transport,262,266,8.733324600000001,8.8666578,0.13333319999999915,5,joint_7,constant,-0.00028233028233105086,-3.7644000000102234e-05,0.2879855140000067,0.2855231,0.28548506,0.28550101,5,constant,0.009736368736368762,0.0012981811999999951,-0.11511725540000023,-0.02990598,-0.028643984,-0.0294372962,5
demo_2_labeled,transport,262,266,8.733324600000001,8.8666578,0.13333319999999915,5,finger_1,constant,-0.0007273897273897786,-9.69852000000062e-05,0.025697350800000445,0.019356517,0.019257555,0.0192963276,5,constant,0.010770712770712848,0.0014360936000000011,-0.044364126200000686,0.049428597,0.050916806,0.0504180514,5
demo_2_labeled,transport,262,266,8.733324600000001,8.8666578,0.13333319999999915,5,finger_2,constant,0.0007213297213297632,9.617720000000497e-05,0.014682565999999635,0.02097041,0.02106858,0.0210302612,5,constant,-0.005443331443331336,-0.0007257767999999811,0.12676505799999907,0.07931068,0.078572236,0.0788637892,5
demo_2_labeled,transport,267,271,8.899991100000001,9.0333243,0.13333319999999915,5,joint_1,constant,0.0001862701862707883,2.4836000000080113e-05,-0.3350810070000053,-0.33342212,-0.33339745,-0.33341078599999996,5,constant,0.0009133929133929154,0.0001217855999999995,-0.006726909180000018,0.0013936269,0.001512611,0.00146317242,5
demo_2_labeled,transport,267,271,8.899991100000001,9.0333243,0.13333319999999915,5,joint_2,constant,-4.407004406953762e-05,-5.875999999932436e-06,0.5489500509999953,0.54855776,0.54855174,0.5485548899999999,5,constant,-0.00020781980781980103,-2.7709279999998917e-05,-0.0030585472200000616,-0.004916831,-0.0049296413,-0.0049219963,5
demo_2_labeled,transport,267,271,8.899991100000001,9.0333243,0.13333319999999915,5,joint_3,constant,-0.0008898908898890943,-0.00011865199999975984,0.588223364999984,0.580305,0.5801862,0.5802440179999999,5,constant,0.0014526314526314451,0.00019368399999999776,-0.017555319239999933,-0.004638778,-0.0044455878,-0.00453007024,5
demo_2_labeled,transport,267,271,8.899991100000001,9.0333243,0.13333319999999915,5,joint_4,constant,-0.0003210003209985628,-4.27999999997653e-05,-2.7503812800000156,-2.7532377,-2.7532806,-2.75325958,5,constant,0.00027495657495656416,3.666083999999833e-05,0.0009023936300000968,0.003347133,0.0033794106,0.00336783512,5
demo_2_labeled,transport,267,271,8.899991100000001,9.0333243,0.13333319999999915,5,joint_5,constant,-0.0019270219270217151,-0.0002569359999999701,0.5603568779999981,0.5432077,0.5429509,0.543077932,5,constant,0.0011583281583281372,0.0001544435999999962,-0.024947771299999814,-0.014627405,-0.014481896,-0.014561439200000002,5
demo_2_labeled,transport,267,271,8.899991100000001,9.0333243,0.13333319999999915,5,joint_6,constant,0.0003489003488879991,4.6519999998353065e-05,3.71044893000011,3.7135527,3.7135994,3.7135773999999997,5,constant,-0.0002728142728144148,-3.63752000000187e-05,-0.03281439699999873,-0.035219327,-0.035264242,-0.035260629200000004,5
demo_2_labeled,transport,267,271,8.899991100000001,9.0333243,0.13333319999999915,5,joint_7,constant,-2.2800022800377573e-06,-3.0400000000472837e-07,0.28550055800000035,0.28548148,0.28548113,0.285480114,5,constant,0.016174585174585206,0.0021566091999999904,-0.17203660490000028,-0.028106118,-0.02593797,-0.027004636199999998,5
demo_2_labeled,transport,267,271,8.899991100000001,9.0333243,0.13333319999999915,5,finger_1,constant,-9.703809703807093e-05,-1.2938399999996435e-05,0.020112809199999766,0.019250195,0.019237114,0.0192427018,5,constant,-0.003089469089468987,-0.00041192879999998373,0.07839970919999907,0.05088405,0.050476193,0.0506974974,5
demo_2_labeled,transport,267,271,8.899991100000001,9.0333243,0.13333319999999915,5,finger_2,constant,8.911508911507654e-05,1.1881999999998247e-05,0.020283583500000108,0.021075683,0.02108771,0.021082648000000002,5,constant,-0.0014636624636622773,-0.0001951547999999739,0.09152171049999834,0.078486346,0.07830545,0.0783975502,5
demo_2_labeled,transport,272,276,9.0666576,9.1999908,0.13333320000000093,5,joint_1,ramp_down,-0.34448539448539417,-0.04593134000000028,2.781647829999997,-0.3433763,-0.39003295,-0.36464895999999997,5,ramp_down,-1.5500144900144865,-0.20666839200000098,13.846893819999968,-0.24758315,-0.46533555,-0.309891032,5
demo_2_labeled,transport,272,276,9.0666576,9.1999908,0.13333320000000093,5,joint_2,ramp_down,-2.151206811206816,-0.2868272880000027,20.003224976000045,0.49773422,0.21142717,0.355555748,5,ramp_down,-1.9086676086676189,-0.25448876000000314,15.348443560000094,-1.9105803,-2.1741333,-2.0840365,5
demo_2_labeled,transport,272,276,9.0666576,9.1999908,0.13333320000000093,5,joint_3,ramp_up,0.6401985401985401,0.08535972000000057,-5.2098175919999985,0.5959191,0.68155444,0.637323228,5,ramp_up,1.2390659190659226,0.1652086240000016,-10.721951456000033,0.5096604,0.6953956,0.594839288,5
demo_2_labeled,transport,272,276,9.0666576,9.1999908,0.13333320000000093,5,joint_4,ramp_down,-0.5643893643893512,-0.07525183999999877,2.3380373599998787,-2.7768955,-2.8523602,-2.81671368,5,ramp_up,1.6994914394914484,0.22659863200000277,-16.07885696400008,-0.69813263,-0.45889655,-0.5568506719999999,5
demo_2_labeled,transport,272,276,9.0666576,9.1999908,0.13333320000000093,5,joint_5,ramp_up,0.4135053535053541,0.055133992000000465,-3.182541892000005,0.5631095,0.61758816,0.59413656,5,ramp_down,-2.914501834501834,-0.38859985600000263,27.009232615999995,0.54427606,0.14731854,0.39014248,5
demo_2_labeled,transport,272,276,9.0666576,9.1999908,0.13333320000000093,5,joint_6,ramp_down,-1.6837999837999902,-0.22450644000000242,18.937099700000058,3.6664398,3.4420066,3.55840856,5,ramp_down,-3.456522156522152,-0.46086916000000255,29.981088399999955,-1.3672296,-1.8204073,-1.5884490599999999,5
demo_2_labeled,transport,272,276,9.0666576,9.1999908,0.13333320000000093,5,joint_7,ramp_up,0.34294732294732233,0.04572626400000024,-2.8193680459999944,0.2923276,0.33847183,0.312881038,5,ramp_up,2.233993483993487,0.29786550000000245,-20.10564885200003,0.15696143,0.46915478,0.29813789799999996,5
demo_2_labeled,transport,272,276,9.0666576,9.1999908,0.13333320000000093,5,finger_1,constant,0.0005261675261674816,7.015559999999455e-05,0.014427779000000411,0.019197568,0.019269988,0.0192334376,5,ramp_down,-0.2743230283230329,-0.03657636720000087,2.526162695600042,0.055955533,0.010647032,0.020681542400000003,5
demo_2_labeled,transport,272,276,9.0666576,9.1999908,0.13333320000000093,5,finger_2,constant,-0.0012173172173172903,-0.00016230880000001088,0.03210005660000067,0.021083064,0.020908697,0.0209819038,5,constant,-0.061656751656753314,-0.008220892000000278,0.6349193960000151,0.082684465,0.071354955,0.071788294,5
demo_2_labeled,transport,277,281,9.2333241,9.366657300000002,0.13333320000000093,5,joint_1,ramp_down,-0.405491475491464,-0.05406547599999885,3.2865586929998933,-0.41664407,-0.46580297,-0.48450825799999997,5,ramp_up,24.019969819969628,3.2026594399999966,-223.73495259999822,-0.8580955,1.0086457,-0.3494566599999999,5
demo_2_labeled,transport,277,281,9.2333241,9.366657300000002,0.13333320000000093,5,joint_2,ramp_down,-2.002381270381262,-0.26698390240000075,18.624992061155922,0.13892712,-0.13190413,0.002864868755999994,5,ramp_up,0.3133593133593074,0.0417811999999995,-4.963667899999946,-2.1743674,-2.1737034,-2.0494292,5
demo_2_labeled,transport,277,281,9.2333241,9.366657300000002,0.13333320000000093,5,joint_3,ramp_up,0.7926453426453302,0.10568593999999908,-6.573070728999884,0.71358776,0.8124107,0.798523586,5,ramp_down,-20.00753564753552,-2.6676687520000013,186.75245006399882,0.9939007,-0.60983324,0.6825546119999999,5
demo_2_labeled,transport,277,281,9.2333241,9.366657300000002,0.13333320000000093,5,joint_4,ramp_up,0.1379287379287343,0.018390479999999647,-4.153107659999967,-2.8671327,-2.8534305,-2.87037168,5,ramp_up,6.2152411552410625,0.8286979919999934,-57.789129607999136,-0.42815176,0.09037682,0.012555334000000012,5
demo_2_labeled,transport,277,281,9.2333241,9.366657300000002,0.13333320000000093,5,joint_5,ramp_up,1.0331566931566982,0.13775408800000163,-8.966664096000047,0.614159,0.7415735,0.641683542,5,ramp_up,19.360243420243226,2.581363207999992,-179.1646312799982,-0.20020491,1.2774626,0.885452478,5
demo_2_labeled,transport,277,281,9.2333241,9.366657300000002,0.13333320000000093,5,joint_6,ramp_down,-2.1427755427755337,-0.2857031200000008,23.16534993999992,3.3764348,3.0898314,3.2375573199999996,5,ramp_down,-2.838574038574009,-0.3784761599999987,24.374784279999723,-1.9062052,-2.2076676,-2.02392788,5
demo_2_labeled,transport,277,281,9.2333241,9.366657300000002,0.13333320000000093,5,joint_7,ramp_down,-0.6877017577017601,-0.09169347600000097,6.754089377000023,0.3615913,0.28388885,0.358469426,5,ramp_down,-19.727961587961293,-2.630392247999979,183.01758766999725,0.71044976,-0.6124881,-0.452271628,5
demo_2_labeled,transport,277,281,9.2333241,9.366657300000002,0.13333320000000093,5,finger_1,constant,0.0019243009243009046,0.00025657319999999916,0.0014852951000001897,0.019296762,0.019521784,0.0193812758,5,ramp_down,-0.07893778893779274,-0.01052502800000058,0.7459703398000354,0.010538639,-0.012484033,0.0118496368,5
demo_2_labeled,transport,277,281,9.2333241,9.366657300000002,0.13333320000000093,5,finger_2,constant,-0.0021071211071210807,-0.00028094919999999845,0.040349651899999756,0.020865312,0.020618303,0.0207534452,5,constant,0.06049128049128229,0.008065496000000295,-0.4927650246000167,0.0717674,0.08544541,0.06980332139999999,5
demo_2_labeled,transport,282,286,9.3999906,9.533323800000002,0.13333320000000093,5,joint_1,ramp_up,0.1850382350382317,0.024671739999999727,-2.1813311239999686,-0.44490835,-0.41972426,-0.42963758399999996,5,ramp_down,-2.6827495867495657,-0.35769958719999967,25.607275554399802,0.4448457,0.068192676,0.2106048632,5
demo_2_labeled,transport,282,286,9.3999906,9.533323800000002,0.13333320000000093,5,joint_2,ramp_down,-2.0051993351993254,-0.26735964400000056,18.64096261199991,-0.20424327,-0.4708776,-0.341572112,5,ramp_up,3.804838704838698,0.5073113200000026,-37.95750621999993,-2.1641927,-1.662979,-1.9384025,5
demo_2_labeled,transport,282,286,9.3999906,9.533323800000002,0.13333320000000093,5,joint_3,ramp_down,-0.4447894447894425,-0.059305200000000106,4.9791986399999795,0.7972202,0.7378643,0.76852944,5,ramp_down,-0.6820986220986213,-0.09094639200000053,6.039074127999992,-0.38916627,-0.4714519,-0.418119704,5
demo_2_labeled,transport,282,286,9.3999906,9.533323800000002,0.13333320000000093,5,joint_4,ramp_up,0.13248553248553557,0.017664720000000536,-4.099496820000031,-2.8519652,-2.834149,-2.8453017,5,ramp_up,1.9816830796830731,0.26422414640000097,-18.626925710599938,0.011627445,0.27073672,0.1329886838,5
demo_2_labeled,transport,282,286,9.3999906,9.533323800000002,0.13333320000000093,5,joint_5,ramp_down,-0.19678057678057626,-0.026237384000000114,2.6156498399999952,0.7600732,0.7347325,0.7527955759999999,5,ramp_down,-5.299444982944943,-0.7065919577999995,50.04745277069962,0.32390323,-0.40335813,-0.12057623310000001,5
demo_2_labeled,transport,282,286,9.3999906,9.533323800000002,0.13333320000000093,5,joint_6,ramp_down,-2.132483132483116,-0.28433079999999983,23.05599813999985,3.0132058,2.7289903,2.86851134,5,ramp_up,2.1310266310266224,0.28413660000000085,-22.20329167999992,-2.1647184,-1.8815509,-2.02959308,5
demo_2_labeled,transport,282,286,9.3999906,9.533323800000002,0.13333320000000093,5,joint_7,ramp_up,0.31438363438363287,0.04191777600000009,-2.676005639999986,0.28115562,0.32243258,0.300156456,5,ramp_up,2.017065487065465,0.2689417959999989,-18.84542862499979,0.045058675,0.33277082,0.249438891,5
demo_2_labeled,transport,282,286,9.3999906,9.533323800000002,0.13333320000000093,5,finger_1,constant,0.0003228573228573761,4.30476000000074e-05,0.016368365799999503,0.019411556,0.019445198,0.0194247454,5,constant,0.02666853176853132,0.003555800679999965,-0.24592449461999577,0.0024468643,0.007361691,0.00653735366,5
demo_2_labeled,transport,282,286,9.3999906,9.533323800000002,0.13333320000000093,5,finger_2,constant,-0.00032059832059829206,-4.274639999999649e-05,0.023735764399999724,0.020716049,0.020681899,0.02070077,5,constant,-0.01878706878706842,-0.0025049399999999685,0.24767226719999655,0.073168606,0.069371544,0.0698215272,5
demo_2_labeled,transport,287,291,9.5666571,9.6999903,0.13333319999999915,5,joint_1,constant,-0.017297147297147274,-0.0023062839999999822,-0.25272343500000016,-0.41832772,-0.41967264,-0.41935245400000004,5,constant,0.015041037941033286,0.0020054697199993667,-0.14974560592995514,0.028210897,0.060281806,-0.004850418660000001,5
demo_2_labeled,transport,287,291,9.5666571,9.6999903,0.13333319999999915,5,joint_2,ramp_down,-1.0962462762462781,-0.1461660239999993,9.952340408000019,-0.5252706,-0.666843,-0.608154826,5,ramp_up,9.373994017993995,1.249864619199989,-91.34630862239977,-1.5070863,-0.090407126,-1.0435898851999998,5
demo_2_labeled,transport,287,291,9.5666571,9.6999903,0.13333319999999915,5,joint_3,ramp_down,-0.44777039777039884,-0.05970265999999976,5.00148450100001,0.72070056,0.66406095,0.6879673160000002,5,ramp_up,2.9099905457905333,0.3879983514399959,-28.44013772567988,-0.49354047,-0.0046477607,-0.40725683414,5
demo_2_labeled,transport,287,291,9.5666571,9.6999903,0.13333319999999915,5,joint_4,ramp_up,0.42016452016452555,0.056021880000000364,-6.843030930000052,-2.8236516,-2.7702098,-2.7954501,5,ramp_down,-1.3682874482874325,-0.18243814399999675,13.548354931999848,0.3431051,0.04799007,0.36719902800000004,5
demo_2_labeled,transport,287,291,9.5666571,9.6999903,0.13333319999999915,5,joint_5,ramp_down,-0.4372731772731782,-0.058303031999999755,4.89946228200001,0.71911424,0.664395,0.6870682199999999,5,ramp_up,2.6548632886632744,0.35398141783999587,-25.97378667747986,-0.45914882,-0.0025856227,-0.39862923854,5
demo_2_labeled,transport,287,291,9.5666571,9.6999903,0.13333319999999915,5,joint_6,ramp_down,-1.3887232887232852,-0.18516291999999834,15.936823669999967,2.6648815,2.4904315,2.5588027,5,ramp_up,10.94468792468789,1.4592902639999863,-106.79084507799966,-1.8005779,-0.05204672,-1.357123504,5
demo_2_labeled,transport,287,291,9.5666571,9.6999903,0.13333319999999915,5,joint_7,ramp_up,0.2524292224292222,0.03365719599999976,-2.078195106999998,0.3342042,0.36601627,0.353537304,5,ramp_down,-2.0424482160482094,-0.27232615647999736,19.913446748559934,0.32294893,0.0012676244,0.23788194288000003,5
demo_2_labeled,transport,287,291,9.5666571,9.6999903,0.13333319999999915,5,finger_1,constant,-0.0003688293688293096,-4.917719999999179e-05,0.022972296299999424,0.019442834,0.019397847,0.019419243599999997,5,constant,0.0027345732345732503,0.00036460939999999976,-0.01876728135000015,0.007420997,0.0078147175,0.0075757478,5
demo_2_labeled,transport,287,291,9.5666571,9.6999903,0.13333319999999915,5,finger_2,constant,0.0006140166140166342,8.186880000000217e-05,0.014812796799999806,0.020688633,0.020765413,0.020727817599999997,5,constant,-0.006365286365286151,-0.000848703999999966,0.13044822099999798,0.06937706,0.068370305,0.069129357,5
demo_2_labeled,transport,292,296,9.7333236,9.8666568,0.13333319999999915,5,joint_1,constant,0.007191217191216958,0.0009588279999999628,-0.48890539199999766,-0.41878662,-0.41760275,-0.41843153400000005,5,ramp_up,1.2097056889056765,0.16129393055999733,-11.81208817083988,0.009483146,0.2121651,0.043015725319999996,5
demo_2_labeled,transport,292,296,9.7333236,9.8666568,0.13333319999999915,5,joint_2,constant,0.017575217575217475,0.002343359999999972,-0.8392286299999991,-0.6677837,-0.66516495,-0.6669916699999999,5,ramp_up,0.27085219135218985,0.03611358939999957,-2.6455465917999854,-0.007648632,0.03647868,0.0088022291,5
demo_2_labeled,transport,292,296,9.7333236,9.8666568,0.13333319999999915,5,joint_3,ramp_up,0.1449979449979436,0.01933303999999969,-0.7514848199999863,0.6644438,0.6884374,0.6694936200000001,5,ramp_up,4.983340896340849,0.6644447883999894,-48.66812312625954,0.0042117615,0.83516544,0.16856882114,5
demo_2_labeled,transport,292,296,9.7333236,9.8666568,0.13333319999999915,5,joint_4,constant,0.027154527154530726,0.003620600000000453,-3.035174780000035,-2.7696376,-2.764703,-2.76906068,5,ramp_up,1.3737646119645985,0.18316843175999706,-13.41882016551987,0.0025583897,0.23212132,0.044059568839999994,5
demo_2_labeled,transport,292,296,9.7333236,9.8666568,0.13333319999999915,5,joint_5,constant,0.032657552657554,0.004354336000000151,0.3456225359999868,0.66439384,0.66964066,0.6656662320000001,5,ramp_up,0.826539375639368,0.11020513987999828,-8.074099454499926,-0.0016359845,0.13610964,0.025978326680000004,5
demo_2_labeled,transport,292,296,9.7333236,9.8666568,0.13333319999999915,5,joint_6,constant,0.005284505284517035,0.0007046000000015622,2.4386867999998847,2.4904037,2.491393,2.4904748999999997,5,ramp_up,0.14957423657423516,0.019943211599999684,-1.5223951155999862,-0.061227154,-0.03628444,-0.056569062999999996,5
demo_2_labeled,transport,292,296,9.7333236,9.8666568,0.13333319999999915,5,joint_7,ramp_up,0.22021060021059813,0.029361383999999536,-1.7846865739999795,0.3660223,0.40271002,0.37337515000000004,5,ramp_up,6.027366290796234,0.8036480351239873,-58.866385512539445,0.0011317346,1.0057402,0.201745069074,5
demo_2_labeled,transport,292,296,9.7333236,9.8666568,0.13333319999999915,5,finger_1,constant,0.0020538290538289965,0.0002738435999999906,-0.0007075475999994314,0.019353634,0.019694008,0.019419956999999998,5,constant,-0.027148852348852073,-0.00361984335999994,0.27438487131999734,0.008979296,0.0044615148,0.00832638436,5
demo_2_labeled,transport,292,296,9.7333236,9.8666568,0.13333319999999915,5,finger_2,constant,-0.001970704970705028,-0.00026276040000000595,0.04005666480000056,0.020807002,0.020480346,0.020743775399999997,5,constant,0.021554901554901255,0.002873983999999942,-0.14168985199999704,0.06901905,0.07260678,0.069547972,5
demo_2_labeled,transport,297,301,9.8999901,10.0333233,0.13333319999999915,5,joint_1,ramp_up,0.1032208632208639,0.013762768000000003,-1.430278874000007,-0.4104092,-0.39672348,-0.401511966,5,ramp_down,-1.68065862965864,-0.22408759319999996,16.880992195900102,0.23480132,0.012690746,0.13044460419999998,5
demo_2_labeled,transport,297,301,9.8999901,10.0333233,0.13333319999999915,5,joint_2,ramp_up,0.12251610251610309,0.016335463999999973,-1.8778011640000054,-0.66369617,-0.64738977,-0.6567252299999999,5,ramp_up,1.0065976425976488,0.1342128848,-9.928727640000062,0.036181424,0.16896792,0.1036854988,5
demo_2_labeled,transport,297,301,9.8999901,10.0333233,0.13333319999999915,5,joint_3,ramp_up,0.9780609180609232,0.13040799199999986,-8.964338602000051,0.71904,0.84944814,0.7836588000000001,5,ramp_up,0.47926610926611557,0.06390208400000043,-3.853177679000063,0.89051265,0.95539594,0.9235031000000001,5
demo_2_labeled,transport,297,301,9.8999901,10.0333233,0.13333319999999915,5,joint_4,ramp_up,0.42123732123732394,0.05616492,-6.927309290000026,-2.755361,-2.6992323,-2.72898152,5,ramp_up,1.4453835053835145,0.19271760799999998,-14.007886322000092,0.2983302,0.491637,0.3977548759999999,5
demo_2_labeled,transport,297,301,9.8999901,10.0333233,0.13333319999999915,5,joint_5,ramp_up,0.043615123615124915,0.005815344000000136,0.2435095219999867,0.6740583,0.67985743,0.678206486,5,ramp_down,-0.9839210849210908,-0.13118934679999994,9.853991589700058,0.11160654,-0.019316033,0.0475879164,5
demo_2_labeled,transport,297,301,9.8999901,10.0333233,0.13333319999999915,5,joint_6,constant,0.025809025809012863,0.003441199999998252,2.236685660000128,2.4921994,2.4956238,2.4939153600000004,5,constant,0.028081525081525376,0.0037441996000000155,-0.3145585797000029,-0.037633456,-0.03394062,-0.0346796596,5
demo_2_labeled,transport,297,301,9.8999901,10.0333233,0.13333319999999915,5,joint_7,ramp_up,1.0950693750693814,0.14600910399999992,-10.401903286000064,0.4392427,0.58524215,0.512277238,5,constant,-0.04842394842394842,-0.006456519999999959,1.4884998499999995,1.008215,1.0018903,1.0058749800000002,5
demo_2_labeled,transport,297,301,9.8999901,10.0333233,0.13333319999999915,5,finger_1,constant,-0.0011919611919612783,-0.0001589280000000105,0.03133646320000085,0.019567152,0.019401891,0.019456595200000003,5,constant,0.018129993129993284,0.0024173300000000053,-0.17628217272000155,0.002711366,0.0051993895,0.0044132447800000005,5
demo_2_labeled,transport,297,301,9.8999901,10.0333233,0.13333319999999915,5,finger_2,constant,0.001074634074634024,0.00014328439999999236,0.00997861250000049,0.020587685,0.020736964,0.0206891214,5,constant,-0.015290385290385133,-0.002038715999999966,0.2266066089999984,0.07566764,0.07358654,0.074212588,5
demo_2_labeled,transport,302,306,10.066656600000002,10.1999898,0.13333319999999915,5,joint_1,ramp_down,-0.5541498141498207,-0.0738865680000004,5.199159636000067,-0.3987933,-0.47349232,-0.41621953200000006,5,ramp_down,-11.818302220302368,-1.5757720536000097,119.24934387580149,-0.053319898,-1.3637621,-0.5093321977999999,5
demo_2_labeled,transport,302,306,10.066656600000002,10.1999898,0.13333319999999915,5,joint_2,ramp_up,0.6352908352908468,0.084705360000001,-7.053516940000117,-0.6406296,-0.5540833,-0.6159095800000001,5,ramp_up,11.427320886321036,1.5236412612000103,-115.21376894914152,0.19487673,1.3782359,0.58296690206,5
demo_2_labeled,transport,302,306,10.066656600000002,10.1999898,0.13333319999999915,5,joint_3,ramp_up,0.4613756213756244,0.06151668800000001,-3.769036022000031,0.88359106,0.9461793,0.906232266,5,ramp_up,0.5478434358435323,0.07304571840001241,-5.054043249800978,0.97361046,0.7314907,0.4974313486,5
demo_2_labeled,transport,302,306,10.066656600000002,10.1999898,0.13333319999999915,5,joint_4,ramp_up,0.5428313428313508,0.0723774400000006,-8.158227200000082,-2.6811683,-2.6071374,-2.65754176,5,ramp_up,6.29392069792082,0.8391885872000109,-63.23969444898124,0.53483117,1.0521989,0.53863817822,5
demo_2_labeled,transport,302,306,10.066656600000002,10.1999898,0.13333319999999915,5,joint_5,ramp_down,-0.35054534054534653,-0.0467393320000005,4.216770758000061,0.6781091,0.6306409,0.664581526,5,ramp_down,-6.130798866298947,-0.8174390314000055,61.83935480090082,-0.054310746,-0.75021577,-0.2860115855,5
demo_2_labeled,transport,302,306,10.066656600000002,10.1999898,0.13333319999999915,5,joint_6,ramp_up,0.2862473862473802,0.038166279999998956,-0.39296381999993946,2.4963567,2.5342348,2.5076734600000004,5,ramp_up,4.55891639591645,0.6078549116000033,-46.04023221280055,-0.036115397,0.4469844,0.1567410688,5
demo_2_labeled,transport,302,306,10.066656600000002,10.1999898,0.13333319999999915,5,joint_7,constant,0.01483246483246399,0.001977659999999875,0.47163340000000864,0.6216005,0.62412155,0.62193556,5,ramp_down,-5.327971317871283,-0.7103954653199909,54.21026617277965,0.9987477,0.10199255,0.22021080846,5
demo_2_labeled,transport,302,306,10.066656600000002,10.1999898,0.13333319999999915,5,finger_1,constant,-0.00013994713994718827,-1.8659600000006326e-05,0.020663404800000493,0.019401027,0.019275898,0.019245275200000002,5,constant,0.03259811659811641,0.004346411199999947,-0.32139664499999804,0.005068844,0.010620208,0.0089306062,5
demo_2_labeled,transport,302,306,10.066656600000002,10.1999898,0.13333319999999915,5,finger_2,constant,0.00010158310158299308,1.3544399999985447e-05,0.019857314800001108,0.020735733,0.020852543,0.0208866892,5,constant,-0.028075228075228324,-0.0037433600000000094,0.35517672600000255,0.07377983,0.06838503,0.070681366,5
demo_2_labeled,transport,307,311,10.233323100000002,10.3666563,0.13333319999999915,5,joint_1,ramp_down,-1.803655683655688,-0.24048718399999905,17.938461876000044,-0.52371454,-0.76478934,-0.639173088,5,ramp_down,-4.017683517683525,-0.5356905999999976,39.70355315000008,-1.4453849,-1.9878635,-1.6785457000000001,5
demo_2_labeled,transport,307,311,10.233323100000002,10.3666563,0.13333319999999915,5,joint_2,ramp_up,1.4444971244971259,0.19259942399999896,-15.288560570000014,-0.5061196,-0.31327263,-0.41025506600000006,5,ramp_up,0.43737613737613573,0.05831675999999941,-3.1228991299999835,1.3686385,1.4296603,1.38207058,5
demo_2_labeled,transport,307,311,10.233323100000002,10.3666563,0.13333319999999915,5,joint_3,ramp_up,1.2676767676767682,0.169023399999999,-12.002997320000008,0.97569305,1.1453589,1.05406033,5,ramp_up,5.189275289275299,0.6919026799999969,-52.3190147700001,0.8232392,1.5216439,1.1304672599999999,5
demo_2_labeled,transport,307,311,10.233323100000002,10.3666563,0.13333319999999915,5,joint_4,ramp_up,1.1662994662994575,0.15550643999999783,-14.50539224999991,-2.5696697,-2.414158,-2.49251976,5,ramp_up,0.5065796065796061,0.0675438799999995,-4.120735949999996,1.0636778,1.1310948,1.09702878,5
demo_2_labeled,transport,307,311,10.233323100000002,10.3666563,0.13333319999999915,5,joint_5,ramp_down,-1.3145868545868584,-0.1752780719999994,14.05939953600004,0.6005007,0.42468563,0.519168474,5,ramp_down,-5.281737331737342,-0.7042309399999969,53.21617560500011,-0.8655759,-1.575349,-1.18566451,5
demo_2_labeled,transport,307,311,10.233323100000002,10.3666563,0.13333319999999915,5,joint_6,ramp_up,0.3880194880194982,0.05173588000000103,-1.4182882300001047,2.5509925,2.6027577,2.5783085,5,ramp_down,-1.1944421944421961,-0.1592587999999992,12.620138600000018,0.3995766,0.23998894,0.31739629999999996,5
demo_2_labeled,transport,307,311,10.233323100000002,10.3666563,0.13333319999999915,5,joint_7,ramp_up,0.5643731643731669,0.07524967999999986,-5.149830722000027,0.6309131,0.70650655,0.663207058,5,ramp_up,4.450874710874717,0.593449367999997,-45.35549303000006,0.21200939,0.80920315,0.488470648,5
demo_2_labeled,transport,307,311,10.233323100000002,10.3666563,0.13333319999999915,5,finger_1,constant,0.0007935247935247764,0.00010580319999999704,0.01122465820000018,0.019334191,0.019441903,0.0193979554,5,constant,-0.02244368064368066,-0.0029924877599999834,0.2401454725200002,0.010488627,0.0074664783,0.00897579306,5
demo_2_labeled,transport,307,311,10.233323100000002,10.3666563,0.13333319999999915,5,finger_2,constant,-0.000861033861033894,-0.00011480440000000367,0.02959185930000035,0.020791998,0.020675404,0.020723219400000003,5,constant,0.020183384183384216,0.002691115199999987,-0.13808999440000036,0.06841721,0.071129374,0.0697986548,5
demo_2_labeled,transport,312,316,10.3999896,10.5333228,0.13333320000000093,5,joint_1,ramp_down,-2.0888615288615062,-0.2785145919999989,20.883160865999763,-0.83822936,-1.1176096,-0.980234606,5,ramp_up,1.217299217299208,0.1623063999999999,-14.840553519999904,-2.1627483,-2.0253575,-2.09950112,5
demo_2_labeled,transport,312,316,10.3999896,10.5333228,0.13333320000000093,5,joint_2,ramp_up,2.029582453582435,0.2706107231999994,-21.374483682399806,-0.2609114,0.007871604,-0.1315419112,5,ramp_up,5.190640290640243,0.6920846799999985,-52.4155740199995,1.5183598,2.1417124,1.9130733599999998,5
demo_2_labeled,transport,312,316,10.3999896,10.5333228,0.13333320000000093,5,joint_3,ramp_up,2.187912087912066,0.2917213199999991,-21.546277259999773,1.208126,1.4997344,1.35384636,5,ramp_up,1.7941946941946751,0.23922571999999911,-16.6671539799998,1.879434,2.1733198,2.11206504,5
demo_2_labeled,transport,312,316,10.3999896,10.5333228,0.13333320000000093,5,joint_4,ramp_up,1.1513393513393453,0.15351176000000027,-14.346541679999937,-2.37401,-2.2210736,-2.29586852,5,ramp_down,-1.1647943047942941,-0.15530575199999966,13.306440243999889,1.1497892,0.97256356,1.114938712,5
demo_2_labeled,transport,312,316,10.3999896,10.5333228,0.13333320000000093,5,joint_5,ramp_down,-2.5571855231854994,-0.3409577287999992,26.956223519599753,0.35941535,0.019728024,0.19104180879999996,5,ramp_down,-4.492689592689544,-0.5990246799999976,44.61918611999949,-1.8993051,-2.5433488,-2.40425126,5
demo_2_labeled,transport,312,316,10.3999896,10.5333228,0.13333320000000093,5,joint_6,ramp_up,0.15778755778754372,0.02103831999999827,0.9731102600001471,2.6122537,2.6331065,2.6246183800000003,5,ramp_down,-1.4970608670608496,-0.19960791599999905,15.785675547999817,0.20312035,-0.01267509,0.11645414200000001,5
demo_2_labeled,transport,312,316,10.3999896,10.5333228,0.13333320000000093,5,joint_7,ramp_up,2.1811074811074564,0.2908140399999987,-21.957021079999745,0.7423582,1.0294693,0.87188106,5,ramp_up,12.82975582975572,1.7106323999999973,-132.35477257999887,1.0534049,2.594797,1.92987082,5
demo_2_labeled,transport,312,316,10.3999896,10.5333228,0.13333320000000093,5,finger_1,constant,-0.0007842337842338253,-0.0001045644000000062,0.027731045600000434,0.019517211,0.019428287,0.0195227402,5,constant,0.037602477402477956,0.005013658640000108,-0.3919265523600058,0.0004884596,0.0064158905,0.0016456508799999998,5
demo_2_labeled,transport,312,316,10.3999896,10.5333228,0.13333320000000093,5,finger_2,constant,0.0013382923382922957,0.00017843879999999556,0.0066162592000004496,0.020602226,0.020762306,0.020623705000000003,5,constant,-0.06784267684267732,-0.009045681200000127,0.7848093836000051,0.07733844,0.067908086,0.0747234094,5
demo_2_labeled,transport,317,321,10.5666561,10.6999893,0.13333320000000093,5,joint_1,ramp_down,-0.2101097101097076,-0.028014599999999862,1.085932829999973,-1.131565,-1.159964,-1.14823152,5,ramp_up,2.8877310977311175,0.3850304280000053,-30.951224163000212,-0.5055388,-0.09737746,-0.24504752999999996,5
demo_2_labeled,transport,317,321,10.5666561,10.6999893,0.13333320000000093,5,joint_2,constant,0.01857606957606953,0.002476806800000011,-0.1782174902999995,0.018095069,0.020476958,0.019307852,5,ramp_up,0.5523550833550952,0.0736472708000021,-5.871274432300127,-0.08065083,0.016345557,0.002095413999999999,5
demo_2_labeled,transport,317,321,10.5666561,10.6999893,0.13333320000000093,5,joint_3,ramp_down,-0.037853137853141254,-0.005047080000000489,1.898981230000036,1.4994,1.4943064,1.4964766,5,constant,-0.04435120855121288,-0.005913488560000618,0.451128381100046,-0.0001849278,-0.015376331,-0.02047233156,5
demo_2_labeled,transport,317,321,10.5666561,10.6999893,0.13333320000000093,5,joint_4,constant,-0.010725310725306763,-0.0014300399999994816,-2.100154910000043,-2.213641,-2.2150085,-2.2142006,5,ramp_down,-0.10529729069729205,-0.014039624720000277,1.1172056935200143,0.00991072,-0.0064536566,-0.0024543779,5
demo_2_labeled,transport,317,321,10.5666561,10.6999893,0.13333320000000093,5,joint_5,constant,0.0013068733068733252,0.00017424960000000367,0.007603253999999801,0.021363411,0.021559123,0.021499659600000002,5,ramp_down,-0.8399802509802646,-0.1119972548000026,8.977967909300146,0.15576366,0.017636186,0.04618683899999999,5
demo_2_labeled,transport,317,321,10.5666561,10.6999893,0.13333320000000093,5,joint_6,constant,-0.005232305232310067,-0.0006976400000006495,2.689742050000052,2.6344469,2.6337547,2.6341052599999997,5,ramp_down,-0.4471663651663678,-0.05962212240000077,4.7269038154000285,0.014698321,-0.045909658,-0.027960446,5
demo_2_labeled,transport,317,321,10.5666561,10.6999893,0.13333320000000093,5,joint_7,constant,0.0045810045810047145,0.000610800000000022,0.9787826999999985,1.0272075,1.027805,1.027494,5,ramp_up,1.6132615342615606,0.21510132280000502,-17.16498376050028,-0.21961191,0.044143427,-0.010653267200000002,5
demo_2_labeled,transport,317,321,10.5666561,10.6999893,0.13333320000000093,5,finger_1,constant,0.001275058275058288,0.0001700076000000029,0.00594114229999986,0.019379515,0.01956061,0.019499248400000002,5,constant,0.027199716199717127,0.003626625200000149,-0.27595182500000986,0.0077345935,0.013377182,0.0132715347,5
demo_2_labeled,transport,317,321,10.5666561,10.6999893,0.13333320000000093,5,finger_2,constant,-0.00479765879765886,-0.0006396872000000128,0.07190473680000067,0.02137159,0.020690888,0.0208896826,5,ramp_up,0.7754655194655258,0.10339529920000157,-8.159896757600068,0.006883002,0.116255276,0.0858783536,5
demo_2_labeled,transport,322,326,10.7333226,10.8666558,0.13333320000000093,5,joint_1,constant,-0.03529233529233319,-0.004705639999999753,-0.7843147000000228,-1.1626699,-1.1674329,-1.16547154,5,ramp_up,0.39460556560556714,0.05261402280000057,-4.2986165114000165,-0.067973,-0.014738116,-0.036880664599999995,5
demo_2_labeled,transport,322,326,10.7333226,10.8666558,0.13333320000000093,5,joint_2,constant,0.006733065733065683,0.0008977411999999995,-0.05138209839999945,0.020843947,0.021747036,0.0213349388,5,constant,-0.036736503736503855,-0.00489819560000005,0.4075539218000013,0.013675872,0.008731477,0.0108000782,5
demo_2_labeled,transport,322,326,10.7333226,10.8666558,0.13333320000000093,5,joint_3,constant,-0.009675009675016093,-0.0012900000000008647,1.5975003200000697,1.4937298,1.4924303,1.4930103200000002,5,constant,0.05585641025641043,0.007447513920000075,-0.6101170447800018,-0.011250859,-0.0037285709,-0.00686841726,5
demo_2_labeled,transport,322,326,10.7333226,10.8666558,0.13333320000000093,5,joint_4,constant,-0.014571014571006912,-0.0019427999999989923,-2.059083200000083,-2.2154822,-2.2174246,-2.2164499999999996,5,constant,-0.00263351603351604,-0.0003511351200000033,0.021578376920000072,-0.006662773,-0.007015084,-0.0068635678,5
demo_2_labeled,transport,322,326,10.7333226,10.8666558,0.13333320000000093,5,joint_5,constant,0.0004425544425544291,5.900719999999862e-05,0.01682181380000015,0.021572607,0.02163148,0.021601397,5,constant,0.0016789846789846427,0.00022386439999999672,-0.0003629981999996104,0.017714351,0.017896727,0.0177700182,5
demo_2_labeled,transport,322,326,10.7333226,10.8666558,0.13333320000000093,5,joint_6,constant,-0.004921804921813234,-0.0006562400000011129,2.68641072000009,2.6335852,2.6329288,2.63325528,5,constant,-0.008840048840048903,-0.0011786720000000167,0.04831691540000067,-0.04607433,-0.047487397,-0.0471555166,5
demo_2_labeled,transport,322,326,10.7333226,10.8666558,0.13333320000000093,5,joint_7,constant,0.004032004032001168,0.0005375999999996219,0.9846784400000308,1.0279514,1.0284895,1.02822404,5,constant,-0.007680055680055855,-0.0010240064000000305,0.12612342280000188,0.043947496,0.042815562,0.0431789044,5
demo_2_labeled,transport,322,326,10.7333226,10.8666558,0.13333320000000093,5,finger_1,constant,-0.0001934701934702307,-2.5796000000005145e-05,0.021634073000000403,0.019557863,0.0195324,0.019544597000000004,5,constant,-0.00011962511962517354,-1.59500000000073e-05,0.014376885400000585,0.013147448,0.013108109,0.013084935399999997,5
demo_2_labeled,transport,322,326,10.7333226,10.8666558,0.13333320000000093,5,finger_2,constant,0.00018933618933620773,2.524480000000263e-05,0.0186611571999998,0.020693067,0.020717952,0.020705986000000003,5,constant,-0.008697068697068905,-0.0011596080000000357,0.20928984200000228,0.11643635,0.11502785,0.11536159400000001,5
demo_2_labeled,transport,327,331,10.8999891,11.033322300000002,0.13333320000000093,5,joint_1,constant,-0.004708804708809023,-0.0006278400000005797,-1.116613039999953,-1.1678599,-1.1684979,-1.16825288,5,constant,0.06948017370017366,0.009264013896000059,-0.7660442351719997,-0.009559029,-0.00018174473,-0.004079092226,5
demo_2_labeled,transport,327,331,10.8999891,11.033322300000002,0.13333320000000093,5,joint_2,constant,0.0038572328572329825,0.0005142972000000203,-0.020135399700001378,0.021900937,0.022416143,0.022165545,5,constant,-0.006592440592440568,-0.0008789912000000029,0.08002022465999974,0.008236474,0.007352135,0.00772319846,5
demo_2_labeled,transport,327,331,10.8999891,11.033322300000002,0.13333320000000093,5,joint_3,constant,-0.004623604623599292,-0.0006164799999992934,1.5426165999999415,1.4922322,1.4916141,1.49191112,5,constant,0.00967896337896337,0.0012905271600000077,-0.10836993002999991,-0.0029860977,-0.001684136,-0.0022240711199999997,5
demo_2_labeled,transport,327,331,10.8999891,11.033322300000002,0.13333320000000093,5,joint_4,constant,-0.014802314802324867,-0.0019736400000013557,-2.056570949999889,-2.2179163,-2.21989,-2.2189028399999997,5,constant,-0.00042778632778635767,-5.7038120000004384e-05,-0.0023894930099996707,-0.0070469184,-0.0071033086,-0.00708087838,5
demo_2_labeled,transport,327,331,10.8999891,11.033322300000002,0.13333320000000093,5,joint_5,constant,0.0004893634893636213,6.524840000001805e-05,0.01631336809999855,0.021647621,0.021712895,0.021680049,5,constant,0.000972675972676031,0.0001296900000000087,0.007357977899999361,0.017965373,0.01808526,0.0180249804,5
demo_2_labeled,transport,327,331,10.8999891,11.033322300000002,0.13333320000000093,5,joint_6,constant,-0.004817104817092878,-0.0006422799999984126,2.685273349999869,2.6327672,2.632125,2.63244582,5,constant,-8.092208092228844e-05,-1.0789600000027745e-05,-0.046631646599997724,-0.04750912,-0.04752092,-0.0475190912,5
demo_2_labeled,transport,327,331,10.8999891,11.033322300000002,0.13333320000000093,5,joint_7,constant,0.0037665037665102086,0.0005022000000008624,0.9875633899999288,1.0286175,1.0291197,1.02886934,5,constant,-0.0012616932616931792,-0.00016822559999999019,0.056477933999999105,0.042727347,0.04256374,0.042641378400000006,5
demo_2_labeled,transport,327,331,10.8999891,11.033322300000002,0.13333320000000093,5,finger_1,constant,-6.049806049795168e-05,-8.066399999985547e-06,0.020187193399998804,0.019528398,0.019520275,0.019523732000000002,5,constant,0.00046112746112749494,6.148360000000494e-05,0.00812931239999963,0.013151732,0.0132124685,0.0131863385,5
demo_2_labeled,transport,327,331,10.8999891,11.033322300000002,0.13333320000000093,5,finger_2,constant,6.206406206419404e-05,8.275200000017656e-06,0.02004614079999855,0.020722022,0.020730358,0.020726776,5,constant,-0.0005651255651250792,-7.534999999993574e-05,0.1211337714999947,0.11497957,0.114904225,0.11493623400000001,5
demo_2_labeled,transport,332,336,11.0666556,11.199988800000002,0.13333320000000093,5,joint_1,constant,0.0006714006714036603,8.952000000039913e-05,-1.1759674400000335,-1.1685234,-1.1684358,-1.16849252,5,constant,0.012183366543366462,0.0016244472480000005,-0.1339532508999991,0.00072486844,0.002364054,0.0016880943080000003,5
demo_2_labeled,transport,332,336,11.0666556,11.199988800000002,0.13333320000000093,5,joint_2,constant,0.0033464463464463064,0.0004461923999999978,-0.014500456799999551,0.022532184,0.022978518,0.0227566086,5,constant,-0.0012265335265335148,-0.0001635376399999996,0.020821920139999874,0.0072594164,0.007090237,0.0071665272,5
demo_2_labeled,transport,332,336,11.0666556,11.199988800000002,0.13333320000000093,5,joint_3,constant,-0.0037686037686027775,-0.0005024799999998713,1.5331852399999888,1.4914815,1.4909786,1.49122816,5,constant,0.0014723489723489555,0.00019631299999999912,-0.017834552679999813,-0.0015595057,-0.0013583668,-0.00144241718,5
demo_2_labeled,transport,332,336,11.0666556,11.199988800000002,0.13333320000000093,5,joint_4,constant,-0.014817314817313462,-0.001975639999999833,-2.0564060600000147,-2.2203841,-2.2223597,-2.221372,5,constant,-3.2751032751033634e-05,-4.3668000000001485e-06,-0.006747748439999991,-0.0071091647,-0.0071146395,-0.00711237624,5
demo_2_labeled,transport,332,336,11.0666556,11.199988800000002,0.13333320000000093,5,joint_5,constant,0.0005048405048404872,6.731199999999812e-05,0.016142668600000198,0.021729652,0.021797024,0.0217632206,5,constant,0.0006957426957426736,9.27655999999977e-05,0.010413877400000247,0.018118432,0.018215597,0.018159805,5
demo_2_labeled,transport,332,336,11.0666556,11.199988800000002,0.13333320000000093,5,joint_6,constant,-0.0047925047925077464,-0.0006390000000003983,2.685001680000034,2.631965,2.631326,2.63164518,5,constant,0.00023892923892912331,3.1857199999984805e-05,-0.05016155219999872,-0.047516495,-0.047484748,-0.047501476,5
demo_2_labeled,transport,332,336,11.0666556,11.199988800000002,0.13333320000000093,5,joint_7,constant,0.0037023037023027196,0.0004936399999998724,0.988271780000011,1.0292437,1.0297372,1.02949072,5,constant,-0.0007102057102055463,-9.46939999999788e-05,0.050392078999998174,0.04253099,0.042434115,0.042485129999999996,5
demo_2_labeled,transport,332,336,11.0666556,11.199988800000002,0.13333320000000093,5,finger_1,constant,-1.4103014103065699e-05,-1.8804000000068925e-06,0.01967530360000058,0.019519353,0.019517472,0.0195182902,5,constant,0.00019503019503019144,2.6003999999999702e-05,0.011063839600000042,0.013222207,0.013240011,0.0132351736,5
demo_2_labeled,transport,332,336,11.0666556,11.199988800000002,0.13333320000000093,5,finger_2,constant,1.620601620600471e-05,2.1607999999984822e-06,0.02055211340000013,0.02073134,0.020733504,0.0207325402,5,constant,-0.00014682014682027082,-1.957600000001667e-05,0.11652075900000139,0.11489585,0.11488183,0.11488616299999999,5
demo_2_labeled,transport,337,339,11.2333221,11.299988700000002,0.06666660000000135,3,joint_1,constant,0.0015360015360061407,0.00010240000000030906,-1.1856454666667184,-1.1683905,-1.1682881,-1.1683398666666667,3,constant,0.0029748449748448844,0.00019832279999999799,-0.03089593056666565,0.0025107965,0.0027091193,0.0026206226333333332,3
demo_2_labeled,transport,337,339,11.2333221,11.299988700000002,0.06666660000000135,3,joint_2,constant,0.0032574032574030454,0.00021715999999999026,-0.013503792333330943,0.023087602,0.023304762,0.02319624766666667,3,constant,-0.0002933657933658488,-1.955770000000409e-05,0.01036093806666729,0.0070617925,0.0070422348,0.007055686766666666,3
demo_2_labeled,transport,337,339,11.2333221,11.299988700000002,0.06666660000000135,3,joint_3,constant,-0.0036675036675059406,-0.0002445000000001565,1.5320537333333588,1.4908556,1.4906111,1.4907332333333334,3,constant,7.765507765509046e-05,5.1770000000009586e-06,-0.002211397066666811,-0.0013358577,-0.0013306807,-0.0013364840666666667,3
demo_2_labeled,transport,337,339,11.2333221,11.299988700000002,0.06666660000000135,3,joint_4,constant,-0.014802014802011768,-0.0009867999999998178,-2.0565772333333667,-2.222853,-2.2238398,-2.2233464333333335,3,constant,3.561753561756248e-05,2.374500000001839e-06,-0.007512958600000303,-0.0071133445,-0.00711097,-0.0071116681,3
demo_2_labeled,transport,337,339,11.2333221,11.299988700000002,0.06666660000000135,3,joint_5,constant,0.0005167355167354223,3.4448999999994405e-05,0.016009798000001067,0.021814529,0.021848978,0.021831679000000003,3,constant,0.0004995604995604196,3.330399999999535e-05,0.012633333333334232,0.018254738,0.018288042,0.018261709333333334,3
demo_2_labeled,transport,337,339,11.2333221,11.299988700000002,0.06666660000000135,3,joint_6,constant,-0.004782004782014394,-0.00031880000000064727,2.6848842666667747,2.6311665,2.6308477,2.6310070666666667,3,constant,0.0002591102591107553,1.727400000003343e-05,-0.05038648933333894,-0.04747707,-0.047459796,-0.04746718333333333,3
demo_2_labeled,transport,337,339,11.2333221,11.299988700000002,0.06666660000000135,3,joint_7,constant,0.003676503676499774,0.00024509999999974483,0.9885604666667108,1.0298598,1.0301049,1.0299823666666668,3,constant,-0.000451110451110592,-3.0074000000010002e-05,0.0474700660000016,0.042397268,0.042367194,0.04238756,3
demo_2_labeled,transport,337,339,11.2333221,11.299988700000002,0.06666660000000135,3,finger_1,constant,-5.520005520097475e-06,-3.6800000000613777e-07,0.019579261000001038,0.019517258,0.01951689,0.019517068999999998,3,constant,0.00015363015363009484,1.0241999999996288e-05,0.011509869000000663,0.013237205,0.013247447,0.013240767,3
demo_2_labeled,transport,337,339,11.2333221,11.299988700000002,0.06666660000000135,3,finger_2,constant,8.1900081899258e-06,5.459999999945184e-07,0.02064182200000093,0.020733826,0.020734372,0.020734096,3,constant,-5.940005940070993e-05,-3.960000000043449e-06,0.11555236666667397,0.11488373,0.11487977,0.11488312666666667,3
demo_2_labeled,place,340,344,11.333322,11.466655200000002,0.13333320000000093,5,joint_1,constant,0.0016245016244998392,0.00021659999999976346,-1.18664091999998,-1.1682329,-1.1680201,-1.1681216199999997,5,constant,0.0031945615945616177,0.0004259411200000061,-0.033512942880000264,0.0027645957,0.00328429,0.00290502288,5
demo_2_labeled,place,340,344,11.333322,11.466655200000002,0.13333320000000093,5,joint_2,constant,0.003221616221616121,0.00042954839999998954,-0.013098291599998847,0.023412833,0.023842152,0.0236280966,5,constant,-0.016419805119805293,-0.0021893051600000383,0.19366363634000197,0.007030735,0.0043087127,0.006478045159999999,5
demo_2_labeled,place,340,344,11.333322,11.466655200000002,0.13333320000000093,5,joint_3,constant,-0.0035754035754072596,-0.00047672000000049453,1.5310074000000427,1.490489,1.4900151,1.49024784,5,constant,-0.01595184395184414,-0.0021269104000000397,0.17998314698000215,-0.0013331219,-0.003995454,-0.0018676922200000002,5
demo_2_labeled,place,340,344,11.333322,11.466655200000002,0.13333320000000093,5,joint_4,constant,-0.013744513744511955,-0.0018325999999997743,-2.068596580000021,-2.2243328,-2.226131,-2.22528388,5,constant,0.041788234948235435,0.005571759088000104,-0.48210102289200557,-0.0071110195,-0.00014694814,-0.005715620867999999,5
demo_2_labeled,place,340,344,11.333322,11.466655200000002,0.13333320000000093,5,joint_5,constant,0.00020286020286013957,2.704799999999175e-05,0.019578079800000727,0.021866402,0.021882286,0.0218906838,5,ramp_down,-0.15708496308496492,-0.02094464080000039,1.8038566378000211,0.018303229,-0.007918817,0.0130898494,5
demo_2_labeled,place,340,344,11.333322,11.466655200000002,0.13333320000000093,5,joint_6,constant,-0.0043497043497003505,-0.0005799599999994708,2.679971559999954,2.630689,2.630123,2.63038498,5,ramp_up,0.28349619515619845,0.037799454888000704,-3.2698406190020375,-0.047446482,-0.00020649139,-0.037987226078,5
demo_2_labeled,place,340,344,11.333322,11.466655200000002,0.13333320000000093,5,joint_7,constant,0.003544803544802368,0.0004726399999998464,0.9900568400000134,1.0302272,1.0306962,1.03046756,5,ramp_down,-0.22254413214413477,-0.029672521280000558,2.57191116892003,0.042348757,0.0052909884,0.03491059948,5
demo_2_labeled,place,340,344,11.333322,11.466655200000002,0.13333320000000093,5,finger_1,ramp_up,0.04090306090306138,0.005453736000000101,-0.4454143832000054,0.019516736,0.02633405,0.0208800448,5,ramp_up,1.12082662682664,0.1494434008000028,-12.726809361000152,0.013236642,0.20003398,0.0506014074,5
demo_2_labeled,place,340,344,11.333322,11.466655200000002,0.13333320000000093,5,finger_2,ramp_up,0.042105354105354584,0.005614041600000103,-0.4578622336000055,0.02073459,0.027751938,0.0221383232,5,ramp_up,0.5108810288810348,0.06811740240000126,-5.692121940400067,0.11488853,0.20003949,0.13191596479999998,5
demo_2_labeled,place,345,349,11.4999885,11.633321700000002,0.13333320000000093,5,joint_1,constant,-0.0007002007002018905,-9.336000000015935e-05,-1.1600165399999862,-1.1680613,-1.1681553,-1.16811552,5,constant,0.006162821562821504,0.000821708719999998,-0.07200726011199933,-0.0011670074,-0.00035019667,-0.000724028652,5
demo_2_labeled,place,345,349,11.4999885,11.633321700000002,0.13333320000000093,5,joint_2,constant,5.70120570121052e-05,7.6016000000064775e-06,0.02321413559999944,0.023869058,0.023876775,0.0238735744,5,constant,-0.0007253274113274055,-9.67102247999999e-05,0.008452409842999935,0.000118612734,2.6117712e-05,6.27978416e-05,5
demo_2_labeled,place,345,349,11.4999885,11.633321700000002,0.13333320000000093,5,joint_3,constant,-0.00011700011700203231,-1.5600000000255485e-05,1.4913502600000224,1.4900061,1.4899904,1.48999696,5,constant,0.0016946180966180783,0.00022594885359999913,-0.01972554373319979,-0.00027969552,-4.1809533e-05,-0.0001244806834,5
demo_2_labeled,place,345,349,11.4999885,11.633321700000002,0.13333320000000093,5,joint_4,constant,0.0,0.0,-2.2261374,-2.2261374,-2.2261374,-2.2261374,5,constant,6.496742086742022e-05,8.662314119999974e-06,-0.0007528404262339926,-6.7386936e-06,1.4867744e-06,-1.3846763239999997e-06,5
demo_2_labeled,place,345,349,11.4999885,11.633321700000002,0.13333320000000093,5,joint_5,constant,2.7360027360376785e-06,3.648000000046615e-07,0.02184836799999959,0.021880275,0.021880407,0.0218800144,5,constant,0.0014197433977433819,0.0001892989303999992,-0.016456077379399817,-0.00019572409,1.4313523e-05,-3.4395167200000005e-05,5
demo_2_labeled,place,345,349,11.4999885,11.633321700000002,0.13333320000000093,5,joint_6,constant,2.4323792101744424e-15,3.243169037060332e-16,2.630124599999971,2.6301246,2.6301246,2.6301246,5,constant,0.00024328886458886142,3.2438482839999804e-05,-0.002827922038509964,-3.9762468e-05,-1.7981312e-06,-1.388365214e-05,5
demo_2_labeled,place,345,349,11.4999885,11.633321700000002,0.13333320000000093,5,joint_7,constant,0.0,0.0,1.0306971999999999,1.0306972,1.0306972,1.0306972,5,constant,-0.0009024630534630443,-0.0001203282867999996,0.010465442975299895,0.00012196044,-6.157607e-06,2.69640954e-05,5
demo_2_labeled,place,345,349,11.4999885,11.633321700000002,0.13333320000000093,5,finger_1,ramp_up,0.04975267375267334,0.006633683199999991,-0.5384203749999952,0.032587416,0.03947666,0.0370516426,5,ramp_down,-0.999392904392894,-0.13325225399999954,11.618857942499881,0.14889857,0.01051291,0.059224908,5
demo_2_labeled,place,345,349,11.4999885,11.633321700000002,0.13333320000000093,5,finger_2,ramp_up,0.043242481242480806,0.005765658399999982,-0.462732884399995,0.03355759,0.039545503,0.037437981800000006,5,ramp_down,-0.8689105549105457,-0.11585462479999958,10.101869013599893,0.12945281,0.009132169,0.0514803122,5
demo_2_labeled,retract,350,354,11.666655,11.7999882,0.13333319999999915,5,joint_1,constant,-0.00012720012719960963,-1.6959999999930882e-05,-1.166682160000006,-1.1681645,-1.1681819,-1.1681746400000002,5,constant,0.0013952457572457598,0.00018603258159999916,-0.016500507526400032,-0.0002358016,-4.9195678e-05,-0.00012964034560000002,5
demo_2_labeled,retract,350,354,11.666655,11.7999882,0.13333319999999915,5,joint_2,constant,1.2684012684012575e-05,1.6911999999999748e-06,0.0237298058,0.023877667,0.023879403,0.0238786314,5,constant,-8.820420420420552e-05,-1.1760548800000101e-05,0.0010498672268000155,2.5985573e-05,1.2235983e-05,1.49389324e-05,5
demo_2_labeled,retract,350,354,11.666655,11.7999882,0.13333319999999915,5,joint_3,constant,-1.2161896050872299e-15,-1.6215845185301562e-16,1.4899894000000147,1.4899894,1.4899894,1.4899894,5,constant,0.00016886578286578417,2.251541520000003e-05,-0.0020022484655000156,-3.6562396e-05,-1.28609445e-05,-2.0891927900000004e-05,5
demo_2_labeled,retract,350,354,11.666655,11.7999882,0.13333319999999915,5,joint_4,constant,-7.29713763052338e-15,-9.729507111180936e-16,-2.2261373999999146,-2.2261374,-2.2261374,-2.2261374,5,constant,-8.952995952996305e-06,-1.1937316000000394e-06,0.00010678832011200413,2.541297e-06,1.5966292e-06,1.7399393119999997e-06,5
demo_2_labeled,retract,350,354,11.666655,11.7999882,0.13333319999999915,5,joint_5,constant,-6.150006149781774e-07,-8.19999999970078e-08,0.021887587999999736,0.021880325,0.021880196,0.021880372000000002,5,constant,-6.495695901695692e-05,-8.660919207999664e-06,0.0007590545595079753,-6.192011e-06,-1.1610545e-05,-3.106330796e-06,5
demo_2_labeled,retract,350,354,11.666655,11.7999882,0.13333319999999915,5,joint_6,constant,0.0,0.0,2.6301246,2.6301246,2.6301246,2.6301246,5,constant,1.2935798411798659e-05,1.724771396800022e-06,-0.0001525805749092029,-2.0022378e-06,-5.0242054e-08,-8.006919908e-07,5
demo_2_labeled,retract,350,354,11.666655,11.7999882,0.13333319999999915,5,joint_7,constant,2.4323792101744598e-15,3.2431690370603124e-16,1.0306971999999717,1.0306972,1.0306972,1.0306972,5,constant,3.405929055928903e-05,4.541234199999767e-06,-0.0003958552066999821,6.331351e-06,8.875073e-06,3.7734029e-06,5
demo_2_labeled,retract,350,354,11.666655,11.7999882,0.13333319999999915,5,finger_1,constant,0.0018106008106008448,0.00024141320000000302,0.018648347199999596,0.039730243,0.03998096,0.039892708799999996,5,constant,-0.03637140403140417,-0.004849515687999987,0.42891274302600163,0.005419002,0.00038259377,0.002155362482,5
demo_2_labeled,retract,350,354,11.666655,11.7999882,0.13333319999999915,5,finger_2,constant,0.0015722145722144461,0.00020962839999998185,0.021459548400001482,0.039765768,0.039983474,0.0399068476,5,constant,-0.03158936156936168,-0.004211910663999988,0.3725198031660013,0.0047064,0.00033209447,0.001871664734,5
