demonstration,phase,signal,start_index,end_index,start_time_sec,end_time_sec,duration_sec,samples,label,slope,change,intercept,start_value,end_value,mean_value,valid_samples
demo_2_labeled,approach,joint_1,0,4,0.0,0.1333332,0.1333332,5,constant,-3.0065686865686877e-07,-4.008754240000002e-08,-5.177408000000002e-10,0.0,-4.037404e-08,-2.0561512e-08,5
demo_2_labeled,approach,joint_2,0,4,0.0,0.1333332,0.1333332,5,constant,0.0,0.0,-0.569,-0.569,-0.569,-0.569,5
demo_2_labeled,approach,joint_3,0,4,0.0,0.1333332,0.1333332,5,constant,4.012582252582253e-07,5.350104320000001e-08,-8.781619999998855e-11,0.0,5.3422553e-08,2.66627054e-08,5
demo_2_labeled,approach,joint_4,0,4,0.0,0.1333332,0.1333332,5,constant,-2.4323792101744574e-15,-3.24316903706033e-16,-2.8100000000000005,-2.81,-2.81,-2.81,5
demo_2_labeled,approach,joint_5,0,4,0.0,0.1333332,0.1333332,5,constant,1.2909168729168731e-07,1.7212207760000006e-08,-1.1225835999999907e-10,0.0,1.7170192e-08,8.493845519999998e-09,5
demo_2_labeled,approach,joint_6,0,4,0.0,0.1333332,0.1333332,5,constant,4.864758420348915e-15,6.48633807412066e-16,3.0369999999999995,3.037,3.037,3.037,5
demo_2_labeled,approach,joint_7,0,4,0.0,0.1333332,0.1333332,5,constant,-1.824284407630843e-15,-2.4323767777952473e-16,0.7410000000000002,0.741,0.741,0.741,5
demo_2_labeled,approach,finger_1,0,4,0.0,0.1333332,0.1333332,5,constant,0.0,0.0,0.04000000000000001,0.04,0.04,0.04,5
demo_2_labeled,approach,finger_2,0,4,0.0,0.1333332,0.1333332,5,constant,0.0,0.0,0.04000000000000001,0.04,0.04,0.04,5
demo_2_labeled,approach,joint_1,5,9,0.1666665,0.2999997,0.13333319999999999,5,constant,-2.943501963501967e-07,-3.9246653600000036e-08,-1.1270667999999228e-09,-5.0185403e-08,-8.943205e-08,-6.980871059999999e-08,5
demo_2_labeled,approach,joint_2,5,9,0.1666665,0.2999997,0.13333319999999999,5,constant,-2.4323792101744574e-15,-3.243169037060329e-16,-0.5689999999999994,-0.569,-0.569,-0.569,5
demo_2_labeled,approach,joint_3,5,9,0.1666665,0.2999997,0.13333319999999999,5,constant,4.008662988662991e-07,5.344878640000003e-08,-2.606340000007947e-11,6.678491e-08,1.202337e-07,9.35093128e-08,5
demo_2_labeled,approach,joint_4,5,9,0.1666665,0.2999997,0.13333319999999999,5,constant,-1.2161896050872286e-14,-1.6215845185301646e-15,-2.809999999999997,-2.81,-2.81,-2.81,5
demo_2_labeled,approach,joint_5,5,9,0.1666665,0.2999997,0.13333319999999999,5,constant,1.3151509151509168e-07,1.753532800000002e-08,-3.6535720000003806e-10,2.1553818e-08,3.908914e-08,3.03214668e-08,5
demo_2_labeled,approach,joint_6,5,9,0.1666665,0.2999997,0.13333319999999999,5,constant,9.72951684069783e-15,1.2972676148241317e-15,3.0369999999999973,3.037,3.037,3.037,5
demo_2_labeled,approach,joint_7,5,9,0.1666665,0.2999997,0.13333319999999999,5,constant,1.2161896050872287e-15,1.6215845185301646e-16,0.7409999999999995,0.741,0.741,0.741,5
demo_2_labeled,approach,finger_1,5,9,0.1666665,0.2999997,0.13333319999999999,5,constant,7.60118503179518e-17,1.0134903240813529e-17,0.03999999999999998,0.04,0.04,0.04,5
demo_2_labeled,approach,finger_2,5,9,0.1666665,0.2999997,0.13333319999999999,5,constant,7.60118503179518e-17,1.0134903240813529e-17,0.03999999999999998,0.04,0.04,0.04,5
demo_2_labeled,approach,joint_1,10,14,0.333333,0.4666662,0.13333319999999999,5,constant,-2.9435060435060457e-07,-3.9246708000000027e-08,-1.1269721999999092e-09,-9.9243735e-08,-1.3849044e-07,-1.1886709619999998e-07,5
demo_2_labeled,approach,joint_2,10,14,0.333333,0.4666662,0.13333319999999999,5,constant,-2.432379210174457e-15,-3.2431690370603286e-16,-0.5689999999999988,-0.569,-0.569,-0.569,5
demo_2_labeled,approach,joint_3,10,14,0.333333,0.4666662,0.13333319999999999,5,constant,4.008633108633111e-07,5.344838800000003e-08,-2.518000000012543e-11,1.3359579e-07,1.8704418e-07,1.6031998400000002e-07,5
demo_2_labeled,approach,joint_4,10,14,0.333333,0.4666662,0.13333319999999999,5,constant,-9.729516840697828e-15,-1.2972676148241315e-15,-2.8099999999999965,-2.81,-2.81,-2.81,5
demo_2_labeled,approach,joint_5,10,14,0.333333,0.4666662,0.13333319999999999,5,constant,1.3151532551532543e-07,1.7535359199999987e-08,-3.6541179999997274e-10,4.3472983e-08,6.100834e-08,5.22406658e-08,5
demo_2_labeled,approach,joint_6,10,14,0.333333,0.4666662,0.13333319999999999,5,constant,9.729516840697828e-15,1.2972676148241315e-15,3.0369999999999964,3.037,3.037,3.037,5
demo_2_labeled,approach,joint_7,10,14,0.333333,0.4666662,0.13333319999999999,5,constant,3.040474012718071e-15,4.053961296325411e-16,0.7409999999999987,0.741,0.741,0.741,5
demo_2_labeled,approach,finger_1,10,14,0.333333,0.4666662,0.13333319999999999,5,constant,0.0,0.0,0.039999999999999994,0.04,0.04,0.04,5
demo_2_labeled,approach,finger_2,10,14,0.333333,0.4666662,0.13333319999999999,5,constant,0.0,0.0,0.039999999999999994,0.04,0.04,0.04,5
demo_2_labeled,approach,joint_1,15,19,0.4999995,0.6333327000000001,0.1333332000000001,5,constant,-2.9435000435000397e-07,-3.9246627999999975e-08,-1.1272350000001452e-09,-1.4830209e-07,-1.8754872e-07,-1.67925404e-07,5
demo_2_labeled,approach,joint_2,15,19,0.4999995,0.6333327000000001,0.1333332000000001,5,constant,2.4323792101744554e-15,3.243169037060329e-16,-0.569000000000001,-0.569,-0.569,-0.569,5
demo_2_labeled,approach,joint_3,15,19,0.4999995,0.6333327000000001,0.1333332000000001,5,constant,4.0086412086412016e-07,5.344849599999994e-08,-2.560999999975296e-11,2.0040628e-07,2.538548e-07,2.27130498e-07,5
demo_2_labeled,approach,joint_4,15,19,0.4999995,0.6333327000000001,0.1333332000000001,5,constant,2.4323792101744554e-15,3.243169037060329e-16,-2.8099999999999996,-2.81,-2.81,-2.81,5
demo_2_labeled,approach,joint_5,15,19,0.4999995,0.6333327000000001,0.1333332000000001,5,constant,1.3151477351477328e-07,1.7535285599999983e-08,-3.65155599999901e-10,6.5392165e-08,8.292745e-08,7.41598082e-08,5
demo_2_labeled,approach,joint_6,15,19,0.4999995,0.6333327000000001,0.1333332000000001,5,constant,0.0,0.0,3.0369999999999973,3.037,3.037,3.037,5
demo_2_labeled,approach,joint_7,15,19,0.4999995,0.6333327000000001,0.1333332000000001,5,constant,-2.4323792101744554e-15,-3.243169037060329e-16,0.7410000000000011,0.741,0.741,0.741,5
demo_2_labeled,approach,finger_1,15,19,0.4999995,0.6333327000000001,0.1333332000000001,5,constant,-7.601185031795173e-17,-1.0134903240813529e-17,0.04000000000000002,0.04,0.04,0.04,5
demo_2_labeled,approach,finger_2,15,19,0.4999995,0.6333327000000001,0.1333332000000001,5,constant,-7.601185031795173e-17,-1.0134903240813529e-17,0.04000000000000002,0.04,0.04,0.04,5
demo_2_labeled,approach,joint_1,20,24,0.6666660000000001,0.7999992,0.13333319999999993,5,constant,-2.9435000435000407e-07,-3.924662799999994e-08,-1.1272420000000382e-09,-1.9736038e-07,-2.3660701e-07,-2.16983696e-07,5
demo_2_labeled,approach,joint_2,20,24,0.6666660000000001,0.7999992,0.13333319999999993,5,constant,0.0,0.0,-0.5689999999999995,-0.569,-0.569,-0.569,5
demo_2_labeled,approach,joint_3,20,24,0.6666660000000001,0.7999992,0.13333319999999993,5,constant,4.008674808674812e-07,5.344894400000002e-08,-2.7664000000454038e-11,2.6721705e-07,3.20666e-07,2.93941528e-07,5
demo_2_labeled,approach,joint_4,20,24,0.6666660000000001,0.7999992,0.13333319999999993,5,constant,-9.729516840697831e-15,-1.2972676148241315e-15,-2.8099999999999907,-2.81,-2.81,-2.81,5
demo_2_labeled,approach,joint_5,20,24,0.6666660000000001,0.7999992,0.13333319999999993,5,constant,1.3151478251478269e-07,1.7535286800000013e-08,-3.6516440000019497e-10,8.731127e-08,1.04846556e-07,9.6078913e-08,5
demo_2_labeled,approach,joint_6,20,24,0.6666660000000001,0.7999992,0.13333319999999993,5,constant,0.0,0.0,3.0369999999999973,3.037,3.037,3.037,5
demo_2_labeled,approach,joint_7,20,24,0.6666660000000001,0.7999992,0.13333319999999993,5,constant,-2.432379210174458e-15,-3.2431690370603286e-16,0.7410000000000015,0.741,0.741,0.741,5
demo_2_labeled,approach,finger_1,20,24,0.6666660000000001,0.7999992,0.13333319999999993,5,constant,-3.8005925158975903e-17,-5.0674516204067635e-18,0.04,0.04,0.04,0.04,5
demo_2_labeled,approach,finger_2,20,24,0.6666660000000001,0.7999992,0.13333319999999993,5,constant,-3.8005925158975903e-17,-5.0674516204067635e-18,0.04,0.04,0.04,0.04,5
demo_2_labeled,approach,joint_1,25,29,0.8333325,0.9666657,0.13333319999999993,5,constant,-0.003170442170442176,-0.0004227252000000005,0.001739453660000005,-0.0008637792,-0.001306389,-0.00111394144,5
demo_2_labeled,approach,joint_2,25,29,0.8333325,0.9666657,0.13333319999999993,5,ramp_down,-2.002435462435469,-0.26699112800000074,1.0574180620000062,-0.6150862,-0.88194466,-0.7447720520000001,5
demo_2_labeled,approach,joint_3,25,29,0.8333325,0.9666657,0.13333319999999993,5,constant,-0.0017258719058719073,-0.00023011602400000008,0.0008778820160000013,-0.00052810553,-0.00077460014,-0.000675401146,5
demo_2_labeled,approach,joint_4,25,29,0.8333325,0.9666657,0.13333319999999993,5,ramp_down,-1.1899556899556927,-0.1586606000000003,-1.8564544899999975,-2.8469028,-3.005609,-2.92741354,5
demo_2_labeled,approach,joint_5,25,29,0.8333325,0.9666657,0.13333319999999993,5,constant,9.066402066402205e-05,1.2088524000000178e-05,0.0003782570709999989,0.0004090477,0.00043305857,0.000459854608,5
demo_2_labeled,approach,joint_6,25,29,0.8333325,0.9666657,0.13333319999999993,5,ramp_down,-0.8366129366129256,-0.11154827999999847,3.7214853899999905,3.0195372,2.9077537,2.9685345,5
demo_2_labeled,approach,joint_7,25,29,0.8333325,0.9666657,0.13333319999999993,5,constant,-0.0014829014828962428,-0.0001977199999993012,0.7422017499999953,0.7409616,0.7407644,0.74086714,5
demo_2_labeled,approach,finger_1,25,29,0.8333325,0.9666657,0.13333319999999993,5,constant,1.5202370063590364e-16,2.0269806481627057e-17,0.03999999999999986,0.04,0.04,0.04,5
demo_2_labeled,approach,finger_2,25,29,0.8333325,0.9666657,0.13333319999999993,5,constant,1.8381018381216704e-05,2.4508000000264417e-06,0.03998198829999982,0.03999735,0.039999627,0.039998531200000007,5
demo_2_labeled,approach,joint_1,30,34,0.999999,1.1333322,0.13333319999999993,5,constant,0.00022448308448308861,2.9931048000000535e-05,-0.0007526305660000045,-0.00054233766,-0.00050554395,-0.000513182182,5
demo_2_labeled,approach,joint_2,30,34,0.999999,1.1333322,0.13333319999999993,5,constant,-0.002757332757325666,-0.0003676439999990543,-0.8946741920000074,-0.89728177,-0.8977137,-0.8976153440000001,5
demo_2_labeled,approach,joint_3,30,34,0.999999,1.1333322,0.13333319999999993,5,constant,8.713652713652813e-05,1.1618192000000125e-05,-0.00027265799800000104,-0.00019160015,-0.00017684513,-0.000179712462,5
demo_2_labeled,approach,joint_4,30,34,0.999999,1.1333322,0.13333319999999993,5,constant,0.003076203076232142,0.0004101600000038752,-3.0129340800000306,-3.0100455,-3.009547,-3.0096528,5
demo_2_labeled,approach,joint_5,30,34,0.999999,1.1333322,0.13333319999999993,5,constant,-0.0005474362694362705,-7.29914296000001e-05,0.000522373397000001,7.145147e-06,-8.064018e-05,-6.15580398e-05,5
demo_2_labeled,approach,joint_6,30,34,0.999999,1.1333322,0.13333319999999993,5,constant,0.0003252003251715227,4.3359999996159646e-05,2.90741920000003,2.907725,2.9077773,2.9077660799999996,5
demo_2_labeled,approach,joint_7,30,34,0.999999,1.1333322,0.13333319999999993,5,constant,8.760008754928215e-06,1.1679999993225942e-06,0.7407838640000053,0.74079204,0.7407935,0.740793208,5
demo_2_labeled,approach,finger_1,30,34,0.999999,1.1333322,0.13333319999999993,5,constant,1.3080013079680466e-05,1.7439999999556506e-06,0.03998521400000036,0.039998095,0.039999835,0.039999165999999996,5
demo_2_labeled,approach,finger_2,30,34,0.999999,1.1333322,0.13333319999999993,5,constant,1.3740013738183159e-06,1.831999999755922e-07,0.03999847780000018,0.039999753,0.039999988,0.0399999434,5
demo_2_labeled,approach,joint_1,35,39,1.1666655,1.2999987000000002,0.13333320000000026,5,constant,0.027555820065819987,0.0036741056679999965,-0.0335748948909999,-0.0005055431,0.0040990855,0.00041058253800000007,5
demo_2_labeled,approach,joint_2,35,39,1.1666655,1.2999987000000002,0.13333320000000026,5,constant,0.0015585015585014906,0.00020779999999999136,-0.8995584500000001,-0.8977137,-0.8975812,-0.8976363,5
demo_2_labeled,approach,joint_3,35,39,1.1666655,1.2999987000000002,0.13333320000000026,5,ramp_up,0.4211807603207593,0.056157378551999974,-0.5013807087779988,-0.00017684088,0.0489572,0.018075042827999998,5
demo_2_labeled,approach,joint_4,35,39,1.1666655,1.2999987000000002,0.13333320000000026,5,constant,0.007943407943393132,0.0010591199999980272,-3.018968599999982,-3.009547,-3.0087755,-3.00917174,5
demo_2_labeled,approach,joint_5,35,39,1.1666655,1.2999987000000002,0.13333320000000026,5,ramp_up,0.06898261512661497,0.009197672819199997,-0.0820383088803998,-8.0644684e-05,0.007309491,0.0030401646971999997,5
demo_2_labeled,approach,joint_6,35,39,1.1666655,1.2999987000000002,0.13333320000000026,5,constant,-0.001456501456491673,-0.00019419999999869593,2.9095067699999886,2.9077773,2.9076262,2.90771042,5
demo_2_labeled,approach,joint_7,35,39,1.1666655,1.2999987000000002,0.13333320000000026,5,ramp_up,0.4025767625767605,0.05367684799999983,0.2621705320000026,0.7407935,0.78554624,0.758681376,5
demo_2_labeled,approach,finger_1,35,39,1.1666655,1.2999987000000002,0.13333320000000026,5,constant,-0.00035436035436017897,-4.724799999997671e-05,0.04042515999999977,0.03999992,0.03994082,0.039988116000000004,5
demo_2_labeled,approach,finger_2,35,39,1.1666655,1.2999987000000002,0.13333320000000026,5,constant,-0.00016461616461605695,-2.1948799999985688e-05,0.040192037599999876,0.039999988,0.04,0.0399890112,5
demo_2_labeled,approach,joint_1,40,44,1.3333320000000002,1.4666652000000002,0.13333320000000004,5,constant,-0.0011871731871731753,-0.00015828959999999846,0.005700241239999983,0.00407791,0.003880074,0.00403820044,5
demo_2_labeled,approach,joint_2,40,44,1.3333320000000002,1.4666652000000002,0.13333320000000004,5,constant,0.011518451518448552,0.001535791999999605,-0.9133067879999959,-0.8975675,-0.89564776,-0.8971809719999999,5
demo_2_labeled,approach,joint_3,40,44,1.3333320000000002,1.4666652000000002,0.13333320000000004,5,ramp_up,0.2526575106575108,0.03368763440000003,-0.29636771500000025,0.048930477,0.09104002,0.0573524462,5
demo_2_labeled,approach,joint_4,40,44,1.3333320000000002,1.4666652000000002,0.13333320000000004,5,constant,0.017773817773802526,0.0023698399999979676,-3.033117559999979,-3.0088267,-3.0058644,-3.00823424,5
demo_2_labeled,approach,joint_5,40,44,1.3333320000000002,1.4666652000000002,0.13333320000000004,5,ramp_up,0.04891830841830841,0.006522434600000001,-0.05953161480000001,0.007323066,0.015476072,0.0089539485,5
demo_2_labeled,approach,joint_6,40,44,1.3333320000000002,1.4666652000000002,0.13333320000000004,5,constant,-0.004517404517394615,-0.0006023199999986799,2.9137951799999864,2.9076214,2.9068685,2.90747082,5
demo_2_labeled,approach,joint_7,40,44,1.3333320000000002,1.4666652000000002,0.13333320000000004,5,ramp_up,0.267502707502707,0.035666991999999946,0.4199590320000007,0.7855457,0.83012944,0.794462448,5
demo_2_labeled,approach,finger_1,40,44,1.3333320000000002,1.4666652000000002,0.13333320000000004,5,constant,0.00021606621606628295,2.8808800000008925e-05,0.039685885199999896,0.03996972,0.04,0.0399883776,5
demo_2_labeled,approach,finger_2,40,44,1.3333320000000002,1.4666652000000002,0.13333320000000004,5,constant,-0.00032807432807410817,-4.374319999997069e-05,0.04044821539999969,0.03999976,0.039945055,0.039988911800000006,5
demo_2_labeled,approach,joint_1,45,49,1.4999985000000002,1.6333317,0.13333319999999982,5,constant,-0.0001003621003621242,-1.338160000000316e-05,0.008616923200000036,0.008473036,0.008456333,0.008459689400000001,5
demo_2_labeled,approach,joint_2,45,49,1.4999985000000002,1.6333317,0.13333319999999982,5,constant,-0.00011592011591366193,-1.5455999999139447e-05,-0.8953633580000099,-0.89552873,-0.8955487,-0.8955449659999999,5
demo_2_labeled,approach,joint_3,45,49,1.4999985000000002,1.6333317,0.13333319999999982,5,constant,-0.00014731514731530668,-1.9642000000021223e-05,0.09822248650000023,0.09801141,0.097986795,0.097991693,5
demo_2_labeled,approach,joint_4,45,49,1.4999985000000002,1.6333317,0.13333319999999982,5,constant,-0.0001974001973940188,-2.631999999917615e-05,-3.00547486000001,-3.0057578,-3.0057907,-3.0057841200000004,5
demo_2_labeled,approach,joint_5,45,49,1.4999985000000002,1.6333317,0.13333319999999982,5,constant,5.295755295749565e-05,7.060999999992349e-06,0.01457763795000009,0.014653576,0.014662376,0.0146606047,5
demo_2_labeled,approach,joint_6,45,49,1.4999985000000002,1.6333317,0.13333319999999982,5,constant,-1.0800010805875698e-05,-1.4400000007819838e-06,2.906939280000009,2.9069238,2.906922,2.90692236,5
demo_2_labeled,approach,joint_7,45,49,1.4999985000000002,1.6333317,0.13333319999999982,5,constant,-3.600003602972057e-06,-4.800000003957933e-07,0.8301988000000048,0.83019364,0.83019304,0.83019316,5
demo_2_labeled,approach,finger_1,45,49,1.4999985000000002,1.6333317,0.13333319999999982,5,constant,0.0003964383964382778,5.285839999998411e-05,0.03935547700000017,0.039940882,0.03999585,0.039976563199999995,5
demo_2_labeled,approach,finger_2,45,49,1.4999985000000002,1.6333317,0.13333319999999982,5,constant,5.4000054000493983e-08,7.2000000000586545e-09,0.0399998198,0.04,0.03999993,0.03999990440000001,5
demo_2_labeled,approach,joint_1,50,54,1.666665,1.7999982,0.13333320000000004,5,ramp_up,0.05895795825795826,0.007861053240000002,-0.08926746118000001,0.0077519077,0.015341048,0.01292623094,5
demo_2_labeled,approach,joint_2,50,54,1.666665,1.7999982,0.13333320000000004,5,constant,0.03444825444824982,0.004593095999999384,-0.9473541959999916,-0.89201486,-0.88647634,-0.887643948,5
demo_2_labeled,approach,joint_3,50,54,1.666665,1.7999982,0.13333320000000004,5,ramp_up,0.35439476439476547,0.04725258800000016,-0.4311284880000019,0.14000806,0.19565032,0.18315515599999999,5
demo_2_labeled,approach,joint_4,50,54,1.666665,1.7999982,0.13333320000000004,5,ramp_up,0.05024345024344297,0.006699119999999032,-3.081948339999988,-3.0009844,-2.993087,-2.99485978,5
demo_2_labeled,approach,joint_5,50,54,1.666665,1.7999982,0.13333320000000004,5,constant,0.033949464949465026,0.004526590800000012,-0.03120001200000014,0.022631424,0.02869529,0.0276456684,5
demo_2_labeled,approach,joint_6,50,54,1.666665,1.7999982,0.13333320000000004,5,constant,-0.010280110280093027,-0.0013706799999977,2.9219813599999696,2.9055953,2.9038308,2.90416252,5
demo_2_labeled,approach,joint_7,50,54,1.666665,1.7999982,0.13333320000000004,5,ramp_up,0.2643001443001455,0.03523998400000017,0.4515866759999976,0.8745006,0.9185222,0.9097064679999999,5
demo_2_labeled,approach,finger_1,50,54,1.666665,1.7999982,0.13333320000000004,5,constant,-0.00017747117747097003,-2.366279999997235e-05,0.04028478639999964,0.04,0.039983723,0.03997717,5
demo_2_labeled,approach,finger_2,50,54,1.666665,1.7999982,0.13333320000000004,5,constant,0.00040804540804547436,5.440600000000886e-05,0.03927642699999988,0.03994504,0.03999994,0.039983705,5
demo_2_labeled,approach,joint_1,55,59,1.8333315,1.9666647,0.13333320000000004,5,constant,3.6000036051003854e-08,4.800000006795708e-09,0.015341081399999906,0.015341145,0.015341151,0.0153411498,5
demo_2_labeled,approach,joint_2,55,59,1.8333315,1.9666647,0.13333320000000004,5,constant,-3.648568815261685e-15,-4.864753555590495e-16,-0.8864765999999928,-0.8864766,-0.8864766,-0.8864766,5
demo_2_labeled,approach,joint_3,55,59,1.8333315,1.9666647,0.13333320000000004,5,constant,4.560711019077106e-16,6.080941944488118e-17,0.1956503199999991,0.19565032,0.19565032,0.19565032,5
demo_2_labeled,approach,joint_4,55,59,1.8333315,1.9666647,0.13333320000000004,5,constant,-9.729516840697827e-15,-1.2972676148241319e-15,-2.993086999999981,-2.993087,-2.993087,-2.993087,5
demo_2_labeled,approach,joint_5,55,59,1.8333315,1.9666647,0.13333320000000004,5,constant,7.601185031795177e-17,1.013490324081353e-17,0.028695234999999847,0.028695235,0.028695235,0.028695234999999996,5
demo_2_labeled,approach,joint_6,55,59,1.8333315,1.9666647,0.13333320000000004,5,constant,1.459427526104674e-14,1.945901422236198e-15,2.903830799999972,2.9038308,2.9038308,2.9038308,5
demo_2_labeled,approach,joint_7,55,59,1.8333315,1.9666647,0.13333320000000004,5,constant,2.4323792101744566e-15,3.2431690370603296e-16,0.9185221999999953,0.9185222,0.9185222,0.9185222,5
demo_2_labeled,approach,finger_1,55,59,1.8333315,1.9666647,0.13333320000000004,5,constant,5.634005634016061e-05,7.512000000013905e-06,0.039889612199999806,0.039991602,0.039999403,0.0399966582,5
demo_2_labeled,approach,finger_2,55,59,1.8333315,1.9666647,0.13333320000000004,5,constant,1.5202370063590354e-16,2.026980648162706e-17,0.03999993999999971,0.03999994,0.03999994,0.03999994,5
demo_2_labeled,approach,joint_1,60,64,1.999998,2.1333312,0.13333320000000026,5,ramp_down,-0.12856452436452412,-0.01714191944,0.2752089124599995,0.015341151,-0.0016699443,0.009509161140000002,5
demo_2_labeled,approach,joint_2,60,64,1.999998,2.1333312,0.13333320000000026,5,ramp_up,0.6332668532668527,0.0844354960000001,-2.165916307999999,-0.8864766,-0.80431896,-0.8571661199999999,5
demo_2_labeled,approach,joint_3,60,64,1.999998,2.1333312,0.13333320000000026,5,ramp_up,0.2636793836793822,0.03515721599999987,-0.33677670399999715,0.19565032,0.22953321,0.208160144,5
demo_2_labeled,approach,joint_4,60,64,1.999998,2.1333312,0.13333320000000026,5,ramp_down,-0.5486909486909353,-0.07315871999999836,-1.8857848000000277,-2.993087,-3.0620253,-3.01974496,5
demo_2_labeled,approach,joint_5,60,64,1.999998,2.1333312,0.13333320000000026,5,constant,-0.007126420126420117,-0.0009501884000000006,0.04302201959999998,0.028695235,0.027808582,0.0282940994,5
demo_2_labeled,approach,joint_6,60,64,1.999998,2.1333312,0.13333320000000026,5,ramp_up,1.3772029772029677,0.1836268799999991,0.12583870000001962,2.9038308,3.0770743,2.97205534,5
demo_2_labeled,approach,joint_7,60,64,1.999998,2.1333312,0.13333320000000026,5,ramp_up,0.17754578754578565,0.023672747999999792,0.5603093780000037,0.9185222,0.94096935,0.927236972,5
demo_2_labeled,approach,finger_1,60,64,1.999998,2.1333312,0.13333320000000026,5,constant,-1.9251019251157023e-05,-2.566800000018375e-06,0.04003810120000029,0.039999694,0.039997913,0.039998315799999996,5
demo_2_labeled,approach,finger_2,60,64,1.999998,2.1333312,0.13333320000000026,5,constant,5.250005248886712e-07,6.999999998508632e-08,0.03999860520000023,0.03999994,0.04,0.03999969020000001,5
demo_2_labeled,approach,joint_1,65,69,2.1666645,2.2999977,0.13333320000000004,5,ramp_down,-0.7073116973116972,-0.09430813200000002,1.5247238023999996,-0.013447215,-0.108242765,-0.0549374086,5
demo_2_labeled,approach,joint_2,65,69,2.1666645,2.2999977,0.13333320000000004,5,ramp_up,1.485159675159677,0.1980210920000003,-3.9819326910000044,-0.7611809,-0.56306297,-0.6650794,5
demo_2_labeled,approach,joint_3,65,69,2.1666645,2.2999977,0.13333320000000004,5,ramp_up,0.8612178212178198,0.11482892799999984,-1.6253089099999964,0.24664345,0.36213005,0.29807563400000003,5
demo_2_labeled,approach,joint_4,65,69,2.1666645,2.2999977,0.13333320000000004,5,constant,2.3400023412325277e-05,3.1200000016402494e-06,-3.0718551600000286,-3.0718057,-3.071802,-3.0718029000000002,5
demo_2_labeled,approach,joint_5,65,69,2.1666645,2.2999977,0.13333320000000004,5,ramp_up,0.053699051699051654,0.007159866399999997,-0.0902722715999999,0.027794557,0.03553958,0.0296554906,5
demo_2_labeled,approach,joint_6,65,69,2.1666645,2.2999977,0.13333320000000004,5,ramp_up,2.0601812601812415,0.2746905599999976,-1.3244250999999583,3.1407857,3.4154294,3.27664178,5
demo_2_labeled,approach,joint_7,65,69,2.1666645,2.2999977,0.13333320000000004,5,ramp_up,0.24928920928921047,0.03323852800000017,0.4104774939999972,0.94982284,0.982636,0.967222838,5
demo_2_labeled,approach,finger_1,65,69,2.1666645,2.2999977,0.13333320000000004,5,constant,-5.268005268090419e-06,-7.024000000113537e-07,0.04001018780000019,0.039998498,0.039997905,0.0399984226,5
demo_2_labeled,approach,finger_2,65,69,2.1666645,2.2999977,0.13333320000000004,5,constant,5.491805491797029e-05,7.322399999988719e-06,0.03987524220000021,0.039992232,0.04,0.039997892400000006,5
demo_2_labeled,approach,joint_1,70,74,2.3333310000000003,2.4666642000000003,0.13333320000000004,5,ramp_down,-0.31496287496287456,-0.04199500799999996,0.5665411919999991,-0.14918068,-0.20024288,-0.189368952,5
demo_2_labeled,approach,joint_2,70,74,2.3333310000000003,2.4666642000000003,0.13333320000000004,5,ramp_up,0.49365880365880277,0.0658211079999999,-1.6331189779999982,-0.50571406,-0.4304556,-0.44833903399999997,5
demo_2_labeled,approach,joint_3,70,74,2.3333310000000003,2.4666642000000003,0.13333320000000004,5,ramp_up,0.3654195954195956,0.048722564000000045,-0.4180280100000004,0.4109333,0.47123176,0.458978142,5
demo_2_labeled,approach,joint_4,70,74,2.3333310000000003,2.4666642000000003,0.13333320000000004,5,constant,1.8300018305023717e-05,2.440000000667389e-06,-3.0718450200000116,-3.0718017,-3.0717998,-3.0718011000000005,5
demo_2_labeled,approach,joint_5,70,74,2.3333310000000003,2.4666642000000003,0.13333320000000004,5,ramp_up,0.13251532251532236,0.017668691999999986,-0.2528586599999997,0.04760572,0.06962226,0.065177796,5
demo_2_labeled,approach,joint_6,70,74,2.3333310000000003,2.4666642000000003,0.13333320000000004,5,ramp_up,0.42951072951073943,0.05726804000000134,2.5145025199999766,3.4874423,3.5595388,3.54532724,5
demo_2_labeled,approach,joint_7,70,74,2.3333310000000003,2.4666642000000003,0.13333320000000004,5,ramp_down,-0.038780408780411016,-0.0051707160000003,1.0722753220000054,0.9842782,0.97789407,0.979202434,5
demo_2_labeled,approach,finger_1,70,74,2.3333310000000003,2.4666642000000003,0.13333320000000004,5,constant,1.8939018939095124e-05,2.525200000010159e-06,0.03995193119999982,0.039997566,0.039999735,0.0399973848,5
demo_2_labeled,approach,finger_2,70,74,2.3333310000000003,2.4666642000000003,0.13333320000000004,5,constant,-2.0130020130129245e-05,-2.6840000000145495e-06,0.040047058800000264,0.04,0.03999824,0.0399987468,5
demo_2_labeled,approach,joint_1,75,79,2.4999975,2.6333307,0.13333320000000004,5,constant,-0.01848394848394752,-0.0024645239999998726,-0.20597310900000249,-0.25129363,-0.2540948,-0.25341519600000006,5
demo_2_labeled,approach,joint_2,75,79,2.4999975,2.6333307,0.13333320000000004,5,ramp_up,0.0892834792834798,0.011904452000000072,-0.5947450210000014,-0.37742862,-0.36259687,-0.36558432,5
demo_2_labeled,approach,joint_3,75,79,2.4999975,2.6333307,0.13333320000000004,5,constant,0.006600906600905786,0.0008801199999998917,0.522655320000002,0.5385575,0.53978825,0.53959763,5
demo_2_labeled,approach,joint_4,75,79,2.4999975,2.6333307,0.13333320000000004,5,constant,-0.009403509403507855,-0.0012537999999997938,-3.0473509300000043,-3.0702314,-3.0717998,-3.0714865800000006,5
demo_2_labeled,approach,joint_5,75,79,2.4999975,2.6333307,0.13333320000000004,5,constant,0.0004607404607399741,6.143199999993514e-05,0.10436684000000124,0.10553385,0.10557333,0.105549406,5
demo_2_labeled,approach,joint_6,75,79,2.4999975,2.6333307,0.13333320000000004,5,constant,-0.007336207336220087,-0.0009781600000017005,3.652832420000033,3.6349711,3.6337566,3.63400284,5
demo_2_labeled,approach,joint_7,75,79,2.4999975,2.6333307,0.13333320000000004,5,constant,-0.001050601050604558,-0.0001400800000004677,0.9614613400000088,0.9589056,0.9587299,0.9587648,5
demo_2_labeled,approach,finger_1,75,79,2.4999975,2.6333307,0.13333320000000004,5,constant,5.505005504996718e-05,7.339999999988286e-06,0.03985559720000022,0.039994758,0.039999813,0.0399968922,5
demo_2_labeled,approach,finger_2,75,79,2.4999975,2.6333307,0.13333320000000004,5,constant,8.24100824091279e-06,1.0987999999872735e-06,0.03997700810000024,0.039996978,0.039999064,0.03999816,5
demo_2_labeled,approach,joint_1,80,84,2.6666640000000004,2.7999972000000004,0.13333320000000004,5,constant,3.0404740127180732e-16,4.053961296325415e-17,-0.25409480000000095,-0.2540948,-0.2540948,-0.2540948,5
demo_2_labeled,approach,joint_2,80,84,2.6666640000000004,2.7999972000000004,0.13333320000000004,5,constant,0.0,0.0,-0.36259687000000007,-0.36259687,-0.36259687,-0.36259687,5
demo_2_labeled,approach,joint_3,80,84,2.6666640000000004,2.7999972000000004,0.13333320000000004,5,constant,-6.0809480254361465e-16,-8.10792259265083e-17,0.5397882500000016,0.53978825,0.53978825,0.53978825,5
demo_2_labeled,approach,joint_4,80,84,2.6666640000000004,2.7999972000000004,0.13333320000000004,5,constant,9.729516840697834e-15,1.2972676148241328e-15,-3.071799800000027,-3.0717998,-3.0717998,-3.0717998,5
demo_2_labeled,approach,joint_5,80,84,2.6666640000000004,2.7999972000000004,0.13333320000000004,5,constant,-3.0404740127180732e-16,-4.053961296325415e-17,0.10557333000000084,0.10557333,0.10557333,0.10557332999999999,5
demo_2_labeled,approach,joint_6,80,84,2.6666640000000004,2.7999972000000004,0.13333320000000004,5,constant,-9.729516840697834e-15,-1.2972676148241328e-15,3.6337566000000274,3.6337566,3.6337566,3.6337565999999994,5
demo_2_labeled,approach,joint_7,80,84,2.6666640000000004,2.7999972000000004,0.13333320000000004,5,constant,-1.2161896050872293e-15,-1.621584518530166e-16,0.9587299000000038,0.9587299,0.9587299,0.9587299,5
demo_2_labeled,approach,finger_1,80,84,2.6666640000000004,2.7999972000000004,0.13333320000000004,5,constant,3.8005925158975916e-17,5.067451620406769e-18,0.03999993199999989,0.039999932,0.039999932,0.039999932,5
demo_2_labeled,approach,finger_2,80,84,2.6666640000000004,2.7999972000000004,0.13333320000000004,5,constant,2.9970029970844246e-06,3.996000000108571e-07,0.039991611599999775,0.03999952,0.039999932,0.0399998034,5
demo_2_labeled,approach,joint_1,85,89,2.8333305,2.9666637,0.1333331999999996,5,constant,6.0809480254361465e-16,8.107922592650803e-17,-0.2540948000000018,-0.2540948,-0.2540948,-0.2540948,5
demo_2_labeled,approach,joint_2,85,89,2.8333305,2.9666637,0.1333331999999996,5,constant,9.12142203815422e-16,1.2161883888976207e-16,-0.36259687000000274,-0.36259687,-0.36259687,-0.36259687,5
demo_2_labeled,approach,joint_3,85,89,2.8333305,2.9666637,0.1333331999999996,5,constant,-1.824284407630844e-15,-2.4323767777952414e-16,0.5397882500000054,0.53978825,0.53978825,0.53978825,5
demo_2_labeled,approach,joint_4,85,89,2.8333305,2.9666637,0.1333331999999996,5,constant,1.4594275261046753e-14,1.945901422236193e-15,-3.0717998000000426,-3.0717998,-3.0717998,-3.0717998,5
demo_2_labeled,approach,joint_5,85,89,2.8333305,2.9666637,0.1333331999999996,5,constant,-2.280355509538555e-16,-3.040470972244052e-17,0.10557333000000066,0.10557333,0.10557333,0.10557332999999999,5
demo_2_labeled,approach,joint_6,85,89,2.8333305,2.9666637,0.1333331999999996,5,constant,-1.4594275261046753e-14,-1.945901422236193e-15,3.6337566000000425,3.6337566,3.6337566,3.6337565999999994,5
demo_2_labeled,approach,joint_7,85,89,2.8333305,2.9666637,0.1333331999999996,5,constant,-2.4323792101744586e-15,-3.2431690370603213e-16,0.958729900000007,0.9587299,0.9587299,0.9587299,5
demo_2_labeled,approach,finger_1,85,89,2.8333305,2.9666637,0.1333331999999996,5,constant,0.0,0.0,0.039999932,0.039999932,0.039999932,0.039999932,5
demo_2_labeled,approach,finger_2,85,89,2.8333305,2.9666637,0.1333331999999996,5,constant,0.0,0.0,0.039999932,0.039999932,0.039999932,0.039999932,5
demo_2_labeled,approach,joint_1,90,94,2.9999970000000005,3.1333302000000005,0.13333320000000004,5,constant,3.0404740127180732e-16,4.053961296325415e-17,-0.254094800000001,-0.2540948,-0.2540948,-0.2540948,5
demo_2_labeled,approach,joint_2,90,94,2.9999970000000005,3.1333302000000005,0.13333320000000004,5,constant,0.0,0.0,-0.36259687000000007,-0.36259687,-0.36259687,-0.36259687,5
demo_2_labeled,approach,joint_3,90,94,2.9999970000000005,3.1333302000000005,0.13333320000000004,5,constant,-6.0809480254361465e-16,-8.10792259265083e-17,0.5397882500000017,0.53978825,0.53978825,0.53978825,5
demo_2_labeled,approach,joint_4,90,94,2.9999970000000005,3.1333302000000005,0.13333320000000004,5,constant,9.729516840697834e-15,1.2972676148241328e-15,-3.0717998000000306,-3.0717998,-3.0717998,-3.0717998,5
demo_2_labeled,approach,joint_5,90,94,2.9999970000000005,3.1333302000000005,0.13333320000000004,5,constant,-3.0404740127180732e-16,-4.053961296325415e-17,0.10557333000000095,0.10557333,0.10557333,0.10557332999999999,5
demo_2_labeled,approach,joint_6,90,94,2.9999970000000005,3.1333302000000005,0.13333320000000004,5,constant,-9.729516840697834e-15,-1.2972676148241328e-15,3.633756600000031,3.6337566,3.6337566,3.6337565999999994,5
demo_2_labeled,approach,joint_7,90,94,2.9999970000000005,3.1333302000000005,0.13333320000000004,5,constant,-1.2161896050872293e-15,-1.621584518530166e-16,0.9587299000000042,0.9587299,0.9587299,0.9587299,5
demo_2_labeled,approach,finger_1,90,94,2.9999970000000005,3.1333302000000005,0.13333320000000004,5,constant,3.8005925158975916e-17,5.067451620406769e-18,0.039999931999999884,0.039999932,0.039999932,0.039999932,5
demo_2_labeled,approach,finger_2,90,94,2.9999970000000005,3.1333302000000005,0.13333320000000004,5,constant,3.8005925158975916e-17,5.067451620406769e-18,0.039999931999999884,0.039999932,0.039999932,0.039999932,5
demo_2_labeled,approach,joint_1,95,99,3.1666635000000003,3.2999967000000003,0.13333320000000004,5,ramp_down,-1.1262816762816754,-0.15017073999999994,3.330195134999997,-0.2540948,-0.3932887,-0.31144531000000003,5
demo_2_labeled,approach,joint_2,95,99,3.1666635000000003,3.2999967000000003,0.13333320000000004,5,ramp_up,1.6270710670710684,0.21694259200000024,-5.543995856000005,-0.36259687,-0.15760534,-0.283138,5
demo_2_labeled,approach,joint_3,95,99,3.1666635000000003,3.2999967000000003,0.13333320000000004,5,ramp_up,1.6363181863181848,0.21817553999999986,-4.668485872999995,0.53978825,0.7432046,0.622270972,5
demo_2_labeled,approach,joint_4,95,99,3.1666635000000003,3.2999967000000003,0.13333320000000004,5,ramp_up,0.14782874782875258,0.019710480000000637,-3.542908880000015,-3.0717998,-3.0521548,-3.06492974,5
demo_2_labeled,approach,joint_5,95,99,3.1666635000000003,3.2999967000000003,0.13333320000000004,5,ramp_up,1.4663333063333064,0.19551091200000006,-4.565065432000001,0.10557333,0.2931326,0.17607418400000002,5
demo_2_labeled,approach,joint_6,95,99,3.1666635000000003,3.2999967000000003,0.13333320000000004,5,ramp_up,1.0686925686925688,0.14249220000000007,0.24126622999999947,3.6337566,3.7525,3.69670208,5
demo_2_labeled,approach,joint_7,95,99,3.1666635000000003,3.2999967000000003,0.13333320000000004,5,ramp_down,-1.1867110967111005,-0.15822798800000057,4.740514683000013,0.9587299,0.8041223,0.903485974,5
demo_2_labeled,approach,finger_1,95,99,3.1666635000000003,3.2999967000000003,0.13333320000000004,5,constant,-6.997206997212911e-05,-9.329600000007889e-06,0.0402222142000002,0.039999932,0.039993096,0.039995971400000004,5
demo_2_labeled,approach,finger_2,95,99,3.1666635000000003,3.2999967000000003,0.13333320000000004,5,constant,6.120006119929297e-07,8.159999999897573e-08,0.03999754760000002,0.039999932,0.04,0.0399995264,5
demo_2_labeled,approach,joint_1,100,104,3.33333,3.4666632,0.13333320000000004,5,ramp_down,-0.0697403497403478,-0.009298703999999745,-0.19528035000000665,-0.42567563,-0.43543607,-0.43239730200000004,5
demo_2_labeled,approach,joint_2,100,104,3.33333,3.4666632,0.13333320000000004,5,ramp_up,0.0834897894897899,0.011131960800000057,-0.3577766548000014,-0.085000746,-0.07110956,-0.0739116544,5
demo_2_labeled,approach,joint_3,100,104,3.33333,3.4666632,0.13333320000000004,5,constant,-0.010375060375062344,-0.001383340000000263,0.8322461900000065,0.79788435,0.7964943,0.79697102,5
demo_2_labeled,approach,joint_4,100,104,3.33333,3.4666632,0.13333320000000004,5,constant,-0.0006231006230886637,-8.307999999840543e-05,-3.03539632000004,-3.0375128,-3.0375493,-3.0375148600000004,5
demo_2_labeled,approach,joint_5,100,104,3.33333,3.4666632,0.13333320000000004,5,constant,0.0031677331677327602,0.0004223639999999458,0.3669621560000014,0.37749445,0.37788892,0.37773243799999995,5
demo_2_labeled,approach,joint_6,100,104,3.33333,3.4666632,0.13333320000000004,5,constant,-0.009434409434419328,-0.0012579200000013195,3.7833285600000344,3.7524998,3.7509348,3.7512516,5
demo_2_labeled,approach,joint_7,100,104,3.33333,3.4666632,0.13333320000000004,5,constant,-0.0007128007128022625,-9.504000000020666e-05,0.7215594340000053,0.7192103,0.71910673,0.719135914,5
demo_2_labeled,approach,finger_1,100,104,3.33333,3.4666632,0.13333320000000004,5,constant,9.83880983879497e-05,1.3118399999980179e-05,0.03966073000000051,0.039990958,0.04,0.039995249200000006,5
demo_2_labeled,approach,finger_2,100,104,3.33333,3.4666632,0.13333320000000004,5,constant,-3.0372030372197545e-05,-4.049600000022291e-06,0.04009902560000056,0.04,0.03999627,0.039995760799999995,5
demo_2_labeled,approach,joint_1,105,109,3.4999965000000004,3.6333297,0.1333331999999996,5,ramp_up,0.27802683802683653,0.03707020799999969,-1.4133870719999946,-0.43552238,-0.4080435,-0.4217590080000001,5
demo_2_labeled,approach,joint_2,105,109,3.4999965000000004,3.6333297,0.1333331999999996,5,ramp_up,1.8004349326349371,0.24005775095999987,-6.3629303548600165,-0.07110602,0.15656531,0.05861448332,5
demo_2_labeled,approach,joint_3,105,109,3.4999965000000004,3.6333297,0.1333331999999996,5,constant,-0.026152706152706064,-0.0034870239999999775,0.9045230599999994,0.7964784,0.80240124,0.8112451679999999,5
demo_2_labeled,approach,joint_4,105,109,3.4999965000000004,3.6333297,0.1333331999999996,5,ramp_up,0.5416184416184343,0.0722157199999988,-4.930177829999972,-3.0375493,-2.970448,-2.9984073199999997,5
demo_2_labeled,approach,joint_5,105,109,3.4999965000000004,3.6333297,0.1333331999999996,5,ramp_up,1.5438858438858483,0.20585123999999996,-5.001087142000016,0.3778951,0.5775121,0.505433528,5
demo_2_labeled,approach,joint_6,105,109,3.4999965000000004,3.6333297,0.1333331999999996,5,constant,-0.00043980043979752073,-5.8639999999610617e-05,3.753428119999988,3.7509348,3.7508616,3.7518594999999997,5
demo_2_labeled,approach,joint_7,105,109,3.4999965000000004,3.6333297,0.1333331999999996,5,ramp_down,-1.9214317214317254,-0.25619063999999975,7.423377176000014,0.7191058,0.47651207,0.570277556,5
demo_2_labeled,approach,finger_1,105,109,3.4999965000000004,3.6333297,0.1333331999999996,5,constant,-0.0002034782034781979,-2.7130399999999174e-05,0.040710348799999976,0.04,0.03997036,0.039984610600000005,5
demo_2_labeled,approach,finger_2,105,109,3.4999965000000004,3.6333297,0.1333331999999996,5,constant,-1.3566013566065003e-05,-1.8088000000068527e-06,0.04004708800000018,0.039997887,0.039995626,0.039998702600000005,5
demo_2_labeled,approach,joint_1,110,114,3.666663,3.7999962,0.13333320000000004,5,constant,-0.008985338985337389,-0.0011980439999997874,-0.37843675200000587,-0.41103786,-0.41235143,-0.41198198399999997,5
demo_2_labeled,approach,joint_2,110,114,3.666663,3.7999962,0.13333320000000004,5,constant,0.0010107310107301739,0.00013476399999988846,0.15314551000000312,0.15681191,0.15696025,0.156918902,5
demo_2_labeled,approach,joint_3,110,114,3.666663,3.7999962,0.13333320000000004,5,constant,-0.0028596028596060423,-0.0003812800000004245,0.8118048540000119,0.80142945,0.80101144,0.801129014,5
demo_2_labeled,approach,joint_4,110,114,3.666663,3.7999962,0.13333320000000004,5,constant,3.150003151004283e-05,4.200000001334844e-06,-2.970741200000037,-2.9706275,-2.9706225,-2.9706236000000006,5
demo_2_labeled,approach,joint_5,110,114,3.666663,3.7999962,0.13333320000000004,5,constant,0.0007641307641284768,0.00010188399999969504,0.5750058380000084,0.57777834,0.5778899,0.57785859,5
demo_2_labeled,approach,joint_6,110,114,3.666663,3.7999962,0.13333320000000004,5,constant,-9.729516840697782e-15,-1.297267614824126e-15,3.750862000000037,3.750862,3.750862,3.750862,5
demo_2_labeled,approach,joint_7,110,114,3.666663,3.7999962,0.13333320000000004,5,constant,-0.00014514014514305828,-1.9352000000388423e-05,0.4769847760000108,0.4764581,0.4764369,0.47644292000000005,5
demo_2_labeled,approach,finger_1,110,114,3.666663,3.7999962,0.13333320000000004,5,constant,3.6222036221972206e-05,4.829599999991466e-06,0.03986352180000023,0.039994173,0.04,0.03999875060000001,5
demo_2_labeled,approach,finger_2,110,114,3.666663,3.7999962,0.13333320000000004,5,constant,6.439506439499962e-05,8.585999999991366e-06,0.03975454940000024,0.03999028,0.039998647,0.039994957399999996,5
demo_2_labeled,approach,joint_1,115,119,3.833329500000001,3.966662700000001,0.13333320000000004,5,ramp_down,-0.4314115614115597,-0.05752148399999978,1.2277665989999935,-0.41235963,-0.4732343,-0.454736808,5
demo_2_labeled,approach,joint_2,115,119,3.833329500000001,3.966662700000001,0.13333320000000004,5,ramp_down,-0.0854615054615055,-0.011394856000000007,0.4785475120000001,0.15696105,0.14262074,0.145247974,5
demo_2_labeled,approach,joint_3,115,119,3.833329500000001,3.966662700000001,0.13333320000000004,5,ramp_down,-0.08001566001566272,-0.010668744000000365,1.10650690000001,0.80100876,0.79061383,0.7944461379999999,5
demo_2_labeled,approach,joint_4,115,119,3.833329500000001,3.966662700000001,0.13333320000000004,5,ramp_down,-0.1347319347319271,-0.017964239999998986,-2.4612990800000283,-2.9706225,-2.9915287,-2.9867531000000005,5
demo_2_labeled,approach,joint_5,115,119,3.833329500000001,3.966662700000001,0.13333320000000004,5,ramp_down,-0.509080169080168,-0.06787728799999987,2.4945189739999956,0.57789,0.49242064,0.5091083000000001,5
demo_2_labeled,approach,joint_6,115,119,3.833329500000001,3.966662700000001,0.13333320000000004,5,constant,-0.025282225282235473,-0.0033709600000013597,3.84603808000004,3.750862,3.7466059,3.7474374999999993,5
demo_2_labeled,approach,joint_7,115,119,3.833329500000001,3.966662700000001,0.13333320000000004,5,ramp_up,0.1619364719364691,0.021591507999999628,-0.1332717529999894,0.4764369,0.50361377,0.498279856,5
demo_2_labeled,approach,finger_1,115,119,3.833329500000001,3.966662700000001,0.13333320000000004,5,constant,0.00011292011291986361,1.5055999999966764e-05,0.03955208400000096,0.04,0.04,0.03999247200000001,5
demo_2_labeled,approach,finger_2,115,119,3.833329500000001,3.966662700000001,0.13333320000000004,5,constant,-0.00014016614016630722,-1.868880000002228e-05,0.04053578780000064,0.039999284,0.039986018,0.0399891404,5
demo_2_labeled,approach,joint_1,120,124,3.999996,4.1333292,0.13333320000000048,5,constant,-0.0014132414132368887,-0.00018843199999939742,-0.46810580400001844,-0.47370452,-0.47391108,-0.47385298000000003,5
demo_2_labeled,approach,joint_2,120,124,3.999996,4.1333292,0.13333320000000048,5,constant,0.00013935013934907373,1.8579999999857985e-05,0.14211450000000428,0.1426667,0.14268704,0.14268119,5
demo_2_labeled,approach,joint_3,120,124,3.999996,4.1333292,0.13333320000000048,5,constant,-0.0004263004263053749,-5.684000000066002e-05,0.7921604620000201,0.7904716,0.79040927,0.790426842,5
demo_2_labeled,approach,joint_4,120,124,3.999996,4.1333292,0.13333320000000048,5,constant,1.2000012214632028e-06,1.6000000286159809e-07,-2.991529920000088,-2.9915252,-2.991525,-2.99152504,5
demo_2_labeled,approach,joint_5,120,124,3.999996,4.1333292,0.13333320000000048,5,constant,0.00011730011729706052,1.563999999959249e-05,0.49199482600001226,0.49245957,0.4924766,0.49247184600000005,5
demo_2_labeled,approach,joint_6,120,124,3.999996,4.1333292,0.13333320000000048,5,constant,-1.459427526104666e-14,-1.9459014222361935e-15,3.7466059000000587,3.7466059,3.7466059,3.7466059,5
demo_2_labeled,approach,joint_7,120,124,3.999996,4.1333292,0.13333320000000048,5,constant,-2.013002013430977e-05,-2.684000000571961e-06,0.5036871600000173,0.5036074,0.50360453,0.503605298,5
demo_2_labeled,approach,finger_1,120,124,3.999996,4.1333292,0.13333320000000048,5,constant,-3.0404740127180535e-16,-4.053961296325402e-17,0.04000000000000122,0.04,0.04,0.04,5
demo_2_labeled,approach,finger_2,120,124,3.999996,4.1333292,0.13333320000000048,5,constant,5.5785055784697034e-05,7.437999999952193e-06,0.03976963840000145,0.039991666,0.039999302,0.0399964974,5
demo_2_labeled,approach,joint_1,125,129,4.1666625,4.2999957,0.13333320000000004,5,constant,-1.9200019208959165e-06,-2.5600000011919947e-07,-0.47390452799999616,-0.4739124,-0.47391272,-0.473912656,5
demo_2_labeled,approach,joint_2,125,129,4.1666625,4.2999957,0.13333320000000004,5,constant,-1.520237006359032e-16,-2.0269806481627014e-17,0.14268713000000063,0.14268713,0.14268713,0.14268713,5
demo_2_labeled,approach,joint_3,125,129,4.1666625,4.2999957,0.13333320000000004,5,constant,3.6485688152616765e-15,4.864753555590483e-16,0.7904092699999845,0.79040927,0.79040927,0.79040927,5
demo_2_labeled,approach,joint_4,125,129,4.1666625,4.2999957,0.13333320000000004,5,constant,-4.864758420348902e-15,-6.486338074120644e-16,-2.9915249999999793,-2.991525,-2.991525,-2.991525,5
demo_2_labeled,approach,joint_5,125,129,4.1666625,4.2999957,0.13333320000000004,5,constant,1.8242844076308382e-15,2.4323767777952414e-16,0.4924765999999921,0.4924766,0.4924766,0.4924766,5
demo_2_labeled,approach,joint_6,125,129,4.1666625,4.2999957,0.13333320000000004,5,constant,9.729516840697804e-15,1.2972676148241289e-15,3.7466058999999583,3.7466059,3.7466059,3.7466059,5
demo_2_labeled,approach,joint_7,125,129,4.1666625,4.2999957,0.13333320000000004,5,constant,6.080948025436128e-16,8.107922592650806e-17,0.5036045299999973,0.50360453,0.50360453,0.50360453,5
demo_2_labeled,approach,finger_1,125,129,4.1666625,4.2999957,0.13333320000000004,5,constant,7.60118503179516e-17,1.0134903240813507e-17,0.039999999999999675,0.04,0.04,0.04,5
demo_2_labeled,approach,finger_2,125,129,4.1666625,4.2999957,0.13333320000000004,5,constant,2.106002106133276e-06,2.808000000174894e-07,0.03999092739999944,0.039999634,0.039999925,0.0399998428,5
demo_2_labeled,approach,joint_1,130,134,4.333329,4.4666622,0.13333320000000004,5,ramp_up,0.12094560094560035,0.016126063999999926,-1.0020413159999975,-0.47391272,-0.45375514,-0.469881204,5
demo_2_labeled,approach,joint_2,130,134,4.333329,4.4666622,0.13333320000000004,5,ramp_up,0.1366312366312365,0.018217479999999987,-0.45393533999999947,0.14268713,0.16545898,0.1472415,5
demo_2_labeled,approach,joint_3,130,134,4.333329,4.4666622,0.13333320000000004,5,ramp_down,-0.11267117267117302,-0.01502280800000005,1.2824062320000016,0.79040927,0.77163076,0.786653568,5
demo_2_labeled,approach,joint_4,130,134,4.333329,4.4666622,0.13333320000000004,5,ramp_up,0.22972642972643076,0.030630160000000146,-3.994662740000005,-2.991525,-2.9532373,-2.98386746,5
demo_2_labeled,approach,joint_5,130,134,4.333329,4.4666622,0.13333320000000004,5,ramp_up,0.16958860958860988,0.022611792000000047,-0.24805958800000144,0.4924766,0.52074134,0.498129548,5
demo_2_labeled,approach,joint_6,130,134,4.333329,4.4666622,0.13333320000000004,5,ramp_down,-0.10457470457469496,-0.013943279999998722,4.2032483199999575,3.7466059,3.7291768,3.7431200799999997,5
demo_2_labeled,approach,joint_7,130,134,4.333329,4.4666622,0.13333320000000004,5,ramp_down,-0.28553950553950597,-0.03807189600000007,1.7504591240000018,0.50360453,0.45601466,0.49408655600000007,5
demo_2_labeled,approach,finger_1,130,134,4.333329,4.4666622,0.13333320000000004,5,constant,-4.502404502401477e-05,-6.003199999995968e-06,0.04019660479999986,0.04,0.039992496,0.0399984992,5
demo_2_labeled,approach,finger_2,130,134,4.333329,4.4666622,0.13333320000000004,5,constant,4.500004500294523e-07,6.000000000386699e-08,0.03999795999999986,0.039999925,0.04,0.03999994,5
demo_2_labeled,approach,joint_1,135,139,4.499995500000001,4.633328700000001,0.13333320000000004,5,constant,-0.014917364917362116,-0.001988979999999627,-0.3923257930000129,-0.4588829,-0.46106356,-0.460448358,5
demo_2_labeled,approach,joint_2,135,139,4.499995500000001,4.633328700000001,0.13333320000000004,5,constant,8.45400845391435e-05,1.127199999987453e-05,0.16789481400000428,0.16831663,0.16829671,0.16828088,5
demo_2_labeled,approach,joint_3,135,139,4.499995500000001,4.633328700000001,0.13333320000000004,5,constant,-0.004841494841497716,-0.0006455320000003835,0.7923573930000131,0.7707541,0.77004766,0.770247922,5
demo_2_labeled,approach,joint_4,135,139,4.499995500000001,4.633328700000001,0.13333320000000004,5,constant,-0.00024510024508976824,-3.26799999986031e-05,-2.9430073700000476,-2.944089,-2.944134,-2.94412666,5
demo_2_labeled,approach,joint_5,135,139,4.499995500000001,4.633328700000001,0.13333320000000004,5,constant,0.001278721278718322,0.00017049599999960583,0.5148350520000136,0.52053994,0.52072716,0.52067454,5
demo_2_labeled,approach,joint_6,135,139,4.499995500000001,4.633328700000001,0.13333320000000004,5,constant,0.00021450021448244448,2.8599999997630677e-05,3.7283662700000817,3.7293174,3.729353,3.7293458200000003,5
demo_2_labeled,approach,joint_7,135,139,4.499995500000001,4.633328700000001,0.13333320000000004,5,constant,-0.00022014022014366118,-2.9352000000458814e-05,0.4571456340000156,0.4561634,0.45613134,0.45614032800000004,5
demo_2_labeled,approach,finger_1,135,139,4.499995500000001,4.633328700000001,0.13333320000000004,5,constant,8.075708075676976e-05,1.0767599999958538e-05,0.039628376500001415,0.039987247,0.04,0.039997166800000004,5
demo_2_labeled,approach,finger_2,135,139,4.499995500000001,4.633328700000001,0.13333320000000004,5,constant,1.23780123778261e-05,1.6503999999751634e-06,0.03994050080000087,0.039998073,0.03999866,0.039997027000000004,5
demo_2_labeled,approach,joint_1,140,144,4.6666620000000005,4.799995200000001,0.13333320000000004,5,constant,-4.4160044159322884e-05,-5.8879999999038315e-06,-0.46087377800000356,-0.4610781,-0.46108454,-0.46108280199999996,5
demo_2_labeled,approach,joint_2,140,144,4.6666620000000005,4.799995200000001,0.13333320000000004,5,constant,3.69000368941299e-06,4.919999999212402e-07,0.16828114200000285,0.16829817,0.16829874,0.16829860800000002,5
demo_2_labeled,approach,joint_3,140,144,4.6666620000000005,4.799995200000001,0.13333320000000004,5,constant,-9.600009600831041e-06,-1.2800000001095258e-06,0.770087060000004,0.7700429,0.7700413,0.77004162,5
demo_2_labeled,approach,joint_4,140,144,4.6666620000000005,4.799995200000001,0.13333320000000004,5,constant,9.729516840697831e-15,1.2972676148241324e-15,-2.9441340000000467,-2.944134,-2.944134,-2.944134,5
demo_2_labeled,approach,joint_5,140,144,4.6666620000000005,4.799995200000001,0.13333320000000004,5,constant,-1.216189605087229e-15,-1.6215845185301656e-16,0.5207286000000059,0.5207286,0.5207286,0.5207286,5
demo_2_labeled,approach,joint_6,140,144,4.6666620000000005,4.799995200000001,0.13333320000000004,5,constant,9.729516840697831e-15,1.2972676148241324e-15,3.729352999999955,3.729353,3.729353,3.7293530000000006,5
demo_2_labeled,approach,joint_7,140,144,4.6666620000000005,4.799995200000001,0.13333320000000004,5,constant,-6.080948025436145e-16,-8.107922592650828e-17,0.45613134000000277,0.45613134,0.45613134,0.45613133999999994,5
demo_2_labeled,approach,finger_1,140,144,4.6666620000000005,4.799995200000001,0.13333320000000004,5,constant,-7.601185031795181e-17,-1.0134903240813535e-17,0.04000000000000036,0.04,0.04,0.04,5
demo_2_labeled,approach,finger_2,140,144,4.6666620000000005,4.799995200000001,0.13333320000000004,5,constant,4.722004721886947e-06,6.295999999842969e-07,0.03997734780000056,0.039999273,0.03999991,0.0399996986,5
demo_2_labeled,approach,joint_1,145,149,4.8333285,4.9666617,0.13333320000000004,5,ramp_up,0.38409527409527494,0.05121265200000013,-2.3033463570000046,-0.46108454,-0.40795553,-0.42128139600000003,5
demo_2_labeled,approach,joint_2,145,149,4.8333285,4.9666617,0.13333320000000004,5,ramp_up,1.2028648228648215,0.16038181599999987,-5.622909561999994,0.16829874,0.32391974,0.271122176,5
demo_2_labeled,approach,joint_3,145,149,4.8333285,4.9666617,0.13333320000000004,5,ramp_down,-0.4930036630036636,-0.0657337560000001,3.142580933000003,0.7700413,0.70563614,0.7268654000000001,5
demo_2_labeled,approach,joint_4,145,149,4.8333285,4.9666617,0.13333320000000004,5,ramp_up,0.3153672153672185,0.042048920000000434,-4.459696030000016,-2.944134,-2.9020648,-2.91439822,5
demo_2_labeled,approach,joint_5,145,149,4.8333285,4.9666617,0.13333320000000004,5,ramp_up,0.169841329841329,0.022645487999999894,-0.2922380119999961,0.5207286,0.54638886,0.539983672,5
demo_2_labeled,approach,joint_6,145,149,4.8333285,4.9666617,0.13333320000000004,5,ramp_up,0.12057672057671807,0.016076879999999672,3.156234720000012,3.729353,3.7504501,3.74706006,5
demo_2_labeled,approach,joint_7,145,149,4.8333285,4.9666617,0.13333320000000004,5,ramp_down,-0.5784324384324391,-0.0771242480000001,3.2335271800000034,0.45613134,0.37648514,0.399211066,5
demo_2_labeled,approach,finger_1,145,149,4.8333285,4.9666617,0.13333320000000004,5,constant,-6.785406785424472e-05,-9.047200000023583e-06,0.04032385600000086,0.04,0.039995383,0.039991371399999996,5
demo_2_labeled,approach,finger_2,145,149,4.8333285,4.9666617,0.13333320000000004,5,constant,-4.660204660219816e-05,-6.2136000000202095e-06,0.04022588200000075,0.03999991,0.039992835,0.039997532200000005,5
demo_2_labeled,approach,joint_1,150,154,4.999995,5.1333282,0.13333320000000004,5,constant,-0.0006591006591004445,-8.787999999997141e-05,-0.4050316040000008,-0.4082973,-0.40839654,-0.408371044,5
demo_2_labeled,approach,joint_2,150,154,4.999995,5.1333282,0.13333320000000004,5,constant,0.00010425010425080551,1.3900000000093506e-05,0.3234715599999963,0.32398793,0.32400367,0.32399975999999997,5
demo_2_labeled,approach,joint_3,150,154,4.999995,5.1333282,0.13333320000000004,5,constant,-0.00033930033930115174,-4.524000000010834e-05,0.707136692000004,0.70545584,0.70540476,0.705417572,5
demo_2_labeled,approach,joint_4,150,154,4.999995,5.1333282,0.13333320000000004,5,constant,1.2000011922746562e-06,1.5999999896979523e-07,-2.9020671199999604,-2.9020612,-2.902061,-2.90206104,5
demo_2_labeled,approach,joint_5,150,154,4.999995,5.1333282,0.13333320000000004,5,constant,7.12200712210989e-05,9.496000000137026e-06,0.5460763839999947,0.5464289,0.5464398,0.5464372319999999,5
demo_2_labeled,approach,joint_6,150,154,4.999995,5.1333282,0.13333320000000004,5,constant,4.864758420348902e-15,6.486338074120644e-16,3.750449999999974,3.75045,3.75045,3.75045,5
demo_2_labeled,approach,joint_7,150,154,4.999995,5.1333282,0.13333320000000004,5,constant,-5.700005700702447e-06,-7.600000000928997e-07,0.37650825000000343,0.37648013,0.37647918,0.37647937000000004,5
demo_2_labeled,approach,finger_1,150,154,4.999995,5.1333282,0.13333320000000004,5,constant,6.294006294023772e-06,8.392000000023307e-07,0.03996786299999989,0.039999016,0.03999998,0.039999752599999994,5
demo_2_labeled,approach,finger_2,150,154,4.999995,5.1333282,0.13333320000000004,5,constant,3.3006033005976663e-05,4.400799999992489e-06,0.03983068200000027,0.039995093,0.039999586,0.0399979124,5
demo_2_labeled,approach,joint_1,155,159,5.166661500000001,5.299994700000001,0.13333320000000004,5,ramp_up,0.1937381537381545,0.02583172800000011,-1.4087382540000042,-0.40839654,-0.38718817,-0.39484293,5
demo_2_labeled,approach,joint_2,155,159,5.166661500000001,5.299994700000001,0.13333320000000004,5,ramp_up,0.7147042447042431,0.09529380399999982,-3.372302386999992,0.32400367,0.40356824,0.36797942,5
demo_2_labeled,approach,joint_3,155,159,5.166661500000001,5.299994700000001,0.13333320000000004,5,ramp_down,-0.2948095748095785,-0.039307904000000504,2.2294385320000196,0.70540476,0.67242134,0.6866033,5
demo_2_labeled,approach,joint_4,155,159,5.166661500000001,5.299994700000001,0.13333320000000004,5,ramp_up,0.2022884022884154,0.026971760000001756,-3.9470452800000695,-2.902061,-2.8797178,-2.8884037,5
demo_2_labeled,approach,joint_5,155,159,5.166661500000001,5.299994700000001,0.13333320000000004,5,ramp_down,-0.0524207024207046,-0.006989420000000293,0.8171523930000115,0.5464398,0.54066736,0.542817658,5
demo_2_labeled,approach,joint_6,155,159,5.166661500000001,5.299994700000001,0.13333320000000004,5,constant,-0.0007377007377243931,-9.836000000315408e-05,3.754692270000125,3.75045,3.7503457,3.75083164,5
demo_2_labeled,approach,joint_7,155,159,5.166661500000001,5.299994700000001,0.13333320000000004,5,ramp_down,-0.21168048168048345,-0.028224036000000244,1.4702395330000093,0.37647918,0.35295165,0.36244612,5
demo_2_labeled,approach,finger_1,155,159,5.166661500000001,5.299994700000001,0.13333320000000004,5,constant,-0.00010519810519821088,-1.4026400000014095e-05,0.040543729600000564,0.03999998,0.039993387,0.039993193399999995,5
demo_2_labeled,approach,finger_2,155,159,5.166661500000001,5.299994700000001,0.13333320000000004,5,constant,-3.070203070220913e-05,-4.0936000000237915e-06,0.040159072600000935,0.03999978,0.039995268,0.039998398799999994,5
demo_2_labeled,approach,joint_1,160,164,5.333328000000001,5.466661200000001,0.13333320000000004,5,constant,-0.0003325803325783219,-4.434399999973192e-05,-0.3856316500000109,-0.38738948,-0.38744006,-0.38742758199999994,5
demo_2_labeled,approach,joint_2,160,164,5.333328000000001,5.466661200000001,0.13333320000000004,5,constant,5.7300057297492255e-05,7.639999999657997e-06,0.4033194040000139,0.4036221,0.4036309,0.403628824,5
demo_2_labeled,approach,joint_3,160,164,5.333328000000001,5.466661200000001,0.13333320000000004,5,constant,-0.00019782019782457177,-2.6376000000583202e-05,0.6733419240000237,0.67229646,0.67226636,0.672273696,5
demo_2_labeled,approach,joint_4,160,164,5.333328000000001,5.466661200000001,0.13333320000000004,5,constant,1.7026654471221247e-14,2.2702183259422375e-15,-2.8797195000000926,-2.8797195,-2.8797195,-2.8797195,5
demo_2_labeled,approach,joint_5,160,164,5.333328000000001,5.466661200000001,0.13333320000000004,5,constant,4.062004061559981e-05,5.415999999407895e-06,0.5404794920000239,0.54069406,0.5407003,0.54069884,5
demo_2_labeled,approach,joint_6,160,164,5.333328000000001,5.466661200000001,0.13333320000000004,5,constant,4.8647584203489275e-15,6.486338074120678e-16,3.7503449999999745,3.750345,3.750345,3.7503450000000003,5
demo_2_labeled,approach,joint_7,160,164,5.333328000000001,5.466661200000001,0.13333320000000004,5,constant,-2.820002821182872e-06,-3.760000001573402e-07,0.35296405200000625,0.3529492,0.35294873,0.352948824,5
demo_2_labeled,approach,finger_1,160,164,5.333328000000001,5.466661200000001,0.13333320000000004,5,constant,1.6680016679840126e-05,2.2239999999764603e-06,0.039909021400000945,0.039997503,0.03999986,0.0399990934,5
demo_2_labeled,approach,finger_2,160,164,5.333328000000001,5.466661200000001,0.13333320000000004,5,constant,2.1984021983981562e-05,2.931199999994611e-06,0.03987991460000021,0.039996743,0.039999742,0.039998628200000004,5
demo_2_labeled,approach,joint_1,165,169,5.499994500000001,5.633327700000001,0.13333320000000004,5,ramp_up,0.23836079836079782,0.031781407999999935,-1.7063684919999973,-0.38744006,-0.3477133,-0.379494708,5
demo_2_labeled,approach,joint_2,165,169,5.499994500000001,5.633327700000001,0.13333320000000004,5,ramp_up,0.04273162273162142,0.005697543999999827,0.16718282400000736,0.4036309,0.41075283,0.40505528599999996,5
demo_2_labeled,approach,joint_3,165,169,5.499994500000001,5.633327700000001,0.13333320000000004,5,constant,-0.022919782919785095,-0.003055968000000291,0.799089032000012,0.67226636,0.6684464,0.671502368,5
demo_2_labeled,approach,joint_4,165,169,5.499994500000001,5.633327700000001,0.13333320000000004,5,ramp_up,0.08259668259668121,0.011012879999999819,-3.3367540199999923,-2.8797195,-2.8659534,-2.8769662800000004,5
demo_2_labeled,approach,joint_5,165,169,5.499994500000001,5.633327700000001,0.13333320000000004,5,ramp_up,0.35250155250154963,0.04700015999999963,-1.409806339999984,0.5407003,0.5994505,0.55245034,5
demo_2_labeled,approach,joint_6,165,169,5.499994500000001,5.633327700000001,0.13333320000000004,5,constant,0.012948012948006076,0.0017263999999990844,3.6786994000000393,3.750345,3.752503,3.7507765999999996,5
demo_2_labeled,approach,joint_7,165,169,5.499994500000001,5.633327700000001,0.13333320000000004,5,constant,0.0008010608010601401,0.0001068079999999119,0.34851619800000366,0.35294873,0.35308224,0.352975432,5
demo_2_labeled,approach,finger_1,165,169,5.499994500000001,5.633327700000001,0.13333320000000004,5,constant,4.80000479919933e-07,6.399999998926043e-08,0.039997264000000456,0.03999992,0.04,0.039999936,5
demo_2_labeled,approach,finger_2,165,169,5.499994500000001,5.633327700000001,0.13333320000000004,5,constant,-0.0002729762729763011,-3.639680000000376e-05,0.041510363200000164,0.03999986,0.039954364,0.03999079679999999,5
demo_2_labeled,approach,joint_1,170,174,5.666661,5.7999942,0.13333320000000004,5,constant,0.020132510132511106,0.0026843320000001307,-0.4478175400000055,-0.3346842,-0.33162785,-0.332391264,5
demo_2_labeled,approach,joint_2,170,174,5.666661,5.7999942,0.13333320000000004,5,constant,-0.003736803736804074,-0.000498240000000045,0.432017936000002,0.4110245,0.41045308,0.410593616,5
demo_2_labeled,approach,joint_3,170,174,5.666661,5.7999942,0.13333320000000004,5,constant,0.012182052182051328,0.0016242719999998865,0.6066943460000049,0.67515016,0.6769999,0.6765380420000001,5
demo_2_labeled,approach,joint_4,170,174,5.666661,5.7999942,0.13333320000000004,5,constant,-0.0007740007739889371,-0.00010319999999842178,-2.8595951400000668,-2.863937,-2.86406,-2.8640327400000003,5
demo_2_labeled,approach,joint_5,170,174,5.666661,5.7999942,0.13333320000000004,5,constant,-0.0025587025587033587,-0.00034116000000010676,0.6128345720000046,0.5984562,0.5980678,0.598164692,5
demo_2_labeled,approach,joint_6,170,174,5.666661,5.7999942,0.13333320000000004,5,constant,-8.880008880236614e-05,-1.1840000000303648e-05,3.752770060000013,3.7522705,3.7522576,3.75226094,5
demo_2_labeled,approach,joint_7,170,174,5.666661,5.7999942,0.13333320000000004,5,constant,0.00025341025340975426,3.378799999993346e-05,0.35183427200000283,0.35325828,0.35329685,0.353287156,5
demo_2_labeled,approach,finger_1,170,174,5.666661,5.7999942,0.13333320000000004,5,constant,0.00023847023847025105,3.1796000000001686e-05,0.038614046599999924,0.039964974,0.039995227,0.0399812746,5
demo_2_labeled,approach,finger_2,170,174,5.666661,5.7999942,0.13333320000000004,5,constant,-7.601185031795166e-17,-1.0134903240813515e-17,0.03999999800000043,0.04,0.04,0.039999998,5
demo_2_labeled,approach,joint_1,175,179,5.8333275,5.9666607,0.13333320000000004,5,ramp_down,-0.947319377319377,-0.126309124,5.208406030999998,-0.3316236,-0.4421977,-0.380772706,5
demo_2_labeled,approach,joint_2,175,179,5.8333275,5.9666607,0.13333320000000004,5,ramp_down,-0.12925473925473793,-0.01723394799999983,1.165775810999992,0.41045243,0.39624602,0.40317361199999996,5
demo_2_labeled,approach,joint_3,175,179,5.8333275,5.9666607,0.13333320000000004,5,constant,-0.025204375204373252,-0.003360579999999741,0.8261570529999882,0.67700255,0.6714544,0.6774513879999999,5
demo_2_labeled,approach,joint_4,175,179,5.8333275,5.9666607,0.13333320000000004,5,ramp_down,-0.2882102882102933,-0.03842800000000069,-1.1794193199999687,-2.86406,-2.8965425,-2.8798583200000003,5
demo_2_labeled,approach,joint_5,175,179,5.8333275,5.9666607,0.13333320000000004,5,ramp_down,-1.0475512475512472,-0.13967336,6.720135129999998,0.59806776,0.48210055,0.53958895,5
demo_2_labeled,approach,joint_6,175,179,5.8333275,5.9666607,0.13333320000000004,5,ramp_down,-0.06559626559626157,-0.008746159999999465,4.135686459999976,3.7522576,3.7450404,3.7486688799999994,5
demo_2_labeled,approach,joint_7,175,179,5.8333275,5.9666607,0.13333320000000004,5,constant,0.009784689784689798,0.0013046240000000023,0.29634249599999996,0.35329685,0.35433254,0.354072108,5
demo_2_labeled,approach,finger_1,175,179,5.8333275,5.9666607,0.13333320000000004,5,constant,-9.209709209713907e-05,-1.2279600000006268e-05,0.04052592010000027,0.039997518,0.04,0.039982547800000004,5
demo_2_labeled,approach,finger_2,175,179,5.8333275,5.9666607,0.13333320000000004,5,constant,-0.00024432024432017766,-3.2575999999991124e-05,0.04143334399999959,0.04,0.03995928,0.039991856000000006,5
demo_2_labeled,approach,joint_1,180,184,5.999994000000001,6.133327200000001,0.13333320000000004,5,constant,-0.004523314523313952,-0.000603107999999924,-0.4181542180000035,-0.4450761,-0.44576582,-0.445595632,5
demo_2_labeled,approach,joint_2,180,184,5.999994000000001,6.133327200000001,0.13333320000000004,5,constant,0.0006894606894589184,9.192799999976388e-05,0.39262388000001075,0.3967277,0.3968326,0.39680660399999995,5
demo_2_labeled,approach,joint_3,180,184,5.999994000000001,6.133327200000001,0.13333320000000004,5,constant,-0.002679812679818376,-0.00035730800000075957,0.6856963700000347,0.6697467,0.66933805,0.669438856,5
demo_2_labeled,approach,joint_4,180,184,5.999994000000001,6.133327200000001,0.13333320000000004,5,constant,0.0001719001719061589,2.2920000000798275e-05,-2.897383320000037,-2.8963614,-2.8963344,-2.8963404600000002,5
demo_2_labeled,approach,joint_5,180,184,5.999994000000001,6.133327200000001,0.13333320000000004,5,constant,0.0005679305679297785,7.572399999989477e-05,0.4790831520000049,0.48246324,0.48254982,0.48252859400000003,5
demo_2_labeled,approach,joint_6,180,184,5.999994000000001,6.133327200000001,0.13333320000000004,5,constant,2.220002217626784e-05,2.959999996832756e-06,3.744927580000144,3.7450593,3.745063,3.74506226,5
demo_2_labeled,approach,joint_7,180,184,5.999994000000001,6.133327200000001,0.13333320000000004,5,constant,-3.933003933141136e-05,-5.244000000182939e-06,0.3545400580000085,0.35430613,0.35430005,0.35430145599999996,5
demo_2_labeled,approach,finger_1,180,184,5.999994000000001,6.133327200000001,0.13333320000000004,5,constant,-3.0404740127180797e-16,-4.053961296325424e-17,0.04000000000000184,0.04,0.04,0.04,5
demo_2_labeled,approach,finger_2,180,184,5.999994000000001,6.133327200000001,0.13333320000000004,5,constant,0.0002150162150161262,2.8668799999988164e-05,0.03868182900000053,0.039968137,0.03999726,0.039986259399999995,5
demo_2_labeled,approach,joint_1,185,189,6.166660500000001,6.299993700000001,0.13333320000000004,5,ramp_up,0.11839463839463954,0.015785936000000157,-1.1798125040000071,-0.44576648,-0.42603406,-0.441819996,5
demo_2_labeled,approach,joint_2,185,189,6.166660500000001,6.299993700000001,0.13333320000000004,5,constant,0.03552099552099422,0.004736127999999828,0.17660264800000813,0.3968326,0.40275276,0.398016632,5
demo_2_labeled,approach,joint_3,185,189,6.166660500000001,6.299993700000001,0.13333320000000004,5,ramp_down,-0.11219381219381352,-0.014959160000000181,1.3649389900000086,0.66933805,0.6506391,0.66559826,5
demo_2_labeled,approach,joint_4,185,189,6.166660500000001,6.299993700000001,0.13333320000000004,5,ramp_up,0.2086688086688173,0.02782248000000116,-4.190079720000054,-2.8963344,-2.8615563,-2.8893787800000004,5
demo_2_labeled,approach,joint_5,185,189,6.166660500000001,6.299993700000001,0.13333320000000004,5,ramp_up,0.1117715917715918,0.014902864000000007,-0.21043335599999996,0.48254982,0.5011784,0.48627553600000006,5
demo_2_labeled,approach,joint_6,185,189,6.166660500000001,6.299993700000001,0.13333320000000004,5,ramp_down,-0.20111540111540416,-0.026815360000000413,4.991977240000019,3.745063,3.7115438,3.7383591600000003,5
demo_2_labeled,approach,joint_7,185,189,6.166660500000001,6.299993700000001,0.13333320000000004,5,ramp_down,-0.15000873000873016,-0.020001144000000026,1.2843532460000011,0.35430005,0.32929862,0.34929976399999996,5
demo_2_labeled,approach,finger_1,185,189,6.166660500000001,6.299993700000001,0.13333320000000004,5,constant,-2.7480027480090897e-05,-3.6640000000084568e-06,0.040170376000000396,0.04,0.03999542,0.039999084000000004,5
demo_2_labeled,approach,finger_2,185,189,6.166660500000001,6.299993700000001,0.13333320000000004,5,constant,1.01010101009636e-05,1.3467999999938e-06,0.03993649030000029,0.039998583,0.04,0.0399994532,5
demo_2_labeled,approach,joint_1,190,194,6.333327000000001,6.466660200000001,0.13333320000000004,5,constant,-0.0029172029172016174,-0.0003889599999998268,-0.4093412520000084,-0.42767444,-0.428121,-0.42801133199999997,5
demo_2_labeled,approach,joint_2,190,194,6.333327000000001,6.466660200000001,0.13333320000000004,5,constant,-0.001992511992512783,-0.0002656680000001055,0.4142928660000052,0.40180695,0.40147483,0.4015408020000001,5
demo_2_labeled,approach,joint_3,190,194,6.333327000000001,6.466660200000001,0.13333320000000004,5,constant,-0.001267051267051814,-0.00016894000000007299,0.6584561580000035,0.6504872,0.6502978,0.650347038,5
demo_2_labeled,approach,joint_4,190,194,6.333327000000001,6.466660200000001,0.13333320000000004,5,constant,0.0005730005730132311,7.640000000168776e-05,-2.8563673600000814,-2.8527684,-2.8526797,-2.85270016,5
demo_2_labeled,approach,joint_5,190,194,6.333327000000001,6.466660200000001,0.13333320000000004,5,constant,0.0002256002255997664,3.007999999993878e-05,0.49962034800000305,0.5010399,0.501073,0.501064188,5
demo_2_labeled,approach,joint_6,190,194,6.333327000000001,6.466660200000001,0.13333320000000004,5,constant,0.00035340035339429703,4.71199999991925e-05,3.70973638000004,3.7119515,3.71201,3.71199814,5
demo_2_labeled,approach,joint_7,190,194,6.333327000000001,6.466660200000001,0.13333320000000004,5,constant,2.1780021779768495e-05,2.9039999999662297e-06,0.32926516400000166,0.32940164,0.32940528,0.329404556,5
demo_2_labeled,approach,finger_1,190,194,6.333327000000001,6.466660200000001,0.13333320000000004,5,constant,6.330006329998782e-06,8.439999999989939e-07,0.03995927700000005,0.039998945,0.04,0.039999789,5
demo_2_labeled,approach,finger_2,190,194,6.333327000000001,6.466660200000001,0.13333320000000004,5,constant,1.7037017037098833e-05,2.271600000010907e-06,0.039889179999999476,0.03999767,0.039999455,0.0399982168,5
demo_2_labeled,approach,joint_1,195,199,6.4999935,6.6333267000000005,0.13333320000000004,5,ramp_up,0.4857943557943569,0.06477251600000017,-3.5261571970000074,-0.38861886,-0.31697133,-0.336110784,5
demo_2_labeled,approach,joint_2,195,199,6.4999935,6.6333267000000005,0.13333320000000004,5,constant,0.03208551208551207,0.004278064,0.20178125199999997,0.40752092,0.4132716,0.412475904,5
demo_2_labeled,approach,joint_3,195,199,6.4999935,6.6333267000000005,0.13333320000000004,5,ramp_up,0.09741438741438717,0.01298857199999997,0.011467655000001686,0.64485586,0.65605974,0.651154826,5
demo_2_labeled,approach,joint_4,195,199,6.4999935,6.6333267000000005,0.13333320000000004,5,ramp_up,0.10201240201239542,0.013601639999999126,-3.4985256099999567,-2.8412712,-2.825108,-2.82864484,5
demo_2_labeled,approach,joint_5,195,199,6.4999935,6.6333267000000005,0.13333320000000004,5,ramp_up,0.3216659016658993,0.0428887439999997,-1.5104978099999848,0.5577679,0.612198,0.601772832,5
demo_2_labeled,approach,joint_6,195,199,6.4999935,6.6333267000000005,0.13333320000000004,5,constant,0.025698925698922237,0.0034265199999995396,3.552698170000023,3.7178805,3.7222812,3.7214542799999997,5
demo_2_labeled,approach,joint_7,195,199,6.4999935,6.6333267000000005,0.13333320000000004,5,constant,0.000155280155279258,2.070399999988037e-05,0.32937917400000594,0.33054417,0.33044338,0.33039884599999997,5
demo_2_labeled,approach,finger_1,195,199,6.4999935,6.6333267000000005,0.13333320000000004,5,constant,-0.00022615222615232,-3.015360000001252e-05,0.04146582220000061,0.04,0.039979313,0.0399807574,5
demo_2_labeled,approach,finger_2,195,199,6.4999935,6.6333267000000005,0.13333320000000004,5,constant,0.0003512103512102011,4.6827999999979996e-05,0.03767859000000099,0.039958555,0.03999999,0.039984869,5
demo_2_labeled,approach,joint_1,200,204,6.66666,6.7999932,0.13333320000000004,5,ramp_down,-0.44305442305442283,-0.05907386399999999,2.647613205999999,-0.31680846,-0.3703331,-0.33561692600000004,5
demo_2_labeled,approach,joint_2,200,204,6.66666,6.7999932,0.13333320000000004,5,ramp_down,-0.06359595359595278,-0.008479451999999894,0.8386305299999945,0.41324323,0.4061493,0.41041820399999995,5
demo_2_labeled,approach,joint_3,200,204,6.66666,6.7999932,0.13333320000000004,5,constant,0.02980304980305209,0.0039737360000003065,0.4572580779999844,0.65615773,0.6572928,0.6579317459999999,5
demo_2_labeled,approach,joint_4,200,204,6.66666,6.7999932,0.13333320000000004,5,ramp_down,-0.14956334956334974,-0.01994176000000003,-1.8245724399999985,-2.8251097,-2.842356,-2.83163132,5
demo_2_labeled,approach,joint_5,200,204,6.66666,6.7999932,0.13333320000000004,5,ramp_down,-0.5171896571896578,-0.0689585520000001,4.071536134000004,0.612178,0.55501103,0.589129258,5
demo_2_labeled,approach,joint_6,200,204,6.66666,6.7999932,0.13333320000000004,5,constant,-0.028935028935011275,-0.0038579999999976463,3.9158108199998805,3.7222812,3.7191331,3.72098182,5
demo_2_labeled,approach,joint_7,200,204,6.66666,6.7999932,0.13333320000000004,5,constant,0.025669615669616713,0.0034226120000001403,0.15875459399999298,0.33044535,0.33324757,0.33159649999999996,5
demo_2_labeled,approach,finger_1,200,204,6.66666,6.7999932,0.13333320000000004,5,constant,-5.136605136603054e-05,-6.848799999997225e-06,0.04033255879999985,0.03998861,0.04,0.03998669440000001,5
demo_2_labeled,approach,finger_2,200,204,6.66666,6.7999932,0.13333320000000004,5,constant,-0.000176430176430072,-2.3523999999986085e-05,0.04118207899999928,0.039999995,0.03997059,0.039994117,5
demo_2_labeled,approach,joint_1,205,209,6.833326500000001,6.966659700000001,0.13333320000000004,5,constant,-0.00483900483900301,-0.0006451999999997563,-0.34009780400001266,-0.37294212,-0.37367246,-0.37348690399999995,5
demo_2_labeled,approach,joint_2,205,209,6.833326500000001,6.966659700000001,0.13333320000000004,5,constant,0.0007874707874693972,0.00010499599999981466,0.40127110300000973,0.4066163,0.406735,0.406704646,5
demo_2_labeled,approach,joint_3,205,209,6.833326500000001,6.966659700000001,0.13333320000000004,5,constant,-0.002889182889186698,-0.00038522400000050793,0.6753457280000262,0.65573555,0.65529954,0.655410386,5
demo_2_labeled,approach,joint_4,205,209,6.833326500000001,6.966659700000001,0.13333320000000004,5,constant,0.0001224001224074036,1.632000000097083e-05,-2.8430462600000506,-2.8422167,-2.8421974,-2.8422016999999995,5
demo_2_labeled,approach,joint_5,205,209,6.833326500000001,6.966659700000001,0.13333320000000004,5,constant,0.0005914205914203355,7.885599999996591e-05,0.5513160820000018,0.5553301,0.55541927,0.55539688,5
demo_2_labeled,approach,joint_6,205,209,6.833326500000001,6.966659700000001,0.13333320000000004,5,constant,2.2800022779702307e-05,3.0399999972906047e-06,3.7189960200001404,3.7191503,3.7191541,3.7191533400000005,5
demo_2_labeled,approach,joint_7,205,209,6.833326500000001,6.966659700000001,0.13333320000000004,5,constant,-5.589005589115749e-05,-7.452000000146881e-06,0.33359793100000756,0.3332185,0.33321014,0.33321228999999997,5
demo_2_labeled,approach,finger_1,205,209,6.833326500000001,6.966659700000001,0.13333320000000004,5,constant,-3.0404740127180797e-16,-4.053961296325424e-17,0.04000000000000209,0.04,0.04,0.04,5
demo_2_labeled,approach,finger_2,205,209,6.833326500000001,6.966659700000001,0.13333320000000004,5,constant,0.0001674781674777799,2.233039999994833e-05,0.03883342020000268,0.03997515,0.03999771,0.0399890184,5
demo_2_labeled,approach,joint_1,210,214,6.999993000000001,7.133326200000001,0.13333320000000004,5,constant,-3.6000036005396757e-07,-4.800000000714768e-08,-0.3736712739999997,-0.37367377,-0.37367383,-0.373673818,5
demo_2_labeled,approach,joint_2,210,214,6.999993000000001,7.133326200000001,0.13333320000000004,5,constant,-1.520237006359036e-15,-2.0269806481627067e-16,0.40673500000001084,0.406735,0.406735,0.406735,5
demo_2_labeled,approach,joint_3,210,214,6.999993000000001,7.133326200000001,0.13333320000000004,5,constant,-1.216189605087229e-15,-1.6215845185301656e-16,0.6552989500000088,0.65529895,0.65529895,0.65529895,5
demo_2_labeled,approach,joint_4,210,214,6.999993000000001,7.133326200000001,0.13333320000000004,5,constant,7.297137630523373e-15,9.729507111180993e-16,-2.842197400000052,-2.8421974,-2.8421974,-2.8421974,5
demo_2_labeled,approach,joint_5,210,214,6.999993000000001,7.133326200000001,0.13333320000000004,5,constant,-1.216189605087229e-15,-1.6215845185301656e-16,0.5554192700000088,0.55541927,0.55541927,0.55541927,5
demo_2_labeled,approach,joint_6,210,214,6.999993000000001,7.133326200000001,0.13333320000000004,5,constant,0.0,0.0,3.7191541,3.7191541,3.7191541,3.7191541,5
demo_2_labeled,approach,joint_7,210,214,6.999993000000001,7.133326200000001,0.13333320000000004,5,constant,-6.080948025436145e-16,-8.107922592650828e-17,0.33321014000000443,0.33321014,0.33321014,0.33321014,5
demo_2_labeled,approach,finger_1,210,214,6.999993000000001,7.133326200000001,0.13333320000000004,5,constant,-7.601185031795181e-17,-1.0134903240813535e-17,0.04000000000000054,0.04,0.04,0.04,5
demo_2_labeled,approach,finger_2,210,214,6.999993000000001,7.133326200000001,0.13333320000000004,5,constant,7.986007985912581e-06,1.0647999999872796e-06,0.039943093800000676,0.039998814,0.039999925,0.0399995282,5
demo_2_labeled,approach,joint_1,215,219,7.166659500000001,7.299992700000001,0.13333320000000004,5,constant,0.032512682512682946,0.004335020000000059,-0.5846546230000031,-0.35673133,-0.34914884,-0.349479788,5
demo_2_labeled,approach,joint_2,215,219,7.166659500000001,7.299992700000001,0.13333320000000004,5,ramp_up,0.5791604191604172,0.07722131199999975,-3.659274025999986,0.46417382,0.55137026,0.52998215,5
demo_2_labeled,approach,joint_3,215,219,7.166659500000001,7.299992700000001,0.13333320000000004,5,ramp_down,-0.21675486675487024,-0.028900620000000474,2.1759047470000255,0.63291025,0.5999201,0.608046112,5
demo_2_labeled,approach,joint_4,215,219,7.166659500000001,7.299992700000001,0.13333320000000004,5,ramp_up,0.1411069411069537,0.018814240000001686,-3.820538820000092,-2.8192914,-2.7953637,-2.7998663,5
demo_2_labeled,approach,joint_5,215,219,7.166659500000001,7.299992700000001,0.13333320000000004,5,ramp_down,-0.08536184536184724,-0.011381568000000253,1.1457559580000134,0.54042023,0.5256318,0.528305894,5
demo_2_labeled,approach,joint_6,215,219,7.166659500000001,7.299992700000001,0.13333320000000004,5,constant,-0.018071418071427654,-0.0024095200000012786,3.8820613600000695,3.7525003,3.7505116,3.7513449000000003,5
demo_2_labeled,approach,joint_7,215,219,7.166659500000001,7.299992700000001,0.13333320000000004,5,ramp_down,-0.08057660057660106,-0.010743536000000067,0.8922834240000035,0.31996223,0.30671757,0.309446596,5
demo_2_labeled,approach,finger_1,215,219,7.166659500000001,7.299992700000001,0.13333320000000004,5,constant,-1.890001890009684e-05,-2.5200000000103927e-06,0.04013197800000056,0.04,0.039998915,0.039995268,5
demo_2_labeled,approach,finger_2,215,219,7.166659500000001,7.299992700000001,0.13333320000000004,5,constant,3.506703506702721e-05,4.675599999998954e-06,0.039732219700000064,0.039976887,0.039990775,0.039985871,5
demo_2_labeled,approach,joint_1,220,224,7.333326,7.4666592,0.13333320000000004,5,constant,-6.72000671997358e-05,-8.959999999955816e-06,-0.34870125200000246,-0.34919074,-0.349201,-0.34919853199999995,5
demo_2_labeled,approach,joint_2,220,224,7.333326,7.4666592,0.13333320000000004,5,constant,7.980007978611813e-06,1.063999999813845e-06,0.5513216120000103,0.5513796,0.55138093,0.5513806640000001,5
demo_2_labeled,approach,joint_3,220,224,7.333326,7.4666592,0.13333320000000004,5,constant,-4.4250044250324174e-05,-5.900000000037325e-06,0.6002122920000021,0.5998901,0.59988326,0.599884842,5
demo_2_labeled,approach,joint_4,220,224,7.333326,7.4666592,0.13333320000000004,5,constant,-2.432379210174438e-15,-3.243169037060305e-16,-2.795363699999981,-2.7953637,-2.7953637,-2.7953637,5
demo_2_labeled,approach,joint_5,220,224,7.333326,7.4666592,0.13333320000000004,5,constant,8.400008398826796e-06,1.1199999998424532e-06,0.5255764600000088,0.5256375,0.5256389,0.5256386200000001,5
demo_2_labeled,approach,joint_6,220,224,7.333326,7.4666592,0.13333320000000004,5,constant,4.864758420348876e-15,6.48633807412061e-16,3.7505115999999648,3.7505116,3.7505116,3.7505116000000003,5
demo_2_labeled,approach,joint_7,220,224,7.333326,7.4666592,0.13333320000000004,5,constant,0.0,0.0,0.3067171,0.3067171,0.3067171,0.3067171,5
demo_2_labeled,approach,finger_1,220,224,7.333326,7.4666592,0.13333320000000004,5,constant,1.8960018960637797e-06,2.5280000000825125e-07,0.03998583099999955,0.039999653,0.039999932,0.0399998614,5
demo_2_labeled,approach,finger_2,220,224,7.333326,7.4666592,0.13333320000000004,5,constant,3.318003317999497e-05,4.423999999994906e-06,0.03975247920000028,0.039995056,0.039999638,0.0399980112,5
demo_2_labeled,approach,joint_1,225,229,7.4999925,7.6333257,0.13333320000000004,5,constant,3.0404740127180723e-16,4.053961296325414e-17,-0.3492010000000023,-0.349201,-0.349201,-0.349201,5
demo_2_labeled,approach,joint_2,225,229,7.4999925,7.6333257,0.13333320000000004,5,constant,0.0,0.0,0.55138093,0.55138093,0.55138093,0.55138093,5
demo_2_labeled,approach,joint_3,225,229,7.4999925,7.6333257,0.13333320000000004,5,constant,1.8242844076308434e-15,2.4323767777952483e-16,0.5998832599999864,0.59988326,0.59988326,0.59988326,5
demo_2_labeled,approach,joint_4,225,229,7.4999925,7.6333257,0.13333320000000004,5,constant,-4.864758420348916e-15,-6.486338074120662e-16,-2.795363699999962,-2.7953637,-2.7953637,-2.7953637,5
demo_2_labeled,approach,joint_5,225,229,7.4999925,7.6333257,0.13333320000000004,5,constant,1.8242844076308434e-15,2.4323767777952483e-16,0.5256388999999863,0.5256389,0.5256389,0.5256389,5
demo_2_labeled,approach,joint_6,225,229,7.4999925,7.6333257,0.13333320000000004,5,constant,9.729516840697831e-15,1.2972676148241324e-15,3.750511599999926,3.7505116,3.7505116,3.7505116000000003,5
demo_2_labeled,approach,joint_7,225,229,7.4999925,7.6333257,0.13333320000000004,5,constant,3.0404740127180723e-16,4.053961296325414e-17,0.30671709999999774,0.3067171,0.3067171,0.3067171,5
demo_2_labeled,approach,finger_1,225,229,7.4999925,7.6333257,0.13333320000000004,5,constant,1.140177754769277e-16,1.5202354861220302e-17,0.03999993199999914,0.039999932,0.039999932,0.039999932,5
demo_2_labeled,approach,finger_2,225,229,7.4999925,7.6333257,0.13333320000000004,5,constant,7.20000720183947e-07,9.600000002443027e-08,0.039994457999998616,0.03999981,0.03999993,0.03999990600000001,5
demo_2_labeled,approach,joint_1,230,234,7.666659000000001,7.799992200000001,0.13333320000000004,5,constant,1.824284407630848e-15,2.4323767777952547e-16,-0.3492010000000141,-0.349201,-0.349201,-0.349201,5
demo_2_labeled,approach,joint_2,230,234,7.666659000000001,7.799992200000001,0.13333320000000004,5,constant,-3.0404740127180798e-15,-4.0539612963254238e-16,0.5513809300000235,0.55138093,0.55138093,0.55138093,5
demo_2_labeled,approach,joint_3,230,234,7.666659000000001,7.799992200000001,0.13333320000000004,5,constant,-6.080948025436159e-16,-8.107922592650848e-17,0.5998832600000047,0.59988326,0.59988326,0.59988326,5
demo_2_labeled,approach,joint_4,230,234,7.666659000000001,7.799992200000001,0.13333320000000004,5,constant,1.4594275261046785e-14,1.9459014222362038e-15,-2.795363700000113,-2.7953637,-2.7953637,-2.7953637,5
demo_2_labeled,approach,joint_5,230,234,7.666659000000001,7.799992200000001,0.13333320000000004,5,constant,-1.824284407630848e-15,-2.4323767777952547e-16,0.5256389000000141,0.5256389,0.5256389,0.5256389,5
demo_2_labeled,approach,joint_6,230,234,7.666659000000001,7.799992200000001,0.13333320000000004,5,constant,-1.945903368139571e-14,-2.5945352296482712e-15,3.7505116000001504,3.7505116,3.7505116,3.7505116000000003,5
demo_2_labeled,approach,joint_7,230,234,7.666659000000001,7.799992200000001,0.13333320000000004,5,constant,-1.5202370063590399e-15,-2.0269806481627119e-16,0.30671710000001184,0.3067171,0.3067171,0.3067171,5
demo_2_labeled,approach,finger_1,230,234,7.666659000000001,7.799992200000001,0.13333320000000004,5,constant,-2.66041476112832e-16,-3.547216134284746e-17,0.039999932000002056,0.039999932,0.039999932,0.039999932,5
demo_2_labeled,approach,finger_2,230,234,7.666659000000001,7.799992200000001,0.13333320000000004,5,constant,-1.5202370063590398e-16,-2.026980648162712e-17,0.03999993000000118,0.03999993,0.03999993,0.03999993,5
demo_2_labeled,approach,joint_1,235,239,7.833325500000001,7.966658700000001,0.13333320000000004,5,constant,-3.0404740127180723e-16,-4.053961296325414e-17,-0.3492009999999976,-0.349201,-0.349201,-0.349201,5
demo_2_labeled,approach,joint_2,235,239,7.833325500000001,7.966658700000001,0.13333320000000004,5,constant,-1.8242844076308434e-15,-2.4323767777952483e-16,0.5513809300000145,0.55138093,0.55138093,0.55138093,5
demo_2_labeled,approach,joint_3,235,239,7.833325500000001,7.966658700000001,0.13333320000000004,5,constant,-6.080948025436145e-16,-8.107922592650828e-17,0.599883260000005,0.59988326,0.59988326,0.59988326,5
demo_2_labeled,approach,joint_4,235,239,7.833325500000001,7.966658700000001,0.13333320000000004,5,constant,7.297137630523373e-15,9.729507111180993e-16,-2.7953637000000584,-2.7953637,-2.7953637,-2.7953637,5
demo_2_labeled,approach,joint_5,235,239,7.833325500000001,7.966658700000001,0.13333320000000004,5,constant,6.080948025436145e-16,8.107922592650828e-17,0.5256388999999955,0.5256389,0.5256389,0.5256389,5
demo_2_labeled,approach,joint_6,235,239,7.833325500000001,7.966658700000001,0.13333320000000004,5,constant,4.864758420348916e-15,6.486338074120662e-16,3.750511599999961,3.7505116,3.7505116,3.7505116000000003,5
demo_2_labeled,approach,joint_7,235,239,7.833325500000001,7.966658700000001,0.13333320000000004,5,constant,-3.0404740127180723e-16,-4.053961296325414e-17,0.3067171000000025,0.3067171,0.3067171,0.3067171,5
demo_2_labeled,approach,finger_1,235,239,7.833325500000001,7.966658700000001,0.13333320000000004,5,constant,-3.8005925158975903e-17,-5.067451620406767e-18,0.03999993200000031,0.039999932,0.039999932,0.039999932,5
demo_2_labeled,approach,finger_2,235,239,7.833325500000001,7.966658700000001,0.13333320000000004,5,constant,3.8005925158975903e-17,5.067451620406767e-18,0.03999992999999972,0.03999993,0.03999993,0.03999993,5
demo_2_labeled,approach,joint_1,240,244,7.999992000000001,8.133325200000002,0.13333320000000093,5,constant,-0.010505830505829188,-0.0014007759999998342,-0.24686476000001042,-0.3304655,-0.33202025,-0.331611708,5
demo_2_labeled,approach,joint_2,240,244,7.999992000000001,8.133325200000002,0.13333320000000093,5,constant,-0.020265530265531382,-0.0027020680000001676,0.7134838280000091,0.55236185,0.54926944,0.550008714,5
demo_2_labeled,approach,joint_3,240,244,7.999992000000001,8.133325200000002,0.13333320000000093,5,constant,-0.0007822807822789936,-0.00010430399999976224,0.5884603099999856,0.5821778,0.5821024,0.582149918,5
demo_2_labeled,approach,joint_4,240,244,7.999992000000001,8.133325200000002,0.13333320000000093,5,ramp_up,0.052956952956949264,0.007060919999999557,-3.18224431999997,-2.7619822,-2.7532651,-2.75505866,5
demo_2_labeled,approach,joint_5,240,244,7.999992000000001,8.133325200000002,0.13333320000000093,5,constant,-0.0011616011616008232,-0.00015487999999995596,0.5521460799999972,0.5429345,0.5427394,0.5427758399999999,5
demo_2_labeled,approach,joint_6,240,244,7.999992000000001,8.133325200000002,0.13333320000000093,5,constant,0.0037026037026129236,0.0004936800000012329,3.6824453999999247,3.7118769,3.7124474,3.71231304,5
demo_2_labeled,approach,joint_7,240,244,7.999992000000001,8.133325200000002,0.13333320000000093,5,constant,0.0007603207603214786,0.00010137600000009648,0.2799057979999941,0.28594363,0.28606546,0.2860390460000001,5
demo_2_labeled,approach,finger_1,240,244,7.999992000000001,8.133325200000002,0.13333320000000093,5,constant,2.7891027891007965e-05,3.718799999997369e-06,0.03977405040000016,0.039995514,0.04,0.039999037800000005,5
demo_2_labeled,approach,finger_2,240,244,7.999992000000001,8.133325200000002,0.13333320000000093,5,constant,-4.671004671023704e-06,-6.22800000002542e-07,0.040036247800000146,0.04,0.039999094,0.039998568400000004,5
demo_2_labeled,approach,joint_1,245,249,8.1666585,8.299991700000001,0.13333320000000093,5,constant,-3.540003540378642e-06,-4.7200000005001686e-07,-0.3319941759999969,-0.33202285,-0.33202344,-0.33202332199999995,5
demo_2_labeled,approach,joint_2,245,249,8.1666585,8.299991700000001,0.13333320000000093,5,constant,0.0,0.0,0.54926944,0.54926944,0.54926944,0.54926944,5
demo_2_labeled,approach,joint_3,245,249,8.1666585,8.299991700000001,0.13333320000000093,5,constant,0.0,0.0,0.5821005999999999,0.5821006,0.5821006,0.5821006,5
demo_2_labeled,approach,joint_4,245,249,8.1666585,8.299991700000001,0.13333320000000093,5,constant,0.0,0.0,-2.7532650999999997,-2.7532651,-2.7532651,-2.7532651,5
demo_2_labeled,approach,joint_5,245,249,8.1666585,8.299991700000001,0.13333320000000093,5,constant,0.0,0.0,0.5427393999999998,0.5427394,0.5427394,0.5427394,5
demo_2_labeled,approach,joint_6,245,249,8.1666585,8.299991700000001,0.13333320000000093,5,constant,-4.8647584203488935e-15,-6.486338074120676e-16,3.71244740000004,3.7124474,3.7124474,3.7124474,5
demo_2_labeled,approach,joint_7,245,249,8.1666585,8.299991700000001,0.13333320000000093,5,constant,3.0404740127180585e-16,4.0539612963254225e-17,0.2860654599999974,0.28606546,0.28606546,0.28606546,5
demo_2_labeled,approach,finger_1,245,249,8.1666585,8.299991700000001,0.13333320000000093,5,constant,3.800592515897573e-17,5.067451620406778e-18,0.03999999999999968,0.04,0.04,0.04,5
demo_2_labeled,approach,finger_2,245,249,8.1666585,8.299991700000001,0.13333320000000093,5,constant,2.9970029970083984e-06,3.9960000000072295e-07,0.03997512689999994,0.039999522,0.039999932,0.039999802200000004,5
demo_2_labeled,approach,joint_1,250,251,8.333325,8.366658300000001,0.033333300000000676,2,constant,1.6653362022739032e-15,5.551115123125783e-17,-0.3320234400000139,-0.33202344,-0.33202344,-0.33202344,2
demo_2_labeled,approach,joint_2,250,251,8.333325,8.366658300000001,0.033333300000000676,2,constant,0.0,0.0,0.5492694399999998,0.54926944,0.54926944,0.54926944,2
demo_2_labeled,approach,joint_3,250,251,8.333325,8.366658300000001,0.033333300000000676,2,constant,-1.6653362022739032e-15,-5.551115123125783e-17,0.5821006000000137,0.5821006,0.5821006,0.5821006,2
demo_2_labeled,approach,joint_4,250,251,8.333325,8.366658300000001,0.033333300000000676,2,constant,1.3322689618191226e-14,4.440892098500626e-16,-2.7532651000001103,-2.7532651,-2.7532651,-2.7532651,2
demo_2_labeled,approach,joint_5,250,251,8.333325,8.366658300000001,0.033333300000000676,2,constant,-4.99600860682171e-15,-1.6653345369377348e-16,0.5427394000000415,0.5427394,0.5427394,0.5427394,2
demo_2_labeled,approach,joint_6,250,251,8.333325,8.366658300000001,0.033333300000000676,2,constant,-3.996806885457368e-14,-1.3322676295501878e-15,3.712447400000332,3.7124474,3.7124474,3.7124474,2
demo_2_labeled,approach,joint_7,250,251,8.333325,8.366658300000001,0.033333300000000676,2,constant,-8.326681011369516e-16,-2.7755575615628914e-17,0.2860654600000068,0.28606546,0.28606546,0.28606546,2
demo_2_labeled,approach,finger_1,250,251,8.333325,8.366658300000001,0.033333300000000676,2,constant,-1.0408351264211895e-16,-3.469446951953614e-18,0.04000000000000086,0.04,0.04,0.04,2
demo_2_labeled,approach,finger_2,250,251,8.333325,8.366658300000001,0.033333300000000676,2,constant,-1.0408351264211895e-16,-3.469446951953614e-18,0.039999932000000855,0.039999932,0.039999932,0.039999932,2
demo_2_labeled,pick,joint_1,252,256,8.399991600000002,8.5333248,0.13333319999999915,5,constant,-0.0018441618441634414,-0.0002458880000002114,-0.31647102399998633,-0.33202344,-0.3323308,-0.332084912,5
demo_2_labeled,pick,joint_2,252,256,8.399991600000002,8.5333248,0.13333319999999915,5,constant,-0.0012818412818406232,-0.0001709119999999111,0.5600796239999943,0.54926944,0.5490558,0.5492267120000001,5
demo_2_labeled,pick,joint_3,252,256,8.399991600000002,8.5333248,0.13333319999999915,5,constant,-0.0031422031422025406,-0.0004189599999999171,0.6085998199999948,0.5821006,0.5815769,0.5819958599999999,5
demo_2_labeled,pick,joint_4,252,256,8.399991600000002,8.5333248,0.13333319999999915,5,constant,0.0005418005417927487,7.223999999896047e-05,-2.7578342799999342,-2.7532651,-2.7531748,-2.75324704,5
demo_2_labeled,pick,joint_5,252,256,8.399991600000002,8.5333248,0.13333319999999915,5,constant,0.002940002940003544,0.00039200000000007805,0.5179453999999947,0.5427394,0.5432294,0.5428374,5
demo_2_labeled,pick,joint_6,252,256,8.399991600000002,8.5333248,0.13333319999999915,5,constant,0.002729402729407544,0.0003639200000006396,3.6894294599999595,3.7124474,3.7129023,3.7125383800000002,5
demo_2_labeled,pick,joint_7,252,256,8.399991600000002,8.5333248,0.13333319999999915,5,constant,-0.0018475218475221208,-0.00024633600000003485,0.3016462120000023,0.28606546,0.28575754,0.286003876,5
demo_2_labeled,pick,finger_1,252,256,8.399991600000002,8.5333248,0.13333319999999915,5,ramp_down,-0.04192654192654241,-0.005590200000000029,0.3935801500000041,0.04,0.03301225,0.038602449999999996,5
demo_2_labeled,pick,finger_2,252,256,8.399991600000002,8.5333248,0.13333319999999915,5,ramp_down,-0.041431901431901876,-0.005524248000000024,0.3894086180000038,0.039999932,0.033094622,0.03861887,5
demo_2_labeled,pick,joint_1,257,261,8.566658100000001,8.6999913,0.13333319999999915,5,constant,-0.003661923661923533,-0.0004882559999999797,-0.30143728400000114,-0.33281258,-0.33329928,-0.33305186,5
demo_2_labeled,pick,joint_2,257,261,8.566658100000001,8.6999913,0.13333319999999915,5,constant,-0.0031668031668041,-0.00042224000000012175,0.5760649000000079,0.5489882,0.5485874,0.5487248599999999,5
demo_2_labeled,pick,joint_3,257,261,8.566658100000001,8.6999913,0.13333319999999915,5,constant,-0.004258774258774915,-0.0005678360000000839,0.6177286290000056,0.5811629,0.5806529,0.580961248,5
demo_2_labeled,pick,joint_4,257,261,8.566658100000001,8.6999913,0.13333319999999915,5,constant,-0.00045900045900283486,-6.12000000003164e-05,-2.7491605199999785,-2.7530959,-2.753152,-2.75312322,5
demo_2_labeled,pick,joint_5,257,261,8.566658100000001,8.6999913,0.13333319999999915,5,constant,0.0011282111282113828,0.000150428000000033,0.5337478129999977,0.54347485,0.5435536,0.543488026,5
demo_2_labeled,pick,joint_6,257,261,8.566658100000001,8.6999913,0.13333319999999915,5,constant,0.002784002783999007,0.000371199999999494,3.689205000000032,3.7130847,3.7134085,3.7132402,5
demo_2_labeled,pick,joint_7,257,261,8.566658100000001,8.6999913,0.13333319999999915,5,constant,-0.0009411009410998594,-0.00012547999999985499,0.2937395459999907,0.2856275,0.28554305,0.285614716,5
demo_2_labeled,pick,finger_1,257,261,8.566658100000001,8.6999913,0.13333319999999915,5,ramp_down,-0.04265369465369474,-0.005687153599999975,0.3892867962000008,0.026101984,0.019426977,0.0210436006,5
demo_2_labeled,pick,finger_2,257,261,8.566658100000001,8.6999913,0.13333319999999915,5,constant,-0.03235888435888438,-0.004314513599999975,0.3012581898000002,0.026216788,0.020899937,0.0218934342,5
demo_2_labeled,transport,joint_1,262,266,8.733324600000001,8.8666578,0.13333319999999915,5,constant,-0.00045342045342032365,-6.045599999998231e-05,-0.3294141160000011,-0.33336192,-0.33342448,-0.33340421200000003,5
demo_2_labeled,transport,joint_2,262,266,8.733324600000001,8.8666578,0.13333319999999915,5,constant,-0.00012789012789283,-1.7052000000360174e-05,0.5496922000000237,0.5485769,0.5485595,0.5485667679999999,5
demo_2_labeled,transport,joint_3,262,266,8.733324600000001,8.8666578,0.13333319999999915,5,constant,-0.0015937515937526053,-0.0002125000000001335,0.5944614900000089,0.5805547,0.5803402,0.58043649,5
demo_2_labeled,transport,joint_4,262,266,8.733324600000001,8.8666578,0.13333319999999915,5,constant,-0.00042420042418849397,-5.655999999840895e-05,-2.749464480000105,-2.753168,-2.7532246,-2.75319744,5
demo_2_labeled,transport,joint_5,262,266,8.733324600000001,8.8666578,0.13333319999999915,5,constant,-0.0018342918342926359,-0.0002445720000001053,0.5595430120000071,0.5435178,0.54327464,0.54340126,5
demo_2_labeled,transport,joint_6,262,266,8.733324600000001,8.8666578,0.13333319999999915,5,constant,0.0006669006669083076,8.892000000101818e-05,3.707628019999932,3.7134476,3.7135372,3.71349674,5
demo_2_labeled,transport,joint_7,262,266,8.733324600000001,8.8666578,0.13333319999999915,5,constant,-0.00028233028233105086,-3.7644000000102234e-05,0.2879855140000067,0.2855231,0.28548506,0.28550101,5
demo_2_labeled,transport,finger_1,262,266,8.733324600000001,8.8666578,0.13333319999999915,5,constant,-0.0007273897273897786,-9.69852000000062e-05,0.025697350800000445,0.019356517,0.019257555,0.0192963276,5
demo_2_labeled,transport,finger_2,262,266,8.733324600000001,8.8666578,0.13333319999999915,5,constant,0.0007213297213297632,9.617720000000497e-05,0.014682565999999635,0.02097041,0.02106858,0.0210302612,5
demo_2_labeled,transport,joint_1,267,271,8.899991100000001,9.0333243,0.13333319999999915,5,constant,0.0001862701862707883,2.4836000000080113e-05,-0.3350810070000053,-0.33342212,-0.33339745,-0.33341078599999996,5
demo_2_labeled,transport,joint_2,267,271,8.899991100000001,9.0333243,0.13333319999999915,5,constant,-4.407004406953762e-05,-5.875999999932436e-06,0.5489500509999953,0.54855776,0.54855174,0.5485548899999999,5
demo_2_labeled,transport,joint_3,267,271,8.899991100000001,9.0333243,0.13333319999999915,5,constant,-0.0008898908898890943,-0.00011865199999975984,0.588223364999984,0.580305,0.5801862,0.5802440179999999,5
demo_2_labeled,transport,joint_4,267,271,8.899991100000001,9.0333243,0.13333319999999915,5,constant,-0.0003210003209985628,-4.27999999997653e-05,-2.7503812800000156,-2.7532377,-2.7532806,-2.75325958,5
demo_2_labeled,transport,joint_5,267,271,8.899991100000001,9.0333243,0.13333319999999915,5,constant,-0.0019270219270217151,-0.0002569359999999701,0.5603568779999981,0.5432077,0.5429509,0.543077932,5
demo_2_labeled,transport,joint_6,267,271,8.899991100000001,9.0333243,0.13333319999999915,5,constant,0.0003489003488879991,4.6519999998353065e-05,3.71044893000011,3.7135527,3.7135994,3.7135773999999997,5
demo_2_labeled,transport,joint_7,267,271,8.899991100000001,9.0333243,0.13333319999999915,5,constant,-2.2800022800377573e-06,-3.0400000000472837e-07,0.28550055800000035,0.28548148,0.28548113,0.285480114,5
demo_2_labeled,transport,finger_1,267,271,8.899991100000001,9.0333243,0.13333319999999915,5,constant,-9.703809703807093e-05,-1.2938399999996435e-05,0.020112809199999766,0.019250195,0.019237114,0.0192427018,5
demo_2_labeled,transport,finger_2,267,271,8.899991100000001,9.0333243,0.13333319999999915,5,constant,8.911508911507654e-05,1.1881999999998247e-05,0.020283583500000108,0.021075683,0.02108771,0.021082648000000002,5
demo_2_labeled,transport,joint_1,272,276,9.0666576,9.1999908,0.13333320000000093,5,ramp_down,-0.34448539448539417,-0.04593134000000028,2.781647829999997,-0.3433763,-0.39003295,-0.36464895999999997,5
demo_2_labeled,transport,joint_2,272,276,9.0666576,9.1999908,0.13333320000000093,5,ramp_down,-2.151206811206816,-0.2868272880000027,20.003224976000045,0.49773422,0.21142717,0.355555748,5
demo_2_labeled,transport,joint_3,272,276,9.0666576,9.1999908,0.13333320000000093,5,ramp_up,0.6401985401985401,0.08535972000000057,-5.2098175919999985,0.5959191,0.68155444,0.637323228,5
demo_2_labeled,transport,joint_4,272,276,9.0666576,9.1999908,0.13333320000000093,5,ramp_down,-0.5643893643893512,-0.07525183999999877,2.3380373599998787,-2.7768955,-2.8523602,-2.81671368,5
demo_2_labeled,transport,joint_5,272,276,9.0666576,9.1999908,0.13333320000000093,5,ramp_up,0.4135053535053541,0.055133992000000465,-3.182541892000005,0.5631095,0.61758816,0.59413656,5
demo_2_labeled,transport,joint_6,272,276,9.0666576,9.1999908,0.13333320000000093,5,ramp_down,-1.6837999837999902,-0.22450644000000242,18.937099700000058,3.6664398,3.4420066,3.55840856,5
demo_2_labeled,transport,joint_7,272,276,9.0666576,9.1999908,0.13333320000000093,5,ramp_up,0.34294732294732233,0.04572626400000024,-2.8193680459999944,0.2923276,0.33847183,0.312881038,5
demo_2_labeled,transport,finger_1,272,276,9.0666576,9.1999908,0.13333320000000093,5,constant,0.0005261675261674816,7.015559999999455e-05,0.014427779000000411,0.019197568,0.019269988,0.0192334376,5
demo_2_labeled,transport,finger_2,272,276,9.0666576,9.1999908,0.13333320000000093,5,constant,-0.0012173172173172903,-0.00016230880000001088,0.03210005660000067,0.021083064,0.020908697,0.0209819038,5
demo_2_labeled,transport,joint_1,277,281,9.2333241,9.366657300000002,0.13333320000000093,5,ramp_down,-0.405491475491464,-0.05406547599999885,3.2865586929998933,-0.41664407,-0.46580297,-0.48450825799999997,5
demo_2_labeled,transport,joint_2,277,281,9.2333241,9.366657300000002,0.13333320000000093,5,ramp_down,-2.002381270381262,-0.26698390240000075,18.624992061155922,0.13892712,-0.13190413,0.002864868755999994,5
demo_2_labeled,transport,joint_3,277,281,9.2333241,9.366657300000002,0.13333320000000093,5,ramp_up,0.7926453426453302,0.10568593999999908,-6.573070728999884,0.71358776,0.8124107,0.798523586,5
demo_2_labeled,transport,joint_4,277,281,9.2333241,9.366657300000002,0.13333320000000093,5,ramp_up,0.1379287379287343,0.018390479999999647,-4.153107659999967,-2.8671327,-2.8534305,-2.87037168,5
demo_2_labeled,transport,joint_5,277,281,9.2333241,9.366657300000002,0.13333320000000093,5,ramp_up,1.0331566931566982,0.13775408800000163,-8.966664096000047,0.614159,0.7415735,0.641683542,5
demo_2_labeled,transport,joint_6,277,281,9.2333241,9.366657300000002,0.13333320000000093,5,ramp_down,-2.1427755427755337,-0.2857031200000008,23.16534993999992,3.3764348,3.0898314,3.2375573199999996,5
demo_2_labeled,transport,joint_7,277,281,9.2333241,9.366657300000002,0.13333320000000093,5,ramp_down,-0.6877017577017601,-0.09169347600000097,6.754089377000023,0.3615913,0.28388885,0.358469426,5
demo_2_labeled,transport,finger_1,277,281,9.2333241,9.366657300000002,0.13333320000000093,5,constant,0.0019243009243009046,0.00025657319999999916,0.0014852951000001897,0.019296762,0.019521784,0.0193812758,5
demo_2_labeled,transport,finger_2,277,281,9.2333241,9.366657300000002,0.13333320000000093,5,constant,-0.0021071211071210807,-0.00028094919999999845,0.040349651899999756,0.020865312,0.020618303,0.0207534452,5
demo_2_labeled,transport,joint_1,282,286,9.3999906,9.533323800000002,0.13333320000000093,5,ramp_up,0.1850382350382317,0.024671739999999727,-2.1813311239999686,-0.44490835,-0.41972426,-0.42963758399999996,5
demo_2_labeled,transport,joint_2,282,286,9.3999906,9.533323800000002,0.13333320000000093,5,ramp_down,-2.0051993351993254,-0.26735964400000056,18.64096261199991,-0.20424327,-0.4708776,-0.341572112,5
demo_2_labeled,transport,joint_3,282,286,9.3999906,9.533323800000002,0.13333320000000093,5,ramp_down,-0.4447894447894425,-0.059305200000000106,4.9791986399999795,0.7972202,0.7378643,0.76852944,5
demo_2_labeled,transport,joint_4,282,286,9.3999906,9.533323800000002,0.13333320000000093,5,ramp_up,0.13248553248553557,0.017664720000000536,-4.099496820000031,-2.8519652,-2.834149,-2.8453017,5
demo_2_labeled,transport,joint_5,282,286,9.3999906,9.533323800000002,0.13333320000000093,5,ramp_down,-0.19678057678057626,-0.026237384000000114,2.6156498399999952,0.7600732,0.7347325,0.7527955759999999,5
demo_2_labeled,transport,joint_6,282,286,9.3999906,9.533323800000002,0.13333320000000093,5,ramp_down,-2.132483132483116,-0.28433079999999983,23.05599813999985,3.0132058,2.7289903,2.86851134,5
demo_2_labeled,transport,joint_7,282,286,9.3999906,9.533323800000002,0.13333320000000093,5,ramp_up,0.31438363438363287,0.04191777600000009,-2.676005639999986,0.28115562,0.32243258,0.300156456,5
demo_2_labeled,transport,finger_1,282,286,9.3999906,9.533323800000002,0.13333320000000093,5,constant,0.0003228573228573761,4.30476000000074e-05,0.016368365799999503,0.019411556,0.019445198,0.0194247454,5
demo_2_labeled,transport,finger_2,282,286,9.3999906,9.533323800000002,0.13333320000000093,5,constant,-0.00032059832059829206,-4.274639999999649e-05,0.023735764399999724,0.020716049,0.020681899,0.02070077,5
demo_2_labeled,transport,joint_1,287,291,9.5666571,9.6999903,0.13333319999999915,5,constant,-0.017297147297147274,-0.0023062839999999822,-0.25272343500000016,-0.41832772,-0.41967264,-0.41935245400000004,5
demo_2_labeled,transport,joint_2,287,291,9.5666571,9.6999903,0.13333319999999915,5,ramp_down,-1.0962462762462781,-0.1461660239999993,9.952340408000019,-0.5252706,-0.666843,-0.608154826,5
demo_2_labeled,transport,joint_3,287,291,9.5666571,9.6999903,0.13333319999999915,5,ramp_down,-0.44777039777039884,-0.05970265999999976,5.00148450100001,0.72070056,0.66406095,0.6879673160000002,5
demo_2_labeled,transport,joint_4,287,291,9.5666571,9.6999903,0.13333319999999915,5,ramp_up,0.42016452016452555,0.056021880000000364,-6.843030930000052,-2.8236516,-2.7702098,-2.7954501,5
demo_2_labeled,transport,joint_5,287,291,9.5666571,9.6999903,0.13333319999999915,5,ramp_down,-0.4372731772731782,-0.058303031999999755,4.89946228200001,0.71911424,0.664395,0.6870682199999999,5
demo_2_labeled,transport,joint_6,287,291,9.5666571,9.6999903,0.13333319999999915,5,ramp_down,-1.3887232887232852,-0.18516291999999834,15.936823669999967,2.6648815,2.4904315,2.5588027,5
demo_2_labeled,transport,joint_7,287,291,9.5666571,9.6999903,0.13333319999999915,5,ramp_up,0.2524292224292222,0.03365719599999976,-2.078195106999998,0.3342042,0.36601627,0.353537304,5
demo_2_labeled,transport,finger_1,287,291,9.5666571,9.6999903,0.13333319999999915,5,constant,-0.0003688293688293096,-4.917719999999179e-05,0.022972296299999424,0.019442834,0.019397847,0.019419243599999997,5
demo_2_labeled,transport,finger_2,287,291,9.5666571,9.6999903,0.13333319999999915,5,constant,0.0006140166140166342,8.186880000000217e-05,0.014812796799999806,0.020688633,0.020765413,0.020727817599999997,5
demo_2_labeled,transport,joint_1,292,296,9.7333236,9.8666568,0.13333319999999915,5,constant,0.007191217191216958,0.0009588279999999628,-0.48890539199999766,-0.41878662,-0.41760275,-0.41843153400000005,5
demo_2_labeled,transport,joint_2,292,296,9.7333236,9.8666568,0.13333319999999915,5,constant,0.017575217575217475,0.002343359999999972,-0.8392286299999991,-0.6677837,-0.66516495,-0.6669916699999999,5
demo_2_labeled,transport,joint_3,292,296,9.7333236,9.8666568,0.13333319999999915,5,ramp_up,0.1449979449979436,0.01933303999999969,-0.7514848199999863,0.6644438,0.6884374,0.6694936200000001,5
demo_2_labeled,transport,joint_4,292,296,9.7333236,9.8666568,0.13333319999999915,5,constant,0.027154527154530726,0.003620600000000453,-3.035174780000035,-2.7696376,-2.764703,-2.76906068,5
demo_2_labeled,transport,joint_5,292,296,9.7333236,9.8666568,0.13333319999999915,5,constant,0.032657552657554,0.004354336000000151,0.3456225359999868,0.66439384,0.66964066,0.6656662320000001,5
demo_2_labeled,transport,joint_6,292,296,9.7333236,9.8666568,0.13333319999999915,5,constant,0.005284505284517035,0.0007046000000015622,2.4386867999998847,2.4904037,2.491393,2.4904748999999997,5
demo_2_labeled,transport,joint_7,292,296,9.7333236,9.8666568,0.13333319999999915,5,ramp_up,0.22021060021059813,0.029361383999999536,-1.7846865739999795,0.3660223,0.40271002,0.37337515000000004,5
demo_2_labeled,transport,finger_1,292,296,9.7333236,9.8666568,0.13333319999999915,5,constant,0.0020538290538289965,0.0002738435999999906,-0.0007075475999994314,0.019353634,0.019694008,0.019419956999999998,5
demo_2_labeled,transport,finger_2,292,296,9.7333236,9.8666568,0.13333319999999915,5,constant,-0.001970704970705028,-0.00026276040000000595,0.04005666480000056,0.020807002,0.020480346,0.020743775399999997,5
demo_2_labeled,transport,joint_1,297,301,9.8999901,10.0333233,0.13333319999999915,5,ramp_up,0.1032208632208639,0.013762768000000003,-1.430278874000007,-0.4104092,-0.39672348,-0.401511966,5
demo_2_labeled,transport,joint_2,297,301,9.8999901,10.0333233,0.13333319999999915,5,ramp_up,0.12251610251610309,0.016335463999999973,-1.8778011640000054,-0.66369617,-0.64738977,-0.6567252299999999,5
demo_2_labeled,transport,joint_3,297,301,9.8999901,10.0333233,0.13333319999999915,5,ramp_up,0.9780609180609232,0.13040799199999986,-8.964338602000051,0.71904,0.84944814,0.7836588000000001,5
demo_2_labeled,transport,joint_4,297,301,9.8999901,10.0333233,0.13333319999999915,5,ramp_up,0.42123732123732394,0.05616492,-6.927309290000026,-2.755361,-2.6992323,-2.72898152,5
demo_2_labeled,transport,joint_5,297,301,9.8999901,10.0333233,0.13333319999999915,5,ramp_up,0.043615123615124915,0.005815344000000136,0.2435095219999867,0.6740583,0.67985743,0.678206486,5
demo_2_labeled,transport,joint_6,297,301,9.8999901,10.0333233,0.13333319999999915,5,constant,0.025809025809012863,0.003441199999998252,2.236685660000128,2.4921994,2.4956238,2.4939153600000004,5
demo_2_labeled,transport,joint_7,297,301,9.8999901,10.0333233,0.13333319999999915,5,ramp_up,1.0950693750693814,0.14600910399999992,-10.401903286000064,0.4392427,0.58524215,0.512277238,5
demo_2_labeled,transport,finger_1,297,301,9.8999901,10.0333233,0.13333319999999915,5,constant,-0.0011919611919612783,-0.0001589280000000105,0.03133646320000085,0.019567152,0.019401891,0.019456595200000003,5
demo_2_labeled,transport,finger_2,297,301,9.8999901,10.0333233,0.13333319999999915,5,constant,0.001074634074634024,0.00014328439999999236,0.00997861250000049,0.020587685,0.020736964,0.0206891214,5
demo_2_labeled,transport,joint_1,302,306,10.066656600000002,10.1999898,0.13333319999999915,5,ramp_down,-0.5541498141498207,-0.0738865680000004,5.199159636000067,-0.3987933,-0.47349232,-0.41621953200000006,5
demo_2_labeled,transport,joint_2,302,306,10.066656600000002,10.1999898,0.13333319999999915,5,ramp_up,0.6352908352908468,0.084705360000001,-7.053516940000117,-0.6406296,-0.5540833,-0.6159095800000001,5
demo_2_labeled,transport,joint_3,302,306,10.066656600000002,10.1999898,0.13333319999999915,5,ramp_up,0.4613756213756244,0.06151668800000001,-3.769036022000031,0.88359106,0.9461793,0.906232266,5
demo_2_labeled,transport,joint_4,302,306,10.066656600000002,10.1999898,0.13333319999999915,5,ramp_up,0.5428313428313508,0.0723774400000006,-8.158227200000082,-2.6811683,-2.6071374,-2.65754176,5
demo_2_labeled,transport,joint_5,302,306,10.066656600000002,10.1999898,0.13333319999999915,5,ramp_down,-0.35054534054534653,-0.0467393320000005,4.216770758000061,0.6781091,0.6306409,0.664581526,5
demo_2_labeled,transport,joint_6,302,306,10.066656600000002,10.1999898,0.13333319999999915,5,ramp_up,0.2862473862473802,0.038166279999998956,-0.39296381999993946,2.4963567,2.5342348,2.5076734600000004,5
demo_2_labeled,transport,joint_7,302,306,10.066656600000002,10.1999898,0.13333319999999915,5,constant,0.01483246483246399,0.001977659999999875,0.47163340000000864,0.6216005,0.62412155,0.62193556,5
demo_2_labeled,transport,finger_1,302,306,10.066656600000002,10.1999898,0.13333319999999915,5,constant,-0.00013994713994718827,-1.8659600000006326e-05,0.020663404800000493,0.019401027,0.019275898,0.019245275200000002,5
demo_2_labeled,transport,finger_2,302,306,10.066656600000002,10.1999898,0.13333319999999915,5,constant,0.00010158310158299308,1.3544399999985447e-05,0.019857314800001108,0.020735733,0.020852543,0.0208866892,5
demo_2_labeled,transport,joint_1,307,311,10.233323100000002,10.3666563,0.13333319999999915,5,ramp_down,-1.803655683655688,-0.24048718399999905,17.938461876000044,-0.52371454,-0.76478934,-0.639173088,5
demo_2_labeled,transport,joint_2,307,311,10.233323100000002,10.3666563,0.13333319999999915,5,ramp_up,1.4444971244971259,0.19259942399999896,-15.288560570000014,-0.5061196,-0.31327263,-0.41025506600000006,5
demo_2_labeled,transport,joint_3,307,311,10.233323100000002,10.3666563,0.13333319999999915,5,ramp_up,1.2676767676767682,0.169023399999999,-12.002997320000008,0.97569305,1.1453589,1.05406033,5
demo_2_labeled,transport,joint_4,307,311,10.233323100000002,10.3666563,0.13333319999999915,5,ramp_up,1.1662994662994575,0.15550643999999783,-14.50539224999991,-2.5696697,-2.414158,-2.49251976,5
demo_2_labeled,transport,joint_5,307,311,10.233323100000002,10.3666563,0.13333319999999915,5,ramp_down,-1.3145868545868584,-0.1752780719999994,14.05939953600004,0.6005007,0.42468563,0.519168474,5
demo_2_labeled,transport,joint_6,307,311,10.233323100000002,10.3666563,0.13333319999999915,5,ramp_up,0.3880194880194982,0.05173588000000103,-1.4182882300001047,2.5509925,2.6027577,2.5783085,5
demo_2_labeled,transport,joint_7,307,311,10.233323100000002,10.3666563,0.13333319999999915,5,ramp_up,0.5643731643731669,0.07524967999999986,-5.149830722000027,0.6309131,0.70650655,0.663207058,5
demo_2_labeled,transport,finger_1,307,311,10.233323100000002,10.3666563,0.13333319999999915,5,constant,0.0007935247935247764,0.00010580319999999704,0.01122465820000018,0.019334191,0.019441903,0.0193979554,5
demo_2_labeled,transport,finger_2,307,311,10.233323100000002,10.3666563,0.13333319999999915,5,constant,-0.000861033861033894,-0.00011480440000000367,0.02959185930000035,0.020791998,0.020675404,0.020723219400000003,5
demo_2_labeled,transport,joint_1,312,316,10.3999896,10.5333228,0.13333320000000093,5,ramp_down,-2.0888615288615062,-0.2785145919999989,20.883160865999763,-0.83822936,-1.1176096,-0.980234606,5
demo_2_labeled,transport,joint_2,312,316,10.3999896,10.5333228,0.13333320000000093,5,ramp_up,2.029582453582435,0.2706107231999994,-21.374483682399806,-0.2609114,0.007871604,-0.1315419112,5
demo_2_labeled,transport,joint_3,312,316,10.3999896,10.5333228,0.13333320000000093,5,ramp_up,2.187912087912066,0.2917213199999991,-21.546277259999773,1.208126,1.4997344,1.35384636,5
demo_2_labeled,transport,joint_4,312,316,10.3999896,10.5333228,0.13333320000000093,5,ramp_up,1.1513393513393453,0.15351176000000027,-14.346541679999937,-2.37401,-2.2210736,-2.29586852,5
demo_2_labeled,transport,joint_5,312,316,10.3999896,10.5333228,0.13333320000000093,5,ramp_down,-2.5571855231854994,-0.3409577287999992,26.956223519599753,0.35941535,0.019728024,0.19104180879999996,5
demo_2_labeled,transport,joint_6,312,316,10.3999896,10.5333228,0.13333320000000093,5,ramp_up,0.15778755778754372,0.02103831999999827,0.9731102600001471,2.6122537,2.6331065,2.6246183800000003,5
demo_2_labeled,transport,joint_7,312,316,10.3999896,10.5333228,0.13333320000000093,5,ramp_up,2.1811074811074564,0.2908140399999987,-21.957021079999745,0.7423582,1.0294693,0.87188106,5
demo_2_labeled,transport,finger_1,312,316,10.3999896,10.5333228,0.13333320000000093,5,constant,-0.0007842337842338253,-0.0001045644000000062,0.027731045600000434,0.019517211,0.019428287,0.0195227402,5
demo_2_labeled,transport,finger_2,312,316,10.3999896,10.5333228,0.13333320000000093,5,constant,0.0013382923382922957,0.00017843879999999556,0.0066162592000004496,0.020602226,0.020762306,0.020623705000000003,5
demo_2_labeled,transport,joint_1,317,321,10.5666561,10.6999893,0.13333320000000093,5,ramp_down,-0.2101097101097076,-0.028014599999999862,1.085932829999973,-1.131565,-1.159964,-1.14823152,5
demo_2_labeled,transport,joint_2,317,321,10.5666561,10.6999893,0.13333320000000093,5,constant,0.01857606957606953,0.002476806800000011,-0.1782174902999995,0.018095069,0.020476958,0.019307852,5
demo_2_labeled,transport,joint_3,317,321,10.5666561,10.6999893,0.13333320000000093,5,ramp_down,-0.037853137853141254,-0.005047080000000489,1.898981230000036,1.4994,1.4943064,1.4964766,5
demo_2_labeled,transport,joint_4,317,321,10.5666561,10.6999893,0.13333320000000093,5,constant,-0.010725310725306763,-0.0014300399999994816,-2.100154910000043,-2.213641,-2.2150085,-2.2142006,5
demo_2_labeled,transport,joint_5,317,321,10.5666561,10.6999893,0.13333320000000093,5,constant,0.0013068733068733252,0.00017424960000000367,0.007603253999999801,0.021363411,0.021559123,0.021499659600000002,5
demo_2_labeled,transport,joint_6,317,321,10.5666561,10.6999893,0.13333320000000093,5,constant,-0.005232305232310067,-0.0006976400000006495,2.689742050000052,2.6344469,2.6337547,2.6341052599999997,5
demo_2_labeled,transport,joint_7,317,321,10.5666561,10.6999893,0.13333320000000093,5,constant,0.0045810045810047145,0.000610800000000022,0.9787826999999985,1.0272075,1.027805,1.027494,5
demo_2_labeled,transport,finger_1,317,321,10.5666561,10.6999893,0.13333320000000093,5,constant,0.001275058275058288,0.0001700076000000029,0.00594114229999986,0.019379515,0.01956061,0.019499248400000002,5
demo_2_labeled,transport,finger_2,317,321,10.5666561,10.6999893,0.13333320000000093,5,constant,-0.00479765879765886,-0.0006396872000000128,0.07190473680000067,0.02137159,0.020690888,0.0208896826,5
demo_2_labeled,transport,joint_1,322,326,10.7333226,10.8666558,0.13333320000000093,5,constant,-0.03529233529233319,-0.004705639999999753,-0.7843147000000228,-1.1626699,-1.1674329,-1.16547154,5
demo_2_labeled,transport,joint_2,322,326,10.7333226,10.8666558,0.13333320000000093,5,constant,0.006733065733065683,0.0008977411999999995,-0.05138209839999945,0.020843947,0.021747036,0.0213349388,5
demo_2_labeled,transport,joint_3,322,326,10.7333226,10.8666558,0.13333320000000093,5,constant,-0.009675009675016093,-0.0012900000000008647,1.5975003200000697,1.4937298,1.4924303,1.4930103200000002,5
demo_2_labeled,transport,joint_4,322,326,10.7333226,10.8666558,0.13333320000000093,5,constant,-0.014571014571006912,-0.0019427999999989923,-2.059083200000083,-2.2154822,-2.2174246,-2.2164499999999996,5
demo_2_labeled,transport,joint_5,322,326,10.7333226,10.8666558,0.13333320000000093,5,constant,0.0004425544425544291,5.900719999999862e-05,0.01682181380000015,0.021572607,0.02163148,0.021601397,5
demo_2_labeled,transport,joint_6,322,326,10.7333226,10.8666558,0.13333320000000093,5,constant,-0.004921804921813234,-0.0006562400000011129,2.68641072000009,2.6335852,2.6329288,2.63325528,5
demo_2_labeled,transport,joint_7,322,326,10.7333226,10.8666558,0.13333320000000093,5,constant,0.004032004032001168,0.0005375999999996219,0.9846784400000308,1.0279514,1.0284895,1.02822404,5
demo_2_labeled,transport,finger_1,322,326,10.7333226,10.8666558,0.13333320000000093,5,constant,-0.0001934701934702307,-2.5796000000005145e-05,0.021634073000000403,0.019557863,0.0195324,0.019544597000000004,5
demo_2_labeled,transport,finger_2,322,326,10.7333226,10.8666558,0.13333320000000093,5,constant,0.00018933618933620773,2.524480000000263e-05,0.0186611571999998,0.020693067,0.020717952,0.020705986000000003,5
demo_2_labeled,transport,joint_1,327,331,10.8999891,11.033322300000002,0.13333320000000093,5,constant,-0.004708804708809023,-0.0006278400000005797,-1.116613039999953,-1.1678599,-1.1684979,-1.16825288,5
demo_2_labeled,transport,joint_2,327,331,10.8999891,11.033322300000002,0.13333320000000093,5,constant,0.0038572328572329825,0.0005142972000000203,-0.020135399700001378,0.021900937,0.022416143,0.022165545,5
demo_2_labeled,transport,joint_3,327,331,10.8999891,11.033322300000002,0.13333320000000093,5,constant,-0.004623604623599292,-0.0006164799999992934,1.5426165999999415,1.4922322,1.4916141,1.49191112,5
demo_2_labeled,transport,joint_4,327,331,10.8999891,11.033322300000002,0.13333320000000093,5,constant,-0.014802314802324867,-0.0019736400000013557,-2.056570949999889,-2.2179163,-2.21989,-2.2189028399999997,5
demo_2_labeled,transport,joint_5,327,331,10.8999891,11.033322300000002,0.13333320000000093,5,constant,0.0004893634893636213,6.524840000001805e-05,0.01631336809999855,0.021647621,0.021712895,0.021680049,5
demo_2_labeled,transport,joint_6,327,331,10.8999891,11.033322300000002,0.13333320000000093,5,constant,-0.004817104817092878,-0.0006422799999984126,2.685273349999869,2.6327672,2.632125,2.63244582,5
demo_2_labeled,transport,joint_7,327,331,10.8999891,11.033322300000002,0.13333320000000093,5,constant,0.0037665037665102086,0.0005022000000008624,0.9875633899999288,1.0286175,1.0291197,1.02886934,5
demo_2_labeled,transport,finger_1,327,331,10.8999891,11.033322300000002,0.13333320000000093,5,constant,-6.049806049795168e-05,-8.066399999985547e-06,0.020187193399998804,0.019528398,0.019520275,0.019523732000000002,5
demo_2_labeled,transport,finger_2,327,331,10.8999891,11.033322300000002,0.13333320000000093,5,constant,6.206406206419404e-05,8.275200000017656e-06,0.02004614079999855,0.020722022,0.020730358,0.020726776,5
demo_2_labeled,transport,joint_1,332,336,11.0666556,11.199988800000002,0.13333320000000093,5,constant,0.0006714006714036603,8.952000000039913e-05,-1.1759674400000335,-1.1685234,-1.1684358,-1.16849252,5
demo_2_labeled,transport,joint_2,332,336,11.0666556,11.199988800000002,0.13333320000000093,5,constant,0.0033464463464463064,0.0004461923999999978,-0.014500456799999551,0.022532184,0.022978518,0.0227566086,5
demo_2_labeled,transport,joint_3,332,336,11.0666556,11.199988800000002,0.13333320000000093,5,constant,-0.0037686037686027775,-0.0005024799999998713,1.5331852399999888,1.4914815,1.4909786,1.49122816,5
demo_2_labeled,transport,joint_4,332,336,11.0666556,11.199988800000002,0.13333320000000093,5,constant,-0.014817314817313462,-0.001975639999999833,-2.0564060600000147,-2.2203841,-2.2223597,-2.221372,5
demo_2_labeled,transport,joint_5,332,336,11.0666556,11.199988800000002,0.13333320000000093,5,constant,0.0005048405048404872,6.731199999999812e-05,0.016142668600000198,0.021729652,0.021797024,0.0217632206,5
demo_2_labeled,transport,joint_6,332,336,11.0666556,11.199988800000002,0.13333320000000093,5,constant,-0.0047925047925077464,-0.0006390000000003983,2.685001680000034,2.631965,2.631326,2.63164518,5
demo_2_labeled,transport,joint_7,332,336,11.0666556,11.199988800000002,0.13333320000000093,5,constant,0.0037023037023027196,0.0004936399999998724,0.988271780000011,1.0292437,1.0297372,1.02949072,5
demo_2_labeled,transport,finger_1,332,336,11.0666556,11.199988800000002,0.13333320000000093,5,constant,-1.4103014103065699e-05,-1.8804000000068925e-06,0.01967530360000058,0.019519353,0.019517472,0.0195182902,5
demo_2_labeled,transport,finger_2,332,336,11.0666556,11.199988800000002,0.13333320000000093,5,constant,1.620601620600471e-05,2.1607999999984822e-06,0.02055211340000013,0.02073134,0.020733504,0.0207325402,5
demo_2_labeled,transport,joint_1,337,339,11.2333221,11.299988700000002,0.06666660000000135,3,constant,0.0015360015360061407,0.00010240000000030906,-1.1856454666667184,-1.1683905,-1.1682881,-1.1683398666666667,3
demo_2_labeled,transport,joint_2,337,339,11.2333221,11.299988700000002,0.06666660000000135,3,constant,0.0032574032574030454,0.00021715999999999026,-0.013503792333330943,0.023087602,0.023304762,0.02319624766666667,3
demo_2_labeled,transport,joint_3,337,339,11.2333221,11.299988700000002,0.06666660000000135,3,constant,-0.0036675036675059406,-0.0002445000000001565,1.5320537333333588,1.4908556,1.4906111,1.4907332333333334,3
demo_2_labeled,transport,joint_4,337,339,11.2333221,11.299988700000002,0.06666660000000135,3,constant,-0.014802014802011768,-0.0009867999999998178,-2.0565772333333667,-2.222853,-2.2238398,-2.2233464333333335,3
demo_2_labeled,transport,joint_5,337,339,11.2333221,11.299988700000002,0.06666660000000135,3,constant,0.0005167355167354223,3.4448999999994405e-05,0.016009798000001067,0.021814529,0.021848978,0.021831679000000003,3
demo_2_labeled,transport,joint_6,337,339,11.2333221,11.299988700000002,0.06666660000000135,3,constant,-0.004782004782014394,-0.00031880000000064727,2.6848842666667747,2.6311665,2.6308477,2.6310070666666667,3
demo_2_labeled,transport,joint_7,337,339,11.2333221,11.299988700000002,0.06666660000000135,3,constant,0.003676503676499774,0.00024509999999974483,0.9885604666667108,1.0298598,1.0301049,1.0299823666666668,3
demo_2_labeled,transport,finger_1,337,339,11.2333221,11.299988700000002,0.06666660000000135,3,constant,-5.520005520097475e-06,-3.6800000000613777e-07,0.019579261000001038,0.019517258,0.01951689,0.019517068999999998,3
demo_2_labeled,transport,finger_2,337,339,11.2333221,11.299988700000002,0.06666660000000135,3,constant,8.1900081899258e-06,5.459999999945184e-07,0.02064182200000093,0.020733826,0.020734372,0.020734096,3
demo_2_labeled,place,joint_1,340,344,11.333322,11.466655200000002,0.13333320000000093,5,constant,0.0016245016244998392,0.00021659999999976346,-1.18664091999998,-1.1682329,-1.1680201,-1.1681216199999997,5
demo_2_labeled,place,joint_2,340,344,11.333322,11.466655200000002,0.13333320000000093,5,constant,0.003221616221616121,0.00042954839999998954,-0.013098291599998847,0.023412833,0.023842152,0.0236280966,5
demo_2_labeled,place,joint_3,340,344,11.333322,11.466655200000002,0.13333320000000093,5,constant,-0.0035754035754072596,-0.00047672000000049453,1.5310074000000427,1.490489,1.4900151,1.49024784,5
demo_2_labeled,place,joint_4,340,344,11.333322,11.466655200000002,0.13333320000000093,5,constant,-0.013744513744511955,-0.0018325999999997743,-2.068596580000021,-2.2243328,-2.226131,-2.22528388,5
demo_2_labeled,place,joint_5,340,344,11.333322,11.466655200000002,0.13333320000000093,5,constant,0.00020286020286013957,2.704799999999175e-05,0.019578079800000727,0.021866402,0.021882286,0.0218906838,5
demo_2_labeled,place,joint_6,340,344,11.333322,11.466655200000002,0.13333320000000093,5,constant,-0.0043497043497003505,-0.0005799599999994708,2.679971559999954,2.630689,2.630123,2.63038498,5
demo_2_labeled,place,joint_7,340,344,11.333322,11.466655200000002,0.13333320000000093,5,constant,0.003544803544802368,0.0004726399999998464,0.9900568400000134,1.0302272,1.0306962,1.03046756,5
demo_2_labeled,place,finger_1,340,344,11.333322,11.466655200000002,0.13333320000000093,5,ramp_up,0.04090306090306138,0.005453736000000101,-0.4454143832000054,0.019516736,0.02633405,0.0208800448,5
demo_2_labeled,place,finger_2,340,344,11.333322,11.466655200000002,0.13333320000000093,5,ramp_up,0.042105354105354584,0.005614041600000103,-0.4578622336000055,0.02073459,0.027751938,0.0221383232,5
demo_2_labeled,place,joint_1,345,349,11.4999885,11.633321700000002,0.13333320000000093,5,constant,-0.0007002007002018905,-9.336000000015935e-05,-1.1600165399999862,-1.1680613,-1.1681553,-1.16811552,5
demo_2_labeled,place,joint_2,345,349,11.4999885,11.633321700000002,0.13333320000000093,5,constant,5.70120570121052e-05,7.6016000000064775e-06,0.02321413559999944,0.023869058,0.023876775,0.0238735744,5
demo_2_labeled,place,joint_3,345,349,11.4999885,11.633321700000002,0.13333320000000093,5,constant,-0.00011700011700203231,-1.5600000000255485e-05,1.4913502600000224,1.4900061,1.4899904,1.48999696,5
demo_2_labeled,place,joint_4,345,349,11.4999885,11.633321700000002,0.13333320000000093,5,constant,0.0,0.0,-2.2261374,-2.2261374,-2.2261374,-2.2261374,5
demo_2_labeled,place,joint_5,345,349,11.4999885,11.633321700000002,0.13333320000000093,5,constant,2.7360027360376785e-06,3.648000000046615e-07,0.02184836799999959,0.021880275,0.021880407,0.0218800144,5
demo_2_labeled,place,joint_6,345,349,11.4999885,11.633321700000002,0.13333320000000093,5,constant,2.4323792101744424e-15,3.243169037060332e-16,2.630124599999971,2.6301246,2.6301246,2.6301246,5
demo_2_labeled,place,joint_7,345,349,11.4999885,11.633321700000002,0.13333320000000093,5,constant,0.0,0.0,1.0306971999999999,1.0306972,1.0306972,1.0306972,5
demo_2_labeled,place,finger_1,345,349,11.4999885,11.633321700000002,0.13333320000000093,5,ramp_up,0.04975267375267334,0.006633683199999991,-0.5384203749999952,0.032587416,0.03947666,0.0370516426,5
demo_2_labeled,place,finger_2,345,349,11.4999885,11.633321700000002,0.13333320000000093,5,ramp_up,0.043242481242480806,0.005765658399999982,-0.462732884399995,0.03355759,0.039545503,0.037437981800000006,5
demo_2_labeled,retract,joint_1,350,354,11.666655,11.7999882,0.13333319999999915,5,constant,-0.00012720012719960963,-1.6959999999930882e-05,-1.166682160000006,-1.1681645,-1.1681819,-1.1681746400000002,5
demo_2_labeled,retract,joint_2,350,354,11.666655,11.7999882,0.13333319999999915,5,constant,1.2684012684012575e-05,1.6911999999999748e-06,0.0237298058,0.023877667,0.023879403,0.0238786314,5
demo_2_labeled,retract,joint_3,350,354,11.666655,11.7999882,0.13333319999999915,5,constant,-1.2161896050872299e-15,-1.6215845185301562e-16,1.4899894000000147,1.4899894,1.4899894,1.4899894,5
demo_2_labeled,retract,joint_4,350,354,11.666655,11.7999882,0.13333319999999915,5,constant,-7.29713763052338e-15,-9.729507111180936e-16,-2.2261373999999146,-2.2261374,-2.2261374,-2.2261374,5
demo_2_labeled,retract,joint_5,350,354,11.666655,11.7999882,0.13333319999999915,5,constant,-6.150006149781774e-07,-8.19999999970078e-08,0.021887587999999736,0.021880325,0.021880196,0.021880372000000002,5
demo_2_labeled,retract,joint_6,350,354,11.666655,11.7999882,0.13333319999999915,5,constant,0.0,0.0,2.6301246,2.6301246,2.6301246,2.6301246,5
demo_2_labeled,retract,joint_7,350,354,11.666655,11.7999882,0.13333319999999915,5,constant,2.4323792101744598e-15,3.2431690370603124e-16,1.0306971999999717,1.0306972,1.0306972,1.0306972,5
demo_2_labeled,retract,finger_1,350,354,11.666655,11.7999882,0.13333319999999915,5,constant,0.0018106008106008448,0.00024141320000000302,0.018648347199999596,0.039730243,0.03998096,0.039892708799999996,5
demo_2_labeled,retract,finger_2,350,354,11.666655,11.7999882,0.13333319999999915,5,constant,0.0015722145722144461,0.00020962839999998185,0.021459548400001482,0.039765768,0.039983474,0.0399068476,5
