demonstration,phase,start_index,end_index,start_time_sec,end_time_sec,duration_sec,samples,signal,position_label,position_slope,position_change,position_intercept,position_start_value,position_end_value,position_mean_value,position_valid_samples,velocity_label,velocity_slope,velocity_change,velocity_intercept,velocity_start_value,velocity_end_value,velocity_mean_value,velocity_valid_samples
demo_7_labeled,approach,0,4,0.0,0.1333332,0.1333332,5,joint_1,constant,-3.0065686865686877e-07,-4.008754240000002e-08,-5.177408000000002e-10,0.0,-4.037404e-08,-2.0561512e-08,5,constant,-1.576928386928387e-06,-2.1025690800000004e-07,-1.2803566400000005e-07,0.0,-2.8222178e-07,-2.3316411800000001e-07,5
demo_7_labeled,approach,0,4,0.0,0.1333332,0.1333332,5,joint_2,constant,0.0,0.0,-0.569,-0.569,-0.569,-0.569,5,constant,1.774160674160675e-06,2.3655452000000013e-07,1.0155229600000002e-07,0.0,2.8262485e-07,2.1982955599999998e-07,5
demo_7_labeled,approach,0,4,0.0,0.1333332,0.1333332,5,joint_3,constant,4.012582252582253e-07,5.350104320000001e-08,-8.781619999998855e-11,0.0,5.3422553e-08,2.66627054e-08,5,constant,2.173445683445684e-06,2.897924680000001e-07,1.7721354200000002e-07,0.0,3.8894717e-07,3.22109776e-07,5
demo_7_labeled,approach,0,4,0.0,0.1333332,0.1333332,5,joint_4,constant,-2.4323792101744574e-15,-3.24316903706033e-16,-2.8100000000000005,-2.81,-2.81,-2.81,5,constant,-7.534237624237624e-08,-1.004564012e-08,9.472199639999997e-09,0.0,-1.1681549e-09,4.44937958e-09,5
demo_7_labeled,approach,0,4,0.0,0.1333332,0.1333332,5,joint_5,constant,1.2909168729168731e-07,1.7212207760000006e-08,-1.1225835999999907e-10,0.0,1.7170192e-08,8.493845519999998e-09,5,constant,7.713481713481716e-07,1.0284632000000004e-07,4.9988218000000014e-08,0.0,1.274992e-07,1.01411378e-07,5
demo_7_labeled,approach,0,4,0.0,0.1333332,0.1333332,5,joint_6,constant,4.864758420348915e-15,6.48633807412066e-16,3.0369999999999995,3.037,3.037,3.037,5,constant,-1.1674793044793043e-08,-1.556637516e-09,1.2209868199999996e-09,0.0,-3.7920161e-10,4.42668062e-10,5
demo_7_labeled,approach,0,4,0.0,0.1333332,0.1333332,5,joint_7,constant,-1.824284407630843e-15,-2.4323767777952473e-16,0.7410000000000002,0.741,0.741,0.741,5,constant,3.291780771780773e-06,4.389036640000002e-07,2.1941895400000003e-07,0.0,5.4860453e-07,4.38870786e-07,5
demo_7_labeled,approach,0,4,0.0,0.1333332,0.1333332,5,finger_1,constant,0.0,0.0,0.04000000000000001,0.04,0.04,0.04,5,constant,3.971911757911758e-12,5.295877048000001e-13,-5.735176192e-13,0.0,3.5679596e-14,-3.0872376680000004e-13,5
demo_7_labeled,approach,0,4,0.0,0.1333332,0.1333332,5,finger_2,constant,0.0,0.0,0.04000000000000001,0.04,0.04,0.04,5,constant,4.3852721278721295e-10,5.847023656800003e-11,-5.862561680400001e-11,0.0,-2.3198059e-13,-2.939049852e-11,5
demo_7_labeled,approach,5,9,0.1666665,0.2999997,0.13333319999999999,5,joint_1,constant,-2.943501963501967e-07,-3.9246653600000036e-08,-1.1270667999999228e-09,-5.0185403e-08,-8.943205e-08,-6.980871059999999e-08,5,constant,-1.8420018420609254e-11,-2.4560000000787777e-12,-2.8223989799999986e-07,-2.8224198e-07,-2.8224488e-07,-2.82244196e-07,5
demo_7_labeled,approach,5,9,0.1666665,0.2999997,0.13333319999999999,5,joint_2,constant,-2.4323792101744574e-15,-3.243169037060329e-16,-0.5689999999999994,-0.569,-0.569,-0.569,5,constant,1.0089010089120053e-10,1.3452000000146618e-11,2.8269842899999976e-07,2.8271003e-07,2.8272567e-07,2.8272197000000003e-07,5
demo_7_labeled,approach,5,9,0.1666665,0.2999997,0.13333319999999999,5,joint_3,constant,4.008662988662991e-07,5.344878640000003e-08,-2.606340000007947e-11,6.678491e-08,1.202337e-07,9.35093128e-08,5,constant,-1.2150012147379461e-11,-1.619999999648975e-12,3.889346329999993e-07,3.8893322e-07,3.8893137e-07,3.88931798e-07,5
demo_7_labeled,approach,5,9,0.1666665,0.2999997,0.13333319999999999,5,joint_4,constant,-1.2161896050872286e-14,-1.6215845185301646e-15,-2.809999999999997,-2.81,-2.81,-2.81,5,constant,-8.196548196549088e-11,-1.0928720000001188e-11,-1.2274512999999979e-09,-1.2368611e-09,-1.2495408e-09,-1.2465765599999998e-09,5
demo_7_labeled,approach,5,9,0.1666665,0.2999997,0.13333319999999999,5,joint_5,constant,1.3151509151509168e-07,1.753532800000002e-08,-3.6535720000003806e-10,2.1553818e-08,3.908914e-08,3.03214668e-08,5,constant,1.368001368090489e-11,1.824000000118828e-12,1.2750986599999981e-07,1.2751141e-07,1.2751354e-07,1.27513058e-07,5
demo_7_labeled,approach,5,9,0.1666665,0.2999997,0.13333319999999999,5,joint_6,constant,9.72951684069783e-15,1.2972676148241317e-15,3.0369999999999973,3.037,3.037,3.037,5,constant,-1.1224181224183693e-11,-1.496556000000329e-12,-3.877624789999995e-10,-3.8909043e-10,-3.908434e-10,-3.90381452e-10,5
demo_7_labeled,approach,5,9,0.1666665,0.2999997,0.13333319999999999,5,joint_7,constant,1.2161896050872287e-15,1.6215845185301646e-16,0.7409999999999995,0.741,0.741,0.741,5,constant,9.000009026195933e-13,1.2000000034915874e-13,5.486045359999994e-07,5.4860465e-07,5.486048e-07,5.48604746e-07,5
demo_7_labeled,approach,5,9,0.1666665,0.2999997,0.13333319999999999,5,finger_1,constant,7.60118503179518e-17,1.0134903240813529e-17,0.03999999999999998,0.04,0.04,0.04,5,constant,2.4544565644565643e-13,3.2726054799999994e-14,-9.44891283e-14,-5.521387e-14,-1.6138444e-14,-3.7218532400000004e-14,5
demo_7_labeled,approach,5,9,0.1666665,0.2999997,0.13333319999999999,5,finger_2,constant,7.60118503179518e-17,1.0134903240813529e-17,0.03999999999999998,0.04,0.04,0.04,5,constant,-4.606049176049181e-12,-6.141392760000006e-13,2.79222179000001e-13,-2.9233284e-13,-9.726473e-13,-7.95521554e-13,5
demo_7_labeled,approach,10,14,0.333333,0.4666662,0.13333319999999999,5,joint_1,constant,-0.00812159705918706,-0.0010828785250119998,0.002396002086289,-9.9243735e-08,-0.0012196084,-0.000852633488747,5,constant,0.02983739302667303,0.003978315091904,-0.013579421732688,-2.8224488e-07,0.00018981395,-0.0016444764569760004,5
demo_7_labeled,approach,10,14,0.333333,0.4666662,0.13333319999999999,5,joint_2,ramp_down,-1.8225130425130442,-0.2430014960000002,0.04682142000000078,-0.569,-0.809824,-0.682183068,5,ramp_down,-12.755919952273974,-1.700787626180536,3.626357035086743,2.8272567e-07,-2.0158093,-1.476005843454866,5
demo_7_labeled,approach,10,14,0.333333,0.4666662,0.13333319999999999,5,joint_3,constant,-0.004887356642096642,-0.0006516469006319999,0.001434343327054,1.3359579e-07,-0.0007326905,-0.0005205973748419999,5,constant,0.02853028814248815,0.003804034614960001,-0.012243769968620003,3.889313e-07,0.0010105376,-0.0008316661237399998,5
demo_7_labeled,approach,10,14,0.333333,0.4666662,0.13333319999999999,5,joint_4,ramp_down,-1.1906777906777999,-0.1587568800000012,-2.412021099999996,-2.81,-2.9676423,-2.88829174,5,ramp_down,-6.362552155054721,-0.848339439000342,1.6174031167511118,-1.2495731e-09,-1.1088343,-0.9276152002499145,5
demo_7_labeled,approach,10,14,0.333333,0.4666662,0.13333319999999999,5,joint_5,constant,0.003089943762045762,0.00041199208961359993,-0.0008627918562441999,4.3472983e-08,0.00047509902,0.0003731844125966,5,constant,-0.0331088746900547,-0.004414512210824,0.014061417785178004,1.2751353e-07,-0.0013493681,0.0008178811527059999,5
demo_7_labeled,approach,10,14,0.333333,0.4666662,0.13333319999999999,5,joint_6,ramp_down,-0.7003813003812833,-0.09338407999999772,3.2745358599999936,3.037,2.943325,2.99438362,5,ramp_down,-5.916081783736855,-0.7888101156873427,1.8227073689838644,-3.9082163e-10,-0.8724205,-0.5437229780781643,5
demo_7_labeled,approach,10,14,0.333333,0.4666662,0.13333319999999999,5,joint_7,constant,-0.001354801354799386,-0.00018063999999973747,0.741456259999999,0.741,0.7408194,0.7409143399999999,5,constant,-0.009925329353889354,-0.0013233759238079998,0.0030379696123760003,5.4860476e-07,-0.001377154,-0.000932158159048,5
demo_7_labeled,approach,10,14,0.333333,0.4666662,0.13333319999999999,5,finger_1,constant,0.0,0.0,0.039999999999999994,0.04,0.04,0.04,5,constant,-5.515113324166604e-05,-7.353477078737706e-06,2.5784787375297546e-05,-4.5778675e-15,-2.2023206e-08,3.724356139084426e-06,5
demo_7_labeled,approach,10,14,0.333333,0.4666662,0.13333319999999999,5,finger_2,constant,-2.9400029392245447e-07,-3.9199999989621405e-08,0.039998723399999964,0.04,0.039999273,0.039998605799999996,5,constant,0.0003921438706476946,5.2285797133843185e-05,-0.00016312916058499038,-9.17304e-13,1.0173572e-05,-6.271769183460802e-06,5
demo_7_labeled,approach,15,19,0.4999995,0.6333327000000001,0.1333332000000001,5,joint_1,constant,0.00629561597561597,0.0008394146239999998,-0.004485571291999997,-0.0013064041,-0.0006285378,-0.00091805914,5,constant,0.011410463800463795,0.0015213936520000004,-0.006378259501999997,-0.0008353031,9.064835e-06,8.766351899999999e-05,5
demo_7_labeled,approach,15,19,0.4999995,0.6333327000000001,0.1333332000000001,5,joint_2,ramp_down,-0.5740629940629957,-0.07654165600000026,-0.6238623279999984,-0.8819446,-0.96992207,-0.949164366,5,ramp_up,19.29059278367277,2.5720764657440003,-11.796221540075992,-2.1310983,-0.00029722232,-0.8648965606640001,5
demo_7_labeled,approach,15,19,0.4999995,0.6333327000000001,0.1333332000000001,5,joint_3,constant,0.005067917757917754,0.000675721692,-0.0033261623349999975,-0.00077480846,-0.00022558485,-0.00045434514400000006,5,constant,-0.0065213535461535405,-0.0008695129366399998,0.004326738497559997,0.0007705003,-3.6281058e-06,0.00063130851684,5
demo_7_labeled,approach,15,19,0.4999995,0.6333327000000001,0.1333332000000001,5,joint_4,ramp_down,-0.25757995757995206,-0.034343959999999285,-2.8915073500000017,-3.005609,-3.0463908,-3.03746918,5,ramp_up,9.721842649782646,1.2962443903920005,-5.931637687231998,-1.0871245,0.00011756031,-0.42259902806599997,5
demo_7_labeled,approach,15,19,0.4999995,0.6333327000000001,0.1333332000000001,5,joint_5,constant,-0.0042653691653691626,-0.00056871532,0.0025258726539999984,0.00043292498,-8.828426e-05,0.00010883254400000003,5,constant,-0.02750417380217377,-0.0036672195063999985,0.015445921175599984,0.00090024725,-4.4207183e-05,-0.00013976172659999994,5
demo_7_labeled,approach,15,19,0.4999995,0.6333327000000001,0.1333332000000001,5,joint_6,ramp_down,-0.25007725007726156,-0.033343600000001555,3.0161809200000054,2.9077535,2.8661325,2.8744706199999994,5,ramp_up,9.787037972051964,1.3049370913351999,-5.993706360197795,-1.0301634,-4.2756546e-05,-0.44772372202320004,5
demo_7_labeled,approach,15,19,0.4999995,0.6333327000000001,0.1333332000000001,5,joint_7,constant,-9.573009573226491e-05,-1.2764000000289233e-05,0.7407900390000007,0.7407645,0.74073553,0.7407357920000001,5,constant,0.012436244266244258,0.001658164244,-0.0075254432809999956,-0.0013767218,1.181666e-05,-0.00047824524400000003,5
demo_7_labeled,approach,15,19,0.4999995,0.6333327000000001,0.1333332000000001,5,finger_1,constant,-6.822006822087734e-06,-9.096000000107888e-07,0.04000305380000002,0.04,0.039999392,0.039999188000000005,5,constant,0.0002230131314931312,2.9735054463999983e-05,-0.00012495242276799984,1.3696592e-07,1.2361976e-05,1.4215587039999994e-06,5
demo_7_labeled,approach,15,19,0.4999995,0.6333327000000001,0.1333332000000001,5,finger_2,constant,2.643002642962942e-06,3.5239999999470684e-07,0.0399983553,0.039999627,0.03999999,0.03999985300000001,5,constant,-0.00013437291976491964,-1.7916371385599997e-05,8.079624338239993e-05,7.2790695e-06,5.2259068e-08,4.6516649935999994e-06,5
demo_7_labeled,approach,20,24,0.6666660000000001,0.7999992,0.13333319999999993,5,joint_1,ramp_up,0.16437627297627302,0.021916814479999994,-0.10266418256000005,0.0041833334,0.025394285,0.01787829708,5,ramp_down,-2.447642137262138,-0.32635195861599997,1.9495959850940006,0.27541453,9.337993e-05,0.154660212706,5
demo_7_labeled,approach,20,24,0.6666660000000001,0.7999992,0.13333319999999993,5,joint_2,ramp_up,0.05566115566115628,0.007421480000000078,-1.0059554199999996,-0.9695691,-0.9627225,-0.9651372800000001,5,ramp_down,-0.3362250032754031,-0.04482995560671996,0.29274325743527985,0.012692955,2.5979916e-06,0.04617850159832,5
demo_7_labeled,approach,20,24,0.6666660000000001,0.7999992,0.13333319999999993,5,joint_3,ramp_up,0.7860945840945842,0.10481250639999996,-0.4639800058000002,0.041894607,0.1454446,0.11248877939999999,5,ramp_down,-12.467724634764636,-1.6623616222719992,9.967817525628,1.3859665,7.752866e-05,0.8248286031320001,5
demo_7_labeled,approach,20,24,0.6666660000000001,0.7999992,0.13333319999999993,5,joint_4,ramp_up,0.06413346413347049,0.008551120000000842,-3.0870985800000037,-3.0452466,-3.0372796,-3.04006742,5,ramp_down,-0.43981850587850563,-0.05864240880799994,0.3763730744919998,0.026830664,0.00012711974,0.05383982604800001,5
demo_7_labeled,approach,20,24,0.6666660000000001,0.7999992,0.13333319999999993,5,joint_5,ramp_up,0.11723545823545833,0.015631378800000005,-0.0655300254000001,0.009127453,0.024946459,0.020442558,5,ramp_down,-1.9957836210636206,-0.2661042167039998,1.5986095463959997,0.22214596,-6.317438e-05,0.13503635452399998,5
demo_7_labeled,approach,20,24,0.6666660000000001,0.7999992,0.13333319999999993,5,joint_6,constant,-0.00942840942840932,-0.001257119999999985,2.8720718599999984,2.865994,2.8647861,2.8651577,5,ramp_up,0.08100168715968713,0.01080021415439999,-0.06880118635559997,-0.0060828235,-9.258582e-06,-0.0094000085064,5
demo_7_labeled,approach,20,24,0.6666660000000001,0.7999992,0.13333319999999993,5,joint_7,ramp_up,0.685758025758028,0.09143431200000025,0.34779095199999766,0.78663546,0.87811536,0.8506796679999999,5,ramp_down,-11.381350048960053,-1.5175118223479998,9.104854380227003,1.2659332,-4.5642435e-05,0.7585393573130002,5
demo_7_labeled,approach,20,24,0.6666660000000001,0.7999992,0.13333319999999993,5,finger_1,constant,-0.00035049035049039784,-4.673200000000629e-05,0.04023658999999999,0.04,0.03996925,0.039979564,5,constant,0.007672412125412128,0.0010229872603999997,-0.005440115779300002,1.24862545e-05,0.00061976875,0.00018631415289999999,5
demo_7_labeled,approach,20,24,0.6666660000000001,0.7999992,0.13333319999999993,5,finger_2,constant,0.00039504639504635774,5.2672799999995e-05,0.03969220299999999,0.03994621,0.039999463,0.0399819034,5,constant,-0.010446879714879715,-0.0013929159023999993,0.008245854233200001,0.0012884688,8.801054e-06,0.00058481677,5
demo_7_labeled,approach,25,29,0.8333325,0.9666657,0.13333319999999993,5,joint_1,ramp_down,-0.1207212067212067,-0.01609614479999999,0.1266461484,0.02539498,0.011941569,0.017997171,5,constant,-0.03878009286113462,-0.005170673877472232,-0.04231949357528443,-1.6038521e-07,-0.00068909244,-0.077221542248222,5
demo_7_labeled,approach,25,29,0.8333325,0.9666657,0.13333319999999993,5,joint_2,ramp_up,0.7025393525393484,0.0936718199999994,-1.551245094999996,-0.9627225,-0.8845515,-0.9189603099999999,5,ramp_up,0.08052577081072897,0.010736758704661082,0.3662884570849476,-5.1354687e-06,0.004594921,0.43876157834141,5
demo_7_labeled,approach,25,29,0.8333325,0.9666657,0.13333319999999993,5,joint_3,constant,0.00892551892551911,0.001190068000000024,0.13830279299999979,0.14544512,0.1464183,0.14633575199999999,5,constant,-0.023500649241149082,-0.003133416765399977,0.025600608076849857,-1.7792985e-06,0.00019207578,0.0044500449103999995,5
demo_7_labeled,approach,25,29,0.8333325,0.9666657,0.13333319999999993,5,joint_4,ramp_up,0.32767952767951314,0.04369055999999804,-3.311266519999987,-3.0372796,-3.001019,-3.0163552399999998,5,ramp_down,-0.1308504970035919,-0.01744671548707931,0.3220897803861254,9.010576e-06,-0.0010298013,0.20432445084834,5
demo_7_labeled,approach,25,29,0.8333325,0.9666657,0.13333319999999993,5,joint_5,constant,-0.032883422883422816,-0.004384451999999988,0.05225681259999994,0.024946153,0.021318996,0.022661761599999997,5,constant,0.02385227010496956,0.0031802995003599255,-0.04208824753145951,-5.7348075e-07,0.00044734645,-0.02062122590403,5
demo_7_labeled,approach,25,29,0.8333325,0.9666657,0.13333319999999993,5,joint_6,ramp_up,0.4090288090288199,0.05453712000000142,2.52391941999999,2.8647861,2.9102182,2.89204498,5,constant,0.007996505207410605,0.0010661996281207192,0.23689248867612514,2.07782e-06,0.00027915504,0.24408933616594006,5
demo_7_labeled,approach,25,29,0.8333325,0.9666657,0.13333319999999993,5,joint_7,constant,-0.030147720147719655,-0.004019691999999932,0.9032517149999996,0.87811536,0.8747651,0.8761187940000001,5,constant,-0.008014888842509232,-0.0010686507770160513,-0.010699805263667653,5.1343517e-07,-0.00017859165,-0.017913198008526,5
demo_7_labeled,approach,25,29,0.8333325,0.9666657,0.13333319999999993,5,finger_1,constant,0.00011814911814937345,1.575320000003403e-05,0.039887259699999775,0.03998414,0.04,0.039993593800000005,5,constant,-0.0014482571446331458,-0.00019310075951680007,0.0014746864154592011,0.0003185813,8.4785604e-08,0.00017125628872079998,5
demo_7_labeled,approach,25,29,0.8333325,0.9666657,0.13333319999999993,5,finger_2,constant,-3.802203802193819e-05,-5.069599999986686e-06,0.04003219479999992,0.039999742,0.03999602,0.039997975000000005,5,constant,-7.740150660150635e-05,-1.032019055999996e-05,5.068982035999977e-05,5.477504e-06,6.9559486e-05,-1.8971465919999998e-05,5
demo_7_labeled,approach,30,34,0.999999,1.1333322,0.13333319999999993,5,joint_1,ramp_down,-0.20746303756303788,-0.027661710680000028,0.21611276498000032,0.011933762,-0.014499794,-0.00518092046,5,ramp_up,1.0243130300930268,0.13657493410399948,-1.2449919650979964,-7.269623e-05,-0.0013976021,-0.152392492266,5
demo_7_labeled,approach,30,34,0.999999,1.1333322,0.13333319999999993,5,joint_2,ramp_up,1.1304034704034762,0.1507203120000007,-1.993927484000006,-0.88450414,-0.7387399,-0.7881649879999999,5,ramp_down,-6.216145948885927,-0.8288186310319967,7.459180009633976,0.00035799659,0.0061781053,0.8286309613780001,5
demo_7_labeled,approach,30,34,0.999999,1.1333322,0.13333319999999993,5,joint_3,constant,0.03387540387540282,0.0045167159999998565,0.11424582000000114,0.14641735,0.15129061,0.150379548,5,ramp_down,-0.23060016121416044,-0.03074665741519988,0.2719497084313992,2.086909e-06,-0.00015425836,0.025976449109799998,5
demo_7_labeled,approach,30,34,0.999999,1.1333322,0.13333319999999993,5,joint_4,ramp_up,0.5861876861876952,0.07815828000000116,-3.574844800000009,-3.0010436,-2.92508,-2.94957856,5,ramp_down,-3.464164794124784,-0.4618881773279984,4.124738301735989,-0.00013789014,-0.0014746293,0.42963288311200004,5
demo_7_labeled,approach,30,34,0.999999,1.1333322,0.13333319999999993,5,joint_5,ramp_down,-0.06012643512643533,-0.008016850000000023,0.07954943820000021,0.021324852,0.013194358,0.0154146382,5,ramp_up,0.3792895779415768,0.05057189315359982,-0.44974238353719875,4.4302258e-05,0.0006100612,-0.0451672383084,5
demo_7_labeled,approach,30,34,0.999999,1.1333322,0.13333319999999993,5,joint_6,ramp_up,0.5363726363726161,0.07151627999999727,2.3894856200000207,2.9102144,2.9827998,2.96161586,5,ramp_down,-3.1453697693477625,-0.41938221653039887,3.7409967283637924,2.9932133e-05,-0.00013812553,0.3859389961206,5
demo_7_labeled,approach,30,34,0.999999,1.1333322,0.13333319999999993,5,joint_7,constant,-0.0354315954316021,-0.004724208000000886,0.9091661420000073,0.8747651,0.86995804,0.871372478,5,ramp_up,0.198182634542634,0.026424324847999912,-0.2365041101279994,-1.240864e-05,-0.00017602708,-0.025109511344000003,5
demo_7_labeled,approach,30,34,0.999999,1.1333322,0.13333319999999993,5,finger_1,constant,1.737001736975349e-05,2.315999999964815e-06,0.03997935720000028,0.04,0.04,0.039997885200000007,5,constant,0.0005421022637668641,7.228022955528e-05,-0.0005788094002590603,-1.5325141e-09,2.9791943e-07,-5.675638168199976e-07,5
demo_7_labeled,approach,30,34,0.999999,1.1333322,0.13333319999999993,5,finger_2,constant,-3.727203727224381e-05,-4.969600000027535e-06,0.04003694960000022,0.039997913,0.039994687,0.039997192800000005,5,constant,-0.00031786657786657754,-4.2382167999999934e-05,0.0003181963290879996,4.105893e-05,8.365849e-05,-2.0861014912e-05,5
demo_7_labeled,approach,35,39,1.1666655,1.2999987000000002,0.13333320000000026,5,joint_1,ramp_down,-0.37921153621153536,-0.05056148759999999,0.42622950229999895,-0.019758647,-0.0707157,-0.041464258,5,ramp_down,-3.0525309825309765,-0.407003724,3.4220148389999925,-0.16057664,-0.5727087,-0.342769608,5
demo_7_labeled,approach,35,39,1.1666655,1.2999987000000002,0.13333320000000026,5,joint_2,ramp_up,1.1798415998415976,0.157312056,-2.1009582659999975,-0.719294,-0.5621014,-0.6458217479999999,5,ramp_up,4.633631803631798,0.6178169560000004,-4.608502888999992,0.77181864,1.4021672,1.106303954,5
demo_7_labeled,approach,35,39,1.1666655,1.2999987000000002,0.13333320000000026,5,joint_3,ramp_up,0.46050286050286005,0.06140032000000006,-0.3816365559999994,0.15899229,0.22087766,0.186316404,5,ramp_up,2.8815889515889457,0.384211476,-3.131533922999993,0.25828114,0.6473077,0.42242223,5
demo_7_labeled,approach,35,39,1.1666655,1.2999987000000002,0.13333320000000026,5,joint_4,ramp_down,-0.5865362865362899,-0.0782047600000006,-2.259837089999995,-2.9419336,-3.019943,-2.98323112,5,ramp_up,1.8538055338055273,0.24717382399999963,-2.863004309999992,-0.68157923,-0.4403379,-0.5766464379999999,5
demo_7_labeled,approach,35,39,1.1666655,1.2999987000000002,0.13333320000000026,5,joint_5,constant,-0.030418309018308904,-0.004055770479999993,0.04676573581999986,0.01151159,0.0076294024,0.00924985888,5,ramp_up,0.2619458031458023,0.03492607215999995,-0.348276575739999,-0.036380548,0.0042104837,-0.02521040826,5
demo_7_labeled,approach,35,39,1.1666655,1.2999987000000002,0.13333320000000026,5,joint_6,ramp_up,1.8197742197742226,0.24263632000000085,0.9127117999999963,3.0383482,3.2810106,3.15709776,5,ramp_up,2.1024363024362964,0.2803245599999997,-0.9328189599999928,1.5247377,1.802393,1.66018322,5
demo_7_labeled,approach,35,39,1.1666655,1.2999987000000002,0.13333320000000026,5,joint_7,ramp_up,0.1815672015672022,0.024208936000000132,0.6631263159999993,0.8751777,0.89925957,0.887058974,5,ramp_up,0.14248574248574217,0.018998079999999994,-0.012334155999999596,0.1479347,0.16396402,0.163398084,5
demo_7_labeled,approach,35,39,1.1666655,1.2999987000000002,0.13333320000000026,5,finger_1,constant,5.040005040071427e-06,6.72000000008853e-07,0.03999265539999992,0.039998885,0.039999325,0.039998871400000004,5,constant,0.00015446330246330218,2.0595086400000004e-05,-0.00023135924519999967,-6.635984e-05,-4.0025167e-05,-4.0854695999999996e-05,5
demo_7_labeled,approach,35,39,1.1666655,1.2999987000000002,0.13333320000000026,5,finger_2,constant,3.4263034263294324e-05,4.568400000034684e-06,0.03995637569999968,0.039995022,0.04,0.0399986334,5,constant,-0.0014036275093675062,-0.00018715014743199995,0.0018003405431179962,0.00018807953,8.0444056e-07,6.9201679372e-05,5
demo_7_labeled,approach,40,44,1.3333320000000002,1.4666652000000002,0.13333320000000004,5,joint_1,ramp_down,-1.2120335820335821,-0.16160431600000005,1.5244870080000004,-0.09588816,-0.25558147,-0.17235831,5,ramp_down,-3.061160641160645,-0.40815434400000067,3.2321127780000065,-0.75694317,-1.1269853,-1.0535078340000001,5
demo_7_labeled,approach,40,44,1.3333320000000002,1.4666652000000002,0.13333320000000004,5,joint_2,ramp_up,1.9240399240399213,0.2565383999999997,-3.0808469199999964,-0.5103366,-0.2536656,-0.38719371999999996,5,ramp_up,4.559083559083562,0.6078772000000006,-4.550368580000005,1.541319,2.1526268,1.83234202,5
demo_7_labeled,approach,40,44,1.3333320000000002,1.4666652000000002,0.13333320000000004,5,joint_3,ramp_up,1.5033014133014142,0.20043998800000018,-1.7632447200000017,0.2491793,0.4480859,0.34137515399999996,5,ramp_up,5.995680535680538,0.7994232720000006,-7.081414024000005,0.85090226,1.6038932,1.3125303320000001,5
demo_7_labeled,approach,40,44,1.3333320000000002,1.4666652000000002,0.13333320000000004,5,joint_4,ramp_down,-0.14913524913525386,-0.019884680000000637,-2.837429539999993,-3.032919,-3.0527155,-3.04621868,5,ramp_up,2.965198225198223,0.3953593679999999,-4.3193508609999975,-0.35748398,0.040060885,-0.16807749700000002,5
demo_7_labeled,approach,40,44,1.3333320000000002,1.4666652000000002,0.13333320000000004,5,joint_5,ramp_up,0.714207009207009,0.095227506,-0.9546408181999998,0.009643907,0.10615973,0.0452479948,5,ramp_up,9.61626667026667,1.2821676072000003,-12.839882070400002,0.081432596,1.3426728,0.6228778052000001,5
demo_7_labeled,approach,40,44,1.3333320000000002,1.4666652000000002,0.13333320000000004,5,joint_6,ramp_up,2.14738594738596,0.28631784000000177,0.48332327999998137,3.3480268,3.6342332,3.4896605999999997,5,ramp_up,1.3210537210537288,0.17614032000000107,0.11560915999998866,1.8687742,2.0474637,1.96508252,5
demo_7_labeled,approach,40,44,1.3333320000000002,1.4666652000000002,0.13333320000000004,5,joint_7,ramp_down,-0.37897978897978724,-0.050530587999999786,1.4196599759999977,0.90409106,0.85195845,0.8890888020000001,5,ramp_down,-8.351457719457716,-1.1135265824,11.363062413399998,0.118256025,-0.9885347,-0.32896670180000004,5
demo_7_labeled,approach,40,44,1.3333320000000002,1.4666652000000002,0.13333320000000004,5,finger_1,constant,4.764004764060467e-06,6.352000000074272e-07,0.03999285279999993,0.039999314,0.04,0.0399995224,5,constant,0.00017862344502344503,2.3816435520000008e-05,-0.00027871796568000004,-3.678992e-05,1.1985694e-06,-2.8645392720000004e-05,5
demo_7_labeled,approach,40,44,1.3333320000000002,1.4666652000000002,0.13333320000000004,5,finger_2,constant,-4.7910047909276935e-06,-6.387999999897205e-07,0.04000653939999989,0.04,0.039999243,0.039999832,5,constant,0.0005816539220539219,7.755377872e-05,-0.0007868249246599999,1.3452337e-06,6.7989844e-05,2.74897519e-05,5
demo_7_labeled,approach,45,49,1.4999985000000002,1.6333317,0.13333319999999982,5,joint_1,ramp_down,-0.23324897324897315,-0.031099831999999945,0.05572202799999987,-0.28828183,-0.3211541,-0.309700998,5,ramp_up,5.350427158427176,0.7133895744000014,-8.68441899660003,-0.7992463,-0.046365757,-0.30209149739999996,5
demo_7_labeled,approach,45,49,1.4999985000000002,1.6333317,0.13333319999999982,5,joint_2,ramp_up,1.232249150249154,0.16429972240000026,-2.003781463600006,-0.18107979,-0.020007387,-0.07325972539999999,5,ramp_down,-19.541611628011637,-2.6055456115199975,31.920878702280017,2.1743546,0.0024971366,1.3057177669199997,5
demo_7_labeled,approach,45,49,1.4999985000000002,1.6333317,0.13333319999999982,5,joint_3,ramp_up,0.40186264186264076,0.05358163199999978,-0.08896671399999834,0.49928316,0.55571455,0.5406174619999999,5,ramp_down,-10.685101016101042,-1.4246787108000014,17.273189890900042,1.3258429,-0.004969072,0.533215039,5
demo_7_labeled,approach,45,49,1.4999985000000002,1.6333317,0.13333319999999982,5,joint_4,ramp_up,0.15590655590656832,0.020787520000001627,-3.2789595200000186,-3.0489147,-3.0286922,-3.03470616,5,ramp_down,-1.9200873882873837,-0.25601139575999904,3.178539430339993,0.1590748,0.0008128398,0.17040553015999998,5
demo_7_labeled,approach,45,49,1.4999985000000002,1.6333317,0.13333319999999982,5,joint_5,ramp_up,0.8171773871773886,0.10895687600000005,-1.0416805970000025,0.16179217,0.27129066,0.23856269600000002,5,ramp_down,-14.057062941562952,-1.874273184599999,22.931867825750018,1.5835832,0.005330305,0.9091579067000002,5
demo_7_labeled,approach,45,49,1.4999985000000002,1.6333317,0.13333319999999982,5,joint_6,ramp_up,0.24212784212782956,0.03228367999999828,3.363779640000018,3.7093189,3.7506034,3.7431128799999995,5,ramp_down,-12.707205319491365,-1.6942923483048038,20.321889108833876,2.1017625,-0.0007936361,0.4139540162524001,5
demo_7_labeled,approach,45,49,1.4999985000000002,1.6333317,0.13333319999999982,5,joint_7,ramp_down,-0.8119766119766177,-0.10826344000000063,2.003829280000009,0.8066889,0.699087,0.7317338600000001,5,ramp_up,12.328452245952255,1.643791988999999,-20.184867656650017,-1.3313829,-0.001129998,-0.8703117859,5
demo_7_labeled,approach,45,49,1.4999985000000002,1.6333317,0.13333319999999982,5,finger_1,constant,-4.841104841127183e-05,-6.4548000000297804e-06,0.04007202130000035,0.04,0.039998993,0.0399961774,5,constant,0.0030822841992841914,0.0004109708155999984,-0.004680869187199989,8.3062905e-06,0.00020192783,0.00014803789609999998,5
demo_7_labeled,approach,45,49,1.4999985000000002,1.6333317,0.13333319999999982,5,finger_2,constant,-2.8473028473148562e-05,-3.7964000000160066e-06,0.04004204410000019,0.03999851,0.039993677,0.0399974364,5,constant,-0.0009513643083643001,-0.00012684844759999872,0.0015100227912999873,-4.2178024e-05,-1.8095941e-05,1.9553532e-05,5
demo_7_labeled,approach,50,54,1.666665,1.7999982,0.13333320000000004,5,joint_1,ramp_up,0.28027444027443915,0.037369887999999865,-0.794790347999998,-0.3220762,-0.2861528,-0.30898180399999997,5,ramp_up,3.6096054225054215,0.48128024172,-6.057927552419999,-0.016392384,0.40303355,0.19871558994,5
demo_7_labeled,approach,50,54,1.666665,1.7999982,0.13333320000000004,5,joint_2,ramp_up,1.6680302400302396,0.2224038096,-2.8289924265999993,-0.019971227,0.18951495,0.06225709819999999,5,ramp_up,19.556283328383326,2.6075018362800004,-32.5934511359,0.0005373306,2.1734028,1.3040727357400002,5
demo_7_labeled,approach,50,54,1.666665,1.7999982,0.13333320000000004,5,joint_3,ramp_down,-0.09095373095372859,-0.012127151999999688,0.7113332779999959,0.55555105,0.54044706,0.5536803020000001,5,ramp_down,-3.5957376179376173,-0.4794312029600001,6.101904109099999,-0.0017780357,-0.47152707,-0.13070152938,5
demo_7_labeled,approach,50,54,1.666665,1.7999982,0.13333320000000004,5,joint_4,ramp_up,0.4451353451353374,0.05935131999999899,-3.7782782399999864,-3.028684,-2.9725263,-3.00671108,5,ramp_up,5.276823093795093,0.7035757089296001,-8.813247260651599,0.00019447051,0.59996074,0.33323695543320003,5
demo_7_labeled,approach,50,54,1.666665,1.7999982,0.13333320000000004,5,joint_5,ramp_up,0.8585490185490198,0.1144730880000002,-1.1709130280000022,0.27135062,0.374149,0.317237116,5,ramp_up,5.727325924045922,0.763642692896,-9.406692800395996,0.0017854315,0.5241909,0.520662207252,5
demo_7_labeled,approach,50,54,1.666665,1.7999982,0.13333320000000004,5,joint_6,constant,0.01707391707393397,0.0022765200000022536,3.7221465999999688,3.750603,3.7525,3.7517413599999996,5,constant,0.0004741301460101457,6.321728958399998e-05,-0.0008392581845299995,-6.770295e-05,1.0448501e-06,-1.7433419938e-05,5
demo_7_labeled,approach,50,54,1.666665,1.7999982,0.13333320000000004,5,joint_7,ramp_down,-1.1352876852876845,-0.15137153999999994,2.6081933179999988,0.6990809,0.5602764,0.6403632979999999,5,ramp_down,-9.6974865010665,-1.2929969071440002,16.070315670834,-0.00029497195,-0.99435675,-0.7386441220380001,5
demo_7_labeled,approach,50,54,1.666665,1.7999982,0.13333320000000004,5,finger_1,constant,-0.00011796011796001056,-1.5727999999985684e-05,0.040197082799999805,0.04,0.039987862,0.039992618800000004,5,constant,-0.0005754027999628007,-7.672029660800012e-05,0.0008327918828280013,9.684629e-07,-3.976148e-06,-0.000164571973076,5
demo_7_labeled,approach,50,54,1.666665,1.7999982,0.13333320000000004,5,finger_2,constant,4.0206040206029926e-05,5.360799999998631e-06,0.039928483800000025,0.039994933,0.04,0.0399981742,5,constant,0.0031190825570825576,0.00041587725840000017,-0.0049956051692000005,4.8643604e-05,0.0003534781,0.00041079919,5
demo_7_labeled,approach,55,59,1.8333315,1.9666647,0.13333320000000004,5,joint_1,constant,-0.016585306585307807,-0.0022113720000001636,-0.2605855869999977,-0.2903162,-0.2927636,-0.29209763800000005,5,ramp_up,0.6288872340872339,0.08385154736,-1.2207946640799996,-0.09316529,-0.0005533831,-0.025910114199999994,5
demo_7_labeled,approach,55,59,1.8333315,1.9666647,0.13333320000000004,5,joint_2,constant,0.0028059328059338627,0.00037412400000014104,0.201555174999998,0.20655945,0.20699163,0.206886442,5,ramp_down,-0.09864787593787588,-0.013153036971999996,0.1913555080769999,0.0145539865,5.452147e-05,0.003924731225999999,5
demo_7_labeled,approach,55,59,1.8333315,1.9666647,0.13333320000000004,5,joint_3,constant,-0.006270786270785864,-0.000836103999999946,0.5493295299999992,0.5380942,0.5371648,0.5374150480000001,5,ramp_up,0.2560715494715493,0.03414283911999999,-0.49667535626399967,-0.03878509,-0.00017290238,-0.010139898804000002,5
demo_7_labeled,approach,55,59,1.8333315,1.9666647,0.13333320000000004,5,joint_4,constant,-0.001799701799700558,-0.00023995999999983452,-2.9695689700000027,-2.972744,-2.9730475,-2.9729883999999998,5,ramp_up,0.21317867930867923,0.028423795483999998,-0.4119947657649998,-0.035916235,1.786956e-05,-0.006955680117999999,5
demo_7_labeled,approach,55,59,1.8333315,1.9666647,0.13333320000000004,5,joint_5,constant,0.0015894615894615743,0.00021192799999999806,0.37171907000000004,0.3745665,0.3748024,0.374739044,5,constant,-0.03684530258930257,-0.004912702099199999,0.07208397749079995,0.0040223068,9.2382266e-05,0.0020779725771999996,5
demo_7_labeled,approach,55,59,1.8333315,1.9666647,0.13333320000000004,5,joint_6,constant,-0.0003219003218891186,-4.291999999850624e-05,3.7511115899999794,3.7505426,3.7504892,3.75049998,5,ramp_up,0.22310429845529833,0.029747210046799994,-0.43147221047089973,-0.03656889,-5.0839e-07,-0.007574467304,5
demo_7_labeled,approach,55,59,1.8333315,1.9666647,0.13333320000000004,5,joint_7,constant,-0.00022863022862862424,-3.0483999999786092e-05,0.560432288999997,0.560024,0.55998933,0.5599978919999999,5,ramp_up,0.10158141815541809,0.013544175543199996,-0.19662823986979988,-0.016246332,-1.8941646e-05,-0.0036237383792,5
demo_7_labeled,approach,55,59,1.8333315,1.9666647,0.13333320000000004,5,finger_1,constant,0.00012667212667230563,1.6889600000023868e-05,0.03975462919999966,0.03998082,0.04,0.039995306,5,constant,-0.005915288308972707,-0.00078870431915792,0.011469402309850876,0.00086971885,-1.7551474e-09,0.00023036576185052,5
demo_7_labeled,approach,55,59,1.8333315,1.9666647,0.13333320000000004,5,finger_2,constant,2.2170022170130995e-05,2.956000000014511e-06,0.0399539727999998,0.03999664,0.0399984,0.0399960958,5,constant,0.0019967973077973074,0.00026623937480000005,-0.003821165803499999,-0.000283341,2.936065e-05,-2.7254712600000004e-05,5
demo_7_labeled,approach,60,64,1.999998,2.1333312,0.13333320000000026,5,joint_1,ramp_up,0.8490990690990696,0.11321309600000029,-1.9829032860000013,-0.29277384,-0.1858007,-0.22810029799999998,5,ramp_down,-2.575632568452543,-0.34341733237599725,5.9544240889219475,-0.00014995453,0.07805222,0.631455437094,5
demo_7_labeled,approach,60,64,1.999998,2.1333312,0.13333320000000026,5,joint_2,ramp_up,0.11882510882510806,0.01584333199999993,-0.027343501999998465,0.20699257,0.22257908,0.21822814399999996,5,ramp_down,-0.925344735912731,-0.1233791747423996,1.99977454329279,1.7102928e-05,-0.009252842,0.08739733478560001,5
demo_7_labeled,approach,60,64,1.999998,2.1333312,0.13333320000000026,5,joint_3,ramp_up,0.22156918156917818,0.029542527999999606,0.09537901000000681,0.5371611,0.56503224,0.553288194,5,ramp_down,-0.5374247564447495,-0.07165656253599922,1.2734748681419856,-4.887383e-05,0.026651438,0.162798148834,5
demo_7_labeled,approach,60,64,1.999998,2.1333312,0.13333320000000026,5,joint_4,ramp_up,0.23283503283504386,0.031044640000001532,-3.434797120000024,-2.9730475,-2.9434683,-2.9536051999999997,5,ramp_down,-1.2592332724692648,-0.16789760176479931,2.7736740083155844,4.920006e-06,-0.0013184092,0.1712611809612,5
demo_7_labeled,approach,60,64,1.999998,2.1333312,0.13333320000000026,5,joint_5,ramp_up,1.156941736941735,0.15425874400000003,-1.9072914039999957,0.3748034,0.5293857,0.48371912800000005,5,ramp_down,-6.8341565871125445,-0.9112199670607961,14.978814015207513,2.6083826e-05,-0.013254695,0.8549045257652003,5
demo_7_labeled,approach,60,64,1.999998,2.1333312,0.13333320000000026,5,joint_6,constant,0.0136170136169923,0.0018155999999971612,3.723744040000045,3.7504892,3.752401,3.75188584,5,constant,-0.06690223382503326,-0.008920288923039942,0.14779275273187883,1.6072638e-06,0.00049467536,0.00952827442476,5
demo_7_labeled,approach,60,64,1.999998,2.1333312,0.13333320000000026,5,joint_7,ramp_down,-0.16651165651165858,-0.02220153200000032,0.8888602460000041,0.55998933,0.5381225,0.5447365,5,ramp_up,0.9698553502713438,0.1293139173887994,-2.131520401353587,-9.344436e-06,0.0039998493,-0.1271546818272,5
demo_7_labeled,approach,60,64,1.999998,2.1333312,0.13333320000000026,5,finger_1,constant,-0.0002836802836805669,-3.782400000003784e-05,0.04057348900000058,0.04,0.039969355,0.039987217,5,constant,-0.001216600513248059,-0.00016221323955300642,0.002713690217459847,-9.1305874e-10,0.00024295505,0.00019938500438825203,5
demo_7_labeled,approach,60,64,1.999998,2.1333312,0.13333320000000026,5,finger_2,constant,0.00010827910827891957,1.4437199999974868e-05,0.03976259800000039,0.03999915,0.04,0.0399863746,5,constant,0.001629271191271191,0.0002172359416000004,-0.0031878683436,1.637881e-05,3.739689e-05,0.0001792887512,5
demo_7_labeled,approach,65,69,2.1666645,2.2999977,0.13333320000000004,5,joint_1,ramp_up,0.17004635004635033,0.022672824000000043,-0.5569389180000006,-0.18433833,-0.16216597,-0.17716911600000002,5,ramp_up,2.023825585225584,0.26984314151999994,-4.417088883799996,0.021755997,0.23977642,0.10278373666,5
demo_7_labeled,approach,65,69,2.1666645,2.2999977,0.13333320000000004,5,joint_2,ramp_up,0.2306724506724504,0.030756295999999975,-0.2836227519999993,0.2224189,0.25353178,0.231545206,5,ramp_up,4.242613362013358,0.5656812159199996,-9.287446265599993,-0.0026028624,0.46617597,0.18771410106,5
demo_7_labeled,approach,65,69,2.1666645,2.2999977,0.13333320000000004,5,joint_3,ramp_down,-0.25798744798744944,-0.034398292000000205,1.1316383690000031,0.56559086,0.5307245,0.5554669780000001,5,ramp_down,-4.8095080865080835,-0.6412671035999998,10.535071435351993,0.007409307,-0.5454718,-0.206152549948,5
demo_7_labeled,approach,65,69,2.1666645,2.2999977,0.13333320000000004,5,joint_4,ramp_up,0.5934497934497976,0.07912656000000058,-4.245481480000009,-2.9434726,-2.8624663,-2.9201116,5,ramp_up,11.671690746760735,1.5562238766759988,-25.548778012210374,-0.00043540273,1.2991084,0.5179719221126,5
demo_7_labeled,approach,65,69,2.1666645,2.2999977,0.13333320000000004,5,joint_5,ramp_up,0.21183159183159156,0.02824418399999997,0.06452310600000072,0.52924806,0.55790764,0.5376131880000001,5,ramp_up,3.859213058413056,0.5145612265599998,-8.453432976259995,-0.0037120557,0.4455818,0.16546756862,5
demo_7_labeled,approach,65,69,2.1666645,2.2999977,0.13333320000000004,5,joint_6,ramp_down,-0.360516060516062,-0.04806876000000021,4.543116910000004,3.7523983,3.704392,3.7379651799999998,5,ramp_down,-5.9845994058584004,-0.7979457895011995,13.098324138527428,0.00010421249,-0.6581575,-0.26726783561766,5
demo_7_labeled,approach,65,69,2.1666645,2.2999977,0.13333320000000004,5,joint_7,ramp_down,-0.514892854892855,-0.06865231200000003,1.66748848,0.5381432,0.46943623,0.517562254,5,ramp_down,-8.61298313764313,-1.1483966032879993,18.853630526007983,0.0010865278,-0.9569792,-0.382012579066,5
demo_7_labeled,approach,65,69,2.1666645,2.2999977,0.13333320000000004,5,finger_1,constant,7.164607164603042e-05,9.552799999994506e-06,0.0398287822000001,0.03997979,0.039989524,0.039988791600000004,5,constant,-0.003340342906342902,-0.0004453786087999995,0.00751349028119999,0.00028904073,8.151389e-06,5.3398583799999994e-05,5
demo_7_labeled,approach,65,69,2.1666645,2.2999977,0.13333320000000004,5,finger_2,constant,1.5000015002248658e-08,2.000000000297821e-09,0.0399999655,0.04,0.04,0.039999999,5,constant,0.0019198524934524851,0.000255980076479999,-0.0041586534027819805,3.1465072e-06,4.9656437e-06,0.00012901287825799998,5
demo_7_labeled,approach,70,74,2.3333310000000003,2.4666642000000003,0.13333320000000004,5,joint_1,constant,-0.016292416292416862,-0.0021723200000000765,-0.13057164399999868,-0.1679567,-0.17034239,-0.169673404,5,ramp_up,0.6606447573447567,0.08808587955999994,-1.6127695923499985,-0.09916773,-0.00075609575,-0.027223760269999998,5
demo_7_labeled,approach,70,74,2.3333310000000003,2.4666642000000003,0.13333320000000004,5,joint_2,constant,-0.0005473805473804212,-7.29839999999832e-05,0.2559061299999997,0.25471017,0.25458732,0.254592418,5,ramp_up,0.19088661395061376,0.025451523075199982,-0.46393669231679957,-0.032756377,9.6393574e-05,-0.0058092769632,5
demo_7_labeled,approach,70,74,2.3333310000000003,2.4666642000000003,0.13333320000000004,5,joint_3,constant,-0.006459606459606963,-0.0008612800000000674,0.5439236240000013,0.52909666,0.52815396,0.528420584,5,ramp_up,0.15779229479229467,0.02103895159999999,-0.3859153159199997,-0.022300776,-0.0002929777,-0.00721418712,5
demo_7_labeled,approach,70,74,2.3333310000000003,2.4666642000000003,0.13333320000000004,5,joint_4,constant,0.00025830025830208414,3.444000000024345e-05,-2.854442540000005,-2.8538482,-2.8538125,-2.85382262,5,ramp_up,0.08514353229653214,0.011352459620399982,-0.20696646709959965,-0.0149527425,1.5030663e-05,-0.0026221939324,5
demo_7_labeled,approach,70,74,2.3333310000000003,2.4666642000000003,0.13333320000000004,5,joint_5,constant,0.0014344814344809942,0.00019126399999994136,0.5545837280000011,0.55787736,0.55808604,0.55802648,5,constant,0.017236816996816937,0.0022982399679999928,-0.04109874545199986,-0.004610533,0.00012618386,0.0002695739719999999,5
demo_7_labeled,approach,70,74,2.3333310000000003,2.4666642000000003,0.13333320000000004,5,joint_6,constant,0.00034380034379772283,4.583999999965055e-05,3.7038521200000067,3.7046332,3.704689,3.70467724,5,ramp_down,-0.10146618722118712,-0.01352881143399999,0.2469873152765398,0.01652172,-1.5255627e-06,0.0034687094645399993,5
demo_7_labeled,approach,70,74,2.3333310000000003,2.4666642000000003,0.13333320000000004,5,joint_7,constant,-0.00019686019686199508,-2.624800000023977e-05,0.47001243400000436,0.46955943,0.46953142,0.4695399699999999,5,constant,-0.04629008122208117,-0.006172004657599995,0.11242525324339989,0.008017761,-4.2707547e-05,0.0013291694065999998,5
demo_7_labeled,approach,70,74,2.3333310000000003,2.4666642000000003,0.13333320000000004,5,finger_1,constant,4.810804810789955e-05,6.414399999980194e-06,0.039882937200000364,0.039991982,0.04,0.039998396400000004,5,constant,-0.0035683261738042706,-0.0004757763473970797,0.008683425708680864,0.0005926395,-3.0382985e-10,0.00011945145553343,5
demo_7_labeled,approach,70,74,2.3333310000000003,2.4666642000000003,0.13333320000000004,5,finger_2,constant,1.977601977596976e-05,2.636799999993332e-06,0.03994870080000013,0.03999687,0.039998338,0.039996163200000004,5,constant,0.0014172594792594782,0.00018896774159999992,-0.0034106902573999972,-0.0001862766,2.9554127e-05,-9.270908600000001e-06,5
demo_7_labeled,approach,75,79,2.4999975,2.6333307,0.13333320000000004,5,joint_1,constant,-4.5480045479672727e-05,-6.063999999950301e-06,-0.1702454460000009,-0.17035739,-0.17036399,-0.17036217800000003,5,constant,0.001607566442566444,0.00021434197800000024,-0.004194796300500003,-0.0002371611,-2.487325e-06,-6.8713224e-05,5
demo_7_labeled,approach,75,79,2.4999975,2.6333307,0.13333320000000004,5,joint_2,constant,3.12000311985962e-06,4.159999999808668e-07,0.2545814880000004,0.25458908,0.2545896,0.254589496,5,constant,-0.00021353108321108346,-2.847078262400004e-05,0.0005561224641860007,3.1263295e-05,4.5207057e-07,8.059898674e-06,5
demo_7_labeled,approach,75,79,2.4999975,2.6333307,0.13333320000000004,5,joint_3,constant,-1.2750012751227229e-05,-1.700000000161931e-06,0.5281789550000031,0.5281479,0.5281458,0.5281462299999999,5,constant,0.000601513258513259,8.020168760000009e-05,-0.0015701050201000015,-8.873017e-05,-1.02955e-06,-2.6222533799999995e-05,5
demo_7_labeled,approach,75,79,2.4999975,2.6333307,0.13333320000000004,5,joint_4,constant,9.729516840697817e-15,1.2972676148241307e-15,-2.8538125000000254,-2.8538125,-2.8538125,-2.8538125,5,constant,-3.47843008643009e-05,-4.637902144000006e-06,9.020220110300009e-05,4.2589786e-06,3.785197e-08,9.225848309999998e-07,5
demo_7_labeled,approach,75,79,2.4999975,2.6333307,0.13333320000000004,5,joint_5,constant,-1.8242844076308406e-15,-2.432376777795245e-16,0.5580878000000047,0.5580878,0.5580878,0.5580878,5,constant,-0.00022454714198714222,-2.9939588992000042e-05,0.0005862645874680006,3.3487955e-05,1.5867556e-07,9.927499372e-06,5
demo_7_labeled,approach,75,79,2.4999975,2.6333307,0.13333320000000004,5,joint_6,constant,-1.4594275261046725e-14,-1.945901422236196e-15,3.7046890000000365,3.704689,3.704689,3.7046890000000006,5,constant,-8.248780048780121e-06,-1.09983624000001e-06,2.1072247280000185e-05,1.2343692e-06,1.1184421e-06,-9.960034e-08,5
demo_7_labeled,approach,75,79,2.4999975,2.6333307,0.13333320000000004,5,joint_7,constant,-1.8242844076308406e-15,-2.432376777795245e-16,0.4695314200000046,0.46953142,0.46953142,0.4695314199999999,5,constant,6.286613746613749e-05,8.382143280000005e-06,-0.00016461623378000008,-9.113994e-06,4.079888e-07,-3.25997564e-06,5
demo_7_labeled,approach,75,79,2.4999975,2.6333307,0.13333320000000004,5,finger_1,constant,-1.520237006359034e-16,-2.0269806481627042e-17,0.04000000000000039,0.04,0.04,0.04,5,constant,7.337525225525231e-09,9.78335718400001e-10,-1.9162780137000016e-08,-1.0182102e-09,-1.2004675e-11,-3.2981755780000004e-10,5
demo_7_labeled,approach,75,79,2.4999975,2.6333307,0.13333320000000004,5,finger_2,constant,6.04200604189479e-06,8.055999999851666e-07,0.03998412840000029,0.039999098,0.039999932,0.0399996362,5,constant,-0.0001151178653178654,-1.5349033360000016e-05,0.00030240024196000024,1.6895456e-05,9.586913e-07,6.93134978e-06,5
demo_7_labeled,approach,80,84,2.6666640000000004,2.7999972000000004,0.13333320000000004,5,joint_1,ramp_down,-0.13961677961677862,-0.018615551999999872,0.15947994399999735,-0.20732653,-0.2278405,-0.22213887200000001,5,ramp_up,8.647734301734298,1.1530300871999999,-23.96828554719999,-1.3520762,-0.006202484,-0.33116875960000003,5
demo_7_labeled,approach,80,84,2.6666640000000004,2.7999972000000004,0.13333320000000004,5,joint_2,constant,0.004699384699384113,0.0006265839999999221,0.23268622400000158,0.24536075,0.245809,0.245531196,5,ramp_up,1.6504083619083594,0.22005422819999973,-4.560025510019994,-0.29097658,0.0007311181,-0.04891383192,5
demo_7_labeled,approach,80,84,2.6666640000000004,2.7999972000000004,0.13333320000000004,5,joint_3,ramp_down,-0.05087630087630283,-0.006783500000000262,0.6654463340000054,0.5316414,0.524268,0.526384584,5,ramp_up,0.321512070512071,0.04286823320000008,-0.9059240458000013,-0.018305399,-0.002320951,-0.0271252652,5
demo_7_labeled,approach,80,84,2.6666640000000004,2.7999972000000004,0.13333320000000004,5,joint_4,constant,-0.014740214740219656,-0.001965360000000656,-2.8317894399999863,-2.8700411,-2.8725543,-2.87207932,5,ramp_up,3.223084964434961,0.42974423217999963,-8.91525058028999,-0.5442332,0.00014842385,-0.10549382059999998,5
demo_7_labeled,approach,80,84,2.6666640000000004,2.7999972000000004,0.13333320000000004,5,joint_5,constant,0.009057849057847895,0.0012077119999998453,0.4583388300000033,0.48224315,0.48349634,0.483096926,5,ramp_up,12.62714310854309,1.683617397519998,-34.92713945447995,-2.1236987,0.0010201784,-0.41298280532,5
demo_7_labeled,approach,80,84,2.6666640000000004,2.7999972000000004,0.13333320000000004,5,joint_6,constant,0.0006912006911917286,9.215999999880502e-05,3.701688400000023,3.7034929,3.7036026,3.70357768,5,ramp_up,0.16135114264114253,0.02151346417199999,-0.44658374029099973,-0.026086405,-3.198355e-06,-0.005557724765,5
demo_7_labeled,approach,80,84,2.6666640000000004,2.7999972000000004,0.13333320000000004,5,joint_7,constant,-0.0021963621963617982,-0.000292847999999947,0.49414145599999887,0.488377,0.48804992,0.48813807200000003,5,ramp_down,-3.081346187746184,-0.4108457475199996,8.52279430014999,0.51886064,-0.00030026035,0.10045647599,5
demo_7_labeled,approach,80,84,2.6666640000000004,2.7999972000000004,0.13333320000000004,5,finger_1,constant,0.00020892020892007842,2.7855999999982608e-05,0.03942198800000036,0.03996518,0.04,0.039993036,5,constant,-0.0008956811740211776,-0.00011942403711200051,0.00252010703784801,-2.323489e-05,2.3880196e-07,7.191427705200001e-05,5
demo_7_labeled,approach,80,84,2.6666640000000004,2.7999972000000004,0.13333320000000004,5,finger_2,constant,-3.777903777899298e-05,-5.037199999994028e-06,0.04009124639999988,0.04,0.03999169,0.0399879838,5,constant,-0.0005123715923715862,-6.83161439999992e-05,0.0015041329939999835,0.00051787926,0.00013566509,0.000103652042,5
demo_7_labeled,approach,85,89,2.8333305,2.9666637,0.1333331999999996,5,joint_1,constant,-0.00036354036353992194,-4.847199999994097e-05,-0.22694587000000127,-0.22796193,-0.22801507,-0.228000136,5,constant,0.012863685635685696,0.001715156369600003,-0.03785078736180018,-0.0018982313,-1.7358921e-05,-0.000546136323,5
demo_7_labeled,approach,85,89,2.8333305,2.9666637,0.1333331999999996,5,joint_2,constant,3.9630039629175895e-05,5.283999999884819e-06,0.24571158100000248,0.24582231,0.24582808,0.245826508,5,constant,-0.001550531638031645,-0.0002067373450000003,0.004560262474950021,0.00022234437,-2.2393795e-06,6.372522120000001e-05,5
demo_7_labeled,approach,85,89,2.8333305,2.9666637,0.1333331999999996,5,joint_3,constant,-0.00014268014268162613,-1.9024000000197734e-05,0.5246178860000043,0.52421933,0.5241985,0.524204114,5,constant,0.0048305902595902825,0.0006440780572000011,-0.014212746567300068,-0.00071156607,-5.886141e-06,-0.0002040488232,5
demo_7_labeled,approach,85,89,2.8333305,2.9666637,0.1333331999999996,5,joint_4,constant,4.864758420348917e-15,6.4863380741206425e-16,-2.872554000000013,-2.872554,-2.872554,-2.872554,5,constant,-0.00033885122550122705,-4.518011822000007e-05,0.0009958130346350046,4.7835158e-05,-1.4208119e-06,1.3145463350000003e-05,5
demo_7_labeled,approach,85,89,2.8333305,2.9666637,0.1333331999999996,5,joint_5,constant,2.904002903705626e-05,3.871999999603618e-06,0.48342669800000865,0.48350763,0.48351198,0.483510914,5,constant,-0.002122209962409973,-0.0002829610453600005,0.006243745991340031,0.0003147514,3.0731428e-06,8.934325476e-05,5
demo_7_labeled,approach,85,89,2.8333305,2.9666637,0.1333331999999996,5,joint_6,constant,-9.729516840697834e-15,-1.2972676148241285e-15,3.7036026000000275,3.7036026,3.7036026,3.7036026,5,constant,-2.448552288552276e-05,-3.2647331199999735e-06,6.995059361999964e-05,-2.7568944e-06,-4.3767745e-06,-1.0573517399999997e-06,5
demo_7_labeled,approach,85,89,2.8333305,2.9666637,0.1333331999999996,5,joint_7,constant,-2.8800028822560263e-06,-3.8400000030041807e-07,0.4880562880000065,0.48804832,0.48804784,0.48804793600000007,5,constant,0.0006502259189459222,8.669670249600017e-05,-0.0019122670307740095,-9.414176e-05,-2.9585163e-07,-2.6613751486000002e-05,5
demo_7_labeled,approach,85,89,2.8333305,2.9666637,0.1333331999999996,5,finger_1,constant,-3.8005925158975916e-17,-5.067451620406752e-18,0.04000000000000012,0.04,0.04,0.04,5,constant,-7.781737307737357e-08,-1.0375639368000034e-08,2.2777854360700144e-07,1.3523215e-08,-8.9912085e-11,2.1083873529999996e-09,5
demo_7_labeled,approach,85,89,2.8333305,2.9666637,0.1333331999999996,5,finger_2,constant,3.104703104676671e-05,4.139599999964742e-06,0.039908061500000765,0.039995365,0.039999638,0.0399980978,5,constant,-0.0005586343008343031,-7.448449896000008e-05,0.0016554470608400066,8.347717e-05,7.1452873e-06,3.5409208459999994e-05,5
demo_7_labeled,approach,90,94,2.9999970000000005,3.1333302000000005,0.13333320000000004,5,joint_1,ramp_up,0.20330387330387387,0.027107156000000084,-0.8408213900000018,-0.22801541,-0.20319334,-0.21735680200000002,5,ramp_up,1.677467420882721,0.22366209912204008,-5.024361746521341,-4.784233e-06,0.18089876,0.11986653328557999,5
demo_7_labeled,approach,90,94,2.9999970000000005,3.1333302000000005,0.13333320000000004,5,joint_2,ramp_up,1.5857574257574258,0.21143411200000006,-4.540004656000001,0.24582808,0.44577256,0.32297992,5,ramp_up,18.57986475827926,2.477312823788601,-55.741058564582104,5.2774993e-07,2.0481105,1.237136382555714,5
demo_7_labeled,approach,90,94,2.9999970000000005,3.1333302000000005,0.13333320000000004,5,joint_3,ramp_down,-0.3452707952707947,-0.046036059999999934,1.5664115399999983,0.5241985,0.48026285,0.50758216,5,ramp_down,-4.3295146783808685,-0.5772680465154922,13.012809564083984,-9.648496e-07,-0.48990655,-0.264355505772334,5
demo_7_labeled,approach,90,94,2.9999970000000005,3.1333302000000005,0.13333320000000004,5,joint_4,ramp_up,0.48576318576318966,0.06476836000000054,-4.338226020000013,-2.872554,-2.81137,-2.8485537400000003,5,ramp_up,5.474411109692495,0.7299207513708516,-16.43531396468977,7.73738e-08,0.62443024,0.3528633168398144,5
demo_7_labeled,approach,90,94,2.9999970000000005,3.1333302000000005,0.13333320000000004,5,joint_5,ramp_down,-0.26363318363318483,-0.03515105600000017,1.279272792000004,0.48351198,0.44992954,0.47079850399999995,5,ramp_down,-3.1859033509607815,-0.4247866886743242,9.574538162581417,1.966326e-06,-0.36596364,-0.195555676928038,5
demo_7_labeled,approach,90,94,2.9999970000000005,3.1333302000000005,0.13333320000000004,5,joint_6,ramp_up,0.4400713400713376,0.058676119999999686,2.383390140000007,3.7036026,3.7524996,3.7329409,5,constant,-3.1831579351593915e-06,-4.244206336001943e-07,-2.505038444299554e-05,3.9366554e-08,1.9805157e-08,-3.4812059015799996e-05,5
demo_7_labeled,approach,90,94,2.9999970000000005,3.1333302000000005,0.13333320000000004,5,joint_7,ramp_down,-0.23530577530577587,-0.031374072000000086,1.1976486640000017,0.48804784,0.45902318,0.476045008,5,ramp_down,-2.276651345230955,-0.30355320914394807,6.826079844325399,9.527869e-07,-0.24251054,-0.155643965985406,5
demo_7_labeled,approach,90,94,2.9999970000000005,3.1333302000000005,0.13333320000000004,5,finger_1,constant,-5.760005760141371e-06,-7.680000000180817e-07,0.04001728000000042,0.04,0.04,0.039999616,5,constant,0.0002944429553317612,3.925902145184079e-05,-0.0008721303664787643,-3.819747e-11,7.584616e-05,3.082712691357376e-05,5
demo_7_labeled,approach,90,94,2.9999970000000005,3.1333302000000005,0.13333320000000004,5,finger_2,constant,1.3500013500123493e-06,1.8000000000146663e-07,0.03999163999999996,0.03999981,0.04,0.03999578,5,constant,0.0030747996951996943,0.00040997288272,-0.009127860739159997,3.5789562e-06,0.00020371458,0.0003015155634,5
demo_7_labeled,approach,95,99,3.1666635000000003,3.2999967000000003,0.13333320000000004,5,joint_1,constant,-0.019097029097028706,-0.002546267999999949,-0.13724597300000127,-0.19699648,-0.1997641,-0.198992972,5,ramp_down,-0.9363231783831771,-0.12484296560799987,3.053099058961996,0.17109202,-0.00041319226,0.025657142968,5
demo_7_labeled,approach,95,99,3.1666635000000003,3.2999967000000003,0.13333320000000004,5,joint_2,ramp_up,0.12176832176832185,0.016235760000000016,0.13740967999999987,0.515604,0.5353272,0.53112686,5,ramp_down,-12.138171872241859,-1.6184212978759986,39.65981859620096,1.9902164,8.742277e-05,0.41310212270800006,5
demo_7_labeled,approach,95,99,3.1666635000000003,3.2999967000000003,0.13333320000000004,5,joint_3,constant,-0.02940077940077912,-0.003920099999999964,0.5548563269999991,0.46320271,0.45869663,0.45979390200000003,5,ramp_up,3.097850679410677,0.4130463442079998,-10.126410051391993,-0.49418867,-0.00028924274,-0.11003620434799999,5
demo_7_labeled,approach,95,99,3.1666635000000003,3.2999967000000003,0.13333320000000004,5,joint_4,constant,-0.011875811875810447,-0.00158343999999981,-2.750605980000005,-2.7878678,-2.7894804,-2.7890044000000005,5,ramp_down,-3.8541778086154044,-0.5138898605916796,12.583831210972306,0.672985,1.9855004e-06,0.12200209162408,5
demo_7_labeled,approach,95,99,3.1666635000000003,3.2999967000000003,0.13333320000000004,5,joint_5,constant,0.006143046143045723,0.0008190719999999443,0.4168211320000014,0.4359841,0.43691504,0.43668362800000005,5,ramp_up,2.2935552149712115,0.3058070561887996,-7.489385219401189,-0.39184457,0.000101734586,-0.0735641068228,5
demo_7_labeled,approach,95,99,3.1666635000000003,3.2999967000000003,0.13333320000000004,5,joint_6,constant,-0.013834213834224307,-0.001844560000001397,3.7954882000000336,3.7524998,3.7502773,3.7507576200000003,5,ramp_up,0.13527166539952573,0.01803620401704805,-0.4473512448184771,-1.6819831e-07,-2.2584527e-05,-0.009973297405062,5
demo_7_labeled,approach,95,99,3.1666635000000003,3.2999967000000003,0.13333320000000004,5,joint_7,constant,-0.0019593919593923793,-0.00026125200000005607,0.4574488450000013,0.451358,0.45104474,0.45111348399999995,5,ramp_up,1.3456999266799254,0.1794264774639999,-4.398066109935996,-0.21544333,-1.611187e-05,-0.046974031433999995,5
demo_7_labeled,approach,95,99,3.1666635000000003,3.2999967000000003,0.13333320000000004,5,finger_1,constant,1.7805017804856717e-05,2.3739999999785223e-06,0.03994124350000054,0.04,0.04,0.03999881300000001,5,constant,-0.002338589496608501,-0.0003118116210692007,0.007695693034863115,0.0001107948,-2.753548e-09,0.00013426122393499999,5
demo_7_labeled,approach,95,99,3.1666635000000003,3.2999967000000003,0.13333320000000004,5,finger_2,constant,-1.0158010158101368e-05,-1.3544000000121618e-06,0.040029544800000295,0.04,0.03999789,0.039996700600000004,5,constant,0.00023480524280524627,3.130733440000047e-05,-0.0007517817616000112,0.00015966459,3.870522e-05,7.421097600000002e-06,5
demo_7_labeled,approach,100,104,3.33333,3.4666632,0.13333320000000004,5,joint_1,ramp_up,0.10726045726045741,0.014301380000000025,-0.5568904680000005,-0.1997714,-0.18800585,-0.19220527800000003,5,ramp_down,-0.1445409201849234,-0.019272103419200434,0.557775905483211,-8.525692e-05,-0.005667598,0.0663372682936,5
demo_7_labeled,approach,100,104,3.33333,3.4666632,0.13333320000000004,5,joint_2,constant,0.0028863028863007818,0.0003848399999997195,0.5262863740000071,0.5353286,0.5354529,0.5360997940000001,5,ramp_down,-0.17522337032787128,-0.023363092680600134,0.5952160412880033,2.1273238e-05,-0.0028605626,-0.0005428220673000004,5
demo_7_labeled,approach,100,104,3.33333,3.4666632,0.13333320000000004,5,joint_3,ramp_down,-0.13449418449418551,-0.017932540000000143,0.9071210680000035,0.45869172,0.44368836,0.44984129800000006,5,constant,-0.013004002777999278,-0.0017338653031995339,-0.042413269020811876,-6.199808e-05,-0.002426531,-0.0866268342524,5
demo_7_labeled,approach,100,104,3.33333,3.4666632,0.13333320000000004,5,joint_4,ramp_up,0.3687813687813825,0.049170800000001846,-4.020457000000047,-2.7894804,-2.7484355,-2.7666016,5,constant,0.007868845245435819,0.0010491783168787433,0.209788689581752,7.733897e-06,0.0024674758,0.23654273666216002,5
demo_7_labeled,approach,100,104,3.33333,3.4666632,0.13333320000000004,5,joint_5,ramp_up,0.10878640878640637,0.014504839999999682,0.07430533200000816,0.43691605,0.44900855,0.444178752,5,constant,-0.021411421431424434,-0.002854853336000401,0.1414876211770102,2.1809075e-05,0.00047945976,0.068688861109,5
demo_7_labeled,approach,100,104,3.33333,3.4666632,0.13333320000000004,5,joint_6,ramp_down,-0.3383211383211487,-0.045109440000001395,4.877903960000036,3.7502773,3.7127159,3.7276132399999993,5,ramp_up,0.089865094549603,0.011982000624601129,-0.5127032725976287,4.10059e-06,0.0019356356,-0.20716225667030003,5
demo_7_labeled,approach,100,104,3.33333,3.4666632,0.13333320000000004,5,joint_7,ramp_down,-0.16318360318360495,-0.02175779200000024,0.9949705980000061,0.45104474,0.43291566,0.44014690199999995,5,constant,0.021925513568718098,0.002923398885760605,-0.1752468430219754,-3.137359e-06,0.00054735196,-0.10070017143508,5
demo_7_labeled,approach,100,104,3.33333,3.4666632,0.13333320000000004,5,finger_1,constant,-6.93000693016473e-06,-9.240000000210403e-07,0.04002227720000053,0.04,0.04,0.0399987152,5,constant,0.000612971764479128,8.17294868676485e-05,-0.00207627481117856,-1.3732665e-09,-4.5985455e-08,7.827103946476e-06,5
demo_7_labeled,approach,100,104,3.33333,3.4666632,0.13333320000000004,5,finger_2,constant,-1.2780012780129553e-05,-1.7040000000155703e-06,0.040042245400000405,0.039998878,0.039997235,0.039998793399999996,5,constant,-0.00035933981033981177,-4.7911926800000205e-05,0.001220825605600005,2.1697868e-05,1.2438334e-05,-9.285278000000014e-07,5
demo_7_labeled,approach,105,109,3.4999965000000004,3.6333297,0.1333331999999996,5,joint_1,constant,-0.00018591018591042991,-2.478800000003246e-05,-0.18745871499999905,-0.18810107,-0.18812898,-0.188121794,5,constant,0.008192182163782185,0.0010922898628799994,-0.029537493078520077,-0.0012368531,-1.9307804e-06,-0.00031873924648000005,5
demo_7_labeled,approach,105,109,3.4999965000000004,3.6333297,0.1333331999999996,5,joint_2,constant,-1.3440013438366251e-05,-1.7919999997803696e-06,0.5354597439999939,0.5354136,0.53541136,0.5354118079999999,5,constant,0.0013201937701037732,0.0001760256599879999,-0.004750411999765011,-0.00021855147,2.069774e-06,-4.1725595086e-05,5
demo_7_labeled,approach,105,109,3.4999965000000004,3.6333297,0.1333331999999996,5,joint_3,constant,-0.00011472011471895509,-1.5295999999845336e-05,0.4440328379999956,0.44363645,0.4436193,0.44362367,5,constant,0.0045660935208935325,0.0006088118606399997,-0.016468098135760043,-0.0006821833,-3.6233362e-06,-0.00018238086364,5
demo_7_labeled,approach,105,109,3.4999965000000004,3.6333297,0.1333331999999996,5,joint_4,constant,1.8600018582417192e-05,2.4799999976531406e-06,-2.7484645599999364,-2.7484007,-2.7483976,-2.7483982200000003,5,constant,-0.0014024070005070038,-0.00018698741307999987,0.005053730168870012,0.00021912964,5.382808e-07,5.1816868980000004e-05,5
demo_7_labeled,approach,105,109,3.4999965000000004,3.6333297,0.1333331999999996,5,joint_5,constant,2.037002037130544e-05,2.716000000171334e-06,0.4489462969999953,0.44901666,0.4490197,0.44901895,5,constant,-0.0012318023988024023,-0.00016424015559999997,0.004443546411100013,0.00018167874,9.83817e-07,5.0122248800000004e-05,5
demo_7_labeled,approach,105,109,3.4999965000000004,3.6333297,0.1333331999999996,5,joint_6,constant,4.864758420348927e-15,6.486338074120655e-16,3.712724199999981,3.7127242,3.7127242,3.7127241999999994,5,constant,-0.0011681733926733958,-0.00015575629659999994,0.004208738513630011,0.00018673978,2.3089558e-06,4.2257579580000006e-05,5
demo_7_labeled,approach,105,109,3.4999965000000004,3.6333297,0.1333331999999996,5,joint_7,constant,9.121422038154237e-16,1.2161883888976227e-16,0.43291592999999656,0.43291593,0.43291593,0.43291592999999995,5,constant,-0.00020435253884253923,-2.724697793199997e-05,0.0007345007521570014,3.3144945e-05,-1.7928804e-06,5.644092475999999e-06,5
demo_7_labeled,approach,105,109,3.4999965000000004,3.6333297,0.1333331999999996,5,finger_1,constant,3.800592515897599e-17,5.067451620406762e-18,0.03999999999999985,0.04,0.04,0.04,5,constant,3.068985644985655e-08,4.091976768000001e-09,-1.1104751038600036e-07,-3.6627086e-09,-5.540947e-11,-1.5871318419999999e-09,5
demo_7_labeled,approach,105,109,3.4999965000000004,3.6333297,0.1333331999999996,5,finger_2,constant,1.2243012243033894e-05,1.6324000000028819e-06,0.0399555626999999,0.039998177,0.039999843,0.0399992294,5,constant,-0.00018167900747900797,-2.422384343999999e-05,0.0006609694345600018,2.701728e-05,3.0962747e-06,1.298162254e-05,5
demo_7_labeled,approach,110,114,3.666663,3.7999962,0.13333320000000004,5,joint_1,constant,4.560711019077085e-16,6.080941944488089e-17,-0.18812898000000167,-0.18812898,-0.18812898,-0.18812898,5,constant,5.9634264834265065e-06,7.951227360000033e-07,-2.2850466404000087e-05,-1.2329309e-06,-3.4938438e-07,-5.870297959999999e-07,5
demo_7_labeled,approach,110,114,3.666663,3.7999962,0.13333320000000004,5,joint_2,constant,-6.080948025436114e-16,-8.107922592650787e-17,0.5354113600000022,0.53541136,0.53541136,0.53541136,5,constant,-1.3587322287322367e-06,-1.8116411600000113e-07,5.406658570000031e-06,4.893594e-07,2.8247064e-07,3.3406332200000005e-07,5
demo_7_labeled,approach,110,114,3.666663,3.7999962,0.13333320000000004,5,joint_3,constant,-9.12142203815417e-16,-1.2161883888976178e-16,0.4436193000000032,0.4436193,0.4436193,0.44361930000000005,5,constant,3.995350895350907e-06,5.327129200000018e-07,-1.4800867924000047e-05,-3.1902127e-07,2.7387563e-07,1.1509383600000001e-07,5
demo_7_labeled,approach,110,114,3.666663,3.7999962,0.13333320000000004,5,joint_4,constant,9.729516840697782e-15,1.297267614824126e-15,-2.7483976000000356,-2.7483976,-2.7483976,-2.7483976,5,constant,2.460992538692553e-07,3.2813201036000196e-08,-9.271560081380054e-07,-3.9688118e-08,-7.507944e-11,-8.38637913e-09,5
demo_7_labeled,approach,110,114,3.666663,3.7999962,0.13333320000000004,5,joint_5,constant,-1.824284407630834e-15,-2.4323767777952355e-16,0.44901970000000685,0.4490197,0.4490197,0.4490197,5,constant,-6.067119667119686e-07,-8.089484800000028e-08,2.0120374980000075e-06,-1.8692612e-07,-2.770768e-07,-2.53018246e-07,5
demo_7_labeled,approach,110,114,3.666663,3.7999962,0.13333320000000004,5,joint_6,constant,-1.459427526104667e-14,-1.9459014222361884e-15,3.712724200000053,3.7127242,3.7127242,3.7127241999999994,5,constant,-2.8038910038909338e-09,-3.738517599999908e-10,8.672435439999738e-09,-2.1916375e-09,-2.1282156e-09,-1.79541384e-09,5
demo_7_labeled,approach,110,114,3.666663,3.7999962,0.13333320000000004,5,joint_7,constant,-3.040474012718057e-15,-4.0539612963253937e-16,0.43291593000001133,0.43291593,0.43291593,0.43291592999999995,5,constant,1.3287853287850546e-08,1.7717119999996349e-09,3.6322930800001025e-07,4.1140788e-07,4.1337034e-07,4.12837244e-07,5
demo_7_labeled,approach,110,114,3.666663,3.7999962,0.13333320000000004,5,finger_1,constant,-1.9002962579487856e-16,-2.533725810203371e-17,0.0400000000000007,0.04,0.04,0.04,5,constant,5.65540349320351e-11,7.540530450400026e-12,-2.1349679829460065e-10,-8.356834e-12,-2.4896507e-14,-2.3619456834e-12,5
demo_7_labeled,approach,110,114,3.666663,3.7999962,0.13333320000000004,5,finger_2,constant,-1.1401777547692712e-16,-1.5202354861220222e-17,0.03999991300000043,0.039999913,0.039999913,0.039999913,5,constant,-9.280779280779386e-07,-1.2374360000000143e-07,4.73284136000004e-06,1.3923633e-06,1.2372408e-06,1.2680205599999998e-06,5
demo_7_labeled,approach,115,119,3.833329500000001,3.966662700000001,0.13333320000000004,5,joint_1,constant,3.040474012718084e-16,4.05396129632543e-17,-0.1881289800000011,-0.18812898,-0.18812898,-0.18812898,5,constant,8.141138141140469e-09,1.0854840000003107e-09,-3.76924661000009e-07,-3.4605648e-07,-3.4485e-07,-3.45174254e-07,5
demo_7_labeled,approach,115,119,3.833329500000001,3.966662700000001,0.13333320000000004,5,joint_2,constant,-1.8242844076308505e-15,-2.4323767777952577e-16,0.535411360000007,0.53541136,0.53541136,0.53541136,5,constant,-9.599709599718714e-10,-1.2799600000012156e-10,2.856993870000035e-07,2.8205994e-07,2.8191738e-07,2.81955504e-07,5
demo_7_labeled,approach,115,119,3.833329500000001,3.966662700000001,0.13333320000000004,5,joint_3,constant,-9.121422038154252e-16,-1.2161883888976289e-16,0.4436193000000035,0.4436193,0.4436193,0.44361930000000005,5,constant,5.299805299803714e-09,7.066399999997887e-10,2.5595075800000615e-07,2.7604554e-07,2.7683097e-07,2.7661997799999997e-07,5
demo_7_labeled,approach,115,119,3.833329500000001,3.966662700000001,0.13333320000000004,5,joint_4,constant,1.702665447122127e-14,2.2702183259422403e-15,-2.748397600000066,-2.7483976,-2.7483976,-2.7483976,5,constant,-2.140909540909526e-10,-2.854543199999981e-11,6.615870759999943e-10,-1.503789e-10,-1.8197178e-10,-1.7336681e-10,5
demo_7_labeled,approach,115,119,3.833329500000001,3.966662700000001,0.13333320000000004,5,joint_5,constant,-1.8242844076308505e-15,-2.4323767777952577e-16,0.44901970000000707,0.4490197,0.4490197,0.4490197,5,constant,-7.858207858195137e-10,-1.0477599999983042e-10,-2.744197000000049e-07,-2.7739918e-07,-2.775157e-07,-2.77484398e-07,5
demo_7_labeled,approach,115,119,3.833329500000001,3.966662700000001,0.13333320000000004,5,joint_6,constant,-9.729516840697869e-15,-1.2972676148241376e-15,3.7127242000000362,3.7127242,3.7127242,3.7127241999999994,5,constant,-8.231558231557632e-11,-1.0975399999999205e-11,-1.848025550000023e-09,-2.1601583e-09,-2.172337e-09,-2.169056e-09,5
demo_7_labeled,approach,115,119,3.833329500000001,3.966662700000001,0.13333320000000004,5,joint_7,constant,-1.2161896050872336e-15,-1.621584518530172e-16,0.43291593000000456,0.43291593,0.43291593,0.43291592999999995,5,constant,1.941001940838755e-11,2.5879999997824195e-12,4.1330487100000626e-07,4.133785e-07,4.1338134e-07,4.1338057e-07,5
demo_7_labeled,approach,115,119,3.833329500000001,3.966662700000001,0.13333320000000004,5,finger_1,constant,-2.280355509538563e-16,-3.040470972244072e-17,0.04000000000000088,0.04,0.04,0.04,5,constant,-1.9432387432386566e-14,-2.5909823999998853e-15,4.4366034399996635e-14,-2.7551204e-14,-3.378233e-14,-3.14202008e-14,5
demo_7_labeled,approach,115,119,3.833329500000001,3.966662700000001,0.13333320000000004,5,finger_2,constant,-1.520237006359042e-16,-2.026980648162715e-17,0.03999991300000058,0.039999913,0.039999913,0.039999913,5,constant,3.330003329543832e-11,4.4399999993873375e-12,1.2371274300000177e-06,1.2372537e-06,1.2372587e-06,1.2372573000000001e-06,5
demo_7_labeled,approach,120,124,3.999996,4.1333292,0.13333320000000048,5,joint_1,constant,0.03393327393327453,0.0045244320000000955,-0.3249930480000025,-0.18812898,-0.18247344,-0.186997872,5,ramp_up,0.7284844575586515,0.09713116387655955,-2.938218052110582,-3.448455e-07,0.12141361,0.024282446124474,5
demo_7_labeled,approach,120,124,3.999996,4.1333292,0.13333320000000048,5,joint_2,ramp_up,0.2867267267267207,0.03823019199999934,-0.6210519479999758,0.53541136,0.5831991,0.544968908,5,ramp_up,10.244637753135995,1.3659503344664372,-41.319997335692825,2.8191687e-07,1.7074382,0.34148786553336397,5
demo_7_labeled,approach,120,124,3.999996,4.1333292,0.13333320000000048,5,joint_3,ramp_down,-0.06149304149304393,-0.008199064000000355,0.69164098600001,0.4436193,0.43337047,0.441569534,5,ramp_down,-2.135267596270469,-0.2847020614670507,8.612237636212777,2.7683396e-07,-0.3558773,-0.071175238532238,5
demo_7_labeled,approach,120,124,3.999996,4.1333292,0.13333320000000048,5,joint_4,ramp_up,0.1488235488235712,0.01984312000000306,-3.3486519800000916,-2.7483976,-2.7235937,-2.7434368200000003,5,ramp_up,4.55797175906444,0.607728960145693,-18.383801044589283,-1.8212437e-10,0.7596612,0.1519322398542858,5
demo_7_labeled,approach,120,124,3.999996,4.1333292,0.13333320000000048,5,joint_5,ramp_down,-0.09852729852730054,-0.013136960000000315,0.8464127400000081,0.4490197,0.4325985,0.44573546000000003,5,ramp_down,-2.7734256283292154,-0.3697897139871463,11.186138570594952,-2.7751608e-07,-0.46223742,-0.09244770601297,5
demo_7_labeled,approach,120,124,3.999996,4.1333292,0.13333320000000048,5,joint_6,ramp_up,0.23867423867421494,0.03182319999999695,2.7500724000000956,3.7127242,3.7525032,3.72068,5,constant,-0.010484353049796663,-0.0013979123420591536,0.04228684617487321,-2.172416e-09,-0.0017473926,-0.00034948025793082,5
demo_7_labeled,approach,120,124,3.999996,4.1333292,0.13333320000000048,5,joint_7,constant,-0.02597852597852847,-0.0034638000000003447,0.5376958800000101,0.43291593,0.42858618,0.43204998000000006,5,ramp_down,-0.6557343760228606,-0.08743116270513158,2.644793085211588,4.133814e-07,-0.10928854,-0.021857377294916,5
demo_7_labeled,approach,120,124,3.999996,4.1333292,0.13333320000000048,5,finger_1,constant,-3.0404740127180535e-16,-4.053961296325402e-17,0.04000000000000122,0.04,0.04,0.04,5,constant,0.00013834764063139004,1.8446333637833323e-05,-0.0005580015925896023,-4.3948894e-14,2.3057917e-05,4.611583364312033e-06,5
demo_7_labeled,approach,120,124,3.999996,4.1333292,0.13333320000000048,5,finger_2,constant,-7.90560790562286e-05,-1.0540800000019977e-05,0.040318772200000595,0.039999913,0.039986737,0.039997277799999995,5,constant,-0.00591657326997322,-0.0007888756471199961,0.023864725584239795,1.2372589e-06,-0.0009848573,-0.00019598165292,5
demo_7_labeled,approach,125,129,4.1666625,4.2999957,0.13333320000000004,5,joint_1,constant,-0.001000441000441294,-0.0001333920000000392,-0.1795446859999988,-0.18359566,-0.18379958,-0.18377988199999998,5,ramp_up,0.15542965004365103,0.020723932615200138,-0.6628842873978043,-0.026215227,5.8304264e-05,-0.0048994268652,5
demo_7_labeled,approach,125,129,4.1666625,4.2999957,0.13333320000000004,5,joint_2,constant,-0.01955461955461769,-0.0026072799999997524,0.6783320799999919,0.5977878,0.5948262,0.5955509400000001,5,ramp_up,0.4417447771507777,0.05889924472080009,-1.8897901238202026,-0.053196378,-4.1867224e-05,-0.0197391039348,5
demo_7_labeled,approach,125,129,4.1666625,4.2999957,0.13333320000000004,5,joint_3,constant,0.0034704334704351103,0.0004627240000002188,0.416242278999993,0.4305808,0.4310736,0.430933766,5,ramp_up,0.10371578679578788,0.013828757744000148,-0.44108633197400465,-0.022017775,5.089517e-05,-0.002023273602,5
demo_7_labeled,approach,125,129,4.1666625,4.2999957,0.13333320000000004,5,joint_4,constant,0.006686406686407497,0.0008915200000001083,-2.750610380000002,-2.7230217,-2.7220476,-2.72230462,5,constant,0.022804635052635892,0.003040614966400113,-0.09548977350960357,-0.01089741,1.2268748e-05,0.0010497516736000002,5
demo_7_labeled,approach,125,129,4.1666625,4.2999957,0.13333320000000004,5,joint_5,constant,-0.0019071619071610046,-0.00025428799999987974,0.440728015999996,0.4328807,0.4325847,0.432654372,5,ramp_up,0.69520097579298,0.09269337074560059,-2.966384131732018,-0.11609738,-2.014006e-05,-0.023369610559199998,5
demo_7_labeled,approach,125,129,4.1666625,4.2999957,0.13333320000000004,5,joint_6,constant,0.004093804093809548,0.0005458400000007274,3.735033119999976,3.7518177,3.7525,3.7523635399999997,5,ramp_down,-0.40324055567919403,-0.05376535365848513,1.7204910700221003,0.06720799,7.55982e-09,0.013441091365197801,5
demo_7_labeled,approach,125,129,4.1666625,4.2999957,0.13333320000000004,5,joint_7,constant,0.00024813024812987466,3.308399999995021e-05,0.4273271970000014,0.42835057,0.42838705,0.4283776140000001,5,ramp_down,-0.5207769823899847,-0.06943686154840033,2.22377632221841,0.07847848,3.5224455e-06,0.0191559680567,5
demo_7_labeled,approach,125,129,4.1666625,4.2999957,0.13333320000000004,5,finger_1,constant,5.8413058413075976e-05,7.788400000002344e-06,0.03974983729999993,0.03999059,0.039999556,0.039997119,5,constant,-0.0630304045894049,-0.008404045541200044,0.26906383827250135,0.009903119,8.365113e-06,0.0022353923393999995,5
demo_7_labeled,approach,125,129,4.1666625,4.2999957,0.13333320000000004,5,finger_2,constant,2.661002660999841e-05,3.547999999996241e-06,0.0398850022000001,0.039996844,0.039999466,0.0399976512,5,ramp_up,0.08953765719565764,0.011938342354400062,-0.38211327702200193,-0.014354503,1.1208985e-05,-0.0030709072698,5
demo_7_labeled,approach,130,134,4.333329,4.4666622,0.13333320000000004,5,joint_1,constant,1.4400014400638427e-06,1.920000000083204e-07,-0.18380462400000022,-0.18379848,-0.18379824,-0.183798288,5,constant,-9.419517160017202e-05,-1.255934365400006e-05,0.00041784984133100186,1.4380239e-05,-2.1101928e-07,3.3915007490000005e-06,5
demo_7_labeled,approach,130,134,4.333329,4.4666622,0.13333320000000004,5,joint_2,constant,6.080948025436128e-16,8.107922592650806e-17,0.5948258599999972,0.59482586,0.59482586,0.59482586,5,constant,3.520287787287797e-05,4.693712356000014e-06,-0.00015605353153720042,-4.5708416e-06,2.7251036e-07,-1.1610237892e-06,5
demo_7_labeled,approach,130,134,4.333329,4.4666622,0.13333320000000004,5,joint_3,constant,0.0,0.0,0.4310744699999999,0.43107447,0.43107447,0.43107447,5,constant,-7.026751818751842e-05,-9.368993056000034e-06,0.000312330767830001,1.041411e-05,3.197552e-07,3.153996982e-06,5
demo_7_labeled,approach,130,134,4.333329,4.4666622,0.13333320000000004,5,joint_4,constant,2.432379210174451e-15,3.243169037060322e-16,-2.7220476000000096,-2.7220476,-2.7220476,-2.7220476,5,constant,-5.825638514518597e-06,-7.767510251840113e-07,2.5729102370580363e-05,1.4913838e-06,-1.7014925e-09,9.631853950799999e-08,5
demo_7_labeled,approach,130,134,4.333329,4.4666622,0.13333320000000004,5,joint_5,constant,3.040474012718064e-16,4.053961296325403e-17,0.4325846999999985,0.4325847,0.4325847,0.43258469999999993,5,constant,2.225271989272e-05,2.9670263520000153e-06,-9.900255346800047e-05,-3.7803306e-06,-2.8163166e-07,-1.090683852e-06,5
demo_7_labeled,approach,130,134,4.333329,4.4666622,0.13333320000000004,5,joint_6,constant,1.4594275261046706e-14,1.945901422236193e-15,3.752499999999935,3.7525,3.7525,3.7525,5,constant,6.664796026795943e-08,8.886385815999891e-09,-2.9803269398639634e-07,1.8662267e-09,9.369302e-12,-4.7819620584e-09,5
demo_7_labeled,approach,130,134,4.333329,4.4666622,0.13333320000000004,5,joint_7,constant,1.5202370063590318e-15,2.0269806481627013e-16,0.4283870499999932,0.42838705,0.42838705,0.42838705,5,constant,-2.3168380208379628e-06,-3.0891142719999233e-07,1.0835734558399745e-05,3.8223384e-08,4.1191623e-07,6.416574608000001e-07,5
demo_7_labeled,approach,130,134,4.333329,4.4666622,0.13333320000000004,5,finger_1,constant,1.1700011699853618e-06,1.5599999999789228e-07,0.03999473800000007,0.03999976,0.03999993,0.039999886000000005,5,constant,-2.599479739479747e-05,-3.4659695200000113e-06,0.00011641736472000036,4.58529e-06,1.0216651e-06,2.04037056e-06,5
demo_7_labeled,approach,130,134,4.333329,4.4666622,0.13333320000000004,5,finger_2,constant,1.239001239102122e-06,1.652000000134511e-07,0.03999441819999955,0.03999974,0.039999917,0.0399998698,5,constant,-3.147554397554408e-05,-4.196735000000015e-06,0.00014089970598000047,5.561739e-06,1.1841706e-06,2.4074509800000003e-06,5
demo_7_labeled,approach,135,138,4.499995500000001,4.5999954,0.09999989999999936,4,joint_1,constant,2.2253991081072786e-16,2.2253968827081563e-17,-0.18379824000000097,-0.18379824,-0.18379824,-0.18379824,4,constant,-1.5956505956505927e-07,-1.595648999999987e-08,4.5664856499999877e-07,-2.5815737e-07,-2.7478853e-07,-2.6937173e-07,4
demo_7_labeled,approach,135,138,4.499995500000001,4.5999954,0.09999989999999936,4,joint_2,constant,-2.6704789297287346e-15,-2.670476259249788e-16,0.594825860000012,0.59482586,0.59482586,0.59482586,4,constant,1.970890970890838e-08,1.9708889999998545e-09,1.91207878000006e-07,2.7947988e-07,2.8154236e-07,2.8088332749999996e-07,4
demo_7_labeled,approach,135,138,4.499995500000001,4.5999954,0.09999989999999936,4,joint_3,constant,-1.3352394648643673e-15,-1.335238129624894e-16,0.431074470000006,0.43107447,0.43107447,0.43107447,4,constant,-1.084942384942395e-07,-1.084941300000003e-08,7.735092390000045e-07,2.8748937e-07,2.7617972e-07,2.798609475e-07,4
demo_7_labeled,approach,135,138,4.499995500000001,4.5999954,0.09999989999999936,4,joint_4,constant,1.0681915718914938e-14,1.0681905036999152e-15,-2.7220476000000478,-2.7220476,-2.7220476,-2.7220476,4,constant,4.485949695949728e-09,4.4859452100000033e-10,-2.1210802373000147e-08,-1.1034207e-09,-6.4109823e-10,-7.997516674999999e-10,4
demo_7_labeled,approach,135,138,4.499995500000001,4.5999954,0.09999989999999936,4,joint_5,constant,-1.780319286485823e-15,-1.780317506166525e-16,0.4325847000000079,0.4325847,0.4325847,0.4325847,4,constant,1.6009186009187215e-08,1.6009170000001104e-09,-3.4856688100000547e-07,-2.7685113e-07,-2.7518215e-07,-2.757251575e-07,4
demo_7_labeled,approach,135,138,4.499995500000001,4.5999954,0.09999989999999936,4,joint_6,constant,0.0,0.0,3.752499999999999,3.7525,3.7525,3.7525,4,constant,-1.8449423249423368e-11,-1.84494048e-12,8.773984779000054e-11,4.458867e-12,2.7364229e-12,3.79505595e-12,4
demo_7_labeled,approach,135,138,4.499995500000001,4.5999954,0.09999989999999936,4,joint_7,constant,-8.901596432429115e-16,-8.901587530832625e-17,0.42838705000000393,0.42838705,0.42838705,0.42838705,4,constant,-4.079704079726967e-10,-4.0797000000228616e-11,4.1362607100001024e-07,4.1179842e-07,4.1175596e-07,4.117698075e-07,4
demo_7_labeled,approach,135,138,4.499995500000001,4.5999954,0.09999989999999936,4,finger_1,constant,-1.1126995540536393e-16,-1.1126984413540782e-17,0.039999930000000496,0.03999993,0.03999993,0.03999993,4,constant,7.344007343980957e-10,7.343999999973566e-11,1.0185919300000117e-06,1.0218819e-06,1.0219585e-06,1.02193345e-06,4
demo_7_labeled,approach,135,138,4.499995500000001,4.5999954,0.09999989999999936,4,finger_2,constant,-5.563497770268197e-17,-5.563492206770391e-18,0.03999991700000024,0.039999917,0.039999917,0.039999917,4,constant,-6.645006645039356e-10,-6.64500000003267e-11,1.1869511000000145e-06,1.1839745e-06,1.1839052e-06,1.183927625e-06,4
demo_7_labeled,pick,139,143,4.633328700000001,4.766661900000001,0.13333320000000004,5,joint_1,constant,-6.000005940089995e-08,-7.999999920112075e-09,-0.18379796000000279,-0.18379824,-0.18379825,-0.183798242,5,constant,-1.4680994080994164e-06,-1.9574639200000117e-07,6.5760635000000396e-06,-2.750185e-07,-5.1969135e-07,-3.23996818e-07,5
demo_7_labeled,pick,139,143,4.633328700000001,4.766661900000001,0.13333320000000004,5,joint_2,constant,-3.0404740127180798e-15,-4.0539612963254238e-16,0.5948258600000145,0.59482586,0.59482586,0.59482586,5,constant,5.89487344487348e-06,7.859823400000049e-07,-2.7227810607000166e-05,2.8156697e-07,1.2640438e-06,4.780668779999999e-07,5
demo_7_labeled,pick,139,143,4.633328700000001,4.766661900000001,0.13333320000000004,5,joint_3,constant,-1.8000018200329236e-07,-2.400000026708139e-08,0.4310753100000093,0.43107447,0.43107444,0.43107446400000005,5,constant,9.98857748857755e-06,1.3318090000000086e-06,-4.63373191540003e-05,2.7602402e-07,1.9407921e-06,6.08948096e-07,5
demo_7_labeled,pick,139,143,4.633328700000001,4.766661900000001,0.13333320000000004,5,joint_4,constant,1.2161896050872319e-14,1.6215845185301695e-15,-2.7220476000000575,-2.7220476,-2.7220476,-2.7220476,5,constant,8.569380837960892e-06,1.1425829691440075e-06,-3.999103446485226e-05,-6.3216893e-10,1.4275961e-06,2.85015197474e-07,5
demo_7_labeled,pick,139,143,4.633328700000001,4.766661900000001,0.13333320000000004,5,joint_5,constant,3.6000035640539967e-07,4.799999952067245e-08,0.43258302000001697,0.4325847,0.43258476,0.432584712,5,constant,-8.263928131928184e-05,-1.1018559824000073e-05,0.0003853744387860025,-2.7515915e-07,-1.404836e-05,-3.0297950099999997e-06,5
demo_7_labeled,pick,139,143,4.633328700000001,4.766661900000001,0.13333320000000004,5,joint_6,constant,-1.945903368139571e-14,-2.5945352296482712e-15,3.7525000000000905,3.7525,3.7525,3.7525,5,constant,-4.3528144162412037e-05,-5.803746751235718e-06,0.0002031311391001643,2.8926262e-12,-7.254681e-06,-1.4509338808947199e-06,5
demo_7_labeled,pick,139,143,4.633328700000001,4.766661900000001,0.13333320000000004,5,joint_7,constant,1.8000017805067614e-07,2.399999974006642e-08,0.42838621000000915,0.42838705,0.42838708,0.42838705599999993,5,constant,5.4727132297132653e-05,7.29694367600005e-06,-0.00025498127340500175,4.1175542e-07,9.532935e-06,2.235991174e-06,5
demo_7_labeled,pick,139,143,4.633328700000001,4.766661900000001,0.13333320000000004,5,finger_1,ramp_down,-0.04205534405534451,-0.005607373600000062,0.23625800600000213,0.03999993,0.032990713,0.038598086600000005,5,ramp_down,-1.2013139530694605,-0.16017503356740104,5.606127196818646,1.0219594e-06,-0.20021777,-0.04004273643224,5
demo_7_labeled,pick,139,143,4.633328700000001,4.766661900000001,0.13333320000000004,5,finger_2,ramp_down,-0.042028944028944505,-0.005603853600000065,0.23613479300000229,0.039999917,0.0329951,0.0385989536,5,ramp_down,-1.2023162057420134,-0.16030866712344108,5.610804533224696,1.1839045e-06,-0.20038465,-0.0400759828766,5
demo_7_labeled,pick,144,148,4.799995200000001,4.933328400000001,0.13333320000000004,5,joint_1,constant,-0.006689886689886364,-0.0008919839999999568,-0.15172713600000157,-0.18376468,-0.18465498,-0.184284552,5,constant,0.015002931902931994,0.002000388920000013,-0.07898506690000046,-0.0044806493,-0.003718499,-0.00597087132,5
demo_7_labeled,pick,144,148,4.799995200000001,4.933328400000001,0.13333320000000004,5,joint_2,constant,-0.0010017010017013335,-0.00013356000000004428,0.5995834760000017,0.5947865,0.59465235,0.594708536,5,constant,-0.004390424590424637,-0.0005853893600000063,0.01738514378000023,-0.0045296773,-0.004483646,-0.00398156786,5
demo_7_labeled,pick,144,148,4.799995200000001,4.933328400000001,0.13333320000000004,5,joint_3,constant,-0.0068466068466081186,-0.0009128800000001699,0.4636865100000062,0.43087223,0.42996424,0.43036639,5,ramp_up,0.247499578799578,0.0329999108399999,-1.2169027513799964,-0.03985437,-0.0020474463,-0.01240600572,5
demo_7_labeled,pick,144,148,4.799995200000001,4.933328400000001,0.13333320000000004,5,joint_4,constant,0.000685800685811898,9.144000000149498e-05,-2.7253294000000547,-2.7220387,-2.7219691,-2.72199184,5,constant,0.0032120687120686855,0.0004282753999999966,-0.015293487467999873,-0.0013123977,8.564792e-05,0.00033856463199999993,5
demo_7_labeled,pick,144,148,4.799995200000001,4.933328400000001,0.13333320000000004,5,joint_5,constant,0.0022108222108219886,0.00029477599999997047,0.42239457800000124,0.43302944,0.4332801,0.43315390200000004,5,ramp_down,-0.27284417024416907,-0.036379186319999854,1.3316297551999945,0.039772414,-0.0064158584,0.003789454519999999,5
demo_7_labeled,pick,144,148,4.799995200000001,4.933328400000001,0.13333320000000004,5,joint_6,constant,-0.00025290025289793,-3.371999999969029e-05,3.75374041999999,3.7525423,3.7525005,3.7525096400000004,5,ramp_up,0.2516657366657355,0.033555397999999854,-1.2240726824799943,-0.03668775,0.008895533,0.0006993445200000004,5
demo_7_labeled,pick,144,148,4.799995200000001,4.933328400000001,0.13333320000000004,5,joint_7,constant,-0.0009063009063010184,-0.00012084000000001498,0.43248247400000067,0.42812064,0.42801082,0.42807181399999994,5,ramp_down,-0.7118048108048081,-0.09490721319999966,3.373452480799987,-0.010576514,-0.1183708,-0.090660801,5
demo_7_labeled,pick,144,148,4.799995200000001,4.933328400000001,0.13333320000000004,5,finger_1,ramp_down,-0.04042557442557427,-0.005390071199999981,0.21812695939999927,0.02608696,0.019831311,0.0213893606,5,ramp_up,1.5355618225618166,0.20474137159999928,-7.486933334199971,-0.20342733,0.04153502,-0.013873270799999993,5
demo_7_labeled,pick,144,148,4.799995200000001,4.933328400000001,0.13333320000000004,5,finger_2,constant,-0.02863917463917458,-0.0038185527999999936,0.16156141179999975,0.026151469,0.021344567,0.022184234599999998,5,ramp_up,2.0356827076827,0.27142408959999903,-9.856152043999963,-0.20271057,0.12147837,0.050827226399999995,5
demo_7_labeled,transport,149,153,4.9666617,5.0999949,0.13333320000000004,5,joint_1,constant,-0.00046911046911001246,-6.254799999993913e-05,-0.18240116700000225,-0.18471907,-0.18478376,-0.18476235400000002,5,constant,0.011382371682371675,0.0015176480399999995,-0.05898022028999997,-0.0026301276,-0.0010922776,-0.0016890067800000002,5
demo_7_labeled,transport,149,153,4.9666617,5.0999949,0.13333320000000004,5,joint_2,constant,-0.0003503103503104462,-4.6708000000012794e-05,0.5963645470000004,0.5946284,0.59458107,0.59460132,5,constant,-0.0024071688071688165,-0.00032095552000000133,0.007603105380000048,-0.0043760617,-0.0045766234,-0.0045129655000000005,5
demo_7_labeled,transport,149,153,4.9666617,5.0999949,0.13333320000000004,5,joint_3,constant,-0.0015261915261940212,-0.00020349200000033274,0.4374326830000126,0.42986542,0.42965963,0.42975086000000007,5,constant,0.007175462105462095,0.0009567273239999989,-0.03654621773899996,-0.0010850347,-5.011024e-05,-0.00042976125799999997,5
demo_7_labeled,transport,149,153,4.9666617,5.0999949,0.13333320000000004,5,joint_4,constant,-0.0003300003300014302,-4.4000000000146705e-05,-2.7203487799999944,-2.7219853,-2.72203,-2.72200978,5,constant,0.0031753398253398283,0.0004233782200000005,-0.015658279627000015,4.876373e-05,0.00044295157,0.00032424817799999996,5
demo_7_labeled,transport,149,153,4.9666617,5.0999949,0.13333320000000004,5,joint_5,constant,-0.0011629811629817932,-0.00015506400000008408,0.43905103400000317,0.4332695,0.43311554,0.43319736799999997,5,constant,-0.009736728736728694,-0.0012982291999999946,0.041208042839999785,-0.0070372247,-0.00831202,-0.00780010946,5
demo_7_labeled,transport,149,153,4.9666617,5.0999949,0.13333320000000004,5,joint_6,constant,-3.6000036060125225e-06,-4.80000000801189e-07,3.7525180200000303,3.7525003,3.7524998,3.7524998999999992,5,constant,-0.07388773685773696,-0.009851688396000017,0.37527049367000054,0.008409488,0.00013082977,0.0033692567209999994,5
demo_7_labeled,transport,149,153,4.9666617,5.0999949,0.13333320000000004,5,joint_7,constant,-4.362004362030602e-05,-5.816000000034988e-06,0.4282086320000013,0.4279962,0.42798963,0.4279890780000001,5,constant,0.01662337662337703,0.002216448000000055,-0.20159770900000207,-0.1189037,-0.116944425,-0.117926797,5
demo_7_labeled,transport,149,153,4.9666617,5.0999949,0.13333320000000004,5,finger_1,constant,-0.0007744387744388263,-0.00010325840000000695,0.023591139200000267,0.019757109,0.019651964,0.019693134600000002,5,constant,0.01694606294606284,0.0022594727999999866,-0.04081324299999947,0.043061685,0.04532756,0.044481855199999996,5
demo_7_labeled,transport,149,153,4.9666617,5.0999949,0.13333320000000004,5,finger_2,constant,0.0007613287613287424,0.0001015103999999975,0.01764930260000009,0.021418264,0.02152174,0.0214813202,5,constant,-0.014000171000171013,-0.0018666876000000023,0.19143752870000005,0.12176802,0.12021357,0.12097007180000001,5
demo_7_labeled,transport,154,158,5.1333282,5.2666614,0.13333320000000004,5,joint_1,ramp_down,-0.11183948183948232,-0.014911916000000068,0.39097974400000257,-0.18478175,-0.19847712,-0.19058498,5,ramp_down,-0.854050862770864,-0.11387333449600019,4.375951633632006,-0.0009860502,-0.091548525,-0.065108411712,5
demo_7_labeled,transport,154,158,5.1333282,5.2666614,0.13333320000000004,5,joint_2,ramp_down,-1.3975761175761177,-0.18634329600000007,7.794990520000001,0.59457475,0.41691855,0.527601976,5,ramp_down,-17.385342678642694,-2.3180433724400027,89.27981002830009,-0.0045366846,-1.9582494,-1.12388149686,5
demo_7_labeled,transport,154,158,5.1333282,5.2666614,0.13333320000000004,5,joint_3,ramp_up,0.28214329214329237,0.03761906800000004,-1.0238328080000012,0.42962745,0.46525744,0.443310844,5,ramp_up,3.2963549056049075,0.4395135479000004,-16.92633969397401,4.269962e-05,0.36434293,0.21468867412599998,5
demo_7_labeled,transport,154,158,5.1333282,5.2666614,0.13333320000000004,5,joint_4,ramp_down,-0.5833889833889908,-0.07778512000000101,0.28200954000003886,-2.722038,-2.7941787,-2.7516101399999995,5,ramp_down,-5.535648318828325,-0.738085704424001,28.381804418232036,0.00043825258,-0.595354,-0.403538054304,5
demo_7_labeled,transport,154,158,5.1333282,5.2666614,0.13333320000000004,5,joint_5,ramp_up,0.38639345639345724,0.05151907600000013,-1.5567055040000048,0.43306866,0.48108876,0.45253846,5,ramp_up,3.807551511551515,0.5076730272000006,-19.54350866600002,-0.008353462,0.40770847,0.2557393948,5
demo_7_labeled,transport,154,158,5.1333282,5.2666614,0.13333320000000004,5,joint_6,ramp_down,-1.0203748203748024,-0.13604983999999765,9.008086939999906,3.7524998,3.6238,3.7021431799999993,5,ramp_down,-11.304064347334354,-1.5072070724360014,58.05887661857404,0.00015651324,-1.2888544,-0.72219920643,5
demo_7_labeled,transport,154,158,5.1333282,5.2666614,0.13333320000000004,5,joint_7,ramp_up,0.10793056793056867,0.014390728000000103,-0.1279808980000039,0.42799452,0.4416808,0.43325749399999997,5,ramp_up,1.20934911934912,0.16124638800000013,-6.333052283800003,-0.11667345,0.022377476,-0.044443151800000004,5
demo_7_labeled,transport,154,158,5.1333282,5.2666614,0.13333320000000004,5,finger_1,constant,-0.00012544212544208293,-1.6725599999994336e-05,0.020276415799999777,0.019644484,0.019634321,0.0196241174,5,constant,0.051696252696252804,0.006892826800000016,-0.21957038560000058,0.045386076,0.051104367,0.0492498596,5
demo_7_labeled,transport,154,158,5.1333282,5.2666614,0.13333320000000004,5,finger_2,constant,-0.0010437460437459636,-0.00013916599999998935,0.026904140999999583,0.021529054,0.021406299,0.021476666999999998,5,constant,0.06131856131856169,0.008175800000000052,-0.19460528400000202,0.12002066,0.12691183,0.124250916,5
demo_7_labeled,transport,159,163,5.299994700000001,5.4333279,0.13333319999999915,5,joint_1,constant,-0.03163200163200222,-0.004217596000000052,-0.035598010999996876,-0.20184085,-0.20558235,-0.20535625,5,ramp_up,1.3798806040806129,0.18398389656,-7.417621892060048,-0.079056345,0.11749875,-0.012270055520000003,5
demo_7_labeled,transport,159,163,5.299994700000001,5.4333279,0.13333319999999915,5,joint_2,ramp_down,-2.1431112431112562,-0.28574787999999995,11.706743516000072,0.34784698,0.06226535,0.20539134599999995,5,ramp_down,-0.5872745872745911,-0.07830320000000002,1.0888938000000201,-2.0087454,-2.0869184,-2.06281,5
demo_7_labeled,transport,159,163,5.299994700000001,5.4333279,0.13333319999999915,5,joint_3,ramp_up,0.2457935457935461,0.03277243999999983,-0.8228848520000017,0.47755414,0.50984126,0.49620585800000006,5,ramp_down,-2.0664719664719797,-0.27552932,11.323635460000073,0.34354588,0.05846937,0.23358033000000003,5
demo_7_labeled,transport,159,163,5.299994700000001,5.4333279,0.13333319999999915,5,joint_4,ramp_down,-0.4296691296691316,-0.057289159999999895,-0.5391960699999894,-2.8140845,-2.8713126,-2.84508476,5,ramp_up,1.978299808299821,0.263773044,-11.026950411000069,-0.5375962,-0.2715927,-0.41008539,5
demo_7_labeled,transport,159,163,5.299994700000001,5.4333279,0.13333319999999915,5,joint_5,ramp_up,0.3670123870123875,0.04893493599999975,-1.4489620340000027,0.4955567,0.5448974,0.5206691400000001,5,ramp_down,-0.28879126879126954,-0.03850546399999986,1.8949645160000044,0.3833479,0.35957313,0.34511959000000003,5
demo_7_labeled,transport,159,163,5.299994700000001,5.4333279,0.13333319999999915,5,joint_6,ramp_down,-1.7477387477387656,-0.2330316000000009,12.840219520000097,3.5740569,3.341177,3.4606976200000004,5,ramp_down,-2.624890724890746,-0.34998508000000056,12.510664930000113,-1.3922263,-1.740717,-1.5762345400000002,5
demo_7_labeled,transport,159,163,5.299994700000001,5.4333279,0.13333319999999915,5,joint_7,ramp_up,0.16283671283671336,0.021711539999999932,-0.41539421500000284,0.44718188,0.4684601,0.45849527000000007,5,ramp_down,-0.5764294024294061,-0.0768571768,3.11102124700002,0.033229068,-0.05540593,0.0175198808,5
demo_7_labeled,transport,159,163,5.299994700000001,5.4333279,0.13333319999999915,5,finger_1,constant,0.0008347688347688886,0.00011130240000000648,0.015222238799999711,0.019651005,0.01976269,0.019702160399999998,5,constant,0.007945804945805057,0.0010594396000000081,0.008968973299999405,0.051174287,0.05218409,0.051611417199999995,5
demo_7_labeled,transport,159,163,5.299994700000001,5.4333279,0.13333319999999915,5,finger_2,constant,-0.0012701862701862848,-0.00016935800000000088,0.028118012300000078,0.0213795,0.021209791,0.0213013528,5,constant,0.004864084864084659,0.0006485439999999686,0.10144562600000118,0.12717094,0.12787393,0.127549522,5
demo_7_labeled,transport,164,168,5.466661200000001,5.599994400000001,0.13333320000000004,5,joint_1,ramp_down,-0.36369414369414277,-0.048492503999999895,1.7837869839999951,-0.18991311,-0.24442182,-0.228651932,5,ramp_down,-0.7814741114740996,-0.10419644399999844,4.142442415999935,0.6718475,-0.06555629,-0.18171000999999998,5
demo_7_labeled,transport,164,168,5.466661200000001,5.599994400000001,0.13333320000000004,5,joint_2,ramp_down,-2.091102204102206,-0.2788133484000003,11.42074519020001,-0.008841317,-0.2872992,-0.1500087684,5,ramp_up,1.53414303414305,0.20455220000000218,-10.494200000000088,-2.0429592,-1.8698865,-2.0052837,5
demo_7_labeled,transport,164,168,5.466661200000001,5.599994400000001,0.13333320000000004,5,joint_3,ramp_up,0.2899389499389484,0.03865848799999981,-1.0672293999999916,0.5016471,0.54638916,0.537097852,5,ramp_down,-1.5294024093024217,-0.2039201173200017,8.615807988320068,-0.39848155,-0.076608956,0.15312311953999996,5
demo_7_labeled,transport,164,168,5.466661200000001,5.599994400000001,0.13333320000000004,5,joint_4,ramp_down,-0.09318189318188419,-0.012424239999998804,-2.37222094000005,-2.878317,-2.8907864,-2.8878268999999994,5,ramp_up,2.193321109821115,0.2924425222000008,-12.21231547620003,-0.13646218,0.09083252,-0.07595080489999999,5
demo_7_labeled,transport,164,168,5.466661200000001,5.599994400000001,0.13333320000000004,5,joint_5,ramp_down,-0.13997407997408215,-0.018663192000000297,1.3375628920000124,0.57293636,0.55364895,0.563040424,5,ramp_down,-5.061836151836143,-0.674910811999999,27.965943063199955,1.0786036,-0.16706562,-0.042855634799999966,5
demo_7_labeled,transport,164,168,5.466661200000001,5.599994400000001,0.13333320000000004,5,joint_6,ramp_down,-2.022239622239639,-0.2696316800000023,14.332300340000092,3.276327,3.0072827,3.1425856200000006,5,ramp_down,-0.46264396264395086,-0.061685799999998445,0.7175012599999349,-1.7961757,-1.8519318,-1.8424594400000003,5
demo_7_labeled,transport,164,168,5.466661200000001,5.599994400000001,0.13333320000000004,5,joint_7,ramp_up,0.3387793587793571,0.04517053599999979,-1.392520739999991,0.45768094,0.50303644,0.482056504,5,ramp_up,2.605347475347464,0.3473793159999986,-14.29322545999994,-0.68623716,0.11824417,0.12301615399999999,5
demo_7_labeled,transport,164,168,5.466661200000001,5.599994400000001,0.13333320000000004,5,finger_1,constant,0.0009923469923469107,0.00013231279999998915,0.014383320000000446,0.019797673,0.019936472,0.019874301199999996,5,constant,0.002344097344096945,0.00031254599999994685,0.037679832600002204,0.053483326,0.049544465,0.05065049159999999,5
demo_7_labeled,transport,164,168,5.466661200000001,5.599994400000001,0.13333320000000004,5,finger_2,constant,-0.0012905172905173712,-0.0001720688000000108,0.028199503400000447,0.021157544,0.02097894,0.0210586482,5,constant,-0.016644556644557086,-0.0022192720000000594,0.22164494700000245,0.12707198,0.12962188,0.129545159,5
demo_7_labeled,transport,169,173,5.633327700000001,5.766660900000001,0.13333320000000004,5,joint_1,ramp_down,-0.09963711963711952,-0.013284935999999989,0.31453688999999935,-0.24708778,-0.26038718,-0.253394124,5,ramp_down,-0.3103502203502198,-0.04137998799999994,1.682209496999997,-0.06746613,-0.10832599,-0.08678498999999999,5
demo_7_labeled,transport,169,173,5.633327700000001,5.766660900000001,0.13333320000000004,5,joint_2,ramp_down,-1.559968859968857,-0.20799563999999968,8.433320783999983,-0.35000232,-0.5579385,-0.45849282599999996,5,ramp_up,3.8355905355905326,0.5114115599999998,-23.375391989999986,-1.762912,-1.2528465,-1.5125478,5
demo_7_labeled,transport,169,173,5.633327700000001,5.766660900000001,0.13333320000000004,5,joint_3,ramp_down,-0.23846408846408879,-0.031795180000000055,1.886857035000002,0.5422371,0.5105548,0.52761309,5,ramp_down,-1.0995625995625977,-0.1466081999999998,6.05192581399999,-0.13420223,-0.28097367,-0.21557473600000004,5
demo_7_labeled,transport,169,173,5.633327700000001,5.766660900000001,0.13333320000000004,5,joint_4,ramp_up,0.3350652350652416,0.044675320000000886,-4.776471450000038,-2.8863192,-2.8416793,-2.8666015199999997,5,ramp_up,2.244699474699471,0.2992929639999996,-12.47212452299998,0.17054723,0.46961164,0.322649688,5
demo_7_labeled,transport,169,173,5.633327700000001,5.766660900000001,0.13333320000000004,5,joint_5,ramp_down,-0.32386325386325354,-0.04318172399999997,2.3719456769999985,0.54636973,0.5033119,0.525926976,5,ramp_down,-0.9044517344517331,-0.12059344399999986,4.869219436999993,-0.21728562,-0.3379883,-0.286150294,5
demo_7_labeled,transport,169,173,5.633327700000001,5.766660900000001,0.13333320000000004,5,joint_6,ramp_down,-1.8783888783888747,-0.2504515999999996,13.52008911999998,2.9404407,2.6900697,2.8132832199999998,5,ramp_up,1.6070179070179047,0.21426883999999977,-10.880789409999988,-1.8212173,-1.6080418,-1.7207965,5
demo_7_labeled,transport,169,173,5.633327700000001,5.766660900000001,0.13333320000000004,5,joint_7,ramp_up,0.22998700998700805,0.03066490399999975,-0.7832929299999889,0.5118268,0.5424864,0.527631716,5,ramp_down,-0.4401782901782898,-0.058690379999999966,2.584745406599998,0.10480301,0.046340227,0.0757316616,5
demo_7_labeled,transport,169,173,5.633327700000001,5.766660900000001,0.13333320000000004,5,finger_1,constant,5.822705822702165e-05,7.763599999995126e-06,0.019630384500000205,0.019952355,0.019959817,0.0199622784,5,constant,-0.0009775719775721066,-0.00013034280000001725,0.054831086900000735,0.04934794,0.049214378,0.04925893220000001,5
demo_7_labeled,transport,169,173,5.633327700000001,5.766660900000001,0.13333320000000004,5,finger_2,constant,9.540009539263803e-07,1.271999999900569e-07,0.020943799800000436,0.02095818,0.020958642,0.0209492376,5,constant,-0.004070824070824138,-0.0005427760000000091,0.1528844760000004,0.1298426,0.12930222,0.129680802,5
demo_7_labeled,transport,174,178,5.7999942,5.9333274000000005,0.13333320000000004,5,joint_1,constant,4.2780042781396285e-05,5.704000000180469e-06,-0.25866261400000795,-0.25865746,-0.25716573,-0.258411638,5,ramp_up,0.7997036927036899,0.10662705239999966,-4.624383514179984,0.06109517,0.14062135,0.06720679142,5
demo_7_labeled,transport,174,178,5.7999942,5.9333274000000005,0.13333320000000004,5,joint_2,ramp_up,0.04138270138270253,0.005517688000000155,-0.8119257520000068,-0.57021403,-0.5648439,-0.56914748,5,ramp_up,1.477076077076074,0.19694327999999967,-8.648516738999982,-0.100874536,0.097411044,0.016987580999999998,5
demo_7_labeled,transport,174,178,5.7999942,5.9333274000000005,0.13333320000000004,5,joint_3,ramp_up,0.47031617031616757,0.06270875999999966,-2.231586159999984,0.5088353,0.57301515,0.5275992799999999,5,ramp_up,9.05038593418591,1.206716917839997,-52.69401393475986,0.0010734522,1.0260408,0.4015304502,5
demo_7_labeled,transport,174,178,5.7999942,5.9333274000000005,0.13333320000000004,5,joint_4,ramp_up,0.10678720678720642,0.014238279999999956,-3.4567208199999984,-2.834698,-2.819703,-2.8302365000000003,5,ramp_up,1.9677577930777868,0.2623674433759992,-11.436543405831964,0.053949833,0.27417755,0.107624102712,5
demo_7_labeled,transport,174,178,5.7999942,5.9333274000000005,0.13333320000000004,5,joint_5,constant,0.013096813096811332,0.0017462399999997652,0.42591289000001026,0.5021779,0.50368005,0.50274745,5,constant,0.049221604221604556,0.006562874000000047,-0.269483540200002,0.011368031,0.007332647,0.0192829158,5
demo_7_labeled,transport,174,178,5.7999942,5.9333274000000005,0.13333320000000004,5,joint_6,constant,0.005223005222990926,0.000696399999998094,2.6604507400000843,2.6908808,2.691477,2.69109234,5,constant,-0.05608375708375697,-0.007477826799999987,0.3484077637999994,0.028920794,0.014749813,0.0193833846,5
demo_7_labeled,transport,174,178,5.7999942,5.9333274000000005,0.13333320000000004,5,joint_7,ramp_up,0.6130510630510586,0.08174005999999943,-3.029530403999974,0.5425029,0.6242389,0.567032236,5,ramp_up,10.15573168573166,1.3540962039999969,-59.271966699999844,-0.14331214,0.98629016,0.308266276,5
demo_7_labeled,transport,174,178,5.7999942,5.9333274000000005,0.13333320000000004,5,finger_1,constant,0.0021458241458241186,0.00028610959999999646,0.00745393320000016,0.01996218,0.020142442,0.020042755599999997,5,constant,-0.04665779865779849,-0.006221033599999979,0.32259161439999906,0.05044823,0.04427685,0.048866136,5
demo_7_labeled,transport,174,178,5.7999942,5.9333274000000005,0.13333320000000004,5,finger_2,constant,-0.0021816111816111775,-0.0002908811999999995,0.03368083339999997,0.020967502,0.020774024,0.0208820606,5,constant,0.059096879096878746,0.007879575999999956,-0.21558954199999797,0.12801814,0.13540712,0.131111802,5
demo_7_labeled,transport,179,183,5.9666607,6.0999939,0.13333320000000004,5,joint_1,constant,0.007216627216626559,0.0009622159999999126,-0.29806913799999596,-0.2544483,-0.250681,-0.25452886399999997,5,ramp_down,-0.43835357735358105,-0.05844708520000051,2.6643591581000226,0.09474353,0.086561486,0.019628552800000004,5
demo_7_labeled,transport,179,183,5.9666607,6.0999939,0.13333320000000004,5,joint_2,ramp_up,0.1651124551124533,0.022014971999999765,-1.545142490999989,-0.5605342,-0.54018116,-0.5489650079999999,5,ramp_down,-0.8121877521877477,-0.10829159199999944,5.036585040999974,0.13035926,-0.035183705,0.136390503,5
demo_7_labeled,transport,179,183,5.9666607,6.0999939,0.13333320000000004,5,joint_3,ramp_up,0.9476036276036317,0.12634702400000059,-5.038723626000025,0.60951895,0.7294907,0.67847921,5,ramp_down,-5.851955113955099,-0.7802599015999983,36.169945861999906,1.043382,0.051968373,0.8631853146000001,5
demo_7_labeled,transport,179,183,5.9666607,6.0999939,0.13333320000000004,5,joint_4,ramp_up,0.36537906537906345,0.04871715999999976,-4.987798029999988,-2.8089561,-2.7631915,-2.7833465399999997,5,ramp_down,-1.6375388857388793,-0.21833829975999922,10.202558369199963,0.32802486,0.0077504553,0.32275030506,5
demo_7_labeled,transport,179,183,5.9666607,6.0999939,0.13333320000000004,5,joint_5,ramp_down,-0.1004207504207499,-0.013389419999999935,1.101855736999997,0.50257057,0.49056202,0.495984482,5,constant,0.0039503979503945465,0.0005267191999995463,-0.09321684199997948,-0.029404355,0.013285404,-0.0693827982,5
demo_7_labeled,transport,179,183,5.9666607,6.0999939,0.13333320000000004,5,joint_6,constant,-0.01996411996411325,-0.0026618799999991055,2.810425489999959,2.6912587,2.6888404,2.6899754199999997,5,constant,-0.010144718344718811,-0.0013526277600000626,0.06308180582000282,0.008908441,0.014653505,0.00187539968,5
demo_7_labeled,transport,179,183,5.9666607,6.0999939,0.13333320000000004,5,joint_7,ramp_up,0.984013584013585,0.13120168000000015,-5.1979000920000065,0.6651634,0.7881073,0.7389759280000001,5,ramp_down,-6.788785748785736,-0.9051705279999986,41.723270583999934,0.9889005,-0.14395238,0.764304192,5
demo_7_labeled,transport,179,183,5.9666607,6.0999939,0.13333320000000004,5,finger_1,constant,-0.002696015696015718,-0.00035946840000000306,0.03618553230000013,0.020047337,0.01961572,0.019919587199999998,5,constant,0.02954552354552366,0.003939399200000017,-0.13057712980000075,0.045911077,0.050453942,0.047680684,5
demo_7_labeled,transport,179,183,5.9666607,6.0999939,0.13333320000000004,5,finger_2,constant,0.0026240306240306256,0.0003498704000000003,0.005156375999999983,0.020864332,0.021284502,0.020988011600000002,5,constant,-0.03882831882831872,-0.005177103999999987,0.3657349819999994,0.13357148,0.12750606,0.131471026,5
demo_7_labeled,transport,184,188,6.133327200000001,6.266660400000001,0.13333320000000004,5,joint_1,ramp_down,-1.312048042048042,-0.17493956400000005,7.803330922000002,-0.24936093,-0.42296955,-0.331358804,5,ramp_down,-9.136498978498965,-1.2181986455999985,55.61482536179992,0.014051907,-1.4101218,-1.0314116586000002,5
demo_7_labeled,transport,184,188,6.133327200000001,6.266660400000001,0.13333320000000004,5,joint_2,ramp_up,1.4173205473205504,0.18897588400000045,-9.23650780000002,-0.54045475,-0.3533729,-0.449129194,5,ramp_up,8.08525424605423,1.0780328214399981,-49.005434282319904,0.0003172732,1.3758866,1.12309191464,5
demo_7_labeled,transport,184,188,6.133327200000001,6.266660400000001,0.13333320000000004,5,joint_3,ramp_up,0.7045438045438033,0.09393907999999986,-3.5920157359999925,0.7304696,0.82524854,0.7761514840000001,5,ramp_up,4.823173907173903,0.6430892111999996,-29.387635921599976,0.011457306,0.762807,0.5160123992000001,5
demo_7_labeled,transport,184,188,6.133327200000001,6.266660400000001,0.13333320000000004,5,joint_4,ramp_up,1.1403623403623544,0.15204816000000193,-9.759884840000089,-2.7632234,-2.6121998,-2.6896454,5,ramp_up,6.756499884499874,0.9008657503999988,-40.998200841199946,-0.003190238,1.1296492,0.8920565524,5
demo_7_labeled,transport,184,188,6.133327200000001,6.266660400000001,0.13333320000000004,5,joint_5,ramp_down,-1.0267379467379507,-0.13689825600000058,6.792639934000025,0.49067798,0.35352495,0.42687103000000004,5,ramp_down,-8.010186270186267,-1.068023768,48.883668534999984,0.016965045,-1.1951612,-0.779436677,5
demo_7_labeled,transport,184,188,6.133327200000001,6.266660400000001,0.13333320000000004,5,joint_6,ramp_up,0.3979755979755832,0.05306335999999805,0.25000228000009095,2.6887298,2.7417312,2.71744852,5,ramp_up,1.1920454020453948,0.15893922799999907,-7.085147351999956,0.01731588,0.28267276,0.30552675,5
demo_7_labeled,transport,184,188,6.133327200000001,6.266660400000001,0.13333320000000004,5,joint_7,ramp_up,0.2799933099933052,0.03733240399999937,-0.9334359839999704,0.7881055,0.82577854,0.8025208020000001,5,ramp_up,3.691707838707844,0.4922272196000009,-22.795277787200035,-0.14139001,0.35497957,0.09328792420000001,5
demo_7_labeled,transport,184,188,6.133327200000001,6.266660400000001,0.13333320000000004,5,finger_1,constant,0.0011050811050810237,0.0001473439999999892,0.012984239400000513,0.01973989,0.019905608,0.019835735400000002,5,constant,0.0014800364800362134,0.0001973379999999645,0.044629595600001654,0.054939788,0.053669672,0.0538058126,5
demo_7_labeled,transport,184,188,6.133327200000001,6.266660400000001,0.13333320000000004,5,finger_2,constant,-0.0011223851223852728,-0.0001496512000000201,0.028027227000000928,0.02116755,0.020998234,0.0210684462,5,constant,0.006707226707226093,0.0008942959999999184,0.08475666400000378,0.12494057,0.12690914,0.12634142799999998,5
demo_7_labeled,transport,189,193,6.299993700000001,6.433326900000001,0.13333320000000004,5,joint_1,ramp_down,-0.4762693762693737,-0.06350251999999967,2.505433679999984,-0.47471425,-0.546433,-0.52681165,5,ramp_up,13.047931047931042,1.7397223999999998,-83.75008519199997,-1.4817703,-0.03797651,-0.678340592,5
demo_7_labeled,transport,189,193,6.299993700000001,6.433326900000001,0.13333320000000004,5,joint_2,ramp_up,0.39291552291552273,0.05238868399999999,-2.761248578999999,-0.30517545,-0.24500835,-0.25968891800000005,5,ramp_down,-12.383944139944138,-1.6511909008000003,79.4113365082,1.3812245,0.012637976,0.5669709949999999,5
demo_7_labeled,transport,189,193,6.299993700000001,6.433326900000001,0.13333320000000004,5,joint_3,ramp_up,0.15120321120320782,0.020160407999999554,-0.08204818999997843,0.85614175,0.88431716,0.880611292,5,ramp_down,-8.284250977250975,-1.1045656924,53.08496191949999,0.86792463,-0.009972723,0.3419501074,5
demo_7_labeled,transport,189,193,6.299993700000001,6.433326900000001,0.13333320000000004,5,joint_4,ramp_up,0.2748806748806863,0.03665072000000153,-4.286837140000072,-2.5718322,-2.5277567,-2.5367652599999997,5,ramp_down,-10.517976038976032,-1.4023954027999994,67.41521907009997,1.1498348,-0.010381483,0.4508385864,5
demo_7_labeled,transport,189,193,6.299993700000001,6.433326900000001,0.13333320000000004,5,joint_5,ramp_down,-0.34075192075192123,-0.045433544000000076,2.4287633880000032,0.3049664,0.24815983,0.25931166200000005,5,ramp_up,13.450521949521947,1.7934011332000002,-86.23094929649999,-1.3941555,0.01565318,-0.5960451862,5
demo_7_labeled,transport,189,193,6.299993700000001,6.433326900000001,0.13333320000000004,5,joint_6,constant,0.033848133848123574,0.004513079999998631,2.538582750000065,2.7494955,2.755094,2.7540823199999998,5,ramp_down,-1.691246339246338,-0.2254992863999999,10.856604379799991,0.2250184,0.017690858,0.08901345420000001,5
demo_7_labeled,transport,189,193,6.299993700000001,6.433326900000001,0.13333320000000004,5,joint_7,ramp_up,0.17578697578697172,0.023438239999999465,-0.24749659199997398,0.8481797,0.8775602,0.8716793679999999,5,ramp_down,-6.611905691905691,-0.8815865440000001,42.262466964,0.52679193,-0.13909858,0.16670948800000002,5
demo_7_labeled,transport,189,193,6.299993700000001,6.433326900000001,0.13333320000000004,5,finger_1,constant,0.0008399648399647791,0.00011199519999999191,0.014606883400000392,0.01992447,0.020024134,0.019954654199999998,5,constant,-0.015449415449415789,-0.0020599200000000458,0.15210936460000218,0.05295725,0.050357033,0.053748184600000005,5
demo_7_labeled,transport,189,193,6.299993700000001,6.433326900000001,0.13333320000000004,5,finger_2,constant,-0.000772626772626828,-0.0001030168000000074,0.02587499000000035,0.020979622,0.020886226,0.0209559378,5,constant,0.010566310566310272,0.0014088399999999611,0.05956004800000192,0.12751207,0.12933919,0.12683215800000003,5
demo_7_labeled,transport,194,198,6.466660200000001,6.599993400000001,0.13333320000000004,5,joint_1,ramp_down,-0.7254252054252046,-0.09672326399999992,4.163170807999995,-0.54726,-0.64520425,-0.576269128,5,ramp_down,-13.00833118023119,-1.734442422920002,84.40786412134007,-0.01546698,-1.4988394,-0.5798146017400001,5
demo_7_labeled,transport,194,198,6.466660200000001,6.599993400000001,0.13333320000000004,5,joint_2,ramp_up,0.707113577113577,0.09428171600000002,-4.836288132,-0.24457115,-0.14781806,-0.216484048,5,ramp_up,13.94152704952706,1.858868414400002,-90.46281677560007,0.009887838,1.5940279,0.6217355299999999,5
demo_7_labeled,transport,194,198,6.466660200000001,6.599993400000001,0.13333320000000004,5,joint_3,ramp_up,0.6360156060156051,0.08480199599999991,-3.2456665239999944,0.8841551,0.96896803,0.9096312799999999,5,ramp_up,10.409411056211065,1.3879200862400016,-67.54437557474006,-0.0019094776,1.1508462,0.46370865102,5
demo_7_labeled,transport,194,198,6.466660200000001,6.599993400000001,0.13333320000000004,5,joint_4,ramp_up,0.5938910938910963,0.07918540000000035,-6.385190700000017,-2.5282452,-2.4478142,-2.5051061,5,ramp_up,11.29023291123292,1.5053628828000016,-73.27009302040005,-0.009284382,1.2457272,0.49268823679999996,5
demo_7_labeled,transport,194,198,6.466660200000001,6.599993400000001,0.13333320000000004,5,joint_5,ramp_down,-1.1264678264678263,-0.15019556000000003,7.563598581999999,0.24835221,0.09524645,0.204016142,5,ramp_down,-20.917286074286086,-2.7889686876000024,135.77360338230008,0.0148549415,-2.454995,-0.8858623100999999,5
demo_7_labeled,transport,194,198,6.466660200000001,6.599993400000001,0.13333320000000004,5,joint_6,constant,0.026306726306723097,0.003507559999999573,2.5841157800000216,2.7549536,2.7580128,2.7559862199999996,5,ramp_up,0.24712870012870172,0.03295046040000022,-1.5805140878000106,0.017617023,0.017785927,0.034058471800000004,5
demo_7_labeled,transport,194,198,6.466660200000001,6.599993400000001,0.13333320000000004,5,joint_7,ramp_up,0.6688242688242659,0.08917647999999964,-3.4656802699999814,0.8775934,0.96878445,0.90396725,5,ramp_up,12.49633144633145,1.666175860000001,-81.24780786800004,-0.1392555,1.3547083,0.394809272,5
demo_7_labeled,transport,194,198,6.466660200000001,6.599993400000001,0.13333320000000004,5,finger_1,constant,-0.0003772263772264418,-5.029680000000862e-05,0.02245468200000042,0.020008394,0.019913558,0.019990138799999998,5,constant,-0.035878271878271945,-0.00478376480000001,0.2826784816000005,0.049998146,0.04778,0.0482740064,5
demo_7_labeled,transport,194,198,6.466660200000001,6.599993400000001,0.13333320000000004,5,finger_2,constant,0.00036824736824733853,4.9099599999996056e-05,0.018511813200000195,0.020900285,0.020994848,0.0209176936,5,constant,0.03181593181593201,0.004242120000000027,-0.07659542600000127,0.12948422,0.13174593,0.131268454,5
demo_7_labeled,transport,199,203,6.6333267000000005,6.7666599000000005,0.13333320000000004,5,joint_1,ramp_up,0.2603729603729609,0.034716360000000085,-2.449136870000004,-0.6951939,-0.6652974,-0.7046397799999999,5,ramp_up,19.450239250239232,2.5933626399999983,-130.33219792799989,-1.3809918,1.013793,-0.01572526800000005,5
demo_7_labeled,transport,199,203,6.6333267000000005,6.7666599000000005,0.13333320000000004,5,joint_2,ramp_up,2.084265650265647,0.27790180879999965,-13.912060664599979,-0.08737006,0.18858843,0.0525052276,5,ramp_down,-0.7064227064226998,-0.09418959999999914,6.681178039999956,1.8031998,1.7349317,1.9481506400000002,5
demo_7_labeled,transport,199,203,6.6333267000000005,6.7666599000000005,0.13333320000000004,5,joint_3,ramp_down,-0.4629931629931665,-0.061732360000000486,4.106210070000024,1.0088674,0.9517631,1.00415898,5,ramp_down,-18.459792759792744,-2.4613032399999986,123.44800447399992,1.041166,-1.2076712,-0.23248333599999998,5
demo_7_labeled,transport,199,203,6.6333267000000005,6.7666599000000005,0.13333320000000004,5,joint_4,ramp_up,1.5622407622407657,0.20829856000000052,-12.768705600000024,-2.4027905,-2.194772,-2.30170296,5,ramp_up,2.1680538680538635,0.28907355999999945,-13.06675988999997,1.2997245,1.5731934,1.4591865,5
demo_7_labeled,transport,199,203,6.6333267000000005,6.7666599000000005,0.13333320000000004,5,joint_5,ramp_down,-2.5710376590376547,-0.3428046783999995,17.06178825419997,0.008377723,-0.33340767,-0.16414683540000002,5,ramp_up,2.454453654453648,0.32726015999999924,-18.956286319999958,-2.5968854,-2.1856782,-2.51146328,5
demo_7_labeled,transport,199,203,6.6333267000000005,6.7666599000000005,0.13333320000000004,5,joint_6,ramp_down,-0.5218043218043333,-0.06957384000000155,6.2211610000000785,2.7545967,2.6858492,2.7250755399999997,5,ramp_down,-4.117997317997312,-0.5490657599999994,27.18899432999996,-0.09880655,-0.6313456,-0.40156010999999997,5
demo_7_labeled,transport,199,203,6.6333267000000005,6.7666599000000005,0.13333320000000004,5,joint_7,ramp_up,2.235132435132428,0.2980173599999991,-13.784451219999953,1.0339948,1.3266195,1.19092112,5,ramp_down,-5.663965163965138,-0.7551945999999967,39.77480188999982,1.7825801,1.1021218,1.8262732399999997,5
demo_7_labeled,transport,199,203,6.6333267000000005,6.7666599000000005,0.13333320000000004,5,finger_1,constant,-0.0016063636063636507,-0.00021418160000000598,0.0305818256000003,0.019892635,0.019690873,0.019819200199999998,5,constant,0.06490130290130287,0.0086534984,-0.38171461339999985,0.047273025,0.051986903,0.053123681199999995,5
demo_7_labeled,transport,199,203,6.6333267000000005,6.7666599000000005,0.13333320000000004,5,finger_2,constant,0.0020594990594990236,0.0002745995999999953,0.007353538900000239,0.021027857,0.02127627,0.021152168800000003,5,ramp_down,-0.14376137976138004,-0.019168164800000043,1.087056684000002,0.13170925,0.113005884,0.12385640280000002,5
demo_7_labeled,transport,204,208,6.7999932,6.9333264,0.13333320000000004,5,joint_1,ramp_up,0.08449106449106752,0.011265464000000409,-1.188244312000021,-0.6288086,-0.60889184,-0.608072916,5,ramp_down,-9.262301902301912,-1.2349723520000018,63.90730435600007,0.9771093,-0.05686005,0.306228228,5
demo_7_labeled,transport,204,208,6.7999932,6.9333264,0.13333320000000004,5,joint_2,ramp_up,0.43509982509982775,0.05801325200000037,-2.6929403860000183,0.24547212,0.31167427,0.294742092,5,ramp_down,-13.44980646380648,-1.7933057352000028,92.9875258426001,1.5677444,0.029682921,0.6322804798,5
demo_7_labeled,transport,204,208,6.7999932,6.9333264,0.13333320000000004,5,joint_3,ramp_down,-0.27455241455241075,-0.036606951999999505,2.764615005999974,0.9110901,0.86822873,0.879356978,5,ramp_up,9.020048102048111,1.2026718776000016,-62.38040818360007,-1.0895402,-0.03209425,-0.44280648720000004,5
demo_7_labeled,transport,204,208,6.7999932,6.9333264,0.13333320000000004,5,joint_4,ramp_up,0.3799371799371769,0.05065823999999961,-4.6985231399999785,-2.1381934,-2.076926,-2.0896237799999997,5,ramp_down,-14.556639685839697,-1.940883350560002,100.58899191780007,1.6008673,-0.0071484502,0.63349936396,5
demo_7_labeled,transport,204,208,6.7999932,6.9333264,0.13333320000000004,5,joint_5,ramp_down,-0.2778222378222382,-0.03704292800000006,1.4746289500000027,-0.39584324,-0.44217107,-0.433081842,5,ramp_up,13.095404709404733,1.7460522152000035,-90.46472721360017,-1.5732195,0.011295745,-0.5430381308000001,5
demo_7_labeled,transport,204,208,6.7999932,6.9333264,0.13333320000000004,5,joint_6,ramp_down,-0.15411495411495524,-0.020548640000000156,3.699233500000007,2.661177,2.635557,2.64097854,5,ramp_up,6.106813084813089,0.8142409304000008,-42.188823109800026,-0.6568267,0.0192792,-0.25541519420000003,5
demo_7_labeled,transport,204,208,6.7999932,6.9333264,0.13333320000000004,5,joint_7,ramp_up,0.1267183267183277,0.016895760000000135,0.5062606399999932,1.3595608,1.3806882,1.37639228,5,ramp_down,-6.338546048546063,-0.8451386280000022,43.6542945340001,0.67087066,-0.13191989,0.12965519200000003,5
demo_7_labeled,transport,204,208,6.7999932,6.9333264,0.13333320000000004,5,finger_1,constant,0.0003698223698224596,4.930960000001199e-05,0.01716315419999938,0.019699762,0.019746095,0.019702598600000003,5,constant,-0.05458938958938974,-0.0072785780000000225,0.42035248320000107,0.04861475,0.041338846,0.045505716200000004,5
demo_7_labeled,transport,204,208,6.7999932,6.9333264,0.13333320000000004,5,finger_2,constant,-0.0002029292029291602,-2.705719999999431e-05,0.022688775799999696,0.021280872,0.021256555,0.021295329999999998,5,constant,0.03475812475812492,0.004634412000000023,-0.12030921000000117,0.1160441,0.12079452,0.11836300799999999,5
demo_7_labeled,transport,209,213,6.966659700000001,7.099992900000001,0.13333320000000004,5,joint_1,constant,-0.010494730494728662,-0.001399295999999756,-0.5373995180000128,-0.61027765,-0.6117264,-0.611212382,5,ramp_up,0.20139152139152142,0.026852176000000012,-1.4299662357000003,-0.031263318,-0.003507413,-0.013513951700000002,5
demo_7_labeled,transport,209,213,6.966659700000001,7.099992900000001,0.13333320000000004,5,joint_2,constant,0.015706065706063747,0.0020941399999997393,0.2031833390000138,0.31252867,0.31463844,0.313649224,5,constant,-0.06622245322245329,-0.008829651600000012,0.4807057167000005,0.02080001,0.011660527,0.0149415948,5
demo_7_labeled,transport,209,213,6.966659700000001,7.099992900000001,0.13333320000000004,5,joint_3,constant,-0.012471072471075031,-0.001662808000000342,0.9540938320000181,0.867323,0.8656369,0.8663807099999999,5,ramp_up,0.09453036153036155,0.012604035600000008,-0.6764400741000003,-0.019914972,-0.006882909,-0.011577196199999999,5
demo_7_labeled,transport,209,213,6.966659700000001,7.099992900000001,0.13333320000000004,5,joint_4,constant,-0.01297261297260098,-0.0017296799999984016,-1.9869544200000844,-2.077336,-2.0790646,-2.0781950399999998,5,constant,-0.008702078702078642,-0.0011602759999999924,0.05247474629999958,-0.007975581,-0.0091667585,-0.0087298127,5
demo_7_labeled,transport,209,213,6.966659700000001,7.099992900000001,0.13333320000000004,5,joint_5,constant,0.004569544569545942,0.0006092720000001831,-0.47383240800000953,-0.44200176,-0.4413917,-0.44169330999999995,5,constant,0.001952329952329899,0.00026031039999999296,-0.002048752799999628,0.011513625,0.011781778,0.0116826208,5
demo_7_labeled,transport,209,213,6.966659700000001,7.099992900000001,0.13333320000000004,5,joint_6,constant,-0.005779205779212609,-0.0007705600000009109,2.6755669800000472,2.6353164,2.6345434,2.63491994,5,constant,0.010051633051632985,0.0013402163999999914,-0.04908650709999954,0.020712573,0.022103045,0.021609908,5
demo_7_labeled,transport,209,213,6.966659700000001,7.099992900000001,0.13333320000000004,5,joint_7,constant,0.001158301158295928,0.0001544399999993027,1.3726806500000368,1.3807459,1.3809012,1.38082736,5,constant,-0.007516327516327136,-0.0010021759999999497,-0.08068302000000269,-0.13288084,-0.13391879,-0.133547804,5
demo_7_labeled,transport,209,213,6.966659700000001,7.099992900000001,0.13333320000000004,5,finger_1,constant,-0.00034896334896338264,-4.6528400000004506e-05,0.022162115900000234,0.019734144,0.019687776,0.0197077428,5,constant,0.001594966594966302,0.00021266199999996101,0.02970619890000205,0.040865332,0.041052066,0.0409241194,5
demo_7_labeled,transport,209,213,6.966659700000001,7.099992900000001,0.13333320000000004,5,finger_2,constant,0.0003396783396782449,4.529039999998738e-05,0.018903443600000666,0.021266991,0.021312064,0.021292512200000002,5,constant,-0.0036029136029137056,-0.0004803880000000138,0.1461297470000007,0.12102154,0.12055967,0.12078928,5
demo_7_labeled,transport,214,218,7.133326200000001,7.266659400000001,0.13333320000000004,5,joint_1,constant,-9.4800094798401e-05,-1.2639999999774163e-05,-0.6111106300000122,-0.6117764,-0.61179125,-0.61179319,5,constant,0.009052853152853133,0.0012070458799999977,-0.06670308819999986,-0.0023223718,-0.0010733578,-0.00152261068,5
demo_7_labeled,transport,214,218,7.133326200000001,7.266659400000001,0.13333320000000004,5,joint_2,constant,0.012463572463571593,0.0016618079999998845,0.22616527000000633,0.31506863,0.31673113,0.31590290200000004,5,constant,-0.0031157581157581255,-0.0004154340000000014,0.03343556260000007,0.011273654,0.010845881,0.0110021266,5
demo_7_labeled,transport,214,218,7.133326200000001,7.266659400000001,0.13333320000000004,5,joint_3,constant,-0.0075525075525085875,-0.0010070000000001382,0.9192319600000076,0.8653625,0.8643544,0.8648539599999999,5,constant,0.004359925659925636,0.000581322839999997,-0.037340579519999834,-0.006334574,-0.0057332255,-0.00594914616,5
demo_7_labeled,transport,214,218,7.133326200000001,7.266659400000001,0.13333320000000004,5,joint_4,constant,-0.013240513240511767,-0.001765399999999804,-1.9850559800000105,-2.079505,-2.0812702,-2.0803875800000005,5,constant,-0.0003579753579753322,-4.7729999999996583e-05,-0.006674322200000185,-0.00921844,-0.009266461,-0.009251742200000001,5
demo_7_labeled,transport,214,218,7.133326200000001,7.266659400000001,0.13333320000000004,5,joint_5,constant,0.004387204387205199,0.0005849600000001085,-0.472539618000006,-0.44124454,-0.44065955,-0.44095177799999996,5,constant,0.00022123072123071731,2.9497399999999488e-05,0.010213782700000028,0.011787853,0.011818097,0.0118066423,5
demo_7_labeled,transport,214,218,7.133326200000001,7.266659400000001,0.13333320000000004,5,joint_6,constant,-0.00529470529470731,-0.0007059600000002689,2.672132460000015,2.6343644,2.6336582,2.63401062,5,constant,0.0003387003387002646,4.5159999999990135e-05,0.01975359420000054,0.022160253,0.022207752,0.0221922342,5
demo_7_labeled,transport,214,218,7.133326200000001,7.266659400000001,0.13333320000000004,5,joint_7,constant,0.0009642009642013368,0.0001285600000000497,1.3740567799999972,1.3809346,1.3810632,1.38099902,5,constant,-0.0002872202872200344,-3.82959999999663e-05,-0.13191436600000186,-0.1339551,-0.13399515,-0.13398235,5
demo_7_labeled,transport,214,218,7.133326200000001,7.266659400000001,0.13333320000000004,5,finger_1,constant,-4.3968043968001017e-05,-5.862399999994275e-06,0.019996389399999693,0.019683499,0.019677512,0.019679819799999998,5,constant,0.0005874755874755407,7.832999999999378e-05,0.036917327000000354,0.041094456,0.04117694,0.041147146999999995,5
demo_7_labeled,transport,214,218,7.133326200000001,7.266659400000001,0.13333320000000004,5,finger_2,constant,4.5267045267017116e-05,6.035599999996249e-06,0.020994183000000204,0.021316348,0.021322513,0.0213201054,5,constant,-0.0008624558624553365,-0.0001149939999999299,0.12663818899999624,0.12050188,0.12038329,0.12042851299999999,5
demo_7_labeled,transport,219,223,7.299992700000001,7.433325900000001,0.13333320000000004,5,joint_1,constant,0.0003596403596413131,4.795200000012714e-05,-0.614406960000007,-0.6117811,-0.61173326,-0.611757612,5,constant,0.0004481616281616259,5.9754823999999714e-05,-0.004287291233999984,-0.0010231405,-0.0009630962,-0.000985837208,5
demo_7_labeled,transport,219,223,7.299992700000001,7.433325900000001,0.13333320000000004,5,joint_2,constant,0.012304362304361051,0.0016405799999998335,0.22732061300000928,0.31714213,0.31878278,0.317962658,5,constant,-0.00024084924084922976,-3.211319999999853e-05,0.01257551929999992,0.010821194,0.010786626,0.010801265,5
demo_7_labeled,transport,219,223,7.299992700000001,7.433325900000001,0.13333320000000004,5,joint_3,constant,-0.007319587319588022,-0.0009759440000000939,0.9175418680000051,0.8641093,0.86313325,0.863620962,5,constant,0.000193469593469604,2.5795920000001412e-05,-0.007113109020000077,-0.0057062497,-0.0056788344,-0.00568788444,5
demo_7_labeled,transport,219,223,7.299992700000001,7.433325900000001,0.13333320000000004,5,joint_4,constant,-0.013203013203008717,-0.0017603999999994025,-1.9853289200000332,-2.0817106,-2.083471,-2.0825910199999997,5,constant,0.0001283311283311666,1.7110800000005108e-05,-0.010206032700000284,-0.009268141,-0.009252537,-0.009260661,5
demo_7_labeled,transport,219,223,7.299992700000001,7.433325900000001,0.13333320000000004,5,joint_5,constant,0.0043596943596951,0.0005812920000000988,-0.47233942500000553,-0.44051385,-0.43993258,-0.44022304200000006,5,constant,-1.719901719903379e-05,-2.2932000000022128e-06,0.011947944500000121,0.011822572,0.01182043,0.0118212452,5
demo_7_labeled,transport,219,223,7.299992700000001,7.433325900000001,0.13333320000000004,5,joint_6,constant,-0.0052704052704044225,-0.0007027199999998871,2.671956719999993,2.6334827,2.63278,2.63313144,5,constant,-0.0001998961998962342,-2.665280000000458e-05,0.023655492800000257,0.022205386,0.022173457,0.022182925599999997,5
demo_7_labeled,transport,219,223,7.299992700000001,7.433325900000001,0.13333320000000004,5,joint_7,constant,0.0009573009572995415,0.00012763999999981126,1.3741068300000105,1.3810952,1.3812228,1.38115894,5,constant,0.0012822012822018797,0.00017096000000007972,-0.1432778920000044,-0.13399474,-0.13378632,-0.13383235200000002,5
demo_7_labeled,transport,219,223,7.299992700000001,7.433325900000001,0.13333320000000004,5,finger_1,constant,-5.214005214070915e-06,-6.952000000087604e-07,0.019715146800000482,0.01967714,0.019676441,0.019676737,5,constant,-0.0006699456699457793,-8.932600000001461e-05,0.04601843850000081,0.041178524,0.04106085,0.041083177000000005,5
demo_7_labeled,transport,219,223,7.299992700000001,7.433325900000001,0.13333320000000004,5,finger_2,constant,7.014007013979695e-06,9.351999999963578e-07,0.021271841400000203,0.021322994,0.021323932,0.0213235112,5,constant,-0.0012979212979218038,-0.0001730560000000675,0.12977899600000373,0.120375775,0.120170265,0.12021765200000001,5
demo_7_labeled,place,224,228,7.4666592,7.5999924,0.13333320000000004,5,joint_1,constant,-4.503004502968102e-05,-6.003999999951467e-06,-0.6113706120000024,-0.6117208,-0.6117407,-0.611709838,5,constant,-0.005847406497406426,-0.0007796534199999908,0.04289540565999946,-0.0009615474,-0.0019331222,-0.00115501257,5
demo_7_labeled,place,224,228,7.4666592,7.5999924,0.13333320000000004,5,joint_2,constant,0.011827571827571942,0.0015770080000000158,0.2308955479999991,0.31919265,0.3207545,0.3199965,5,constant,-0.028063354063353703,-0.003741776799999953,0.2212490191999973,0.010780248,0.006111148,0.009838629999999998,5
demo_7_labeled,place,224,228,7.4666592,7.5999924,0.13333320000000004,5,joint_3,constant,-0.00706152706152897,-0.0009415360000002548,0.915607636000014,0.8628897,0.86195606,0.862410852,5,constant,0.014119787119786948,0.0018826363999999776,-0.1115737749599987,-0.0056769853,-0.0033275108,-0.00520481836,5
demo_7_labeled,place,224,228,7.4666592,7.5999924,0.13333320000000004,5,joint_4,constant,-0.01228261228260627,-0.0016376799999991989,-1.9922302600000448,-2.0839107,-2.085519,-2.08475918,5,constant,0.04998761718761658,0.006665008959999921,-0.3841545538999954,-0.009250283,-0.0009168763,-0.00758154766,5
demo_7_labeled,place,224,228,7.4666592,7.5999924,0.13333320000000004,5,joint_5,constant,0.003888423888423523,0.0005184559999999515,-0.4688060599999971,-0.43978766,-0.4392842,-0.439513296,5,constant,-0.07359486231486138,-0.009812638495999879,0.5637880946999929,0.011825847,-0.00044560962,0.009374019676,5
demo_7_labeled,place,224,228,7.4666592,7.5999924,0.13333320000000004,5,joint_6,constant,-0.004911904911902794,-0.0006549199999997178,2.6692686599999838,2.6326048,2.631961,2.63226568,5,ramp_down,-0.1386473768273752,-0.018486298423999792,1.0620198660499878,0.022168666,-0.00093565753,0.017544005093999997,5
demo_7_labeled,place,224,228,7.4666592,7.5999924,0.13333320000000004,5,joint_7,constant,0.0008739008738988914,0.00011651999999973571,1.3747324800000147,1.3812548,1.3813685,1.3813158600000002,5,ramp_up,0.8034209444249345,0.1071226854671987,-6.1594327015299255,-0.13378549,0.000114776834,-0.1070009726332,5
demo_7_labeled,place,224,228,7.4666592,7.5999924,0.13333320000000004,5,finger_1,ramp_up,0.04088505488505447,0.005451335199999946,-0.2869613239999969,0.019676376,0.026490623,0.0210391148,5,ramp_up,0.953909783909772,0.12718784399999844,-7.1132759931999106,0.041040458,0.20003244,0.0728371928,5
demo_7_labeled,place,224,228,7.4666592,7.5999924,0.13333320000000004,5,finger_2,ramp_up,0.04237952137952091,0.00565059719999994,-0.2965218653999965,0.021324065,0.028387155,0.0227368764,5,ramp_up,0.47912662112661547,0.06388348559999926,-3.4732676415999575,0.12018427,0.20003924,0.1361492948,5
demo_7_labeled,place,229,233,7.6333257,7.7666589,0.13333320000000004,5,joint_1,constant,-0.0007822807822820355,-0.00010430400000016713,-0.6058671119999902,-0.6118226,-0.6119299,-0.611890668,5,constant,0.012772702582702604,0.0017030253080000033,-0.09920424344700017,-0.0019143396,-0.00019025088,-0.00085453191,5
demo_7_labeled,place,229,233,7.6333257,7.7666589,0.13333320000000004,5,joint_2,constant,0.00033447033447111185,4.459600000010366e-05,0.31830842099999396,0.320852,0.3208994,0.32088384000000003,5,constant,-0.009398419808419841,-0.0012531213880000048,0.07284127828100026,0.0014233394,6.197518e-05,0.00047351812399999997,5
demo_7_labeled,place,229,233,7.6333257,7.7666589,0.13333320000000004,5,joint_3,constant,-0.0004108804108795682,-5.478399999988766e-05,0.8650237119999935,0.86189663,0.8618397,0.8618599360000001,5,constant,0.008439875949875974,0.0011253156680000036,-0.0654799178090002,-0.001266261,-8.737849e-05,-0.000492937982,5
demo_7_labeled,place,229,233,7.6333257,7.7666589,0.13333320000000004,5,joint_4,constant,-2.8800028809182086e-05,-3.840000001220438e-06,-2.0853356799999294,-2.0855536,-2.0855584,-2.08555744,5,constant,0.001817720711720722,0.00024236251920000144,-0.01404668249030008,-0.00028468363,9.4375355e-06,-5.02470065e-05,5
demo_7_labeled,place,229,233,7.6333257,7.7666589,0.13333320000000004,5,joint_5,constant,1.716001716105217e-05,2.288000000138002e-06,-0.43940783200000777,-0.43927732,-0.43927494,-0.43927569999999994,5,constant,0.00019501285711285717,2.6001688280000015e-05,-0.0015101393652100007,-2.1793643e-05,2.1304295e-06,-8.54186704e-06,5
demo_7_labeled,place,229,233,7.6333257,7.7666589,0.13333320000000004,5,joint_6,constant,-3.0000030001456744e-05,-4.000000000190233e-06,2.6321821000000107,2.6319551,2.6319501,2.6319510999999998,5,constant,0.0020204728874728952,0.0002693961156000011,-0.01565621965670006,-0.00031185983,-1.3662347e-05,-9.85939808e-05,5
demo_7_labeled,place,229,233,7.6333257,7.7666589,0.13333320000000004,5,joint_7,constant,1.2161896050872256e-15,1.621584518530161e-16,1.3813689999999905,1.381369,1.381369,1.381369,5,constant,-0.0004126375516375521,-5.501828520000008e-05,0.0032052164831000035,5.6598357e-05,4.502593e-06,2.7910512799999995e-05,5
demo_7_labeled,place,229,233,7.6333257,7.7666589,0.13333320000000004,5,finger_1,ramp_up,0.048987870987871204,0.006531709600000031,-0.34010917600000173,0.032701407,0.03948477,0.0370970534,5,ramp_down,-0.9840779880779904,-0.13121026720000034,7.635708370000018,0.14661574,0.010350423,0.058315439200000006,5
demo_7_labeled,place,229,233,7.6333257,7.7666589,0.13333320000000004,5,finger_2,ramp_up,0.04060545460545479,0.005414055200000026,-0.2750673262000014,0.033950545,0.039573323,0.0375943616,5,ramp_down,-0.8159795969795987,-0.10879717080000026,6.331378338800014,0.12156569,0.0085740015,0.0483417251,5
demo_7_labeled,retract,234,237,7.799992200000001,7.8999921,0.09999989999999936,4,joint_1,constant,-4.485004485063147e-05,-4.4850000000586336e-06,-0.6115852899999951,-0.6119346,-0.61193895,-0.6119373625,4,constant,0.0008275919065919118,8.27591079e-05,-0.0065463615169000415,-0.00010085618,-1.60509e-05,-4.977154675e-05,4
demo_7_labeled,retract,234,237,7.799992200000001,7.8999921,0.09999989999999936,4,joint_2,constant,1.071001071013918e-05,1.0710000000128402e-06,0.320817498999999,0.32090077,0.3209019,0.3209015725,4,constant,-0.00028636592776592963,-2.8636564140000005e-05,0.002263837583040015,3.322939e-05,4.839155e-06,1.586729805e-05,4
demo_7_labeled,retract,234,237,7.799992200000001,7.8999921,0.09999989999999936,4,joint_3,constant,-1.5300015300834658e-05,-1.530000000081926e-06,0.8619565300000062,0.8618377,0.861836,0.8618364250000001,4,constant,0.0004014462921462947,4.014458907e-05,-0.00317439629192002,-4.6689656e-05,-6.9437447e-06,-2.3046049925e-05,4
demo_7_labeled,retract,234,237,7.799992200000001,7.8999921,0.09999989999999936,4,joint_4,constant,1.4242554291886583e-14,1.42425400493322e-15,-2.0855584000001115,-2.0855584,-2.0855584,-2.0855584,4,constant,-6.55466652866657e-05,-6.554659973999999e-06,0.0005164721757440033,5.029845e-06,1.3140814e-07,1.9313677849999998e-06,4
demo_7_labeled,retract,234,237,7.799992200000001,7.8999921,0.09999989999999936,4,joint_5,constant,1.3352394648643673e-15,1.335238129624894e-16,-0.43927494000001044,-0.43927494,-0.43927494,-0.43927494,4,constant,1.9145149445149554e-05,1.914513029999999e-06,-0.00015003382373000087,3.12017e-07,1.1526957e-06,2.55449125e-07,4
demo_7_labeled,retract,234,237,7.799992200000001,7.8999921,0.09999989999999936,4,joint_6,constant,-1.0681915718914938e-14,-1.0681905036999152e-15,2.631950100000083,2.6319501,2.6319501,2.6319501,4,constant,6.565316801966847e-05,6.565310236650003e-06,-0.0005182320712631536,-6.397355e-06,-5.864454e-07,-2.8552176861250002e-06,4
demo_7_labeled,retract,234,237,7.799992200000001,7.8999921,0.09999989999999936,4,joint_7,constant,-1.0681915718914938e-14,-1.0681905036999152e-15,1.3813690000000836,1.381369,1.381369,1.381369,4,constant,-4.070092382092406e-05,-4.0700883119999985e-06,0.00032076517913200197,2.5599616e-06,-9.717322e-07,1.26324664e-06,4
demo_7_labeled,retract,234,237,7.799992200000001,7.8999921,0.09999989999999936,4,finger_1,constant,0.0022618852618851906,0.00022618829999999143,0.022116876700000537,0.03973443,0.039963637,0.03987265825,4,constant,-0.045439162279162566,-0.004543911684,0.35925529200400225,0.005335039,0.00073044084,0.00255822481,4
demo_7_labeled,retract,234,237,7.799992200000001,7.8999921,0.09999989999999936,4,finger_2,constant,0.001872916872916515,0.000187291499999963,0.02519219200000281,0.03978011,0.039969906,0.03989457475,4,constant,-0.03763553209553233,-0.0037635494459999997,0.29755712157600184,0.0044185696,0.00060473086,0.002118490065,4
