demonstration,phase,signal,start_index,end_index,start_time_sec,end_time_sec,duration_sec,samples,label,slope,change,intercept,start_value,end_value,mean_value,valid_samples
demo_1_labeled,approach,joint_1,0,4,0.0,0.1333332,0.1333332,5,constant,-3.0065686865686877e-07,-4.008754240000002e-08,-5.177408000000002e-10,0.0,-4.037404e-08,-2.0561512e-08,5
demo_1_labeled,approach,joint_2,0,4,0.0,0.1333332,0.1333332,5,constant,0.0,0.0,-0.569,-0.569,-0.569,-0.569,5
demo_1_labeled,approach,joint_3,0,4,0.0,0.1333332,0.1333332,5,constant,4.012582252582253e-07,5.350104320000001e-08,-8.781619999998855e-11,0.0,5.3422553e-08,2.66627054e-08,5
demo_1_labeled,approach,joint_4,0,4,0.0,0.1333332,0.1333332,5,constant,-2.4323792101744574e-15,-3.24316903706033e-16,-2.8100000000000005,-2.81,-2.81,-2.81,5
demo_1_labeled,approach,joint_5,0,4,0.0,0.1333332,0.1333332,5,constant,1.2909168729168731e-07,1.7212207760000006e-08,-1.1225835999999907e-10,0.0,1.7170192e-08,8.493845519999998e-09,5
demo_1_labeled,approach,joint_6,0,4,0.0,0.1333332,0.1333332,5,constant,4.864758420348915e-15,6.48633807412066e-16,3.0369999999999995,3.037,3.037,3.037,5
demo_1_labeled,approach,joint_7,0,4,0.0,0.1333332,0.1333332,5,constant,-1.824284407630843e-15,-2.4323767777952473e-16,0.7410000000000002,0.741,0.741,0.741,5
demo_1_labeled,approach,finger_1,0,4,0.0,0.1333332,0.1333332,5,constant,0.0,0.0,0.04000000000000001,0.04,0.04,0.04,5
demo_1_labeled,approach,finger_2,0,4,0.0,0.1333332,0.1333332,5,constant,0.0,0.0,0.04000000000000001,0.04,0.04,0.04,5
demo_1_labeled,approach,joint_1,5,9,0.1666665,0.2999997,0.13333319999999999,5,ramp_up,0.15477301901541698,0.020636381898986395,-0.030954632845526783,-5.0185403e-08,0.025795437,0.0051590354776994,5
demo_1_labeled,approach,joint_2,5,9,0.1666665,0.2999997,0.13333319999999999,5,constant,-0.0005253605253627447,-7.004800000029591e-05,-0.5688949279999995,-0.569,-0.56908756,-0.569017512,5
demo_1_labeled,approach,joint_3,5,9,0.1666665,0.2999997,0.13333319999999999,5,ramp_down,-0.2840699446062465,-0.03787595473817358,0.05681401225437657,6.678491e-08,-0.04734489,-0.0094689085374272,5
demo_1_labeled,approach,joint_4,5,9,0.1666665,0.2999997,0.13333319999999999,5,constant,-0.0028350028350111857,-0.0003780000000011134,-2.809432999999998,-2.81,-2.8104725,-2.8100945,5
demo_1_labeled,approach,joint_5,5,9,0.1666665,0.2999997,0.13333319999999999,5,constant,0.0007887972689172687,0.00010517286401599996,-0.00015773335838919995,2.1553818e-08,0.00013148325,2.6319153638800002e-05,5
demo_1_labeled,approach,joint_6,5,9,0.1666665,0.2999997,0.13333319999999999,5,constant,-0.001701001700987739,-0.00022679999999813838,3.037340199999997,3.037,3.0367165,3.0369433,5
demo_1_labeled,approach,joint_7,5,9,0.1666665,0.2999997,0.13333319999999999,5,ramp_down,-0.2580208980208967,-0.03440275199999982,0.7926041279999996,0.741,0.69799656,0.732399312,5
demo_1_labeled,approach,finger_1,5,9,0.1666665,0.2999997,0.13333319999999999,5,constant,-0.0003429243429242441,-4.5723199999986816e-05,0.04006858479999997,0.04,0.039942846,0.039988569200000004,5
demo_1_labeled,approach,finger_2,5,9,0.1666665,0.2999997,0.13333319999999999,5,constant,7.60118503179518e-17,1.0134903240813529e-17,0.03999999999999998,0.04,0.04,0.04,5
demo_1_labeled,approach,joint_1,10,14,0.333333,0.4666662,0.13333319999999999,5,constant,0.019243009243009368,0.0025657320000000163,0.04451360319999996,0.043813277,0.05170142,0.052210799200000005,5
demo_1_labeled,approach,joint_2,10,14,0.333333,0.4666662,0.13333319999999999,5,constant,-0.00504852504852552,-0.0006731360000000628,-0.5675261439999998,-0.5692876,-0.5698568,-0.569545552,5
demo_1_labeled,approach,joint_3,10,14,0.333333,0.4666662,0.13333319999999999,5,ramp_down,-0.41125370125370136,-0.05483377200000001,0.012915494000000097,-0.10220766,-0.1663358,-0.15158582199999998,5
demo_1_labeled,approach,joint_4,10,14,0.333333,0.4666662,0.13333319999999999,5,constant,0.03748803748803507,0.004998399999999677,-2.8202036999999995,-2.809029,-2.8036969,-2.8052085,5
demo_1_labeled,approach,joint_5,10,14,0.333333,0.4666662,0.13333319999999999,5,constant,0.014800654300654305,0.0019734186000000004,-0.003464352380000002,0.0010538156,0.0030564317,0.0024559034200000002,5
demo_1_labeled,approach,joint_6,10,14,0.333333,0.4666662,0.13333319999999999,5,constant,-0.013617013617009371,-0.0018155999999994337,3.038879819999998,3.0353267,3.033002,3.03343302,5
demo_1_labeled,approach,joint_7,10,14,0.333333,0.4666662,0.13333319999999999,5,ramp_down,-0.2566803766803755,-0.03422401599999984,0.7234849759999994,0.6550498,0.6122596,0.620812928,5
demo_1_labeled,approach,finger_1,10,14,0.333333,0.4666662,0.13333319999999999,5,constant,0.000264288264288344,3.523840000001062e-05,0.03988368359999997,0.03996491,0.04,0.039989398800000006,5
demo_1_labeled,approach,finger_2,10,14,0.333333,0.4666662,0.13333319999999999,5,constant,-0.000206862206862127,-2.7581599999989348e-05,0.04006067339999997,0.039999884,0.039981622,0.039977928600000004,5
demo_1_labeled,approach,joint_1,15,19,0.4999995,0.6333327000000001,0.1333332000000001,5,ramp_up,0.24274065274065254,0.032365387999999995,-0.05736305819999994,0.051693823,0.087066785,0.0801898408,5
demo_1_labeled,approach,joint_2,15,19,0.4999995,0.6333327000000001,0.1333332000000001,5,constant,0.010783300783300915,0.0014377720000000186,-0.5747195589999997,-0.56986594,-0.56846565,-0.568609028,5
demo_1_labeled,approach,joint_3,15,19,0.4999995,0.6333327000000001,0.1333332000000001,5,ramp_down,-0.8450493350493347,-0.11267313200000002,0.23917222299999993,-0.16634107,-0.2760868,-0.239688588,5
demo_1_labeled,approach,joint_4,15,19,0.4999995,0.6333327000000001,0.1333332000000001,5,ramp_up,0.11063381063380942,0.014751159999999848,-2.857796329999998,-2.8036914,-2.7898602,-2.7951039,5
demo_1_labeled,approach,joint_5,15,19,0.4999995,0.6333327000000001,0.1333332000000001,5,constant,0.023455531555531525,0.003127401079999998,-0.008673779809999987,0.0030562356,0.0058251913,0.00461767478,5
demo_1_labeled,approach,joint_6,15,19,0.4999995,0.6333327000000001,0.1333332000000001,5,ramp_down,-0.06093066093066522,-0.008124080000000578,3.062018000000001,3.033002,3.02507,3.0274906600000002,5
demo_1_labeled,approach,joint_7,15,19,0.4999995,0.6333327000000001,0.1333332000000001,5,ramp_down,-0.6357519357519369,-0.08476684000000022,0.9131059220000004,0.6122596,0.5274355,0.552846852,5
demo_1_labeled,approach,finger_1,15,19,0.4999995,0.6333327000000001,0.1333332000000001,5,constant,0.00017099417099404796,2.2799199999983612e-05,0.03988463380000005,0.04,0.04,0.03998153040000001,5
demo_1_labeled,approach,finger_2,15,19,0.4999995,0.6333327000000001,0.1333332000000001,5,constant,-0.00030263430263432296,-4.035120000000274e-05,0.040152308599999985,0.039990466,0.03996644,0.039980816,5
demo_1_labeled,approach,joint_1,20,24,0.6666660000000001,0.7999992,0.13333319999999993,5,constant,-8.476808476822643e-05,-1.1302400000018882e-05,0.08701974440000006,0.086967885,0.08695456,0.08695758120000001,5
demo_1_labeled,approach,joint_2,20,24,0.6666660000000001,0.7999992,0.13333319999999993,5,constant,-9.885009885212462e-05,-1.3180000000270096e-05,-0.5684864699999981,-0.56854695,-0.56856245,-0.5685589600000001,5
demo_1_labeled,approach,joint_3,20,24,0.6666660000000001,0.7999992,0.13333319999999993,5,constant,-5.118005118083132e-05,-6.824000000104015e-06,-0.2761211219999992,-0.27615237,-0.27616045,-0.27615865399999995,5
demo_1_labeled,approach,joint_4,20,24,0.6666660000000001,0.7999992,0.13333319999999993,5,constant,5.4000054002622284e-05,7.200000000342434e-06,-2.7898342,-2.7898018,-2.7897928,-2.7897946000000005,5
demo_1_labeled,approach,joint_5,20,24,0.6666660000000001,0.7999992,0.13333319999999993,5,constant,-4.131004131004533e-06,-5.508000000000533e-07,0.005828139799999997,0.005825574,0.005824946,0.0058251104,5
demo_1_labeled,approach,joint_6,20,24,0.6666660000000001,0.7999992,0.13333319999999993,5,constant,2.432379210174458e-15,3.2431690370603286e-16,3.0250799999999956,3.02508,3.02508,3.02508,5
demo_1_labeled,approach,joint_7,20,24,0.6666660000000001,0.7999992,0.13333319999999993,5,constant,6.080948025436145e-16,8.107922592650822e-17,0.5274364399999991,0.52743644,0.52743644,0.52743644,5
demo_1_labeled,approach,finger_1,20,24,0.6666660000000001,0.7999992,0.13333319999999993,5,constant,-3.8005925158975903e-17,-5.0674516204067635e-18,0.04,0.04,0.04,0.04,5
demo_1_labeled,approach,finger_2,20,24,0.6666660000000001,0.7999992,0.13333319999999993,5,constant,0.00012086712086719557,1.6115600000009953e-05,0.039904171999999925,0.039982006,0.039998718,0.039992807799999995,5
demo_1_labeled,approach,joint_1,25,29,0.8333325,0.9666657,0.13333319999999993,5,constant,7.601185031795182e-17,1.0134903240813529e-17,0.08695455999999993,0.08695456,0.08695456,0.08695456,5
demo_1_labeled,approach,joint_2,25,29,0.8333325,0.9666657,0.13333319999999993,5,constant,-2.4323792101744582e-15,-3.243169037060329e-16,-0.5685624499999979,-0.56856245,-0.56856245,-0.56856245,5
demo_1_labeled,approach,joint_3,25,29,0.8333325,0.9666657,0.13333319999999993,5,constant,-9.121422038154219e-16,-1.2161883888976234e-16,-0.27616044999999917,-0.27616045,-0.27616045,-0.27616045,5
demo_1_labeled,approach,joint_4,25,29,0.8333325,0.9666657,0.13333319999999993,5,constant,-9.729516840697833e-15,-1.2972676148241317e-15,-2.789792799999992,-2.7897928,-2.7897928,-2.7897928,5
demo_1_labeled,approach,joint_5,25,29,0.8333325,0.9666657,0.13333319999999993,5,constant,-4.467004466706199e-07,-5.9559999996023066e-08,0.005825303169999973,0.005824931,0.0058248714,0.005824901140000001,5
demo_1_labeled,approach,joint_6,25,29,0.8333325,0.9666657,0.13333319999999993,5,constant,9.729516840697833e-15,1.2972676148241317e-15,3.025079999999991,3.02508,3.02508,3.02508,5
demo_1_labeled,approach,joint_7,25,29,0.8333325,0.9666657,0.13333319999999993,5,constant,1.2161896050872291e-15,1.6215845185301646e-16,0.5274364399999988,0.52743644,0.52743644,0.52743644,5
demo_1_labeled,approach,finger_1,25,29,0.8333325,0.9666657,0.13333319999999993,5,constant,1.5202370063590364e-16,2.0269806481627057e-17,0.03999999999999986,0.04,0.04,0.04,5
demo_1_labeled,approach,finger_2,25,29,0.8333325,0.9666657,0.13333319999999993,5,constant,4.413004413342304e-06,5.884000000450518e-07,0.03999576229999968,0.039999336,0.039999932,0.03999973400000001,5
demo_1_labeled,approach,joint_1,30,34,0.999999,1.1333322,0.13333319999999993,5,ramp_up,0.9591579111579113,0.12788759359999996,-0.8648520416000001,0.10249455,0.23120408,0.1582487072,5
demo_1_labeled,approach,joint_2,30,34,0.999999,1.1333322,0.13333319999999993,5,ramp_up,0.9673153573153621,0.12897525200000057,-1.5226771840000053,-0.5522402,-0.42358518,-0.490875168,5
demo_1_labeled,approach,joint_3,30,34,0.999999,1.1333322,0.13333319999999993,5,ramp_down,-1.017555627555626,-0.1356739479999997,0.7321820939999983,-0.2933212,-0.43003136,-0.35320948999999996,5
demo_1_labeled,approach,joint_4,30,34,0.999999,1.1333322,0.13333319999999993,5,ramp_down,-0.5207345207344989,-0.06943119999999706,-2.285756480000023,-2.804598,-2.873843,-2.84120608,5
demo_1_labeled,approach,joint_5,30,34,0.999999,1.1333322,0.13333319999999993,5,ramp_up,0.135906774906775,0.018120885200000002,-0.12512871860000008,0.009970922,0.027488533,0.019838363,5
demo_1_labeled,approach,joint_6,30,34,0.999999,1.1333322,0.13333319999999993,5,ramp_up,1.6126330126329973,0.21501751999999785,1.4626240400000166,3.0765564,3.2915704,3.1827642000000003,5
demo_1_labeled,approach,joint_7,30,34,0.999999,1.1333322,0.13333319999999993,5,ramp_down,-0.32541434541434994,-0.04338853600000058,0.8426761920000049,0.5173722,0.4744097,0.49556790399999995,5
demo_1_labeled,approach,finger_1,30,34,0.999999,1.1333322,0.13333319999999993,5,constant,-2.280355509538554e-16,-3.040470972244058e-17,0.040000000000000244,0.04,0.04,0.04,5
demo_1_labeled,approach,finger_2,30,34,0.999999,1.1333322,0.13333319999999993,5,constant,2.1567021566675754e-05,2.87559999995389e-06,0.03997473400000037,0.0399969,0.03999934,0.0399977388,5
demo_1_labeled,approach,joint_1,35,39,1.1666655,1.2999987000000002,0.13333320000000026,5,ramp_up,2.1205149205149167,0.28273504000000005,-2.1837186959999952,0.2902551,0.5727099,0.431580424,5
demo_1_labeled,approach,joint_2,35,39,1.1666655,1.2999987000000002,0.13333320000000026,5,ramp_up,1.3973106773106727,0.18630790399999975,-2.0204757699999942,-0.38539803,-0.1979391,-0.297127658,5
demo_1_labeled,approach,joint_3,35,39,1.1666655,1.2999987000000002,0.13333320000000026,5,ramp_down,-2.1772937572937536,-0.2903055440000001,2.0475621259999954,-0.4926034,-0.78289866,-0.637764156,5
demo_1_labeled,approach,joint_4,35,39,1.1666655,1.2999987000000002,0.13333320000000026,5,ramp_down,-0.15276525276526198,-0.02036868000000127,-2.7101392699999884,-2.8855393,-2.905654,-2.89854956,5
demo_1_labeled,approach,joint_5,35,39,1.1666655,1.2999987000000002,0.13333320000000026,5,ramp_down,-1.307145005145002,-0.17428582639999993,1.5678297765999962,0.023207234,-0.15233903,-0.044314117599999994,5
demo_1_labeled,approach,joint_6,35,39,1.1666655,1.2999987000000002,0.13333320000000026,5,ramp_up,1.758950058950064,0.23452644000000114,1.2954336099999941,3.3483229,3.5830317,3.4648031799999996,5
demo_1_labeled,approach,joint_7,35,39,1.1666655,1.2999987000000002,0.13333320000000026,5,ramp_up,0.8688083088083065,0.11584099199999992,-0.5627321579999971,0.4690185,0.58677554,0.508797018,5
demo_1_labeled,approach,finger_1,35,39,1.1666655,1.2999987000000002,0.13333320000000026,5,constant,0.0,0.0,0.04,0.04,0.04,0.04,5
demo_1_labeled,approach,finger_2,35,39,1.1666655,1.2999987000000002,0.13333320000000026,5,constant,-5.9430059429939606e-05,-7.92399999998404e-06,0.04006436019999985,0.039999887,0.039990585,0.039991063199999996,5
demo_1_labeled,approach,joint_1,40,44,1.3333320000000002,1.4666652000000002,0.13333320000000004,5,ramp_up,0.1273766773766781,0.016983540000000102,0.475624225999999,0.6416324,0.65955037,0.6539513959999999,5
demo_1_labeled,approach,joint_2,40,44,1.3333320000000002,1.4666652000000002,0.13333320000000004,5,ramp_up,0.09909824709824672,0.013213086399999954,-0.2541155109999995,-0.1282192,-0.111977965,-0.11537810379999999,5
demo_1_labeled,approach,joint_3,40,44,1.3333320000000002,1.4666652000000002,0.13333320000000004,5,constant,0.019013269013266013,0.0025350999999996008,-0.8803485559999957,-0.85535026,-0.8528283,-0.8537300059999999,5
demo_1_labeled,approach,joint_4,40,44,1.3333320000000002,1.4666652000000002,0.13333320000000004,5,constant,-0.033135333135344315,-0.004418040000001492,-2.859100919999984,-2.9014666,-2.9066958,-2.90549034,5
demo_1_labeled,approach,joint_5,40,44,1.3333320000000002,1.4666652000000002,0.13333320000000004,5,constant,-0.004976464976464903,-0.0006635279999999904,-0.23281002600000014,-0.2394049,-0.2400283,-0.23977707,5
demo_1_labeled,approach,joint_6,40,44,1.3333320000000002,1.4666652000000002,0.13333320000000004,5,constant,-0.008396708396690107,-0.0011195599999975618,3.6573996799999753,3.6467087,3.645351,3.6456443000000007,5
demo_1_labeled,approach,joint_7,40,44,1.3333320000000002,1.4666652000000002,0.13333320000000004,5,constant,0.0019600219600233084,0.00026133600000017985,0.6695405399999982,0.6720581,0.67235947,0.672284568,5
demo_1_labeled,approach,finger_1,40,44,1.3333320000000002,1.4666652000000002,0.13333320000000004,5,constant,-3.933603933601352e-05,-5.2447999999965595e-06,0.04004221279999996,0.039998684,0.039990727,0.0399871424,5
demo_1_labeled,approach,finger_2,40,44,1.3333320000000002,1.4666652000000002,0.13333320000000004,5,constant,-3.000002977646173e-08,-3.999999970190929e-09,0.04000004099999968,0.04,0.039999995,0.039999999,5
demo_1_labeled,approach,joint_1,45,49,1.4999985000000002,1.6333317,0.13333319999999982,5,ramp_up,0.3679624879624857,0.049061615999999635,0.09868577400000322,0.6597509,0.7055897,0.675159762,5
demo_1_labeled,approach,joint_2,45,49,1.4999985000000002,1.6333317,0.13333319999999982,5,ramp_up,0.06748320748320744,0.008997751999999982,-0.21505100199999996,-0.11196623,-0.10265238,-0.109327416,5
demo_1_labeled,approach,joint_3,45,49,1.4999985000000002,1.6333317,0.13333319999999982,5,ramp_down,-1.047156027156026,-0.13962066399999967,0.7460545479999986,-0.852788,-0.9932921,-0.894488254,5
demo_1_labeled,approach,joint_4,45,49,1.4999985000000002,1.6333317,0.13333319999999982,5,ramp_up,0.17230157230158127,0.022973520000001166,-3.1699182400000128,-2.906708,-2.8829293,-2.8999793800000004,5
demo_1_labeled,approach,joint_5,45,49,1.4999985000000002,1.6333317,0.13333319999999982,5,ramp_down,-1.3060766860766861,-0.17414338399999976,1.7538973960000004,-0.24004094,-0.41418192,-0.29228736599999994,5
demo_1_labeled,approach,joint_6,45,49,1.4999985000000002,1.6333317,0.13333319999999982,5,ramp_down,-0.056655356655370054,-0.007554040000001776,3.731798190000021,3.645351,3.6380298,3.6430382199999998,5
demo_1_labeled,approach,joint_7,45,49,1.4999985000000002,1.6333317,0.13333319999999982,5,ramp_up,0.6917225717225703,0.09222958399999968,-0.38393639999999807,0.6723604,0.7659303,0.699761212,5
demo_1_labeled,approach,finger_1,45,49,1.4999985000000002,1.6333317,0.13333319999999982,5,constant,-0.0003517113517113226,-4.689479999999605e-05,0.04053140889999995,0.039994694,0.039957464,0.039980395,5
demo_1_labeled,approach,finger_2,45,49,1.4999985000000002,1.6333317,0.13333319999999982,5,constant,-2.6604147611283145e-16,-3.547216134284733e-17,0.04000000000000042,0.04,0.04,0.04,5
demo_1_labeled,approach,joint_1,50,54,1.666665,1.7999982,0.13333320000000004,5,ramp_down,-0.09278961278961169,-0.012371935999999858,0.832319629999998,0.68085355,0.6675057,0.671484462,5
demo_1_labeled,approach,joint_2,50,54,1.666665,1.7999982,0.13333320000000004,5,constant,-0.006372036372036676,-0.0008496040000000408,-0.09294991599999947,-0.10334743,-0.10426671,-0.103994768,5
demo_1_labeled,approach,joint_3,50,54,1.666665,1.7999982,0.13333320000000004,5,constant,-0.01783168783169268,-0.002377556000000647,-0.9688040459999915,-0.99791354,-1.0004777,-0.999712274,5
demo_1_labeled,approach,joint_4,50,54,1.666665,1.7999982,0.13333320000000004,5,constant,0.006043506043502805,0.0008057999999995685,-2.890731479999994,-2.8808687,-2.8799977,-2.88025608,5
demo_1_labeled,approach,joint_5,50,54,1.666665,1.7999982,0.13333320000000004,5,constant,0.005914325914325788,0.0007885759999999833,-0.4227703379999999,-0.41311732,-0.4122658,-0.41251885,5
demo_1_labeled,approach,joint_6,50,54,1.666665,1.7999982,0.13333320000000004,5,constant,0.0004971004971190314,6.628000000247126e-05,3.6372478999999673,3.6380575,3.6381295,3.63810954,5
demo_1_labeled,approach,joint_7,50,54,1.666665,1.7999982,0.13333320000000004,5,constant,-0.0010345210345184999,-0.0001379359999996621,0.7673005279999956,0.76561314,0.76546365,0.76550736,5
demo_1_labeled,approach,finger_1,50,54,1.666665,1.7999982,0.13333320000000004,5,constant,0.0,0.0,0.04,0.04,0.04,0.04,5
demo_1_labeled,approach,finger_2,50,54,1.666665,1.7999982,0.13333320000000004,5,constant,0.00011192711192726154,1.4923600000019953e-05,0.03978885959999975,0.039980307,0.039992485,0.0399828664,5
demo_1_labeled,approach,joint_1,55,59,1.8333315,1.9666647,0.13333320000000004,5,constant,-0.0005421305421274294,-7.228399999958498e-05,0.6683382609999939,0.66736305,0.66728497,0.667308214,5
demo_1_labeled,approach,joint_2,55,59,1.8333315,1.9666647,0.13333320000000004,5,constant,-3.744003743991172e-05,-4.991999999983239e-06,-0.10420881680000024,-0.10427624,-0.10428161,-0.10427995280000002,5
demo_1_labeled,approach,joint_3,55,59,1.8333315,1.9666647,0.13333320000000004,5,constant,-9.660009660201532e-05,-1.2880000000255833e-05,-1.0003319399999964,-1.0005053,-1.0005193,-1.0005154799999998,5
demo_1_labeled,approach,joint_4,55,59,1.8333315,1.9666647,0.13333320000000004,5,constant,1.680001680130229e-05,2.2400000001713994e-06,-2.880017380000003,-2.8799877,-2.8799849,-2.8799854600000003,5
demo_1_labeled,approach,joint_5,55,59,1.8333315,1.9666647,0.13333320000000004,5,constant,3.22200322204214e-05,4.296000000051892e-06,-0.41231469200000076,-0.4122568,-0.41225216,-0.412253474,5
demo_1_labeled,approach,joint_6,55,59,1.8333315,1.9666647,0.13333320000000004,5,constant,1.459427526104674e-14,1.945901422236198e-15,3.6381294999999727,3.6381295,3.6381295,3.6381294999999994,5
demo_1_labeled,approach,joint_7,55,59,1.8333315,1.9666647,0.13333320000000004,5,constant,-1.8000017944929364e-06,-2.3999999926548567e-07,0.7654658199999894,0.76546264,0.76546234,0.7654624,5
demo_1_labeled,approach,finger_1,55,59,1.8333315,1.9666647,0.13333320000000004,5,constant,0.0,0.0,0.04,0.04,0.04,0.04,5
demo_1_labeled,approach,finger_2,55,59,1.8333315,1.9666647,0.13333320000000004,5,constant,2.8110028110109316e-05,3.748000000010829e-06,0.03994485299999984,0.039995793,0.039999656,0.03999826199999999,5
demo_1_labeled,approach,joint_1,60,64,1.999998,2.1333312,0.13333320000000026,5,constant,-1.2161896050872246e-15,-1.6215845185301626e-16,0.6672843000000025,0.6672843,0.6672843,0.6672843,5
demo_1_labeled,approach,joint_2,60,64,1.999998,2.1333312,0.13333320000000026,5,constant,2.280355509538546e-16,3.040470972244054e-17,-0.1042816100000005,-0.10428161,-0.10428161,-0.10428161,5
demo_1_labeled,approach,joint_3,60,64,1.999998,2.1333312,0.13333320000000026,5,constant,4.864758420348898e-15,6.48633807412065e-16,-1.00051930000001,-1.0005193,-1.0005193,-1.0005193,5
demo_1_labeled,approach,joint_4,60,64,1.999998,2.1333312,0.13333320000000026,5,constant,4.864758420348898e-15,6.48633807412065e-16,-2.8799849000000104,-2.8799849,-2.8799849,-2.8799849,5
demo_1_labeled,approach,joint_5,60,64,1.999998,2.1333312,0.13333320000000026,5,constant,6.080948025436123e-16,8.107922592650813e-17,-0.41225216000000114,-0.41225216,-0.41225216,-0.41225216,5
demo_1_labeled,approach,joint_6,60,64,1.999998,2.1333312,0.13333320000000026,5,constant,-1.9459033681395593e-14,-2.59453522964826e-15,3.6381295000000398,3.6381295,3.6381295,3.6381294999999994,5
demo_1_labeled,approach,joint_7,60,64,1.999998,2.1333312,0.13333320000000026,5,constant,-4.256663617805286e-15,-5.675545814855568e-16,0.7654623400000088,0.76546234,0.76546234,0.76546234,5
demo_1_labeled,approach,finger_1,60,64,1.999998,2.1333312,0.13333320000000026,5,constant,-1.9002962579487883e-16,-2.5337258102033788e-17,0.040000000000000396,0.04,0.04,0.04,5
demo_1_labeled,approach,finger_2,60,64,1.999998,2.1333312,0.13333320000000026,5,constant,6.900006899134058e-07,9.19999999883623e-08,0.03999848300000017,0.039999817,0.039999932,0.039999909,5
demo_1_labeled,approach,joint_1,65,69,2.1666645,2.2999977,0.13333320000000004,5,ramp_up,0.5136230136230132,0.06848299999999996,-0.4574126299999989,0.6672843,0.7265252,0.6896776200000001,5
demo_1_labeled,approach,joint_2,65,69,2.1666645,2.2999977,0.13333320000000004,5,ramp_up,1.0380917730917734,0.13841209800000007,-2.3813226595000003,-0.10428161,0.034940675,-0.062920018,5
demo_1_labeled,approach,joint_3,65,69,2.1666645,2.2999977,0.13333320000000004,5,ramp_down,-0.8401334401334422,-0.1120176800000003,0.8405356400000045,-1.0005193,-1.1043575,-1.0357604999999999,5
demo_1_labeled,approach,joint_4,65,69,2.1666645,2.2999977,0.13333320000000004,5,ramp_up,0.29343029343029964,0.03912400000000084,-3.5237565800000143,-2.8799849,-2.8399515,-2.86842958,5
demo_1_labeled,approach,joint_5,65,69,2.1666645,2.2999977,0.13333320000000004,5,ramp_down,-1.2775870375870375,-0.17034476800000004,2.390048808,-0.41225216,-0.5832446,-0.463226056,5
demo_1_labeled,approach,joint_6,65,69,2.1666645,2.2999977,0.13333320000000004,5,ramp_up,0.9357438357438359,0.12476572000000007,1.58781235,3.6381295,3.7525005,3.67763816,5
demo_1_labeled,approach,joint_7,65,69,2.1666645,2.2999977,0.13333320000000004,5,ramp_up,1.3051448251448245,0.17401913599999996,-2.097153271999998,0.76546234,0.9394856,0.817667256,5
demo_1_labeled,approach,finger_1,65,69,2.1666645,2.2999977,0.13333320000000004,5,constant,-0.00010761010761028339,-1.4348000000023441e-05,0.04023651020000039,0.04,0.039983224,0.0399961812,5
demo_1_labeled,approach,finger_2,65,69,2.1666645,2.2999977,0.13333320000000004,5,constant,6.12000611916918e-07,8.159999998884083e-08,0.03999859240000019,0.039999932,0.04,0.039999959200000004,5
demo_1_labeled,approach,joint_1,70,74,2.3333310000000003,2.4666642000000003,0.13333320000000004,5,ramp_down,-1.2835782835782843,-0.17114360000000015,3.6657033140000017,0.6796874,0.5081487,0.5851185140000001,5
demo_1_labeled,approach,joint_2,70,74,2.3333310000000003,2.4666642000000003,0.13333320000000004,5,ramp_up,2.1687354687354676,0.28916443999999997,-4.953189499999998,0.10727935,0.39644155,0.25177042,5
demo_1_labeled,approach,joint_3,70,74,2.3333310000000003,2.4666642000000003,0.13333320000000004,5,ramp_up,1.3145950145950147,0.17527916000000007,-4.146004106,-1.0801407,-0.90565467,-0.990979226,5
demo_1_labeled,approach,joint_4,70,74,2.3333310000000003,2.4666642000000003,0.13333320000000004,5,ramp_up,0.508523608523614,0.06780308000000075,-4.000108580000013,-2.8155637,-2.7470353,-2.7796531399999997,5
demo_1_labeled,approach,joint_5,70,74,2.3333310000000003,2.4666642000000003,0.13333320000000004,5,ramp_down,-0.17338817338817236,-0.02311839999999987,-0.2812223100000025,-0.6644391,-0.69211835,-0.6973535099999999,5
demo_1_labeled,approach,joint_6,70,74,2.3333310000000003,2.4666642000000003,0.13333320000000004,5,constant,-1.800001800573886e-06,-2.4000000007627815e-07,3.7525044400000014,3.7525003,3.7525,3.7525001199999997,5
demo_1_labeled,approach,joint_7,70,74,2.3333310000000003,2.4666642000000003,0.13333320000000004,5,ramp_up,1.2912225912225912,0.17216284000000004,-1.9653970400000003,1.0264854,1.2025557,1.13353408,5
demo_1_labeled,approach,finger_1,70,74,2.3333310000000003,2.4666642000000003,0.13333320000000004,5,constant,9.200409200402661e-05,1.2267199999991284e-05,0.03977612360000017,0.039984666,0.04,0.03999693320000001,5
demo_1_labeled,approach,finger_2,70,74,2.3333310000000003,2.4666642000000003,0.13333320000000004,5,constant,-2.3178023178152906e-05,-3.090400000017298e-06,0.04004713160000031,0.04,0.0399972,0.0399915044,5
demo_1_labeled,approach,joint_1,75,79,2.4999975,2.6333307,0.13333320000000004,5,constant,0.010895590895588359,0.0014527439999996621,0.48371093800000653,0.51044714,0.5120923,0.51167626,5
demo_1_labeled,approach,joint_2,75,79,2.4999975,2.6333307,0.13333320000000004,5,constant,0.00454194454194209,0.0006055919999996733,0.4040052400000063,0.41512427,0.41582936,0.41566288599999995,5
demo_1_labeled,approach,joint_3,75,79,2.4999975,2.6333307,0.13333320000000004,5,constant,0.0071196071196110286,0.0009492800000005214,-0.9185001200000099,-0.9010443,-0.8999583,-0.9002264799999999,5
demo_1_labeled,approach,joint_4,75,79,2.4999975,2.6333307,0.13333320000000004,5,constant,-0.003331203331195873,-0.0004441599999990057,-2.741021420000019,-2.7491453,-2.7496862,-2.7495714999999996,5
demo_1_labeled,approach,joint_5,75,79,2.4999975,2.6333307,0.13333320000000004,5,constant,-0.0013827913827877275,-0.00018437199999951268,-0.6883514030000095,-0.69173956,-0.69195235,-0.691900564,5
demo_1_labeled,approach,joint_6,75,79,2.4999975,2.6333307,0.13333320000000004,5,constant,-0.00032280032281859384,-4.304000000243615e-05,3.7511996000000476,3.750414,3.7503603,3.75037108,5
demo_1_labeled,approach,joint_7,75,79,2.4999975,2.6333307,0.13333320000000004,5,constant,0.0003285003284977089,4.379999999965074e-05,1.2022449500000068,1.2030493,1.2031002,1.2030881,5
demo_1_labeled,approach,finger_1,75,79,2.4999975,2.6333307,0.13333320000000004,5,constant,5.12160512158561e-05,6.8287999999739865e-06,0.039862346400000505,0.03999286,0.039997924,0.03999380079999999,5
demo_1_labeled,approach,finger_2,75,79,2.4999975,2.6333307,0.13333320000000004,5,constant,5.1012051011871124e-05,6.801599999976017e-06,0.03986736780000046,0.039991498,0.04,0.0399982986,5
demo_1_labeled,approach,joint_1,80,84,2.6666640000000004,2.7999972000000004,0.13333320000000004,5,constant,0.0,0.0,0.5120947,0.5120947,0.5120947,0.5120947,5
demo_1_labeled,approach,joint_2,80,84,2.6666640000000004,2.7999972000000004,0.13333320000000004,5,constant,9.12142203815422e-16,1.2161883888976247e-16,0.4158298999999975,0.4158299,0.4158299,0.4158299,5
demo_1_labeled,approach,joint_3,80,84,2.6666640000000004,2.7999972000000004,0.13333320000000004,5,constant,1.2161896050872293e-15,1.621584518530166e-16,-0.8999570000000032,-0.899957,-0.899957,-0.899957,5
demo_1_labeled,approach,joint_4,80,84,2.6666640000000004,2.7999972000000004,0.13333320000000004,5,constant,4.864758420348917e-15,6.486338074120664e-16,-2.749686200000014,-2.7496862,-2.7496862,-2.7496862,5
demo_1_labeled,approach,joint_5,80,84,2.6666640000000004,2.7999972000000004,0.13333320000000004,5,constant,1.2161896050872293e-15,1.621584518530166e-16,-0.6919523500000033,-0.69195235,-0.69195235,-0.69195235,5
demo_1_labeled,approach,joint_6,80,84,2.6666640000000004,2.7999972000000004,0.13333320000000004,5,constant,4.864758420348917e-15,6.486338074120664e-16,3.7503602999999868,3.7503603,3.7503603,3.7503602999999996,5
demo_1_labeled,approach,joint_7,80,84,2.6666640000000004,2.7999972000000004,0.13333320000000004,5,constant,-1.2161896050872293e-15,-1.621584518530166e-16,1.2031002000000035,1.2031002,1.2031002,1.2031002,5
demo_1_labeled,approach,finger_1,80,84,2.6666640000000004,2.7999972000000004,0.13333320000000004,5,constant,7.230007229981681e-06,9.639999999965937e-07,0.039979803600000086,0.039998915,0.039999917,0.039999565599999995,5
demo_1_labeled,approach,finger_2,80,84,2.6666640000000004,2.7999972000000004,0.13333320000000004,5,constant,0.0,0.0,0.04000000000000001,0.04,0.04,0.04,5
demo_1_labeled,approach,joint_1,85,89,2.8333305,2.9666637,0.1333331999999996,5,ramp_up,0.779419619419619,0.10392251199999963,-1.7176202279999986,0.5120947,0.61890244,0.542694408,5
demo_1_labeled,approach,joint_2,85,89,2.8333305,2.9666637,0.1333331999999996,5,ramp_down,-0.12069150069150232,-0.01609218400000017,0.7609842460000047,0.4158299,0.39985272,0.4109792440000001,5
demo_1_labeled,approach,joint_3,85,89,2.8333305,2.9666637,0.1333331999999996,5,ramp_down,-0.2243459243459177,-0.029912759999999025,-0.2585641900000192,-0.899957,-0.9286903,-0.90916672,5
demo_1_labeled,approach,joint_4,85,89,2.8333305,2.9666637,0.1333331999999996,5,ramp_down,-0.28304398304398004,-0.03773915999999949,-1.9401868100000088,-2.7496862,-2.7873974,-2.7610135400000004,5
demo_1_labeled,approach,joint_5,85,89,2.8333305,2.9666637,0.1333331999999996,5,ramp_up,0.8264592764592792,0.11019446000000004,-3.055594395000008,-0.69195235,-0.5819035,-0.65886489,5
demo_1_labeled,approach,joint_6,85,89,2.8333305,2.9666637,0.1333331999999996,5,ramp_down,-0.13926283926286204,-0.01856836000000298,4.148651370000065,3.7503603,3.7317932,3.74478954,5
demo_1_labeled,approach,joint_7,85,89,2.8333305,2.9666637,0.1333331999999996,5,ramp_down,-0.12110772110772466,-0.016147680000000424,1.5493860000000104,1.2031002,1.1873622,1.1981739599999999,5
demo_1_labeled,approach,finger_1,85,89,2.8333305,2.9666637,0.1333331999999996,5,constant,7.47000746823138e-07,9.959999997631853e-08,0.039997783900000514,0.039999917,0.04,0.03999995020000001,5
demo_1_labeled,approach,finger_2,85,89,2.8333305,2.9666637,0.1333331999999996,5,constant,-0.0003298083298086268,-4.397440000003947e-05,0.040941282400000854,0.04,0.039965868,0.0399848392,5
demo_1_labeled,approach,joint_1,90,94,2.9999970000000005,3.1333302000000005,0.13333320000000004,5,constant,0.022890382890381002,0.0030520479999997492,0.5670205340000061,0.63458914,0.63807905,0.637217638,5
demo_1_labeled,approach,joint_2,90,94,2.9999970000000005,3.1333302000000005,0.13333320000000004,5,constant,0.005143745143745661,0.0006858320000000692,0.3850725579999984,0.4002572,0.40104064,0.40084669400000006,5
demo_1_labeled,approach,joint_3,90,94,2.9999970000000005,3.1333302000000005,0.13333320000000004,5,constant,0.012899922899924912,0.0017199880000002689,-0.9591790620000064,-0.92109907,-0.9191335,-0.9196193380000001,5
demo_1_labeled,approach,joint_4,90,94,2.9999970000000005,3.1333302000000005,0.13333320000000004,5,constant,-0.0009297009296923648,-0.00012395999999885804,-2.7858405200000265,-2.7885916,-2.7887275,-2.7886916,5
demo_1_labeled,approach,joint_5,90,94,2.9999970000000005,3.1333302000000005,0.13333320000000004,5,constant,-0.0023779223779231717,-0.00031705600000010595,-0.5759756539999975,-0.5829953,-0.58335745,-0.583267942,5
demo_1_labeled,approach,joint_6,90,94,2.9999970000000005,3.1333302000000005,0.13333320000000004,5,constant,0.0002067002067010378,2.7560000000110823e-05,3.731553539999998,3.7321622,3.7321947,3.7321874200000003,5
demo_1_labeled,approach,joint_7,90,94,2.9999970000000005,3.1333302000000005,0.13333320000000004,5,constant,0.00034500034500215937,4.6000000000241926e-05,1.1865185399999945,1.1875374,1.1875895,1.1875765399999998,5
demo_1_labeled,approach,finger_1,90,94,2.9999970000000005,3.1333302000000005,0.13333320000000004,5,constant,0.00030735030735023984,4.097999999999101e-05,0.03903341580000021,0.039955065,0.03999394,0.0399759558,5
demo_1_labeled,approach,finger_2,90,94,2.9999970000000005,3.1333302000000005,0.13333320000000004,5,constant,-1.5202370063590366e-16,-2.0269806481627076e-17,0.03999999800000047,0.04,0.04,0.039999998,5
demo_1_labeled,approach,joint_1,95,99,3.1666635000000003,3.2999967000000003,0.13333320000000004,5,ramp_down,-0.1814283614283629,-0.024190424000000207,1.1999684360000047,0.63808304,0.60740906,0.6133506539999999,5
demo_1_labeled,approach,joint_2,95,99,3.1666635000000003,3.2999967000000003,0.13333320000000004,5,ramp_up,0.06512769512769565,0.008683684000000072,0.19890045099999826,0.40104154,0.41163772,0.40947978799999996,5
demo_1_labeled,approach,joint_3,95,99,3.1666635000000003,3.2999967000000003,0.13333320000000004,5,ramp_up,0.19241653241653497,0.02565551200000035,-1.5153635380000083,-0.9191312,-0.88685066,-0.893217372,5
demo_1_labeled,approach,joint_4,95,99,3.1666635000000003,3.2999967000000003,0.13333320000000004,5,ramp_up,0.3108675108675092,0.04144895999999979,-3.7574661599999946,-2.7887275,-2.7411158,-2.7523288800000003,5
demo_1_labeled,approach,joint_5,95,99,3.1666635000000003,3.2999967000000003,0.13333320000000004,5,ramp_down,-0.1275614475614474,-0.017008175999999986,-0.18842946200000055,-0.58335745,-0.6050467,-0.60087773,5
demo_1_labeled,approach,joint_6,95,99,3.1666635000000003,3.2999967000000003,0.13333320000000004,5,ramp_down,-0.15870345870346572,-0.021160440000000943,4.224019570000022,3.7321947,3.7056217,3.7108789,5
demo_1_labeled,approach,joint_7,95,99,3.1666635000000003,3.2999967000000003,0.13333320000000004,5,ramp_up,0.18578718578718034,0.024771599999999283,0.6117406800000177,1.1875895,1.2186289,1.21245198,5
demo_1_labeled,approach,finger_1,95,99,3.1666635000000003,3.2999967000000003,0.13333320000000004,5,constant,2.622302622300129e-05,3.4963999999966763e-06,0.039913607900000085,0.039996855,0.039999638,0.0399983956,5
demo_1_labeled,approach,finger_2,95,99,3.1666635000000003,3.2999967000000003,0.13333320000000004,5,constant,-4.479004478979741e-06,-5.971999999967018e-07,0.04001369829999992,0.04,0.039999604,0.0399992162,5
demo_1_labeled,approach,joint_1,100,104,3.33333,3.4666632,0.13333320000000004,5,constant,-3.040474012718068e-15,-4.053961296325408e-16,0.6074090600000104,0.60740906,0.60740906,0.60740906,5
demo_1_labeled,approach,joint_2,100,104,3.33333,3.4666632,0.13333320000000004,5,constant,-2.1283318089026476e-15,-2.837772907427786e-16,0.41163737000000716,0.41163737,0.41163737,0.41163737000000006,5
demo_1_labeled,approach,joint_3,100,104,3.33333,3.4666632,0.13333320000000004,5,constant,1.8242844076308406e-15,2.432376777795245e-16,-0.8868506600000063,-0.88685066,-0.88685066,-0.88685066,5
demo_1_labeled,approach,joint_4,100,104,3.33333,3.4666632,0.13333320000000004,5,constant,7.297137630523362e-15,9.72950711118098e-16,-2.7411158000000246,-2.7411158,-2.7411158,-2.7411158,5
demo_1_labeled,approach,joint_5,100,104,3.33333,3.4666632,0.13333320000000004,5,constant,1.2161896050872271e-15,1.6215845185301633e-16,-0.6050467000000043,-0.6050467,-0.6050467,-0.6050467,5
demo_1_labeled,approach,joint_6,100,104,3.33333,3.4666632,0.13333320000000004,5,constant,-9.729516840697817e-15,-1.2972676148241307e-15,3.7056217000000324,3.7056217,3.7056217,3.7056217000000005,5
demo_1_labeled,approach,joint_7,100,104,3.33333,3.4666632,0.13333320000000004,5,constant,-2.4323792101744543e-15,-3.2431690370603267e-16,1.2186289000000083,1.2186289,1.2186289,1.2186289,5
demo_1_labeled,approach,finger_1,100,104,3.33333,3.4666632,0.13333320000000004,5,constant,7.200007199559105e-07,9.599999999402544e-08,0.03999745800000014,0.03999981,0.03999993,0.03999990600000001,5
demo_1_labeled,approach,finger_2,100,104,3.33333,3.4666632,0.13333320000000004,5,constant,7.770007767136161e-07,1.0359999996171195e-07,0.03999724460000098,0.039999787,0.039999913,0.039999886400000004,5
demo_1_labeled,approach,joint_1,105,109,3.4999965000000004,3.6333297,0.1333331999999996,5,ramp_down,-0.12878802878802864,-0.01717171999999993,1.0183456899999994,0.5773897,0.5551201,0.55900218,5
demo_1_labeled,approach,joint_2,105,109,3.4999965000000004,3.6333297,0.1333331999999996,5,ramp_up,0.5840545040545071,0.07787385600000017,-1.5505255820000112,0.46637163,0.5541857,0.532600066,5
demo_1_labeled,approach,joint_3,105,109,3.4999965000000004,3.6333297,0.1333331999999996,5,ramp_up,0.25356103356103143,0.03380810399999962,-1.727862157999992,-0.8537521,-0.81426334,-0.823495376,5
demo_1_labeled,approach,joint_4,105,109,3.4999965000000004,3.6333297,0.1333331999999996,5,ramp_up,0.08857748857748045,0.01181031999999888,-3.0248363799999702,-2.7224467,-2.7063725,-2.70891032,5
demo_1_labeled,approach,joint_5,105,109,3.4999965000000004,3.6333297,0.1333331999999996,5,ramp_up,0.11086793086793112,0.01478237599999999,-0.9725232020000009,-0.59183884,-0.5734267,-0.577094644,5
demo_1_labeled,approach,joint_6,105,109,3.4999965000000004,3.6333297,0.1333331999999996,5,constant,-0.019059919059913707,-0.0025413199999992785,3.8192309699999805,3.752501,3.7503803,3.7512506599999993,5
demo_1_labeled,approach,joint_7,105,109,3.4999965000000004,3.6333297,0.1333331999999996,5,ramp_up,0.09706989706990027,0.012942640000000387,0.9041671199999884,1.2376881,1.2536663,1.25038274,5
demo_1_labeled,approach,finger_1,105,109,3.4999965000000004,3.6333297,0.1333331999999996,5,constant,7.17750717752323e-05,9.570000000021376e-06,0.03973703009999942,0.039980255,0.03999558,0.0399930276,5
demo_1_labeled,approach,finger_2,105,109,3.4999965000000004,3.6333297,0.1333331999999996,5,constant,-3.000002989047959e-08,-3.999999985393282e-09,0.0399993599999996,0.04,0.039999995,0.039999253,5
demo_1_labeled,approach,joint_1,110,114,3.666663,3.7999962,0.13333320000000004,5,constant,4.995004994889841e-05,6.659999999846464e-06,0.5549736900000042,0.5551542,0.55516195,0.55516017,5
demo_1_labeled,approach,joint_2,110,114,3.666663,3.7999962,0.13333320000000004,5,constant,9.180009180007915e-06,1.2239999999998317e-06,0.5541628519999999,0.5541959,0.55419743,0.554197124,5
demo_1_labeled,approach,joint_3,110,114,3.666663,3.7999962,0.13333320000000004,5,constant,3.294003294356965e-05,4.392000000471562e-06,-0.8143588760000131,-0.81423986,-0.81423473,-0.8142359000000001,5
demo_1_labeled,approach,joint_4,110,114,3.666663,3.7999962,0.13333320000000004,5,constant,4.864758420348891e-15,6.48633807412063e-16,-2.7063758000000173,-2.7063758,-2.7063758,-2.7063758,5
demo_1_labeled,approach,joint_5,110,114,3.666663,3.7999962,0.13333320000000004,5,constant,-9.600009577115296e-07,-1.2799999969474297e-07,-0.5734273440000085,-0.5734308,-0.57343096,-0.5734309280000001,5
demo_1_labeled,approach,joint_6,110,114,3.666663,3.7999962,0.13333320000000004,5,constant,-1.459427526104667e-14,-1.9459014222361884e-15,3.750380300000054,3.7503803,3.7503803,3.7503803,5
demo_1_labeled,approach,joint_7,110,114,3.666663,3.7999962,0.13333320000000004,5,constant,-2.4323792101744456e-15,-3.243169037060315e-16,1.2536663000000086,1.2536663,1.2536663,1.2536663,5
demo_1_labeled,approach,finger_1,110,114,3.666663,3.7999962,0.13333320000000004,5,constant,1.655101655086627e-05,2.206799999979963e-06,0.039937208800000554,0.039997533,0.039999813,0.0399989992,5
demo_1_labeled,approach,finger_2,110,114,3.666663,3.7999962,0.13333320000000004,5,constant,-1.9002962579487856e-16,-2.533725810203371e-17,0.0400000000000007,0.04,0.04,0.04,5
demo_1_labeled,approach,joint_1,115,119,3.833329500000001,3.966662700000001,0.13333320000000004,5,constant,-1.2161896050872336e-15,-1.621584518530172e-16,0.5551619500000046,0.55516195,0.55516195,0.55516195,5
demo_1_labeled,approach,joint_2,115,119,3.833329500000001,3.966662700000001,0.13333320000000004,5,constant,-1.8242844076308505e-15,-2.4323767777952577e-16,0.5541974300000071,0.55419743,0.55419743,0.55419743,5
demo_1_labeled,approach,joint_3,115,119,3.833329500000001,3.966662700000001,0.13333320000000004,5,constant,0.0,0.0,-0.8142347299999997,-0.81423473,-0.81423473,-0.8142347300000001,5
demo_1_labeled,approach,joint_4,115,119,3.833329500000001,3.966662700000001,0.13333320000000004,5,constant,4.8647584203489346e-15,6.486338074120688e-16,-2.706375800000018,-2.7063758,-2.7063758,-2.7063758,5
demo_1_labeled,approach,joint_5,115,119,3.833329500000001,3.966662700000001,0.13333320000000004,5,constant,3.040474012718084e-15,4.0539612963254297e-16,-0.5734309600000118,-0.57343096,-0.57343096,-0.57343096,5
demo_1_labeled,approach,joint_6,115,119,3.833329500000001,3.966662700000001,0.13333320000000004,5,constant,-1.4594275261046804e-14,-1.945901422236206e-15,3.7503803000000557,3.7503803,3.7503803,3.7503803,5
demo_1_labeled,approach,joint_7,115,119,3.833329500000001,3.966662700000001,0.13333320000000004,5,constant,-3.648568815261701e-15,-4.864753555590515e-16,1.2536663000000134,1.2536663,1.2536663,1.2536663,5
demo_1_labeled,approach,finger_1,115,119,3.833329500000001,3.966662700000001,0.13333320000000004,5,constant,-2.280355509538563e-16,-3.040470972244072e-17,0.03999993200000088,0.039999932,0.039999932,0.039999932,5
demo_1_labeled,approach,finger_2,115,119,3.833329500000001,3.966662700000001,0.13333320000000004,5,constant,-2.280355509538563e-16,-3.040470972244072e-17,0.04000000000000088,0.04,0.04,0.04,5
demo_1_labeled,approach,joint_1,120,124,3.999996,4.1333292,0.13333320000000048,5,constant,-4.2566636178052755e-15,-5.675545814855564e-16,0.5551619500000171,0.55516195,0.55516195,0.55516195,5
demo_1_labeled,approach,joint_2,120,124,3.999996,4.1333292,0.13333320000000048,5,constant,-2.432379210174443e-15,-3.2431690370603217e-16,0.5541974300000099,0.55419743,0.55419743,0.55419743,5
demo_1_labeled,approach,joint_3,120,124,3.999996,4.1333292,0.13333320000000048,5,constant,6.0809480254361075e-15,8.107922592650805e-16,-0.8142347300000247,-0.81423473,-0.81423473,-0.8142347300000001,5
demo_1_labeled,approach,joint_4,120,124,3.999996,4.1333292,0.13333320000000048,5,constant,1.9459033681395543e-14,2.5945352296482574e-15,-2.7063758000000786,-2.7063758,-2.7063758,-2.7063758,5
demo_1_labeled,approach,joint_5,120,124,3.999996,4.1333292,0.13333320000000048,5,constant,1.8242844076308323e-15,2.432376777795242e-16,-0.5734309600000075,-0.57343096,-0.57343096,-0.57343096,5
demo_1_labeled,approach,joint_6,120,124,3.999996,4.1333292,0.13333320000000048,5,constant,-2.432379210174443e-14,-3.243169037060322e-15,3.750380300000099,3.7503803,3.7503803,3.7503803,5
demo_1_labeled,approach,joint_7,120,124,3.999996,4.1333292,0.13333320000000048,5,constant,-1.0945706445784993e-14,-1.459426066677145e-15,1.2536663000000443,1.2536663,1.2536663,1.2536663,5
demo_1_labeled,approach,finger_1,120,124,3.999996,4.1333292,0.13333320000000048,5,constant,-3.0404740127180535e-16,-4.053961296325402e-17,0.03999993200000124,0.039999932,0.039999932,0.039999932,5
demo_1_labeled,approach,finger_2,120,124,3.999996,4.1333292,0.13333320000000048,5,constant,-3.0404740127180535e-16,-4.053961296325402e-17,0.04000000000000122,0.04,0.04,0.04,5
demo_1_labeled,approach,joint_1,125,129,4.1666625,4.2999957,0.13333320000000004,5,constant,0.0,0.0,0.5551619500000001,0.55516195,0.55516195,0.55516195,5
demo_1_labeled,approach,joint_2,125,129,4.1666625,4.2999957,0.13333320000000004,5,constant,2.432379210174451e-15,3.243169037060322e-16,0.5541974299999899,0.55419743,0.55419743,0.55419743,5
demo_1_labeled,approach,joint_3,125,129,4.1666625,4.2999957,0.13333320000000004,5,constant,-1.2161896050872256e-15,-1.621584518530161e-16,-0.8142347299999947,-0.81423473,-0.81423473,-0.8142347300000001,5
demo_1_labeled,approach,joint_4,125,129,4.1666625,4.2999957,0.13333320000000004,5,constant,-2.432379210174451e-15,-3.243169037060322e-16,-2.7063757999999893,-2.7063758,-2.7063758,-2.7063758,5
demo_1_labeled,approach,joint_5,125,129,4.1666625,4.2999957,0.13333320000000004,5,constant,-1.2161896050872256e-15,-1.621584518530161e-16,-0.5734309599999947,-0.57343096,-0.57343096,-0.57343096,5
demo_1_labeled,approach,joint_6,125,129,4.1666625,4.2999957,0.13333320000000004,5,constant,0.0,0.0,3.7503802999999984,3.7503803,3.7503803,3.7503803,5
demo_1_labeled,approach,joint_7,125,129,4.1666625,4.2999957,0.13333320000000004,5,constant,2.432379210174451e-15,3.243169037060322e-16,1.2536662999999895,1.2536663,1.2536663,1.2536663,5
demo_1_labeled,approach,finger_1,125,129,4.1666625,4.2999957,0.13333320000000004,5,constant,0.0,0.0,0.03999993200000001,0.039999932,0.039999932,0.039999932,5
demo_1_labeled,approach,finger_2,125,129,4.1666625,4.2999957,0.13333320000000004,5,constant,7.60118503179516e-17,1.0134903240813507e-17,0.039999999999999675,0.04,0.04,0.04,5
demo_1_labeled,approach,joint_1,130,134,4.333329,4.4666622,0.13333320000000004,5,ramp_up,0.4200422700422703,0.05600558000000005,-1.275182650000001,0.55516195,0.6059782,0.57300149,5
demo_1_labeled,approach,joint_2,130,134,4.333329,4.4666622,0.13333320000000004,5,ramp_down,-0.05185754185754169,-0.00691433199999998,0.7801070659999993,0.55419743,0.5482282,0.55193411,5
demo_1_labeled,approach,joint_3,130,134,4.333329,4.4666622,0.13333320000000004,5,ramp_down,-0.056291366291363984,-0.007505507999999695,-0.5694873000000101,-0.81423473,-0.81832683,-0.817169064,5
demo_1_labeled,approach,joint_4,130,134,4.333329,4.4666622,0.13333320000000004,5,ramp_down,-0.12567522567522108,-0.016756679999999392,-2.1589637200000196,-2.7063758,-2.7204757,-2.7119341599999998,5
demo_1_labeled,approach,joint_5,130,134,4.333329,4.4666622,0.13333320000000004,5,ramp_up,0.39083808083807964,0.052111691999999855,-2.2756941619999944,-0.57343096,-0.5302649,-0.556008326,5
demo_1_labeled,approach,joint_6,130,134,4.333329,4.4666622,0.13333320000000004,5,ramp_down,-0.09780489780488197,-0.013040639999997893,4.17634829999993,3.7503803,3.7396443,3.7460071799999994,5
demo_1_labeled,approach,joint_7,130,134,4.333329,4.4666622,0.13333320000000004,5,constant,0.02623142623142983,0.0034975200000004806,1.139408839999984,1.2536663,1.2566066,1.254827,5
demo_1_labeled,approach,finger_1,130,134,4.333329,4.4666622,0.13333320000000004,5,constant,-0.00020382020382026336,-2.7176000000007947e-05,0.04088995280000026,0.039999932,0.039965928,0.039993144800000005,5
demo_1_labeled,approach,finger_2,130,134,4.333329,4.4666622,0.13333320000000004,5,constant,-0.00012634512634508908,-1.6845999999995037e-05,0.040547494999999815,0.04,0.04,0.039991577,5
demo_1_labeled,approach,joint_1,135,139,4.499995500000001,4.633328700000001,0.13333320000000004,5,constant,0.003261603261601263,0.0004348799999997336,0.5936111340000092,0.60813,0.6086282,0.6085057739999999,5
demo_1_labeled,approach,joint_2,135,139,4.499995500000001,4.633328700000001,0.13333320000000004,5,constant,0.0006452106452073776,8.602799999956434e-05,0.5457165430000148,0.5485892,0.54868716,0.5486630020000001,5
demo_1_labeled,approach,joint_3,135,139,4.499995500000001,4.633328700000001,0.13333320000000004,5,constant,0.0021345321345350755,0.0002846040000003922,-0.8264504410000136,-0.8169484,-0.8166226,-0.8167027539999999,5
demo_1_labeled,approach,joint_4,135,139,4.499995500000001,4.633328700000001,0.13333320000000004,5,constant,-6.990006989147593e-05,-9.319999998854141e-06,-2.720120090000039,-2.720431,-2.7204418,-2.7204393,5
demo_1_labeled,approach,joint_5,135,139,4.499995500000001,4.633328700000001,0.13333320000000004,5,constant,-0.0003627003626964522,-4.835999999947862e-05,-0.5288816300000179,-0.5304963,-0.5305515,-0.53053796,5
demo_1_labeled,approach,joint_6,135,139,4.499995500000001,4.633328700000001,0.13333320000000004,5,constant,3.3000032984575936e-05,4.3999999979390615e-06,3.73954370000007,3.73969,3.7396955,3.7396944,5
demo_1_labeled,approach,joint_7,135,139,4.499995500000001,4.633328700000001,0.13333320000000004,5,constant,2.820002819723444e-05,3.7599999996275003e-06,1.2565011800000128,1.2566262,1.2566309,1.2566299600000002,5
demo_1_labeled,approach,finger_1,135,139,4.499995500000001,4.633328700000001,0.13333320000000004,5,constant,0.0001947601947599704,2.5967999999970092e-05,0.03909808900000103,0.03997116,0.039997492,0.039987493,5
demo_1_labeled,approach,finger_2,135,139,4.499995500000001,4.633328700000001,0.13333320000000004,5,constant,3.000002981446775e-08,3.999999975258393e-09,0.03999986100000085,0.04,0.04,0.039999998,5
demo_1_labeled,approach,joint_1,140,144,4.6666620000000005,4.799995200000001,0.13333320000000004,5,constant,0.0,0.0,0.6086283000000002,0.6086283,0.6086283,0.6086283,5
demo_1_labeled,approach,joint_2,140,144,4.6666620000000005,4.799995200000001,0.13333320000000004,5,constant,-1.216189605087229e-15,-1.6215845185301656e-16,0.5486871600000057,0.54868716,0.54868716,0.54868716,5
demo_1_labeled,approach,joint_3,140,144,4.6666620000000005,4.799995200000001,0.13333320000000004,5,constant,0.0,0.0,-0.8166226000000001,-0.8166226,-0.8166226,-0.8166226,5
demo_1_labeled,approach,joint_4,140,144,4.6666620000000005,4.799995200000001,0.13333320000000004,5,constant,-4.864758420348916e-15,-6.486338074120662e-16,-2.720441799999978,-2.7204418,-2.7204418,-2.7204418,5
demo_1_labeled,approach,joint_5,140,144,4.6666620000000005,4.799995200000001,0.13333320000000004,5,constant,-6.080948025436145e-16,-8.107922592650828e-17,-0.5305514999999972,-0.5305515,-0.5305515,-0.5305515,5
demo_1_labeled,approach,joint_6,140,144,4.6666620000000005,4.799995200000001,0.13333320000000004,5,constant,-1.4594275261046747e-14,-1.9459014222361987e-15,3.739695500000069,3.7396955,3.7396955,3.7396955,5
demo_1_labeled,approach,joint_7,140,144,4.6666620000000005,4.799995200000001,0.13333320000000004,5,constant,-6.080948025436144e-15,-8.107922592650827e-16,1.2566309000000293,1.2566309,1.2566309,1.2566309,5
demo_1_labeled,approach,finger_1,140,144,4.6666620000000005,4.799995200000001,0.13333320000000004,5,constant,8.829008829023753e-06,1.1772000000019902e-06,0.039957696799999935,0.039998703,0.039999932,0.0399994874,5
demo_1_labeled,approach,finger_2,140,144,4.6666620000000005,4.799995200000001,0.13333320000000004,5,constant,-7.601185031795181e-17,-1.0134903240813535e-17,0.04000000000000036,0.04,0.04,0.04,5
demo_1_labeled,approach,joint_1,145,149,4.8333285,4.9666617,0.13333320000000004,5,ramp_down,-0.30824130824130913,-0.04109880000000013,2.0892034400000044,0.6086283,0.56693095,0.5788225400000001,5
demo_1_labeled,approach,joint_2,145,149,4.8333285,4.9666617,0.13333320000000004,5,ramp_up,1.0257233457233452,0.13676297599999998,-4.393156895999999,0.54868716,0.67918533,0.632882472,5
demo_1_labeled,approach,joint_3,145,149,4.8333285,4.9666617,0.13333320000000004,5,ramp_up,0.4992368292368316,0.06656484400000033,-3.219055843000012,-0.8166226,-0.75122666,-0.7727978259999999,5
demo_1_labeled,approach,joint_4,145,149,4.8333285,4.9666617,0.13333320000000004,5,ramp_up,0.31591711591712357,0.04212224000000103,-4.238196560000038,-2.7204418,-2.6782627,-2.69020424,5
demo_1_labeled,approach,joint_5,145,149,4.8333285,4.9666617,0.13333320000000004,5,ramp_up,0.27750777750777983,0.03700100000000032,-1.8649834120000115,-0.5305515,-0.49402893,-0.5051966619999999,5
demo_1_labeled,approach,joint_6,145,149,4.8333285,4.9666617,0.13333320000000004,5,ramp_up,0.05940455940455455,0.007920599999999356,3.458091150000023,3.7396955,3.7505212,3.7491732,5
demo_1_labeled,approach,joint_7,145,149,4.8333285,4.9666617,0.13333320000000004,5,ramp_up,0.21443901443901567,0.028591840000000174,0.22615173999999394,1.2566309,1.2854943,1.27690186,5
demo_1_labeled,approach,finger_1,145,149,4.8333285,4.9666617,0.13333320000000004,5,constant,-2.3412023412028306e-05,-3.1216000000006534e-06,0.04011283300000002,0.039999932,0.039995853,0.039998114200000004,5
demo_1_labeled,approach,finger_2,145,149,4.8333285,4.9666617,0.13333320000000004,5,constant,-1.6110016110590735e-06,-2.1480000000766172e-07,0.04000778650000029,0.04,0.04,0.0399998926,5
demo_1_labeled,approach,joint_1,150,154,4.999995,5.1333282,0.13333320000000004,5,constant,0.00015510015510181526,2.0680000000221362e-05,0.5662597659999916,0.56702757,0.5670513,0.5670456060000001,5
demo_1_labeled,approach,joint_2,150,154,4.999995,5.1333282,0.13333320000000004,5,constant,6.255006255291569e-05,8.340000000380421e-06,0.6789696999999855,0.67927885,0.6792888,0.6792866200000001,5
demo_1_labeled,approach,joint_3,150,154,4.999995,5.1333282,0.13333320000000004,5,constant,0.00012150012149981886,1.619999999995965e-05,-0.7517317539999985,-0.7511306,-0.7511118,-0.751116154,5
demo_1_labeled,approach,joint_4,150,154,4.999995,5.1333282,0.13333320000000004,5,constant,-2.4000024008462533e-05,-3.2000000011251374e-06,-2.6781875999999563,-2.678306,-2.67831,-2.6783092,5
demo_1_labeled,approach,joint_5,150,154,4.999995,5.1333282,0.13333320000000004,5,constant,-1.6980016981481258e-05,-2.2640000001952375e-06,-0.4939601819999924,-0.49404407,-0.4940468,-0.49404621400000004,5
demo_1_labeled,approach,joint_6,150,154,4.999995,5.1333282,0.13333320000000004,5,constant,9.729516840697804e-15,1.2972676148241289e-15,3.7505120999999484,3.7505121,3.7505121,3.7505121000000003,5
demo_1_labeled,approach,joint_7,150,154,4.999995,5.1333282,0.13333320000000004,5,constant,1.2161896050872256e-15,1.621584518530161e-16,1.2854961999999939,1.2854962,1.2854962,1.2854962,5
demo_1_labeled,approach,finger_1,150,154,4.999995,5.1333282,0.13333320000000004,5,constant,1.8255018255114147e-05,2.4340000000127863e-06,0.03990637439999951,0.039997287,0.03999978,0.0399988664,5
demo_1_labeled,approach,finger_2,150,154,4.999995,5.1333282,0.13333320000000004,5,constant,3.0000030004497216e-08,4.000000000595629e-09,0.03999984699999996,0.039999995,0.04,0.039999999,5
demo_1_labeled,approach,joint_1,155,159,5.166661500000001,5.299994700000001,0.13333320000000004,5,constant,-3.0404740127180798e-15,-4.0539612963254238e-16,0.5670513000000158,0.5670513,0.5670513,0.5670513,5
demo_1_labeled,approach,joint_2,155,159,5.166661500000001,5.299994700000001,0.13333320000000004,5,constant,-3.648568815261696e-15,-4.864753555590509e-16,0.6792888000000191,0.6792888,0.6792888,0.6792888,5
demo_1_labeled,approach,joint_3,155,159,5.166661500000001,5.299994700000001,0.13333320000000004,5,constant,4.256663617805312e-15,5.675545814855594e-16,-0.7511118000000223,-0.7511118,-0.7511118,-0.7511118,5
demo_1_labeled,approach,joint_4,155,159,5.166661500000001,5.299994700000001,0.13333320000000004,5,constant,7.297137630523392e-15,9.729507111181019e-16,-2.6783100000000375,-2.67831,-2.67831,-2.67831,5
demo_1_labeled,approach,joint_5,155,159,5.166661500000001,5.299994700000001,0.13333320000000004,5,constant,1.2161896050872319e-15,1.6215845185301695e-16,-0.49404680000000645,-0.4940468,-0.4940468,-0.4940468,5
demo_1_labeled,approach,joint_6,155,159,5.166661500000001,5.299994700000001,0.13333320000000004,5,constant,-1.945903368139571e-14,-2.5945352296482712e-15,3.7505121000001007,3.7505121,3.7505121,3.7505121000000003,5
demo_1_labeled,approach,joint_7,155,159,5.166661500000001,5.299994700000001,0.13333320000000004,5,constant,-4.8647584203489275e-15,-6.486338074120678e-16,1.2854962000000258,1.2854962,1.2854962,1.2854962,5
demo_1_labeled,approach,finger_1,155,159,5.166661500000001,5.299994700000001,0.13333320000000004,5,constant,1.0200010184046382e-07,1.3599999978714935e-08,0.03999937980000083,0.0399999,0.039999917,0.0399999136,5
demo_1_labeled,approach,finger_2,155,159,5.166661500000001,5.299994700000001,0.13333320000000004,5,constant,-3.0404740127180797e-16,-4.053961296325424e-17,0.04000000000000158,0.04,0.04,0.04,5
demo_1_labeled,approach,joint_1,160,164,5.333328000000001,5.466661200000001,0.13333320000000004,5,constant,-3.0404740127180798e-15,-4.0539612963254238e-16,0.5670513000000164,0.5670513,0.5670513,0.5670513,5
demo_1_labeled,approach,joint_2,160,164,5.333328000000001,5.466661200000001,0.13333320000000004,5,constant,-3.648568815261696e-15,-4.864753555590509e-16,0.6792888000000197,0.6792888,0.6792888,0.6792888,5
demo_1_labeled,approach,joint_3,160,164,5.333328000000001,5.466661200000001,0.13333320000000004,5,constant,4.256663617805312e-15,5.675545814855594e-16,-0.751111800000023,-0.7511118,-0.7511118,-0.7511118,5
demo_1_labeled,approach,joint_4,160,164,5.333328000000001,5.466661200000001,0.13333320000000004,5,constant,7.297137630523392e-15,9.729507111181019e-16,-2.678310000000039,-2.67831,-2.67831,-2.67831,5
demo_1_labeled,approach,joint_5,160,164,5.333328000000001,5.466661200000001,0.13333320000000004,5,constant,1.2161896050872319e-15,1.6215845185301695e-16,-0.49404680000000667,-0.4940468,-0.4940468,-0.4940468,5
demo_1_labeled,approach,joint_6,160,164,5.333328000000001,5.466661200000001,0.13333320000000004,5,constant,-1.945903368139571e-14,-2.5945352296482712e-15,3.7505121000001043,3.7505121,3.7505121,3.7505121000000003,5
demo_1_labeled,approach,joint_7,160,164,5.333328000000001,5.466661200000001,0.13333320000000004,5,constant,-4.8647584203489275e-15,-6.486338074120678e-16,1.2854962000000267,1.2854962,1.2854962,1.2854962,5
demo_1_labeled,approach,finger_1,160,164,5.333328000000001,5.466661200000001,0.13333320000000004,5,constant,-2.66041476112832e-16,-3.547216134284746e-17,0.03999991700000144,0.039999917,0.039999917,0.039999917,5
demo_1_labeled,approach,finger_2,160,164,5.333328000000001,5.466661200000001,0.13333320000000004,5,constant,-3.0404740127180797e-16,-4.053961296325424e-17,0.04000000000000164,0.04,0.04,0.04,5
demo_1_labeled,approach,joint_1,165,169,5.499994500000001,5.633327700000001,0.13333320000000004,5,ramp_down,-0.1353388353388356,-0.01804516000000004,1.3029364780000017,0.5670513,0.5449241,0.549551048,5
demo_1_labeled,approach,joint_2,165,169,5.499994500000001,5.633327700000001,0.13333320000000004,5,constant,-0.025868665868667512,-0.0034491520000002203,0.8218527360000092,0.6792888,0.67652184,0.6778506400000001,5
demo_1_labeled,approach,joint_3,165,169,5.499994500000001,5.633327700000001,0.13333320000000004,5,ramp_up,0.09669159669159458,0.012892199999999722,-1.2754262499999884,-0.7511118,-0.7341887,-0.7371769,5
demo_1_labeled,approach,joint_4,165,169,5.499994500000001,5.633327700000001,0.13333320000000004,5,ramp_up,0.28870078870079485,0.03849340000000083,-4.252026050000035,-2.67831,-2.634398,-2.6449266000000002,5
demo_1_labeled,approach,joint_5,165,169,5.499994500000001,5.633327700000001,0.13333320000000004,5,ramp_down,-0.10326130326130116,-0.013768159999999724,0.06649670199998825,-0.4940468,-0.51167345,-0.5083239780000001,5
demo_1_labeled,approach,joint_6,165,169,5.499994500000001,5.633327700000001,0.13333320000000004,5,ramp_down,-0.22110652110651147,-0.029480839999998724,4.951558249999947,3.7505121,3.7134292,3.7207331800000008,5
demo_1_labeled,approach,joint_7,165,169,5.499994500000001,5.633327700000001,0.13333320000000004,5,ramp_up,0.08577548577548524,0.011436719999999933,0.8195313000000033,1.2854962,1.2998571,1.29701436,5
demo_1_labeled,approach,finger_1,165,169,5.499994500000001,5.633327700000001,0.13333320000000004,5,constant,6.765006765063993e-06,9.020000000076306e-07,0.03996138549999968,0.039999917,0.039999973,0.039999044,5
demo_1_labeled,approach,finger_2,165,169,5.499994500000001,5.633327700000001,0.13333320000000004,5,constant,-8.316008316114075e-06,-1.1088000000141015e-06,0.04004559520000059,0.04,0.039999224,0.039999302800000004,5
demo_1_labeled,approach,joint_1,170,174,5.666661,5.7999942,0.13333320000000004,5,constant,-8.400008401259229e-06,-1.1200000001667773e-06,0.544964340000007,0.5449173,0.5449159,0.54491618,5
demo_1_labeled,approach,joint_2,170,174,5.666661,5.7999942,0.13333320000000004,5,constant,-2.760002760717794e-06,-3.680000000953379e-07,0.6765315160000042,0.67651606,0.6765156,0.6765156920000001,5
demo_1_labeled,approach,joint_3,170,174,5.666661,5.7999942,0.13333320000000004,5,constant,-6.90000689875401e-06,-9.199999998329485e-07,-0.7341564600000071,-0.7341951,-0.73419625,-0.7341960200000001,5
demo_1_labeled,approach,joint_4,170,174,5.666661,5.7999942,0.13333320000000004,5,constant,0.0,0.0,-2.6343956,-2.6343956,-2.6343956,-2.6343956,5
demo_1_labeled,approach,joint_5,170,174,5.666661,5.7999942,0.13333320000000004,5,constant,6.080948025436133e-16,8.107922592650812e-17,-0.5116723000000035,-0.5116723,-0.5116723,-0.5116723,5
demo_1_labeled,approach,joint_6,170,174,5.666661,5.7999942,0.13333320000000004,5,constant,0.0,0.0,3.7134291999999998,3.7134292,3.7134292,3.7134292,5
demo_1_labeled,approach,joint_7,170,174,5.666661,5.7999942,0.13333320000000004,5,constant,0.0,0.0,1.2998571,1.2998571,1.2998571,1.2998571,5
demo_1_labeled,approach,finger_1,170,174,5.666661,5.7999942,0.13333320000000004,5,constant,-1.9002962579487915e-16,-2.5337258102033788e-17,0.04000000000000109,0.04,0.04,0.04,5
demo_1_labeled,approach,finger_2,170,174,5.666661,5.7999942,0.13333320000000004,5,constant,2.754002753911169e-06,3.671999999877888e-07,0.03998402160000053,0.039999556,0.03999993,0.0399998112,5
demo_1_labeled,approach,joint_1,175,179,5.8333275,5.9666607,0.13333320000000004,5,ramp_down,-0.08680130680130602,-0.011573495999999898,1.0541497239999953,0.5449159,0.53044903,0.542022526,5
demo_1_labeled,approach,joint_2,175,179,5.8333275,5.9666607,0.13333320000000004,5,ramp_up,0.2633204633204627,0.03510935999999993,-0.8682962399999968,0.6765156,0.7204023,0.68529294,5
demo_1_labeled,approach,joint_3,175,179,5.8333275,5.9666607,0.13333320000000004,5,ramp_up,0.12133722133722022,0.016178279999999857,-1.4460405699999932,-0.73419625,-0.7139734,-0.73015168,5
demo_1_labeled,approach,joint_4,175,179,5.8333275,5.9666607,0.13333320000000004,5,ramp_up,0.1390045390045303,0.018533919999998847,-3.449888079999949,-2.6343956,-2.6112282,-2.62976212,5
demo_1_labeled,approach,joint_5,175,179,5.8333275,5.9666607,0.13333320000000004,5,ramp_up,0.1234717234717205,0.01646287999999961,-1.2360390199999824,-0.5116723,-0.4910937,-0.5075565799999999,5
demo_1_labeled,approach,joint_6,175,179,5.8333275,5.9666607,0.13333320000000004,5,ramp_up,0.22292902292903247,0.02972384000000128,2.405580239999943,3.7134292,3.750584,3.72086016,5
demo_1_labeled,approach,joint_7,175,179,5.8333275,5.9666607,0.13333320000000004,5,ramp_up,0.058558258558257914,0.007807759999999916,0.9563156600000038,1.2998571,1.3096168,1.30180904,5
demo_1_labeled,approach,finger_1,175,179,5.8333275,5.9666607,0.13333320000000004,5,constant,-4.968004968007424e-06,-6.624000000003277e-07,0.0400291456,0.04,0.039999172,0.0399998344,5
demo_1_labeled,approach,finger_2,175,179,5.8333275,5.9666607,0.13333320000000004,5,constant,-1.710001709997901e-05,-2.2799999999949222e-06,0.040100249999999775,0.03999993,0.03999708,0.03999936,5
demo_1_labeled,approach,joint_1,180,184,5.999994000000001,6.133327200000001,0.13333320000000004,5,constant,0.007873057873055202,0.0010497399999996441,0.4851746800000162,0.532,0.5332263,0.5329378499999999,5
demo_1_labeled,approach,joint_2,180,184,5.999994000000001,6.133327200000001,0.13333320000000004,5,constant,-0.012645672645677185,-0.0016860880000006057,0.8049266160000275,0.72981596,0.7277729,0.728209612,5
demo_1_labeled,approach,joint_3,180,184,5.999994000000001,6.133327200000001,0.13333320000000004,5,constant,0.0007197907197944534,9.597200000049785e-05,-0.7156294440000227,-0.71131504,-0.7112273,-0.711262718,5
demo_1_labeled,approach,joint_4,180,184,5.999994000000001,6.133327200000001,0.13333320000000004,5,constant,0.0031227031227161655,0.0004163600000017392,-2.62781060000008,-2.6092203,-2.6087503,-2.6088662200000003,5
demo_1_labeled,approach,joint_5,180,184,5.999994000000001,6.133327200000001,0.13333320000000004,5,constant,-0.0006919806919796003,-9.226399999985447e-05,-0.4866999440000067,-0.49081114,-0.49092254,-0.4908979560000001,5
demo_1_labeled,approach,joint_6,180,184,5.999994000000001,6.133327200000001,0.13333320000000004,5,constant,0.0013062013061802462,0.00017415999999719205,3.7445324800001276,3.7522826,3.7525003,3.75245676,5
demo_1_labeled,approach,joint_7,180,184,5.999994000000001,6.133327200000001,0.13333320000000004,5,constant,-0.00016410016410529365,-2.1880000000683946e-05,1.3109618000000312,1.309987,1.3099606,1.30996626,5
demo_1_labeled,approach,finger_1,180,184,5.999994000000001,6.133327200000001,0.13333320000000004,5,constant,6.82200682178371e-06,9.09599999970252e-07,0.039955677000001355,0.039999846,0.039998773,0.039997063799999996,5
demo_1_labeled,approach,finger_2,180,184,5.999994000000001,6.133327200000001,0.13333320000000004,5,constant,7.048207048193968e-05,9.397599999982563e-06,0.0395700588000008,0.039988253,0.04,0.039997649600000004,5
demo_1_labeled,pick,joint_1,185,189,6.166660500000001,6.299993700000001,0.13333320000000004,5,constant,2.4000024003597836e-07,3.200000000476512e-08,0.533225912,0.5332274,0.53322744,0.533227408,5
demo_1_labeled,pick,joint_2,185,189,6.166660500000001,6.299993700000001,0.13333320000000004,5,constant,-3.648568815261687e-15,-4.864753555590497e-16,0.7277729000000229,0.7277729,0.7277729,0.7277729,5
demo_1_labeled,pick,joint_3,185,189,6.166660500000001,6.299993700000001,0.13333320000000004,5,constant,-2.4000023881978876e-07,-3.199999984260667e-08,-0.7112252720000073,-0.71122676,-0.7112268,-0.711226768,5
demo_1_labeled,pick,joint_4,185,189,6.166660500000001,6.299993700000001,0.13333320000000004,5,constant,7.297137630523373e-15,9.729507111180993e-16,-2.6087503000000463,-2.6087503,-2.6087503,-2.6087503,5
demo_1_labeled,pick,joint_5,185,189,6.166660500000001,6.299993700000001,0.13333320000000004,5,constant,1.8000018017900748e-07,2.4000000023843646e-08,-0.49092371600000095,-0.4909226,-0.49092257,-0.490922594,5
demo_1_labeled,pick,joint_6,185,189,6.166660500000001,6.299993700000001,0.13333320000000004,5,constant,-1.8000018005738852e-06,-2.4000000007627805e-07,3.752511460000004,3.7525003,3.7525,3.75250024,5
demo_1_labeled,pick,joint_7,185,189,6.166660500000001,6.299993700000001,0.13333320000000004,5,constant,0.0,0.0,1.3099606000000001,1.3099606,1.3099606,1.3099606,5
demo_1_labeled,pick,finger_1,185,189,6.166660500000001,6.299993700000001,0.13333320000000004,5,ramp_down,-0.04200892800892809,-0.005601184800000012,0.3004546954000005,0.039999362,0.03299775,0.038599306,5
demo_1_labeled,pick,finger_2,185,189,6.166660500000001,6.299993700000001,0.13333320000000004,5,ramp_down,-0.04198192198192202,-0.005597584000000007,0.3002876560000003,0.04,0.03300302,0.038600604,5
demo_1_labeled,pick,joint_1,190,194,6.333327000000001,6.466660200000001,0.13333320000000004,5,constant,-0.0012064812064814753,-0.0001608640000000359,0.5407689460000017,0.5332469,0.53304297,0.533047474,5
demo_1_labeled,pick,joint_2,190,194,6.333327000000001,6.466660200000001,0.13333320000000004,5,constant,-0.01994923994923898,-0.0026598959999998713,0.8543642919999939,0.72777385,0.72530115,0.7266892840000001,5
demo_1_labeled,pick,joint_3,190,194,6.333327000000001,6.466660200000001,0.13333320000000004,5,constant,-0.009370869370870272,-0.0012494480000001206,-0.6519902719999942,-0.71127367,-0.7125477,-0.7119637759999999,5
demo_1_labeled,pick,joint_4,190,194,6.333327000000001,6.466660200000001,0.13333320000000004,5,constant,-0.0029958029958097516,-0.0003994400000009009,-2.5897415399999573,-2.6087627,-2.6091688,-2.60891466,5
demo_1_labeled,pick,joint_5,190,194,6.333327000000001,6.466660200000001,0.13333320000000004,5,constant,0.0030703830703834494,0.0004093840000000507,-0.5101444900000025,-0.4907876,-0.49027658,-0.490494058,5
demo_1_labeled,pick,joint_6,190,194,6.333327000000001,6.466660200000001,0.13333320000000004,5,constant,0.0011817011816924398,0.00015755999999883446,3.7448772200000566,3.7524207,3.7525055,3.7524401,5
demo_1_labeled,pick,joint_7,190,194,6.333327000000001,6.466660200000001,0.13333320000000004,5,constant,-0.0007455007455021488,-9.940000000018714e-05,1.3145080000000093,1.3098575,1.3097081,1.3097368,5
demo_1_labeled,pick,finger_1,190,194,6.333327000000001,6.466660200000001,0.13333320000000004,5,ramp_down,-0.03924028824028812,-0.005232033199999986,0.2729835463999993,0.026088808,0.020245,0.0218459528,5
demo_1_labeled,pick,finger_2,190,194,6.333327000000001,6.466660200000001,0.13333320000000004,5,constant,-0.024349245349245204,-0.0032465627999999818,0.1788521305999991,0.026120491,0.022155825,0.0230171162,5
demo_1_labeled,transport,joint_1,195,199,6.4999935,6.6333267000000005,0.13333320000000004,5,constant,0.0029926529926520527,0.0003990199999998748,0.5135815490000061,0.53303903,0.53344375,0.5332332839999999,5
demo_1_labeled,transport,joint_2,195,199,6.4999935,6.6333267000000005,0.13333320000000004,5,constant,-0.01685515685515605,-0.002247351999999893,0.8343778299999947,0.7248851,0.72253144,0.7236957439999999,5
demo_1_labeled,transport,joint_3,195,199,6.4999935,6.6333267000000005,0.13333320000000004,5,constant,-0.0023310023310019095,-0.0003107999999999439,-0.697454970000003,-0.71255803,-0.7129008,-0.7127618699999999,5
demo_1_labeled,transport,joint_4,195,199,6.4999935,6.6333267000000005,0.13333320000000004,5,constant,-0.004459504459501283,-0.0005945999999995767,-2.580451170000021,-2.609464,-2.610061,-2.60973522,5
demo_1_labeled,transport,joint_5,195,199,6.4999935,6.6333267000000005,0.13333320000000004,5,constant,-0.0005731205731189578,-7.641599999978465e-05,-0.4865946600000105,-0.49034306,-0.4904266,-0.49035814800000005,5
demo_1_labeled,transport,joint_6,195,199,6.4999935,6.6333267000000005,0.13333320000000004,5,constant,7.140007138546751e-05,9.519999998052819e-06,3.7520310800000956,3.7524898,3.7525024,3.75249994,5
demo_1_labeled,transport,joint_7,195,199,6.4999935,6.6333267000000005,0.13333320000000004,5,constant,0.0015690015690007853,0.00020919999999989558,1.299559120000005,1.3097609,1.3099793,1.30986222,5
demo_1_labeled,transport,finger_1,195,199,6.4999935,6.6333267000000005,0.13333320000000004,5,constant,-0.002847926847926925,-0.0003797232000000104,0.03859620520000051,0.020112848,0.019699354,0.0198948376,5
demo_1_labeled,transport,finger_2,195,199,6.4999935,6.6333267000000005,0.13333320000000004,5,constant,-0.0013214233214233503,-0.0001761896000000039,0.030833945800000193,0.022251287,0.022067204,0.022156608,5
demo_1_labeled,transport,joint_1,200,204,6.66666,6.7999932,0.13333320000000004,5,constant,0.00507558507558546,0.0006767440000000515,0.4997525819999973,0.53357637,0.5342119,0.533928154,5
demo_1_labeled,transport,joint_2,200,204,6.66666,6.7999932,0.13333320000000004,5,constant,-0.008677538677539003,-0.0011570040000000437,0.7797750600000022,0.72202516,0.7209309,0.7213463579999999,5
demo_1_labeled,transport,joint_3,200,204,6.66666,6.7999932,0.13333320000000004,5,constant,0.0032357132357103287,0.00043142799999961254,-0.7345586959999805,-0.7130094,-0.712585,-0.712771582,5
demo_1_labeled,transport,joint_4,200,204,6.66666,6.7999932,0.13333320000000004,5,constant,-0.0024042024042068,-0.0003205600000005862,-2.5941257799999704,-2.6101246,-2.6104527,-2.61031406,5
demo_1_labeled,transport,joint_5,200,204,6.66666,6.7999932,0.13333320000000004,5,constant,-0.0034311334311339313,-0.0004574840000000668,-0.4675538739999966,-0.49037603,-0.49081472,-0.490656816,5
demo_1_labeled,transport,joint_6,200,204,6.66666,6.7999932,0.13333320000000004,5,constant,1.2900012900869638e-05,1.7200000001142322e-06,3.752411679999993,3.752506,3.7525003,3.75249854,5
demo_1_labeled,transport,joint_7,200,204,6.66666,6.7999932,0.13333320000000004,5,constant,0.0026820026820013167,0.0003575999999998181,1.2921515000000088,1.3100076,1.3103482,1.3102103,5
demo_1_labeled,transport,finger_1,200,204,6.66666,6.7999932,0.13333320000000004,5,constant,-0.003103422103422084,-0.00041378919999999754,0.04029040299999987,0.019668853,0.019287143,0.019394048400000002,5
demo_1_labeled,transport,finger_2,200,204,6.66666,6.7999932,0.13333320000000004,5,constant,-0.0026214686214685876,-0.0003495287999999956,0.039439409999999765,0.02195062,0.021624783,0.0217882056,5
demo_1_labeled,transport,joint_1,205,209,6.833326500000001,6.966659700000001,0.13333320000000004,5,ramp_up,0.5694049194049192,0.07592058,-3.3461094349999994,0.5477706,0.6242609,0.5827805799999999,5
demo_1_labeled,transport,joint_2,205,209,6.833326500000001,6.966659700000001,0.13333320000000004,5,ramp_down,-1.893301893301899,-0.25244000000000083,13.61836002200004,0.6783345,0.42616507,0.554590022,5
demo_1_labeled,transport,joint_3,205,209,6.833326500000001,6.966659700000001,0.13333320000000004,5,ramp_down,-0.8569591369591337,-0.1142611039999996,5.126859393999979,-0.7317335,-0.84623945,-0.7861527380000001,5
demo_1_labeled,transport,joint_4,205,209,6.833326500000001,6.966659700000001,0.13333320000000004,5,ramp_down,-0.5850347850347746,-0.07800455999999863,1.361690919999928,-2.6340733,-2.7122602,-2.6750450599999995,5
demo_1_labeled,transport,joint_5,205,209,6.833326500000001,6.966659700000001,0.13333320000000004,5,ramp_down,-0.5139087339087306,-0.06852109599999957,2.9972289299999773,-0.5120561,-0.5802109,-0.5487377880000001,5
demo_1_labeled,transport,joint_6,205,209,6.833326500000001,6.966659700000001,0.13333320000000004,5,ramp_down,-1.2897342897343111,-0.1719644000000029,12.533785920000149,3.7169516,3.5449646,3.6346282199999997,5
demo_1_labeled,transport,joint_7,205,209,6.833326500000001,6.966659700000001,0.13333320000000004,5,ramp_down,-0.40049560049560584,-0.05339936000000073,4.040169460000038,1.3014002,1.2477872,1.27675258,5
demo_1_labeled,transport,finger_1,205,209,6.833326500000001,6.966659700000001,0.13333320000000004,5,constant,0.00020459720459709208,2.7279599999985006e-05,0.01776998710000078,0.019213093,0.019220386,0.019181706400000005,5
demo_1_labeled,transport,finger_2,205,209,6.833326500000001,6.966659700000001,0.13333320000000004,5,constant,-0.001781260781260858,-0.00023750120000001033,0.03375419270000053,0.021607304,0.021357574,0.021463505600000002,5
demo_1_labeled,transport,joint_1,210,214,6.999993000000001,7.133326200000001,0.13333320000000004,5,ramp_up,1.981410751410745,0.26418783599999923,-13.223698509999958,0.65672076,0.91616595,0.7782567979999999,5
demo_1_labeled,transport,joint_2,210,214,6.999993000000001,7.133326200000001,0.13333320000000004,5,ramp_down,-1.949415959415956,-0.2599218679999996,14.001572713999977,0.35849822,0.09991594,0.22571371,5
demo_1_labeled,transport,joint_3,210,214,6.999993000000001,7.133326200000001,0.13333320000000004,5,ramp_down,-2.029816549816545,-0.2706419359999994,13.331765627999967,-0.88564116,-1.1524022,-1.01225698,5
demo_1_labeled,transport,joint_4,210,214,6.999993000000001,7.133326200000001,0.13333320000000004,5,ramp_down,-0.29829029829030684,-0.039772000000001154,-0.642785599999939,-2.727697,-2.7666113,-2.7507016,5
demo_1_labeled,transport,joint_5,210,214,6.999993000000001,7.133326200000001,0.13333320000000004,5,ramp_up,0.17794547794547697,0.023726039999999875,-1.8352801259999936,-0.587703,-0.5699344,-0.577800006,5
demo_1_labeled,transport,joint_6,210,214,6.999993000000001,7.133326200000001,0.13333320000000004,5,ramp_down,-1.6919989919989864,-0.22559963999999932,15.337791739999961,3.4930384,3.267965,3.38101082,5
demo_1_labeled,transport,joint_7,210,214,6.999993000000001,7.133326200000001,0.13333320000000004,5,ramp_down,-0.8087132087132075,-0.10782831999999987,6.8872672799999926,1.2272196,1.1246755,1.17236632,5
demo_1_labeled,transport,finger_1,210,214,6.999993000000001,7.133326200000001,0.13333320000000004,5,constant,0.0021541761541761357,0.0002872231999999976,0.004154893600000131,0.01925628,0.01955382,0.0193777232,5
demo_1_labeled,transport,finger_2,210,214,6.999993000000001,7.133326200000001,0.13333320000000004,5,constant,-0.002469974469974448,-0.0003293295999999972,0.03861045039999986,0.021306263,0.020977141,0.021155981600000002,5
demo_1_labeled,transport,joint_1,215,219,7.166659500000001,7.299992700000001,0.13333320000000004,5,ramp_down,-1.0062808962808971,-0.13417065200000014,8.249035421000007,0.98501164,0.8830989,0.9702775499999999,5
demo_1_labeled,transport,joint_2,215,219,7.166659500000001,7.299992700000001,0.13333320000000004,5,ramp_down,-2.1396179736179692,-0.2852821111999995,15.384608375399969,0.048367474,-0.23571935,-0.0919461572,5
demo_1_labeled,transport,joint_3,215,219,7.166659500000001,7.299992700000001,0.13333320000000004,5,ramp_up,0.95451275451276,0.12726824000000075,-8.11722014000004,-1.2249148,-1.1268346,-1.21291812,5
demo_1_labeled,transport,joint_4,215,219,7.166659500000001,7.299992700000001,0.13333320000000004,5,ramp_up,0.8018492018492036,0.10691312000000026,-8.493806120000013,-2.755129,-2.6515226,-2.69376936,5
demo_1_labeled,transport,joint_5,215,219,7.166659500000001,7.299992700000001,0.13333320000000004,5,ramp_down,-2.2376886176886113,-0.29835818399999925,15.374988317999954,-0.65172344,-0.9428384,-0.810943164,5
demo_1_labeled,transport,joint_6,215,219,7.166659500000001,7.299992700000001,0.13333320000000004,5,ramp_down,-2.5488448488448556,-0.339845640000001,21.474571070000053,3.2072368,2.86894,3.0379451,5
demo_1_labeled,transport,joint_7,215,219,7.166659500000001,7.299992700000001,0.13333320000000004,5,ramp_up,1.979311379311372,0.2639079199999991,-12.974200019999948,1.1919435,1.4459623,1.34280464,5
demo_1_labeled,transport,finger_1,215,219,7.166659500000001,7.299992700000001,0.13333320000000004,5,constant,-0.001042225042225033,-0.00013896319999999883,0.02697335919999993,0.0196241,0.019434031,0.019434605599999998,5
demo_1_labeled,transport,finger_2,215,219,7.166659500000001,7.299992700000001,0.13333320000000004,5,constant,0.0009290049290049161,0.0001238671999999983,0.01435822540000009,0.020897122,0.02105111,0.021078021,5
demo_1_labeled,transport,joint_1,220,224,7.333326,7.4666592,0.13333320000000004,5,ramp_down,-0.4645944445944459,-0.06194586400000019,4.25522968000001,0.8526828,0.790316,0.817234228,5
demo_1_labeled,transport,joint_2,220,224,7.333326,7.4666592,0.13333320000000004,5,ramp_down,-1.601746331746335,-0.2135659640000005,11.432714086000026,-0.3062705,-0.5202073,-0.420196916,5
demo_1_labeled,transport,joint_3,220,224,7.333326,7.4666592,0.13333320000000004,5,ramp_up,0.9761303561303581,0.13015058400000032,-8.242703700000016,-1.0867306,-0.9563924,-1.0193462880000002,5
demo_1_labeled,transport,joint_4,220,224,7.333326,7.4666592,0.13333320000000004,5,ramp_up,0.2956820956820951,0.03942423999999993,-4.814831579999996,-2.6447968,-2.6052785,-2.6267862600000003,5
demo_1_labeled,transport,joint_5,220,224,7.333326,7.4666592,0.13333320000000004,5,ramp_up,0.3011059811059821,0.04014742400000014,-3.1698121060000077,-0.9560985,-0.91698277,-0.9416300739999999,5
demo_1_labeled,transport,joint_6,220,224,7.333326,7.4666592,0.13333320000000004,5,ramp_down,-1.8658602658602632,-0.24878111999999972,16.47132523999998,2.7930012,2.5438874,2.6639730800000003,5
demo_1_labeled,transport,joint_7,220,224,7.333326,7.4666592,0.13333320000000004,5,ramp_down,-0.4416820416820398,-0.058890879999999764,4.683145339999986,1.4423282,1.3840572,1.4147015,5
demo_1_labeled,transport,finger_1,220,224,7.333326,7.4666592,0.13333320000000004,5,constant,-0.0006842856842857008,-9.123800000000223e-05,0.024451257200000125,0.019435579,0.019342314,0.0193875482,5
demo_1_labeled,transport,finger_2,220,224,7.333326,7.4666592,0.13333320000000004,5,constant,0.0010006660006660183,0.0001334220000000024,0.01372103079999987,0.021057809,0.02119369,0.0211259518,5
demo_1_labeled,transport,joint_1,225,229,7.4999925,7.6333257,0.13333320000000004,5,constant,-0.020563310563310656,-0.0027417720000000134,0.9368986790000007,0.7832941,0.7804317,0.7813031180000001,5
demo_1_labeled,transport,joint_2,225,229,7.4999925,7.6333257,0.13333320000000004,5,ramp_down,-0.05938571938572004,-0.00791808800000009,-0.11678549399999505,-0.55833524,-0.5679805,-0.566136988,5
demo_1_labeled,transport,joint_3,225,229,7.4999925,7.6333257,0.13333320000000004,5,constant,0.013554823554818034,0.0018073079999992644,-1.028586778999958,-0.92852634,-0.92586696,-0.9260220499999999,5
demo_1_labeled,transport,joint_4,225,229,7.4999925,7.6333257,0.13333320000000004,5,ramp_up,0.040544140544137304,0.00540587999999957,-2.891779829999976,-2.5906353,-2.5839217,-2.5849961400000003,5
demo_1_labeled,transport,joint_5,225,229,7.4999925,7.6333257,0.13333320000000004,5,constant,-0.002807912807916441,-0.0003743880000004845,-0.8785003229999722,-0.899129,-0.8996987,-0.8997468419999999,5
demo_1_labeled,transport,joint_6,225,229,7.4999925,7.6333257,0.13333320000000004,5,constant,0.0027210027210129474,0.00036280000000136364,2.470970799999922,2.4910402,2.4915695,2.4915597000000003,5
demo_1_labeled,transport,joint_7,225,229,7.4999925,7.6333257,0.13333320000000004,5,constant,0.0005691005690994204,7.587999999984685e-05,1.3640139700000087,1.3682538,1.3683392,1.3683201600000001,5
demo_1_labeled,transport,finger_1,225,229,7.4999925,7.6333257,0.13333320000000004,5,constant,-0.00023532323532322058,-3.137639999999804e-05,0.02108138569999989,0.019317184,0.019281456,0.019300775,5
demo_1_labeled,transport,finger_2,225,229,7.4999925,7.6333257,0.13333320000000004,5,constant,0.0002670092670093035,3.560120000000488e-05,0.019233158899999717,0.021230672,0.02127297,0.021253527,5
demo_1_labeled,transport,joint_1,230,234,7.666659000000001,7.799992200000001,0.13333320000000004,5,ramp_up,0.043321123321120356,0.005776143999999607,0.44679275000002294,0.78042203,0.78792274,0.781809102,5
demo_1_labeled,transport,joint_2,230,234,7.666659000000001,7.799992200000001,0.13333320000000004,5,ramp_up,0.09294669294669636,0.012392880000000458,-1.2826645880000265,-0.5676991,-0.5546818,-0.563877548,5
demo_1_labeled,transport,joint_3,230,234,7.666659000000001,7.799992200000001,0.13333320000000004,5,ramp_up,0.3029535029535086,0.040393760000000764,-3.2572140400000436,-0.9260944,-0.8845918,-0.9143759600000001,5
demo_1_labeled,transport,joint_4,230,234,7.666659000000001,7.799992200000001,0.13333320000000004,5,ramp_down,-0.05900315900314845,-0.007867079999998595,-2.130678240000082,-2.58432,-2.5923514,-2.58696888,5
demo_1_labeled,transport,joint_5,230,234,7.666659000000001,7.799992200000001,0.13333320000000004,5,ramp_up,0.06372555372556009,0.008496732000000852,-1.3897085880000493,-0.89954543,-0.8909279,-0.8968981320000001,5
demo_1_labeled,transport,joint_6,230,234,7.666659000000001,7.799992200000001,0.13333320000000004,5,ramp_down,-0.05433335433336199,-0.007244440000001023,2.909411360000059,2.4914923,2.4843657,2.48923384,5
demo_1_labeled,transport,joint_7,230,234,7.666659000000001,7.799992200000001,0.13333320000000004,5,ramp_up,0.5002985002984941,0.0667063999999992,-2.4806098999999526,1.3683347,1.4349494,1.3883613000000001,5
demo_1_labeled,transport,finger_1,230,234,7.666659000000001,7.799992200000001,0.13333320000000004,5,constant,0.002157743157743083,0.00028769879999999016,0.0026874278000005754,0.019273724,0.019476796,0.019373958200000003,5
demo_1_labeled,transport,finger_2,230,234,7.666659000000001,7.799992200000001,0.13333320000000004,5,constant,-0.001962229962230053,-0.00026163040000001217,0.036364740400000706,0.021280658,0.02109402,0.0211901772,5
demo_1_labeled,transport,joint_1,235,239,7.833325500000001,7.966658700000001,0.13333320000000004,5,ramp_up,0.4319130119130112,0.057588343999999916,-2.585549695999994,0.79891014,0.85643375,0.8265596860000001,5
demo_1_labeled,transport,joint_2,235,239,7.833325500000001,7.966658700000001,0.13333320000000004,5,ramp_up,0.37831102831102903,0.05044142000000011,-3.5099295690000063,-0.54524493,-0.49479997,-0.521275434,5
demo_1_labeled,transport,joint_3,235,239,7.833325500000001,7.966658700000001,0.13333320000000004,5,ramp_up,0.6646287646287629,0.08861707999999979,-6.066061867999987,-0.8606152,-0.77200663,-0.815499878,5
demo_1_labeled,transport,joint_4,235,239,7.833325500000001,7.966658700000001,0.13333320000000004,5,constant,0.02549792549793198,0.0033997200000008654,-2.796826850000053,-2.5954525,-2.5920467,-2.59539344,5
demo_1_labeled,transport,joint_5,235,239,7.833325500000001,7.966658700000001,0.13333320000000004,5,ramp_up,0.23928401928401744,0.031904503999999764,-2.7609142099999855,-0.8855095,-0.85361284,-0.8705723479999999,5
demo_1_labeled,transport,joint_6,235,239,7.833325500000001,7.966658700000001,0.13333320000000004,5,ramp_down,-0.09460329460329361,-0.012613759999999872,3.2222873599999917,2.4812288,2.4686184,2.47492208,5
demo_1_labeled,transport,joint_7,235,239,7.833325500000001,7.966658700000001,0.13333320000000004,5,ramp_up,0.9237129237129201,0.12316159999999957,-5.767492359999972,1.4674847,1.5906135,1.52983244,5
demo_1_labeled,transport,finger_1,235,239,7.833325500000001,7.966658700000001,0.13333320000000004,5,constant,-0.0013128643128643316,-0.00017504840000000254,0.029629350300000155,0.019364055,0.019185327,0.0192577326,5
demo_1_labeled,transport,finger_2,235,239,7.833325500000001,7.966658700000001,0.13333320000000004,5,constant,0.0015072315072313907,0.00020096399999998453,0.009420871600000926,0.021208791,0.021413269,0.0213279886,5
demo_1_labeled,transport,joint_1,240,244,7.999992000000001,8.133325200000002,0.13333320000000093,5,ramp_up,0.5453205953205953,0.0727093400000005,-3.489780080000001,0.8732235,0.9458804,0.9091349899999999,5
demo_1_labeled,transport,joint_2,240,244,7.999992000000001,8.133325200000002,0.13333320000000093,5,ramp_up,0.5643637743637716,0.07524842800000016,-4.995146219999978,-0.4790434,-0.40380993,-0.442616326,5
demo_1_labeled,transport,joint_3,240,244,7.999992000000001,8.133325200000002,0.13333320000000093,5,ramp_up,0.5416142716142676,0.07221516399999996,-5.0840085759999685,-0.75190854,-0.6796881,-0.714991154,5
demo_1_labeled,transport,joint_4,240,244,7.999992000000001,8.133325200000002,0.13333320000000093,5,ramp_up,0.2709713709713631,0.0361294799999992,-4.756452539999938,-2.5870738,-2.5509517,-2.5706189999999998,5
demo_1_labeled,transport,joint_5,240,244,7.999992000000001,8.133325200000002,0.13333320000000093,5,ramp_up,0.3813475413475394,0.050846288000000094,-3.894827007999984,-0.8431682,-0.79233414,-0.8186265840000001,5
demo_1_labeled,transport,joint_6,240,244,7.999992000000001,8.133325200000002,0.13333320000000093,5,ramp_down,-0.09513159513159866,-0.012684200000000558,3.226560640000029,2.465481,2.452788,2.45916654,5
demo_1_labeled,transport,joint_7,240,244,7.999992000000001,8.133325200000002,0.13333320000000093,5,ramp_up,0.776836676836674,0.10357812000000034,-4.594304079999978,1.6192342,1.7227864,1.67217218,5
demo_1_labeled,transport,finger_1,240,244,7.999992000000001,8.133325200000002,0.13333320000000093,5,constant,-0.0004003384003383664,-5.337839999999584e-05,0.022367733199999726,0.019166596,0.019113054,0.01913834,5
demo_1_labeled,transport,finger_2,240,244,7.999992000000001,8.133325200000002,0.13333320000000093,5,constant,0.0005480165480164834,7.30687999999919e-05,0.017055714200000512,0.021437887,0.021511119,0.021476376600000003,5
demo_1_labeled,transport,joint_1,245,249,8.1666585,8.299991700000001,0.13333320000000093,5,ramp_up,0.2794412794412781,0.037258800000000085,-1.3108274799999895,0.9647656,1.0025176,0.9899034199999999,5
demo_1_labeled,transport,joint_2,245,249,8.1666585,8.299991700000001,0.13333320000000093,5,ramp_up,0.20328812328812274,0.027105056000000113,-2.0335653999999956,-0.3821333,-0.35176966,-0.359828192,5
demo_1_labeled,transport,joint_3,245,249,8.1666585,8.299991700000001,0.13333320000000093,5,ramp_up,0.17181635181635257,0.02290882400000026,-2.0610981300000066,-0.6636084,-0.639257,-0.646478248,5
demo_1_labeled,transport,joint_4,245,249,8.1666585,8.299991700000001,0.13333320000000093,5,ramp_up,0.08262128262128057,0.011016159999999803,-3.206552159999983,-2.5379562,-2.5241265,-2.52630428,5
demo_1_labeled,transport,joint_5,245,249,8.1666585,8.299991700000001,0.13333320000000093,5,ramp_up,0.0937885837885849,0.012505132000000235,-1.537237889000009,-0.7775142,-0.76185805,-0.765045988,5
demo_1_labeled,transport,joint_6,245,249,8.1666585,8.299991700000001,0.13333320000000093,5,constant,-0.008804108804111315,-0.001173880000000343,2.51994265000002,2.4494722,2.4473615,2.44745556,5
demo_1_labeled,transport,joint_7,245,249,8.1666585,8.299991700000001,0.13333320000000093,5,ramp_up,0.12842532842533255,0.01712336000000067,0.7054276399999662,1.7456199,1.7670548,1.7627951200000003,5
demo_1_labeled,transport,finger_1,245,249,8.1666585,8.299991700000001,0.13333320000000093,5,constant,-0.0017019707019706465,-0.00022692919999999417,0.032972005899999546,0.019102708,0.018938858,0.018959127800000003,5
demo_1_labeled,transport,finger_2,245,249,8.1666585,8.299991700000001,0.13333320000000093,5,constant,0.001703407703407649,0.00022712079999999434,0.007642461400000442,0.021525446,0.02169248,0.021667170800000003,5
demo_1_labeled,transport,joint_1,250,254,8.333325,8.466658200000001,0.13333320000000093,5,constant,0.0004170004169934904,5.5599999999076845e-05,0.9994127000000582,1.0028495,1.0029184,1.0029154999999998,5
demo_1_labeled,transport,joint_2,250,254,8.333325,8.466658200000001,0.13333320000000093,5,constant,0.010907770907773612,0.0014543680000003707,-0.4422297980000227,-0.3513401,-0.34988296,-0.35060461400000004,5
demo_1_labeled,transport,joint_3,250,254,8.333325,8.466658200000001,0.13333320000000093,5,constant,-0.0032715932715868734,-0.00043621199999914994,-0.6119348820000536,-0.63921607,-0.63964605,-0.639416238,5
demo_1_labeled,transport,joint_4,250,254,8.333325,8.466658200000001,0.13333320000000093,5,constant,-0.01251001250999687,-0.0016679999999979263,-2.42034846000013,-2.524592,-2.5262623,-2.5254324599999998,5
demo_1_labeled,transport,joint_5,250,254,8.333325,8.466658200000001,0.13333320000000093,5,constant,0.004127524127527589,0.0005503360000004654,-0.7961266960000289,-0.7617296,-0.7611796,-0.7614555279999999,5
demo_1_labeled,transport,joint_6,250,254,8.333325,8.466658200000001,0.13333320000000093,5,constant,-0.0012762012762225587,-0.00017016000000283886,2.4579747800001788,2.4473379,2.4471686,2.4472547000000002,5
demo_1_labeled,transport,joint_7,250,254,8.333325,8.466658200000001,0.13333320000000093,5,constant,-0.00011910011911040418,-1.5880000001371452e-05,1.7680409200000864,1.7670486,1.7670326,1.76704048,5
demo_1_labeled,transport,finger_1,250,254,8.333325,8.466658200000001,0.13333320000000093,5,constant,0.0005107175107173519,6.80955999999793e-05,0.014754323200001328,0.018999148,0.01906948,0.019044346,5
demo_1_labeled,transport,finger_2,250,254,8.333325,8.466658200000001,0.13333320000000093,5,constant,-0.0005043815043816678,-6.725080000002225e-05,0.025826218600001373,0.021633951,0.021564545,0.0215894182,5
demo_1_labeled,transport,joint_1,255,259,8.4999915,8.633324700000001,0.13333320000000093,5,ramp_up,0.37043887043886087,0.04939179999999907,-2.129761069999918,1.0179656,1.0669562,1.04366208,5
demo_1_labeled,transport,joint_2,255,259,8.4999915,8.633324700000001,0.13333320000000093,5,ramp_up,1.498718878718875,0.1998289840000009,-13.05183186399997,-0.31142116,-0.1114846,-0.212819642,5
demo_1_labeled,transport,joint_3,255,259,8.4999915,8.633324700000001,0.13333320000000093,5,ramp_down,-0.7497523497523413,-0.09996687999999956,5.707507713999928,-0.66437495,-0.76395845,-0.715364326,5
demo_1_labeled,transport,joint_4,255,259,8.4999915,8.633324700000001,0.13333320000000093,5,ramp_up,1.1939675939676102,0.15919552000000328,-12.641932960000139,-2.4929225,-2.3336265,-2.4136208,5
demo_1_labeled,transport,joint_5,255,259,8.4999915,8.633324700000001,0.13333320000000093,5,ramp_up,1.3102175902175888,0.17469550400000103,-11.87821651399999,-0.734094,-0.5591305,-0.654030382,5
demo_1_labeled,transport,joint_6,255,259,8.4999915,8.633324700000001,0.13333320000000093,5,ramp_up,0.5579564579564437,0.0743941199999986,-2.2744140499998777,2.4673471,2.541652,2.5054081600000004,5
demo_1_labeled,transport,joint_7,255,259,8.4999915,8.633324700000001,0.13333320000000093,5,ramp_down,-1.2201612201612302,-0.16268800000000247,12.112302520000085,1.7364048,1.5735126,1.65959852,5
demo_1_labeled,transport,finger_1,255,259,8.4999915,8.633324700000001,0.13333320000000093,5,constant,0.000582258582258404,7.763439999997678e-05,0.014116050800001525,0.019077752,0.019152649,0.019104061,5
demo_1_labeled,transport,finger_2,255,259,8.4999915,8.633324700000001,0.13333320000000093,5,constant,-0.0009597069597071002,-0.00012796080000001961,0.0297219990000012,0.021549126,0.02142392,0.021500517599999998,5
demo_1_labeled,transport,joint_1,260,264,8.666658,8.799991200000001,0.13333320000000093,5,ramp_down,-0.0870183870183953,-0.011602440000001185,1.8268305400000724,1.0727924,1.0632557,1.0668707199999998,5
demo_1_labeled,transport,joint_2,260,264,8.666658,8.799991200000001,0.13333320000000093,5,ramp_up,0.9476511017511001,0.12635335388000066,-8.250621640079986,-0.05750614,0.06668351,0.025523039060000002,5
demo_1_labeled,transport,joint_3,260,264,8.666658,8.799991200000001,0.13333320000000093,5,ramp_down,-0.10924588924588127,-0.014566103999999039,0.15918510399993036,-0.78261167,-0.7988007,-0.794894708,5
demo_1_labeled,transport,joint_4,260,264,8.666658,8.799991200000001,0.13333320000000093,5,ramp_up,0.6846177846177995,0.09128228000000263,-8.20948122000013,-2.2924037,-2.202609,-2.2304918799999998,5
demo_1_labeled,transport,joint_5,260,264,8.666658,8.799991200000001,0.13333320000000093,5,ramp_up,1.1173951273951312,0.14898586800000155,-10.151325894000035,-0.49558634,-0.34760162,-0.39275154,5
demo_1_labeled,transport,joint_6,260,264,8.666658,8.799991200000001,0.13333320000000093,5,ramp_up,0.15583755583753936,0.02077831999999795,1.2114340200001428,2.5569768,2.578447,2.57241398,5
demo_1_labeled,transport,joint_7,260,264,8.666658,8.799991200000001,0.13333320000000093,5,ramp_down,-0.8981318981319089,-0.11975080000000227,9.280769840000094,1.5202346,1.4010543,1.43709244,5
demo_1_labeled,transport,finger_1,260,264,8.666658,8.799991200000001,0.13333320000000093,5,constant,0.0012753792753791371,0.00017005039999998275,0.008148678000001198,0.019193333,0.019356681,0.0192869792,5
demo_1_labeled,transport,finger_2,260,264,8.666658,8.799991200000001,0.13333320000000093,5,constant,-0.001654807654807788,-0.0002206408000000193,0.035688885200001165,0.021362917,0.021149367,0.0212369128,5
demo_1_labeled,transport,joint_1,265,269,8.833324500000002,8.9666577,0.13333319999999915,5,constant,0.009756909756908341,0.001300919999999803,0.9778818100000124,1.063951,1.0652658,1.06471822,5
demo_1_labeled,transport,joint_2,265,269,8.833324500000002,8.9666577,0.13333319999999915,5,constant,0.01285012285012281,0.0017133479999999837,-0.04618292799999965,0.067302525,0.06902235,0.06818305100000001,5
demo_1_labeled,transport,joint_3,265,269,8.833324500000002,8.9666577,0.13333319999999915,5,constant,0.0030995730995726106,0.00041327599999993215,-0.8259768249999956,-0.79861903,-0.7982027,-0.798390652,5
demo_1_labeled,transport,joint_4,265,269,8.833324500000002,8.9666577,0.13333319999999915,5,constant,-0.013752013752016064,-0.0018336000000002968,-2.0816994999999787,-2.203166,-2.2050035,-2.2040923,5
demo_1_labeled,transport,joint_5,265,269,8.833324500000002,8.9666577,0.13333319999999915,5,constant,0.005790995790995829,0.0007721320000000001,-0.39853939700000035,-0.347387,-0.34661388,-0.346999586,5
demo_1_labeled,transport,joint_6,265,269,8.833324500000002,8.9666577,0.13333319999999915,5,constant,-0.002177702177699477,-0.00029035999999963807,2.5976007699999757,2.5783641,2.578074,2.57821924,5
demo_1_labeled,transport,joint_7,265,269,8.833324500000002,8.9666577,0.13333319999999915,5,constant,-0.0005700005699997129,-7.599999999988523e-05,1.4060623799999925,1.4010285,1.4009522,1.40098938,5
demo_1_labeled,transport,finger_1,265,269,8.833324500000002,8.9666577,0.13333319999999915,5,constant,0.0003052803052802934,4.070399999999816e-05,0.0166600984000001,0.019361904,0.019398285,0.019377090399999998,5
demo_1_labeled,transport,finger_2,265,269,8.833324500000002,8.9666577,0.13333319999999915,5,constant,0.00020348420348420792,2.713120000000042e-05,0.01934019139999996,0.021144306,0.021167843,0.021151199,5
demo_1_labeled,place,joint_1,271,275,9.0333243,9.1666575,0.13333319999999915,5,constant,0.0014406014406028243,0.00019208000000018327,1.0524878999999876,1.0654885,1.0656828,1.0655973600000002,5
demo_1_labeled,place,joint_2,271,275,9.0333243,9.1666575,0.13333319999999915,5,constant,0.011275589275589366,0.0015034104000000025,-0.03201772100000082,0.06982032,0.0713073,0.0705900388,5
demo_1_labeled,place,joint_3,271,275,9.0333243,9.1666575,0.13333319999999915,5,constant,0.0015716115716106487,0.0002095479999998756,-0.8122649789999917,-0.79807264,-0.7978653,-0.797963328,5
demo_1_labeled,place,joint_4,271,275,9.0333243,9.1666575,0.13333319999999915,5,constant,-0.012535812535815746,-0.0016714400000004174,-2.0926947199999706,-2.2059035,-2.2075443,-2.2067705,5
demo_1_labeled,place,joint_5,271,275,9.0333243,9.1666575,0.13333319999999915,5,constant,0.005303585303585605,0.0007071440000000357,-0.39412041400000275,-0.34622788,-0.34553722,-0.34585783600000003,5
demo_1_labeled,place,joint_6,271,275,9.0333243,9.1666575,0.13333319999999915,5,constant,-0.002114102114100261,-0.00028187999999975115,2.5970185099999834,2.5779254,2.5776477,2.5777802000000003,5
demo_1_labeled,place,joint_7,271,275,9.0333243,9.1666575,0.13333319999999915,5,constant,-0.0005391005390967479,-7.187999999949404e-05,1.4057868299999656,1.4009167,1.4008446,1.40088102,5
demo_1_labeled,place,finger_1,271,275,9.0333243,9.1666575,0.13333319999999915,5,ramp_up,0.040894210894210505,0.005452555999999913,-0.35137409299999645,0.019399546,0.026215216,0.020762854,5
demo_1_labeled,place,finger_2,271,275,9.0333243,9.1666575,0.13333319999999915,5,ramp_up,0.042260934260933865,0.0056347855999999115,-0.3619984033999964,0.02116711,0.028210552,0.0225757138,5
demo_1_labeled,place,joint_1,276,280,9.1999908,9.333324,0.13333319999999915,5,constant,0.0012696012696006038,0.00016927999999991015,1.0541091000000056,1.065771,1.0659429,1.0658740599999998,5
demo_1_labeled,place,joint_2,276,280,9.1999908,9.333324,0.13333319999999915,5,constant,0.00022710322710316715,3.0280399999991813e-05,0.06929812600000053,0.07138121,0.07141348,0.07140261380000001,5
demo_1_labeled,place,joint_3,276,280,9.1999908,9.333324,0.13333319999999915,5,constant,0.00022809022809052034,3.0412000000038773e-05,-0.7999370300000025,-0.7978422,-0.7978112,-0.7978233959999999,5
demo_1_labeled,place,joint_4,276,280,9.1999908,9.333324,0.13333319999999915,5,constant,-4.8600048593603624e-05,-6.47999999914063e-06,-2.2071379200000587,-2.2075818,-2.2075899,-2.2075882800000004,5
demo_1_labeled,place,joint_5,276,280,9.1999908,9.333324,0.13333319999999915,5,constant,-8.820008820562113e-06,-1.1760000000737648e-06,-0.3454465519999948,-0.34552786,-0.3455288,-0.3455282840000001,5
demo_1_labeled,place,joint_6,276,280,9.1999908,9.333324,0.13333319999999915,5,constant,-9.729516840697858e-15,-1.2972676148241273e-15,2.577644800000089,2.5776448,2.5776448,2.5776448,5
demo_1_labeled,place,joint_7,276,280,9.1999908,9.333324,0.13333319999999915,5,constant,3.648568815261697e-15,4.864753555590478e-16,1.4008408999999655,1.4008409,1.4008409,1.4008409,5
demo_1_labeled,place,finger_1,276,280,9.1999908,9.333324,0.13333319999999915,5,ramp_up,0.050337587337587725,0.006711671600000009,-0.4294443408000036,0.032500166,0.03947039,0.037016835399999996,5
demo_1_labeled,place,finger_2,276,280,9.1999908,9.333324,0.13333319999999915,5,ramp_up,0.04132284532284561,0.005509707200000003,-0.3453726058000026,0.03384378,0.039565925,0.0375520446,5
demo_1_labeled,retract,joint_1,281,285,9.366657300000002,9.4999905,0.13333319999999738,5,constant,0.00016590016589978953,2.2119999999949383e-05,1.0644046300000043,1.0659566,1.0659792,1.0659696200000002,5
demo_1_labeled,retract,joint_2,281,285,9.366657300000002,9.4999905,0.13333319999999738,5,constant,1.75200175201944e-05,2.336000000023538e-06,0.07125114199999835,0.07141499,0.07141735,0.071416414,5
demo_1_labeled,retract,joint_3,281,285,9.366657300000002,9.4999905,0.13333319999999738,5,constant,1.995001995048272e-05,2.6600000000616504e-06,-0.7979948050000051,-0.7978087,-0.79780585,-0.7978066100000001,5
demo_1_labeled,retract,joint_4,281,285,9.366657300000002,9.4999905,0.13333319999999738,5,constant,-2.432379210174507e-15,-3.243169037060332e-16,-2.2075898999999795,-2.2075899,-2.2075899,-2.2075899,5
demo_1_labeled,retract,joint_5,281,285,9.366657300000002,9.4999905,0.13333319999999738,5,constant,6.080948025436268e-16,8.10792259265083e-17,-0.3455288000000059,-0.3455288,-0.3455288,-0.3455288,5
demo_1_labeled,retract,joint_6,281,285,9.366657300000002,9.4999905,0.13333319999999738,5,constant,0.0,0.0,2.577644800000001,2.5776448,2.5776448,2.5776448,5
demo_1_labeled,retract,joint_7,281,285,9.366657300000002,9.4999905,0.13333319999999738,5,constant,-6.0809480254362676e-15,-8.10792259265083e-16,1.4008409000000586,1.4008409,1.4008409,1.4008409,5
demo_1_labeled,retract,finger_1,281,285,9.366657300000002,9.4999905,0.13333319999999738,5,constant,0.0018324198324198753,0.0002443224000000009,0.022605584799999624,0.03972698,0.039980713,0.039891394600000005,5
demo_1_labeled,retract,finger_2,281,285,9.366657300000002,9.4999905,0.13333319999999738,5,constant,0.0015015495015494856,0.00020020639999999393,0.02574646280000018,0.039776318,0.03998424,0.039911065600000004,5
