demonstration,phase,start_index,end_index,start_time_sec,end_time_sec,duration_sec,samples,signal,position_label,position_slope,position_change,position_intercept,position_start_value,position_end_value,position_mean_value,position_valid_samples,velocity_label,velocity_slope,velocity_change,velocity_intercept,velocity_start_value,velocity_end_value,velocity_mean_value,velocity_valid_samples
demo_4_labeled,approach,0,4,0.0,0.1333332,0.1333332,5,joint_1,constant,-3.0065686865686877e-07,-4.008754240000002e-08,-5.177408000000002e-10,0.0,-4.037404e-08,-2.0561512e-08,5,constant,-1.576928386928387e-06,-2.1025690800000004e-07,-1.2803566400000005e-07,0.0,-2.8222178e-07,-2.3316411800000001e-07,5
demo_4_labeled,approach,0,4,0.0,0.1333332,0.1333332,5,joint_2,constant,0.0,0.0,-0.569,-0.569,-0.569,-0.569,5,constant,1.774160674160675e-06,2.3655452000000013e-07,1.0155229600000002e-07,0.0,2.8262485e-07,2.1982955599999998e-07,5
demo_4_labeled,approach,0,4,0.0,0.1333332,0.1333332,5,joint_3,constant,4.012582252582253e-07,5.350104320000001e-08,-8.781619999998855e-11,0.0,5.3422553e-08,2.66627054e-08,5,constant,2.173445683445684e-06,2.897924680000001e-07,1.7721354200000002e-07,0.0,3.8894717e-07,3.22109776e-07,5
demo_4_labeled,approach,0,4,0.0,0.1333332,0.1333332,5,joint_4,constant,-2.4323792101744574e-15,-3.24316903706033e-16,-2.8100000000000005,-2.81,-2.81,-2.81,5,constant,-7.534237624237624e-08,-1.004564012e-08,9.472199639999997e-09,0.0,-1.1681549e-09,4.44937958e-09,5
demo_4_labeled,approach,0,4,0.0,0.1333332,0.1333332,5,joint_5,constant,1.2909168729168731e-07,1.7212207760000006e-08,-1.1225835999999907e-10,0.0,1.7170192e-08,8.493845519999998e-09,5,constant,7.713481713481716e-07,1.0284632000000004e-07,4.9988218000000014e-08,0.0,1.274992e-07,1.01411378e-07,5
demo_4_labeled,approach,0,4,0.0,0.1333332,0.1333332,5,joint_6,constant,4.864758420348915e-15,6.48633807412066e-16,3.0369999999999995,3.037,3.037,3.037,5,constant,-1.1674793044793043e-08,-1.556637516e-09,1.2209868199999996e-09,0.0,-3.7920161e-10,4.42668062e-10,5
demo_4_labeled,approach,0,4,0.0,0.1333332,0.1333332,5,joint_7,constant,-1.824284407630843e-15,-2.4323767777952473e-16,0.7410000000000002,0.741,0.741,0.741,5,constant,3.291780771780773e-06,4.389036640000002e-07,2.1941895400000003e-07,0.0,5.4860453e-07,4.38870786e-07,5
demo_4_labeled,approach,0,4,0.0,0.1333332,0.1333332,5,finger_1,constant,0.0,0.0,0.04000000000000001,0.04,0.04,0.04,5,constant,3.971911757911758e-12,5.295877048000001e-13,-5.735176192e-13,0.0,3.5679596e-14,-3.0872376680000004e-13,5
demo_4_labeled,approach,0,4,0.0,0.1333332,0.1333332,5,finger_2,constant,0.0,0.0,0.04000000000000001,0.04,0.04,0.04,5,constant,4.3852721278721295e-10,5.847023656800003e-11,-5.862561680400001e-11,0.0,-2.3198059e-13,-2.939049852e-11,5
demo_4_labeled,approach,5,9,0.1666665,0.2999997,0.13333319999999999,5,joint_1,constant,-2.943501963501967e-07,-3.9246653600000036e-08,-1.1270667999999228e-09,-5.0185403e-08,-8.943205e-08,-6.980871059999999e-08,5,constant,-1.8420018420609254e-11,-2.4560000000787777e-12,-2.8223989799999986e-07,-2.8224198e-07,-2.8224488e-07,-2.82244196e-07,5
demo_4_labeled,approach,5,9,0.1666665,0.2999997,0.13333319999999999,5,joint_2,constant,-2.4323792101744574e-15,-3.243169037060329e-16,-0.5689999999999994,-0.569,-0.569,-0.569,5,constant,1.0089010089120053e-10,1.3452000000146618e-11,2.8269842899999976e-07,2.8271003e-07,2.8272567e-07,2.8272197000000003e-07,5
demo_4_labeled,approach,5,9,0.1666665,0.2999997,0.13333319999999999,5,joint_3,constant,4.008662988662991e-07,5.344878640000003e-08,-2.606340000007947e-11,6.678491e-08,1.202337e-07,9.35093128e-08,5,constant,-1.2150012147379461e-11,-1.619999999648975e-12,3.889346329999993e-07,3.8893322e-07,3.8893137e-07,3.88931798e-07,5
demo_4_labeled,approach,5,9,0.1666665,0.2999997,0.13333319999999999,5,joint_4,constant,-1.2161896050872286e-14,-1.6215845185301646e-15,-2.809999999999997,-2.81,-2.81,-2.81,5,constant,-8.196548196549088e-11,-1.0928720000001188e-11,-1.2274512999999979e-09,-1.2368611e-09,-1.2495408e-09,-1.2465765599999998e-09,5
demo_4_labeled,approach,5,9,0.1666665,0.2999997,0.13333319999999999,5,joint_5,constant,1.3151509151509168e-07,1.753532800000002e-08,-3.6535720000003806e-10,2.1553818e-08,3.908914e-08,3.03214668e-08,5,constant,1.368001368090489e-11,1.824000000118828e-12,1.2750986599999981e-07,1.2751141e-07,1.2751354e-07,1.27513058e-07,5
demo_4_labeled,approach,5,9,0.1666665,0.2999997,0.13333319999999999,5,joint_6,constant,9.72951684069783e-15,1.2972676148241317e-15,3.0369999999999973,3.037,3.037,3.037,5,constant,-1.1224181224183693e-11,-1.496556000000329e-12,-3.877624789999995e-10,-3.8909043e-10,-3.908434e-10,-3.90381452e-10,5
demo_4_labeled,approach,5,9,0.1666665,0.2999997,0.13333319999999999,5,joint_7,constant,1.2161896050872287e-15,1.6215845185301646e-16,0.7409999999999995,0.741,0.741,0.741,5,constant,9.000009026195933e-13,1.2000000034915874e-13,5.486045359999994e-07,5.4860465e-07,5.486048e-07,5.48604746e-07,5
demo_4_labeled,approach,5,9,0.1666665,0.2999997,0.13333319999999999,5,finger_1,constant,7.60118503179518e-17,1.0134903240813529e-17,0.03999999999999998,0.04,0.04,0.04,5,constant,2.4544565644565643e-13,3.2726054799999994e-14,-9.44891283e-14,-5.521387e-14,-1.6138444e-14,-3.7218532400000004e-14,5
demo_4_labeled,approach,5,9,0.1666665,0.2999997,0.13333319999999999,5,finger_2,constant,7.60118503179518e-17,1.0134903240813529e-17,0.03999999999999998,0.04,0.04,0.04,5,constant,-4.606049176049181e-12,-6.141392760000006e-13,2.79222179000001e-13,-2.9233284e-13,-9.726473e-13,-7.95521554e-13,5
demo_4_labeled,approach,10,14,0.333333,0.4666662,0.13333319999999999,5,joint_1,constant,0.0007956274742974742,0.00010608355715599997,-0.00028178646672019994,-9.9243735e-08,8.225316e-05,3.64642047478e-05,5,constant,-0.012584696520776519,-0.0016779578581439995,0.004579403951503999,-2.8224488e-07,-0.00192424,-0.000454469622928,5
demo_4_labeled,approach,10,14,0.333333,0.4666662,0.13333319999999999,5,joint_2,ramp_up,0.3451985851985839,0.04602643199999982,-0.6937489479999993,-0.569,-0.52058566,-0.555669652,5,ramp_up,7.873042728511699,1.049737980729196,-2.812265922552186,2.8272567e-07,0.93960655,0.336948019635402,5
demo_4_labeled,approach,10,14,0.333333,0.4666662,0.13333319999999999,5,joint_3,constant,-0.0013654351038451037,-0.00018205783178799995,0.00048193958409599994,1.3359579e-07,-0.00013312,-6.4233911268e-05,5,constant,0.016677894063984063,0.0022237169848119995,-0.006103632444434,3.889313e-07,0.0027240335,0.000567518510002,5
demo_4_labeled,approach,10,14,0.333333,0.4666662,0.13333319999999999,5,joint_4,ramp_down,-0.25557205557205415,-0.034076239999999806,-2.7177791200000003,-2.81,-2.8451514,-2.8200078399999997,5,ramp_down,-5.359099387853223,-0.7145458705005112,1.9042270427517927,-1.2495731e-09,-0.58931184,-0.23941056874974148,5
demo_4_labeled,approach,10,14,0.333333,0.4666662,0.13333319999999999,5,joint_5,constant,-0.008039587027963027,-0.0010719438651167997,0.0028699319974461995,4.3472983e-08,-0.0009500833,-0.0003458995979042,5,constant,-0.03978739260928263,-0.005304980376252002,0.013435440796888009,1.2751353e-07,-0.0008641842,-0.002479500331868,5
demo_4_labeled,approach,10,14,0.333333,0.4666662,0.13333319999999999,5,joint_6,ramp_up,0.7946935946935993,0.10595904000000061,2.7508913199999965,3.037,3.1430554,3.0687684400000004,5,ramp_up,13.233919837437254,1.7645208804689887,-4.7073205016414645,-3.9082163e-10,1.4800915,0.5862421397655018,5
demo_4_labeled,approach,10,14,0.333333,0.4666662,0.13333319999999999,5,joint_7,constant,0.0002830502830502454,3.773999999999497e-05,0.7408972819999998,0.741,0.74104184,0.741010502,5,constant,0.011441381098541098,0.0015255159542879996,-0.00404907612,5.4860476e-07,0.0011797228,0.000527471742864,5
demo_4_labeled,approach,10,14,0.333333,0.4666662,0.13333319999999999,5,finger_1,constant,0.0,0.0,0.039999999999999994,0.04,0.04,0.04,5,constant,6.048675953375599e-05,8.064893206266193e-06,-2.0264342723396224e-05,-4.5778675e-15,5.105485e-07,3.9303368954023584e-06,5
demo_4_labeled,approach,10,14,0.333333,0.4666662,0.13333319999999999,5,finger_2,constant,-1.5426015426001745e-05,-2.0567999999981754e-06,0.04000542999999999,0.04,0.03999856,0.0399992596,5,constant,0.0001565810550452699,2.087745312856198e-05,-5.9449717958587906e-05,-9.17304e-13,3.628042e-05,3.1826414270980397e-06,5
demo_4_labeled,approach,15,19,0.4999995,0.6333327000000001,0.1333332000000001,5,joint_1,constant,-0.004731183675183671,-0.0006308238591999999,0.0024178595013999975,1.4076859e-05,-0.0006169937,-0.0002631419002,5,constant,-0.03511879531879528,-0.004682501359999999,0.01461732469999998,-0.003024568,-0.0076167057,-0.0052833060799999994,5
demo_4_labeled,approach,15,19,0.4999995,0.6333327000000001,0.1333332000000001,5,joint_2,ramp_up,1.3459696459696462,0.17946244000000017,-1.162347226,-0.4855083,-0.3060765,-0.39963185600000006,5,ramp_up,3.2920217920217896,0.4389358,-0.5856871899999991,1.0585628,1.4968687,1.27978996,5
demo_4_labeled,approach,15,19,0.4999995,0.6333327000000001,0.1333332000000001,5,joint_3,constant,0.005804181044181039,0.0007738900319999999,-0.002994809651999997,-4.264551e-05,0.000734411,0.00029422298400000004,5,constant,0.037978010578010535,0.005063729679999998,-0.015835153719999977,0.0034031854,0.008400405,0.00568569742,5
demo_4_labeled,approach,15,19,0.4999995,0.6333327000000001,0.1333332000000001,5,joint_4,ramp_down,-0.38724938724938196,-0.05163319999999933,-2.6728945800000017,-2.8640041,-2.9155896,-2.89233568,5,ramp_up,2.127884727884727,0.2837176800000001,-1.5995843299999992,-0.5320953,-0.24859098,-0.39378419,5
demo_4_labeled,approach,15,19,0.4999995,0.6333327000000001,0.1333332000000001,5,joint_5,constant,0.0006009693009692994,8.012915999999985e-05,-0.0013325113099999985,-0.0009972259,-0.0009081326,-0.0009919623799999999,5,constant,0.028923275283275256,0.003856432847999999,-0.014712263255999985,0.00024799304,0.004227315,0.0016775763479999998,5
demo_4_labeled,approach,15,19,0.4999995,0.6333327000000001,0.1333332000000001,5,joint_6,ramp_up,1.7499215499215404,0.2333226399999989,2.321487260000004,3.1977787,3.4310243,3.3131084799999995,5,ramp_up,1.0984561984561934,0.14646067999999943,0.9783003900000022,1.5229881,1.6687071,1.6007582800000002,5
demo_4_labeled,approach,15,19,0.4999995,0.6333327000000001,0.1333332000000001,5,joint_7,constant,4.074004073592171e-05,5.431999999450801e-06,0.7410772580000019,0.7410746,0.74107224,0.741100344,5,constant,-0.020528500178500164,-0.00273713062,0.011679409156999993,0.0009921186,-0.0018484268,4.6604021999999915e-05,5
demo_4_labeled,approach,15,19,0.4999995,0.6333327000000001,0.1333332000000001,5,finger_1,constant,-5.850005850496909e-07,-7.80000000065475e-08,0.0400002163,0.03999992,0.039999843,0.0399998848,5,constant,-1.6964989964989933e-05,-2.2619963999999972e-06,-2.2101855000000135e-06,-1.0633415e-05,-1.2927836e-05,-1.18236702e-05,5
demo_4_labeled,approach,15,19,0.4999995,0.6333327000000001,0.1333332000000001,5,finger_2,constant,5.325005324886124e-06,7.09999999984107e-07,0.03999671830000004,0.03999926,0.039999995,0.039999735800000005,5,constant,-0.00017032356994356988,-2.2709786616000007e-05,0.00011207039146399996,2.6287235e-05,1.9248273e-07,1.5553798345999997e-05,5
demo_4_labeled,approach,20,24,0.6666660000000001,0.7999992,0.13333319999999993,5,joint_1,constant,-0.001777198057198061,-0.0002369595040000004,0.0002709927980000034,-0.00083927147,-0.0010843368,-0.001032284474,5,constant,0.053459581559581595,0.007127937080000001,-0.04324316904000003,-0.0076373424,-0.0008436343,-0.0040395151,5
demo_4_labeled,approach,20,24,0.6666660000000001,0.7999992,0.13333319999999993,5,joint_2,ramp_up,1.8434956478956483,0.24579917391999992,-1.4835275530800005,-0.2519386,-0.0063180826,-0.13163209652000002,5,ramp_up,2.192775992775993,0.2923698399999999,0.1465650799999989,1.5962685,1.8880119,1.7545992000000001,5
demo_4_labeled,approach,20,24,0.6666660000000001,0.7999992,0.13333319999999993,5,joint_3,constant,0.005368505968505971,0.00071580008,-0.0024538950400000027,0.0010467425,0.0017630517,0.0014830054000000003,5,constant,-0.06295312465312466,-0.008393741559999997,0.05147196934000001,0.009030739,0.0010232147,0.00530639076,5
demo_4_labeled,approach,20,24,0.6666660000000001,0.7999992,0.13333319999999993,5,joint_4,constant,0.025451725451730224,0.0033935600000006344,-2.941712240000003,-2.9218705,-2.9184763,-2.92304766,5,ramp_up,2.425809685809686,0.3234409679999999,-1.7879647575000002,-0.17036758,0.15274458,-0.0090394335,5
demo_4_labeled,approach,20,24,0.6666660000000001,0.7999992,0.13333319999999993,5,joint_5,constant,0.008226096666096668,0.0010968117919999997,-0.006200265306000002,-0.00072410377,0.0003543903,-0.00016780044999999998,5,constant,-0.003632239232239203,-0.0004842980799999958,0.010708858219999976,0.0068682395,0.0066183484,0.00804521878,5
demo_4_labeled,approach,20,24,0.6666660000000001,0.7999992,0.13333319999999993,5,joint_6,ramp_up,1.8310578310578336,0.2441408000000002,2.271592159999996,3.49197,3.7359283,3.6143665599999997,5,ramp_down,-0.2671169671169654,-0.035615559999999755,1.878654219999998,1.6882701,1.6523778,1.6827686400000001,5
demo_4_labeled,approach,20,24,0.6666660000000001,0.7999992,0.13333319999999993,5,joint_7,constant,-0.006996246996244708,-0.0009328319999996943,0.7456195159999978,0.7409459,0.74002844,0.7404889400000001,5,constant,-0.010133108033108035,-0.0013510797199999995,0.0015312414200000062,-0.004098224,-0.00558764,-0.0058996970400000005,5
demo_4_labeled,approach,20,24,0.6666660000000001,0.7999992,0.13333319999999993,5,finger_1,constant,-6.51000650953169e-07,-8.679999999366902e-08,0.04000025199999993,0.03999982,0.03999973,0.0399997746,5,constant,-2.3771594771594744e-05,-3.1695427999999946e-06,2.008876199999998e-06,-1.3665209e-05,-1.6711063e-05,-1.54236092e-05,5
demo_4_labeled,approach,20,24,0.6666660000000001,0.7999992,0.13333319999999993,5,finger_2,constant,1.5000014926236798e-08,1.999999990162915e-09,0.03999998600000002,0.039999995,0.04,0.039999997,5,constant,1.6155646155646981e-09,2.154084000000109e-10,2.008117279999993e-08,1.7642787e-08,1.856447e-08,2.1265919e-08,5
demo_4_labeled,approach,25,29,0.8333325,0.9666657,0.13333319999999993,5,joint_1,constant,-0.008123586323586333,-0.0010831437600000008,0.005511646000000009,-0.0010445553,-0.0021722058,-0.0017995743799999997,5,constant,0.027437869037868986,0.003658378879999991,-0.029491202259999953,0.0010971725,-0.0010090629,-0.00479714482,5
demo_4_labeled,approach,25,29,0.8333325,0.9666657,0.13333319999999993,5,joint_2,ramp_up,0.12043794643794682,0.01605837680000004,-0.03426296500000034,0.05869699,0.078263536,0.0741310784,5,ramp_down,-11.70223034498835,-1.5602958190343996,10.930524508637603,1.9149083,1.9741137e-05,0.39852773015540005,5
demo_4_labeled,approach,25,29,0.8333325,0.9666657,0.13333319999999993,5,joint_3,constant,-0.002454314154314153,-0.00032724155999999964,0.0037743193299999986,0.001821128,0.0014618889,0.0015654387999999998,5,constant,0.00855983671583672,0.0011413104207999999,-0.008697905647600004,-1.6140466e-05,-0.00015624915,-0.0009940603072,5
demo_4_labeled,approach,25,29,0.8333325,0.9666657,0.13333319999999993,5,joint_4,constant,-0.025179625179629423,-0.003357280000000564,-2.8896167799999954,-2.9093187,-2.913189,-2.91227842,5,ramp_down,-1.4543251106761117,-0.19390982084680003,1.352155795609201,0.26672637,6.5394165e-06,0.0432645048933,5
demo_4_labeled,approach,25,29,0.8333325,0.9666657,0.13333319999999993,5,joint_5,constant,0.0027496594696594743,0.00036662089600000044,-0.0017345274420000043,0.00039932976,0.0008392668,0.0007401636059999999,5,constant,-0.043251434721434744,-0.0057668521959999995,0.040733850101000016,0.0069053834,0.00010806922,0.0018075977780000001,5
demo_4_labeled,approach,25,29,0.8333325,0.9666657,0.13333319999999993,5,joint_6,constant,-0.014155814155811706,-0.0018874399999996723,3.7634490599999975,3.7525,3.7502193,3.75070884,5,ramp_up,0.13048926913329317,0.017398551819203197,-0.12685532723582243,1.4324996e-08,-1.0999396e-05,-0.009415102456200801,5
demo_4_labeled,approach,25,29,0.8333325,0.9666657,0.13333319999999993,5,joint_7,constant,0.0001264501264520055,1.6860000000250533e-05,0.7397345149999981,0.7398307,0.73985225,0.7398483200000001,5,constant,0.031204568326568333,0.0041606049495999985,-0.029185939127400005,-0.005226683,-2.5039748e-05,-0.0011018557176000001,5
demo_4_labeled,approach,25,29,0.8333325,0.9666657,0.13333319999999993,5,finger_1,constant,1.0527010527111076e-05,1.4036000000134058e-06,0.0399892804999999,0.039999757,0.03999985,0.0399987548,5,constant,-7.682300582300548e-05,-1.0243057199999948e-05,9.995915829999969e-05,-2.3876197e-05,6.583761e-06,3.08185222e-05,5
demo_4_labeled,approach,25,29,0.8333325,0.9666657,0.13333319999999993,5,finger_2,constant,4.947004947110708e-06,6.596000000141011e-07,0.03999490629999991,0.03999865,0.03999959,0.03999935859999999,5,constant,-0.00031039074319074334,-4.138539104e-05,0.00029004247104000015,6.7117886e-05,4.721335e-06,1.0691081519999999e-05,5
demo_4_labeled,approach,30,34,0.999999,1.1333322,0.13333319999999993,5,joint_1,constant,-0.003849341649341639,-0.0005132450399999984,0.0024968223999999894,-0.0015293714,-0.001866993,-0.0016091379199999999,5,ramp_down,-0.12301995511995552,-0.016402644280000045,0.13261466076000042,0.015654441,-0.0008469947,0.0013935065199999997,5
demo_4_labeled,approach,30,34,0.999999,1.1333322,0.13333319999999993,5,joint_2,ramp_up,0.5801462201462202,0.07735275199999997,-0.4260921440000001,0.12747142,0.21428812,0.192729872,5,ramp_down,-17.239934874194912,-2.2986556845680037,19.176153123252043,1.897774,0.00044503904,0.7869076467080001,5
demo_4_labeled,approach,30,34,0.999999,1.1333322,0.13333319999999993,5,joint_3,constant,-0.0032168792168792335,-0.000428916800000002,0.0049685337400000185,0.0017162404,0.0013681565,0.00153719934,5,constant,-0.014172474042474115,-0.0018896613160000087,0.014386514734000077,0.0022647073,-0.00024246772,-0.000730775794,5
demo_4_labeled,approach,30,34,0.999999,1.1333322,0.13333319999999993,5,joint_4,ramp_up,0.06281826281828251,0.00837576000000262,-2.954510660000021,-2.8978043,-2.8858633,-2.88750458,5,ramp_down,-3.7544628401628484,-0.5005945447600009,4.160995154800009,0.41083354,-0.0001600835,0.15623879672000002,5
demo_4_labeled,approach,30,34,0.999999,1.1333322,0.13333319999999993,5,joint_5,constant,0.005060590460590465,0.0006747447200000003,-0.004515640880000006,0.0005116064,0.0011085266,0.0008823168799999999,5,constant,-0.03622278808278816,-0.004829700248000007,0.04071556155200008,0.004262305,0.00012571784,0.002077959568,5
demo_4_labeled,approach,30,34,0.999999,1.1333322,0.13333319999999993,5,joint_6,constant,-0.02060402060404219,-0.0027472000000028766,3.7731384000000228,3.7525005,3.7502072,3.7511607999999996,5,constant,-0.012357177449727828,-0.0016476220123400496,0.0032850742748904045,-1.202323e-05,-0.00025468026,-0.00989590182383,5
demo_4_labeled,approach,30,34,0.999999,1.1333322,0.13333319999999993,5,joint_7,constant,-0.0006792006792051317,-9.056000000059363e-05,0.7403339220000045,0.7397129,0.73958915,0.7396094420000001,5,constant,0.034573896589896666,0.004609848268800008,-0.03843704632460008,-0.003961755,-2.6506039e-05,-0.0015582601742,5
demo_4_labeled,approach,30,34,0.999999,1.1333322,0.13333319999999993,5,finger_1,constant,-1.7160017161888348e-06,-2.2880000002494902e-07,0.04000013960000019,0.03999934,0.039999254,0.03999830919999999,5,constant,0.000735961884961887,9.812815320000022e-05,-0.0007697555436000021,-6.409945e-05,1.9045614e-05,1.5269681999999998e-05,5
demo_4_labeled,approach,30,34,0.999999,1.1333322,0.13333319999999993,5,finger_2,constant,1.614901614875288e-05,2.1531999999648964e-06,0.03998185080000028,0.039996896,0.03999964,0.0399990764,5,constant,-0.0011264587725187752,-0.00015019435280800027,0.0012448118007200029,0.00015246024,3.5765167e-06,4.3256978256e-05,5
demo_4_labeled,approach,35,39,1.1666655,1.2999987000000002,0.13333320000000026,5,joint_1,constant,0.005742150342150322,0.0007656192799999988,-0.008728054539999974,-0.0018837564,-0.0011763977,-0.0016460762,5,constant,0.05502185979185969,0.007336240636000001,-0.06501384724179989,-0.00027727045,0.0030641414,0.0028463786412,5
demo_4_labeled,approach,35,39,1.1666655,1.2999987000000002,0.13333320000000026,5,joint_2,ramp_up,0.8424237624237604,0.11232305599999995,-0.7916812779999975,0.21429361,0.3300354,0.24730699,5,ramp_up,17.27327445989166,2.303100958215631,-20.538654211290563,3.0868607e-05,1.9326967,0.765029652203984,5
demo_4_labeled,approach,35,39,1.1666655,1.2999987000000002,0.13333320000000026,5,joint_3,constant,0.002814711114711112,0.00037529444000000033,-0.0019856901299999965,0.0013626235,0.0016790556,0.0014857834399999998,5,constant,-0.0084006274326274,-0.0011200825375999978,0.010196504667199959,-7.7882156e-05,-0.0022721412,-0.0001642588056,5
demo_4_labeled,approach,35,39,1.1666655,1.2999987000000002,0.13333320000000026,5,joint_4,ramp_up,0.293877293877284,0.039183599999998764,-3.2365696799999872,-2.8858652,-2.8466253,-2.87412138,5,ramp_up,5.022196249640137,0.6696254969925196,-5.971118058311875,-5.00486e-06,0.55946314,0.22291778886892,5
demo_4_labeled,approach,35,39,1.1666655,1.2999987000000002,0.13333320000000026,5,joint_5,constant,-0.003738366438366427,-0.0004984483599999994,0.005551398089999986,0.0011100076,0.0007116605,0.00094075076,5,constant,0.02765807509607503,0.0036877396583999984,-0.03289762586023992,4.080197e-05,0.003301801,0.0012139659799599999,5
demo_4_labeled,approach,35,39,1.1666655,1.2999987000000002,0.13333320000000026,5,joint_6,constant,0.020636120636126427,0.0027514800000007773,3.7256731899999935,3.7502072,3.7525,3.7511243800000003,5,constant,9.721441231441207e-05,1.2961908679999994e-05,-0.0001261964034599997,-1.9214913e-05,2.1048345e-07,-6.2987481699999995e-06,5
demo_4_labeled,approach,35,39,1.1666655,1.2999987000000002,0.13333320000000026,5,joint_7,constant,-0.0014801714801715303,-0.0001973560000000071,0.741355973,0.73958915,0.73938936,0.7395304300000001,5,constant,-0.024900468030767967,-0.003320059084039998,0.02958881095318992,-7.655077e-06,-0.0027212405,-0.00112173557418,5
demo_4_labeled,approach,35,39,1.1666655,1.2999987000000002,0.13333320000000026,5,finger_1,constant,-7.2930072929759015e-06,-9.723999999958163e-07,0.04000847129999997,0.039999664,0.03999879,0.0399994766,5,constant,-0.00035815913065912993,-4.7754503e-05,0.0004284621296099991,8.120886e-06,-2.0187481e-05,-1.326702314e-05,5
demo_4_labeled,approach,35,39,1.1666655,1.2999987000000002,0.13333320000000026,5,finger_2,constant,-6.657006656948971e-06,-8.875999999923103e-07,0.04000760569999993,0.03999976,0.039999757,0.0399993954,5,constant,0.0007118861282861266,9.491805551999996e-05,-0.0008386852892599979,3.4687803e-06,5.6918994e-05,3.93067243e-05,5
demo_4_labeled,approach,40,44,1.3333320000000002,1.4666652000000002,0.13333320000000004,5,joint_1,constant,-0.0028857541857541867,-0.00038476684000000026,0.002627941600000002,-0.0011007389,-0.0015244634,-0.0014121102199999998,5,constant,0.011565605565605559,0.0015420791999999994,-0.01750082611399999,0.0014060792,-3.599433e-05,-0.0013089945139999999,5
demo_4_labeled,approach,40,44,1.3333320000000002,1.4666652000000002,0.13333320000000004,5,joint_2,ramp_up,0.12111375111375265,0.01614848400000021,0.24234126599999783,0.39650983,0.41608593,0.41190034799999997,5,ramp_down,-11.698231004190998,-1.5597625741279997,16.77683954376799,1.9126192,5.979956e-05,0.39933251542400006,5
demo_4_labeled,approach,40,44,1.3333320000000002,1.4666652000000002,0.13333320000000004,5,joint_3,constant,-0.0031391314391314338,-0.0004185504399999994,0.0056481983399999935,0.0016260326,0.0011387967,0.0012534187199999998,5,constant,0.03173075476475475,0.004230763071199999,-0.04605872848479999,-0.0031649475,-1.9385636e-05,-0.0016357162372000003,5
demo_4_labeled,approach,40,44,1.3333320000000002,1.4666652000000002,0.13333320000000004,5,joint_4,constant,-0.014073014073024215,-0.001876400000001353,-2.807001039999985,-2.825339,-2.8272684,-2.8267032399999996,5,ramp_down,-3.5128318493818473,-0.4683771115399999,5.028009988047998,0.6173234,-1.969544e-05,0.110050316878,5
demo_4_labeled,approach,40,44,1.3333320000000002,1.4666652000000002,0.13333320000000004,5,joint_5,constant,0.0034282308082308095,0.0004570969840000003,-0.0035983421780000024,0.00076068897,0.0013190449,0.0012011761539999998,5,constant,-0.023663577455577452,-0.0031551405056000005,0.034162187398400004,0.0031797036,8.957558e-06,0.0010332120896,5
demo_4_labeled,approach,40,44,1.3333320000000002,1.4666652000000002,0.13333320000000004,5,joint_6,constant,-0.01384441384439025,-0.0018459199999968548,3.7701564399999667,3.7524998,3.75029,3.7507742800000003,5,ramp_up,0.13464828121770112,0.01795308620925599,-0.19854355173350188,1.7459843e-07,-3.18415e-05,-0.010036146536314,5
demo_4_labeled,approach,40,44,1.3333320000000002,1.4666652000000002,0.13333320000000004,5,joint_7,constant,0.00012399012399361294,1.6532000000465198e-05,0.739140907999995,0.7392996,0.7393189,0.7393144939999999,5,constant,0.013433069960369958,0.0017910742036400002,-0.019242085468579997,-0.002314578,-1.5266166e-06,-0.00043580633036,5
demo_4_labeled,approach,40,44,1.3333320000000002,1.4666652000000002,0.13333320000000004,5,finger_1,constant,9.900009900077886e-06,1.3200000000090652e-06,0.03998508619999991,0.039999142,0.039999757,0.039998946199999996,5,constant,-0.0001437369957369957,-1.9164913600000002e-05,0.00022580135529999998,-9.2630125e-06,5.339124e-06,2.45697625e-05,5
demo_4_labeled,approach,40,44,1.3333320000000002,1.4666652000000002,0.13333320000000004,5,finger_2,constant,-6.990006988311441e-07,-9.319999997739273e-08,0.04000071499999974,0.04,0.039999824,0.0399997364,5,constant,8.637217077217073e-05,1.1516277919999998e-05,-0.00012285922713999996,3.595772e-06,3.2233877e-06,-1.9383089799999997e-06,5
demo_4_labeled,approach,45,49,1.4999985000000002,1.6333317,0.13333319999999982,5,joint_1,constant,-0.0005403107403107352,-7.204135999999922e-05,-0.0005764744600000081,-0.001525109,-0.0014862085,-0.00142296044,5,constant,-0.022921997446997616,-0.0030562632700000185,0.036110871883600265,-8.8403185e-06,-7.6612036e-05,0.00019977846109999996,5
demo_4_labeled,approach,45,49,1.4999985000000002,1.6333317,0.13333319999999982,5,joint_2,ramp_up,0.4476314676314678,0.05968413599999994,-0.23663097000000055,0.41608664,0.48166135,0.464657628,5,ramp_down,-5.399550849884664,-0.7199393933778409,8.836752325194102,3.2363723e-06,0.00072710065,0.37746445300446,5
demo_4_labeled,approach,45,49,1.4999985000000002,1.6333317,0.13333319999999982,5,joint_3,constant,-0.0016501750501750556,-0.0002200231200000004,0.003775069940000009,0.0011384217,0.0010776509,0.0011897982800000001,5,constant,-0.004489198903199001,-0.0005985592552000122,0.006353878715400154,-5.911736e-06,-5.246378e-05,-0.0006791925331999999,5
demo_4_labeled,approach,45,49,1.4999985000000002,1.6333317,0.13333319999999982,5,joint_4,ramp_up,0.1419787419787458,0.018930480000000482,-3.0301505400000064,-2.8272684,-2.8032415,-2.8077174000000005,5,ramp_down,-2.2432666744642815,-0.2991019241596805,3.6499331988841712,-3.5842304e-06,-0.00032131313,0.13548559000792,5
demo_4_labeled,approach,45,49,1.4999985000000002,1.6333317,0.13333319999999982,5,joint_5,constant,0.0015984587184587197,0.00021312761599999986,-0.0013018127760000024,0.0013191267,0.0013152005,0.001202436712,5,constant,-0.002573124156924137,-0.00034308287783999685,0.0045891218762799686,1.4120353e-06,2.8231503e-05,0.00055789806166,5
demo_4_labeled,approach,45,49,1.4999985000000002,1.6333317,0.13333319999999982,5,joint_6,constant,-0.004486204486217915,-0.0005981600000017896,3.7579404800000207,3.75029,3.7505229,3.7509121,5,constant,-0.015313069354070253,-0.002041740538800117,0.015033146598501412,-2.935251e-06,-0.00038431142,-0.0089573047324,5
demo_4_labeled,approach,45,49,1.4999985000000002,1.6333317,0.13333319999999982,5,joint_7,constant,-0.00015966015966249937,-2.1288000000311932e-05,0.7395377780000034,0.7393189,0.73928446,0.7392876439999999,5,constant,0.005316600970800988,0.0007088794205600013,-0.008640205894180027,-1.6537456e-06,1.1367376e-06,-0.0003108727026,5
demo_4_labeled,approach,45,49,1.4999985000000002,1.6333317,0.13333319999999982,5,finger_1,constant,-3.996003996036555e-06,-5.328000000043404e-07,0.04000515100000004,0.039999876,0.03999939,0.039998890599999996,5,constant,0.0002754927564927586,3.6732330800000226e-05,-0.00041527357230000336,2.671487e-06,1.2822733e-05,1.6331314600000002e-05,5
demo_4_labeled,approach,45,49,1.4999985000000002,1.6333317,0.13333319999999982,5,finger_2,constant,3.3840033838916015e-06,4.5119999998509504e-07,0.03999418340000016,0.039999925,0.039999813,0.039999484999999994,5,constant,-0.0002805467835467847,-3.74062004000001e-05,0.00045755784518000187,1.6310202e-06,3.2749492e-06,1.8034990479999997e-05,5
demo_4_labeled,approach,50,54,1.666665,1.7999982,0.13333320000000004,5,joint_1,constant,-1.9662019662010137e-06,-2.6215999999987306e-07,-0.001484306580000002,-0.0014875004,-0.0014877949,-0.0014877146600000002,5,constant,9.198297498297494e-05,1.2264384399999998e-05,-0.00016307783020199994,-1.4403231e-05,-1.8608849e-07,-3.6408330019999996e-06,5
demo_4_labeled,approach,50,54,1.666665,1.7999982,0.13333320000000004,5,joint_2,constant,5.8800058811855155e-06,7.840000001572848e-07,0.4816617119999979,0.48167112,0.4816721,0.481671904,5,constant,-0.0004419379405279402,-5.8924999811999976e-05,0.0007822091899759995,6.8764726e-05,1.6168487e-07,1.618419242e-05,5
demo_4_labeled,approach,50,54,1.666665,1.7999982,0.13333320000000004,5,joint_3,constant,-1.029601029598095e-06,-1.3727999999960875e-07,0.001078482099999995,0.0010768211,0.0010766623,0.00107669746,5,constant,4.435987445287443e-05,5.914644012399999e-06,-7.851523438379997e-05,-6.467958e-06,1.15795444e-07,-1.6248622225999997e-06,5
demo_4_labeled,approach,50,54,1.666665,1.7999982,0.13333320000000004,5,joint_4,constant,-1.2161896050872283e-14,-1.6215845185301648e-15,-2.8032459999999784,-2.803246,-2.803246,-2.803246,5,constant,0.00018431667378867366,2.457553192959999e-05,-0.00032612955689939984,-2.9127601e-05,-1.1808303e-08,-6.647641814600001e-06,5
demo_4_labeled,approach,50,54,1.666665,1.7999982,0.13333320000000004,5,joint_5,constant,2.4030024030267306e-07,3.2040000000324375e-08,0.0013151122199999954,0.001315494,0.001315534,0.00131552874,5,constant,-2.1950966468966463e-05,-2.9267926024e-06,3.876858438339999e-05,3.2430598e-06,-9.3649675e-08,7.202805522e-07,5
demo_4_labeled,approach,50,54,1.666665,1.7999982,0.13333320000000004,5,joint_6,constant,2.918855052209348e-14,3.891802844472396e-15,3.7505225999999485,3.7505226,3.7505226,3.7505226,5,constant,0.00021270933949233943,2.83612169044e-05,-0.00037567082107849994,-3.6167898e-05,-2.1334225e-09,-6.975001321300001e-06,5
demo_4_labeled,approach,50,54,1.666665,1.7999982,0.13333320000000004,5,joint_7,constant,1.8242844076308426e-15,2.4323767777952473e-16,0.7392844599999969,0.73928446,0.73928446,0.73928446,5,constant,-1.1234699834699826e-05,-1.4979584799999992e-06,2.0068346171999986e-05,2.416217e-06,2.7417374e-07,5.94885932e-07,5
demo_4_labeled,approach,50,54,1.666665,1.7999982,0.13333320000000004,5,finger_1,constant,1.7430017429800483e-06,2.3239999999710745e-07,0.03999683620000004,0.039999682,0.039999925,0.03999985739999999,5,constant,-3.830234300234299e-05,-5.10697396e-06,6.906177307999998e-05,6.3525513e-06,1.075973e-06,2.6711116000000003e-06,5
demo_4_labeled,approach,50,54,1.666665,1.7999982,0.13333320000000004,5,finger_2,constant,7.601185031795177e-17,1.013490324081353e-17,0.039999929999999864,0.03999993,0.03999993,0.03999993,5,constant,-4.438961338961329e-06,-5.91860919999999e-07,8.862773719999983e-06,1.7677272e-06,1.0223521e-06,1.16858176e-06,5
demo_4_labeled,approach,55,59,1.8333315,1.9666647,0.13333320000000004,5,joint_1,constant,0.0037519660519660506,0.0005002616399999999,-0.008491467889999996,-0.0014878012,-0.0008624704,-0.00136273952,5,ramp_up,0.08353487774285773,0.011137972561064002,-0.15593176719271595,-1.5648685e-07,0.013922308,0.002784341802446,5
demo_4_labeled,approach,55,59,1.8333315,1.9666647,0.13333320000000004,5,joint_2,ramp_up,0.04187224187224316,0.005582960000000173,0.40351065999999747,0.4816721,0.4886508,0.48306784,5,ramp_up,1.133428109024369,0.15112359674616804,-2.115730212020942,1.4390596e-07,0.18890464,0.037781041611952004,5
demo_4_labeled,approach,55,59,1.8333315,1.9666647,0.13333320000000004,5,joint_3,constant,0.0017058317058317063,0.00022744400000000015,-0.0021075462400000013,0.001076666,0.0013609673,0.00113353076,5,constant,0.030302667085767083,0.004040351571080001,-0.056564785733204,1.3324542e-07,0.005050572,0.001010224154686,5
demo_4_labeled,approach,55,59,1.8333315,1.9666647,0.13333320000000004,5,joint_4,ramp_up,0.1951861951861866,0.026024799999998863,-3.167593199999983,-2.803246,-2.770715,-2.7967398,5,ramp_up,7.075931887526281,0.9434566415459194,-13.20839298286867,-1.8968658e-09,1.1793208,0.23586415916067666,5
demo_4_labeled,approach,55,59,1.8333315,1.9666647,0.13333320000000004,5,joint_5,constant,-0.0015227295227295224,-0.00020303040000000001,0.004157952139999999,0.0013155303,0.001061746,0.0012647689399999998,5,constant,0.016547397667932666,0.0022063174827380004,-0.030888541694034495,-9.646296e-08,0.0027578005,0.000551482434982,5
demo_4_labeled,approach,55,59,1.8333315,1.9666647,0.13333320000000004,5,joint_6,ramp_down,-0.21992421992421063,-0.02932319999999877,4.161047399999982,3.7505226,3.7138686,3.7431918000000004,5,ramp_down,-6.12870552538382,-0.8171599195571062,11.440238873388736,-5.4030014e-10,-1.0214499,-0.2042899803000239,5
demo_4_labeled,approach,55,59,1.8333315,1.9666647,0.13333320000000004,5,joint_7,constant,-0.0001083601083576973,-1.444799999967853e-05,0.7394867319999957,0.73928446,0.7392664,0.739280848,5,constant,-0.005288884527694528,-0.0007051838985080002,0.009872848807209,2.7421635e-07,-0.00088120566,-0.00017602174653,5
demo_4_labeled,approach,55,59,1.8333315,1.9666647,0.13333320000000004,5,finger_1,constant,-1.265401265395105e-05,-1.6871999999917867e-06,0.04002354579999988,0.039999925,0.039997816,0.039999503199999994,5,constant,-0.0005070514368514368,-6.760679064e-05,0.0009475708943999998,1.0758479e-06,-8.3432635e-05,-1.582587222e-05,5
demo_4_labeled,approach,55,59,1.8333315,1.9666647,0.13333320000000004,5,finger_2,constant,4.2000042013897385e-07,5.6000000018473847e-08,0.039999145999999736,0.03999993,0.04,0.039999944,5,constant,4.809457779457779e-05,6.412603960000002e-06,-8.875397008999998e-05,1.0224653e-06,9.0382155e-06,2.62563634e-06,5
demo_4_labeled,approach,60,64,1.999998,2.1333312,0.13333320000000026,5,joint_1,constant,-0.0015962925962925902,-0.00021283879999999962,0.0019383265399999874,-0.0011853161,-0.0014234057,-0.00136067486,5,constant,0.07006401324201328,0.009341859090400024,-0.14755804694860009,-0.010586923,-3.7563837e-05,-0.0027592310473999997,5
demo_4_labeled,approach,60,64,1.999998,2.1333312,0.13333320000000026,5,joint_2,constant,-0.004353424353425441,-0.0005804560000001461,0.4955229960000021,0.48706675,0.48637283,0.486525928,5,ramp_up,0.3390245255807261,0.04520322487416016,-0.7124541290291412,-0.0545677,-4.7994463e-06,-0.011804143479659999,5
demo_4_labeled,approach,60,64,1.999998,2.1333312,0.13333320000000026,5,joint_3,constant,-0.0008656202656202722,-0.0001154159200000011,0.002869462780000014,0.0011745399,0.0010462069,0.00108051602,5,constant,0.033798892416892434,0.004506514482400011,-0.07121668827760004,-0.005028667,-2.1257732e-05,-0.0013657138004,5
demo_4_labeled,approach,60,64,1.999998,2.1333312,0.13333320000000026,5,joint_4,constant,0.0014187014187136732,0.0001891600000016343,-2.765312140000025,-2.7625446,-2.7623281,-2.76238016,5,constant,0.02309672810072821,0.0030795606672000208,-0.04821024887380023,-0.0050337524,6.483749e-06,-0.00047705853220000004,5
demo_4_labeled,approach,60,64,1.999998,2.1333312,0.13333320000000026,5,joint_5,constant,6.757686757686399e-05,9.01023999999954e-06,0.0012507305600000075,0.001384992,0.0013935888,0.0013903892799999999,5,constant,0.00040329671589672795,5.3772841680001716e-05,-0.000771253412120025,-0.00025252812,7.0521046e-06,6.222563392e-05,5
demo_4_labeled,approach,60,64,1.999998,2.1333312,0.13333320000000026,5,joint_6,constant,0.0005649005648887551,7.531999999842551e-05,3.713172880000025,3.71427,3.71436,3.7143403399999997,5,ramp_down,-0.14725541998302016,-0.019634036363680062,0.3094756836852204,0.023627715,2.9753999e-06,0.00514812004818,5
demo_4_labeled,approach,60,64,1.999998,2.1333312,0.13333320000000026,5,joint_7,constant,-1.2180012180761694e-05,-1.6240000000999383e-06,0.7392624080000016,0.73923886,0.73923683,0.7392372359999999,5,constant,0.0025099506060306085,0.000334659746144001,-0.005279732792596005,-0.000396965,-4.3024482e-07,-9.2506727364e-05,5
demo_4_labeled,approach,60,64,1.999998,2.1333312,0.13333320000000026,5,finger_1,constant,2.3100023098522068e-06,3.0799999997998684e-07,0.039995149000000306,0.039999615,0.04,0.03999992300000001,5,constant,-0.000545191360260701,-7.269210867591225e-05,0.0011448873841971097,9.091934e-05,-3.8534864e-10,1.8159699720472e-05,5
demo_4_labeled,approach,60,64,1.999998,2.1333312,0.13333320000000026,5,finger_2,constant,8.244008243784003e-06,1.0991999999701033e-06,0.039982077600000464,0.039998796,0.03999972,0.039999115200000004,5,constant,0.00032615639615639683,4.348747600000018e-05,-0.0006760579428000015,-4.8599388e-05,5.560767e-06,-2.0020648000000013e-06,5
demo_4_labeled,approach,65,69,2.1666645,2.2999977,0.13333320000000004,5,joint_1,constant,-0.004910589950589952,-0.0006547446720000004,0.010007984660000004,-0.00080347084,-0.0012755605,-0.000958988596,5,ramp_down,-0.1098536423936424,-0.014647137672000005,0.245478016818,0.0140413875,-0.00096364174,0.00013846081200000012,5
demo_4_labeled,approach,65,69,2.1666645,2.2999977,0.13333320000000004,5,joint_2,constant,0.030916170916171222,0.004122152000000042,0.4317455919999994,0.49506357,0.50138026,0.500791638,5,ramp_down,-2.2479941179541196,-0.2997322493280003,5.104927881852004,0.24977724,-0.00087936636,0.084412705608,5
demo_4_labeled,approach,65,69,2.1666645,2.2999977,0.13333320000000004,5,joint_3,constant,-0.0031097689097689114,-0.00041463544000000036,0.008112092700000004,0.0013096887,0.0009794721,0.00116694908,5,constant,-0.03712163602163602,-0.004949546520000001,0.08211555993,0.0047781495,-0.0005613446,-0.0007893442800000001,5
demo_4_labeled,approach,65,69,2.1666645,2.2999977,0.13333320000000004,5,joint_4,ramp_up,0.3305973305973386,0.04407960000000108,-3.4282334200000184,-2.728827,-2.6779556,-2.68990012,5,ramp_down,-10.891328655488659,-1.4521757018880008,24.809506922352003,1.2056271,0.00038313164,0.48556391572800006,5
demo_4_labeled,approach,65,69,2.1666645,2.2999977,0.13333320000000004,5,joint_5,constant,0.003140127140127138,0.00041868319999999984,-0.005646775139999995,0.0011437854,0.0015061818,0.00136616846,5,constant,-0.022604279384279388,-0.0030139009040000015,0.05155050341600001,0.003159003,0.00014532237,0.0010676632740000002,5
demo_4_labeled,approach,65,69,2.1666645,2.2999977,0.13333320000000004,5,joint_6,ramp_down,-0.2013779013779182,-0.026850360000002252,4.101425630000037,3.6788719,3.6450481,3.6516821,5,ramp_up,8.774054390354392,1.1698727488400005,-19.97679491394,-0.98937047,0.00032315645,-0.38142637087000003,5
demo_4_labeled,approach,65,69,2.1666645,2.2999977,0.13333320000000004,5,joint_7,constant,-0.0005866505866495432,-7.821999999986089e-05,0.7404686949999977,0.7392164,0.7391352,0.73915851,5,constant,0.009528366168366172,0.001270447552000001,-0.021871923107600007,-0.0009089361,-1.7087512e-05,-0.0005919266116,5
demo_4_labeled,approach,65,69,2.1666645,2.2999977,0.13333320000000004,5,finger_1,constant,1.9356019355982812e-05,2.5807999999951282e-06,0.03995588320000008,0.03999792,0.04,0.039999111600000005,5,constant,0.0004357507980667973,5.8100048308799916e-05,-0.0009870540557321984,-8.0435835e-05,-1.2550729e-08,-1.3878246559800002e-05,5
demo_4_labeled,approach,65,69,2.1666645,2.2999977,0.13333320000000004,5,finger_2,constant,-1.1916011916083667e-05,-1.5888000000095672e-06,0.04002576540000015,0.04,0.039998863,0.039999152999999996,5,constant,7.039637899637859e-05,9.386174479999948e-06,-0.00016169063737999907,8.277203e-06,1.577118e-05,-4.472214840000001e-06,5
demo_4_labeled,approach,70,74,2.3333310000000003,2.4666642000000003,0.13333320000000004,5,joint_1,constant,-5.0622650622652567e-05,-6.749680000000261e-06,-0.0011782415199999955,-0.001294317,-0.0013017817,-0.00129973576,5,constant,0.001864259296859296,0.00024856765767999997,-0.004551460979959999,-0.00027630283,-2.2331992e-06,-7.724314172e-05,5
demo_4_labeled,approach,70,74,2.3333310000000003,2.4666642000000003,0.13333320000000004,5,joint_2,constant,-1.0500010500509893e-05,-1.400000000066586e-06,0.5013912500000012,0.50136745,0.5013657,0.50136605,5,constant,0.0007480079602079599,9.973429495999999e-05,-0.0018228608500399995,-0.00011731681,-1.744766e-07,-2.7643540759999997e-05,5
demo_4_labeled,approach,70,74,2.3333310000000003,2.4666642000000003,0.13333320000000004,5,joint_3,constant,-2.9641019641019977e-05,-3.9521320000000464e-06,0.001036612542000001,0.0009686339,0.0009642763,0.000965474166,5,constant,0.0010967077871077864,0.00014622755871999995,-0.0026775200359799986,-0.00016266346,-1.0252076e-06,-4.542397902e-05,5
demo_4_labeled,approach,70,74,2.3333310000000003,2.4666642000000003,0.13333320000000004,5,joint_4,constant,-2.4323792101744586e-15,-3.243169037060332e-16,-2.6779481999999946,-2.6779482,-2.6779482,-2.6779482,5,constant,-0.0004279635340335337,-5.7061747475999975e-05,0.0010436202005819992,6.343658e-05,2.0225744e-07,1.6508746013999997e-05,5
demo_4_labeled,approach,70,74,2.3333310000000003,2.4666642000000003,0.13333320000000004,5,joint_5,constant,5.271605271604305e-06,7.028799999998714e-07,0.0014957936600000022,0.0015078954,0.0015086595,0.0015084455,5,constant,-0.00031180362916362895,-4.157377564799998e-05,0.0007613727411519995,4.6141846e-05,1.0902244e-07,1.3044779487999996e-05,5
demo_4_labeled,approach,70,74,2.3333310000000003,2.4666642000000003,0.13333320000000004,5,joint_6,constant,-4.864758420348917e-15,-6.486338074120664e-16,3.6450484000000123,3.6450484,3.6450484,3.6450483999999994,5,constant,-0.00029980810785610755,-3.9974374406399974e-05,0.0007298254989835993,4.789862e-05,1.7751542e-08,1.02867596684e-05,5
demo_4_labeled,approach,70,74,2.3333310000000003,2.4666642000000003,0.13333320000000004,5,joint_7,constant,-1.2161896050872293e-15,-1.621584518530166e-16,0.7391352000000032,0.7391352,0.7391352,0.7391352,5,constant,2.4926552846552827e-05,3.3235370559999985e-06,-6.068584789199996e-05,-3.8663616e-06,2.6980567e-07,-8.621808840000002e-07,5
demo_4_labeled,approach,70,74,2.3333310000000003,2.4666642000000003,0.13333320000000004,5,finger_1,constant,0.0,0.0,0.04000000000000001,0.04,0.04,0.04,5,constant,2.0662617472617456e-08,2.7550129079999988e-09,-5.0419343771999966e-08,-3.144717e-09,-1.715817e-11,-8.29111428e-10,5
demo_4_labeled,approach,70,74,2.3333310000000003,2.4666642000000003,0.13333320000000004,5,finger_2,constant,4.362004361946999e-06,5.815999999923518e-07,0.03998925320000016,0.039999336,0.03999992,0.039999722,5,constant,-7.495352635352633e-05,-9.99379352e-06,0.00018480290297999996,1.1289801e-05,1.1218729e-06,4.914619620000001e-06,5
demo_4_labeled,pick,75,79,2.4999975,2.6333307,0.13333320000000004,5,joint_1,constant,1.0800010800336313e-07,1.4400000000434022e-08,-0.0013020764800000088,-0.0013018119,-0.0013017992,-0.00130179928,5,constant,-9.92626895626896e-06,-1.3235012040000009e-06,2.5393517659000012e-05,3.505857e-07,-7.867207e-07,-8.388051800000001e-08,5
demo_4_labeled,pick,75,79,2.4999975,2.6333307,0.13333320000000004,5,joint_2,constant,-3.648568815261681e-15,-4.86475355559049e-16,0.5013657000000094,0.5013657,0.5013657,0.5013657,5,constant,6.066964338064348e-06,8.089277694800015e-07,-1.5553535442782026e-05,-6.0408144e-07,1.2303887e-07,1.8324119707999997e-08,5
demo_4_labeled,pick,75,79,2.4999975,2.6333307,0.13333320000000004,5,joint_3,constant,-3.740403740455429e-07,-4.98720000006892e-08,0.0009651843600000131,0.0009642496,0.00096419523,0.0009642243239999999,5,constant,1.5763207423207416e-05,2.101758888e-06,-4.0373434795999986e-05,-6.6200795e-07,1.7378388e-06,8.542379799999999e-08,5
demo_4_labeled,pick,75,79,2.4999975,2.6333307,0.13333320000000004,5,joint_4,constant,1.2161896050872272e-14,1.6215845185301632e-15,-2.6779482000000305,-2.6779482,-2.6779482,-2.6779482,5,constant,1.313176451386453e-05,1.7509001842800027e-06,-3.355004150235004e-05,-9.606869e-07,7.200583e-07,1.5478704504000002e-07,5
demo_4_labeled,pick,75,79,2.4999975,2.6333307,0.13333320000000004,5,joint_5,constant,3.954003953934286e-07,5.271999999907111e-08,0.0015076797400000183,0.001508671,0.0015087295,0.0015086946,5,constant,-8.419454660954653e-05,-1.1225928321999992e-05,0.0002136686784174998,5.610415e-07,-1.3265388e-05,-2.430441781e-06,5
demo_4_labeled,pick,75,79,2.4999975,2.6333307,0.13333320000000004,5,joint_6,constant,-1.9459033681395634e-14,-2.5945352296482613e-15,3.6450484000000496,3.6450484,3.6450484,3.6450483999999994,5,constant,-1.0062276515676502e-05,-1.3416355271199985e-06,2.5493533552155966e-05,7.769103e-09,-1.6672892e-06,-3.3295034490399994e-07,5
demo_4_labeled,pick,75,79,2.4999975,2.6333307,0.13333320000000004,5,joint_7,constant,4.200004189987957e-07,5.5999999866450246e-08,0.7391341360000023,0.7391352,0.73913527,0.739135214,5,constant,6.563231978231974e-05,8.750967219999996e-06,-0.0001666519850549999,-8.25088e-07,9.563869e-06,1.80413393e-06,5
demo_4_labeled,pick,75,79,2.4999975,2.6333307,0.13333320000000004,5,finger_1,ramp_down,-0.04206535206535231,-0.005608708000000034,0.14656545200000062,0.04,0.032989115,0.038597822999999996,5,ramp_down,-1.2013194092394957,-0.16017576105601156,3.0433394597937116,-1.033126e-11,-0.2002197,-0.04004394053451068,5
demo_4_labeled,pick,75,79,2.4999975,2.6333307,0.13333320000000004,5,finger_2,ramp_down,-0.04204096204096223,-0.005605456000000027,0.1465035840000005,0.03999992,0.0329931,0.038598556,5,ramp_down,-1.2022546410781394,-0.16030045850979982,3.045709839372366,1.124515e-06,-0.20037445,-0.040073986941280004,5
demo_4_labeled,pick,80,84,2.6666640000000004,2.7999972000000004,0.13333320000000004,5,joint_1,constant,0.003324574824574823,0.00044327619999999995,-0.010047471559999998,-0.0013365514,-0.0008052843,-0.00096030946,5,ramp_down,-0.09723536253536251,-0.012964702040000001,0.26986057241999994,0.015331587,0.0013881032,0.004084180600000001,5
demo_4_labeled,pick,80,84,2.6666640000000004,2.7999972000000004,0.13333320000000004,5,joint_2,constant,-0.010584220584220578,-0.0014112279999999996,0.52967341,0.5013553,0.49999416,0.5007432359999999,5,ramp_down,-0.14972987588987582,-0.019963963487999996,0.39236588597599986,-0.00079388364,-0.022479324,-0.016895365528,5
demo_4_labeled,pick,80,84,2.6666640000000004,2.7999972000000004,0.13333320000000004,5,joint_3,constant,0.003440779640779639,0.0004587701599999999,-0.007869646359999996,0.0012761733,0.0017682828,0.0015351419199999999,5,ramp_down,-0.21745973065973037,-0.02899460175999997,0.6056857964199993,0.04116425,0.0049075056,0.01129646034,5
demo_4_labeled,pick,80,84,2.6666640000000004,2.7999972000000004,0.13333320000000004,5,joint_4,constant,0.003058203058202081,0.0004077599999998698,-2.6861584399999967,-2.67798,-2.6775942,-2.67779936,5,ramp_up,0.09234718674718675,0.012312945920000005,-0.25166116278000006,-0.009259659,0.0038277523,0.0007542285800000001,5
demo_4_labeled,pick,80,84,2.6666640000000004,2.7999972000000004,0.13333320000000004,5,joint_5,constant,0.006241807741807738,0.0008322401999999998,-0.015613654639999992,0.0009623375,0.0018016028,0.0014472694599999998,5,ramp_up,0.09739186771186738,0.01298556937599996,-0.2670672279539991,-0.024097716,-0.00019967253,-0.000863055746,5
demo_4_labeled,pick,80,84,2.6666640000000004,2.7999972000000004,0.13333320000000004,5,joint_6,constant,0.004055704055705522,0.0005407600000001956,3.6341704399999957,3.6449766,3.6455107,3.6452560199999993,5,constant,0.0456108456108458,0.006081440000000027,-0.16119820140000052,-0.020535292,-0.028492816,-0.0365286814,5
demo_4_labeled,pick,80,84,2.6666640000000004,2.7999972000000004,0.13333320000000004,5,joint_7,constant,0.0022583422583399917,0.00030111199999969786,0.7334337280000062,0.7395427,0.7398127,0.739606524,5,ramp_down,-0.7772006432006424,-0.10362664879999993,1.993505617599998,-0.018163964,-0.14413948,-0.1308406828,5
demo_4_labeled,pick,80,84,2.6666640000000004,2.7999972000000004,0.13333320000000004,5,finger_1,ramp_down,-0.04444802644802648,-0.005926397600000006,0.1423902388000001,0.026068643,0.019214591,0.020899088,5,ramp_up,1.081169069309068,0.1441557317519999,-2.9798989935279967,-0.20022647,-0.00087692356,-0.024706492612,5
demo_4_labeled,pick,80,84,2.6666640000000004,2.7999972000000004,0.13333320000000004,5,finger_2,constant,-0.031582504582504556,-0.004210996399999997,0.10819893919999994,0.02609358,0.02092406,0.021873513,5,ramp_up,1.4173903363903353,0.1889851891999999,-3.888900479199997,-0.20410174,0.027892374,-0.014704100600000002,5
demo_4_labeled,transport,85,89,2.8333305,2.9666637,0.1333331999999996,5,joint_1,constant,0.00211957471957473,0.00028260968000000055,-0.00668653923200003,-0.0006996116,-0.0004253782,-0.0005397786919999999,5,constant,-0.023792127572127623,-0.003172280503999997,0.07159169119600015,0.0037885525,0.00081816537,0.002594590234,5
demo_4_labeled,transport,85,89,2.8333305,2.9666637,0.1333331999999996,5,joint_2,constant,-0.003876453876457155,-0.0005168600000004356,0.5105262370000095,0.49961025,0.49909988,0.499284532,5,ramp_up,0.13163186213186276,0.01755089740000003,-0.39386197275000184,-0.02231341,-0.004972114,-0.0121299543,5
demo_4_labeled,transport,85,89,2.8333305,2.9666637,0.1333331999999996,5,joint_3,constant,0.002736871836871837,0.0003649158799999989,-0.005784699430000001,0.0019407927,0.0022984704,0.0021522209600000003,5,constant,-0.03510199746199758,-0.0046802616480000015,0.10491516087200035,0.00532162,0.00089940074,0.0031194700280000004,5
demo_4_labeled,transport,85,89,2.8333305,2.9666637,0.1333331999999996,5,joint_4,constant,0.000828600828616887,0.00011048000000214078,-2.679740080000047,-2.677442,-2.6773221,-2.6773371399999997,5,constant,-0.0443008724608726,-0.005906777088000001,0.13214567535200042,0.0053281942,0.00048626814,0.0036732736880000006,5
demo_4_labeled,transport,85,89,2.8333305,2.9666637,0.1333331999999996,5,joint_5,constant,0.0015516630516630586,0.0002068882000000003,-0.00253795975000002,0.0018613384,0.0020595263,0.0019618586,5,constant,-0.04669602979603003,-0.006226131080000012,0.1390374925900007,0.009033914,0.0014845819,0.0036191416000000004,5
demo_4_labeled,transport,85,89,2.8333305,2.9666637,0.1333331999999996,5,joint_6,constant,0.0003303003302885539,4.403999999842968e-05,3.6447146500000347,3.6456287,3.6456754,3.6456725199999993,5,ramp_up,0.2024414504414517,0.026992166400000087,-0.6104181252000037,-0.04783359,-0.016870135,-0.023338506,5
demo_4_labeled,transport,85,89,2.8333305,2.9666637,0.1333331999999996,5,joint_7,constant,0.0019322419322396016,0.00025763199999968844,0.7344951140000067,0.73994935,0.74020296,0.74009861,5,ramp_up,0.11204089304089423,0.014938770800000114,-0.43643399470000344,-0.13549486,-0.112634204,-0.11151572979999999,5
demo_4_labeled,transport,85,89,2.8333305,2.9666637,0.1333331999999996,5,finger_1,constant,0.0007632337632337446,0.00010176439999999722,0.01700857330000006,0.019177293,0.019274741,0.019221949,5,constant,-0.021180165180165286,-0.002824019200000006,0.06853700090000031,0.009410702,0.0052678315,0.0071145833,5
demo_4_labeled,transport,85,89,2.8333305,2.9666637,0.1333331999999996,5,finger_2,constant,0.0002561042561042271,3.414719999999603e-05,0.020313061000000084,0.021015521,0.021050582,0.0210557626,5,ramp_down,-0.14726082536082616,-0.019634757080000047,0.42890716723000233,0.01877051,-0.004393015,0.00185120074,5
demo_4_labeled,transport,90,94,2.9999970000000005,3.1333302000000005,0.13333320000000004,5,joint_1,constant,-0.0021827300327300313,-0.0002910303799999999,0.006186110973999997,-0.00041824055,-0.0006842281,-0.000507587766,5,constant,-0.012282879882879816,-0.0016377156799999915,0.0373628526399998,0.0006603632,0.0011949781,-0.000304608,5
demo_4_labeled,transport,90,94,2.9999970000000005,3.1333302000000005,0.13333320000000004,5,joint_2,ramp_down,-0.7039567039567033,-0.09386079999999994,2.6303186159999985,0.49908537,0.40220356,0.47152021600000005,5,ramp_down,-14.559356380556373,-1.9412455761599996,44.004609147359986,-0.004938739,-1.662255,-0.64403910432,5
demo_4_labeled,transport,90,94,2.9999970000000005,3.1333302000000005,0.13333320000000004,5,joint_3,constant,-0.0027431640431640507,-0.0003657548400000011,0.010634995860000024,0.0023242743,0.0020073846,0.00222263454,5,constant,-0.016768389568389535,-0.0022357830399999962,0.0512256330079999,0.0007866691,-0.0004287316,-0.00019737691199999996,5
demo_4_labeled,transport,90,94,2.9999970000000005,3.1333302000000005,0.13333320000000004,5,joint_4,ramp_down,-0.33907533907533927,-0.04521000000000004,-1.651127419999999,-2.677341,-2.7223332,-2.6909574199999997,5,ramp_down,-5.495026318126313,-0.7326694430799996,16.599557598899985,0.0008276272,-0.5673913,-0.25183959194,5
demo_4_labeled,transport,90,94,2.9999970000000005,3.1333302000000005,0.13333320000000004,5,joint_5,constant,0.006879132579132576,0.0009172167599999998,-0.01867410027999999,0.002101049,0.0029527473,0.0024218852,5,constant,0.05516428976428966,0.007355231279999988,-0.1648347693399997,0.0013483507,0.0056552943,0.0043355501,5
demo_4_labeled,transport,90,94,2.9999970000000005,3.1333302000000005,0.13333320000000004,5,joint_6,ramp_down,-0.5670185670185698,-0.07560240000000039,5.3618821400000085,3.6456687,3.5698466,3.62302694,5,ramp_down,-9.803705015705008,-1.3071593615999995,29.61291721579998,-0.016203377,-1.108371,-0.451748101,5
demo_4_labeled,transport,90,94,2.9999970000000005,3.1333302000000005,0.13333320000000004,5,joint_7,constant,0.0009176409176398303,0.00012235199999985507,0.7374780200000035,0.74023217,0.74034756,0.740292116,5,ramp_down,-0.1695318075318072,-0.022604218399999963,0.39886066239999896,-0.11280242,-0.13075441,-0.12103636079999999,5
demo_4_labeled,transport,90,94,2.9999970000000005,3.1333302000000005,0.13333320000000004,5,finger_1,constant,0.00016729816729815162,2.2306399999997917e-05,0.018784145200000046,0.0192857,0.01930961,0.019297192400000003,5,constant,0.02862498492498492,0.0038166608400000005,-0.08125683634,0.005132157,0.009355706,0.00652636298,5
demo_4_labeled,transport,90,94,2.9999970000000005,3.1333302000000005,0.13333320000000004,5,finger_2,constant,-0.0001785691785691386,-2.3809199999994676e-05,0.021577352999999883,0.021039883,0.021007672,0.021029741400000003,5,constant,-0.04596448896448888,-0.006128592399999991,0.13437643253999978,-0.004187908,-0.008912959,-0.00658119266,5
demo_4_labeled,transport,95,99,3.1666635000000003,3.2999967000000003,0.13333320000000004,5,joint_1,constant,0.006702232332232334,0.0008936300840000005,-0.021996778635000006,-0.00065980246,0.00026767614,-0.00032624909799999996,5,ramp_up,0.10927164427164428,0.014569538000000005,-0.34491508280000005,0.0028661515,0.018188784,0.0083962137,5
demo_4_labeled,transport,95,99,3.1666635000000003,3.2999967000000003,0.13333320000000004,5,joint_2,ramp_down,-1.7626272226272235,-0.23501672800000017,5.9254934880000025,0.3439629,0.10906409,0.22633783400000002,5,ramp_up,0.11543891543891768,0.015391840000000304,-2.0689798000000073,-1.6946838,-1.6794598,-1.6957276799999998,5
demo_4_labeled,transport,95,99,3.1666635000000003,3.2999967000000003,0.13333320000000004,5,joint_3,constant,-0.004716402516402521,-0.0006288530400000008,0.017012040640000017,0.001985957,0.0013282896,0.00176235442,5,ramp_down,-0.0892748386748387,-0.011903299920000006,0.2835897543800001,-0.0006479018,-0.01310973,-0.00506526868,5
demo_4_labeled,transport,95,99,3.1666635000000003,3.2999967000000003,0.13333320000000004,5,joint_4,ramp_down,-0.39919599919599924,-0.05322608000000002,-1.4793152199999997,-2.7411973,-2.7943964,-2.77004766,5,ramp_up,1.9253559353559344,0.25671386799999996,-6.601919000999997,-0.5030355,-0.24619824,-0.376607702,5
demo_4_labeled,transport,95,99,3.1666635000000003,3.2999967000000003,0.13333320000000004,5,joint_5,constant,0.01028780648780649,0.0013717061600000008,-0.02955075496000001,0.003135544,0.0045430437,0.00371311942,5,ramp_up,0.0864767061767062,0.011530215960000008,-0.2708480090100001,0.0049170284,0.017201748,0.00875972802,5
demo_4_labeled,transport,95,99,3.1666635000000003,3.2999967000000003,0.13333320000000004,5,joint_6,ramp_down,-1.3806172806172874,-0.18408212000000096,7.903272230000023,3.5292645,3.3452585,3.4392808200000005,5,ramp_down,-1.6960261960261938,-0.22613659999999977,4.2004917099999926,-1.1658261,-1.391331,-1.2833208400000002,5
demo_4_labeled,transport,95,99,3.1666635000000003,3.2999967000000003,0.13333320000000004,5,joint_7,constant,-0.004368904368906259,-0.0005825200000002522,0.7542590320000059,0.74033827,0.7397277,0.740132922,5,ramp_down,-0.07909168909168945,-0.010545548000000052,0.12116357700000124,-0.13082005,-0.1419651,-0.134565962,5
demo_4_labeled,transport,95,99,3.1666635000000003,3.2999967000000003,0.13333320000000004,5,finger_1,constant,0.0008732618732618813,0.0001164348000000011,0.016561520099999977,0.01933039,0.019446963,0.019385064,5,constant,0.007450054450054462,0.000993339600000002,-0.013817111700000037,0.009803902,0.01080125,0.0102713736,5
demo_4_labeled,transport,95,99,3.1666635000000003,3.2999967000000003,0.13333320000000004,5,finger_2,constant,-0.001289839289839301,-0.00017197840000000156,0.02506750120000004,0.020977851,0.020805672,0.020897025,5,constant,-0.005493882993882993,-0.000732517,0.008474460549999995,-0.008949843,-0.009684486,-0.0092890767,5
demo_4_labeled,transport,100,104,3.33333,3.4666632,0.13333320000000004,5,joint_1,ramp_down,-0.05609170049170043,-0.007478885919999994,0.1905469128199998,0.0014094404,-0.0034565858,-0.0001646781400000001,5,ramp_down,-0.9335143835143801,-0.12446845999999959,3.1621974571999885,0.043096468,-0.009580442,-0.011748272800000004,5
demo_4_labeled,transport,100,104,3.33333,3.4666632,0.13333320000000004,5,joint_2,ramp_down,-1.6191296352296352,-0.21588373548000006,5.44693339848,0.05153248,-0.16422236,-0.058101856259999994,5,ramp_up,1.4716445716445703,0.19621907999999988,-6.5682419599999955,-1.6536084,-1.457411,-1.56465542,5
demo_4_labeled,transport,100,104,3.33333,3.4666632,0.13333320000000004,5,joint_3,ramp_up,0.04927316179316175,0.006569748335999996,-0.16549177015199987,0.00042010998,0.004746011,0.002036812416,5,ramp_up,0.707626631026628,0.09435012311999963,-2.39577252067999,-0.033276495,0.0052437684,0.010155618880000005,5
demo_4_labeled,transport,100,104,3.33333,3.4666632,0.13333320000000004,5,joint_4,ramp_down,-0.03919563919563622,-0.005226079999999605,-2.673755520000009,-2.8019037,-2.8071508,-2.8070205600000007,5,ramp_up,2.1515569955569958,0.28687397920000013,-7.3495739666,-0.17708287,0.10944513,-0.034287497,5
demo_4_labeled,transport,100,104,3.33333,3.4666632,0.13333320000000004,5,joint_5,constant,-0.018218439518439503,-0.0024291228399999985,0.06890386441999996,0.005833564,0.0054953736,0.006961232,5,ramp_down,-1.0048741828741792,-0.13398309039999956,3.4144084740999876,0.04300613,-0.0099578705,-0.0021603310999999984,5
demo_4_labeled,transport,100,104,3.33333,3.4666632,0.13333320000000004,5,joint_6,ramp_down,-1.5915627915627941,-0.2122081600000004,8.60072528000001,3.2947488,3.0826538,3.1894172000000003,5,ramp_down,-0.651043851043846,-0.08680575999999936,0.7293370599999831,-1.432899,-1.5198784,-1.4842098199999998,5
demo_4_labeled,transport,100,104,3.33333,3.4666632,0.13333320000000004,5,joint_7,constant,0.012727452727450697,0.0016969919999997298,0.694514232000007,0.7388306,0.73897934,0.7377875279999999,5,ramp_up,0.8039354879354851,0.10719129119999965,-2.8624388197999906,-0.16275704,-0.121038996,-0.1290608942,5
demo_4_labeled,transport,100,104,3.33333,3.4666632,0.13333320000000004,5,finger_1,constant,0.001101256101256016,0.00014683399999998868,0.015818911800000286,0.01948561,0.019631783,0.0195631788,5,constant,0.00037395937395938287,4.98612000000012e-05,0.009806311999999972,0.011139521,0.010677695,0.011077772599999999,5
demo_4_labeled,transport,100,104,3.33333,3.4666632,0.13333320000000004,5,finger_2,constant,-0.0014864804864805389,-0.00019819720000000706,0.025696180800000176,0.020748928,0.020551307,0.0206421522,5,constant,-0.0019575829575829793,-0.000261010800000003,-0.003182253119999926,-0.009951494,-0.009667498,-0.00983802852,5
demo_4_labeled,transport,105,109,3.4999965000000004,3.6333297,0.1333331999999996,5,joint_1,constant,-0.0009631404631404815,-0.00012841860000000206,-0.00038165432999993226,-0.00366984,-0.0037414096,-0.0038168518799999995,5,constant,0.05026550326550332,0.006702060399999986,-0.18216513480000018,-0.0056841257,0.002274622,-0.0028850190999999996,5
demo_4_labeled,transport,105,109,3.4999965000000004,3.6333297,0.1333331999999996,5,joint_2,ramp_down,-1.1114533514533549,-0.14819363200000002,3.6693414420000123,-0.21301253,-0.35633764,-0.294838214,5,ramp_up,8.026661386661393,1.0702204479999977,-29.669069222000026,-1.3873645,-0.13341099,-1.0406722379999997,5
demo_4_labeled,transport,105,109,3.4999965000000004,3.6333297,0.1333331999999996,5,joint_3,constant,-0.0001393489393489535,-1.857984000000183e-05,0.005354590680000048,0.0048297835,0.0047945627,0.00485757996,5,constant,-0.016533349833349874,-0.002204444439999999,0.060572424050000157,0.003104311,0.0010581366,0.0016035352799999999,5
demo_4_labeled,transport,105,109,3.4999965000000004,3.6333297,0.1333331999999996,5,joint_4,ramp_up,0.28164628164627764,0.03755279999999935,-3.788761139999984,-2.8022153,-2.7662704,-2.7842237400000003,5,ramp_down,-0.24946854946854666,-0.033262439999999525,1.13207097199999,0.18099606,0.07151341,0.242300702,5
demo_4_labeled,transport,105,109,3.4999965000000004,3.6333297,0.1333331999999996,5,joint_5,constant,-0.0058083106083106,-0.0007744406399999966,0.025949276299999973,0.0054334453,0.004454731,0.00523298918,5,ramp_down,-0.13899189699189712,-0.018532234399999962,0.4818805798000005,-0.00879071,-0.031231977,-0.0138566904,5
demo_4_labeled,transport,105,109,3.4999965000000004,3.6333297,0.1333331999999996,5,joint_6,ramp_down,-1.2764148764148682,-0.1701884799999984,7.484857999999969,3.028579,2.869089,2.93231616,5,ramp_up,9.088799902799904,1.2118387751999964,-33.62576620280001,-1.5211563,-0.021534331,-1.2090789661999999,5
demo_4_labeled,transport,105,109,3.4999965000000004,3.6333297,0.1333331999999996,5,joint_7,constant,0.003864963864964755,0.0005153280000001171,0.7256986159999966,0.73919046,0.7396856,0.7394836400000001,5,ramp_up,0.14506768006767995,0.019342337999999924,-0.6349691852999995,-0.122398,-0.09851541,-0.1175616438,5
demo_4_labeled,transport,105,109,3.4999965000000004,3.6333297,0.1333331999999996,5,finger_1,constant,0.00020427920427924958,2.7237200000005957e-05,0.018942024099999833,0.019653056,0.019682147,0.019670619199999996,5,constant,-0.018072950472950468,-0.002409724319999992,0.07411190667999998,0.010424584,0.0075754346,0.00965178112,5
demo_4_labeled,transport,105,109,3.4999965000000004,3.6333297,0.1333331999999996,5,finger_2,constant,-0.0001949611949611791,-2.5994799999997805e-05,0.021203323299999938,0.020526072,0.020497367,0.020507962400000003,5,constant,0.006165165165165164,0.0008220211999999974,-0.03099165829999999,-0.009386737,-0.008517735,-0.0090025912,5
demo_4_labeled,transport,110,114,3.666663,3.7999962,0.13333320000000004,5,joint_1,constant,-0.004565191265191252,-0.0006086915599999985,0.013180726959999953,-0.0036377823,-0.0041789375,-0.0038626367200000006,5,constant,-0.040859713019712945,-0.005447956287999991,0.14896305821599973,0.00011263846,-0.004413106,-0.0035797178479999997,5
demo_4_labeled,transport,110,114,3.666663,3.7999962,0.13333320000000004,5,joint_2,ramp_down,-0.6795793395793375,-0.09061048799999975,2.1464184999999927,-0.35799143,-0.4437749,-0.390675164,5,ramp_down,-8.007071436971419,-1.067608457319998,29.348700294619935,-0.014819025,-0.87597144,-0.54433651034,5
demo_4_labeled,transport,110,114,3.666663,3.7999962,0.13333320000000004,5,joint_3,constant,0.00024004074004073297,3.200539999999907e-05,0.003946476880000025,0.0048137493,0.004834724,0.0048426280799999995,5,constant,-0.012325782205782171,-0.0016434359839999958,0.046139451965999875,0.0010321249,-0.00046003333,0.00012324441400000003,5
demo_4_labeled,transport,110,114,3.666663,3.7999962,0.13333320000000004,5,joint_4,ramp_up,0.3179496179496325,0.042393240000001955,-3.937938300000054,-2.7653122,-2.7239244,-2.75092758,5,ramp_up,4.877945745245734,0.6503921156399987,-17.920264312999958,0.0062111663,0.5677652,0.29071492491999995,5
demo_4_labeled,transport,110,114,3.666663,3.7999962,0.13333320000000004,5,joint_5,constant,0.015406534306534252,0.0020542025199999933,-0.05220645873999981,0.004314601,0.006087387,0.00531121182,5,constant,-0.04609363759363815,-0.006145812200000076,0.1684417950000021,-0.0072576515,-0.012745187,-0.0036409466,5
demo_4_labeled,transport,110,114,3.666663,3.7999962,0.13333320000000004,5,joint_6,ramp_down,-1.2431262431262493,-0.16575000000000087,7.447669940000024,2.8692064,2.7142584,2.80666994,5,ramp_down,-12.53754132654129,-1.6716705051999956,45.929795230199865,-0.02395016,-1.4079565,-0.8769789154,5
demo_4_labeled,transport,110,114,3.666663,3.7999962,0.13333320000000004,5,joint_7,constant,0.003060063060061279,0.00040800799999976263,0.7284249880000065,0.7397026,0.74010116,0.739849212,5,constant,0.05973696573696645,0.007964920800000098,-0.34039084840000267,-0.11950207,-0.112622686,-0.117373066,5
demo_4_labeled,transport,110,114,3.666663,3.7999962,0.13333320000000004,5,finger_1,constant,0.0001322251322250581,1.7629999999990123e-05,0.019198681200000272,0.019690765,0.019700756,0.019692321199999998,5,constant,-0.00025887325887326263,-3.451640000000051e-05,0.011193040200000014,0.009991767,0.009772903,0.010226581,5
demo_4_labeled,transport,110,114,3.666663,3.7999962,0.13333320000000004,5,finger_2,constant,0.0007304767304766986,9.739679999999579e-05,0.01782901460000012,0.020519342,0.02060884,0.020556125,5,constant,0.005880572880572866,0.0007840755999999983,-0.030298459319999946,-0.008903142,-0.008117523,-0.00834434252,5
demo_4_labeled,transport,115,119,3.833329500000001,3.966662700000001,0.13333320000000004,5,joint_1,constant,0.001131623031623042,0.00015088292000000144,-0.00868500369000004,-0.0042887637,-0.004187696,-0.00427167828,5,constant,0.030390136650136724,0.004052014168000011,-0.11993596849800031,-0.003929722,-0.00078756566,-0.0014145540839999998,5
demo_4_labeled,transport,115,119,3.833329500000001,3.966662700000001,0.13333320000000004,5,joint_2,ramp_down,-0.26328020328020196,-0.035103991999999834,0.527624635999995,-0.47192365,-0.5095668,-0.49916713,5,ramp_up,6.850998814998821,0.913465595200001,-27.049031516200028,-0.7919789,0.005695441,-0.3301628566,5
demo_4_labeled,transport,115,119,3.833329500000001,3.966662700000001,0.13333320000000004,5,joint_3,constant,-0.001979424479424512,-0.0002639230000000044,0.012382399550000128,0.004809232,0.0045807855,0.0046626518,5,constant,0.013388271488271469,0.0017851010799999978,-0.05258146898999993,-0.000793887,0.0005689801,-0.00036726239999999996,5
demo_4_labeled,transport,115,119,3.833329500000001,3.966662700000001,0.13333320000000004,5,joint_4,ramp_up,0.21342771342771838,0.02845700000000067,-3.512556090000018,-2.703307,-2.672137,-2.6801888400000005,5,ramp_down,-5.79734562374564,-0.7729786435200025,22.885025337280066,0.6263622,-0.0033498404,0.27540001432,5
demo_4_labeled,transport,115,119,3.833329500000001,3.966662700000001,0.13333320000000004,5,joint_5,constant,-0.01000741060741064,-0.0013343200800000048,0.04446525114000013,0.0060997964,0.005037084,0.0054363888,5,constant,0.05323568323568272,0.007098083999999933,-0.22299155719999803,-0.013773894,-0.006803192,-0.0153726002,5
demo_4_labeled,transport,115,119,3.833329500000001,3.966662700000001,0.13333320000000004,5,joint_6,ramp_down,-0.281487581487594,-0.03753164000000168,3.724737290000048,2.6649747,2.6176064,2.62693682,5,ramp_up,12.09340708540711,1.6124526656000038,-47.719188524360106,-1.3779149,-0.025171943,-0.5549480555599999,5
demo_4_labeled,transport,115,119,3.833329500000001,3.966662700000001,0.13333320000000004,5,joint_7,constant,0.001373371373368907,0.0001831159999996712,0.7350537730000093,0.7402612,0.7404687,0.7404099160000001,5,constant,-0.014247989247988833,-0.0018997299999999452,-0.056735609500001595,-0.112227865,-0.11390478,-0.112302712,5
demo_4_labeled,transport,115,119,3.833329500000001,3.966662700000001,0.13333320000000004,5,finger_1,constant,-0.0005103935103934879,-6.805239999999702e-05,0.021636391299999905,0.019683601,0.019615248,0.0196458586,5,constant,0.006037807537807498,0.000805040199999995,-0.014079460349999852,0.009444717,0.010140399,0.0094679655,5
demo_4_labeled,transport,115,119,3.833329500000001,3.966662700000001,0.13333320000000004,5,finger_2,constant,0.0006563436563436095,8.751239999999379e-05,0.018129795700000177,0.020637108,0.020725824,0.0206895334,5,constant,-0.003225382425382395,-0.00043005055999999605,0.004550575759999884,-0.007894547,-0.00823493,-0.00802840312,5
demo_4_labeled,transport,120,124,3.999996,4.1333292,0.13333320000000048,5,joint_1,ramp_up,0.13828707478707422,0.01843825819999999,-0.5625889114639977,-0.009032069,0.009072754,-0.00022203636399999968,5,ramp_up,0.4919052719052716,0.0655873040000002,-1.851251305999999,0.07592449,0.15674365,0.149161466,5
demo_4_labeled,transport,120,124,3.999996,4.1333292,0.13333320000000048,5,joint_2,ramp_up,0.10269988269988471,0.013693304000000317,-0.9213661120000081,-0.50911003,-0.4953937,-0.50372034,5,ramp_up,1.2155696615696558,0.1620757927999998,-4.852179716999977,0.014492351,0.17452498,0.0911319634,5
demo_4_labeled,transport,120,124,3.999996,4.1333292,0.13333320000000048,5,joint_3,ramp_up,0.947525621525617,0.12633662319999986,-3.7619963999999824,0.028591854,0.15473454,0.09127060760000001,5,ramp_up,0.48542541542540807,0.06472332399999925,-1.0803533319999703,0.8368637,0.91178036,0.8937080500000001,5
demo_4_labeled,transport,120,124,3.999996,4.1333292,0.13333320000000048,5,joint_4,ramp_up,0.10417420417421774,0.01388988000000186,-3.0903948400000547,-2.6720026,-2.658078,-2.6667535,5,ramp_up,1.40859994659994,0.1878131383999998,-5.629859135799973,0.010328727,0.19551258,0.0984415854,5
demo_4_labeled,transport,120,124,3.999996,4.1333292,0.13333320000000048,5,joint_5,ramp_down,-0.04181414561414544,-0.005575213839999997,0.1717069505999993,0.0041692127,-0.0014606846,0.0016629284800000002,5,ramp_down,-0.2399271389271373,-0.0319902531999999,0.9268553813999935,-0.035559617,-0.06816794,-0.048847341200000005,5
demo_4_labeled,transport,120,124,3.999996,4.1333292,0.13333320000000048,5,joint_6,constant,-0.033517533517545176,-0.004469000000001571,2.7517677200000463,2.6173415,2.61287,2.61546322,5,ramp_down,-0.33048382848382696,-0.04406446639999995,1.2915133137999941,-0.029528847,-0.07372157,-0.0524529114,5
demo_4_labeled,transport,120,124,3.999996,4.1333292,0.13333320000000048,5,joint_7,ramp_up,1.1286411186411103,0.15048533199999944,-3.7363619339999667,0.77820545,0.9287014,0.8534406919999998,5,constant,0.015721695721688887,0.0020962239999990965,0.8607521840000276,0.92392254,0.9260795,0.924687016,5
demo_4_labeled,transport,120,124,3.999996,4.1333292,0.13333320000000048,5,finger_1,constant,-0.0024552324552325456,-0.00032736400000001325,0.029738338400000366,0.019940104,0.019618163,0.0197537364,5,constant,-0.0055388308388309125,-0.0007385100400000125,0.0282706628000003,0.007938194,0.0060760863,0.00574610658,5
demo_4_labeled,transport,120,124,3.999996,4.1333292,0.13333320000000048,5,finger_2,constant,0.0024981204981203275,0.00033308239999997846,0.010431453600000693,0.020403441,0.020730525,0.0205904668,5,constant,-0.002924223824223735,-0.00038989611999998953,0.007804392019999638,-0.005459605,-0.004781842,-0.00408743964,5
demo_4_labeled,transport,125,129,4.1666625,4.2999957,0.13333320000000004,5,joint_1,ramp_up,0.06195325095325106,0.008260425200000017,-0.24424611730000048,0.013048603,0.02127682,0.0180223828,5,ramp_down,-0.7089450189450196,-0.09452590800000012,3.096527579200003,0.14015625,0.045821227,0.09533000020000001,5
demo_4_labeled,transport,125,129,4.1666625,4.2999957,0.13333320000000004,5,joint_2,ramp_up,0.32017928017928066,0.042690528000000075,-1.823721402000002,-0.48825786,-0.44558147,-0.46829713799999995,5,ramp_up,1.1887813987814009,0.15850402800000032,-4.73560283700001,0.21663815,0.37516224,0.29690005199999997,5
demo_4_labeled,transport,125,129,4.1666625,4.2999957,0.13333320000000004,5,joint_3,ramp_up,0.9619200019200034,0.12825587200000024,-3.821360896000007,0.18668656,0.31494606,0.25076304,5,constant,0.02055794055794063,0.002741056000000011,0.8263749779999994,0.91218513,0.9149374,0.9134035060000001,5
demo_4_labeled,transport,125,129,4.1666625,4.2999957,0.13333320000000004,5,joint_4,ramp_up,0.3641961641961593,0.048559439999999364,-4.169412939999979,-2.6502326,-2.601683,-2.62765072,5,ramp_up,1.4426460626460647,0.19235261600000034,-5.765029644000009,0.24526744,0.43760085,0.34216591399999996,5
demo_4_labeled,transport,125,129,4.1666625,4.2999957,0.13333320000000004,5,joint_5,ramp_down,-0.1430286350286351,-0.019070465600000017,0.5929694166000005,-0.0039994,-0.02312952,-0.0125178662,5,ramp_down,-0.8318330138330144,-0.11091095760000011,3.384451900600003,-0.08562245,-0.19653602,-0.13697100320000002,5
demo_4_labeled,transport,125,129,4.1666625,4.2999957,0.13333320000000004,5,joint_6,ramp_down,-0.0929949929949914,-0.01239931999999979,2.9987581499999925,2.6108325,2.5984209,2.60507974,5,ramp_down,-0.36296514296514343,-0.048395304000000076,1.4289736300000022,-0.08414709,-0.13259678,-0.107577272,5
demo_4_labeled,transport,125,129,4.1666625,4.2999957,0.13333320000000004,5,joint_7,ramp_up,1.1393368793368779,0.15191143199999985,-3.7809578939999953,0.96641046,1.1183379,1.042230072,5,ramp_up,0.1146748446748493,0.01528996400000062,0.44886960099998024,0.9277171,0.943086,0.934325958,5
demo_4_labeled,transport,125,129,4.1666625,4.2999957,0.13333320000000004,5,finger_1,constant,-0.0004986994986994304,-6.649319999999091e-05,0.02167066749999971,0.019593552,0.019526443,0.0195595084,5,constant,-0.0071848439848439674,-0.000957978239999998,0.03605662959999993,0.006081137,0.005134923,0.00564082048,5
demo_4_labeled,transport,125,129,4.1666625,4.2999957,0.13333320000000004,5,finger_2,constant,0.000689256689256697,9.190080000000107e-05,0.017887622799999957,0.020759517,0.020852022,0.0208054732,5,constant,0.006601576501576489,0.0008802093199999986,-0.032355737409999946,-0.004809269,-0.00394138,-0.0044090915,5
demo_4_labeled,transport,130,134,4.333329,4.4666622,0.13333320000000004,5,joint_1,ramp_up,0.07463482163482152,0.009951299599999987,-0.3053752881999995,0.021015171,0.029710855,0.0230175986,5,ramp_up,0.5560031260031243,0.0741336759999998,-2.4183813693999925,0.01764745,0.035290893,0.028029938600000005,5
demo_4_labeled,transport,130,134,4.333329,4.4666622,0.13333320000000004,5,joint_2,ramp_up,0.2721715221715216,0.03628949999999993,-1.6055135099999975,-0.43154955,-0.39617926,-0.40796000999999993,5,ramp_down,-3.834394417594412,-0.5112520777599994,17.139502261539977,0.41258344,0.0042827083,0.26818369546000004,5
demo_4_labeled,transport,130,134,4.333329,4.4666622,0.13333320000000004,5,joint_3,ramp_up,0.5514770214770249,0.07353019600000048,-2.0312134500000156,0.34716767,0.41972035,0.395283018,5,ramp_down,-7.899994311994303,-1.053331521599999,35.32934961899996,0.9160718,0.021481795,0.5694094062,5
demo_4_labeled,transport,130,134,4.333329,4.4666622,0.13333320000000004,5,joint_4,ramp_up,0.2987324987324954,0.03983095999999957,-3.8730268599999853,-2.5853767,-2.5463748,-2.55860518,5,ramp_down,-4.573770065370058,-0.6098353988799993,20.437189302919972,0.48379496,-0.0037640966,0.31262113987999995,5
demo_4_labeled,transport,130,134,4.333329,4.4666622,0.13333320000000004,5,joint_5,ramp_down,-0.1546932736932741,-0.02062574920000006,0.6357338334000019,-0.030902628,-0.05114525,-0.0449158902,5,ramp_up,2.1966239118239064,0.29288289535999934,-9.833964938679976,-0.23458572,-0.0047242926,-0.16882939179999998,5
demo_4_labeled,transport,130,134,4.333329,4.4666622,0.13333320000000004,5,joint_6,ramp_down,-0.0737538737538719,-0.009833839999999757,2.9116335599999905,2.5940995,2.5842638,2.58711684,5,ramp_up,1.1142886872886855,0.1485716763999998,-5.0124737477999926,-0.14703104,-0.026587656,-0.1096084266,5
demo_4_labeled,transport,130,134,4.333329,4.4666622,0.13333320000000004,5,joint_7,ramp_up,0.5828456828456883,0.07771268000000074,-1.3533223800000245,1.1567949,1.2344676,1.2111960600000002,5,ramp_down,-9.614176394176384,-1.281888903999999,42.83184328399996,0.9501683,-0.11376968,0.529509452,5
demo_4_labeled,transport,130,134,4.333329,4.4666622,0.13333320000000004,5,finger_1,constant,-0.002787329787329831,-0.0003716436000000059,0.031628658200000194,0.019508384,0.019219093,0.0193644194,5,constant,0.03641330891330884,0.004855102999999991,-0.15431147957999966,0.0048681954,0.010772638,0.005906919419999999,5
demo_4_labeled,transport,130,134,4.333329,4.4666622,0.13333320000000004,5,finger_2,constant,0.002997356997357033,0.0003996472000000049,0.007850075399999835,0.020878376,0.021193888,0.021038433000000002,5,constant,-0.03808893658893653,-0.005078519799999993,0.16272208925999976,-0.0036934905,-0.00952444,-0.00486906414,5
demo_4_labeled,transport,135,139,4.499995500000001,4.633328700000001,0.13333320000000004,5,joint_1,ramp_down,-0.38757921537921636,-0.05167717704000015,1.7817230185000046,0.030365184,-0.018716807,0.01177970488,5,ramp_down,-4.83843615303615,-0.6451241752799998,21.788259838779986,0.008175641,-0.5280488,-0.30724316456,5
demo_4_labeled,transport,135,139,4.499995500000001,4.633328700000001,0.13333320000000004,5,joint_2,ramp_up,1.022831282831286,0.13637736800000047,-5.016939512000015,-0.39589185,-0.2666723,-0.346014658,5,ramp_up,11.858461736461727,1.5811266503999992,-53.357016833199964,0.008190659,1.3282626,0.796570943,5
demo_4_labeled,transport,135,139,4.499995500000001,4.633328700000001,0.13333320000000004,5,joint_3,ramp_up,0.16169863169862939,0.021559795999999697,-0.3095672389999896,0.4201835,0.43985644,0.42885577399999997,5,ramp_up,1.053130553830551,0.1404172667599997,-4.719475826309988,0.007189912,0.11727073,0.08981556022,5
demo_4_labeled,transport,135,139,4.499995500000001,4.633328700000001,0.13333320000000004,5,joint_4,ramp_up,0.9226176226176285,0.12301556000000081,-6.715145650000027,-2.546797,-2.4306846,-2.5018627199999997,5,ramp_up,10.592488827388818,1.4123304313199991,-47.67323949676996,-0.005145658,1.1818951,0.69907777594,5
demo_4_labeled,transport,135,139,4.499995500000001,4.633328700000001,0.13333320000000004,5,joint_5,ramp_down,-0.5350119430119437,-0.0713348544000001,2.365918470800003,-0.051004432,-0.11835407,-0.0773002924,5,ramp_down,-5.99396768396768,-0.7991948919999997,26.980612547999986,-0.004036785,-0.68185025,-0.391812503,5
demo_4_labeled,transport,135,139,4.499995500000001,4.633328700000001,0.13333320000000004,5,joint_6,ramp_up,0.11491391491389365,0.015321839999997169,2.0655194600000972,2.5841691,2.5977337,2.59029248,5,ramp_up,0.6046980076980031,0.08062632039999941,-2.717939123499979,-0.026327722,0.01925847,0.0435123502,5
demo_4_labeled,transport,135,139,4.499995500000001,4.633328700000001,0.13333320000000004,5,joint_7,ramp_up,0.07611757611757593,0.010148999999999977,0.8903836100000009,1.2344718,1.2444737,1.2379868600000001,5,ramp_up,1.2859157860157873,0.17145526668000022,-5.913919432650006,-0.11322147,0.042625777,-0.04157654886,5
demo_4_labeled,transport,135,139,4.499995500000001,4.633328700000001,0.13333320000000004,5,finger_1,constant,0.0003153933153932908,4.205239999999674e-05,0.01792268390000011,0.019305533,0.019362643,0.0193629786,5,constant,-0.06315854865854857,-0.008421131399999992,0.29330161575399966,0.010005438,0.0029949879,0.004877865304,5
demo_4_labeled,transport,135,139,4.499995500000001,4.633328700000001,0.13333320000000004,5,finger_2,constant,-0.00026285426285434644,-3.504720000001116e-05,0.022255309600000384,0.021107212,0.021055378,0.021054943,5,constant,0.018411112611112532,0.00245481255999999,-0.09012547775999966,-0.008522238,-0.0064568804,-0.00604814758,5
demo_4_labeled,transport,140,144,4.6666620000000005,4.799995200000001,0.13333320000000004,5,joint_1,ramp_down,-0.3362782262782256,-0.044837051999999926,1.530941305999997,-0.035739046,-0.080497704,-0.060774039999999994,5,ramp_up,2.157798447798443,0.2877061719999994,-10.563003261999977,-0.48578975,-0.2000431,-0.349434156,5
demo_4_labeled,transport,140,144,4.6666620000000005,4.799995200000001,0.13333320000000004,5,joint_2,ramp_up,1.388623700623698,0.18514964159999972,-6.700476415399988,-0.2202862,-0.035145443,-0.1276641386,5,constant,-0.05778965778965383,-0.0077052799999994745,1.5971090999999817,1.3270848,1.3191289,1.32357166,5
demo_4_labeled,transport,140,144,4.6666620000000005,4.799995200000001,0.13333320000000004,5,joint_3,ramp_up,0.04313029313029334,0.00575070000000003,0.24412863399999915,0.4440825,0.44975683,0.448278484,5,ramp_down,-1.0309905949905935,-0.13746527519999985,4.917395020999993,0.09988854,-0.036502983,0.03737775139999999,5
demo_4_labeled,transport,140,144,4.6666620000000005,4.799995200000001,0.13333320000000004,5,joint_4,ramp_up,1.3756621756621727,0.18342143999999966,-8.809386219999988,-2.3882365,-2.2048028,-2.2979250999999996,5,ramp_up,1.1714957714957699,0.15619927999999983,-4.250290519999992,1.2175438,1.3736643,1.29478392,5
demo_4_labeled,transport,140,144,4.6666620000000005,4.799995200000001,0.13333320000000004,5,joint_5,ramp_down,-0.7984794484794474,-0.10646381999999989,3.583014231999995,-0.14344643,-0.24968861,-0.196451378,5,ramp_down,-0.17880587880587703,-0.02384075999999977,0.10536388999999169,-0.71502715,-0.7377749,-0.74098309,5
demo_4_labeled,transport,140,144,4.6666620000000005,4.799995200000001,0.13333320000000004,5,joint_6,ramp_down,-0.15578115578115825,-0.020770800000000336,3.3270334400000126,2.5979526,2.5772188,2.58967004,5,ramp_down,-1.7414928434928403,-0.23219881359999964,8.081390245199986,-0.043352768,-0.27525973,-0.1616676376,5
demo_4_labeled,transport,140,144,4.6666620000000005,4.799995200000001,0.13333320000000004,5,joint_7,ramp_up,0.22720672720672505,0.030294199999999723,0.18979884000001035,1.2503965,1.2804924,1.2652429399999998,5,ramp_up,0.24778181278181144,0.03303754199999983,-1.0663641951999936,0.07717829,0.10949069,0.10646854580000001,5
demo_4_labeled,transport,140,144,4.6666620000000005,4.799995200000001,0.13333320000000004,5,finger_1,constant,0.00020394320394315313,2.7192399999993235e-05,0.01843365540000025,0.019381063,0.019408716,0.019398985599999995,5,constant,-0.002496189996189991,-0.00033282499999999943,0.014514345859999977,0.0029302023,0.002595393,0.00269905836,5
demo_4_labeled,transport,140,144,4.6666620000000005,4.799995200000001,0.13333320000000004,5,finger_2,constant,-0.00020211920211917234,-2.694919999999604e-05,0.02197507339999986,0.021036427,0.021009203,0.0210183768,5,constant,0.0024622434622434504,0.0003282987999999985,-0.017807959439999944,-0.0063819005,-0.006050517,-0.00615335204,5
demo_4_labeled,transport,145,149,4.8333285,4.9666617,0.13333320000000004,5,joint_1,constant,-0.03404328104328065,-0.0045390995999999495,0.0800256870999981,-0.084872685,-0.091851,-0.08678622320000001,5,ramp_down,-0.22512118212117618,-0.030016127599999217,1.035125985239971,-0.12471299,-0.21806005,-0.06796670406000001,5
demo_4_labeled,transport,145,149,4.8333285,4.9666617,0.13333320000000004,5,joint_2,ramp_up,1.1578838548838533,0.15438435959999983,-5.578265367899992,0.010926444,0.15821642,0.0953598474,5,ramp_down,-7.424424164424136,-0.9899222319999965,37.44238589799986,1.3149089,0.08149586,1.062743872,5
demo_4_labeled,transport,145,149,4.8333285,4.9666617,0.13333320000000004,5,joint_3,ramp_down,-0.1252784152784164,-0.016703772000000155,1.0530416910000056,0.44752273,0.43185225,0.43917807,5,constant,-0.0031158331158353163,-0.00041544400000029355,-0.0928788769999892,-0.07629584,-0.05191709,-0.108146444,5
demo_4_labeled,transport,145,149,4.8333285,4.9666617,0.13333320000000004,5,joint_4,ramp_up,1.2895836895836923,0.1719443200000004,-8.379589800000014,-2.1553571,-1.9937543,-2.06063604,5,ramp_down,-8.658025998025963,-1.1544023119999955,43.59332355799983,1.4146067,-0.07349804,1.1690385920000002,5
demo_4_labeled,transport,145,149,4.8333285,4.9666617,0.13333320000000004,5,joint_5,ramp_down,-0.519271059271058,-0.06923607199999986,2.229203225999994,-0.27508536,-0.34083354,-0.31522242,5,ramp_up,4.6314996054995925,0.6175326631999984,-23.19264270979994,-0.7039553,0.009495044,-0.49831733720000004,5
demo_4_labeled,transport,145,149,4.8333285,4.9666617,0.13333320000000004,5,joint_6,ramp_down,-0.32255372255372816,-0.04300712000000076,4.124252420000028,2.5671012,2.5274835,2.54374076,5,ramp_up,1.326208416208407,0.1768276119999988,-6.8245902599999555,-0.32562333,-0.063102715,-0.326175519,5
demo_4_labeled,transport,145,149,4.8333285,4.9666617,0.13333320000000004,5,joint_7,ramp_up,0.08708318708318609,0.011611079999999871,0.8681407100000046,1.2872499,1.2987202,1.2948479,5,ramp_down,-1.36329926229926,-0.18177305319999973,6.676535383303989,0.08314551,-0.09622975,-0.003624321795999999,5
demo_4_labeled,transport,145,149,4.8333285,4.9666617,0.13333320000000004,5,finger_1,constant,-0.0008409128409128643,-0.00011212160000000315,0.023489665600000115,0.019406496,0.019280044,0.0193691968,5,constant,0.017511070011069912,0.0023348069999999874,-0.08275939428999952,0.0025496834,0.00554373,0.00304476296,5
demo_4_labeled,transport,145,149,4.8333285,4.9666617,0.13333320000000004,5,finger_2,constant,0.0010777060777060767,0.0001436939999999999,0.01578598070000001,0.02101449,0.021171667,0.021066735200000002,5,constant,-0.017667083667083576,-0.0023556087999999885,0.08005585227999956,-0.0060045393,-0.009010135,-0.006512771120000001,5
demo_4_labeled,transport,150,154,4.999995,5.1333282,0.13333320000000004,5,joint_1,ramp_down,-0.07357489357489395,-0.009809976000000054,0.269180340000002,-0.09769388,-0.107639,-0.10359874800000002,5,ramp_up,0.8664317184317197,0.11552411360000021,-4.4710481570000065,-0.14971459,-0.032977555,-0.0811318402,5
demo_4_labeled,transport,150,154,4.999995,5.1333282,0.13333320000000004,5,joint_2,constant,0.030126960126959645,0.004016923999999937,0.010285962000002397,0.16064239,0.16472651,0.162929074,5,ramp_down,-0.264340524340525,-0.0352453680000001,1.3721200550000037,0.057624184,0.020262798,0.032796071,5
demo_4_labeled,transport,150,154,4.999995,5.1333282,0.13333320000000004,5,joint_3,constant,-0.0212817812817809,-0.00283756799999995,0.536348247999998,0.4301951,0.42732042,0.428520664,5,ramp_up,0.20404878604878637,0.027206477600000053,-1.0516199182000017,-0.034267105,-0.00662777,-0.0177737694,5
demo_4_labeled,transport,150,154,4.999995,5.1333282,0.13333320000000004,5,joint_4,constant,-0.01651801651802129,-0.002202400000000637,-1.9125874599999753,-1.9950976,-1.9973254,-1.9962786600000002,5,constant,0.04351410001410016,0.005801874200000021,-0.22752962860000076,-0.011514069,-0.0052926233,-0.007058409,5
demo_4_labeled,transport,150,154,4.999995,5.1333282,0.13333320000000004,5,joint_5,constant,0.005375405375403734,0.0007167199999997813,-0.36740058199999154,-0.34053636,-0.33981577,-0.340165222,5,constant,0.0013714411714411553,0.0001828586399999979,-0.009291824139999919,-0.0022949774,-0.0021587317,-0.00234319582,5
demo_4_labeled,transport,150,154,4.999995,5.1333282,0.13333320000000004,5,joint_6,constant,-0.006272706272693975,-0.0008363599999983607,2.5583641199999367,2.5270398,2.5261955,2.52658244,5,constant,0.057321228321228344,0.007642822800000005,-0.3391515726000002,-0.054186746,-0.04605045,-0.0487243062,5
demo_4_labeled,transport,150,154,4.999995,5.1333282,0.13333320000000004,5,joint_7,constant,0.001301401301407492,0.00017352000000082546,1.292320759999968,1.2988145,1.2989897,1.2989145199999999,5,constant,-0.020123960123960262,-0.002683192000000019,0.005997570000000729,-0.09431072,-0.09708249,-0.095963726,5
demo_4_labeled,transport,150,154,4.999995,5.1333282,0.13333320000000004,5,finger_1,constant,7.901707901709759e-05,1.053560000000248e-05,0.018990263999999903,0.019371558,0.01938647,0.019390616800000003,5,constant,-0.010997532017532051,-0.001466336136000005,0.05660311914000018,0.001959866,0.00041960593,0.0008823459719999999,5
demo_4_labeled,transport,150,154,4.999995,5.1333282,0.13333320000000004,5,finger_2,constant,-6.952206952196642e-05,-9.269599999986256e-06,0.021416214399999467,0.02108196,0.02106852,0.0210639696,5,constant,0.011900662700662725,0.0015867534400000037,-0.06499849874000013,-0.005897288,-0.0042068725,-0.00470186802,5
demo_4_labeled,transport,155,159,5.166661500000001,5.299994700000001,0.13333320000000004,5,joint_1,constant,-0.009603633603632734,-0.0012804831999998845,-0.05899799420000454,-0.10847298,-0.109774284,-0.10925695980000001,5,ramp_up,0.12554442644442654,0.016739240120000016,-0.6694821134500006,-0.022580659,-0.005588935,-0.012466938740000003,5
demo_4_labeled,transport,155,159,5.166661500000001,5.299994700000001,0.13333320000000004,5,joint_2,constant,0.018053718053717176,0.0024071599999998835,0.07213731200000462,0.16539629,0.1678062,0.16661834199999997,5,constant,-0.01698655098655102,-0.002264871200000005,0.10628080080000019,0.018762272,0.016461737,0.0173846062,5
demo_4_labeled,transport,155,159,5.166661500000001,5.299994700000001,0.13333320000000004,5,joint_3,constant,-0.005408285408287172,-0.0007211040000002354,0.45492248400000923,0.42701474,0.42628857,0.42661915199999995,5,constant,0.027649407649407653,0.003686584000000002,-0.14680335463000005,-0.004333725,-0.00059271255,-0.0021049326299999995,5
demo_4_labeled,transport,155,159,5.166661500000001,5.299994700000001,0.13333320000000004,5,joint_4,constant,-0.014295614295599555,-0.001906079999998035,-1.9239451400000775,-1.9978051,-1.9997113,-1.99875878,5,constant,-0.0011176661176660766,-0.00014902199999999456,0.0004415590999997847,-0.005321702,-0.005467012,-0.0054075544,5
demo_4_labeled,transport,155,159,5.166661500000001,5.299994700000001,0.13333320000000004,5,joint_5,constant,0.004963564963566177,0.0006618080000001619,-0.3652935340000063,-0.33964887,-0.338987,-0.33931756999999996,5,constant,0.0015705699705699828,0.0002094091200000017,-0.010149778220000065,-0.0020558168,-0.0018483484,-0.0019304702599999997,5
demo_4_labeled,transport,155,159,5.166661500000001,5.299994700000001,0.13333320000000004,5,joint_6,constant,-0.0042567042567201565,-0.0005675600000021201,2.5480286500000835,2.5260396,2.5254714,2.5257519200000003,5,constant,0.0032022332022333083,0.00042696400000001426,-0.06223100720000057,-0.045732055,-0.04528765,-0.045472670199999995,5
demo_4_labeled,transport,155,159,5.166661500000001,5.299994700000001,0.13333320000000004,5,joint_7,constant,0.0004416004415968786,5.887999999952495e-05,1.296731380000019,1.2990109,1.2990701,1.29904242,5,constant,-0.0035519795519789567,-0.00047359679999992076,-0.07903632240000313,-0.097344324,-0.0978217,-0.0976249968,5
demo_4_labeled,transport,155,159,5.166661500000001,5.299994700000001,0.13333320000000004,5,finger_1,constant,-0.0001367881367882529,-1.8238400000015485e-05,0.02008379280000061,0.019378405,0.019360058,0.0193679356,5,constant,0.001268537198537197,0.00016913812399999985,-0.0060887043269999925,0.00045965816,0.0006344779,0.0005499670399999999,5
demo_4_labeled,transport,155,159,5.166661500000001,5.299994700000001,0.13333320000000004,5,finger_2,constant,0.00014021114021100972,1.8694799999982608e-05,0.020353624900000686,0.021076713,0.021095509,0.0210873958,5,constant,-0.0011180849180848923,-0.0001490778399999966,0.001529607499999865,-0.0042412216,-0.0043954924,-0.00432169772,5
demo_4_labeled,transport,160,164,5.333328000000001,5.466661200000001,0.13333320000000004,5,joint_1,constant,-0.000708354708354261,-9.444719999994038e-05,-0.1061089048000024,-0.10986743,-0.109964706,-0.1099340164,5,constant,0.016982395382395397,0.0022643171200000026,-0.09450429390000009,-0.0041687237,-0.0018705557,-0.0027994505399999998,5
demo_4_labeled,transport,160,164,5.333328000000001,5.466661200000001,0.13333320000000004,5,joint_2,constant,0.016910146910146386,0.002254683999999931,0.0781942460000028,0.16837902,0.17063408,0.169508948,5,constant,-0.0025052965052965582,-0.0003340392000000072,0.029596000800000286,0.016266601,0.015927184,0.0160674132,5
demo_4_labeled,transport,160,164,5.333328000000001,5.466661200000001,0.13333320000000004,5,joint_3,constant,-0.0032365232365248,-0.0004315360000002086,0.4434204120000084,0.42616367,0.42573145,0.425943204,5,constant,0.0036809694809694813,0.0004907954400000002,-0.019859388266000002,-0.0002815104,0.00021760375,1.7827054e-05,5
demo_4_labeled,transport,160,164,5.333328000000001,5.466661200000001,0.13333320000000004,5,joint_4,constant,-0.0142461142461008,-0.0018994799999982079,-1.9242081000000724,-2.000187,-2.0020864,-2.00113704,5,constant,-0.00027899127899124864,-3.719879999999596e-05,-0.004000878380000165,-0.0054848487,-0.00552294,-0.00550742978,5
demo_4_labeled,transport,160,164,5.333328000000001,5.466661200000001,0.13333320000000004,5,joint_5,constant,0.0049273549273564496,0.0006569800000002031,-0.36510143200000816,-0.33882242,-0.33816546,-0.338493742,5,constant,0.0004145293145293226,5.527052000000109e-05,-0.004032277400000043,-0.0018280988,-0.0017690784,-0.00179382134,5
demo_4_labeled,transport,160,164,5.333328000000001,5.466661200000001,0.13333320000000004,5,joint_6,constant,-0.004020604020621096,-0.0005360800000022768,2.546778140000093,2.5253358,2.5247996,2.5250668999999997,5,constant,0.0003303693303697192,4.404920000005186e-05,-0.047017754600002105,-0.045260616,-0.04522132,-0.045233762,5
demo_4_labeled,transport,160,164,5.333328000000001,5.466661200000001,0.13333320000000004,5,joint_7,constant,0.000321000320997346,4.279999999960335e-05,1.297369960000016,1.2990817,1.2991246,1.29910336,5,constant,-0.0009189129189122662,-0.000122521599999913,-0.09298201740000353,-0.09787447,-0.09799871,-0.0979441422,5
demo_4_labeled,transport,160,164,5.333328000000001,5.466661200000001,0.13333320000000004,5,finger_1,constant,-2.7984027984101915e-05,-3.7312000000098586e-06,0.019507019200000395,0.01935807,0.019354302,0.0193559056,5,constant,0.00037949197949197427,5.059887999999932e-05,-0.0013693321699999718,0.00065165304,0.00069954514,0.00067992247,5
demo_4_labeled,transport,160,164,5.333328000000001,5.466661200000001,0.13333320000000004,5,finger_2,constant,3.125703125695028e-05,4.167599999989204e-06,0.020931196800000437,0.021097593,0.021101795,0.0210999846,5,constant,-0.00023884013884011652,-3.184531999999703e-05,-0.0031383849600001195,-0.0044092136,-0.004438483,-0.00442812042,5
demo_4_labeled,place,165,169,5.499994500000001,5.633327700000001,0.13333320000000004,5,joint_1,ramp_up,0.04169863769863744,0.005559812799999967,-0.33200600959999865,-0.105439216,-0.09879464,-0.0998838252,5,ramp_down,-1.597926403926401,-0.21305664079999967,8.957649409879984,0.14861342,-0.014701106,0.06253465648,5
demo_4_labeled,place,165,169,5.499994500000001,5.633327700000001,0.13333320000000004,5,joint_2,ramp_up,0.2462583362583359,0.032834411999999966,-1.170710744999998,0.17834306,0.2116942,0.200125956,5,ramp_down,-3.427798504798503,-0.4570393435999999,19.325179825899994,0.36968175,0.029702568,0.24378723060000004,5
demo_4_labeled,place,165,169,5.499994500000001,5.633327700000001,0.13333320000000004,5,joint_3,ramp_down,-0.06260403260403143,-0.008347195999999845,0.7615224549999935,0.42000526,0.4104264,0.41302702199999997,5,ramp_up,1.6137284892284858,0.2151635833999996,-9.069941496849982,-0.17099635,-0.007609308,-0.0868618899,5
demo_4_labeled,place,165,169,5.499994500000001,5.633327700000001,0.13333320000000004,5,joint_4,ramp_down,-0.16656076656076946,-0.022208080000000394,-1.1005754999999842,-2.0119522,-2.035232,-2.0277628400000003,5,ramp_up,3.4379949959949885,0.45839887439999916,-19.32209309579996,-0.3948169,-0.009097106,-0.18394008960000002,5
demo_4_labeled,place,165,169,5.499994500000001,5.633327700000001,0.13333320000000004,5,joint_5,ramp_down,-0.15370143370143297,-0.02049350399999991,0.47087338399999584,-0.3634459,-0.389553,-0.384730408,5,ramp_up,6.668042654042638,0.8890714647999981,-37.413486398199915,-0.72287893,0.000762496,-0.29475274279999997,5
demo_4_labeled,place,165,169,5.499994500000001,5.633327700000001,0.13333320000000004,5,joint_6,ramp_up,0.1751353751353709,0.02335135999999944,1.6068929400000238,2.557421,2.5873008,2.58181222,5,ramp_down,-7.923114798114774,-1.0564142499999971,44.414933610999874,0.8751219,-0.0042045475,0.3096386735,5
demo_4_labeled,place,165,169,5.499994500000001,5.633327700000001,0.13333320000000004,5,joint_7,ramp_up,0.137560337560334,0.018341359999999533,0.57300392000002,1.3203678,1.3433298,1.3387556999999999,5,ramp_down,-5.00313026349025,-0.6670833680479984,28.021760281991927,0.50691664,-0.00019495006,0.171029665988,5
demo_4_labeled,place,165,169,5.499994500000001,5.633327700000001,0.13333320000000004,5,finger_1,ramp_up,0.04056170256170245,0.005408221599999987,-0.20507342619999935,0.019387795,0.026163196,0.020719825600000002,5,ramp_up,1.1954877200877179,0.15939820327999976,-6.614994397399989,0.0015177209,0.2000395,0.03988058954,5
demo_4_labeled,place,165,169,5.499994500000001,5.633327700000001,0.13333320000000004,5,finger_2,ramp_up,0.04258653358653346,0.005678198799999984,-0.2145605606999993,0.021069502,0.028153585,0.0225042392,5,ramp_up,1.2313189750189726,0.16417569915999972,-6.817306161049988,-0.005777202,0.20004186,0.03702927888,5
demo_4_labeled,place,170,174,5.666661,5.7999942,0.13333320000000004,5,joint_1,constant,-0.005660195660195689,-0.0007546920000000041,-0.0672608359999998,-0.09925036,-0.10001666,-0.099712592,5,constant,0.07108461208461202,0.009477938799999993,-0.41359228459999964,-0.011586778,-0.0020825465,-0.0060409162,5
demo_4_labeled,place,170,174,5.666661,5.7999942,0.13333320000000004,5,joint_2,constant,0.002167472167471491,0.00028899599999990987,0.20003503800000388,0.21225105,0.21256025,0.21246186600000003,5,constant,-0.06441786333786327,-0.008589039855999995,0.37246309282399964,0.009672878,0.00035502078,0.0031343790160000004,5
demo_4_labeled,place,170,174,5.666661,5.7999942,0.13333320000000004,5,joint_3,constant,-0.0017743817743825368,-0.00023658400000010172,0.42026532400000427,0.41024122,0.4099991,0.410092212,5,constant,0.026041177981177964,0.003472153591999999,-0.15119000096799992,-0.0041272067,-0.00054968736,-0.0018873965120000003,5
demo_4_labeled,place,170,174,5.666661,5.7999942,0.13333320000000004,5,joint_4,constant,-0.0006726006725947157,-8.967999999920578e-05,-2.031694680000034,-2.035478,-2.035577,-2.03555092,5,constant,0.018668840597840578,0.0024891762571999983,-0.10777833783679991,-0.0027661533,-5.337981e-06,-0.0007437587772000001,5
demo_4_labeled,place,170,174,5.666661,5.7999942,0.13333320000000004,5,joint_5,constant,0.0001494601494621861,1.992800000027156e-05,-0.39035768800001175,-0.38951507,-0.3894939,-0.389500784,5,constant,-0.0020815710622710598,-0.00027754253075999973,0.012019401987239987,0.0003121416,1.6349313e-06,8.507316456e-05,5
demo_4_labeled,place,170,174,5.666661,5.7999942,0.13333320000000004,5,joint_6,constant,-0.00022140022141464277,-2.9520000001922855e-05,2.5885007600000822,2.587253,2.587222,2.5872314000000003,5,constant,0.010029655179655171,0.0013372860199999993,-0.05800642766799996,-0.0015149228,-6.590821e-05,-0.0005031288080000001,5
demo_4_labeled,place,170,174,5.666661,5.7999942,0.13333320000000004,5,joint_7,constant,4.5600045600754865e-05,6.080000000094571e-06,1.3430724799999956,1.3433305,1.3433362,1.3433339199999998,5,constant,-0.0006594758094758089,-8.793001999999995e-05,0.0038743088559999974,0.00011647973,4.212098e-05,9.331799599999999e-05,5
demo_4_labeled,place,170,174,5.666661,5.7999942,0.13333320000000004,5,finger_1,ramp_up,0.05059720459720432,0.0067462871999999655,-0.25308819899999846,0.032461975,0.03946822,0.0370021506,5,ramp_down,-1.0165297735297727,-0.13553716759999992,5.888332043699996,0.1514464,0.0106875505,0.06023383689999999,5
demo_4_labeled,place,170,174,5.666661,5.7999942,0.13333320000000004,5,finger_2,ramp_up,0.04155643755643749,0.005540852799999992,-0.20071908279999962,0.03380855,0.039562978,0.0375375876,5,ramp_down,-0.8349768609768603,-0.11133013679999994,4.836667390599996,0.12439977,0.008777434,0.0494715082,5
demo_4_labeled,retract,175,178,5.8333275,5.9333274000000005,0.09999990000000025,4,joint_1,constant,-0.0006765006765008282,-6.765000000001535e-05,-0.09613041499999912,-0.10007121,-0.10013934,-0.10011049,4,constant,0.009820488790488791,0.0009820478970000025,-0.05850697599100001,-0.0012995938,-0.00031067437,-0.0007298247175000001,4
demo_4_labeled,retract,175,178,5.8333275,5.9333274000000005,0.09999990000000025,4,joint_2,constant,9.894009894042626e-05,9.894000000032757e-06,0.2119925579999981,0.21256888,0.21257886,0.212574655,4,constant,-0.0015527054117054123,-0.00015527038590000045,0.009247140193700005,0.00020409566,4.7042027e-05,0.00011206582325000001,4
demo_4_labeled,retract,175,178,5.8333275,5.9333274000000005,0.09999990000000025,4,joint_3,constant,-0.00019338019337937655,-1.9337999999918367e-05,0.4111100139999952,0.40998352,0.40996405,0.409972295,4,constant,0.002563025113025111,0.0002563022550000004,-0.01527008068999999,-0.000339612,-8.141516e-05,-0.00019096468750000003,4
demo_4_labeled,retract,175,178,5.8333275,5.9333274000000005,0.09999990000000025,4,joint_4,constant,3.560638572971605e-15,3.560635012333041e-16,-2.0355770000000213,-2.035577,-2.035577,-2.035577,4,constant,-2.470540060540055e-05,-2.4705375900000005e-06,0.00015124322251999967,7.1781487e-06,4.4965313e-06,5.893260975e-06,4
demo_4_labeled,retract,175,178,5.8333275,5.9333274000000005,0.09999990000000025,4,joint_5,constant,9.360009360719956e-06,9.36000000071062e-07,-0.38954793800000426,-0.38949344,-0.38949254,-0.38949287,4,constant,-4.1726033126033234e-05,-4.1725991400000215e-06,0.00024356879752000067,1.3460522e-06,-2.5167164e-06,-1.9191185499999997e-06,4
demo_4_labeled,retract,175,178,5.8333275,5.9333274000000005,0.09999990000000025,4,joint_6,constant,-7.12127714594321e-15,-7.121270024666082e-16,2.5872220000000428,2.587222,2.587222,2.587222,4,constant,0.00027855070755070777,2.785504290000009e-05,-0.0016585940407000013,-3.6809026e-05,-8.996043e-06,-1.9789016749999997e-05,4
demo_4_labeled,retract,175,178,5.8333275,5.9333274000000005,0.09999990000000025,4,joint_7,constant,-5.340957859457407e-15,-5.34095251849956e-16,1.3433362000000315,1.3433362,1.3433362,1.3433362,4,constant,-0.00019656024906024896,-1.965600525000004e-05,0.0011735728957499997,2.8600465e-05,9.3630315e-06,1.7144586874999997e-05,4
demo_4_labeled,retract,175,178,5.8333275,5.9333274000000005,0.09999990000000025,4,finger_1,constant,0.002334347334347449,0.00023343450000001207,0.026134909499999325,0.039725974,0.03996253,0.03986863925,4,constant,-0.04691495615495615,-0.0046914909240000115,0.27865670592200004,0.0055078343,0.00075366494,0.0026406565600000003,4
demo_4_labeled,retract,175,178,5.8333275,5.9333274000000005,0.09999990000000025,4,finger_2,constant,0.001918468918468989,0.00019184670000000755,0.028604958899999595,0.0397747,0.03996911,0.03989193975,4,constant,-0.038530351990352,-0.0038530313460000106,0.22885647218800007,0.004524505,0.00061997236,0.002169794665,4
