demonstration,phase,start_index,end_index,start_time_sec,end_time_sec,duration_sec,samples,signal,position_label,position_slope,position_change,position_intercept,position_start_value,position_end_value,position_mean_value,position_valid_samples,velocity_label,velocity_slope,velocity_change,velocity_intercept,velocity_start_value,velocity_end_value,velocity_mean_value,velocity_valid_samples
demo_1_labeled,approach,0,4,0.0,0.1333332,0.1333332,5,joint_1,constant,-3.0065686865686877e-07,-4.008754240000002e-08,-5.177408000000002e-10,0.0,-4.037404e-08,-2.0561512e-08,5,constant,-1.576928386928387e-06,-2.1025690800000004e-07,-1.2803566400000005e-07,0.0,-2.8222178e-07,-2.3316411800000001e-07,5
demo_1_labeled,approach,0,4,0.0,0.1333332,0.1333332,5,joint_2,constant,0.0,0.0,-0.569,-0.569,-0.569,-0.569,5,constant,1.774160674160675e-06,2.3655452000000013e-07,1.0155229600000002e-07,0.0,2.8262485e-07,2.1982955599999998e-07,5
demo_1_labeled,approach,0,4,0.0,0.1333332,0.1333332,5,joint_3,constant,4.012582252582253e-07,5.350104320000001e-08,-8.781619999998855e-11,0.0,5.3422553e-08,2.66627054e-08,5,constant,2.173445683445684e-06,2.897924680000001e-07,1.7721354200000002e-07,0.0,3.8894717e-07,3.22109776e-07,5
demo_1_labeled,approach,0,4,0.0,0.1333332,0.1333332,5,joint_4,constant,-2.4323792101744574e-15,-3.24316903706033e-16,-2.8100000000000005,-2.81,-2.81,-2.81,5,constant,-7.534237624237624e-08,-1.004564012e-08,9.472199639999997e-09,0.0,-1.1681549e-09,4.44937958e-09,5
demo_1_labeled,approach,0,4,0.0,0.1333332,0.1333332,5,joint_5,constant,1.2909168729168731e-07,1.7212207760000006e-08,-1.1225835999999907e-10,0.0,1.7170192e-08,8.493845519999998e-09,5,constant,7.713481713481716e-07,1.0284632000000004e-07,4.9988218000000014e-08,0.0,1.274992e-07,1.01411378e-07,5
demo_1_labeled,approach,0,4,0.0,0.1333332,0.1333332,5,joint_6,constant,4.864758420348915e-15,6.48633807412066e-16,3.0369999999999995,3.037,3.037,3.037,5,constant,-1.1674793044793043e-08,-1.556637516e-09,1.2209868199999996e-09,0.0,-3.7920161e-10,4.42668062e-10,5
demo_1_labeled,approach,0,4,0.0,0.1333332,0.1333332,5,joint_7,constant,-1.824284407630843e-15,-2.4323767777952473e-16,0.7410000000000002,0.741,0.741,0.741,5,constant,3.291780771780773e-06,4.389036640000002e-07,2.1941895400000003e-07,0.0,5.4860453e-07,4.38870786e-07,5
demo_1_labeled,approach,0,4,0.0,0.1333332,0.1333332,5,finger_1,constant,0.0,0.0,0.04000000000000001,0.04,0.04,0.04,5,constant,3.971911757911758e-12,5.295877048000001e-13,-5.735176192e-13,0.0,3.5679596e-14,-3.0872376680000004e-13,5
demo_1_labeled,approach,0,4,0.0,0.1333332,0.1333332,5,finger_2,constant,0.0,0.0,0.04000000000000001,0.04,0.04,0.04,5,constant,4.3852721278721295e-10,5.847023656800003e-11,-5.862561680400001e-11,0.0,-2.3198059e-13,-2.939049852e-11,5
demo_1_labeled,approach,5,9,0.1666665,0.2999997,0.13333319999999999,5,joint_1,ramp_up,0.15477301901541698,0.020636381898986395,-0.030954632845526783,-5.0185403e-08,0.025795437,0.0051590354776994,5,ramp_up,3.0520327854836458,0.406937297793448,-0.610406228933754,-2.8224198e-07,0.50867134,0.10173404220478,5
demo_1_labeled,approach,5,9,0.1666665,0.2999997,0.13333319999999999,5,joint_2,constant,-0.0005253605253627447,-7.004800000029591e-05,-0.5688949279999995,-0.569,-0.56908756,-0.569017512,5,constant,-0.045460445913575905,-0.006061386727083998,0.009092362809232996,2.8271003e-07,-0.0075764507,-0.001515063963164,5
demo_1_labeled,approach,5,9,0.1666665,0.2999997,0.13333319999999999,5,joint_3,ramp_down,-0.2840699446062465,-0.03787595473817358,0.05681401225437657,6.678491e-08,-0.04734489,-0.0094689085374272,5,ramp_down,-9.165657699258066,-1.2220864711467154,1.833130095652276,3.8893322e-07,-1.5276077,-0.30552122885447597,5
demo_1_labeled,approach,5,9,0.1666665,0.2999997,0.13333319999999999,5,joint_4,constant,-0.0028350028350111857,-0.0003780000000011134,-2.809432999999998,-2.81,-2.8104725,-2.8100945,5,constant,0.01503791845319785,0.002005053788703919,-0.003007581926900259,-1.2368611e-09,0.002506316,0.0005012622033316001,5
demo_1_labeled,approach,5,9,0.1666665,0.2999997,0.13333319999999999,5,joint_5,constant,0.0007887972689172687,0.00010517286401599996,-0.00015773335838919995,2.1553818e-08,0.00013148325,2.6319153638800002e-05,5,ramp_up,0.152087279019719,0.020278283590991996,-0.030417297873885987,1.2751141e-07,0.025347982,0.00506969841035,5
demo_1_labeled,approach,5,9,0.1666665,0.2999997,0.13333319999999999,5,joint_6,constant,-0.001701001700987739,-0.00022679999999813838,3.037340199999997,3.037,3.0367165,3.0369433,5,ramp_down,-0.10679782446398822,-0.014239695688821833,0.021359543143225437,-3.8909043e-10,-0.01779962,-0.003559924312212772,5
demo_1_labeled,approach,5,9,0.1666665,0.2999997,0.13333319999999999,5,joint_7,ramp_down,-0.2580208980208967,-0.03440275199999982,0.7926041279999996,0.741,0.69799656,0.732399312,5,ramp_down,-7.145910237538137,-0.9527870788837198,1.4291811669302958,5.4860465e-07,-1.1909833,-0.23819622111621402,5
demo_1_labeled,approach,5,9,0.1666665,0.2999997,0.13333319999999999,5,finger_1,constant,-0.0003429243429242441,-4.5723199999986816e-05,0.04006858479999997,0.04,0.039942846,0.039988569200000004,5,constant,0.0029269921673344434,0.00039026523204563677,-0.0005853978481138552,-5.521387e-14,0.00048783154,9.756630796600916e-05,5
demo_1_labeled,approach,5,9,0.1666665,0.2999997,0.13333319999999999,5,finger_2,constant,7.60118503179518e-17,1.0134903240813529e-17,0.03999999999999998,0.04,0.04,0.04,5,constant,0.0010081329493627884,0.0001344175921639785,-0.0002016263888879545,-2.9233284e-13,0.00016802199,3.3604397399007905e-05,5
demo_1_labeled,approach,10,14,0.333333,0.4666662,0.13333319999999999,5,joint_1,constant,0.019243009243009368,0.0025657320000000163,0.04451360319999996,0.043813277,0.05170142,0.052210799200000005,5,ramp_down,-4.03995287175287,-0.5386598442399998,1.7794259355599995,0.44746664,-0.0005932448,0.16344640284,5
demo_1_labeled,approach,10,14,0.333333,0.4666662,0.13333319999999999,5,joint_2,constant,-0.00504852504852552,-0.0006731360000000628,-0.5675261439999998,-0.5692876,-0.5698568,-0.569545552,5,constant,0.0063693054693054465,0.0008492398799999968,-0.007178933839999992,-0.0050961464,-0.0006522369,-0.0046312142,5
demo_1_labeled,approach,10,14,0.333333,0.4666662,0.13333319999999999,5,joint_3,ramp_down,-0.41125370125370136,-0.05483377200000001,0.012915494000000097,-0.10220766,-0.1663358,-0.15158582199999998,5,ramp_up,14.05397290997291,1.8738611807999996,-6.25629128538,-1.563795,-0.0003578481,-0.6347077429800001,5
demo_1_labeled,approach,10,14,0.333333,0.4666662,0.13333319999999999,5,joint_4,constant,0.03748803748803507,0.004998399999999677,-2.8202036999999995,-2.809029,-2.8036969,-2.8052085,5,ramp_down,-0.705012788112788,-0.09400161107999998,0.32091395509,0.060907204,0.00032683305,0.03890912185,5
demo_1_labeled,approach,10,14,0.333333,0.4666662,0.13333319999999999,5,joint_5,constant,0.014800654300654305,0.0019734186000000004,-0.003464352380000002,0.0010538156,0.0030564317,0.0024559034200000002,5,ramp_down,-0.289624494982495,-0.0386165607144,0.1299135094836,0.031195045,-2.2497488e-05,0.0140638273404,5
demo_1_labeled,approach,10,14,0.333333,0.4666662,0.13333319999999999,5,joint_6,constant,-0.013617013617009371,-0.0018155999999994337,3.038879819999998,3.0353267,3.033002,3.03343302,5,ramp_up,0.5091349836649834,0.06788459660399997,-0.2274477721819999,-0.046668965,7.934146e-05,-0.02379398237,5
demo_1_labeled,approach,10,14,0.333333,0.4666662,0.13333319999999999,5,joint_7,ramp_down,-0.2566803766803755,-0.03422401599999984,0.7234849759999994,0.6550498,0.6122596,0.620812928,5,ramp_up,10.670485371535374,1.4227299601400003,-4.741622457732001,-1.1870347,2.276621e-05,-0.473432577312,5
demo_1_labeled,approach,10,14,0.333333,0.4666662,0.13333319999999999,5,finger_1,constant,0.000264288264288344,3.523840000001062e-05,0.03988368359999997,0.03996491,0.04,0.039989398800000006,5,constant,-0.007343932098310096,-0.0009791899672503997,0.003278995770538599,0.00090167706,-2.1412063e-08,0.0003414258687874,5
demo_1_labeled,approach,10,14,0.333333,0.4666662,0.13333319999999999,5,finger_2,constant,-0.000206862206862127,-2.7581599999989348e-05,0.04006067339999997,0.039999884,0.039981622,0.039977928600000004,5,constant,0.005401217851217851,0.0007201616599999999,-0.00199429799,-0.00012878602,0.00035951036,0.00016618698999999997,5
demo_1_labeled,approach,15,19,0.4999995,0.6333327000000001,0.1333332000000001,5,joint_1,ramp_up,0.24274065274065254,0.032365387999999995,-0.05736305819999994,0.051693823,0.087066785,0.0801898408,5,ramp_down,-1.8251301954501924,-0.24335044937599976,1.2153675729919982,-6.149628e-05,-0.007440808,0.18112816314400002,5
demo_1_labeled,approach,15,19,0.4999995,0.6333327000000001,0.1333332000000001,5,joint_2,constant,0.010783300783300915,0.0014377720000000186,-0.5747195589999997,-0.56986594,-0.56846565,-0.568609028,5,ramp_down,-0.21775106491106458,-0.029033446287999976,0.1300318554959998,-9.586214e-05,-0.005508618,0.0066397087720000015,5
demo_1_labeled,approach,15,19,0.4999995,0.6333327000000001,0.1333332000000001,5,joint_3,ramp_down,-0.8450493350493347,-0.11267313200000002,0.23917222299999993,-0.16634107,-0.2760868,-0.239688588,5,ramp_up,4.3758842855042746,0.583450654615999,-3.099869588071993,-3.473977e-05,-0.004388453,-0.6202043059539999,5
demo_1_labeled,approach,15,19,0.4999995,0.6333327000000001,0.1333332000000001,5,joint_4,ramp_up,0.11063381063380942,0.014751159999999848,-2.857796329999998,-2.8036914,-2.7898602,-2.7951039,5,ramp_down,-0.4167499089499079,-0.055566598959999894,0.31700522061999936,5.09432e-05,0.003151827,0.08084717504000001,5
demo_1_labeled,approach,15,19,0.4999995,0.6333327000000001,0.1333332000000001,5,joint_5,constant,0.023455531555531525,0.003127401079999998,-0.008673779809999987,0.0030562356,0.0058251913,0.00461767478,5,ramp_down,-0.09684759764259739,-0.012913000105999975,0.07221256513099984,-5.9458075e-06,-2.657709e-05,0.0173323146805,5
demo_1_labeled,approach,15,19,0.4999995,0.6333327000000001,0.1333332000000001,5,joint_6,ramp_down,-0.06093066093066522,-0.008124080000000578,3.062018000000001,3.033002,3.02507,3.0274906600000002,5,ramp_up,0.3368573635673627,0.04491427022799992,-0.23803053185599948,1.3716965e-05,0.0006744634,-0.047144883387,5
demo_1_labeled,approach,15,19,0.4999995,0.6333327000000001,0.1333332000000001,5,joint_7,ramp_down,-0.6357519357519369,-0.08476684000000022,0.9131059220000004,0.6122596,0.5274355,0.552846852,5,ramp_up,3.54059071813351,0.47207829033903925,-2.474688242977675,3.7769462e-06,0.00021510187,-0.46835550903676,5
demo_1_labeled,approach,15,19,0.4999995,0.6333327000000001,0.1333332000000001,5,finger_1,constant,0.00017099417099404796,2.2799199999983612e-05,0.03988463380000005,0.04,0.04,0.03998153040000001,5,constant,-0.0009021765691833653,-0.00012029008893423957,0.0008116159351640776,-2.3714322e-09,6.449774e-07,0.00030038305719356,5
demo_1_labeled,approach,15,19,0.4999995,0.6333327000000001,0.1333332000000001,5,finger_2,constant,-0.00030263430263432296,-4.035120000000274e-05,0.040152308599999985,0.039990466,0.03996644,0.039980816,5,constant,0.002288068838068835,0.0003050755399999998,-0.0010696154538399985,0.00019044535,0.0005646415,0.00022695559115999998,5
demo_1_labeled,approach,20,24,0.6666660000000001,0.7999992,0.13333319999999993,5,joint_1,constant,-8.476808476822643e-05,-1.1302400000018882e-05,0.08701974440000006,0.086967885,0.08695456,0.08695758120000001,5,constant,0.005635945573045575,0.0007514586582799999,-0.0043352161512000015,-0.00088411925,-3.05613e-07,-0.00020219353066,5
demo_1_labeled,approach,20,24,0.6666660000000001,0.7999992,0.13333319999999993,5,joint_2,constant,-9.885009885212462e-05,-1.3180000000270096e-05,-0.5684864699999981,-0.56854695,-0.56856245,-0.5685589600000001,5,constant,0.0061815408954409,0.0008242046285200002,-0.004758991170930003,-0.0009579654,-5.5120535e-07,-0.00022586571407000002,5
demo_1_labeled,approach,20,24,0.6666660000000001,0.7999992,0.13333319999999993,5,joint_3,constant,-5.118005118083132e-05,-6.824000000104015e-06,-0.2761211219999992,-0.27615237,-0.27616045,-0.27615865399999995,5,constant,0.002851404431904433,0.00038018687739999995,-0.002193314894250001,-0.00045085995,-2.7236675e-07,-0.00010228706855,5
demo_1_labeled,approach,20,24,0.6666660000000001,0.7999992,0.13333319999999993,5,joint_4,constant,5.4000054002622284e-05,7.200000000342434e-06,-2.7898342,-2.7898018,-2.7897928,-2.7897946000000005,5,constant,-0.00306006897822898,-0.00040800878908800003,0.0023574302505420014,0.0004761005,4.5823649e-07,0.00011338191055799998,5
demo_1_labeled,approach,20,24,0.6666660000000001,0.7999992,0.13333319999999993,5,joint_5,constant,-4.131004131004533e-06,-5.508000000000533e-07,0.005828139799999997,0.005825574,0.005824946,0.0058251104,5,constant,0.00041453355557355577,5.5271085471999995e-05,-0.0003196954440680002,-6.298111e-05,-3.3485526e-07,-1.5704473972000002e-05,5
demo_1_labeled,approach,20,24,0.6666660000000001,0.7999992,0.13333319999999993,5,joint_6,constant,2.432379210174458e-15,3.2431690370603286e-16,3.0250799999999956,3.02508,3.02508,3.02508,5,constant,-0.0007480237469257473,-9.97363998536e-05,0.0005765690963814003,0.00011506552,4.2718433e-08,2.8018897186600005e-05,5
demo_1_labeled,approach,20,24,0.6666660000000001,0.7999992,0.13333319999999993,5,joint_7,constant,6.080948025436145e-16,8.107922592650822e-17,0.5274364399999991,0.52743644,0.52743644,0.52743644,5,constant,-0.00020785944247944262,-2.7714564616000004e-05,0.0001594142992540001,3.1154792e-05,-5.3762017e-07,6.984193865999999e-06,5
demo_1_labeled,approach,20,24,0.6666660000000001,0.7999992,0.13333319999999993,5,finger_1,constant,-3.8005925158975903e-17,-5.0674516204067635e-18,0.04,0.04,0.04,0.04,5,constant,1.622610917070918e-07,2.16347905928e-08,-1.2487054940420006e-07,-2.5277075e-08,-8.777099e-12,-5.8792011438e-09,5
demo_1_labeled,approach,20,24,0.6666660000000001,0.7999992,0.13333319999999993,5,finger_2,constant,0.00012086712086719557,1.6115600000009953e-05,0.039904171999999925,0.039982006,0.039998718,0.039992807799999995,5,constant,-0.0023476064146064147,-0.00031301387559999985,0.0018631966946,0.00034887862,2.5786327e-05,0.0001416203788,5
demo_1_labeled,approach,25,29,0.8333325,0.9666657,0.13333319999999993,5,joint_1,constant,7.601185031795182e-17,1.0134903240813529e-17,0.08695455999999993,0.08695456,0.08695456,0.08695456,5,constant,-5.8759114759114984e-08,-7.834540800000026e-09,-6.54275319999979e-09,-6.5628726e-08,-6.772995e-08,-5.94259036e-08,5
demo_1_labeled,approach,25,29,0.8333325,0.9666657,0.13333319999999993,5,joint_2,constant,-2.4323792101744582e-15,-3.243169037060329e-16,-0.5685624499999979,-0.56856245,-0.56856245,-0.56856245,5,constant,5.893223677223681e-07,7.857623712e-08,-5.514443581200003e-07,-9.1054446e-08,2.438893e-10,-2.1054757560000002e-08,5
demo_1_labeled,approach,25,29,0.8333325,0.9666657,0.13333319999999993,5,joint_3,constant,-9.121422038154219e-16,-1.2161883888976234e-16,-0.27616044999999917,-0.27616045,-0.27616045,-0.27616045,5,constant,-6.072618072618148e-08,-8.096816000000097e-09,-7.650052599999932e-08,-1.3265169e-07,-1.3753994e-07,-1.3115403399999998e-07,5
demo_1_labeled,approach,25,29,0.8333325,0.9666657,0.13333319999999993,5,joint_4,constant,-9.729516840697833e-15,-1.2972676148241317e-15,-2.789792799999992,-2.7897928,-2.7897928,-2.7897928,5,constant,-4.210188790188793e-07,-5.613579440000001e-08,3.913454348800003e-07,6.542111e-08,-1.3803179e-09,1.242882268e-08,5
demo_1_labeled,approach,25,29,0.8333325,0.9666657,0.13333319999999993,5,joint_5,constant,-4.467004466706199e-07,-5.9559999996023066e-08,0.005825303169999973,0.005824931,0.0058248714,0.005824901140000001,5,constant,7.924657924657818e-08,1.0566199999999852e-08,-3.6305157799999907e-07,-2.998943e-07,-2.882689e-07,-2.9172972800000005e-07,5
demo_1_labeled,approach,25,29,0.8333325,0.9666657,0.13333319999999993,5,joint_6,constant,9.729516840697833e-15,1.2972676148241317e-15,3.025079999999991,3.02508,3.02508,3.02508,5,constant,1.4805756405756402e-08,1.9740988799999984e-09,-1.5987843319999995e-08,-1.9391186e-09,-1.1090845e-09,-2.6626758800000004e-09,5
demo_1_labeled,approach,25,29,0.8333325,0.9666657,0.13333319999999993,5,joint_7,constant,1.2161896050872291e-15,1.6215845185301646e-16,0.5274364399999988,0.52743644,0.52743644,0.52743644,5,constant,-4.011871011871061e-08,-5.349156000000063e-09,-5.101329769999996e-07,-5.4262756e-07,-5.4815183e-07,-5.4623978e-07,5
demo_1_labeled,approach,25,29,0.8333325,0.9666657,0.13333319999999993,5,finger_1,constant,1.5202370063590364e-16,2.0269806481627057e-17,0.03999999999999986,0.04,0.04,0.04,5,constant,1.942935021435022e-10,2.5905774379999992e-11,-1.7226618649500005e-10,-1.2389232e-12,3.2758365e-11,2.59779057e-12,5
demo_1_labeled,approach,25,29,0.8333325,0.9666657,0.13333319999999993,5,finger_2,constant,4.413004413342304e-06,5.884000000450518e-07,0.03999576229999968,0.039999336,0.039999932,0.03999973400000001,5,constant,-8.928597138597144e-05,-1.1904784280000001e-05,8.563316307000005e-05,1.3323941e-05,9.682282e-07,5.275869179999999e-06,5
demo_1_labeled,approach,30,34,0.999999,1.1333322,0.13333319999999993,5,joint_1,ramp_up,0.9591579111579113,0.12788759359999996,-0.8648520416000001,0.10249455,0.23120408,0.1582487072,5,ramp_up,6.859586839586841,0.9146106639999997,-6.4584817380000015,0.44976887,1.3704163,0.8584035740000001,5
demo_1_labeled,approach,30,34,0.999999,1.1333322,0.13333319999999993,5,joint_2,ramp_up,0.9673153573153621,0.12897525200000057,-1.5226771840000053,-0.5522402,-0.42358518,-0.490875168,5,ramp_up,2.8497646197646223,0.3799682360000001,-2.1295031940000024,0.68006134,1.0736309,0.9102426940000001,5
demo_1_labeled,approach,30,34,0.999999,1.1333322,0.13333319999999993,5,joint_3,ramp_down,-1.017555627555626,-0.1356739479999997,0.7321820939999983,-0.2933212,-0.43003136,-0.35320948999999996,5,ramp_down,-6.711117711117712,-0.8948147999999997,6.233272290000001,-0.54100925,-1.4430118,-0.92524611,5
demo_1_labeled,approach,30,34,0.999999,1.1333322,0.13333319999999993,5,joint_4,ramp_down,-0.5207345207344989,-0.06943119999999706,-2.285756480000023,-2.804598,-2.873843,-2.84120608,5,ramp_up,1.5861470661470722,0.2114860640000007,-2.2059681960000064,-0.6020841,-0.39710212,-0.514079684,5
demo_1_labeled,approach,30,34,0.999999,1.1333322,0.13333319999999993,5,joint_5,ramp_up,0.135906774906775,0.018120885200000002,-0.12512871860000008,0.009970922,0.027488533,0.019838363,5,ramp_down,-0.7432235752235763,-0.09909637760000009,0.9096593954000012,0.13033307,0.023536343,0.11688837459999998,5
demo_1_labeled,approach,30,34,0.999999,1.1333322,0.13333319999999993,5,joint_6,ramp_up,1.6126330126329973,0.21501751999999785,1.4626240400000166,3.0765564,3.2915704,3.1827642000000003,5,ramp_up,1.022084222084213,0.13627775999999872,0.3872871600000092,1.4136426,1.546651,1.47750924,5
demo_1_labeled,approach,30,34,0.999999,1.1333322,0.13333319999999993,5,joint_7,ramp_down,-0.32541434541434994,-0.04338853600000058,0.8426761920000049,0.5173722,0.4744097,0.49556790399999995,5,ramp_up,0.18871863871863986,0.02516246000000014,-0.4919006700000012,-0.28127,-0.2479488,-0.29060099000000006,5
demo_1_labeled,approach,30,34,0.999999,1.1333322,0.13333319999999993,5,finger_1,constant,-2.280355509538554e-16,-3.040470972244058e-17,0.040000000000000244,0.04,0.04,0.04,5,constant,-0.00011623308973309011,-1.5497729800000042e-05,0.0001297990613600004,2.2264174e-05,2.6544308e-06,5.817222960000001e-06,5
demo_1_labeled,approach,30,34,0.999999,1.1333322,0.13333319999999993,5,finger_2,constant,2.1567021566675754e-05,2.87559999995389e-06,0.03997473400000037,0.0399969,0.03999934,0.0399977388,5,constant,0.0009637249309249333,0.00012849652896000026,-0.0010486923439600026,-0.00014275516,1.0659895e-05,-2.0720112280000006e-05,5
demo_1_labeled,approach,35,39,1.1666655,1.2999987000000002,0.13333320000000026,5,joint_1,ramp_up,2.1205149205149167,0.28273504000000005,-2.1837186959999952,0.2902551,0.5727099,0.431580424,5,ramp_up,2.5652503652503627,0.34203304000000034,-1.0855666999999969,1.740089,2.159256,2.0782389199999995,5
demo_1_labeled,approach,35,39,1.1666655,1.2999987000000002,0.13333320000000026,5,joint_2,ramp_up,1.3973106773106727,0.18630790399999975,-2.0204757699999942,-0.38539803,-0.1979391,-0.297127658,5,ramp_up,4.477793377793365,0.5970385199999995,-4.172318669999984,1.1264536,1.7391508,1.35028764,5
demo_1_labeled,approach,35,39,1.1666655,1.2999987000000002,0.13333320000000026,5,joint_3,ramp_down,-2.1772937572937536,-0.2903055440000001,2.0475621259999954,-0.4926034,-0.78289866,-0.637764156,5,ramp_down,-1.8528708528708617,-0.24704920000000166,0.17226082000001108,-1.865454,-2.1742647,-2.11294428,5
demo_1_labeled,approach,35,39,1.1666655,1.2999987000000002,0.13333320000000026,5,joint_4,ramp_down,-0.15276525276526198,-0.02036868000000127,-2.7101392699999884,-2.8855393,-2.905654,-2.89854956,5,ramp_up,2.5051601941601875,0.33402102519999977,-3.260873087299992,-0.3293587,0.010686634,-0.17117860420000003,5
demo_1_labeled,approach,35,39,1.1666655,1.2999987000000002,0.13333320000000026,5,joint_5,ramp_down,-1.307145005145002,-0.17428582639999993,1.5678297765999962,0.023207234,-0.15233903,-0.044314117599999994,5,ramp_down,-15.991253551253513,-2.132165007999999,18.584883185999953,-0.18054909,-2.2921424,-1.137643138,5
demo_1_labeled,approach,35,39,1.1666655,1.2999987000000002,0.13333320000000026,5,joint_6,ramp_up,1.758950058950064,0.23452644000000114,1.2954336099999941,3.3483229,3.5830317,3.4648031799999996,5,ramp_up,0.7924393924393932,0.1056584800000003,0.6442428999999991,1.5744073,1.6866717,1.62158384,5
demo_1_labeled,approach,35,39,1.1666655,1.2999987000000002,0.13333320000000026,5,joint_7,ramp_up,0.8688083088083065,0.11584099199999992,-0.5627321579999971,0.4690185,0.58677554,0.508797018,5,ramp_up,14.925353901353867,1.9900451967999995,-17.65833818559996,-0.102791116,1.8780271,0.7495798847999999,5
demo_1_labeled,approach,35,39,1.1666655,1.2999987000000002,0.13333320000000026,5,finger_1,constant,0.0,0.0,0.04,0.04,0.04,0.04,5,constant,0.004344225347625337,0.0005792294671199997,-0.005144946415539986,3.9144556e-06,0.00056670164,0.00021292615532,5
demo_1_labeled,approach,35,39,1.1666655,1.2999987000000002,0.13333320000000026,5,finger_2,constant,-5.9430059429939606e-05,-7.92399999998404e-06,0.04006436019999985,0.039999887,0.039990585,0.039991063199999996,5,constant,0.0022097664617664555,0.00029463523359999976,-0.0024887198741999923,1.6027583e-05,0.00039314636,0.00023665603660000001,5
demo_1_labeled,approach,40,44,1.3333320000000002,1.4666652000000002,0.13333320000000004,5,joint_1,ramp_up,0.1273766773766781,0.016983540000000102,0.475624225999999,0.6416324,0.65955037,0.6539513959999999,5,ramp_down,-12.484704922704921,-1.6646256584000003,17.9491979155,1.9878652,0.0103681525,0.47062850230000003,5
demo_1_labeled,approach,40,44,1.3333320000000002,1.4666652000000002,0.13333320000000004,5,joint_2,ramp_up,0.09909824709824672,0.013213086399999954,-0.2541155109999995,-0.1282192,-0.111977965,-0.11537810379999999,5,ramp_down,-13.0883083052083,-1.7451060289199998,18.764181940479993,2.1705947,0.0005755361,0.44056863682,5
demo_1_labeled,approach,40,44,1.3333320000000002,1.4666652000000002,0.13333320000000004,5,joint_3,constant,0.019013269013266013,0.0025350999999996008,-0.8803485559999957,-0.85535026,-0.8528283,-0.8537300059999999,5,ramp_up,12.901307727707724,1.72017264352,-18.48347624596,-2.1709733,0.0012237878,-0.421663489,5
demo_1_labeled,approach,40,44,1.3333320000000002,1.4666652000000002,0.13333320000000004,5,joint_4,constant,-0.033135333135344315,-0.004418040000001492,-2.859100919999984,-2.9014666,-2.9066958,-2.90549034,5,ramp_down,-0.8307850267450263,-0.11077122612799997,1.1859332560719997,0.15379788,-0.00051966496,0.022835381728000002,5
demo_1_labeled,approach,40,44,1.3333320000000002,1.4666652000000002,0.13333320000000004,5,joint_5,constant,-0.004976464976464903,-0.0006635279999999904,-0.23281002600000014,-0.2394049,-0.2400283,-0.23977707,5,ramp_up,15.637254741354738,2.0849652138800003,-22.41630114378,-2.6100128,-0.0010627571,-0.52416639804,5
demo_1_labeled,approach,40,44,1.3333320000000002,1.4666652000000002,0.13333320000000004,5,joint_6,constant,-0.008396708396690107,-0.0011195599999975618,3.6573996799999753,3.6467087,3.645351,3.6456443000000007,5,ramp_down,-10.742402410322406,-1.432318889056,15.394263861121996,1.8032291,-0.00015232251,0.35491552603399995,5
demo_1_labeled,approach,40,44,1.3333320000000002,1.4666652000000002,0.13333320000000004,5,joint_7,constant,0.0019600219600233084,0.00026133600000017985,0.6695405399999982,0.6720581,0.67235947,0.672284568,5,ramp_down,-15.687245517245508,-2.0916306439999994,22.48689928023599,2.608566,0.00017163092,0.5247775182359999,5
demo_1_labeled,approach,40,44,1.3333320000000002,1.4666652000000002,0.13333320000000004,5,finger_1,constant,-3.933603933601352e-05,-5.2447999999965595e-06,0.04004221279999996,0.039998684,0.039990727,0.0399871424,5,constant,0.003609318393318392,0.00048124197119999996,-0.005097161345399999,-0.000116529634,0.00014254217,-4.412064780000001e-05,5
demo_1_labeled,approach,40,44,1.3333320000000002,1.4666652000000002,0.13333320000000004,5,finger_2,constant,-3.000002977646173e-08,-3.999999970190929e-09,0.04000004099999968,0.04,0.039999995,0.039999999,5,constant,-0.003099256826056823,-0.00041323383023999973,0.004481408224799996,0.0003594061,4.73557e-07,0.00014245300727999997,5
demo_1_labeled,approach,45,49,1.4999985000000002,1.6333317,0.13333319999999982,5,joint_1,ramp_up,0.3679624879624857,0.049061615999999635,0.09868577400000322,0.6597509,0.7055897,0.675159762,5,ramp_up,3.537371988671989,0.4716491268399994,-5.373267774926001,0.0035530457,0.3495949,0.168609465444,5
demo_1_labeled,approach,45,49,1.4999985000000002,1.6333317,0.13333319999999982,5,joint_2,ramp_up,0.06748320748320744,0.008997751999999982,-0.21505100199999996,-0.11196623,-0.10265238,-0.109327416,5,ramp_up,1.4206285463905473,0.18941695010159987,-2.1666754564498016,0.00019169843,0.17941101,0.058973707243999994,5
demo_1_labeled,approach,45,49,1.4999985000000002,1.6333317,0.13333319999999982,5,joint_3,ramp_down,-1.047156027156026,-0.13962066399999967,0.7460545479999986,-0.852788,-0.9932921,-0.894488254,5,ramp_down,-19.214954010044018,-2.5619913060119974,29.257476499632016,0.00042766958,-2.1737533,-0.845921346009,5
demo_1_labeled,approach,45,49,1.4999985000000002,1.6333317,0.13333319999999982,5,joint_4,ramp_up,0.17230157230158127,0.022973520000001166,-3.1699182400000128,-2.906708,-2.8829293,-2.8999793800000004,5,ramp_up,3.6396641575751594,0.4852880690547996,-5.549323022960703,-0.00017964972,0.4484837,0.1528117884332,5
demo_1_labeled,approach,45,49,1.4999985000000002,1.6333317,0.13333319999999982,5,joint_5,ramp_down,-1.3060766860766861,-0.17414338399999976,1.7538973960000004,-0.24004094,-0.41418192,-0.29228736599999994,5,ramp_down,-23.48709231573233,-3.1316091771519976,35.75231783527503,-0.00035203662,-2.6099217,-1.044089996261,5
demo_1_labeled,approach,45,49,1.4999985000000002,1.6333317,0.13333319999999982,5,joint_6,ramp_down,-0.056655356655370054,-0.007554040000001776,3.731798190000021,3.645351,3.6380298,3.6430382199999998,5,ramp_down,-0.7796221982461984,-0.10394952248319987,1.1839623598798805,-5.7204215e-05,-0.07286323,-0.03744452929772,5
demo_1_labeled,approach,45,49,1.4999985000000002,1.6333317,0.13333319999999982,5,joint_7,ramp_up,0.6917225717225703,0.09222958399999968,-0.38393639999999807,0.6723604,0.7659303,0.699761212,5,ramp_up,12.449447568869575,1.6599246825895986,-18.96529455008801,4.865543e-05,1.455908,0.5388204703398001,5
demo_1_labeled,approach,45,49,1.4999985000000002,1.6333317,0.13333319999999982,5,finger_1,constant,-0.0003517113517113226,-4.689479999999605e-05,0.04053140889999995,0.039994694,0.039957464,0.039980395,5,constant,0.0008576182226182311,0.00011434898200000098,-0.0013400368413000136,9.150352e-05,0.0006789848,3.563697200000015e-06,5
demo_1_labeled,approach,45,49,1.4999985000000002,1.6333317,0.13333319999999982,5,finger_2,constant,-2.6604147611283145e-16,-3.547216134284733e-17,0.04000000000000042,0.04,0.04,0.04,5,constant,0.0015220229849909836,0.00020293619506239952,-0.002300834063401598,7.307723e-08,8.925975e-05,8.36662285816e-05,5
demo_1_labeled,approach,50,54,1.666665,1.7999982,0.13333320000000004,5,joint_1,ramp_down,-0.09278961278961169,-0.012371935999999858,0.832319629999998,0.68085355,0.6675057,0.671484462,5,ramp_up,3.0694253644253635,0.409256306,-5.4590334243999985,-0.4492822,-0.007284233,-0.13870144639999998,5
demo_1_labeled,approach,50,54,1.666665,1.7999982,0.13333320000000004,5,joint_2,constant,-0.006372036372036676,-0.0008496040000000408,-0.09294991599999947,-0.10334743,-0.10426671,-0.103994768,5,ramp_up,0.225304489084489,0.030040568503999998,-0.4004238110159999,-0.033394396,-0.00046687102,-0.009896420464000001,5
demo_1_labeled,approach,50,54,1.666665,1.7999982,0.13333320000000004,5,joint_3,constant,-0.01783168783169268,-0.002377556000000647,-0.9688040459999915,-0.99791354,-1.0004777,-0.999712274,5,ramp_up,0.28497572577572566,0.03799672544,-0.5072904142899998,-0.041026764,-0.00078147795,-0.013332983570000002,5
demo_1_labeled,approach,50,54,1.666665,1.7999982,0.13333320000000004,5,joint_4,constant,0.006043506043502805,0.0008057999999995685,-2.890731479999994,-2.8808687,-2.8799977,-2.88025608,5,ramp_down,-0.13275125637125637,-0.017700149816000006,0.23629714110400002,0.019112168,0.00035795278,0.006195193496,5
demo_1_labeled,approach,50,54,1.666665,1.7999982,0.13333320000000004,5,joint_5,constant,0.005914325914325788,0.0007885759999999833,-0.4227703379999999,-0.41311732,-0.4122658,-0.41251885,5,ramp_down,-0.3807048058248056,-0.05076059001599999,0.6764803267539996,0.056672145,0.00076474523,0.016592656546,5
demo_1_labeled,approach,50,54,1.666665,1.7999982,0.13333320000000004,5,joint_6,constant,0.0004971004971190314,6.628000000247126e-05,3.6372478999999673,3.6380575,3.6381295,3.63810954,5,constant,-0.03529549749949748,-0.004706061627199999,0.06278665271879998,0.0051513324,9.0723806e-05,0.0016078515651999996,5
demo_1_labeled,approach,50,54,1.666665,1.7999982,0.13333320000000004,5,joint_7,constant,-0.0010345210345184999,-0.0001379359999996621,0.7673005279999956,0.76561314,0.76546365,0.76550736,5,ramp_up,0.11484128589128582,0.015312156139999996,-0.20401410384999988,-0.017069798,-0.0002063618,-0.00495607403,5
demo_1_labeled,approach,50,54,1.666665,1.7999982,0.13333320000000004,5,finger_1,constant,0.0,0.0,0.04,0.04,0.04,0.04,5,constant,-0.004521755269175268,-0.000602900099656,0.007999940490183998,0.0007104279,1.6087658e-07,0.000162239194656,5
demo_1_labeled,approach,50,54,1.666665,1.7999982,0.13333320000000004,5,finger_2,constant,0.00011192711192726154,1.4923600000019953e-05,0.03978885959999975,0.039980307,0.039992485,0.0399828664,5,constant,0.003154695292695292,0.00042062561840000004,-0.005423201680399999,-0.00033309395,0.00012408584,4.493135879999999e-05,5
demo_1_labeled,approach,55,59,1.8333315,1.9666647,0.13333320000000004,5,joint_1,constant,-0.0005421305421274294,-7.228399999958498e-05,0.6683382609999939,0.66736305,0.66728497,0.667308214,5,constant,0.01780906671706671,0.0023745398543999997,-0.034643510694599984,-0.002605786,-4.3377557e-05,-0.0008063177694,5
demo_1_labeled,approach,55,59,1.8333315,1.9666647,0.13333320000000004,5,joint_2,constant,-3.744003743991172e-05,-4.991999999983239e-06,-0.10420881680000024,-0.10427624,-0.10428161,-0.10427995280000002,5,constant,0.0011455400230400226,0.000152738517,-0.002229765803249999,-0.00017020527,-3.4250095e-06,-5.3241936e-05,5
demo_1_labeled,approach,55,59,1.8333315,1.9666647,0.13333320000000004,5,joint_3,constant,-9.660009660201532e-05,-1.2880000000255833e-05,-1.0003319399999964,-1.0005053,-1.0005193,-1.0005154799999998,5,constant,0.001893728525528525,0.00025249688424,-0.0036840215857599987,-0.00027607073,-4.4919157e-06,-8.594098534e-05,5
demo_1_labeled,approach,55,59,1.8333315,1.9666647,0.13333320000000004,5,joint_4,constant,1.680001680130229e-05,2.2400000001713994e-06,-2.880017380000003,-2.8799877,-2.8799849,-2.8799854600000003,5,constant,-0.0008559959259959259,-0.00011413267600000002,0.0016658462524999995,0.0001279369,1.3936385e-06,3.94556195e-05,5
demo_1_labeled,approach,55,59,1.8333315,1.9666647,0.13333320000000004,5,joint_5,constant,3.22200322204214e-05,4.296000000051892e-06,-0.41231469200000076,-0.4122568,-0.41225216,-0.412253474,5,constant,-0.0018757827319827304,-0.0002501041141599999,0.0036491783552399966,0.00027690793,5.9046383e-06,8.519472846e-05,5
demo_1_labeled,approach,55,59,1.8333315,1.9666647,0.13333320000000004,5,joint_6,constant,1.459427526104674e-14,1.945901422236198e-15,3.6381294999999727,3.6381295,3.6381295,3.6381294999999994,5,constant,-0.0002396737731337731,-3.1956471128000006e-05,0.0004635643308139999,2.9964136e-05,-9.4855096e-07,8.184617240000002e-06,5
demo_1_labeled,approach,55,59,1.8333315,1.9666647,0.13333320000000004,5,joint_7,constant,-1.8000017944929364e-06,-2.3999999926548567e-07,0.7654658199999894,0.76546264,0.76546234,0.7654624,5,constant,0.0005205956772956771,6.941268756e-05,-0.0010132291392099995,-7.812122e-05,-2.2654547e-06,-2.4098341480000003e-05,5
demo_1_labeled,approach,55,59,1.8333315,1.9666647,0.13333320000000004,5,finger_1,constant,0.0,0.0,0.04,0.04,0.04,0.04,5,constant,-7.974650562650559e-08,-1.0632856783999998e-08,1.5373042173599993e-07,1.3148779e-08,-1.5093726e-10,2.212212564e-09,5
demo_1_labeled,approach,55,59,1.8333315,1.9666647,0.13333320000000004,5,finger_2,constant,2.8110028110109316e-05,3.748000000010829e-06,0.03994485299999984,0.039995793,0.039999656,0.03999826199999999,5,constant,-0.0004995149331149328,-6.660192447999998e-05,0.0009809999283199994,7.480618e-05,6.5583904e-06,3.1922504479999994e-05,5
demo_1_labeled,approach,60,64,1.999998,2.1333312,0.13333320000000026,5,joint_1,constant,-1.2161896050872246e-15,-1.6215845185301626e-16,0.6672843000000025,0.6672843,0.6672843,0.6672843,5,constant,0.00010493808152808154,1.399173021200003e-05,-0.00022116456392800007,-1.4900463e-05,2.3862444e-07,-4.292745642e-06,5
demo_1_labeled,approach,60,64,1.999998,2.1333312,0.13333320000000026,5,joint_2,constant,2.280355509538546e-16,3.040470972244054e-17,-0.1042816100000005,-0.10428161,-0.10428161,-0.10428161,5,constant,3.9124324504324465e-06,5.216571384000005e-07,-7.957738798399992e-06,-1.604438e-07,3.291965e-07,1.279468468e-07,5
demo_1_labeled,approach,60,64,1.999998,2.1333312,0.13333320000000026,5,joint_3,constant,4.864758420348898e-15,6.48633807412065e-16,-1.00051930000001,-1.0005193,-1.0005193,-1.0005193,5,constant,1.6470633240633236e-05,2.1960822360000038e-06,-3.5450991433999996e-05,-2.8191803e-06,-6.2176423e-07,-1.4117167759999998e-06,5
demo_1_labeled,approach,60,64,1.999998,2.1333312,0.13333320000000026,5,joint_4,constant,4.864758420348898e-15,6.48633807412065e-16,-2.8799849000000104,-2.8799849,-2.8799849,-2.8799849,5,constant,-8.193316269316274e-06,-1.0924410768000028e-06,1.7301415715200012e-05,1.2091473e-06,1.9118234e-08,3.6857902479999995e-07,5
demo_1_labeled,approach,60,64,1.999998,2.1333312,0.13333320000000026,5,joint_5,constant,6.080948025436123e-16,8.107922592650813e-17,-0.41225216000000114,-0.41225216,-0.41225216,-0.41225216,5,constant,-7.209131589131593e-06,-9.612165840000024e-07,1.4507912754000008e-05,4.2727805e-07,-6.750269e-07,-3.90944298e-07,5
demo_1_labeled,approach,60,64,1.999998,2.1333312,0.13333320000000026,5,joint_6,constant,-1.9459033681395593e-14,-2.59453522964826e-15,3.6381295000000398,3.6381295,3.6381295,3.6381294999999994,5,constant,-1.3548377692877716e-05,-1.8064485526000065e-06,2.845439851995005e-05,2.2510367e-06,-1.2797075e-10,4.5444595464999994e-07,5
demo_1_labeled,approach,60,64,1.999998,2.1333312,0.13333320000000026,5,joint_7,constant,-4.256663617805286e-15,-5.675545814855568e-16,0.7654623400000088,0.76546234,0.76546234,0.76546234,5,constant,-4.768106368106375e-06,-6.357468800000021e-07,1.0835307668000015e-05,1.6223566e-06,8.240238e-07,9.81231028e-07,5
demo_1_labeled,approach,60,64,1.999998,2.1333312,0.13333320000000026,5,finger_1,constant,-1.9002962579487883e-16,-2.5337258102033788e-17,0.040000000000000396,0.04,0.04,0.04,5,constant,4.0110217350217367e-10,5.3480236320000125e-11,-8.473561919200004e-10,-5.914243e-11,-1.2412171e-12,-1.841252896e-11,5
demo_1_labeled,approach,60,64,1.999998,2.1333312,0.13333320000000026,5,finger_2,constant,6.900006899134058e-07,9.19999999883623e-08,0.03999848300000017,0.039999817,0.039999932,0.039999909,5,constant,-1.7297857397857408e-05,-2.3063786800000057e-06,3.7371094320000024e-05,3.4537675e-06,9.67554e-07,1.62222478e-06,5
demo_1_labeled,approach,65,69,2.1666645,2.2999977,0.13333320000000004,5,joint_1,ramp_up,0.5136230136230132,0.06848299999999996,-0.4574126299999989,0.6672843,0.7265252,0.6896776200000001,5,ramp_up,2.3792401782772563,0.31723170653827715,-5.086224995015569,4.329044e-07,-0.34394833,0.22740608950057198,5
demo_1_labeled,approach,65,69,2.1666645,2.2999977,0.13333320000000004,5,joint_2,ramp_up,1.0380917730917734,0.13841209800000007,-2.3813226595000003,-0.10428161,0.034940675,-0.062920018,5,ramp_up,19.516754619873623,2.6022313470825345,-42.71965607576222,3.4240023e-07,2.1669855,0.8677189878702262,5
demo_1_labeled,approach,65,69,2.1666645,2.2999977,0.13333320000000004,5,joint_3,ramp_down,-0.8401334401334422,-0.1120176800000003,0.8405356400000045,-1.0005193,-1.1043575,-1.0357604999999999,5,ramp_down,-9.141628066081461,-1.218882523260453,19.89487087508777,-5.764435e-07,-0.44015276,-0.521411389524812,5
demo_1_labeled,approach,65,69,2.1666645,2.2999977,0.13333320000000004,5,joint_4,ramp_up,0.29343029343029964,0.03912400000000084,-3.5237565800000143,-2.8799849,-2.8399515,-2.86842958,5,ramp_up,5.565139277301712,0.7420178282883249,-12.193212295491513,4.9187197e-09,0.67711294,0.2355863283379227,5
demo_1_labeled,approach,65,69,2.1666645,2.2999977,0.13333320000000004,5,joint_5,ramp_down,-1.2775870375870375,-0.17034476800000004,2.390048808,-0.41225216,-0.5832446,-0.463226056,5,ramp_down,-23.320905061814656,-3.109450898787947,51.044928283209515,-6.8328194e-07,-2.58176,-1.038374271488578,5
demo_1_labeled,approach,65,69,2.1666645,2.2999977,0.13333320000000004,5,joint_6,ramp_up,0.9357438357438359,0.12476572000000007,1.58781235,3.6381295,3.7525005,3.67763816,5,ramp_up,7.275801307947543,0.9701058709528317,-15.76422007144603,-6.706101e-10,-1.6624195e-06,0.48505326701389484,5
demo_1_labeled,approach,65,69,2.1666645,2.2999977,0.13333320000000004,5,joint_7,ramp_up,1.3051448251448245,0.17401913599999996,-2.097153271999998,0.76546234,0.9394856,0.817667256,5,ramp_up,23.483357263639103,3.131111170704246,-51.4025556946114,8.2436884e-07,2.6100008,1.043556414684708,5
demo_1_labeled,approach,65,69,2.1666645,2.2999977,0.13333320000000004,5,finger_1,constant,-0.00010761010761028339,-1.4348000000023441e-05,0.04023651020000039,0.04,0.039983224,0.0399961812,5,constant,-0.0009900424756742433,-0.00013200553141756906,0.0021644429470234145,-5.3329167e-13,-9.676531e-05,-4.664970422086607e-05,5
demo_1_labeled,approach,65,69,2.1666645,2.2999977,0.13333320000000004,5,finger_2,constant,6.12000611916918e-07,8.159999998884083e-08,0.03999859240000019,0.039999932,0.04,0.039999959200000004,5,constant,0.0029778486252486224,0.0003970460863199997,-0.0065182357139599925,9.679948e-07,0.0003369926,0.00013228623189999998,5
demo_1_labeled,approach,70,74,2.3333310000000003,2.4666642000000003,0.13333320000000004,5,joint_1,ramp_down,-1.2835782835782843,-0.17114360000000015,3.6657033140000017,0.6796874,0.5081487,0.5851185140000001,5,ramp_up,6.230113550113546,0.8306809759999997,-16.17308174999999,-1.5638893,-0.79743195,-1.2208241819999999,5
demo_1_labeled,approach,70,74,2.3333310000000003,2.4666642000000003,0.13333320000000004,5,joint_2,ramp_up,2.1687354687354676,0.28916443999999997,-4.953189499999998,0.10727935,0.39644155,0.25177042,5,ramp_up,0.09625029625029094,0.012833359999999296,1.938538920000013,2.1603136,2.1743827,2.1695394,5
demo_1_labeled,approach,70,74,2.3333310000000003,2.4666642000000003,0.13333320000000004,5,joint_3,ramp_up,1.3145950145950147,0.17527916000000007,-4.146004106,-1.0801407,-0.90565467,-0.990979226,5,ramp_up,0.31063195063194154,0.0414175519999988,0.4344361560000217,0.99025196,1.1057994,1.179952092,5
demo_1_labeled,approach,70,74,2.3333310000000003,2.4666642000000003,0.13333320000000004,5,joint_4,ramp_up,0.508523608523614,0.06780308000000075,-4.000108580000013,-2.8155637,-2.7470353,-2.7796531399999997,5,ramp_down,-1.716699996699996,-0.228893104,4.638395269999998,0.68497145,0.453075,0.518319398,5
demo_1_labeled,approach,70,74,2.3333310000000003,2.4666642000000003,0.13333320000000004,5,joint_5,ramp_down,-0.17338817338817236,-0.02311839999999987,-0.2812223100000025,-0.6644391,-0.69211835,-0.6973535099999999,5,ramp_up,19.45079269079269,2.5934364320000003,-47.13570249119999,-2.16857,0.5115489,-0.4538467151999999,5
demo_1_labeled,approach,70,74,2.3333310000000003,2.4666642000000003,0.13333320000000004,5,joint_6,constant,-1.800001800573886e-06,-2.4000000007627815e-07,3.7525044400000014,3.7525003,3.7525,3.7525001199999997,5,constant,0.00012878959133119083,1.717192833887994e-05,-0.0002978670656465588,-4.3926036e-09,-2.0704883e-07,1.122764445328e-05,5
demo_1_labeled,approach,70,74,2.3333310000000003,2.4666642000000003,0.13333320000000004,5,joint_7,ramp_up,1.2912225912225912,0.17216284000000004,-1.9653970400000003,1.0264854,1.2025557,1.13353408,5,ramp_down,-16.228085128085127,-2.1637425200000004,40.347206279999995,2.6098084,0.5153431,1.39984092,5
demo_1_labeled,approach,70,74,2.3333310000000003,2.4666642000000003,0.13333320000000004,5,finger_1,constant,9.200409200402661e-05,1.2267199999991284e-05,0.03977612360000017,0.039984666,0.04,0.03999693320000001,5,constant,-0.0006096894096894219,-8.129184000000165e-05,0.002382103860000029,0.000152524,0.0005973174,0.00091885074,5
demo_1_labeled,approach,70,74,2.3333310000000003,2.4666642000000003,0.13333320000000004,5,finger_2,constant,-2.3178023178152906e-05,-3.090400000017298e-06,0.04004713160000031,0.04,0.0399972,0.0399915044,5,constant,0.0017330022230022284,0.0002310667320000008,-0.004261856022000013,0.00022632894,0.00018896931,-0.00010265484600000003,5
demo_1_labeled,approach,75,79,2.4999975,2.6333307,0.13333320000000004,5,joint_1,constant,0.010895590895588359,0.0014527439999996621,0.48371093800000653,0.51044714,0.5120923,0.51167626,5,ramp_down,-0.46119301977302024,-0.06149234114400008,1.2015428692200014,0.06970032,0.00013592815,0.017815302198,5
demo_1_labeled,approach,75,79,2.4999975,2.6333307,0.13333320000000004,5,joint_2,constant,0.00454194454194209,0.0006055919999996733,0.4040052400000063,0.41512427,0.41582936,0.41566288599999995,5,ramp_down,-0.19571705969705988,-0.02609558186400003,0.5097371356520005,0.029651465,3.584414e-05,0.00739718477,5
demo_1_labeled,approach,75,79,2.4999975,2.6333307,0.13333320000000004,5,joint_3,constant,0.0071196071196110286,0.0009492800000005214,-0.9185001200000099,-0.9010443,-0.8999583,-0.9002264799999999,5,ramp_down,-0.3744499120699124,-0.04992660501600006,0.9752349600840009,0.057199735,8.083863e-05,0.014147813526,5
demo_1_labeled,approach,75,79,2.4999975,2.6333307,0.13333320000000004,5,joint_4,constant,-0.003331203331195873,-0.0004441599999990057,-2.741021420000019,-2.7491453,-2.7496862,-2.7495714999999996,5,ramp_up,0.2913504774744779,0.038846691483200066,-0.7575781146672012,-0.048360728,-4.036308e-06,-0.009779303615600001,5
demo_1_labeled,approach,75,79,2.4999975,2.6333307,0.13333320000000004,5,joint_5,constant,-0.0013827913827877275,-0.00018437199999951268,-0.6883514030000095,-0.69173956,-0.69195235,-0.691900564,5,ramp_up,0.12474815731415743,0.016633071008800022,-0.32497310015120034,-0.01877347,-2.8287319e-05,-0.0047864832317999996,5
demo_1_labeled,approach,75,79,2.4999975,2.6333307,0.13333320000000004,5,joint_6,constant,-0.00032280032281859384,-4.304000000243615e-05,3.7511996000000476,3.750414,3.7503603,3.75037108,5,ramp_up,0.23048576782136812,0.030731404978080048,-0.5994353689716208,-0.037651364,-1.2061769e-06,-0.00785582314358,5
demo_1_labeled,approach,75,79,2.4999975,2.6333307,0.13333320000000004,5,joint_7,constant,0.0003285003284977089,4.379999999965074e-05,1.2022449500000068,1.2030493,1.2031002,1.2030881,5,ramp_down,-0.1798755778755781,-0.023983386400000035,0.4679716011866006,0.028958058,1.0365687e-05,0.006291412986599998,5
demo_1_labeled,approach,75,79,2.4999975,2.6333307,0.13333320000000004,5,finger_1,constant,5.12160512158561e-05,6.8287999999739865e-06,0.039862346400000505,0.03999286,0.039997924,0.03999380079999999,5,constant,0.0029516943716943757,0.00039355885600000066,-0.0076092876672000116,-0.00044507327,4.0253668e-05,-3.32796892e-05,5
demo_1_labeled,approach,75,79,2.4999975,2.6333307,0.13333320000000004,5,finger_2,constant,5.1012051011871124e-05,6.801599999976017e-06,0.03986736780000046,0.039991498,0.04,0.0399982986,5,constant,-0.004942236142542151,-0.0006589641600408013,0.012850386124255223,0.00082114973,4.990869e-09,0.00016532604346979998,5
demo_1_labeled,approach,80,84,2.6666640000000004,2.7999972000000004,0.13333320000000004,5,joint_1,constant,0.0,0.0,0.5120947,0.5120947,0.5120947,0.5120947,5,constant,-0.00017692067560067556,-2.3589399824000003e-05,0.0004902776258679999,2.6228427e-05,-2.0332944e-07,6.694929476000001e-06,5
demo_1_labeled,approach,80,84,2.6666640000000004,2.7999972000000004,0.13333320000000004,5,joint_2,constant,9.12142203815422e-16,1.2161883888976247e-16,0.4158298999999975,0.4158299,0.4158299,0.4158299,5,constant,-4.676719817719815e-05,-6.235620187999998e-06,0.00012936252912319995,6.8229797e-06,-2.6187237e-07,1.5323152692e-06,5
demo_1_labeled,approach,80,84,2.6666640000000004,2.7999972000000004,0.13333320000000004,5,joint_3,constant,1.2161896050872293e-15,1.621584518530166e-16,-0.8999570000000032,-0.899957,-0.899957,-0.899957,5,constant,-0.00010783732891732883,-1.4378296143999992e-05,0.0002992233412119998,1.6576774e-05,3.1397104e-07,4.46827026e-06,5
demo_1_labeled,approach,80,84,2.6666640000000004,2.7999972000000004,0.13333320000000004,5,joint_4,constant,4.864758420348917e-15,6.486338074120664e-16,-2.749686200000014,-2.7496862,-2.7496862,-2.7496862,5,constant,2.192509986109989e-06,2.923343724800005e-07,-6.157246739720009e-06,-1.2225078e-07,-7.4242994e-09,-1.6439210387999996e-07,5
demo_1_labeled,approach,80,84,2.6666640000000004,2.7999972000000004,0.13333320000000004,5,joint_5,constant,1.2161896050872293e-15,1.621584518530166e-16,-0.6919523500000033,-0.69195235,-0.69195235,-0.69195235,5,constant,3.8521158121158087e-05,5.136149279999997e-06,-0.00010719309569999993,-6.7636215e-06,-5.52146e-07,-1.9020354600000003e-06,5
demo_1_labeled,approach,80,84,2.6666640000000004,2.7999972000000004,0.13333320000000004,5,joint_6,constant,4.864758420348917e-15,6.486338074120664e-16,3.7503602999999868,3.7503603,3.7503603,3.7503602999999996,5,constant,4.067600741540736e-06,5.423462231919994e-07,-1.1245302638725986e-05,-7.0981963e-07,-3.7304157e-10,-1.2720506329e-07,5
demo_1_labeled,approach,80,84,2.6666640000000004,2.7999972000000004,0.13333320000000004,5,joint_7,constant,-1.2161896050872293e-15,-1.621584518530166e-16,1.2031002000000035,1.2031002,1.2031002,1.2031002,5,constant,-1.69658595224595e-05,-2.262112340879998e-06,4.693641628407995e-05,2.8228792e-06,-1.7283344e-09,5.631132960400001e-07,5
demo_1_labeled,approach,80,84,2.6666640000000004,2.7999972000000004,0.13333320000000004,5,finger_1,constant,7.230007229981681e-06,9.639999999965937e-07,0.039979803600000086,0.039998915,0.039999917,0.039999565599999995,5,constant,-0.0001444343113343113,-1.9257888920000002e-05,0.0004033728784,2.1425923e-05,1.39544e-06,8.58615554e-06,5
demo_1_labeled,approach,80,84,2.6666640000000004,2.7999972000000004,0.13333320000000004,5,finger_2,constant,0.0,0.0,0.04000000000000001,0.04,0.04,0.04,5,constant,-5.260826719826717e-09,-7.014428611999998e-10,1.4536780248199994e-08,7.704188e-10,-2.4484225e-11,1.572015936e-10,5
demo_1_labeled,approach,85,89,2.8333305,2.9666637,0.1333331999999996,5,joint_1,ramp_up,0.779419619419619,0.10392251199999963,-1.7176202279999986,0.5120947,0.61890244,0.542694408,5,ramp_up,15.628290596144257,2.083769995713815,-44.638602867737376,-2.5890557e-07,1.7924507,0.6833945390382461,5
demo_1_labeled,approach,85,89,2.8333305,2.9666637,0.1333331999999996,5,joint_2,ramp_down,-0.12069150069150232,-0.01609218400000017,0.7609842460000047,0.4158299,0.39985272,0.4109792440000001,5,ramp_down,-1.9753290198370175,-0.2633769392677322,5.635879449955919,-2.7626015e-07,-0.19559912,-0.09256897911727399,5
demo_1_labeled,approach,85,89,2.8333305,2.9666637,0.1333331999999996,5,joint_3,ramp_down,-0.2243459243459177,-0.029912759999999025,-0.2585641900000192,-0.899957,-0.9286903,-0.90916672,5,ramp_down,-2.607597389443449,-0.34767930424614024,7.440317189725051,2.8256864e-07,-0.2606582,-0.121707677628522,5
demo_1_labeled,approach,85,89,2.8333305,2.9666637,0.1333331999999996,5,joint_4,ramp_down,-0.28304398304398004,-0.03773915999999949,-1.9401868100000088,-2.7496862,-2.7873974,-2.7610135400000004,5,ramp_down,-4.813352062531698,-0.6417796332239495,13.740056215523024,-2.7063423e-09,-0.51119506,-0.21865080709791934,5
demo_1_labeled,approach,85,89,2.8333305,2.9666637,0.1333331999999996,5,joint_5,ramp_up,0.8264592764592792,0.11019446000000004,-3.055594395000008,-0.69195235,-0.5819035,-0.65886489,5,ramp_up,13.67551140729743,1.8233996975714641,-39.048998470744536,-5.482739e-07,1.5087712,0.609944951434928,5
demo_1_labeled,approach,85,89,2.8333305,2.9666637,0.1333331999999996,5,joint_6,ramp_down,-0.13926283926286204,-0.01856836000000298,4.148651370000065,3.7503603,3.7317932,3.74478954,5,ramp_down,-2.303298374937525,-0.30710614288521904,6.577898415164249,-8.8635377e-10,-0.2594644,-0.10166019258928578,5
demo_1_labeled,approach,85,89,2.8333305,2.9666637,0.1333331999999996,5,joint_7,ramp_down,-0.12110772110772466,-0.016147680000000424,1.5493860000000104,1.2031002,1.1873622,1.1981739599999999,5,ramp_down,-1.7596003227744974,-0.2346131417565559,5.020295058076877,-1.8599683e-09,-0.17382899,-0.08254077512823013,5
demo_1_labeled,approach,85,89,2.8333305,2.9666637,0.1333331999999996,5,finger_1,constant,7.47000746823138e-07,9.959999997631853e-08,0.039997783900000514,0.039999917,0.04,0.03999995020000001,5,constant,0.0012427683562683703,0.00016570228180000138,-0.003522109116270041,1.1832052e-06,1.1777553e-05,8.191551288e-05,5
demo_1_labeled,approach,85,89,2.8333305,2.9666637,0.1333331999999996,5,finger_2,constant,-0.0003298083298086268,-4.397440000003947e-05,0.040941282400000854,0.04,0.039965868,0.0399848392,5,constant,0.003304164311764495,0.0004405548010133564,-0.009474213316433812,4.9977807e-11,0.0005621197,0.00010785360560671941,5
demo_1_labeled,approach,90,94,2.9999970000000005,3.1333302000000005,0.13333320000000004,5,joint_1,constant,0.022890382890381002,0.0030520479999997492,0.5670205340000061,0.63458914,0.63807905,0.637217638,5,ramp_down,-1.0572200235200229,-0.14096252883999996,3.2822145438399986,0.16118717,0.0002296489,0.040076380519999996,5
demo_1_labeled,approach,90,94,2.9999970000000005,3.1333302000000005,0.13333320000000004,5,joint_2,constant,0.005143745143745661,0.0006858320000000692,0.3850725579999984,0.4002572,0.40104064,0.40084669400000006,5,ramp_down,-0.2715942256542255,-0.03621252720799999,0.8431172262619996,0.041675616,5.620639e-05,0.010229100478,5
demo_1_labeled,approach,90,94,2.9999970000000005,3.1333302000000005,0.13333320000000004,5,joint_3,constant,0.012899922899924912,0.0017199880000002689,-0.9591790620000064,-0.92109907,-0.9191335,-0.9196193380000001,5,ramp_down,-0.6460337390537386,-0.08613774573599997,2.0055934990239987,0.0987436,0.00013779278,0.024425347096000003,5
demo_1_labeled,approach,90,94,2.9999970000000005,3.1333302000000005,0.13333320000000004,5,joint_4,constant,-0.0009297009296923648,-0.00012395999999885804,-2.7858405200000265,-2.7885916,-2.7887275,-2.7886916,5,constant,-0.02075698558198555,-0.0027675953099999965,0.06419839349209991,0.003911699,-1.16755555e-05,0.0005437013621000001,5
demo_1_labeled,approach,90,94,2.9999970000000005,3.1333302000000005,0.13333320000000004,5,joint_5,constant,-0.0023779223779231717,-0.00031705600000010595,-0.5759756539999975,-0.5829953,-0.58335745,-0.583267942,5,ramp_up,0.25451560687360664,0.03393538031439998,-0.7900378945325993,-0.03921355,-5.1873107e-05,-0.0095241473014,5
demo_1_labeled,approach,90,94,2.9999970000000005,3.1333302000000005,0.13333320000000004,5,joint_6,constant,0.0002067002067010378,2.7560000000110823e-05,3.731553539999998,3.7321622,3.7321947,3.7321874200000003,5,constant,-0.02708930066750064,-0.003611903143759997,0.08394951298879992,0.004574555,-2.034735e-06,0.00087574068232,5
demo_1_labeled,approach,90,94,2.9999970000000005,3.1333302000000005,0.13333320000000004,5,joint_7,constant,0.00034500034500215937,4.6000000000241926e-05,1.1865185399999945,1.1875374,1.1875895,1.1875765399999998,5,constant,-0.05084329233529231,-0.006779098865599999,0.15792727073139995,0.007514627,1.3950783e-05,0.0020079968226,5
demo_1_labeled,approach,90,94,2.9999970000000005,3.1333302000000005,0.13333320000000004,5,finger_1,constant,0.00030735030735023984,4.097999999999101e-05,0.03903341580000021,0.039955065,0.03999394,0.0399759558,5,constant,0.001672479802479798,0.00022299708399999948,-0.004954303245999987,-0.0002631049,0.00011927423,0.000174629686,5
demo_1_labeled,approach,90,94,2.9999970000000005,3.1333302000000005,0.13333320000000004,5,finger_2,constant,-1.5202370063590366e-16,-2.0269806481627076e-17,0.03999999800000047,0.04,0.04,0.039999998,5,constant,-0.002540515027507025,-0.0003387349982655998,0.007877437969475393,0.00041514484,8.212463e-09,8.65330093666e-05,5
demo_1_labeled,approach,95,99,3.1666635000000003,3.2999967000000003,0.13333320000000004,5,joint_1,ramp_down,-0.1814283614283629,-0.024190424000000207,1.1999684360000047,0.63808304,0.60740906,0.6133506539999999,5,ramp_up,2.645183767007774,0.35269081624320103,-8.724399092940622,4.4750668e-05,2.3989827e-05,-0.17164679904299998,5
demo_1_labeled,approach,95,99,3.1666635000000003,3.2999967000000003,0.13333320000000004,5,joint_2,ramp_up,0.06512769512769565,0.008683684000000072,0.19890045099999826,0.40104154,0.41163772,0.40947978799999996,5,ramp_down,-0.9969740522360561,-0.13292974070160055,3.2828187858312123,8.580407e-06,-4.045362e-05,0.05927257381740001,5
demo_1_labeled,approach,95,99,3.1666635000000003,3.2999967000000003,0.13333320000000004,5,joint_3,ramp_up,0.19241653241653497,0.02565551200000035,-1.5153635380000083,-0.9191312,-0.88685066,-0.893217372,5,ramp_down,-2.7661093173673255,-0.3688142068344012,9.124653715220427,2.5002817e-05,-1.9774066e-05,0.1809091994862,5
demo_1_labeled,approach,95,99,3.1666635000000003,3.2999967000000003,0.13333320000000004,5,joint_4,ramp_up,0.3108675108675092,0.04144895999999979,-3.7574661599999946,-2.7887275,-2.7411158,-2.7523288800000003,5,ramp_down,-4.127265482133497,-0.5503015139824021,13.617625306905648,-2.377905e-06,1.2051167e-05,0.2728135928324,5
demo_1_labeled,approach,95,99,3.1666635000000003,3.2999967000000003,0.13333320000000004,5,joint_5,ramp_down,-0.1275614475614474,-0.017008175999999986,-0.18842946200000055,-0.58335745,-0.6050467,-0.60087773,5,ramp_up,1.8648531672141742,0.248646840314801,-6.151695850103123,-1.1768726e-05,9.998955e-06,-0.1220099724692,5
demo_1_labeled,approach,95,99,3.1666635000000003,3.2999967000000003,0.13333320000000004,5,joint_6,ramp_down,-0.15870345870346572,-0.021160440000000943,4.224019570000022,3.7321947,3.7056217,3.7108789,5,ramp_up,2.267406256866265,0.3023205319280012,-7.478786447808826,-2.724842e-06,2.9627068e-05,-0.14751354855479998,5
demo_1_labeled,approach,95,99,3.1666635000000003,3.2999967000000003,0.13333320000000004,5,joint_7,ramp_up,0.18578718578718034,0.024771599999999283,0.6117406800000177,1.1875895,1.2186289,1.21245198,5,ramp_down,-2.6069046312162394,-0.3475869365748812,8.601253119947387,1.1902806e-06,-1.2780128e-05,0.17226990800652,5
demo_1_labeled,approach,95,99,3.1666635000000003,3.2999967000000003,0.13333320000000004,5,finger_1,constant,2.622302622300129e-05,3.4963999999966763e-06,0.039913607900000085,0.039996855,0.039999638,0.0399983956,5,constant,-0.0005775898635898641,-7.701190480000009e-05,0.0019019396117200018,6.268373e-05,7.068623e-06,3.440092032000001e-05,5
demo_1_labeled,approach,95,99,3.1666635000000003,3.2999967000000003,0.13333320000000004,5,finger_2,constant,-4.479004478979741e-06,-5.971999999967018e-07,0.04001369829999992,0.04,0.039999604,0.0399992162,5,constant,0.00012541594530934548,1.6722109319120027e-05,-0.0003924874045784406,1.1836511e-09,8.022704e-06,1.302374641022e-05,5
demo_1_labeled,approach,100,104,3.33333,3.4666632,0.13333320000000004,5,joint_1,constant,-3.040474012718068e-15,-4.053961296325408e-16,0.6074090600000104,0.60740906,0.60740906,0.60740906,5,constant,-5.518246348246357e-06,-7.357654440000014e-07,1.8656582468000033e-05,6.5080906e-07,-2.8159852e-07,-1.0543635399999999e-07,5
demo_1_labeled,approach,100,104,3.33333,3.4666632,0.13333320000000004,5,joint_2,constant,-2.1283318089026476e-15,-2.837772907427786e-16,0.41163737000000716,0.41163737,0.41163737,0.41163737000000006,5,constant,1.2651685491685506e-05,1.6868897120000024e-06,-4.402882486200005e-05,-2.554117e-06,-5.6214566e-07,-1.013137206e-06,5
demo_1_labeled,approach,100,104,3.33333,3.4666632,0.13333320000000004,5,joint_3,constant,1.8242844076308406e-15,2.432376777795245e-16,-0.8868506600000063,-0.88685066,-0.88685066,-0.88685066,5,constant,6.645949963549971e-06,8.861257756800013e-07,-2.283285737522003e-05,-1.0698857e-06,-2.6940679e-09,-2.3665009538000002e-07,5
demo_1_labeled,approach,100,104,3.33333,3.4666632,0.13333320000000004,5,joint_4,constant,7.297137630523362e-15,9.72950711118098e-16,-2.7411158000000246,-2.7411158,-2.7411158,-2.7411158,5,constant,-1.6413857298857325e-05,-2.1885121180000042e-06,5.637682141206009e-05,2.627153e-06,-3.1282643e-09,5.6976240306e-07,5
demo_1_labeled,approach,100,104,3.33333,3.4666632,0.13333320000000004,5,joint_5,constant,1.2161896050872271e-15,1.6215845185301633e-16,-0.6050467000000043,-0.6050467,-0.6050467,-0.6050467,5,constant,-3.8055582855582847e-06,-5.074072640000001e-07,1.1968080477999998e-05,-4.7128907e-07,-1.0994798e-06,-9.70804754e-07,5
demo_1_labeled,approach,100,104,3.33333,3.4666632,0.13333320000000004,5,joint_6,constant,-9.729516840697817e-15,-1.2972676148241307e-15,3.7056217000000324,3.7056217,3.7056217,3.7056217000000005,5,constant,-1.9788803388803373e-06,-2.6385044799999985e-07,5.699284275999995e-06,-7.7924784e-07,-1.0975727e-06,-1.028902148e-06,5
demo_1_labeled,approach,100,104,3.33333,3.4666632,0.13333320000000004,5,joint_7,constant,-2.4323792101744543e-15,-3.2431690370603267e-16,1.2186289000000083,1.2186289,1.2186289,1.2186289,5,constant,3.331948305178311e-06,4.4425932976400094e-07,-1.143945869299002e-05,-5.547138e-07,3.1595124e-10,-1.1084578400800001e-07,5
demo_1_labeled,approach,100,104,3.33333,3.4666632,0.13333320000000004,5,finger_1,constant,7.200007199559105e-07,9.599999999402544e-08,0.03999745800000014,0.03999981,0.03999993,0.03999990600000001,5,constant,-1.8029000429000446e-05,-2.403864320000003e-06,6.300732826000006e-05,3.5977187e-06,1.0219777e-06,1.7087881e-06,5
demo_1_labeled,approach,100,104,3.33333,3.4666632,0.13333320000000004,5,finger_2,constant,7.770007767136161e-07,1.0359999996171195e-07,0.03999724460000098,0.039999787,0.039999913,0.039999886400000004,5,constant,-1.933452493452495e-05,-2.577934080000003e-06,6.771598684000007e-05,3.977408e-06,1.237725e-06,1.9786678e-06,5
demo_1_labeled,approach,105,109,3.4999965000000004,3.6333297,0.1333331999999996,5,joint_1,ramp_down,-0.12878802878802864,-0.01717171999999993,1.0183456899999994,0.5773897,0.5551201,0.55900218,5,ramp_up,6.479730398130422,0.8639631891200006,-23.378818721280084,-0.75873905,0.0019257044,-0.26780341232,5
demo_1_labeled,approach,105,109,3.4999965000000004,3.6333297,0.1333331999999996,5,joint_2,ramp_up,0.5840545040545071,0.07787385600000017,-1.5505255820000112,0.46637163,0.5541857,0.532600066,5,ramp_down,-17.693032115032178,-2.3590685896000014,63.90382594852023,1.9667041,0.0006754724,0.79874117672,5
demo_1_labeled,approach,105,109,3.4999965000000004,3.6333297,0.1333331999999996,5,joint_3,ramp_up,0.25356103356103143,0.03380810399999962,-1.727862157999992,-0.8537521,-0.81426334,-0.823495376,5,ramp_down,-8.664609017409047,-1.1552800470400004,31.301616877860106,0.97115874,0.0014917087,0.39787561954,5
demo_1_labeled,approach,105,109,3.4999965000000004,3.6333297,0.1333331999999996,5,joint_4,ramp_up,0.08857748857748045,0.01181031999999888,-3.0248363799999702,-2.7224467,-2.7063725,-2.70891032,5,ramp_down,-4.7337453172053365,-0.6311654111280006,17.08045830127207,0.5319152,-0.00012483881,0.196783553598,5
demo_1_labeled,approach,105,109,3.4999965000000004,3.6333297,0.1333331999999996,5,joint_5,ramp_up,0.11086793086793112,0.01478237599999999,-0.9725232020000009,-0.59183884,-0.5734267,-0.577094644,5,ramp_down,-4.190002948222963,-0.5586665010960002,15.132916982184055,0.42882258,-0.00048311707,0.18858807786600001,5
demo_1_labeled,approach,105,109,3.4999965000000004,3.6333297,0.1333331999999996,5,joint_6,constant,-0.019059919059913707,-0.0025413199999992785,3.8192309699999805,3.752501,3.7503803,3.7512506599999993,5,constant,-0.007191290260010972,-0.0009588377424960921,0.01677463313701855,-0.0003839131,-0.00017981061,-0.008874276474751999,5
demo_1_labeled,approach,105,109,3.4999965000000004,3.6333297,0.1333331999999996,5,joint_7,ramp_up,0.09706989706990027,0.012942640000000387,0.9041671199999884,1.2376881,1.2536663,1.25038274,5,ramp_down,-4.113672043872056,-0.54848905736,14.855391605820046,0.47958457,0.0001619654,0.18330932143999998,5
demo_1_labeled,approach,105,109,3.4999965000000004,3.6333297,0.1333331999999996,5,finger_1,constant,7.17750717752323e-05,9.570000000021376e-06,0.03973703009999942,0.039980255,0.03999558,0.0399930276,5,constant,-0.003856734850734871,-0.0005142307992000012,0.013911206219800073,0.00048450346,6.7107656e-05,0.0001555323412,5
demo_1_labeled,approach,105,109,3.4999965000000004,3.6333297,0.1333331999999996,5,finger_2,constant,-3.000002989047959e-08,-3.999999985393282e-09,0.0399993599999996,0.04,0.039999995,0.039999253,5,constant,-0.0014760321389121352,-0.0001968040883839989,0.0054326161662259865,0.00015887799,1.6165927e-07,0.00016810680195399999,5
demo_1_labeled,approach,110,114,3.666663,3.7999962,0.13333320000000004,5,joint_1,constant,4.995004994889841e-05,6.659999999846464e-06,0.5549736900000042,0.5551542,0.55516195,0.55516017,5,constant,-0.002493930542430553,-0.00033252373980000147,0.009404853029600039,0.0003809964,6.892825e-07,9.418831520000001e-05,5
demo_1_labeled,approach,110,114,3.666663,3.7999962,0.13333320000000004,5,joint_2,constant,9.180009180007915e-06,1.2239999999998317e-06,0.5541628519999999,0.5541959,0.55419743,0.554197124,5,constant,-0.0006478169781569809,-8.63755107120004e-05,0.0024423692656720107,9.9910765e-05,-1.3046376e-07,2.3854965736e-05,5
demo_1_labeled,approach,110,114,3.666663,3.7999962,0.13333320000000004,5,joint_3,constant,3.294003294356965e-05,4.392000000471562e-06,-0.8143588760000131,-0.81423986,-0.81423473,-0.8142359000000001,5,constant,-0.001822016846636854,-0.00024293533661600106,0.006870973574574028,0.00027880084,4.4113483e-07,6.878414932600001e-05,5
demo_1_labeled,approach,110,114,3.666663,3.7999962,0.13333320000000004,5,joint_4,constant,4.864758420348891e-15,6.48633807412063e-16,-2.7063758000000173,-2.7063758,-2.7063758,-2.7063758,5,constant,7.380573690573655e-06,9.840755079999955e-07,-2.775826619699987e-05,-1.0577448e-06,-4.0658865e-08,-2.04151973e-07,5
demo_1_labeled,approach,110,114,3.666663,3.7999962,0.13333320000000004,5,joint_5,constant,-9.600009577115296e-07,-1.2799999969474297e-07,-0.5734273440000085,-0.5734308,-0.57343096,-0.5734309280000001,5,constant,0.000602640754500757,8.035202024800036e-05,-0.002273003737942009,-9.183244e-05,-3.2321879e-07,-2.3147170998e-05,5
demo_1_labeled,approach,110,114,3.666663,3.7999962,0.13333320000000004,5,joint_6,constant,-1.459427526104667e-14,-1.9459014222361884e-15,3.750380300000054,3.7503803,3.7503803,3.7503803,5,constant,0.00012099391734391785,1.6132506180000073e-05,-0.0004562809244170019,-1.8160688e-05,7.062585e-09,-4.5707513770000005e-06,5
demo_1_labeled,approach,110,114,3.666663,3.7999962,0.13333320000000004,5,joint_7,constant,-2.4323792101744456e-15,-3.243169037060315e-16,1.2536663000000086,1.2536663,1.2536663,1.2536663,5,constant,-0.0001582098213922721,-2.10946217576601e-05,0.0005965667886202526,2.4288702e-05,-2.816023e-09,5.9173794057699996e-06,5
demo_1_labeled,approach,110,114,3.666663,3.7999962,0.13333320000000004,5,finger_1,constant,1.655101655086627e-05,2.206799999979963e-06,0.039937208800000554,0.039997533,0.039999813,0.0399989992,5,constant,-0.00030555724995725046,-4.074092592000008e-05,0.0011597109871800018,4.5238234e-05,3.5418211e-06,1.896506142e-05,5
demo_1_labeled,approach,110,114,3.666663,3.7999962,0.13333320000000004,5,finger_2,constant,-1.9002962579487856e-16,-2.533725810203371e-17,0.0400000000000007,0.04,0.04,0.04,5,constant,-1.160557092067097e-07,-1.547407908680007e-08,4.3758184968700186e-07,1.7725029e-08,-2.95351e-11,4.3076352566e-09,5
demo_1_labeled,approach,115,119,3.833329500000001,3.966662700000001,0.13333320000000004,5,joint_1,constant,-1.2161896050872336e-15,-1.621584518530172e-16,0.5551619500000046,0.55516195,0.55516195,0.55516195,5,constant,-9.833284368484325e-07,-1.3111032713599946e-07,3.873493851013984e-06,1.4962501e-07,8.3875873e-10,3.8516782285999996e-08,5
demo_1_labeled,approach,115,119,3.833329500000001,3.966662700000001,0.13333320000000004,5,joint_2,constant,-1.8242844076308505e-15,-2.4323767777952577e-16,0.5541974300000071,0.55419743,0.55419743,0.55419743,5,constant,-2.2520953520953366e-07,-3.00279079999998e-08,6.053515869999943e-07,-2.4747854e-07,-2.81576e-07,-2.72964722e-07,5
demo_1_labeled,approach,115,119,3.833329500000001,3.966662700000001,0.13333320000000004,5,joint_3,constant,0.0,0.0,-0.8142347299999997,-0.81423473,-0.81423473,-0.8142347300000001,5,constant,-6.336086341886316e-07,-8.448106674399969e-08,2.4937210530899904e-06,9.4122555e-08,-1.6559143e-09,2.2649850828e-08,5
demo_1_labeled,approach,115,119,3.833329500000001,3.966662700000001,0.13333320000000004,5,joint_4,constant,4.8647584203489346e-15,6.486338074120688e-16,-2.706375800000018,-2.7063758,-2.7063758,-2.7063758,5,constant,6.213225336225309e-08,8.284292163999967e-09,-2.4440898283099895e-07,-8.996303e-09,3.1168926e-10,-2.0934370339999997e-09,5
demo_1_labeled,approach,115,119,3.833329500000001,3.966662700000001,0.13333320000000004,5,joint_5,constant,3.040474012718084e-15,4.0539612963254297e-16,-0.5734309600000118,-0.57343096,-0.57343096,-0.57343096,5,constant,7.011166011166105e-08,9.34821200000013e-09,-5.488083430000036e-07,-2.8308645e-07,-2.7263627e-07,-2.75373142e-07,5
demo_1_labeled,approach,115,119,3.833329500000001,3.966662700000001,0.13333320000000004,5,joint_6,constant,-1.4594275261046804e-14,-1.945901422236206e-15,3.7503803000000557,3.7503803,3.7503803,3.7503803,5,constant,-9.201378741378712e-09,-1.2268492719999964e-09,3.5486376803999893e-08,5.3171356e-10,-7.7861106e-10,-3.98964402e-10,5
demo_1_labeled,approach,115,119,3.833329500000001,3.966662700000001,0.13333320000000004,5,joint_7,constant,-3.648568815261701e-15,-4.864753555590515e-16,1.2536663000000134,1.2536663,1.2536663,1.2536663,5,constant,3.229537129537109e-09,4.3060451999999743e-10,-1.4224194449999921e-08,-2.1159028e-09,-1.5336892e-09,-1.6290122400000002e-09,5
demo_1_labeled,approach,115,119,3.833329500000001,3.966662700000001,0.13333320000000004,5,finger_1,constant,-2.280355509538563e-16,-3.040470972244072e-17,0.03999993200000088,0.039999932,0.039999932,0.039999932,5,constant,-5.142933042933011e-06,-6.857237199999959e-07,2.1197001309999876e-05,1.8254024e-06,9.681758e-07,1.1395825e-06,5
demo_1_labeled,approach,115,119,3.833329500000001,3.966662700000001,0.13333320000000004,5,finger_2,constant,-2.280355509538563e-16,-3.040470972244072e-17,0.04000000000000088,0.04,0.04,0.04,5,constant,1.98796996096996e-09,2.6506239639999996e-10,-7.668294572299999e-09,-2.8443983e-11,2.1060316e-10,8.47805224e-11,5
demo_1_labeled,approach,120,124,3.999996,4.1333292,0.13333320000000048,5,joint_1,constant,-4.2566636178052755e-15,-5.675545814855564e-16,0.5551619500000171,0.55516195,0.55516195,0.55516195,5,constant,-5.609255609255641e-10,-7.47900000000007e-11,2.7689538500000133e-09,5.505964e-10,4.6620485e-10,4.8785885e-10,5
demo_1_labeled,approach,120,124,3.999996,4.1333292,0.13333320000000048,5,joint_2,constant,-2.432379210174443e-15,-3.2431690370603217e-16,0.5541974300000099,0.55419743,0.55419743,0.55419743,5,constant,-1.228201228182813e-10,-1.6375999999754522e-11,-2.8115340000000746e-07,-2.816391e-07,-2.816576e-07,-2.81652868e-07,5
demo_1_labeled,approach,120,124,3.999996,4.1333292,0.13333320000000048,5,joint_3,constant,6.0809480254361075e-15,8.107922592650805e-16,-0.8142347300000247,-0.81423473,-0.81423473,-0.8142347300000001,5,constant,-3.6377706377704915e-10,-4.8503559999998223e-11,-4.0428372000005914e-10,-1.8429637e-09,-1.8976731e-09,-1.8836423e-09,5
demo_1_labeled,approach,120,124,3.999996,4.1333292,0.13333320000000048,5,joint_4,constant,1.9459033681395543e-14,2.5945352296482574e-15,-2.7063758000000786,-2.7063758,-2.7063758,-2.7063758,5,constant,3.5270465270463376e-11,4.702723999999764e-12,1.9079494000000763e-10,3.3026848e-10,3.355831e-10,3.34228022e-10,5
demo_1_labeled,approach,120,124,3.999996,4.1333292,0.13333320000000048,5,joint_5,constant,1.8242844076308323e-15,2.432376777795242e-16,-0.5734309600000075,-0.57343096,-0.57343096,-0.57343096,5,constant,4.5780045782418764e-11,6.10400000031642e-12,-2.727939700000097e-07,-2.7261282e-07,-2.7260597e-07,-2.72607798e-07,5
demo_1_labeled,approach,120,124,3.999996,4.1333292,0.13333320000000048,5,joint_6,constant,-2.432379210174443e-14,-3.243169037060322e-15,3.750380300000099,3.7503803,3.7503803,3.7503803,5,constant,-8.644778644773286e-12,-1.1526359999992897e-12,-7.488203540000218e-10,-7.829628e-10,-7.8426093e-10,-7.83975752e-10,5
demo_1_labeled,approach,120,124,3.999996,4.1333292,0.13333320000000048,5,joint_7,constant,-1.0945706445784993e-14,-1.459426066677145e-15,1.2536663000000443,1.2536663,1.2536663,1.2536663,5,constant,-1.1640011639952616e-12,-1.5519999999921357e-13,-1.5294171200000236e-09,-1.5340055e-09,-1.5341753e-09,-1.53415072e-09,5
demo_1_labeled,approach,120,124,3.999996,4.1333292,0.13333320000000048,5,finger_1,constant,-3.0404740127180535e-16,-4.053961296325402e-17,0.03999993200000124,0.039999932,0.039999932,0.039999932,5,constant,5.10000509338713e-12,6.799999991176073e-13,9.681566600000271e-07,9.681771e-07,9.681777e-07,9.681774e-07,5
demo_1_labeled,approach,120,124,3.999996,4.1333292,0.13333320000000048,5,finger_2,constant,-3.0404740127180535e-16,-4.053961296325402e-17,0.04000000000000122,0.04,0.04,0.04,5,constant,1.5159885159883124e-11,2.021315999999736e-12,1.586634980000083e-10,2.1856915e-10,2.2082554e-10,2.20313636e-10,5
demo_1_labeled,approach,125,129,4.1666625,4.2999957,0.13333320000000004,5,joint_1,constant,0.0,0.0,0.5551619500000001,0.55516195,0.55516195,0.55516195,5,constant,-3.489603489592149e-13,-4.652799999984881e-14,4.674759919999951e-10,4.660329e-10,4.6598514e-10,4.65998728e-10,5
demo_1_labeled,approach,125,129,4.1666625,4.2999957,0.13333320000000004,5,joint_2,constant,2.432379210174451e-15,3.243169037060322e-16,0.5541974299999899,0.55419743,0.55419743,0.55419743,5,constant,-6.600006597753131e-13,-8.799999996995381e-14,-2.8165486400000095e-07,-2.8165763e-07,-2.816577e-07,-2.81657658e-07,5
demo_1_labeled,approach,125,129,4.1666625,4.2999957,0.13333320000000004,5,joint_3,constant,-1.2161896050872256e-15,-1.621584518530161e-16,-0.8142347299999947,-0.81423473,-0.81423473,-0.8142347300000001,5,constant,-2.5800025800348124e-13,-3.4400000000429775e-14,-1.8967315999999864e-09,-1.8977941e-09,-1.8978363e-09,-1.8978238e-09,5
demo_1_labeled,approach,125,129,4.1666625,4.2999957,0.13333320000000004,5,joint_4,constant,-2.432379210174451e-15,-3.243169037060322e-16,-2.7063757999999893,-2.7063758,-2.7063758,-2.7063758,5,constant,-8.784008783963139e-14,-1.1711999999939144e-14,3.3599213599999807e-10,3.3563402e-10,3.3561226e-10,3.3562028000000003e-10,5
demo_1_labeled,approach,125,129,4.1666625,4.2999957,0.13333320000000004,5,joint_5,constant,-1.2161896050872256e-15,-1.621584518530161e-16,-0.5734309599999947,-0.57343096,-0.57343096,-0.57343096,5,constant,-1.8000018075588794e-13,-2.4000000100760965e-14,-2.726052859999968e-07,-2.7260606e-07,-2.7260606e-07,-2.7260604799999996e-07,5
demo_1_labeled,approach,125,129,4.1666625,4.2999957,0.13333320000000004,5,joint_6,constant,0.0,0.0,3.7503802999999984,3.7503803,3.7503803,3.7503803,5,constant,-2.2722022722238315e-13,-3.029600000028747e-14,-7.833671679999908e-10,-7.8432993e-10,-7.8432e-10,-7.84329066e-10,5
demo_1_labeled,approach,125,129,4.1666625,4.2999957,0.13333320000000004,5,joint_7,constant,2.432379210174451e-15,3.243169037060322e-16,1.2536662999999895,1.2536663,1.2536663,1.2536663,5,constant,-2.1300021301385824e-14,-2.8400000001819374e-15,-1.5341079499999938e-09,-1.5342424e-09,-1.5342287e-09,-1.53419812e-09,5
demo_1_labeled,approach,125,129,4.1666625,4.2999957,0.13333320000000004,5,finger_1,constant,0.0,0.0,0.03999993200000001,0.039999932,0.039999932,0.039999932,5,constant,-3.0000030006130283e-12,-4.0000000008133715e-13,9.681901600000023e-07,9.681779e-07,9.681773e-07,9.681774599999999e-07,5
demo_1_labeled,approach,125,129,4.1666625,4.2999957,0.13333320000000004,5,finger_2,constant,7.60118503179516e-17,1.0134903240813507e-17,0.039999999999999675,0.04,0.04,0.04,5,constant,7.329007329020026e-14,9.772000000016932e-15,2.2059017899999945e-10,2.2087865e-10,2.208974e-10,2.2090043999999998e-10,5
demo_1_labeled,approach,130,134,4.333329,4.4666622,0.13333320000000004,5,joint_1,ramp_up,0.4200422700422703,0.05600558000000005,-1.275182650000001,0.55516195,0.6059782,0.57300149,5,ramp_up,4.906678722484844,0.6542231754408164,-21.28703195526734,4.659808e-10,0.12389377,0.30233283427959373,5
demo_1_labeled,approach,130,134,4.333329,4.4666622,0.13333320000000004,5,joint_2,ramp_down,-0.05185754185754169,-0.00691433199999998,0.7801070659999993,0.55419743,0.5482282,0.55193411,5,ramp_down,-0.41859264167412225,-0.05581229641086409,1.8093605879639627,-2.8165763e-07,0.022693537,-0.032445193594552,5
demo_1_labeled,approach,130,134,4.333329,4.4666622,0.13333320000000004,5,joint_3,ramp_down,-0.056291366291363984,-0.007505507999999695,-0.5694873000000101,-0.81423473,-0.81832683,-0.817169064,5,constant,0.07115882823939164,0.009487834277408456,-0.32561952029318675,-1.8978306e-09,0.08632452,-0.012520989138707764,5
demo_1_labeled,approach,130,134,4.333329,4.4666622,0.13333320000000004,5,joint_4,ramp_down,-0.12567522567522108,-0.016756679999999392,-2.1589637200000196,-2.7063758,-2.7204757,-2.7119341599999998,5,ramp_down,-1.1502368472574187,-0.1533647596027429,4.982138475291886,3.3562556e-10,0.011081061,-0.07889859159862889,5
demo_1_labeled,approach,130,134,4.333329,4.4666622,0.13333320000000004,5,joint_5,ramp_up,0.39083808083807964,0.052111691999999855,-2.2756941619999944,-0.57343096,-0.5302649,-0.556008326,5,ramp_up,3.4805230019764646,0.4640692695271285,-15.07645328235882,-2.7260594e-07,-0.028991522,0.23783261203641798,5
demo_1_labeled,approach,130,134,4.333329,4.4666622,0.13333320000000004,5,joint_6,ramp_down,-0.09780489780488197,-0.013040639999997893,4.17634829999993,3.7503803,3.7396443,3.7460071799999994,5,ramp_down,-0.8743202792614256,-0.11657592065881955,3.7873034378704524,-7.843247e-10,0.007069913,-0.05970194387059171,5
demo_1_labeled,approach,130,134,4.333329,4.4666622,0.13333320000000004,5,joint_7,constant,0.02623142623142983,0.0034975200000004806,1.139408839999984,1.2536663,1.2566066,1.254827,5,ramp_up,0.2720121818202604,0.03626825464107715,-1.1791736398760797,-1.5342309e-09,0.002276811,0.017678763279466,5
demo_1_labeled,approach,130,134,4.333329,4.4666622,0.13333320000000004,5,finger_1,constant,-0.00020382020382026336,-2.7176000000007947e-05,0.04088995280000026,0.039999932,0.039965928,0.039993144800000005,5,constant,-0.0012148234729234687,-0.00016197630107999948,0.005344413830119982,9.681776e-07,-0.00039511116,-8.041055200000034e-07,5
demo_1_labeled,approach,130,134,4.333329,4.4666622,0.13333320000000004,5,finger_2,constant,-0.00012634512634508908,-1.6845999999995037e-05,0.040547494999999815,0.04,0.04,0.039991577,5,constant,0.001284728824400762,0.00017129700528959173,-0.005618586266794402,2.2091662e-10,0.0002571693,3.4214907762124e-05,5
demo_1_labeled,approach,135,139,4.499995500000001,4.633328700000001,0.13333320000000004,5,joint_1,constant,0.003261603261601263,0.0004348799999997336,0.5936111340000092,0.60813,0.6086282,0.6085057739999999,5,ramp_down,-0.15496064859464842,-0.020661399151199984,0.7134915692117993,0.023708945,2.9011246e-05,0.0058386482832,5
demo_1_labeled,approach,135,139,4.499995500000001,4.633328700000001,0.13333320000000004,5,joint_2,constant,0.0006452106452073776,8.602799999956434e-05,0.5457165430000148,0.5485892,0.54868716,0.5486630020000001,5,constant,-0.03093474777474775,-0.004124628911999998,0.1424501537319999,0.004689707,8.97833e-06,0.001181613496,5
demo_1_labeled,approach,135,139,4.499995500000001,4.633328700000001,0.13333320000000004,5,joint_3,constant,0.0021345321345350755,0.0002846040000003922,-0.8264504410000136,-0.8169484,-0.8166226,-0.8167027539999999,5,ramp_down,-0.10587972489972476,-0.014117282535999986,0.4875172953779994,0.016172482,2.236632e-05,0.00400036852,5
demo_1_labeled,approach,135,139,4.499995500000001,4.633328700000001,0.13333320000000004,5,joint_4,constant,-6.990006989147593e-05,-9.319999998854141e-06,-2.720120090000039,-2.720431,-2.7204418,-2.7204393,5,constant,-0.0011102562210162194,-0.00014803401476799982,0.005107887947921994,0.00017669622,1.4178079e-07,3.7722942118e-05,5
demo_1_labeled,approach,135,139,4.499995500000001,4.633328700000001,0.13333320000000004,5,joint_5,constant,-0.0003627003626964522,-4.835999999947862e-05,-0.5288816300000179,-0.5304963,-0.5305515,-0.53053796,5,constant,0.0331136196176196,0.004415144867199999,-0.15247135202739992,-0.0050574983,-8.068783e-06,-0.0012526403258000002,5
demo_1_labeled,approach,135,139,4.499995500000001,4.633328700000001,0.13333320000000004,5,joint_6,constant,3.3000032984575936e-05,4.3999999979390615e-06,3.73954370000007,3.73969,3.7396955,3.7396944,5,constant,-0.0020224248781248746,-0.0002696563807599996,0.009303010080009985,0.0003378071,1.7777663e-06,6.727903898e-05,5
demo_1_labeled,approach,135,139,4.499995500000001,4.633328700000001,0.13333320000000004,5,joint_7,constant,2.820002819723444e-05,3.7599999996275003e-06,1.2565011800000128,1.2566262,1.2566309,1.2566299600000002,5,constant,-0.005464468739668735,-0.0007285951033599997,0.025163228224009983,0.0008262826,6.1585195e-07,0.00020884593393,5
demo_1_labeled,approach,135,139,4.499995500000001,4.633328700000001,0.13333320000000004,5,finger_1,constant,0.0001947601947599704,2.5967999999970092e-05,0.03909808900000103,0.03997116,0.039997492,0.039987493,5,constant,-0.0022454763854763875,-0.00029939655200000035,0.01044248875800001,0.00032529005,5.012872e-05,0.000188156852,5
demo_1_labeled,approach,135,139,4.499995500000001,4.633328700000001,0.13333320000000004,5,finger_2,constant,3.000002981446775e-08,3.999999975258393e-09,0.03999986100000085,0.04,0.04,0.039999998,5,constant,-6.408184227646221e-05,-8.544237092615993e-06,0.0002948418591507637,1.0413155e-05,7.6630513e-10,2.201738728666e-06,5
demo_1_labeled,approach,140,144,4.6666620000000005,4.799995200000001,0.13333320000000004,5,joint_1,constant,0.0,0.0,0.6086283000000002,0.6086283,0.6086283,0.6086283,5,constant,-3.326842892842882e-05,-4.435786087999987e-06,0.0001590665783319995,5.1747124e-06,2.8339298e-07,1.5961722079999996e-06,5
demo_1_labeled,approach,140,144,4.6666620000000005,4.799995200000001,0.13333320000000004,5,joint_2,constant,-1.216189605087229e-15,-1.6215845185301656e-16,0.5486871600000057,0.54868716,0.54868716,0.54868716,5,constant,-1.4129806709806664e-05,-1.8839723439999944e-06,6.76925777919998e-05,2.461751e-06,2.8529254e-07,8.1155958e-07,5
demo_1_labeled,approach,140,144,4.6666620000000005,4.799995200000001,0.13333320000000004,5,joint_3,constant,0.0,0.0,-0.8166226000000001,-0.8166226,-0.8166226,-0.8166226,5,constant,-3.565953177273164e-05,-4.754599481759984e-06,0.00017011300568763938,5.5185455e-06,4.0837698e-09,1.32472408516e-06,5
demo_1_labeled,approach,140,144,4.6666620000000005,4.799995200000001,0.13333320000000004,5,joint_4,constant,-4.864758420348916e-15,-6.486338074120662e-16,-2.720441799999978,-2.7204418,-2.7204418,-2.7204418,5,constant,2.258065917565911e-06,3.010751545999992e-07,-1.078322290098997e-05,-3.1048464e-07,-3.8199505e-10,-9.505491269e-08,5
demo_1_labeled,approach,140,144,4.6666620000000005,4.799995200000001,0.13333320000000004,5,joint_5,constant,-6.080948025436145e-16,-8.107922592650828e-17,-0.5305514999999972,-0.5305515,-0.5305515,-0.5305515,5,constant,5.280948720948701e-06,7.041257919999975e-07,-2.4905172307999906e-05,-5.567148e-07,2.7852786e-07,9.1293308e-08,5
demo_1_labeled,approach,140,144,4.6666620000000005,4.799995200000001,0.13333320000000004,5,joint_6,constant,-1.4594275261046747e-14,-1.9459014222361987e-15,3.739695500000069,3.7396955,3.7396955,3.7396955,5,constant,-7.248867856467826e-06,-9.665147476799961e-07,3.454887437879986e-05,1.2047444e-06,-2.7778537e-09,2.3760083616e-07,5
demo_1_labeled,approach,140,144,4.6666620000000005,4.799995200000001,0.13333320000000004,5,joint_7,constant,-6.080948025436144e-15,-8.107922592650827e-16,1.2566309000000293,1.2566309,1.2566309,1.2566309,5,constant,-6.4919633099632845e-06,-8.655942423999969e-07,3.0939163448199883e-05,1.0844935e-06,-2.545782e-09,2.10567843e-07,5
demo_1_labeled,approach,140,144,4.6666620000000005,4.799995200000001,0.13333320000000004,5,finger_1,constant,8.829008829023753e-06,1.1772000000019902e-06,0.039957696799999935,0.039998703,0.039999932,0.0399994874,5,constant,-0.00017495743355743306,-2.332763447999994e-05,0.0008384368613199978,2.596547e-05,1.7724249e-06,1.030583728e-05,5
demo_1_labeled,approach,140,144,4.6666620000000005,4.799995200000001,0.13333320000000004,5,finger_2,constant,-7.601185031795181e-17,-1.0134903240813535e-17,0.04000000000000036,0.04,0.04,0.04,5,constant,3.4698590298590575e-10,4.626474080000038e-11,-1.7322913424000133e-09,-3.4518534e-11,-3.648036e-11,-8.9893044e-11,5
demo_1_labeled,approach,145,149,4.8333285,4.9666617,0.13333320000000004,5,joint_1,ramp_down,-0.30824130824130913,-0.04109880000000013,2.0892034400000044,0.6086283,0.56693095,0.5788225400000001,5,ramp_up,1.9667129118613484,0.2622281260197916,-9.859125102632287,2.7847526e-07,0.0047180075,-0.22224147140494802,5
demo_1_labeled,approach,145,149,4.8333285,4.9666617,0.13333320000000004,5,joint_2,ramp_up,1.0257233457233452,0.13676297599999998,-4.393156895999999,0.54868716,0.67918533,0.632882472,5,ramp_down,-5.33536071098209,-0.7113807167495174,26.88956044483214,2.824369e-07,0.007035234,0.74631910428738,5
demo_1_labeled,approach,145,149,4.8333285,4.9666617,0.13333320000000004,5,joint_3,ramp_up,0.4992368292368316,0.06656484400000033,-3.219055843000012,-0.8166226,-0.75122666,-0.7727978259999999,5,ramp_down,-2.5074629831346935,-0.33432806342289484,12.649471273187105,1.3786199e-09,0.0069977036,0.36291494239572397,5
demo_1_labeled,approach,145,149,4.8333285,4.9666617,0.13333320000000004,5,joint_4,ramp_up,0.31591711591712357,0.04212224000000103,-4.238196560000038,-2.7204418,-2.6782627,-2.69020424,5,ramp_down,-2.081321180702133,-0.2775092132507937,10.432910377119367,1.6349319e-10,-0.0021168834,0.23444679015269862,5
demo_1_labeled,approach,145,149,4.8333285,4.9666617,0.13333320000000004,5,joint_5,ramp_up,0.27750777750777983,0.03700100000000032,-1.8649834120000115,-0.5305515,-0.49402893,-0.5051966619999999,5,ramp_down,-1.6065900366726298,-0.21421179067767915,8.080687352874127,2.773471e-07,-0.002438982,0.20840404546942004,5
demo_1_labeled,approach,145,149,4.8333285,4.9666617,0.13333320000000004,5,joint_6,ramp_up,0.05940455940455455,0.007920599999999356,3.458091150000023,3.7396955,3.7505212,3.7491732,5,ramp_down,-0.14202909291334673,-0.018937193451233847,0.6871879685044643,-1.8480877e-09,-0.0035745138,-0.008753890828379539,5
demo_1_labeled,approach,145,149,4.8333285,4.9666617,0.13333320000000004,5,joint_7,ramp_up,0.21443901443901567,0.028591840000000174,0.22615173999999394,1.2566309,1.2854943,1.27690186,5,ramp_down,-1.128711480294359,-0.15049471354438387,5.685696097342202,-1.5695196e-09,0.0010461385,0.1550153745860961,5
demo_1_labeled,approach,145,149,4.8333285,4.9666617,0.13333320000000004,5,finger_1,constant,-2.3412023412028306e-05,-3.1216000000006534e-06,0.04011283300000002,0.039999932,0.039995853,0.039998114200000004,5,constant,-0.003166841456441466,-0.00042224510528000137,0.01573819135516005,9.682736e-07,1.8080127e-05,0.00022068373612000003,5
demo_1_labeled,approach,145,149,4.8333285,4.9666617,0.13333320000000004,5,finger_2,constant,-1.6110016110590735e-06,-2.1480000000766172e-07,0.04000778650000029,0.04,0.04,0.0399998926,5,constant,0.0010929911650251918,0.00014573200960453695,-0.0052700883402478655,3.0829433e-10,1.9946453e-06,8.556301271886601e-05,5
demo_1_labeled,approach,150,154,4.999995,5.1333282,0.13333320000000004,5,joint_1,constant,0.00015510015510181526,2.0680000000221362e-05,0.5662597659999916,0.56702757,0.5670513,0.5670456060000001,5,constant,-0.007132014031014063,-0.0009509342532000045,0.03640591246210016,0.0010869732,1.7722505e-06,0.0002704108405,5
demo_1_labeled,approach,150,154,4.999995,5.1333282,0.13333320000000004,5,joint_2,constant,6.255006255291569e-05,8.340000000380421e-06,0.6789696999999855,0.67927885,0.6792888,0.6792866200000001,5,constant,-0.003992241482631504,-0.000532298332052003,0.02036981124524411,0.00062898814,2.8282653e-07,0.00014247462726800004,5
demo_1_labeled,approach,150,154,4.999995,5.1333282,0.13333320000000004,5,joint_3,constant,0.00012150012149981886,1.619999999995965e-05,-0.7517317539999985,-0.7511306,-0.7511118,-0.751116154,5,constant,-0.006812990132090163,-0.0009083977758800044,0.03477226276490016,0.0010514193,1.219268e-06,0.00025314728145999995,5
demo_1_labeled,approach,150,154,4.999995,5.1333282,0.13333320000000004,5,joint_4,constant,-2.4000024008462533e-05,-3.2000000011251374e-06,-2.6781875999999563,-2.678306,-2.67831,-2.6783092,5,constant,0.001247090936270943,0.00016627862522400095,-0.006361712419646034,-0.00020458554,-4.089457e-08,-4.3124661134e-05,5
demo_1_labeled,approach,150,154,4.999995,5.1333282,0.13333320000000004,5,joint_5,constant,-1.6980016981481258e-05,-2.2640000001952375e-06,-0.4939601819999924,-0.49404407,-0.4940468,-0.49404621400000004,5,constant,0.002186434770094781,0.00029152434448800153,-0.011158683554272056,-0.0003387466,-1.4508414e-07,-8.0758463728e-05,5
demo_1_labeled,approach,150,154,4.999995,5.1333282,0.13333320000000004,5,joint_6,constant,9.729516840697804e-15,1.2972676148241289e-15,3.7505120999999484,3.7505121,3.7505121,3.7505121000000003,5,constant,0.0016875448456468542,0.00022500575441360121,-0.008608975012103445,-0.0002707597,3.2925687e-08,-5.87563443866e-05,5
demo_1_labeled,approach,150,154,4.999995,5.1333282,0.13333320000000004,5,joint_7,constant,1.2161896050872256e-15,1.621584518530161e-16,1.2854961999999939,1.2854962,1.2854962,1.2854962,5,constant,-0.0006554294017665132,-8.739049951161488e-05,0.003343997206167461,0.00010456534,1.4190482e-11,2.31582247260964e-05,5
demo_1_labeled,approach,150,154,4.999995,5.1333282,0.13333320000000004,5,finger_1,constant,1.8255018255114147e-05,2.4340000000127863e-06,0.03990637439999951,0.039997287,0.03999978,0.0399988664,5,constant,-0.0002808434913434918,-3.7445761400000074e-05,0.0014424289655000026,4.1337895e-05,4.28862e-06,1.9490032300000004e-05,5
demo_1_labeled,approach,150,154,4.999995,5.1333282,0.13333320000000004,5,finger_2,constant,3.0000030004497216e-08,4.000000000595629e-09,0.03999984699999996,0.039999995,0.04,0.039999999,5,constant,-5.562330819930846e-07,-7.416433676800037e-08,2.838295420514014e-06,8.748538e-08,3.501193e-11,2.0050623329999997e-08,5
demo_1_labeled,approach,155,159,5.166661500000001,5.299994700000001,0.13333320000000004,5,joint_1,constant,-3.0404740127180798e-15,-4.0539612963254238e-16,0.5670513000000158,0.5670513,0.5670513,0.5670513,5,constant,-2.5262164673164652e-06,-3.3682852547999984e-07,1.3317502527229991e-05,3.8282775e-07,4.108936e-10,9.698290213999998e-08,5
demo_1_labeled,approach,155,159,5.166661500000001,5.299994700000001,0.13333320000000004,5,joint_2,constant,-3.648568815261696e-15,-4.864753555590509e-16,0.6792888000000191,0.6792888,0.6792888,0.6792888,5,constant,-4.2328297678297646e-07,-5.643767379999998e-08,2.2321119416499985e-06,6.466157e-08,7.259565e-10,1.6933245e-08,5
demo_1_labeled,approach,155,159,5.166661500000001,5.299994700000001,0.13333320000000004,5,joint_3,constant,4.256663617805312e-15,5.675545814855594e-16,-0.7511118000000223,-0.7511118,-0.7511118,-0.7511118,5,constant,-1.7421295726795713e-06,-2.3228371073999988e-07,9.182392079654994e-06,2.6209986e-07,-1.4032844e-09,6.525643311000001e-08,5
demo_1_labeled,approach,155,159,5.166661500000001,5.299994700000001,0.13333320000000004,5,joint_4,constant,7.297137630523392e-15,9.729507111181019e-16,-2.6783100000000375,-2.67831,-2.67831,-2.67831,5,constant,5.587639422439415e-08,7.450178446399993e-09,-2.946375816755997e-07,-8.407885e-09,-4.9981012e-11,-2.2180776543999994e-09,5
demo_1_labeled,approach,155,159,5.166661500000001,5.299994700000001,0.13333320000000004,5,joint_5,constant,1.2161896050872319e-15,1.6215845185301695e-16,-0.49404680000000645,-0.4940468,-0.4940468,-0.4940468,5,constant,2.063054090054088e-07,2.7507360359999983e-08,-1.084600245249999e-06,-2.7905145e-08,3.0315406e-09,-4.936351120000001e-09,5
demo_1_labeled,approach,155,159,5.166661500000001,5.299994700000001,0.13333320000000004,5,joint_6,constant,-1.945903368139571e-14,-2.5945352296482712e-15,3.7505121000001007,3.7505121,3.7505121,3.7505121000000003,5,constant,-4.569074891174886e-08,-6.092093762799995e-09,2.390753674912997e-07,4.930893e-09,-1.8294279e-09,-3.931269859999985e-11,5
demo_1_labeled,approach,155,159,5.166661500000001,5.299994700000001,0.13333320000000004,5,joint_7,constant,-4.8647584203489275e-15,-6.486338074120678e-16,1.2854962000000258,1.2854962,1.2854962,1.2854962,5,constant,-8.76444876444839e-11,-1.1685919999999505e-11,-1.3569268400000196e-09,-2.0282989e-09,-1.8648079e-09,-1.8155992000000002e-09,5
demo_1_labeled,approach,155,159,5.166661500000001,5.299994700000001,0.13333320000000004,5,finger_1,constant,1.0200010184046382e-07,1.3599999978714935e-08,0.03999937980000083,0.0399999,0.039999917,0.0399999136,5,constant,-6.745857145857141e-06,-8.994467199999997e-07,3.671139067999998e-05,2.3083196e-06,1.1833937e-06,1.4081069199999998e-06,5
demo_1_labeled,approach,155,159,5.166661500000001,5.299994700000001,0.13333320000000004,5,finger_2,constant,-3.0404740127180797e-16,-4.053961296325424e-17,0.04000000000000158,0.04,0.04,0.04,5,constant,2.082736212736217e-09,2.776978840000007e-10,-1.0825880107000024e-08,-2.1687353e-11,2.4156324e-10,7.376184e-11,5
demo_1_labeled,approach,160,164,5.333328000000001,5.466661200000001,0.13333320000000004,5,joint_1,constant,-3.0404740127180798e-15,-4.0539612963254238e-16,0.5670513000000164,0.5670513,0.5670513,0.5670513,5,constant,-1.269329889329886e-09,-1.6924381599999962e-10,6.443952057999982e-09,-2.6773933e-10,-4.5917287e-10,-4.1042249000000004e-10,5
demo_1_labeled,approach,160,164,5.333328000000001,5.466661200000001,0.13333320000000004,5,joint_2,constant,-3.648568815261696e-15,-4.864753555590509e-16,0.6792888000000197,0.6792888,0.6792888,0.6792888,5,constant,-2.092649092649126e-10,-2.790196000000045e-11,1.7202237500000182e-09,6.137231e-10,5.8215865e-10,5.9019437e-10,5
demo_1_labeled,approach,160,164,5.333328000000001,5.466661200000001,0.13333320000000004,5,joint_3,constant,4.256663617805312e-15,5.675545814855594e-16,-0.751111800000023,-0.7511118,-0.7511118,-0.7511118,5,constant,-8.800556800556683e-10,-1.1734063999999846e-10,2.7794324999999365e-09,-1.8739341e-09,-2.0066604e-09,-1.97286342e-09,5
demo_1_labeled,approach,160,164,5.333328000000001,5.466661200000001,0.13333320000000004,5,joint_4,constant,7.297137630523392e-15,9.729507111181019e-16,-2.678310000000039,-2.67831,-2.67831,-2.67831,5,constant,2.939365739365756e-11,3.9191504000000236e-12,-1.8943186480000088e-10,-3.401334e-11,-2.9577757e-11,-3.07062736e-11,5
demo_1_labeled,approach,160,164,5.333328000000001,5.466661200000001,0.13333320000000004,5,joint_5,constant,1.2161896050872319e-15,1.6215845185301695e-16,-0.49404680000000667,-0.4940468,-0.4940468,-0.4940468,5,constant,1.0966300966299356e-10,1.4621719999997856e-11,2.510394480000087e-09,3.0902378e-09,3.106779e-09,3.10257414e-09,5
demo_1_labeled,approach,160,164,5.333328000000001,5.466661200000001,0.13333320000000004,5,joint_6,constant,-1.945903368139571e-14,-2.5945352296482712e-15,3.7505121000001043,3.7505121,3.7505121,3.7505121000000003,5,constant,-2.6546726546716413e-11,-3.53955999999865e-12,-1.7032688400000549e-09,-1.8436316e-09,-1.8476369e-09,-1.84662102e-09,5
demo_1_labeled,approach,160,164,5.333328000000001,5.466661200000001,0.13333320000000004,5,joint_7,constant,-4.8647584203489275e-15,-6.486338074120678e-16,1.2854962000000267,1.2854962,1.2854962,1.2854962,5,constant,-1.911601911594047e-12,-2.5487999999895145e-13,-1.8557908800000429e-09,-1.8658906e-09,-1.8661825e-09,-1.8661135200000003e-09,5
demo_1_labeled,approach,160,164,5.333328000000001,5.466661200000001,0.13333320000000004,5,finger_1,constant,-2.66041476112832e-16,-3.547216134284746e-17,0.03999991700000144,0.039999917,0.039999917,0.039999917,5,constant,7.200007194280244e-12,9.59999999236407e-13,1.183359380000031e-06,1.1833974e-06,1.1833986e-06,1.18339826e-06,5
demo_1_labeled,approach,160,164,5.333328000000001,5.466661200000001,0.13333320000000004,5,finger_2,constant,-3.0404740127180797e-16,-4.053961296325424e-17,0.04000000000000164,0.04,0.04,0.04,5,constant,3.7107487107486096e-11,4.947659999999867e-12,6.521042600000545e-11,2.6141592e-10,2.6701488e-10,2.65590656e-10,5
demo_1_labeled,approach,165,169,5.499994500000001,5.633327700000001,0.13333320000000004,5,joint_1,ramp_down,-0.1353388353388356,-0.01804516000000004,1.3029364780000017,0.5670513,0.5449241,0.549551048,5,ramp_up,1.9201007300178914,0.25601317465562157,-10.815363243352104,-4.595267e-10,-0.00032736434,-0.12681320147990535,5
demo_1_labeled,approach,165,169,5.499994500000001,5.633327700000001,0.13333320000000004,5,joint_2,constant,-0.025868665868667512,-0.0034491520000002203,0.8218527360000092,0.6792888,0.67652184,0.6778506400000001,5,ramp_up,0.07707533582272968,0.010276701166319185,-0.4464119059694056,5.821013e-10,-0.00040914596,-0.017359632275579736,5
demo_1_labeled,approach,165,169,5.499994500000001,5.633327700000001,0.13333320000000004,5,joint_3,ramp_up,0.09669159669159458,0.012892199999999722,-1.2754262499999884,-0.7511118,-0.7341887,-0.7371769,5,ramp_down,-1.5444535652521267,-0.20592693610647492,8.693406964455946,-2.0069066e-09,-0.00044683134,0.09595738201061868,5
demo_1_labeled,approach,165,169,5.499994500000001,5.633327700000001,0.13333320000000004,5,joint_4,ramp_up,0.28870078870079485,0.03849340000000083,-4.252026050000035,-2.67831,-2.634398,-2.6449266000000002,5,ramp_down,-3.7712024669650486,-0.5028264927683443,21.24513648655446,-2.957002e-11,0.00014196461,0.252130413476086,5
demo_1_labeled,approach,165,169,5.499994500000001,5.633327700000001,0.13333320000000004,5,joint_5,ramp_down,-0.10326130326130116,-0.013768159999999724,0.06649670199998825,-0.4940468,-0.51167345,-0.5083239780000001,5,ramp_up,1.5142175539966802,0.20189547197055022,-8.527422053025107,3.1068124e-09,0.00013938852,-0.09828609825463752,5
demo_1_labeled,approach,165,169,5.499994500000001,5.633327700000001,0.13333320000000004,5,joint_6,ramp_down,-0.22110652110651147,-0.029480839999998724,4.951558249999947,3.7505121,3.7134292,3.7207331800000008,5,ramp_up,3.163850406096278,0.42184629896611636,-17.817230200822888,-1.8476449e-09,0.00017774181,-0.20514721898752897,5
demo_1_labeled,approach,165,169,5.499994500000001,5.633327700000001,0.13333320000000004,5,joint_7,ramp_up,0.08577548577548524,0.011436719999999933,0.8195313000000033,1.2854962,1.2998571,1.29701436,5,ramp_down,-1.2162217434446467,-0.16216273696305383,6.849953564510259,-1.866183e-09,-6.042352e-05,0.0796592963027634,5
demo_1_labeled,approach,165,169,5.499994500000001,5.633327700000001,0.13333320000000004,5,finger_1,constant,6.765006765063993e-06,9.020000000076306e-07,0.03996138549999968,0.039999917,0.039999973,0.039999044,5,constant,0.00037889856029855746,5.051975751999964e-05,-0.0021016005653199843,1.1833984e-06,4.5935453e-06,7.599311139999997e-06,5
demo_1_labeled,approach,165,169,5.499994500000001,5.633327700000001,0.13333320000000004,5,finger_2,constant,-8.316008316114075e-06,-1.1088000000141015e-06,0.04004559520000059,0.04,0.039999224,0.039999302800000004,5,constant,4.9831876691117594e-05,6.644243581232122e-06,-0.0002744821045117491,2.6702346e-10,1.193709e-05,2.9150650046920005e-06,5
demo_1_labeled,approach,170,174,5.666661,5.7999942,0.13333320000000004,5,joint_1,constant,-8.400008401259229e-06,-1.1200000001667773e-06,0.544964340000007,0.5449173,0.5449159,0.54491618,5,constant,0.0005303472478872472,7.071289567199993e-05,-0.0030609276440919965,-7.955096e-05,2.9592516e-07,-2.0273130195999998e-05,5
demo_1_labeled,approach,170,174,5.666661,5.7999942,0.13333320000000004,5,joint_2,constant,-2.760002760717794e-06,-3.680000000953379e-07,0.6765315160000042,0.67651606,0.6765156,0.6765156920000001,5,constant,0.0002988219587019583,3.984288798399996e-05,-0.001724013493057998,-4.4530432e-05,5.0376264e-07,-1.0769309746e-05,5
demo_1_labeled,approach,170,174,5.666661,5.7999942,0.13333320000000004,5,joint_3,constant,-6.90000689875401e-06,-9.199999998329485e-07,-0.7341564600000071,-0.7341951,-0.73419625,-0.7341960200000001,5,constant,0.0005003271401271396,6.671021863999995e-05,-0.002887615114879997,-7.679043e-05,-1.788274e-07,-1.907571336e-05,5
demo_1_labeled,approach,170,174,5.666661,5.7999942,0.13333320000000004,5,joint_4,constant,0.0,0.0,-2.6343956,-2.6343956,-2.6343956,-2.6343956,5,constant,-6.858810803610795e-05,-9.145071926399991e-06,0.00039583914130959954,1.0626412e-05,1.7070482e-08,2.6010484744e-06,5
demo_1_labeled,approach,170,174,5.666661,5.7999942,0.13333320000000004,5,joint_5,constant,6.080948025436133e-16,8.107922592650812e-17,-0.5116723000000035,-0.5116723,-0.5116723,-0.5116723,5,constant,-0.00014301880101880081,-1.9069154399999977e-05,0.000826035113759999,2.4599016e-05,1.1185242e-06,6.06147456e-06,5
demo_1_labeled,approach,170,174,5.666661,5.7999942,0.13333320000000004,5,joint_6,constant,0.0,0.0,3.7134291999999998,3.7134292,3.7134292,3.7134292,5,constant,-9.960229440229415e-05,-1.328029263999997e-05,0.0005751008648599987,1.9467645e-05,1.0949789e-06,4.04828134e-06,5
demo_1_labeled,approach,170,174,5.666661,5.7999942,0.13333320000000004,5,joint_7,constant,0.0,0.0,1.2998571,1.2998571,1.2998571,1.2998571,5,constant,3.2749456280596234e-05,4.366589804151995e-06,-0.00018886641676334775,-5.4167426e-06,7.4987644e-10,-1.103055184812e-06,5
demo_1_labeled,approach,170,174,5.666661,5.7999942,0.13333320000000004,5,finger_1,constant,-1.9002962579487915e-16,-2.5337258102033788e-17,0.04000000000000109,0.04,0.04,0.04,5,constant,9.217415744015735e-09,1.2289875368799993e-09,-5.320301120211995e-08,-1.3814183e-09,-3.6698214e-12,-3.5654711628e-10,5
demo_1_labeled,approach,170,174,5.666661,5.7999942,0.13333320000000004,5,finger_2,constant,2.754002753911169e-06,3.671999999877888e-07,0.03998402160000053,0.039999556,0.03999993,0.0399998112,5,constant,-5.2924373524373477e-05,-7.056576079999996e-06,0.00030687760063999976,8.067883e-06,1.0207852e-06,3.4448291999999997e-06,5
demo_1_labeled,approach,175,179,5.8333275,5.9666607,0.13333320000000004,5,joint_1,ramp_down,-0.08680130680130602,-0.011573495999999898,1.0541497239999953,0.5449159,0.53044903,0.542022526,5,ramp_down,-2.3633303015381575,-0.31511039176104755,13.864857767495028,4.9700094e-07,-0.3938875,-0.078777067931324,5
demo_1_labeled,approach,175,179,5.8333275,5.9666607,0.13333320000000004,5,joint_2,ramp_up,0.2633204633204627,0.03510935999999993,-0.8682962399999968,0.6765156,0.7204023,0.68529294,5,ramp_up,9.943747862667346,1.3258317225225982,-58.336595236311815,5.481901e-07,1.6572902,0.33145848531314004,5
demo_1_labeled,approach,175,179,5.8333275,5.9666607,0.13333320000000004,5,joint_3,ramp_up,0.12133722133722022,0.016178279999999857,-1.4460405699999932,-0.73419625,-0.7139734,-0.73015168,5,ramp_up,3.914544807719434,0.521938785756617,-22.965306587436434,-3.7141053e-08,0.65242344,0.13048468229386068,5
demo_1_labeled,approach,175,179,5.8333275,5.9666607,0.13333320000000004,5,joint_4,ramp_up,0.1390045390045303,0.018533919999998847,-3.449888079999949,-2.6343956,-2.6112282,-2.62976212,5,ramp_up,4.09889806301209,0.5465191952152038,-24.046844584990772,5.762901e-09,0.683149,0.13662980328198823,5
demo_1_labeled,approach,175,179,5.8333275,5.9666607,0.13333320000000004,5,joint_5,ramp_up,0.1234717234717205,0.01646287999999961,-1.2360390199999824,-0.5116723,-0.4910937,-0.5075565799999999,5,ramp_up,3.5680448563070497,0.4757388384349593,-20.93250779257828,1.1013447e-06,0.59467465,0.11893580816865998,5
demo_1_labeled,approach,175,179,5.8333275,5.9666607,0.13333320000000004,5,joint_6,ramp_up,0.22292902292903247,0.02972384000000128,2.405580239999943,3.7134292,3.750584,3.72086016,5,ramp_up,6.034399244291434,0.8045857613189589,-35.40177239888746,1.0985015e-06,1.0057333,0.20114753947646,5
demo_1_labeled,approach,175,179,5.8333275,5.9666607,0.13333320000000004,5,joint_7,ramp_up,0.058558258558257914,0.007807759999999916,0.9563156600000038,1.2998571,1.3096168,1.30180904,5,ramp_up,1.5203716317832956,0.20271601485488858,-8.919504652044292,1.4564837e-09,0.25339502,0.050679005284525826,5
demo_1_labeled,approach,175,179,5.8333275,5.9666607,0.13333320000000004,5,finger_1,constant,-4.968004968007424e-06,-6.624000000003277e-07,0.0400291456,0.04,0.039999172,0.0399998344,5,constant,-0.00030196433361330386,-4.026187088652938e-05,0.001771522318270542,-1.1524035e-12,-5.032734e-05,-1.0065468458382426e-05,5
demo_1_labeled,approach,175,179,5.8333275,5.9666607,0.13333320000000004,5,finger_2,constant,-1.710001709997901e-05,-2.2799999999949222e-06,0.040100249999999775,0.03999993,0.03999708,0.03999936,5,constant,0.0002788605160605156,3.718136495999995e-05,-0.0016349582065399975,1.0217016e-06,4.7498375e-05,1.031719294e-05,5
demo_1_labeled,approach,180,184,5.999994000000001,6.133327200000001,0.13333320000000004,5,joint_1,constant,0.007873057873055202,0.0010497399999996441,0.4851746800000162,0.532,0.5332263,0.5329378499999999,5,ramp_down,-0.46753213183213144,-0.06233755523999997,2.853310350525998,0.07363076,6.241477e-05,0.016951587106000005,5
demo_1_labeled,approach,180,184,5.999994000000001,6.133327200000001,0.13333320000000004,5,joint_2,constant,-0.012645672645677185,-0.0016860880000006057,0.8049266160000275,0.72981596,0.7277729,0.728209612,5,ramp_up,0.8673281989313976,0.11564364421375985,-5.291736920560332,-0.14024603,2.8943057e-06,-0.02995110883426,5
demo_1_labeled,approach,180,184,5.999994000000001,6.133327200000001,0.13333320000000004,5,joint_3,constant,0.0007197907197944534,9.597200000049785e-05,-0.7156294440000227,-0.71131504,-0.7112273,-0.711262718,5,constant,-0.06639282685482681,-0.008852368061599997,0.40540842506639974,0.010241659,4.6670088e-05,0.0026256782636,5
demo_1_labeled,approach,180,184,5.999994000000001,6.133327200000001,0.13333320000000004,5,joint_4,constant,0.0031227031227161655,0.0004163600000017392,-2.62781060000008,-2.6092203,-2.6087503,-2.6088662200000003,5,ramp_down,-0.10733270261870256,-0.014311012704799998,0.6555220969811997,0.01466925,1.2778024e-05,0.004371018912800001,5
demo_1_labeled,approach,180,184,5.999994000000001,6.133327200000001,0.13333320000000004,5,joint_5,constant,-0.0006919806919796003,-9.226399999985447e-05,-0.4866999440000067,-0.49081114,-0.49092254,-0.4908979560000001,5,constant,-0.019492977289977263,-0.002599061039599997,0.11885899818659985,0.0032473858,-1.1345655e-05,0.0006017208848,5
demo_1_labeled,approach,180,184,5.999994000000001,6.133327200000001,0.13333320000000004,5,joint_6,constant,0.0013062013061802462,0.00017415999999719205,3.7445324800001276,3.7522826,3.7525003,3.75245676,5,constant,-0.016584332236022216,-0.002211242086891998,0.10116336133884989,0.002767643,-3.472785e-08,0.0005518463852640001,5
demo_1_labeled,approach,180,184,5.999994000000001,6.133327200000001,0.13333320000000004,5,joint_7,constant,-0.00016410016410529365,-2.1880000000683946e-05,1.3109618000000312,1.309987,1.3099606,1.30996626,5,ramp_up,0.2493976248418245,0.033252983392559964,-1.5214911823468382,-0.04084493,1.8899382e-06,-0.008480437985359999,5
demo_1_labeled,approach,180,184,5.999994000000001,6.133327200000001,0.13333320000000004,5,finger_1,constant,6.82200682178371e-06,9.09599999970252e-07,0.039955677000001355,0.039999846,0.039998773,0.039997063799999996,5,constant,0.023028290094290062,0.003070435608799997,-0.1404333959879998,-0.0038074222,2.3989478e-05,-0.0007285757875999999,5
demo_1_labeled,approach,180,184,5.999994000000001,6.133327200000001,0.13333320000000004,5,finger_2,constant,7.048207048193968e-05,9.397599999982563e-06,0.0395700588000008,0.039988253,0.04,0.039997649600000004,5,constant,-0.03960538289990785,-0.005280712439269995,0.24159297993034473,0.0065990807,2.444339e-09,0.00132056394356,5
demo_1_labeled,pick,185,189,6.166660500000001,6.299993700000001,0.13333320000000004,5,joint_1,constant,2.4000024003597836e-07,3.200000000476512e-08,0.533225912,0.5332274,0.53322744,0.533227408,5,constant,-9.60072405072402e-05,-1.2800952599999963e-05,0.0006008564674499982,1.2325696e-05,-2.0511793e-06,2.4119333999999998e-06,5
demo_1_labeled,pick,185,189,6.166660500000001,6.299993700000001,0.13333320000000004,5,joint_2,constant,-3.648568815261687e-15,-4.864753555590497e-16,0.7277729000000229,0.7277729,0.7277729,0.7277729,5,constant,3.330840030840011e-06,4.4411155999999753e-07,-2.044319601599988e-05,-2.689115e-07,3.977245e-07,3.19019414e-07,5
demo_1_labeled,pick,185,189,6.166660500000001,6.299993700000001,0.13333320000000004,5,joint_3,constant,-2.4000023881978876e-07,-3.199999984260667e-08,-0.7112252720000073,-0.71122676,-0.7112268,-0.711226768,5,constant,-4.7104826584826405e-05,-6.280637263999978e-06,0.0002972492972599989,1.0587249e-05,3.820225e-06,3.629505168e-06,5
demo_1_labeled,pick,185,189,6.166660500000001,6.299993700000001,0.13333320000000004,5,joint_4,constant,7.297137630523373e-15,9.729507111180993e-16,-2.6087503000000463,-2.6087503,-2.6087503,-2.6087503,5,constant,1.153496770496769e-05,1.5379941559999986e-06,-7.145331620499992e-05,5.129585e-07,2.522172e-06,4.4791058799999995e-07,5
demo_1_labeled,pick,185,189,6.166660500000001,6.299993700000001,0.13333320000000004,5,joint_5,constant,1.8000018017900748e-07,2.4000000023843646e-08,-0.49092371600000095,-0.4909226,-0.49092257,-0.490922594,5,constant,-8.184061713061698e-05,-1.0912071371999983e-05,0.0005058066845469991,-3.1841398e-06,-1.6946064e-05,-4.332652094e-06,5
demo_1_labeled,pick,185,189,6.166660500000001,6.299993700000001,0.13333320000000004,5,joint_6,constant,-1.8000018005738852e-06,-2.4000000007627805e-07,3.752511460000004,3.7525003,3.7525,3.75250024,5,constant,6.345016755607895e-05,8.460013880788189e-06,-0.00039339530111960017,-8.814361e-09,1.0564324e-05,2.11034780724756e-06,5
demo_1_labeled,pick,185,189,6.166660500000001,6.299993700000001,0.13333320000000004,5,joint_7,constant,0.0,0.0,1.3099606000000001,1.3099606,1.3099606,1.3099606,5,constant,5.6033077643077545e-05,7.471069547999989e-06,-0.0003461810600069994,2.2369588e-06,1.1577671e-05,3.091441362e-06,5
demo_1_labeled,pick,185,189,6.166660500000001,6.299993700000001,0.13333320000000004,5,finger_1,ramp_down,-0.04200892800892809,-0.005601184800000012,0.3004546954000005,0.039999362,0.03299775,0.038599306,5,ramp_down,-1.201349158352156,-0.16017972760039975,7.448365247261687,1.2693126e-05,-0.20020953,-0.040037018057,5
demo_1_labeled,pick,185,189,6.166660500000001,6.299993700000001,0.13333320000000004,5,finger_2,ramp_down,-0.04198192198192202,-0.005597584000000007,0.3002876560000003,0.04,0.03300302,0.038600604,5,ramp_down,-1.202432046000021,-0.16032411247573006,7.4550712302033535,4.4838194e-10,-0.20040514,-0.04008102803702479,5
demo_1_labeled,pick,190,194,6.333327000000001,6.466660200000001,0.13333320000000004,5,joint_1,constant,-0.0012064812064814753,-0.0001608640000000359,0.5407689460000017,0.5332469,0.53304297,0.533047474,5,constant,0.016924015024015002,0.0022565330799999977,-0.10597225223999987,0.00729096,0.0040712967,0.0023413356,5
demo_1_labeled,pick,190,194,6.333327000000001,6.466660200000001,0.13333320000000004,5,joint_2,constant,-0.01994923994923898,-0.0026598959999998713,0.8543642919999939,0.72777385,0.72530115,0.7266892840000001,5,ramp_down,-0.30454140664140605,-0.04060548027999993,1.9349167838399963,0.0010230977,-0.04412863,-0.0141462696,5
demo_1_labeled,pick,190,194,6.333327000000001,6.466660200000001,0.13333320000000004,5,joint_3,constant,-0.009370869370870272,-0.0012494480000001206,-0.6519902719999942,-0.71127367,-0.7125477,-0.7119637759999999,5,ramp_up,0.08844742644742615,0.011792978399999963,-0.5779035638599982,-0.021226158,-0.012433119,-0.011840600659999999,5
demo_1_labeled,pick,190,194,6.333327000000001,6.466660200000001,0.13333320000000004,5,joint_4,constant,-0.0029958029958097516,-0.0003994400000009009,-2.5897415399999573,-2.6087627,-2.6091688,-2.60891466,5,constant,-0.05174910194910214,-0.006899873360000028,0.32333664622000124,-0.004533049,-0.0070276507,-0.007857275059999998,5
demo_1_labeled,pick,190,194,6.333327000000001,6.466660200000001,0.13333320000000004,5,joint_5,constant,0.0030703830703834494,0.0004093840000000507,-0.5101444900000025,-0.4907876,-0.49027658,-0.490494058,5,ramp_down,-0.41585356985356886,-0.055447087199999884,2.678651743999994,0.05251533,-0.007662473,0.017191558399999998,5
demo_1_labeled,pick,190,194,6.333327000000001,6.466660200000001,0.13333320000000004,5,joint_6,constant,0.0011817011816924398,0.00015755999999883446,3.7448772200000566,3.7524207,3.7525055,3.7524401,5,ramp_down,-0.07673266217566269,-0.01023101139240007,0.49082949809900334,-0.023455312,-0.016953077,-0.0002590487361999995,5
demo_1_labeled,pick,190,194,6.333327000000001,6.466660200000001,0.13333320000000004,5,joint_7,constant,-0.0007455007455021488,-9.940000000018714e-05,1.3145080000000093,1.3098575,1.3097081,1.3097368,5,ramp_down,-0.3696979236979227,-0.049293007199999885,2.291801380399994,-0.051707286,-0.09086914,-0.0742629652,5
demo_1_labeled,pick,190,194,6.333327000000001,6.466660200000001,0.13333320000000004,5,finger_1,ramp_down,-0.03924028824028812,-0.005232033199999986,0.2729835463999993,0.026088808,0.020245,0.0218459528,5,ramp_up,0.9095499395499361,0.12127320399999958,-5.815810488599979,-0.103071906,0.030372027,0.005303303399999999,5
demo_1_labeled,pick,190,194,6.333327000000001,6.466660200000001,0.13333320000000004,5,finger_2,constant,-0.024349245349245204,-0.0032465627999999818,0.1788521305999991,0.026120491,0.022155825,0.0230171162,5,ramp_up,2.457166347166339,0.32762185199999905,-15.65522220599995,-0.19501138,0.15250264,0.07062668999999999,5
demo_1_labeled,transport,195,199,6.4999935,6.6333267000000005,0.13333320000000004,5,joint_1,constant,0.0029926529926520527,0.0003990199999998748,0.5135815490000061,0.53303903,0.53344375,0.5332332839999999,5,constant,0.01878437598437592,0.002504580959999992,-0.11762575195999958,0.0033789948,0.0070782905,0.0057248603200000005,5
demo_1_labeled,transport,195,199,6.4999935,6.6333267000000005,0.13333320000000004,5,joint_2,constant,-0.01685515685515605,-0.002247351999999893,0.8343778299999947,0.7248851,0.72253144,0.7236957439999999,5,constant,-0.03564299064299122,-0.004752394000000079,0.21918762010000384,-0.00393431,-0.013064817,-0.0148677844,5
demo_1_labeled,transport,195,199,6.4999935,6.6333267000000005,0.13333320000000004,5,joint_3,constant,-0.0023310023310019095,-0.0003107999999999439,-0.697454970000003,-0.71255803,-0.7129008,-0.7127618699999999,5,constant,0.014624343524343249,0.0019499105199999639,-0.1000222329699982,-0.004472832,-0.001004996,-0.00398913986,5
demo_1_labeled,transport,195,199,6.4999935,6.6333267000000005,0.13333320000000004,5,joint_4,constant,-0.004459504459501283,-0.0005945999999995767,-2.580451170000021,-2.609464,-2.610061,-2.60973522,5,constant,-0.01751047631047595,-0.002334727839999953,0.10645552119999765,-0.00716033,-0.012453609,-0.00852982492,5
demo_1_labeled,transport,195,199,6.4999935,6.6333267000000005,0.13333320000000004,5,joint_5,constant,-0.0005731205731189578,-7.641599999978465e-05,-0.4865946600000105,-0.49034306,-0.4904266,-0.49035814800000005,5,constant,-0.03105000165000191,-0.004139996080000036,0.20995814278000174,0.012162011,0.0051497584,0.0060633358400000005,5
demo_1_labeled,transport,195,199,6.4999935,6.6333267000000005,0.13333320000000004,5,joint_6,constant,7.140007138546751e-05,9.519999998052819e-06,3.7520310800000956,3.7524898,3.7525024,3.75249994,5,constant,-0.020086865986865658,-0.002678246119999957,0.13594277146399783,0.010092067,-0.004281231,0.004039150054,5
demo_1_labeled,transport,195,199,6.4999935,6.6333267000000005,0.13333320000000004,5,joint_7,constant,0.0015690015690007853,0.00020919999999989558,1.299559120000005,1.3097609,1.3099793,1.30986222,5,constant,0.04371331371331385,0.00582843600000002,-0.3762757070000009,-0.09207241,-0.08805869,-0.089225234,5
demo_1_labeled,transport,195,199,6.4999935,6.6333267000000005,0.13333320000000004,5,finger_1,constant,-0.002847926847926925,-0.0003797232000000104,0.03859620520000051,0.020112848,0.019699354,0.0198948376,5,constant,-0.0003274923274930314,-4.366560000009387e-05,0.048733818400004625,0.049806632,0.04947693,0.0465832876,5
demo_1_labeled,transport,195,199,6.4999935,6.6333267000000005,0.13333320000000004,5,finger_2,constant,-0.0013214233214233503,-0.0001761896000000039,0.030833945800000193,0.022251287,0.022067204,0.022156608,5,constant,-0.02890274890274972,-0.0038536960000001104,0.3082984680000054,0.11690393,0.12556641,0.11850394,5
demo_1_labeled,transport,200,204,6.66666,6.7999932,0.13333320000000004,5,joint_1,constant,0.00507558507558546,0.0006767440000000515,0.4997525819999973,0.53357637,0.5342119,0.533928154,5,constant,-0.014842853242853159,-0.0019790451199999896,0.10708488563999945,0.0070051122,0.0040980186,0.00714310708,5
demo_1_labeled,transport,200,204,6.66666,6.7999932,0.13333320000000004,5,joint_2,constant,-0.008677538677539003,-0.0011570040000000437,0.7797750600000022,0.72202516,0.7209309,0.7213463579999999,5,ramp_up,0.16542092160092273,0.02205610082400016,-1.1257693672040077,-0.036390115,-0.0056628385,-0.011936275592,5
demo_1_labeled,transport,200,204,6.66666,6.7999932,0.13333320000000004,5,joint_3,constant,0.0032357132357103287,0.00043142799999961254,-0.7345586959999805,-0.7130094,-0.712585,-0.712771582,5,constant,0.03361088281088304,0.0044814465600000325,-0.22950369458200157,-0.008321513,-0.0030370255,-0.003190643302,5
demo_1_labeled,transport,200,204,6.66666,6.7999932,0.13333320000000004,5,joint_4,constant,-0.0024042024042068,-0.0003205600000005862,-2.5941257799999704,-2.6101246,-2.6104527,-2.61031406,5,constant,0.00736978018978018,0.000982636375999999,-0.05345621325599993,-0.0041166213,-0.0017041927,-0.0038330762679999997,5
demo_1_labeled,transport,200,204,6.66666,6.7999932,0.13333320000000004,5,joint_5,constant,-0.0034311334311339313,-0.0004574840000000668,-0.4675538739999966,-0.49037603,-0.49081472,-0.490656816,5,ramp_up,0.10907180987181062,0.014542893440000104,-0.7236218228800051,-0.0045687538,0.015322815,0.01079429584,5
demo_1_labeled,transport,200,204,6.66666,6.7999932,0.13333320000000004,5,joint_6,constant,1.2900012900869638e-05,1.7200000001142322e-06,3.752411679999993,3.752506,3.7525003,3.75249854,5,ramp_up,0.11816354387354454,0.015755123428000093,-0.7833999049600046,-0.0025328556,0.02448108,0.012233828154,5
demo_1_labeled,transport,200,204,6.66666,6.7999932,0.13333320000000004,5,joint_7,constant,0.0026820026820013167,0.0003575999999998181,1.2921515000000088,1.3100076,1.3103482,1.3102103,5,ramp_down,-0.17277193677193686,-0.02303623520000002,1.0734414460000008,-0.08052416,-0.099196814,-0.0898884316,5
demo_1_labeled,transport,200,204,6.66666,6.7999932,0.13333320000000004,5,finger_1,constant,-0.003103422103422084,-0.00041378919999999754,0.04029040299999987,0.019668853,0.019287143,0.019394048400000002,5,ramp_up,0.2528388098388107,0.03371180760000012,-1.6449583222000057,0.034396783,0.06749931,0.057487961600000005,5
demo_1_labeled,transport,200,204,6.66666,6.7999932,0.13333320000000004,5,finger_2,constant,-0.0026214686214685876,-0.0003495287999999956,0.039439409999999765,0.02195062,0.021624783,0.0217882056,5,constant,0.030179070179069324,0.004023871999999888,-0.10449236599999429,0.10961511,0.104073495,0.09871317,5
demo_1_labeled,transport,205,209,6.833326500000001,6.966659700000001,0.13333320000000004,5,joint_1,ramp_up,0.5694049194049192,0.07592058,-3.3461094349999994,0.5477706,0.6242609,0.5827805799999999,5,ramp_up,2.5257546357546397,0.3367669480000006,-16.90618170300003,0.3890778,0.73030466,0.521507856,5
demo_1_labeled,transport,205,209,6.833326500000001,6.966659700000001,0.13333320000000004,5,joint_2,ramp_down,-1.893301893301899,-0.25244000000000083,13.61836002200004,0.6783345,0.42616507,0.554590022,5,ramp_down,-2.1508824508824476,-0.28678403999999963,13.03687480999998,-1.6317935,-1.9282378,-1.80419926,5
demo_1_labeled,transport,205,209,6.833326500000001,6.966659700000001,0.13333320000000004,5,joint_3,ramp_down,-0.8569591369591337,-0.1142611039999996,5.126859393999979,-0.7317335,-0.84623945,-0.7861527380000001,5,ramp_down,-2.405372105372102,-0.32071595999999963,15.796664989999979,-0.6431132,-0.9768257,-0.80038594,5
demo_1_labeled,transport,205,209,6.833326500000001,6.966659700000001,0.13333320000000004,5,joint_4,ramp_down,-0.5850347850347746,-0.07800455999999863,1.361690919999928,-2.6340733,-2.7122602,-2.6750450599999995,5,ramp_up,1.831202431202436,0.24416008000000072,-13.198785150000035,-0.7125813,-0.45609185,-0.56350101,5
demo_1_labeled,transport,205,209,6.833326500000001,6.966659700000001,0.13333320000000004,5,joint_5,ramp_down,-0.5139087339087306,-0.06852109599999957,2.9972289299999773,-0.5120561,-0.5802109,-0.5487377880000001,5,ramp_up,2.098173238173245,0.27975615200000103,-14.94561259800005,-0.5915001,-0.30548146,-0.4682317319999999,5
demo_1_labeled,transport,205,209,6.833326500000001,6.966659700000001,0.13333320000000004,5,joint_6,ramp_down,-1.2897342897343111,-0.1719644000000029,12.533785920000149,3.7169516,3.5449646,3.6346282199999997,5,ramp_down,-2.682951882951882,-0.35772655999999997,17.375745179999996,-0.979792,-1.3265266,-1.1366043,5
demo_1_labeled,transport,205,209,6.833326500000001,6.966659700000001,0.13333320000000004,5,joint_7,ramp_down,-0.40049560049560584,-0.05339936000000073,4.040169460000038,1.3014002,1.2477872,1.27675258,5,ramp_down,-1.7238232338232349,-0.2298428680000002,11.438704383000008,-0.35275555,-0.5849846,-0.45566403600000005,5
demo_1_labeled,transport,205,209,6.833326500000001,6.966659700000001,0.13333320000000004,5,finger_1,constant,0.00020459720459709208,2.7279599999985006e-05,0.01776998710000078,0.019213093,0.019220386,0.019181706400000005,5,constant,-0.02190671190671219,-0.0029208920000000386,0.21775987520000198,0.06993857,0.066184245,0.0666037142,5
demo_1_labeled,transport,205,209,6.833326500000001,6.966659700000001,0.13333320000000004,5,finger_2,constant,-0.001781260781260858,-0.00023750120000001033,0.03375419270000053,0.021607304,0.021357574,0.021463505600000002,5,ramp_down,-0.24333942333942307,-0.032445223999999974,1.7464681499999983,0.09966236,0.05917186,0.067427808,5
demo_1_labeled,transport,210,214,6.999993000000001,7.133326200000001,0.13333320000000004,5,joint_1,ramp_up,1.981410751410745,0.26418783599999923,-13.223698509999958,0.65672076,0.91616595,0.7782567979999999,5,ramp_up,9.055992775992747,1.2074644959999965,-62.231655341999804,0.97666353,2.11142,1.7639629460000001,5
demo_1_labeled,transport,210,214,6.999993000000001,7.133326200000001,0.13333320000000004,5,joint_2,ramp_down,-1.949415959415956,-0.2599218679999996,14.001572713999977,0.35849822,0.09991594,0.22571371,5,ramp_up,3.059736359736363,0.40796444000000054,-23.459499880000024,-1.9623115,-1.5438,-1.8373845599999998,5
demo_1_labeled,transport,210,214,6.999993000000001,7.133326200000001,0.13333320000000004,5,joint_3,ramp_down,-2.029816549816545,-0.2706419359999994,13.331765627999967,-0.88564116,-1.1524022,-1.01225698,5,ramp_down,-7.885333885333862,-1.0513767999999972,53.873358399999844,-1.1735078,-2.175001,-1.8496119999999998,5
demo_1_labeled,transport,210,214,6.999993000000001,7.133326200000001,0.13333320000000004,5,joint_4,ramp_down,-0.29829029829030684,-0.039772000000001154,-0.642785599999939,-2.727697,-2.7666113,-2.7507016,5,ramp_up,2.819280605280603,0.3759037047999998,-20.191660721199987,-0.41211104,-0.012249654,-0.26876436680000004,5
demo_1_labeled,transport,210,214,6.999993000000001,7.133326200000001,0.13333320000000004,5,joint_5,ramp_up,0.17794547794547697,0.023726039999999875,-1.8352801259999936,-0.587703,-0.5699344,-0.577800006,5,ramp_down,-1.311654711654712,-0.1748871200000001,9.292714084000002,-0.15011285,-0.5502504,0.023696724000000002,5
demo_1_labeled,transport,210,214,6.999993000000001,7.133326200000001,0.13333320000000004,5,joint_6,ramp_down,-1.6919989919989864,-0.22559963999999932,15.337791739999961,3.4930384,3.267965,3.38101082,5,ramp_down,-0.7350016350016259,-0.09800011999999882,3.694530939999936,-1.4173045,-1.5174739,-1.4994754199999998,5
demo_1_labeled,transport,210,214,6.999993000000001,7.133326200000001,0.13333320000000004,5,joint_7,ramp_down,-0.8087132087132075,-0.10782831999999987,6.8872672799999926,1.2272196,1.1246755,1.17236632,5,ramp_up,3.097789057789057,0.41303812800000006,-22.613580696,-0.6931684,-0.09669512,-0.7225599120000001,5
demo_1_labeled,transport,210,214,6.999993000000001,7.133326200000001,0.13333320000000004,5,finger_1,constant,0.0021541761541761357,0.0002872231999999976,0.004154893600000131,0.01925628,0.01955382,0.0193777232,5,ramp_down,-0.09277667077667073,-0.012370210399999998,0.7188005657999998,0.06668293,0.053506207,0.06317941460000001,5
demo_1_labeled,transport,210,214,6.999993000000001,7.133326200000001,0.13333320000000004,5,finger_2,constant,-0.002469974469974448,-0.0003293295999999972,0.03861045039999986,0.021306263,0.020977141,0.021155981600000002,5,constant,0.07406725406725398,0.00987562399999999,-0.4615639143999994,0.058917537,0.06948377,0.06184415759999999,5
demo_1_labeled,transport,215,219,7.166659500000001,7.299992700000001,0.13333320000000004,5,joint_1,ramp_down,-1.0062808962808971,-0.13417065200000014,8.249035421000007,0.98501164,0.8830989,0.9702775499999999,5,ramp_down,-30.44955494955501,-4.059936600000009,220.07899587000048,2.1064003,-1.0640913,-0.1725646800000001,5
demo_1_labeled,transport,215,219,7.166659500000001,7.299992700000001,0.13333320000000004,5,joint_2,ramp_down,-2.1396179736179692,-0.2852821111999995,15.384608375399969,0.048367474,-0.23571935,-0.0919461572,5,ramp_down,-4.049604449604443,-0.5399467199999993,27.255346379999956,-1.5062783,-2.1716516,-2.0367631800000003,5
demo_1_labeled,transport,215,219,7.166659500000001,7.299992700000001,0.13333320000000004,5,joint_3,ramp_up,0.95451275451276,0.12726824000000075,-8.11722014000004,-1.2249148,-1.1268346,-1.21291812,5,ramp_up,32.18106908106913,4.290804920000008,-232.6429372700004,-2.1676595,1.2506896,0.13322963999999987,5
demo_1_labeled,transport,215,219,7.166659500000001,7.299992700000001,0.13333320000000004,5,joint_4,ramp_up,0.8018492018492036,0.10691312000000026,-8.493806120000013,-2.755129,-2.6515226,-2.69376936,5,ramp_down,-4.687109767109765,-0.6249473439999998,34.58031275399998,0.5658602,0.21897277,0.6769193419999999,5
demo_1_labeled,transport,215,219,7.166659500000001,7.299992700000001,0.13333320000000004,5,joint_5,ramp_down,-2.2376886176886113,-0.29835818399999925,15.374988317999954,-0.65172344,-0.9428384,-0.810943164,5,ramp_up,11.436599136599117,1.5248783599999978,-84.77093748999987,-2.5994625,-0.8296179,-2.04628646,5
demo_1_labeled,transport,215,219,7.166659500000001,7.299992700000001,0.13333320000000004,5,joint_6,ramp_down,-2.5488448488448556,-0.339845640000001,21.474571070000053,3.2072368,2.86894,3.0379451,5,ramp_down,-2.706473106473101,-0.36086271999999936,17.275384559999964,-1.7439202,-2.236444,-2.301418,5
demo_1_labeled,transport,215,219,7.166659500000001,7.299992700000001,0.13333320000000004,5,joint_7,ramp_up,1.979311379311372,0.2639079199999991,-12.974200019999948,1.1919435,1.4459623,1.34280464,5,ramp_down,-18.423871923871864,-2.4565137999999926,135.0437458499996,2.5291023,0.1435329,1.7778722000000002,5
demo_1_labeled,transport,215,219,7.166659500000001,7.299992700000001,0.13333320000000004,5,finger_1,constant,-0.001042225042225033,-0.00013896319999999883,0.02697335919999993,0.0196241,0.019434031,0.019434605599999998,5,constant,0.01540595440595557,0.0020541252000001557,-0.042930635700008435,0.054752275,0.047323726,0.0685056564,5
demo_1_labeled,transport,215,219,7.166659500000001,7.299992700000001,0.13333320000000004,5,finger_2,constant,0.0009290049290049161,0.0001238671999999983,0.01435822540000009,0.020897122,0.02105111,0.021078021,5,ramp_down,-0.2524181644181646,-0.033655721600000035,1.8736037510000016,0.06694561,0.033882648,0.0477808542,5
demo_1_labeled,transport,220,224,7.333326,7.4666592,0.13333320000000004,5,joint_1,ramp_down,-0.4645944445944459,-0.06194586400000019,4.25522968000001,0.8526828,0.790316,0.817234228,5,ramp_up,3.8522955722955814,0.5136388960000013,-28.980308732000072,-0.7651362,-0.24674597,-0.473350004,5
demo_1_labeled,transport,220,224,7.333326,7.4666592,0.13333320000000004,5,joint_2,ramp_down,-1.601746331746335,-0.2135659640000005,11.432714086000026,-0.3062705,-0.5202073,-0.420196916,5,ramp_up,6.0154164154164205,0.8020547200000009,-46.08136336000004,-1.9938205,-1.1913202,-1.5673264,5
demo_1_labeled,transport,220,224,7.333326,7.4666592,0.13333320000000004,5,joint_3,ramp_up,0.9761303561303581,0.13015058400000032,-8.242703700000016,-1.0867306,-0.9563924,-1.0193462880000002,5,ramp_down,-1.9418366618366665,-0.2589112960000007,15.310289378000036,1.0874368,0.82471216,0.94071245,5
demo_1_labeled,transport,220,224,7.333326,7.4666592,0.13333320000000004,5,joint_4,ramp_up,0.2956820956820951,0.03942423999999993,-4.814831579999996,-2.6447968,-2.6052785,-2.6267862600000003,5,ramp_up,1.4323064023064016,0.19097399599999995,-10.295957803999995,0.2152369,0.40512043,0.30309897399999997,5
demo_1_labeled,transport,220,224,7.333326,7.4666592,0.13333320000000004,5,joint_5,ramp_up,0.3011059811059821,0.04014742400000014,-3.1698121060000077,-0.9560985,-0.91698277,-0.9416300739999999,5,ramp_up,4.917774447774473,0.6557026040000036,-36.20828167000018,-0.23666047,0.43688807,0.18321285199999998,5
demo_1_labeled,transport,220,224,7.333326,7.4666592,0.13333320000000004,5,joint_6,ramp_down,-1.8658602658602632,-0.24878111999999972,16.47132523999998,2.7930012,2.5438874,2.6639730800000003,5,ramp_up,3.8850086850086973,0.5180006400000018,-30.487301380000094,-2.0231805,-1.5025376,-1.7382658599999998,5
demo_1_labeled,transport,220,224,7.333326,7.4666592,0.13333320000000004,5,joint_7,ramp_down,-0.4416820416820398,-0.058890879999999764,4.683145339999986,1.4423282,1.3840572,1.4147015,5,ramp_down,-1.7574000174000324,-0.23431976800000207,12.580027860000111,-0.24582271,-0.49528968,-0.424719264,5
demo_1_labeled,transport,220,224,7.333326,7.4666592,0.13333320000000004,5,finger_1,constant,-0.0006842856842857008,-9.123800000000223e-05,0.024451257200000125,0.019435579,0.019342314,0.0193875482,5,constant,-0.04239837639837649,-0.0056531112000000145,0.34844427620000074,0.03741638,0.032277595,0.0346966046,5
demo_1_labeled,transport,220,224,7.333326,7.4666592,0.13333320000000004,5,finger_2,constant,0.0010006660006660183,0.0001334220000000024,0.01372103079999987,0.021057809,0.02119369,0.0211259518,5,constant,0.034001833001832966,0.0045335731999999965,-0.20813031599999976,0.041584454,0.045844954,0.0434829966,5
demo_1_labeled,transport,225,229,7.4999925,7.6333257,0.13333320000000004,5,joint_1,constant,-0.020563310563310656,-0.0027417720000000134,0.9368986790000007,0.7832941,0.7804317,0.7813031180000001,5,ramp_up,1.2289467439467512,0.16385940200000101,-9.350437473000055,-0.17566952,-0.0008777255,-0.051416409499999996,5
demo_1_labeled,transport,225,229,7.4999925,7.6333257,0.13333320000000004,5,joint_2,ramp_down,-0.05938571938572004,-0.00791808800000009,-0.11678549399999505,-0.55833524,-0.5679805,-0.566136988,5,ramp_up,6.516524720624776,0.8688690938800077,-49.530108103290424,-1.0449573,0.004985924,-0.2217870256,5
demo_1_labeled,transport,225,229,7.4999925,7.6333257,0.13333320000000004,5,joint_3,constant,0.013554823554818034,0.0018073079999992644,-1.028586778999958,-0.92852634,-0.92586696,-0.9260220499999999,5,ramp_down,-4.738767601767643,-0.6318350484000057,36.013183989600314,0.78211033,-0.0013169285,0.15654499289999999,5
demo_1_labeled,transport,225,229,7.4999925,7.6333257,0.13333320000000004,5,joint_4,ramp_up,0.040544140544137304,0.00540587999999957,-2.891779829999976,-2.5906353,-2.5839217,-2.5849961400000003,5,ramp_down,-2.9144850815851058,-0.38859762228000333,22.153669165090186,0.46268913,-0.002194888,0.10075410069999999,5
demo_1_labeled,transport,225,229,7.4999925,7.6333257,0.13333320000000004,5,joint_5,constant,-0.002807912807916441,-0.0003743880000004845,-0.8785003229999722,-0.899129,-0.8996987,-0.8997468419999999,5,ramp_down,-2.884415749415777,-0.38458838200000384,21.89534914250021,0.47450936,-0.022475587,0.069958464,5
demo_1_labeled,transport,225,229,7.4999925,7.6333257,0.13333320000000004,5,joint_6,constant,0.0027210027210129474,0.00036280000000136364,2.470970799999922,2.4910402,2.4915695,2.4915597000000003,5,ramp_up,8.579351174351256,1.1439123460000113,-65.19159447190063,-1.4201053,0.011252709,-0.27456883639999996,5
demo_1_labeled,transport,225,229,7.4999925,7.6333257,0.13333320000000004,5,joint_7,constant,0.0005691005690994204,7.587999999984685e-05,1.3640139700000087,1.3682538,1.3683392,1.3683201600000001,5,ramp_up,2.571625473625497,0.3428830536000032,-19.59420009240018,-0.48369205,-0.050907623,-0.1355868006,5
demo_1_labeled,transport,225,229,7.4999925,7.6333257,0.13333320000000004,5,finger_1,constant,-0.00023532323532322058,-3.137639999999804e-05,0.02108138569999989,0.019317184,0.019281456,0.019300775,5,constant,-0.027042066042065983,-0.003605605199999993,0.23399393949999955,0.031190813,0.02824323,0.0293758444,5
demo_1_labeled,transport,225,229,7.4999925,7.6333257,0.13333320000000004,5,finger_2,constant,0.0002670092670093035,3.560120000000488e-05,0.019233158899999717,0.021230672,0.02127297,0.021253527,5,constant,0.013422535422535567,0.0017896696000000197,-0.05376486860000109,0.046677843,0.04828571,0.047798881200000004,5
demo_1_labeled,transport,230,234,7.666659000000001,7.799992200000001,0.13333320000000004,5,joint_1,ramp_up,0.043321123321120356,0.005776143999999607,0.44679275000002294,0.78042203,0.78792274,0.781809102,5,ramp_up,2.3149118817818883,0.308654608916001,-17.807920730960053,-0.00039805763,0.29933015,0.09404658616800002,5
demo_1_labeled,transport,230,234,7.666659000000001,7.799992200000001,0.13333320000000004,5,joint_2,ramp_up,0.09294669294669636,0.012392880000000458,-1.2826645880000265,-0.5676991,-0.5546818,-0.563877548,5,ramp_up,1.9943940863940905,0.2659189456000006,-15.333278745800033,0.005235348,0.24625356,0.090020099,5
demo_1_labeled,transport,230,234,7.666659000000001,7.799992200000001,0.13333320000000004,5,joint_3,ramp_up,0.3029535029535086,0.040393760000000764,-3.2572140400000436,-0.9260944,-0.8845918,-0.9143759600000001,5,ramp_up,6.218494932094941,0.8291318284800014,-47.817163412360074,-0.0010505102,0.70430857,0.27248263948,5
demo_1_labeled,transport,230,234,7.666659000000001,7.799992200000001,0.13333320000000004,5,joint_4,ramp_down,-0.05900315900314845,-0.007867079999998595,-2.130678240000082,-2.58432,-2.5923514,-2.58696888,5,ramp_down,-0.9733524739524748,-0.12978020008000016,7.481363387800007,-0.0023941593,-0.10949615,-0.04588821684,5
demo_1_labeled,transport,230,234,7.666659000000001,7.799992200000001,0.13333320000000004,5,joint_5,ramp_up,0.06372555372556009,0.008496732000000852,-1.3897085880000493,-0.89954543,-0.8909279,-0.8968981320000001,5,ramp_up,1.0622240762240782,0.1416297352000003,-8.191133458200015,-0.02246309,0.10234646,0.023391183399999998,5
demo_1_labeled,transport,230,234,7.666659000000001,7.799992200000001,0.13333320000000004,5,joint_6,ramp_down,-0.05433335433336199,-0.007244440000001023,2.909411360000059,2.4914923,2.4843657,2.48923384,5,ramp_down,-0.7509752289752297,-0.10012993040000014,5.785209850200006,0.01127342,-0.071051754,-0.022326112999999998,5
demo_1_labeled,transport,230,234,7.666659000000001,7.799992200000001,0.13333320000000004,5,joint_7,ramp_up,0.5002985002984941,0.0667063999999992,-2.4806098999999526,1.3683347,1.4349494,1.3883613000000001,5,ramp_up,8.231166296166304,1.0974877420000013,-63.33845864560006,-0.0509029,0.8591683,0.31583039040000005,5
demo_1_labeled,transport,230,234,7.666659000000001,7.799992200000001,0.13333320000000004,5,finger_1,constant,0.002157743157743083,0.00028769879999999016,0.0026874278000005754,0.019273724,0.019476796,0.019373958200000003,5,constant,-0.040030012030012316,-0.00533732960000004,0.33640308120000223,0.028368583,0.022993743,0.026837964399999997,5
demo_1_labeled,transport,230,234,7.666659000000001,7.799992200000001,0.13333320000000004,5,finger_2,constant,-0.001962229962230053,-0.00026163040000001217,0.036364740400000706,0.021280658,0.02109402,0.0211901772,5,constant,0.041670695670695715,0.005556087200000007,-0.27248533140000036,0.048156854,0.053685736,0.049767726199999994,5
demo_1_labeled,transport,235,239,7.833325500000001,7.966658700000001,0.13333320000000004,5,joint_1,ramp_up,0.4319130119130112,0.057588343999999916,-2.585549695999994,0.79891014,0.85643375,0.8265596860000001,5,ramp_up,0.9770553470553454,0.13027391599999982,-7.291502856999988,0.35702553,0.48780268,0.427226666,5
demo_1_labeled,transport,235,239,7.833325500000001,7.966658700000001,0.13333320000000004,5,joint_2,ramp_up,0.37831102831102903,0.05044142000000011,-3.5099295690000063,-0.54524493,-0.49479997,-0.521275434,5,ramp_up,1.0690899790899777,0.14254518799999985,-8.08881287099999,0.28585336,0.4284654,0.35698951799999995,5
demo_1_labeled,transport,235,239,7.833325500000001,7.966658700000001,0.13333320000000004,5,joint_3,ramp_up,0.6646287646287629,0.08861707999999979,-6.066061867999987,-0.8606152,-0.77200663,-0.815499878,5,ramp_down,-0.6667189867189871,-0.08889577600000008,5.917641704000004,0.69394016,0.60541534,0.6505669760000001,5
demo_1_labeled,transport,235,239,7.833325500000001,7.966658700000001,0.13333320000000004,5,joint_4,constant,0.02549792549793198,0.0033997200000008654,-2.796826850000053,-2.5954525,-2.5920467,-2.59539344,5,ramp_up,1.401159924159922,0.18682113639999975,-11.048359564499984,-0.07182404,0.11466087,0.0207927672,5
demo_1_labeled,transport,235,239,7.833325500000001,7.966658700000001,0.13333320000000004,5,joint_5,ramp_up,0.23928401928401744,0.031904503999999764,-2.7609142099999855,-0.8855095,-0.85361284,-0.8705723479999999,5,ramp_up,0.8372441672441663,0.1116324439999999,-6.427763926999993,0.13018623,0.2417418,0.18645837999999998,5
demo_1_labeled,transport,235,239,7.833325500000001,7.966658700000001,0.13333320000000004,5,joint_6,ramp_down,-0.09460329460329361,-0.012613759999999872,3.2222873599999917,2.4812288,2.4686184,2.47492208,5,constant,-0.02846623046623028,-0.003795493599999976,0.15012291099999853,-0.07255235,-0.07640332,-0.07476008479999999,5
demo_1_labeled,transport,235,239,7.833325500000001,7.966658700000001,0.13333320000000004,5,joint_7,ramp_up,0.9237129237129201,0.12316159999999957,-5.767492359999972,1.4674847,1.5906135,1.52983244,5,ramp_down,-0.6308904308904312,-0.08411864000000006,5.788108166000002,0.84383947,0.7597265,0.8040787460000001,5
demo_1_labeled,transport,235,239,7.833325500000001,7.966658700000001,0.13333320000000004,5,finger_1,constant,-0.0013128643128643316,-0.00017504840000000254,0.029629350300000155,0.019364055,0.019185327,0.0192577326,5,constant,0.014767880767880721,0.0019690487999999944,-0.09105999139999965,0.024300762,0.026328085,0.02560615,5
demo_1_labeled,transport,235,239,7.833325500000001,7.966658700000001,0.13333320000000004,5,finger_2,constant,0.0015072315072313907,0.00020096399999998453,0.009420871600000926,0.021208791,0.021413269,0.0213279886,5,constant,-0.016710109710109746,-0.0022280124000000055,0.1829216035000003,0.05234888,0.05006421,0.0509118688,5
demo_1_labeled,transport,240,244,7.999992000000001,8.133325200000002,0.13333320000000093,5,joint_1,ramp_up,0.5453205953205953,0.0727093400000005,-3.489780080000001,0.8732235,0.9458804,0.9091349899999999,5,ramp_up,0.3854393954393951,0.05139186800000031,-2.5698470759999976,0.5099858,0.56141144,0.539360938,5
demo_1_labeled,transport,240,244,7.999992000000001,8.133325200000002,0.13333320000000093,5,joint_2,ramp_up,0.5643637743637716,0.07524842800000016,-4.995146219999978,-0.4790434,-0.40380993,-0.442616326,5,ramp_up,1.017228897228893,0.13563038400000038,-7.672557907999967,0.46427512,0.5998109,0.5330803239999999,5
demo_1_labeled,transport,240,244,7.999992000000001,8.133325200000002,0.13333320000000093,5,joint_3,ramp_up,0.5416142716142676,0.07221516399999996,-5.0840085759999685,-0.75190854,-0.6796881,-0.714991154,5,ramp_down,-0.6866094266094228,-0.09154783200000013,6.074932969999971,0.58226734,0.4907738,0.536289134,5
demo_1_labeled,transport,240,244,7.999992000000001,8.133325200000002,0.13333320000000093,5,joint_4,ramp_up,0.2709713709713631,0.0361294799999992,-4.756452539999938,-2.5870738,-2.5509517,-2.5706189999999998,5,ramp_up,1.3773387873387812,0.18364498800000045,-10.856539685999952,0.16164869,0.3452596,0.253982088,5
demo_1_labeled,transport,240,244,7.999992000000001,8.133325200000002,0.13333320000000093,5,joint_5,ramp_up,0.3813475413475394,0.050846288000000094,-3.894827007999984,-0.8431682,-0.79233414,-0.8186265840000001,5,ramp_up,0.7284975984975949,0.0971329160000002,-5.559082473999971,0.26805905,0.36518392,0.317458944,5
demo_1_labeled,transport,240,244,7.999992000000001,8.133325200000002,0.13333320000000093,5,joint_6,ramp_down,-0.09513159513159866,-0.012684200000000558,3.226560640000029,2.465481,2.452788,2.45916654,5,constant,-0.049283455283455034,-0.006571120800000012,0.317712871599998,-0.07707699,-0.08370524,-0.0798399368,5
demo_1_labeled,transport,240,244,7.999992000000001,8.133325200000002,0.13333320000000093,5,joint_7,ramp_up,0.776836676836674,0.10357812000000034,-4.594304079999978,1.6192342,1.7227864,1.67217218,5,ramp_down,-0.9490232290232264,-0.12653630400000054,8.32711135799998,0.733066,0.6065993,0.671664966,5
demo_1_labeled,transport,240,244,7.999992000000001,8.133325200000002,0.13333320000000093,5,finger_1,constant,-0.0004003384003383664,-5.337839999999584e-05,0.022367733199999726,0.019166596,0.019113054,0.01913834,5,constant,5.489405489410705e-05,7.319200000007005e-06,0.025939736999999574,0.026372315,0.02638553,0.0263825486,5
demo_1_labeled,transport,240,244,7.999992000000001,8.133325200000002,0.13333320000000093,5,finger_2,constant,0.0005480165480164834,7.30687999999919e-05,0.017055714200000512,0.021437887,0.021511119,0.021476376600000003,5,constant,-0.0014213414213414878,-0.00018951200000001016,0.06132515320000051,0.049967047,0.049770232,0.0498596772,5
demo_1_labeled,transport,245,249,8.1666585,8.299991700000001,0.13333320000000093,5,joint_1,ramp_up,0.2794412794412781,0.037258800000000085,-1.3108274799999895,0.9647656,1.0025176,0.9899034199999999,5,ramp_down,-4.800385152385118,-0.6400507135999999,39.808376425199725,0.5653521,0.017023504,0.2852448604,5
demo_1_labeled,transport,245,249,8.1666585,8.299991700000001,0.13333320000000093,5,joint_2,ramp_up,0.20328812328812274,0.027105056000000113,-2.0335653999999956,-0.3821333,-0.35176966,-0.359828192,5,ramp_down,-5.637079143079088,-0.751609800799998,46.683012054799555,0.6306062,0.011194041,0.27110685539999996,5
demo_1_labeled,transport,245,249,8.1666585,8.299991700000001,0.13333320000000093,5,joint_3,ramp_up,0.17181635181635257,0.02290882400000026,-2.0610981300000066,-0.6636084,-0.639257,-0.646478248,5,ramp_down,-4.01545342345339,-0.5353932543999992,33.271876822799726,0.46884075,0.008960176,0.2113433636,5
demo_1_labeled,transport,245,249,8.1666585,8.299991700000001,0.13333320000000093,5,joint_4,ramp_up,0.08262128262128057,0.011016159999999803,-3.206552159999983,-2.5379562,-2.5241265,-2.52630428,5,ramp_down,-3.6961916491916087,-0.492825060399998,30.58476178489967,0.3896712,-0.004370071,0.1528143052,5
demo_1_labeled,transport,245,249,8.1666585,8.299991700000001,0.13333320000000093,5,joint_5,ramp_up,0.0937885837885849,0.012505132000000235,-1.537237889000009,-0.7775142,-0.76185805,-0.765045988,5,ramp_down,-3.7819994839994466,-0.5042660935999985,31.280544654399694,0.3873343,-0.025297867,0.1421133746,5
demo_1_labeled,transport,245,249,8.1666585,8.299991700000001,0.13333320000000093,5,joint_6,constant,-0.008804108804111315,-0.001173880000000343,2.51994265000002,2.4494722,2.4473615,2.44745556,5,ramp_up,0.8024084039443954,0.10698768020479961,-6.63993013486513,-0.08706528,-0.000103015394,-0.0334408822188,5
demo_1_labeled,transport,245,249,8.1666585,8.299991700000001,0.13333320000000093,5,joint_7,ramp_up,0.12842532842533255,0.01712336000000067,0.7054276399999662,1.7456199,1.7670548,1.7627951200000003,5,ramp_down,-5.485086253086202,-0.7313441023999983,45.35117894339958,0.57088417,-0.050652303,0.1906806202,5
demo_1_labeled,transport,245,249,8.1666585,8.299991700000001,0.13333320000000093,5,finger_1,constant,-0.0017019707019706465,-0.00022692919999999417,0.032972005899999546,0.019102708,0.018938858,0.018959127800000003,5,constant,0.04236924336924321,0.005649226800000019,-0.32040024889999874,0.026394067,0.030864544,0.028439505999999996,5
demo_1_labeled,transport,245,249,8.1666585,8.299991700000001,0.13333320000000093,5,finger_2,constant,0.001703407703407649,0.00022712079999999434,0.007642461400000442,0.021525446,0.02169248,0.021667170800000003,5,constant,-0.040131151131151135,-0.005350814800000038,0.3783153181000001,0.049727548,0.045427036,0.0479025042,5
demo_1_labeled,transport,250,254,8.333325,8.466658200000001,0.13333320000000093,5,joint_1,constant,0.0004170004169934904,5.5599999999076845e-05,0.9994127000000582,1.0028495,1.0029184,1.0029154999999998,5,constant,-0.03655237583437584,-0.0048736452376000345,0.30691097698760006,0.0037659914,-0.0016079855,-0.00012867298120000002,5
demo_1_labeled,transport,250,254,8.333325,8.466658200000001,0.13333320000000093,5,joint_2,constant,0.010907770907773612,0.0014543680000003707,-0.4422297980000227,-0.3513401,-0.34988296,-0.35060461400000004,5,constant,-0.0075072888072888555,-0.0010009708400000135,0.07095439096000042,0.008680695,0.0075834137,0.00789322804,5
demo_1_labeled,transport,250,254,8.333325,8.466658200000001,0.13333320000000093,5,joint_3,constant,-0.0032715932715868734,-0.00043621199999914994,-0.6119348820000536,-0.63921607,-0.63964605,-0.639416238,5,constant,-0.01568814590814592,-0.002091750696000016,0.13327155560800014,0.0031719275,0.00086130796,0.00149126176,5
demo_1_labeled,transport,250,254,8.333325,8.466658200000001,0.13333320000000093,5,joint_4,constant,-0.01251001250999687,-0.0016679999999979263,-2.42034846000013,-2.524592,-2.5262623,-2.5254324599999998,5,constant,0.005544777744777754,0.0007393029600000064,-0.04841272536000008,-0.0024203341,-0.0016059089,-0.0018366388800000002,5
demo_1_labeled,transport,250,254,8.333325,8.466658200000001,0.13333320000000093,5,joint_5,constant,0.004127524127527589,0.0005503360000004654,-0.7961266960000289,-0.7617296,-0.7611796,-0.7614555279999999,5,constant,0.0014573894573896645,0.00019431840000002897,-0.03696907340000174,-0.024900334,-0.024673276,-0.024727014199999998,5
demo_1_labeled,transport,250,254,8.333325,8.466658200000001,0.13333320000000093,5,joint_6,constant,-0.0012762012762225587,-0.00017016000000283886,2.4579747800001788,2.4473379,2.4471686,2.4472547000000002,5,constant,-0.002243184503184499,-0.0002990909680000015,0.01784741977599997,-0.00074460014,-0.0010841722,-0.000995311208,5
demo_1_labeled,transport,250,254,8.333325,8.466658200000001,0.13333320000000093,5,joint_7,constant,-0.00011910011911040418,-1.5880000001371452e-05,1.7680409200000864,1.7670486,1.7670326,1.76704048,5,constant,0.0004570144570148112,6.093520000004765e-05,-0.054298277200002965,-0.050534014,-0.050451104,-0.05045935960000001,5
demo_1_labeled,transport,250,254,8.333325,8.466658200000001,0.13333320000000093,5,finger_1,constant,0.0005107175107173519,6.80955999999793e-05,0.014754323200001328,0.018999148,0.01906948,0.019044346,5,constant,-0.00988431388431408,-0.0013179072000000353,0.11209778760000166,0.029950118,0.028584298,0.029069634,5
demo_1_labeled,transport,250,254,8.333325,8.466658200000001,0.13333320000000093,5,finger_2,constant,-0.0005043815043816678,-6.725080000002225e-05,0.025826218600001373,0.021633951,0.021564545,0.0215894182,5,constant,0.00921618921618875,0.0012288239999999465,-0.030331821599996096,0.04629199,0.04754998,0.0470840904,5
demo_1_labeled,transport,255,259,8.4999915,8.633324700000001,0.13333320000000093,5,joint_1,ramp_up,0.37043887043886087,0.04939179999999907,-2.129761069999918,1.0179656,1.0669562,1.04366208,5,ramp_down,-0.926316056316054,-0.12350868400000055,8.26532002499998,0.3709829,0.24126081,0.329887078,5
demo_1_labeled,transport,255,259,8.4999915,8.633324700000001,0.13333320000000093,5,joint_2,ramp_up,1.498718878718875,0.1998289840000009,-13.05183186399997,-0.31142116,-0.1114846,-0.212819642,5,ramp_up,1.0787785787785658,0.14383699999999927,-7.814993469999889,1.3664309,1.5080252,1.4265337800000002,5
demo_1_labeled,transport,255,259,8.4999915,8.633324700000001,0.13333320000000093,5,joint_3,ramp_down,-0.7497523497523413,-0.09996687999999956,5.707507713999928,-0.66437495,-0.76395845,-0.715364326,5,ramp_up,0.9385187185187184,0.12513570400000085,-8.727853053999999,-0.7296153,-0.5999002,-0.687884072,5
demo_1_labeled,transport,255,259,8.4999915,8.633324700000001,0.13333320000000093,5,joint_4,ramp_up,1.1939675939676102,0.15919552000000328,-12.641932960000139,-2.4929225,-2.3336265,-2.4136208,5,ramp_up,0.14955704955703847,0.01994091999999866,-0.13572792999990502,1.1528771,1.1656934,1.14547618,5
demo_1_labeled,transport,255,259,8.4999915,8.633324700000001,0.13333320000000093,5,joint_5,ramp_up,1.3102175902175888,0.17469550400000103,-11.87821651399999,-0.734094,-0.5591305,-0.654030382,5,ramp_up,6.075410925410891,0.8100539800000011,-50.90600426499971,0.751333,1.5620466,1.1399639499999998,5
demo_1_labeled,transport,255,259,8.4999915,8.633324700000001,0.13333320000000093,5,joint_6,ramp_up,0.5579564579564437,0.0743941199999986,-2.2744140499998777,2.4673471,2.541652,2.5054081600000004,5,ramp_down,-0.7090590790590802,-0.0945411160000008,6.5977531490000105,0.56761134,0.47044608,0.5234864459999999,5
demo_1_labeled,transport,255,259,8.4999915,8.633324700000001,0.13333320000000093,5,joint_7,ramp_down,-1.2201612201612302,-0.16268800000000247,12.112302520000085,1.7364048,1.5735126,1.65959852,5,ramp_down,-3.717766017765993,-0.4957016400000001,30.696893749999788,-0.9207942,-1.4147657,-1.15193662,5
demo_1_labeled,transport,255,259,8.4999915,8.633324700000001,0.13333320000000093,5,finger_1,constant,0.000582258582258404,7.763439999997678e-05,0.014116050800001525,0.019077752,0.019152649,0.019104061,5,constant,0.026688359688359378,0.0035584443999999832,-0.1981999022999974,0.027707627,0.03171455,0.0304301504,5
demo_1_labeled,transport,255,259,8.4999915,8.633324700000001,0.13333320000000093,5,finger_2,constant,-0.0009597069597071002,-0.00012796080000001961,0.0297219990000012,0.021549126,0.02142392,0.021500517599999998,5,constant,-0.023756948756949076,-0.0031675900000000647,0.24976648930000275,0.04881606,0.04520118,0.0462488318,5
demo_1_labeled,transport,260,264,8.666658,8.799991200000001,0.13333320000000093,5,joint_1,ramp_down,-0.0870183870183953,-0.011602440000001185,1.8268305400000724,1.0727924,1.0632557,1.0668707199999998,5,ramp_down,-0.19931554931557516,-0.02657538000000363,1.6961407022002257,0.11285511,0.026546711,-0.044546687800000005,5
demo_1_labeled,transport,260,264,8.666658,8.799991200000001,0.13333320000000093,5,joint_2,ramp_up,0.9476511017511001,0.12635335388000066,-8.250621640079986,-0.05750614,0.06668351,0.025523039060000002,5,ramp_down,-13.949588783588652,-1.8599433111999955,122.79252966599886,1.559958,0.02372451,0.9662427823999998,5
demo_1_labeled,transport,260,264,8.666658,8.799991200000001,0.13333320000000093,5,joint_3,ramp_down,-0.10924588924588127,-0.014566103999999039,0.15918510399993036,-0.78261167,-0.7988007,-0.794894708,5,ramp_up,3.764560158760153,0.5019408525600028,-33.03521185713995,-0.47563887,0.0023253157,-0.15808601445999998,5
demo_1_labeled,transport,260,264,8.666658,8.799991200000001,0.13333320000000093,5,joint_4,ramp_up,0.6846177846177995,0.09128228000000263,-8.20948122000013,-2.2924037,-2.202609,-2.2304918799999998,5,ramp_down,-11.064802488802385,-1.4753055231999965,97.3546420877991,1.1894778,-0.007324699,0.7221303182000001,5
demo_1_labeled,transport,260,264,8.666658,8.799991200000001,0.13333320000000093,5,joint_5,ramp_up,1.1173951273951312,0.14898586800000155,-10.151325894000035,-0.49558634,-0.34760162,-0.39275154,5,ramp_down,-16.881726981726814,-2.2508946799999934,148.60497789799854,1.7924894,-0.01640169,1.1713763579999998,5
demo_1_labeled,transport,260,264,8.666658,8.799991200000001,0.13333320000000093,5,joint_6,ramp_up,0.15583755583753936,0.02077831999999795,1.2114340200001428,2.5569768,2.578447,2.57241398,5,ramp_down,-3.48237728877727,-0.46431650752000075,30.610091733199837,0.41799152,0.008488268,0.19736049064,5
demo_1_labeled,transport,260,264,8.666658,8.799991200000001,0.13333320000000093,5,joint_7,ramp_down,-0.8981318981319089,-0.11975080000000227,9.280769840000094,1.5202346,1.4010543,1.43709244,5,ramp_up,13.99563255063242,1.8660824739999955,-123.24844073479886,-1.5623436,-0.054276876,-1.0200386878,5
demo_1_labeled,transport,260,264,8.666658,8.799991200000001,0.13333320000000093,5,finger_1,constant,0.0012753792753791371,0.00017005039999998275,0.008148678000001198,0.019193333,0.019356681,0.0192869792,5,constant,-0.022931683931684023,-0.0030575548000000333,0.2309296442000008,0.031983793,0.029817892,0.030659804800000003,5
demo_1_labeled,transport,260,264,8.666658,8.799991200000001,0.13333320000000093,5,finger_2,constant,-0.001654807654807788,-0.0002206408000000193,0.035688885200001165,0.021362917,0.021149367,0.0212369128,5,constant,0.01678860178860139,0.002238477999999962,-0.10048356679999652,0.045103464,0.047104668,0.046136742200000004,5
demo_1_labeled,transport,265,269,8.833324500000002,8.9666577,0.13333319999999915,5,joint_1,constant,0.009756909756908341,0.001300919999999803,0.9778818100000124,1.063951,1.0652658,1.06471822,5,ramp_down,-0.10136926136926194,-0.01351588799999999,0.9159331788000051,0.02161835,0.008048524,0.0137476548,5
demo_1_labeled,transport,265,269,8.833324500000002,8.9666577,0.13333319999999915,5,joint_2,constant,0.01285012285012281,0.0017133479999999837,-0.04618292799999965,0.067302525,0.06902235,0.06818305100000001,5,constant,-0.022808113808113876,-0.00304107879999999,0.21458290290000062,0.013877765,0.010558147,0.011590893,5
demo_1_labeled,transport,265,269,8.833324500000002,8.9666577,0.13333319999999915,5,joint_3,constant,0.0030995730995726106,0.00041327599999993215,-0.8259768249999956,-0.79861903,-0.7982027,-0.798390652,5,constant,-0.018394820674820764,-0.0024526403039999965,0.1626224624580008,0.00040147523,-0.0020759287,-0.001091277834,5
demo_1_labeled,transport,265,269,8.833324500000002,8.9666577,0.13333319999999915,5,joint_4,constant,-0.013752013752016064,-0.0018336000000002968,-2.0816994999999787,-2.203166,-2.2050035,-2.2040923,5,constant,0.008124948024948044,0.0010833253199999957,-0.07576015875000017,-0.004337374,-0.0031021098,-0.0034481936399999996,5
demo_1_labeled,transport,265,269,8.833324500000002,8.9666577,0.13333319999999915,5,joint_5,constant,0.005790995790995829,0.0007721320000000001,-0.39853939700000035,-0.347387,-0.34661388,-0.346999586,5,constant,-0.0065214785214784896,-0.0008695295999999902,0.03740577619999973,-0.019988094,-0.020936523,-0.020635324599999998,5
demo_1_labeled,transport,265,269,8.833324500000002,8.9666577,0.13333319999999915,5,joint_6,constant,-0.002177702177699477,-0.00029035999999963807,2.5976007699999757,2.5783641,2.578074,2.57821924,5,constant,0.0004488334488334118,5.984439999999468e-05,0.005968214500000329,0.009820278,0.009966201,0.0099628282,5
demo_1_labeled,transport,265,269,8.833324500000002,8.9666577,0.13333319999999915,5,joint_7,constant,-0.0005700005699997129,-7.599999999988523e-05,1.4060623799999925,1.4010285,1.4009522,1.40098938,5,constant,0.009154071154071344,0.0012205416000000175,-0.1331213380000017,-0.05226109,-0.051166233,-0.05165018619999999,5
demo_1_labeled,transport,265,269,8.833324500000002,8.9666577,0.13333319999999915,5,finger_1,constant,0.0003052803052802934,4.070399999999816e-05,0.0166600984000001,0.019361904,0.019398285,0.019377090399999998,5,constant,-0.0027150447150447463,-0.00036200560000000187,0.05384530160000028,0.029858198,0.029845662,0.0296814278,5
demo_1_labeled,transport,265,269,8.833324500000002,8.9666577,0.13333319999999915,5,finger_2,constant,0.00020348420348420792,2.713120000000042e-05,0.01934019139999996,0.021144306,0.021167843,0.021151199,5,constant,0.03098266898266901,0.004131018399999978,-0.2271070264000003,0.047185715,0.050320525,0.048638451799999996,5
demo_1_labeled,place,271,275,9.0333243,9.1666575,0.13333319999999915,5,joint_1,constant,0.0014406014406028243,0.00019208000000018327,1.0524878999999876,1.0654885,1.0656828,1.0655973600000002,5,constant,-0.024646192846192752,-0.0032861557599999664,0.22881302431999914,0.0058707697,0.0021076042,0.0045328937,5
demo_1_labeled,place,271,275,9.0333243,9.1666575,0.13333319999999915,5,joint_2,constant,0.011275589275589366,0.0015034104000000025,-0.03201772100000082,0.06982032,0.0713073,0.0705900388,5,constant,-0.03196418926418897,-0.004261887639999934,0.3000899177699974,0.010335388,0.0050490997,0.009216086340000002,5
demo_1_labeled,place,271,275,9.0333243,9.1666575,0.13333319999999915,5,joint_3,constant,0.0015716115716106487,0.0002095479999998756,-0.8122649789999917,-0.79807264,-0.7978653,-0.797963328,5,constant,0.020247000146999927,0.0026995973199999534,-0.186096352389998,-0.0024344875,0.0010034164,-0.0018488353,5
demo_1_labeled,place,271,275,9.0333243,9.1666575,0.13333319999999915,5,joint_4,constant,-0.012535812535815746,-0.0016714400000004174,-2.0926947199999706,-2.2059035,-2.2075443,-2.2067705,5,constant,0.009642363042362944,0.0012856471199999787,-0.0904921508199991,-0.0030756486,-0.0014734293,-0.0027467348799999998,5
demo_1_labeled,place,271,275,9.0333243,9.1666575,0.13333319999999915,5,joint_5,constant,0.005303585303585605,0.0007071440000000357,-0.39412041400000275,-0.34622788,-0.34553722,-0.34585783600000003,5,ramp_up,0.1349561585561573,0.017994136479999718,-1.2445422900399887,-0.020939443,0.0015594986,-0.01644247528,5
demo_1_labeled,place,271,275,9.0333243,9.1666575,0.13333319999999915,5,joint_6,constant,-0.002114102114100261,-0.00028187999999975115,2.5970185099999834,2.5779254,2.5776477,2.5777802000000003,5,constant,-0.062310071430070835,-0.008308001215999868,0.5748592234879946,0.009926563,-0.00044867152,0.007838140495999998,5
demo_1_labeled,place,271,275,9.0333243,9.1666575,0.13333319999999915,5,joint_7,constant,-0.0005391005390967479,-7.187999999949404e-05,1.4057868299999656,1.4009167,1.4008446,1.40088102,5,ramp_up,0.30104458784458515,0.04013923823999939,-2.780580201219976,-0.051125742,-0.0009622277,-0.04107719134,5
demo_1_labeled,place,271,275,9.0333243,9.1666575,0.13333319999999915,5,finger_1,ramp_up,0.040894210894210505,0.005452555999999913,-0.35137409299999645,0.019399546,0.026215216,0.020762854,5,ramp_up,1.0211798891798796,0.13615718239999786,-9.228846411199914,0.029844344,0.20003474,0.0638812876,5
demo_1_labeled,place,271,275,9.0333243,9.1666575,0.13333319999999915,5,finger_2,ramp_up,0.042260934260933865,0.0056347855999999115,-0.3619984033999964,0.02116711,0.028210552,0.0225757138,5,ramp_up,0.8983393303393221,0.11977845759999814,-8.094619475199925,0.050313283,0.20004134,0.080260256,5
demo_1_labeled,place,276,280,9.1999908,9.333324,0.13333319999999915,5,joint_1,constant,0.0012696012696006038,0.00016927999999991015,1.0541091000000056,1.065771,1.0659429,1.0658740599999998,5,constant,-0.015411256911257028,-0.0020548322000000026,0.1441773907140011,0.0025715667,0.00050946843,0.001366552814,5
demo_1_labeled,place,276,280,9.1999908,9.333324,0.13333319999999915,5,joint_2,constant,0.00022710322710316715,3.0280399999991813e-05,0.06929812600000053,0.07138121,0.07141348,0.07140261380000001,5,constant,-0.00646004806004812,-0.0008613388800000025,0.06019045422400055,0.0010108843,5.686213e-05,0.00032740206400000004,5
demo_1_labeled,place,276,280,9.1999908,9.333324,0.13333319999999915,5,joint_3,constant,0.00022809022809052034,3.0412000000038773e-05,-0.7999370300000025,-0.7978422,-0.7978112,-0.7978233959999999,5,constant,-0.0030624315924316172,-0.00040832380400000073,0.028610469092000226,0.0005030283,7.707423e-05,0.000231964714,5
demo_1_labeled,place,276,280,9.1999908,9.333324,0.13333319999999915,5,joint_4,constant,-4.8600048593603624e-05,-6.47999999914063e-06,-2.2071379200000587,-2.2075818,-2.2075899,-2.2075882800000004,5,constant,0.002413995303795328,0.00032186571864000114,-0.022474411698620224,-0.00037367997,-7.1533977e-06,-0.00010474425314,5
demo_1_labeled,place,276,280,9.1999908,9.333324,0.13333319999999915,5,joint_5,constant,-8.820008820562113e-06,-1.1760000000737648e-06,-0.3454465519999948,-0.34552786,-0.3455288,-0.3455282840000001,5,constant,-0.0013959159429159577,-0.00018612193960000078,0.012977102235000138,0.00021148412,-4.84343e-06,4.16274328e-05,5
demo_1_labeled,place,276,280,9.1999908,9.333324,0.13333319999999915,5,joint_6,constant,-9.729516840697858e-15,-1.2972676148241273e-15,2.577644800000089,2.5776448,2.5776448,2.5776448,5,constant,0.0009844431528831623,0.00013125895579200043,-0.009161004561356087,-0.00014838969,6.252284e-08,-3.8507133812e-05,5
demo_1_labeled,place,276,280,9.1999908,9.333324,0.13333319999999915,5,joint_7,constant,3.648568815261697e-15,4.864753555590478e-16,1.4008408999999655,1.4008409,1.4008409,1.4008409,5,constant,0.0006055271791571854,8.073687648400032e-05,-0.005635340929516058,-9.548668e-05,-3.718807e-06,-2.4128013878e-05,5
demo_1_labeled,place,276,280,9.1999908,9.333324,0.13333319999999915,5,finger_1,ramp_up,0.050337587337587725,0.006711671600000009,-0.4294443408000036,0.032500166,0.03947039,0.037016835399999996,5,ramp_down,-1.0111145911145991,-0.13481514400000022,9.429573259400074,0.15064618,0.010637273,0.05992075139999999,5
demo_1_labeled,place,276,280,9.1999908,9.333324,0.13333319999999915,5,finger_2,ramp_up,0.04132284532284561,0.005509707200000003,-0.3453726058000026,0.03384378,0.039565925,0.0375520446,5,ramp_down,-0.830455766455773,-0.11072732480000017,7.744746028200061,0.123720504,0.008724177,0.0491969546,5
demo_1_labeled,retract,281,285,9.366657300000002,9.4999905,0.13333319999999738,5,joint_1,constant,0.00016590016589978953,2.2119999999949383e-05,1.0644046300000043,1.0659566,1.0659792,1.0659696200000002,5,constant,-0.0020052010452010784,-0.00026735987199999917,0.019090274842000314,0.00033787594,6.615778e-05,0.000174563898,5
demo_1_labeled,retract,281,285,9.366657300000002,9.4999905,0.13333319999999738,5,joint_2,constant,1.75200175201944e-05,2.336000000023538e-06,0.07125114199999835,0.07141499,0.07141735,0.071416414,5,constant,-0.0002139831264831299,-2.8531054999999894e-05,0.0020374456911500323,3.6056463e-05,7.082203e-06,1.88735499e-05,5
demo_1_labeled,retract,281,285,9.366657300000002,9.4999905,0.13333319999999738,5,joint_3,constant,1.995001995048272e-05,2.6600000000616504e-06,-0.7979948050000051,-0.7978087,-0.79780585,-0.7978066100000001,5,constant,-0.0002898904278904326,-3.865201839999987e-05,0.0027603271608000446,4.8832466e-05,9.444426e-06,2.5696858999999996e-05,5
demo_1_labeled,retract,281,285,9.366657300000002,9.4999905,0.13333319999999738,5,joint_4,constant,-2.432379210174507e-15,-3.243169037060332e-16,-2.2075898999999795,-2.2075899,-2.2075899,-2.2075899,5,constant,1.574994914994936e-05,2.0999911199999866e-06,-0.00015019399584000198,-3.75998e-06,-1.3644903e-06,-1.6196240999999999e-06,5
demo_1_labeled,retract,281,285,9.366657300000002,9.4999905,0.13333319999999738,5,joint_5,constant,6.080948025436268e-16,8.10792259265083e-17,-0.3455288000000059,-0.3455288,-0.3455288,-0.3455288,5,constant,3.880459390459438e-05,5.173940679999961e-06,-0.00036872386421000445,-7.760115e-06,-1.593598e-06,-2.6675611e-06,5
demo_1_labeled,retract,281,285,9.366657300000002,9.4999905,0.13333319999999738,5,joint_6,constant,0.0,0.0,2.577644800000001,2.5776448,2.5776448,2.5776448,5,constant,1.1909399435399674e-05,1.5879183368000005e-06,-0.00011156456203980225,3.5028044e-08,1.4627524e-06,7.806602888e-07,5
demo_1_labeled,retract,281,285,9.366657300000002,9.4999905,0.13333319999999738,5,joint_7,constant,-6.0809480254362676e-15,-8.10792259265083e-16,1.4008409000000586,1.4008409,1.4008409,1.4008409,5,constant,1.086448619248644e-05,1.4485967104000047e-06,-0.00010319161421840234,-2.207388e-09,1.6388105e-06,-7.033969576e-07,5
demo_1_labeled,retract,281,285,9.366657300000002,9.4999905,0.13333319999999738,5,finger_1,constant,0.0018324198324198753,0.0002443224000000009,0.022605584799999624,0.03972698,0.039980713,0.039891394600000005,5,constant,-0.036803928863929435,-0.00490718560799998,0.3493646077740054,0.0054835486,0.00038732914,0.002181226008,5
demo_1_labeled,retract,281,285,9.366657300000002,9.4999905,0.13333319999999738,5,finger_2,constant,0.0015015495015494856,0.00020020639999999393,0.02574646280000018,0.039776318,0.03998424,0.039911065600000004,5,constant,-0.030179780039780505,-0.004023966647999983,0.2864832331540044,0.0044957898,0.00031672884,0.0017875928080000002,5
