timestamp,scenario,run_id,example_type,imu_accel_x,imu_angular_z,imu_accel_y,odom_angular_z,lidar_front,lidar_front_right,lidar_left,lidar_right,cmd_linear_x,odom_linear_x,distance_travelled,pos_x,pos_y,action_label
2026-07-09 12:31:58.320,pillar_wall_bad,pill_bad_03,negative,0.0287,0.0511,0.4886,-0.0,12.326,3.52,1.272,1.912,0.0,0.0,0.0,-4.8243,-6.5275,idle
2026-07-09 12:31:58.420,pillar_wall_bad,pill_bad_03,negative,-0.0575,-0.0181,0.5461,0.0,12.38,3.525,1.271,1.909,0.0,-0.0,0.0,-4.8243,-6.5275,idle
2026-07-09 12:31:58.520,pillar_wall_bad,pill_bad_03,negative,0.4982,2.6877,-1.2837,0.0011,12.366,3.521,1.277,1.908,0.1,0.0005,0.0009,-4.8234,-6.5277,approaching_wall
2026-07-09 12:31:58.620,pillar_wall_bad,pill_bad_03,negative,0.0671,1.7396,0.2778,-0.0031,12.353,3.507,1.264,1.91,0.1,0.0018,0.0038,-4.8206,-6.5284,approaching_wall
2026-07-09 12:31:58.720,pillar_wall_bad,pill_bad_03,negative,0.3545,2.0133,-0.5173,-0.0091,65.533,3.416,1.271,1.913,0.1,0.0033,0.0088,-4.816,-6.5304,approaching_wall
2026-07-09 12:31:58.820,pillar_wall_bad,pill_bad_03,negative,0.6131,2.2552,0.7472,-0.0171,65.533,2.969,1.264,1.906,0.1,0.0052,0.0137,-4.8118,-6.5332,approaching_wall
2026-07-09 12:31:58.921,pillar_wall_bad,pill_bad_03,negative,-0.4215,0.2376,-0.661,-0.0157,65.533,3.338,1.266,1.917,0.1,0.0096,0.0245,-4.8033,-6.5401,approaching_wall
2026-07-09 12:31:59.021,pillar_wall_bad,pill_bad_03,negative,0.7089,2.2253,-0.6898,-0.0015,65.533,3.279,1.242,1.921,0.1,0.0099,0.0395,-4.7917,-6.5498,approaching_wall
2026-07-09 12:31:59.121,pillar_wall_bad,pill_bad_03,negative,0.7089,2.2253,-0.6898,-0.0015,65.533,3.279,1.242,1.921,0.1,0.0099,0.0395,-4.7917,-6.5498,approaching_wall
2026-07-09 12:31:59.221,pillar_wall_bad,pill_bad_03,negative,0.0096,0.3377,1.6861,0.0218,65.533,3.244,1.226,1.934,0.1,0.0126,0.0869,-4.7508,-6.5738,approaching_wall
2026-07-09 12:31:59.320,pillar_wall_bad,pill_bad_03,negative,0.2874,0.3388,0.6227,0.0238,65.533,3.244,1.226,1.934,0.1,0.0111,0.1088,-4.73,-6.5818,approaching_wall
2026-07-09 12:31:59.421,pillar_wall_bad,pill_bad_03,negative,-0.0287,0.2237,-0.4215,0.0175,65.533,3.318,1.146,2.027,0.1,0.0072,0.1296,-4.7098,-6.5882,approaching_wall
2026-07-09 12:31:59.521,pillar_wall_bad,pill_bad_03,negative,-0.182,0.1683,0.1916,0.0256,65.533,2.963,1.092,2.069,0.1,0.0096,0.1542,-4.6855,-6.5946,approaching_wall
2026-07-09 12:31:59.620,pillar_wall_bad,pill_bad_03,negative,-0.0479,0.1055,-0.1724,0.0137,65.533,3.503,1.066,2.094,0.1,0.0061,0.1784,-4.6613,-6.5999,approaching_wall
2026-07-09 12:31:59.721,pillar_wall_bad,pill_bad_03,negative,0.2299,0.0575,0.0383,0.0221,65.533,3.54,1.044,2.122,0.1,0.0089,0.2015,-4.6378,-6.6039,approaching_wall
2026-07-09 12:31:59.820,pillar_wall_bad,pill_bad_03,negative,0.0766,0.0234,0.479,0.0248,65.533,3.577,1.013,2.167,0.1,0.009,0.2245,-4.6144,-6.6071,approaching_wall
2026-07-09 12:31:59.920,pillar_wall_bad,pill_bad_03,negative,0.0287,-0.0277,-0.8047,0.0162,65.533,3.614,0.978,2.197,0.1,0.0059,0.2473,-4.591,-6.6096,approaching_wall
2026-07-09 12:32:00.020,pillar_wall_bad,pill_bad_03,negative,-0.2395,-0.0202,0.1437,0.0221,65.533,3.543,0.945,2.23,0.1,0.0081,0.2705,-4.5672,-6.6116,approaching_wall
2026-07-09 12:32:00.120,pillar_wall_bad,pill_bad_03,negative,-0.297,-0.0426,1.5041,0.024,65.533,3.603,0.909,2.263,0.1,0.0084,0.2924,-4.5447,-6.613,approaching_wall
2026-07-09 12:32:00.220,pillar_wall_bad,pill_bad_03,negative,0.0479,0.0447,-0.4311,0.0233,65.533,2.404,0.877,2.357,0.1,0.0082,0.3165,-4.5199,-6.614,approaching_wall
2026-07-09 12:32:00.320,pillar_wall_bad,pill_bad_03,negative,-0.1916,-0.0277,-0.3449,0.0272,65.533,2.349,0.857,2.626,0.1,0.0089,0.3394,-4.4962,-6.6145,approaching_wall
2026-07-09 12:32:00.420,pillar_wall_bad,pill_bad_03,negative,0.2682,-0.0213,0.7568,0.0148,65.533,2.332,0.825,2.664,0.1,0.0052,0.3616,-4.4733,-6.6145,approaching_wall
2026-07-09 12:32:00.520,pillar_wall_bad,pill_bad_03,negative,-0.594,-0.0426,-0.1629,0.0205,65.533,2.317,0.796,2.69,0.1,0.0079,0.3833,-4.4509,-6.6142,approaching_wall
2026-07-09 12:32:00.620,pillar_wall_bad,pill_bad_03,negative,-0.7856,-0.0618,0.7856,0.0134,65.533,2.31,0.768,2.721,0.1,0.0051,0.4027,-4.4309,-6.6137,approaching_wall
2026-07-09 12:32:00.720,pillar_wall_bad,pill_bad_03,negative,-0.4407,-0.1704,0.594,0.0177,65.533,2.289,0.749,2.752,0.1,0.0075,0.4207,-4.4124,-6.6132,approaching_wall
2026-07-09 12:32:00.820,pillar_wall_bad,pill_bad_03,negative,-0.3257,-0.1704,0.5365,0.0158,65.533,2.285,0.722,2.768,0.1,0.0072,0.4371,-4.3956,-6.6129,approaching_wall
2026-07-09 12:32:00.921,pillar_wall_bad,pill_bad_03,negative,-0.182,-0.1896,0.4503,0.0123,65.533,2.282,0.702,2.791,0.1,0.0069,0.4527,-4.3797,-6.613,approaching_wall
2026-07-09 12:32:01.020,pillar_wall_bad,pill_bad_03,negative,-0.115,-0.278,0.1629,0.0131,65.533,2.266,0.691,2.806,0.1,0.0074,0.4674,-4.3649,-6.6134,approaching_wall
2026-07-09 12:32:01.120,pillar_wall_bad,pill_bad_03,negative,-0.364,-0.2535,-0.1533,0.0115,65.533,2.264,0.673,2.817,0.1,0.0071,0.4806,-4.3516,-6.6142,approaching_wall
2026-07-09 12:32:01.220,pillar_wall_bad,pill_bad_03,negative,-0.1341,-0.1406,0.7856,0.0105,65.533,2.254,0.655,2.836,0.1,0.0077,0.4937,-4.3385,-6.6153,approaching_wall
2026-07-09 12:32:01.320,pillar_wall_bad,pill_bad_03,negative,-0.1629,-0.2716,0.5269,0.0081,65.533,2.246,0.643,2.853,0.1,0.0073,0.5061,-4.3261,-6.6168,approaching_wall
2026-07-09 12:32:01.420,pillar_wall_bad,pill_bad_03,negative,-0.0958,-0.2706,0.6706,0.0038,65.533,2.242,0.627,2.863,0.1,0.005,0.5172,-4.3152,-6.6185,wall_following
2026-07-09 12:32:01.521,pillar_wall_bad,pill_bad_03,negative,-0.2682,-0.3292,0.0958,0.0075,65.533,2.259,0.618,2.884,0.1,0.0082,0.528,-4.3046,-6.6207,wall_following
2026-07-09 12:32:01.621,pillar_wall_bad,pill_bad_03,negative,-0.2108,-0.1832,0.115,0.0038,65.533,2.268,0.609,2.886,0.1,0.0051,0.5379,-4.295,-6.6231,wall_following
2026-07-09 12:32:01.720,pillar_wall_bad,pill_bad_03,negative,-0.0479,-0.1843,0.6131,0.0039,65.533,2.289,0.602,2.902,0.1,0.0083,0.5483,-4.2849,-6.626,wall_following
2026-07-09 12:32:01.821,pillar_wall_bad,pill_bad_03,negative,0.0575,-0.2045,0.0479,0.003,65.533,2.305,0.583,2.916,0.1,0.0079,0.5578,-4.2758,-6.6291,wall_following
2026-07-09 12:32:01.920,pillar_wall_bad,pill_bad_03,negative,-0.297,-0.3515,0.4407,0.002,65.533,2.307,0.58,2.917,0.1,0.0077,0.567,-4.2671,-6.6324,wall_following
2026-07-09 12:32:02.020,pillar_wall_bad,pill_bad_03,negative,-0.1245,-0.261,0.0287,0.0015,65.533,2.321,0.572,2.928,0.1,0.0051,0.5754,-4.2592,-6.636,wall_following
2026-07-09 12:32:02.120,pillar_wall_bad,pill_bad_03,negative,-0.1054,-0.2578,0.3161,0.0004,65.533,2.33,0.573,2.938,0.1,0.008,0.5838,-4.2514,-6.6399,wall_following
2026-07-09 12:32:02.220,pillar_wall_bad,pill_bad_03,negative,-0.1916,-0.1811,0.297,0.0017,65.533,2.34,0.558,2.942,0.1,0.0092,0.5921,-4.2438,-6.6441,wall_following
2026-07-09 12:32:02.321,pillar_wall_bad,pill_bad_03,negative,-0.0958,-0.2567,0.7568,0.0004,65.533,2.335,0.561,2.951,0.1,0.0059,0.5968,-4.2395,-6.6466,wall_following
2026-07-09 12:32:02.420,pillar_wall_bad,pill_bad_03,negative,0.2203,0.0,0.2874,0.0001,65.533,2.353,0.552,2.948,0.1,0.0065,0.6076,-4.2297,-6.6527,wall_following
2026-07-09 12:32:02.520,pillar_wall_bad,pill_bad_03,negative,-0.0958,-0.1193,0.2395,0.0007,65.533,2.361,0.545,2.953,0.1,0.0084,0.615,-4.2231,-6.6572,wall_following
2026-07-09 12:32:02.621,pillar_wall_bad,pill_bad_03,negative,-0.2874,-0.2131,0.0862,-0.0003,65.533,2.367,0.546,2.973,0.1,0.006,0.6221,-4.2168,-6.6617,wall_following
2026-07-09 12:32:02.721,pillar_wall_bad,pill_bad_03,negative,0.1533,0.0011,0.4024,0.0001,65.533,2.373,0.542,2.964,0.1,0.0073,0.6294,-4.2104,-6.6665,wall_following
2026-07-09 12:32:02.820,pillar_wall_bad,pill_bad_03,negative,-0.1916,-0.6125,1.0634,-0.0023,65.533,2.381,0.539,2.966,0.1,0.0052,0.6356,-4.205,-6.6707,wall_following
2026-07-09 12:32:02.921,pillar_wall_bad,pill_bad_03,negative,-0.3928,-0.5934,0.8335,-0.0018,65.533,2.382,0.533,2.968,0.1,0.0005,0.6382,-4.2029,-6.6728,wall_following
2026-07-09 12:32:03.020,pillar_wall_bad,pill_bad_03,negative,0.4982,2.6877,-1.2837,0.0007,65.533,2.375,0.538,2.969,0.1,-0.0011,0.6379,-4.2031,-6.6725,wall_following
2026-07-09 12:32:03.120,pillar_wall_bad,pill_bad_03,negative,-0.2587,-0.0916,-0.182,-0.0002,65.533,2.38,0.539,2.969,0.1,-0.0002,0.637,-4.2038,-6.6715,wall_following
2026-07-09 12:32:03.221,pillar_wall_bad,pill_bad_03,negative,-0.1724,0.0341,0.8526,-0.0002,65.533,2.376,0.535,2.962,0.1,0.0008,0.6373,-4.2036,-6.6718,wall_following
2026-07-09 12:32:03.320,pillar_wall_bad,pill_bad_03,negative,-0.2587,-0.0021,0.4598,0.0001,65.533,2.372,0.531,2.969,0.1,-0.0002,0.6374,-4.2035,-6.6719,wall_following
2026-07-09 12:32:03.420,pillar_wall_bad,pill_bad_03,negative,-0.1916,-0.2684,0.6323,-0.0016,65.533,2.374,0.537,2.968,0.1,0.0008,0.6375,-4.2034,-6.672,wall_following
2026-07-09 12:32:03.521,pillar_wall_bad,pill_bad_03,negative,0.4982,2.6877,-1.2837,-0.0032,65.533,2.37,0.53,2.955,0.1,0.0053,0.64,-4.2014,-6.6744,wall_following
2026-07-09 12:32:03.621,pillar_wall_bad,pill_bad_03,negative,-0.3066,-0.032,-0.4215,-0.0034,65.533,2.372,0.539,2.967,0.1,0.0094,0.6451,-4.1975,-6.6799,wall_following
2026-07-09 12:32:03.721,pillar_wall_bad,pill_bad_03,negative,-0.364,-0.0075,-0.2491,-0.002,65.533,2.365,0.541,2.968,0.1,0.0091,0.6531,-4.1915,-6.6889,wall_following
2026-07-09 12:32:03.820,pillar_wall_bad,pill_bad_03,negative,-0.3353,0.0096,-0.1916,-0.0038,65.533,2.367,0.543,2.965,0.1,0.019,0.6649,-4.1828,-6.7022,wall_following
2026-07-09 12:32:03.921,pillar_wall_bad,pill_bad_03,negative,-0.3832,-0.0671,-0.1629,-0.0034,65.533,2.368,0.539,2.962,0.1,0.0155,0.6784,-4.173,-6.7172,wall_following
2026-07-09 12:32:04.020,pillar_wall_bad,pill_bad_03,negative,-0.4503,-0.0373,-0.297,-0.0053,65.533,2.366,0.542,2.961,0.1,0.0266,0.6949,-4.1613,-6.7356,wall_following
2026-07-09 12:32:04.121,pillar_wall_bad,pill_bad_03,negative,0.1245,0.0107,0.843,-0.0047,65.533,2.365,0.537,2.963,0.1,0.0226,0.7121,-4.1494,-6.7547,wall_following
2026-07-09 12:32:04.220,pillar_wall_bad,pill_bad_03,negative,-0.5652,0.1438,1.1017,-0.0041,65.533,5.278,0.544,2.966,0.1,0.0169,0.7249,-4.1407,-6.7686,wall_following
2026-07-09 12:32:04.320,pillar_wall_bad,pill_bad_03,negative,-0.297,-0.1023,0.1341,-0.0057,65.533,5.231,0.535,2.968,0.1,0.0161,0.7364,-4.1328,-6.7808,wall_following
2026-07-09 12:32:04.420,pillar_wall_bad,pill_bad_03,negative,0.0479,0.3249,-2.0501,-0.0067,65.533,5.244,0.544,2.961,0.1,0.0193,0.7518,-4.1227,-6.7976,wall_following
2026-07-09 12:32:04.521,pillar_wall_bad,pill_bad_03,negative,1.14,0.1598,-0.4982,-0.0063,65.533,5.262,0.539,2.965,0.1,0.0237,0.774,-4.1079,-6.8206,wall_following
2026-07-09 12:32:04.621,pillar_wall_bad,pill_bad_03,negative,0.7951,0.4304,0.1054,-0.0052,65.533,5.262,0.533,2.965,0.1,0.0372,0.8016,-4.0888,-6.8462,wall_following
2026-07-09 12:32:04.720,pillar_wall_bad,pill_bad_03,negative,-0.3353,-0.0373,0.364,-0.0061,65.533,5.236,0.504,2.98,0.1,0.0255,0.8315,-4.0675,-6.8719,wall_following
2026-07-09 12:32:04.821,pillar_wall_bad,pill_bad_03,negative,-0.2491,-0.0202,-0.7281,-0.0121,65.533,5.221,0.494,3.005,0.1,0.0453,0.866,-4.0431,-6.9012,wall_following
2026-07-09 12:32:04.920,pillar_wall_bad,pill_bad_03,negative,-0.1054,-0.0064,-1.5807,-0.0114,65.533,5.189,0.486,3.013,0.1,0.0488,0.9045,-4.0161,-6.9336,wall_following
2026-07-09 12:32:05.020,pillar_wall_bad,pill_bad_03,negative,-0.7472,-0.2802,-0.2108,-0.018,65.533,5.172,0.466,3.024,0.1,0.0528,0.9454,-3.9881,-6.9685,wall_following
2026-07-09 12:32:05.121,pillar_wall_bad,pill_bad_03,negative,-0.8622,-0.3686,-1.5616,-0.0158,54.051,5.012,0.458,3.035,0.1,0.0374,0.9871,-3.9611,-7.0064,wall_following
2026-07-09 12:32:05.220,pillar_wall_bad,pill_bad_03,negative,0.4311,-0.2642,-1.3508,-0.023,65.533,4.934,0.445,3.055,0.1,0.0546,1.029,-3.9365,-7.0478,wall_following
2026-07-09 12:32:05.320,pillar_wall_bad,pill_bad_03,negative,-0.2108,-0.2248,1.0921,-0.014,65.533,4.826,0.434,3.062,0.1,0.031,1.0638,-3.9185,-7.0854,wall_following
2026-07-09 12:32:05.420,pillar_wall_bad,pill_bad_03,negative,0.3066,-0.3451,0.6993,-0.0228,65.533,4.787,0.436,3.064,0.1,0.0443,1.0948,-3.9042,-7.1208,wall_following
2026-07-09 12:32:05.521,pillar_wall_bad,pill_bad_03,negative,0.2012,0.0383,1.2454,-0.0127,65.533,4.724,0.434,3.067,0.1,0.0298,1.1224,-3.8928,-7.1537,wall_following
2026-07-09 12:32:05.621,pillar_wall_bad,pill_bad_03,negative,-0.5077,-0.3558,1.0346,-0.0171,65.533,4.632,0.435,3.069,0.1,0.0304,1.1499,-3.8823,-7.187,wall_following
2026-07-09 12:32:05.721,pillar_wall_bad,pill_bad_03,negative,0.1916,-0.1246,-1.0442,-0.0218,65.533,4.605,0.434,3.064,0.1,0.0337,1.18,-3.8721,-7.2244,wall_following
2026-07-09 12:32:05.820,pillar_wall_bad,pill_bad_03,negative,0.6898,0.4325,0.2778,-0.0331,65.533,4.431,0.438,3.067,0.1,0.0559,1.2148,-3.8614,-7.2681,wall_following
2026-07-09 12:32:05.920,pillar_wall_bad,pill_bad_03,negative,0.2682,-0.0895,-0.4694,-0.0307,65.533,4.368,0.436,3.063,0.1,0.0568,1.2528,-3.85,-7.315,wall_following
2026-07-09 12:32:06.020,pillar_wall_bad,pill_bad_03,negative,-0.1916,0.179,-1.0346,-0.0332,65.533,4.328,0.434,3.068,0.1,0.0612,1.2924,-3.8393,-7.3642,wall_following
2026-07-09 12:32:06.120,pillar_wall_bad,pill_bad_03,negative,0.776,-0.0266,2.3854,-0.0249,65.533,4.277,0.439,3.083,0.1,0.0458,1.3353,-3.8285,-7.4171,wall_following
2026-07-09 12:32:06.220,pillar_wall_bad,pill_bad_03,negative,-1.1496,-0.261,2.4908,-0.0266,65.533,4.232,0.445,3.062,0.1,0.0466,1.3797,-3.8188,-7.4723,wall_following
2026-07-09 12:32:06.321,pillar_wall_bad,pill_bad_03,negative,-0.7856,-0.0256,-0.2491,-0.0287,65.533,4.167,0.442,3.057,0.1,0.0431,1.4209,-3.8124,-7.525,wall_following
2026-07-09 12:32:06.420,pillar_wall_bad,pill_bad_03,negative,-0.4024,-0.1225,0.8047,-0.0406,65.533,4.113,0.454,3.061,0.1,0.059,1.4576,-3.8088,-7.5731,wall_following
2026-07-09 12:32:06.521,pillar_wall_bad,pill_bad_03,negative,-0.2299,-0.1108,0.4024,-0.0317,65.533,4.078,0.454,3.049,0.1,0.0451,1.4895,-3.8073,-7.6157,wall_following
2026-07-09 12:32:06.620,pillar_wall_bad,pill_bad_03,negative,-0.3928,0.0032,1.8298,-0.0263,65.533,4.045,0.309,3.034,0.05,0.0394,1.5182,-3.8072,-7.6547,obstacle_detected
2026-07-09 12:32:06.720,pillar_wall_bad,pill_bad_03,negative,0.5748,0.1342,-0.5365,-0.0233,65.533,4.004,0.306,3.041,0.05,0.0386,1.5456,-3.8081,-7.6921,obstacle_detected
2026-07-09 12:32:06.820,pillar_wall_bad,pill_bad_03,negative,-0.2874,0.0447,0.7377,-0.0189,65.533,3.965,0.316,3.035,0.05,0.0342,1.5697,-3.8093,-7.7249,obstacle_detected
2026-07-09 12:32:06.920,pillar_wall_bad,pill_bad_03,negative,0.1245,-0.0352,0.0958,-0.0114,65.533,3.951,0.319,3.022,0.05,0.0182,1.5903,-3.8111,-7.7532,obstacle_detected
2026-07-09 12:32:07.020,pillar_wall_bad,pill_bad_03,negative,0.4982,2.6877,-1.2837,-0.0154,65.533,3.978,0.323,1.734,0.05,0.0287,1.6089,-3.8131,-7.7789,obstacle_detected
2026-07-09 12:32:07.120,pillar_wall_bad,pill_bad_03,negative,-0.4311,-0.2152,0.1341,-0.0155,65.533,3.957,0.333,1.732,0.08,0.0246,1.6243,-3.8152,-7.8003,obstacle_avoidance
2026-07-09 12:32:07.220,pillar_wall_bad,pill_bad_03,negative,-0.3736,-0.6658,0.9293,-0.0104,65.533,3.955,0.315,1.722,0.08,0.0136,1.6357,-3.8177,-7.8168,obstacle_avoidance
2026-07-09 12:32:07.320,pillar_wall_bad,pill_bad_03,negative,-0.3161,-0.9928,0.9963,-0.0167,65.533,3.935,0.337,1.722,0.08,0.0165,1.6433,-3.8213,-7.8292,obstacle_avoidance
2026-07-09 12:32:07.421,pillar_wall_bad,pill_bad_03,negative,-0.4694,-1.3018,0.1629,-0.0202,65.533,3.902,0.342,1.72,0.08,0.0148,1.6493,-3.8275,-7.8415,obstacle_avoidance
2026-07-09 12:32:07.520,pillar_wall_bad,pill_bad_03,negative,-0.7377,-1.1761,0.0287,-0.0216,65.533,3.85,0.363,1.702,0.08,0.012,1.6521,-3.839,-7.8536,obstacle_avoidance
2026-07-09 12:32:07.621,pillar_wall_bad,pill_bad_03,negative,-0.4215,-0.9033,-0.7185,-0.0312,65.533,3.8,0.533,1.679,0.08,0.0141,1.6507,-3.8517,-7.8612,obstacle_avoidance
2026-07-09 12:32:07.720,pillar_wall_bad,pill_bad_03,negative,-0.5173,-0.5273,0.4982,-0.0326,65.533,3.768,0.57,1.657,0.08,0.0127,1.6445,-3.8735,-7.8693,obstacle_avoidance
2026-07-09 12:32:07.821,pillar_wall_bad,pill_bad_03,negative,-0.5077,-0.4421,-0.0958,-0.0355,65.533,3.744,0.609,1.615,0.08,0.0098,1.633,-3.9013,-7.8746,obstacle_avoidance
2026-07-09 12:32:07.920,pillar_wall_bad,pill_bad_03,negative,-0.6323,-0.2322,0.5556,-0.0269,65.533,3.715,0.642,1.58,0.08,0.0068,1.6184,-3.9308,-7.8769,obstacle_avoidance
2026-07-09 12:32:08.020,pillar_wall_bad,pill_bad_03,negative,-0.1341,-0.1854,-0.1533,-0.0402,65.533,3.66,0.673,1.541,0.08,0.0092,1.604,-3.9575,-7.8771,obstacle_avoidance
2026-07-09 12:32:08.120,pillar_wall_bad,pill_bad_03,negative,-0.3066,-0.0927,0.4503,-0.0432,65.533,3.67,0.706,1.504,0.08,0.0084,1.5889,-3.983,-7.8754,obstacle_avoidance
2026-07-09 12:32:08.220,pillar_wall_bad,pill_bad_03,negative,-0.1245,-0.0607,1.2646,-0.0329,65.533,3.626,0.744,1.464,0.08,0.0066,1.5715,-4.0109,-7.8721,obstacle_avoidance
2026-07-09 12:32:08.321,pillar_wall_bad,pill_bad_03,negative,-0.3928,-0.0394,-0.1437,-0.0259,65.533,3.626,0.781,1.436,0.08,0.0051,1.5544,-4.0373,-7.868,obstacle_avoidance
2026-07-09 12:32:08.420,pillar_wall_bad,pill_bad_03,negative,0.0766,0.0043,1.734,-0.0334,65.533,3.585,0.818,1.399,0.08,0.0062,1.5365,-4.0639,-7.8627,obstacle_avoidance
2026-07-09 12:32:08.520,pillar_wall_bad,pill_bad_03,negative,-0.1629,0.0298,1.2071,-0.0234,65.533,3.731,0.856,1.359,0.08,0.0041,1.5186,-4.0897,-7.8566,obstacle_avoidance
2026-07-09 12:32:08.620,pillar_wall_bad,pill_bad_03,negative,-0.297,-0.1129,0.1341,-0.0413,65.533,3.674,0.889,1.33,0.08,0.0071,1.4995,-4.116,-7.8492,obstacle_avoidance
2026-07-09 12:32:08.721,pillar_wall_bad,pill_bad_03,negative,-0.0575,0.017,1.2167,-0.0412,65.533,3.576,0.926,1.292,0.08,0.0072,1.4803,-4.1417,-7.841,obstacle_avoidance
2026-07-09 12:32:08.820,pillar_wall_bad,pill_bad_03,negative,0.4982,2.6877,-1.2837,-0.0263,10.768,3.513,0.964,1.256,0.08,0.0046,1.4609,-4.1667,-7.832,obstacle_avoidance
2026-07-09 12:32:08.921,pillar_wall_bad,pill_bad_03,negative,0.0383,-0.0362,0.8622,-0.0381,10.761,3.502,0.999,1.216,0.08,0.0067,1.4406,-4.1921,-7.822,obstacle_avoidance
2026-07-09 12:32:09.021,pillar_wall_bad,pill_bad_03,negative,0.5748,0.0149,0.843,-0.0366,10.753,3.489,1.046,1.183,0.08,0.0068,1.4205,-4.2164,-7.8114,obstacle_avoidance
2026-07-09 12:32:09.120,pillar_wall_bad,pill_bad_03,negative,-0.3449,-0.0011,-1.1879,-0.0356,10.738,3.48,1.073,1.141,0.08,0.0063,1.3997,-4.2409,-7.7998,obstacle_avoidance
2026-07-09 12:32:09.220,pillar_wall_bad,pill_bad_03,negative,-0.2299,-0.0011,-0.4024,-0.027,5.619,3.464,1.106,1.107,0.08,0.0051,1.3788,-4.2646,-7.7876,obstacle_avoidance
2026-07-09 12:32:09.320,pillar_wall_bad,pill_bad_03,negative,-0.4503,-0.0778,1.3795,-0.0251,5.545,3.494,1.155,1.065,0.08,0.0046,1.3576,-4.2881,-7.7747,obstacle_avoidance
2026-07-09 12:32:09.420,pillar_wall_bad,pill_bad_03,negative,-0.1437,0.0096,-0.776,-0.0409,5.529,3.505,1.195,1.031,0.08,0.0075,1.3358,-4.3114,-7.7609,obstacle_avoidance
2026-07-09 12:32:09.520,pillar_wall_bad,pill_bad_03,negative,0.0,-0.0298,0.5365,-0.0249,5.419,3.535,1.236,0.997,0.08,0.0047,1.3141,-4.3338,-7.7466,obstacle_avoidance
2026-07-09 12:32:09.621,pillar_wall_bad,pill_bad_03,negative,0.2203,-0.0138,0.2682,-0.0372,5.511,3.564,1.277,0.949,0.08,0.0069,1.2923,-4.3556,-7.7318,wall_reacquired
2026-07-09 12:32:09.721,pillar_wall_bad,pill_bad_03,negative,-0.1724,0.0256,2.1076,-0.0211,5.47,3.588,1.309,0.916,0.08,0.0039,1.2735,-4.3738,-7.7187,wall_reacquired
2026-07-09 12:32:09.820,pillar_wall_bad,pill_bad_03,negative,0.0096,0.2205,0.9772,-0.0261,5.436,3.565,1.334,0.886,0.08,0.0051,1.2577,-4.3888,-7.7074,wall_reacquired
2026-07-09 12:32:09.921,pillar_wall_bad,pill_bad_03,negative,-0.2108,0.3004,0.6993,-0.0177,5.43,3.543,1.354,0.878,0.08,0.0042,1.2456,-4.4004,-7.6988,wall_reacquired
2026-07-09 12:32:10.020,pillar_wall_bad,pill_bad_03,negative,-0.0862,0.5539,0.8622,-0.0147,65.533,3.515,1.369,0.85,0.08,0.0039,1.2357,-4.4102,-7.6918,wall_reacquired
2026-07-09 12:32:10.120,pillar_wall_bad,pill_bad_03,negative,0.4982,2.6877,-1.2837,-0.0085,65.533,3.477,1.376,0.838,0.08,0.0032,1.2296,-4.4169,-7.6876,wall_reacquired
2026-07-09 12:32:10.220,pillar_wall_bad,pill_bad_03,negative,0.0575,1.485,-0.5556,-0.0042,65.533,3.444,1.377,0.83,0.08,0.0027,1.2262,-4.4212,-7.6856,wall_reacquired
2026-07-09 12:32:10.320,pillar_wall_bad,pill_bad_03,negative,0.6227,2.1124,0.5173,0.0031,10.712,3.39,1.381,0.834,0.08,0.0031,1.225,-4.4242,-7.6853,wall_reacquired
2026-07-09 12:32:10.420,pillar_wall_bad,pill_bad_03,negative,0.1629,0.5177,1.849,-0.0018,10.68,3.334,1.374,0.85,0.08,0.0032,1.2247,-4.427,-7.686,wall_reacquired
2026-07-09 12:32:10.520,pillar_wall_bad,pill_bad_03,negative,-0.364,-0.0266,1.6478,-0.0002,10.654,3.318,1.376,0.948,0.08,-0.0001,1.2248,-4.4287,-7.6867,wall_reacquired
2026-07-09 12:32:10.621,pillar_wall_bad,pill_bad_03,negative,-0.182,-0.0458,0.182,-0.0001,10.642,3.326,1.377,0.976,0.08,-0.001,1.2248,-4.428,-7.6864,wall_reacquired
2026-07-09 12:32:10.720,pillar_wall_bad,pill_bad_03,negative,-0.0383,0.0011,0.4119,0.0,10.675,3.32,1.374,0.92,0.08,0.0003,1.2248,-4.4276,-7.6863,wall_reacquired
2026-07-09 12:32:10.820,pillar_wall_bad,pill_bad_03,negative,-0.1629,-0.0064,0.9101,-0.0001,10.647,3.328,1.374,0.941,0.08,0.0001,1.2248,-4.4279,-7.6864,wall_reacquired
2026-07-09 12:32:10.921,pillar_wall_bad,pill_bad_03,negative,-0.1245,0.0149,0.3449,-0.0,10.659,3.328,1.376,0.937,0.08,-0.0001,1.2248,-4.4278,-7.6863,wall_reacquired
2026-07-09 12:32:11.020,pillar_wall_bad,pill_bad_03,negative,-0.1341,-0.0426,0.5461,0.0,10.655,3.328,1.377,0.931,0.08,0.0001,1.2248,-4.4279,-7.6864,wall_reacquired
2026-07-09 12:32:11.120,pillar_wall_bad,pill_bad_03,negative,-0.115,0.0362,0.1437,0.0,10.667,3.325,1.374,0.946,0.1,-0.0001,1.2249,-4.4278,-7.6864,approaching_wall
2026-07-09 12:32:11.221,pillar_wall_bad,pill_bad_03,negative,-0.2491,0.0181,0.0766,-0.0,10.641,3.33,1.373,0.933,0.1,0.0,1.2248,-4.4279,-7.6864,approaching_wall
2026-07-09 12:32:11.320,pillar_wall_bad,pill_bad_03,negative,-0.0766,-0.0501,0.661,-0.0,10.669,3.321,1.371,0.929,0.1,-0.0,1.2249,-4.4278,-7.6864,approaching_wall
2026-07-09 12:32:11.420,pillar_wall_bad,pill_bad_03,negative,-0.0862,0.0053,0.4886,0.0,10.667,3.339,1.371,0.93,0.1,-0.0,1.2248,-4.4279,-7.6864,approaching_wall
2026-07-09 12:32:11.521,pillar_wall_bad,pill_bad_03,negative,-0.2108,-0.0021,-0.0192,-0.0,10.658,3.319,1.374,0.93,0.1,0.0,1.2248,-4.4279,-7.6864,approaching_wall
2026-07-09 12:32:11.620,pillar_wall_bad,pill_bad_03,negative,-0.2203,0.0202,0.5556,0.0,10.649,3.326,1.374,0.922,0.1,-0.0,1.2248,-4.4279,-7.6864,approaching_wall
2026-07-09 12:32:11.720,pillar_wall_bad,pill_bad_03,negative,-0.1245,0.0096,0.182,-0.0,10.679,3.335,1.372,0.942,0.1,0.0,1.2248,-4.4279,-7.6864,approaching_wall
2026-07-09 12:32:11.820,pillar_wall_bad,pill_bad_03,negative,-0.1054,0.0,0.4982,0.0,10.653,3.334,1.372,0.927,0.1,0.0,1.2248,-4.4279,-7.6864,approaching_wall
2026-07-09 12:32:11.921,pillar_wall_bad,pill_bad_03,negative,1.1688,2.4938,0.8143,0.0061,10.663,3.335,1.369,0.949,0.1,0.0014,1.2249,-4.4278,-7.6864,approaching_wall
2026-07-09 12:32:12.021,pillar_wall_bad,pill_bad_03,negative,-0.0862,0.6328,4.2536,0.0023,65.533,3.275,1.36,1.128,0.1,0.0079,1.2268,-4.4306,-7.6894,approaching_wall
2026-07-09 12:32:12.120,pillar_wall_bad,pill_bad_03,negative,0.1054,0.9971,-0.6131,0.0028,65.533,3.243,1.363,2.125,0.1,0.0108,1.2326,-4.4362,-7.6974,approaching_wall
2026-07-09 12:32:12.221,pillar_wall_bad,pill_bad_03,negative,1.1113,0.8511,0.0766,0.0063,65.533,3.295,1.345,2.099,0.1,0.0128,1.2417,-4.4409,-7.7085,approaching_wall
2026-07-09 12:32:12.320,pillar_wall_bad,pill_bad_03,negative,-0.5077,0.7808,-0.5461,0.0068,65.533,3.077,1.324,2.154,0.1,0.0131,1.2555,-4.4441,-7.7241,approaching_wall
2026-07-09 12:32:12.421,pillar_wall_bad,pill_bad_03,negative,0.7377,0.3782,0.7472,0.0136,65.533,3.125,1.308,2.186,0.1,0.0128,1.2752,-4.4446,-7.7449,approaching_wall
2026-07-09 12:32:12.521,pillar_wall_bad,pill_bad_03,negative,0.5652,0.538,0.115,0.0081,65.533,3.277,1.295,1.927,0.1,0.0079,1.2956,-4.4426,-7.7656,approaching_wall
2026-07-09 12:32:12.620,pillar_wall_bad,pill_bad_03,negative,-0.1054,0.4378,-0.0958,0.0215,65.533,3.416,1.262,2.244,0.1,0.0114,1.3196,-4.4376,-7.7892,approaching_wall
2026-07-09 12:32:12.720,pillar_wall_bad,pill_bad_03,negative,0.1341,0.3654,0.2012,0.0141,65.533,3.541,1.232,2.275,0.1,0.0069,1.3428,-4.4308,-7.8113,approaching_wall
2026-07-09 12:32:12.821,pillar_wall_bad,pill_bad_03,negative,0.3832,0.3782,1.6574,0.0159,65.533,3.601,1.2,2.307,0.1,0.0067,1.3649,-4.423,-7.8321,approaching_wall
2026-07-09 12:32:12.920,pillar_wall_bad,pill_bad_03,negative,0.4982,2.6877,-1.2837,0.0219,65.533,3.604,1.175,2.339,0.1,0.0085,1.3906,-4.4132,-7.8559,approaching_wall
2026-07-09 12:32:13.020,pillar_wall_bad,pill_bad_03,negative,0.4982,2.6877,-1.2837,0.0238,65.533,3.628,1.141,2.368,0.1,0.0084,1.4143,-4.4035,-7.8778,approaching_wall
2026-07-09 12:32:13.120,pillar_wall_bad,pill_bad_03,negative,0.0096,-0.0362,-0.3161,0.018,65.533,3.687,1.105,2.397,0.1,0.0059,1.4373,-4.3938,-7.8988,approaching_wall
2026-07-09 12:32:13.220,pillar_wall_bad,pill_bad_03,negative,-0.1724,-0.0085,0.7185,0.024,65.533,3.759,1.066,2.431,0.1,0.0089,1.4607,-4.3836,-7.9201,approaching_wall
2026-07-09 12:32:13.321,pillar_wall_bad,pill_bad_03,negative,0.2778,0.0565,-2.6441,0.0174,65.533,3.811,1.042,2.466,0.1,0.0062,1.4841,-4.3729,-7.9413,approaching_wall
2026-07-09 12:32:13.420,pillar_wall_bad,pill_bad_03,negative,-0.4119,0.0618,-1.0346,0.0249,9.881,3.881,1.004,1.828,0.1,0.0092,1.5078,-4.3616,-7.9625,approaching_wall
2026-07-09 12:32:13.520,pillar_wall_bad,pill_bad_03,negative,0.0958,0.0479,-0.4982,0.0172,9.875,3.931,0.978,2.015,0.1,0.0064,1.5306,-4.3502,-7.9828,approaching_wall
2026-07-09 12:32:13.620,pillar_wall_bad,pill_bad_03,negative,0.6898,0.0181,0.6514,0.0252,9.86,3.989,0.942,2.57,0.1,0.0088,1.5539,-4.3379,-8.0033,approaching_wall
2026-07-09 12:32:13.721,pillar_wall_bad,pill_bad_03,negative,-0.0287,0.0362,-0.3545,0.0242,9.83,4.043,0.913,2.589,0.1,0.0088,1.5769,-4.3253,-8.0234,approaching_wall
2026-07-09 12:32:13.821,pillar_wall_bad,pill_bad_03,negative,0.4982,2.6877,-1.2837,0.0229,9.83,4.096,0.883,2.629,0.1,0.0081,1.5999,-4.3122,-8.0432,approaching_wall
2026-07-09 12:32:13.921,pillar_wall_bad,pill_bad_03,negative,-0.182,0.0778,-1.0059,0.0214,9.805,4.155,0.858,2.654,0.1,0.0079,1.6224,-4.2989,-8.0625,approaching_wall
2026-07-09 12:32:14.021,pillar_wall_bad,pill_bad_03,negative,-0.0671,-0.1012,-0.7472,0.0215,6.832,4.21,0.818,2.68,0.1,0.0074,1.6443,-4.2855,-8.081,approaching_wall
2026-07-09 12:32:14.121,pillar_wall_bad,pill_bad_03,negative,0.0383,-0.1534,1.1879,0.0211,6.803,4.253,0.783,2.719,0.1,0.0081,1.6641,-4.2731,-8.0977,approaching_wall
2026-07-09 12:32:14.220,pillar_wall_bad,pill_bad_03,negative,-0.2012,-0.0117,0.6514,0.0174,6.783,4.256,0.762,2.737,0.1,0.0069,1.682,-4.2618,-8.1127,approaching_wall
2026-07-09 12:32:14.321,pillar_wall_bad,pill_bad_03,negative,-0.297,-0.1406,0.594,0.01,6.79,4.275,0.732,2.766,0.1,0.0044,1.6985,-4.2513,-8.1264,approaching_wall
2026-07-09 12:32:14.420,pillar_wall_bad,pill_bad_03,negative,-0.1629,-0.1949,0.1341,0.013,6.765,4.285,0.72,2.794,0.1,0.0073,1.7142,-4.2416,-8.1396,approaching_wall
2026-07-09 12:32:14.520,pillar_wall_bad,pill_bad_03,negative,-0.1724,-0.2194,0.1724,0.0113,6.774,4.285,0.698,2.805,0.1,0.007,1.7286,-4.2331,-8.1519,approaching_wall
2026-07-09 12:32:14.621,pillar_wall_bad,pill_bad_03,negative,-0.1916,-0.3345,0.1724,0.0126,6.768,4.281,0.678,2.819,0.1,0.0073,1.7425,-4.2253,-8.1638,approaching_wall
2026-07-09 12:32:14.720,pillar_wall_bad,pill_bad_03,negative,-0.0862,-0.294,0.8526,0.0094,6.746,4.264,0.664,2.841,0.1,0.0068,1.7554,-4.2186,-8.1751,approaching_wall
2026-07-09 12:32:14.821,pillar_wall_bad,pill_bad_03,negative,-0.1916,-0.2642,0.7089,0.0088,6.725,4.237,0.648,2.854,0.1,0.0072,1.7673,-4.2129,-8.1857,approaching_wall
2026-07-09 12:32:14.921,pillar_wall_bad,pill_bad_03,negative,-0.1533,-0.2216,0.4407,0.006,5.229,4.241,0.637,2.879,0.1,0.0055,1.7781,-4.2081,-8.1954,wall_following
2026-07-09 12:32:15.021,pillar_wall_bad,pill_bad_03,negative,-0.2299,-0.3622,0.3257,0.0036,5.217,4.228,0.628,2.883,0.1,0.0053,1.7899,-4.2033,-8.2062,wall_following
2026-07-09 12:32:15.120,pillar_wall_bad,pill_bad_03,negative,-0.1629,-0.2855,-0.0096,0.0038,5.219,4.229,0.619,2.896,0.1,0.0073,1.8005,-4.1993,-8.216,wall_following
2026-07-09 12:32:15.220,pillar_wall_bad,pill_bad_03,negative,-0.1533,-0.2141,0.3449,0.0027,5.221,4.238,0.6,2.912,0.1,0.0052,1.8102,-4.1961,-8.2252,wall_following
2026-07-09 12:32:15.320,pillar_wall_bad,pill_bad_03,negative,0.4982,2.6877,-1.2837,0.0027,5.218,4.24,0.596,2.916,0.1,0.0057,1.8203,-4.193,-8.2348,wall_following
2026-07-09 12:32:15.421,pillar_wall_bad,pill_bad_03,negative,-0.1724,-0.2834,0.4982,0.0025,5.212,4.217,0.585,2.935,0.1,0.0076,1.829,-4.1908,-8.2433,wall_following
2026-07-09 12:32:15.520,pillar_wall_bad,pill_bad_03,negative,-0.2587,-0.1726,0.5844,0.0018,5.2,4.189,0.575,2.931,0.1,0.0047,1.8378,-4.1889,-8.252,wall_following
2026-07-09 12:32:15.621,pillar_wall_bad,pill_bad_03,negative,0.0766,-0.212,0.9772,0.0018,5.209,4.172,0.571,2.952,0.1,0.008,1.8465,-4.1875,-8.2607,wall_following
2026-07-09 12:32:15.721,pillar_wall_bad,pill_bad_03,negative,-0.0575,-0.2024,0.4215,0.001,5.209,4.175,0.569,2.95,0.1,0.0057,1.8533,-4.1865,-8.2676,wall_following
2026-07-09 12:32:15.820,pillar_wall_bad,pill_bad_03,negative,0.0287,-0.1076,0.7664,0.0007,5.212,4.129,0.557,2.961,0.1,0.0054,1.8633,-4.1855,-8.2779,wall_following
2026-07-09 12:32:15.921,pillar_wall_bad,pill_bad_03,negative,-0.3353,-0.3696,0.7951,-0.0007,5.203,4.134,0.548,2.96,0.1,0.0079,1.8701,-4.1851,-8.285,wall_following
2026-07-09 12:32:16.020,pillar_wall_bad,pill_bad_03,negative,0.0671,-0.6179,1.7053,-0.0016,5.193,4.149,0.548,2.968,0.1,0.0059,1.8781,-4.1852,-8.2935,wall_following
2026-07-09 12:32:16.121,pillar_wall_bad,pill_bad_03,negative,0.5652,0.1374,-0.594,0.0058,5.199,4.141,0.54,2.97,0.1,0.0001,1.8809,-4.1856,-8.2966,wall_following
2026-07-09 12:32:16.221,pillar_wall_bad,pill_bad_03,negative,0.5844,2.1529,1.3987,0.0161,5.188,4.099,0.54,2.973,0.1,-0.0006,1.8802,-4.1853,-8.2958,wall_following
2026-07-09 12:32:16.320,pillar_wall_bad,pill_bad_03,negative,0.0958,0.5507,-0.0958,0.0111,5.202,4.06,0.533,2.99,0.1,0.001,1.8807,-4.1848,-8.2961,wall_following
2026-07-09 12:32:16.421,pillar_wall_bad,pill_bad_03,negative,0.5652,1.8962,0.6323,0.0229,5.163,4.045,0.533,2.978,0.1,0.0021,1.8832,-4.1836,-8.2984,wall_following
2026-07-09 12:32:16.520,pillar_wall_bad,pill_bad_03,negative,0.4982,2.6877,-1.2837,0.017,4.16,65.533,0.526,3.003,0.1,0.0011,1.8863,-4.1818,-8.301,wall_following
2026-07-09 12:32:16.620,pillar_wall_bad,pill_bad_03,negative,-0.1245,0.3941,-0.0479,0.0352,3.295,65.533,0.501,3.032,0.1,0.0008,1.8888,-4.1799,-8.303,wall_following
2026-07-09 12:32:16.720,pillar_wall_bad,pill_bad_03,negative,0.3353,0.3547,0.0192,0.0495,2.46,65.533,0.496,3.074,0.1,-0.0002,1.8907,-4.1776,-8.3042,wall_following
2026-07-09 12:32:16.821,pillar_wall_bad,pill_bad_03,negative,0.5173,0.3579,0.4215,0.053,1.83,3.598,0.479,5.907,0.1,-0.0009,1.892,-4.175,-8.3046,wall_following
2026-07-09 12:32:16.920,pillar_wall_bad,pill_bad_03,negative,-0.2491,0.424,0.7856,0.0369,1.45,4.01,0.46,5.951,0.1,-0.001,1.8924,-4.1727,-8.3042,wall_following
2026-07-09 12:32:17.020,pillar_wall_bad,pill_bad_03,negative,-0.0192,0.3324,0.4407,0.0297,1.251,4.478,0.447,4.674,0.1,-0.0007,1.8932,-4.1702,-8.3041,wall_following
2026-07-09 12:32:17.120,pillar_wall_bad,pill_bad_03,negative,0.2491,-0.9982,2.1555,0.022,1.12,4.831,0.447,4.304,0.1,-0.0005,1.8937,-4.1683,-8.304,wall_following
2026-07-09 12:32:17.220,pillar_wall_bad,pill_bad_03,negative,-0.3353,-1.9228,-1.0346,0.0099,1.046,5.072,0.44,4.15,0.1,0.0016,1.8937,-4.1691,-8.3042,wall_following
2026-07-09 12:32:17.321,pillar_wall_bad,pill_bad_03,negative,-0.1054,-1.1665,-0.115,0.0114,0.986,5.366,0.446,4.009,0.1,0.0037,1.8947,-4.171,-8.306,wall_following
2026-07-09 12:32:17.420,pillar_wall_bad,pill_bad_03,negative,0.4694,1.5137,0.9867,0.0057,0.904,5.647,0.44,3.84,0.1,0.006,1.8976,-4.1729,-8.3098,wall_following
2026-07-09 12:32:17.520,pillar_wall_bad,pill_bad_03,negative,0.4982,2.6877,-1.2837,-0.0021,0.867,65.533,0.439,3.748,0.1,0.0069,1.9016,-4.1751,-8.3148,wall_following
2026-07-09 12:32:17.620,pillar_wall_bad,pill_bad_03,negative,-0.1629,-0.3185,0.5748,-0.0023,0.837,65.533,0.431,3.904,0.1,0.0051,1.906,-4.1782,-8.3206,wall_following
2026-07-09 12:32:17.721,pillar_wall_bad,pill_bad_03,negative,-0.0766,-0.9268,-0.3353,-0.0078,0.83,65.533,0.435,3.732,0.1,0.0091,1.9108,-4.1824,-8.3273,wall_following
2026-07-09 12:32:17.820,pillar_wall_bad,pill_bad_03,negative,-0.0192,0.4197,1.3316,-0.0074,0.81,65.533,0.43,3.654,0.1,0.0087,1.9157,-4.1875,-8.3343,wall_following
2026-07-09 12:32:17.920,pillar_wall_bad,pill_bad_03,negative,-0.0575,-0.0149,0.5461,-0.0088,0.803,65.533,0.432,3.63,0.1,0.0082,1.9203,-4.1924,-8.3409,wall_following
2026-07-09 12:32:18.020,pillar_wall_bad,pill_bad_03,negative,-0.3928,-0.0202,0.4215,-0.0098,0.796,65.533,0.442,3.636,0.1,0.0091,1.9248,-4.1977,-8.3474,wall_following
2026-07-09 12:32:18.121,pillar_wall_bad,pill_bad_03,negative,-0.1245,0.0458,0.7856,-0.0092,0.798,65.533,0.45,3.611,0.1,0.0084,1.929,-4.203,-8.3537,wall_following
2026-07-09 12:32:18.220,pillar_wall_bad,pill_bad_03,negative,-0.0958,-0.1289,0.3449,-0.007,0.789,65.533,0.424,3.613,0.1,0.0058,1.9335,-4.2088,-8.3604,wall_following
2026-07-09 12:32:18.320,pillar_wall_bad,pill_bad_03,negative,-0.1724,-0.0213,0.4982,-0.007,0.799,65.533,0.446,3.593,0.1,0.0061,1.9377,-4.2144,-8.3667,wall_following
2026-07-09 12:32:18.420,pillar_wall_bad,pill_bad_03,negative,-0.2299,-0.0181,0.0383,-0.012,0.793,65.533,0.433,3.58,0.1,0.01,1.9419,-4.2202,-8.373,wall_following
2026-07-09 12:32:18.521,pillar_wall_bad,pill_bad_03,negative,0.0479,0.0895,0.4598,-0.0101,0.791,65.533,0.433,3.576,0.1,0.0084,1.9459,-4.2262,-8.3792,wall_following
2026-07-09 12:32:18.620,pillar_wall_bad,pill_bad_03,negative,-0.2108,0.1257,1.1783,-0.0086,0.796,65.533,0.429,3.574,0.1,0.0072,1.9498,-4.232,-8.3852,wall_following
2026-07-09 12:32:18.720,pillar_wall_bad,pill_bad_03,negative,-0.2299,0.0565,0.297,-0.0104,0.788,65.533,0.433,3.573,0.1,0.0086,1.9538,-4.2377,-8.3912,wall_following
2026-07-09 12:32:18.820,pillar_wall_bad,pill_bad_03,negative,-0.297,0.0234,0.7377,-0.0095,0.802,65.533,0.428,3.584,0.1,0.0084,1.9578,-4.2435,-8.3972,wall_following
2026-07-09 12:32:18.920,pillar_wall_bad,pill_bad_03,negative,-0.2299,-0.2131,0.5173,-0.0108,0.805,65.533,0.434,3.579,0.1,0.0091,1.9619,-4.2494,-8.4033,wall_following
2026-07-09 12:32:19.020,pillar_wall_bad,pill_bad_03,negative,-0.1533,0.0043,0.6419,-0.0115,0.794,65.533,0.424,3.589,0.1,0.0093,1.9661,-4.2559,-8.4096,wall_following
2026-07-09 12:32:19.120,pillar_wall_bad,pill_bad_03,negative,-0.1437,0.0991,0.4311,-0.0067,0.802,65.533,0.429,3.582,0.1,0.0058,1.9697,-4.2624,-8.4154,wall_following
2026-07-09 12:32:19.220,pillar_wall_bad,pill_bad_03,negative,-0.115,-0.0778,-0.0383,-0.0104,0.803,65.533,0.43,3.582,0.1,0.0085,1.9733,-4.2685,-8.4209,wall_following
2026-07-09 12:32:19.320,pillar_wall_bad,pill_bad_03,negative,-0.0287,0.0064,-0.1245,-0.0102,0.8,65.533,0.417,3.577,0.1,0.0086,1.9769,-4.275,-8.4266,wall_following
2026-07-09 12:32:19.421,pillar_wall_bad,pill_bad_03,negative,-0.4024,-0.0852,0.6802,-0.0076,0.805,65.533,0.427,3.591,0.1,0.0058,1.9803,-4.2812,-8.4319,wall_following
2026-07-09 12:32:19.521,pillar_wall_bad,pill_bad_03,negative,0.1341,0.163,0.9293,-0.0066,0.803,65.533,0.434,3.576,0.1,0.0056,1.9839,-4.2881,-8.4376,wall_following
2026-07-09 12:32:19.621,pillar_wall_bad,pill_bad_03,negative,-0.0671,0.0181,0.8143,-0.0096,0.804,65.533,0.43,3.572,0.1,0.0079,1.9875,-4.2947,-8.4431,wall_following
2026-07-09 12:32:19.720,pillar_wall_bad,pill_bad_03,negative,-0.2012,0.0415,0.4407,-0.0094,0.803,65.533,0.444,3.577,0.1,0.008,1.9909,-4.3013,-8.4485,wall_following
2026-07-09 12:32:19.820,pillar_wall_bad,pill_bad_03,negative,0.4982,2.6877,-1.2837,-0.0072,0.801,65.533,0.43,3.578,0.1,0.0056,1.9945,-4.3081,-8.454,wall_following
2026-07-09 12:32:19.921,pillar_wall_bad,pill_bad_03,negative,0.0671,0.0842,0.5844,-0.0091,0.805,65.533,0.429,3.582,0.1,0.0078,1.9978,-4.3146,-8.4592,wall_following
2026-07-09 12:32:20.021,pillar_wall_bad,pill_bad_03,negative,-0.1437,0.0362,0.1054,-0.0091,0.798,65.533,0.431,3.583,0.1,0.0082,2.0012,-4.3213,-8.4645,wall_following
2026-07-09 12:32:20.121,pillar_wall_bad,pill_bad_03,negative,-0.1724,-0.1427,-0.2108,-0.0106,0.806,65.533,0.434,3.581,0.1,0.0087,2.0046,-4.3278,-8.4696,wall_following
2026-07-09 12:32:20.221,pillar_wall_bad,pill_bad_03,negative,-0.0096,-0.049,0.0096,-0.0104,0.806,65.533,0.438,3.573,0.1,0.0082,2.0081,-4.3353,-8.4751,wall_following
2026-07-09 12:32:20.320,pillar_wall_bad,pill_bad_03,negative,0.4982,2.6877,-1.2837,-0.0092,0.799,65.533,0.431,3.571,0.1,0.0061,2.0112,-4.3421,-8.48,wall_following
2026-07-09 12:32:20.420,pillar_wall_bad,pill_bad_03,negative,0.0,-0.0415,0.1341,-0.0065,0.806,65.533,0.444,3.574,0.1,0.0055,2.0144,-4.3487,-8.4849,wall_following
2026-07-09 12:32:20.521,pillar_wall_bad,pill_bad_03,negative,-0.115,0.0735,-0.0766,-0.0097,0.812,65.533,0.431,3.573,0.1,0.0085,2.0176,-4.3555,-8.4899,wall_following
2026-07-09 12:32:20.620,pillar_wall_bad,pill_bad_03,negative,0.4982,2.6877,-1.2837,-0.0063,0.802,65.533,0.439,3.569,0.1,0.0056,2.021,-4.3621,-8.4949,wall_following
2026-07-09 12:32:20.721,pillar_wall_bad,pill_bad_03,negative,0.1437,0.0107,0.8814,-0.0096,0.8,65.533,0.429,3.573,0.1,0.0085,2.0243,-4.3688,-8.4999,wall_following
2026-07-09 12:32:20.820,pillar_wall_bad,pill_bad_03,negative,-0.1724,-0.1342,0.2012,-0.0104,0.794,65.533,0.432,3.577,0.1,0.0088,2.0276,-4.3756,-8.5048,wall_following
2026-07-09 12:32:20.920,pillar_wall_bad,pill_bad_03,negative,-0.2778,-0.0671,0.0862,-0.0102,0.803,65.533,0.429,3.586,0.1,0.0088,2.0309,-4.3826,-8.5098,wall_following
2026-07-09 12:32:21.020,pillar_wall_bad,pill_bad_03,negative,-0.2203,-0.0618,0.4311,-0.0072,0.805,65.533,0.441,3.584,0.1,0.006,2.0341,-4.3897,-8.5146,wall_following
2026-07-09 12:32:21.120,pillar_wall_bad,pill_bad_03,negative,-0.0383,-0.0298,0.594,-0.0096,0.806,65.533,0.427,3.583,0.1,0.008,2.0373,-4.3968,-8.5194,wall_following
2026-07-09 12:32:21.220,pillar_wall_bad,pill_bad_03,negative,-0.0766,-0.2045,0.4598,-0.01,0.801,65.533,0.427,3.578,0.1,0.008,2.0404,-4.4038,-8.5241,wall_following
2026-07-09 12:32:21.320,pillar_wall_bad,pill_bad_03,negative,0.0766,0.0053,0.4407,-0.0101,0.808,65.533,0.425,3.565,0.1,0.0086,2.0434,-4.4111,-8.5287,wall_following
2026-07-09 12:32:21.420,pillar_wall_bad,pill_bad_03,negative,-0.2395,-0.2035,0.4886,-0.0082,0.831,65.533,0.428,3.56,0.1,0.0062,2.0464,-4.4185,-8.5333,wall_following
2026-07-09 12:32:21.520,pillar_wall_bad,pill_bad_03,negative,-0.2587,-0.0309,-0.0287,-0.0066,0.829,65.533,0.428,3.554,0.1,0.0052,2.0493,-4.4259,-8.5377,wall_following
2026-07-09 12:32:21.621,pillar_wall_bad,pill_bad_03,negative,0.0096,-0.0288,0.6419,-0.0186,0.835,65.533,0.429,3.55,0.1,0.0148,2.052,-4.4332,-8.5419,wall_following
2026-07-09 12:32:21.720,pillar_wall_bad,pill_bad_03,negative,-0.0958,-0.0895,0.3832,-0.0104,0.842,65.533,0.437,3.541,0.1,0.0081,2.0549,-4.4409,-8.5463,wall_following
2026-07-09 12:32:21.820,pillar_wall_bad,pill_bad_03,negative,0.4982,2.6877,-1.2837,-0.0041,0.839,65.533,0.431,3.519,0.1,0.0037,2.057,-4.4465,-8.5495,wall_following
2026-07-09 12:32:21.920,pillar_wall_bad,pill_bad_03,negative,0.0575,0.7968,1.4562,0.0011,0.834,65.533,0.427,3.543,0.1,0.0001,2.0577,-4.448,-8.5505,wall_following
2026-07-09 12:32:22.021,pillar_wall_bad,pill_bad_03,negative,-1.4945,1.4839,-1.073,0.0016,0.833,65.533,0.429,3.552,0.1,-0.0007,2.0573,-4.4474,-8.55,wall_following
2026-07-09 12:32:22.120,pillar_wall_bad,pill_bad_03,negative,0.0862,2.3862,0.1341,0.0036,0.809,65.533,0.424,3.562,0.1,-0.0002,2.0567,-4.4465,-8.5492,wall_following
2026-07-09 12:32:22.221,pillar_wall_bad,pill_bad_03,negative,0.4119,1.8035,-0.3545,0.0088,0.786,65.533,0.432,3.583,0.1,0.0012,2.0575,-4.4458,-8.5499,wall_following
2026-07-09 12:32:22.320,pillar_wall_bad,pill_bad_03,negative,0.3161,1.7215,0.1724,0.0141,0.744,10.299,0.412,3.62,0.1,0.0018,2.0612,-4.4435,-8.5532,wall_following
2026-07-09 12:32:22.420,pillar_wall_bad,pill_bad_03,negative,0.1054,0.946,-0.2874,0.0219,0.669,10.083,0.402,3.715,0.1,0.0013,2.0678,-4.4376,-8.5588,wall_following
2026-07-09 12:32:22.520,pillar_wall_bad,pill_bad_03,negative,0.6706,0.7808,0.0287,0.0422,0.562,65.533,0.381,3.914,0.1,0.0018,2.0768,-4.4278,-8.5661,wall_following
2026-07-09 12:32:22.620,pillar_wall_bad,pill_bad_03,negative,0.6898,0.375,0.8718,0.0371,0.434,65.533,0.349,4.172,0.1,0.0025,2.086,-4.4173,-8.5734,wall_following
2026-07-09 12:32:22.720,pillar_wall_bad,pill_bad_03,negative,-0.2012,0.6029,0.6514,0.0226,0.36,65.533,0.33,3.932,0.05,0.0022,2.0934,-4.4097,-8.5794,obstacle_detected
2026-07-09 12:32:22.820,pillar_wall_bad,pill_bad_03,negative,0.4119,-0.3345,1.1688,0.0084,0.323,4.693,0.309,3.754,0.05,0.0017,2.0985,-4.4052,-8.5837,obstacle_detected
2026-07-09 12:32:22.920,pillar_wall_bad,pill_bad_03,negative,0.2682,-0.6583,0.8814,0.0017,0.309,4.69,0.313,3.698,0.05,0.0028,2.1022,-4.4032,-8.5871,obstacle_detected
2026-07-09 12:32:23.021,pillar_wall_bad,pill_bad_03,negative,0.4503,-2.1912,0.4407,-0.0034,0.302,4.679,0.302,3.667,0.05,0.0027,2.1055,-4.4024,-8.5903,obstacle_detected
2026-07-09 12:32:23.120,pillar_wall_bad,pill_bad_03,negative,0.2203,-1.175,-0.364,-0.0013,0.305,4.656,0.295,3.665,0.05,0.0038,2.1087,-4.4022,-8.5935,obstacle_detected
2026-07-09 12:32:23.220,pillar_wall_bad,pill_bad_03,negative,0.0671,-1.7034,1.0921,-0.0052,0.285,4.572,0.296,3.666,0.08,0.0056,2.1127,-4.4029,-8.5977,obstacle_avoidance
2026-07-09 12:32:23.320,pillar_wall_bad,pill_bad_03,negative,-0.1533,-1.6789,0.2682,-0.0098,0.285,4.563,0.285,3.643,0.08,0.0089,2.1176,-4.4056,-8.6033,obstacle_avoidance
2026-07-09 12:32:23.420,pillar_wall_bad,pill_bad_03,negative,-0.4886,-1.5042,0.0287,-0.0129,0.281,4.621,0.287,3.634,0.08,0.0092,2.1224,-4.4116,-8.6094,obstacle_avoidance
2026-07-09 12:32:23.520,pillar_wall_bad,pill_bad_03,negative,-0.3545,-1.2623,-0.1245,-0.0179,0.291,4.66,0.277,3.671,0.08,0.011,2.126,-4.4214,-8.615,obstacle_avoidance
2026-07-09 12:32:23.621,pillar_wall_bad,pill_bad_03,negative,-0.6035,-0.9864,-0.3449,-0.0239,0.302,4.711,0.284,3.699,0.08,0.0121,2.1276,-4.4355,-8.6193,obstacle_avoidance
2026-07-09 12:32:23.721,pillar_wall_bad,pill_bad_03,negative,-0.2587,-0.7414,0.843,-0.0279,0.32,65.533,0.29,3.805,0.08,0.0116,2.1262,-4.4561,-8.6216,obstacle_avoidance
2026-07-09 12:32:23.820,pillar_wall_bad,pill_bad_03,negative,-0.8622,-0.4623,-0.3832,-0.0321,0.361,65.533,0.3,4.01,0.08,0.0103,2.1209,-4.4794,-8.6202,obstacle_avoidance
2026-07-09 12:32:23.920,pillar_wall_bad,pill_bad_03,negative,-0.8526,-0.5561,3.0177,-0.0336,0.417,65.533,0.314,4.101,0.08,0.0076,2.1121,-4.5033,-8.6151,obstacle_avoidance
2026-07-09 12:32:24.020,pillar_wall_bad,pill_bad_03,negative,0.1341,-0.6456,-0.9772,-0.0255,0.513,65.533,0.324,3.896,0.08,0.0033,2.1005,-4.5267,-8.6068,obstacle_avoidance
2026-07-09 12:32:24.120,pillar_wall_bad,pill_bad_03,negative,0.4119,-0.2546,-0.3832,-0.0282,0.618,10.007,0.353,3.73,0.08,0.0022,2.0867,-4.5491,-8.596,obstacle_avoidance
2026-07-09 12:32:24.221,pillar_wall_bad,pill_bad_03,negative,0.0958,-0.2365,-1.0442,-0.0384,0.676,10.177,0.364,3.656,0.08,0.0028,2.0768,-4.5637,-8.5879,obstacle_avoidance
2026-07-09 12:32:24.320,pillar_wall_bad,pill_bad_03,negative,-0.8143,-0.0479,0.6419,-0.0292,0.868,65.533,0.415,3.495,0.08,0.0025,2.0574,-4.5907,-8.5716,obstacle_avoidance
2026-07-09 12:32:24.421,pillar_wall_bad,pill_bad_03,negative,0.297,-0.1289,0.1724,-0.0327,0.955,65.533,0.42,3.432,0.08,0.004,2.0453,-4.6073,-8.5613,obstacle_avoidance
2026-07-09 12:32:24.521,pillar_wall_bad,pill_bad_03,negative,-0.0383,-0.0032,0.0,-0.0367,1.075,4.982,0.467,3.396,0.08,0.006,2.0247,-4.6369,-8.5435,obstacle_avoidance
2026-07-09 12:32:24.620,pillar_wall_bad,pill_bad_03,negative,-0.3832,0.0426,0.7568,-0.0375,1.157,4.864,0.499,3.359,0.08,0.0071,2.0093,-4.6601,-8.5301,obstacle_avoidance
2026-07-09 12:32:24.720,pillar_wall_bad,pill_bad_03,negative,-0.2203,-0.0842,1.0251,-0.0415,1.243,4.771,0.536,3.301,0.08,0.0079,1.9938,-4.6832,-8.5163,obstacle_avoidance
2026-07-09 12:32:24.820,pillar_wall_bad,pill_bad_03,negative,-0.0192,-0.0874,0.4886,-0.0417,1.315,4.675,0.56,3.273,0.08,0.0082,1.9778,-4.706,-8.5018,obstacle_avoidance
2026-07-09 12:32:24.920,pillar_wall_bad,pill_bad_03,negative,0.4982,2.6877,-1.2837,-0.0365,1.383,4.601,0.596,3.242,0.08,0.0071,1.9616,-4.7281,-8.4867,obstacle_avoidance
2026-07-09 12:32:25.020,pillar_wall_bad,pill_bad_03,negative,-0.2012,-0.0149,0.2587,-0.0347,1.45,4.526,0.62,3.217,0.08,0.0066,1.9448,-4.7498,-8.4709,obstacle_avoidance
2026-07-09 12:32:25.121,pillar_wall_bad,pill_bad_03,negative,-0.2108,-0.0948,-0.8143,-0.035,1.514,4.493,0.651,3.169,0.08,0.0065,1.9273,-4.771,-8.4541,obstacle_avoidance
2026-07-09 12:32:25.220,pillar_wall_bad,pill_bad_03,negative,-0.1629,-0.033,0.0862,-0.0381,1.593,4.401,0.684,3.142,0.08,0.0069,1.9096,-4.7912,-8.4368,obstacle_avoidance
2026-07-09 12:32:25.320,pillar_wall_bad,pill_bad_03,negative,0.0287,-0.0128,-0.3928,-0.0332,1.665,4.33,0.711,3.111,0.08,0.0062,1.8913,-4.8109,-8.4188,obstacle_avoidance
2026-07-09 12:32:25.421,pillar_wall_bad,pill_bad_03,negative,-0.2299,-0.0053,0.5556,-0.0409,1.745,4.27,0.743,3.084,0.08,0.0074,1.8723,-4.8302,-8.3998,obstacle_avoidance
2026-07-09 12:32:25.520,pillar_wall_bad,pill_bad_03,negative,0.0383,-0.0085,0.1245,-0.0389,1.821,4.229,0.773,3.041,0.08,0.007,1.8529,-4.8487,-8.3802,obstacle_avoidance
2026-07-09 12:32:25.621,pillar_wall_bad,pill_bad_03,negative,0.182,0.0234,0.297,-0.0269,1.908,4.158,0.813,3.003,0.08,0.0047,1.8344,-4.8653,-8.3614,obstacle_avoidance
2026-07-09 12:32:25.720,pillar_wall_bad,pill_bad_03,negative,0.4982,2.6877,-1.2837,-0.0355,1.977,4.048,0.835,2.977,0.08,0.0068,1.8134,-4.883,-8.3399,wall_reacquired
2026-07-09 12:32:25.820,pillar_wall_bad,pill_bad_03,negative,0.0862,0.1704,1.5903,-0.0187,2.039,3.993,0.87,2.95,0.08,0.0042,1.7962,-4.8972,-8.3222,wall_reacquired
2026-07-09 12:32:25.920,pillar_wall_bad,pill_bad_03,negative,0.1724,0.1758,1.5711,-0.025,2.102,3.939,0.89,2.922,0.08,0.0056,1.7824,-4.9089,-8.3079,wall_reacquired
2026-07-09 12:32:26.020,pillar_wall_bad,pill_bad_03,negative,-0.0766,-0.2802,0.5365,-0.015,2.149,3.855,0.911,2.906,0.08,0.0025,1.7721,-4.9175,-8.2971,wall_reacquired
2026-07-09 12:32:26.120,pillar_wall_bad,pill_bad_03,negative,0.4982,2.6877,-1.2837,-0.0073,2.182,3.837,0.924,2.889,0.08,0.0011,1.7641,-4.9232,-8.2888,wall_reacquired
2026-07-09 12:32:26.221,pillar_wall_bad,pill_bad_03,negative,-0.2108,-0.261,0.7951,-0.0041,2.189,3.819,0.925,2.878,0.08,0.0004,1.759,-4.926,-8.2836,wall_reacquired
2026-07-09 12:32:26.320,pillar_wall_bad,pill_bad_03,negative,0.4982,2.6877,-1.2837,-0.0021,2.213,3.794,0.925,2.876,0.08,0.0001,1.7565,-4.9272,-8.281,wall_reacquired
2026-07-09 12:32:26.421,pillar_wall_bad,pill_bad_03,negative,-0.2682,-0.0149,0.2874,0.0009,2.209,3.764,0.931,2.866,0.08,-0.0,1.7565,-4.9273,-8.281,wall_reacquired
2026-07-09 12:32:26.520,pillar_wall_bad,pill_bad_03,negative,-0.0287,-0.0138,0.4311,-0.0004,2.203,3.793,0.933,2.872,0.08,-0.0,1.7569,-4.9271,-8.2814,wall_reacquired
2026-07-09 12:32:26.621,pillar_wall_bad,pill_bad_03,negative,-0.0958,-0.0085,0.4694,-0.0001,2.206,3.81,0.939,2.867,0.08,0.0,1.7568,-4.9271,-8.2813,wall_reacquired
2026-07-09 12:32:26.720,pillar_wall_bad,pill_bad_03,negative,-0.1054,0.0053,0.9197,0.0001,2.206,3.79,0.929,2.865,0.08,-0.0,1.7567,-4.9272,-8.2812,wall_reacquired
2026-07-09 12:32:26.820,pillar_wall_bad,pill_bad_03,negative,-0.0096,0.0192,0.3066,0.0001,2.202,3.806,0.938,2.87,0.08,-0.0,1.7568,-4.9271,-8.2813,wall_reacquired
2026-07-09 12:32:26.920,pillar_wall_bad,pill_bad_03,negative,-0.0671,0.0011,0.3928,-0.0,2.212,3.784,0.93,2.868,0.08,0.0,1.7568,-4.9271,-8.2813,wall_reacquired
2026-07-09 12:32:27.021,pillar_wall_bad,pill_bad_03,negative,-0.0383,0.0277,0.4119,0.0,2.212,3.795,0.937,2.876,0.08,-0.0,1.7568,-4.9271,-8.2813,wall_reacquired
2026-07-09 12:32:27.120,pillar_wall_bad,pill_bad_03,negative,0.0862,0.0405,0.0862,-0.0,2.202,3.784,0.937,2.869,0.08,0.0,1.7568,-4.9271,-8.2813,wall_reacquired
2026-07-09 12:32:27.220,pillar_wall_bad,pill_bad_03,negative,-0.115,-0.016,0.5844,-0.0,2.203,3.774,0.938,2.866,0.1,-0.0,1.7568,-4.9271,-8.2813,approaching_wall
2026-07-09 12:32:27.320,pillar_wall_bad,pill_bad_03,negative,-0.0383,0.0192,0.4503,0.0,2.201,3.783,0.937,2.87,0.1,-0.0,1.7568,-4.9271,-8.2813,approaching_wall
2026-07-09 12:32:27.420,pillar_wall_bad,pill_bad_03,negative,-0.0575,0.0117,0.5173,0.0,2.2,3.777,0.936,2.87,0.1,0.0,1.7568,-4.9271,-8.2813,approaching_wall
2026-07-09 12:32:27.520,pillar_wall_bad,pill_bad_03,negative,0.0383,0.0373,0.364,-0.0,2.202,3.787,0.931,2.873,0.1,-0.0,1.7568,-4.9271,-8.2813,approaching_wall
2026-07-09 12:32:27.620,pillar_wall_bad,pill_bad_03,negative,-0.115,-0.0288,0.2682,0.0,2.205,3.78,0.938,2.872,0.1,0.0,1.7568,-4.9271,-8.2813,approaching_wall
2026-07-09 12:32:27.720,pillar_wall_bad,pill_bad_03,negative,-0.0671,0.0053,0.4598,-0.0,2.205,3.795,0.933,2.871,0.1,-0.0,1.7568,-4.9271,-8.2813,approaching_wall
2026-07-09 12:32:27.820,pillar_wall_bad,pill_bad_03,negative,-0.0383,-0.0011,0.4598,0.0,2.205,3.811,0.932,2.871,0.1,-0.0,1.7568,-4.9271,-8.2813,approaching_wall
2026-07-09 12:32:27.921,pillar_wall_bad,pill_bad_03,negative,0.0096,0.0469,0.6323,0.0,2.203,3.794,0.937,2.866,0.1,0.0,1.7568,-4.9271,-8.2813,approaching_wall
2026-07-09 12:32:28.020,pillar_wall_bad,pill_bad_03,negative,0.0479,0.0138,0.3161,0.0,2.204,3.805,0.933,2.875,0.1,0.0,1.7568,-4.9271,-8.2813,approaching_wall
2026-07-09 12:32:28.120,pillar_wall_bad,pill_bad_03,negative,0.0096,0.0437,0.4311,-0.0,2.2,3.793,0.936,2.872,0.1,0.0,1.7568,-4.9271,-8.2813,approaching_wall
2026-07-09 12:32:28.220,pillar_wall_bad,pill_bad_03,negative,-0.0479,-0.1097,0.182,0.0,2.196,3.798,0.936,2.874,0.1,0.0,1.7568,-4.9271,-8.2813,approaching_wall
2026-07-09 12:32:28.320,pillar_wall_bad,pill_bad_03,negative,-0.1437,-0.0447,0.6131,-0.0001,2.206,3.784,0.946,2.873,0.1,0.0,1.7568,-4.9271,-8.2813,approaching_wall
2026-07-09 12:32:28.420,pillar_wall_bad,pill_bad_03,negative,0.0,-0.0128,0.4119,-0.0,2.204,3.827,0.935,2.871,0.1,0.0,1.7568,-4.9271,-8.2813,approaching_wall
2026-07-09 12:32:28.520,pillar_wall_bad,pill_bad_03,negative,0.0192,0.0266,0.7664,-0.0,2.202,3.808,0.938,2.869,0.1,-0.0,1.7568,-4.9271,-8.2813,approaching_wall
2026-07-09 12:32:28.621,pillar_wall_bad,pill_bad_03,negative,0.4215,-1.7577,2.2417,0.0084,2.2,3.811,0.936,2.879,0.1,-0.0,1.7571,-4.927,-8.2816,approaching_wall
2026-07-09 12:32:28.721,pillar_wall_bad,pill_bad_03,negative,0.8335,-2.8134,-0.9388,0.0097,2.118,3.958,0.936,2.891,0.1,-0.0006,1.7569,-4.9266,-8.2814,approaching_wall
2026-07-09 12:32:28.820,pillar_wall_bad,pill_bad_03,negative,-0.0766,1.8344,-0.0096,0.011,2.04,4.128,0.936,2.929,0.1,-0.0004,1.7564,-4.9264,-8.2809,approaching_wall
2026-07-09 12:32:28.921,pillar_wall_bad,pill_bad_03,negative,0.3449,-1.9686,0.4407,0.0185,1.973,4.313,0.937,2.953,0.1,-0.0012,1.7549,-4.9264,-8.2794,approaching_wall
2026-07-09 12:32:29.020,pillar_wall_bad,pill_bad_03,negative,0.2874,2.056,0.0958,0.0159,1.856,4.57,0.944,2.989,0.1,-0.0011,1.7526,-4.9262,-8.2771,approaching_wall
2026-07-09 12:32:29.120,pillar_wall_bad,pill_bad_03,negative,0.479,1.6884,0.8622,0.0323,1.728,5.218,0.963,3.061,0.1,-0.0015,1.7509,-4.9253,-8.2755,approaching_wall
2026-07-09 12:32:29.221,pillar_wall_bad,pill_bad_03,negative,0.1054,1.1153,0.0192,0.0438,1.579,6.331,0.964,3.153,0.1,-0.0024,1.7505,-4.9237,-8.2752,approaching_wall
2026-07-09 12:32:29.321,pillar_wall_bad,pill_bad_03,negative,0.6035,-0.2205,-0.0671,0.029,1.433,9.371,0.984,3.292,0.1,-0.0011,1.751,-4.9211,-8.2758,approaching_wall
2026-07-09 12:32:29.421,pillar_wall_bad,pill_bad_03,negative,0.1054,0.3505,1.0059,0.0294,1.286,65.533,1.001,3.399,0.1,-0.0005,1.7528,-4.9188,-8.2778,approaching_wall
2026-07-09 12:32:29.521,pillar_wall_bad,pill_bad_03,negative,0.0287,-0.033,-0.7856,0.0245,1.182,65.533,1.022,3.219,0.1,0.0016,1.7578,-4.9163,-8.2829,approaching_wall
2026-07-09 12:32:29.621,pillar_wall_bad,pill_bad_03,negative,0.0287,0.4186,0.2108,0.029,1.091,65.533,1.027,3.061,0.1,0.0032,1.7677,-4.9132,-8.293,approaching_wall
2026-07-09 12:32:29.720,pillar_wall_bad,pill_bad_03,negative,0.479,0.4059,-0.1341,0.0311,1.005,65.533,1.029,2.96,0.1,0.0035,1.7811,-4.9089,-8.3066,approaching_wall
2026-07-09 12:32:29.821,pillar_wall_bad,pill_bad_03,negative,0.364,0.3931,0.364,0.031,0.915,8.693,1.035,2.872,0.1,0.0033,1.793,-4.9042,-8.3187,approaching_wall
2026-07-09 12:32:29.920,pillar_wall_bad,pill_bad_03,negative,0.1629,0.5252,0.0862,0.0365,0.851,5.438,1.048,2.784,0.1,0.0046,1.8061,-4.899,-8.3321,approaching_wall
2026-07-09 12:32:30.021,pillar_wall_bad,pill_bad_03,negative,0.297,-0.2237,0.4119,0.0332,0.789,4.156,1.064,2.704,0.1,0.0071,1.8223,-4.894,-8.3485,approaching_wall
2026-07-09 12:32:30.121,pillar_wall_bad,pill_bad_03,negative,0.115,0.3238,-1.0251,0.0396,0.733,3.096,1.088,2.965,0.1,0.0128,1.8399,-4.8901,-8.3662,approaching_wall
2026-07-09 12:32:30.221,pillar_wall_bad,pill_bad_03,negative,0.3736,0.3068,1.37,0.0196,0.68,2.432,1.097,3.236,0.1,0.01,1.859,-4.8851,-8.3855,approaching_wall
2026-07-09 12:32:30.320,pillar_wall_bad,pill_bad_03,negative,0.0096,0.0991,-0.4024,0.0228,0.625,2.077,1.086,3.46,0.1,0.0112,1.8819,-4.8754,-8.4087,approaching_wall
2026-07-09 12:32:30.420,pillar_wall_bad,pill_bad_03,negative,0.0479,0.1619,-0.0575,0.0217,0.6,1.925,1.052,3.61,0.1,0.0112,1.902,-4.8642,-8.4291,approaching_wall
2026-07-09 12:32:30.520,pillar_wall_bad,pill_bad_03,negative,0.3449,0.1864,-0.3545,0.016,0.581,1.92,0.971,3.554,0.1,0.0091,1.9228,-4.8512,-8.4501,approaching_wall
2026-07-09 12:32:30.620,pillar_wall_bad,pill_bad_03,negative,-0.0575,-0.1481,0.1054,0.0193,0.557,1.903,0.916,3.526,0.1,0.0056,1.9421,-4.8376,-8.4696,approaching_wall
2026-07-09 12:32:30.720,pillar_wall_bad,pill_bad_03,negative,0.0096,-0.0362,-0.2395,0.0174,0.517,1.769,0.884,3.621,0.1,0.0055,1.9596,-4.8249,-8.4871,approaching_wall
2026-07-09 12:32:30.820,pillar_wall_bad,pill_bad_03,negative,-0.0862,0.0256,-0.1054,0.0252,0.499,1.649,0.839,3.708,0.1,0.0092,1.9791,-4.8103,-8.5066,approaching_wall
2026-07-09 12:32:30.920,pillar_wall_bad,pill_bad_03,negative,0.1437,-0.0831,1.073,0.025,0.47,1.579,0.786,3.716,0.1,0.0088,1.9982,-4.7954,-8.5255,approaching_wall
2026-07-09 12:32:31.020,pillar_wall_bad,pill_bad_03,negative,-0.0862,-0.3665,1.2837,0.0239,0.443,1.469,0.736,3.768,0.1,0.0077,2.0142,-4.7829,-8.5413,approaching_wall
2026-07-09 12:32:31.120,pillar_wall_bad,pill_bad_03,negative,-0.6514,-0.1768,0.6802,0.011,0.431,1.367,0.717,3.899,0.1,0.0045,2.0272,-4.7731,-8.5541,approaching_wall
2026-07-09 12:32:31.221,pillar_wall_bad,pill_bad_03,negative,0.4982,2.6877,-1.2837,0.0132,0.399,1.287,0.69,3.934,0.1,0.0063,2.0394,-4.7648,-8.566,approaching_wall
2026-07-09 12:32:31.321,pillar_wall_bad,pill_bad_03,negative,-0.4886,-0.3696,-0.1054,0.005,0.377,1.246,0.646,3.948,0.1,0.008,2.052,-4.7567,-8.5784,approaching_wall
2026-07-09 12:32:31.420,pillar_wall_bad,pill_bad_03,negative,-0.1437,-0.5657,2.0885,0.0071,0.373,1.237,0.607,3.878,0.1,0.0066,2.0626,-4.7504,-8.5888,wall_following
2026-07-09 12:32:31.521,pillar_wall_bad,pill_bad_03,negative,0.4982,2.6877,-1.2837,0.0059,0.353,1.182,0.593,3.912,0.1,0.0062,2.0717,-4.7459,-8.5977,wall_following
2026-07-09 12:32:31.620,pillar_wall_bad,pill_bad_03,negative,-0.115,-0.5113,0.0287,0.0011,0.344,1.133,0.568,3.997,0.1,0.0046,2.0799,-4.7428,-8.6058,wall_following
2026-07-09 12:32:31.721,pillar_wall_bad,pill_bad_03,negative,0.1629,-0.6179,0.5077,0.0018,0.337,1.106,0.541,3.99,0.1,0.0071,2.0882,-4.7407,-8.614,wall_following
2026-07-09 12:32:31.820,pillar_wall_bad,pill_bad_03,negative,-0.1437,-0.5241,0.9293,-0.0001,0.324,1.045,0.531,3.998,0.1,0.0051,2.0957,-4.7398,-8.6215,wall_following
2026-07-09 12:32:31.920,pillar_wall_bad,pill_bad_03,negative,-0.364,-0.6402,0.2778,-0.0013,0.309,1.012,0.513,4.005,0.1,0.0056,2.1028,-4.7398,-8.6286,wall_following
2026-07-09 12:32:32.020,pillar_wall_bad,pill_bad_03,negative,-0.115,-0.735,0.0192,-0.0018,0.299,0.976,0.484,4.024,0.1,0.0057,2.1106,-4.7407,-8.6364,wall_following
2026-07-09 12:32:32.120,pillar_wall_bad,pill_bad_03,negative,-0.3928,-0.5209,0.4311,-0.003,0.289,0.947,0.465,4.026,0.0,0.0055,2.117,-4.7422,-8.6429,wall_following_fail
2026-07-09 12:32:32.220,pillar_wall_bad,pill_bad_03,negative,0.0862,-0.4133,0.8909,-0.0011,0.283,0.924,0.453,4.074,0.0,0.0015,2.1202,-4.7433,-8.6462,wall_following_fail
2026-07-09 12:32:32.321,pillar_wall_bad,pill_bad_03,negative,0.2012,0.0202,0.1054,0.0007,0.282,0.916,0.458,4.047,0.0,-0.0009,2.1199,-4.7431,-8.6458,wall_following_fail
2026-07-09 12:32:32.421,pillar_wall_bad,pill_bad_03,negative,0.2395,0.0011,-0.297,-0.0,0.283,0.914,0.455,4.073,0.0,-0.0001,2.1195,-4.743,-8.6454,wall_following_fail
2026-07-09 12:32:32.520,pillar_wall_bad,pill_bad_03,negative,0.4982,2.6877,-1.2837,0.0,0.283,0.915,0.453,4.058,0.0,0.0001,2.1196,-4.743,-8.6455,wall_following_fail
2026-07-09 12:32:32.620,pillar_wall_bad,pill_bad_03,negative,-0.0671,0.066,0.5173,0.0,0.277,0.919,0.459,4.069,0.0,-0.0001,2.1196,-4.743,-8.6455,wall_following_fail
2026-07-09 12:32:32.721,pillar_wall_bad,pill_bad_03,negative,0.0,0.032,-0.0383,0.0,0.281,0.918,0.452,4.044,0.0,0.0,2.1196,-4.743,-8.6455,wall_following_fail
2026-07-09 12:32:32.820,pillar_wall_bad,pill_bad_03,negative,0.4982,2.6877,-1.2837,0.0,0.281,0.913,0.458,4.071,0.0,0.0,2.1196,-4.743,-8.6455,wall_following_fail
2026-07-09 12:32:32.920,pillar_wall_bad,pill_bad_03,negative,-0.1341,0.0043,0.2491,0.0,0.278,0.913,0.456,4.054,0.0,-0.0,2.1196,-4.743,-8.6455,wall_following_fail
2026-07-09 12:32:33.020,pillar_wall_bad,pill_bad_03,negative,-0.0766,-0.0107,0.5652,-0.0,0.291,0.915,0.461,4.091,0.0,0.0,2.1196,-4.743,-8.6455,wall_following_fail
2026-07-09 12:32:33.121,pillar_wall_bad,pill_bad_03,negative,0.115,0.0724,0.1724,-0.0,0.285,0.912,0.456,4.069,0.0,0.0,2.1196,-4.743,-8.6455,wall_following_fail
2026-07-09 12:32:33.220,pillar_wall_bad,pill_bad_03,negative,-0.0192,-0.0096,0.3736,0.0,0.286,0.917,0.45,4.056,0.0,0.0,2.1196,-4.743,-8.6455,wall_following_fail
2026-07-09 12:32:33.320,pillar_wall_bad,pill_bad_03,negative,-0.1054,-0.0607,0.3832,0.0,0.285,0.909,0.454,4.035,0.0,0.0,2.1196,-4.743,-8.6455,wall_following_fail
2026-07-09 12:32:33.421,pillar_wall_bad,pill_bad_03,negative,0.0096,0.0256,0.3545,-0.0,0.283,0.922,0.452,4.063,0.0,0.0,2.1196,-4.743,-8.6455,wall_following_fail
2026-07-09 12:32:33.521,pillar_wall_bad,pill_bad_03,negative,-0.0766,-0.0245,0.6898,0.0,0.283,0.916,0.451,4.073,0.0,-0.0,2.1196,-4.743,-8.6455,wall_following_fail
2026-07-09 12:32:33.620,pillar_wall_bad,pill_bad_03,negative,0.0,-0.0011,0.5269,-0.0,0.28,0.92,0.464,4.049,0.0,-0.0,2.1196,-4.743,-8.6455,wall_following_fail
2026-07-09 12:32:33.720,pillar_wall_bad,pill_bad_03,negative,-0.1437,-0.0181,0.5077,0.0,0.283,0.919,0.458,4.05,0.0,0.0,2.1196,-4.743,-8.6455,wall_following_fail
2026-07-09 12:32:33.820,pillar_wall_bad,pill_bad_03,negative,0.0192,-0.0277,0.2491,0.0,0.278,0.914,0.457,4.055,0.0,0.0,2.1196,-4.743,-8.6455,wall_following_fail
2026-07-09 12:32:33.920,pillar_wall_bad,pill_bad_03,negative,-0.0479,0.0362,0.3736,0.0,0.273,0.915,0.454,4.072,0.0,0.0,2.1196,-4.743,-8.6455,wall_following_fail
2026-07-09 12:32:34.020,pillar_wall_bad,pill_bad_03,negative,-0.0862,0.0234,0.5173,0.0,0.288,0.918,0.456,4.062,0.0,-0.0,2.1196,-4.743,-8.6455,wall_following_fail
2026-07-09 12:32:34.120,pillar_wall_bad,pill_bad_03,negative,0.2012,0.0447,0.5556,0.0,0.283,0.927,0.456,4.054,0.0,-0.0,2.1196,-4.743,-8.6455,wall_following_fail
2026-07-09 12:32:34.220,pillar_wall_bad,pill_bad_03,negative,-0.0479,-0.0064,0.3928,0.0,0.278,0.919,0.452,4.076,0.0,0.0,2.1196,-4.743,-8.6455,wall_following_fail
2026-07-09 12:32:34.321,pillar_wall_bad,pill_bad_03,negative,-0.0862,0.0053,0.5844,0.0,0.281,0.92,0.456,4.053,0.0,0.0,2.1196,-4.743,-8.6455,wall_following_fail
2026-07-09 12:32:34.420,pillar_wall_bad,pill_bad_03,negative,-0.0383,-0.0075,0.4407,0.0,0.277,0.92,0.459,4.053,0.0,0.0,2.1196,-4.743,-8.6455,wall_following_fail
2026-07-09 12:32:34.521,pillar_wall_bad,pill_bad_03,negative,-0.0575,-0.0383,0.2778,0.0,0.277,0.907,0.455,4.047,0.0,0.0,2.1196,-4.743,-8.6455,wall_following_fail
2026-07-09 12:32:34.620,pillar_wall_bad,pill_bad_03,negative,0.0096,-0.0181,0.4407,-0.0,0.276,0.911,0.452,4.063,0.0,0.0,2.1196,-4.743,-8.6455,wall_following_fail
2026-07-09 12:32:34.721,pillar_wall_bad,pill_bad_03,negative,-0.0479,0.0256,0.297,-0.0,0.288,0.921,0.456,4.085,0.0,0.0,2.1196,-4.743,-8.6455,wall_following_fail
2026-07-09 12:32:34.820,pillar_wall_bad,pill_bad_03,negative,-0.0575,0.0011,0.594,0.0,0.281,0.913,0.45,4.093,0.0,0.0,2.1196,-4.743,-8.6455,wall_following_fail
2026-07-09 12:32:34.920,pillar_wall_bad,pill_bad_03,negative,-0.0766,-0.0032,0.5461,-0.0,0.284,0.922,0.455,4.063,0.0,-0.0,2.1196,-4.743,-8.6455,wall_following_fail
2026-07-09 12:32:35.021,pillar_wall_bad,pill_bad_03,negative,-0.1437,0.0107,0.5461,0.0,0.278,0.916,0.451,4.069,0.0,-0.0,2.1196,-4.743,-8.6455,wall_following_fail
2026-07-09 12:32:35.120,pillar_wall_bad,pill_bad_03,negative,-0.0862,-0.017,0.5173,0.0,0.281,0.919,0.458,4.077,0.0,-0.0,2.1196,-4.743,-8.6455,wall_following_fail
2026-07-09 12:32:35.220,pillar_wall_bad,pill_bad_03,negative,-0.0766,-0.0298,0.5269,-0.0,0.277,0.915,0.457,4.06,0.0,0.0,2.1196,-4.743,-8.6455,wall_following_fail
2026-07-09 12:32:35.320,pillar_wall_bad,pill_bad_03,negative,-0.0766,0.0447,0.479,0.0,0.278,0.911,0.459,4.056,0.0,0.0,2.1196,-4.743,-8.6455,wall_following_fail
2026-07-09 12:32:35.420,pillar_wall_bad,pill_bad_03,negative,0.4982,2.6877,-1.2837,-0.0,0.267,0.916,0.447,4.075,0.0,0.0,2.1196,-4.743,-8.6455,wall_following_fail
2026-07-09 12:32:35.520,pillar_wall_bad,pill_bad_03,negative,-0.182,-0.0383,0.182,0.0,0.279,0.922,0.456,4.049,0.0,-0.0,2.1196,-4.743,-8.6455,wall_following_fail
2026-07-09 12:32:35.621,pillar_wall_bad,pill_bad_03,negative,-0.0862,-0.0138,0.4311,-0.0,0.286,0.907,0.451,4.079,0.0,-0.0,2.1196,-4.743,-8.6455,wall_following_fail
2026-07-09 12:32:35.720,pillar_wall_bad,pill_bad_03,negative,0.0,0.0011,0.3353,-0.0,0.284,0.913,0.451,4.037,0.0,0.0,2.1196,-4.743,-8.6455,wall_following_fail
2026-07-09 12:32:35.820,pillar_wall_bad,pill_bad_03,negative,0.0,-0.0053,0.2587,0.0,0.282,0.91,0.455,4.037,0.0,-0.0,2.1196,-4.743,-8.6455,wall_following_fail
2026-07-09 12:32:35.920,pillar_wall_bad,pill_bad_03,negative,-0.0383,-0.0266,0.5748,-0.0,0.285,0.918,0.461,4.06,0.0,0.0,2.1196,-4.743,-8.6455,wall_following_fail
2026-07-09 12:32:36.021,pillar_wall_bad,pill_bad_03,negative,-0.0862,0.0341,0.3545,0.0,0.285,0.92,0.462,4.069,0.0,0.0,2.1196,-4.743,-8.6455,wall_following_fail
2026-07-09 12:32:36.120,pillar_wall_bad,pill_bad_03,negative,-0.0766,0.0064,0.2491,0.0,0.278,0.918,0.452,4.074,0.0,-0.0,2.1196,-4.743,-8.6455,wall_following_fail
2026-07-09 12:32:36.220,pillar_wall_bad,pill_bad_03,negative,-0.0287,0.0138,0.4503,-0.0,0.274,0.919,0.447,4.059,0.0,-0.0,2.1196,-4.743,-8.6455,wall_following_fail
2026-07-09 12:32:36.321,pillar_wall_bad,pill_bad_03,negative,0.4982,2.6877,-1.2837,0.0,0.278,0.914,0.455,4.065,0.0,0.0,2.1196,-4.743,-8.6455,wall_following_fail
2026-07-09 12:32:36.420,pillar_wall_bad,pill_bad_03,negative,-0.0383,-0.0288,0.6419,-0.0,0.281,0.916,0.452,4.056,0.0,0.0,2.1196,-4.743,-8.6455,wall_following_fail
2026-07-09 12:32:36.520,pillar_wall_bad,pill_bad_03,negative,-0.0479,0.0021,0.4598,-0.0,0.275,0.909,0.456,4.074,0.0,-0.0,2.1196,-4.743,-8.6455,wall_following_fail
2026-07-09 12:32:36.620,pillar_wall_bad,pill_bad_03,negative,0.0287,0.0117,0.1629,-0.0,0.278,0.922,0.453,4.069,0.0,0.0,2.1196,-4.743,-8.6455,wall_following_fail
2026-07-09 12:32:36.721,pillar_wall_bad,pill_bad_03,negative,-0.0671,-0.0394,0.5173,0.0,0.278,0.917,0.457,4.05,0.0,0.0,2.1196,-4.743,-8.6455,wall_following_fail
2026-07-09 12:32:36.820,pillar_wall_bad,pill_bad_03,negative,-0.0287,0.0149,0.4311,-0.0,0.284,0.912,0.455,4.046,0.0,0.0,2.1196,-4.743,-8.6455,wall_following_fail
2026-07-09 12:32:36.921,pillar_wall_bad,pill_bad_03,negative,0.0096,0.016,0.182,0.0,0.278,0.917,0.452,4.067,0.0,0.0,2.1196,-4.743,-8.6455,wall_following_fail
2026-07-09 12:32:37.020,pillar_wall_bad,pill_bad_03,negative,-0.1341,-0.0043,0.3066,0.0,0.28,0.924,0.456,4.068,0.0,0.0,2.1196,-4.743,-8.6455,wall_following_fail
2026-07-09 12:32:37.121,pillar_wall_bad,pill_bad_03,negative,0.2012,-0.0224,0.0671,-0.0,0.277,0.912,0.451,4.046,0.0,0.0,2.1196,-4.743,-8.6455,wall_following_fail
2026-07-09 12:32:37.221,pillar_wall_bad,pill_bad_03,negative,-0.0575,0.0,0.115,-0.0,0.282,0.911,0.446,4.059,0.0,0.0,2.1196,-4.743,-8.6455,wall_following_fail
2026-07-09 12:32:37.320,pillar_wall_bad,pill_bad_03,negative,0.0192,-0.033,0.4215,0.0,0.278,0.916,0.454,4.071,0.0,0.0,2.1196,-4.743,-8.6455,wall_following_fail
2026-07-09 12:32:37.420,pillar_wall_bad,pill_bad_03,negative,0.0862,0.0,0.3161,0.0,0.289,0.92,0.462,4.084,0.0,0.0,2.1196,-4.743,-8.6455,wall_following_fail
2026-07-09 12:32:37.520,pillar_wall_bad,pill_bad_03,negative,0.4982,2.6877,-1.2837,-0.0,0.286,0.915,0.453,4.072,0.0,-0.0,2.1196,-4.743,-8.6455,wall_following_fail
2026-07-09 12:32:37.621,pillar_wall_bad,pill_bad_03,negative,0.1245,0.0309,0.0575,0.0,0.282,0.912,0.449,4.053,0.0,0.0,2.1196,-4.743,-8.6455,wall_following_fail
2026-07-09 12:32:37.720,pillar_wall_bad,pill_bad_03,negative,0.0575,-0.0192,0.4215,0.0,0.281,0.916,0.458,4.081,0.0,-0.0,2.1196,-4.743,-8.6455,wall_following_fail
2026-07-09 12:32:37.820,pillar_wall_bad,pill_bad_03,negative,-0.0671,0.0,0.2682,0.0,0.28,0.914,0.456,4.068,0.0,-0.0,2.1196,-4.743,-8.6455,wall_following_fail
2026-07-09 12:32:37.920,pillar_wall_bad,pill_bad_03,negative,0.0,-0.0256,0.6323,0.0,0.284,0.912,0.455,4.057,0.0,-0.0,2.1196,-4.743,-8.6455,wall_following_fail
2026-07-09 12:32:38.020,pillar_wall_bad,pill_bad_03,negative,-0.0671,-0.0021,0.2587,-0.0,0.288,0.92,0.458,4.06,0.0,-0.0,2.1196,-4.743,-8.6455,wall_following_fail
2026-07-09 12:32:38.120,pillar_wall_bad,pill_bad_03,negative,0.0096,0.0053,0.0383,-0.0,0.286,0.918,0.457,4.08,0.0,0.0,2.1196,-4.743,-8.6455,wall_following_fail
2026-07-09 12:32:38.221,pillar_wall_bad,pill_bad_03,negative,-0.0096,0.0266,0.1245,-0.0,0.282,0.918,0.454,4.044,0.0,0.0,2.1196,-4.743,-8.6455,wall_following_fail
2026-07-09 12:32:38.320,pillar_wall_bad,pill_bad_03,negative,-0.0479,-0.0245,0.5077,0.0,0.282,0.924,0.452,4.079,0.0,-0.0,2.1196,-4.743,-8.6455,wall_following_fail
2026-07-09 12:32:38.421,pillar_wall_bad,pill_bad_03,negative,-0.0096,-0.0341,0.4024,-0.0,0.285,0.914,0.458,4.056,0.0,0.0,2.1196,-4.743,-8.6455,wall_following_fail
2026-07-09 12:32:38.520,pillar_wall_bad,pill_bad_03,negative,-0.0958,-0.0075,0.5173,-0.0,0.287,0.913,0.448,4.055,0.0,0.0,2.1196,-4.743,-8.6455,wall_following_fail
2026-07-09 12:32:38.620,pillar_wall_bad,pill_bad_03,negative,-0.0383,0.0117,0.1054,0.0,0.277,0.926,0.458,4.054,0.0,0.0,2.1196,-4.743,-8.6455,wall_following_fail
2026-07-09 12:32:38.720,pillar_wall_bad,pill_bad_03,negative,0.4982,2.6877,-1.2837,-0.0,0.278,0.917,0.458,4.066,0.0,0.0,2.1196,-4.743,-8.6455,wall_following_fail
2026-07-09 12:32:38.820,pillar_wall_bad,pill_bad_03,negative,-0.0192,0.0692,0.2299,-0.0,0.281,0.925,0.455,4.071,0.0,0.0,2.1196,-4.743,-8.6455,wall_following_fail
2026-07-09 12:32:38.920,pillar_wall_bad,pill_bad_03,negative,0.0,0.0032,0.5844,0.0,0.281,0.915,0.459,4.051,0.0,0.0,2.1196,-4.743,-8.6455,wall_following_fail
2026-07-09 12:32:39.021,pillar_wall_bad,pill_bad_03,negative,0.0958,-0.0192,0.2874,0.0,0.289,0.917,0.461,4.045,0.0,-0.0,2.1196,-4.743,-8.6455,wall_following_fail
2026-07-09 12:32:39.120,pillar_wall_bad,pill_bad_03,negative,0.1437,-0.0138,0.1533,0.0,0.285,0.911,0.46,4.086,0.0,0.0,2.1196,-4.743,-8.6455,wall_following_fail
2026-07-09 12:32:39.221,pillar_wall_bad,pill_bad_03,negative,0.0383,-0.0043,0.4311,-0.0,0.281,0.915,0.463,4.048,0.0,0.0,2.1196,-4.743,-8.6455,wall_following_fail
2026-07-09 12:32:39.320,pillar_wall_bad,pill_bad_03,negative,0.0575,0.0128,0.115,-0.0,0.286,0.907,0.45,4.07,0.0,0.0,2.1196,-4.743,-8.6455,wall_following_fail
2026-07-09 12:32:39.421,pillar_wall_bad,pill_bad_03,negative,-0.1629,0.0277,0.297,-0.0,0.281,0.922,0.462,4.075,0.0,-0.0,2.1196,-4.743,-8.6455,wall_following_fail
2026-07-09 12:32:39.520,pillar_wall_bad,pill_bad_03,negative,0.4982,2.6877,-1.2837,-0.0,0.281,0.915,0.46,4.063,0.0,-0.0,2.1196,-4.743,-8.6455,wall_following_fail
2026-07-09 12:32:39.621,pillar_wall_bad,pill_bad_03,negative,-0.0958,0.0149,0.4024,0.0,0.285,0.914,0.448,4.077,0.0,-0.0,2.1196,-4.743,-8.6455,wall_following_fail
2026-07-09 12:32:39.720,pillar_wall_bad,pill_bad_03,negative,0.0479,0.0138,0.364,-0.0,0.285,0.918,0.458,4.063,0.0,0.0,2.1196,-4.743,-8.6455,wall_following_fail
2026-07-09 12:32:39.821,pillar_wall_bad,pill_bad_03,negative,-0.0671,0.0511,0.5365,-0.0,0.285,0.918,0.457,4.073,0.0,0.0,2.1196,-4.743,-8.6455,wall_following_fail
2026-07-09 12:32:39.920,pillar_wall_bad,pill_bad_03,negative,0.0862,0.0181,0.7377,-0.0,0.283,0.913,0.453,4.071,0.0,0.0,2.1196,-4.743,-8.6455,wall_following_fail
2026-07-09 12:32:40.020,pillar_wall_bad,pill_bad_03,negative,-0.0671,0.0234,0.1724,-0.0,0.273,0.915,0.457,4.059,0.0,0.0,2.1196,-4.743,-8.6455,wall_following_fail
2026-07-09 12:32:40.120,pillar_wall_bad,pill_bad_03,negative,-0.0383,0.0256,0.3449,-0.0,0.277,0.917,0.451,4.073,0.0,0.0,2.1196,-4.743,-8.6455,wall_following_fail
2026-07-09 12:32:40.221,pillar_wall_bad,pill_bad_03,negative,-0.0958,-0.0075,0.5173,0.0,0.279,0.915,0.457,4.081,0.0,0.0,2.1196,-4.743,-8.6455,wall_following_fail
2026-07-09 12:32:40.321,pillar_wall_bad,pill_bad_03,negative,-0.0287,0.0096,0.6514,0.0,0.285,0.904,0.454,4.079,0.0,-0.0,2.1196,-4.743,-8.6455,wall_following_fail
2026-07-09 12:32:40.421,pillar_wall_bad,pill_bad_03,negative,-0.0766,-0.0107,0.3928,-0.0,0.285,0.909,0.455,4.076,0.0,-0.0,2.1196,-4.743,-8.6455,wall_following_fail
2026-07-09 12:32:40.520,pillar_wall_bad,pill_bad_03,negative,0.0,-0.0096,0.4503,0.0,0.286,0.912,0.457,4.068,0.0,-0.0,2.1196,-4.743,-8.6455,wall_following_fail
2026-07-09 12:32:40.620,pillar_wall_bad,pill_bad_03,negative,-0.0575,-0.0213,0.4503,0.0,0.286,0.917,0.451,4.045,0.0,0.0,2.1196,-4.743,-8.6455,wall_following_fail
2026-07-09 12:32:40.721,pillar_wall_bad,pill_bad_03,negative,-0.0766,0.0415,0.3545,-0.0,0.279,0.913,0.453,4.076,0.0,0.0,2.1196,-4.743,-8.6455,wall_following_fail
2026-07-09 12:32:40.821,pillar_wall_bad,pill_bad_03,negative,-0.0479,0.0107,0.2682,-0.0,0.282,0.914,0.453,4.082,0.0,0.0,2.1196,-4.743,-8.6455,wall_following_fail
2026-07-09 12:32:40.920,pillar_wall_bad,pill_bad_03,negative,-0.0862,-0.0671,0.5077,0.0,0.282,0.911,0.457,4.067,0.0,-0.0,2.1196,-4.743,-8.6455,wall_following_fail
2026-07-09 12:32:41.020,pillar_wall_bad,pill_bad_03,negative,-0.0096,-0.0586,0.3066,0.0,0.281,0.922,0.456,4.071,0.0,-0.0,2.1196,-4.743,-8.6455,wall_following_fail
2026-07-09 12:32:41.120,pillar_wall_bad,pill_bad_03,negative,-0.0575,0.0245,0.8718,-0.0,0.276,0.914,0.454,4.067,0.0,-0.0,2.1196,-4.743,-8.6455,wall_following_fail
2026-07-09 12:32:41.221,pillar_wall_bad,pill_bad_03,negative,-0.0287,-0.0021,0.4119,-0.0,0.281,0.922,0.458,4.048,0.0,0.0,2.1196,-4.743,-8.6455,wall_following_fail
2026-07-09 12:32:41.321,pillar_wall_bad,pill_bad_03,negative,0.1341,-0.0341,0.182,0.0,0.279,0.917,0.464,4.066,0.0,0.0,2.1196,-4.743,-8.6455,wall_following_fail
2026-07-09 12:32:41.420,pillar_wall_bad,pill_bad_03,negative,-0.1245,-0.0043,0.9963,0.0,0.282,0.911,0.455,4.076,0.0,0.0,2.1196,-4.743,-8.6455,wall_following_fail
2026-07-09 12:32:41.521,pillar_wall_bad,pill_bad_03,negative,-0.0383,0.0352,0.6131,-0.0,0.286,0.915,0.454,4.039,0.0,-0.0,2.1196,-4.743,-8.6455,wall_following_fail
2026-07-09 12:32:41.621,pillar_wall_bad,pill_bad_03,negative,-0.0671,0.0373,0.5173,-0.0,0.282,0.912,0.453,4.051,0.0,0.0,2.1196,-4.743,-8.6455,wall_following_fail
2026-07-09 12:32:41.720,pillar_wall_bad,pill_bad_03,negative,-0.0862,-0.0245,0.4024,-0.0,0.28,0.918,0.467,4.064,0.0,0.0,2.1196,-4.743,-8.6455,wall_following_fail
2026-07-09 12:32:41.820,pillar_wall_bad,pill_bad_03,negative,-0.0479,0.0543,0.2299,-0.0,0.281,0.921,0.454,4.075,0.0,0.0,2.1196,-4.743,-8.6455,wall_following_fail
2026-07-09 12:32:41.921,pillar_wall_bad,pill_bad_03,negative,-0.0287,0.0245,0.1533,-0.0,0.281,0.911,0.457,4.066,0.0,0.0,2.1196,-4.743,-8.6455,wall_following_fail
2026-07-09 12:32:42.021,pillar_wall_bad,pill_bad_03,negative,-0.115,0.049,0.7089,0.0,0.278,0.922,0.45,4.078,0.0,0.0,2.1196,-4.743,-8.6455,wall_following_fail
2026-07-09 12:32:42.121,pillar_wall_bad,pill_bad_03,negative,-0.0575,0.0117,0.6131,0.0,0.284,0.918,0.451,4.086,0.0,0.0,2.1196,-4.743,-8.6455,wall_following_fail
2026-07-09 12:32:42.220,pillar_wall_bad,pill_bad_03,negative,0.0,0.0021,0.5077,-0.0,0.281,0.927,0.455,4.074,0.0,0.0,2.1196,-4.743,-8.6455,wall_following_fail
2026-07-09 12:32:42.320,pillar_wall_bad,pill_bad_03,negative,0.0192,0.0756,0.4886,0.0,0.272,0.91,0.456,4.073,0.0,-0.0,2.1196,-4.743,-8.6455,wall_following_fail
2026-07-09 12:32:42.421,pillar_wall_bad,pill_bad_03,negative,0.0287,0.0138,0.4598,0.0,0.273,0.913,0.456,4.063,0.0,0.0,2.1196,-4.743,-8.6455,wall_following_fail
2026-07-09 12:32:42.521,pillar_wall_bad,pill_bad_03,negative,0.0958,0.0682,0.0096,-0.0,0.286,0.916,0.453,4.06,0.0,-0.0,2.1196,-4.743,-8.6455,wall_following_fail
2026-07-09 12:32:42.620,pillar_wall_bad,pill_bad_03,negative,-0.0479,0.0373,0.297,0.0,0.287,0.923,0.452,4.043,0.0,-0.0,2.1196,-4.743,-8.6455,wall_following_fail
2026-07-09 12:32:42.721,pillar_wall_bad,pill_bad_03,negative,0.0287,-0.2525,1.8394,-0.0038,0.279,0.911,0.454,4.069,0.0,0.0003,2.1196,-4.743,-8.6455,wall_following_fail
2026-07-09 12:32:42.820,pillar_wall_bad,pill_bad_03,negative,0.1054,-2.2658,-0.6419,-0.0054,0.283,0.921,0.463,4.051,0.0,0.0031,2.1207,-4.7439,-8.6467,wall_following_fail
2026-07-09 12:32:42.921,pillar_wall_bad,pill_bad_03,negative,-0.0575,-1.0759,-0.7856,-0.0048,0.285,0.934,0.456,4.031,0.0,0.0036,2.1227,-4.7472,-8.6488,wall_following_fail
2026-07-09 12:32:43.020,pillar_wall_bad,pill_bad_03,negative,-0.2587,-0.4432,-1.3891,-0.0088,0.281,0.93,0.462,4.007,0.0,0.0072,2.126,-4.7558,-8.6524,wall_following_fail
2026-07-09 12:32:43.120,pillar_wall_bad,pill_bad_03,negative,0.0287,-1.0109,-0.0383,-0.0256,0.291,0.93,0.452,4.006,0.0,0.0161,2.1299,-4.7726,-8.6568,wall_following_fail
2026-07-09 12:32:43.221,pillar_wall_bad,pill_bad_03,negative,-0.0479,-0.1044,0.5365,-0.0251,0.275,0.912,0.436,4.056,0.0,0.0131,2.1331,-4.7949,-8.6604,wall_following_fail
2026-07-09 12:32:43.320,pillar_wall_bad,pill_bad_03,negative,-0.2587,0.0181,0.5269,-0.0285,0.274,0.909,0.43,4.025,0.0,0.0139,2.1352,-4.8207,-8.6627,wall_following_fail
2026-07-09 12:32:43.421,pillar_wall_bad,pill_bad_03,negative,0.0862,0.2706,-1.2071,-0.0478,0.267,0.901,0.428,4.048,0.0,0.0248,2.1365,-4.853,-8.6638,wall_following_fail
2026-07-09 12:32:43.520,pillar_wall_bad,pill_bad_03,negative,0.1724,0.1001,0.3928,-0.0267,0.275,0.877,0.417,4.067,0.0,0.0172,2.1375,-4.888,-8.6641,wall_following_fail
2026-07-09 12:32:43.621,pillar_wall_bad,pill_bad_03,negative,1.0155,0.131,1.1017,-0.0191,0.261,0.833,0.406,4.103,0.0,0.0185,2.138,-4.9203,-8.6633,wall_following_fail
2026-07-09 12:32:43.720,pillar_wall_bad,pill_bad_03,negative,0.1341,-0.1949,1.6286,-0.0188,0.246,0.757,0.409,4.224,0.0,0.013,2.1374,-4.945,-8.6615,wall_following_fail
2026-07-09 12:32:43.820,pillar_wall_bad,pill_bad_03,negative,1.1209,-0.3611,1.1496,-0.0177,0.235,0.713,0.405,4.338,0.0,0.0075,2.1351,-4.9645,-8.658,wall_following_fail
2026-07-09 12:32:43.920,pillar_wall_bad,pill_bad_03,negative,0.4982,2.6877,-1.2837,-0.0143,0.237,0.704,0.413,4.38,0.0,0.0045,2.1312,-4.9802,-8.653,wall_following_fail
2026-07-09 12:32:44.020,pillar_wall_bad,pill_bad_03,negative,-0.182,-0.9854,0.6227,-0.0147,0.243,0.719,0.423,4.367,0.0,0.0029,2.127,-4.9908,-8.648,wall_following_fail
2026-07-09 12:32:44.120,pillar_wall_bad,pill_bad_03,negative,0.0383,-0.1907,0.4119,-0.0055,0.244,0.73,0.428,4.353,0.0,0.0009,2.1235,-4.9968,-8.644,wall_following_fail
2026-07-09 12:32:44.220,pillar_wall_bad,pill_bad_03,negative,-0.1054,-0.2972,1.1879,-0.0032,0.248,0.728,0.438,4.369,0.0,0.0004,2.1206,-5.0011,-8.6407,wall_following_fail
2026-07-09 12:32:44.321,pillar_wall_bad,pill_bad_03,negative,-0.0766,-0.0842,0.4407,0.0002,0.25,0.729,0.439,4.39,0.0,-0.0,2.1197,-5.0022,-8.6397,wall_following_fail
2026-07-09 12:32:44.421,pillar_wall_bad,pill_bad_03,negative,-0.1054,-0.0852,-0.2682,-0.0004,0.248,0.735,0.433,4.37,0.0,-0.0001,2.1203,-5.0014,-8.6404,wall_following_fail
2026-07-09 12:32:44.520,pillar_wall_bad,pill_bad_03,negative,-0.0766,-0.0021,0.4598,0.0,0.248,0.746,0.436,4.354,0.0,0.0,2.1203,-5.0014,-8.6404,wall_following_fail
2026-07-09 12:32:44.621,pillar_wall_bad,pill_bad_03,negative,0.0192,-0.0213,0.4886,-0.0001,0.25,0.737,0.438,4.386,0.0,-0.0,2.1202,-5.0016,-8.6403,wall_following_fail
2026-07-09 12:32:44.720,pillar_wall_bad,pill_bad_03,negative,0.4982,2.6877,-1.2837,-0.0,0.256,0.742,0.439,4.386,0.0,0.0,2.1203,-5.0015,-8.6404,wall_following_fail
2026-07-09 12:32:44.820,pillar_wall_bad,pill_bad_03,negative,-0.0383,-0.0085,0.4407,0.0001,0.247,0.735,0.436,4.373,0.0,-0.0,2.1202,-5.0015,-8.6403,wall_following_fail
2026-07-09 12:32:44.921,pillar_wall_bad,pill_bad_03,negative,0.0,0.0213,-0.1054,-0.0,0.252,0.736,0.431,4.368,0.0,0.0,2.1203,-5.0015,-8.6404,wall_following_fail
2026-07-09 12:32:45.021,pillar_wall_bad,pill_bad_03,negative,0.115,0.0138,0.5556,0.0,0.251,0.739,0.436,4.384,0.0,-0.0,2.1203,-5.0015,-8.6404,wall_following_fail
2026-07-09 12:32:45.121,pillar_wall_bad,pill_bad_03,negative,0.0192,-0.0085,0.3545,-0.0,0.247,0.741,0.44,4.375,0.0,0.0,2.1203,-5.0015,-8.6404,wall_following_fail
2026-07-09 12:32:45.220,pillar_wall_bad,pill_bad_03,negative,-0.115,0.0107,0.4598,-0.0,0.242,0.736,0.432,4.362,0.0,0.0,2.1203,-5.0015,-8.6404,wall_following_fail
2026-07-09 12:32:45.320,pillar_wall_bad,pill_bad_03,negative,0.2491,-1.4317,1.0059,-0.0076,0.251,0.745,0.44,4.363,0.0,-0.0,2.1202,-5.0015,-8.6403,wall_following_fail
2026-07-09 12:32:45.421,pillar_wall_bad,pill_bad_03,negative,-0.0479,0.2514,0.3066,-0.0076,0.254,0.787,0.431,4.258,0.0,-0.0002,2.1197,-5.0017,-8.6398,wall_following_fail
2026-07-09 12:32:45.521,pillar_wall_bad,pill_bad_03,negative,-0.0096,0.228,-0.0766,-0.0158,0.262,0.827,0.424,4.173,0.0,0.0001,2.1186,-5.0029,-8.6386,wall_following_fail
2026-07-09 12:32:45.621,pillar_wall_bad,pill_bad_03,negative,-0.1245,-0.3292,0.0575,-0.0206,0.265,0.897,0.416,4.006,0.0,0.0009,2.117,-5.0051,-8.6368,wall_following_fail
2026-07-09 12:32:45.720,pillar_wall_bad,pill_bad_03,negative,0.4982,2.6877,-1.2837,-0.0331,0.286,1.012,0.411,3.864,0.0,0.002,2.1151,-5.0086,-8.6346,wall_following_fail
2026-07-09 12:32:45.820,pillar_wall_bad,pill_bad_03,negative,0.0192,-0.1843,0.0671,-0.0389,0.295,1.209,0.414,3.655,0.0,0.0024,2.1135,-5.0127,-8.6326,wall_following_fail
2026-07-09 12:32:45.920,pillar_wall_bad,pill_bad_03,negative,0.4982,2.6877,-1.2837,-0.0305,0.314,1.546,0.396,3.453,0.1,0.0018,2.1122,-5.0169,-8.6309,wall_following
2026-07-09 12:32:46.020,pillar_wall_bad,pill_bad_03,negative,-0.0671,-0.2727,0.297,-0.0513,0.325,2.256,0.389,3.234,0.1,0.0024,2.111,-5.0209,-8.6293,wall_following
2026-07-09 12:32:46.120,pillar_wall_bad,pill_bad_03,negative,0.364,0.376,0.4311,-0.0355,0.364,4.012,0.388,3.015,0.1,0.0011,2.1094,-5.0243,-8.6274,wall_following
2026-07-09 12:32:46.220,pillar_wall_bad,pill_bad_03,negative,0.115,-0.4186,0.1724,-0.0692,0.401,4.482,0.393,2.827,0.1,0.0018,2.1067,-5.0278,-8.6243,wall_following
2026-07-09 12:32:46.320,pillar_wall_bad,pill_bad_03,negative,0.0862,-0.3952,0.6035,-0.0768,0.467,65.533,0.41,2.949,0.1,0.0022,2.1038,-5.031,-8.6211,wall_following
2026-07-09 12:32:46.420,pillar_wall_bad,pill_bad_03,negative,-0.5844,-0.4581,-0.2874,-0.0791,0.585,65.533,0.403,3.259,0.1,0.003,2.1008,-5.0352,-8.6177,wall_following
2026-07-09 12:32:46.520,pillar_wall_bad,pill_bad_03,negative,-0.3449,-0.3143,0.9867,-0.0699,0.72,9.414,0.416,3.671,0.1,0.0031,2.0982,-5.0391,-8.6147,wall_following
2026-07-09 12:32:46.620,pillar_wall_bad,pill_bad_03,negative,0.1437,0.604,1.0059,-0.0697,0.909,65.533,0.428,3.47,0.1,0.005,2.0929,-5.0443,-8.6088,wall_following
2026-07-09 12:32:46.720,pillar_wall_bad,pill_bad_03,negative,-0.4598,0.2482,2.4621,-0.058,1.178,4.545,0.443,3.338,0.1,0.0064,2.0869,-5.0511,-8.602,wall_following
2026-07-09 12:32:46.820,pillar_wall_bad,pill_bad_03,negative,0.2012,0.3771,0.4407,-0.0596,1.477,4.011,0.46,3.228,0.1,0.0086,2.0821,-5.0593,-8.5963,wall_following
2026-07-09 12:32:46.920,pillar_wall_bad,pill_bad_03,negative,0.1245,0.3068,0.7185,-0.0494,1.868,3.588,0.47,3.149,0.1,0.0082,2.0783,-5.0672,-8.5916,wall_following
2026-07-09 12:32:47.020,pillar_wall_bad,pill_bad_03,negative,-0.0575,0.5337,0.6993,-0.0293,2.352,3.274,0.488,3.091,0.1,0.0057,2.0756,-5.074,-8.588,wall_following
2026-07-09 12:32:47.120,pillar_wall_bad,pill_bad_03,negative,0.1054,-0.3185,0.9388,-0.0362,2.998,3.045,0.5,3.063,0.1,0.0086,2.0731,-5.0818,-8.5845,wall_following
2026-07-09 12:32:47.220,pillar_wall_bad,pill_bad_03,negative,0.0862,0.897,0.843,-0.0264,3.862,2.886,0.505,3.133,0.1,0.008,2.0716,-5.0887,-8.5822,wall_following
2026-07-09 12:32:47.320,pillar_wall_bad,pill_bad_03,negative,0.2108,1.0173,0.7185,-0.013,3.887,2.772,0.518,3.318,0.1,0.0051,2.0708,-5.0954,-8.5805,wall_following
2026-07-09 12:32:47.420,pillar_wall_bad,pill_bad_03,negative,0.3257,1.4456,-0.297,-0.0076,3.878,2.701,0.515,3.547,0.1,0.0049,2.0703,-5.1019,-8.5791,wall_following
2026-07-09 12:32:47.520,pillar_wall_bad,pill_bad_03,negative,0.115,0.9406,0.0575,-0.0049,4.526,2.672,0.525,3.659,0.1,0.0053,2.0704,-5.1081,-8.5784,wall_following
2026-07-09 12:32:47.621,pillar_wall_bad,pill_bad_03,negative,0.0,0.621,-0.2395,-0.0055,5.256,2.653,0.526,3.727,0.1,0.0088,2.0712,-5.1157,-8.5781,wall_following
2026-07-09 12:32:47.721,pillar_wall_bad,pill_bad_03,negative,0.0192,0.4581,0.3736,-0.0048,5.233,2.648,0.524,3.724,0.1,0.0089,2.0723,-5.1228,-8.5782,wall_following
2026-07-09 12:32:47.820,pillar_wall_bad,pill_bad_03,negative,-0.0479,0.2131,0.3161,-0.0025,5.234,2.634,0.516,3.725,0.1,0.0063,2.0739,-5.1304,-8.5787,wall_following
2026-07-09 12:32:47.920,pillar_wall_bad,pill_bad_03,negative,-0.0862,0.0352,0.4311,-0.0044,5.222,2.635,0.52,3.676,0.1,0.0092,2.0757,-5.1384,-8.5793,wall_following
2026-07-09 12:32:48.021,pillar_wall_bad,pill_bad_03,negative,-0.0383,0.0799,0.4024,-0.0023,5.227,2.648,0.519,3.637,0.1,0.0058,2.0773,-5.1456,-8.5798,wall_following
2026-07-09 12:32:48.121,pillar_wall_bad,pill_bad_03,negative,0.0192,-0.0096,0.297,-0.0037,5.21,2.635,0.51,3.599,0.1,0.0091,2.079,-5.1535,-8.5803,wall_following
2026-07-09 12:32:48.220,pillar_wall_bad,pill_bad_03,negative,0.0287,-0.0969,0.5748,-0.0032,5.19,2.653,0.51,3.566,0.1,0.0065,2.0807,-5.1606,-8.5808,wall_following
2026-07-09 12:32:48.321,pillar_wall_bad,pill_bad_03,negative,0.0671,-0.0298,0.3928,-0.0038,5.19,2.646,0.507,3.502,0.1,0.0079,2.0822,-5.1685,-8.5811,wall_following
2026-07-09 12:32:48.421,pillar_wall_bad,pill_bad_03,negative,0.0287,-0.1172,0.0,-0.0043,5.171,2.651,0.503,3.479,0.1,0.0085,2.0836,-5.176,-8.5812,wall_following
2026-07-09 12:32:48.520,pillar_wall_bad,pill_bad_03,negative,-0.0096,-0.0373,0.8047,-0.0046,5.161,2.646,0.5,3.426,0.1,0.0088,2.0848,-5.1834,-8.5811,wall_following
2026-07-09 12:32:48.620,pillar_wall_bad,pill_bad_03,negative,-0.1341,-0.1406,0.3832,-0.0045,5.161,2.658,0.503,3.365,0.1,0.008,2.0858,-5.191,-8.5808,wall_following
2026-07-09 12:32:48.720,pillar_wall_bad,pill_bad_03,negative,-0.2203,0.0032,0.4694,-0.0047,5.139,2.659,0.499,3.292,0.1,0.009,2.0865,-5.198,-8.5803,wall_following
2026-07-09 12:32:48.820,pillar_wall_bad,pill_bad_03,negative,-0.1916,-0.0916,0.4598,-0.0055,5.139,2.658,0.496,3.261,0.1,0.0091,2.0873,-5.2057,-8.5797,wall_following
2026-07-09 12:32:48.921,pillar_wall_bad,pill_bad_03,negative,0.0287,-0.0053,0.1629,-0.0037,5.133,2.656,0.502,3.196,0.1,0.006,2.088,-5.2129,-8.579,wall_following
2026-07-09 12:32:49.020,pillar_wall_bad,pill_bad_03,negative,0.4982,2.6877,-1.2837,-0.0033,5.117,2.66,0.495,3.203,0.1,0.0055,2.0885,-5.2207,-8.578,wall_following
2026-07-09 12:32:49.121,pillar_wall_bad,pill_bad_03,negative,0.1054,0.1023,0.1533,-0.0052,5.095,2.656,0.489,3.206,0.1,0.0085,2.0889,-5.2281,-8.577,wall_following
2026-07-09 12:32:49.220,pillar_wall_bad,pill_bad_03,negative,-0.0575,-0.1779,0.9484,-0.0061,5.094,2.667,0.497,3.206,0.1,0.0091,2.0892,-5.2356,-8.5758,wall_following
2026-07-09 12:32:49.320,pillar_wall_bad,pill_bad_03,negative,-0.2203,0.033,0.594,-0.0049,5.095,2.675,0.499,3.17,0.1,0.0079,2.0893,-5.2426,-8.5745,wall_following
2026-07-09 12:32:49.420,pillar_wall_bad,pill_bad_03,negative,-0.2299,0.1395,0.2395,-0.0035,5.079,2.658,0.498,3.07,0.1,0.0061,2.0895,-5.2501,-8.5732,wall_following
2026-07-09 12:32:49.521,pillar_wall_bad,pill_bad_03,negative,-0.3545,-0.0107,0.2682,-0.0047,5.068,2.663,0.494,3.071,0.1,0.008,2.0899,-5.2572,-8.5721,wall_following
2026-07-09 12:32:49.621,pillar_wall_bad,pill_bad_03,negative,0.1245,0.114,-0.1245,-0.0045,5.055,2.676,0.496,3.053,0.1,0.009,2.0904,-5.2651,-8.5709,wall_following
2026-07-09 12:32:49.720,pillar_wall_bad,pill_bad_03,negative,-0.1341,0.0362,0.4886,-0.0052,5.047,2.675,0.5,3.061,0.1,0.009,2.0909,-5.2725,-8.5698,wall_following
2026-07-09 12:32:49.820,pillar_wall_bad,pill_bad_03,negative,-0.0287,0.0107,0.5077,-0.0043,5.029,2.695,0.498,3.052,0.1,0.0079,2.0914,-5.2798,-8.5687,wall_following
2026-07-09 12:32:49.921,pillar_wall_bad,pill_bad_03,negative,0.115,-0.0639,0.2395,-0.0029,5.031,2.679,0.498,3.036,0.1,0.0051,2.092,-5.2868,-8.5677,wall_following
2026-07-09 12:32:50.020,pillar_wall_bad,pill_bad_03,negative,0.0383,0.0959,0.5173,-0.0027,5.029,2.688,0.494,3.012,0.1,0.005,2.0925,-5.2943,-8.5665,wall_following
2026-07-09 12:32:50.120,pillar_wall_bad,pill_bad_03,negative,-0.0479,-0.1886,0.4886,-0.0037,4.991,2.675,0.501,3.012,0.1,0.0056,2.0929,-5.302,-8.5652,wall_following
2026-07-09 12:32:50.220,pillar_wall_bad,pill_bad_03,negative,0.0479,0.1395,0.3545,-0.004,4.996,2.697,0.496,3.012,0.1,0.0063,2.0933,-5.3094,-8.5638,wall_following
2026-07-09 12:32:50.320,pillar_wall_bad,pill_bad_03,negative,-0.0575,-0.2312,0.7281,-0.0043,4.986,2.671,0.498,3.009,0.1,0.0063,2.0936,-5.3167,-8.5624,wall_following
2026-07-09 12:32:50.420,pillar_wall_bad,pill_bad_03,negative,-0.1341,0.1087,0.4886,-0.0034,4.974,2.677,0.502,3.006,0.1,0.0058,2.0937,-5.3236,-8.5608,wall_following
2026-07-09 12:32:50.520,pillar_wall_bad,pill_bad_03,negative,-0.3066,-0.0692,0.1054,-0.0058,4.964,2.674,0.495,3.009,0.1,0.0091,2.0938,-5.331,-8.5591,wall_following
2026-07-09 12:32:50.620,pillar_wall_bad,pill_bad_03,negative,0.4982,2.6877,-1.2837,-0.0026,4.951,2.666,0.496,3.009,0.1,0.005,2.0938,-5.3386,-8.5572,wall_following
2026-07-09 12:32:50.720,pillar_wall_bad,pill_bad_03,negative,-0.2778,-0.3185,-0.0671,-0.0051,4.951,2.679,0.495,3.013,0.1,0.0075,2.0942,-5.3458,-8.5557,wall_following
2026-07-09 12:32:50.820,pillar_wall_bad,pill_bad_03,negative,0.4982,2.6877,-1.2837,-0.0031,4.934,2.659,0.493,3.006,0.1,0.0051,2.0944,-5.3533,-8.554,wall_following
2026-07-09 12:32:50.921,pillar_wall_bad,pill_bad_03,negative,-0.0958,0.0511,0.0766,-0.0028,4.93,2.669,0.499,3.018,0.1,0.005,2.0946,-5.3605,-8.5523,wall_following
2026-07-09 12:32:51.020,pillar_wall_bad,pill_bad_03,negative,-0.1341,-0.1332,0.2587,-0.0061,4.926,2.662,0.494,3.022,0.1,0.0093,2.0948,-5.368,-8.5505,wall_following
2026-07-09 12:32:51.120,pillar_wall_bad,pill_bad_03,negative,0.0862,0.1736,0.6706,-0.0039,4.917,2.663,0.485,3.017,0.1,0.006,2.0949,-5.3751,-8.5487,wall_following
2026-07-09 12:32:51.220,pillar_wall_bad,pill_bad_03,negative,0.0383,-0.1278,0.5556,-0.0041,4.912,2.649,0.487,3.018,0.1,0.0061,2.095,-5.3825,-8.5468,wall_following
2026-07-09 12:32:51.320,pillar_wall_bad,pill_bad_03,negative,0.0096,0.0831,0.1245,-0.0063,4.908,2.643,0.493,3.014,0.1,0.0094,2.0952,-5.3898,-8.5449,wall_following
2026-07-09 12:32:51.421,pillar_wall_bad,pill_bad_03,negative,-0.0671,-0.0575,0.0383,-0.0062,4.931,2.637,0.494,3.015,0.1,0.0089,2.0952,-5.3966,-8.543,wall_following
2026-07-09 12:32:51.521,pillar_wall_bad,pill_bad_03,negative,-0.1437,-0.0586,0.2203,-0.0051,4.973,2.629,0.5,3.015,0.1,0.0079,2.0952,-5.4042,-8.5408,wall_following
2026-07-09 12:32:51.620,pillar_wall_bad,pill_bad_03,negative,-0.115,-0.0778,0.5173,-0.004,7.885,2.645,0.493,3.012,0.1,0.0057,2.0952,-5.4111,-8.5388,wall_following
2026-07-09 12:32:51.721,pillar_wall_bad,pill_bad_03,negative,0.1054,-0.033,0.182,-0.0032,7.869,2.625,0.497,3.004,0.1,0.0049,2.0952,-5.4186,-8.5366,wall_following
2026-07-09 12:32:51.820,pillar_wall_bad,pill_bad_03,negative,-0.0096,-0.033,0.4982,-0.0059,7.873,2.629,0.484,3.006,0.1,0.009,2.0951,-5.4258,-8.5344,wall_following
2026-07-09 12:32:51.920,pillar_wall_bad,pill_bad_03,negative,-0.0575,-0.0479,0.5461,-0.006,7.885,2.616,0.498,3.012,0.1,0.0093,2.0951,-5.433,-8.5322,wall_following
2026-07-09 12:32:52.021,pillar_wall_bad,pill_bad_03,negative,0.0479,0.0117,0.2682,-0.0061,7.842,2.62,0.494,3.013,0.1,0.0093,2.0949,-5.4397,-8.53,wall_following
2026-07-09 12:32:52.120,pillar_wall_bad,pill_bad_03,negative,0.4982,2.6877,-1.2837,-0.0052,7.841,2.619,0.497,3.013,0.1,0.0081,2.0949,-5.4472,-8.5276,wall_following
2026-07-09 12:32:52.220,pillar_wall_bad,pill_bad_03,negative,-0.2299,0.0362,0.2203,-0.005,7.831,2.612,0.488,3.003,0.1,0.0074,2.0947,-5.4542,-8.5252,wall_following
2026-07-09 12:32:52.320,pillar_wall_bad,pill_bad_03,negative,-0.0862,0.0224,0.297,-0.0071,7.836,2.614,0.491,3.008,0.1,0.0108,2.0946,-5.4615,-8.5228,wall_following
2026-07-09 12:32:52.420,pillar_wall_bad,pill_bad_03,negative,-0.1916,0.1055,0.2682,-0.0045,7.81,2.62,0.494,3.004,0.1,0.0074,2.0943,-5.4685,-8.5203,wall_following
2026-07-09 12:32:52.520,pillar_wall_bad,pill_bad_03,negative,0.4982,2.6877,-1.2837,-0.0032,7.802,2.618,0.492,3.003,0.1,0.0056,2.0942,-5.4754,-8.5179,wall_following
2026-07-09 12:32:52.620,pillar_wall_bad,pill_bad_03,negative,-0.2395,-0.0138,0.594,-0.0058,7.803,2.618,0.493,3.007,0.1,0.0095,2.0941,-5.4826,-8.5154,wall_following
2026-07-09 12:32:52.720,pillar_wall_bad,pill_bad_03,negative,-0.2012,0.016,0.3066,-0.0054,7.789,2.605,0.498,3.004,0.1,0.0088,2.094,-5.4894,-8.5131,wall_following
2026-07-09 12:32:52.820,pillar_wall_bad,pill_bad_03,negative,-0.2108,-0.0011,0.479,-0.0035,7.803,2.609,0.492,3.012,0.1,0.0057,2.094,-5.4963,-8.5107,wall_following
2026-07-09 12:32:52.921,pillar_wall_bad,pill_bad_03,negative,0.0575,-0.0692,0.2778,-0.0054,7.765,2.628,0.496,3.009,0.1,0.0089,2.094,-5.5039,-8.5081,wall_following
2026-07-09 12:32:53.021,pillar_wall_bad,pill_bad_03,negative,0.0,-0.0831,0.2012,-0.0051,5.249,2.627,0.49,3.0,0.1,0.0077,2.0939,-5.511,-8.5056,wall_following
2026-07-09 12:32:53.121,pillar_wall_bad,pill_bad_03,negative,-0.0383,0.1278,0.4598,-0.005,5.254,2.623,0.495,3.009,0.1,0.0086,2.0937,-5.5177,-8.503,wall_following
2026-07-09 12:32:53.221,pillar_wall_bad,pill_bad_03,negative,0.115,0.0277,0.2108,-0.0036,7.722,2.637,0.488,3.008,0.1,0.0058,2.0937,-5.5248,-8.5005,wall_following
2026-07-09 12:32:53.320,pillar_wall_bad,pill_bad_03,negative,-0.0575,0.0117,0.843,-0.0052,7.719,2.632,0.496,3.004,0.1,0.0087,2.0935,-5.532,-8.4978,wall_following
2026-07-09 12:32:53.421,pillar_wall_bad,pill_bad_03,negative,-0.0096,0.0096,0.4886,-0.0052,7.718,2.634,0.499,3.013,0.1,0.0083,2.0935,-5.5387,-8.4953,wall_following
2026-07-09 12:32:53.520,pillar_wall_bad,pill_bad_03,negative,-0.0766,-0.0011,0.4598,-0.0037,7.7,2.618,0.495,3.012,0.1,0.0058,2.0933,-5.5459,-8.4925,wall_following
2026-07-09 12:32:53.621,pillar_wall_bad,pill_bad_03,negative,-0.0287,0.1033,0.6514,-0.0057,7.678,2.637,0.495,3.003,0.1,0.0096,2.0931,-5.5526,-8.4898,wall_following
2026-07-09 12:32:53.721,pillar_wall_bad,pill_bad_03,negative,-0.0287,-0.0043,0.6514,-0.0052,7.671,2.624,0.488,3.002,0.1,0.0086,2.0929,-5.5599,-8.4869,wall_following
2026-07-09 12:32:53.821,pillar_wall_bad,pill_bad_03,negative,-0.0383,-0.0522,0.3161,-0.0046,7.665,2.623,0.49,3.01,0.1,0.0076,2.0928,-5.5668,-8.4842,wall_following
2026-07-09 12:32:53.920,pillar_wall_bad,pill_bad_03,negative,-0.0192,-0.1992,0.6227,-0.0052,7.659,2.624,0.497,2.998,0.1,0.0077,2.0927,-5.5739,-8.4813,wall_following
2026-07-09 12:32:54.020,pillar_wall_bad,pill_bad_03,negative,-0.1724,-0.1491,1.3029,-0.0039,7.643,2.622,0.493,3.005,0.1,0.0063,2.0924,-5.5793,-8.4789,wall_following
2026-07-09 12:32:54.120,pillar_wall_bad,pill_bad_03,negative,-0.0383,0.2056,0.5652,-0.0052,5.02,2.609,0.493,3.011,0.1,0.0086,2.0918,-5.5871,-8.4753,wall_following
2026-07-09 12:32:54.220,pillar_wall_bad,pill_bad_03,negative,0.0671,-0.1619,0.3257,-0.0058,4.988,2.623,0.492,3.006,0.1,0.009,2.0916,-5.5943,-8.4722,wall_following
2026-07-09 12:32:54.320,pillar_wall_bad,pill_bad_03,negative,-0.2108,-0.0959,0.8526,-0.0037,7.62,2.623,0.498,3.0,0.1,0.0062,2.0913,-5.6011,-8.4692,wall_following
2026-07-09 12:32:54.421,pillar_wall_bad,pill_bad_03,negative,-0.115,0.0692,0.4694,-0.0051,4.946,2.624,0.493,2.996,0.1,0.008,2.0911,-5.6067,-8.4667,wall_following
2026-07-09 12:32:54.521,pillar_wall_bad,pill_bad_03,negative,-0.0862,0.0874,0.7951,-0.0033,4.881,2.625,0.496,3.007,0.1,0.0061,2.0908,-5.6134,-8.4637,wall_following
2026-07-09 12:32:54.621,pillar_wall_bad,pill_bad_03,negative,-0.0575,0.0224,0.115,-0.0037,4.986,2.618,0.495,3.003,0.1,0.0056,2.0906,-5.6216,-8.4601,wall_following
2026-07-09 12:32:54.720,pillar_wall_bad,pill_bad_03,negative,-0.1916,0.0032,0.6419,-0.0047,4.878,2.618,0.491,3.0,0.1,0.0078,2.0905,-5.6282,-8.4572,wall_following
2026-07-09 12:32:54.821,pillar_wall_bad,pill_bad_03,negative,-0.0192,-0.2013,0.6419,-0.0053,7.545,2.624,0.494,3.004,0.1,0.0078,2.0902,-5.6353,-8.454,wall_following
2026-07-09 12:32:54.920,pillar_wall_bad,pill_bad_03,negative,-0.1533,-0.0245,0.4598,-0.0052,7.557,2.618,0.487,3.001,0.1,0.0076,2.0899,-5.6418,-8.4509,wall_following
2026-07-09 12:32:55.020,pillar_wall_bad,pill_bad_03,negative,-0.0766,0.0597,0.4119,-0.0037,7.536,2.616,0.488,3.0,0.1,0.0059,2.0897,-5.6485,-8.4478,wall_following
2026-07-09 12:32:55.121,pillar_wall_bad,pill_bad_03,negative,-0.2299,-0.1513,0.4311,-0.0034,7.543,2.622,0.501,3.011,0.1,0.0053,2.0894,-5.6555,-8.4445,wall_following
2026-07-09 12:32:55.220,pillar_wall_bad,pill_bad_03,negative,0.0192,-0.0352,0.2012,-0.0054,7.52,2.624,0.494,2.998,0.1,0.0081,2.0892,-5.6621,-8.4414,wall_following
2026-07-09 12:32:55.320,pillar_wall_bad,pill_bad_03,negative,0.0096,-0.0799,0.4215,-0.005,7.513,2.62,0.503,3.005,0.1,0.0085,2.0889,-5.6691,-8.4379,wall_following
2026-07-09 12:32:55.420,pillar_wall_bad,pill_bad_03,negative,-0.0958,-0.1119,0.4503,-0.005,7.517,2.642,0.489,3.005,0.1,0.0074,2.0885,-5.6758,-8.4345,wall_following
2026-07-09 12:32:55.520,pillar_wall_bad,pill_bad_03,negative,-0.0479,0.0309,0.2299,-0.0057,7.484,2.62,0.494,3.005,0.1,0.0094,2.0881,-5.6824,-8.4311,wall_following
2026-07-09 12:32:55.620,pillar_wall_bad,pill_bad_03,negative,0.0096,-0.0277,0.3449,-0.0055,7.497,2.618,0.503,3.003,0.1,0.0089,2.0877,-5.6892,-8.4276,wall_following
2026-07-09 12:32:55.721,pillar_wall_bad,pill_bad_03,negative,0.2108,0.049,0.4694,-0.0047,7.492,2.624,0.497,3.005,0.1,0.0079,2.0872,-5.6958,-8.4241,wall_following
2026-07-09 12:32:55.820,pillar_wall_bad,pill_bad_03,negative,-0.0671,-0.0192,0.9005,-0.0043,7.463,2.655,0.499,3.002,0.1,0.0058,2.087,-5.7022,-8.4209,wall_following
2026-07-09 12:32:55.920,pillar_wall_bad,pill_bad_03,negative,-0.0192,-0.0362,0.4024,-0.0071,7.459,2.637,0.492,3.004,0.1,0.0098,2.0866,-5.7092,-8.4172,wall_following
2026-07-09 12:32:56.020,pillar_wall_bad,pill_bad_03,negative,-0.0575,0.0884,0.2108,-0.0057,7.426,2.649,0.499,3.001,0.1,0.009,2.0862,-5.7158,-8.4136,wall_following
2026-07-09 12:32:56.120,pillar_wall_bad,pill_bad_03,negative,-0.2874,0.0842,0.2299,-0.0036,7.439,2.63,0.494,3.003,0.1,0.0063,2.0859,-5.722,-8.4103,wall_following
2026-07-09 12:32:56.221,pillar_wall_bad,pill_bad_03,negative,-0.2682,0.016,0.3161,-0.0034,7.429,2.62,0.487,3.013,0.1,0.0062,2.0856,-5.7287,-8.4068,wall_following
2026-07-09 12:32:56.320,pillar_wall_bad,pill_bad_03,negative,-0.2299,-0.1587,0.4886,-0.0056,7.417,2.634,0.496,3.007,0.1,0.0082,2.0853,-5.7357,-8.4031,wall_following
2026-07-09 12:32:56.421,pillar_wall_bad,pill_bad_03,negative,-0.182,0.0128,0.4598,-0.0049,7.405,2.626,0.498,3.003,0.1,0.0076,2.0849,-5.7419,-8.3996,wall_following
2026-07-09 12:32:56.521,pillar_wall_bad,pill_bad_03,negative,-0.0287,0.0597,0.4024,-0.0052,7.399,2.622,0.494,3.01,0.1,0.0084,2.0843,-5.7484,-8.3958,wall_following
2026-07-09 12:32:56.620,pillar_wall_bad,pill_bad_03,negative,0.1054,-0.0149,0.3928,-0.0058,7.374,2.627,0.499,3.003,0.1,0.0095,2.0839,-5.7552,-8.3919,wall_following
2026-07-09 12:32:56.721,pillar_wall_bad,pill_bad_03,negative,-0.3449,0.0788,0.6419,-0.0035,7.361,2.642,0.492,3.009,0.1,0.0059,2.0836,-5.7613,-8.3885,wall_following
2026-07-09 12:32:56.820,pillar_wall_bad,pill_bad_03,negative,0.4982,2.6877,-1.2837,-0.0054,7.355,2.625,0.496,3.003,0.1,0.0085,2.0832,-5.7682,-8.3846,wall_following
2026-07-09 12:32:56.920,pillar_wall_bad,pill_bad_03,negative,-0.2587,0.0256,0.5556,-0.004,7.348,2.619,0.492,3.004,0.1,0.0069,2.0829,-5.7743,-8.3811,wall_following
2026-07-09 12:32:57.020,pillar_wall_bad,pill_bad_03,negative,-0.1437,-0.016,0.776,-0.0035,7.307,2.622,0.492,3.001,0.1,0.0059,2.0826,-5.7808,-8.3774,wall_following
2026-07-09 12:32:57.120,pillar_wall_bad,pill_bad_03,negative,-0.1341,-0.0799,0.7568,-0.0034,7.313,2.618,0.49,3.005,0.1,0.0056,2.0822,-5.7873,-8.3736,wall_following
2026-07-09 12:32:57.220,pillar_wall_bad,pill_bad_03,negative,-0.1629,-0.0671,0.2108,-0.0049,7.285,2.629,0.497,3.005,0.1,0.0071,2.0817,-5.7941,-8.3695,wall_following
2026-07-09 12:32:57.320,pillar_wall_bad,pill_bad_03,negative,0.0287,0.0927,0.661,-0.0057,7.258,2.632,0.497,3.009,0.1,0.0088,2.0812,-5.8002,-8.3657,wall_following
2026-07-09 12:32:57.421,pillar_wall_bad,pill_bad_03,negative,-0.0766,0.1033,0.3928,-0.003,7.276,2.617,0.493,3.007,0.1,0.0048,2.0808,-5.8065,-8.3619,wall_following
2026-07-09 12:32:57.521,pillar_wall_bad,pill_bad_03,negative,0.0,-0.0905,0.1245,-0.0057,7.218,2.629,0.496,3.006,0.1,0.009,2.0803,-5.8129,-8.3579,wall_following
2026-07-09 12:32:57.621,pillar_wall_bad,pill_bad_03,negative,0.115,0.0266,0.3928,-0.005,7.2,2.613,0.5,3.005,0.1,0.0083,2.0798,-5.8192,-8.3539,wall_following
2026-07-09 12:32:57.721,pillar_wall_bad,pill_bad_03,negative,0.2108,0.0767,0.4598,-0.0036,7.192,2.619,0.495,3.0,0.1,0.0062,2.0794,-5.8259,-8.3498,wall_following
2026-07-09 12:32:57.820,pillar_wall_bad,pill_bad_03,negative,0.4982,2.6877,-1.2837,-0.0048,7.162,2.622,0.495,3.003,0.1,0.0087,2.079,-5.8323,-8.3458,wall_following
2026-07-09 12:32:57.920,pillar_wall_bad,pill_bad_03,negative,-0.0287,-0.0128,-0.0862,-0.0032,7.208,2.629,0.491,3.009,0.1,0.0057,2.0786,-5.8383,-8.342,wall_following
2026-07-09 12:32:58.020,pillar_wall_bad,pill_bad_03,negative,0.0287,-0.0671,0.2012,-0.0037,7.165,2.629,0.497,3.005,0.1,0.0058,2.0782,-5.8449,-8.3378,wall_following
2026-07-09 12:32:58.120,pillar_wall_bad,pill_bad_03,negative,-0.115,0.0032,0.2012,-0.0056,7.175,2.626,0.493,3.002,0.1,0.0091,2.0776,-5.8512,-8.3336,wall_following
2026-07-09 12:32:58.220,pillar_wall_bad,pill_bad_03,negative,-0.0958,0.0245,0.0766,-0.0061,7.177,2.627,0.495,3.006,0.1,0.0088,2.0772,-5.8572,-8.3297,wall_following
2026-07-09 12:32:58.320,pillar_wall_bad,pill_bad_03,negative,0.0479,0.0202,0.4215,-0.0043,7.151,2.626,0.495,3.007,0.1,0.0064,2.0767,-5.8634,-8.3255,wall_following
2026-07-09 12:32:58.420,pillar_wall_bad,pill_bad_03,negative,0.0287,-0.0447,0.4982,-0.0041,7.168,2.632,0.485,3.003,0.1,0.0062,2.0761,-5.8695,-8.3213,wall_following
2026-07-09 12:32:58.520,pillar_wall_bad,pill_bad_03,negative,-0.0192,-0.2525,0.3257,-0.004,7.168,2.608,0.502,2.998,0.1,0.0056,2.0756,-5.8757,-8.3171,wall_following
2026-07-09 12:32:58.620,pillar_wall_bad,pill_bad_03,negative,-0.0766,0.2493,-0.2395,-0.0057,7.158,2.6,0.492,3.002,0.1,0.0091,2.0749,-5.8818,-8.3127,wall_following
2026-07-09 12:32:58.721,pillar_wall_bad,pill_bad_03,negative,-0.0575,-0.2226,0.7281,-0.005,7.135,2.603,0.496,3.005,0.1,0.0077,2.0743,-5.8881,-8.3083,wall_following
2026-07-09 12:32:58.820,pillar_wall_bad,pill_bad_03,negative,-0.0575,0.0469,0.297,-0.0049,7.132,2.609,0.498,3.001,0.1,0.0081,2.0738,-5.8941,-8.3041,wall_following
2026-07-09 12:32:58.920,pillar_wall_bad,pill_bad_03,negative,0.0192,0.0756,0.364,-0.0031,7.122,2.617,0.504,3.006,0.1,0.0069,2.0733,-5.9001,-8.2998,wall_following
2026-07-09 12:32:59.021,pillar_wall_bad,pill_bad_03,negative,0.2203,0.2418,0.6706,-0.0028,7.148,2.623,0.487,3.002,0.1,0.0054,2.0728,-5.9066,-8.2953,wall_following
2026-07-09 12:32:59.120,pillar_wall_bad,pill_bad_03,negative,-0.0383,-0.2802,0.7281,-0.0059,7.135,2.615,0.492,2.998,0.1,0.0083,2.0724,-5.9126,-8.2912,wall_following
2026-07-09 12:32:59.221,pillar_wall_bad,pill_bad_03,negative,-0.1533,0.1917,0.3736,-0.0034,7.085,2.607,0.499,3.001,0.1,0.0057,2.0719,-5.9184,-8.287,wall_following
2026-07-09 12:32:59.320,pillar_wall_bad,pill_bad_03,negative,0.2203,-0.0884,0.9197,-0.0056,7.105,2.609,0.486,3.009,0.1,0.009,2.0712,-5.9248,-8.2822,wall_following
2026-07-09 12:32:59.420,pillar_wall_bad,pill_bad_03,negative,-0.1629,-0.163,0.2203,-0.0059,7.083,2.593,0.494,3.004,0.1,0.0083,2.0706,-5.9309,-8.2776,wall_following
2026-07-09 12:32:59.520,pillar_wall_bad,pill_bad_03,negative,-0.1245,0.1108,0.4215,-0.0035,7.094,2.596,0.491,3.007,0.1,0.0073,2.0698,-5.9364,-8.2732,wall_following
2026-07-09 12:32:59.621,pillar_wall_bad,pill_bad_03,negative,-0.182,-0.0852,0.7568,-0.0055,7.093,2.604,0.501,3.003,0.1,0.0082,2.0691,-5.9422,-8.2686,wall_following
2026-07-09 12:32:59.721,pillar_wall_bad,pill_bad_03,negative,-0.0192,0.1076,0.1629,-0.0056,7.074,2.597,0.5,2.999,0.1,0.0089,2.0682,-5.9483,-8.2636,wall_following
2026-07-09 12:32:59.820,pillar_wall_bad,pill_bad_03,negative,0.1916,0.1321,0.1916,-0.0054,7.051,2.587,0.494,3.001,0.1,0.009,2.0675,-5.9543,-8.2589,wall_following
2026-07-09 12:32:59.920,pillar_wall_bad,pill_bad_03,negative,0.0,-0.1129,0.115,-0.0037,7.07,2.591,0.496,3.002,0.1,0.0058,2.0669,-5.9598,-8.2546,wall_following
2026-07-09 12:33:00.021,pillar_wall_bad,pill_bad_03,negative,-0.1341,0.1907,0.3161,-0.0051,65.533,2.579,0.49,3.001,0.1,0.0094,2.0662,-5.9657,-8.2498,wall_following
2026-07-09 12:33:00.121,pillar_wall_bad,pill_bad_03,negative,-0.2395,-0.0192,0.182,-0.0039,65.533,2.589,0.489,3.002,0.1,0.0062,2.0655,-5.9714,-8.2452,wall_following
2026-07-09 12:33:00.220,pillar_wall_bad,pill_bad_03,negative,-0.0096,0.0362,0.594,-0.0046,65.533,2.601,0.496,3.007,0.1,0.0079,2.0648,-5.9776,-8.2402,wall_following
2026-07-09 12:33:00.321,pillar_wall_bad,pill_bad_03,negative,-0.0575,0.017,-0.1054,-0.0056,65.533,2.59,0.499,2.997,0.1,0.0093,2.0642,-5.9834,-8.2355,wall_following
2026-07-09 12:33:00.421,pillar_wall_bad,pill_bad_03,negative,-0.0671,-0.0884,0.6706,-0.0037,65.533,2.582,0.496,3.006,0.1,0.006,2.0635,-5.9889,-8.231,wall_following
2026-07-09 12:33:00.520,pillar_wall_bad,pill_bad_03,negative,-0.2108,-0.0426,0.0287,-0.0056,65.533,2.586,0.493,3.002,0.1,0.009,2.0629,-5.995,-8.226,wall_following
2026-07-09 12:33:00.620,pillar_wall_bad,pill_bad_03,negative,-0.0862,-0.1076,0.3832,-0.0048,65.533,2.581,0.488,3.001,0.1,0.0065,2.0622,-6.0008,-8.2212,wall_following
2026-07-09 12:33:00.720,pillar_wall_bad,pill_bad_03,negative,-0.0958,-0.0948,0.1437,-0.0071,65.533,2.568,0.5,3.0,0.1,0.0096,2.0613,-6.0064,-8.2162,wall_following
2026-07-09 12:33:00.820,pillar_wall_bad,pill_bad_03,negative,0.4982,2.6877,-1.2837,-0.0064,65.533,2.555,0.499,3.002,0.1,0.0092,2.0604,-6.0119,-8.2112,wall_following
2026-07-09 12:33:00.921,pillar_wall_bad,pill_bad_03,negative,-0.0383,0.0937,0.594,-0.0058,65.533,2.56,0.487,3.003,0.1,0.0088,2.0595,-6.0175,-8.2061,wall_following
2026-07-09 12:33:01.021,pillar_wall_bad,pill_bad_03,negative,-0.1724,0.13,0.1724,-0.0045,65.533,2.548,0.498,2.996,0.1,0.0082,2.0586,-6.0228,-8.2012,wall_following
2026-07-09 12:33:01.120,pillar_wall_bad,pill_bad_03,negative,-0.0958,-0.0011,0.479,-0.005,65.533,2.541,0.487,2.994,0.1,0.0084,2.0578,-6.0284,-8.1962,wall_following
2026-07-09 12:33:01.220,pillar_wall_bad,pill_bad_03,negative,-0.1341,-0.13,0.5844,-0.0057,65.533,2.542,0.497,3.003,0.1,0.0087,2.057,-6.0342,-8.191,wall_following
2026-07-09 12:33:01.320,pillar_wall_bad,pill_bad_03,negative,-0.2299,0.0724,0.4982,-0.0051,65.533,2.535,0.5,3.001,0.1,0.009,2.0561,-6.0398,-8.1859,wall_following
2026-07-09 12:33:01.421,pillar_wall_bad,pill_bad_03,negative,-0.1437,0.18,0.1437,-0.0051,65.533,2.533,0.504,2.992,0.1,0.0086,2.0555,-6.0451,-8.1812,wall_following
2026-07-09 12:33:01.521,pillar_wall_bad,pill_bad_03,negative,-0.1437,0.0831,0.1724,-0.0054,65.533,2.536,0.496,3.003,0.1,0.0094,2.0548,-6.0507,-8.1762,wall_following
2026-07-09 12:33:01.621,pillar_wall_bad,pill_bad_03,negative,0.0766,0.0746,0.5365,-0.0048,65.533,2.53,0.492,3.0,0.1,0.0084,2.0543,-6.0564,-8.1713,wall_following
2026-07-09 12:33:01.721,pillar_wall_bad,pill_bad_03,negative,-0.115,-0.082,0.1916,-0.0055,65.533,2.552,0.499,2.997,0.1,0.0085,2.0538,-6.0623,-8.1662,wall_following
2026-07-09 12:33:01.821,pillar_wall_bad,pill_bad_03,negative,-0.0192,-0.1651,0.1245,-0.0056,5.074,2.546,0.501,2.996,0.1,0.0087,2.0532,-6.0679,-8.1612,wall_following
2026-07-09 12:33:01.920,pillar_wall_bad,pill_bad_03,negative,-0.1437,0.1449,-0.0096,-0.0045,4.991,2.555,0.495,3.006,0.1,0.0086,2.0524,-6.0731,-8.1563,wall_following
2026-07-09 12:33:02.021,pillar_wall_bad,pill_bad_03,negative,-0.0096,0.0948,0.0766,-0.0048,65.533,2.545,0.493,2.996,0.1,0.0086,2.0518,-6.0789,-8.151,wall_following
2026-07-09 12:33:02.120,pillar_wall_bad,pill_bad_03,negative,-0.1245,-0.049,0.1341,-0.005,4.923,2.538,0.501,2.997,0.1,0.0089,2.0511,-6.0843,-8.146,wall_following
2026-07-09 12:33:02.220,pillar_wall_bad,pill_bad_03,negative,0.0096,0.0959,0.2299,-0.0033,4.937,2.541,0.494,2.998,0.1,0.0058,2.0504,-6.0896,-8.1409,wall_following
2026-07-09 12:33:02.320,pillar_wall_bad,pill_bad_03,negative,0.0479,0.0756,0.843,-0.0057,4.891,2.549,0.499,3.011,0.1,0.0093,2.0497,-6.0952,-8.1356,wall_following
2026-07-09 12:33:02.420,pillar_wall_bad,pill_bad_03,negative,-0.0192,0.0213,0.8526,-0.005,65.533,2.545,0.497,2.996,0.1,0.0091,2.049,-6.1006,-8.1305,wall_following
2026-07-09 12:33:02.520,pillar_wall_bad,pill_bad_03,negative,-0.0287,-0.0309,0.7951,-0.0055,65.533,2.548,0.5,3.006,0.1,0.009,2.0484,-6.1058,-8.1255,wall_following
2026-07-09 12:33:02.620,pillar_wall_bad,pill_bad_03,negative,-0.1054,0.0256,0.7856,-0.0039,65.533,2.548,0.495,2.998,0.1,0.0061,2.0477,-6.1114,-8.1201,wall_following
2026-07-09 12:33:02.720,pillar_wall_bad,pill_bad_03,negative,0.4982,2.6877,-1.2837,-0.0055,65.533,2.55,0.49,2.997,0.1,0.0087,2.047,-6.1168,-8.1148,wall_following
2026-07-09 12:33:02.820,pillar_wall_bad,pill_bad_03,negative,0.1437,0.0138,0.5844,-0.0028,65.533,2.55,0.489,2.996,0.1,0.0047,2.0462,-6.1218,-8.1097,wall_following
2026-07-09 12:33:02.920,pillar_wall_bad,pill_bad_03,negative,0.115,0.0234,1.5137,-0.0016,65.533,2.551,0.496,3.005,0.1,0.0027,2.0458,-6.125,-8.1066,wall_following
2026-07-09 12:33:03.020,pillar_wall_bad,pill_bad_03,negative,0.1054,-0.0383,0.958,0.0001,65.533,2.561,0.499,2.999,0.1,-0.0011,2.0459,-6.1253,-8.1064,wall_following
2026-07-09 12:33:03.120,pillar_wall_bad,pill_bad_03,negative,0.4982,2.6877,-1.2837,0.0003,65.533,2.551,0.496,2.996,0.1,-0.0006,2.0459,-6.1246,-8.107,wall_following
2026-07-09 12:33:03.221,pillar_wall_bad,pill_bad_03,negative,-0.1054,-0.0234,0.0671,-0.0001,4.733,2.559,0.501,3.006,0.1,0.0003,2.0459,-6.1244,-8.1072,wall_following
2026-07-09 12:33:03.321,pillar_wall_bad,pill_bad_03,negative,-0.1916,-0.0373,0.6131,-0.0001,65.533,2.555,0.494,2.998,0.1,0.0003,2.0459,-6.1247,-8.1069,wall_following
2026-07-09 12:33:03.421,pillar_wall_bad,pill_bad_03,negative,-0.1054,-0.0011,0.661,0.0001,4.78,2.559,0.499,2.998,0.1,-0.0002,2.0459,-6.1247,-8.1069,wall_following
2026-07-09 12:33:03.521,pillar_wall_bad,pill_bad_03,negative,0.297,1.992,-1.6957,0.0134,4.719,2.551,0.494,2.993,0.1,-0.0001,2.0459,-6.1245,-8.1071,wall_following
2026-07-09 12:33:03.621,pillar_wall_bad,pill_bad_03,negative,0.115,1.8152,0.4982,0.0124,4.803,2.571,0.488,3.008,0.1,0.0005,2.0462,-6.125,-8.1071,wall_following
2026-07-09 12:33:03.720,pillar_wall_bad,pill_bad_03,negative,-0.1054,1.0258,-0.0575,0.014,6.753,2.622,0.488,3.016,0.1,0.0001,2.0468,-6.1257,-8.1073,wall_following
2026-07-09 12:33:03.821,pillar_wall_bad,pill_bad_03,negative,0.5269,1.9729,0.3545,0.0217,6.74,2.658,0.48,3.022,0.1,0.0008,2.049,-6.1277,-8.1085,wall_following
2026-07-09 12:33:03.921,pillar_wall_bad,pill_bad_03,negative,0.2682,1.0258,0.1341,0.0264,3.732,2.725,0.472,2.961,0.1,0.0,2.0526,-6.1303,-8.111,wall_following
2026-07-09 12:33:04.021,pillar_wall_bad,pill_bad_03,negative,0.2012,0.2919,0.3161,0.0311,3.704,2.796,0.464,2.364,0.1,-0.0004,2.057,-6.133,-8.1145,wall_following
2026-07-09 12:33:04.120,pillar_wall_bad,pill_bad_03,negative,0.2203,0.327,-0.5652,0.0375,2.365,2.912,0.452,1.774,0.1,-0.0008,2.0632,-6.1362,-8.1199,wall_following
2026-07-09 12:33:04.221,pillar_wall_bad,pill_bad_03,negative,-0.0383,0.4314,-0.479,0.0388,2.306,3.033,0.434,1.811,0.1,-0.0012,2.07,-6.1392,-8.1262,wall_following
2026-07-09 12:33:04.320,pillar_wall_bad,pill_bad_03,negative,0.2299,0.2365,-0.0192,0.0447,2.283,3.2,0.419,1.846,0.1,-0.0018,2.0772,-6.142,-8.1333,wall_following
2026-07-09 12:33:04.421,pillar_wall_bad,pill_bad_03,negative,-0.0671,0.2961,-0.2874,0.0522,1.816,3.517,0.401,1.881,0.1,-0.003,2.0861,-6.1448,-8.1424,wall_following
2026-07-09 12:33:04.520,pillar_wall_bad,pill_bad_03,negative,0.0958,0.212,0.3736,0.036,1.45,3.774,0.385,1.932,0.1,-0.002,2.0945,-6.147,-8.1515,wall_following
2026-07-09 12:33:04.620,pillar_wall_bad,pill_bad_03,negative,-0.0575,0.2056,-0.6993,0.0366,1.169,4.111,0.359,1.989,0.05,-0.0021,2.1041,-6.149,-8.1623,obstacle_detected
2026-07-09 12:33:04.720,pillar_wall_bad,pill_bad_03,negative,0.4982,2.6877,-1.2837,0.0663,0.939,4.61,0.342,2.045,0.05,-0.0041,2.1149,-6.1505,-8.1749,obstacle_detected
2026-07-09 12:33:04.820,pillar_wall_bad,pill_bad_03,negative,0.0383,0.1992,-0.1054,0.0672,0.752,8.266,0.318,2.131,0.05,-0.0042,2.1247,-6.1512,-8.1869,obstacle_detected
2026-07-09 12:33:04.920,pillar_wall_bad,pill_bad_03,negative,0.2587,0.3771,0.1724,0.0683,0.622,7.985,0.305,2.216,0.05,-0.0042,2.1345,-6.1512,-8.1994,obstacle_detected
2026-07-09 12:33:05.021,pillar_wall_bad,pill_bad_03,negative,0.0,0.3814,0.4886,0.0417,0.52,7.77,0.282,2.298,0.05,-0.0028,2.1435,-6.1503,-8.2116,obstacle_detected
2026-07-09 12:33:05.121,pillar_wall_bad,pill_bad_03,negative,-0.2491,0.1087,0.0862,0.0518,0.429,65.533,0.27,2.379,0.08,-0.0024,2.1519,-6.1491,-8.2232,obstacle_avoidance
2026-07-09 12:33:05.220,pillar_wall_bad,pill_bad_03,negative,-0.6514,-0.783,1.7053,0.0292,0.368,65.533,0.254,2.458,0.08,0.0027,2.1586,-6.15,-8.231,obstacle_avoidance
2026-07-09 12:33:05.320,pillar_wall_bad,pill_bad_03,negative,-0.5173,-0.6125,0.4503,0.0242,0.352,65.533,0.247,2.497,0.08,0.0053,2.1627,-6.1543,-8.2329,obstacle_avoidance
2026-07-09 12:33:05.420,pillar_wall_bad,pill_bad_03,negative,0.1916,-1.0013,1.0825,0.0389,0.335,65.533,0.246,2.53,0.08,0.0018,2.1611,-6.158,-8.228,obstacle_avoidance
2026-07-09 12:33:05.521,pillar_wall_bad,pill_bad_03,negative,-1.1113,-0.6754,-0.115,0.019,0.355,65.533,0.249,2.517,0.08,-0.0011,2.1549,-6.1572,-8.2207,obstacle_avoidance
2026-07-09 12:33:05.620,pillar_wall_bad,pill_bad_03,negative,0.1437,-0.4368,-0.2587,0.0167,0.362,65.533,0.249,2.484,0.08,-0.002,2.1493,-6.1553,-8.2151,obstacle_avoidance
2026-07-09 12:33:05.720,pillar_wall_bad,pill_bad_03,negative,0.7856,-2.3127,0.2108,0.0178,0.381,65.533,0.254,2.451,0.08,-0.002,2.1443,-6.1527,-8.2107,obstacle_avoidance
2026-07-09 12:33:05.820,pillar_wall_bad,pill_bad_03,negative,0.6131,-3.3119,-0.479,0.0124,0.377,65.533,0.266,2.462,0.08,-0.001,2.1384,-6.1511,-8.2045,obstacle_avoidance
2026-07-09 12:33:05.920,pillar_wall_bad,pill_bad_03,negative,0.4119,-3.1617,0.5173,-0.0045,0.386,65.533,0.265,2.47,0.08,-0.0047,2.1274,-6.1486,-8.1925,obstacle_avoidance
2026-07-09 12:33:06.020,pillar_wall_bad,pill_bad_03,negative,-0.5269,-2.1422,-2.7495,-0.0112,0.392,65.533,0.284,2.468,0.08,-0.0087,2.1114,-6.1432,-8.1763,obstacle_avoidance
2026-07-09 12:33:06.120,pillar_wall_bad,pill_bad_03,negative,0.7568,1.2783,-1.5232,-0.0227,0.406,65.533,0.287,2.457,0.08,-0.0079,2.0914,-6.1354,-8.1569,obstacle_avoidance
2026-07-09 12:33:06.220,pillar_wall_bad,pill_bad_03,negative,0.1245,0.7148,-0.9005,-0.0391,0.496,65.533,0.315,2.386,0.08,-0.0038,2.069,-6.13,-8.1325,obstacle_avoidance
2026-07-09 12:33:06.320,pillar_wall_bad,pill_bad_03,negative,0.7089,0.3047,1.2263,-0.0432,0.628,65.533,0.368,2.278,0.08,0.0008,2.0467,-6.1282,-8.1051,obstacle_avoidance
2026-07-09 12:33:06.420,pillar_wall_bad,pill_bad_03,negative,0.5748,0.2013,-0.0096,-0.0232,0.74,7.75,0.413,2.18,0.08,0.0022,2.0269,-6.1284,-8.0792,obstacle_avoidance
2026-07-09 12:33:06.521,pillar_wall_bad,pill_bad_03,negative,-0.5652,-0.0597,0.5365,-0.0389,0.886,7.962,0.423,2.092,0.08,0.0055,2.0091,-6.13,-8.0545,obstacle_avoidance
2026-07-09 12:33:06.620,pillar_wall_bad,pill_bad_03,negative,0.3449,-0.131,0.6131,-0.0411,1.072,8.218,0.454,1.991,0.08,0.0071,1.9904,-6.1326,-8.0275,obstacle_avoidance
2026-07-09 12:33:06.720,pillar_wall_bad,pill_bad_03,negative,-0.1245,-0.1886,1.0921,-0.0282,1.328,4.255,0.486,1.907,0.08,0.0052,1.9719,-6.1349,-8.0008,obstacle_avoidance
2026-07-09 12:33:06.820,pillar_wall_bad,pill_bad_03,negative,0.0,-0.2493,0.9772,-0.0371,1.656,3.891,0.524,1.839,0.08,0.0073,1.953,-6.1366,-7.9739,obstacle_avoidance
2026-07-09 12:33:06.920,pillar_wall_bad,pill_bad_03,negative,-0.1437,-0.2557,0.1916,-0.0339,2.069,3.532,0.561,1.783,0.08,0.007,1.9338,-6.1374,-7.9471,obstacle_avoidance
2026-07-09 12:33:07.021,pillar_wall_bad,pill_bad_03,negative,-0.364,-0.2653,0.6035,-0.0241,2.289,3.089,0.587,1.703,0.08,0.0047,1.9134,-6.1373,-7.9193,obstacle_avoidance
2026-07-09 12:33:07.121,pillar_wall_bad,pill_bad_03,negative,-0.0287,-0.1928,0.182,-0.0253,2.623,2.825,0.616,1.642,0.08,0.0048,1.8947,-6.1364,-7.8943,obstacle_avoidance
2026-07-09 12:33:07.220,pillar_wall_bad,pill_bad_03,negative,-0.2587,-0.2535,-0.776,-0.0331,3.65,2.696,0.646,1.609,0.08,0.0055,1.8725,-6.1335,-7.8663,obstacle_avoidance
2026-07-09 12:33:07.320,pillar_wall_bad,pill_bad_03,negative,-0.4024,0.0714,-0.5269,-0.0321,3.687,2.583,0.686,1.548,0.08,0.0059,1.8522,-6.1295,-7.8417,obstacle_avoidance
2026-07-09 12:33:07.420,pillar_wall_bad,pill_bad_03,negative,-0.0671,-0.0011,-0.4982,-0.022,3.785,2.535,0.726,1.537,0.08,0.0041,1.828,-6.124,-7.813,obstacle_avoidance
2026-07-09 12:33:07.520,pillar_wall_bad,pill_bad_03,negative,0.0766,-0.0245,0.1533,-0.0342,6.65,2.496,0.753,1.507,0.08,0.0058,1.8063,-6.1184,-7.7876,obstacle_avoidance
2026-07-09 12:33:07.620,pillar_wall_bad,pill_bad_03,negative,0.4982,2.6877,-1.2837,-0.0329,4.876,2.446,0.795,1.461,0.08,0.0053,1.7832,-6.1118,-7.7613,wall_reacquired
2026-07-09 12:33:07.720,pillar_wall_bad,pill_bad_03,negative,0.115,0.2503,0.8622,-0.0176,6.616,2.389,0.819,1.438,0.08,0.0032,1.7644,-6.106,-7.7401,wall_reacquired
2026-07-09 12:33:07.820,pillar_wall_bad,pill_bad_03,negative,-0.2395,0.2067,1.1496,-0.0228,6.609,2.349,0.844,1.413,0.08,0.0044,1.7489,-6.1011,-7.7227,wall_reacquired
2026-07-09 12:33:07.920,pillar_wall_bad,pill_bad_03,negative,-0.1054,0.3686,0.8718,-0.012,6.592,2.316,0.865,1.389,0.08,0.0026,1.7358,-6.0971,-7.7077,wall_reacquired
2026-07-09 12:33:08.021,pillar_wall_bad,pill_bad_03,negative,0.182,0.4975,0.3928,-0.0133,6.595,2.316,0.877,1.392,0.08,0.0035,1.7267,-6.0945,-7.6972,wall_reacquired
2026-07-09 12:33:08.121,pillar_wall_bad,pill_bad_03,negative,0.1533,0.8756,0.8909,-0.0088,6.578,2.297,0.879,1.375,0.08,0.0032,1.7202,-6.0931,-7.689,wall_reacquired
2026-07-09 12:33:08.221,pillar_wall_bad,pill_bad_03,negative,-0.0479,0.881,0.4119,-0.0032,6.603,2.282,0.89,1.394,0.08,0.0018,1.7164,-6.0929,-7.6836,wall_reacquired
2026-07-09 12:33:08.321,pillar_wall_bad,pill_bad_03,negative,0.3449,2.1678,0.3257,-0.001,6.579,2.303,0.894,1.383,0.08,0.0027,1.7152,-6.0939,-7.6807,wall_reacquired
2026-07-09 12:33:08.421,pillar_wall_bad,pill_bad_03,negative,0.3066,2.0219,-0.2299,-0.0004,6.575,2.296,0.896,1.389,0.08,0.0038,1.715,-6.0959,-7.6783,wall_reacquired
2026-07-09 12:33:08.521,pillar_wall_bad,pill_bad_03,negative,0.8335,1.6714,-0.8718,-0.0002,6.565,2.298,0.888,1.359,0.08,0.0041,1.7166,-6.0998,-7.6763,wall_reacquired
2026-07-09 12:33:08.620,pillar_wall_bad,pill_bad_03,negative,0.4982,2.6877,-1.2837,0.0034,6.535,2.322,0.872,1.372,0.08,0.0103,1.7226,-6.1093,-7.6748,wall_reacquired
2026-07-09 12:33:08.720,pillar_wall_bad,pill_bad_03,negative,0.9388,0.8852,-0.479,0.0056,6.501,2.343,0.863,1.394,0.08,0.0129,1.734,-6.1232,-7.6763,wall_reacquired
2026-07-09 12:33:08.820,pillar_wall_bad,pill_bad_03,negative,0.7856,0.6615,1.1975,0.0076,6.467,2.386,0.837,1.425,0.08,0.0125,1.7503,-6.14,-7.6818,wall_reacquired
2026-07-09 12:33:08.920,pillar_wall_bad,pill_bad_03,negative,0.2012,0.3409,0.2108,0.0136,6.472,2.411,0.814,1.444,0.08,0.0101,1.7697,-6.1577,-7.691,wall_reacquired
2026-07-09 12:33:09.020,pillar_wall_bad,pill_bad_03,negative,-0.0287,0.2035,0.5077,0.0169,6.463,2.439,0.79,1.469,0.08,0.0081,1.7886,-6.1737,-7.7014,wall_reacquired
2026-07-09 12:33:09.120,pillar_wall_bad,pill_bad_03,negative,0.4982,2.6877,-1.2837,0.0191,6.386,2.519,0.762,1.483,0.1,0.0076,1.8078,-6.1891,-7.713,approaching_wall
2026-07-09 12:33:09.220,pillar_wall_bad,pill_bad_03,negative,-0.3066,-0.115,-0.6227,0.0131,3.613,2.546,0.73,1.516,0.1,0.0068,1.8249,-6.2025,-7.7236,approaching_wall
2026-07-09 12:33:09.321,pillar_wall_bad,pill_bad_03,negative,0.8909,-0.391,0.6419,0.0129,3.514,2.568,0.714,1.535,0.1,0.007,1.8431,-6.2167,-7.735,approaching_wall
2026-07-09 12:33:09.420,pillar_wall_bad,pill_bad_03,negative,-0.1724,-0.3164,0.2874,0.0079,3.508,2.578,0.688,1.589,0.1,0.0045,1.8571,-6.228,-7.7434,approaching_wall
2026-07-09 12:33:09.521,pillar_wall_bad,pill_bad_03,negative,-0.2108,-0.1864,0.5461,0.0082,3.487,2.61,0.682,1.595,0.1,0.0045,1.8709,-6.2393,-7.7514,approaching_wall
2026-07-09 12:33:09.621,pillar_wall_bad,pill_bad_03,negative,0.4119,-0.1832,-0.2682,0.0082,3.469,2.648,0.661,1.624,0.1,0.0065,1.8842,-6.2505,-7.7588,approaching_wall
2026-07-09 12:33:09.721,pillar_wall_bad,pill_bad_03,negative,-0.1629,-0.1971,0.6323,0.0071,3.46,2.667,0.64,1.64,0.1,0.0068,1.8964,-6.261,-7.7653,approaching_wall
2026-07-09 12:33:09.820,pillar_wall_bad,pill_bad_03,negative,-0.4886,-0.2557,0.5844,0.006,3.448,2.704,0.628,1.653,0.1,0.0071,1.9072,-6.2706,-7.7708,wall_following
2026-07-09 12:33:09.920,pillar_wall_bad,pill_bad_03,negative,-0.1916,-0.2493,0.661,0.0027,3.442,2.717,0.614,1.677,0.1,0.0045,1.9179,-6.2804,-7.7758,wall_following
2026-07-09 12:33:10.021,pillar_wall_bad,pill_bad_03,negative,-0.2395,-0.3345,-0.0287,0.0046,3.429,2.738,0.603,1.71,0.1,0.0067,1.9282,-6.2902,-7.7802,wall_following
2026-07-09 12:33:10.121,pillar_wall_bad,pill_bad_03,negative,-0.2682,-0.3345,-0.0096,0.0034,3.415,2.751,0.595,1.729,0.1,0.0071,1.9373,-6.2991,-7.7837,wall_following
2026-07-09 12:33:10.220,pillar_wall_bad,pill_bad_03,negative,-0.2682,-0.2471,0.0671,0.0025,3.407,2.769,0.583,1.717,0.1,0.0072,1.9456,-6.3076,-7.7866,wall_following
2026-07-09 12:33:10.321,pillar_wall_bad,pill_bad_03,negative,-0.364,-0.0746,0.0766,0.0026,3.388,2.776,0.578,1.712,0.1,0.0074,1.9544,-6.3168,-7.7893,wall_following
2026-07-09 12:33:10.420,pillar_wall_bad,pill_bad_03,negative,-0.0958,-0.2184,0.4982,0.0025,3.394,2.783,0.567,1.745,0.1,0.0071,1.962,-6.325,-7.7914,wall_following
2026-07-09 12:33:10.520,pillar_wall_bad,pill_bad_03,negative,0.0671,-0.0043,0.4982,0.0015,3.38,2.8,0.566,1.74,0.1,0.0045,1.9698,-6.3336,-7.7933,wall_following
2026-07-09 12:33:10.621,pillar_wall_bad,pill_bad_03,negative,-0.115,-0.1023,0.4024,0.002,3.372,2.806,0.556,1.725,0.1,0.0072,1.9766,-6.3413,-7.7947,wall_following
2026-07-09 12:33:10.720,pillar_wall_bad,pill_bad_03,negative,-0.2203,-0.1523,0.2682,0.0009,3.357,2.829,0.548,1.759,0.1,0.0072,1.9836,-6.3493,-7.796,wall_following
2026-07-09 12:33:10.820,pillar_wall_bad,pill_bad_03,negative,-0.1054,0.0692,0.7377,0.0014,3.349,2.838,0.546,1.758,0.1,0.0073,1.9909,-6.3578,-7.7972,wall_following
2026-07-09 12:33:10.921,pillar_wall_bad,pill_bad_03,negative,-0.2299,-0.2535,0.6419,0.0008,3.343,2.857,0.535,1.764,0.1,0.0071,1.9971,-6.3652,-7.7979,wall_following
2026-07-09 12:33:11.021,pillar_wall_bad,pill_bad_03,negative,-0.1054,-0.261,0.479,0.0001,3.313,2.883,0.531,1.754,0.1,0.0066,2.0035,-6.373,-7.7985,wall_following
2026-07-09 12:33:11.120,pillar_wall_bad,pill_bad_03,negative,-0.297,-0.1864,0.4694,-0.0003,3.306,2.904,0.538,1.758,0.1,0.0071,2.0088,-6.3797,-7.7987,wall_following
2026-07-09 12:33:11.221,pillar_wall_bad,pill_bad_03,negative,-0.2682,0.0256,-0.4598,-0.0002,3.283,2.911,0.514,1.755,0.1,0.0071,2.0146,-6.3872,-7.7987,wall_following
2026-07-09 12:33:11.320,pillar_wall_bad,pill_bad_03,negative,-0.297,-0.033,-0.0862,-0.0002,3.285,2.934,0.524,1.741,0.1,0.0074,2.02,-6.3943,-7.7985,wall_following
2026-07-09 12:33:11.421,pillar_wall_bad,pill_bad_03,negative,0.0192,0.0053,0.182,-0.0011,3.261,2.941,0.511,1.753,0.1,0.0069,2.0256,-6.4018,-7.7982,wall_following
2026-07-09 12:33:11.520,pillar_wall_bad,pill_bad_03,negative,-0.2108,-0.2919,-0.0096,-0.0006,3.251,2.928,0.506,1.751,0.1,0.0069,2.0304,-6.4083,-7.7978,wall_following
2026-07-09 12:33:11.620,pillar_wall_bad,pill_bad_03,negative,-0.1629,-0.1736,0.4886,-0.0011,3.238,2.935,0.515,1.758,0.1,0.0045,2.0353,-6.4151,-7.797,wall_following
2026-07-09 12:33:11.721,pillar_wall_bad,pill_bad_03,negative,-0.0479,0.0117,-0.0287,-0.0018,3.216,2.954,0.501,1.754,0.1,0.0067,2.0399,-6.4218,-7.7961,wall_following
2026-07-09 12:33:11.821,pillar_wall_bad,pill_bad_03,negative,0.0862,-0.0565,-0.1629,-0.0014,3.226,2.967,0.507,1.749,0.1,0.007,2.0444,-6.4285,-7.7949,wall_following
2026-07-09 12:33:11.921,pillar_wall_bad,pill_bad_03,negative,-0.2587,0.0021,0.0192,-0.0017,3.194,2.954,0.503,1.755,0.1,0.0071,2.0488,-6.4351,-7.7936,wall_following
2026-07-09 12:33:12.020,pillar_wall_bad,pill_bad_03,negative,-0.364,-0.1577,-0.1916,-0.0018,3.196,2.968,0.499,1.77,0.1,0.0065,2.0527,-6.4411,-7.7923,wall_following
2026-07-09 12:33:12.121,pillar_wall_bad,pill_bad_03,negative,-0.4024,-0.2056,0.5844,-0.0015,3.185,2.963,0.493,1.769,0.1,0.0046,2.0567,-6.4473,-7.7908,wall_following
2026-07-09 12:33:12.221,pillar_wall_bad,pill_bad_03,negative,-0.0671,0.0266,-0.0862,-0.0015,3.173,2.969,0.497,1.768,0.1,0.0045,2.0606,-6.4535,-7.7892,wall_following
2026-07-09 12:33:12.320,pillar_wall_bad,pill_bad_03,negative,-0.4024,0.0011,0.2587,-0.0013,3.171,2.98,0.494,1.765,0.1,0.0046,2.0644,-6.4597,-7.7874,wall_following
2026-07-09 12:33:12.421,pillar_wall_bad,pill_bad_03,negative,-0.0383,-0.0266,0.364,-0.0017,3.152,2.977,0.489,1.766,0.1,0.007,2.0686,-6.4663,-7.7856,wall_following
2026-07-09 12:33:12.520,pillar_wall_bad,pill_bad_03,negative,-0.1437,-0.0075,-0.1437,-0.0022,3.148,3.001,0.501,1.776,0.1,0.0069,2.0725,-6.4726,-7.7838,wall_following
2026-07-09 12:33:12.620,pillar_wall_bad,pill_bad_03,negative,-0.182,0.0991,0.2874,-0.0015,3.137,2.994,0.492,1.774,0.1,0.007,2.0765,-6.4789,-7.7822,wall_following
2026-07-09 12:33:12.721,pillar_wall_bad,pill_bad_03,negative,-0.3066,0.0639,0.6227,-0.0019,3.126,2.983,0.487,1.782,0.1,0.0068,2.0805,-6.4852,-7.7805,wall_following
2026-07-09 12:33:12.821,pillar_wall_bad,pill_bad_03,negative,-0.2012,-0.0341,0.6514,-0.0011,3.12,2.988,0.489,1.787,0.1,0.0045,2.0842,-6.491,-7.7789,wall_following
2026-07-09 12:33:12.920,pillar_wall_bad,pill_bad_03,negative,-0.1341,-0.0959,0.9101,-0.0018,3.113,2.992,0.488,1.808,0.1,0.0064,2.0883,-6.4976,-7.777,wall_following
2026-07-09 12:33:13.020,pillar_wall_bad,pill_bad_03,negative,-0.1245,-0.0703,0.2874,-0.0024,3.111,2.997,0.487,1.805,0.1,0.0063,2.0919,-6.5034,-7.7752,wall_following
2026-07-09 12:33:13.120,pillar_wall_bad,pill_bad_03,negative,0.4982,2.6877,-1.2837,-0.0023,3.095,2.994,0.485,1.803,0.1,0.0064,2.0958,-6.5097,-7.7732,wall_following
2026-07-09 12:33:13.221,pillar_wall_bad,pill_bad_03,negative,0.2203,-0.1097,0.7951,-0.0031,3.094,3.011,0.488,1.837,0.1,0.0068,2.0995,-6.5158,-7.7711,wall_following
2026-07-09 12:33:13.321,pillar_wall_bad,pill_bad_03,negative,-0.2778,-0.0522,0.2395,-0.0038,3.081,3.01,0.479,1.81,0.1,0.0071,2.1028,-6.5218,-7.7685,wall_following
2026-07-09 12:33:13.420,pillar_wall_bad,pill_bad_03,negative,0.4982,2.6877,-1.2837,-0.005,3.064,3.004,0.488,1.809,0.1,0.0078,2.106,-6.5284,-7.765,wall_following
2026-07-09 12:33:13.521,pillar_wall_bad,pill_bad_03,negative,-0.0479,-0.0096,0.3545,-0.0053,3.064,2.992,0.487,1.81,0.1,0.0081,2.109,-6.5347,-7.7614,wall_following
2026-07-09 12:33:13.620,pillar_wall_bad,pill_bad_03,negative,0.0383,0.294,0.7281,-0.0031,3.051,2.987,0.491,1.819,0.0,0.007,2.112,-6.5412,-7.7575,idle
2026-07-09 12:33:13.720,pillar_wall_bad,pill_bad_03,negative,-0.0671,0.1012,0.9772,-0.0007,3.047,3.013,0.49,1.824,0.0,0.0017,2.1138,-6.545,-7.7553,idle
2026-07-09 12:33:13.820,pillar_wall_bad,pill_bad_03,negative,0.4982,2.6877,-1.2837,0.0001,3.039,3.003,0.477,1.822,0.0,-0.0018,2.1135,-6.5443,-7.7557,idle
2026-07-09 12:33:13.921,pillar_wall_bad,pill_bad_03,negative,-0.1533,-0.0064,0.1437,0.0,3.044,3.015,0.486,1.814,0.0,0.0003,2.113,-6.5433,-7.7562,idle
2026-07-09 12:33:14.020,pillar_wall_bad,pill_bad_03,negative,0.0862,0.0085,0.6131,-0.0001,3.045,3.01,0.483,1.818,0.0,0.0004,2.1134,-6.5441,-7.7558,idle
2026-07-09 12:33:14.121,pillar_wall_bad,pill_bad_03,negative,-0.0862,0.0266,0.1724,0.0002,3.039,3.013,0.482,1.819,0.0,-0.0004,2.1133,-6.5439,-7.7559,idle
2026-07-09 12:33:14.221,pillar_wall_bad,pill_bad_03,negative,0.0192,0.0032,-0.2012,-0.0001,3.041,3.014,0.482,1.808,0.0,0.0002,2.1133,-6.5439,-7.7559,idle
2026-07-09 12:33:14.320,pillar_wall_bad,pill_bad_03,negative,-0.1724,0.0362,0.1341,0.0,3.039,3.006,0.482,1.817,0.0,-0.0001,2.1133,-6.5439,-7.7559,idle
2026-07-09 12:33:14.420,pillar_wall_bad,pill_bad_03,negative,-0.0383,-0.0085,0.2012,0.0,3.047,3.015,0.484,1.823,0.0,0.0001,2.1133,-6.5439,-7.7559,idle
2026-07-09 12:33:14.521,pillar_wall_bad,pill_bad_03,negative,0.1724,0.0266,0.2874,-0.0,3.043,3.008,0.482,1.822,0.0,-0.0,2.1133,-6.5439,-7.7559,idle
2026-07-09 12:33:14.621,pillar_wall_bad,pill_bad_03,negative,-0.182,-0.0671,0.5173,-0.0,3.042,3.005,0.483,1.816,0.0,0.0,2.1133,-6.5439,-7.7559,idle
2026-07-09 12:33:14.721,pillar_wall_bad,pill_bad_03,negative,-0.1054,0.033,0.7089,-0.0,3.048,3.005,0.481,1.82,0.0,0.0,2.1133,-6.5439,-7.7559,idle
2026-07-09 12:33:14.820,pillar_wall_bad,pill_bad_03,negative,-0.0671,-0.016,0.2108,0.0,3.031,2.995,0.479,1.809,0.0,-0.0,2.1133,-6.5439,-7.7559,idle
2026-07-09 12:33:14.920,pillar_wall_bad,pill_bad_03,negative,0.0,0.0202,0.6227,-0.0,3.043,3.002,0.481,1.811,0.0,0.0,2.1133,-6.5439,-7.7559,idle
2026-07-09 12:33:15.021,pillar_wall_bad,pill_bad_03,negative,-0.0958,0.0117,0.2491,-0.0,3.043,3.007,0.477,1.819,0.0,-0.0,2.1133,-6.5439,-7.7559,idle
2026-07-09 12:33:15.121,pillar_wall_bad,pill_bad_03,negative,-0.0192,0.0362,-0.0287,0.0,3.039,3.01,0.485,1.818,0.0,-0.0,2.1133,-6.5439,-7.7559,idle
2026-07-09 12:33:15.220,pillar_wall_bad,pill_bad_03,negative,0.4982,2.6877,-1.2837,-0.0,3.044,2.998,0.486,1.821,0.0,0.0,2.1133,-6.5439,-7.7559,idle
2026-07-09 12:33:15.320,pillar_wall_bad,pill_bad_03,negative,0.4982,2.6877,-1.2837,0.0,3.036,3.004,0.483,1.817,0.0,-0.0,2.1133,-6.5439,-7.7559,idle
2026-07-09 12:33:15.420,pillar_wall_bad,pill_bad_03,negative,0.0862,-0.0202,0.1533,-0.0,3.05,2.994,0.486,1.812,0.0,0.0,2.1133,-6.5439,-7.7559,idle
2026-07-09 12:33:15.520,pillar_wall_bad,pill_bad_03,negative,-0.1341,0.0138,0.3161,0.0,3.045,3.017,0.484,1.816,0.0,-0.0,2.1133,-6.5439,-7.7559,idle
2026-07-09 12:33:15.621,pillar_wall_bad,pill_bad_03,negative,-0.115,0.0224,0.5844,-0.0,3.044,3.023,0.487,1.804,0.0,-0.0,2.1133,-6.5439,-7.7559,idle
2026-07-09 12:33:15.720,pillar_wall_bad,pill_bad_03,negative,-0.1054,-0.0128,0.3449,-0.0,3.04,3.005,0.481,1.809,0.0,0.0,2.1133,-6.5439,-7.7559,idle
2026-07-09 12:33:15.821,pillar_wall_bad,pill_bad_03,negative,0.0192,-0.0224,0.364,0.0,3.029,3.005,0.479,1.815,0.0,0.0,2.1133,-6.5439,-7.7559,idle
2026-07-09 12:33:15.920,pillar_wall_bad,pill_bad_03,negative,-0.0958,-0.065,0.3928,-0.0,3.05,3.007,0.484,1.811,0.0,0.0,2.1133,-6.5439,-7.7559,idle
2026-07-09 12:33:16.020,pillar_wall_bad,pill_bad_03,negative,0.0,0.0234,0.0383,0.0,3.047,3.002,0.483,1.811,0.0,0.0,2.1133,-6.5439,-7.7559,idle
2026-07-09 12:33:16.120,pillar_wall_bad,pill_bad_03,negative,-0.115,-0.0128,0.4407,0.0,3.045,3.007,0.489,1.815,0.0,-0.0,2.1133,-6.5439,-7.7559,idle
2026-07-09 12:33:16.221,pillar_wall_bad,pill_bad_03,negative,-0.0862,0.0213,0.3066,-0.0,3.039,3.017,0.492,1.817,0.0,-0.0,2.1133,-6.5439,-7.7559,idle
2026-07-09 12:33:16.320,pillar_wall_bad,pill_bad_03,negative,-0.0575,-0.0618,0.3353,-0.0,3.036,3.006,0.497,1.82,0.0,-0.0,2.1133,-6.5439,-7.7559,idle
2026-07-09 12:33:16.420,pillar_wall_bad,pill_bad_03,negative,-0.0862,-0.0543,0.4886,0.0,3.046,3.011,0.48,1.825,0.0,-0.0,2.1133,-6.5439,-7.7559,idle
2026-07-09 12:33:16.520,pillar_wall_bad,pill_bad_03,negative,0.4982,2.6877,-1.2837,-0.0,3.04,2.998,0.491,1.821,0.0,0.0,2.1133,-6.5439,-7.7559,idle
2026-07-09 12:33:16.621,pillar_wall_bad,pill_bad_03,negative,-0.1724,-0.0362,0.4598,0.0,3.045,2.997,0.481,1.823,0.0,-0.0,2.1133,-6.5439,-7.7559,idle
2026-07-09 12:33:16.721,pillar_wall_bad,pill_bad_03,negative,-0.1533,0.0075,0.5461,0.0,3.045,3.009,0.485,1.81,0.0,0.0,2.1133,-6.5439,-7.7559,idle
2026-07-09 12:33:16.821,pillar_wall_bad,pill_bad_03,negative,-0.0766,0.0043,0.2874,-0.0,3.041,3.01,0.484,1.818,0.0,0.0,2.1133,-6.5439,-7.7559,idle
2026-07-09 12:33:16.920,pillar_wall_bad,pill_bad_03,negative,-0.2012,0.0138,0.2778,-0.0,3.043,3.017,0.478,1.818,0.0,0.0,2.1133,-6.5439,-7.7559,idle
2026-07-09 12:33:17.021,pillar_wall_bad,pill_bad_03,negative,0.0862,-0.0256,0.0862,-0.0,3.043,3.007,0.49,1.816,0.0,-0.0,2.1133,-6.5439,-7.7559,idle
2026-07-09 12:33:17.121,pillar_wall_bad,pill_bad_03,negative,-0.0383,-0.0458,0.5365,0.0,3.043,3.01,0.484,1.821,0.0,0.0,2.1133,-6.5439,-7.7559,idle
2026-07-09 12:33:17.220,pillar_wall_bad,pill_bad_03,negative,0.0096,0.0075,0.2299,-0.0,3.042,3.014,0.485,1.82,0.0,-0.0,2.1133,-6.5439,-7.7559,idle
2026-07-09 12:33:17.320,pillar_wall_bad,pill_bad_03,negative,0.4982,2.6877,-1.2837,0.0,3.044,3.007,0.481,1.815,0.0,-0.0,2.1133,-6.5439,-7.7559,idle
2026-07-09 12:33:17.421,pillar_wall_bad,pill_bad_03,negative,0.4407,-0.0192,0.2299,0.0,3.046,3.017,0.475,1.811,0.0,0.0,2.1133,-6.5439,-7.7559,idle
2026-07-09 12:33:17.520,pillar_wall_bad,pill_bad_03,negative,-0.182,-0.0522,0.2682,-0.0,3.042,3.008,0.484,1.819,0.0,-0.0,2.1133,-6.5439,-7.7559,idle
