timestamp,scenario,run_id,example_type,imu_accel_x,imu_angular_z,odom_angular_z,imu_accel_y,lidar_front,lidar_front_right,lidar_left,distance_travelled,lidar_right,cmd_linear_x,odom_linear_x,pos_y,pos_x,action_label
2026-07-09 12:17:50.604,pillar_wall_bad,pill_bad_01,negative,0.1245,0.066,-0.0,0.1341,0.0,0.0,0.0,0.0,0.0,0.0,0.0,-5.8983,-4.0424,idle
2026-07-09 12:17:50.704,pillar_wall_bad,pill_bad_01,negative,-0.1054,-0.0277,0.0,0.594,6.673,2.847,0.317,0.0,2.989,0.05,0.0,-5.8983,-4.0424,obstacle_detected
2026-07-09 12:17:50.804,pillar_wall_bad,pill_bad_01,negative,0.479,-2.5779,0.0019,-0.0671,6.685,2.853,0.307,0.0013,3.2,0.05,0.0028,-5.897,-4.0427,obstacle_detected
2026-07-09 12:17:50.904,pillar_wall_bad,pill_bad_01,negative,0.2299,-1.7321,-0.0046,0.2298,6.641,2.889,0.311,0.0048,3.209,0.05,0.0025,-5.8935,-4.0422,obstacle_detected
2026-07-09 12:17:51.004,pillar_wall_bad,pill_bad_01,negative,0.4982,2.6877,-0.0022,-1.2837,6.583,2.884,0.308,0.0077,3.209,0.05,0.0005,-5.8908,-4.0407,obstacle_detected
2026-07-09 12:17:51.104,pillar_wall_bad,pill_bad_01,negative,-0.0958,-1.9132,-0.001,0.1054,6.588,2.873,0.305,0.008,3.213,0.05,0.0,-5.8905,-4.0405,obstacle_detected
2026-07-09 12:17:51.204,pillar_wall_bad,pill_bad_01,negative,0.4982,2.6877,-0.0014,-1.2837,5.407,3.001,0.309,0.0079,3.213,0.08,0.0004,-5.8906,-4.0408,obstacle_avoidance
2026-07-09 12:17:51.304,pillar_wall_bad,pill_bad_01,negative,0.0479,-1.8525,-0.003,0.3928,5.388,5.819,0.318,0.0079,3.212,0.08,0.0011,-5.8904,-4.0422,obstacle_avoidance
2026-07-09 12:17:51.404,pillar_wall_bad,pill_bad_01,negative,0.3353,-1.9058,-0.0031,-0.0096,5.388,5.819,0.318,0.0086,3.212,0.08,0.0012,-5.8898,-4.0434,obstacle_avoidance
2026-07-09 12:17:51.504,pillar_wall_bad,pill_bad_01,negative,-0.1724,-1.8184,-0.0045,-0.2491,5.388,5.819,0.318,0.0112,3.212,0.08,0.0038,-5.8875,-4.0453,obstacle_avoidance
2026-07-09 12:17:51.605,pillar_wall_bad,pill_bad_01,negative,-0.1916,-1.9793,-0.0134,-0.2587,5.388,5.819,0.318,0.0179,3.212,0.08,0.0105,-5.8811,-4.0474,obstacle_avoidance
2026-07-09 12:17:51.704,pillar_wall_bad,pill_bad_01,negative,-0.6035,-1.6831,-0.0159,-0.364,5.388,5.819,0.318,0.0286,3.212,0.08,0.01,-5.8701,-4.0473,obstacle_avoidance
2026-07-09 12:17:51.804,pillar_wall_bad,pill_bad_01,negative,-0.2491,-1.7982,-0.0263,-1.0538,65.533,2.667,0.343,0.0453,2.855,0.08,0.0121,-5.853,-4.0418,obstacle_avoidance
2026-07-09 12:17:51.904,pillar_wall_bad,pill_bad_01,negative,0.0,-1.2453,-0.0401,0.5461,65.533,2.592,0.374,0.0677,2.807,0.08,0.0144,-5.8321,-4.0283,obstacle_avoidance
2026-07-09 12:17:52.004,pillar_wall_bad,pill_bad_01,negative,-0.5077,-0.6424,-0.0423,-0.0287,65.533,3.092,0.439,0.0911,2.794,0.08,0.0113,-5.8132,-4.0098,obstacle_avoidance
2026-07-09 12:17:52.104,pillar_wall_bad,pill_bad_01,negative,-0.3832,-0.4005,-0.0232,0.0766,65.533,3.67,0.472,0.1141,2.782,0.08,0.0058,-5.7974,-3.9891,obstacle_avoidance
2026-07-09 12:17:52.205,pillar_wall_bad,pill_bad_01,negative,-0.4886,-0.5007,-0.0238,-0.9293,6.177,2.675,0.531,0.136,2.786,0.08,0.0035,-5.7851,-3.9671,obstacle_avoidance
2026-07-09 12:17:52.304,pillar_wall_bad,pill_bad_01,negative,-0.0766,-0.2919,-0.026,0.182,6.178,3.305,0.583,0.156,2.785,0.08,0.002,-5.7764,-3.9451,obstacle_avoidance
2026-07-09 12:17:52.405,pillar_wall_bad,pill_bad_01,negative,-0.7089,-0.3835,-0.0403,-0.3257,6.231,3.165,0.642,0.1753,3.152,0.08,0.0032,-5.7691,-3.9239,obstacle_avoidance
2026-07-09 12:17:52.506,pillar_wall_bad,pill_bad_01,negative,-0.1054,-0.0586,-0.0327,-0.3928,6.26,3.071,0.698,0.1963,3.172,0.08,0.0045,-5.762,-3.9012,obstacle_avoidance
2026-07-09 12:17:52.604,pillar_wall_bad,pill_bad_01,negative,-0.0671,0.0437,-0.0241,1.2167,6.314,3.017,0.742,0.2225,3.143,0.08,0.0042,-5.7531,-3.8738,obstacle_avoidance
2026-07-09 12:17:52.704,pillar_wall_bad,pill_bad_01,negative,0.4024,0.1779,-0.0334,0.0766,6.342,2.992,0.758,0.2477,3.105,0.08,0.0065,-5.745,-3.8479,obstacle_avoidance
2026-07-09 12:17:52.805,pillar_wall_bad,pill_bad_01,negative,-0.4311,-0.2173,-0.0379,1.1496,6.408,2.977,0.801,0.2733,3.054,0.08,0.0062,-5.7372,-3.8216,obstacle_avoidance
2026-07-09 12:17:52.904,pillar_wall_bad,pill_bad_01,negative,0.0,-0.0138,-0.026,-0.8909,6.318,2.919,0.844,0.2982,3.007,0.08,0.0043,-5.7304,-3.796,obstacle_avoidance
2026-07-09 12:17:53.004,pillar_wall_bad,pill_bad_01,negative,0.2682,0.032,-0.0264,0.9963,6.308,2.883,0.892,0.3235,2.969,0.08,0.0043,-5.7243,-3.7697,obstacle_avoidance
2026-07-09 12:17:53.104,pillar_wall_bad,pill_bad_01,negative,0.4982,2.6877,-0.0378,-1.2837,6.292,2.842,0.928,0.3498,2.926,0.08,0.007,-5.7186,-3.7423,obstacle_avoidance
2026-07-09 12:17:53.204,pillar_wall_bad,pill_bad_01,negative,-0.2874,0.1459,-0.0434,0.4886,6.233,2.792,0.971,0.3751,2.886,0.08,0.0068,-5.7141,-3.7156,obstacle_avoidance
2026-07-09 12:17:53.304,pillar_wall_bad,pill_bad_01,negative,-0.2874,0.0053,-0.0247,0.8239,6.129,2.77,1.007,0.3979,2.865,0.08,0.0042,-5.7108,-3.6915,obstacle_avoidance
2026-07-09 12:17:53.404,pillar_wall_bad,pill_bad_01,negative,0.5844,0.196,-0.0367,0.479,5.996,2.721,1.058,0.4248,2.82,0.08,0.0071,-5.7078,-3.6627,obstacle_avoidance
2026-07-09 12:17:53.504,pillar_wall_bad,pill_bad_01,negative,-0.2108,0.0437,-0.0393,1.3221,5.95,2.686,1.089,0.45,2.773,0.08,0.0079,-5.7054,-3.6358,obstacle_avoidance
2026-07-09 12:17:53.604,pillar_wall_bad,pill_bad_01,negative,0.2778,-0.1427,-0.0406,-1.2167,5.911,2.662,1.121,0.475,2.732,0.08,0.0074,-5.7036,-3.6091,obstacle_avoidance
2026-07-09 12:17:53.705,pillar_wall_bad,pill_bad_01,negative,-0.0383,0.1385,-0.0402,0.0096,5.711,2.602,1.181,0.4997,2.693,0.08,0.0067,-5.7035,-3.5822,wall_reacquired
2026-07-09 12:17:53.804,pillar_wall_bad,pill_bad_01,negative,0.4119,0.3601,-0.0315,0.5077,5.66,2.582,1.202,0.5218,2.664,0.08,0.0065,-5.7042,-3.558,wall_reacquired
2026-07-09 12:17:53.904,pillar_wall_bad,pill_bad_01,negative,0.0287,-0.0969,-0.0274,0.7281,5.649,2.554,1.242,0.543,2.626,0.08,0.006,-5.7048,-3.535,wall_reacquired
2026-07-09 12:17:54.004,pillar_wall_bad,pill_bad_01,negative,-0.0575,0.0362,-0.0257,0.7089,5.576,2.524,1.262,0.5582,2.606,0.08,0.005,-5.7053,-3.5186,wall_reacquired
2026-07-09 12:17:54.104,pillar_wall_bad,pill_bad_01,negative,0.2682,0.3995,-0.0186,0.6323,2.457,2.499,1.295,0.5709,2.576,0.08,0.0046,-5.7056,-3.505,wall_reacquired
2026-07-09 12:17:54.204,pillar_wall_bad,pill_bad_01,negative,0.0671,0.7063,-0.0096,0.6993,2.446,2.484,1.304,0.5813,2.558,0.08,0.0034,-5.7051,-3.4941,wall_reacquired
2026-07-09 12:17:54.304,pillar_wall_bad,pill_bad_01,negative,0.0383,0.9694,-0.009,0.7281,2.416,2.473,1.319,0.5887,2.546,0.08,0.0045,-5.704,-3.4867,wall_reacquired
2026-07-09 12:17:54.404,pillar_wall_bad,pill_bad_01,negative,0.2299,1.5819,-0.0031,0.1916,2.394,2.468,1.325,0.594,2.539,0.08,0.0024,-5.7023,-3.4817,wall_reacquired
2026-07-09 12:17:54.504,pillar_wall_bad,pill_bad_01,negative,0.4311,2.1646,-0.0,0.3161,2.407,2.46,1.324,0.5975,2.528,0.08,0.0042,-5.7,-3.4788,wall_reacquired
2026-07-09 12:17:54.605,pillar_wall_bad,pill_bad_01,negative,0.0766,1.9846,0.0008,1.0825,2.411,2.471,1.32,0.601,2.535,0.08,0.0068,-5.6955,-3.4766,wall_reacquired
2026-07-09 12:17:54.704,pillar_wall_bad,pill_bad_01,negative,0.479,1.747,0.004,-0.3736,2.44,2.465,1.319,0.6043,2.522,0.08,0.0098,-5.6878,-3.476,wall_reacquired
2026-07-09 12:17:54.804,pillar_wall_bad,pill_bad_01,negative,0.2778,1.1899,0.0085,-0.0287,5.638,2.478,1.313,0.6054,2.239,0.08,0.0083,-5.6759,-3.4793,wall_reacquired
2026-07-09 12:17:54.904,pillar_wall_bad,pill_bad_01,negative,0.6419,1.0653,0.0102,-0.2108,5.736,2.495,1.297,0.6035,2.189,0.08,0.0096,-5.6608,-3.4876,wall_reacquired
2026-07-09 12:17:55.004,pillar_wall_bad,pill_bad_01,negative,0.4503,0.5571,0.0102,0.7472,5.815,2.513,1.28,0.5983,2.208,0.08,0.0079,-5.6452,-3.5003,wall_reacquired
2026-07-09 12:17:55.104,pillar_wall_bad,pill_bad_01,negative,0.1437,0.3941,0.0102,-0.7664,5.739,2.527,1.273,0.5917,2.221,0.08,0.0056,-5.6318,-3.5141,wall_reacquired
2026-07-09 12:17:55.204,pillar_wall_bad,pill_bad_01,negative,-0.3161,0.1641,0.0205,0.0479,5.718,2.534,1.252,0.5843,2.24,0.1,0.0078,-5.6197,-3.5288,approaching_wall
2026-07-09 12:17:55.304,pillar_wall_bad,pill_bad_01,negative,0.0671,-0.0245,0.026,-1.6286,5.834,2.563,1.229,0.5762,2.263,0.1,0.0092,-5.607,-3.5453,approaching_wall
2026-07-09 12:17:55.404,pillar_wall_bad,pill_bad_01,negative,0.0479,0.0586,0.0292,-1.6765,5.978,2.598,1.205,0.5674,2.285,0.1,0.0109,-5.5933,-3.5639,approaching_wall
2026-07-09 12:17:55.504,pillar_wall_bad,pill_bad_01,negative,-0.3066,0.1726,0.0226,0.4215,6.086,2.63,1.165,0.5582,2.312,0.1,0.0086,-5.5795,-3.5842,approaching_wall
2026-07-09 12:17:55.604,pillar_wall_bad,pill_bad_01,negative,-0.1916,-0.0138,0.0205,0.9676,6.084,2.645,1.15,0.5492,2.328,0.1,0.0081,-5.5667,-3.6046,approaching_wall
2026-07-09 12:17:55.705,pillar_wall_bad,pill_bad_01,negative,-0.2299,0.0405,0.0226,0.2203,6.074,2.66,1.116,0.5404,2.365,0.1,0.0082,-5.555,-3.625,approaching_wall
2026-07-09 12:17:55.804,pillar_wall_bad,pill_bad_01,negative,0.182,-0.0192,0.0239,2.213,6.063,2.682,1.086,0.5322,2.388,0.1,0.008,-5.5439,-3.6454,approaching_wall
2026-07-09 12:17:55.904,pillar_wall_bad,pill_bad_01,negative,-0.2491,0.0224,0.023,-0.0287,6.041,2.711,1.062,0.5241,2.413,0.1,0.0081,-5.5325,-3.6671,approaching_wall
2026-07-09 12:17:56.004,pillar_wall_bad,pill_bad_01,negative,-0.1916,0.0565,0.014,-0.594,5.996,2.74,1.041,0.517,2.434,0.1,0.006,-5.5221,-3.6877,approaching_wall
2026-07-09 12:17:56.104,pillar_wall_bad,pill_bad_01,negative,-0.297,0.0192,0.025,0.0383,5.979,2.766,1.011,0.5104,2.458,0.1,0.009,-5.5123,-3.7085,approaching_wall
2026-07-09 12:17:56.204,pillar_wall_bad,pill_bad_01,negative,-0.115,0.0085,0.0181,0.8526,5.975,2.794,0.997,0.5036,2.505,0.1,0.0057,-5.5023,-3.7312,approaching_wall
2026-07-09 12:17:56.304,pillar_wall_bad,pill_bad_01,negative,-0.2682,-0.0554,0.0272,0.4024,5.95,2.804,0.964,0.4977,2.515,0.1,0.0089,-5.4932,-3.7532,approaching_wall
2026-07-09 12:17:56.404,pillar_wall_bad,pill_bad_01,negative,0.0287,-0.0426,0.0172,-1.2358,5.922,2.835,0.934,0.4929,2.535,0.1,0.0061,-5.485,-3.7739,approaching_wall
2026-07-09 12:17:56.505,pillar_wall_bad,pill_bad_01,negative,0.1341,-0.0075,0.0178,0.5365,5.875,2.866,0.901,0.4881,2.566,0.1,0.0058,-5.4763,-3.7972,approaching_wall
2026-07-09 12:17:56.604,pillar_wall_bad,pill_bad_01,negative,-0.6227,0.0373,0.0216,-0.4982,5.866,2.9,0.873,0.4841,2.583,0.1,0.0088,-5.4685,-3.8196,approaching_wall
2026-07-09 12:17:56.705,pillar_wall_bad,pill_bad_01,negative,-0.4598,-0.0075,0.0143,0.7377,5.829,2.924,0.855,0.4808,2.614,0.1,0.0055,-5.4613,-3.8418,approaching_wall
2026-07-09 12:17:56.804,pillar_wall_bad,pill_bad_01,negative,-0.1629,-0.0746,0.0213,0.7472,5.812,2.957,0.829,0.4783,2.637,0.1,0.008,-5.4546,-3.8639,approaching_wall
2026-07-09 12:17:56.904,pillar_wall_bad,pill_bad_01,negative,0.4982,2.6877,0.0184,-1.2837,5.988,2.995,0.805,0.4764,2.67,0.1,0.0075,-5.4488,-3.8846,approaching_wall
2026-07-09 12:17:57.004,pillar_wall_bad,pill_bad_01,negative,-0.115,-0.1001,0.0189,0.9388,5.881,2.981,0.778,0.4755,2.692,0.1,0.0072,-5.4435,-3.9038,approaching_wall
2026-07-09 12:17:57.104,pillar_wall_bad,pill_bad_01,negative,0.4982,2.6877,0.0183,-1.2837,5.756,3.011,0.764,0.4753,2.712,0.1,0.0075,-5.4386,-3.9215,approaching_wall
2026-07-09 12:17:57.204,pillar_wall_bad,pill_bad_01,negative,-0.2012,-0.1097,0.0186,0.0383,5.694,3.023,0.752,0.4762,2.73,0.1,0.0082,-5.4337,-3.9381,approaching_wall
2026-07-09 12:17:57.304,pillar_wall_bad,pill_bad_01,negative,-0.2682,-0.0874,0.0104,-0.182,5.767,2.708,0.725,0.4777,2.748,0.1,0.0054,-5.429,-3.9531,approaching_wall
2026-07-09 12:17:57.404,pillar_wall_bad,pill_bad_01,negative,-0.1629,-0.0298,0.0111,0.8526,5.791,2.453,0.72,0.4801,2.755,0.1,0.0057,-5.4238,-3.9695,approaching_wall
2026-07-09 12:17:57.504,pillar_wall_bad,pill_bad_01,negative,-0.5269,-0.0746,0.0094,0.4982,5.756,2.367,0.697,0.4828,2.773,0.1,0.0051,-5.4191,-3.9839,approaching_wall
2026-07-09 12:17:57.604,pillar_wall_bad,pill_bad_01,negative,-0.3545,-0.2471,0.0079,0.6514,5.796,2.369,0.684,0.4857,2.788,0.1,0.0049,-5.4148,-3.9966,approaching_wall
2026-07-09 12:17:57.704,pillar_wall_bad,pill_bad_01,negative,-0.182,-0.1513,0.0064,0.4215,5.854,2.374,0.676,0.4894,2.803,0.1,0.0054,-5.41,-4.0096,approaching_wall
2026-07-09 12:17:57.804,pillar_wall_bad,pill_bad_01,negative,0.4982,2.6877,0.0042,-1.2837,5.853,2.371,0.663,0.4936,2.808,0.1,0.0054,-5.4052,-4.0211,approaching_wall
2026-07-09 12:17:57.904,pillar_wall_bad,pill_bad_01,negative,-0.364,-0.1523,0.0085,0.0766,5.848,2.385,0.659,0.498,2.823,0.1,0.0084,-5.4004,-4.032,approaching_wall
2026-07-09 12:17:58.004,pillar_wall_bad,pill_bad_01,negative,-0.5365,-0.0522,0.0083,0.4982,5.882,2.439,0.647,0.5033,2.838,0.1,0.0082,-5.395,-4.0437,wall_following
2026-07-09 12:17:58.104,pillar_wall_bad,pill_bad_01,negative,-0.2012,-0.1928,0.0081,0.4694,5.626,2.56,0.65,0.5082,2.846,0.1,0.008,-5.3902,-4.0536,wall_following
2026-07-09 12:17:58.204,pillar_wall_bad,pill_bad_01,negative,-0.3257,0.0032,0.0061,-0.0287,5.588,3.132,0.629,0.5137,2.848,0.1,0.0057,-5.385,-4.0637,wall_following
2026-07-09 12:17:58.304,pillar_wall_bad,pill_bad_01,negative,-0.3736,-0.1641,0.004,0.3449,5.554,3.16,0.623,0.5198,2.849,0.1,0.0057,-5.3795,-4.074,wall_following
2026-07-09 12:17:58.404,pillar_wall_bad,pill_bad_01,negative,-0.1916,-0.1513,0.0028,0.7664,5.542,3.175,0.609,0.5256,2.854,0.1,0.0049,-5.3743,-4.0833,wall_following
2026-07-09 12:17:58.505,pillar_wall_bad,pill_bad_01,negative,-0.0479,-0.2972,0.0029,0.5652,5.539,3.166,0.615,0.5309,2.863,0.1,0.008,-5.3696,-4.091,wall_following
2026-07-09 12:17:58.605,pillar_wall_bad,pill_bad_01,negative,-0.0287,0.0202,0.0032,0.2874,5.529,3.166,0.615,0.5366,2.864,0.1,0.0079,-5.3647,-4.0987,wall_following
2026-07-09 12:17:58.704,pillar_wall_bad,pill_bad_01,negative,-0.115,-0.0927,0.0042,-0.2299,5.526,3.165,0.605,0.543,2.876,0.1,0.0089,-5.3592,-4.1071,wall_following
2026-07-09 12:17:58.804,pillar_wall_bad,pill_bad_01,negative,-0.5173,-0.1704,0.0038,0.7568,5.504,3.18,0.606,0.5494,2.882,0.1,0.0092,-5.3538,-4.1153,wall_following
2026-07-09 12:17:58.904,pillar_wall_bad,pill_bad_01,negative,-0.0958,-0.1204,0.0031,-0.1341,5.482,3.18,0.598,0.5548,2.888,0.1,0.0075,-5.3492,-4.1219,wall_following
2026-07-09 12:17:59.004,pillar_wall_bad,pill_bad_01,negative,-0.3066,-0.1704,0.0032,-0.3161,5.503,3.186,0.596,0.562,2.887,0.1,0.0087,-5.3432,-4.1302,wall_following
2026-07-09 12:17:59.104,pillar_wall_bad,pill_bad_01,negative,-0.0192,-0.1129,0.0029,0.2778,65.533,3.195,0.59,0.5646,2.89,0.1,0.0087,-5.341,-4.1331,wall_following
2026-07-09 12:17:59.205,pillar_wall_bad,pill_bad_01,negative,-0.2778,-0.0383,0.001,0.479,6.441,3.197,0.589,0.5753,2.895,0.1,0.0054,-5.3322,-4.1448,wall_following
2026-07-09 12:17:59.304,pillar_wall_bad,pill_bad_01,negative,-0.1629,-0.1704,0.0018,-0.3066,6.439,3.195,0.58,0.5839,2.892,0.1,0.0057,-5.3251,-4.1538,wall_following
2026-07-09 12:17:59.404,pillar_wall_bad,pill_bad_01,negative,-0.2491,-0.0714,-0.002,0.7568,6.368,3.2,0.581,0.5921,2.901,0.1,0.0074,-5.3184,-4.1621,wall_following
2026-07-09 12:17:59.505,pillar_wall_bad,pill_bad_01,negative,-0.1533,-0.0234,0.0015,0.5556,6.492,3.208,0.577,0.5988,2.903,0.1,0.0056,-5.3129,-4.1685,wall_following
2026-07-09 12:17:59.604,pillar_wall_bad,pill_bad_01,negative,-0.1916,-0.1342,0.0003,0.2587,6.417,3.211,0.577,0.6061,2.908,0.1,0.0053,-5.3069,-4.1753,wall_following
2026-07-09 12:17:59.704,pillar_wall_bad,pill_bad_01,negative,-0.3353,-0.0415,0.0013,-0.2587,6.371,3.211,0.57,0.6135,2.906,0.1,0.0088,-5.3008,-4.1818,wall_following
2026-07-09 12:17:59.804,pillar_wall_bad,pill_bad_01,negative,-0.2108,-0.1672,0.001,0.2874,6.413,3.203,0.572,0.6203,2.905,0.1,0.0059,-5.2952,-4.1876,wall_following
2026-07-09 12:17:59.904,pillar_wall_bad,pill_bad_01,negative,0.0862,0.0075,0.0015,0.594,6.413,3.232,0.569,0.6281,2.913,0.1,0.0081,-5.2888,-4.1941,wall_following
2026-07-09 12:18:00.004,pillar_wall_bad,pill_bad_01,negative,-0.1437,0.0011,0.0004,0.1629,6.404,3.211,0.573,0.6355,2.906,0.1,0.0074,-5.2827,-4.2001,wall_following
2026-07-09 12:18:00.104,pillar_wall_bad,pill_bad_01,negative,-0.2012,-0.0085,-0.0001,0.2299,65.533,3.218,0.565,0.6425,2.919,0.1,0.0076,-5.2769,-4.2057,wall_following
2026-07-09 12:18:00.204,pillar_wall_bad,pill_bad_01,negative,-0.0479,0.065,0.0006,0.4311,65.533,3.219,0.566,0.6504,2.916,0.1,0.0084,-5.2704,-4.2119,wall_following
2026-07-09 12:18:00.304,pillar_wall_bad,pill_bad_01,negative,-0.4024,0.0107,0.0007,0.0,65.533,3.21,0.563,0.6578,2.915,0.1,0.0079,-5.2643,-4.2177,wall_following
2026-07-09 12:18:00.404,pillar_wall_bad,pill_bad_01,negative,-0.0862,-0.0554,0.0005,0.2299,65.533,3.208,0.56,0.6651,2.925,0.1,0.0058,-5.2583,-4.2233,wall_following
2026-07-09 12:18:00.504,pillar_wall_bad,pill_bad_01,negative,-0.0575,-0.0181,0.0006,0.594,65.533,3.195,0.575,0.6721,2.914,0.1,0.006,-5.2525,-4.2287,wall_following
2026-07-09 12:18:00.604,pillar_wall_bad,pill_bad_01,negative,-0.0862,0.1268,0.0008,0.1916,65.533,3.194,0.568,0.6803,2.923,0.1,0.0061,-5.2458,-4.2348,wall_following
2026-07-09 12:18:00.705,pillar_wall_bad,pill_bad_01,negative,0.0096,-0.049,0.0004,0.3353,65.533,2.771,0.568,0.6877,2.92,0.1,0.0091,-5.2397,-4.2404,wall_following
2026-07-09 12:18:00.804,pillar_wall_bad,pill_bad_01,negative,0.4982,2.6877,0.0007,-1.2837,65.533,2.652,0.572,0.6957,2.923,0.1,0.0058,-5.2332,-4.2465,wall_following
2026-07-09 12:18:00.904,pillar_wall_bad,pill_bad_01,negative,-0.2491,-0.0192,0.0007,-0.0479,65.533,2.601,0.564,0.7034,2.93,0.1,0.0059,-5.227,-4.2524,wall_following
2026-07-09 12:18:01.004,pillar_wall_bad,pill_bad_01,negative,0.0479,0.049,0.0003,0.0479,65.533,2.512,0.565,0.711,2.931,0.1,0.0084,-5.2209,-4.2583,wall_following
2026-07-09 12:18:01.104,pillar_wall_bad,pill_bad_01,negative,-0.3066,0.0192,-0.0,0.0575,65.533,2.488,0.564,0.7187,2.926,0.1,0.0064,-5.2147,-4.2641,wall_following
2026-07-09 12:18:01.204,pillar_wall_bad,pill_bad_01,negative,-0.0958,0.0021,0.0009,0.4503,65.533,2.481,0.557,0.7263,2.93,0.1,0.0088,-5.2085,-4.2699,wall_following
2026-07-09 12:18:01.304,pillar_wall_bad,pill_bad_01,negative,-0.0766,-0.0671,-0.0001,0.4407,65.533,2.409,0.563,0.7333,2.922,0.1,0.0059,-5.2029,-4.2752,wall_following
2026-07-09 12:18:01.404,pillar_wall_bad,pill_bad_01,negative,-0.1437,-0.0352,0.0,0.6993,65.533,2.234,0.56,0.7414,2.925,0.1,0.0057,-5.1964,-4.2811,wall_following
2026-07-09 12:18:01.504,pillar_wall_bad,pill_bad_01,negative,-0.115,0.0021,0.0001,0.1533,65.533,2.184,0.569,0.7489,2.929,0.1,0.0055,-5.1903,-4.2866,wall_following
2026-07-09 12:18:01.604,pillar_wall_bad,pill_bad_01,negative,-0.0479,0.0288,0.0007,0.3066,65.533,2.122,0.561,0.7568,2.927,0.1,0.0087,-5.184,-4.2924,wall_following
2026-07-09 12:18:01.705,pillar_wall_bad,pill_bad_01,negative,-0.2012,-0.0224,0.0011,0.2587,6.748,2.087,0.558,0.7646,2.925,0.1,0.0089,-5.1777,-4.2981,wall_following
2026-07-09 12:18:01.804,pillar_wall_bad,pill_bad_01,negative,0.2108,0.0075,0.0,0.2108,65.533,2.055,0.566,0.7723,2.928,0.1,0.0077,-5.1716,-4.3037,wall_following
2026-07-09 12:18:01.905,pillar_wall_bad,pill_bad_01,negative,-0.3545,0.0032,-0.0001,0.3449,6.582,2.035,0.562,0.7799,2.927,0.1,0.0061,-5.1655,-4.3092,wall_following
2026-07-09 12:18:02.004,pillar_wall_bad,pill_bad_01,negative,0.4982,2.6877,0.0079,-1.2837,6.475,2.008,0.564,0.7876,2.936,0.1,0.0075,-5.1593,-4.3149,wall_following
2026-07-09 12:18:02.104,pillar_wall_bad,pill_bad_01,negative,-0.1629,0.0501,0.0009,0.4215,6.392,1.962,0.554,0.7954,2.932,0.1,0.0088,-5.1531,-4.3206,wall_following
2026-07-09 12:18:02.205,pillar_wall_bad,pill_bad_01,negative,-0.182,-0.049,0.0005,0.4311,65.533,1.921,0.562,0.8023,2.931,0.1,0.0091,-5.1476,-4.3256,wall_following
2026-07-09 12:18:02.305,pillar_wall_bad,pill_bad_01,negative,-0.3353,-0.0128,0.0004,0.7089,65.533,1.906,0.564,0.8087,2.932,0.1,0.008,-5.1425,-4.3301,wall_following
2026-07-09 12:18:02.405,pillar_wall_bad,pill_bad_01,negative,-0.1533,0.081,0.0004,0.6323,65.533,1.866,0.563,0.8162,2.934,0.1,0.0055,-5.1365,-4.3355,wall_following
2026-07-09 12:18:02.504,pillar_wall_bad,pill_bad_01,negative,-0.0479,0.0192,0.001,0.3449,65.533,1.839,0.564,0.8245,2.93,0.1,0.0099,-5.1299,-4.3414,wall_following
2026-07-09 12:18:02.604,pillar_wall_bad,pill_bad_01,negative,-0.1533,-0.1108,0.0004,0.1245,5.994,1.83,0.551,0.834,2.928,0.1,0.0077,-5.1224,-4.3483,wall_following
2026-07-09 12:18:02.704,pillar_wall_bad,pill_bad_01,negative,-0.0958,-0.0373,-0.0002,0.4503,65.533,1.825,0.562,0.8417,2.932,0.1,0.008,-5.1163,-4.3537,wall_following
2026-07-09 12:18:02.804,pillar_wall_bad,pill_bad_01,negative,-0.115,0.0117,0.0011,0.5365,65.533,1.823,0.558,0.8483,2.934,0.1,0.0081,-5.111,-4.3582,wall_following
2026-07-09 12:18:02.904,pillar_wall_bad,pill_bad_01,negative,-0.1629,0.1023,-0.0006,0.4982,65.533,1.83,0.55,0.8505,2.931,0.1,0.0083,-5.1092,-4.3598,wall_following
2026-07-09 12:18:03.004,pillar_wall_bad,pill_bad_01,negative,-0.0575,-0.1193,-0.0006,0.1245,4.978,1.828,0.556,0.8648,2.935,0.1,0.0083,-5.0977,-4.3694,wall_following
2026-07-09 12:18:03.104,pillar_wall_bad,pill_bad_01,negative,-0.4215,-0.0799,-0.0004,0.4598,4.947,1.827,0.559,0.872,2.933,0.1,0.0058,-5.0919,-4.3741,wall_following
2026-07-09 12:18:03.205,pillar_wall_bad,pill_bad_01,negative,-0.2874,-0.0117,-0.0002,0.4215,4.935,1.831,0.554,0.8804,2.932,0.1,0.006,-5.085,-4.3796,wall_following
2026-07-09 12:18:03.304,pillar_wall_bad,pill_bad_01,negative,-0.0479,0.0415,-0.0004,0.3928,4.915,1.831,0.55,0.8889,2.931,0.1,0.006,-5.0781,-4.3851,wall_following
2026-07-09 12:18:03.404,pillar_wall_bad,pill_bad_01,negative,-0.1724,-0.1214,-0.0011,0.6323,4.907,1.827,0.55,0.8967,2.925,0.1,0.0085,-5.0718,-4.3901,wall_following
2026-07-09 12:18:03.504,pillar_wall_bad,pill_bad_01,negative,-0.1245,-0.0927,-0.0009,0.9101,4.887,1.832,0.56,0.9044,2.93,0.1,0.009,-5.0655,-4.395,wall_following
2026-07-09 12:18:03.605,pillar_wall_bad,pill_bad_01,negative,0.115,0.0969,-0.0,1.0155,4.878,1.826,0.557,0.912,2.942,0.1,0.0062,-5.0592,-4.3997,wall_following
2026-07-09 12:18:03.705,pillar_wall_bad,pill_bad_01,negative,0.115,0.0181,-0.0002,-0.2299,4.867,1.834,0.547,0.9205,2.929,0.1,0.0094,-5.0523,-4.4051,wall_following
2026-07-09 12:18:03.804,pillar_wall_bad,pill_bad_01,negative,0.4982,2.6877,-0.0006,-1.2837,4.845,1.824,0.557,0.9283,2.931,0.1,0.0087,-5.0459,-4.4101,wall_following
2026-07-09 12:18:03.904,pillar_wall_bad,pill_bad_01,negative,-0.1629,0.0288,0.0,0.297,4.83,1.815,0.547,0.9358,2.941,0.1,0.0062,-5.0398,-4.4147,wall_following
2026-07-09 12:18:04.004,pillar_wall_bad,pill_bad_01,negative,-0.1341,-0.0884,-0.0002,0.2108,4.833,1.821,0.553,0.9441,2.978,0.1,0.0056,-5.033,-4.4199,wall_following
2026-07-09 12:18:04.104,pillar_wall_bad,pill_bad_01,negative,-0.0096,0.0117,-0.0011,0.7568,4.811,1.823,0.551,0.9519,3.02,0.1,0.0083,-5.0265,-4.4247,wall_following
2026-07-09 12:18:04.204,pillar_wall_bad,pill_bad_01,negative,0.1916,0.0714,-0.001,0.3736,4.796,1.834,0.556,0.9597,3.05,0.1,0.0084,-5.0201,-4.4295,wall_following
2026-07-09 12:18:04.304,pillar_wall_bad,pill_bad_01,negative,-0.2682,0.0554,-0.0002,-0.0192,4.777,1.826,0.556,0.9678,3.074,0.1,0.006,-5.0135,-4.4345,wall_following
2026-07-09 12:18:04.404,pillar_wall_bad,pill_bad_01,negative,-0.0287,0.0181,-0.0004,0.4407,4.77,1.836,0.554,0.9758,3.108,0.1,0.0062,-5.007,-4.4395,wall_following
2026-07-09 12:18:04.504,pillar_wall_bad,pill_bad_01,negative,-0.0575,-0.0213,-0.0002,0.3257,4.778,1.834,0.555,0.9837,3.145,0.1,0.0058,-5.0005,-4.4444,wall_following
2026-07-09 12:18:04.604,pillar_wall_bad,pill_bad_01,negative,0.0479,-0.0202,-0.0008,-0.0383,4.748,1.827,0.551,0.9912,3.213,0.1,0.0083,-4.9944,-4.4492,wall_following
2026-07-09 12:18:04.704,pillar_wall_bad,pill_bad_01,negative,-0.1916,0.0277,-0.0012,0.1437,4.747,1.822,0.554,0.9992,3.226,0.1,0.0085,-4.9879,-4.4542,wall_following
2026-07-09 12:18:04.804,pillar_wall_bad,pill_bad_01,negative,-0.2108,-0.0138,-0.0003,-0.1916,4.72,1.827,0.548,1.0075,3.243,0.1,0.0055,-4.9811,-4.4594,wall_following
2026-07-09 12:18:04.904,pillar_wall_bad,pill_bad_01,negative,-0.0575,-0.0341,-0.0011,-0.1437,4.73,1.834,0.562,1.0154,3.249,0.1,0.0087,-4.9747,-4.4643,wall_following
2026-07-09 12:18:05.004,pillar_wall_bad,pill_bad_01,negative,0.4982,2.6877,-0.0001,-1.2837,4.717,1.827,0.549,1.0233,3.264,0.1,0.0063,-4.9682,-4.4692,wall_following
2026-07-09 12:18:05.104,pillar_wall_bad,pill_bad_01,negative,-0.115,-0.049,-0.0014,0.5077,4.701,1.833,0.557,1.0314,3.266,0.1,0.0099,-4.9616,-4.4742,wall_following
2026-07-09 12:18:05.204,pillar_wall_bad,pill_bad_01,negative,-0.115,-0.0554,-0.0002,0.4407,4.689,1.836,0.562,1.0393,3.26,0.1,0.0097,-4.9552,-4.4792,wall_following
2026-07-09 12:18:05.304,pillar_wall_bad,pill_bad_01,negative,0.0766,0.1395,-0.0002,-0.1724,4.673,1.836,0.558,1.0457,3.261,0.1,0.0078,-4.95,-4.4832,wall_following
2026-07-09 12:18:05.404,pillar_wall_bad,pill_bad_01,negative,-0.2012,0.0756,0.0001,-0.0671,4.65,1.923,0.555,1.0551,3.261,0.1,0.0057,-4.9425,-4.4892,wall_following
2026-07-09 12:18:05.504,pillar_wall_bad,pill_bad_01,negative,-0.0479,-0.1981,-0.0002,0.2778,4.655,2.098,0.545,1.0635,3.269,0.1,0.0055,-4.9357,-4.4946,wall_following
2026-07-09 12:18:05.604,pillar_wall_bad,pill_bad_01,negative,0.4982,2.6877,-0.0017,-1.2837,4.628,3.23,0.552,1.0713,3.271,0.1,0.0089,-4.9294,-4.4995,wall_following
2026-07-09 12:18:05.704,pillar_wall_bad,pill_bad_01,negative,0.0,-0.0511,-0.0011,0.479,4.607,3.229,0.56,1.0791,3.267,0.1,0.0058,-4.9231,-4.5043,wall_following
2026-07-09 12:18:05.804,pillar_wall_bad,pill_bad_01,negative,-0.182,0.0415,-0.0006,0.1437,4.621,3.238,0.555,1.0867,3.257,0.1,0.0058,-4.9168,-4.5089,wall_following
2026-07-09 12:18:05.904,pillar_wall_bad,pill_bad_01,negative,-0.1054,0.0479,-0.0002,0.1916,4.61,3.235,0.552,1.0955,3.26,0.1,0.0087,-4.9097,-4.5143,wall_following
2026-07-09 12:18:06.005,pillar_wall_bad,pill_bad_01,negative,0.2587,-0.1182,-0.0004,0.4407,4.587,3.224,0.553,1.1033,3.263,0.1,0.0059,-4.9033,-4.5192,wall_following
2026-07-09 12:18:06.104,pillar_wall_bad,pill_bad_01,negative,0.0287,0.0096,-0.0008,0.5461,4.573,3.23,0.576,1.111,3.263,0.1,0.0086,-4.8971,-4.5239,wall_following
2026-07-09 12:18:06.204,pillar_wall_bad,pill_bad_01,negative,-0.115,0.2972,0.0008,-0.1916,4.571,3.229,0.556,1.1193,3.267,0.1,0.0064,-4.8903,-4.5291,wall_following
2026-07-09 12:18:06.304,pillar_wall_bad,pill_bad_01,negative,-0.0575,-0.1289,-0.0008,0.3449,4.558,3.223,0.539,1.1278,3.266,0.1,0.0093,-4.8836,-4.5346,wall_following
2026-07-09 12:18:06.404,pillar_wall_bad,pill_bad_01,negative,0.0287,-0.179,-0.0009,-0.2203,4.551,3.236,0.51,1.1354,3.264,0.1,0.0054,-4.8775,-4.5394,wall_following
2026-07-09 12:18:06.504,pillar_wall_bad,pill_bad_01,negative,-0.1437,-0.5657,-0.0035,0.4694,4.545,3.227,0.483,1.1405,3.268,0.1,0.0082,-4.8732,-4.5423,wall_following
2026-07-09 12:18:06.604,pillar_wall_bad,pill_bad_01,negative,-0.0383,-0.947,-0.0035,0.7951,4.533,3.217,0.454,1.1499,3.264,0.1,0.0056,-4.865,-4.547,wall_following
2026-07-09 12:18:06.704,pillar_wall_bad,pill_bad_01,negative,-0.2108,-1.1462,-0.0048,0.0766,4.524,3.216,0.434,1.1563,3.265,0.1,0.0054,-4.8589,-4.5491,wall_following
2026-07-09 12:18:06.804,pillar_wall_bad,pill_bad_01,negative,-0.2203,-0.7968,-0.0059,0.2874,4.523,3.206,0.415,1.1636,3.266,0.1,0.0065,-4.8514,-4.5502,wall_following
2026-07-09 12:18:06.904,pillar_wall_bad,pill_bad_01,negative,-0.2587,-0.9033,-0.011,0.3832,4.501,3.187,0.396,1.171,3.247,0.1,0.0102,-4.843,-4.5499,wall_following
2026-07-09 12:18:07.004,pillar_wall_bad,pill_bad_01,negative,-0.5173,-0.4911,-0.0079,0.6035,4.499,3.197,0.398,1.178,3.247,0.1,0.0068,-4.8344,-4.5482,wall_following
2026-07-09 12:18:07.105,pillar_wall_bad,pill_bad_01,negative,0.4982,2.6877,-0.0124,-1.2837,4.493,3.178,0.413,1.1853,3.229,0.1,0.0094,-4.8249,-4.5452,wall_following
2026-07-09 12:18:07.204,pillar_wall_bad,pill_bad_01,negative,0.2587,-0.0714,-0.0075,0.3257,4.482,3.16,0.422,1.1919,3.219,0.1,0.0057,-4.816,-4.5416,wall_following
2026-07-09 12:18:07.304,pillar_wall_bad,pill_bad_01,negative,-0.3545,0.0362,-0.0113,0.4886,4.471,3.159,0.43,1.1976,3.212,0.1,0.0088,-4.8082,-4.5382,wall_following
2026-07-09 12:18:07.404,pillar_wall_bad,pill_bad_01,negative,-0.0096,0.1385,-0.0064,0.182,4.465,3.143,0.442,1.2036,3.199,0.1,0.005,-4.8,-4.5348,wall_following
2026-07-09 12:18:07.504,pillar_wall_bad,pill_bad_01,negative,-0.0766,0.2653,-0.0064,0.8239,4.458,3.129,0.457,1.2093,3.19,0.1,0.0055,-4.7924,-4.5317,wall_following
2026-07-09 12:18:07.604,pillar_wall_bad,pill_bad_01,negative,-0.115,0.3878,-0.0055,0.7281,4.451,3.122,0.46,1.2154,3.166,0.1,0.0053,-4.7846,-4.529,wall_following
2026-07-09 12:18:07.704,pillar_wall_bad,pill_bad_01,negative,-0.115,0.2109,-0.0059,0.6993,4.441,3.114,0.47,1.2213,3.16,0.1,0.0059,-4.7772,-4.5269,wall_following
2026-07-09 12:18:07.804,pillar_wall_bad,pill_bad_01,negative,0.0287,0.1662,-0.0056,0.0575,4.43,3.111,0.483,1.2273,3.15,0.1,0.0056,-4.7699,-4.5252,wall_following
2026-07-09 12:18:07.904,pillar_wall_bad,pill_bad_01,negative,0.0383,0.5092,-0.0045,1.0251,4.438,3.099,0.487,1.234,3.157,0.1,0.0056,-4.762,-4.5237,wall_following
2026-07-09 12:18:08.004,pillar_wall_bad,pill_bad_01,negative,0.115,0.1811,-0.0036,0.7568,4.409,3.088,0.506,1.2403,3.137,0.1,0.0057,-4.7548,-4.5228,wall_following
2026-07-09 12:18:08.104,pillar_wall_bad,pill_bad_01,negative,-0.0862,0.4996,-0.0034,0.5748,4.404,3.096,0.505,1.2468,3.126,0.1,0.0057,-4.7476,-4.5224,wall_following
2026-07-09 12:18:08.204,pillar_wall_bad,pill_bad_01,negative,0.0575,0.147,-0.0056,-0.0096,4.398,3.093,0.502,1.2535,3.127,0.1,0.0088,-4.7404,-4.5226,wall_following
2026-07-09 12:18:08.304,pillar_wall_bad,pill_bad_01,negative,-0.2012,0.1758,-0.0052,0.6323,4.386,3.078,0.516,1.2611,3.129,0.1,0.0092,-4.7324,-4.5231,wall_following
2026-07-09 12:18:08.404,pillar_wall_bad,pill_bad_01,negative,0.0383,0.4229,-0.0027,0.661,4.366,3.066,0.516,1.2677,3.113,0.1,0.0056,-4.7255,-4.5237,wall_following
2026-07-09 12:18:08.504,pillar_wall_bad,pill_bad_01,negative,-0.1916,0.1385,-0.0044,0.6227,4.387,3.069,0.524,1.2754,3.108,0.1,0.007,-4.7177,-4.5249,wall_following
2026-07-09 12:18:08.604,pillar_wall_bad,pill_bad_01,negative,-0.115,0.0756,-0.0027,0.5748,4.358,3.066,0.529,1.2828,3.103,0.1,0.0062,-4.7102,-4.5262,wall_following
2026-07-09 12:18:08.704,pillar_wall_bad,pill_bad_01,negative,-0.115,0.3462,-0.0016,0.4694,4.366,3.027,0.532,1.2898,3.112,0.1,0.0059,-4.7032,-4.5276,wall_following
2026-07-09 12:18:08.804,pillar_wall_bad,pill_bad_01,negative,-0.1341,0.2056,-0.003,0.2203,4.357,2.564,0.534,1.2979,3.106,0.1,0.0093,-4.6953,-4.5296,wall_following
2026-07-09 12:18:08.904,pillar_wall_bad,pill_bad_01,negative,-0.1437,0.0053,-0.0023,-0.2203,4.468,2.526,0.533,1.3056,3.099,0.1,0.0059,-4.6879,-4.5317,wall_following
2026-07-09 12:18:09.004,pillar_wall_bad,pill_bad_01,negative,-0.0766,0.1417,-0.0021,0.6131,4.575,2.534,0.545,1.3128,3.083,0.1,0.0087,-4.6809,-4.5338,wall_following
2026-07-09 12:18:09.104,pillar_wall_bad,pill_bad_01,negative,-0.0096,0.1864,-0.001,0.4024,4.349,3.066,0.541,1.3206,3.09,0.1,0.006,-4.6735,-4.5363,wall_following
2026-07-09 12:18:09.204,pillar_wall_bad,pill_bad_01,negative,0.0287,0.0842,-0.0019,0.0383,5.325,3.053,0.538,1.329,3.093,0.1,0.0084,-4.6656,-4.5392,wall_following
2026-07-09 12:18:09.304,pillar_wall_bad,pill_bad_01,negative,0.0287,-0.098,-0.0014,-0.0287,5.335,3.057,0.537,1.3369,3.092,0.1,0.0056,-4.6583,-4.542,wall_following
2026-07-09 12:18:09.404,pillar_wall_bad,pill_bad_01,negative,0.4982,2.6877,-0.0015,-1.2837,5.382,3.054,0.545,1.3445,3.076,0.1,0.0061,-4.6511,-4.5447,wall_following
2026-07-09 12:18:09.505,pillar_wall_bad,pill_bad_01,negative,0.0383,0.065,-0.001,0.0671,5.415,3.057,0.544,1.3523,3.085,0.1,0.0059,-4.6438,-4.5474,wall_following
2026-07-09 12:18:09.604,pillar_wall_bad,pill_bad_01,negative,-0.0479,0.1204,-0.002,0.1724,5.434,3.057,0.556,1.3605,3.076,0.1,0.0084,-4.6362,-4.5504,wall_following
2026-07-09 12:18:09.704,pillar_wall_bad,pill_bad_01,negative,0.0479,0.0256,-0.0007,0.594,5.465,3.055,0.554,1.3684,3.083,0.1,0.0054,-4.6289,-4.5534,wall_following
2026-07-09 12:18:09.804,pillar_wall_bad,pill_bad_01,negative,-0.0192,-0.0969,-0.0015,0.3449,5.493,3.051,0.552,1.376,3.077,0.1,0.008,-4.6219,-4.5564,wall_following
2026-07-09 12:18:09.904,pillar_wall_bad,pill_bad_01,negative,-0.0287,0.0394,-0.0017,0.6706,4.247,3.054,0.552,1.3838,3.076,0.1,0.0085,-4.6147,-4.5595,wall_following
2026-07-09 12:18:10.004,pillar_wall_bad,pill_bad_01,negative,0.2682,0.1065,-0.0008,0.5269,4.192,3.054,0.693,1.3924,3.077,0.1,0.0079,-4.6068,-4.5629,wall_following
2026-07-09 12:18:10.104,pillar_wall_bad,pill_bad_01,negative,0.1341,0.7489,0.0021,-0.6802,4.166,3.061,0.717,1.401,3.079,0.1,0.0104,-4.5991,-4.5667,approaching_wall
2026-07-09 12:18:10.204,pillar_wall_bad,pill_bad_01,negative,0.9101,0.8,0.0053,0.1629,4.14,3.064,0.717,1.4108,3.074,0.1,0.0112,-4.5908,-4.5724,approaching_wall
2026-07-09 12:18:10.304,pillar_wall_bad,pill_bad_01,negative,0.3161,0.7755,0.0075,-0.4886,4.098,3.087,0.714,1.4233,3.061,0.1,0.0084,-4.581,-4.5814,approaching_wall
2026-07-09 12:18:10.404,pillar_wall_bad,pill_bad_01,negative,-0.0383,0.3654,0.0079,0.8622,4.322,3.117,0.693,1.437,3.058,0.1,0.0077,-4.5711,-4.5933,approaching_wall
2026-07-09 12:18:10.504,pillar_wall_bad,pill_bad_01,negative,0.3928,0.3547,0.0093,0.776,4.454,3.15,0.677,1.4489,3.06,0.1,0.0089,-4.563,-4.6048,approaching_wall
2026-07-09 12:18:10.605,pillar_wall_bad,pill_bad_01,negative,0.2299,0.1992,0.0043,0.9772,4.501,3.188,0.679,1.4563,3.066,0.1,0.0064,-4.5582,-4.6124,approaching_wall
2026-07-09 12:18:10.704,pillar_wall_bad,pill_bad_01,negative,-0.0096,0.0415,0.0048,0.3736,4.505,3.163,0.663,1.4698,3.087,0.1,0.0073,-4.5498,-4.627,approaching_wall
2026-07-09 12:18:10.804,pillar_wall_bad,pill_bad_01,negative,0.0671,-0.0714,0.0084,-0.0096,4.431,3.17,0.657,1.4802,3.098,0.1,0.0088,-4.5435,-4.6386,approaching_wall
2026-07-09 12:18:10.904,pillar_wall_bad,pill_bad_01,negative,-0.1629,-0.2365,0.0098,0.3353,4.442,3.169,0.644,1.4894,3.101,0.1,0.0084,-4.5379,-4.6488,wall_following
2026-07-09 12:18:11.004,pillar_wall_bad,pill_bad_01,negative,-0.2874,-0.0692,0.0084,0.0575,4.502,3.206,0.628,1.4988,3.109,0.1,0.0088,-4.5321,-4.6588,wall_following
2026-07-09 12:18:11.104,pillar_wall_bad,pill_bad_01,negative,0.4982,2.6877,0.0037,-1.2837,4.618,5.85,0.629,1.5075,3.13,0.1,0.0054,-4.5266,-4.6676,wall_following
2026-07-09 12:18:11.204,pillar_wall_bad,pill_bad_01,negative,-0.2012,-0.2099,0.0025,0.9101,4.59,5.887,0.636,1.5163,3.124,0.1,0.0054,-4.5209,-4.6763,wall_following
2026-07-09 12:18:11.304,pillar_wall_bad,pill_bad_01,negative,-0.182,-0.1055,0.0035,0.2874,4.573,65.533,0.62,1.5245,3.132,0.1,0.0063,-4.5155,-4.6843,wall_following
2026-07-09 12:18:11.404,pillar_wall_bad,pill_bad_01,negative,-0.0287,-0.1598,0.0021,0.6227,4.538,65.533,0.618,1.5349,3.136,0.1,0.0057,-4.5086,-4.6941,wall_following
2026-07-09 12:18:11.504,pillar_wall_bad,pill_bad_01,negative,0.0479,-0.31,0.0041,0.2203,4.531,65.533,0.608,1.543,3.152,0.1,0.0072,-4.5031,-4.7014,wall_following
2026-07-09 12:18:11.605,pillar_wall_bad,pill_bad_01,negative,-0.0671,-0.082,0.0042,0.4215,4.534,65.533,0.61,1.5518,3.161,0.1,0.0081,-4.4971,-4.7093,wall_following
2026-07-09 12:18:11.704,pillar_wall_bad,pill_bad_01,negative,0.1054,-0.1342,0.0088,-0.1629,4.625,65.533,0.594,1.5601,3.156,0.1,0.0035,-4.4913,-4.7165,wall_following
2026-07-09 12:18:11.804,pillar_wall_bad,pill_bad_01,negative,-0.182,-0.1491,0.0053,-0.2395,4.892,65.533,0.593,1.5662,3.152,0.1,0.0038,-4.487,-4.7216,wall_following
2026-07-09 12:18:11.904,pillar_wall_bad,pill_bad_01,negative,-0.0671,-0.1822,0.0102,0.0192,4.981,65.533,0.582,1.5726,3.127,0.1,0.0083,-4.4822,-4.7263,wall_following
2026-07-09 12:18:12.004,pillar_wall_bad,pill_bad_01,negative,-0.0575,-0.0479,0.0058,0.5077,5.467,5.78,0.574,1.5794,2.404,0.1,0.006,-4.4769,-4.7309,wall_following
2026-07-09 12:18:12.104,pillar_wall_bad,pill_bad_01,negative,-0.1245,-0.0522,0.0058,0.6227,5.453,65.533,0.569,1.5831,2.391,0.1,0.0074,-4.4739,-4.7332,wall_following
2026-07-09 12:18:12.204,pillar_wall_bad,pill_bad_01,negative,-0.1245,-0.0522,0.0058,0.6227,5.453,65.533,0.569,1.5831,2.391,0.1,0.0074,-4.4739,-4.7332,wall_following
2026-07-09 12:18:12.305,pillar_wall_bad,pill_bad_01,negative,0.1916,-0.0788,0.0025,-0.0096,5.365,4.682,0.538,1.6041,3.072,0.1,0.0055,-4.4566,-4.7458,wall_following
2026-07-09 12:18:12.404,pillar_wall_bad,pill_bad_01,negative,0.2012,-0.392,0.0012,-0.1533,65.533,4.572,0.526,1.6115,1.901,0.1,0.0083,-4.4504,-4.7499,wall_following
2026-07-09 12:18:12.504,pillar_wall_bad,pill_bad_01,negative,-0.3736,-0.1672,0.0008,0.6227,5.368,4.36,0.529,1.619,1.745,0.1,0.0079,-4.4439,-4.7536,wall_following
2026-07-09 12:18:12.604,pillar_wall_bad,pill_bad_01,negative,0.0671,-0.2237,-0.0009,0.7951,5.317,4.114,0.523,1.6253,1.741,0.1,0.0051,-4.4382,-4.7564,wall_following
2026-07-09 12:18:12.704,pillar_wall_bad,pill_bad_01,negative,-0.182,-0.1758,-0.003,-0.4215,10.974,3.971,0.52,1.6324,1.727,0.1,0.0085,-4.4316,-4.7589,wall_following
2026-07-09 12:18:12.804,pillar_wall_bad,pill_bad_01,negative,-0.0766,0.2471,-0.0032,0.3736,10.911,3.902,0.513,1.641,1.734,0.1,0.0102,-4.4234,-4.7617,wall_following
2026-07-09 12:18:12.904,pillar_wall_bad,pill_bad_01,negative,-0.2395,-0.0671,-0.0019,0.7568,10.917,3.874,0.521,1.6451,1.734,0.1,0.0086,-4.4195,-4.7631,wall_following
2026-07-09 12:18:13.004,pillar_wall_bad,pill_bad_01,negative,-0.2395,-0.0671,-0.0019,0.7568,10.917,3.874,0.521,1.6451,1.734,0.1,0.0086,-4.4195,-4.7631,wall_following
2026-07-09 12:18:13.104,pillar_wall_bad,pill_bad_01,negative,-0.2395,-0.0671,-0.0019,0.7568,10.917,3.874,0.521,1.6451,1.734,0.1,0.0086,-4.4195,-4.7631,wall_following
2026-07-09 12:18:13.204,pillar_wall_bad,pill_bad_01,negative,-0.2395,-0.0671,-0.0019,0.7568,10.917,3.874,0.521,1.6451,1.734,0.1,0.0086,-4.4195,-4.7631,wall_following
2026-07-09 12:18:13.304,pillar_wall_bad,pill_bad_01,negative,-0.2395,-0.0671,-0.0019,0.7568,10.917,3.874,0.521,1.6451,1.734,0.1,0.0086,-4.4195,-4.7631,wall_following
2026-07-09 12:18:13.404,pillar_wall_bad,pill_bad_01,negative,-0.2395,-0.0671,-0.0019,0.7568,10.917,3.874,0.521,1.6451,1.734,0.1,0.0086,-4.4195,-4.7631,wall_following
2026-07-09 12:18:13.504,pillar_wall_bad,pill_bad_01,negative,-0.2395,-0.0671,-0.0019,0.7568,10.917,3.874,0.521,1.6451,1.734,0.1,0.0086,-4.4195,-4.7631,wall_following
2026-07-09 12:18:13.604,pillar_wall_bad,pill_bad_01,negative,-0.2395,-0.0671,-0.0019,0.7568,10.917,3.874,0.521,1.6451,1.734,0.1,0.0086,-4.4195,-4.7631,wall_following
2026-07-09 12:18:13.704,pillar_wall_bad,pill_bad_01,negative,0.0383,-0.0831,-0.0028,0.4503,10.798,3.674,0.51,1.7087,1.737,0.1,0.0082,-4.3593,-4.7848,wall_following
2026-07-09 12:18:13.804,pillar_wall_bad,pill_bad_01,negative,-0.2108,-0.049,-0.003,0.4503,10.69,3.679,0.509,1.7165,1.735,0.1,0.0084,-4.3519,-4.7873,wall_following
2026-07-09 12:18:13.904,pillar_wall_bad,pill_bad_01,negative,-0.2299,-0.2045,-0.0034,0.1916,10.618,3.701,0.501,1.7237,1.718,0.1,0.0063,-4.3449,-4.7895,wall_following
2026-07-09 12:18:14.004,pillar_wall_bad,pill_bad_01,negative,-0.0862,-0.1534,-0.0026,-0.1245,10.61,3.701,0.509,1.7315,1.723,0.1,0.0057,-4.3372,-4.7915,wall_following
2026-07-09 12:18:14.104,pillar_wall_bad,pill_bad_01,negative,0.0192,0.0479,-0.0043,0.4694,10.598,3.697,0.507,1.739,1.719,0.1,0.0086,-4.3298,-4.7933,wall_following
2026-07-09 12:18:14.205,pillar_wall_bad,pill_bad_01,negative,-0.0766,0.0192,-0.0041,0.6514,10.56,3.709,0.499,1.746,1.728,0.1,0.0089,-4.3228,-4.795,wall_following
2026-07-09 12:18:14.304,pillar_wall_bad,pill_bad_01,negative,-0.2203,-0.2077,-0.0042,-0.2299,10.553,3.707,0.51,1.7531,1.73,0.1,0.0066,-4.3157,-4.7966,wall_following
2026-07-09 12:18:14.404,pillar_wall_bad,pill_bad_01,negative,0.0383,0.0597,-0.0036,0.0,10.506,3.709,0.502,1.7609,1.745,0.1,0.0076,-4.3078,-4.7981,wall_following
2026-07-09 12:18:14.504,pillar_wall_bad,pill_bad_01,negative,-0.0096,0.1981,-0.0032,0.4311,10.545,3.707,0.516,1.7684,1.83,0.1,0.0082,-4.3002,-4.7996,wall_following
2026-07-09 12:18:14.604,pillar_wall_bad,pill_bad_01,negative,-0.3161,0.0565,-0.0032,0.0383,65.533,3.72,0.51,1.7751,1.914,0.1,0.0082,-4.2936,-4.8012,wall_following
2026-07-09 12:18:14.704,pillar_wall_bad,pill_bad_01,negative,0.0958,-0.0021,-0.0025,0.4119,65.533,3.717,0.512,1.7826,2.041,0.1,0.0062,-4.2861,-4.8029,wall_following
2026-07-09 12:18:14.804,pillar_wall_bad,pill_bad_01,negative,0.4982,2.6877,-0.0024,-1.2837,65.533,3.723,0.516,1.7905,2.328,0.1,0.0057,-4.2782,-4.8048,wall_following
2026-07-09 12:18:14.904,pillar_wall_bad,pill_bad_01,negative,-0.0958,-0.0181,-0.004,0.5556,65.533,3.723,0.51,1.7977,2.879,0.1,0.0086,-4.271,-4.8063,wall_following
2026-07-09 12:18:15.004,pillar_wall_bad,pill_bad_01,negative,0.4982,2.6877,-0.0019,-1.2837,65.533,3.727,0.514,1.8051,2.664,0.1,0.0048,-4.2636,-4.8079,wall_following
2026-07-09 12:18:15.104,pillar_wall_bad,pill_bad_01,negative,-0.1916,-0.0937,-0.0031,0.1437,65.533,3.734,0.511,1.8126,3.001,0.1,0.0059,-4.2561,-4.8096,wall_following
2026-07-09 12:18:15.204,pillar_wall_bad,pill_bad_01,negative,0.0,0.081,-0.0032,0.4598,65.533,3.728,0.509,1.8156,3.008,0.1,0.0059,-4.253,-4.8102,wall_following
2026-07-09 12:18:15.304,pillar_wall_bad,pill_bad_01,negative,0.0,0.081,-0.0032,0.4598,65.533,3.728,0.509,1.8156,3.008,0.1,0.0059,-4.253,-4.8102,wall_following
2026-07-09 12:18:15.405,pillar_wall_bad,pill_bad_01,negative,0.0,0.081,-0.0032,0.4598,65.533,3.728,0.509,1.8156,3.008,0.1,0.0059,-4.253,-4.8102,wall_following
2026-07-09 12:18:15.504,pillar_wall_bad,pill_bad_01,negative,-0.0766,-0.0447,-0.0045,0.6802,65.533,3.71,0.52,1.8418,3.013,0.1,0.0081,-4.2267,-4.8157,wall_following
2026-07-09 12:18:15.604,pillar_wall_bad,pill_bad_01,negative,-0.0575,0.1214,-0.0024,0.4598,65.533,3.716,0.528,1.8495,3.014,0.1,0.0059,-4.219,-4.8173,wall_following
2026-07-09 12:18:15.705,pillar_wall_bad,pill_bad_01,negative,-0.1054,-0.0117,-0.0028,0.2682,65.533,3.717,0.519,1.8568,3.008,0.1,0.0064,-4.2117,-4.8189,wall_following
2026-07-09 12:18:15.804,pillar_wall_bad,pill_bad_01,negative,-0.297,0.0543,-0.0028,0.594,65.533,3.712,0.525,1.8638,2.213,0.1,0.0059,-4.2047,-4.8205,wall_following
2026-07-09 12:18:15.904,pillar_wall_bad,pill_bad_01,negative,-0.0862,0.1033,-0.0017,0.4407,65.533,3.716,0.518,1.8716,2.754,0.1,0.0056,-4.197,-4.8224,wall_following
2026-07-09 12:18:16.004,pillar_wall_bad,pill_bad_01,negative,-0.115,0.0053,-0.0044,-0.1054,65.533,3.707,0.523,1.8789,3.011,0.1,0.0106,-4.1898,-4.8243,wall_following
2026-07-09 12:18:16.104,pillar_wall_bad,pill_bad_01,negative,-0.0479,-0.1822,-0.0037,0.2395,65.533,3.712,0.519,1.8863,3.016,0.1,0.0076,-4.1826,-4.8263,wall_following
2026-07-09 12:18:16.204,pillar_wall_bad,pill_bad_01,negative,-0.1341,0.0394,-0.003,-0.4119,65.533,3.703,0.519,1.8941,3.007,0.1,0.0075,-4.1749,-4.8282,wall_following
2026-07-09 12:18:16.304,pillar_wall_bad,pill_bad_01,negative,-0.2491,-0.0224,-0.0035,0.2395,65.533,3.707,0.532,1.9017,3.008,0.1,0.0082,-4.1674,-4.8301,wall_following
2026-07-09 12:18:16.405,pillar_wall_bad,pill_bad_01,negative,0.3449,-0.1364,-0.0036,0.5748,65.533,3.71,0.522,1.9092,3.018,0.1,0.0092,-4.16,-4.8319,wall_following
2026-07-09 12:18:16.504,pillar_wall_bad,pill_bad_01,negative,0.4982,2.6877,-0.0014,-1.2837,65.533,3.706,0.522,1.9165,3.015,0.1,0.0052,-4.1528,-4.8337,wall_following
2026-07-09 12:18:16.604,pillar_wall_bad,pill_bad_01,negative,-0.0575,0.066,-0.0034,0.4982,65.533,3.702,0.509,1.924,3.014,0.1,0.0086,-4.1454,-4.8355,wall_following
2026-07-09 12:18:16.704,pillar_wall_bad,pill_bad_01,negative,-0.182,-0.0128,-0.0028,0.5844,65.533,3.706,0.526,1.9311,3.014,0.1,0.0066,-4.1384,-4.8373,wall_following
2026-07-09 12:18:16.804,pillar_wall_bad,pill_bad_01,negative,-0.1341,-0.0618,-0.002,0.7856,65.533,3.714,0.524,1.9385,3.024,0.1,0.0056,-4.1311,-4.8392,wall_following
2026-07-09 12:18:16.904,pillar_wall_bad,pill_bad_01,negative,-0.1341,-0.0458,-0.003,0.5173,65.533,3.708,0.531,1.9464,3.013,0.1,0.0082,-4.1233,-4.8411,wall_following
2026-07-09 12:18:17.004,pillar_wall_bad,pill_bad_01,negative,-0.0096,-0.0373,-0.0031,0.6514,65.533,3.707,0.517,1.9535,3.015,0.1,0.0076,-4.1163,-4.8427,wall_following
2026-07-09 12:18:17.104,pillar_wall_bad,pill_bad_01,negative,0.4982,2.6877,-0.0024,-1.2837,65.533,3.71,0.517,1.9612,3.019,0.1,0.0057,-4.1086,-4.8445,wall_following
2026-07-09 12:18:17.204,pillar_wall_bad,pill_bad_01,negative,-0.1054,-0.0107,-0.0031,0.1533,65.533,3.71,0.512,1.9682,3.02,0.1,0.0078,-4.1016,-4.846,wall_following
2026-07-09 12:18:17.304,pillar_wall_bad,pill_bad_01,negative,0.4982,2.6877,-0.0031,-1.2837,65.533,3.707,0.531,1.9761,3.021,0.1,0.0077,-4.0937,-4.8477,wall_following
2026-07-09 12:18:17.404,pillar_wall_bad,pill_bad_01,negative,-0.0862,0.0096,-0.0029,-0.1916,65.533,3.7,0.515,1.983,3.014,0.1,0.0086,-4.0868,-4.8492,wall_following
2026-07-09 12:18:17.504,pillar_wall_bad,pill_bad_01,negative,-0.2203,-0.0543,-0.0033,0.3161,65.533,3.701,0.523,1.9905,3.017,0.1,0.0089,-4.0793,-4.8507,wall_following
2026-07-09 12:18:17.605,pillar_wall_bad,pill_bad_01,negative,0.0862,-0.0266,-0.0027,0.6993,65.533,3.705,0.533,1.9982,3.009,0.1,0.0079,-4.0715,-4.8522,wall_following
2026-07-09 12:18:17.704,pillar_wall_bad,pill_bad_01,negative,-0.2491,-0.0916,-0.0025,0.2395,65.533,3.705,0.515,2.0056,3.019,0.1,0.0073,-4.0641,-4.8536,wall_following
2026-07-09 12:18:17.804,pillar_wall_bad,pill_bad_01,negative,-0.1916,0.0405,-0.0029,0.8143,65.533,3.699,0.519,2.0125,3.019,0.1,0.008,-4.0571,-4.855,wall_following
2026-07-09 12:18:17.904,pillar_wall_bad,pill_bad_01,negative,-0.1245,0.0021,-0.0019,0.5365,65.533,3.705,0.521,2.0204,3.019,0.1,0.006,-4.0493,-4.8567,wall_following
2026-07-09 12:18:18.005,pillar_wall_bad,pill_bad_01,negative,-0.0287,0.0501,-0.0025,0.115,65.533,3.701,0.53,2.0279,3.019,0.1,0.0064,-4.0418,-4.8584,wall_following
2026-07-09 12:18:18.104,pillar_wall_bad,pill_bad_01,negative,-0.1533,0.0394,-0.002,-0.0766,65.533,3.704,0.52,2.035,3.018,0.1,0.0062,-4.0348,-4.86,wall_following
2026-07-09 12:18:18.204,pillar_wall_bad,pill_bad_01,negative,-0.2203,0.0597,-0.0018,-0.1629,65.533,3.698,0.521,2.0425,3.016,0.1,0.0057,-4.0273,-4.8617,wall_following
2026-07-09 12:18:18.304,pillar_wall_bad,pill_bad_01,negative,-0.1245,0.0266,-0.0031,-0.1724,65.533,3.695,0.524,2.0505,3.011,0.1,0.008,-4.0194,-4.8635,wall_following
2026-07-09 12:18:18.404,pillar_wall_bad,pill_bad_01,negative,-0.1629,-0.0533,-0.0032,0.1341,65.533,3.696,0.514,2.0576,3.015,0.1,0.0086,-4.0123,-4.865,wall_following
2026-07-09 12:18:18.505,pillar_wall_bad,pill_bad_01,negative,-0.2874,-0.0266,-0.0027,0.6227,65.533,3.702,0.52,2.0654,3.01,0.1,0.0079,-4.0045,-4.8666,wall_following
2026-07-09 12:18:18.604,pillar_wall_bad,pill_bad_01,negative,0.4982,2.6877,-0.0025,-1.2837,65.533,3.713,0.521,2.0728,2.944,0.1,0.0059,-3.9971,-4.8681,wall_following
2026-07-09 12:18:18.704,pillar_wall_bad,pill_bad_01,negative,-0.0096,-0.0064,-0.0023,0.7185,65.533,3.699,0.529,2.0797,2.761,0.1,0.0051,-3.9901,-4.8695,wall_following
2026-07-09 12:18:18.804,pillar_wall_bad,pill_bad_01,negative,-0.0575,-0.0969,-0.0025,0.5269,65.533,3.701,0.522,2.0872,2.966,0.1,0.0055,-3.9826,-4.8709,wall_following
2026-07-09 12:18:18.904,pillar_wall_bad,pill_bad_01,negative,0.0096,-0.0671,-0.0022,0.4598,65.533,3.701,0.515,2.0946,3.024,0.1,0.0055,-3.9751,-4.8722,wall_following
2026-07-09 12:18:19.004,pillar_wall_bad,pill_bad_01,negative,-0.1054,0.0309,-0.0027,-0.3928,65.533,3.703,0.521,2.1019,3.022,0.1,0.0085,-3.9677,-4.8736,wall_following
2026-07-09 12:18:19.104,pillar_wall_bad,pill_bad_01,negative,-0.0958,-0.0714,-0.0029,-0.2491,65.533,3.703,0.521,2.1094,3.02,0.1,0.0083,-3.9602,-4.875,wall_following
2026-07-09 12:18:19.204,pillar_wall_bad,pill_bad_01,negative,-0.1916,0.0479,-0.0019,0.2299,65.533,3.695,0.517,2.1168,3.031,0.1,0.0053,-3.9527,-4.8764,wall_following
2026-07-09 12:18:19.304,pillar_wall_bad,pill_bad_01,negative,-0.1437,-0.0884,-0.0032,0.5173,65.533,3.703,0.516,2.1246,3.008,0.1,0.0081,-3.9448,-4.8777,wall_following
2026-07-09 12:18:19.404,pillar_wall_bad,pill_bad_01,negative,-0.0192,0.1119,-0.0033,0.3449,65.533,3.701,0.523,2.1316,2.353,0.1,0.0085,-3.9377,-4.8788,wall_following
2026-07-09 12:18:19.504,pillar_wall_bad,pill_bad_01,negative,0.0,-0.0085,-0.0021,0.8047,65.533,3.708,0.52,2.1389,2.319,0.1,0.0059,-3.9302,-4.88,wall_following
2026-07-09 12:18:19.605,pillar_wall_bad,pill_bad_01,negative,-0.0671,0.0458,-0.0032,0.6993,65.533,3.697,0.522,2.1463,3.02,0.1,0.0087,-3.9227,-4.8812,wall_following
2026-07-09 12:18:19.704,pillar_wall_bad,pill_bad_01,negative,-0.1054,0.065,-0.0025,0.6706,65.533,3.707,0.523,2.1539,3.014,0.1,0.0058,-3.9149,-4.8823,wall_following
2026-07-09 12:18:19.804,pillar_wall_bad,pill_bad_01,negative,-0.0096,-0.0138,-0.0023,0.297,65.533,3.708,0.522,2.1614,3.023,0.1,0.0059,-3.9073,-4.8835,wall_following
2026-07-09 12:18:19.904,pillar_wall_bad,pill_bad_01,negative,-0.115,0.0,-0.0021,0.5173,65.533,3.7,0.514,2.1682,3.016,0.1,0.0057,-3.9003,-4.8846,wall_following
2026-07-09 12:18:20.004,pillar_wall_bad,pill_bad_01,negative,-0.0575,-0.1065,-0.0025,0.0383,65.533,3.704,0.525,2.1756,3.013,0.1,0.0058,-3.8928,-4.8857,wall_following
2026-07-09 12:18:20.104,pillar_wall_bad,pill_bad_01,negative,-0.1437,0.0692,-0.0028,0.0192,65.533,3.699,0.521,2.183,3.017,0.1,0.0089,-3.8852,-4.8867,wall_following
2026-07-09 12:18:20.204,pillar_wall_bad,pill_bad_01,negative,-0.1724,0.033,-0.0019,0.3832,65.533,3.709,0.519,2.1904,3.025,0.1,0.0059,-3.8777,-4.8879,wall_following
2026-07-09 12:18:20.304,pillar_wall_bad,pill_bad_01,negative,-0.2682,0.0629,-0.0035,0.4024,65.533,3.707,0.522,2.1982,3.025,0.1,0.0093,-3.8697,-4.889,wall_following
2026-07-09 12:18:20.405,pillar_wall_bad,pill_bad_01,negative,-0.2203,0.0138,-0.0032,0.594,65.533,3.71,0.525,2.2054,3.013,0.1,0.0094,-3.8623,-4.89,wall_following
2026-07-09 12:18:20.504,pillar_wall_bad,pill_bad_01,negative,0.0862,0.1342,-0.0022,0.8239,65.533,3.706,0.524,2.2125,3.023,0.1,0.0063,-3.8551,-4.8911,wall_following
2026-07-09 12:18:20.604,pillar_wall_bad,pill_bad_01,negative,-0.1341,0.0948,-0.0042,0.6706,65.533,3.706,0.517,2.2203,3.018,0.1,0.0094,-3.8471,-4.8923,wall_following
2026-07-09 12:18:20.704,pillar_wall_bad,pill_bad_01,negative,-0.0287,-0.0128,-0.0026,0.5173,65.533,3.708,0.521,2.2276,3.023,0.1,0.0058,-3.8397,-4.8934,wall_following
2026-07-09 12:18:20.804,pillar_wall_bad,pill_bad_01,negative,0.0575,-0.0597,-0.0023,0.182,65.533,3.711,0.521,2.235,3.022,0.1,0.0061,-3.8321,-4.8944,wall_following
2026-07-09 12:18:20.904,pillar_wall_bad,pill_bad_01,negative,-0.0287,-0.0778,-0.0021,0.1245,65.533,3.704,0.522,2.2419,3.018,0.1,0.0059,-3.825,-4.8954,wall_following
2026-07-09 12:18:21.004,pillar_wall_bad,pill_bad_01,negative,0.0766,0.0181,-0.0029,0.0287,65.533,3.712,0.514,2.2496,3.02,0.1,0.0089,-3.8171,-4.8964,wall_following
2026-07-09 12:18:21.104,pillar_wall_bad,pill_bad_01,negative,-0.2778,-0.1587,-0.0046,-0.0192,65.533,3.709,0.521,2.257,3.018,0.1,0.0098,-3.8095,-4.8973,wall_following
2026-07-09 12:18:21.204,pillar_wall_bad,pill_bad_01,negative,-0.0383,-0.1385,-0.0022,0.5173,65.533,3.703,0.518,2.2641,3.027,0.1,0.0059,-3.8021,-4.8981,wall_following
2026-07-09 12:18:21.304,pillar_wall_bad,pill_bad_01,negative,0.0766,-0.0905,-0.0024,0.2395,65.533,3.706,0.521,2.2714,3.012,0.1,0.0064,-3.7945,-4.8988,wall_following
2026-07-09 12:18:21.405,pillar_wall_bad,pill_bad_01,negative,-0.0096,-0.0341,-0.0023,0.4886,65.533,3.703,0.509,2.2786,3.021,0.1,0.0056,-3.787,-4.8995,wall_following
2026-07-09 12:18:21.504,pillar_wall_bad,pill_bad_01,negative,-0.1437,-0.1257,-0.004,0.364,65.533,3.704,0.523,2.2859,3.017,0.1,0.0085,-3.7794,-4.9001,wall_following
2026-07-09 12:18:21.604,pillar_wall_bad,pill_bad_01,negative,0.115,0.1662,-0.0038,0.6035,65.533,3.703,0.521,2.2926,3.021,0.1,0.0086,-3.7723,-4.9005,wall_following
2026-07-09 12:18:21.704,pillar_wall_bad,pill_bad_01,negative,0.115,0.1087,-0.0031,0.9388,65.533,3.704,0.515,2.3003,3.018,0.1,0.0083,-3.7643,-4.9011,wall_following
2026-07-09 12:18:21.804,pillar_wall_bad,pill_bad_01,negative,0.1341,-0.0458,-0.0037,-0.115,65.533,3.701,0.519,2.3075,3.018,0.1,0.0081,-3.7567,-4.9016,wall_following
2026-07-09 12:18:21.905,pillar_wall_bad,pill_bad_01,negative,-0.115,-0.0597,-0.0027,0.5365,65.533,3.708,0.519,2.3141,3.02,0.1,0.0057,-3.7498,-4.9021,wall_following
2026-07-09 12:18:22.004,pillar_wall_bad,pill_bad_01,negative,-0.1054,0.0266,-0.0038,0.0479,65.533,3.706,0.531,2.3217,3.018,0.1,0.0087,-3.7418,-4.9026,wall_following
2026-07-09 12:18:22.104,pillar_wall_bad,pill_bad_01,negative,-0.1245,0.2493,-0.0021,-0.115,65.533,3.708,0.522,2.3291,3.021,0.1,0.0093,-3.7341,-4.9032,wall_following
2026-07-09 12:18:22.204,pillar_wall_bad,pill_bad_01,negative,-0.0383,-0.0075,-0.0024,0.7089,65.533,3.712,0.522,2.3362,3.031,0.1,0.0089,-3.7268,-4.904,wall_following
2026-07-09 12:18:22.304,pillar_wall_bad,pill_bad_01,negative,-0.1437,0.0181,-0.002,0.7856,65.533,3.712,0.513,2.3433,3.021,0.1,0.0062,-3.7194,-4.9046,wall_following
2026-07-09 12:18:22.404,pillar_wall_bad,pill_bad_01,negative,-0.1916,-0.0671,-0.0028,0.2491,65.533,3.706,0.516,2.3509,3.025,0.1,0.0062,-3.7115,-4.9053,wall_following
2026-07-09 12:18:22.504,pillar_wall_bad,pill_bad_01,negative,0.4982,2.6877,-0.0028,-1.2837,65.533,3.701,0.52,2.358,3.016,0.1,0.0061,-3.704,-4.9057,wall_following
2026-07-09 12:18:22.604,pillar_wall_bad,pill_bad_01,negative,0.1245,0.0543,-0.0026,1.1113,65.533,3.706,0.523,2.3648,3.014,0.1,0.006,-3.6968,-4.906,wall_following
2026-07-09 12:18:22.704,pillar_wall_bad,pill_bad_01,negative,0.2491,0.1012,-0.0034,0.7856,65.533,3.71,0.513,2.3721,3.016,0.1,0.0083,-3.6892,-4.9065,wall_following
2026-07-09 12:18:22.804,pillar_wall_bad,pill_bad_01,negative,0.182,-0.0373,-0.0038,-0.115,65.533,3.714,0.528,2.3797,3.018,0.1,0.008,-3.6812,-4.9069,wall_following
2026-07-09 12:18:22.904,pillar_wall_bad,pill_bad_01,negative,0.1054,0.179,-0.003,0.7185,65.533,3.707,0.526,2.3867,3.008,0.1,0.0088,-3.6738,-4.9072,wall_following
2026-07-09 12:18:23.004,pillar_wall_bad,pill_bad_01,negative,-0.1533,0.032,-0.0026,-0.0192,65.533,3.705,0.524,2.3938,3.014,0.1,0.0088,-3.6664,-4.9077,wall_following
2026-07-09 12:18:23.104,pillar_wall_bad,pill_bad_01,negative,-0.1533,0.0852,-0.0026,0.297,65.533,3.711,0.519,2.4015,3.004,0.1,0.0085,-3.6583,-4.9083,wall_following
2026-07-09 12:18:23.204,pillar_wall_bad,pill_bad_01,negative,-0.1916,-0.0138,-0.0022,0.3257,65.533,3.708,0.525,2.4087,3.022,0.1,0.0058,-3.6509,-4.9089,wall_following
2026-07-09 12:18:23.304,pillar_wall_bad,pill_bad_01,negative,0.0192,0.1427,-0.0031,0.9484,65.533,3.716,0.522,2.4155,3.019,0.1,0.009,-3.6437,-4.9093,wall_following
2026-07-09 12:18:23.404,pillar_wall_bad,pill_bad_01,negative,-0.0383,0.0224,-0.0022,0.9101,65.533,3.718,0.52,2.4232,3.017,0.1,0.0057,-3.6357,-4.9099,wall_following
2026-07-09 12:18:23.504,pillar_wall_bad,pill_bad_01,negative,0.4982,2.6877,-0.0035,-1.2837,65.533,3.709,0.515,2.4305,3.015,0.1,0.0079,-3.628,-4.9103,wall_following
2026-07-09 12:18:23.604,pillar_wall_bad,pill_bad_01,negative,-0.0575,-0.0948,-0.004,0.182,65.533,3.719,0.52,2.4376,3.014,0.1,0.0083,-3.6206,-4.9107,wall_following
2026-07-09 12:18:23.704,pillar_wall_bad,pill_bad_01,negative,-0.1437,0.131,-0.004,0.1724,65.533,3.709,0.523,2.4447,3.02,0.1,0.0088,-3.6131,-4.9109,wall_following
2026-07-09 12:18:23.804,pillar_wall_bad,pill_bad_01,negative,0.2012,0.0852,-0.0025,0.4694,65.533,3.701,0.527,2.4519,3.02,0.1,0.0059,-3.6055,-4.9112,wall_following
2026-07-09 12:18:23.904,pillar_wall_bad,pill_bad_01,negative,-0.0479,0.0107,-0.0014,-0.2012,65.533,3.704,0.516,2.4588,3.017,0.1,0.0057,-3.5982,-4.9115,wall_following
2026-07-09 12:18:24.004,pillar_wall_bad,pill_bad_01,negative,-0.0862,-0.2216,-0.0033,-0.0096,65.533,3.713,0.523,2.4664,3.023,0.1,0.0089,-3.5902,-4.9119,wall_following
2026-07-09 12:18:24.104,pillar_wall_bad,pill_bad_01,negative,0.0383,0.0383,-0.0021,0.0766,65.533,3.71,0.514,2.4732,3.021,0.1,0.0081,-3.5831,-4.9121,wall_following
2026-07-09 12:18:24.204,pillar_wall_bad,pill_bad_01,negative,-0.2108,-0.228,-0.0041,-0.0862,65.533,3.711,0.523,2.4804,3.02,0.1,0.0088,-3.5755,-4.9124,wall_following
2026-07-09 12:18:24.304,pillar_wall_bad,pill_bad_01,negative,-0.0766,0.1427,-0.002,0.7089,65.533,3.711,0.512,2.4875,3.016,0.1,0.0065,-3.5679,-4.9125,wall_following
2026-07-09 12:18:24.404,pillar_wall_bad,pill_bad_01,negative,-0.1724,-0.1896,-0.0044,0.1533,65.533,3.69,0.52,2.4948,3.021,0.1,0.0093,-3.5602,-4.9126,wall_following
2026-07-09 12:18:24.504,pillar_wall_bad,pill_bad_01,negative,0.1245,0.1129,-0.0034,0.958,65.533,3.701,0.528,2.5019,3.02,0.1,0.0091,-3.5527,-4.9127,wall_following
2026-07-09 12:18:24.605,pillar_wall_bad,pill_bad_01,negative,-0.115,0.2951,-0.0026,0.5652,65.533,3.688,0.532,2.5089,3.016,0.1,0.0087,-3.5452,-4.9128,wall_following
2026-07-09 12:18:24.704,pillar_wall_bad,pill_bad_01,negative,0.2299,-0.0426,-0.003,0.3832,65.533,3.698,0.529,2.5163,3.025,0.1,0.0091,-3.5374,-4.913,wall_following
2026-07-09 12:18:24.805,pillar_wall_bad,pill_bad_01,negative,0.1054,0.0831,-0.0011,0.2874,65.533,3.692,0.521,2.524,3.02,0.1,0.0057,-3.5294,-4.9134,wall_following
2026-07-09 12:18:24.904,pillar_wall_bad,pill_bad_01,negative,-0.1341,-0.1896,-0.0019,-0.0287,65.533,3.692,0.509,2.5308,3.025,0.1,0.0055,-3.5222,-4.9136,wall_following
2026-07-09 12:18:25.004,pillar_wall_bad,pill_bad_01,negative,-0.0287,-0.3377,-0.0043,0.297,65.533,3.687,0.523,2.5383,3.021,0.1,0.0088,-3.5143,-4.9138,wall_following
2026-07-09 12:18:25.104,pillar_wall_bad,pill_bad_01,negative,-0.2587,-0.0746,-0.0027,0.2012,65.533,3.693,0.519,2.5453,3.022,0.1,0.0092,-3.5068,-4.9138,wall_following
2026-07-09 12:18:25.204,pillar_wall_bad,pill_bad_01,negative,-0.2778,-0.082,-0.0028,0.479,65.533,3.684,0.529,2.5521,3.021,0.1,0.0061,-3.4995,-4.9137,wall_following
2026-07-09 12:18:25.304,pillar_wall_bad,pill_bad_01,negative,0.0,0.1779,-0.0017,0.4886,65.533,3.679,0.519,2.5598,3.031,0.1,0.0061,-3.4914,-4.9137,wall_following
2026-07-09 12:18:25.404,pillar_wall_bad,pill_bad_01,negative,-0.0383,0.0043,-0.0038,0.9005,65.533,3.671,0.522,2.5669,3.027,0.1,0.0088,-3.4838,-4.9138,wall_following
2026-07-09 12:18:25.504,pillar_wall_bad,pill_bad_01,negative,0.0575,0.0714,-0.0022,0.6035,65.533,3.69,0.525,2.5735,3.033,0.1,0.006,-3.4768,-4.9138,wall_following
2026-07-09 12:18:25.604,pillar_wall_bad,pill_bad_01,negative,0.1724,-0.0085,-0.0029,0.1916,65.533,3.668,0.524,2.581,3.023,0.1,0.0089,-3.4688,-4.9138,wall_following
2026-07-09 12:18:25.704,pillar_wall_bad,pill_bad_01,negative,-0.1245,-0.0746,-0.0026,0.0766,65.533,3.665,0.526,2.5885,3.025,0.1,0.0077,-3.4609,-4.9138,wall_following
2026-07-09 12:18:25.804,pillar_wall_bad,pill_bad_01,negative,0.0862,-0.0756,-0.0013,0.3928,65.533,3.663,0.524,2.5955,3.022,0.1,0.005,-3.4534,-4.9138,wall_following
2026-07-09 12:18:25.904,pillar_wall_bad,pill_bad_01,negative,-0.182,-0.0107,-0.0018,0.5844,65.533,3.659,0.532,2.6027,3.024,0.1,0.0057,-3.4458,-4.9138,wall_following
2026-07-09 12:18:26.004,pillar_wall_bad,pill_bad_01,negative,0.0192,0.1161,-0.0023,0.5269,65.533,3.643,0.52,2.61,3.026,0.1,0.0088,-3.4381,-4.9138,wall_following
2026-07-09 12:18:26.104,pillar_wall_bad,pill_bad_01,negative,-0.2682,-0.0863,-0.0029,0.0287,65.533,3.636,0.526,2.6169,3.021,0.1,0.0083,-3.4308,-4.9139,wall_following
2026-07-09 12:18:26.204,pillar_wall_bad,pill_bad_01,negative,-0.0192,-0.0991,-0.002,-0.2778,10.381,3.631,0.52,2.624,3.028,0.1,0.0063,-3.4233,-4.9139,wall_following
2026-07-09 12:18:26.304,pillar_wall_bad,pill_bad_01,negative,0.0287,-0.114,-0.0031,0.2491,9.781,3.628,0.514,2.6312,3.031,0.1,0.0081,-3.4156,-4.9138,wall_following
2026-07-09 12:18:26.404,pillar_wall_bad,pill_bad_01,negative,-0.0479,-0.0884,-0.0035,0.2299,10.313,3.607,0.525,2.6382,3.033,0.1,0.0076,-3.4081,-4.9137,wall_following
2026-07-09 12:18:26.504,pillar_wall_bad,pill_bad_01,negative,-0.0383,0.1726,-0.002,0.7089,9.32,3.618,0.522,2.6451,3.034,0.1,0.006,-3.4007,-4.9134,wall_following
2026-07-09 12:18:26.604,pillar_wall_bad,pill_bad_01,negative,0.1629,-0.0277,-0.0031,0.3257,65.533,3.61,0.532,2.6524,3.033,0.1,0.0091,-3.3929,-4.9131,wall_following
2026-07-09 12:18:26.704,pillar_wall_bad,pill_bad_01,negative,0.0096,0.1278,-0.0014,0.6898,65.533,3.595,0.52,2.6594,3.037,0.1,0.0059,-3.3854,-4.9129,wall_following
2026-07-09 12:18:26.804,pillar_wall_bad,pill_bad_01,negative,-0.0479,-0.1928,-0.003,-0.0958,5.61,3.612,0.521,2.6671,3.033,0.1,0.0082,-3.3772,-4.9128,wall_following
2026-07-09 12:18:26.904,pillar_wall_bad,pill_bad_01,negative,-0.2203,-0.115,-0.002,0.5077,65.533,3.619,0.524,2.6741,3.034,0.1,0.0055,-3.3698,-4.9126,wall_following
2026-07-09 12:18:27.004,pillar_wall_bad,pill_bad_01,negative,-0.2203,0.0565,-0.002,-0.3736,9.356,3.6,0.528,2.6809,3.029,0.1,0.0061,-3.3625,-4.9124,wall_following
2026-07-09 12:18:27.104,pillar_wall_bad,pill_bad_01,negative,-0.0192,0.0969,-0.0026,0.7377,10.224,3.621,0.533,2.6882,3.031,0.1,0.0087,-3.3547,-4.9121,wall_following
2026-07-09 12:18:27.204,pillar_wall_bad,pill_bad_01,negative,-0.0287,0.0937,-0.0015,-0.1245,10.191,3.573,0.518,2.6956,3.028,0.1,0.0048,-3.3468,-4.912,wall_following
2026-07-09 12:18:27.304,pillar_wall_bad,pill_bad_01,negative,-0.0575,-0.1854,-0.0028,0.2874,10.208,65.533,0.522,2.7026,3.02,0.1,0.0073,-3.3394,-4.912,wall_following
2026-07-09 12:18:27.404,pillar_wall_bad,pill_bad_01,negative,-0.0287,0.0096,-0.0036,0.0766,65.533,65.533,0.522,2.71,3.027,0.1,0.0091,-3.3315,-4.9117,wall_following
2026-07-09 12:18:27.505,pillar_wall_bad,pill_bad_01,negative,0.0479,-0.0288,-0.0023,0.2108,65.533,65.533,0.524,2.717,3.03,0.1,0.006,-3.324,-4.9113,wall_following
2026-07-09 12:18:27.604,pillar_wall_bad,pill_bad_01,negative,-0.1533,0.0064,-0.0033,0.3832,65.533,65.533,0.521,2.7242,3.033,0.1,0.0086,-3.3163,-4.911,wall_following
2026-07-09 12:18:27.705,pillar_wall_bad,pill_bad_01,negative,-0.3736,-0.0948,-0.0031,-0.0192,65.533,65.533,0.52,2.7313,3.027,0.1,0.0079,-3.3087,-4.9106,wall_following
2026-07-09 12:18:27.804,pillar_wall_bad,pill_bad_01,negative,-0.2012,-0.1459,-0.004,0.2299,65.533,65.533,0.518,2.7379,3.026,0.1,0.0087,-3.3015,-4.9101,wall_following
2026-07-09 12:18:27.904,pillar_wall_bad,pill_bad_01,negative,-0.1916,-0.1023,-0.0023,-0.2203,65.533,65.533,0.523,2.7448,3.031,0.1,0.0059,-3.2941,-4.9096,wall_following
2026-07-09 12:18:28.004,pillar_wall_bad,pill_bad_01,negative,-0.0287,-0.1726,-0.0034,0.6419,65.533,65.533,0.528,2.7517,3.038,0.1,0.0074,-3.2866,-4.909,wall_following
2026-07-09 12:18:28.104,pillar_wall_bad,pill_bad_01,negative,0.4982,2.6877,-0.002,-1.2837,9.211,65.533,0.516,2.7567,3.042,0.1,0.0034,-3.2811,-4.9083,wall_following
2026-07-09 12:18:28.205,pillar_wall_bad,pill_bad_01,negative,0.0479,0.0831,0.0011,0.1916,65.533,65.533,0.518,2.757,3.06,0.1,-0.0014,-3.2808,-4.9083,wall_following
2026-07-09 12:18:28.304,pillar_wall_bad,pill_bad_01,negative,0.0575,-0.0948,-0.0002,-0.2491,65.533,65.533,0.519,2.7561,3.047,0.1,-0.0004,-3.2818,-4.9084,wall_following
2026-07-09 12:18:28.404,pillar_wall_bad,pill_bad_01,negative,0.4982,2.6877,-0.0003,-1.2837,65.533,65.533,0.52,2.7564,3.031,0.1,0.0005,-3.2815,-4.9084,wall_following
2026-07-09 12:18:28.504,pillar_wall_bad,pill_bad_01,negative,-0.1054,-0.0948,0.0001,0.1916,65.533,65.533,0.526,2.7565,3.043,0.1,-0.0002,-3.2814,-4.9084,wall_following
2026-07-09 12:18:28.604,pillar_wall_bad,pill_bad_01,negative,-0.1341,0.0842,-0.0,0.479,65.533,65.533,0.527,2.7564,3.043,0.1,0.0,-3.2815,-4.9084,wall_following
2026-07-09 12:18:28.704,pillar_wall_bad,pill_bad_01,negative,-0.0096,-0.0426,-0.0,0.182,65.533,65.533,0.527,2.7565,3.047,0.1,-0.0,-3.2814,-4.9084,wall_following
2026-07-09 12:18:28.804,pillar_wall_bad,pill_bad_01,negative,-0.0479,-0.0266,0.0,0.3066,65.533,65.533,0.528,2.7564,3.05,0.1,0.0,-3.2815,-4.9084,wall_following
2026-07-09 12:18:28.904,pillar_wall_bad,pill_bad_01,negative,0.6227,2.3095,0.007,0.7568,65.533,65.533,0.528,2.7571,3.05,0.1,0.0029,-3.2808,-4.9085,wall_following
2026-07-09 12:18:29.004,pillar_wall_bad,pill_bad_01,negative,0.4982,2.6877,0.001,-1.2837,65.533,65.533,0.515,2.7627,3.055,0.1,0.0057,-3.2754,-4.91,wall_following
2026-07-09 12:18:29.104,pillar_wall_bad,pill_bad_01,negative,-0.115,0.5497,0.0051,-1.3795,65.533,65.533,0.521,2.7669,3.05,0.1,0.0117,-3.2714,-4.9114,wall_following
2026-07-09 12:18:29.204,pillar_wall_bad,pill_bad_01,negative,0.1054,0.1981,0.0049,0.2203,65.533,65.533,0.487,2.7924,5.753,0.1,0.0111,-3.2482,-4.9224,wall_following
2026-07-09 12:18:29.304,pillar_wall_bad,pill_bad_01,negative,0.0,0.0788,0.0056,0.2874,65.533,65.533,0.471,2.8149,5.772,0.1,0.0152,-3.2281,-4.9334,wall_following
2026-07-09 12:18:29.404,pillar_wall_bad,pill_bad_01,negative,0.0862,0.3079,0.0078,-0.1245,65.533,65.533,0.454,2.8428,5.796,0.1,0.0253,-3.2037,-4.9482,wall_following
2026-07-09 12:18:29.505,pillar_wall_bad,pill_bad_01,negative,0.0766,0.2546,0.011,-0.6419,65.533,65.533,0.438,2.871,5.824,0.1,0.0124,-3.1795,-4.9648,wall_following
2026-07-09 12:18:29.605,pillar_wall_bad,pill_bad_01,negative,0.182,-0.1193,0.0165,1.8298,65.533,65.533,0.427,2.8788,5.845,0.1,0.0169,-3.1729,-4.9696,wall_following
2026-07-09 12:18:29.704,pillar_wall_bad,pill_bad_01,negative,-0.1054,0.2045,0.0065,1.1209,65.533,65.533,0.412,2.9045,5.874,0.1,0.0095,-3.1509,-4.9848,wall_following
2026-07-09 12:18:29.804,pillar_wall_bad,pill_bad_01,negative,0.4982,2.6877,0.0036,-1.2837,65.533,65.533,0.402,2.9118,5.192,0.1,0.0041,-3.1448,-4.9895,wall_following
2026-07-09 12:18:29.905,pillar_wall_bad,pill_bad_01,negative,0.4982,2.6877,0.0036,-1.2837,65.533,65.533,0.402,2.9118,5.192,0.1,0.0041,-3.1448,-4.9895,wall_following
2026-07-09 12:18:30.004,pillar_wall_bad,pill_bad_01,negative,0.4982,2.6877,0.0036,-1.2837,65.533,65.533,0.402,2.9118,5.192,0.1,0.0041,-3.1448,-4.9895,wall_following
2026-07-09 12:18:30.104,pillar_wall_bad,pill_bad_01,negative,-0.0958,0.392,0.0036,1.8011,65.533,65.533,0.402,2.9118,5.192,0.1,0.0041,-3.1448,-4.9895,wall_following
2026-07-09 12:18:30.205,pillar_wall_bad,pill_bad_01,negative,-0.0958,0.392,0.0036,1.8011,65.533,65.533,0.402,2.9118,5.192,0.1,0.0041,-3.1448,-4.9895,wall_following
2026-07-09 12:18:30.304,pillar_wall_bad,pill_bad_01,negative,-0.0958,0.392,0.0036,1.8011,65.533,65.533,0.402,2.9118,5.192,0.1,0.0041,-3.1448,-4.9895,wall_following
2026-07-09 12:18:30.405,pillar_wall_bad,pill_bad_01,negative,-0.0958,0.392,0.0036,1.8011,65.533,65.533,0.402,2.9118,5.192,0.1,0.0041,-3.1448,-4.9895,wall_following
2026-07-09 12:18:30.505,pillar_wall_bad,pill_bad_01,negative,-0.0958,0.392,0.0036,1.8011,65.533,65.533,0.402,2.9118,5.192,0.1,0.0041,-3.1448,-4.9895,wall_following
2026-07-09 12:18:30.605,pillar_wall_bad,pill_bad_01,negative,-0.0958,0.392,0.0036,1.8011,65.533,65.533,0.402,2.9118,5.192,0.1,0.0041,-3.1448,-4.9895,wall_following
2026-07-09 12:18:30.704,pillar_wall_bad,pill_bad_01,negative,-0.0958,0.392,0.0036,1.8011,65.533,65.533,0.402,2.9118,5.192,0.1,0.0041,-3.1448,-4.9895,wall_following
2026-07-09 12:18:30.804,pillar_wall_bad,pill_bad_01,negative,-0.0958,0.392,0.0036,1.8011,65.533,65.533,0.402,2.9118,5.192,0.1,0.0041,-3.1448,-4.9895,wall_following
2026-07-09 12:18:30.905,pillar_wall_bad,pill_bad_01,negative,-0.0958,0.392,0.0036,1.8011,65.533,65.533,0.402,2.9118,5.192,0.1,0.0041,-3.1448,-4.9895,wall_following
2026-07-09 12:18:31.004,pillar_wall_bad,pill_bad_01,negative,-0.0958,0.392,0.0036,1.8011,65.533,65.533,0.402,2.9118,5.192,0.1,0.0041,-3.1448,-4.9895,wall_following
2026-07-09 12:18:31.105,pillar_wall_bad,pill_bad_01,negative,-0.0958,0.392,0.0036,1.8011,65.533,65.533,0.402,2.9118,5.192,0.1,0.0041,-3.1448,-4.9895,wall_following
2026-07-09 12:18:31.204,pillar_wall_bad,pill_bad_01,negative,-0.0958,0.392,0.0036,1.8011,65.533,65.533,0.402,2.9118,5.192,0.1,0.0041,-3.1448,-4.9895,wall_following
2026-07-09 12:18:31.304,pillar_wall_bad,pill_bad_01,negative,-0.0958,0.392,0.0036,1.8011,65.533,65.533,0.402,2.9118,5.192,0.1,0.0041,-3.1448,-4.9895,wall_following
2026-07-09 12:18:31.404,pillar_wall_bad,pill_bad_01,negative,0.115,0.2535,0.0035,1.0251,65.533,65.533,0.402,2.9161,5.192,0.1,0.0027,-3.1413,-4.9924,wall_following
2026-07-09 12:18:31.504,pillar_wall_bad,pill_bad_01,negative,0.115,0.2535,0.0035,1.0251,65.533,65.533,0.402,2.9161,5.192,0.1,0.0027,-3.1413,-4.9924,wall_following
2026-07-09 12:18:31.605,pillar_wall_bad,pill_bad_01,negative,0.4982,2.6877,0.0029,-1.2837,65.533,65.533,0.402,2.9171,5.192,0.1,0.0017,-3.1405,-4.9932,wall_following
2026-07-09 12:18:31.704,pillar_wall_bad,pill_bad_01,negative,-0.3353,-1.6501,-0.0029,0.1724,65.533,65.533,0.393,2.9179,5.863,0.1,0.0032,-3.1398,-4.9936,wall_following
2026-07-09 12:18:31.804,pillar_wall_bad,pill_bad_01,negative,-0.0575,-1.6767,-0.0109,-0.3736,65.533,65.533,0.395,2.924,5.87,0.1,0.0074,-3.1333,-4.9935,wall_following
2026-07-09 12:18:31.904,pillar_wall_bad,pill_bad_01,negative,-0.0575,-0.7894,-0.0084,-0.3161,65.533,65.533,0.395,2.9281,5.87,0.1,0.0056,-3.1286,-4.9923,wall_following
2026-07-09 12:18:32.004,pillar_wall_bad,pill_bad_01,negative,-0.2395,-0.6402,-0.0145,0.1629,9.198,6.44,0.432,2.9358,3.18,0.1,0.0082,-3.119,-4.9881,wall_following
2026-07-09 12:18:32.104,pillar_wall_bad,pill_bad_01,negative,0.182,-0.4069,-0.0066,0.9676,9.368,3.498,0.452,2.9407,3.186,0.1,0.0043,-3.1126,-4.9846,wall_following
2026-07-09 12:18:32.204,pillar_wall_bad,pill_bad_01,negative,0.0958,-0.0256,-0.0086,-0.2491,6.047,3.494,0.461,2.9454,3.191,0.1,0.0069,-3.1063,-4.9806,wall_following
2026-07-09 12:18:32.305,pillar_wall_bad,pill_bad_01,negative,-0.2491,-0.115,-0.0076,0.4982,5.781,3.455,0.476,2.9497,3.215,0.1,0.0059,-3.1004,-4.9766,wall_following
2026-07-09 12:18:32.404,pillar_wall_bad,pill_bad_01,negative,-0.2108,0.2439,-0.0068,0.1341,5.718,3.413,0.499,2.9543,3.217,0.1,0.0056,-3.0941,-4.972,wall_following
2026-07-09 12:18:32.504,pillar_wall_bad,pill_bad_01,negative,0.1533,0.425,-0.0076,0.5556,5.321,3.376,0.49,2.9587,3.224,0.1,0.0075,-3.0881,-4.968,wall_following
2026-07-09 12:18:32.604,pillar_wall_bad,pill_bad_01,negative,-0.3832,0.0916,-0.0045,0.2587,5.121,3.342,0.51,2.9633,3.239,0.1,0.0062,-3.0821,-4.9644,wall_following
2026-07-09 12:18:32.704,pillar_wall_bad,pill_bad_01,negative,0.3353,1.0727,-0.0064,0.3353,4.951,3.341,0.509,2.9685,3.241,0.1,0.0092,-3.0755,-4.9611,wall_following
2026-07-09 12:18:32.804,pillar_wall_bad,pill_bad_01,negative,0.1341,0.1193,-0.0065,-0.0192,4.844,3.304,0.521,2.9746,3.241,0.1,0.0086,-3.0683,-4.9584,wall_following
2026-07-09 12:18:32.904,pillar_wall_bad,pill_bad_01,negative,0.0,0.2386,-0.0064,0.3066,4.844,3.304,0.521,2.9749,3.241,0.1,0.0085,-3.0679,-4.9583,wall_following
2026-07-09 12:18:33.004,pillar_wall_bad,pill_bad_01,negative,0.0,0.2386,-0.0064,0.3066,4.844,3.304,0.521,2.9749,3.241,0.1,0.0085,-3.0679,-4.9583,wall_following
2026-07-09 12:18:33.104,pillar_wall_bad,pill_bad_01,negative,0.0,0.2386,-0.0064,0.3066,4.844,3.304,0.521,2.9749,3.241,0.1,0.0085,-3.0679,-4.9583,wall_following
2026-07-09 12:18:33.204,pillar_wall_bad,pill_bad_01,negative,0.0,0.2386,-0.0064,0.3066,4.844,3.304,0.521,2.9749,3.241,0.1,0.0085,-3.0679,-4.9583,wall_following
2026-07-09 12:18:33.304,pillar_wall_bad,pill_bad_01,negative,0.0,0.2386,-0.0064,0.3066,4.844,3.304,0.521,2.9749,3.241,0.1,0.0085,-3.0679,-4.9583,wall_following
2026-07-09 12:18:33.405,pillar_wall_bad,pill_bad_01,negative,0.4982,2.6877,-0.0064,-1.2837,4.805,3.31,0.523,2.9749,3.244,0.1,0.0085,-3.0679,-4.9583,wall_following
2026-07-09 12:18:33.505,pillar_wall_bad,pill_bad_01,negative,-0.0096,0.0064,-0.0018,0.2778,4.265,3.229,0.556,3.0216,3.263,0.1,0.0061,-3.0163,-4.9502,wall_following
2026-07-09 12:18:33.605,pillar_wall_bad,pill_bad_01,negative,0.1341,0.3728,-0.0006,0.9005,4.246,3.217,0.559,3.0297,3.266,0.1,0.0092,-3.0075,-4.9491,wall_following
2026-07-09 12:18:33.704,pillar_wall_bad,pill_bad_01,negative,0.0383,0.2482,0.0006,0.7951,4.228,3.232,0.561,3.037,3.253,0.1,0.0057,-2.9997,-4.9487,wall_following
2026-07-09 12:18:33.804,pillar_wall_bad,pill_bad_01,negative,0.0862,0.2567,0.0013,-0.0096,4.204,3.222,0.566,3.0449,3.267,0.1,0.0081,-2.9914,-4.9487,wall_following
2026-07-09 12:18:33.905,pillar_wall_bad,pill_bad_01,negative,0.1724,0.2471,0.0022,0.4886,4.223,3.221,0.563,3.0532,3.266,0.1,0.0095,-2.9828,-4.9489,wall_following
2026-07-09 12:18:34.004,pillar_wall_bad,pill_bad_01,negative,-0.0766,0.1129,0.0018,-0.0862,4.239,3.221,0.56,3.061,3.268,0.1,0.0088,-2.9748,-4.9494,wall_following
2026-07-09 12:18:34.104,pillar_wall_bad,pill_bad_01,negative,-0.2587,-0.0213,0.0002,0.3928,4.248,3.222,0.562,3.0694,3.256,0.1,0.0084,-2.9662,-4.9501,wall_following
2026-07-09 12:18:34.204,pillar_wall_bad,pill_bad_01,negative,-0.2012,-0.0117,0.0004,0.5365,4.289,3.23,0.556,3.0771,3.255,0.1,0.0085,-2.9584,-4.9509,wall_following
2026-07-09 12:18:34.304,pillar_wall_bad,pill_bad_01,negative,-0.0575,-0.1928,0.0001,0.1533,4.272,3.233,0.555,3.0851,3.262,0.1,0.0054,-2.9503,-4.9518,wall_following
2026-07-09 12:18:34.404,pillar_wall_bad,pill_bad_01,negative,-0.182,-0.0277,0.0005,0.3545,4.321,3.235,0.551,3.0935,3.259,0.1,0.0088,-2.9418,-4.9529,wall_following
2026-07-09 12:18:34.505,pillar_wall_bad,pill_bad_01,negative,-0.115,-0.0405,0.0008,0.1629,4.41,3.243,0.557,3.1018,3.245,0.1,0.0089,-2.9334,-4.9539,wall_following
2026-07-09 12:18:34.604,pillar_wall_bad,pill_bad_01,negative,-0.1437,0.0224,0.0006,0.3928,4.427,3.239,0.551,3.1096,3.253,0.1,0.0074,-2.9256,-4.9549,wall_following
2026-07-09 12:18:34.704,pillar_wall_bad,pill_bad_01,negative,-0.2203,0.0,-0.0003,0.5365,4.456,3.238,0.558,3.1181,3.257,0.1,0.009,-2.917,-4.9559,wall_following
2026-07-09 12:18:34.804,pillar_wall_bad,pill_bad_01,negative,-0.182,-0.1161,-0.0009,0.0096,4.439,3.249,0.553,3.1256,3.249,0.1,0.0083,-2.9094,-4.9568,wall_following
2026-07-09 12:18:34.905,pillar_wall_bad,pill_bad_01,negative,0.1245,0.033,0.0002,0.1724,4.457,3.245,0.556,3.134,3.249,0.1,0.0094,-2.9009,-4.9577,wall_following
2026-07-09 12:18:35.004,pillar_wall_bad,pill_bad_01,negative,-0.0479,0.0479,-0.0008,0.4119,4.512,3.251,0.551,3.1418,3.245,0.1,0.0087,-2.8931,-4.9586,wall_following
2026-07-09 12:18:35.104,pillar_wall_bad,pill_bad_01,negative,-0.0766,0.0107,-0.0007,0.4407,4.489,3.243,0.553,3.1502,3.251,0.1,0.0088,-2.8846,-4.9595,wall_following
2026-07-09 12:18:35.204,pillar_wall_bad,pill_bad_01,negative,-0.115,-0.0107,-0.0008,0.4694,4.512,3.248,0.554,3.1578,3.249,0.1,0.0081,-2.8769,-4.9603,wall_following
2026-07-09 12:18:35.305,pillar_wall_bad,pill_bad_01,negative,0.2778,0.3143,-0.0001,0.5269,4.513,3.254,0.557,3.1662,3.258,0.1,0.0084,-2.8683,-4.9612,wall_following
2026-07-09 12:18:35.404,pillar_wall_bad,pill_bad_01,negative,0.0,0.0298,0.0001,0.4886,4.515,3.245,0.55,3.1742,3.251,0.1,0.0054,-2.8603,-4.9623,wall_following
2026-07-09 12:18:35.504,pillar_wall_bad,pill_bad_01,negative,-0.2203,-0.2258,-0.0002,-0.3066,4.507,3.252,0.552,3.182,3.259,0.1,0.0047,-2.8524,-4.9632,wall_following
2026-07-09 12:18:35.604,pillar_wall_bad,pill_bad_01,negative,0.2012,0.0554,-0.0002,-0.115,4.521,3.251,0.55,3.1902,3.259,0.1,0.009,-2.8441,-4.9641,wall_following
2026-07-09 12:18:35.704,pillar_wall_bad,pill_bad_01,negative,-0.1533,0.032,-0.001,0.3736,4.506,3.25,0.549,3.1979,3.249,0.1,0.0062,-2.8363,-4.9649,wall_following
2026-07-09 12:18:35.804,pillar_wall_bad,pill_bad_01,negative,-0.2682,0.0479,-0.0012,0.4598,4.492,3.248,0.546,3.206,3.247,0.1,0.0086,-2.8281,-4.9657,wall_following
2026-07-09 12:18:35.904,pillar_wall_bad,pill_bad_01,negative,-0.0862,-0.1534,-0.0014,0.6706,4.496,3.251,0.553,3.2144,3.259,0.1,0.0081,-2.8196,-4.9665,wall_following
2026-07-09 12:18:36.004,pillar_wall_bad,pill_bad_01,negative,-0.0383,-0.0181,-0.0006,-0.0671,4.482,3.25,0.555,3.2224,3.251,0.1,0.0085,-2.8115,-4.9673,wall_following
2026-07-09 12:18:36.104,pillar_wall_bad,pill_bad_01,negative,-0.1724,-0.0192,-0.001,0.0,4.479,3.237,0.56,3.2303,3.248,0.1,0.0082,-2.8035,-4.968,wall_following
2026-07-09 12:18:36.204,pillar_wall_bad,pill_bad_01,negative,0.1724,0.0021,-0.0008,0.0479,4.497,3.254,0.551,3.2381,3.253,0.1,0.0057,-2.7955,-4.9687,wall_following
2026-07-09 12:18:36.304,pillar_wall_bad,pill_bad_01,negative,-0.0671,-0.0309,-0.0009,0.2587,4.468,3.238,0.556,3.2462,3.258,0.1,0.0091,-2.7873,-4.9694,wall_following
2026-07-09 12:18:36.405,pillar_wall_bad,pill_bad_01,negative,-0.0479,0.0629,-0.0094,0.297,4.461,3.242,0.555,3.2541,3.249,0.1,0.0021,-2.7792,-4.9701,wall_following
2026-07-09 12:18:36.504,pillar_wall_bad,pill_bad_01,negative,-0.1341,-0.0021,-0.0005,0.3257,4.474,3.237,0.556,3.2617,3.253,0.1,0.0088,-2.7715,-4.9708,wall_following
2026-07-09 12:18:36.604,pillar_wall_bad,pill_bad_01,negative,0.1054,-0.0309,-0.0015,0.7089,4.452,3.238,0.558,3.2702,3.24,0.1,0.0095,-2.7629,-4.9716,wall_following
2026-07-09 12:18:36.704,pillar_wall_bad,pill_bad_01,negative,-0.0383,0.033,-0.0008,0.6802,4.468,3.226,0.552,3.2776,3.252,0.1,0.0101,-2.7554,-4.9723,wall_following
2026-07-09 12:18:36.804,pillar_wall_bad,pill_bad_01,negative,-0.1724,-0.0522,-0.0004,0.3928,4.468,3.221,0.554,3.286,3.259,0.1,0.0053,-2.7469,-4.9731,wall_following
2026-07-09 12:18:36.904,pillar_wall_bad,pill_bad_01,negative,-0.115,-0.1087,-0.0002,0.3832,4.463,3.21,0.555,3.2938,3.25,0.1,0.0055,-2.739,-4.9739,wall_following
2026-07-09 12:18:37.004,pillar_wall_bad,pill_bad_01,negative,-0.1724,0.0458,-0.0003,0.1341,4.441,3.202,0.555,3.3022,3.255,0.1,0.0061,-2.7304,-4.9747,wall_following
2026-07-09 12:18:37.104,pillar_wall_bad,pill_bad_01,negative,-0.2395,0.0682,0.0003,0.3736,4.477,3.186,0.554,3.31,3.253,0.1,0.0085,-2.7225,-4.9754,wall_following
2026-07-09 12:18:37.204,pillar_wall_bad,pill_bad_01,negative,-0.1437,0.016,-0.0014,0.4694,4.442,3.199,0.549,3.3187,3.261,0.1,0.0093,-2.7137,-4.9763,wall_following
2026-07-09 12:18:37.304,pillar_wall_bad,pill_bad_01,negative,0.2012,-0.0053,-0.0013,0.2682,4.441,3.17,0.557,3.3268,3.269,0.1,0.0088,-2.7055,-4.9772,wall_following
2026-07-09 12:18:37.404,pillar_wall_bad,pill_bad_01,negative,-0.0958,0.0405,-0.0009,0.1629,4.467,3.178,0.56,3.3344,3.284,0.1,0.0081,-2.6978,-4.978,wall_following
2026-07-09 12:18:37.504,pillar_wall_bad,pill_bad_01,negative,-0.2108,0.0383,-0.0005,0.1245,4.471,3.161,0.543,3.3426,3.306,0.1,0.0055,-2.6896,-4.979,wall_following
2026-07-09 12:18:37.605,pillar_wall_bad,pill_bad_01,negative,-0.0383,0.1949,0.0009,0.661,4.455,3.188,0.558,3.3514,3.31,0.1,0.0057,-2.6808,-4.9801,wall_following
2026-07-09 12:18:37.704,pillar_wall_bad,pill_bad_01,negative,0.2012,-0.0032,-0.0001,0.3066,4.468,3.191,0.558,3.3596,3.284,0.1,0.0053,-2.6725,-4.9812,wall_following
2026-07-09 12:18:37.804,pillar_wall_bad,pill_bad_01,negative,-0.0479,-0.1161,-0.0017,-0.0958,4.468,5.826,0.563,3.3677,3.319,0.1,0.0077,-2.6644,-4.9823,wall_following
2026-07-09 12:18:37.904,pillar_wall_bad,pill_bad_01,negative,-0.2012,-0.0586,-0.0005,0.4503,4.452,5.813,0.556,3.3751,3.326,0.1,0.0055,-2.6569,-4.983,wall_following
2026-07-09 12:18:38.004,pillar_wall_bad,pill_bad_01,negative,-0.0287,0.0767,-0.0003,-0.1054,4.465,5.813,0.555,3.3836,3.284,0.1,0.0061,-2.6483,-4.9838,wall_following
2026-07-09 12:18:38.104,pillar_wall_bad,pill_bad_01,negative,-0.1054,-0.0234,-0.0013,0.5556,4.474,65.533,0.563,3.3917,65.533,0.1,0.008,-2.6401,-4.9845,wall_following
2026-07-09 12:18:38.204,pillar_wall_bad,pill_bad_01,negative,0.0671,0.0639,-0.0001,0.3257,4.471,65.533,0.555,3.3992,65.533,0.1,0.0058,-2.6325,-4.9852,wall_following
2026-07-09 12:18:38.304,pillar_wall_bad,pill_bad_01,negative,-0.0287,-0.1736,-0.0009,1.0059,4.456,65.533,0.557,3.4073,65.533,0.1,0.0076,-2.6243,-4.986,wall_following
2026-07-09 12:18:38.404,pillar_wall_bad,pill_bad_01,negative,-0.1245,-0.6956,-0.0034,-0.5173,4.452,65.533,0.559,3.4123,6.158,0.1,0.0034,-2.6191,-4.9863,wall_following
2026-07-09 12:18:38.504,pillar_wall_bad,pill_bad_01,negative,0.1054,0.6136,-0.0004,0.9388,4.456,65.533,0.556,3.416,6.164,0.1,0.0062,-2.6153,-4.9862,wall_following
2026-07-09 12:18:38.604,pillar_wall_bad,pill_bad_01,negative,0.0766,0.5582,0.0005,-0.4694,4.462,65.533,0.558,3.4261,6.154,0.1,0.0107,-2.605,-4.987,wall_following
2026-07-09 12:18:38.704,pillar_wall_bad,pill_bad_01,negative,-0.1533,0.3281,0.0035,0.9484,4.515,65.533,0.546,3.4449,6.169,0.1,0.0195,-2.5863,-4.9902,wall_following
2026-07-09 12:18:38.804,pillar_wall_bad,pill_bad_01,negative,0.1054,0.3228,0.0047,-1.5232,4.65,65.533,0.537,3.468,6.161,0.1,0.0224,-2.5639,-4.9956,wall_following
2026-07-09 12:18:38.904,pillar_wall_bad,pill_bad_01,negative,0.4982,2.6877,0.0087,-1.2837,4.761,2.493,0.536,3.4894,6.148,0.1,0.0265,-2.5432,-5.0012,wall_following
2026-07-09 12:18:39.004,pillar_wall_bad,pill_bad_01,negative,-1.0634,0.3441,0.0164,-0.3066,5.076,2.172,0.512,3.5253,6.103,0.1,0.032,-2.5087,-5.0112,wall_following
2026-07-09 12:18:39.104,pillar_wall_bad,pill_bad_01,negative,0.2682,0.6242,0.0143,-0.2682,8.681,1.95,0.468,3.5584,6.033,0.1,0.0214,-2.4774,-5.022,wall_following
2026-07-09 12:18:39.204,pillar_wall_bad,pill_bad_01,negative,0.4598,0.2961,0.0203,1.9927,8.358,2.041,0.444,3.5944,3.41,0.1,0.0238,-2.4438,-5.0355,wall_following
2026-07-09 12:18:39.304,pillar_wall_bad,pill_bad_01,negative,0.0383,0.1896,0.0346,0.0862,8.053,2.146,0.411,3.6353,5.939,0.1,0.0344,-2.4061,-5.0524,wall_following
2026-07-09 12:18:39.404,pillar_wall_bad,pill_bad_01,negative,0.4886,0.6818,0.0181,4.9146,65.533,2.265,0.365,3.6687,3.191,0.05,0.0206,-2.3759,-5.068,obstacle_detected
2026-07-09 12:18:39.505,pillar_wall_bad,pill_bad_01,negative,-0.1724,0.2333,0.0299,0.9293,14.93,2.419,0.336,3.6988,3.2,0.05,0.024,-2.3491,-5.0838,obstacle_detected
2026-07-09 12:18:39.604,pillar_wall_bad,pill_bad_01,negative,-0.0575,0.3579,0.0201,-0.4598,65.533,2.52,0.311,3.7188,3.208,0.05,0.0199,-2.3314,-5.0944,obstacle_detected
2026-07-09 12:18:39.704,pillar_wall_bad,pill_bad_01,negative,0.4119,0.6796,0.0224,0.3257,65.533,2.743,0.276,3.7411,3.238,0.05,0.0147,-2.312,-5.1076,obstacle_detected
2026-07-09 12:18:39.804,pillar_wall_bad,pill_bad_01,negative,0.5365,1.0344,0.0121,1.0251,7.02,2.85,0.257,3.7534,3.254,0.05,0.0069,-2.3018,-5.1164,obstacle_detected
2026-07-09 12:18:39.904,pillar_wall_bad,pill_bad_01,negative,8.5167,0.0522,-0.0011,-9.2256,2.711,2.942,0.244,3.7619,3.284,0.08,0.002,-2.2951,-5.1236,obstacle_avoidance
2026-07-09 12:18:40.004,pillar_wall_bad,pill_bad_01,negative,0.364,0.2205,0.0156,-2.5483,2.728,2.932,0.241,3.7677,3.278,0.08,0.003,-2.2909,-5.1296,obstacle_avoidance
2026-07-09 12:18:40.104,pillar_wall_bad,pill_bad_01,negative,0.1916,-0.5603,0.001,1.6095,2.737,2.95,0.238,3.7736,3.269,0.08,0.004,-2.2866,-5.1359,obstacle_avoidance
2026-07-09 12:18:40.204,pillar_wall_bad,pill_bad_01,negative,0.594,-1.7641,-0.0006,0.2874,2.746,2.933,0.241,3.7775,3.28,0.08,0.0019,-2.2835,-5.1391,obstacle_avoidance
2026-07-09 12:18:40.304,pillar_wall_bad,pill_bad_01,negative,0.0383,-1.9537,-0.0078,0.4311,2.869,2.924,0.249,3.7833,3.278,0.08,0.0066,-2.2781,-5.1413,obstacle_avoidance
2026-07-09 12:18:40.404,pillar_wall_bad,pill_bad_01,negative,-0.0575,-2.0283,-0.0059,0.5077,3.477,2.918,0.239,3.7876,3.275,0.08,0.0044,-2.2736,-5.1414,obstacle_avoidance
2026-07-09 12:18:40.504,pillar_wall_bad,pill_bad_01,negative,0.1724,-2.073,-0.011,-0.2778,6.976,2.868,0.252,3.7925,3.268,0.08,0.0057,-2.268,-5.1398,obstacle_avoidance
2026-07-09 12:18:40.604,pillar_wall_bad,pill_bad_01,negative,-0.3353,-1.8184,-0.0269,-0.4694,65.533,2.785,0.271,3.8,3.254,0.08,0.0125,-2.2582,-5.1331,obstacle_avoidance
2026-07-09 12:18:40.704,pillar_wall_bad,pill_bad_01,negative,-2.2992,-1.3369,-0.0383,0.4503,65.533,2.662,0.288,3.8055,3.224,0.08,0.015,-2.2489,-5.121,obstacle_avoidance
2026-07-09 12:18:40.804,pillar_wall_bad,pill_bad_01,negative,-0.776,-1.2357,-0.0424,-1.6286,65.533,2.537,0.313,3.8083,3.216,0.08,0.0132,-2.2403,-5.1019,obstacle_avoidance
2026-07-09 12:18:40.904,pillar_wall_bad,pill_bad_01,negative,-0.3161,-0.6008,-0.0317,-0.0479,65.533,2.384,0.353,3.8072,3.201,0.08,0.0082,-2.2349,-5.079,obstacle_avoidance
2026-07-09 12:18:41.004,pillar_wall_bad,pill_bad_01,negative,-0.776,-0.3505,-0.0266,0.0,65.533,2.201,0.407,3.8024,3.194,0.08,0.0066,-2.2324,-5.0521,obstacle_avoidance
2026-07-09 12:18:41.104,pillar_wall_bad,pill_bad_01,negative,-0.4311,-0.3675,-0.0366,1.3316,8.071,2.056,0.443,3.7947,5.965,0.08,0.0072,-2.2331,-5.0252,obstacle_avoidance
2026-07-09 12:18:41.205,pillar_wall_bad,pill_bad_01,negative,-0.2682,-0.5337,-0.0231,-0.1341,8.463,1.935,0.509,3.7843,3.418,0.08,0.0023,-2.2372,-5.0001,obstacle_avoidance
2026-07-09 12:18:41.304,pillar_wall_bad,pill_bad_01,negative,-0.0575,-0.3164,-0.0264,0.4407,4.705,1.888,0.542,3.7764,3.441,0.08,0.0017,-2.2413,-4.9846,obstacle_avoidance
2026-07-09 12:18:41.404,pillar_wall_bad,pill_bad_01,negative,0.0096,-0.2663,-0.0245,-1.2263,3.663,1.738,0.625,3.7618,6.319,0.08,0.0015,-2.2496,-4.958,obstacle_avoidance
2026-07-09 12:18:41.504,pillar_wall_bad,pill_bad_01,negative,-0.2682,-0.1268,-0.0353,0.0479,3.297,2.002,0.679,3.7484,6.418,0.08,0.0028,-2.2578,-4.9355,obstacle_avoidance
2026-07-09 12:18:41.604,pillar_wall_bad,pill_bad_01,negative,0.2299,0.163,-0.0346,0.1054,3.116,2.241,0.723,3.7341,6.463,0.08,0.0044,-2.2667,-4.9115,obstacle_avoidance
2026-07-09 12:18:41.704,pillar_wall_bad,pill_bad_01,negative,0.4982,-0.1417,-0.023,-0.0287,3.069,2.324,0.768,3.7192,6.431,0.08,0.0039,-2.2759,-4.8855,obstacle_avoidance
2026-07-09 12:18:41.804,pillar_wall_bad,pill_bad_01,negative,-0.1054,0.0426,-0.0401,2.6633,3.05,2.299,0.803,3.7039,6.362,0.08,0.0058,-2.2856,-4.8592,obstacle_avoidance
2026-07-09 12:18:41.904,pillar_wall_bad,pill_bad_01,negative,-0.297,0.0682,-0.0377,0.364,3.038,2.426,0.847,3.691,6.302,0.08,0.0059,-2.294,-4.8375,obstacle_avoidance
2026-07-09 12:18:42.004,pillar_wall_bad,pill_bad_01,negative,0.4982,2.6877,-0.0348,-1.2837,65.533,2.495,0.891,3.6749,6.302,0.08,0.0068,-2.3047,-4.8113,obstacle_avoidance
2026-07-09 12:18:42.104,pillar_wall_bad,pill_bad_01,negative,-0.0096,-0.2099,-0.0263,1.2263,2.849,2.485,0.923,3.6589,6.227,0.08,0.005,-2.3156,-4.7851,obstacle_avoidance
2026-07-09 12:18:42.204,pillar_wall_bad,pill_bad_01,negative,-0.9101,-0.179,-0.0412,1.7532,2.764,2.578,0.975,3.6426,6.222,0.08,0.0068,-2.3271,-4.7603,obstacle_avoidance
2026-07-09 12:18:42.304,pillar_wall_bad,pill_bad_01,negative,-0.2874,0.1193,-0.0265,-0.0192,2.675,2.659,1.016,3.6251,6.189,0.08,0.0043,-2.3401,-4.7358,obstacle_avoidance
2026-07-09 12:18:42.404,pillar_wall_bad,pill_bad_01,negative,0.3928,0.0884,-0.0383,-0.6706,2.591,2.654,1.056,3.6077,6.166,0.08,0.0069,-2.3534,-4.7126,wall_reacquired
2026-07-09 12:18:42.504,pillar_wall_bad,pill_bad_01,negative,0.0383,0.2599,-0.0372,0.7377,2.539,2.645,1.089,3.5907,6.133,0.08,0.0072,-2.3665,-4.6902,wall_reacquired
2026-07-09 12:18:42.604,pillar_wall_bad,pill_bad_01,negative,-0.1341,-0.5635,-0.0178,0.4215,2.499,2.619,1.139,3.5767,6.068,0.08,0.0032,-2.3775,-4.6723,wall_reacquired
2026-07-09 12:18:42.704,pillar_wall_bad,pill_bad_01,negative,-0.3545,0.2418,-0.0144,0.5461,2.496,2.586,1.157,3.5652,6.012,0.08,0.0025,-2.3868,-4.659,wall_reacquired
2026-07-09 12:18:42.804,pillar_wall_bad,pill_bad_01,negative,0.0383,0.4922,-0.0123,1.2071,2.484,2.57,1.173,3.5551,5.958,0.08,0.0029,-2.3949,-4.6467,wall_reacquired
2026-07-09 12:18:42.904,pillar_wall_bad,pill_bad_01,negative,0.3353,0.6338,-0.0136,0.5461,2.472,2.536,1.184,3.5487,5.93,0.08,0.004,-2.3999,-4.6379,wall_reacquired
2026-07-09 12:18:43.004,pillar_wall_bad,pill_bad_01,negative,-0.0862,1.1516,-0.0071,0.9197,2.476,2.529,1.192,3.5448,5.896,0.08,0.0034,-2.4027,-4.631,wall_reacquired
2026-07-09 12:18:43.104,pillar_wall_bad,pill_bad_01,negative,-0.1245,1.7204,-0.0035,0.4886,2.462,2.533,1.201,3.5433,5.9,0.08,0.0033,-2.4035,-4.6266,wall_reacquired
2026-07-09 12:18:43.204,pillar_wall_bad,pill_bad_01,negative,0.4694,1.9846,-0.0001,0.2203,2.477,2.47,1.2,3.5433,5.865,0.08,0.0029,-2.4029,-4.6228,wall_reacquired
2026-07-09 12:18:43.304,pillar_wall_bad,pill_bad_01,negative,0.2778,1.8855,0.0018,-0.364,2.512,2.357,1.185,3.5449,5.841,0.08,0.0043,-2.4006,-4.6192,wall_reacquired
2026-07-09 12:18:43.404,pillar_wall_bad,pill_bad_01,negative,0.7281,1.6554,0.0063,0.7281,2.55,2.265,1.182,3.5503,5.802,0.08,0.0098,-2.3944,-4.6146,wall_reacquired
2026-07-09 12:18:43.504,pillar_wall_bad,pill_bad_01,negative,0.2682,1.1611,0.0087,-0.4311,2.642,2.083,1.166,3.5603,5.778,0.08,0.0129,-2.3837,-4.6112,wall_reacquired
2026-07-09 12:18:43.604,pillar_wall_bad,pill_bad_01,negative,0.5365,1.7321,0.0099,0.3161,65.533,1.869,1.146,3.5772,5.744,0.08,0.0124,-2.3665,-4.6103,wall_reacquired
2026-07-09 12:18:43.704,pillar_wall_bad,pill_bad_01,negative,0.0575,0.6434,0.0098,0.0383,2.959,1.66,1.12,3.5952,3.085,0.08,0.0071,-2.3487,-4.6133,wall_reacquired
2026-07-09 12:18:43.804,pillar_wall_bad,pill_bad_01,negative,0.2874,0.5571,0.0223,0.115,3.208,1.452,1.073,3.6142,2.902,0.08,0.0086,-2.3304,-4.6192,wall_reacquired
2026-07-09 12:18:43.905,pillar_wall_bad,pill_bad_01,negative,0.364,0.3505,0.0163,1.1592,3.766,1.392,1.038,3.6322,5.547,0.1,0.0043,-2.3135,-4.627,approaching_wall
2026-07-09 12:18:44.004,pillar_wall_bad,pill_bad_01,negative,0.3928,0.2365,0.0265,-0.6323,4.362,1.449,1.005,3.6506,2.736,0.1,0.0057,-2.2964,-4.6366,approaching_wall
2026-07-09 12:18:44.104,pillar_wall_bad,pill_bad_01,negative,1.1017,0.2493,0.0313,0.1054,5.091,1.513,0.942,3.6703,2.666,0.1,0.0057,-2.2783,-4.6478,approaching_wall
2026-07-09 12:18:44.204,pillar_wall_bad,pill_bad_01,negative,0.7568,0.2621,0.0175,0.5365,7.847,1.599,0.898,3.6901,2.675,0.1,0.0033,-2.2602,-4.6597,approaching_wall
2026-07-09 12:18:44.304,pillar_wall_bad,pill_bad_01,negative,0.0575,0.2546,0.0185,0.4982,7.819,1.698,0.856,3.7099,2.684,0.1,0.0035,-2.2423,-4.6723,approaching_wall
2026-07-09 12:18:44.404,pillar_wall_bad,pill_bad_01,negative,0.2778,0.1917,0.0312,0.3066,5.022,1.79,0.817,3.7292,2.692,0.1,0.0058,-2.2249,-4.6852,approaching_wall
2026-07-09 12:18:44.504,pillar_wall_bad,pill_bad_01,negative,0.8335,0.0511,0.0299,1.1783,65.533,1.9,0.778,3.7456,2.711,0.1,0.0057,-2.2103,-4.6966,approaching_wall
2026-07-09 12:18:44.605,pillar_wall_bad,pill_bad_01,negative,0.479,0.0362,0.0166,1.0921,65.533,2.0,0.748,3.7607,2.737,0.1,0.0034,-2.1968,-4.7073,approaching_wall
2026-07-09 12:18:44.704,pillar_wall_bad,pill_bad_01,negative,0.4982,2.6877,0.0132,-1.2837,65.533,2.112,0.722,3.774,2.771,0.1,0.0035,-2.185,-4.7164,approaching_wall
2026-07-09 12:18:44.804,pillar_wall_bad,pill_bad_01,negative,0.2299,-0.0352,0.0147,0.0862,65.533,2.184,0.701,3.7866,2.787,0.1,0.0056,-2.1737,-4.7246,approaching_wall
2026-07-09 12:18:44.904,pillar_wall_bad,pill_bad_01,negative,0.2108,-0.033,0.0145,0.2395,65.533,2.246,0.68,3.7988,2.808,0.1,0.006,-2.1627,-4.7322,approaching_wall
2026-07-09 12:18:45.004,pillar_wall_bad,pill_bad_01,negative,-0.0575,-0.2024,0.0107,0.4215,65.533,2.321,0.659,3.8112,2.825,0.1,0.0068,-2.1513,-4.7392,approaching_wall
2026-07-09 12:18:45.104,pillar_wall_bad,pill_bad_01,negative,-0.0862,-0.2067,0.0051,-0.2012,65.533,2.366,0.645,3.8222,2.85,0.1,0.0044,-2.1412,-4.7446,wall_following
2026-07-09 12:18:45.204,pillar_wall_bad,pill_bad_01,negative,0.0383,-0.1278,0.0052,0.0192,65.533,2.402,0.631,3.8332,2.862,0.1,0.0053,-2.1308,-4.7493,wall_following
2026-07-09 12:18:45.304,pillar_wall_bad,pill_bad_01,negative,0.182,-0.1257,0.0049,0.2299,5.014,2.435,0.62,3.8447,2.865,0.1,0.008,-2.1199,-4.7535,wall_following
2026-07-09 12:18:45.404,pillar_wall_bad,pill_bad_01,negative,-0.115,-0.1949,0.003,0.4215,5.01,2.441,0.614,3.8547,2.886,0.1,0.008,-2.1104,-4.7568,wall_following
2026-07-09 12:18:45.504,pillar_wall_bad,pill_bad_01,negative,0.4024,-0.2194,0.0035,0.3449,5.02,2.46,0.606,3.8647,2.895,0.1,0.0079,-2.1007,-4.7597,wall_following
2026-07-09 12:18:45.604,pillar_wall_bad,pill_bad_01,negative,0.0958,-0.1289,0.006,-0.0192,5.029,2.458,0.584,3.8747,2.906,0.1,0.0059,-2.091,-4.7622,wall_following
2026-07-09 12:18:45.704,pillar_wall_bad,pill_bad_01,negative,-0.0287,-0.4346,0.0007,0.4503,4.932,2.463,0.585,3.8835,2.919,0.1,0.0049,-2.0824,-4.7641,wall_following
2026-07-09 12:18:45.804,pillar_wall_bad,pill_bad_01,negative,-0.1533,-0.0895,0.0009,0.8622,65.533,2.465,0.584,3.8921,2.921,0.1,0.0048,-2.0739,-4.7654,wall_following
2026-07-09 12:18:45.904,pillar_wall_bad,pill_bad_01,negative,-0.2108,-0.1694,0.0022,0.297,4.939,2.47,0.574,3.9012,2.929,0.1,0.0081,-2.0649,-4.7665,wall_following
2026-07-09 12:18:46.004,pillar_wall_bad,pill_bad_01,negative,-0.1054,-0.2003,0.0012,0.4598,65.533,2.476,0.564,3.9101,2.939,0.1,0.0058,-2.056,-4.7673,wall_following
2026-07-09 12:18:46.104,pillar_wall_bad,pill_bad_01,negative,0.1054,-0.261,0.0003,0.3066,65.533,2.481,0.565,3.9184,2.941,0.1,0.0052,-2.0477,-4.7679,wall_following
2026-07-09 12:18:46.204,pillar_wall_bad,pill_bad_01,negative,0.0479,-0.1545,0.0002,0.4886,65.533,2.491,0.549,3.9269,2.947,0.1,0.0084,-2.039,-4.7681,wall_following
2026-07-09 12:18:46.304,pillar_wall_bad,pill_bad_01,negative,0.0479,-0.3185,-0.0004,0.0958,65.533,2.474,0.551,3.9339,2.958,0.1,0.0055,-2.0319,-4.768,wall_following
2026-07-09 12:18:46.404,pillar_wall_bad,pill_bad_01,negative,-0.1533,-0.1172,-0.0003,0.7472,65.533,2.467,0.549,3.9422,2.955,0.1,0.0081,-2.0234,-4.7675,wall_following
2026-07-09 12:18:46.504,pillar_wall_bad,pill_bad_01,negative,0.0958,0.0149,-0.0009,0.4886,65.533,2.472,0.539,3.9498,2.964,0.1,0.0058,-2.0155,-4.7668,wall_following
2026-07-09 12:18:46.604,pillar_wall_bad,pill_bad_01,negative,-0.0575,-0.2919,-0.0023,0.115,4.879,2.465,0.541,3.9578,2.966,0.1,0.0082,-2.0072,-4.7659,wall_following
2026-07-09 12:18:46.704,pillar_wall_bad,pill_bad_01,negative,-0.182,0.0479,-0.0015,0.2491,65.533,2.46,0.528,3.9646,2.965,0.1,0.0055,-2.0001,-4.7649,wall_following
2026-07-09 12:18:46.804,pillar_wall_bad,pill_bad_01,negative,-0.0671,-0.2184,-0.0014,0.3161,4.816,2.442,0.529,3.9712,2.977,0.1,0.005,-1.9932,-4.7638,wall_following
2026-07-09 12:18:46.904,pillar_wall_bad,pill_bad_01,negative,0.4982,2.6877,-0.0022,-1.2837,4.826,2.429,0.537,3.9778,2.966,0.1,0.0056,-1.9862,-4.7626,wall_following
2026-07-09 12:18:47.004,pillar_wall_bad,pill_bad_01,negative,-0.0671,0.131,-0.0019,0.3257,4.845,2.418,0.531,3.9861,2.973,0.1,0.006,-1.9775,-4.7609,wall_following
2026-07-09 12:18:47.104,pillar_wall_bad,pill_bad_01,negative,-0.1916,-0.1768,-0.0019,0.6802,65.533,2.389,0.53,3.9932,2.971,0.1,0.0058,-1.97,-4.7594,wall_following
2026-07-09 12:18:47.204,pillar_wall_bad,pill_bad_01,negative,-0.1437,-0.0511,-0.003,0.7089,65.533,2.383,0.52,4.0005,2.978,0.1,0.0082,-1.9623,-4.7579,wall_following
2026-07-09 12:18:47.304,pillar_wall_bad,pill_bad_01,negative,-0.0575,-0.3835,-0.0043,0.3928,65.533,2.369,0.523,4.0073,2.973,0.1,0.0081,-1.9551,-4.7563,wall_following
2026-07-09 12:18:47.404,pillar_wall_bad,pill_bad_01,negative,-0.1054,0.1087,-0.002,0.0671,65.533,2.359,0.53,4.0141,2.972,0.1,0.0057,-1.9479,-4.7546,wall_following
2026-07-09 12:18:47.504,pillar_wall_bad,pill_bad_01,negative,-0.115,-0.0682,-0.0036,0.3832,65.533,2.337,0.521,4.0213,2.974,0.1,0.0083,-1.9402,-4.7527,wall_following
2026-07-09 12:18:47.604,pillar_wall_bad,pill_bad_01,negative,-0.0958,-0.0469,-0.0033,0.5748,65.533,2.324,0.52,4.0279,2.977,0.1,0.0078,-1.9332,-4.751,wall_following
2026-07-09 12:18:47.705,pillar_wall_bad,pill_bad_01,negative,0.2299,-0.1598,-0.0047,0.3066,65.533,2.3,0.526,4.0349,2.979,0.1,0.0077,-1.9257,-4.7488,wall_following
2026-07-09 12:18:47.804,pillar_wall_bad,pill_bad_01,negative,-0.0575,-0.0469,-0.0027,0.2395,65.533,2.295,0.526,4.0408,2.987,0.1,0.0056,-1.9194,-4.7468,wall_following
2026-07-09 12:18:47.904,pillar_wall_bad,pill_bad_01,negative,0.2587,-0.066,-0.003,-0.0479,65.533,2.285,0.514,4.0472,2.986,0.1,0.0065,-1.9125,-4.7446,wall_following
2026-07-09 12:18:48.004,pillar_wall_bad,pill_bad_01,negative,-0.3161,-0.1193,-0.0028,-0.0958,65.533,2.266,0.521,4.0537,2.988,0.1,0.0062,-1.9055,-4.7422,wall_following
2026-07-09 12:18:48.104,pillar_wall_bad,pill_bad_01,negative,-0.0096,-0.1023,-0.0016,0.3449,65.533,2.274,0.527,4.0613,2.987,0.1,0.0056,-1.8972,-4.7392,wall_following
2026-07-09 12:18:48.204,pillar_wall_bad,pill_bad_01,negative,0.4982,2.6877,-0.0019,-1.2837,65.533,2.277,0.516,4.0683,2.993,0.1,0.0085,-1.8896,-4.7363,wall_following
2026-07-09 12:18:48.304,pillar_wall_bad,pill_bad_01,negative,-0.1724,-0.1981,-0.003,0.7664,65.533,2.275,0.511,4.0745,3.001,0.1,0.0086,-1.8829,-4.7336,wall_following
2026-07-09 12:18:48.404,pillar_wall_bad,pill_bad_01,negative,-0.0862,-0.1385,-0.0039,0.2012,65.533,2.28,0.525,4.0807,2.993,0.1,0.0091,-1.876,-4.7304,wall_following
2026-07-09 12:18:48.504,pillar_wall_bad,pill_bad_01,negative,-0.1245,0.1417,-0.0024,0.5556,65.533,2.281,0.511,4.0866,2.992,0.1,0.0097,-1.8695,-4.7273,wall_following
2026-07-09 12:18:48.604,pillar_wall_bad,pill_bad_01,negative,-0.115,-0.1768,-0.0044,0.4694,65.533,2.28,0.511,4.0931,2.993,0.1,0.0087,-1.8624,-4.724,wall_following
2026-07-09 12:18:48.704,pillar_wall_bad,pill_bad_01,negative,-0.0671,-0.1108,-0.0043,0.9101,65.533,2.285,0.511,4.0991,2.997,0.1,0.0086,-1.8557,-4.7207,wall_following
2026-07-09 12:18:48.804,pillar_wall_bad,pill_bad_01,negative,-0.0862,-0.098,-0.0044,0.364,65.533,2.288,0.51,4.1051,3.002,0.1,0.0087,-1.8491,-4.7173,wall_following
2026-07-09 12:18:48.904,pillar_wall_bad,pill_bad_01,negative,-0.1916,-0.0703,-0.0044,0.6514,65.533,2.286,0.517,4.1111,2.996,0.1,0.0088,-1.8424,-4.7136,wall_following
2026-07-09 12:18:49.004,pillar_wall_bad,pill_bad_01,negative,-0.2778,0.0405,-0.0036,0.6898,4.886,2.284,0.512,4.1172,2.994,0.1,0.0083,-1.8355,-4.7097,wall_following
2026-07-09 12:18:49.104,pillar_wall_bad,pill_bad_01,negative,-0.1629,-0.0202,-0.0041,0.3832,65.533,2.285,0.516,4.1227,2.997,0.1,0.0083,-1.8294,-4.7064,wall_following
2026-07-09 12:18:49.204,pillar_wall_bad,pill_bad_01,negative,-0.1916,0.0043,-0.0038,0.3161,4.869,2.291,0.519,4.129,3.0,0.1,0.0089,-1.8224,-4.7025,wall_following
2026-07-09 12:18:49.304,pillar_wall_bad,pill_bad_01,negative,-0.2682,0.0,-0.0032,0.7664,4.959,2.284,0.514,4.1346,2.986,0.1,0.0087,-1.8162,-4.6991,wall_following
2026-07-09 12:18:49.404,pillar_wall_bad,pill_bad_01,negative,0.4982,2.6877,-0.0022,-1.2837,65.533,2.278,0.51,4.1408,2.974,0.1,0.006,-1.8093,-4.6953,wall_following
2026-07-09 12:18:49.504,pillar_wall_bad,pill_bad_01,negative,-0.1916,-0.0128,-0.0043,0.5173,65.533,2.286,0.511,4.1465,1.91,0.1,0.0094,-1.803,-4.6918,wall_following
2026-07-09 12:18:49.604,pillar_wall_bad,pill_bad_01,negative,-0.2108,-0.0373,-0.0037,0.8239,65.533,2.285,0.519,4.1524,1.719,0.1,0.0081,-1.7964,-4.688,wall_following
2026-07-09 12:18:49.704,pillar_wall_bad,pill_bad_01,negative,-0.1245,0.0138,-0.0044,0.4886,65.533,2.287,0.514,4.1584,1.701,0.1,0.0086,-1.7897,-4.6842,wall_following
2026-07-09 12:18:49.804,pillar_wall_bad,pill_bad_01,negative,-0.2682,-0.0309,-0.0038,0.4503,65.533,2.289,0.513,4.164,1.688,0.1,0.0072,-1.7835,-4.6807,wall_following
2026-07-09 12:18:49.904,pillar_wall_bad,pill_bad_01,negative,-0.3832,0.0629,-0.0041,0.6227,65.533,2.28,0.518,4.17,1.694,0.1,0.0087,-1.7769,-4.6769,wall_following
2026-07-09 12:18:50.004,pillar_wall_bad,pill_bad_01,negative,-0.3066,-0.1033,-0.0046,0.4215,65.533,2.287,0.519,4.1759,1.71,0.1,0.0086,-1.7703,-4.673,wall_following
2026-07-09 12:18:50.105,pillar_wall_bad,pill_bad_01,negative,-0.2299,-0.0415,-0.0035,0.4215,65.533,2.28,0.517,4.1817,1.711,0.1,0.0088,-1.7639,-4.6693,wall_following
2026-07-09 12:18:50.204,pillar_wall_bad,pill_bad_01,negative,-0.2108,0.0724,-0.0023,0.0383,65.533,2.287,0.511,4.1873,1.727,0.1,0.0058,-1.7576,-4.6655,wall_following
2026-07-09 12:18:50.304,pillar_wall_bad,pill_bad_01,negative,-0.3353,0.0117,-0.0036,0.0096,65.533,2.284,0.516,4.1934,1.709,0.1,0.0085,-1.7509,-4.6615,wall_following
2026-07-09 12:18:50.404,pillar_wall_bad,pill_bad_01,negative,-0.0383,0.1278,-0.0031,0.2395,65.533,2.285,0.514,4.1991,1.702,0.1,0.0083,-1.7445,-4.6576,wall_following
2026-07-09 12:18:50.504,pillar_wall_bad,pill_bad_01,negative,-0.0862,0.0085,-0.0029,0.2203,65.533,2.284,0.519,4.2049,1.718,0.1,0.0073,-1.7381,-4.6538,wall_following
2026-07-09 12:18:50.604,pillar_wall_bad,pill_bad_01,negative,0.0862,-0.0096,-0.0032,0.2012,65.533,2.283,0.514,4.2108,1.729,0.1,0.0083,-1.7316,-4.6499,wall_following
2026-07-09 12:18:50.705,pillar_wall_bad,pill_bad_01,negative,0.0383,0.0692,-0.0028,0.1916,65.533,2.29,0.505,4.2168,1.764,0.1,0.006,-1.7249,-4.6458,wall_following
2026-07-09 12:18:50.804,pillar_wall_bad,pill_bad_01,negative,-0.2012,-0.1406,-0.0031,0.2587,65.533,2.292,0.516,4.2222,1.755,0.1,0.0055,-1.7189,-4.642,wall_following
2026-07-09 12:18:50.905,pillar_wall_bad,pill_bad_01,negative,0.0287,-0.0266,-0.003,0.0192,65.533,2.284,0.513,4.2281,1.778,0.1,0.0062,-1.7123,-4.6378,wall_following
2026-07-09 12:18:51.004,pillar_wall_bad,pill_bad_01,negative,-0.2299,-0.1214,-0.0032,0.9676,65.533,2.284,0.511,4.2337,1.764,0.1,0.0061,-1.7061,-4.634,wall_following
2026-07-09 12:18:51.104,pillar_wall_bad,pill_bad_01,negative,-0.2874,-0.0746,-0.0042,0.1533,65.533,2.297,0.514,4.239,1.788,0.1,0.0086,-1.7002,-4.6301,wall_following
2026-07-09 12:18:51.205,pillar_wall_bad,pill_bad_01,negative,-0.0096,0.0288,-0.0032,-0.0479,65.533,2.294,0.518,4.2452,1.789,0.1,0.0078,-1.6933,-4.6256,wall_following
2026-07-09 12:18:51.304,pillar_wall_bad,pill_bad_01,negative,-0.2108,0.1087,-0.0019,0.661,65.533,2.292,0.519,4.2507,1.799,0.1,0.0052,-1.6873,-4.6218,wall_following
2026-07-09 12:18:51.404,pillar_wall_bad,pill_bad_01,negative,0.0575,0.0064,-0.0034,0.3161,65.533,2.281,0.508,4.2567,1.807,0.1,0.0087,-1.6806,-4.6174,wall_following
2026-07-09 12:18:51.504,pillar_wall_bad,pill_bad_01,negative,0.0096,0.1491,-0.0023,0.4024,65.533,2.27,0.507,4.2622,1.74,0.1,0.0056,-1.6745,-4.6135,wall_following
2026-07-09 12:18:51.604,pillar_wall_bad,pill_bad_01,negative,-0.1341,-0.0586,-0.0026,0.3066,6.412,2.289,0.515,4.2678,1.795,0.1,0.0058,-1.6683,-4.6095,wall_following
2026-07-09 12:18:51.704,pillar_wall_bad,pill_bad_01,negative,-0.3161,-0.0714,-0.0034,0.4598,65.533,2.28,0.516,4.274,1.739,0.1,0.0064,-1.6615,-4.6051,wall_following
2026-07-09 12:18:51.804,pillar_wall_bad,pill_bad_01,negative,-0.1054,-0.0085,-0.0025,0.2491,65.533,2.283,0.508,4.2794,1.741,0.1,0.0059,-1.6555,-4.6012,wall_following
2026-07-09 12:18:51.904,pillar_wall_bad,pill_bad_01,negative,0.0192,0.0533,-0.0039,0.0192,65.533,2.283,0.505,4.2852,1.748,0.1,0.0087,-1.6491,-4.597,wall_following
2026-07-09 12:18:52.004,pillar_wall_bad,pill_bad_01,negative,-0.2874,-0.0447,-0.0041,0.479,65.533,2.276,0.505,4.2909,1.752,0.1,0.0081,-1.6428,-4.5928,wall_following
2026-07-09 12:18:52.104,pillar_wall_bad,pill_bad_01,negative,-0.2778,-0.0309,-0.0029,0.2108,65.533,2.279,0.504,4.2966,1.743,0.1,0.0055,-1.6366,-4.5887,wall_following
2026-07-09 12:18:52.204,pillar_wall_bad,pill_bad_01,negative,-0.2108,-0.1289,-0.0038,0.3161,65.533,2.286,0.505,4.3022,1.749,0.1,0.0083,-1.6304,-4.5844,wall_following
2026-07-09 12:18:52.304,pillar_wall_bad,pill_bad_01,negative,-0.1437,-0.0234,-0.0038,-0.1437,65.533,2.283,0.502,4.3077,1.751,0.1,0.0084,-1.6243,-4.58,wall_following
2026-07-09 12:18:52.404,pillar_wall_bad,pill_bad_01,negative,0.0479,-0.0383,-0.0025,0.3928,65.533,2.265,0.507,4.3131,1.746,0.1,0.0057,-1.6183,-4.5757,wall_following
2026-07-09 12:18:52.504,pillar_wall_bad,pill_bad_01,negative,-0.2395,0.0256,-0.004,0.0862,65.533,2.276,0.502,4.3187,1.745,0.1,0.0084,-1.6121,-4.5712,wall_following
2026-07-09 12:18:52.604,pillar_wall_bad,pill_bad_01,negative,-0.2587,0.0277,-0.0043,0.4503,65.533,2.277,0.512,4.3245,1.74,0.1,0.0086,-1.6057,-4.5665,wall_following
2026-07-09 12:18:52.704,pillar_wall_bad,pill_bad_01,negative,-0.182,0.0447,-0.0028,0.6419,65.533,2.271,0.5,4.3293,1.728,0.1,0.0058,-1.6004,-4.5625,wall_following
2026-07-09 12:18:52.804,pillar_wall_bad,pill_bad_01,negative,-0.1054,-0.0128,-0.0029,0.479,65.533,2.273,0.507,4.3347,1.741,0.1,0.0057,-1.5943,-4.5577,wall_following
2026-07-09 12:18:52.904,pillar_wall_bad,pill_bad_01,negative,-0.0862,0.1619,-0.0029,0.5461,65.533,2.274,0.505,4.3402,1.729,0.1,0.0059,-1.5882,-4.5528,wall_following
2026-07-09 12:18:53.005,pillar_wall_bad,pill_bad_01,negative,-0.2203,0.0245,-0.0045,-0.2012,65.533,2.281,0.511,4.3455,1.736,0.1,0.0087,-1.5823,-4.5481,wall_following
2026-07-09 12:18:53.104,pillar_wall_bad,pill_bad_01,negative,0.0287,0.0799,-0.0026,0.3353,65.533,2.265,0.506,4.3508,1.73,0.1,0.0059,-1.5765,-4.5435,wall_following
2026-07-09 12:18:53.204,pillar_wall_bad,pill_bad_01,negative,0.4982,2.6877,-0.0031,-1.2837,65.533,2.284,0.5,4.3561,1.739,0.1,0.0059,-1.5706,-4.5389,wall_following
2026-07-09 12:18:53.304,pillar_wall_bad,pill_bad_01,negative,0.1437,0.1747,-0.0026,0.7472,6.258,2.253,0.512,4.3614,1.727,0.1,0.0059,-1.5647,-4.5342,wall_following
2026-07-09 12:18:53.404,pillar_wall_bad,pill_bad_01,negative,-0.1054,-0.2184,-0.0039,0.1629,6.228,2.304,0.515,4.3666,1.736,0.1,0.0085,-1.559,-4.5297,wall_following
2026-07-09 12:18:53.504,pillar_wall_bad,pill_bad_01,negative,-0.0575,0.0447,-0.0031,-0.0192,6.258,2.307,0.51,4.3717,1.732,0.1,0.0059,-1.5533,-4.5251,wall_following
2026-07-09 12:18:53.604,pillar_wall_bad,pill_bad_01,negative,0.1054,0.0053,-0.0044,0.6323,6.202,2.319,0.511,4.3774,1.741,0.1,0.009,-1.5471,-4.5202,wall_following
2026-07-09 12:18:53.704,pillar_wall_bad,pill_bad_01,negative,-0.0766,-0.0735,-0.0043,0.2491,6.205,2.314,0.509,4.3824,1.745,0.1,0.0088,-1.5415,-4.5157,wall_following
2026-07-09 12:18:53.804,pillar_wall_bad,pill_bad_01,negative,-0.3257,0.1172,-0.0024,0.5173,6.114,2.295,0.505,4.3877,1.74,0.1,0.0056,-1.5357,-4.511,wall_following
2026-07-09 12:18:53.904,pillar_wall_bad,pill_bad_01,negative,-0.2395,0.0,-0.0026,0.4024,65.533,2.293,0.506,4.3929,1.745,0.1,0.006,-1.53,-4.5063,wall_following
2026-07-09 12:18:54.004,pillar_wall_bad,pill_bad_01,negative,-0.0958,0.0405,-0.0028,0.5173,6.141,2.279,0.504,4.3982,1.747,0.1,0.0059,-1.5241,-4.5014,wall_following
2026-07-09 12:18:54.104,pillar_wall_bad,pill_bad_01,negative,0.1533,0.0842,-0.0031,0.5269,65.533,2.278,0.516,4.4038,1.752,0.1,0.0059,-1.518,-4.4964,wall_following
2026-07-09 12:18:54.204,pillar_wall_bad,pill_bad_01,negative,0.0671,-0.1364,-0.0049,0.364,65.533,2.274,0.504,4.4087,1.739,0.1,0.0089,-1.5126,-4.4918,wall_following
2026-07-09 12:18:54.304,pillar_wall_bad,pill_bad_01,negative,0.0862,-0.0607,-0.0025,0.3449,65.533,2.267,0.506,4.4137,1.743,0.1,0.0058,-1.507,-4.487,wall_following
2026-07-09 12:18:54.404,pillar_wall_bad,pill_bad_01,negative,0.0479,-0.0373,-0.0038,0.2874,6.149,2.257,0.511,4.419,1.766,0.1,0.0087,-1.5012,-4.482,wall_following
2026-07-09 12:18:54.505,pillar_wall_bad,pill_bad_01,negative,0.0958,-0.1108,-0.0047,-0.661,6.076,2.249,0.512,4.4245,1.742,0.1,0.0081,-1.4952,-4.4768,wall_following
2026-07-09 12:18:54.604,pillar_wall_bad,pill_bad_01,negative,0.1341,0.0341,-0.0037,0.297,65.533,2.246,0.512,4.4293,1.753,0.1,0.0075,-1.4899,-4.472,wall_following
2026-07-09 12:18:54.704,pillar_wall_bad,pill_bad_01,negative,-0.1245,0.1321,-0.0024,0.7185,65.533,2.245,0.514,4.4344,1.758,0.1,0.005,-1.4843,-4.4671,wall_following
2026-07-09 12:18:54.804,pillar_wall_bad,pill_bad_01,negative,0.115,-0.2333,-0.0043,0.2778,65.533,2.252,0.507,4.4397,1.751,0.1,0.0063,-1.4785,-4.4618,wall_following
2026-07-09 12:18:54.904,pillar_wall_bad,pill_bad_01,negative,-0.0958,0.1726,-0.0047,0.5844,65.533,2.253,0.517,4.4444,1.745,0.1,0.0088,-1.4733,-4.457,wall_following
2026-07-09 12:18:55.004,pillar_wall_bad,pill_bad_01,negative,-0.0383,0.0724,-0.003,0.297,65.533,2.238,0.509,4.4494,1.749,0.1,0.0062,-1.4678,-4.4518,wall_following
2026-07-09 12:18:55.104,pillar_wall_bad,pill_bad_01,negative,0.1054,0.2535,-0.0033,0.4598,65.533,2.242,0.505,4.4543,1.749,0.1,0.0089,-1.4624,-4.4469,wall_following
2026-07-09 12:18:55.204,pillar_wall_bad,pill_bad_01,negative,-0.1437,-0.3302,-0.0058,0.2012,65.533,2.25,0.51,4.4593,1.753,0.1,0.0097,-1.4569,-4.442,wall_following
2026-07-09 12:18:55.304,pillar_wall_bad,pill_bad_01,negative,-0.1054,-0.0426,-0.0018,0.9388,65.533,2.237,0.508,4.4633,1.746,0.1,0.0047,-1.4526,-4.4379,wall_following
2026-07-09 12:18:55.405,pillar_wall_bad,pill_bad_01,negative,-0.0575,0.0085,-0.0005,1.1879,65.533,2.244,0.515,4.4648,1.757,0.1,-0.0001,-1.4509,-4.4363,wall_following
2026-07-09 12:18:55.504,pillar_wall_bad,pill_bad_01,negative,0.0096,-0.0075,0.0004,0.5077,65.533,2.242,0.509,4.4643,1.758,0.1,-0.0007,-1.4515,-4.4369,wall_following
2026-07-09 12:18:55.604,pillar_wall_bad,pill_bad_01,negative,-0.2012,-0.0703,0.0001,-0.297,65.533,2.242,0.514,4.4639,1.753,0.1,-0.0001,-1.4519,-4.4374,wall_following
2026-07-09 12:18:55.704,pillar_wall_bad,pill_bad_01,negative,-0.1437,-0.0565,-0.0001,0.2299,65.533,2.246,0.498,4.4641,1.754,0.1,0.0006,-1.4517,-4.4372,wall_following
2026-07-09 12:18:55.805,pillar_wall_bad,pill_bad_01,negative,1.8681,0.8021,-0.0015,-2.9698,65.533,2.242,0.51,4.4641,1.749,0.1,-0.0017,-1.4517,-4.4372,wall_following
2026-07-09 12:18:55.904,pillar_wall_bad,pill_bad_01,negative,0.3832,2.481,0.0059,-1.3508,65.533,2.26,0.513,4.4628,1.762,0.1,-0.0017,-1.4531,-4.4382,wall_following
2026-07-09 12:18:56.004,pillar_wall_bad,pill_bad_01,negative,0.0383,2.0112,-0.0021,1.2742,65.533,2.279,0.506,4.459,1.764,0.1,-0.0042,-1.4571,-4.44,wall_following
2026-07-09 12:18:56.104,pillar_wall_bad,pill_bad_01,negative,2.0406,2.09,-0.0051,0.6802,65.533,2.26,0.509,4.452,1.757,0.1,-0.0057,-1.4642,-4.4415,wall_following
2026-07-09 12:18:56.204,pillar_wall_bad,pill_bad_01,negative,0.4982,2.6877,0.0046,-1.2837,65.533,2.216,0.521,4.447,1.744,0.1,-0.0041,-1.4694,-4.4435,wall_following
2026-07-09 12:18:56.304,pillar_wall_bad,pill_bad_01,negative,0.1629,1.7864,0.0198,-1.4945,65.533,2.223,0.514,4.4446,1.747,0.1,-0.0071,-1.4724,-4.4499,wall_following
2026-07-09 12:18:56.404,pillar_wall_bad,pill_bad_01,negative,1.0538,1.6661,0.0262,-0.7856,65.533,2.295,0.502,4.442,1.756,0.1,-0.0114,-1.4761,-4.4617,wall_following
2026-07-09 12:18:56.504,pillar_wall_bad,pill_bad_01,negative,0.4311,1.2996,0.0279,-0.8143,65.533,2.383,0.486,4.4356,1.781,0.1,-0.0164,-1.4842,-4.4788,wall_following
2026-07-09 12:18:56.604,pillar_wall_bad,pill_bad_01,negative,0.297,0.946,0.0468,-0.5269,65.533,2.487,0.455,4.4236,1.795,0.1,-0.0327,-1.4985,-4.5005,wall_following
2026-07-09 12:18:56.704,pillar_wall_bad,pill_bad_01,negative,0.661,0.9406,0.0402,-2.0693,6.213,2.597,0.464,4.4057,1.809,0.1,-0.04,-1.519,-4.5243,wall_following
2026-07-09 12:18:56.804,pillar_wall_bad,pill_bad_01,negative,0.1437,0.1385,0.0359,0.2395,6.219,2.587,0.449,4.3822,1.818,0.1,-0.0429,-1.5454,-4.5481,wall_following
2026-07-09 12:18:56.904,pillar_wall_bad,pill_bad_01,negative,0.2395,0.2045,0.0331,1.2454,65.533,2.529,0.441,4.3542,1.813,0.1,-0.0459,-1.5764,-4.5717,wall_following
2026-07-09 12:18:57.004,pillar_wall_bad,pill_bad_01,negative,-0.1533,-0.3441,0.0494,1.5424,65.533,2.467,0.439,4.3214,1.808,0.1,-0.0396,-1.612,-4.5921,wall_following
2026-07-09 12:18:57.104,pillar_wall_bad,pill_bad_01,negative,0.4982,2.6877,0.0346,-1.2837,48.804,2.493,0.434,4.3005,1.808,0.1,-0.0275,-1.6342,-4.6006,wall_following
2026-07-09 12:18:57.204,pillar_wall_bad,pill_bad_01,negative,0.6419,0.2003,0.0072,0.1341,65.533,2.555,0.437,4.2829,1.796,0.1,-0.0207,-1.6531,-4.6095,wall_following
2026-07-09 12:18:57.304,pillar_wall_bad,pill_bad_01,negative,-0.3736,-0.0607,-0.0031,0.5365,48.823,2.515,0.454,4.2707,1.784,0.1,-0.0139,-1.667,-4.6212,wall_following
2026-07-09 12:18:57.404,pillar_wall_bad,pill_bad_01,negative,0.0287,0.0735,-0.0093,0.6323,65.533,2.411,0.45,4.2574,1.775,0.1,-0.0212,-1.6822,-4.634,wall_following
2026-07-09 12:18:57.504,pillar_wall_bad,pill_bad_01,negative,0.4215,0.1513,-0.0082,0.776,65.533,2.283,0.464,4.2445,1.77,0.1,-0.0196,-1.6968,-4.6452,wall_following
2026-07-09 12:18:57.605,pillar_wall_bad,pill_bad_01,negative,0.4982,2.6877,-0.0013,-1.2837,65.533,2.21,0.466,4.235,1.771,0.1,-0.0111,-1.7076,-4.6531,wall_following
2026-07-09 12:18:57.704,pillar_wall_bad,pill_bad_01,negative,-0.3161,-0.1992,0.0037,0.6323,65.533,2.172,0.476,4.2277,3.063,0.1,-0.0129,-1.7158,-4.6589,wall_following
2026-07-09 12:18:57.804,pillar_wall_bad,pill_bad_01,negative,0.4982,2.6877,0.004,-1.2837,65.533,2.157,0.476,4.2191,3.074,0.1,-0.0094,-1.7254,-4.665,wall_following
2026-07-09 12:18:57.904,pillar_wall_bad,pill_bad_01,negative,-0.4215,-0.0192,0.0014,0.4886,65.533,2.151,0.488,4.2141,3.076,0.1,-0.0055,-1.7309,-4.6681,wall_following
2026-07-09 12:18:58.004,pillar_wall_bad,pill_bad_01,negative,0.4982,2.6877,-0.0009,-1.2837,65.533,2.163,0.484,4.2121,3.067,0.1,-0.0016,-1.7331,-4.6692,wall_following
2026-07-09 12:18:58.104,pillar_wall_bad,pill_bad_01,negative,1.1496,2.5417,-0.0048,0.5556,65.533,2.154,0.487,4.2127,3.07,0.1,0.002,-1.7325,-4.669,wall_following
2026-07-09 12:18:58.204,pillar_wall_bad,pill_bad_01,negative,0.2012,1.7811,-0.001,1.0155,65.533,2.151,0.494,4.2153,3.061,0.1,0.0033,-1.7297,-4.6683,wall_following
2026-07-09 12:18:58.304,pillar_wall_bad,pill_bad_01,negative,0.3066,1.9271,-0.0018,0.0862,65.533,2.166,0.484,4.2185,3.061,0.1,0.0026,-1.7264,-4.6678,wall_following
2026-07-09 12:18:58.404,pillar_wall_bad,pill_bad_01,negative,0.0192,1.991,-0.0064,-0.3257,65.533,2.172,0.477,4.2209,3.065,0.1,0.003,-1.7238,-4.6667,wall_following
2026-07-09 12:18:58.504,pillar_wall_bad,pill_bad_01,negative,0.4886,1.975,-0.008,-0.9388,65.533,2.15,0.483,4.222,3.068,0.1,0.0034,-1.7223,-4.6639,wall_following
2026-07-09 12:18:58.604,pillar_wall_bad,pill_bad_01,negative,-0.5844,0.0394,-0.0023,-0.4119,65.533,2.148,0.491,4.2245,3.065,0.1,0.0066,-1.7187,-4.6564,wall_following
2026-07-09 12:18:58.704,pillar_wall_bad,pill_bad_01,negative,0.0766,0.9619,-0.0027,0.5269,65.533,2.127,0.499,4.2277,3.05,0.1,0.0077,-1.7146,-4.6507,wall_following
2026-07-09 12:18:58.804,pillar_wall_bad,pill_bad_01,negative,-0.0383,0.6072,-0.0018,-0.0671,65.533,2.135,0.501,4.2316,3.058,0.1,0.0053,-1.7099,-4.6456,wall_following
2026-07-09 12:18:58.904,pillar_wall_bad,pill_bad_01,negative,0.0287,0.3515,-0.0016,0.2299,65.533,2.128,0.505,4.236,3.05,0.1,0.0055,-1.7048,-4.6408,wall_following
2026-07-09 12:18:59.004,pillar_wall_bad,pill_bad_01,negative,-0.5269,0.0053,-0.0023,0.1533,65.533,2.127,0.502,4.2404,3.029,0.1,0.0091,-1.6997,-4.6365,wall_following
2026-07-09 12:18:59.104,pillar_wall_bad,pill_bad_01,negative,0.4982,2.6877,-0.0034,-1.2837,65.533,2.132,0.511,4.2455,3.043,0.1,0.0091,-1.6939,-4.632,wall_following
2026-07-09 12:18:59.205,pillar_wall_bad,pill_bad_01,negative,-0.0192,0.1843,-0.0015,-0.1245,65.533,2.128,0.514,4.2506,1.838,0.1,0.0052,-1.6882,-4.6278,wall_following
2026-07-09 12:18:59.304,pillar_wall_bad,pill_bad_01,negative,-0.1533,0.0064,-0.0023,-0.3545,65.533,2.12,0.511,4.2561,1.747,0.1,0.0086,-1.6821,-4.6235,wall_following
2026-07-09 12:18:59.405,pillar_wall_bad,pill_bad_01,negative,-0.182,0.1385,-0.002,0.4503,65.533,2.119,0.514,4.2599,1.736,0.1,0.0061,-1.6779,-4.6208,wall_following
2026-07-09 12:18:59.504,pillar_wall_bad,pill_bad_01,negative,0.4982,2.6877,-0.0028,-1.2837,65.533,2.114,0.514,4.2672,1.718,0.1,0.0088,-1.6698,-4.6155,wall_following
2026-07-09 12:18:59.604,pillar_wall_bad,pill_bad_01,negative,-0.0671,-0.0181,-0.0013,0.5365,65.533,2.11,0.519,4.2735,1.714,0.1,0.0058,-1.6628,-4.6112,wall_following
2026-07-09 12:18:59.705,pillar_wall_bad,pill_bad_01,negative,0.0479,0.3537,-0.0015,0.2491,65.533,2.108,0.522,4.2792,1.749,0.1,0.0058,-1.6565,-4.6073,wall_following
2026-07-09 12:18:59.804,pillar_wall_bad,pill_bad_01,negative,0.0096,-0.0714,-0.0019,0.6419,65.533,2.098,0.526,4.2857,1.758,0.1,0.0059,-1.6495,-4.6033,wall_following
2026-07-09 12:18:59.904,pillar_wall_bad,pill_bad_01,negative,-0.1724,0.0831,-0.0014,0.3832,65.533,2.108,0.521,4.2919,1.733,0.1,0.0054,-1.6427,-4.5994,wall_following
2026-07-09 12:19:00.004,pillar_wall_bad,pill_bad_01,negative,-0.0766,-0.0373,-0.0014,0.7281,65.533,2.105,0.522,4.2979,1.719,0.1,0.0056,-1.6362,-4.5957,wall_following
2026-07-09 12:19:00.104,pillar_wall_bad,pill_bad_01,negative,-0.3736,0.0138,-0.0006,0.3353,65.533,2.1,0.522,4.3022,1.724,0.1,0.0037,-1.6315,-4.593,wall_following
2026-07-09 12:19:00.204,pillar_wall_bad,pill_bad_01,negative,-0.4024,0.5699,-0.0018,-0.0958,65.533,2.105,0.518,4.3069,1.737,0.1,0.0049,-1.6263,-4.5898,wall_following
2026-07-09 12:19:00.304,pillar_wall_bad,pill_bad_01,negative,0.4982,2.6877,-0.007,-1.2837,65.533,2.101,0.52,4.3145,1.738,0.1,0.012,-1.6181,-4.5856,wall_following
2026-07-09 12:19:00.404,pillar_wall_bad,pill_bad_01,negative,0.3928,0.5497,-0.0086,0.0287,65.533,2.107,0.517,4.3263,1.759,0.1,0.0198,-1.6057,-4.5811,wall_following
2026-07-09 12:19:00.504,pillar_wall_bad,pill_bad_01,negative,0.1533,0.2546,-0.0126,2.1747,65.533,2.113,0.494,4.3484,1.817,0.1,0.0165,-1.5826,-4.5748,wall_following
2026-07-09 12:19:00.604,pillar_wall_bad,pill_bad_01,negative,0.0287,-0.4453,-0.0065,0.7951,65.533,2.111,0.498,4.3616,1.833,0.1,0.0162,-1.5689,-4.5718,wall_following
2026-07-09 12:19:00.704,pillar_wall_bad,pill_bad_01,negative,-0.182,-0.1715,-0.0001,0.9867,65.533,2.1,0.494,4.3859,1.89,0.1,0.0114,-1.5441,-4.5691,wall_following
2026-07-09 12:19:00.804,pillar_wall_bad,pill_bad_01,negative,0.7089,-1.9974,0.0168,-1.4179,5.963,2.136,0.474,4.4068,1.829,0.1,0.013,-1.5236,-4.5736,wall_following
2026-07-09 12:19:00.905,pillar_wall_bad,pill_bad_01,negative,0.1245,0.3995,0.0153,1.1304,65.533,2.207,0.451,4.4201,1.92,0.1,0.01,-1.5108,-4.5783,wall_following
2026-07-09 12:19:01.004,pillar_wall_bad,pill_bad_01,negative,0.364,-0.8831,0.0054,0.2778,6.305,2.258,0.435,4.4305,1.831,0.1,0.0088,-1.5007,-4.5815,wall_following
2026-07-09 12:19:01.104,pillar_wall_bad,pill_bad_01,negative,-0.2491,-0.8597,0.0006,1.3795,6.31,2.294,0.426,4.4421,1.835,0.1,0.0065,-1.4893,-4.5836,wall_following
2026-07-09 12:19:01.204,pillar_wall_bad,pill_bad_01,negative,0.4982,2.6877,-0.0048,-1.2837,65.533,2.317,0.423,4.4467,1.845,0.1,0.0028,-1.4847,-4.5837,wall_following
2026-07-09 12:19:01.304,pillar_wall_bad,pill_bad_01,negative,-0.2778,0.0565,-0.0004,-0.1629,65.533,2.288,0.414,4.4475,1.845,0.1,-0.0004,-1.4839,-4.5836,wall_following
2026-07-09 12:19:01.404,pillar_wall_bad,pill_bad_01,negative,0.0958,-0.0309,-0.0004,0.2108,65.533,2.302,0.426,4.4467,1.834,0.1,-0.0006,-1.4847,-4.5838,wall_following
2026-07-09 12:19:01.504,pillar_wall_bad,pill_bad_01,negative,0.479,0.9971,0.0034,-0.4311,65.533,2.287,0.429,4.4474,1.844,0.1,0.0021,-1.484,-4.5837,wall_following
2026-07-09 12:19:01.605,pillar_wall_bad,pill_bad_01,negative,0.4982,2.6877,-0.0004,-1.2837,65.533,2.344,0.424,4.4511,1.843,0.1,0.0044,-1.4802,-4.5833,wall_following
2026-07-09 12:19:01.704,pillar_wall_bad,pill_bad_01,negative,-0.1533,0.4666,0.0038,-0.5748,65.533,2.345,0.418,4.4629,1.849,0.1,0.0084,-1.4684,-4.5838,wall_following
2026-07-09 12:19:01.804,pillar_wall_bad,pill_bad_01,negative,0.0862,0.1992,0.0058,0.2395,65.533,2.35,0.41,4.4801,1.851,0.1,0.0118,-1.4513,-4.5856,wall_following
2026-07-09 12:19:01.904,pillar_wall_bad,pill_bad_01,negative,0.4982,2.6877,0.0075,-1.2837,65.533,2.385,0.391,4.4977,1.87,0.1,0.0108,-1.4338,-4.588,wall_following
2026-07-09 12:19:02.004,pillar_wall_bad,pill_bad_01,negative,0.4982,2.6877,0.0017,-1.2837,65.533,2.412,0.388,4.5107,1.884,0.05,0.0085,-1.421,-4.5901,obstacle_detected
2026-07-09 12:19:02.104,pillar_wall_bad,pill_bad_01,negative,-0.0479,-0.1033,-0.0002,0.3161,65.533,2.411,0.375,4.5191,1.885,0.05,0.0026,-1.4127,-4.5917,obstacle_detected
2026-07-09 12:19:02.204,pillar_wall_bad,pill_bad_01,negative,0.4407,-1.8141,-0.0035,1.1113,65.533,2.406,0.371,4.5222,1.894,0.05,0.0019,-1.4096,-4.5921,obstacle_detected
2026-07-09 12:19:02.304,pillar_wall_bad,pill_bad_01,negative,0.0575,-0.6253,-0.0031,-0.6131,65.533,2.387,0.382,4.5248,1.877,0.05,0.0036,-1.407,-4.5918,obstacle_detected
2026-07-09 12:19:02.404,pillar_wall_bad,pill_bad_01,negative,-0.0671,-0.5507,-0.0028,0.2108,65.533,2.394,0.367,4.5278,1.873,0.05,0.0045,-1.4038,-4.5907,obstacle_detected
2026-07-09 12:19:02.504,pillar_wall_bad,pill_bad_01,negative,0.0,-0.1854,-0.0018,0.3928,65.533,2.388,0.377,4.5314,1.881,0.08,0.0042,-1.4,-4.5891,obstacle_avoidance
2026-07-09 12:19:02.604,pillar_wall_bad,pill_bad_01,negative,0.0479,-1.273,-0.0067,0.0287,65.533,2.384,0.38,4.5351,1.889,0.08,0.0059,-1.396,-4.5869,obstacle_avoidance
2026-07-09 12:19:02.704,pillar_wall_bad,pill_bad_01,negative,-0.1916,-1.3337,-0.0074,0.0,65.533,2.384,0.379,4.5396,1.892,0.08,0.0063,-1.3909,-4.5824,obstacle_avoidance
2026-07-09 12:19:02.804,pillar_wall_bad,pill_bad_01,negative,-0.1245,-1.4317,-0.0132,-0.4024,65.533,2.361,0.39,4.5429,1.884,0.08,0.0091,-1.3869,-4.5761,obstacle_avoidance
2026-07-09 12:19:02.904,pillar_wall_bad,pill_bad_01,negative,-0.594,-1.0344,-0.0213,-0.5652,65.533,2.352,0.405,4.5453,1.858,0.08,0.0114,-1.3829,-4.5628,obstacle_avoidance
2026-07-09 12:19:03.004,pillar_wall_bad,pill_bad_01,negative,-0.115,-0.6732,-0.0146,-0.6706,65.533,2.323,0.418,4.5448,1.85,0.08,0.0075,-1.3819,-4.5501,obstacle_avoidance
2026-07-09 12:19:03.104,pillar_wall_bad,pill_bad_01,negative,-0.1341,-0.6349,-0.0196,0.0287,65.533,2.297,0.426,4.54,1.829,0.08,0.0075,-1.3842,-4.5271,obstacle_avoidance
2026-07-09 12:19:03.204,pillar_wall_bad,pill_bad_01,negative,-0.6035,-0.5646,-0.0373,-0.9101,6.106,2.256,0.46,4.5315,1.801,0.08,0.0118,-1.3903,-4.5033,obstacle_avoidance
2026-07-09 12:19:03.304,pillar_wall_bad,pill_bad_01,negative,-1.255,-0.2546,-0.0361,0.2874,5.818,2.188,0.497,4.5197,1.78,0.08,0.0092,-1.3996,-4.478,obstacle_avoidance
2026-07-09 12:19:03.404,pillar_wall_bad,pill_bad_01,negative,-0.4119,-0.2045,-0.0357,0.8143,65.533,2.146,0.538,4.5067,1.743,0.08,0.0083,-1.4104,-4.4535,obstacle_avoidance
2026-07-09 12:19:03.504,pillar_wall_bad,pill_bad_01,negative,-0.2012,-0.4794,-0.0243,0.0,65.533,2.038,0.576,4.4926,1.706,0.08,0.0055,-1.4225,-4.4301,obstacle_avoidance
2026-07-09 12:19:03.604,pillar_wall_bad,pill_bad_01,negative,-0.3545,-0.0309,-0.0252,0.8909,65.533,1.959,0.62,4.4771,1.663,0.08,0.0055,-1.4361,-4.4071,obstacle_avoidance
2026-07-09 12:19:03.704,pillar_wall_bad,pill_bad_01,negative,-0.1245,-0.066,-0.0436,0.7089,5.223,1.902,0.665,4.4612,1.652,0.08,0.0085,-1.4503,-4.3853,obstacle_avoidance
2026-07-09 12:19:03.804,pillar_wall_bad,pill_bad_01,negative,-0.2778,-0.1033,-0.027,0.7951,5.191,1.826,0.708,4.4435,1.627,0.08,0.0055,-1.4664,-4.3626,obstacle_avoidance
2026-07-09 12:19:03.904,pillar_wall_bad,pill_bad_01,negative,-0.0192,-0.0895,-0.0311,-0.0287,5.796,1.776,0.752,4.4275,2.213,0.08,0.0061,-1.481,-4.3434,obstacle_avoidance
2026-07-09 12:19:04.005,pillar_wall_bad,pill_bad_01,negative,0.0383,-0.0991,-0.033,-0.1054,6.641,1.723,0.792,4.411,2.835,0.08,0.0068,-1.4963,-4.3245,obstacle_avoidance
2026-07-09 12:19:04.104,pillar_wall_bad,pill_bad_01,negative,-0.3736,-0.1023,-0.043,-0.8814,5.325,1.656,0.836,4.3904,2.698,0.08,0.008,-1.5156,-4.3024,obstacle_avoidance
2026-07-09 12:19:04.205,pillar_wall_bad,pill_bad_01,negative,0.1054,-0.0245,-0.0269,-0.7377,6.745,1.613,0.873,4.3679,2.757,0.08,0.0051,-1.5369,-4.2806,obstacle_avoidance
2026-07-09 12:19:04.304,pillar_wall_bad,pill_bad_01,negative,0.1724,-0.1268,-0.0271,-0.6706,5.438,1.565,0.913,4.3501,2.675,0.08,0.005,-1.5539,-4.2647,obstacle_avoidance
2026-07-09 12:19:04.404,pillar_wall_bad,pill_bad_01,negative,-0.1533,0.0234,-0.037,0.5748,5.503,1.529,0.945,4.3274,2.595,0.08,0.0067,-1.5757,-4.2458,obstacle_avoidance
2026-07-09 12:19:04.504,pillar_wall_bad,pill_bad_01,negative,0.0096,0.0266,-0.039,0.3066,5.486,1.482,0.99,4.3061,2.563,0.08,0.0072,-1.5963,-4.2292,obstacle_avoidance
2026-07-09 12:19:04.604,pillar_wall_bad,pill_bad_01,negative,-0.182,-0.0213,-0.0263,1.3604,6.767,1.437,1.037,4.2843,2.526,0.08,0.0049,-1.6174,-4.2133,obstacle_avoidance
2026-07-09 12:19:04.705,pillar_wall_bad,pill_bad_01,negative,0.4407,-0.0714,-0.0377,0.2778,6.753,1.416,1.062,4.2649,2.506,0.08,0.0069,-1.6363,-4.2001,obstacle_avoidance
2026-07-09 12:19:04.804,pillar_wall_bad,pill_bad_01,negative,0.2778,-0.0266,-0.0388,0.9005,6.703,1.363,1.114,4.2404,2.456,0.08,0.007,-1.6603,-4.1844,obstacle_avoidance
2026-07-09 12:19:04.904,pillar_wall_bad,pill_bad_01,negative,-0.3161,0.0724,-0.0253,-0.2587,6.727,1.333,1.143,4.2185,2.427,0.08,0.0047,-1.6818,-4.1713,obstacle_avoidance
2026-07-09 12:19:05.004,pillar_wall_bad,pill_bad_01,negative,0.4982,2.6877,-0.0251,-1.2837,6.706,1.283,1.187,4.196,2.451,0.08,0.0043,-1.7039,-4.1587,wall_reacquired
2026-07-09 12:19:05.105,pillar_wall_bad,pill_bad_01,negative,-0.1629,-0.0107,-0.0342,0.5269,6.737,1.234,1.226,4.17,2.416,0.08,0.0064,-1.7296,-4.1452,wall_reacquired
2026-07-09 12:19:05.204,pillar_wall_bad,pill_bad_01,negative,0.1245,0.1438,-0.0178,1.0442,3.733,1.218,1.258,4.1496,2.398,0.08,0.0036,-1.7497,-4.1353,wall_reacquired
2026-07-09 12:19:05.304,pillar_wall_bad,pill_bad_01,negative,-0.3928,0.1822,-0.0144,0.6323,3.63,1.208,1.286,4.1316,2.38,0.08,0.0033,-1.7676,-4.1265,wall_reacquired
2026-07-09 12:19:05.404,pillar_wall_bad,pill_bad_01,negative,0.2587,0.3409,-0.0187,0.5461,3.593,1.204,1.303,4.1212,2.365,0.08,0.0045,-1.7779,-4.1211,wall_reacquired
2026-07-09 12:19:05.504,pillar_wall_bad,pill_bad_01,negative,0.0479,0.6242,-0.0148,0.9676,3.561,1.13,1.325,4.1103,2.37,0.08,0.0046,-1.7886,-4.1149,wall_reacquired
2026-07-09 12:19:05.604,pillar_wall_bad,pill_bad_01,negative,-0.0766,1.0408,-0.0064,0.8718,3.539,5.301,1.328,4.1034,2.394,0.08,0.0034,-1.7955,-4.1098,wall_reacquired
2026-07-09 12:19:05.704,pillar_wall_bad,pill_bad_01,negative,0.4407,1.7928,-0.0025,0.7185,3.595,5.325,1.335,4.1003,2.458,0.08,0.0029,-1.7985,-4.1066,wall_reacquired
2026-07-09 12:19:05.804,pillar_wall_bad,pill_bad_01,negative,0.3545,2.0837,0.0025,-0.0671,6.757,5.368,1.336,4.0988,2.581,0.0,0.0039,-1.8,-4.1033,idle
2026-07-09 12:19:05.904,pillar_wall_bad,pill_bad_01,negative,0.2778,0.3388,-0.0027,1.3316,6.69,5.408,1.323,4.0984,2.79,0.0,0.0032,-1.8003,-4.0996,idle
2026-07-09 12:19:06.004,pillar_wall_bad,pill_bad_01,negative,-0.2682,-0.1917,-0.0001,0.8335,6.657,5.399,1.319,4.0985,2.905,0.0,0.0003,-1.8002,-4.0983,idle
2026-07-09 12:19:06.104,pillar_wall_bad,pill_bad_01,negative,-0.1724,-0.0479,-0.0,0.1533,6.64,5.425,1.32,4.0985,2.938,0.0,-0.0007,-1.8002,-4.0987,idle
2026-07-09 12:19:06.204,pillar_wall_bad,pill_bad_01,negative,-0.1533,0.0288,-0.0,0.3928,6.659,5.403,1.318,4.0984,2.897,0.0,0.0001,-1.8003,-4.0992,idle
2026-07-09 12:19:06.304,pillar_wall_bad,pill_bad_01,negative,-0.0958,-0.0064,-0.0,0.5461,6.658,5.429,1.326,4.0985,2.91,0.0,0.0001,-1.8002,-4.0989,idle
2026-07-09 12:19:06.404,pillar_wall_bad,pill_bad_01,negative,-0.0383,-0.032,-0.0,0.1629,6.665,5.415,1.32,4.0984,2.904,0.0,-0.0001,-1.8003,-4.099,idle
2026-07-09 12:19:06.504,pillar_wall_bad,pill_bad_01,negative,-0.1437,0.0256,-0.0,0.5365,6.671,5.408,1.32,4.0984,2.919,0.0,0.0,-1.8003,-4.099,idle
2026-07-09 12:19:06.604,pillar_wall_bad,pill_bad_01,negative,-0.0096,0.0,0.0,0.4886,6.656,5.417,1.314,4.0984,2.907,0.0,0.0,-1.8003,-4.099,idle
2026-07-09 12:19:06.704,pillar_wall_bad,pill_bad_01,negative,-0.1054,-0.0192,0.0,0.4503,6.658,5.416,1.316,4.0984,2.905,0.0,-0.0,-1.8003,-4.099,idle
2026-07-09 12:19:06.804,pillar_wall_bad,pill_bad_01,negative,-0.115,0.0021,0.0,0.364,6.665,5.422,1.316,4.0984,2.909,0.0,0.0,-1.8003,-4.099,idle
2026-07-09 12:19:06.904,pillar_wall_bad,pill_bad_01,negative,-0.1437,0.066,0.0,0.5748,6.649,5.413,1.322,4.0984,2.912,0.0,-0.0,-1.8003,-4.099,idle
2026-07-09 12:19:07.004,pillar_wall_bad,pill_bad_01,negative,-0.0287,-0.0533,-0.0,0.4311,6.652,5.421,1.321,4.0984,2.913,0.0,0.0,-1.8003,-4.099,idle
2026-07-09 12:19:07.105,pillar_wall_bad,pill_bad_01,negative,0.0,-0.0107,-0.0,0.182,6.655,5.425,1.32,4.0984,2.907,0.0,0.0,-1.8003,-4.099,idle
2026-07-09 12:19:07.204,pillar_wall_bad,pill_bad_01,negative,0.0,0.0138,0.0,0.4311,6.667,5.421,1.318,4.0984,2.901,0.0,-0.0,-1.8003,-4.099,idle
2026-07-09 12:19:07.304,pillar_wall_bad,pill_bad_01,negative,-0.1245,-0.0085,-0.0,0.2012,6.66,5.422,1.313,4.0984,2.91,0.0,0.0,-1.8003,-4.099,idle
2026-07-09 12:19:07.404,pillar_wall_bad,pill_bad_01,negative,-0.0383,0.0011,-0.0,0.3736,6.668,5.396,1.317,4.0984,2.897,0.0,-0.0,-1.8003,-4.099,idle
2026-07-09 12:19:07.504,pillar_wall_bad,pill_bad_01,negative,-0.0383,-0.0362,0.0,0.2203,6.661,5.416,1.314,4.0984,2.919,0.0,-0.0,-1.8003,-4.099,idle
2026-07-09 12:19:07.604,pillar_wall_bad,pill_bad_01,negative,0.0192,0.0213,-0.0,0.297,6.66,5.429,1.321,4.0984,2.914,0.0,-0.0,-1.8003,-4.099,idle
2026-07-09 12:19:07.705,pillar_wall_bad,pill_bad_01,negative,-0.0958,0.017,-0.0,0.4119,6.655,5.413,1.319,4.0984,2.914,0.0,-0.0,-1.8003,-4.099,idle
2026-07-09 12:19:07.804,pillar_wall_bad,pill_bad_01,negative,-0.1341,-0.0543,0.0,0.5173,6.667,5.399,1.313,4.0984,2.907,0.0,-0.0,-1.8003,-4.099,idle
2026-07-09 12:19:07.904,pillar_wall_bad,pill_bad_01,negative,-0.1054,-0.033,0.0,0.2587,6.668,5.41,1.32,4.0984,2.893,0.0,0.0,-1.8003,-4.099,idle
2026-07-09 12:19:08.004,pillar_wall_bad,pill_bad_01,negative,-0.0671,-0.033,0.0,-0.0766,6.646,5.424,1.321,4.0984,2.91,0.0,0.0,-1.8003,-4.099,idle
2026-07-09 12:19:08.104,pillar_wall_bad,pill_bad_01,negative,-0.0479,-0.0032,-0.0,0.3066,6.664,5.422,1.319,4.0984,2.895,0.0,-0.0,-1.8003,-4.099,idle
2026-07-09 12:19:08.204,pillar_wall_bad,pill_bad_01,negative,-0.1245,0.0138,0.0,0.3928,6.671,5.411,1.323,4.0984,2.903,0.0,0.0,-1.8003,-4.099,idle
2026-07-09 12:19:08.304,pillar_wall_bad,pill_bad_01,negative,-0.1341,-0.0405,0.0,0.3257,6.661,5.423,1.314,4.0984,2.91,0.0,0.0,-1.8003,-4.099,idle
2026-07-09 12:19:08.404,pillar_wall_bad,pill_bad_01,negative,-0.0575,0.0224,0.0,0.594,6.651,5.414,1.318,4.0984,2.921,0.0,0.0,-1.8003,-4.099,idle
2026-07-09 12:19:08.504,pillar_wall_bad,pill_bad_01,negative,-0.1245,-0.0085,0.0,0.3161,6.662,5.416,1.319,4.0984,2.92,0.0,-0.0,-1.8003,-4.099,idle
2026-07-09 12:19:08.604,pillar_wall_bad,pill_bad_01,negative,-0.0575,-0.0884,0.0,0.0479,6.667,5.422,1.308,4.0984,2.904,0.0,0.0,-1.8003,-4.099,idle
2026-07-09 12:19:08.704,pillar_wall_bad,pill_bad_01,negative,-0.0575,-0.0522,-0.0,0.0383,6.66,5.415,1.32,4.0984,2.909,0.0,0.0,-1.8003,-4.099,idle
2026-07-09 12:19:08.804,pillar_wall_bad,pill_bad_01,negative,0.0096,-0.0192,-0.0,0.4311,6.65,5.388,1.319,4.0984,2.914,0.0,0.0,-1.8003,-4.099,idle
2026-07-09 12:19:08.904,pillar_wall_bad,pill_bad_01,negative,-0.1341,-0.0298,0.0,0.0862,6.672,5.41,1.319,4.0984,2.907,0.0,0.0,-1.8003,-4.099,idle
2026-07-09 12:19:09.004,pillar_wall_bad,pill_bad_01,negative,-0.0958,-0.0138,-0.0,0.4119,6.662,5.417,1.321,4.0984,2.905,0.0,0.0,-1.8003,-4.099,idle
2026-07-09 12:19:09.104,pillar_wall_bad,pill_bad_01,negative,-0.1437,0.0245,-0.0,0.4311,6.676,5.411,1.313,4.0984,2.91,0.0,-0.0,-1.8003,-4.099,idle
2026-07-09 12:19:09.204,pillar_wall_bad,pill_bad_01,negative,-0.0287,0.0107,0.0,0.0,6.66,5.392,1.311,4.0984,2.922,0.0,-0.0,-1.8003,-4.099,idle
2026-07-09 12:19:09.304,pillar_wall_bad,pill_bad_01,negative,-0.0383,0.032,-0.0,0.2682,6.653,5.412,1.327,4.0984,2.903,0.0,-0.0,-1.8003,-4.099,idle
2026-07-09 12:19:09.405,pillar_wall_bad,pill_bad_01,negative,-0.0766,0.0426,0.0,0.4024,6.653,5.427,1.316,4.0984,2.895,0.0,-0.0,-1.8003,-4.099,idle
2026-07-09 12:19:09.504,pillar_wall_bad,pill_bad_01,negative,-0.115,0.0394,0.0,0.3353,6.662,5.424,1.324,4.0984,2.917,0.0,-0.0,-1.8003,-4.099,idle
2026-07-09 12:19:09.604,pillar_wall_bad,pill_bad_01,negative,-0.1629,0.0415,-0.0,0.0383,6.655,5.407,1.32,4.0984,2.911,0.0,0.0,-1.8003,-4.099,idle
2026-07-09 12:19:09.704,pillar_wall_bad,pill_bad_01,negative,-0.0575,-0.017,0.0,0.4503,6.647,5.414,1.317,4.0984,2.901,0.0,-0.0,-1.8003,-4.099,idle
2026-07-09 12:19:09.804,pillar_wall_bad,pill_bad_01,negative,-0.0671,-0.0224,-0.0,0.2203,6.659,5.422,1.321,4.0984,2.897,0.0,-0.0,-1.8003,-4.099,idle
2026-07-09 12:19:09.904,pillar_wall_bad,pill_bad_01,negative,-0.1629,-0.0053,0.0,0.1916,6.666,5.416,1.317,4.0984,2.897,0.0,-0.0,-1.8003,-4.099,idle
2026-07-09 12:19:10.004,pillar_wall_bad,pill_bad_01,negative,-0.0958,-0.0309,0.0,0.3736,6.655,5.405,1.321,4.0984,2.9,0.0,-0.0,-1.8003,-4.099,idle
2026-07-09 12:19:10.104,pillar_wall_bad,pill_bad_01,negative,-0.0575,0.0373,-0.0,0.2395,6.65,5.423,1.312,4.0984,2.909,0.0,-0.0,-1.8003,-4.099,idle
2026-07-09 12:19:10.204,pillar_wall_bad,pill_bad_01,negative,-0.0096,-0.016,-0.0,0.8143,6.673,5.414,1.317,4.0984,2.911,0.0,-0.0,-1.8003,-4.099,idle
2026-07-09 12:19:10.304,pillar_wall_bad,pill_bad_01,negative,-0.0671,-0.0405,0.0,0.7185,6.66,5.42,1.321,4.0984,2.925,0.0,0.0,-1.8003,-4.099,idle
2026-07-09 12:19:10.404,pillar_wall_bad,pill_bad_01,negative,-0.0575,0.0905,-0.0,0.2874,6.665,5.404,1.315,4.0984,2.918,0.0,-0.0,-1.8003,-4.099,idle
2026-07-09 12:19:10.504,pillar_wall_bad,pill_bad_01,negative,-0.1724,0.0117,-0.0,0.5269,6.663,5.407,1.322,4.0984,2.913,0.0,0.0,-1.8003,-4.099,idle
2026-07-09 12:19:10.604,pillar_wall_bad,pill_bad_01,negative,-0.0766,-0.0266,0.0,0.479,6.656,5.411,1.314,4.0984,2.903,0.0,-0.0,-1.8003,-4.099,idle
2026-07-09 12:19:10.704,pillar_wall_bad,pill_bad_01,negative,-0.1341,0.0405,0.0,0.3449,6.661,5.417,1.326,4.0984,2.908,0.0,-0.0,-1.8003,-4.099,idle
2026-07-09 12:19:10.804,pillar_wall_bad,pill_bad_01,negative,-0.115,-0.0245,-0.0,0.8622,6.648,5.417,1.318,4.0984,2.921,0.0,0.0,-1.8003,-4.099,idle
2026-07-09 12:19:10.904,pillar_wall_bad,pill_bad_01,negative,0.0,0.0053,-0.0,0.5844,6.658,5.424,1.315,4.0984,2.909,0.0,0.0,-1.8003,-4.099,idle
