timestamp,scenario,run_id,example_type,imu_accel_y,imu_accel_x,imu_angular_z,odom_angular_z,lidar_left,lidar_front,lidar_right,distance_travelled,cmd_linear_x,lidar_front_right,pos_x,action_label
2026-07-09 11:53:16.435,pillar_wall_good,pill_good_02,positive,0.0,0.0,0.0,0.0,1.203,65.533,1.966,0.0,0.0,3.401,0.0,idle
2026-07-09 11:53:16.535,pillar_wall_good,pill_good_02,positive,0.4886,-0.0383,0.0447,0.0,1.203,65.533,1.966,0.0,0.0,3.401,-4.6442,idle
2026-07-09 11:53:16.635,pillar_wall_good,pill_good_02,positive,0.1341,0.0096,-0.0597,0.0,1.199,65.533,1.968,0.0,0.0,3.406,-4.6442,idle
2026-07-09 11:53:16.735,pillar_wall_good,pill_good_02,positive,0.0862,-0.115,-0.0383,0.0,1.203,65.533,1.964,0.0,0.0,3.382,-4.6442,idle
2026-07-09 11:53:16.835,pillar_wall_good,pill_good_02,positive,0.4119,0.0192,0.0479,0.0,1.208,65.533,1.969,0.0,0.0,3.394,-4.6442,idle
2026-07-09 11:53:16.935,pillar_wall_good,pill_good_02,positive,0.5748,-0.1245,0.0117,0.0,1.204,65.533,1.965,0.0,0.1,3.405,-4.6442,approaching_wall
2026-07-09 11:53:17.035,pillar_wall_good,pill_good_02,positive,0.297,0.6898,2.3926,0.0044,1.208,65.533,1.977,0.001,0.1,3.401,-4.6432,approaching_wall
2026-07-09 11:53:17.135,pillar_wall_good,pill_good_02,positive,-1.0442,0.3449,1.7705,-0.0056,1.192,65.533,1.962,0.0037,0.1,3.401,-4.6405,approaching_wall
2026-07-09 11:53:17.235,pillar_wall_good,pill_good_02,positive,-1.2837,0.4982,2.6877,-0.0112,1.191,65.533,1.976,0.0086,0.1,3.384,-4.6358,approaching_wall
2026-07-09 11:53:17.335,pillar_wall_good,pill_good_02,positive,-0.115,0.594,2.2403,-0.0117,1.196,65.533,1.978,0.015,0.1,3.369,-4.63,approaching_wall
2026-07-09 11:53:17.435,pillar_wall_good,pill_good_02,positive,0.2587,0.2395,2.2211,-0.0153,1.187,65.533,1.982,0.0266,0.1,3.336,-4.6193,approaching_wall
2026-07-09 11:53:17.535,pillar_wall_good,pill_good_02,positive,-0.4024,0.0096,1.9867,-0.0027,1.178,65.533,1.98,0.0426,0.1,3.33,-4.6035,approaching_wall
2026-07-09 11:53:17.635,pillar_wall_good,pill_good_02,positive,-1.0634,1.3221,1.4285,0.0058,1.174,65.533,2.0,0.0614,0.1,3.262,-4.5846,approaching_wall
2026-07-09 11:53:17.735,pillar_wall_good,pill_good_02,positive,0.1437,0.0575,0.8788,0.0222,1.164,65.533,2.022,0.0852,0.1,3.249,-4.5604,approaching_wall
2026-07-09 11:53:17.835,pillar_wall_good,pill_good_02,positive,1.4274,-0.0383,0.1694,0.0183,1.115,65.533,2.052,0.1096,0.1,3.275,-4.5355,approaching_wall
2026-07-09 11:53:17.935,pillar_wall_good,pill_good_02,positive,0.8143,-0.0479,0.0831,0.0182,1.086,65.533,2.093,0.1327,0.1,3.348,-4.512,approaching_wall
2026-07-09 11:53:18.035,pillar_wall_good,pill_good_02,positive,1.4179,0.0,0.2503,0.0232,1.052,65.533,2.114,0.155,0.1,3.416,-4.4894,approaching_wall
2026-07-09 11:53:18.135,pillar_wall_good,pill_good_02,positive,0.9867,0.0096,0.1438,0.0219,1.027,65.533,2.138,0.1774,0.1,3.425,-4.4669,approaching_wall
2026-07-09 11:53:18.235,pillar_wall_good,pill_good_02,positive,1.0921,0.0,0.0341,0.0129,0.999,65.533,2.164,0.2019,0.1,2.7,-4.4423,approaching_wall
2026-07-09 11:53:18.335,pillar_wall_good,pill_good_02,positive,0.2108,-0.1533,-0.0767,0.0262,0.961,65.533,2.203,0.2251,0.1,2.606,-4.4192,approaching_wall
2026-07-09 11:53:18.435,pillar_wall_good,pill_good_02,positive,1.2454,-0.3257,-0.082,0.0229,0.935,65.533,2.221,0.2478,0.1,2.599,-4.3967,approaching_wall
2026-07-09 11:53:18.535,pillar_wall_good,pill_good_02,positive,1.1017,0.2874,-0.017,0.0265,0.893,65.533,2.271,0.2722,0.1,2.768,-4.3728,approaching_wall
2026-07-09 11:53:18.635,pillar_wall_good,pill_good_02,positive,0.4694,-0.1245,0.0863,0.0263,0.871,65.533,2.294,0.2941,0.1,3.645,-4.3514,approaching_wall
2026-07-09 11:53:18.735,pillar_wall_good,pill_good_02,positive,0.1437,-0.1054,-0.0277,0.0234,0.839,65.533,2.335,0.3168,0.1,3.689,-4.3293,approaching_wall
2026-07-09 11:53:18.835,pillar_wall_good,pill_good_02,positive,-0.479,-0.6802,-0.1342,0.0234,0.821,65.533,2.355,0.3388,0.1,2.617,-4.3081,approaching_wall
2026-07-09 11:53:18.935,pillar_wall_good,pill_good_02,positive,0.0383,-0.2587,-0.0756,0.0223,0.784,65.533,2.389,0.3588,0.1,2.401,-4.2889,approaching_wall
2026-07-09 11:53:19.035,pillar_wall_good,pill_good_02,positive,0.843,-0.2778,-0.1044,0.0201,0.764,65.533,2.41,0.3775,0.1,2.396,-4.2711,approaching_wall
2026-07-09 11:53:19.135,pillar_wall_good,pill_good_02,positive,-0.1916,-0.0766,-0.1236,0.0161,0.739,65.533,2.439,0.3945,0.1,2.39,-4.2549,approaching_wall
2026-07-09 11:53:19.235,pillar_wall_good,pill_good_02,positive,0.4598,-0.2778,-0.1555,0.0157,0.716,65.533,2.449,0.4108,0.1,2.386,-4.2394,approaching_wall
2026-07-09 11:53:19.335,pillar_wall_good,pill_good_02,positive,-0.364,-0.2299,-0.1949,0.0076,0.706,65.533,2.471,0.4255,0.1,2.383,-4.2253,approaching_wall
2026-07-09 11:53:19.435,pillar_wall_good,pill_good_02,positive,0.2395,-0.4024,-0.2471,0.0112,0.68,65.533,2.492,0.44,0.1,2.379,-4.2115,approaching_wall
2026-07-09 11:53:19.535,pillar_wall_good,pill_good_02,positive,-0.1533,-0.1916,-0.375,0.0071,0.675,65.533,2.511,0.453,0.1,2.372,-4.1989,approaching_wall
2026-07-09 11:53:19.635,pillar_wall_good,pill_good_02,positive,0.3736,-0.2012,-0.1342,0.0098,0.665,65.533,2.522,0.4633,0.1,2.361,-4.189,approaching_wall
2026-07-09 11:53:19.735,pillar_wall_good,pill_good_02,positive,0.5652,-0.0287,-0.2578,0.007,0.64,65.533,2.53,0.4782,0.1,2.343,-4.1744,wall_following
2026-07-09 11:53:19.835,pillar_wall_good,pill_good_02,positive,1.0634,-0.1916,-0.3196,0.0082,0.632,65.533,2.551,0.4884,0.1,2.33,-4.1644,wall_following
2026-07-09 11:53:19.935,pillar_wall_good,pill_good_02,positive,0.3257,-0.1245,-0.2887,0.0038,0.619,65.533,2.633,0.499,0.1,2.309,-4.154,wall_following
2026-07-09 11:53:20.035,pillar_wall_good,pill_good_02,positive,0.3353,-0.1437,-0.2024,0.0049,0.608,65.533,2.776,0.5108,0.1,2.299,-4.1422,wall_following
2026-07-09 11:53:20.135,pillar_wall_good,pill_good_02,positive,0.6802,-0.1341,-0.2951,0.0042,0.599,65.533,2.886,0.52,0.1,2.275,-4.133,wall_following
2026-07-09 11:53:20.235,pillar_wall_good,pill_good_02,positive,0.3832,-0.0192,-0.2301,0.003,0.604,65.533,2.9,0.5298,0.1,2.263,-4.1231,wall_following
2026-07-09 11:53:20.335,pillar_wall_good,pill_good_02,positive,-0.2491,-0.2778,-0.0991,0.0032,0.591,65.533,2.911,0.5395,0.1,2.26,-4.1132,wall_following
2026-07-09 11:53:20.435,pillar_wall_good,pill_good_02,positive,0.5748,-0.1437,-0.1726,0.0037,0.587,65.533,2.918,0.5488,0.1,2.224,-4.1037,wall_following
2026-07-09 11:53:20.535,pillar_wall_good,pill_good_02,positive,0.5844,-0.0575,-0.114,0.0025,0.569,65.533,2.932,0.5579,0.1,2.242,-4.0944,wall_following
2026-07-09 11:53:20.635,pillar_wall_good,pill_good_02,positive,-0.0192,0.0958,-0.0085,0.0018,0.562,65.533,2.936,0.5664,0.1,2.245,-4.0857,wall_following
2026-07-09 11:53:20.735,pillar_wall_good,pill_good_02,positive,-0.0479,-0.1437,-0.2738,0.0013,0.559,65.533,2.948,0.574,0.1,2.252,-4.0778,wall_following
2026-07-09 11:53:20.835,pillar_wall_good,pill_good_02,positive,0.4119,-0.0958,-0.0607,0.0011,0.558,65.533,2.952,0.5818,0.1,2.269,-4.0697,wall_following
2026-07-09 11:53:20.935,pillar_wall_good,pill_good_02,positive,0.6131,-0.182,-0.0874,0.0018,0.554,65.533,2.948,0.5892,0.1,2.258,-4.0621,wall_following
2026-07-09 11:53:21.035,pillar_wall_good,pill_good_02,positive,0.7664,-0.1916,-0.0362,0.0011,0.548,65.533,2.948,0.5969,0.1,2.266,-4.054,wall_following
2026-07-09 11:53:21.135,pillar_wall_good,pill_good_02,positive,0.3257,-0.3161,-0.1257,0.0015,0.538,65.533,2.951,0.6042,0.1,2.272,-4.0464,wall_following
2026-07-09 11:53:21.235,pillar_wall_good,pill_good_02,positive,-0.3928,-0.2108,-0.179,0.0002,0.542,65.533,2.957,0.611,0.1,2.278,-4.0393,wall_following
2026-07-09 11:53:21.335,pillar_wall_good,pill_good_02,positive,0.3736,-0.0096,0.0671,0.0011,0.541,65.533,2.966,0.618,0.1,2.278,-4.032,wall_following
2026-07-09 11:53:21.435,pillar_wall_good,pill_good_02,positive,-1.2837,0.4982,2.6877,0.0003,0.535,65.533,2.981,0.6249,0.1,2.28,-4.0247,wall_following
2026-07-09 11:53:21.535,pillar_wall_good,pill_good_02,positive,0.4311,-0.1916,-0.0746,0.0005,0.54,65.533,2.976,0.6317,0.1,2.287,-4.0176,wall_following
2026-07-09 11:53:21.635,pillar_wall_good,pill_good_02,positive,0.1533,-0.0958,-0.0767,0.0008,0.53,65.533,2.973,0.6385,0.1,2.285,-4.0105,wall_following
2026-07-09 11:53:21.735,pillar_wall_good,pill_good_02,positive,0.4407,-0.1724,-0.1598,0.0006,0.532,65.533,2.974,0.6453,0.1,2.29,-4.0034,wall_following
2026-07-09 11:53:21.835,pillar_wall_good,pill_good_02,positive,-0.1724,-0.2587,-0.1364,0.0002,0.527,65.533,2.978,0.652,0.1,2.29,-3.9964,wall_following
2026-07-09 11:53:21.935,pillar_wall_good,pill_good_02,positive,0.2395,-0.182,-0.114,-0.0001,0.526,65.533,2.979,0.6586,0.1,2.292,-3.9895,wall_following
2026-07-09 11:53:22.035,pillar_wall_good,pill_good_02,positive,-0.0096,-0.2299,-0.0788,-0.001,0.519,65.533,2.98,0.6648,0.1,2.295,-3.983,wall_following
2026-07-09 11:53:22.135,pillar_wall_good,pill_good_02,positive,0.4119,-0.297,-0.212,-0.0006,0.522,65.533,2.984,0.6711,0.1,2.303,-3.9764,wall_following
2026-07-09 11:53:22.235,pillar_wall_good,pill_good_02,positive,0.2587,-0.2587,-0.0671,-0.0005,0.526,65.533,2.987,0.6773,0.1,2.307,-3.9699,wall_following
2026-07-09 11:53:22.335,pillar_wall_good,pill_good_02,positive,0.2491,-0.4024,0.0479,-0.0004,0.519,65.533,2.985,0.6836,0.1,2.304,-3.9634,wall_following
2026-07-09 11:53:22.435,pillar_wall_good,pill_good_02,positive,0.297,-0.2395,-0.0639,-0.0004,0.506,65.533,2.989,0.6898,0.1,2.312,-3.9569,wall_following
2026-07-09 11:53:22.535,pillar_wall_good,pill_good_02,positive,-0.0766,-0.1916,-0.2056,-0.0013,0.513,65.533,2.99,0.6958,0.1,2.313,-3.9507,wall_following
2026-07-09 11:53:22.636,pillar_wall_good,pill_good_02,positive,0.0862,-0.1724,-0.0916,-0.0011,0.518,65.533,2.994,0.6993,0.1,2.297,-3.947,wall_following
2026-07-09 11:53:22.735,pillar_wall_good,pill_good_02,positive,-0.1341,-0.2491,-0.1672,-0.0007,0.514,65.533,2.989,0.7077,0.1,2.307,-3.9383,wall_following
2026-07-09 11:53:22.835,pillar_wall_good,pill_good_02,positive,0.1724,-0.1533,0.0501,-0.0009,0.517,65.533,2.987,0.7132,0.1,2.304,-3.9326,wall_following
2026-07-09 11:53:22.935,pillar_wall_good,pill_good_02,positive,0.5556,-0.4215,0.0937,-0.0005,0.524,65.533,2.984,0.7192,0.1,2.305,-3.9264,wall_following
2026-07-09 11:53:23.035,pillar_wall_good,pill_good_02,positive,0.364,-0.2108,0.1577,-0.0001,0.508,65.533,2.99,0.7251,0.1,2.3,-3.9203,wall_following
2026-07-09 11:53:23.135,pillar_wall_good,pill_good_02,positive,0.6227,-0.115,-0.0554,-0.0009,0.508,65.533,2.997,0.7309,0.1,2.313,-3.9143,wall_following
2026-07-09 11:53:23.235,pillar_wall_good,pill_good_02,positive,0.479,-0.297,-0.1353,-0.0008,0.503,65.533,2.994,0.737,0.1,2.31,-3.9081,wall_following
2026-07-09 11:53:23.335,pillar_wall_good,pill_good_02,positive,0.5844,-0.115,-0.1353,-0.0013,0.519,65.533,2.997,0.7427,0.1,2.307,-3.9022,wall_following
2026-07-09 11:53:23.435,pillar_wall_good,pill_good_02,positive,0.7856,0.3161,-0.6967,-0.0008,0.508,65.533,2.992,0.7486,0.1,2.312,-3.8962,wall_following
2026-07-09 11:53:23.535,pillar_wall_good,pill_good_02,positive,0.2012,-0.1629,-0.049,-0.0035,0.501,65.533,2.987,0.7546,0.1,2.333,-3.8901,wall_following
2026-07-09 11:53:23.635,pillar_wall_good,pill_good_02,positive,0.4215,-0.297,-0.2237,-0.0037,0.51,65.533,2.996,0.7606,0.1,2.295,-3.8839,wall_following
2026-07-09 11:53:23.735,pillar_wall_good,pill_good_02,positive,0.0575,-0.0383,0.0618,-0.0035,0.501,65.533,2.989,0.7665,0.1,2.346,-3.8779,wall_following
2026-07-09 11:53:23.835,pillar_wall_good,pill_good_02,positive,0.4215,-0.1629,-0.1768,-0.0033,0.504,65.533,2.996,0.7722,0.1,5.602,-3.8721,wall_following
2026-07-09 11:53:23.935,pillar_wall_good,pill_good_02,positive,0.364,-0.1533,-0.1033,-0.0028,0.516,65.533,2.984,0.7779,0.1,5.588,-3.8663,wall_following
2026-07-09 11:53:24.035,pillar_wall_good,pill_good_02,positive,0.2299,-0.115,0.0234,-0.0025,0.51,65.533,2.992,0.7828,0.1,5.614,-3.8614,wall_following
2026-07-09 11:53:24.135,pillar_wall_good,pill_good_02,positive,-0.0383,-0.364,0.0,-0.0028,0.503,65.533,2.986,0.7881,0.1,5.607,-3.8561,wall_following
2026-07-09 11:53:24.236,pillar_wall_good,pill_good_02,positive,-1.2837,0.4982,2.6877,-0.0052,0.501,65.533,2.993,0.7946,0.1,5.616,-3.8496,wall_following
2026-07-09 11:53:24.335,pillar_wall_good,pill_good_02,positive,0.2108,-0.1437,-0.1459,-0.0036,0.507,65.533,2.995,0.801,0.1,5.586,-3.8433,wall_following
2026-07-09 11:53:24.435,pillar_wall_good,pill_good_02,positive,-1.2837,0.4982,2.6877,-0.0043,0.507,65.533,2.988,0.8064,0.1,5.55,-3.838,wall_following
2026-07-09 11:53:24.535,pillar_wall_good,pill_good_02,positive,0.7185,-0.2682,0.0597,-0.0045,0.514,65.533,2.995,0.8121,0.1,5.62,-3.8324,wall_following
2026-07-09 11:53:24.635,pillar_wall_good,pill_good_02,positive,0.4694,-0.1724,0.1449,-0.0025,0.505,65.533,2.986,0.8178,0.1,5.596,-3.8268,wall_following
2026-07-09 11:53:24.735,pillar_wall_good,pill_good_02,positive,0.1629,-0.3545,-0.0586,-0.0044,0.519,65.533,2.992,0.824,0.1,5.595,-3.8208,wall_following
2026-07-09 11:53:24.835,pillar_wall_good,pill_good_02,positive,0.3161,-0.2587,0.0842,-0.0032,0.506,65.533,2.991,0.8298,0.1,5.541,-3.8152,wall_following
2026-07-09 11:53:24.935,pillar_wall_good,pill_good_02,positive,0.182,-0.2299,-0.1736,-0.0044,0.501,65.533,2.993,0.8357,0.1,5.563,-3.8095,wall_following
2026-07-09 11:53:25.035,pillar_wall_good,pill_good_02,positive,-0.3545,-0.1629,-0.1342,-0.0027,0.512,65.533,2.992,0.8414,0.1,5.578,-3.804,wall_following
2026-07-09 11:53:25.135,pillar_wall_good,pill_good_02,positive,-0.115,-0.2203,0.0682,-0.0031,0.513,65.533,2.998,0.8472,0.1,5.546,-3.7985,wall_following
2026-07-09 11:53:25.235,pillar_wall_good,pill_good_02,positive,0.4311,-0.1916,0.1523,-0.0045,0.508,65.533,2.988,0.8532,0.1,5.532,-3.7928,wall_following
2026-07-09 11:53:25.335,pillar_wall_good,pill_good_02,positive,0.1629,-0.1629,0.0075,-0.0042,0.502,65.533,2.989,0.8592,0.1,5.543,-3.7871,wall_following
2026-07-09 11:53:25.435,pillar_wall_good,pill_good_02,positive,-0.0671,-0.1437,-0.1278,-0.0054,0.501,65.533,3.007,0.8651,0.1,5.514,-3.7816,wall_following
2026-07-09 11:53:25.535,pillar_wall_good,pill_good_02,positive,0.1916,-0.297,-0.0096,-0.0041,0.501,65.533,2.992,0.8709,0.1,5.541,-3.7762,wall_following
2026-07-09 11:53:25.635,pillar_wall_good,pill_good_02,positive,0.2012,-0.3928,0.0245,-0.0035,0.497,65.533,2.998,0.8765,0.1,5.543,-3.771,wall_following
2026-07-09 11:53:25.735,pillar_wall_good,pill_good_02,positive,0.297,-0.2108,0.0011,-0.0046,0.506,65.533,2.991,0.8824,0.1,5.538,-3.7656,wall_following
2026-07-09 11:53:25.835,pillar_wall_good,pill_good_02,positive,0.8814,-0.0862,0.0362,-0.0042,0.498,65.533,2.997,0.888,0.1,5.513,-3.7605,wall_following
2026-07-09 11:53:25.935,pillar_wall_good,pill_good_02,positive,0.2203,-0.1437,-0.1023,-0.0052,0.51,65.533,2.991,0.8936,0.1,5.475,-3.7554,wall_following
2026-07-09 11:53:26.035,pillar_wall_good,pill_good_02,positive,0.4024,0.1054,0.1353,-0.0029,0.506,65.533,2.99,0.8992,0.1,5.45,-3.7503,wall_following
2026-07-09 11:53:26.135,pillar_wall_good,pill_good_02,positive,-0.1533,-0.0287,-0.0224,-0.0032,0.502,65.533,2.992,0.905,0.1,5.422,-3.7451,wall_following
2026-07-09 11:53:26.235,pillar_wall_good,pill_good_02,positive,0.2491,-0.2682,-0.0373,-0.0047,0.502,65.533,2.988,0.911,0.1,5.36,-3.7397,wall_following
2026-07-09 11:53:26.335,pillar_wall_good,pill_good_02,positive,0.1245,-0.1054,-0.033,-0.0049,0.504,65.533,2.998,0.9168,0.1,5.327,-3.7346,wall_following
2026-07-09 11:53:26.435,pillar_wall_good,pill_good_02,positive,0.3449,-0.0575,-0.0266,-0.0048,0.51,65.533,2.99,0.9224,0.1,5.29,-3.7296,wall_following
2026-07-09 11:53:26.535,pillar_wall_good,pill_good_02,positive,0.6035,0.0479,0.1193,-0.0041,0.508,65.533,2.996,0.9282,0.1,5.263,-3.7245,wall_following
2026-07-09 11:53:26.635,pillar_wall_good,pill_good_02,positive,0.2587,-0.0287,0.0756,-0.0028,0.497,65.533,2.995,0.9341,0.1,5.254,-3.7193,wall_following
2026-07-09 11:53:26.735,pillar_wall_good,pill_good_02,positive,0.182,-0.0862,-0.0948,-0.0053,0.515,65.533,2.992,0.94,0.1,5.227,-3.7141,wall_following
2026-07-09 11:53:26.835,pillar_wall_good,pill_good_02,positive,0.479,-0.2299,0.1694,-0.0038,0.506,65.533,2.988,0.9459,0.1,5.207,-3.709,wall_following
2026-07-09 11:53:26.935,pillar_wall_good,pill_good_02,positive,0.2395,-0.3161,-0.1289,-0.0037,0.493,65.533,2.982,0.9516,0.1,5.179,-3.704,wall_following
2026-07-09 11:53:27.035,pillar_wall_good,pill_good_02,positive,0.6802,-0.2012,-0.2503,-0.0037,0.506,65.533,2.992,0.9575,0.1,5.184,-3.6989,wall_following
2026-07-09 11:53:27.135,pillar_wall_good,pill_good_02,positive,0.6227,0.0479,0.033,-0.0031,0.511,65.533,2.999,0.9633,0.1,5.166,-3.694,wall_following
2026-07-09 11:53:27.235,pillar_wall_good,pill_good_02,positive,0.0479,-0.1054,0.1854,-0.0028,0.501,65.533,2.987,0.969,0.1,5.151,-3.6891,wall_following
2026-07-09 11:53:27.335,pillar_wall_good,pill_good_02,positive,-0.1533,-0.0958,-0.1641,-0.0052,0.505,65.533,2.994,0.975,0.1,5.118,-3.684,wall_following
2026-07-09 11:53:27.435,pillar_wall_good,pill_good_02,positive,-0.115,-0.0766,0.0085,-0.0029,0.499,65.533,2.988,0.9809,0.1,5.111,-3.679,wall_following
2026-07-09 11:53:27.535,pillar_wall_good,pill_good_02,positive,0.4215,-0.0766,-0.0937,-0.0042,0.513,65.533,2.991,0.9868,0.1,5.089,-3.6741,wall_following
2026-07-09 11:53:27.635,pillar_wall_good,pill_good_02,positive,0.1437,-0.0287,0.1055,-0.0038,0.509,65.533,2.985,0.9925,0.1,5.075,-3.6693,wall_following
2026-07-09 11:53:27.735,pillar_wall_good,pill_good_02,positive,0.3736,-0.0958,0.0959,-0.0048,0.51,65.533,2.986,0.9985,0.1,5.052,-3.6643,wall_following
2026-07-09 11:53:27.835,pillar_wall_good,pill_good_02,positive,0.4311,-0.0383,-0.0447,-0.0043,0.513,65.533,2.991,1.0044,0.1,5.062,-3.6594,wall_following
2026-07-09 11:53:27.935,pillar_wall_good,pill_good_02,positive,0.6706,-0.0479,-0.0117,-0.0034,0.515,65.533,2.99,1.0104,0.1,5.041,-3.6544,wall_following
2026-07-09 11:53:28.035,pillar_wall_good,pill_good_02,positive,0.2108,-0.2012,0.0234,-0.0041,0.506,65.533,2.994,1.0165,0.1,5.033,-3.6493,wall_following
2026-07-09 11:53:28.135,pillar_wall_good,pill_good_02,positive,0.1629,-0.2012,-0.0277,-0.0028,0.504,65.533,2.991,1.0225,0.1,5.009,-3.6443,wall_following
2026-07-09 11:53:28.235,pillar_wall_good,pill_good_02,positive,-0.0287,-0.1533,-0.0852,-0.0031,0.507,65.533,2.987,1.0288,0.1,4.99,-3.6391,wall_following
2026-07-09 11:53:28.335,pillar_wall_good,pill_good_02,positive,0.3545,-0.1054,-0.0639,-0.003,0.506,65.533,2.997,1.0349,0.1,4.979,-3.6341,wall_following
2026-07-09 11:53:28.435,pillar_wall_good,pill_good_02,positive,1.0059,-0.182,0.049,-0.0032,0.514,65.533,2.989,1.0409,0.1,4.965,-3.6293,wall_following
2026-07-09 11:53:28.536,pillar_wall_good,pill_good_02,positive,0.5077,-0.1724,0.1662,-0.0028,0.504,65.533,2.988,1.0468,0.1,4.941,-3.6245,wall_following
2026-07-09 11:53:28.635,pillar_wall_good,pill_good_02,positive,0.3928,-0.0287,-0.0437,-0.0044,0.511,65.533,2.986,1.0529,0.1,4.927,-3.6196,wall_following
2026-07-09 11:53:28.735,pillar_wall_good,pill_good_02,positive,0.4982,-0.0575,0.017,-0.0038,0.505,65.533,2.996,1.0591,0.1,4.913,-3.6146,wall_following
2026-07-09 11:53:28.835,pillar_wall_good,pill_good_02,positive,0.2108,-0.2395,-0.1012,-0.0045,0.521,65.533,2.991,1.065,0.1,4.9,-3.6099,wall_following
2026-07-09 11:53:28.935,pillar_wall_good,pill_good_02,positive,0.6993,0.0,0.1843,-0.0035,0.497,65.533,2.987,1.0711,0.1,4.883,-3.6051,wall_following
2026-07-09 11:53:29.035,pillar_wall_good,pill_good_02,positive,0.4407,-0.182,-0.2003,-0.005,0.504,65.533,2.99,1.0771,0.1,4.868,-3.6003,wall_following
2026-07-09 11:53:29.135,pillar_wall_good,pill_good_02,positive,0.0479,0.0383,-0.1502,-0.0047,0.51,65.533,2.986,1.0834,0.1,4.849,-3.5953,wall_following
2026-07-09 11:53:29.235,pillar_wall_good,pill_good_02,positive,0.0862,-0.2203,0.0405,-0.0028,0.502,65.533,2.991,1.0891,0.1,4.82,-3.5909,wall_following
2026-07-09 11:53:29.335,pillar_wall_good,pill_good_02,positive,0.0096,0.0192,-0.0831,-0.0056,0.505,65.533,2.996,1.0952,0.1,4.837,-3.5862,wall_following
2026-07-09 11:53:29.435,pillar_wall_good,pill_good_02,positive,0.182,-0.0479,0.017,-0.003,0.505,65.533,2.987,1.1012,0.1,4.839,-3.5816,wall_following
2026-07-09 11:53:29.535,pillar_wall_good,pill_good_02,positive,0.3257,0.0383,0.0288,-0.0044,0.512,65.533,2.992,1.1071,0.1,4.871,-3.5771,wall_following
2026-07-09 11:53:29.635,pillar_wall_good,pill_good_02,positive,-0.0479,-0.0766,0.0767,-0.0036,0.502,65.533,2.991,1.113,0.1,4.83,-3.5726,wall_following
2026-07-09 11:53:29.735,pillar_wall_good,pill_good_02,positive,0.0479,0.0192,-0.0224,-0.0031,0.505,65.533,2.989,1.1189,0.1,4.878,-3.5682,wall_following
2026-07-09 11:53:29.835,pillar_wall_good,pill_good_02,positive,0.297,-0.0192,-0.0021,-0.0042,0.505,65.533,2.996,1.1249,0.1,4.885,-3.5637,wall_following
2026-07-09 11:53:29.935,pillar_wall_good,pill_good_02,positive,0.7089,-0.2108,0.0085,-0.003,0.507,65.533,2.989,1.1308,0.1,4.867,-3.5593,wall_following
2026-07-09 11:53:30.035,pillar_wall_good,pill_good_02,positive,0.7377,-0.115,-0.033,-0.0031,0.501,65.533,2.984,1.1367,0.1,4.861,-3.5549,wall_following
2026-07-09 11:53:30.135,pillar_wall_good,pill_good_02,positive,0.4982,0.0287,-0.098,-0.0054,0.504,65.533,2.987,1.1427,0.1,4.842,-3.5505,wall_following
2026-07-09 11:53:30.235,pillar_wall_good,pill_good_02,positive,0.297,-0.0575,0.0458,-0.0044,0.508,65.533,2.993,1.1486,0.1,4.798,-3.5462,wall_following
2026-07-09 11:53:30.335,pillar_wall_good,pill_good_02,positive,0.6323,-0.2491,0.0533,-0.0045,0.502,65.533,2.992,1.1546,0.1,4.77,-3.5419,wall_following
2026-07-09 11:53:30.435,pillar_wall_good,pill_good_02,positive,0.4694,0.0766,-0.0501,-0.0044,0.5,65.533,2.993,1.1605,0.1,4.764,-3.5376,wall_following
2026-07-09 11:53:30.535,pillar_wall_good,pill_good_02,positive,0.5269,0.1724,-0.0245,-0.0046,0.507,65.533,2.995,1.1664,0.1,4.747,-3.5334,wall_following
2026-07-09 11:53:30.635,pillar_wall_good,pill_good_02,positive,0.3736,-0.0671,0.017,-0.0044,0.505,65.533,2.992,1.1722,0.1,4.761,-3.5293,wall_following
2026-07-09 11:53:30.735,pillar_wall_good,pill_good_02,positive,0.4503,0.0766,-0.0149,-0.0028,0.513,65.533,2.991,1.178,0.1,4.748,-3.5252,wall_following
2026-07-09 11:53:30.835,pillar_wall_good,pill_good_02,positive,0.4215,-0.0096,0.1758,-0.0034,0.508,65.533,2.987,1.184,0.1,4.748,-3.5209,wall_following
2026-07-09 11:53:30.935,pillar_wall_good,pill_good_02,positive,0.3449,0.1245,-0.1065,-0.0043,0.512,65.533,2.983,1.1901,0.1,4.735,-3.5166,wall_following
2026-07-09 11:53:31.035,pillar_wall_good,pill_good_02,positive,0.3353,-0.1245,0.1662,-0.0023,0.516,65.533,2.99,1.1961,0.1,4.725,-3.5123,wall_following
2026-07-09 11:53:31.135,pillar_wall_good,pill_good_02,positive,0.5269,-0.0287,0.0394,-0.0025,0.506,65.533,2.989,1.2023,0.1,4.696,-3.5078,wall_following
2026-07-09 11:53:31.235,pillar_wall_good,pill_good_02,positive,0.3449,-0.1629,-0.2003,-0.0029,0.512,65.533,2.996,1.2085,0.1,4.682,-3.5034,wall_following
2026-07-09 11:53:31.335,pillar_wall_good,pill_good_02,positive,0.5556,-0.0287,0.0,-0.0039,0.502,65.533,2.993,1.2147,0.1,4.623,-3.499,wall_following
2026-07-09 11:53:31.435,pillar_wall_good,pill_good_02,positive,0.479,-0.182,-0.1864,-0.0043,0.509,65.533,2.993,1.2207,0.1,4.605,-3.4948,wall_following
2026-07-09 11:53:31.535,pillar_wall_good,pill_good_02,positive,-0.2203,-0.1054,0.1108,-0.0039,0.501,65.533,2.995,1.2268,0.1,4.569,-3.4905,wall_following
2026-07-09 11:53:31.635,pillar_wall_good,pill_good_02,positive,-0.0192,-0.0192,-0.179,-0.0049,0.518,65.533,2.992,1.2328,0.1,4.558,-3.4864,wall_following
2026-07-09 11:53:31.735,pillar_wall_good,pill_good_02,positive,0.5365,-0.1533,0.0288,-0.0037,0.496,65.533,2.989,1.2389,0.1,4.524,-3.4822,wall_following
2026-07-09 11:53:31.835,pillar_wall_good,pill_good_02,positive,0.3161,0.0383,-0.1353,-0.0033,0.5,65.533,2.982,1.245,0.1,4.443,-3.478,wall_following
2026-07-09 11:53:31.935,pillar_wall_good,pill_good_02,positive,0.1245,-0.1245,-0.2248,-0.0033,0.499,65.533,2.973,1.2511,0.1,4.415,-3.4739,wall_following
2026-07-09 11:53:32.035,pillar_wall_good,pill_good_02,positive,0.8239,-0.2108,0.0011,-0.0046,0.509,65.533,2.882,1.2572,0.1,4.439,-3.4698,wall_following
2026-07-09 11:53:32.135,pillar_wall_good,pill_good_02,positive,0.4407,-0.2682,0.1939,-0.0052,0.503,65.533,2.389,1.2631,0.1,4.41,-3.4659,wall_following
2026-07-09 11:53:32.235,pillar_wall_good,pill_good_02,positive,0.2299,-0.2778,-0.0213,-0.0049,0.502,65.533,2.312,1.269,0.1,4.423,-3.462,wall_following
2026-07-09 11:53:32.335,pillar_wall_good,pill_good_02,positive,0.4024,-0.2874,0.0011,-0.0037,0.509,65.533,2.287,1.275,0.1,4.337,-3.4581,wall_following
2026-07-09 11:53:32.435,pillar_wall_good,pill_good_02,positive,0.4982,-0.115,0.0874,-0.0032,0.511,65.533,2.282,1.281,0.1,4.367,-3.4542,wall_following
2026-07-09 11:53:32.535,pillar_wall_good,pill_good_02,positive,0.6227,-0.2012,0.1246,-0.0046,0.501,65.533,2.264,1.287,0.1,4.353,-3.4503,wall_following
2026-07-09 11:53:32.635,pillar_wall_good,pill_good_02,positive,0.5077,-0.1916,-0.2045,-0.0055,0.517,65.533,2.261,1.293,0.1,4.383,-3.4464,wall_following
2026-07-09 11:53:32.735,pillar_wall_good,pill_good_02,positive,0.4215,0.1054,0.3206,-0.0024,0.51,65.533,2.271,1.299,0.1,4.345,-3.4425,wall_following
2026-07-09 11:53:32.835,pillar_wall_good,pill_good_02,positive,-0.2203,-0.0575,-0.049,-0.0035,0.502,65.533,2.267,1.3046,0.1,4.306,-3.4389,wall_following
2026-07-09 11:53:32.935,pillar_wall_good,pill_good_02,positive,0.4407,0.0192,-0.1747,-0.0043,0.509,65.533,2.3,1.3106,0.1,4.248,-3.435,wall_following
2026-07-09 11:53:33.035,pillar_wall_good,pill_good_02,positive,0.5365,-0.0958,0.0937,-0.003,0.505,65.533,2.348,1.3172,0.1,4.215,-3.4308,wall_following
2026-07-09 11:53:33.135,pillar_wall_good,pill_good_02,positive,0.364,-0.2012,-0.0586,-0.0041,0.51,65.533,2.504,1.3233,0.1,4.2,-3.427,wall_following
2026-07-09 11:53:33.235,pillar_wall_good,pill_good_02,positive,0.4598,-0.1724,0.0895,-0.0032,0.5,65.533,2.782,1.3293,0.1,4.172,-3.4232,wall_following
2026-07-09 11:53:33.335,pillar_wall_good,pill_good_02,positive,0.1533,-0.0671,-0.081,-0.0035,0.511,65.533,2.985,1.3353,0.1,4.167,-3.4195,wall_following
2026-07-09 11:53:33.435,pillar_wall_good,pill_good_02,positive,0.5556,-0.1341,0.2418,-0.004,0.5,65.533,2.987,1.3412,0.1,4.155,-3.4158,wall_following
2026-07-09 11:53:33.535,pillar_wall_good,pill_good_02,positive,0.3161,-0.115,0.2802,-0.0031,0.508,4.946,2.993,1.3474,0.1,4.16,-3.412,wall_following
2026-07-09 11:53:33.635,pillar_wall_good,pill_good_02,positive,0.4407,-0.3066,-0.2439,-0.0031,0.498,65.533,2.992,1.3534,0.1,4.133,-3.4082,wall_following
2026-07-09 11:53:33.735,pillar_wall_good,pill_good_02,positive,0.0479,0.0287,-0.3196,-0.0035,0.51,65.533,2.988,1.3595,0.1,4.121,-3.4044,wall_following
2026-07-09 11:53:33.835,pillar_wall_good,pill_good_02,positive,0.6419,-0.0958,0.1939,-0.0024,0.51,65.533,2.99,1.3654,0.1,4.102,-3.4009,wall_following
2026-07-09 11:53:33.935,pillar_wall_good,pill_good_02,positive,0.182,0.0192,-0.0692,-0.0022,0.509,65.533,3.001,1.3715,0.1,4.129,-3.3972,wall_following
2026-07-09 11:53:34.035,pillar_wall_good,pill_good_02,positive,0.3257,0.0287,-0.0128,-0.0046,0.514,65.533,2.982,1.3776,0.1,4.077,-3.3935,wall_following
2026-07-09 11:53:34.135,pillar_wall_good,pill_good_02,positive,0.7089,-0.1916,0.1481,-0.0041,0.503,65.533,2.993,1.3837,0.1,4.088,-3.3899,wall_following
2026-07-09 11:53:34.235,pillar_wall_good,pill_good_02,positive,-0.1245,0.1341,-0.1459,-0.005,0.506,65.533,2.996,1.3897,0.1,4.09,-3.3863,wall_following
2026-07-09 11:53:34.335,pillar_wall_good,pill_good_02,positive,0.7089,-0.0575,0.0991,-0.0033,0.513,65.533,2.997,1.3957,0.1,4.058,-3.3828,wall_following
2026-07-09 11:53:34.435,pillar_wall_good,pill_good_02,positive,0.4982,-0.1629,0.1278,-0.0026,0.504,65.533,2.989,1.4017,0.1,4.058,-3.3793,wall_following
2026-07-09 11:53:34.535,pillar_wall_good,pill_good_02,positive,0.6131,-0.2203,-0.0245,-0.005,0.51,65.533,3.003,1.4077,0.1,4.054,-3.3758,wall_following
2026-07-09 11:53:34.635,pillar_wall_good,pill_good_02,positive,0.8335,0.0192,0.0842,-0.0025,0.505,65.533,2.992,1.4137,0.1,4.053,-3.3724,wall_following
2026-07-09 11:53:34.735,pillar_wall_good,pill_good_02,positive,0.3736,0.0,-0.032,-0.0034,0.523,65.533,2.994,1.42,0.1,4.046,-3.3688,wall_following
2026-07-09 11:53:34.835,pillar_wall_good,pill_good_02,positive,0.5461,-0.1245,0.3068,-0.003,0.513,65.533,2.998,1.4257,0.1,4.044,-3.3655,wall_following
2026-07-09 11:53:34.935,pillar_wall_good,pill_good_02,positive,0.1724,-0.1054,0.0,-0.0037,0.447,65.533,2.989,1.432,0.1,4.041,-3.3618,wall_following
2026-07-09 11:53:35.035,pillar_wall_good,pill_good_02,positive,0.594,-0.1054,-1.0163,-0.0045,0.348,65.533,2.993,1.438,0.05,4.029,-3.3584,obstacle_detected
2026-07-09 11:53:35.135,pillar_wall_good,pill_good_02,positive,0.3449,-0.2491,0.5252,-0.003,0.346,65.533,2.995,1.4426,0.05,4.019,-3.3563,obstacle_detected
2026-07-09 11:53:35.235,pillar_wall_good,pill_good_02,positive,0.6131,-0.0479,-0.0575,-0.0018,0.343,65.533,2.993,1.445,0.05,4.014,-3.3552,obstacle_detected
2026-07-09 11:53:35.335,pillar_wall_good,pill_good_02,positive,-0.1533,-0.1437,0.0394,-0.0024,0.342,65.533,2.999,1.4471,0.05,4.008,-3.3542,obstacle_detected
2026-07-09 11:53:35.435,pillar_wall_good,pill_good_02,positive,0.4598,-0.1437,0.1726,-0.0024,0.347,65.533,2.996,1.4502,0.05,4.013,-3.3527,obstacle_detected
2026-07-09 11:53:35.535,pillar_wall_good,pill_good_02,positive,0.3832,-0.0862,-0.0394,-0.0018,0.35,65.533,2.977,1.4533,0.08,4.005,-3.3512,obstacle_avoidance
2026-07-09 11:53:35.635,pillar_wall_good,pill_good_02,positive,0.6514,-0.1724,-1.1121,-0.0062,0.348,65.533,2.993,1.4563,0.08,3.997,-3.3498,obstacle_avoidance
2026-07-09 11:53:35.735,pillar_wall_good,pill_good_02,positive,-0.6035,-0.0862,-1.2868,-0.0116,0.354,65.533,2.998,1.4607,0.08,3.983,-3.3486,obstacle_avoidance
2026-07-09 11:53:35.835,pillar_wall_good,pill_good_02,positive,-1.2837,0.4982,2.6877,-0.0149,0.358,65.533,2.981,1.4639,0.08,3.976,-3.3496,obstacle_avoidance
2026-07-09 11:53:35.935,pillar_wall_good,pill_good_02,positive,-1.1496,-0.4598,-1.0493,-0.0145,0.373,65.533,2.969,1.4655,0.08,3.96,-3.3538,obstacle_avoidance
2026-07-09 11:53:36.035,pillar_wall_good,pill_good_02,positive,-0.1916,0.0575,-0.7649,-0.0276,0.393,65.533,2.951,1.4643,0.08,3.941,-3.363,obstacle_avoidance
2026-07-09 11:53:36.135,pillar_wall_good,pill_good_02,positive,-0.1916,-0.1437,-0.6083,-0.0229,0.414,65.533,2.934,1.4597,0.08,3.923,-3.3768,obstacle_avoidance
2026-07-09 11:53:36.235,pillar_wall_good,pill_good_02,positive,-1.0921,-0.0958,-0.3771,-0.0382,0.441,65.533,2.902,1.4515,0.08,3.886,-3.3953,obstacle_avoidance
2026-07-09 11:53:36.335,pillar_wall_good,pill_good_02,positive,0.7472,1.3125,-0.1129,-0.0417,0.478,65.533,2.86,1.4398,0.08,3.848,-3.4182,obstacle_avoidance
2026-07-09 11:53:36.435,pillar_wall_good,pill_good_02,positive,1.2742,-0.1629,-0.3633,-0.0262,0.517,65.533,2.816,1.4271,0.08,3.836,-3.4418,obstacle_avoidance
2026-07-09 11:53:36.535,pillar_wall_good,pill_good_02,positive,-0.2299,-0.364,-0.1822,-0.0423,0.549,65.533,2.782,1.4134,0.08,3.777,-3.4657,obstacle_avoidance
2026-07-09 11:53:36.635,pillar_wall_good,pill_good_02,positive,-1.3795,-0.2395,-0.0554,-0.0271,0.591,65.533,2.762,1.3991,0.08,3.899,-3.4899,obstacle_avoidance
2026-07-09 11:53:36.735,pillar_wall_good,pill_good_02,positive,-0.4694,0.0958,-0.1055,-0.043,0.618,65.533,2.699,1.3842,0.08,3.869,-3.515,obstacle_avoidance
2026-07-09 11:53:36.835,pillar_wall_good,pill_good_02,positive,-0.8335,0.0575,0.016,-0.0383,0.66,65.533,2.661,1.3685,0.08,3.834,-3.5407,obstacle_avoidance
2026-07-09 11:53:36.935,pillar_wall_good,pill_good_02,positive,-1.2837,0.4982,2.6877,-0.0342,0.687,65.533,2.632,1.3522,0.08,3.824,-3.5667,obstacle_avoidance
2026-07-09 11:53:37.035,pillar_wall_good,pill_good_02,positive,-0.6802,-0.0192,-0.0256,-0.0245,0.734,65.533,1.404,1.3359,0.08,3.828,-3.5922,obstacle_avoidance
2026-07-09 11:53:37.135,pillar_wall_good,pill_good_02,positive,0.3928,0.2874,-0.0852,-0.031,0.772,65.533,1.295,1.3186,0.08,3.831,-3.6186,obstacle_avoidance
2026-07-09 11:53:37.235,pillar_wall_good,pill_good_02,positive,0.1916,-0.1724,0.0298,-0.0402,0.802,65.533,1.243,1.3007,0.08,3.841,-3.6455,obstacle_avoidance
2026-07-09 11:53:37.335,pillar_wall_good,pill_good_02,positive,1.0442,-0.3736,0.0479,-0.0262,0.838,65.533,1.199,1.284,0.08,3.841,-3.6703,obstacle_avoidance
2026-07-09 11:53:37.435,pillar_wall_good,pill_good_02,positive,0.2587,-0.1916,-0.0032,-0.0363,0.869,65.533,1.164,1.2643,0.08,3.863,-3.6988,obstacle_avoidance
2026-07-09 11:53:37.535,pillar_wall_good,pill_good_02,positive,-0.5461,-0.0862,-0.0352,-0.038,0.905,65.533,1.128,1.2458,0.08,3.946,-3.7255,obstacle_avoidance
2026-07-09 11:53:37.635,pillar_wall_good,pill_good_02,positive,-0.7951,-0.3545,0.0,-0.0234,0.948,10.94,1.09,1.227,0.08,4.021,-3.7522,obstacle_avoidance
2026-07-09 11:53:37.735,pillar_wall_good,pill_good_02,positive,-0.6323,-0.1724,-0.0245,-0.034,0.999,10.977,1.048,1.2077,0.08,4.072,-3.7791,obstacle_avoidance
2026-07-09 11:53:37.835,pillar_wall_good,pill_good_02,positive,-0.843,-0.1054,-0.0426,-0.0266,1.034,5.597,1.013,1.1882,0.08,4.123,-3.8059,obstacle_avoidance
2026-07-09 11:53:37.935,pillar_wall_good,pill_good_02,positive,-0.3928,0.0096,0.049,-0.0417,1.073,5.522,0.979,1.1682,0.08,4.198,-3.8328,obstacle_avoidance
2026-07-09 11:53:38.035,pillar_wall_good,pill_good_02,positive,-0.4982,0.115,-0.0288,-0.0392,1.109,65.533,0.93,1.1476,0.08,4.283,-3.8598,wall_reacquired
2026-07-09 11:53:38.135,pillar_wall_good,pill_good_02,positive,1.2742,-0.0862,0.0852,-0.024,1.155,65.533,0.9,1.1278,0.08,4.394,-3.8854,wall_reacquired
2026-07-09 11:53:38.235,pillar_wall_good,pill_good_02,positive,0.364,-0.2203,0.1012,-0.0284,1.192,65.533,0.871,1.1107,0.08,4.361,-3.9072,wall_reacquired
2026-07-09 11:53:38.335,pillar_wall_good,pill_good_02,positive,1.5328,0.0192,0.1214,-0.0255,1.328,65.533,0.848,1.0976,0.08,4.377,-3.9242,wall_reacquired
2026-07-09 11:53:38.435,pillar_wall_good,pill_good_02,positive,0.297,0.0958,0.278,-0.0183,1.382,5.69,0.819,1.0869,0.08,4.414,-3.9384,wall_reacquired
2026-07-09 11:53:38.535,pillar_wall_good,pill_good_02,positive,0.6227,0.0766,0.5209,-0.0142,1.401,5.669,0.807,1.0791,0.08,4.351,-3.9496,wall_reacquired
2026-07-09 11:53:38.635,pillar_wall_good,pill_good_02,positive,0.4024,0.1629,0.9715,-0.009,1.42,5.658,0.795,1.0744,0.08,4.389,-3.9572,wall_reacquired
2026-07-09 11:53:38.735,pillar_wall_good,pill_good_02,positive,0.3161,0.182,1.6842,-0.0031,1.43,5.638,0.792,1.0721,0.08,4.365,-3.962,wall_reacquired
2026-07-09 11:53:38.835,pillar_wall_good,pill_good_02,positive,0.4119,0.4215,2.073,-0.0006,1.427,5.669,0.788,1.0715,0.08,4.284,-3.9654,wall_reacquired
2026-07-09 11:53:38.935,pillar_wall_good,pill_good_02,positive,-0.297,0.6035,1.8972,0.0004,1.423,5.591,0.786,1.0728,0.08,4.234,-3.968,wall_reacquired
2026-07-09 11:53:39.035,pillar_wall_good,pill_good_02,positive,-0.2874,0.6419,1.8046,0.0044,1.417,5.498,0.793,1.0773,0.08,4.138,-3.9697,wall_reacquired
2026-07-09 11:53:39.135,pillar_wall_good,pill_good_02,positive,-1.1209,0.4311,1.273,0.0061,1.407,5.47,0.8,1.0871,0.08,4.015,-3.9684,wall_reacquired
2026-07-09 11:53:39.235,pillar_wall_good,pill_good_02,positive,-0.0958,0.5748,0.7457,0.0128,1.385,5.453,0.816,1.1031,0.08,3.933,-3.9625,wall_reacquired
2026-07-09 11:53:39.335,pillar_wall_good,pill_good_02,positive,0.5844,0.1533,0.5752,0.0114,1.376,5.482,0.836,1.1222,0.08,3.842,-3.9525,wall_reacquired
2026-07-09 11:53:39.435,pillar_wall_good,pill_good_02,positive,0.7472,-0.2203,0.2727,0.0163,1.361,5.524,0.86,1.1419,0.08,3.789,-3.9404,wall_reacquired
2026-07-09 11:53:39.535,pillar_wall_good,pill_good_02,positive,-0.0862,-0.0671,0.1193,0.0128,1.325,5.637,0.876,1.1607,0.1,3.757,-3.9277,approaching_wall
2026-07-09 11:53:39.635,pillar_wall_good,pill_good_02,positive,-0.4119,-0.0192,0.066,0.0161,1.297,10.833,0.893,1.1814,0.1,3.691,-3.9128,approaching_wall
2026-07-09 11:53:39.735,pillar_wall_good,pill_good_02,positive,0.4311,0.0096,0.098,0.0271,1.281,10.808,0.926,1.2048,0.1,3.62,-3.8956,approaching_wall
2026-07-09 11:53:39.835,pillar_wall_good,pill_good_02,positive,0.9484,0.2108,0.0746,0.0237,1.236,65.533,0.97,1.2291,0.1,3.491,-3.8771,approaching_wall
2026-07-09 11:53:39.935,pillar_wall_good,pill_good_02,positive,-0.364,-0.1533,-0.0053,0.0212,1.198,65.533,1.0,1.2524,0.1,3.393,-3.859,approaching_wall
2026-07-09 11:53:40.035,pillar_wall_good,pill_good_02,positive,1.073,-0.1724,0.016,0.0211,1.174,65.533,1.024,1.2755,0.1,3.399,-3.8407,approaching_wall
2026-07-09 11:53:40.135,pillar_wall_good,pill_good_02,positive,0.364,0.0096,-0.0138,0.0247,1.134,65.533,1.054,1.2983,0.1,3.311,-3.8223,approaching_wall
2026-07-09 11:53:40.235,pillar_wall_good,pill_good_02,positive,0.297,-0.297,0.0565,0.0176,1.097,65.533,1.098,1.3209,0.1,3.314,-3.8036,approaching_wall
2026-07-09 11:53:40.335,pillar_wall_good,pill_good_02,positive,0.6323,-0.182,0.0597,0.0311,1.073,65.533,1.142,1.344,0.1,3.33,-3.7839,approaching_wall
2026-07-09 11:53:40.435,pillar_wall_good,pill_good_02,positive,0.3928,0.1341,0.0245,0.0247,1.037,65.533,2.442,1.3677,0.1,3.376,-3.7632,approaching_wall
2026-07-09 11:53:40.535,pillar_wall_good,pill_good_02,positive,-0.2012,-0.2012,-0.0128,0.0226,1.01,65.533,2.476,1.3892,0.1,3.425,-3.7439,approaching_wall
2026-07-09 11:53:40.635,pillar_wall_good,pill_good_02,positive,-1.2837,0.4982,2.6877,0.0213,0.986,65.533,2.512,1.4116,0.1,3.447,-3.7233,approaching_wall
2026-07-09 11:53:40.735,pillar_wall_good,pill_good_02,positive,0.9293,0.1437,-0.0533,0.0168,0.937,65.533,2.54,1.4335,0.1,3.491,-3.7027,approaching_wall
2026-07-09 11:53:40.835,pillar_wall_good,pill_good_02,positive,-0.1916,0.3353,-0.0543,0.0255,0.917,65.533,2.567,1.4557,0.1,3.53,-3.6815,approaching_wall
2026-07-09 11:53:40.935,pillar_wall_good,pill_good_02,positive,0.4694,0.0,-0.0107,0.0158,0.892,65.533,2.595,1.4774,0.1,3.556,-3.6604,approaching_wall
2026-07-09 11:53:41.035,pillar_wall_good,pill_good_02,positive,-0.0479,-0.0479,0.0181,0.0172,0.86,65.533,2.634,1.4989,0.1,3.629,-3.6392,approaching_wall
2026-07-09 11:53:41.135,pillar_wall_good,pill_good_02,positive,0.6802,-0.182,0.0298,0.0251,0.836,65.533,2.651,1.5207,0.1,3.66,-3.6174,approaching_wall
2026-07-09 11:53:41.235,pillar_wall_good,pill_good_02,positive,-0.297,-0.297,-0.0181,0.0139,0.796,65.533,2.299,1.5407,0.1,3.687,-3.5972,approaching_wall
2026-07-09 11:53:41.335,pillar_wall_good,pill_good_02,positive,1.1688,0.2778,-0.2248,0.0197,0.779,65.533,1.862,1.5591,0.1,3.74,-3.5785,approaching_wall
2026-07-09 11:53:41.435,pillar_wall_good,pill_good_02,positive,-0.594,-0.3066,-0.0799,0.0115,0.752,65.533,2.003,1.5754,0.1,3.759,-3.562,approaching_wall
2026-07-09 11:53:41.535,pillar_wall_good,pill_good_02,positive,0.9197,-0.2778,-0.2131,0.0109,0.739,65.533,2.754,1.5913,0.1,3.778,-3.5462,approaching_wall
2026-07-09 11:53:41.635,pillar_wall_good,pill_good_02,positive,0.4024,-0.1341,-0.1534,0.0126,0.718,65.533,2.774,1.6066,0.1,3.793,-3.5312,approaching_wall
2026-07-09 11:53:41.735,pillar_wall_good,pill_good_02,positive,-0.2299,-0.1629,-0.1522,0.0135,0.697,65.533,2.789,1.6208,0.1,3.828,-3.5175,approaching_wall
2026-07-09 11:53:41.835,pillar_wall_good,pill_good_02,positive,0.7472,-0.0958,-0.1332,0.0077,0.67,65.533,2.814,1.6341,0.1,3.852,-3.505,approaching_wall
2026-07-09 11:53:41.935,pillar_wall_good,pill_good_02,positive,0.4886,-0.0671,-0.2525,0.0074,0.666,65.533,2.829,1.6467,0.1,3.863,-3.4933,approaching_wall
2026-07-09 11:53:42.035,pillar_wall_good,pill_good_02,positive,0.2108,-0.2203,-0.2088,0.0093,0.656,65.533,2.835,1.6588,0.1,3.884,-3.4824,approaching_wall
2026-07-09 11:53:42.135,pillar_wall_good,pill_good_02,positive,0.4407,-0.1341,-0.2067,0.0075,0.648,65.533,2.86,1.6698,0.1,3.886,-3.4728,wall_following
2026-07-09 11:53:42.235,pillar_wall_good,pill_good_02,positive,0.3449,-0.1245,-0.0735,0.0056,0.627,65.533,2.865,1.6816,0.1,3.91,-3.4628,wall_following
2026-07-09 11:53:42.335,pillar_wall_good,pill_good_02,positive,1.1688,-0.0671,-0.2482,0.0052,0.613,65.533,2.872,1.6926,0.1,3.929,-3.4537,wall_following
2026-07-09 11:53:42.435,pillar_wall_good,pill_good_02,positive,0.6227,-0.0383,-0.2919,0.0039,0.606,65.533,2.891,1.7025,0.1,3.955,-3.4458,wall_following
2026-07-09 11:53:42.535,pillar_wall_good,pill_good_02,positive,0.115,-0.1724,-0.2716,0.0016,0.598,65.533,2.9,1.7118,0.1,3.958,-3.4388,wall_following
2026-07-09 11:53:42.635,pillar_wall_good,pill_good_02,positive,0.3257,-0.2299,-0.0799,0.002,0.593,65.533,2.905,1.7215,0.1,3.978,-3.4317,wall_following
2026-07-09 11:53:42.735,pillar_wall_good,pill_good_02,positive,0.364,-0.0862,-0.1374,0.0031,0.593,65.533,2.915,1.7311,0.1,3.971,-3.4249,wall_following
2026-07-09 11:53:42.835,pillar_wall_good,pill_good_02,positive,0.5748,-0.1341,-0.0426,0.0037,0.576,65.533,2.923,1.7401,0.1,3.978,-3.4187,wall_following
2026-07-09 11:53:42.935,pillar_wall_good,pill_good_02,positive,0.6706,-0.2491,-0.2599,0.0016,0.569,65.533,2.926,1.7491,0.1,4.002,-3.4127,wall_following
2026-07-09 11:53:43.035,pillar_wall_good,pill_good_02,positive,0.1245,-0.1341,-0.3015,0.0006,0.569,65.533,2.944,1.7574,0.1,4.007,-3.4075,wall_following
2026-07-09 11:53:43.135,pillar_wall_good,pill_good_02,positive,0.182,-0.2299,-0.18,0.0007,0.56,65.533,2.943,1.7657,0.1,4.008,-3.4025,wall_following
2026-07-09 11:53:43.235,pillar_wall_good,pill_good_02,positive,0.5652,-0.297,-0.2514,-0.0005,0.554,65.533,2.95,1.7742,0.1,4.015,-3.3976,wall_following
2026-07-09 11:53:43.335,pillar_wall_good,pill_good_02,positive,0.7664,-0.2778,-0.2205,0.0003,0.549,65.533,2.957,1.782,0.1,4.015,-3.3933,wall_following
2026-07-09 11:53:43.435,pillar_wall_good,pill_good_02,positive,0.2299,-0.2299,-0.2312,-0.0006,0.544,65.533,2.959,1.7897,0.1,4.03,-3.3893,wall_following
2026-07-09 11:53:43.535,pillar_wall_good,pill_good_02,positive,0.2491,-0.1724,-0.1949,-0.0008,0.541,65.533,2.959,1.7974,0.1,4.033,-3.3855,wall_following
2026-07-09 11:53:43.635,pillar_wall_good,pill_good_02,positive,0.2395,-0.1054,-0.1459,-0.0016,0.535,65.533,2.968,1.8049,0.1,4.037,-3.382,wall_following
2026-07-09 11:53:43.735,pillar_wall_good,pill_good_02,positive,0.2395,-0.1724,-0.2365,-0.0023,0.532,65.533,2.966,1.8122,0.1,4.035,-3.3789,wall_following
2026-07-09 11:53:43.835,pillar_wall_good,pill_good_02,positive,0.2491,-0.0766,-0.1704,-0.0024,0.535,65.533,2.826,1.8193,0.1,4.027,-3.376,wall_following
2026-07-09 11:53:43.935,pillar_wall_good,pill_good_02,positive,0.479,-0.2491,-0.0714,-0.0021,0.532,65.533,2.8,1.8264,0.1,4.041,-3.3733,wall_following
2026-07-09 11:53:44.035,pillar_wall_good,pill_good_02,positive,0.3353,-0.1724,-0.0724,-0.0019,0.535,65.533,2.97,1.8335,0.1,4.057,-3.3707,wall_following
2026-07-09 11:53:44.135,pillar_wall_good,pill_good_02,positive,0.2778,-0.1724,-0.0437,-0.0016,0.538,65.533,2.973,1.8404,0.1,4.056,-3.3682,wall_following
2026-07-09 11:53:44.235,pillar_wall_good,pill_good_02,positive,0.4503,-0.1245,0.0277,-0.0019,0.526,65.533,2.978,1.8475,0.1,4.058,-3.3656,wall_following
2026-07-09 11:53:44.335,pillar_wall_good,pill_good_02,positive,0.7281,-0.0766,-0.0383,-0.0026,0.521,65.533,2.975,1.8546,0.1,4.062,-3.3631,wall_following
2026-07-09 11:53:44.435,pillar_wall_good,pill_good_02,positive,0.5556,-0.1054,-0.0916,-0.0037,0.512,65.533,2.983,1.8613,0.1,4.06,-3.3609,wall_following
2026-07-09 11:53:44.535,pillar_wall_good,pill_good_02,positive,0.1533,-0.1245,-0.1566,-0.004,0.509,65.533,2.981,1.8678,0.1,4.053,-3.359,wall_following
2026-07-09 11:53:44.635,pillar_wall_good,pill_good_02,positive,-0.1437,-0.0096,-0.2226,-0.0027,0.518,65.533,2.985,1.8742,0.1,4.064,-3.3575,wall_following
2026-07-09 11:53:44.735,pillar_wall_good,pill_good_02,positive,0.2682,-0.1533,-0.0352,-0.0037,0.519,65.533,2.985,1.8806,0.1,4.057,-3.3561,wall_following
2026-07-09 11:53:44.835,pillar_wall_good,pill_good_02,positive,0.182,-0.1533,0.049,-0.0026,0.508,65.533,2.983,1.8868,0.1,4.055,-3.3548,wall_following
2026-07-09 11:53:44.936,pillar_wall_good,pill_good_02,positive,0.297,-0.0958,-0.0405,-0.0028,0.519,65.533,2.969,1.893,0.1,4.06,-3.3536,wall_following
2026-07-09 11:53:45.035,pillar_wall_good,pill_good_02,positive,0.8143,-0.0287,0.082,-0.0037,0.51,65.533,2.556,1.8993,0.1,4.066,-3.3524,wall_following
2026-07-09 11:53:45.135,pillar_wall_good,pill_good_02,positive,0.6993,0.0575,0.0053,-0.004,0.502,65.533,2.344,1.9055,0.1,4.068,-3.3513,wall_following
2026-07-09 11:53:45.235,pillar_wall_good,pill_good_02,positive,0.1533,-0.0287,-0.1012,-0.0032,0.504,65.533,2.987,1.9116,0.1,4.077,-3.3503,wall_following
2026-07-09 11:53:45.335,pillar_wall_good,pill_good_02,positive,0.1533,-0.0383,0.0266,-0.0048,0.503,65.533,2.997,1.9176,0.1,4.066,-3.3496,wall_following
2026-07-09 11:53:45.435,pillar_wall_good,pill_good_02,positive,0.3257,-0.0479,-0.0021,-0.0033,0.509,65.533,2.982,1.9234,0.1,4.066,-3.3491,wall_following
2026-07-09 11:53:45.535,pillar_wall_good,pill_good_02,positive,0.8239,-0.115,0.0256,-0.0037,0.502,65.533,2.989,1.9294,0.1,4.067,-3.3485,wall_following
2026-07-09 11:53:45.635,pillar_wall_good,pill_good_02,positive,0.1054,0.0287,-0.0959,-0.0029,0.506,65.533,3.001,1.9352,0.1,4.07,-3.3481,wall_following
2026-07-09 11:53:45.735,pillar_wall_good,pill_good_02,positive,0.6706,0.0383,0.0,-0.004,0.5,65.533,2.993,1.9414,0.1,4.07,-3.3476,wall_following
2026-07-09 11:53:45.835,pillar_wall_good,pill_good_02,positive,0.4215,-0.0575,-0.1385,-0.003,0.517,65.533,2.987,1.9468,0.1,4.069,-3.3473,wall_following
2026-07-09 11:53:45.935,pillar_wall_good,pill_good_02,positive,0.2299,-0.1724,0.1694,-0.0038,0.507,65.533,2.98,1.9527,0.1,4.073,-3.347,wall_following
2026-07-09 11:53:46.035,pillar_wall_good,pill_good_02,positive,0.0192,-0.2203,-0.0373,-0.0029,0.511,65.533,2.983,1.9585,0.1,4.072,-3.3466,wall_following
2026-07-09 11:53:46.135,pillar_wall_good,pill_good_02,positive,0.3928,-0.115,-0.0565,-0.0026,0.522,65.533,2.988,1.9644,0.1,4.069,-3.3461,wall_following
2026-07-09 11:53:46.235,pillar_wall_good,pill_good_02,positive,0.5556,-0.0958,0.2759,-0.003,0.501,65.533,2.989,1.9705,0.1,4.07,-3.3455,wall_following
2026-07-09 11:53:46.335,pillar_wall_good,pill_good_02,positive,0.7185,-0.0862,-0.277,-0.0035,0.507,65.533,2.988,1.9766,0.1,4.087,-3.3448,wall_following
2026-07-09 11:53:46.435,pillar_wall_good,pill_good_02,positive,0.9101,-0.297,0.0,-0.0039,0.507,65.533,3.001,1.9826,0.1,4.084,-3.3443,wall_following
2026-07-09 11:53:46.535,pillar_wall_good,pill_good_02,positive,0.0096,-0.1629,0.0138,-0.0037,0.507,65.533,2.986,1.9885,0.1,4.082,-3.3439,wall_following
2026-07-09 11:53:46.635,pillar_wall_good,pill_good_02,positive,0.4407,-0.182,-0.0554,-0.0046,0.515,65.533,2.991,1.9944,0.1,4.085,-3.3436,wall_following
2026-07-09 11:53:46.735,pillar_wall_good,pill_good_02,positive,0.5844,-0.0287,0.049,-0.0028,0.514,65.533,2.99,2.0004,0.1,4.082,-3.3432,wall_following
2026-07-09 11:53:46.835,pillar_wall_good,pill_good_02,positive,-0.2108,-0.2587,-0.0021,-0.0026,0.5,65.533,2.991,2.0063,0.1,4.079,-3.3428,wall_following
2026-07-09 11:53:46.935,pillar_wall_good,pill_good_02,positive,0.0,-0.1916,-0.2099,-0.0038,0.5,65.533,2.998,2.0122,0.1,4.083,-3.3424,wall_following
2026-07-09 11:53:47.035,pillar_wall_good,pill_good_02,positive,-0.0479,-0.182,-0.098,-0.0043,0.502,65.533,2.991,2.0181,0.1,4.071,-3.3423,wall_following
2026-07-09 11:53:47.135,pillar_wall_good,pill_good_02,positive,-0.0192,-0.1533,-0.098,-0.0051,0.508,65.533,2.984,2.0238,0.1,4.072,-3.3423,wall_following
2026-07-09 11:53:47.235,pillar_wall_good,pill_good_02,positive,-0.1724,-0.0958,0.0383,-0.0045,0.497,65.533,2.993,2.0294,0.1,4.074,-3.3424,wall_following
2026-07-09 11:53:47.335,pillar_wall_good,pill_good_02,positive,-0.3736,-0.115,-0.1438,-0.0051,0.514,65.533,2.984,2.0351,0.1,4.083,-3.3425,wall_following
2026-07-09 11:53:47.435,pillar_wall_good,pill_good_02,positive,0.0862,-0.1724,0.2578,-0.0025,0.505,65.533,2.992,2.0406,0.1,4.08,-3.3427,wall_following
2026-07-09 11:53:47.535,pillar_wall_good,pill_good_02,positive,0.5556,-0.0862,0.0362,-0.0028,0.512,65.533,2.984,2.0466,0.1,4.09,-3.3427,wall_following
2026-07-09 11:53:47.635,pillar_wall_good,pill_good_02,positive,0.2108,-0.0383,0.0937,-0.0041,0.496,65.533,2.985,2.0524,0.1,4.076,-3.3428,wall_following
2026-07-09 11:53:47.735,pillar_wall_good,pill_good_02,positive,0.6323,0.0575,-0.2972,-0.0036,0.508,65.533,2.991,2.058,0.1,4.094,-3.3428,wall_following
2026-07-09 11:53:47.835,pillar_wall_good,pill_good_02,positive,0.8526,0.0671,0.1225,-0.0045,0.51,65.533,2.991,2.0636,0.1,4.074,-3.3431,wall_following
2026-07-09 11:53:47.935,pillar_wall_good,pill_good_02,positive,0.8143,0.0,0.0543,-0.0029,0.505,65.533,2.997,2.0693,0.1,4.064,-3.3433,wall_following
2026-07-09 11:53:48.035,pillar_wall_good,pill_good_02,positive,0.3161,0.0192,-0.0575,-0.0045,0.51,65.533,2.987,2.0752,0.1,4.053,-3.3435,wall_following
2026-07-09 11:53:48.135,pillar_wall_good,pill_good_02,positive,-0.0096,-0.0096,0.0586,-0.0028,0.496,65.533,2.987,2.0808,0.1,4.056,-3.3436,wall_following
2026-07-09 11:53:48.235,pillar_wall_good,pill_good_02,positive,0.2203,-0.0958,-0.31,-0.005,0.497,65.533,2.99,2.0866,0.1,4.044,-3.3438,wall_following
2026-07-09 11:53:48.335,pillar_wall_good,pill_good_02,positive,-0.1341,-0.0766,-0.0692,-0.0052,0.51,65.533,2.978,2.0922,0.1,4.054,-3.3443,wall_following
2026-07-09 11:53:48.435,pillar_wall_good,pill_good_02,positive,-0.2587,-0.2682,0.1172,-0.0049,0.503,65.533,2.989,2.0976,0.1,4.044,-3.3449,wall_following
2026-07-09 11:53:48.536,pillar_wall_good,pill_good_02,positive,0.2491,-0.1916,0.0788,-0.0044,0.51,65.533,2.986,2.1031,0.1,4.034,-3.3453,wall_following
2026-07-09 11:53:48.635,pillar_wall_good,pill_good_02,positive,0.2012,-0.0407,0.0948,-0.003,0.509,65.533,2.989,2.1088,0.1,4.011,-3.3458,wall_following
2026-07-09 11:53:48.735,pillar_wall_good,pill_good_02,positive,0.3353,0.0479,0.131,-0.004,0.506,65.533,2.985,2.1146,0.1,4.018,-3.3462,wall_following
2026-07-09 11:53:48.835,pillar_wall_good,pill_good_02,positive,0.364,0.0192,-0.0373,-0.0046,0.506,65.533,2.99,2.1205,0.1,3.981,-3.3466,wall_following
2026-07-09 11:53:48.935,pillar_wall_good,pill_good_02,positive,0.4311,0.0287,-0.0469,-0.0043,0.508,65.533,2.992,2.1259,0.1,3.987,-3.347,wall_following
2026-07-09 11:53:49.035,pillar_wall_good,pill_good_02,positive,0.4982,0.0671,-0.0373,-0.003,0.514,65.533,2.997,2.1316,0.1,3.988,-3.3474,wall_following
2026-07-09 11:53:49.135,pillar_wall_good,pill_good_02,positive,0.5461,-0.1916,-0.0884,-0.0047,0.507,65.533,2.998,2.1373,0.1,65.533,-3.3478,wall_following
2026-07-09 11:53:49.235,pillar_wall_good,pill_good_02,positive,0.0287,-0.0287,-0.0075,-0.0029,0.502,65.533,2.986,2.1429,0.1,65.533,-3.3482,wall_following
2026-07-09 11:53:49.335,pillar_wall_good,pill_good_02,positive,0.115,-0.1054,-0.1172,-0.0047,0.504,65.533,2.99,2.1487,0.1,65.533,-3.3486,wall_following
2026-07-09 11:53:49.435,pillar_wall_good,pill_good_02,positive,0.0479,0.0287,0.0437,-0.0043,0.502,65.533,2.994,2.1543,0.1,65.533,-3.3492,wall_following
2026-07-09 11:53:49.535,pillar_wall_good,pill_good_02,positive,-0.1054,-0.0766,-0.0724,-0.003,0.512,65.533,2.979,2.1598,0.1,65.533,-3.3499,wall_following
2026-07-09 11:53:49.635,pillar_wall_good,pill_good_02,positive,0.7377,-0.1437,0.1949,-0.0047,0.501,65.533,2.996,2.1655,0.1,65.533,-3.3506,wall_following
2026-07-09 11:53:49.735,pillar_wall_good,pill_good_02,positive,0.3353,0.0192,-0.0895,-0.0045,0.506,65.533,2.994,2.171,0.1,65.533,-3.3513,wall_following
2026-07-09 11:53:49.835,pillar_wall_good,pill_good_02,positive,0.6514,-0.0096,0.0256,-0.0038,0.514,65.533,2.989,2.1765,0.1,65.533,-3.352,wall_following
2026-07-09 11:53:49.935,pillar_wall_good,pill_good_02,positive,1.0251,0.0479,0.229,-0.0023,0.501,65.533,2.993,2.1821,0.1,65.533,-3.3527,wall_following
2026-07-09 11:53:50.035,pillar_wall_good,pill_good_02,positive,0.4694,-0.1916,-0.1811,-0.0045,0.51,65.533,2.994,2.1878,0.1,65.533,-3.3534,wall_following
2026-07-09 11:53:50.135,pillar_wall_good,pill_good_02,positive,0.3257,0.0383,0.0682,-0.0023,0.509,65.533,2.996,2.1931,0.1,65.533,-3.3542,wall_following
2026-07-09 11:53:50.235,pillar_wall_good,pill_good_02,positive,0.2203,-0.1916,0.0064,-0.0048,0.496,65.533,2.991,2.1988,0.1,65.533,-3.3549,wall_following
2026-07-09 11:53:50.335,pillar_wall_good,pill_good_02,positive,-0.0958,-0.3066,-0.3228,-0.0036,0.499,65.533,2.991,2.2045,0.1,65.533,-3.3557,wall_following
2026-07-09 11:53:50.435,pillar_wall_good,pill_good_02,positive,0.7185,-0.1341,-0.0969,-0.0043,0.503,65.533,2.994,2.2098,0.1,65.533,-3.3568,wall_following
2026-07-09 11:53:50.535,pillar_wall_good,pill_good_02,positive,0.1533,-0.0575,-0.0383,-0.0049,0.507,65.533,2.989,2.2151,0.1,65.533,-3.3579,wall_following
2026-07-09 11:53:50.635,pillar_wall_good,pill_good_02,positive,0.0479,-0.1245,0.1012,-0.0031,0.503,65.533,2.995,2.2204,0.1,65.533,-3.359,wall_following
2026-07-09 11:53:50.735,pillar_wall_good,pill_good_02,positive,0.0192,-0.1054,-0.0437,-0.0032,0.497,65.533,2.99,2.2259,0.1,65.533,-3.3601,wall_following
2026-07-09 11:53:50.835,pillar_wall_good,pill_good_02,positive,0.182,-0.2587,-0.1768,-0.0052,0.501,65.533,2.985,2.2314,0.1,65.533,-3.3613,wall_following
2026-07-09 11:53:50.935,pillar_wall_good,pill_good_02,positive,0.2108,0.0192,-0.0373,-0.0046,0.508,65.533,2.992,2.2368,0.1,7.335,-3.3626,wall_following
2026-07-09 11:53:51.035,pillar_wall_good,pill_good_02,positive,0.8909,0.0958,0.1598,-0.0027,0.518,65.533,2.982,2.2423,0.1,7.333,-3.3639,wall_following
2026-07-09 11:53:51.135,pillar_wall_good,pill_good_02,positive,0.4119,0.2682,0.3004,-0.0016,0.504,65.533,2.979,2.2473,0.1,65.533,-3.365,wall_following
2026-07-09 11:53:51.235,pillar_wall_good,pill_good_02,positive,0.4598,-0.0671,-0.228,-0.0031,0.503,65.533,2.993,2.2529,0.1,7.363,-3.3661,wall_following
2026-07-09 11:53:51.335,pillar_wall_good,pill_good_02,positive,0.7089,-0.1437,-0.0426,-0.0045,0.498,65.533,2.996,2.2587,0.1,7.337,-3.3673,wall_following
2026-07-09 11:53:51.435,pillar_wall_good,pill_good_02,positive,0.3449,-0.1629,-0.2035,-0.0055,0.496,65.533,2.997,2.2637,0.1,7.373,-3.3685,wall_following
2026-07-09 11:53:51.535,pillar_wall_good,pill_good_02,positive,0.4119,0.1341,-0.0522,-0.0038,0.512,65.533,2.996,2.2689,0.1,7.323,-3.3698,wall_following
2026-07-09 11:53:51.635,pillar_wall_good,pill_good_02,positive,0.9101,-0.115,0.2812,-0.0027,0.519,65.533,3.0,2.2742,0.1,7.347,-3.3714,wall_following
2026-07-09 11:53:51.735,pillar_wall_good,pill_good_02,positive,0.1533,-0.1724,0.1204,-0.0026,0.505,65.533,2.979,2.2796,0.1,7.278,-3.3727,wall_following
2026-07-09 11:53:51.835,pillar_wall_good,pill_good_02,positive,0.3928,0.0671,0.0309,-0.0035,0.503,65.533,2.992,2.2852,0.1,7.296,-3.3739,wall_following
2026-07-09 11:53:51.935,pillar_wall_good,pill_good_02,positive,0.2491,0.0287,-0.0479,-0.003,0.508,65.533,2.987,2.2905,0.1,7.298,-3.3751,wall_following
2026-07-09 11:53:52.035,pillar_wall_good,pill_good_02,positive,0.3928,0.0766,0.0682,-0.0027,0.514,65.533,2.993,2.2959,0.1,7.278,-3.3765,wall_following
2026-07-09 11:53:52.135,pillar_wall_good,pill_good_02,positive,0.1724,0.1054,0.1555,-0.0039,0.508,65.533,2.99,2.3014,0.1,7.313,-3.3778,wall_following
2026-07-09 11:53:52.235,pillar_wall_good,pill_good_02,positive,0.6419,0.0671,-0.0629,-0.0028,0.512,65.533,2.994,2.3069,0.1,7.314,-3.3791,wall_following
2026-07-09 11:53:52.335,pillar_wall_good,pill_good_02,positive,0.7568,0.0096,0.0117,-0.0027,0.512,65.533,2.992,2.3124,0.1,7.271,-3.3803,wall_following
2026-07-09 11:53:52.435,pillar_wall_good,pill_good_02,positive,0.4694,-0.0479,0.0181,-0.0047,0.508,65.533,2.99,2.318,0.1,7.302,-3.3816,wall_following
2026-07-09 11:53:52.536,pillar_wall_good,pill_good_02,positive,0.6419,-1.0251,-0.0149,-0.0028,0.502,65.533,2.998,2.3234,0.1,7.279,-3.3828,wall_following
2026-07-09 11:53:52.635,pillar_wall_good,pill_good_02,positive,0.479,-0.0766,-0.229,-0.0048,0.504,65.533,2.998,2.329,0.1,7.262,-3.3842,wall_following
2026-07-09 11:53:52.735,pillar_wall_good,pill_good_02,positive,0.3066,-0.1629,-0.0128,-0.003,0.509,65.533,3.014,2.334,0.1,7.226,-3.3856,wall_following
2026-07-09 11:53:52.835,pillar_wall_good,pill_good_02,positive,0.4119,-0.0862,-0.0586,-0.0044,0.509,65.533,3.007,2.3396,0.1,7.192,-3.3872,wall_following
2026-07-09 11:53:52.935,pillar_wall_good,pill_good_02,positive,0.6131,-0.1245,-0.0107,-0.004,0.518,65.533,3.024,2.3452,0.1,7.24,-3.3887,wall_following
2026-07-09 11:53:53.035,pillar_wall_good,pill_good_02,positive,0.5365,0.0096,0.2439,-0.0023,0.507,65.533,3.02,2.3505,0.1,7.233,-3.3902,wall_following
2026-07-09 11:53:53.135,pillar_wall_good,pill_good_02,positive,0.2012,-0.2299,-0.1992,-0.0047,0.515,65.533,3.028,2.3561,0.1,7.307,-3.3916,wall_following
2026-07-09 11:53:53.235,pillar_wall_good,pill_good_02,positive,0.2395,-0.1437,0.1033,-0.004,0.498,65.533,3.028,2.3615,0.1,7.199,-3.3931,wall_following
2026-07-09 11:53:53.335,pillar_wall_good,pill_good_02,positive,0.2299,-0.3066,-0.3132,-0.005,0.513,65.533,3.038,2.367,0.1,7.248,-3.3945,wall_following
2026-07-09 11:53:53.435,pillar_wall_good,pill_good_02,positive,0.5556,-0.0575,0.2738,-0.003,0.508,65.533,3.035,2.3723,0.1,7.233,-3.3961,wall_following
2026-07-09 11:53:53.535,pillar_wall_good,pill_good_02,positive,0.4694,-0.0766,-0.0043,-0.0028,0.505,65.533,3.02,2.3776,0.1,7.216,-3.3977,wall_following
2026-07-09 11:53:53.635,pillar_wall_good,pill_good_02,positive,0.5365,0.0383,0.0138,-0.0031,0.513,65.533,3.039,2.383,0.1,7.225,-3.3994,wall_following
2026-07-09 11:53:53.735,pillar_wall_good,pill_good_02,positive,0.3545,-0.0287,0.0586,-0.0046,0.511,65.533,5.667,2.3885,0.1,7.206,-3.4011,wall_following
2026-07-09 11:53:53.835,pillar_wall_good,pill_good_02,positive,0.4982,-0.1245,0.0202,-0.0041,0.507,65.533,5.677,2.3938,0.1,7.231,-3.4028,wall_following
2026-07-09 11:53:53.935,pillar_wall_good,pill_good_02,positive,0.4886,-0.0862,-0.1001,-0.003,0.511,65.533,5.673,2.3992,0.1,7.195,-3.4044,wall_following
2026-07-09 11:53:54.035,pillar_wall_good,pill_good_02,positive,0.2203,-0.0862,0.0458,-0.0027,0.517,65.533,5.666,2.4045,0.1,7.213,-3.4062,wall_following
2026-07-09 11:53:54.135,pillar_wall_good,pill_good_02,positive,0.364,-0.182,0.0565,-0.0034,0.508,65.533,5.669,2.4101,0.1,7.178,-3.4079,wall_following
2026-07-09 11:53:54.235,pillar_wall_good,pill_good_02,positive,0.115,-0.1533,-0.1193,-0.0041,0.506,65.533,5.676,2.4155,0.1,7.188,-3.4096,wall_following
2026-07-09 11:53:54.335,pillar_wall_good,pill_good_02,positive,0.5077,-0.0479,-0.0107,-0.0052,0.508,65.533,5.679,2.4209,0.1,7.202,-3.4113,wall_following
2026-07-09 11:53:54.435,pillar_wall_good,pill_good_02,positive,0.3161,-0.1437,-0.0011,-0.0045,0.501,65.533,5.672,2.4262,0.1,7.16,-3.4131,wall_following
2026-07-09 11:53:54.535,pillar_wall_good,pill_good_02,positive,0.1437,-0.0862,-0.1342,-0.0046,0.499,65.533,5.677,2.4314,0.1,7.129,-3.415,wall_following
2026-07-09 11:53:54.635,pillar_wall_good,pill_good_02,positive,0.5748,0.0287,-0.1353,-0.0055,0.498,65.533,5.678,2.4366,0.1,7.156,-3.4171,wall_following
2026-07-09 11:53:54.735,pillar_wall_good,pill_good_02,positive,0.1533,-0.1341,0.0053,-0.0034,0.513,65.533,5.674,2.4416,0.1,65.533,-3.4193,wall_following
2026-07-09 11:53:54.835,pillar_wall_good,pill_good_02,positive,0.4503,-0.2203,0.2951,-0.0027,0.518,65.533,5.669,2.4466,0.1,7.115,-3.4215,wall_following
2026-07-09 11:53:54.935,pillar_wall_good,pill_good_02,positive,0.6131,-0.1054,0.2322,-0.0036,0.518,65.533,5.664,2.452,0.1,65.533,-3.4236,wall_following
2026-07-09 11:53:55.035,pillar_wall_good,pill_good_02,positive,0.7281,0.0,0.0586,-0.0024,0.514,65.533,5.663,2.4574,0.1,65.533,-3.4255,wall_following
2026-07-09 11:53:55.135,pillar_wall_good,pill_good_02,positive,-0.2491,0.0383,0.0746,-0.0028,0.522,65.533,5.674,2.4628,0.1,65.533,-3.4272,wall_following
2026-07-09 11:53:55.235,pillar_wall_good,pill_good_02,positive,0.0096,-0.0575,-0.0266,-0.0034,0.518,65.533,5.676,2.4684,0.1,65.533,-3.429,wall_following
2026-07-09 11:53:55.335,pillar_wall_good,pill_good_02,positive,0.2682,-0.1437,0.2067,-0.0021,0.505,65.533,5.67,2.4739,0.1,65.533,-3.4308,wall_following
2026-07-09 11:53:55.435,pillar_wall_good,pill_good_02,positive,-0.0766,-0.2587,-0.0394,-0.0028,0.512,65.533,5.672,2.4793,0.1,65.533,-3.4326,wall_following
2026-07-09 11:53:55.535,pillar_wall_good,pill_good_02,positive,0.2682,-0.0575,0.0511,-0.0043,0.514,65.533,5.671,2.4847,0.1,65.533,-3.4345,wall_following
2026-07-09 11:53:55.635,pillar_wall_good,pill_good_02,positive,0.3257,-0.0958,0.1129,-0.0044,0.519,65.533,5.67,2.4902,0.1,65.533,-3.4365,wall_following
2026-07-09 11:53:55.737,pillar_wall_good,pill_good_02,positive,0.4407,0.0096,0.0969,-0.0027,0.514,65.533,5.661,2.4955,0.1,65.533,-3.4384,wall_following
2026-07-09 11:53:55.835,pillar_wall_good,pill_good_02,positive,0.3353,-0.3449,-0.032,-0.004,0.513,65.533,5.676,2.501,0.1,65.533,-3.4403,wall_following
2026-07-09 11:53:55.935,pillar_wall_good,pill_good_02,positive,0.2012,-0.0766,-0.1193,-0.0043,0.509,65.533,5.676,2.5066,0.1,65.533,-3.4422,wall_following
2026-07-09 11:53:56.035,pillar_wall_good,pill_good_02,positive,0.3832,-0.1437,-0.082,-0.0037,0.511,65.533,5.674,2.5121,0.1,65.533,-3.4442,wall_following
2026-07-09 11:53:56.135,pillar_wall_good,pill_good_02,positive,0.5077,-0.1245,-0.1055,-0.0035,0.515,65.533,5.668,2.5173,0.1,65.533,-3.4462,wall_following
2026-07-09 11:53:56.235,pillar_wall_good,pill_good_02,positive,0.5461,-0.1629,0.0842,-0.0035,0.504,65.533,5.673,2.5227,0.1,65.533,-3.4483,wall_following
2026-07-09 11:53:56.335,pillar_wall_good,pill_good_02,positive,0.2203,-0.2778,-0.1672,-0.0046,0.511,65.533,5.679,2.5281,0.1,65.533,-3.4504,wall_following
2026-07-09 11:53:56.435,pillar_wall_good,pill_good_02,positive,0.1629,-0.0958,0.0415,-0.0041,0.515,65.533,5.68,2.5333,0.1,65.533,-3.4527,wall_following
2026-07-09 11:53:56.535,pillar_wall_good,pill_good_02,positive,0.2395,-0.1054,0.1609,-0.0036,0.513,65.533,5.673,2.5385,0.1,65.533,-3.4549,wall_following
2026-07-09 11:53:56.635,pillar_wall_good,pill_good_02,positive,0.5652,-0.0287,0.0905,-0.004,0.505,65.533,5.68,2.5439,0.1,65.533,-3.4572,wall_following
2026-07-09 11:53:56.735,pillar_wall_good,pill_good_02,positive,0.5365,-0.0383,-0.1641,-0.0033,0.501,65.533,5.682,2.5492,0.1,65.533,-3.4594,wall_following
2026-07-09 11:53:56.835,pillar_wall_good,pill_good_02,positive,0.4407,-0.1629,-0.0011,-0.0043,0.52,65.533,5.673,2.5543,0.1,65.533,-3.4618,wall_following
2026-07-09 11:53:56.935,pillar_wall_good,pill_good_02,positive,0.1533,-0.1724,0.1641,-0.0031,0.512,65.533,5.679,2.5594,0.1,65.533,-3.4644,wall_following
2026-07-09 11:53:57.035,pillar_wall_good,pill_good_02,positive,-0.0479,0.0575,0.0469,-0.0044,0.515,65.533,5.672,2.5646,0.1,65.533,-3.4668,wall_following
2026-07-09 11:53:57.135,pillar_wall_good,pill_good_02,positive,0.1533,-0.1054,0.0224,-0.0036,0.508,65.533,5.68,2.5699,0.1,65.533,-3.4692,wall_following
2026-07-09 11:53:57.235,pillar_wall_good,pill_good_02,positive,0.0383,-0.2012,-0.0937,-0.0028,0.508,65.533,5.678,2.5751,0.1,65.533,-3.4716,wall_following
2026-07-09 11:53:57.335,pillar_wall_good,pill_good_02,positive,0.4598,-0.2108,-0.0149,-0.0034,0.507,65.533,5.671,2.5803,0.1,65.533,-3.474,wall_following
2026-07-09 11:53:57.435,pillar_wall_good,pill_good_02,positive,0.0766,-0.0383,-0.0298,-0.004,0.504,65.533,5.678,2.5855,0.1,65.533,-3.4766,wall_following
2026-07-09 11:53:57.535,pillar_wall_good,pill_good_02,positive,0.115,-0.1054,0.0085,-0.0025,0.519,65.533,5.679,2.5906,0.1,65.533,-3.4791,wall_following
2026-07-09 11:53:57.635,pillar_wall_good,pill_good_02,positive,0.6323,-0.0575,-0.0043,-0.0043,0.508,65.533,5.677,2.5957,0.1,65.533,-3.4817,wall_following
2026-07-09 11:53:57.735,pillar_wall_good,pill_good_02,positive,0.9101,-0.0862,-0.033,-0.0042,0.516,65.533,5.682,2.6008,0.1,65.533,-3.4844,wall_following
2026-07-09 11:53:57.835,pillar_wall_good,pill_good_02,positive,-0.2108,-0.115,0.1875,-0.004,0.509,65.533,5.669,2.606,0.1,65.533,-3.4871,wall_following
2026-07-09 11:53:57.935,pillar_wall_good,pill_good_02,positive,0.182,-0.2108,-0.0916,-0.0042,0.516,65.533,5.679,2.611,0.1,65.533,-3.4897,wall_following
2026-07-09 11:53:58.035,pillar_wall_good,pill_good_02,positive,0.6993,-0.0096,0.0096,-0.0034,0.514,65.533,5.673,2.6162,0.1,65.533,-3.4924,wall_following
2026-07-09 11:53:58.135,pillar_wall_good,pill_good_02,positive,0.1245,0.0096,-0.0575,-0.0038,0.508,65.533,5.666,2.6214,0.1,65.533,-3.495,wall_following
2026-07-09 11:53:58.235,pillar_wall_good,pill_good_02,positive,0.4982,-0.1054,-0.0895,-0.0039,0.521,65.533,5.669,2.6268,0.1,65.533,-3.4977,wall_following
2026-07-09 11:53:58.335,pillar_wall_good,pill_good_02,positive,0.4694,-0.3353,-0.1587,-0.0048,0.518,65.533,5.676,2.6318,0.1,65.533,-3.5003,wall_following
2026-07-09 11:53:58.435,pillar_wall_good,pill_good_02,positive,0.1245,-0.0575,0.0597,-0.0031,0.51,65.533,5.671,2.6368,0.1,65.533,-3.5031,wall_following
2026-07-09 11:53:58.535,pillar_wall_good,pill_good_02,positive,0.4503,0.0287,0.2205,-0.002,0.504,65.533,5.673,2.6419,0.1,2.693,-3.5057,wall_following
2026-07-09 11:53:58.635,pillar_wall_good,pill_good_02,positive,0.4982,-0.0383,-0.0117,-0.0043,0.511,65.533,5.674,2.6472,0.1,2.62,-3.5084,wall_following
2026-07-09 11:53:58.735,pillar_wall_good,pill_good_02,positive,-0.0479,-0.0479,0.0085,-0.0027,0.512,65.533,5.673,2.6521,0.1,2.594,-3.5109,wall_following
2026-07-09 11:53:58.835,pillar_wall_good,pill_good_02,positive,0.6035,-0.0479,0.065,-0.0049,0.52,65.533,5.669,2.6575,0.1,2.579,-3.5138,wall_following
2026-07-09 11:53:58.935,pillar_wall_good,pill_good_02,positive,0.0096,-0.0192,0.0224,-0.0037,0.516,65.533,5.675,2.6624,0.1,2.547,-3.5165,wall_following
2026-07-09 11:53:59.035,pillar_wall_good,pill_good_02,positive,0.6323,-0.0671,0.1364,-0.0035,0.519,65.533,5.675,2.6679,0.1,2.539,-3.5193,wall_following
2026-07-09 11:53:59.135,pillar_wall_good,pill_good_02,positive,0.3353,-0.1533,-0.1555,-0.0029,0.517,65.533,5.687,2.6729,0.1,2.516,-3.5221,wall_following
2026-07-09 11:53:59.235,pillar_wall_good,pill_good_02,positive,-0.0575,-0.1916,0.0469,-0.0026,0.512,65.533,5.676,2.6782,0.1,2.502,-3.5249,wall_following
2026-07-09 11:53:59.335,pillar_wall_good,pill_good_02,positive,0.3928,-0.1054,0.0309,-0.0026,0.51,65.533,5.684,2.6834,0.1,2.483,-3.5277,wall_following
2026-07-09 11:53:59.435,pillar_wall_good,pill_good_02,positive,0.6035,-0.1341,0.1055,-0.0027,0.515,65.533,5.677,2.6887,0.1,2.454,-3.5304,wall_following
2026-07-09 11:53:59.535,pillar_wall_good,pill_good_02,positive,0.1533,-0.1054,-0.0916,-0.005,0.516,65.533,5.676,2.694,0.1,2.437,-3.5332,wall_following
2026-07-09 11:53:59.635,pillar_wall_good,pill_good_02,positive,0.4311,-0.3353,0.0213,-0.0026,0.504,65.533,5.682,2.699,0.1,2.416,-3.536,wall_following
2026-07-09 11:53:59.735,pillar_wall_good,pill_good_02,positive,0.4886,-0.1341,0.0586,-0.0027,0.519,65.533,5.681,2.7041,0.1,2.379,-3.5389,wall_following
2026-07-09 11:53:59.835,pillar_wall_good,pill_good_02,positive,0.2587,0.0,0.0458,-0.0035,0.52,65.533,5.677,2.7097,0.1,2.378,-3.542,wall_following
2026-07-09 11:53:59.935,pillar_wall_good,pill_good_02,positive,0.4119,0.0,-0.0053,-0.0027,0.518,65.533,5.68,2.7147,0.1,2.361,-3.5447,wall_following
2026-07-09 11:54:00.035,pillar_wall_good,pill_good_02,positive,0.2395,-0.0479,-0.3579,-0.0045,0.499,65.533,5.682,2.7199,0.1,2.343,-3.5476,wall_following
2026-07-09 11:54:00.135,pillar_wall_good,pill_good_02,positive,0.5365,-0.0958,0.0565,-0.0023,0.506,65.533,5.672,2.7249,0.1,2.328,-3.5506,wall_following
2026-07-09 11:54:00.235,pillar_wall_good,pill_good_02,positive,0.2299,-0.182,0.0948,-0.0032,0.504,65.533,5.68,2.7301,0.1,2.311,-3.5536,wall_following
2026-07-09 11:54:00.335,pillar_wall_good,pill_good_02,positive,0.1437,-0.2587,-0.1033,-0.0024,0.506,65.533,5.677,2.7353,0.1,2.293,-3.5565,wall_following
2026-07-09 11:54:00.435,pillar_wall_good,pill_good_02,positive,0.3257,-0.364,-0.2258,-0.0043,0.504,65.533,5.684,2.7405,0.1,2.261,-3.5596,wall_following
2026-07-09 11:54:00.535,pillar_wall_good,pill_good_02,positive,0.7281,-0.0096,-0.229,-0.0031,0.512,65.533,5.68,2.7456,0.1,2.274,-3.5629,wall_following
2026-07-09 11:54:00.635,pillar_wall_good,pill_good_02,positive,0.2395,-0.2012,0.2099,-0.0027,0.514,65.533,5.674,2.7502,0.1,2.255,-3.566,wall_following
2026-07-09 11:54:00.735,pillar_wall_good,pill_good_02,positive,0.3257,-0.1533,-0.1257,-0.0045,0.511,65.533,5.687,2.7552,0.1,2.246,-3.5694,wall_following
2026-07-09 11:54:00.835,pillar_wall_good,pill_good_02,positive,0.5748,-0.0479,0.1555,-0.0033,0.506,65.533,5.676,2.76,0.1,2.273,-3.5729,wall_following
2026-07-09 11:54:00.935,pillar_wall_good,pill_good_02,positive,0.1341,0.0479,0.0479,-0.0043,0.511,65.533,5.675,2.7649,0.1,2.268,-3.5762,wall_following
2026-07-09 11:54:01.035,pillar_wall_good,pill_good_02,positive,0.2682,0.0671,-0.0373,-0.0047,0.511,65.533,5.675,2.7697,0.1,2.283,-3.5796,wall_following
2026-07-09 11:54:01.135,pillar_wall_good,pill_good_02,positive,0.4982,-0.0766,0.1332,-0.0038,0.511,65.533,5.683,2.7747,0.1,2.284,-3.583,wall_following
2026-07-09 11:54:01.235,pillar_wall_good,pill_good_02,positive,0.6323,-0.0383,-0.0373,-0.0037,0.507,65.533,5.68,2.7798,0.1,2.281,-3.5863,wall_following
2026-07-09 11:54:01.335,pillar_wall_good,pill_good_02,positive,-0.0671,-0.0671,-0.0266,-0.0037,0.504,65.533,5.674,2.7846,0.1,2.271,-3.5894,wall_following
2026-07-09 11:54:01.435,pillar_wall_good,pill_good_02,positive,0.7377,-0.2491,-0.2684,-0.0036,0.505,65.533,5.691,2.7897,0.1,2.252,-3.5929,wall_following
2026-07-09 11:54:01.535,pillar_wall_good,pill_good_02,positive,0.5173,-0.182,-0.0735,-0.0052,0.503,65.533,5.677,2.7945,0.1,2.266,-3.5965,wall_following
2026-07-09 11:54:01.635,pillar_wall_good,pill_good_02,positive,0.4311,-0.115,0.0352,-0.0028,0.514,65.533,5.673,2.7992,0.1,2.253,-3.6001,wall_following
2026-07-09 11:54:01.735,pillar_wall_good,pill_good_02,positive,0.4311,-0.0766,0.1864,-0.0034,0.509,65.533,5.678,2.804,0.1,2.264,-3.6037,wall_following
2026-07-09 11:54:01.835,pillar_wall_good,pill_good_02,positive,0.4024,-0.0479,-0.0043,-0.0027,0.508,65.533,5.678,2.8088,0.1,2.255,-3.6073,wall_following
2026-07-09 11:54:01.935,pillar_wall_good,pill_good_02,positive,0.6706,0.1054,-0.0192,-0.0044,0.511,65.533,5.697,2.8137,0.1,2.258,-3.6109,wall_following
2026-07-09 11:54:02.035,pillar_wall_good,pill_good_02,positive,0.1724,0.0287,-0.2152,-0.0035,0.505,65.533,5.676,2.8183,0.1,2.251,-3.6145,wall_following
2026-07-09 11:54:02.135,pillar_wall_good,pill_good_02,positive,0.479,-0.1245,0.0447,-0.0052,0.512,65.533,5.68,2.8229,0.1,2.255,-3.6184,wall_following
2026-07-09 11:54:02.235,pillar_wall_good,pill_good_02,positive,0.4886,-0.0287,0.1843,-0.0023,0.508,65.533,5.678,2.8274,0.1,2.248,-3.6223,wall_following
2026-07-09 11:54:02.335,pillar_wall_good,pill_good_02,positive,0.3161,0.0,0.0,-0.003,0.507,65.533,5.68,2.832,0.1,2.245,-3.6261,wall_following
2026-07-09 11:54:02.435,pillar_wall_good,pill_good_02,positive,0.5077,-0.0862,0.0948,-0.0024,0.51,65.533,5.681,2.8367,0.1,2.25,-3.6299,wall_following
2026-07-09 11:54:02.535,pillar_wall_good,pill_good_02,positive,0.1341,-0.0766,-0.0202,-0.0026,0.513,65.533,5.672,2.8415,0.1,2.266,-3.6337,wall_following
2026-07-09 11:54:02.635,pillar_wall_good,pill_good_02,positive,0.0479,-0.115,0.081,-0.0039,0.513,65.533,5.682,2.8463,0.1,2.254,-3.6375,wall_following
2026-07-09 11:54:02.735,pillar_wall_good,pill_good_02,positive,0.4119,-0.1245,0.0575,-0.0028,0.516,65.533,5.687,2.851,0.1,2.26,-3.6411,wall_following
2026-07-09 11:54:02.835,pillar_wall_good,pill_good_02,positive,0.5844,-0.0766,-0.0948,-0.0047,0.512,65.533,5.679,2.8558,0.1,2.254,-3.6449,wall_following
2026-07-09 11:54:02.935,pillar_wall_good,pill_good_02,positive,0.364,-0.0192,0.0447,-0.004,0.518,65.533,5.679,2.8603,0.1,2.263,-3.6485,wall_following
2026-07-09 11:54:03.035,pillar_wall_good,pill_good_02,positive,-0.0671,-0.0287,0.1438,-0.0034,0.514,65.533,5.685,2.8653,0.1,2.255,-3.6525,wall_following
2026-07-09 11:54:03.135,pillar_wall_good,pill_good_02,positive,0.364,0.1054,0.0714,-0.0036,0.504,65.533,5.68,2.8702,0.1,2.266,-3.6562,wall_following
2026-07-09 11:54:03.235,pillar_wall_good,pill_good_02,positive,-0.1724,0.0096,-0.2461,-0.0034,0.515,65.533,5.68,2.8749,0.1,2.249,-3.6599,wall_following
2026-07-09 11:54:03.335,pillar_wall_good,pill_good_02,positive,0.0958,-0.1341,-0.0735,-0.0024,0.515,65.533,5.675,2.8796,0.1,2.269,-3.6638,wall_following
2026-07-09 11:54:03.435,pillar_wall_good,pill_good_02,positive,0.2203,-0.0287,-0.0597,-0.0028,0.508,65.533,5.69,2.8844,0.1,2.253,-3.6676,wall_following
2026-07-09 11:54:03.535,pillar_wall_good,pill_good_02,positive,0.1629,-0.0958,-0.0671,-0.0046,0.516,65.533,5.679,2.8893,0.1,2.259,-3.6715,wall_following
2026-07-09 11:54:03.635,pillar_wall_good,pill_good_02,positive,0.182,0.0,0.0959,-0.0024,0.512,65.533,5.69,2.894,0.1,2.267,-3.6754,wall_following
2026-07-09 11:54:03.735,pillar_wall_good,pill_good_02,positive,0.3257,-0.0958,0.0554,-0.0045,0.514,65.533,3.209,2.8987,0.1,2.262,-3.6793,wall_following
2026-07-09 11:54:03.835,pillar_wall_good,pill_good_02,positive,0.0766,0.0862,0.0011,-0.0037,0.501,65.533,3.171,2.9035,0.1,2.265,-3.6832,wall_following
2026-07-09 11:54:03.935,pillar_wall_good,pill_good_02,positive,0.0862,0.0192,-0.2312,-0.0032,0.511,65.533,3.078,2.9082,0.1,2.261,-3.6871,wall_following
2026-07-09 11:54:04.035,pillar_wall_good,pill_good_02,positive,0.6419,-0.0096,0.0383,-0.0042,0.515,65.533,3.029,2.9129,0.1,2.265,-3.6913,wall_following
2026-07-09 11:54:04.135,pillar_wall_good,pill_good_02,positive,0.3449,0.0958,0.1268,-0.0037,0.517,65.533,3.035,2.9174,0.1,2.268,-3.6954,wall_following
2026-07-09 11:54:04.235,pillar_wall_good,pill_good_02,positive,0.182,-0.115,-0.0117,-0.0039,0.507,65.533,3.034,2.9222,0.1,2.262,-3.6994,wall_following
2026-07-09 11:54:04.335,pillar_wall_good,pill_good_02,positive,0.3545,0.0479,-0.163,-0.0034,0.515,65.533,3.044,2.9268,0.1,2.275,-3.7034,wall_following
2026-07-09 11:54:04.435,pillar_wall_good,pill_good_02,positive,0.6802,-0.0575,-0.0426,-0.0039,0.513,65.533,3.027,2.9315,0.1,2.268,-3.7075,wall_following
2026-07-09 11:54:04.535,pillar_wall_good,pill_good_02,positive,0.1533,-0.1629,-0.0714,-0.0026,0.516,65.533,3.005,2.9359,0.1,2.274,-3.7113,wall_following
2026-07-09 11:54:04.635,pillar_wall_good,pill_good_02,positive,0.4598,-0.1341,0.0565,-0.0023,0.512,65.533,3.0,2.9409,0.1,2.271,-3.7156,wall_following
2026-07-09 11:54:04.735,pillar_wall_good,pill_good_02,positive,0.1629,-0.1629,0.0,-0.0041,0.51,65.533,2.995,2.9457,0.1,2.254,-3.7198,wall_following
2026-07-09 11:54:04.835,pillar_wall_good,pill_good_02,positive,0.3353,-0.1916,0.0032,-0.004,0.511,65.533,2.99,2.9503,0.1,2.264,-3.7238,wall_following
2026-07-09 11:54:04.935,pillar_wall_good,pill_good_02,positive,0.2012,-0.0479,-0.0192,-0.0041,0.512,65.533,3.003,2.955,0.1,2.279,-3.7281,wall_following
2026-07-09 11:54:05.035,pillar_wall_good,pill_good_02,positive,0.9772,-0.0862,-0.0192,-0.0026,0.516,65.533,2.99,2.9595,0.1,2.28,-3.7322,wall_following
2026-07-09 11:54:05.135,pillar_wall_good,pill_good_02,positive,0.3066,-0.0671,0.0543,-0.0042,0.509,65.533,2.999,2.9642,0.1,2.263,-3.7364,wall_following
2026-07-09 11:54:05.235,pillar_wall_good,pill_good_02,positive,-1.2837,0.4982,2.6877,-0.0042,0.513,65.533,3.0,2.9689,0.1,2.278,-3.7407,wall_following
2026-07-09 11:54:05.335,pillar_wall_good,pill_good_02,positive,0.5461,-0.0671,-0.016,-0.0025,0.512,65.533,2.993,2.9733,0.1,2.265,-3.7446,wall_following
2026-07-09 11:54:05.435,pillar_wall_good,pill_good_02,positive,0.3832,-0.0958,-0.0341,-0.0037,0.508,65.533,2.997,2.9782,0.1,2.268,-3.7492,wall_following
2026-07-09 11:54:05.535,pillar_wall_good,pill_good_02,positive,0.7089,-0.0671,-0.0128,-0.0038,0.517,65.533,2.996,2.9827,0.1,2.262,-3.7535,wall_following
2026-07-09 11:54:05.635,pillar_wall_good,pill_good_02,positive,0.0671,-0.1916,-0.0447,-0.0041,0.504,65.533,2.989,2.9872,0.1,2.265,-3.7578,wall_following
2026-07-09 11:54:05.735,pillar_wall_good,pill_good_02,positive,-0.4215,-0.1916,-0.1119,-0.0053,0.517,65.533,2.992,2.9918,0.1,2.271,-3.7622,wall_following
2026-07-09 11:54:05.835,pillar_wall_good,pill_good_02,positive,-0.2874,-0.1629,0.0107,-0.0035,0.517,65.533,2.996,2.9963,0.1,2.269,-3.7667,wall_following
2026-07-09 11:54:05.935,pillar_wall_good,pill_good_02,positive,0.6131,-0.1245,0.049,-0.004,0.517,65.533,2.988,3.0009,0.1,2.265,-3.7712,wall_following
2026-07-09 11:54:06.035,pillar_wall_good,pill_good_02,positive,0.9005,-0.1629,0.1459,-0.0024,0.516,65.533,2.994,3.0054,0.1,2.261,-3.7755,wall_following
2026-07-09 11:54:06.135,pillar_wall_good,pill_good_02,positive,0.6514,0.0287,-0.017,-0.0023,0.511,65.533,2.998,3.0102,0.1,2.247,-3.7798,wall_following
2026-07-09 11:54:06.235,pillar_wall_good,pill_good_02,positive,0.5461,-0.1245,-0.0437,-0.0036,0.513,65.533,2.996,3.0149,0.1,2.256,-3.7842,wall_following
2026-07-09 11:54:06.335,pillar_wall_good,pill_good_02,positive,0.2491,-0.1341,-0.0991,-0.0045,0.516,65.533,2.993,3.0196,0.1,2.254,-3.7886,wall_following
2026-07-09 11:54:06.435,pillar_wall_good,pill_good_02,positive,0.2108,-0.1245,0.0181,-0.0041,0.507,65.533,2.995,3.0241,0.1,2.252,-3.7929,wall_following
2026-07-09 11:54:06.535,pillar_wall_good,pill_good_02,positive,0.4119,-0.1245,-0.1619,-0.0042,0.5,65.533,3.002,3.0287,0.1,2.255,-3.7974,wall_following
2026-07-09 11:54:06.635,pillar_wall_good,pill_good_02,positive,0.0862,-0.182,-0.2684,-0.0048,0.516,65.533,2.996,3.0331,0.1,2.255,-3.8019,wall_following
2026-07-09 11:54:06.735,pillar_wall_good,pill_good_02,positive,0.776,-0.1341,0.1939,-0.0026,0.506,65.533,2.995,3.0373,0.1,2.252,-3.8066,wall_following
2026-07-09 11:54:06.835,pillar_wall_good,pill_good_02,positive,0.0766,-0.2587,-0.0011,-0.0048,0.51,65.533,2.992,3.0417,0.1,2.259,-3.8113,wall_following
2026-07-09 11:54:06.935,pillar_wall_good,pill_good_02,positive,0.479,-0.1437,-0.0053,-0.0047,0.51,65.533,2.99,3.046,0.1,2.251,-3.8161,wall_following
2026-07-09 11:54:07.035,pillar_wall_good,pill_good_02,positive,0.4598,-0.0287,0.0639,-0.0035,0.5,65.533,2.994,3.0503,0.1,2.248,-3.8208,wall_following
2026-07-09 11:54:07.135,pillar_wall_good,pill_good_02,positive,-0.0479,-0.2587,-0.2205,-0.0046,0.511,65.533,2.999,3.0546,0.1,2.259,-3.8256,wall_following
2026-07-09 11:54:07.235,pillar_wall_good,pill_good_02,positive,-0.0671,-0.1437,0.1449,-0.0024,0.513,65.533,2.988,3.0587,0.1,2.248,-3.8304,wall_following
2026-07-09 11:54:07.335,pillar_wall_good,pill_good_02,positive,0.1341,-0.2108,0.0565,-0.0042,0.515,65.533,3.001,3.063,0.1,2.25,-3.8353,wall_following
2026-07-09 11:54:07.435,pillar_wall_good,pill_good_02,positive,0.4598,-0.0287,0.0256,-0.0042,0.507,65.533,2.999,3.0673,0.1,2.244,-3.8402,wall_following
2026-07-09 11:54:07.535,pillar_wall_good,pill_good_02,positive,0.7664,-0.0479,-0.1278,-0.0036,0.512,65.533,2.993,3.0717,0.1,2.243,-3.845,wall_following
2026-07-09 11:54:07.635,pillar_wall_good,pill_good_02,positive,0.4886,-0.0575,-0.0075,-0.004,0.514,65.533,2.997,3.076,0.1,2.243,-3.8498,wall_following
2026-07-09 11:54:07.735,pillar_wall_good,pill_good_02,positive,-0.2395,0.1054,0.0565,-0.004,0.515,65.533,2.992,3.0803,0.1,2.255,-3.8546,wall_following
2026-07-09 11:54:07.835,pillar_wall_good,pill_good_02,positive,0.3449,-0.0192,0.0639,-0.0022,0.515,65.533,2.997,3.0848,0.1,2.251,-3.8597,wall_following
2026-07-09 11:54:07.935,pillar_wall_good,pill_good_02,positive,0.1629,0.0,-0.0501,-0.0031,0.518,65.533,2.991,3.089,0.1,2.237,-3.8643,wall_following
2026-07-09 11:54:08.035,pillar_wall_good,pill_good_02,positive,0.6323,0.182,0.0692,-0.0029,0.513,65.533,2.991,3.0934,0.1,2.248,-3.8692,wall_following
2026-07-09 11:54:08.135,pillar_wall_good,pill_good_02,positive,0.2778,0.0958,-0.0543,-0.0028,0.508,65.533,3.0,3.0981,0.1,2.257,-3.8742,wall_following
2026-07-09 11:54:08.235,pillar_wall_good,pill_good_02,positive,0.479,-0.1437,-0.0692,-0.0041,0.503,65.533,2.998,3.1023,0.1,2.247,-3.8789,wall_following
2026-07-09 11:54:08.335,pillar_wall_good,pill_good_02,positive,-0.0766,-0.0192,-0.114,-0.0033,0.51,65.533,2.995,3.1064,0.1,2.247,-3.8837,wall_following
2026-07-09 11:54:08.435,pillar_wall_good,pill_good_02,positive,0.479,-0.115,0.0383,-0.0028,0.505,65.533,3.0,3.1105,0.1,2.247,-3.8887,wall_following
2026-07-09 11:54:08.535,pillar_wall_good,pill_good_02,positive,0.4407,-0.2395,0.0234,-0.0043,0.509,65.533,2.995,3.1147,0.1,2.242,-3.8939,wall_following
2026-07-09 11:54:08.635,pillar_wall_good,pill_good_02,positive,0.3161,0.0862,0.0479,-0.0042,0.509,65.533,2.996,3.1188,0.1,2.249,-3.899,wall_following
2026-07-09 11:54:08.735,pillar_wall_good,pill_good_02,positive,0.7664,-0.0479,0.0373,-0.0032,0.515,65.533,2.997,3.1229,0.1,2.249,-3.904,wall_following
2026-07-09 11:54:08.835,pillar_wall_good,pill_good_02,positive,0.5173,0.1341,0.212,-0.0032,0.517,65.533,2.993,3.1269,0.1,2.252,-3.909,wall_following
2026-07-09 11:54:08.935,pillar_wall_good,pill_good_02,positive,0.4311,-0.0479,0.0479,-0.0025,0.519,65.533,2.998,3.1314,0.1,2.251,-3.9143,wall_following
2026-07-09 11:54:09.035,pillar_wall_good,pill_good_02,positive,0.4407,-0.1437,0.0682,-0.0022,0.518,65.533,2.996,3.1357,0.1,2.239,-3.9192,wall_following
2026-07-09 11:54:09.135,pillar_wall_good,pill_good_02,positive,0.5365,-0.1533,0.0298,-0.0037,0.508,65.533,2.996,3.1401,0.1,2.243,-3.9241,wall_following
2026-07-09 11:54:09.235,pillar_wall_good,pill_good_02,positive,0.661,-0.1437,-0.2237,-0.004,0.511,65.533,3.004,3.1446,0.1,2.246,-3.929,wall_following
2026-07-09 11:54:09.335,pillar_wall_good,pill_good_02,positive,0.479,-0.0766,0.0543,-0.0034,0.515,65.533,2.998,3.1487,0.1,2.237,-3.9337,wall_following
2026-07-09 11:54:09.435,pillar_wall_good,pill_good_02,positive,0.3449,-0.2395,0.1119,-0.0035,0.505,65.533,2.998,3.1531,0.1,2.243,-3.9389,wall_following
2026-07-09 11:54:09.535,pillar_wall_good,pill_good_02,positive,0.1437,-0.0287,-0.1459,-0.0034,0.518,65.533,2.999,3.1575,0.1,2.253,-3.9441,wall_following
2026-07-09 11:54:09.635,pillar_wall_good,pill_good_02,positive,0.4694,0.0,0.2184,-0.0039,0.504,65.533,2.99,3.1616,0.1,2.242,-3.9493,wall_following
2026-07-09 11:54:09.735,pillar_wall_good,pill_good_02,positive,0.3736,-0.0862,-0.1992,-0.0048,0.514,65.533,2.986,3.1658,0.1,2.243,-3.9543,wall_following
2026-07-09 11:54:09.835,pillar_wall_good,pill_good_02,positive,0.4982,-0.0192,0.0309,-0.0039,0.509,65.533,2.996,3.1699,0.1,2.252,-3.9596,wall_following
2026-07-09 11:54:09.935,pillar_wall_good,pill_good_02,positive,0.5173,-0.1629,-0.1662,-0.003,0.511,65.533,2.99,3.1741,0.1,2.243,-3.9648,wall_following
2026-07-09 11:54:10.035,pillar_wall_good,pill_good_02,positive,0.1533,-0.0958,-0.0341,-0.003,0.515,65.533,2.999,3.1781,0.1,2.228,-3.97,wall_following
2026-07-09 11:54:10.135,pillar_wall_good,pill_good_02,positive,0.479,-0.1054,0.0639,-0.0022,0.523,65.533,2.994,3.1822,0.1,2.249,-3.9753,wall_following
2026-07-09 11:54:10.235,pillar_wall_good,pill_good_02,positive,0.6227,0.0671,0.1864,-0.003,0.513,65.533,2.996,3.1866,0.1,2.243,-3.9806,wall_following
2026-07-09 11:54:10.335,pillar_wall_good,pill_good_02,positive,0.2682,-0.1629,-0.1246,-0.0033,0.501,65.533,2.994,3.191,0.1,2.245,-3.9858,wall_following
2026-07-09 11:54:10.435,pillar_wall_good,pill_good_02,positive,0.2203,-0.3161,-0.2077,-0.0047,0.516,65.533,3.0,3.1952,0.1,2.243,-3.9911,wall_following
2026-07-09 11:54:10.535,pillar_wall_good,pill_good_02,positive,0.6323,-0.1916,0.277,-0.0037,0.519,65.533,2.989,3.1991,0.1,2.244,-3.9963,wall_following
2026-07-09 11:54:10.635,pillar_wall_good,pill_good_02,positive,0.1437,-0.2682,0.0735,-0.0042,0.515,65.533,2.992,3.2033,0.1,2.264,-4.0017,wall_following
2026-07-09 11:54:10.735,pillar_wall_good,pill_good_02,positive,0.4407,0.0383,-0.082,-0.0028,0.513,65.533,3.002,3.2075,0.1,2.256,-4.007,wall_following
2026-07-09 11:54:10.835,pillar_wall_good,pill_good_02,positive,0.4215,-0.0383,0.0202,-0.0049,0.517,65.533,2.992,3.2118,0.1,2.249,-4.0123,wall_following
2026-07-09 11:54:10.935,pillar_wall_good,pill_good_02,positive,0.0479,-0.2108,-0.0362,-0.0044,0.52,65.533,3.0,3.2159,0.1,2.234,-4.0176,wall_following
2026-07-09 11:54:11.035,pillar_wall_good,pill_good_02,positive,0.2682,0.0766,-0.0043,-0.0035,0.511,65.533,3.003,3.2202,0.1,2.275,-4.0228,wall_following
2026-07-09 11:54:11.135,pillar_wall_good,pill_good_02,positive,-0.4024,-0.0671,-0.1257,-0.0035,0.522,65.533,3.004,3.2247,0.1,2.281,-4.0282,wall_following
2026-07-09 11:54:11.235,pillar_wall_good,pill_good_02,positive,0.3832,-0.0862,0.082,-0.0019,0.514,65.533,2.997,3.2289,0.1,2.27,-4.0334,wall_following
2026-07-09 11:54:11.335,pillar_wall_good,pill_good_02,positive,0.8526,-0.2587,-0.0618,-0.0022,0.501,65.533,2.999,3.2332,0.1,2.26,-4.0386,wall_following
2026-07-09 11:54:11.435,pillar_wall_good,pill_good_02,positive,0.8143,-0.2587,-0.3324,-0.0046,0.512,65.533,2.997,3.2375,0.1,2.267,-4.044,wall_following
2026-07-09 11:54:11.535,pillar_wall_good,pill_good_02,positive,0.5844,-0.0575,0.1044,-0.0044,0.508,65.533,2.998,3.2415,0.1,2.26,-4.0496,wall_following
2026-07-09 11:54:11.635,pillar_wall_good,pill_good_02,positive,0.4311,-0.0479,-0.0565,-0.0032,0.508,65.533,2.996,3.2453,0.1,2.261,-4.055,wall_following
2026-07-09 11:54:11.735,pillar_wall_good,pill_good_02,positive,0.5461,-0.0096,0.0032,-0.0031,0.508,65.533,2.991,3.2493,0.1,2.247,-4.0606,wall_following
2026-07-09 11:54:11.835,pillar_wall_good,pill_good_02,positive,0.3736,0.1533,-0.0746,-0.0027,0.51,65.533,3.003,3.2532,0.1,2.251,-4.0663,wall_following
2026-07-09 11:54:11.935,pillar_wall_good,pill_good_02,positive,0.843,0.0479,0.0234,-0.0029,0.518,65.533,3.002,3.257,0.1,2.25,-4.0718,wall_following
2026-07-09 11:54:12.035,pillar_wall_good,pill_good_02,positive,0.7664,0.0766,0.1065,-0.0036,0.515,65.533,2.996,3.261,0.1,2.259,-4.0775,wall_following
2026-07-09 11:54:12.135,pillar_wall_good,pill_good_02,positive,0.2587,-0.0958,-0.0117,-0.0022,0.516,65.533,2.998,3.2651,0.1,2.249,-4.0831,wall_following
2026-07-09 11:54:12.235,pillar_wall_good,pill_good_02,positive,-0.0671,-0.1245,-0.033,-0.002,0.518,65.533,2.995,3.2691,0.1,2.252,-4.0886,wall_following
2026-07-09 11:54:12.335,pillar_wall_good,pill_good_02,positive,0.6131,-0.1437,0.0479,-0.0032,0.524,65.533,2.998,3.2733,0.1,2.249,-4.0941,wall_following
2026-07-09 11:54:12.435,pillar_wall_good,pill_good_02,positive,0.7568,0.0862,0.2376,-0.0031,0.514,65.533,3.005,3.2775,0.1,2.253,-4.0997,wall_following
2026-07-09 11:54:12.535,pillar_wall_good,pill_good_02,positive,0.7377,-0.0575,-0.1832,-0.0028,0.509,65.533,3.003,3.2819,0.1,2.252,-4.1051,wall_following
2026-07-09 11:54:12.635,pillar_wall_good,pill_good_02,positive,0.5556,-0.1054,-0.0447,-0.0034,0.501,65.533,2.998,3.286,0.1,2.257,-4.1105,wall_following
2026-07-09 11:54:12.735,pillar_wall_good,pill_good_02,positive,0.115,-0.2299,-0.18,-0.0054,0.512,65.533,2.998,3.2901,0.1,2.261,-4.116,wall_following
2026-07-09 11:54:12.835,pillar_wall_good,pill_good_02,positive,0.5173,0.0958,0.196,-0.0027,0.513,65.533,2.995,3.294,0.1,2.259,-4.1217,wall_following
2026-07-09 11:54:12.935,pillar_wall_good,pill_good_02,positive,0.4598,0.0383,0.0799,-0.0033,0.518,65.533,2.998,3.2979,0.1,2.237,-4.1274,wall_following
2026-07-09 11:54:13.035,pillar_wall_good,pill_good_02,positive,0.4311,0.1629,0.1555,-0.0025,0.517,65.533,3.007,3.302,0.1,2.243,-4.1331,wall_following
2026-07-09 11:54:13.135,pillar_wall_good,pill_good_02,positive,-0.364,-0.0671,0.0383,-0.0041,0.517,65.533,2.999,3.3062,0.1,2.248,-4.1387,wall_following
2026-07-09 11:54:13.235,pillar_wall_good,pill_good_02,positive,0.1533,-0.0862,0.0511,-0.0029,0.512,65.533,2.994,3.3103,0.1,2.248,-4.1443,wall_following
2026-07-09 11:54:13.335,pillar_wall_good,pill_good_02,positive,0.5365,-0.0383,-0.1129,-0.0035,0.509,65.533,2.997,3.3142,0.1,2.254,-4.1497,wall_following
2026-07-09 11:54:13.435,pillar_wall_good,pill_good_02,positive,0.5269,-0.2778,-0.0096,-0.0027,0.507,65.533,3.007,3.3184,0.1,2.256,-4.1555,wall_following
2026-07-09 11:54:13.535,pillar_wall_good,pill_good_02,positive,0.1629,-0.4215,-0.0405,-0.0051,0.507,65.533,3.004,3.3224,0.1,2.255,-4.1614,wall_following
2026-07-09 11:54:13.635,pillar_wall_good,pill_good_02,positive,0.4311,-0.1916,-0.0341,-0.0053,0.508,65.533,3.0,3.3256,0.1,2.252,-4.1663,wall_following
2026-07-09 11:54:13.735,pillar_wall_good,pill_good_02,positive,0.4215,0.0096,0.0234,-0.0039,0.517,65.533,2.998,3.33,0.1,2.236,-4.1729,wall_following
2026-07-09 11:54:13.835,pillar_wall_good,pill_good_02,positive,1.0155,-0.0192,0.2791,-0.0017,0.517,65.533,3.0,3.3338,0.1,2.232,-4.1787,wall_following
2026-07-09 11:54:13.935,pillar_wall_good,pill_good_02,positive,0.5269,-0.1245,0.1172,-0.0029,0.514,65.533,2.998,3.3378,0.1,2.251,-4.1846,wall_following
2026-07-09 11:54:14.035,pillar_wall_good,pill_good_02,positive,0.6227,0.0192,-0.0852,-0.0043,0.521,65.533,3.002,3.3418,0.1,2.24,-4.1905,wall_following
2026-07-09 11:54:14.135,pillar_wall_good,pill_good_02,positive,0.1533,-0.0287,0.1491,-0.0035,0.516,65.533,2.998,3.346,0.1,2.247,-4.1965,wall_following
2026-07-09 11:54:14.235,pillar_wall_good,pill_good_02,positive,-1.2837,0.4982,2.6877,-0.004,0.513,65.533,2.995,3.3498,0.1,2.243,-4.202,wall_following
2026-07-09 11:54:14.335,pillar_wall_good,pill_good_02,positive,0.1629,-0.2587,-0.1587,-0.0034,0.512,65.533,2.992,3.3539,0.1,2.239,-4.2078,wall_following
2026-07-09 11:54:14.435,pillar_wall_good,pill_good_02,positive,0.0766,-0.0671,-0.0277,-0.0023,0.516,65.533,3.001,3.3578,0.1,2.245,-4.2137,wall_following
2026-07-09 11:54:14.535,pillar_wall_good,pill_good_02,positive,0.0862,-0.2778,0.065,-0.0032,0.51,65.533,3.008,3.3617,0.1,2.239,-4.2197,wall_following
2026-07-09 11:54:14.635,pillar_wall_good,pill_good_02,positive,0.5365,-0.2108,0.033,-0.0037,0.52,65.533,2.996,3.3655,0.1,2.254,-4.2255,wall_following
2026-07-09 11:54:14.735,pillar_wall_good,pill_good_02,positive,0.8335,-0.1533,0.2152,-0.0025,0.509,65.533,3.001,3.3693,0.1,2.256,-4.2314,wall_following
2026-07-09 11:54:14.835,pillar_wall_good,pill_good_02,positive,0.2299,-0.0958,-0.0511,-0.0066,0.504,65.533,2.999,3.3732,0.1,2.265,-4.2374,wall_following
2026-07-09 11:54:14.935,pillar_wall_good,pill_good_02,positive,0.7185,0.0,-0.114,-0.0039,0.498,65.533,3.003,3.377,0.1,2.254,-4.2435,wall_following
2026-07-09 11:54:15.035,pillar_wall_good,pill_good_02,positive,0.6323,-0.1437,-0.2003,-0.0053,0.519,65.533,2.999,3.3804,0.1,2.244,-4.2495,wall_following
2026-07-09 11:54:15.135,pillar_wall_good,pill_good_02,positive,0.6706,0.0192,0.1065,-0.002,0.516,65.533,2.998,3.3837,0.1,2.242,-4.2557,wall_following
2026-07-09 11:54:15.235,pillar_wall_good,pill_good_02,positive,-0.2203,-0.2108,0.0138,-0.0026,0.516,65.533,3.007,3.3873,0.1,2.25,-4.2619,wall_following
2026-07-09 11:54:15.335,pillar_wall_good,pill_good_02,positive,0.0479,-0.2012,0.0298,-0.0025,0.511,65.533,3.0,3.3909,0.1,2.248,-4.2679,wall_following
2026-07-09 11:54:15.435,pillar_wall_good,pill_good_02,positive,0.4024,-0.2874,-0.0458,-0.0028,0.511,65.533,2.999,3.3946,0.1,2.247,-4.2741,wall_following
2026-07-09 11:54:15.535,pillar_wall_good,pill_good_02,positive,0.1916,-0.2012,-0.0692,-0.0032,0.517,65.533,2.994,3.3984,0.1,2.244,-4.2802,wall_following
2026-07-09 11:54:15.635,pillar_wall_good,pill_good_02,positive,0.1916,-0.2395,0.1374,-0.0047,0.508,65.533,2.999,3.4021,0.1,2.243,-4.2864,wall_following
2026-07-09 11:54:15.735,pillar_wall_good,pill_good_02,positive,0.5077,-0.2587,0.0522,-0.0029,0.523,65.533,2.994,3.4057,0.1,2.244,-4.2924,wall_following
2026-07-09 11:54:15.835,pillar_wall_good,pill_good_02,positive,0.3545,-0.2395,0.1992,-0.0025,0.518,65.533,2.997,3.4096,0.1,2.247,-4.2987,wall_following
2026-07-09 11:54:15.935,pillar_wall_good,pill_good_02,positive,0.4215,-0.2874,0.179,-0.0033,0.519,65.533,2.998,3.4132,0.1,2.236,-4.3048,wall_following
2026-07-09 11:54:16.035,pillar_wall_good,pill_good_02,positive,0.7568,-0.2299,0.1161,-0.0018,0.516,65.533,3.0,3.4171,0.1,2.238,-4.3108,wall_following
2026-07-09 11:54:16.135,pillar_wall_good,pill_good_02,positive,0.4311,-0.2682,0.0096,-0.0035,0.515,65.533,2.991,3.421,0.1,2.238,-4.3171,wall_following
2026-07-09 11:54:16.235,pillar_wall_good,pill_good_02,positive,0.479,-0.2108,-0.0426,-0.0018,0.519,65.533,2.991,3.4247,0.1,2.247,-4.3231,wall_following
2026-07-09 11:54:16.335,pillar_wall_good,pill_good_02,positive,0.5365,-0.2299,-0.0096,-0.0029,0.519,65.533,2.99,3.4286,0.1,2.233,-4.3293,wall_following
2026-07-09 11:54:16.435,pillar_wall_good,pill_good_02,positive,0.0383,-0.1724,0.0895,-0.0029,0.521,65.533,1.848,3.4324,0.1,2.227,-4.3354,wall_following
2026-07-09 11:54:16.535,pillar_wall_good,pill_good_02,positive,0.3832,-0.2587,0.1012,-0.0023,0.515,65.533,1.741,3.4361,0.1,2.237,-4.3416,wall_following
2026-07-09 11:54:16.635,pillar_wall_good,pill_good_02,positive,0.5748,-0.3066,-0.0756,-0.0032,0.524,65.533,1.699,3.4401,0.1,2.242,-4.3478,wall_following
2026-07-09 11:54:16.735,pillar_wall_good,pill_good_02,positive,0.0671,0.0096,-0.0415,-0.0018,0.52,65.533,1.696,3.4439,0.1,2.242,-4.3539,wall_following
2026-07-09 11:54:16.835,pillar_wall_good,pill_good_02,positive,0.4311,-0.1533,0.0053,-0.0027,0.519,65.533,1.71,3.4478,0.1,2.24,-4.3602,wall_following
2026-07-09 11:54:16.935,pillar_wall_good,pill_good_02,positive,0.4215,-0.182,-0.0692,-0.0037,0.516,65.533,1.721,3.4517,0.1,2.24,-4.3664,wall_following
2026-07-09 11:54:17.035,pillar_wall_good,pill_good_02,positive,0.1437,-0.2395,-0.0192,-0.0027,0.512,65.533,1.713,3.4555,0.1,2.238,-4.3725,wall_following
2026-07-09 11:54:17.135,pillar_wall_good,pill_good_02,positive,0.3353,-0.2874,-0.1033,-0.0026,0.508,65.533,1.722,3.4592,0.1,2.25,-4.3787,wall_following
2026-07-09 11:54:17.235,pillar_wall_good,pill_good_02,positive,-0.0766,-0.2587,-0.1641,-0.0038,0.506,65.533,1.713,3.463,0.1,2.236,-4.3851,wall_following
2026-07-09 11:54:17.335,pillar_wall_good,pill_good_02,positive,0.297,-0.0479,-0.2535,-0.0034,0.511,65.533,1.7,3.4665,0.1,2.237,-4.3914,wall_following
2026-07-09 11:54:17.435,pillar_wall_good,pill_good_02,positive,0.297,-0.3736,0.0053,-0.0043,0.52,65.533,1.726,3.4699,0.1,2.231,-4.3978,wall_following
2026-07-09 11:54:17.535,pillar_wall_good,pill_good_02,positive,-0.2108,-0.3736,0.1097,-0.0039,0.508,65.533,1.728,3.4733,0.1,2.234,-4.4041,wall_following
2026-07-09 11:54:17.635,pillar_wall_good,pill_good_02,positive,0.0766,-0.2778,-0.0064,-0.0035,0.51,65.533,1.732,3.4769,0.1,2.242,-4.4105,wall_following
2026-07-09 11:54:17.735,pillar_wall_good,pill_good_02,positive,0.182,-0.2778,-0.0138,-0.0032,0.52,65.533,1.738,3.4803,0.1,2.241,-4.4169,wall_following
2026-07-09 11:54:17.835,pillar_wall_good,pill_good_02,positive,0.1533,-0.1341,0.1044,-0.0023,0.517,6.364,1.742,3.4837,0.1,2.24,-4.4234,wall_following
2026-07-09 11:54:17.935,pillar_wall_good,pill_good_02,positive,0.182,-0.1341,0.0863,-0.0041,0.512,6.483,1.753,3.4873,0.1,2.224,-4.4299,wall_following
2026-07-09 11:54:18.035,pillar_wall_good,pill_good_02,positive,0.6802,-0.1437,0.0234,-0.0024,0.512,6.501,1.765,3.4908,0.1,2.233,-4.4362,wall_following
2026-07-09 11:54:18.135,pillar_wall_good,pill_good_02,positive,0.3832,-0.2491,-0.0671,-0.0042,0.514,65.533,1.773,3.4944,0.1,2.243,-4.4427,wall_following
2026-07-09 11:54:18.235,pillar_wall_good,pill_good_02,positive,0.4407,-0.2012,-0.1172,-0.0039,0.515,65.533,1.753,3.498,0.1,2.239,-4.4491,wall_following
2026-07-09 11:54:18.335,pillar_wall_good,pill_good_02,positive,-0.297,-0.297,-0.0245,-0.0031,0.515,65.533,1.795,3.5015,0.1,2.239,-4.4554,wall_following
2026-07-09 11:54:18.435,pillar_wall_good,pill_good_02,positive,0.2395,-0.2491,0.0394,-0.0023,0.506,65.533,1.805,3.5052,0.1,2.233,-4.462,wall_following
2026-07-09 11:54:18.535,pillar_wall_good,pill_good_02,positive,0.3353,-0.182,0.0053,-0.004,0.514,65.533,1.808,3.5088,0.1,2.23,-4.4685,wall_following
2026-07-09 11:54:18.635,pillar_wall_good,pill_good_02,positive,0.0479,-0.0958,0.0138,-0.0032,0.522,65.533,1.823,3.5125,0.1,2.217,-4.475,wall_following
2026-07-09 11:54:18.735,pillar_wall_good,pill_good_02,positive,0.115,-0.1341,0.0511,-0.0033,0.506,65.533,1.825,3.5161,0.1,2.226,-4.4815,wall_following
2026-07-09 11:54:18.835,pillar_wall_good,pill_good_02,positive,0.4119,-0.0862,-0.1459,-0.0052,0.51,65.533,1.803,3.5197,0.1,2.231,-4.488,wall_following
2026-07-09 11:54:18.935,pillar_wall_good,pill_good_02,positive,0.4503,-0.2299,0.0032,-0.0043,0.503,65.533,1.735,3.5231,0.1,2.228,-4.4945,wall_following
2026-07-09 11:54:19.035,pillar_wall_good,pill_good_02,positive,0.2299,-0.1341,-0.0117,-0.0036,0.508,65.533,1.746,3.5265,0.1,2.223,-4.5011,wall_following
2026-07-09 11:54:19.135,pillar_wall_good,pill_good_02,positive,0.3928,-0.115,-0.0597,-0.0033,0.507,65.533,1.747,3.5298,0.1,2.225,-4.5077,wall_following
2026-07-09 11:54:19.235,pillar_wall_good,pill_good_02,positive,0.4503,-0.2108,-0.0224,-0.0026,0.506,6.383,1.745,3.5332,0.1,2.217,-4.5142,wall_following
2026-07-09 11:54:19.335,pillar_wall_good,pill_good_02,positive,0.0096,-0.1916,0.0043,-0.0035,0.51,6.377,1.747,3.5366,0.1,2.217,-4.5208,wall_following
2026-07-09 11:54:19.435,pillar_wall_good,pill_good_02,positive,0.4503,-0.2203,0.0597,-0.0027,0.51,65.533,1.742,3.5398,0.1,2.218,-4.5274,wall_following
2026-07-09 11:54:19.535,pillar_wall_good,pill_good_02,positive,-0.2778,-0.2108,0.0266,-0.0027,0.515,65.533,1.736,3.5432,0.1,2.222,-4.534,wall_following
2026-07-09 11:54:19.635,pillar_wall_good,pill_good_02,positive,0.0671,-0.0958,0.017,-0.0035,0.51,65.533,1.737,3.5465,0.1,2.216,-4.5408,wall_following
2026-07-09 11:54:19.735,pillar_wall_good,pill_good_02,positive,0.1437,-0.297,-0.049,-0.0033,0.514,65.533,1.74,3.5497,0.1,2.214,-4.5473,wall_following
2026-07-09 11:54:19.835,pillar_wall_good,pill_good_02,positive,0.1341,-0.2682,0.016,-0.0029,0.516,65.533,1.733,3.5527,0.1,2.218,-4.5536,wall_following
2026-07-09 11:54:19.935,pillar_wall_good,pill_good_02,positive,0.1724,-0.2299,0.2109,-0.0033,0.516,65.533,1.732,3.5556,0.1,2.219,-4.5601,wall_following
2026-07-09 11:54:20.035,pillar_wall_good,pill_good_02,positive,0.5269,-0.0287,0.0799,-0.0035,0.502,65.533,1.741,3.5592,0.1,2.216,-4.5676,wall_following
2026-07-09 11:54:20.135,pillar_wall_good,pill_good_02,positive,0.115,-0.0766,-0.1417,-0.0044,0.516,65.533,1.732,3.5624,0.1,2.223,-4.5743,wall_following
2026-07-09 11:54:20.235,pillar_wall_good,pill_good_02,positive,0.4215,0.0575,0.1012,-0.0026,0.512,65.533,1.734,3.5655,0.1,2.216,-4.5809,wall_following
2026-07-09 11:54:20.336,pillar_wall_good,pill_good_02,positive,-0.2203,-0.0096,0.1928,-0.0031,0.504,65.533,1.754,3.5684,0.1,2.222,-4.5873,wall_following
2026-07-09 11:54:20.435,pillar_wall_good,pill_good_02,positive,0.4886,0.0479,-0.3217,-0.0026,0.52,65.533,1.738,3.5717,0.1,2.215,-4.5944,wall_following
2026-07-09 11:54:20.535,pillar_wall_good,pill_good_02,positive,0.0096,0.0,0.1854,-0.0027,0.516,65.533,1.745,3.5747,0.1,2.214,-4.601,wall_following
2026-07-09 11:54:20.635,pillar_wall_good,pill_good_02,positive,0.0383,-0.1437,0.0224,-0.0044,0.521,65.533,1.743,3.578,0.1,2.197,-4.6082,wall_following
2026-07-09 11:54:20.735,pillar_wall_good,pill_good_02,positive,-0.2108,-0.2012,-0.0671,-0.0043,0.508,65.533,1.747,3.5811,0.1,2.249,-4.6151,wall_following
2026-07-09 11:54:20.835,pillar_wall_good,pill_good_02,positive,0.479,-0.0287,0.0469,-0.0029,0.515,65.533,1.756,3.5842,0.1,2.242,-4.6218,wall_following
2026-07-09 11:54:20.935,pillar_wall_good,pill_good_02,positive,0.4311,-0.3449,0.1811,-0.0038,0.522,65.533,1.74,3.5872,0.1,2.256,-4.6286,wall_following
2026-07-09 11:54:21.035,pillar_wall_good,pill_good_02,positive,0.6514,-0.1341,0.017,-0.0028,0.523,65.533,1.739,3.5904,0.1,2.264,-4.6355,wall_following
2026-07-09 11:54:21.135,pillar_wall_good,pill_good_02,positive,0.7472,0.182,0.098,-0.002,0.515,65.533,1.746,3.5936,0.1,2.251,-4.6423,wall_following
2026-07-09 11:54:21.235,pillar_wall_good,pill_good_02,positive,0.4311,0.0671,0.0703,-0.0033,0.515,65.533,1.742,3.5969,0.1,2.232,-4.6492,wall_following
2026-07-09 11:54:21.335,pillar_wall_good,pill_good_02,positive,-0.2012,0.1341,-0.1577,-0.0029,0.508,65.533,1.754,3.5999,0.1,2.232,-4.6556,wall_following
2026-07-09 11:54:21.435,pillar_wall_good,pill_good_02,positive,0.0671,-0.0287,-0.1427,-0.0039,0.515,65.533,1.738,3.6032,0.1,2.22,-4.6629,wall_following
2026-07-09 11:54:21.535,pillar_wall_good,pill_good_02,positive,0.3161,0.1724,-0.1438,-0.0041,0.512,65.533,1.751,3.6063,0.1,2.222,-4.6698,wall_following
2026-07-09 11:54:21.635,pillar_wall_good,pill_good_02,positive,-0.1724,0.0192,0.0884,-0.0038,0.513,65.533,1.756,3.6092,0.1,2.219,-4.6766,wall_following
2026-07-09 11:54:21.735,pillar_wall_good,pill_good_02,positive,-0.479,-0.2203,0.0096,-0.0028,0.505,6.116,1.76,3.6122,0.1,2.208,-4.6835,wall_following
2026-07-09 11:54:21.835,pillar_wall_good,pill_good_02,positive,0.0862,-0.1629,-0.065,-0.0022,0.509,6.148,1.757,3.6152,0.1,2.2,-4.6904,wall_following
2026-07-09 11:54:21.935,pillar_wall_good,pill_good_02,positive,0.0383,-0.0575,0.0213,-0.0045,0.523,6.188,1.742,3.6182,0.1,2.193,-4.6975,wall_following
2026-07-09 11:54:22.035,pillar_wall_good,pill_good_02,positive,0.9101,-0.1916,0.2791,-0.0038,0.513,6.141,1.753,3.6213,0.1,2.19,-4.7044,wall_following
2026-07-09 11:54:22.136,pillar_wall_good,pill_good_02,positive,-0.0192,-0.2012,-0.0202,-0.0021,0.516,6.125,1.739,3.6244,0.1,2.195,-4.7114,wall_following
2026-07-09 11:54:22.235,pillar_wall_good,pill_good_02,positive,0.1341,0.0383,-0.0767,-0.0036,0.514,6.122,1.747,3.6275,0.1,2.193,-4.7182,wall_following
2026-07-09 11:54:22.335,pillar_wall_good,pill_good_02,positive,0.115,0.1533,0.0575,-0.0034,0.513,6.081,1.754,3.6304,0.1,2.194,-4.7251,wall_following
2026-07-09 11:54:22.435,pillar_wall_good,pill_good_02,positive,0.4886,0.1245,-0.0703,-0.0027,0.509,6.074,1.742,3.6334,0.1,2.191,-4.732,wall_following
2026-07-09 11:54:22.536,pillar_wall_good,pill_good_02,positive,0.4598,-0.0958,-0.0245,-0.0026,0.508,5.982,1.75,3.6366,0.1,2.188,-4.7394,wall_following
2026-07-09 11:54:22.635,pillar_wall_good,pill_good_02,positive,-0.2203,-0.0766,0.0714,-0.0023,0.512,5.963,1.756,3.6395,0.1,2.183,-4.7461,wall_following
2026-07-09 11:54:22.735,pillar_wall_good,pill_good_02,positive,0.1437,-0.2491,-0.1395,-0.0029,0.52,5.992,1.764,3.6426,0.1,2.183,-4.7531,wall_following
2026-07-09 11:54:22.835,pillar_wall_good,pill_good_02,positive,-0.0096,-0.1724,0.1747,-0.003,0.516,6.041,1.753,3.6456,0.1,2.19,-4.76,wall_following
2026-07-09 11:54:22.936,pillar_wall_good,pill_good_02,positive,-0.0862,0.0575,-0.0298,-0.0029,0.51,5.958,1.756,3.6487,0.1,2.185,-4.767,wall_following
2026-07-09 11:54:23.035,pillar_wall_good,pill_good_02,positive,0.5365,-0.2012,-0.0586,-0.0028,0.513,6.01,1.75,3.6517,0.1,2.187,-4.774,wall_following
2026-07-09 11:54:23.135,pillar_wall_good,pill_good_02,positive,0.5365,-0.2012,0.0245,-0.0032,0.521,5.988,1.758,3.6547,0.1,2.186,-4.781,wall_following
2026-07-09 11:54:23.235,pillar_wall_good,pill_good_02,positive,0.5461,0.0383,0.1971,-0.0023,0.514,5.969,1.761,3.6576,0.1,2.188,-4.788,wall_following
2026-07-09 11:54:23.335,pillar_wall_good,pill_good_02,positive,0.4886,0.0766,-0.1864,-0.0035,0.517,5.984,1.757,3.6607,0.1,2.18,-4.7952,wall_following
2026-07-09 11:54:23.435,pillar_wall_good,pill_good_02,positive,0.5652,-0.0383,-0.0021,-0.0021,0.52,5.982,1.753,3.6638,0.1,2.183,-4.8022,wall_following
2026-07-09 11:54:23.535,pillar_wall_good,pill_good_02,positive,0.2778,0.0,-0.049,-0.003,0.525,5.963,1.763,3.6668,0.1,2.181,-4.8092,wall_following
2026-07-09 11:54:23.635,pillar_wall_good,pill_good_02,positive,0.594,-0.0096,0.245,-0.0024,0.512,65.533,1.761,3.6698,0.1,2.175,-4.8162,wall_following
2026-07-09 11:54:23.735,pillar_wall_good,pill_good_02,positive,-0.2395,0.0479,-0.3174,-0.0027,0.51,65.533,1.755,3.6727,0.1,2.177,-4.8229,wall_following
2026-07-09 11:54:23.835,pillar_wall_good,pill_good_02,positive,0.5652,0.0192,-0.0373,-0.0026,0.52,65.533,1.761,3.6759,0.1,2.173,-4.8303,wall_following
2026-07-09 11:54:23.935,pillar_wall_good,pill_good_02,positive,0.4215,-0.1629,0.2525,-0.0029,0.517,65.533,1.748,3.6789,0.1,2.168,-4.8374,wall_following
2026-07-09 11:54:24.035,pillar_wall_good,pill_good_02,positive,0.1437,-0.0671,-0.0117,-0.0022,0.525,65.533,1.759,3.6818,0.1,2.17,-4.8444,wall_following
2026-07-09 11:54:24.135,pillar_wall_good,pill_good_02,positive,0.4215,0.0479,0.1289,-0.0028,0.506,65.533,1.755,3.6849,0.1,2.166,-4.8515,wall_following
2026-07-09 11:54:24.235,pillar_wall_good,pill_good_02,positive,0.3832,0.1533,-0.3973,-0.0045,0.506,65.533,1.757,3.6881,0.1,2.172,-4.8587,wall_following
2026-07-09 11:54:24.335,pillar_wall_good,pill_good_02,positive,0.6802,0.0192,0.0586,-0.0029,0.511,5.883,1.756,3.6909,0.1,2.147,-4.8656,wall_following
2026-07-09 11:54:24.435,pillar_wall_good,pill_good_02,positive,0.0383,0.2395,-0.0107,-0.0028,0.504,65.533,1.758,3.6937,0.1,2.157,-4.8725,wall_following
2026-07-09 11:54:24.535,pillar_wall_good,pill_good_02,positive,0.4407,-0.0575,-0.1033,-0.0035,0.517,5.887,1.749,3.6965,0.1,2.16,-4.8799,wall_following
2026-07-09 11:54:24.635,pillar_wall_good,pill_good_02,positive,0.4311,0.115,0.179,-0.004,0.521,5.844,1.745,3.6993,0.1,2.151,-4.887,wall_following
2026-07-09 11:54:24.735,pillar_wall_good,pill_good_02,positive,0.4024,-0.0958,0.1417,-0.0031,0.519,5.895,1.758,3.7021,0.1,2.148,-4.8942,wall_following
2026-07-09 11:54:24.835,pillar_wall_good,pill_good_02,positive,-1.2837,0.4982,2.6877,-0.0033,0.516,5.861,1.751,3.7051,0.1,2.153,-4.9014,wall_following
2026-07-09 11:54:24.935,pillar_wall_good,pill_good_02,positive,0.364,-0.0287,0.0629,-0.0031,0.514,65.533,1.75,3.7081,0.1,2.148,-4.9086,wall_following
2026-07-09 11:54:25.035,pillar_wall_good,pill_good_02,positive,0.4119,0.0383,0.0053,-0.0025,0.525,65.533,1.761,3.7111,0.1,2.149,-4.9156,wall_following
2026-07-09 11:54:25.135,pillar_wall_good,pill_good_02,positive,0.5748,0.0862,0.196,-0.0027,0.521,65.533,1.746,3.7142,0.1,2.148,-4.9227,wall_following
2026-07-09 11:54:25.235,pillar_wall_good,pill_good_02,positive,0.2299,0.0383,0.0,-0.0035,0.522,65.533,1.756,3.7174,0.1,2.148,-4.9298,wall_following
2026-07-09 11:54:25.335,pillar_wall_good,pill_good_02,positive,0.5748,0.0766,-0.0192,-0.0024,0.516,65.533,1.761,3.7205,0.1,2.158,-4.9369,wall_following
2026-07-09 11:54:25.435,pillar_wall_good,pill_good_02,positive,0.297,-0.0096,-0.1704,-0.0031,0.52,65.533,1.754,3.7238,0.1,2.154,-4.944,wall_following
2026-07-09 11:54:25.535,pillar_wall_good,pill_good_02,positive,-1.2837,0.4982,2.6877,-0.0024,0.509,65.533,1.754,3.7269,0.1,2.165,-4.9511,wall_following
2026-07-09 11:54:25.635,pillar_wall_good,pill_good_02,positive,0.4024,-0.1245,-0.2333,-0.0025,0.518,65.533,1.753,3.7299,0.1,2.168,-4.9583,wall_following
2026-07-09 11:54:25.735,pillar_wall_good,pill_good_02,positive,0.1916,-0.2012,-0.0192,-0.0034,0.519,65.533,1.758,3.7328,0.1,2.166,-4.9654,wall_following
2026-07-09 11:54:25.835,pillar_wall_good,pill_good_02,positive,0.1724,-0.2012,0.0788,-0.0038,0.509,65.533,1.758,3.7359,0.1,2.193,-4.9725,wall_following
2026-07-09 11:54:25.935,pillar_wall_good,pill_good_02,positive,0.3928,-0.0383,-0.0565,-0.0041,0.516,65.533,1.762,3.7388,0.1,2.196,-4.9798,wall_following
2026-07-09 11:54:26.035,pillar_wall_good,pill_good_02,positive,0.3257,-0.1054,0.0905,-0.0041,0.523,65.533,1.76,3.7416,0.1,2.213,-4.987,wall_following
2026-07-09 11:54:26.135,pillar_wall_good,pill_good_02,positive,0.5844,0.1245,0.1598,-0.003,0.527,65.533,1.75,3.7445,0.1,2.207,-4.9942,wall_following
2026-07-09 11:54:26.235,pillar_wall_good,pill_good_02,positive,0.6035,0.2012,0.1193,-0.0032,0.519,65.533,1.757,3.7477,0.1,2.203,-5.0015,wall_following
2026-07-09 11:54:26.335,pillar_wall_good,pill_good_02,positive,0.3736,-0.0383,-0.0863,-0.0035,0.511,65.533,1.764,3.7509,0.1,2.202,-5.0087,wall_following
2026-07-09 11:54:26.435,pillar_wall_good,pill_good_02,positive,0.4215,-0.0862,-0.2333,-0.0037,0.519,65.533,1.758,3.7539,0.1,2.184,-5.0158,wall_following
2026-07-09 11:54:26.535,pillar_wall_good,pill_good_02,positive,0.2491,0.0287,0.0415,-0.0042,0.507,65.533,1.763,3.7568,0.1,2.204,-5.0229,wall_following
2026-07-09 11:54:26.635,pillar_wall_good,pill_good_02,positive,0.1533,-0.0383,-0.1662,-0.0031,0.516,65.533,1.753,3.7598,0.1,2.189,-5.0302,wall_following
2026-07-09 11:54:26.735,pillar_wall_good,pill_good_02,positive,0.1341,-0.0479,-0.0469,-0.004,0.517,65.533,1.757,3.7625,0.1,2.196,-5.0375,wall_following
2026-07-09 11:54:26.835,pillar_wall_good,pill_good_02,positive,0.1533,-0.2587,-0.0096,-0.0026,0.507,65.533,1.752,3.7652,0.1,2.189,-5.0446,wall_following
2026-07-09 11:54:26.935,pillar_wall_good,pill_good_02,positive,-0.115,-0.0862,-0.1257,-0.003,0.519,65.533,1.749,3.7679,0.1,2.192,-5.0516,wall_following
2026-07-09 11:54:27.035,pillar_wall_good,pill_good_02,positive,0.2682,0.0479,0.0884,-0.0035,0.509,65.533,1.734,3.7707,0.1,2.195,-5.0594,wall_following
2026-07-09 11:54:27.135,pillar_wall_good,pill_good_02,positive,0.2587,0.0766,-0.0937,-0.0038,0.508,65.533,1.726,3.7734,0.1,2.185,-5.0668,wall_following
2026-07-09 11:54:27.235,pillar_wall_good,pill_good_02,positive,0.776,-0.0287,-0.0522,-0.0041,0.515,65.533,1.722,3.7759,0.1,2.198,-5.074,wall_following
2026-07-09 11:54:27.335,pillar_wall_good,pill_good_02,positive,0.5269,0.1054,0.1044,-0.0027,0.511,65.533,1.718,3.7783,0.1,2.203,-5.0811,wall_following
2026-07-09 11:54:27.435,pillar_wall_good,pill_good_02,positive,0.2587,0.115,0.0085,-0.0039,0.51,65.533,1.714,3.781,0.1,2.196,-5.0886,wall_following
2026-07-09 11:54:27.535,pillar_wall_good,pill_good_02,positive,0.0287,-0.0383,0.0053,-0.0038,0.518,65.533,1.719,3.7835,0.1,2.199,-5.0959,wall_following
2026-07-09 11:54:27.635,pillar_wall_good,pill_good_02,positive,0.3736,-0.1054,0.0895,-0.0036,0.525,65.533,1.735,3.7859,0.1,2.204,-5.1032,wall_following
2026-07-09 11:54:27.735,pillar_wall_good,pill_good_02,positive,0.6227,-0.0862,0.1619,-0.0024,0.521,65.533,1.745,3.7886,0.1,2.209,-5.1105,wall_following
2026-07-09 11:54:27.835,pillar_wall_good,pill_good_02,positive,0.843,-0.115,0.0511,-0.0031,0.518,65.533,1.757,3.7915,0.1,2.207,-5.118,wall_following
2026-07-09 11:54:27.935,pillar_wall_good,pill_good_02,positive,0.3257,0.0192,0.0266,-0.0022,0.509,65.533,1.761,3.7944,0.1,2.216,-5.1252,wall_following
2026-07-09 11:54:28.035,pillar_wall_good,pill_good_02,positive,0.6035,-0.0766,-0.131,-0.0037,0.517,65.533,1.759,3.7972,0.1,2.201,-5.1326,wall_following
2026-07-09 11:54:28.135,pillar_wall_good,pill_good_02,positive,0.0862,0.0096,0.0469,-0.0032,0.52,65.533,1.762,3.8,0.1,2.205,-5.1399,wall_following
2026-07-09 11:54:28.235,pillar_wall_good,pill_good_02,positive,0.0862,0.0096,0.0213,-0.0022,0.518,65.533,1.764,3.8026,0.1,2.192,-5.1472,wall_following
2026-07-09 11:54:28.335,pillar_wall_good,pill_good_02,positive,0.479,-0.0479,-0.0064,-0.0026,0.514,65.533,1.753,3.8055,0.1,2.19,-5.1546,wall_following
2026-07-09 11:54:28.435,pillar_wall_good,pill_good_02,positive,0.0479,0.0383,-0.0948,-0.0025,0.513,65.533,1.757,3.8081,0.1,2.211,-5.1618,wall_following
2026-07-09 11:54:28.535,pillar_wall_good,pill_good_02,positive,0.9101,0.0192,-0.0575,-0.0044,0.521,65.533,1.762,3.8108,0.1,2.207,-5.1692,wall_following
2026-07-09 11:54:28.636,pillar_wall_good,pill_good_02,positive,0.4503,-0.115,0.2162,-0.002,0.519,65.533,1.761,3.8135,0.1,2.201,-5.1765,wall_following
2026-07-09 11:54:28.735,pillar_wall_good,pill_good_02,positive,0.0766,-0.182,0.033,0.0004,0.518,65.533,1.757,3.8163,0.1,2.207,-5.1839,wall_following
2026-07-09 11:54:28.835,pillar_wall_good,pill_good_02,positive,-0.1245,-0.1245,-0.017,-0.0029,0.527,65.533,1.759,3.819,0.1,2.215,-5.1912,wall_following
2026-07-09 11:54:28.935,pillar_wall_good,pill_good_02,positive,0.1916,-0.2012,0.212,-0.0021,0.516,65.533,1.762,3.8218,0.1,2.217,-5.1986,wall_following
2026-07-09 11:54:29.035,pillar_wall_good,pill_good_02,positive,0.4598,-0.1437,0.0128,-0.0027,0.515,65.533,1.767,3.8247,0.1,2.2,-5.206,wall_following
2026-07-09 11:54:29.135,pillar_wall_good,pill_good_02,positive,0.7951,-0.1245,-0.0202,-0.004,0.523,65.533,1.761,3.8274,0.1,2.211,-5.2133,wall_following
2026-07-09 11:54:29.235,pillar_wall_good,pill_good_02,positive,0.0862,-0.115,0.0767,-0.0021,0.516,65.533,1.747,3.8301,0.1,2.201,-5.2202,wall_following
2026-07-09 11:54:29.335,pillar_wall_good,pill_good_02,positive,-0.0862,-0.0958,-0.0469,-0.0038,0.525,65.533,1.762,3.833,0.1,2.207,-5.228,wall_following
2026-07-09 11:54:29.435,pillar_wall_good,pill_good_02,positive,-0.1054,-0.0287,0.0,-0.0033,0.516,65.533,1.759,3.8358,0.1,2.203,-5.2355,wall_following
2026-07-09 11:54:29.535,pillar_wall_good,pill_good_02,positive,0.0671,-0.2012,-0.0629,-0.0039,0.515,65.533,1.753,3.8387,0.1,2.214,-5.2428,wall_following
2026-07-09 11:54:29.635,pillar_wall_good,pill_good_02,positive,0.3066,-0.3257,-0.1033,-0.0039,0.519,65.533,1.75,3.8415,0.1,2.201,-5.2502,wall_following
2026-07-09 11:54:29.735,pillar_wall_good,pill_good_02,positive,0.2299,-0.2299,0.0213,-0.0036,0.52,65.533,1.762,3.8442,0.1,2.219,-5.2576,wall_following
2026-07-09 11:54:29.835,pillar_wall_good,pill_good_02,positive,0.0958,-0.0862,0.0043,-0.0026,0.524,65.533,1.76,3.8469,0.1,2.192,-5.2649,wall_following
2026-07-09 11:54:29.935,pillar_wall_good,pill_good_02,positive,0.843,-0.1437,0.0842,-0.0032,0.512,65.533,1.756,3.8497,0.1,2.211,-5.2725,wall_following
2026-07-09 11:54:30.035,pillar_wall_good,pill_good_02,positive,0.1245,-0.1629,-0.0426,-0.0029,0.526,65.533,1.75,3.8525,0.1,2.218,-5.2799,wall_following
2026-07-09 11:54:30.135,pillar_wall_good,pill_good_02,positive,0.5748,-0.2778,0.0181,-0.0016,0.522,65.533,1.762,3.8552,0.1,2.21,-5.2873,wall_following
2026-07-09 11:54:30.235,pillar_wall_good,pill_good_02,positive,0.2491,0.0287,0.0415,-0.0029,0.514,65.533,1.761,3.8579,0.1,2.221,-5.2947,wall_following
2026-07-09 11:54:30.335,pillar_wall_good,pill_good_02,positive,0.4119,-0.0287,0.0032,-0.0029,0.52,65.533,1.759,3.8607,0.1,2.213,-5.302,wall_following
2026-07-09 11:54:30.435,pillar_wall_good,pill_good_02,positive,0.8335,-0.0766,-0.0192,-0.0033,0.52,65.533,1.759,3.8635,0.1,2.215,-5.3097,wall_following
2026-07-09 11:54:30.535,pillar_wall_good,pill_good_02,positive,0.0862,-0.2203,-0.0032,-0.0027,0.522,65.533,1.748,3.8662,0.1,2.225,-5.317,wall_following
2026-07-09 11:54:30.635,pillar_wall_good,pill_good_02,positive,0.3257,-0.2491,-0.0117,-0.0038,0.514,65.533,1.762,3.8689,0.1,2.217,-5.3244,wall_following
2026-07-09 11:54:30.735,pillar_wall_good,pill_good_02,positive,0.1533,-0.1437,0.0,-0.0032,0.516,65.533,1.76,3.8715,0.1,2.226,-5.3317,wall_following
2026-07-09 11:54:30.835,pillar_wall_good,pill_good_02,positive,0.3257,-0.1341,-0.0735,-0.0038,0.511,65.533,1.754,3.8743,0.1,2.224,-5.3394,wall_following
2026-07-09 11:54:30.935,pillar_wall_good,pill_good_02,positive,0.2874,0.1629,-0.0298,-0.0036,0.526,65.533,1.761,3.8769,0.1,2.222,-5.3469,wall_following
2026-07-09 11:54:31.035,pillar_wall_good,pill_good_02,positive,0.3449,-0.2874,0.1683,-0.0034,0.513,65.533,1.76,3.8794,0.1,2.221,-5.3542,wall_following
2026-07-09 11:54:31.135,pillar_wall_good,pill_good_02,positive,0.4503,-0.0192,-0.0234,-0.0026,0.514,65.533,1.753,3.882,0.1,2.227,-5.3616,wall_following
2026-07-09 11:54:31.235,pillar_wall_good,pill_good_02,positive,0.2778,-0.0958,-0.0149,-0.0028,0.522,65.533,1.751,3.8845,0.1,2.223,-5.3691,wall_following
2026-07-09 11:54:31.335,pillar_wall_good,pill_good_02,positive,0.5077,0.0575,0.0735,-0.0037,0.514,65.533,1.759,3.8871,0.1,2.225,-5.3766,wall_following
2026-07-09 11:54:31.435,pillar_wall_good,pill_good_02,positive,0.2587,-0.0575,-0.0309,-0.0028,0.51,65.533,1.761,3.8897,0.1,2.228,-5.384,wall_following
2026-07-09 11:54:31.535,pillar_wall_good,pill_good_02,positive,0.8239,-0.0575,-0.1364,-0.0025,0.524,65.533,1.763,3.8922,0.1,2.233,-5.3915,wall_following
2026-07-09 11:54:31.635,pillar_wall_good,pill_good_02,positive,0.5461,-0.115,0.0543,-0.0018,0.513,65.533,1.757,3.8946,0.1,2.229,-5.399,wall_following
2026-07-09 11:54:31.735,pillar_wall_good,pill_good_02,positive,0.1245,-0.0862,-0.0916,-0.0036,0.508,65.533,1.771,3.8972,0.1,2.226,-5.4065,wall_following
2026-07-09 11:54:31.835,pillar_wall_good,pill_good_02,positive,0.1629,-0.1437,-0.0735,-0.0041,0.511,65.533,1.754,3.8996,0.1,2.231,-5.4139,wall_following
2026-07-09 11:54:31.935,pillar_wall_good,pill_good_02,positive,0.2682,-0.2299,-0.0405,-0.0041,0.516,65.533,1.747,3.902,0.1,2.22,-5.4214,wall_following
2026-07-09 11:54:32.035,pillar_wall_good,pill_good_02,positive,0.5077,-0.1054,0.0362,-0.0037,0.515,65.533,1.765,3.9043,0.0,2.222,-5.4289,idle
2026-07-09 11:54:32.135,pillar_wall_good,pill_good_02,positive,0.6035,-0.1533,-0.1108,-0.0036,0.519,65.533,1.738,3.9061,0.0,2.232,-5.4352,idle
2026-07-09 11:54:32.235,pillar_wall_good,pill_good_02,positive,-1.2837,0.4982,2.6877,0.0002,0.529,65.533,1.751,3.9069,0.0,2.234,-5.438,idle
2026-07-09 11:54:32.335,pillar_wall_good,pill_good_02,positive,0.4215,0.0,-0.049,0.0006,0.511,65.533,1.748,3.9067,0.0,2.219,-5.4372,idle
2026-07-09 11:54:32.435,pillar_wall_good,pill_good_02,positive,0.115,-0.1724,-0.1023,-0.0005,0.516,65.533,1.748,3.9066,0.0,2.222,-5.4366,idle
2026-07-09 11:54:32.535,pillar_wall_good,pill_good_02,positive,0.4215,-0.0766,-0.0128,0.0003,0.511,65.533,1.749,3.9066,0.0,2.235,-5.4367,idle
2026-07-09 11:54:32.635,pillar_wall_good,pill_good_02,positive,0.4215,-0.1054,0.0011,0.0001,0.52,65.533,1.755,3.9067,0.0,2.226,-5.4369,idle
2026-07-09 11:54:32.735,pillar_wall_good,pill_good_02,positive,0.594,-0.0575,0.0181,-0.0,0.512,65.533,1.751,3.9067,0.0,2.221,-5.4369,idle
2026-07-09 11:54:32.835,pillar_wall_good,pill_good_02,positive,0.4311,-0.1437,0.032,-0.0,0.508,65.533,1.752,3.9066,0.0,2.235,-5.4368,idle
2026-07-09 11:54:32.935,pillar_wall_good,pill_good_02,positive,0.4598,-0.0575,-0.0597,0.0,0.51,65.533,1.754,3.9067,0.0,2.221,-5.4369,idle
2026-07-09 11:54:33.035,pillar_wall_good,pill_good_02,positive,0.2108,-0.0766,-0.0128,-0.0,0.515,65.533,1.752,3.9066,0.0,2.223,-5.4368,idle
2026-07-09 11:54:33.135,pillar_wall_good,pill_good_02,positive,0.6514,-0.1724,-0.0234,0.0,0.519,65.533,1.752,3.9066,0.0,2.22,-5.4368,idle
2026-07-09 11:54:33.235,pillar_wall_good,pill_good_02,positive,0.6035,-0.1054,-0.0298,0.0,0.514,65.533,1.757,3.9066,0.0,2.218,-5.4368,idle
2026-07-09 11:54:33.335,pillar_wall_good,pill_good_02,positive,0.4119,-0.1054,0.0043,-0.0,0.512,65.533,1.76,3.9066,0.0,2.231,-5.4368,idle
2026-07-09 11:54:33.435,pillar_wall_good,pill_good_02,positive,0.4982,-0.0766,-0.0107,0.0,0.517,65.533,1.749,3.9066,0.0,2.235,-5.4368,idle
2026-07-09 11:54:33.535,pillar_wall_good,pill_good_02,positive,0.4215,-0.1437,0.0064,-0.0,0.513,65.533,1.753,3.9066,0.0,2.224,-5.4368,idle
2026-07-09 11:54:33.635,pillar_wall_good,pill_good_02,positive,0.479,-0.1054,0.0905,-0.0,0.515,65.533,1.749,3.9066,0.0,2.238,-5.4368,idle
2026-07-09 11:54:33.735,pillar_wall_good,pill_good_02,positive,0.1629,0.0,-0.0021,-0.0,0.519,65.533,1.75,3.9066,0.0,2.229,-5.4368,idle
2026-07-09 11:54:33.835,pillar_wall_good,pill_good_02,positive,0.1916,-0.1245,-0.0128,0.0,0.519,65.533,1.753,3.9066,0.0,2.229,-5.4368,idle
2026-07-09 11:54:33.935,pillar_wall_good,pill_good_02,positive,0.3928,-0.1916,-0.0362,0.0,0.51,65.533,1.76,3.9066,0.0,2.221,-5.4368,idle
2026-07-09 11:54:34.035,pillar_wall_good,pill_good_02,positive,0.364,-0.1341,-0.0128,0.0,0.516,65.533,1.759,3.9066,0.0,2.225,-5.4368,idle
2026-07-09 11:54:34.135,pillar_wall_good,pill_good_02,positive,0.6706,-0.115,0.0362,-0.0,0.516,65.533,1.747,3.9066,0.0,2.217,-5.4368,idle
2026-07-09 11:54:34.235,pillar_wall_good,pill_good_02,positive,0.4886,-0.2012,-0.0192,0.0,0.519,65.533,1.75,3.9066,0.0,2.239,-5.4368,idle
2026-07-09 11:54:34.335,pillar_wall_good,pill_good_02,positive,0.6227,-0.1054,0.0,0.0,0.506,65.533,1.759,3.9066,0.0,2.209,-5.4368,idle
2026-07-09 11:54:34.435,pillar_wall_good,pill_good_02,positive,0.5077,-0.0383,-0.0415,-0.0,0.512,65.533,1.755,3.9066,0.0,2.233,-5.4368,idle
2026-07-09 11:54:34.535,pillar_wall_good,pill_good_02,positive,0.3066,-0.1054,0.0554,0.0,0.524,65.533,1.759,3.9066,0.0,2.22,-5.4368,idle
2026-07-09 11:54:34.635,pillar_wall_good,pill_good_02,positive,0.4598,-0.1341,-0.0064,-0.0,0.515,65.533,1.751,3.9066,0.0,2.225,-5.4368,idle
2026-07-09 11:54:34.735,pillar_wall_good,pill_good_02,positive,0.4215,-0.1245,0.0479,-0.0,0.521,65.533,1.748,3.9066,0.0,2.217,-5.4368,idle
2026-07-09 11:54:34.835,pillar_wall_good,pill_good_02,positive,0.2395,-0.0383,-0.0117,-0.0,0.526,65.533,1.75,3.9066,0.0,2.217,-5.4368,idle
2026-07-09 11:54:34.935,pillar_wall_good,pill_good_02,positive,0.4886,-0.0766,0.0224,-0.0,0.513,65.533,1.753,3.9066,0.0,2.22,-5.4368,idle
2026-07-09 11:54:35.035,pillar_wall_good,pill_good_02,positive,0.5173,-0.0958,-0.0288,-0.0,0.515,65.533,1.757,3.9066,0.0,2.223,-5.4368,idle
2026-07-09 11:54:35.135,pillar_wall_good,pill_good_02,positive,0.4503,-0.1629,-0.0245,0.0,0.518,65.533,1.751,3.9066,0.0,2.223,-5.4368,idle
2026-07-09 11:54:35.235,pillar_wall_good,pill_good_02,positive,0.3257,-0.115,0.0181,0.0,0.529,65.533,1.749,3.9066,0.0,2.219,-5.4368,idle
2026-07-09 11:54:35.335,pillar_wall_good,pill_good_02,positive,0.1916,-0.0862,0.0043,-0.0,0.514,65.533,1.758,3.9066,0.0,2.223,-5.4368,idle
2026-07-09 11:54:35.435,pillar_wall_good,pill_good_02,positive,0.6898,-0.1245,-0.0117,-0.0,0.517,65.533,1.748,3.9066,0.0,2.214,-5.4368,idle
2026-07-09 11:54:35.535,pillar_wall_good,pill_good_02,positive,0.479,-0.1054,0.0511,0.0,0.511,65.533,1.753,3.9066,0.0,2.223,-5.4368,idle
2026-07-09 11:54:35.635,pillar_wall_good,pill_good_02,positive,-1.2837,0.4982,2.6877,-0.0,0.514,65.533,1.754,3.9066,0.0,2.218,-5.4368,idle
2026-07-09 11:54:35.735,pillar_wall_good,pill_good_02,positive,0.364,-0.1341,0.0128,-0.0,0.522,65.533,1.752,3.9066,0.0,2.222,-5.4368,idle
2026-07-09 11:54:35.835,pillar_wall_good,pill_good_02,positive,0.5365,-0.0862,-0.0075,0.0,0.524,65.533,1.753,3.9066,0.0,2.208,-5.4368,idle
2026-07-09 11:54:35.935,pillar_wall_good,pill_good_02,positive,0.3161,-0.0671,-0.0405,-0.0,0.511,65.533,1.751,3.9066,0.0,2.217,-5.4368,idle
2026-07-09 11:54:36.035,pillar_wall_good,pill_good_02,positive,0.2108,-0.1533,0.0043,0.0,0.509,65.533,1.747,3.9066,0.0,2.225,-5.4368,idle
2026-07-09 11:54:36.135,pillar_wall_good,pill_good_02,positive,0.2108,-0.1054,0.0085,-0.0,0.511,65.533,1.74,3.9066,0.0,2.215,-5.4368,idle
2026-07-09 11:54:36.235,pillar_wall_good,pill_good_02,positive,-0.0671,-0.0862,-0.0064,-0.0,0.511,65.533,1.753,3.9066,0.0,2.212,-5.4368,idle
2026-07-09 11:54:36.335,pillar_wall_good,pill_good_02,positive,0.3832,-0.1245,0.0053,0.0,0.516,65.533,1.752,3.9066,0.0,2.216,-5.4368,idle
2026-07-09 11:54:36.435,pillar_wall_good,pill_good_02,positive,0.3353,-0.1437,-0.032,-0.0,0.509,65.533,1.755,3.9066,0.0,2.231,-5.4368,idle
2026-07-09 11:54:36.535,pillar_wall_good,pill_good_02,positive,-1.2837,0.4982,2.6877,0.0001,0.519,65.533,1.755,3.9066,0.0,2.224,-5.4368,idle
2026-07-09 11:54:36.635,pillar_wall_good,pill_good_02,positive,0.1341,0.0383,-0.0426,0.0,0.517,65.533,1.754,3.9066,0.0,2.228,-5.4368,idle
2026-07-09 11:54:36.735,pillar_wall_good,pill_good_02,positive,0.0096,-0.1054,0.0607,-0.0,0.515,65.533,1.757,3.9066,0.0,2.216,-5.4368,idle
