timestamp,scenario,run_id,example_type,imu_angular_z,imu_accel_x,lidar_front,lidar_front_right,imu_accel_y,lidar_left,lidar_right,cmd_angular_z,odom_angular_z,pos_y,pos_x,odom_linear_x,action_label
2026-07-04 13:24:30.360,plain_wall_bad,pw_bad_01,negative,-0.0405,-0.1341,65.533,3.174,0.364,1.209,1.743,0.5,0.0,0.0,0.0,-0.0,approaching_wall
2026-07-04 13:24:30.460,plain_wall_bad,pw_bad_01,negative,0.9928,0.0766,65.533,3.183,-0.0575,1.212,1.725,0.5,0.0074,-0.0001,0.0008,0.0029,approaching_wall
2026-07-04 13:24:30.560,plain_wall_bad,pw_bad_01,negative,0.4996,0.1724,65.533,3.225,0.1724,1.209,1.642,0.5,0.0106,-0.0004,0.0057,0.006,approaching_wall
2026-07-04 13:24:30.660,plain_wall_bad,pw_bad_01,negative,0.5571,-0.4024,65.533,3.269,-0.0766,1.21,1.637,0.5,0.0139,0.0001,0.0124,0.0068,approaching_wall
2026-07-04 13:24:30.760,plain_wall_bad,pw_bad_01,negative,-0.4708,-0.4024,65.533,3.324,0.2778,1.198,1.634,0.5,0.0218,0.0015,0.0215,0.0088,approaching_wall
2026-07-04 13:24:30.860,plain_wall_bad,pw_bad_01,negative,0.5635,0.1245,65.533,3.438,0.5844,1.181,1.593,0.5,0.0279,0.0037,0.0312,0.0094,approaching_wall
2026-07-04 13:24:30.960,plain_wall_bad,pw_bad_01,negative,-1.3625,-0.0192,65.533,3.542,0.6419,1.161,1.558,0.5,0.0413,0.0068,0.0416,0.0126,approaching_wall
2026-07-04 13:24:31.060,plain_wall_bad,pw_bad_01,negative,0.4517,-0.0096,9.247,65.533,0.3353,1.157,1.547,0.5,0.0498,0.0104,0.0522,0.0143,approaching_wall
2026-07-04 13:24:31.161,plain_wall_bad,pw_bad_01,negative,0.6264,0.3257,5.783,65.533,0.594,1.152,2.523,0.5,0.0403,0.0142,0.0644,0.011,approaching_wall
2026-07-04 13:24:31.260,plain_wall_bad,pw_bad_01,negative,0.2961,0.0,4.845,65.533,0.4119,1.137,2.57,0.5,0.0402,0.0171,0.075,0.0099,approaching_wall
2026-07-04 13:24:31.360,plain_wall_bad,pw_bad_01,negative,0.2855,0.0958,4.313,65.533,0.9772,1.119,2.61,0.5,0.0475,0.0202,0.0862,0.0109,approaching_wall
2026-07-04 13:24:31.460,plain_wall_bad,pw_bad_01,negative,0.3004,-0.0575,3.548,65.533,0.1629,1.122,2.677,0.5,0.0459,0.0233,0.0967,0.01,approaching_wall
2026-07-04 13:24:31.560,plain_wall_bad,pw_bad_01,negative,0.2567,0.1533,3.043,2.899,0.3161,1.122,2.748,0.5,0.0472,0.0267,0.1066,0.0101,approaching_wall
2026-07-04 13:24:31.660,plain_wall_bad,pw_bad_01,negative,0.1907,-0.1054,2.612,3.316,0.2203,1.116,2.828,0.5,0.0443,0.0304,0.1162,0.0092,approaching_wall
2026-07-04 13:24:31.761,plain_wall_bad,pw_bad_01,negative,0.2983,0.0383,2.297,3.904,-0.2778,1.116,2.917,0.5,0.056,0.0346,0.1256,0.0116,approaching_wall
2026-07-04 13:24:31.860,plain_wall_bad,pw_bad_01,negative,0.278,-0.0671,2.04,4.701,0.7377,1.129,2.872,0.5,0.063,0.0393,0.1348,0.0129,approaching_wall
2026-07-04 13:24:31.960,plain_wall_bad,pw_bad_01,negative,0.2823,0.1437,1.821,65.533,0.364,1.134,3.003,0.5,0.0618,0.0443,0.1436,0.0127,approaching_wall
2026-07-04 13:24:32.060,plain_wall_bad,pw_bad_01,negative,0.2418,0.1054,1.634,9.945,0.4024,1.156,3.13,0.5,0.0518,0.0496,0.1521,0.0106,approaching_wall
2026-07-04 13:24:32.160,plain_wall_bad,pw_bad_01,negative,0.2131,-0.2395,1.491,65.533,0.776,1.177,3.285,0.5,0.048,0.0555,0.1603,0.0098,approaching_wall
2026-07-04 13:24:32.260,plain_wall_bad,pw_bad_01,negative,0.2929,0.1054,1.369,65.533,0.4024,1.199,3.46,0.5,0.0514,0.0619,0.1683,0.0107,approaching_wall
2026-07-04 13:24:32.360,plain_wall_bad,pw_bad_01,negative,0.2908,0.1724,1.267,65.533,0.4694,1.24,3.655,0.5,0.0416,0.0683,0.1756,0.0085,approaching_wall
2026-07-04 13:24:32.460,plain_wall_bad,pw_bad_01,negative,0.1875,0.0575,1.184,65.533,0.2874,1.25,3.699,0.5,0.0495,0.0758,0.1833,0.0101,approaching_wall
2026-07-04 13:24:32.560,plain_wall_bad,pw_bad_01,negative,0.179,-0.0862,1.095,9.217,0.1437,1.178,3.523,0.5,0.0388,0.0832,0.1901,0.008,approaching_wall
2026-07-04 13:24:32.660,plain_wall_bad,pw_bad_01,negative,0.2205,0.1533,1.045,4.688,0.4694,1.109,3.396,0.5,0.044,0.091,0.1967,0.0091,approaching_wall
2026-07-04 13:24:32.760,plain_wall_bad,pw_bad_01,negative,0.1843,0.1724,0.978,4.166,0.9388,1.132,3.238,0.5,0.0456,0.0987,0.2025,0.0094,approaching_wall
2026-07-04 13:24:32.861,plain_wall_bad,pw_bad_01,negative,0.2908,0.2682,0.925,3.243,0.1341,1.179,3.152,0.5,0.0605,0.1075,0.2085,0.0124,approaching_wall
2026-07-04 13:24:32.960,plain_wall_bad,pw_bad_01,negative,0.2482,0.1724,0.894,2.788,0.4503,1.228,3.093,0.5,0.0531,0.1157,0.2135,0.0108,approaching_wall
2026-07-04 13:24:33.060,plain_wall_bad,pw_bad_01,negative,0.2418,-0.0096,0.838,2.209,1.0634,1.722,3.542,0.5,0.0447,0.1245,0.2184,0.009,approaching_wall
2026-07-04 13:24:33.160,plain_wall_bad,pw_bad_01,negative,0.2301,0.297,0.801,1.912,0.3832,1.909,4.062,0.5,0.0472,0.1339,0.223,0.0094,approaching_wall
2026-07-04 13:24:33.260,plain_wall_bad,pw_bad_01,negative,0.2812,0.115,0.768,1.661,1.5903,2.125,4.679,0.3,0.0503,0.1427,0.2267,0.0101,searching_wall
2026-07-04 13:24:33.360,plain_wall_bad,pw_bad_01,negative,1.0759,0.182,0.745,1.481,0.4503,2.395,5.392,0.3,0.0365,0.1508,0.2298,0.006,searching_wall
2026-07-04 13:24:33.460,plain_wall_bad,pw_bad_01,negative,1.1643,0.115,0.728,1.407,1.1783,2.597,65.533,0.3,0.0265,0.1545,0.2309,0.0025,searching_wall
2026-07-04 13:24:33.560,plain_wall_bad,pw_bad_01,negative,0.7936,0.0575,0.723,1.324,0.0575,2.924,7.116,0.3,0.038,0.1566,0.2311,0.0022,searching_wall
2026-07-04 13:24:33.660,plain_wall_bad,pw_bad_01,negative,0.4602,0.1054,0.717,1.277,0.4119,3.216,10.269,0.3,0.0261,0.1579,0.2315,0.0009,searching_wall
2026-07-04 13:24:33.760,plain_wall_bad,pw_bad_01,negative,-0.1545,-0.3353,0.704,1.202,0.2299,4.521,10.103,0.3,0.0309,0.1587,0.2317,0.0005,searching_wall
2026-07-04 13:24:33.860,plain_wall_bad,pw_bad_01,negative,0.2674,0.0192,0.709,1.166,0.5077,4.55,65.533,0.3,0.0269,0.1591,0.2316,0.0002,searching_wall
2026-07-04 13:24:33.960,plain_wall_bad,pw_bad_01,negative,0.1992,0.0383,0.693,1.102,-0.0766,5.324,65.533,0.3,0.0268,0.1594,0.2314,-0.0001,searching_wall
2026-07-04 13:24:34.060,plain_wall_bad,pw_bad_01,negative,0.147,-0.1245,0.7,1.067,0.3161,6.757,65.533,0.3,0.0303,0.1596,0.2314,0.0001,searching_wall
2026-07-04 13:24:34.160,plain_wall_bad,pw_bad_01,negative,0.0394,-0.1054,0.688,1.022,0.8335,10.493,65.533,0.3,0.0279,0.1597,0.2314,0.0,searching_wall
2026-07-04 13:24:34.260,plain_wall_bad,pw_bad_01,negative,0.2194,-0.0671,0.687,0.991,-0.3545,12.748,65.533,0.3,0.0365,0.1598,0.2314,0.0001,searching_wall
2026-07-04 13:24:34.361,plain_wall_bad,pw_bad_01,negative,0.1225,-0.0287,0.687,0.948,0.5269,65.533,65.533,0.3,0.0241,0.1598,0.2313,-0.0001,searching_wall
2026-07-04 13:24:34.460,plain_wall_bad,pw_bad_01,negative,0.1726,-0.115,0.692,0.931,0.0192,65.533,65.533,0.3,0.0294,0.1599,0.2313,-0.0001,searching_wall
2026-07-04 13:24:34.560,plain_wall_bad,pw_bad_01,negative,0.228,-0.0192,0.688,0.897,0.7281,65.533,9.454,0.3,0.0301,0.1599,0.2313,-0.0001,searching_wall
2026-07-04 13:24:34.660,plain_wall_bad,pw_bad_01,negative,0.1023,-0.115,0.691,0.882,0.0862,65.533,6.344,0.3,0.0259,0.1599,0.2313,0.0006,searching_wall
2026-07-04 13:24:34.760,plain_wall_bad,pw_bad_01,negative,0.1449,0.0287,0.708,0.851,0.3353,12.987,5.048,0.3,0.0324,0.1599,0.2313,-0.0,searching_wall
2026-07-04 13:24:34.860,plain_wall_bad,pw_bad_01,negative,0.1289,-0.0383,0.697,0.835,0.2491,12.747,4.509,0.3,0.0238,0.1599,0.2314,0.0,searching_wall
2026-07-04 13:24:34.960,plain_wall_bad,pw_bad_01,negative,0.1268,-0.1054,0.702,0.829,0.2491,12.976,3.743,0.3,0.0315,0.1599,0.2313,0.0003,searching_wall
2026-07-04 13:24:35.060,plain_wall_bad,pw_bad_01,negative,0.114,-0.3545,0.708,0.806,0.2874,13.049,3.138,0.3,0.0278,0.1599,0.2314,0.0,searching_wall
2026-07-04 13:24:35.160,plain_wall_bad,pw_bad_01,negative,0.1534,-0.0958,0.714,0.797,0.4215,6.789,2.86,0.3,0.0367,0.1599,0.2314,-0.0002,searching_wall
2026-07-04 13:24:35.260,plain_wall_bad,pw_bad_01,negative,0.1619,0.0192,0.722,0.788,0.5077,6.815,2.55,0.3,0.0273,0.1599,0.2314,-0.0,searching_wall
2026-07-04 13:24:35.360,plain_wall_bad,pw_bad_01,negative,0.115,0.115,0.741,0.779,0.4982,9.469,2.277,0.3,0.027,0.1599,0.2314,-0.0,searching_wall
2026-07-04 13:24:35.460,plain_wall_bad,pw_bad_01,negative,0.0788,0.0766,0.748,0.768,0.7568,8.787,2.137,0.3,0.0268,0.1599,0.2315,-0.0001,searching_wall
2026-07-04 13:24:35.561,plain_wall_bad,pw_bad_01,negative,0.2173,0.115,0.768,0.77,0.3928,7.879,1.936,0.3,0.0306,0.1599,0.2315,-0.0,searching_wall
2026-07-04 13:24:35.660,plain_wall_bad,pw_bad_01,negative,0.1534,0.0,0.779,0.769,0.4598,7.434,1.843,0.3,0.032,0.1599,0.2315,-0.0,searching_wall
2026-07-04 13:24:35.760,plain_wall_bad,pw_bad_01,negative,0.0937,0.0096,0.795,0.759,0.3161,6.908,1.726,0.3,0.0257,0.1599,0.2315,0.0,searching_wall
2026-07-04 13:24:35.860,plain_wall_bad,pw_bad_01,negative,0.1385,-0.0383,0.81,0.757,0.594,6.432,1.629,0.3,0.0258,0.1599,0.2315,-0.0001,searching_wall
2026-07-04 13:24:35.960,plain_wall_bad,pw_bad_01,negative,0.2194,-0.0862,0.824,0.754,1.1592,6.065,1.536,0.3,0.0305,0.1598,0.2315,-0.0,searching_wall
2026-07-04 13:24:36.060,plain_wall_bad,pw_bad_01,negative,0.1214,-0.0383,0.845,0.751,0.297,5.718,1.467,0.3,0.029,0.1598,0.2315,-0.0001,searching_wall
2026-07-04 13:24:36.160,plain_wall_bad,pw_bad_01,negative,0.1811,-0.0383,0.87,0.758,0.6993,5.43,1.415,0.3,0.0379,0.1598,0.2315,0.0001,searching_wall
2026-07-04 13:24:36.260,plain_wall_bad,pw_bad_01,negative,0.2184,-0.125,0.899,0.759,0.3736,5.166,1.361,0.3,0.034,0.1598,0.2314,0.0,searching_wall
2026-07-04 13:24:36.360,plain_wall_bad,pw_bad_01,negative,0.2344,-0.0383,0.827,0.761,0.3257,4.893,1.317,0.3,0.0283,0.1598,0.2314,0.0,searching_wall
2026-07-04 13:24:36.460,plain_wall_bad,pw_bad_01,negative,0.1609,0.0192,0.783,0.761,0.3353,4.155,1.272,0.3,0.0258,0.1598,0.2314,-0.0,searching_wall
2026-07-04 13:24:36.560,plain_wall_bad,pw_bad_01,negative,0.1971,-0.0766,0.761,0.774,0.4982,3.96,1.225,0.3,0.0272,0.1598,0.2314,0.0,searching_wall
2026-07-04 13:24:36.660,plain_wall_bad,pw_bad_01,negative,0.2152,-0.0287,0.783,0.774,0.6706,3.821,1.192,0.3,0.0342,0.1598,0.2314,0.0,searching_wall
2026-07-04 13:24:36.760,plain_wall_bad,pw_bad_01,negative,0.1832,0.0575,0.814,0.784,0.594,3.665,1.167,0.3,0.0256,0.1598,0.2314,0.0,searching_wall
2026-07-04 13:24:36.860,plain_wall_bad,pw_bad_01,negative,0.1758,-0.0287,0.848,0.78,0.2395,3.541,1.136,0.3,0.0252,0.1599,0.2315,0.0,searching_wall
2026-07-04 13:24:36.960,plain_wall_bad,pw_bad_01,negative,0.1875,0.0192,0.876,0.797,0.2587,3.406,1.108,0.3,0.027,0.1598,0.2314,-0.0001,searching_wall
2026-07-04 13:24:37.061,plain_wall_bad,pw_bad_01,negative,0.1715,0.0383,0.916,0.807,0.1341,3.511,1.087,0.3,0.0345,0.1598,0.2314,0.0001,searching_wall
2026-07-04 13:24:37.160,plain_wall_bad,pw_bad_01,negative,0.1651,-0.0192,0.947,0.81,-0.0287,3.587,1.064,0.3,0.0356,0.1599,0.2315,0.0001,searching_wall
2026-07-04 13:24:37.260,plain_wall_bad,pw_bad_01,negative,0.2077,-0.1341,1.278,0.824,0.2491,3.493,1.051,0.3,0.0262,0.1598,0.2314,0.0001,searching_wall
2026-07-04 13:24:37.360,plain_wall_bad,pw_bad_01,negative,0.2141,-0.1533,1.34,0.835,0.2012,3.412,1.038,0.3,0.0255,0.1598,0.2314,0.0001,searching_wall
2026-07-04 13:24:37.460,plain_wall_bad,pw_bad_01,negative,0.1811,-0.0575,1.413,0.847,0.2299,3.316,1.026,0.3,0.0269,0.1598,0.2314,0.0,searching_wall
2026-07-04 13:24:37.560,plain_wall_bad,pw_bad_01,negative,0.1587,-0.1245,1.486,0.859,0.2587,3.233,1.022,0.3,0.0259,0.1599,0.2314,-0.0,searching_wall
2026-07-04 13:24:37.660,plain_wall_bad,pw_bad_01,negative,0.1332,-0.1437,1.584,0.877,0.2587,3.157,1.006,0.3,0.0262,0.1599,0.2314,-0.0,searching_wall
2026-07-04 13:24:37.760,plain_wall_bad,pw_bad_01,negative,0.1864,-0.1054,1.685,0.893,0.5844,3.092,0.998,0.3,0.0265,0.1598,0.2314,0.0,searching_wall
2026-07-04 13:24:37.860,plain_wall_bad,pw_bad_01,negative,0.1694,-0.1437,1.8,0.907,0.3353,3.013,0.993,0.3,0.0359,0.1599,0.2314,0.0001,searching_wall
2026-07-04 13:24:37.960,plain_wall_bad,pw_bad_01,negative,0.1577,-0.2012,1.924,0.929,0.2778,2.948,0.981,0.3,0.0266,0.1599,0.2314,0.0001,searching_wall
2026-07-04 13:24:38.060,plain_wall_bad,pw_bad_01,negative,0.0256,-0.0766,2.079,0.945,0.5365,1.452,0.985,0.5,0.0352,0.1598,0.2314,0.0002,approaching_wall
2026-07-04 13:24:38.160,plain_wall_bad,pw_bad_01,negative,-1.1611,-0.1341,2.248,0.952,-0.2778,1.412,0.976,0.5,0.0454,0.1602,0.2306,0.0024,approaching_wall
2026-07-04 13:24:38.260,plain_wall_bad,pw_bad_01,negative,-0.4655,-0.1916,2.546,0.83,-0.115,1.376,0.974,0.5,0.0629,0.1618,0.2268,0.007,approaching_wall
2026-07-04 13:24:38.360,plain_wall_bad,pw_bad_01,negative,-0.0724,-0.3161,3.097,0.852,0.5269,1.315,0.974,0.5,0.05,0.1647,0.2201,0.0072,approaching_wall
2026-07-04 13:24:38.460,plain_wall_bad,pw_bad_01,negative,0.0128,-0.2012,4.128,0.902,0.8622,1.285,0.976,0.5,0.055,0.1675,0.2123,0.0092,approaching_wall
2026-07-04 13:24:38.560,plain_wall_bad,pw_bad_01,negative,0.18,-0.2491,4.778,0.952,-0.4503,1.283,0.984,0.5,0.0469,0.1702,0.2039,0.0084,approaching_wall
2026-07-04 13:24:38.660,plain_wall_bad,pw_bad_01,negative,0.1385,0.115,6.323,1.026,0.3545,2.017,0.994,0.5,0.0427,0.1724,0.1947,0.0081,approaching_wall
2026-07-04 13:24:38.760,plain_wall_bad,pw_bad_01,negative,0.2727,0.0479,10.074,1.3,-0.2395,2.49,1.009,0.3,0.0574,0.1743,0.1851,0.011,searching_wall
2026-07-04 13:24:38.860,plain_wall_bad,pw_bad_01,negative,0.9918,-0.3066,12.569,1.377,-0.479,2.478,1.014,0.3,0.0327,0.1752,0.1771,0.0055,searching_wall
2026-07-04 13:24:38.960,plain_wall_bad,pw_bad_01,negative,1.0631,0.3257,12.544,1.446,0.8335,2.45,1.035,0.3,0.0238,0.1754,0.173,0.0022,searching_wall
2026-07-04 13:24:39.060,plain_wall_bad,pw_bad_01,negative,0.572,0.1437,12.597,1.496,0.1533,2.439,1.048,0.3,0.032,0.1753,0.1712,0.0019,searching_wall
2026-07-04 13:24:39.160,plain_wall_bad,pw_bad_01,negative,0.3963,0.0096,65.533,1.568,0.6706,2.425,1.061,0.3,0.0273,0.1754,0.1697,0.0011,searching_wall
2026-07-04 13:24:39.260,plain_wall_bad,pw_bad_01,negative,0.2961,-0.0958,65.533,1.651,0.2587,2.417,1.067,0.3,0.0246,0.1754,0.1689,0.0005,searching_wall
2026-07-04 13:24:39.360,plain_wall_bad,pw_bad_01,negative,0.277,0.0192,12.312,1.732,-0.1054,2.423,1.087,0.3,0.0351,0.1754,0.1684,0.0004,searching_wall
2026-07-04 13:24:39.460,plain_wall_bad,pw_bad_01,negative,0.2322,0.0,12.567,1.819,0.3161,2.411,1.092,0.3,0.0271,0.1753,0.1681,0.0002,searching_wall
2026-07-04 13:24:39.560,plain_wall_bad,pw_bad_01,negative,0.1896,0.0862,12.595,1.917,0.4024,2.218,1.12,0.3,0.0346,0.1753,0.168,0.0002,searching_wall
2026-07-04 13:24:39.660,plain_wall_bad,pw_bad_01,negative,0.1694,-0.0192,6.357,2.024,-0.1341,2.143,1.141,0.3,0.0356,0.1753,0.1679,0.0,searching_wall
2026-07-04 13:24:39.760,plain_wall_bad,pw_bad_01,negative,0.1886,-0.1916,6.396,2.143,0.5652,1.766,1.166,0.3,0.0336,0.1753,0.1679,0.0,searching_wall
2026-07-04 13:24:39.860,plain_wall_bad,pw_bad_01,negative,0.1779,0.1341,10.154,2.273,0.2108,1.675,1.027,0.5,0.036,0.1752,0.1679,-0.0,approaching_wall
2026-07-04 13:24:39.960,plain_wall_bad,pw_bad_01,negative,-0.4762,-0.364,7.84,2.434,0.0,1.728,1.024,0.5,0.0335,0.1747,0.1674,0.0014,approaching_wall
2026-07-04 13:24:40.060,plain_wall_bad,pw_bad_01,negative,-0.3611,-0.6227,7.447,2.648,-0.0096,1.92,1.047,0.5,0.0453,0.1729,0.1646,0.0044,approaching_wall
2026-07-04 13:24:40.160,plain_wall_bad,pw_bad_01,negative,0.3132,-0.0575,6.316,3.029,0.6419,1.777,1.084,0.5,0.0481,0.1705,0.1589,0.0059,approaching_wall
2026-07-04 13:24:40.260,plain_wall_bad,pw_bad_01,negative,0.0863,0.1629,5.381,4.027,0.0766,1.72,1.15,0.5,0.0458,0.1671,0.1525,0.0061,approaching_wall
2026-07-04 13:24:40.360,plain_wall_bad,pw_bad_01,negative,-0.032,-0.115,4.805,4.318,0.2108,2.318,1.203,0.5,0.0584,0.1635,0.1463,0.0084,approaching_wall
2026-07-04 13:24:40.460,plain_wall_bad,pw_bad_01,negative,0.2301,0.1341,3.745,5.266,0.9293,2.74,1.465,0.3,0.0439,0.1595,0.1399,0.0067,searching_wall
2026-07-04 13:24:40.560,plain_wall_bad,pw_bad_01,negative,0.9321,0.3066,3.415,6.348,0.7951,2.805,1.531,0.3,0.0477,0.1559,0.1343,0.0058,searching_wall
2026-07-04 13:24:40.660,plain_wall_bad,pw_bad_01,negative,1.0844,0.1437,3.206,65.533,0.5077,2.855,1.609,0.3,0.023,0.1545,0.132,0.0012,searching_wall
2026-07-04 13:24:40.760,plain_wall_bad,pw_bad_01,negative,0.4975,-0.0862,3.126,10.111,-0.0383,2.897,1.642,0.3,0.0311,0.1538,0.1313,0.0009,searching_wall
2026-07-04 13:24:40.860,plain_wall_bad,pw_bad_01,negative,0.6274,-0.0766,2.988,12.355,-0.1724,2.955,1.691,0.3,0.0374,0.1531,0.1307,0.001,searching_wall
2026-07-04 13:24:40.960,plain_wall_bad,pw_bad_01,negative,0.539,0.1533,3.005,65.533,0.364,3.013,1.754,0.3,0.025,0.1526,0.1301,0.0006,searching_wall
2026-07-04 13:24:41.060,plain_wall_bad,pw_bad_01,negative,0.0884,-0.182,3.109,65.533,0.2491,2.969,1.814,0.3,0.0246,0.1525,0.1298,0.0001,searching_wall
2026-07-04 13:24:41.160,plain_wall_bad,pw_bad_01,negative,0.2514,0.0383,3.114,65.533,0.776,2.975,1.882,0.3,0.026,0.1523,0.1299,0.0002,searching_wall
2026-07-04 13:24:41.260,plain_wall_bad,pw_bad_01,negative,0.1726,0.0096,2.996,12.658,0.4982,3.064,1.945,0.3,0.0268,0.1522,0.1297,0.0002,searching_wall
2026-07-04 13:24:41.360,plain_wall_bad,pw_bad_01,negative,0.2099,-0.0958,2.896,65.533,0.3066,3.146,2.032,0.3,0.0246,0.1523,0.1296,0.0,searching_wall
2026-07-04 13:24:41.460,plain_wall_bad,pw_bad_01,negative,0.2162,0.0192,2.815,12.37,0.2682,3.244,2.111,0.3,0.0352,0.1522,0.1295,-0.0001,searching_wall
2026-07-04 13:24:41.561,plain_wall_bad,pw_bad_01,negative,0.1332,-0.0958,1.058,12.614,-0.1533,3.355,2.2,0.3,0.0333,0.1522,0.1295,0.0001,searching_wall
2026-07-04 13:24:41.660,plain_wall_bad,pw_bad_01,negative,0.2418,0.1054,1.035,6.365,0.4694,3.482,2.322,0.3,0.0259,0.1522,0.1294,0.0,searching_wall
2026-07-04 13:24:41.760,plain_wall_bad,pw_bad_01,negative,0.2418,0.1245,1.014,6.402,0.3545,3.609,2.435,0.3,0.0268,0.1522,0.1294,-0.0,searching_wall
2026-07-04 13:24:41.860,plain_wall_bad,pw_bad_01,negative,0.1854,0.2587,0.978,65.533,0.7664,3.751,2.563,0.3,0.0356,0.1522,0.1294,-0.0001,searching_wall
2026-07-04 13:24:41.960,plain_wall_bad,pw_bad_01,negative,0.131,-0.1629,0.952,65.533,0.3353,3.798,2.693,0.3,0.0286,0.1521,0.1294,-0.0001,searching_wall
2026-07-04 13:24:42.060,plain_wall_bad,pw_bad_01,negative,0.2407,-0.0575,0.929,65.533,0.4886,8.871,2.853,0.3,0.0345,0.1521,0.1293,0.0,searching_wall
2026-07-04 13:24:42.160,plain_wall_bad,pw_bad_01,negative,0.3185,-0.0192,0.904,65.533,0.4119,9.322,3.03,0.3,0.0258,0.1521,0.1293,-0.0,searching_wall
2026-07-04 13:24:42.260,plain_wall_bad,pw_bad_01,negative,0.1896,0.115,0.886,6.39,0.8335,9.059,3.22,0.3,0.0352,0.1521,0.1293,0.0001,searching_wall
2026-07-04 13:24:42.360,plain_wall_bad,pw_bad_01,negative,0.1268,-0.0958,0.957,5.888,0.8718,9.051,3.776,0.3,0.0262,0.1521,0.1292,0.0001,searching_wall
2026-07-04 13:24:42.460,plain_wall_bad,pw_bad_01,negative,0.2088,-0.0862,1.05,5.489,0.7185,12.212,4.068,0.3,0.0338,0.1521,0.1291,0.0001,searching_wall
2026-07-04 13:24:42.560,plain_wall_bad,pw_bad_01,negative,0.1523,0.0192,1.199,5.119,0.2395,11.941,4.395,0.3,0.0277,0.1521,0.1291,0.0001,searching_wall
2026-07-04 13:24:42.660,plain_wall_bad,pw_bad_01,negative,0.1939,0.0479,2.169,4.771,0.2587,11.66,4.467,0.3,0.0361,0.1521,0.1291,0.0,searching_wall
2026-07-04 13:24:42.760,plain_wall_bad,pw_bad_01,negative,0.1342,-0.0192,2.138,3.789,0.7377,8.006,4.818,0.3,0.0259,0.1521,0.1291,0.0001,searching_wall
2026-07-04 13:24:42.860,plain_wall_bad,pw_bad_01,negative,0.2194,0.0958,2.121,3.587,0.3449,7.852,5.349,0.3,0.0258,0.1521,0.1291,0.0001,searching_wall
2026-07-04 13:24:42.960,plain_wall_bad,pw_bad_01,negative,0.1097,0.0479,2.087,3.398,0.3066,3.191,6.007,0.3,0.037,0.1521,0.1291,0.0001,searching_wall
2026-07-04 13:24:43.060,plain_wall_bad,pw_bad_01,negative,0.2535,0.0383,2.085,3.22,0.2587,65.533,6.669,0.3,0.0357,0.1521,0.129,0.0001,searching_wall
2026-07-04 13:24:43.160,plain_wall_bad,pw_bad_01,negative,0.2141,0.0958,2.075,3.071,0.364,4.153,65.533,0.3,0.0262,0.1521,0.129,0.0001,searching_wall
2026-07-04 13:24:43.260,plain_wall_bad,pw_bad_01,negative,0.1768,0.0287,2.057,3.117,0.4598,5.231,10.337,0.3,0.0263,0.1521,0.129,0.0,searching_wall
2026-07-04 13:24:43.360,plain_wall_bad,pw_bad_01,negative,0.1417,0.0479,2.037,3.208,0.1533,5.501,65.533,0.3,0.0261,0.1521,0.129,0.0002,searching_wall
2026-07-04 13:24:43.460,plain_wall_bad,pw_bad_01,negative,0.1619,-0.0766,2.034,3.208,-0.1341,10.227,12.905,0.3,0.0265,0.1521,0.129,-0.0,searching_wall
2026-07-04 13:24:43.560,plain_wall_bad,pw_bad_01,negative,0.2141,0.0287,2.026,1.15,0.2682,10.212,65.533,0.3,0.0271,0.1521,0.1289,0.0,searching_wall
2026-07-04 13:24:43.660,plain_wall_bad,pw_bad_01,negative,0.1672,0.1341,2.022,1.086,-0.0479,15.937,12.876,0.3,0.0336,0.1521,0.1289,0.0,searching_wall
2026-07-04 13:24:43.760,plain_wall_bad,pw_bad_01,negative,0.1875,-0.0479,1.454,1.06,0.3066,65.533,12.894,0.3,0.0269,0.1521,0.1289,0.0001,searching_wall
2026-07-04 13:24:43.860,plain_wall_bad,pw_bad_01,negative,0.1577,-0.1245,1.254,1.033,0.8622,65.533,12.898,0.3,0.0271,0.1521,0.1289,0.0,searching_wall
2026-07-04 13:24:43.960,plain_wall_bad,pw_bad_01,negative,0.1161,-0.0671,1.29,0.999,0.594,65.533,12.762,0.3,0.0325,0.1521,0.1289,0.0001,searching_wall
2026-07-04 13:24:44.060,plain_wall_bad,pw_bad_01,negative,0.2045,-0.0096,1.341,0.97,1.0825,17.119,12.776,0.3,0.0253,0.1521,0.1289,0.0,searching_wall
2026-07-04 13:24:44.160,plain_wall_bad,pw_bad_01,negative,0.0192,0.1245,1.388,0.986,0.3736,11.109,6.684,0.3,0.035,0.1521,0.1288,0.0001,searching_wall
2026-07-04 13:24:44.260,plain_wall_bad,pw_bad_01,negative,0.1534,-0.1341,1.414,1.051,0.4407,9.539,6.718,0.3,0.0322,0.152,0.1289,-0.0,searching_wall
2026-07-04 13:24:44.360,plain_wall_bad,pw_bad_01,negative,0.1502,-0.0479,1.406,1.11,0.1341,9.5,65.533,0.3,0.0356,0.152,0.1288,0.0001,searching_wall
2026-07-04 13:24:44.461,plain_wall_bad,pw_bad_01,negative,0.1257,0.0192,1.37,1.195,0.5844,6.55,10.522,0.3,0.0273,0.152,0.1288,0.0,searching_wall
2026-07-04 13:24:44.560,plain_wall_bad,pw_bad_01,negative,0.1513,-0.2682,1.329,1.289,0.0096,6.321,8.602,0.3,0.0272,0.152,0.1288,-0.0001,searching_wall
2026-07-04 13:24:44.661,plain_wall_bad,pw_bad_01,negative,0.1406,0.0383,1.312,2.359,0.5844,5.152,7.683,0.3,0.0254,0.152,0.1288,-0.0,searching_wall
2026-07-04 13:24:44.760,plain_wall_bad,pw_bad_01,negative,0.1545,-0.2682,1.306,2.33,0.4598,5.105,6.924,0.3,0.0269,0.152,0.1288,0.0001,searching_wall
2026-07-04 13:24:44.860,plain_wall_bad,pw_bad_01,negative,0.1364,-0.182,2.292,2.285,0.4215,4.619,6.313,0.3,0.0336,0.152,0.1288,-0.0,searching_wall
2026-07-04 13:24:44.960,plain_wall_bad,pw_bad_01,negative,0.3196,0.0192,2.329,2.259,0.7281,4.237,5.82,0.3,0.0259,0.152,0.1289,0.0,searching_wall
2026-07-04 13:24:45.060,plain_wall_bad,pw_bad_01,negative,0.1939,-0.1916,2.36,2.227,0.4119,3.892,5.407,0.3,0.0343,0.152,0.1289,0.0,searching_wall
2026-07-04 13:24:45.160,plain_wall_bad,pw_bad_01,negative,0.115,-0.1533,2.402,2.21,0.2203,3.604,5.052,0.3,0.0273,0.152,0.1288,-0.0,searching_wall
2026-07-04 13:24:45.261,plain_wall_bad,pw_bad_01,negative,0.1257,-0.2587,2.449,2.201,0.5077,3.364,4.017,0.3,0.0339,0.152,0.1289,0.0,searching_wall
2026-07-04 13:24:45.361,plain_wall_bad,pw_bad_01,negative,0.1246,-0.1533,2.482,2.179,0.5844,3.193,3.844,0.3,0.0262,0.152,0.1289,-0.0001,searching_wall
2026-07-04 13:24:45.461,plain_wall_bad,pw_bad_01,negative,0.1257,-0.1533,2.539,2.159,0.297,2.943,3.601,0.3,0.0254,0.1521,0.1289,0.0,searching_wall
2026-07-04 13:24:45.560,plain_wall_bad,pw_bad_01,negative,0.0788,-0.1341,2.593,2.139,0.3928,2.781,3.449,0.3,0.0355,0.1521,0.1289,-0.0,searching_wall
2026-07-04 13:24:45.660,plain_wall_bad,pw_bad_01,negative,0.1672,-0.2203,2.649,2.145,0.3832,2.628,3.327,0.3,0.0255,0.1521,0.1289,0.0,searching_wall
2026-07-04 13:24:45.760,plain_wall_bad,pw_bad_01,negative,0.1939,-0.0766,2.62,2.12,-0.1916,2.508,3.405,0.3,0.027,0.1521,0.1289,-0.0001,searching_wall
2026-07-04 13:24:45.860,plain_wall_bad,pw_bad_01,negative,0.0927,-0.1629,2.601,1.319,0.4311,2.384,1.396,0.3,0.0259,0.1521,0.129,0.0,searching_wall
2026-07-04 13:24:45.960,plain_wall_bad,pw_bad_01,negative,0.0948,-0.1724,2.675,1.379,0.6802,2.273,1.342,0.3,0.0264,0.1521,0.1289,-0.0,searching_wall
2026-07-04 13:24:46.060,plain_wall_bad,pw_bad_01,negative,0.114,-0.1533,2.751,1.411,0.479,2.18,1.303,0.3,0.0341,0.1521,0.129,-0.0,searching_wall
2026-07-04 13:24:46.160,plain_wall_bad,pw_bad_01,negative,0.1992,0.115,2.841,1.455,0.0096,2.087,1.27,0.3,0.0362,0.1521,0.1289,0.0,searching_wall
2026-07-04 13:24:46.260,plain_wall_bad,pw_bad_01,negative,0.1001,0.0096,2.926,1.508,0.4503,2.01,1.242,0.3,0.0259,0.1522,0.129,0.0,searching_wall
2026-07-04 13:24:46.360,plain_wall_bad,pw_bad_01,negative,0.0288,-0.115,3.02,1.495,0.5077,1.943,1.217,0.5,0.0255,0.1521,0.129,0.0001,approaching_wall
2026-07-04 13:24:46.460,plain_wall_bad,pw_bad_01,negative,-0.6242,-0.0575,3.129,1.496,-0.182,1.86,1.244,0.5,0.033,0.1515,0.1296,0.0014,approaching_wall
2026-07-04 13:24:46.560,plain_wall_bad,pw_bad_01,negative,-0.5135,-0.3449,3.305,1.425,-0.1341,1.771,1.329,0.5,0.0468,0.1488,0.1322,0.0051,approaching_wall
2026-07-04 13:24:46.660,plain_wall_bad,pw_bad_01,negative,-0.1907,0.0575,3.454,1.389,0.364,1.661,1.458,0.5,0.0673,0.1433,0.138,0.0099,approaching_wall
2026-07-04 13:24:46.760,plain_wall_bad,pw_bad_01,negative,-0.082,0.0287,65.533,2.364,-0.0958,1.566,2.64,0.5,0.0437,0.1378,0.1441,0.0073,approaching_wall
2026-07-04 13:24:46.860,plain_wall_bad,pw_bad_01,negative,0.2152,0.0575,65.533,2.411,0.1916,1.512,2.563,0.5,0.0486,0.1321,0.1509,0.0088,approaching_wall
2026-07-04 13:24:46.960,plain_wall_bad,pw_bad_01,negative,0.2301,-0.0575,3.041,2.462,0.7377,1.453,2.506,0.5,0.0573,0.1264,0.1587,0.0109,approaching_wall
2026-07-04 13:24:47.060,plain_wall_bad,pw_bad_01,negative,0.1449,0.115,2.946,2.51,0.0096,1.389,2.459,0.5,0.0559,0.1211,0.1667,0.0108,approaching_wall
2026-07-04 13:24:47.160,plain_wall_bad,pw_bad_01,negative,0.2535,0.0766,2.847,2.574,-0.1916,1.351,2.416,0.5,0.0601,0.1162,0.1751,0.0118,approaching_wall
2026-07-04 13:24:47.260,plain_wall_bad,pw_bad_01,negative,0.2621,0.1916,2.983,2.653,0.0958,1.315,2.392,0.5,0.0439,0.1117,0.1839,0.0087,approaching_wall
2026-07-04 13:24:47.361,plain_wall_bad,pw_bad_01,negative,0.2493,0.2874,3.554,2.64,0.2299,1.269,1.69,0.5,0.0432,0.1076,0.1929,0.0086,approaching_wall
2026-07-04 13:24:47.460,plain_wall_bad,pw_bad_01,negative,0.2301,-0.1054,4.345,2.674,0.3257,1.238,1.578,0.5,0.0577,0.1039,0.2022,0.0115,approaching_wall
2026-07-04 13:24:47.560,plain_wall_bad,pw_bad_01,negative,0.2141,0.0287,5.417,2.786,0.6419,1.206,1.643,0.5,0.0431,0.1008,0.2115,0.0087,approaching_wall
2026-07-04 13:24:47.660,plain_wall_bad,pw_bad_01,negative,0.1672,0.0862,9.776,2.912,0.4694,1.179,1.702,0.5,0.0564,0.0981,0.2213,0.0113,approaching_wall
2026-07-04 13:24:47.760,plain_wall_bad,pw_bad_01,negative,0.245,-0.0383,5.336,3.066,1.0251,1.143,1.656,0.5,0.0543,0.096,0.2306,0.0109,approaching_wall
2026-07-04 13:24:47.860,plain_wall_bad,pw_bad_01,negative,0.1726,0.1245,65.533,3.24,0.6035,1.13,1.568,0.5,0.0593,0.0942,0.2408,0.012,approaching_wall
2026-07-04 13:24:47.960,plain_wall_bad,pw_bad_01,negative,0.2184,-0.0575,65.533,3.422,0.2012,1.102,2.372,0.5,0.0431,0.0931,0.2507,0.0087,approaching_wall
2026-07-04 13:24:48.060,plain_wall_bad,pw_bad_01,negative,0.2919,0.0383,65.533,65.533,1.073,1.093,2.529,0.5,0.0424,0.0924,0.2607,0.0085,approaching_wall
2026-07-04 13:24:48.160,plain_wall_bad,pw_bad_01,negative,0.1758,0.2012,9.011,65.533,0.6993,1.075,2.564,0.5,0.0424,0.0922,0.2707,0.0085,approaching_wall
2026-07-04 13:24:48.260,plain_wall_bad,pw_bad_01,negative,0.2407,0.2395,5.598,65.533,0.2778,1.059,2.6,0.5,0.045,0.0925,0.2807,0.009,approaching_wall
2026-07-04 13:24:48.360,plain_wall_bad,pw_bad_01,negative,0.3377,0.2012,4.639,65.533,0.0862,1.043,2.652,0.5,0.0457,0.0933,0.2907,0.0092,approaching_wall
2026-07-04 13:24:48.460,plain_wall_bad,pw_bad_01,negative,0.2855,0.0,3.853,65.533,0.0287,1.04,2.715,0.5,0.0595,0.0946,0.3006,0.0118,approaching_wall
2026-07-04 13:24:48.560,plain_wall_bad,pw_bad_01,negative,0.2173,-0.2491,3.163,2.743,-0.4119,1.025,2.773,0.5,0.0605,0.0964,0.3105,0.0121,approaching_wall
2026-07-04 13:24:48.660,plain_wall_bad,pw_bad_01,negative,0.3015,0.1054,2.707,3.181,0.594,1.034,2.852,0.5,0.0398,0.0986,0.3202,0.008,approaching_wall
2026-07-04 13:24:48.760,plain_wall_bad,pw_bad_01,negative,0.278,0.0862,2.337,3.715,0.1724,1.024,2.794,0.5,0.0458,0.1014,0.3298,0.0092,approaching_wall
2026-07-04 13:24:48.860,plain_wall_bad,pw_bad_01,negative,0.3025,-0.2108,2.049,4.298,0.4982,1.038,2.887,0.5,0.0443,0.1045,0.3393,0.0089,approaching_wall
2026-07-04 13:24:48.960,plain_wall_bad,pw_bad_01,negative,0.2663,-0.0862,1.829,4.921,0.7377,1.031,2.999,0.5,0.06,0.1081,0.3482,0.012,approaching_wall
2026-07-04 13:24:49.060,plain_wall_bad,pw_bad_01,negative,0.2056,0.1533,1.632,6.726,-0.0575,1.042,3.108,0.5,0.0575,0.1123,0.3577,0.0115,approaching_wall
2026-07-04 13:24:49.160,plain_wall_bad,pw_bad_01,negative,0.2376,0.1341,1.469,9.689,-0.0192,1.05,3.265,0.5,0.0458,0.1169,0.3665,0.0091,approaching_wall
2026-07-04 13:24:49.260,plain_wall_bad,pw_bad_01,negative,0.2855,0.0287,1.342,65.533,1.0634,1.056,3.428,0.5,0.0433,0.122,0.3752,0.0087,approaching_wall
2026-07-04 13:24:49.360,plain_wall_bad,pw_bad_01,negative,0.327,-0.0958,1.232,65.533,0.3257,1.078,3.608,0.5,0.0556,0.1272,0.3832,0.0111,approaching_wall
2026-07-04 13:24:49.461,plain_wall_bad,pw_bad_01,negative,0.1694,0.0479,1.13,65.533,0.0383,1.116,3.52,0.5,0.0409,0.1333,0.3916,0.0082,approaching_wall
2026-07-04 13:24:49.560,plain_wall_bad,pw_bad_01,negative,0.31,0.1724,1.06,65.533,0.7472,1.153,3.342,0.5,0.0423,0.1395,0.3995,0.0085,approaching_wall
2026-07-04 13:24:49.660,plain_wall_bad,pw_bad_01,negative,0.2152,0.4982,0.99,5.988,-0.0862,1.186,3.214,0.5,0.0465,0.1461,0.4069,0.0094,approaching_wall
2026-07-04 13:24:49.761,plain_wall_bad,pw_bad_01,negative,0.3973,0.0192,0.92,4.51,-0.0575,1.232,3.057,0.5,0.0609,0.1532,0.4141,0.0122,approaching_wall
2026-07-04 13:24:49.860,plain_wall_bad,pw_bad_01,negative,0.2578,0.1341,0.865,3.609,0.9484,1.294,2.969,0.5,0.0448,0.1604,0.4208,0.009,approaching_wall
2026-07-04 13:24:49.960,plain_wall_bad,pw_bad_01,negative,0.2141,0.1341,0.821,2.842,-0.4503,1.266,3.001,0.5,0.0432,0.1681,0.4272,0.0086,approaching_wall
2026-07-04 13:24:50.060,plain_wall_bad,pw_bad_01,negative,0.245,0.1629,0.782,2.307,0.364,1.212,3.376,0.5,0.0454,0.1756,0.4329,0.009,approaching_wall
2026-07-04 13:24:50.160,plain_wall_bad,pw_bad_01,negative,0.229,0.1054,0.739,1.93,0.4407,1.169,3.832,0.5,0.0447,0.1844,0.4388,0.009,approaching_wall
2026-07-04 13:24:50.260,plain_wall_bad,pw_bad_01,negative,0.326,-0.0192,0.7,1.648,-0.1629,1.256,4.348,0.5,0.043,0.1928,0.444,0.0086,approaching_wall
2026-07-04 13:24:50.360,plain_wall_bad,pw_bad_01,negative,0.2716,0.1724,0.68,1.442,-0.1341,1.375,4.912,0.5,0.0454,0.2012,0.4485,0.0091,approaching_wall
2026-07-04 13:24:50.461,plain_wall_bad,pw_bad_01,negative,0.3153,0.0479,0.654,1.277,0.0958,2.18,5.979,0.3,0.0558,0.2106,0.4531,0.0111,searching_wall
2026-07-04 13:24:50.560,plain_wall_bad,pw_bad_01,negative,0.6402,0.2203,0.63,1.155,0.5269,2.539,10.117,0.3,0.0347,0.2182,0.4561,0.0058,searching_wall
2026-07-04 13:24:50.660,plain_wall_bad,pw_bad_01,negative,1.0759,0.4024,0.623,1.08,0.7377,2.917,9.945,0.3,0.0235,0.2222,0.4575,0.0022,searching_wall
2026-07-04 13:24:50.760,plain_wall_bad,pw_bad_01,negative,-0.6445,0.0383,0.613,1.034,-0.9197,3.292,9.821,0.3,0.0322,0.2241,0.4575,0.0018,searching_wall
2026-07-04 13:24:50.860,plain_wall_bad,pw_bad_01,negative,0.3952,0.1437,0.612,0.99,0.479,4.711,65.533,0.3,0.027,0.2254,0.4579,0.001,searching_wall
2026-07-04 13:24:50.960,plain_wall_bad,pw_bad_01,negative,0.3302,0.0958,0.602,0.942,0.5173,4.909,65.533,0.3,0.0264,0.2261,0.458,0.0005,searching_wall
2026-07-04 13:24:51.060,plain_wall_bad,pw_bad_01,negative,0.1278,-0.0575,0.607,0.909,0.1054,6.536,65.533,0.3,0.0271,0.2266,0.4581,0.0004,searching_wall
2026-07-04 13:24:51.160,plain_wall_bad,pw_bad_01,negative,0.1694,-0.0958,0.603,0.862,0.2299,6.956,65.533,0.3,0.0267,0.2268,0.4582,0.0001,searching_wall
2026-07-04 13:24:51.260,plain_wall_bad,pw_bad_01,negative,0.1119,-0.0671,0.594,0.861,0.2012,12.928,65.533,0.3,0.0251,0.2269,0.4582,0.0,searching_wall
2026-07-04 13:24:51.360,plain_wall_bad,pw_bad_01,negative,0.2045,-0.2108,0.593,0.815,0.2012,65.533,65.533,0.3,0.0339,0.227,0.4581,0.0001,searching_wall
2026-07-04 13:24:51.460,plain_wall_bad,pw_bad_01,negative,0.1459,-0.0958,0.606,0.791,0.0192,65.533,65.533,0.3,0.0262,0.227,0.4582,0.0001,searching_wall
2026-07-04 13:24:51.560,plain_wall_bad,pw_bad_01,negative,0.1513,-0.1245,0.597,0.765,0.4311,65.533,6.145,0.3,0.0328,0.227,0.4582,-0.0,searching_wall
2026-07-04 13:24:51.660,plain_wall_bad,pw_bad_01,negative,0.1481,-0.0575,0.604,0.747,0.2874,65.533,4.816,0.3,0.0261,0.227,0.4582,-0.0,searching_wall
2026-07-04 13:24:51.760,plain_wall_bad,pw_bad_01,negative,0.1406,-0.115,0.603,0.728,0.3545,13.112,4.456,0.3,0.0269,0.227,0.4582,0.0,searching_wall
2026-07-04 13:24:51.860,plain_wall_bad,pw_bad_01,negative,0.1577,-0.0479,0.614,0.722,0.0,13.037,3.595,0.3,0.0271,0.227,0.4582,0.0,searching_wall
2026-07-04 13:24:51.960,plain_wall_bad,pw_bad_01,negative,0.0895,-0.2395,0.614,0.703,0.182,13.201,3.074,0.3,0.0257,0.227,0.4582,-0.0001,searching_wall
2026-07-04 13:24:52.061,plain_wall_bad,pw_bad_01,negative,0.228,-0.0287,0.62,0.696,0.0958,13.279,2.663,0.3,0.0273,0.227,0.4582,0.0,searching_wall
2026-07-04 13:24:52.160,plain_wall_bad,pw_bad_01,negative,0.2035,-0.0192,0.631,0.682,0.4119,7.014,2.37,0.3,0.0341,0.227,0.4582,0.0,searching_wall
2026-07-04 13:24:52.260,plain_wall_bad,pw_bad_01,negative,0.1129,-0.1245,0.639,0.676,0.1437,7.075,2.132,0.3,0.0259,0.227,0.4583,0.0,searching_wall
2026-07-04 13:24:52.360,plain_wall_bad,pw_bad_01,negative,0.1811,-0.0766,0.651,0.665,0.7472,9.675,1.944,0.3,0.0342,0.2269,0.4583,-0.0001,searching_wall
2026-07-04 13:24:52.460,plain_wall_bad,pw_bad_01,negative,0.163,-0.1724,0.659,0.663,0.2395,8.813,1.795,0.3,0.0271,0.227,0.4583,0.0,searching_wall
2026-07-04 13:24:52.561,plain_wall_bad,pw_bad_01,negative,0.1683,-0.0575,0.663,0.657,-0.0575,8.077,1.658,0.3,0.0257,0.2269,0.4582,0.0,searching_wall
2026-07-04 13:24:52.660,plain_wall_bad,pw_bad_01,negative,0.0298,-0.0383,0.676,0.663,0.1245,7.484,1.558,0.3,0.0348,0.2269,0.4583,-0.0001,searching_wall
2026-07-04 13:24:52.760,plain_wall_bad,pw_bad_01,negative,0.13,0.0,0.695,0.662,0.3353,6.953,1.468,0.3,0.0257,0.2269,0.4582,-0.0001,searching_wall
2026-07-04 13:24:52.860,plain_wall_bad,pw_bad_01,negative,0.131,-0.1054,0.707,0.653,0.0479,6.506,1.39,0.3,0.0273,0.227,0.4583,0.0,searching_wall
2026-07-04 13:24:52.960,plain_wall_bad,pw_bad_01,negative,0.1587,-0.115,0.724,0.655,0.5844,6.139,1.322,0.3,0.0342,0.227,0.4583,-0.0,searching_wall
2026-07-04 13:24:53.060,plain_wall_bad,pw_bad_01,negative,0.0948,-0.0862,0.745,0.66,0.4024,5.777,1.262,0.3,0.0267,0.227,0.4583,0.0,searching_wall
2026-07-04 13:24:53.160,plain_wall_bad,pw_bad_01,negative,0.1555,0.0575,0.77,0.66,0.5748,5.493,1.219,0.3,0.0351,0.2269,0.4583,-0.0001,searching_wall
2026-07-04 13:24:53.260,plain_wall_bad,pw_bad_01,negative,0.1076,-0.0575,0.779,0.663,0.1245,5.307,1.183,0.3,0.0259,0.227,0.4583,-0.0,searching_wall
2026-07-04 13:24:53.360,plain_wall_bad,pw_bad_01,negative,0.1758,-0.0383,0.807,0.661,0.4886,4.487,1.145,0.3,0.0327,0.2269,0.4582,-0.0001,searching_wall
2026-07-04 13:24:53.460,plain_wall_bad,pw_bad_01,negative,0.1662,-0.182,0.842,0.665,0.4694,4.239,1.095,0.3,0.0339,0.227,0.4584,-0.0001,searching_wall
2026-07-04 13:24:53.560,plain_wall_bad,pw_bad_01,negative,0.1555,-0.2012,0.865,0.67,-0.182,4.101,1.074,0.3,0.0243,0.2269,0.4583,-0.0,searching_wall
2026-07-04 13:24:53.660,plain_wall_bad,pw_bad_01,negative,0.1822,0.1245,0.892,0.672,0.7281,3.937,1.048,0.3,0.0346,0.227,0.4583,-0.0002,searching_wall
2026-07-04 13:24:53.760,plain_wall_bad,pw_bad_01,negative,0.2173,0.0671,0.944,0.688,0.4311,3.753,1.006,0.3,0.0259,0.2269,0.4583,-0.0001,searching_wall
2026-07-04 13:24:53.860,plain_wall_bad,pw_bad_01,negative,0.114,-0.0096,0.941,0.688,0.843,3.653,1.004,0.3,0.0262,0.2269,0.4583,0.0,searching_wall
2026-07-04 13:24:53.960,plain_wall_bad,pw_bad_01,negative,0.1076,-0.1054,0.88,0.694,0.8718,3.71,0.971,0.3,0.0321,0.227,0.4584,0.0005,searching_wall
2026-07-04 13:24:54.060,plain_wall_bad,pw_bad_01,negative,0.0927,0.182,0.867,0.705,-0.2108,3.817,0.954,0.3,0.0272,0.2269,0.4583,-0.0,searching_wall
2026-07-04 13:24:54.160,plain_wall_bad,pw_bad_01,negative,0.114,0.0096,0.84,0.719,0.6802,3.727,0.942,0.3,0.0357,0.2269,0.4583,-0.0001,searching_wall
2026-07-04 13:24:54.260,plain_wall_bad,pw_bad_01,negative,0.1108,-0.0287,0.88,0.734,-0.1916,3.6,0.921,0.3,0.0278,0.2268,0.4583,-0.0001,searching_wall
2026-07-04 13:24:54.360,plain_wall_bad,pw_bad_01,negative,0.1758,-0.0287,0.898,0.723,0.4503,3.527,0.913,0.3,0.026,0.2268,0.4582,-0.0,searching_wall
2026-07-04 13:24:54.461,plain_wall_bad,pw_bad_01,negative,0.228,0.115,0.958,0.754,0.364,3.431,0.905,0.3,0.0249,0.2267,0.4582,0.0,searching_wall
2026-07-04 13:24:54.560,plain_wall_bad,pw_bad_01,negative,0.1577,-0.2395,1.041,0.769,0.2203,3.332,0.892,0.3,0.0269,0.2267,0.4581,-0.0,searching_wall
2026-07-04 13:24:54.660,plain_wall_bad,pw_bad_01,negative,0.1268,0.1533,1.145,0.779,0.0958,3.266,0.895,0.3,0.0348,0.2267,0.4581,-0.0,searching_wall
2026-07-04 13:24:54.760,plain_wall_bad,pw_bad_01,negative,0.1758,0.0192,1.503,0.788,0.4024,1.678,0.889,0.5,0.0348,0.2267,0.4581,0.0001,approaching_wall
2026-07-04 13:24:54.860,plain_wall_bad,pw_bad_01,negative,-0.6072,0.1724,1.605,0.814,-0.5173,1.631,0.88,0.5,0.0358,0.2273,0.4574,0.0017,approaching_wall
2026-07-04 13:24:54.960,plain_wall_bad,pw_bad_01,negative,0.8362,0.3066,1.793,0.851,-0.0479,1.568,0.875,0.5,0.0632,0.2297,0.454,0.0072,approaching_wall
2026-07-04 13:24:55.060,plain_wall_bad,pw_bad_01,negative,0.0224,0.0479,2.064,0.868,0.5173,1.509,0.87,0.5,0.0635,0.2338,0.4479,0.0092,approaching_wall
2026-07-04 13:24:55.160,plain_wall_bad,pw_bad_01,negative,0.0266,-0.2587,2.429,0.911,0.0862,1.465,0.868,0.5,0.044,0.2378,0.4412,0.0073,approaching_wall
2026-07-04 13:24:55.260,plain_wall_bad,pw_bad_01,negative,0.1534,0.1629,2.895,0.943,0.364,1.656,0.867,0.5,0.0449,0.242,0.4334,0.0081,approaching_wall
2026-07-04 13:24:55.360,plain_wall_bad,pw_bad_01,negative,0.2599,0.1054,4.147,0.964,0.776,2.715,0.876,0.3,0.0444,0.2462,0.4244,0.0084,searching_wall
2026-07-04 13:24:55.460,plain_wall_bad,pw_bad_01,negative,0.4527,0.0,4.504,0.858,0.6323,2.682,0.872,0.3,0.0312,0.249,0.4174,0.0051,searching_wall
2026-07-04 13:24:55.560,plain_wall_bad,pw_bad_01,negative,1.0759,0.182,5.601,0.887,0.1533,2.639,0.89,0.3,0.025,0.2503,0.4134,0.0023,searching_wall
2026-07-04 13:24:55.660,plain_wall_bad,pw_bad_01,negative,0.7798,0.0766,6.519,0.913,0.297,2.619,0.898,0.3,0.0227,0.2507,0.4114,0.0014,searching_wall
2026-07-04 13:24:55.760,plain_wall_bad,pw_bad_01,negative,0.4218,0.1245,6.671,0.954,0.7472,2.6,0.906,0.3,0.0271,0.251,0.4101,0.0009,searching_wall
2026-07-04 13:24:55.860,plain_wall_bad,pw_bad_01,negative,-0.066,-0.1245,12.499,0.998,0.6993,2.569,0.922,0.3,0.0351,0.2513,0.4093,0.0007,searching_wall
2026-07-04 13:24:55.960,plain_wall_bad,pw_bad_01,negative,0.3814,0.182,65.533,1.038,0.4311,2.558,0.925,0.3,0.0256,0.2513,0.4088,0.0004,searching_wall
2026-07-04 13:24:56.060,plain_wall_bad,pw_bad_01,negative,0.1864,-0.1054,65.533,1.078,0.2012,2.55,0.929,0.3,0.035,0.2515,0.4086,0.0002,searching_wall
2026-07-04 13:24:56.160,plain_wall_bad,pw_bad_01,negative,0.2546,-0.0479,12.753,1.367,0.1916,2.538,0.942,0.3,0.0264,0.2514,0.4084,0.0001,searching_wall
2026-07-04 13:24:56.260,plain_wall_bad,pw_bad_01,negative,0.2184,0.0192,65.533,1.45,-0.3066,2.346,0.961,0.3,0.0273,0.2515,0.4083,0.0001,searching_wall
2026-07-04 13:24:56.360,plain_wall_bad,pw_bad_01,negative,0.1577,-0.115,65.533,1.515,0.4119,2.254,0.972,0.3,0.0351,0.2515,0.4082,-0.0,searching_wall
2026-07-04 13:24:56.460,plain_wall_bad,pw_bad_01,negative,0.0831,0.0766,12.563,1.595,0.5365,1.791,0.993,0.5,0.0364,0.2515,0.4082,0.0002,approaching_wall
2026-07-04 13:24:56.560,plain_wall_bad,pw_bad_01,negative,-0.7808,-0.115,12.757,1.675,0.2108,1.81,1.006,0.5,0.0349,0.2514,0.4074,0.0016,approaching_wall
2026-07-04 13:24:56.660,plain_wall_bad,pw_bad_01,negative,-0.2589,-0.2203,6.58,1.819,-1.0921,1.888,1.033,0.5,0.0618,0.2512,0.4032,0.0069,approaching_wall
2026-07-04 13:24:56.760,plain_wall_bad,pw_bad_01,negative,-0.1225,-0.4024,6.624,2.023,0.4215,1.868,1.066,0.5,0.05,0.2506,0.3965,0.0073,approaching_wall
2026-07-04 13:24:56.860,plain_wall_bad,pw_bad_01,negative,0.0778,-0.4503,7.946,2.31,-0.2682,1.786,1.112,0.5,0.0456,0.2495,0.3875,0.0078,approaching_wall
2026-07-04 13:24:56.960,plain_wall_bad,pw_bad_01,negative,0.1108,0.2395,7.023,2.636,-0.1054,2.647,1.159,0.5,0.044,0.2483,0.3786,0.0081,approaching_wall
2026-07-04 13:24:57.060,plain_wall_bad,pw_bad_01,negative,0.2216,-0.2778,6.113,3.019,0.7377,2.72,1.18,0.3,0.0436,0.2465,0.3694,0.0082,searching_wall
2026-07-04 13:24:57.160,plain_wall_bad,pw_bad_01,negative,0.4506,0.2108,5.412,3.93,1.4562,2.764,1.067,0.3,0.0326,0.2442,0.3615,0.0055,searching_wall
2026-07-04 13:24:57.260,plain_wall_bad,pw_bad_01,negative,1.1036,0.1724,5.018,4.347,1.2742,2.807,1.104,0.3,0.0285,0.2429,0.3574,0.0029,searching_wall
2026-07-04 13:24:57.360,plain_wall_bad,pw_bad_01,negative,0.7744,-0.0766,4.797,4.381,0.3545,2.825,1.132,0.3,0.024,0.2417,0.3557,0.0018,searching_wall
2026-07-04 13:24:57.460,plain_wall_bad,pw_bad_01,negative,0.4527,0.0766,3.942,4.922,0.8909,2.853,1.165,0.3,0.0269,0.2411,0.3541,0.0012,searching_wall
2026-07-04 13:24:57.561,plain_wall_bad,pw_bad_01,negative,0.4346,0.0575,3.719,5.643,0.4503,2.901,1.195,0.3,0.0351,0.2407,0.3533,0.0009,searching_wall
2026-07-04 13:24:57.660,plain_wall_bad,pw_bad_01,negative,0.2024,0.0383,3.552,6.526,0.6419,2.944,1.232,0.3,0.0335,0.2405,0.353,0.0004,searching_wall
2026-07-04 13:24:57.760,plain_wall_bad,pw_bad_01,negative,0.2876,0.0192,3.383,6.602,0.115,3.0,1.268,0.3,0.0267,0.2404,0.3527,0.0001,searching_wall
2026-07-04 13:24:57.860,plain_wall_bad,pw_bad_01,negative,0.2631,0.0958,3.225,65.533,0.3353,2.936,1.312,0.3,0.0239,0.2403,0.3525,0.0002,searching_wall
2026-07-04 13:24:57.960,plain_wall_bad,pw_bad_01,negative,0.1385,-0.0383,3.244,12.655,0.661,2.945,1.583,0.3,0.0368,0.2403,0.3524,-0.0,searching_wall
2026-07-04 13:24:58.062,plain_wall_bad,pw_bad_01,negative,0.0692,-0.0671,3.351,65.533,-0.3545,3.012,1.644,0.3,0.0361,0.2402,0.3523,0.0001,searching_wall
2026-07-04 13:24:58.160,plain_wall_bad,pw_bad_01,negative,0.2258,-0.0766,3.319,65.533,0.3449,3.084,1.694,0.3,0.0252,0.2402,0.3522,0.0001,searching_wall
2026-07-04 13:24:58.260,plain_wall_bad,pw_bad_01,negative,0.1417,-0.0096,3.204,12.838,0.4119,3.153,1.773,0.3,0.0256,0.2402,0.3521,0.0001,searching_wall
2026-07-04 13:24:58.360,plain_wall_bad,pw_bad_01,negative,0.1672,0.0096,3.097,65.533,0.4598,3.241,1.826,0.3,0.0338,0.2402,0.352,0.0001,searching_wall
2026-07-04 13:24:58.460,plain_wall_bad,pw_bad_01,negative,0.082,0.0575,1.266,65.533,0.5748,3.352,1.909,0.3,0.034,0.2401,0.3519,0.0,searching_wall
2026-07-04 13:24:58.560,plain_wall_bad,pw_bad_01,negative,0.1555,-0.0479,1.224,12.629,0.2012,3.453,1.996,0.3,0.0249,0.2401,0.3518,0.0,searching_wall
2026-07-04 13:24:58.660,plain_wall_bad,pw_bad_01,negative,0.1033,-0.0192,1.207,12.877,0.3449,3.576,2.078,0.3,0.0249,0.2401,0.3517,-0.0,searching_wall
2026-07-04 13:24:58.760,plain_wall_bad,pw_bad_01,negative,0.1609,0.0575,1.156,6.586,-0.0479,3.721,2.182,0.3,0.0272,0.2401,0.3516,-0.0,searching_wall
2026-07-04 13:24:58.860,plain_wall_bad,pw_bad_01,negative,0.2056,0.0096,1.119,6.66,0.182,3.688,2.291,0.3,0.027,0.2401,0.3516,0.0,searching_wall
2026-07-04 13:24:58.960,plain_wall_bad,pw_bad_01,negative,0.1513,0.0479,1.1,65.533,0.4407,8.412,2.419,0.3,0.026,0.2401,0.3516,-0.0,searching_wall
2026-07-04 13:24:59.060,plain_wall_bad,pw_bad_01,negative,0.1459,0.0862,1.131,65.533,1.0538,8.839,2.559,0.3,0.0351,0.2401,0.3516,-0.0001,searching_wall
2026-07-04 13:24:59.160,plain_wall_bad,pw_bad_01,negative,0.1928,0.0383,1.212,65.533,0.2491,6.006,2.709,0.3,0.0264,0.2401,0.3515,0.0,searching_wall
2026-07-04 13:24:59.260,plain_wall_bad,pw_bad_01,negative,0.2823,0.0192,1.309,7.165,-0.2108,8.926,2.875,0.3,0.0247,0.2401,0.3515,-0.0001,searching_wall
2026-07-04 13:24:59.360,plain_wall_bad,pw_bad_01,negative,0.196,0.1629,2.405,6.581,0.6323,12.429,3.074,0.3,0.0258,0.2401,0.3515,-0.0,searching_wall
2026-07-04 13:24:59.460,plain_wall_bad,pw_bad_01,negative,0.1747,-0.1245,2.377,6.007,-0.1629,12.1,3.296,0.3,0.0356,0.2401,0.3515,-0.0,searching_wall
2026-07-04 13:24:59.561,plain_wall_bad,pw_bad_01,negative,0.1087,0.0479,2.34,5.578,0.0862,11.826,3.839,0.3,0.0359,0.2401,0.3514,0.0001,searching_wall
2026-07-04 13:24:59.660,plain_wall_bad,pw_bad_01,negative,0.1619,0.1437,2.304,5.227,0.7951,11.508,4.248,0.3,0.0283,0.2401,0.3514,-0.0,searching_wall
2026-07-04 13:24:59.760,plain_wall_bad,pw_bad_01,negative,0.179,0.0,2.271,4.311,0.0192,7.808,4.604,0.3,0.0268,0.2401,0.3513,-0.0,searching_wall
2026-07-04 13:24:59.860,plain_wall_bad,pw_bad_01,negative,0.179,0.0,2.245,3.932,0.661,3.029,4.692,0.3,0.0274,0.2401,0.3514,0.0,searching_wall
2026-07-04 13:24:59.960,plain_wall_bad,pw_bad_01,negative,0.1545,-0.0766,2.228,3.699,0.9676,7.695,5.199,0.3,0.029,0.2401,0.3513,0.0001,searching_wall
2026-07-04 13:25:00.060,plain_wall_bad,pw_bad_01,negative,0.1236,0.0096,2.199,3.525,0.6227,65.533,5.9,0.3,0.0372,0.2401,0.3513,0.0,searching_wall
2026-07-04 13:25:00.160,plain_wall_bad,pw_bad_01,negative,0.1822,-0.0958,2.178,3.358,0.0958,5.093,6.864,0.3,0.04,0.2401,0.3513,-0.0001,searching_wall
2026-07-04 13:25:00.261,plain_wall_bad,pw_bad_01,negative,0.2386,0.0671,2.162,3.337,0.8718,4.952,6.883,0.3,0.0277,0.2401,0.3513,0.0001,searching_wall
2026-07-04 13:25:00.360,plain_wall_bad,pw_bad_01,negative,0.2525,-0.1724,2.144,3.433,0.2203,6.318,10.53,0.3,0.0369,0.2401,0.3513,0.0,searching_wall
2026-07-04 13:25:00.460,plain_wall_bad,pw_bad_01,negative,0.2301,-0.1054,1.381,1.456,1.0346,10.056,12.798,0.3,0.0237,0.2401,0.3513,0.0,searching_wall
2026-07-04 13:25:00.560,plain_wall_bad,pw_bad_01,negative,0.1832,0.0479,1.366,1.336,-0.0575,9.926,13.123,0.3,0.0306,0.2401,0.3513,0.0,searching_wall
2026-07-04 13:25:00.660,plain_wall_bad,pw_bad_01,negative,0.1971,-0.0862,1.412,1.27,0.479,15.732,13.1,0.3,0.0278,0.2401,0.3513,0.0,searching_wall
2026-07-04 13:25:00.760,plain_wall_bad,pw_bad_01,negative,0.1481,-0.0192,1.461,1.232,0.5077,22.924,13.105,0.3,0.0334,0.2402,0.3512,-0.0,searching_wall
2026-07-04 13:25:00.860,plain_wall_bad,pw_bad_01,negative,0.1513,0.0192,1.515,1.185,0.5748,65.533,13.089,0.3,0.0377,0.2401,0.3513,-0.0,searching_wall
2026-07-04 13:25:00.960,plain_wall_bad,pw_bad_01,negative,0.1598,-0.0383,1.488,1.175,0.8718,65.533,13.157,0.3,0.0305,0.2401,0.3513,0.0,searching_wall
2026-07-04 13:25:01.060,plain_wall_bad,pw_bad_01,negative,0.2003,0.0383,1.476,1.244,0.4311,22.888,12.914,0.3,0.0289,0.2402,0.3513,0.0,searching_wall
2026-07-04 13:25:01.160,plain_wall_bad,pw_bad_01,negative,0.2216,-0.0479,1.393,1.305,0.7281,14.638,13.077,0.3,0.0269,0.2402,0.3513,-0.0,searching_wall
2026-07-04 13:25:01.260,plain_wall_bad,pw_bad_01,negative,0.1662,-0.0575,1.364,1.373,0.6035,65.533,6.9,0.3,0.0288,0.2402,0.3513,0.0,searching_wall
2026-07-04 13:25:01.360,plain_wall_bad,pw_bad_01,negative,0.2035,-0.1341,1.346,1.45,0.6898,9.281,6.937,0.3,0.0361,0.2402,0.3513,0.0,searching_wall
2026-07-04 13:25:01.460,plain_wall_bad,pw_bad_01,negative,0.1278,0.0,2.314,2.595,0.4503,9.241,65.533,0.3,0.0277,0.2402,0.3513,0.0001,searching_wall
2026-07-04 13:25:01.561,plain_wall_bad,pw_bad_01,negative,0.0959,0.0766,2.322,2.544,0.6035,6.287,65.533,0.3,0.0285,0.2402,0.3513,-0.0,searching_wall
2026-07-04 13:25:01.660,plain_wall_bad,pw_bad_01,negative,0.0831,-0.0479,2.349,2.506,0.8718,4.962,8.562,0.3,0.0212,0.2402,0.3513,0.0001,searching_wall
2026-07-04 13:25:01.760,plain_wall_bad,pw_bad_01,negative,0.1385,-0.0096,2.377,2.458,0.1437,4.905,7.71,0.3,0.0278,0.2402,0.3513,-0.0,searching_wall
2026-07-04 13:25:01.860,plain_wall_bad,pw_bad_01,negative,0.0927,-0.1245,2.408,2.426,-0.0671,4.517,6.982,0.3,0.0287,0.2402,0.3512,-0.0,searching_wall
2026-07-04 13:25:01.960,plain_wall_bad,pw_bad_01,negative,0.1768,-0.0958,2.432,2.384,0.182,4.121,6.393,0.3,0.0286,0.2402,0.3513,0.0001,searching_wall
2026-07-04 13:25:02.060,plain_wall_bad,pw_bad_01,negative,0.1182,-0.1054,2.454,2.362,0.0575,3.774,5.902,0.3,0.0274,0.2402,0.3513,0.0,searching_wall
2026-07-04 13:25:02.160,plain_wall_bad,pw_bad_01,negative,0.1779,-0.0862,2.492,2.345,0.3353,3.482,5.494,0.3,0.039,0.2402,0.3513,-0.0,searching_wall
2026-07-04 13:25:02.260,plain_wall_bad,pw_bad_01,negative,0.1715,0.0096,2.543,2.313,0.4215,3.239,4.474,0.3,0.0294,0.2402,0.3513,0.0001,searching_wall
2026-07-04 13:25:02.360,plain_wall_bad,pw_bad_01,negative,0.1214,0.0096,2.578,2.299,0.2299,3.011,4.157,0.3,0.0278,0.2402,0.3513,-0.0001,searching_wall
2026-07-04 13:25:02.460,plain_wall_bad,pw_bad_01,negative,0.1417,0.0958,2.621,1.66,0.3161,2.824,3.918,0.3,0.0295,0.2402,0.3513,0.0001,searching_wall
2026-07-04 13:25:02.560,plain_wall_bad,pw_bad_01,negative,0.1193,-0.0766,2.58,1.436,0.0383,2.656,3.746,0.3,0.0286,0.2402,0.3513,-0.0001,searching_wall
2026-07-04 13:25:02.660,plain_wall_bad,pw_bad_01,negative,0.1427,-0.0096,2.573,1.487,0.4982,2.515,3.569,0.3,0.0268,0.2402,0.3513,-0.0,searching_wall
2026-07-04 13:25:02.760,plain_wall_bad,pw_bad_01,negative,0.0927,-0.0287,2.637,1.51,0.4503,2.383,3.624,0.3,0.0279,0.2402,0.3513,0.0001,searching_wall
2026-07-04 13:25:02.860,plain_wall_bad,pw_bad_01,negative,0.1491,-0.2491,2.692,1.547,0.297,2.259,1.591,0.3,0.0282,0.2402,0.3512,-0.0,searching_wall
2026-07-04 13:25:02.960,plain_wall_bad,pw_bad_01,negative,0.1278,-0.0575,2.768,1.611,0.4311,2.148,1.531,0.3,0.0273,0.2402,0.3513,-0.0,searching_wall
2026-07-04 13:25:03.060,plain_wall_bad,pw_bad_01,negative,0.1555,-0.0862,2.83,1.594,-0.2012,2.066,1.484,0.3,0.028,0.2401,0.3513,0.0001,searching_wall
2026-07-04 13:25:03.160,plain_wall_bad,pw_bad_01,negative,0.0128,0.0383,2.933,1.554,0.4598,1.972,1.449,0.5,0.0283,0.2401,0.3513,0.0001,approaching_wall
2026-07-04 13:25:03.260,plain_wall_bad,pw_bad_01,negative,-0.6796,-0.0766,3.027,1.481,-0.0575,1.892,1.411,0.5,0.0364,0.2393,0.3518,0.002,approaching_wall
2026-07-04 13:25:03.360,plain_wall_bad,pw_bad_01,negative,-0.9673,0.0,3.171,1.43,-1.1209,1.777,1.499,0.5,0.0496,0.236,0.3542,0.0056,approaching_wall
2026-07-04 13:25:03.460,plain_wall_bad,pw_bad_01,negative,0.0522,-0.2587,3.348,2.395,0.9005,1.661,1.632,0.5,0.0515,0.2298,0.3584,0.0075,approaching_wall
2026-07-04 13:25:03.560,plain_wall_bad,pw_bad_01,negative,0.0192,-0.0958,65.533,2.419,-0.0575,1.57,2.901,0.5,0.0465,0.2237,0.3632,0.0078,approaching_wall
2026-07-04 13:25:03.660,plain_wall_bad,pw_bad_01,negative,0.3515,0.0766,65.533,2.446,0.4982,1.487,2.796,0.5,0.0484,0.2166,0.3691,0.0087,approaching_wall
2026-07-04 13:25:03.760,plain_wall_bad,pw_bad_01,negative,0.2077,0.2299,65.533,2.491,0.3257,1.422,2.705,0.5,0.0409,0.2096,0.3757,0.0077,approaching_wall
2026-07-04 13:25:03.860,plain_wall_bad,pw_bad_01,negative,0.2866,-0.0671,2.794,2.535,0.4407,1.354,2.637,0.5,0.046,0.203,0.3827,0.0088,approaching_wall
2026-07-04 13:25:03.960,plain_wall_bad,pw_bad_01,negative,0.3249,-0.0192,2.695,2.582,1.0155,1.31,2.588,0.5,0.0513,0.1967,0.3901,0.01,approaching_wall
2026-07-04 13:25:04.060,plain_wall_bad,pw_bad_01,negative,0.2365,0.0383,2.644,2.636,0.4982,1.272,2.541,0.5,0.0569,0.1906,0.398,0.0113,approaching_wall
2026-07-04 13:25:04.160,plain_wall_bad,pw_bad_01,negative,0.2365,-0.1629,3.041,2.587,0.5461,1.231,1.669,0.5,0.048,0.1854,0.4056,0.0096,approaching_wall
2026-07-04 13:25:04.260,plain_wall_bad,pw_bad_01,negative,0.2599,-0.2012,3.594,2.647,0.1341,1.198,1.731,0.5,0.0484,0.1801,0.4141,0.0097,approaching_wall
2026-07-04 13:25:04.360,plain_wall_bad,pw_bad_01,negative,0.3089,-0.0958,4.306,2.738,0.4119,1.154,1.82,0.5,0.0615,0.1753,0.4229,0.0122,approaching_wall
2026-07-04 13:25:04.460,plain_wall_bad,pw_bad_01,negative,0.1939,-0.1724,4.927,2.813,0.2203,1.13,1.788,0.5,0.0448,0.171,0.4318,0.0088,approaching_wall
2026-07-04 13:25:04.560,plain_wall_bad,pw_bad_01,negative,0.2301,0.0,5.33,2.973,-0.0287,1.092,1.643,0.5,0.0469,0.1671,0.441,0.0094,approaching_wall
2026-07-04 13:25:04.660,plain_wall_bad,pw_bad_01,negative,0.2003,0.2108,5.354,3.106,0.3353,1.058,2.414,0.5,0.0486,0.1635,0.4508,0.0097,approaching_wall
2026-07-04 13:25:04.760,plain_wall_bad,pw_bad_01,negative,0.212,-0.0287,65.533,3.239,0.3545,1.043,2.443,0.5,0.0612,0.1607,0.4599,0.0122,approaching_wall
2026-07-04 13:25:04.860,plain_wall_bad,pw_bad_01,negative,0.2663,-0.1341,51.442,65.533,1.0921,1.026,2.588,0.5,0.0477,0.1582,0.4696,0.0096,approaching_wall
2026-07-04 13:25:04.960,plain_wall_bad,pw_bad_01,negative,0.1854,0.0,65.533,65.533,0.2395,1.002,2.603,0.5,0.047,0.156,0.4798,0.0094,approaching_wall
2026-07-04 13:25:05.061,plain_wall_bad,pw_bad_01,negative,0.2067,-0.1437,5.562,65.533,0.1916,0.98,2.645,0.5,0.0406,0.1545,0.4897,0.0081,approaching_wall
2026-07-04 13:25:05.162,plain_wall_bad,pw_bad_01,negative,0.261,-0.0766,5.631,65.533,1.2646,0.963,2.664,0.5,0.0479,0.1534,0.4996,0.0096,approaching_wall
2026-07-04 13:25:05.261,plain_wall_bad,pw_bad_01,negative,0.3419,-0.0671,4.364,65.533,0.182,0.952,2.715,0.5,0.048,0.1529,0.5096,0.0096,approaching_wall
2026-07-04 13:25:05.360,plain_wall_bad,pw_bad_01,negative,0.3121,0.2299,4.171,2.689,0.1629,0.939,2.758,0.5,0.0617,0.1529,0.5197,0.0123,approaching_wall
2026-07-04 13:25:05.460,plain_wall_bad,pw_bad_01,negative,0.3494,0.1916,3.329,2.73,0.594,0.929,2.823,0.5,0.0616,0.1534,0.5297,0.0123,approaching_wall
2026-07-04 13:25:05.561,plain_wall_bad,pw_bad_01,negative,0.2567,-0.1341,2.67,3.178,0.2395,0.922,2.76,0.5,0.0466,0.1543,0.5396,0.0093,approaching_wall
2026-07-04 13:25:05.660,plain_wall_bad,pw_bad_01,negative,0.3356,-0.2012,2.37,3.548,-0.5365,0.913,2.816,0.5,0.048,0.1558,0.5496,0.0097,approaching_wall
2026-07-04 13:25:05.760,plain_wall_bad,pw_bad_01,negative,0.2642,-0.2874,2.063,4.062,0.5077,0.926,2.91,0.5,0.0409,0.1577,0.5588,0.0083,approaching_wall
2026-07-04 13:25:05.860,plain_wall_bad,pw_bad_01,negative,0.2407,-0.3545,1.807,4.648,-0.1629,0.914,3.012,0.4908,0.0424,0.1601,0.5685,0.0085,approaching_wall
2026-07-04 13:25:05.960,plain_wall_bad,pw_bad_01,negative,0.2674,0.0862,1.598,5.726,0.1341,0.923,3.128,0.5,0.048,0.1632,0.5786,0.0097,approaching_wall
2026-07-04 13:25:06.060,plain_wall_bad,pw_bad_01,negative,0.261,0.0287,1.437,9.633,-0.2203,0.923,3.262,0.5,0.0502,0.1666,0.588,0.0101,approaching_wall
2026-07-04 13:25:06.160,plain_wall_bad,pw_bad_01,negative,0.261,-0.1724,1.305,65.533,0.3161,0.935,3.402,0.5,0.0426,0.1702,0.5967,0.0086,approaching_wall
2026-07-04 13:25:06.260,plain_wall_bad,pw_bad_01,negative,0.2589,-0.2491,1.188,65.533,0.3257,0.929,3.541,0.5,0.0464,0.1748,0.6062,0.0093,approaching_wall
2026-07-04 13:25:06.360,plain_wall_bad,pw_bad_01,negative,0.2301,0.1724,1.08,65.533,0.3928,0.95,3.317,0.5,0.0535,0.1796,0.6151,0.0107,approaching_wall
2026-07-04 13:25:06.460,plain_wall_bad,pw_bad_01,negative,0.2653,-0.182,0.994,65.533,-0.1437,0.978,3.121,0.5,0.0456,0.1847,0.6235,0.0092,approaching_wall
2026-07-04 13:25:06.560,plain_wall_bad,pw_bad_01,negative,0.1822,0.0,0.911,65.533,0.2299,1.008,2.982,0.5,0.0405,0.19,0.6314,0.008,approaching_wall
2026-07-04 13:25:06.660,plain_wall_bad,pw_bad_01,negative,0.2173,-0.0287,0.861,5.343,0.5461,1.029,2.863,0.5,0.0616,0.1961,0.6395,0.0124,approaching_wall
2026-07-04 13:25:06.760,plain_wall_bad,pw_bad_01,negative,0.2951,0.0287,0.798,4.259,0.4886,1.063,2.775,0.5,0.0534,0.2028,0.6475,0.0107,approaching_wall
2026-07-04 13:25:06.861,plain_wall_bad,pw_bad_01,negative,0.2535,-0.0192,0.747,3.134,0.4119,1.102,2.933,0.5,0.0557,0.2092,0.6545,0.0112,approaching_wall
2026-07-04 13:25:06.961,plain_wall_bad,pw_bad_01,negative,0.3185,0.0671,0.705,2.419,0.4694,1.163,3.236,0.5,0.0422,0.2163,0.6614,0.0085,approaching_wall
2026-07-04 13:25:07.060,plain_wall_bad,pw_bad_01,negative,0.2056,-0.2395,0.669,1.971,0.3736,1.243,3.646,0.5,0.0588,0.2238,0.6682,0.0117,approaching_wall
2026-07-04 13:25:07.161,plain_wall_bad,pw_bad_01,negative,0.2823,0.1245,0.638,1.634,0.3545,1.337,4.067,0.5,0.0487,0.2319,0.6748,0.0098,approaching_wall
2026-07-04 13:25:07.260,plain_wall_bad,pw_bad_01,negative,0.294,-0.048,0.61,1.414,-0.4215,1.368,4.6,0.5,0.0495,0.24,0.6805,0.01,approaching_wall
2026-07-04 13:25:07.361,plain_wall_bad,pw_bad_01,negative,0.2866,0.1629,0.573,1.236,0.2108,1.329,65.533,0.5,0.0496,0.2485,0.6861,0.01,approaching_wall
2026-07-04 13:25:07.460,plain_wall_bad,pw_bad_01,negative,0.2663,-0.1629,0.552,1.073,0.3449,1.29,65.533,0.5,0.0559,0.2571,0.6911,0.0112,approaching_wall
2026-07-04 13:25:07.560,plain_wall_bad,pw_bad_01,negative,0.1545,0.0958,0.528,0.956,0.2299,1.409,9.816,0.5,0.0468,0.266,0.6955,0.0094,approaching_wall
2026-07-04 13:25:07.660,plain_wall_bad,pw_bad_01,negative,0.3228,-0.2587,0.506,0.86,1.1017,2.652,10.622,0.5,0.0521,0.2747,0.6995,0.0104,approaching_wall
2026-07-04 13:25:07.760,plain_wall_bad,pw_bad_01,negative,0.2791,-0.2587,0.493,0.768,-0.0287,3.592,65.533,0.3,0.0471,0.2843,0.7034,0.0093,searching_wall
2026-07-04 13:25:07.860,plain_wall_bad,pw_bad_01,negative,0.5976,0.1341,0.474,0.708,0.5077,5.418,65.533,0.3,0.0355,0.2917,0.7059,0.0059,searching_wall
2026-07-04 13:25:07.960,plain_wall_bad,pw_bad_01,negative,1.1047,0.2012,0.47,0.671,0.4694,7.189,65.533,0.3,0.0216,0.296,0.7071,0.002,searching_wall
2026-07-04 13:25:08.060,plain_wall_bad,pw_bad_01,negative,0.6914,0.0479,0.466,0.658,0.0,13.157,51.629,0.3,0.0237,0.2979,0.7071,0.0014,searching_wall
2026-07-04 13:25:08.160,plain_wall_bad,pw_bad_01,negative,0.3814,-0.1724,0.476,0.648,0.6227,65.533,65.533,0.3,0.0332,0.2991,0.7072,0.0011,searching_wall
2026-07-04 13:25:08.260,plain_wall_bad,pw_bad_01,negative,0.3696,0.0479,0.47,0.622,-0.1437,65.533,5.993,0.3,0.0269,0.2998,0.7074,0.0005,searching_wall
2026-07-04 13:25:08.360,plain_wall_bad,pw_bad_01,negative,0.1811,-0.1724,0.475,0.61,0.0575,65.533,4.56,0.3,0.0372,0.3003,0.7074,0.0005,searching_wall
2026-07-04 13:25:08.460,plain_wall_bad,pw_bad_01,negative,0.2077,-0.182,0.479,0.594,0.2778,65.533,4.377,0.3,0.0347,0.3006,0.7074,0.0004,searching_wall
2026-07-04 13:25:08.560,plain_wall_bad,pw_bad_01,negative,0.0533,-0.0192,0.481,0.582,0.6993,13.44,3.367,0.3,0.0355,0.3008,0.7075,0.0002,searching_wall
2026-07-04 13:25:08.660,plain_wall_bad,pw_bad_01,negative,0.2013,0.0479,0.48,0.573,0.843,13.24,2.799,0.3,0.036,0.3011,0.7076,0.0003,searching_wall
2026-07-04 13:25:08.761,plain_wall_bad,pw_bad_01,negative,0.1332,-0.1629,0.484,0.554,0.1724,13.458,2.365,0.3,0.0299,0.3012,0.7076,0.0002,searching_wall
2026-07-04 13:25:08.860,plain_wall_bad,pw_bad_01,negative,0.1651,-0.0096,0.489,0.544,0.1724,13.521,2.057,0.3,0.0216,0.3014,0.7078,0.0001,searching_wall
2026-07-04 13:25:08.960,plain_wall_bad,pw_bad_01,negative,0.065,-0.0958,0.499,0.544,0.2778,7.283,1.841,0.3,0.0347,0.3015,0.7078,0.0002,searching_wall
2026-07-04 13:25:09.060,plain_wall_bad,pw_bad_01,negative,0.1513,-0.0958,0.509,0.539,0.3545,7.3,1.664,0.3,0.0271,0.3017,0.7078,0.0002,searching_wall
2026-07-04 13:25:09.160,plain_wall_bad,pw_bad_01,negative,0.1502,-0.0575,0.51,0.537,-0.3832,10.006,1.513,0.3,0.0277,0.3018,0.7079,0.0002,searching_wall
2026-07-04 13:25:09.260,plain_wall_bad,pw_bad_01,negative,0.1758,-0.0383,0.517,0.527,0.4598,9.076,1.402,0.3,0.0271,0.302,0.708,0.0002,searching_wall
2026-07-04 13:25:09.360,plain_wall_bad,pw_bad_01,negative,0.1438,-0.2012,0.533,0.531,0.4503,8.356,1.318,0.3,0.0281,0.3022,0.708,0.0002,searching_wall
2026-07-04 13:25:09.460,plain_wall_bad,pw_bad_01,negative,0.0799,-0.1916,0.553,0.516,0.4215,7.731,1.23,0.3,0.0285,0.3023,0.708,0.0001,searching_wall
2026-07-04 13:25:09.560,plain_wall_bad,pw_bad_01,negative,0.1406,-0.1916,0.559,0.517,0.5077,7.201,1.158,0.3,0.0262,0.3025,0.7081,0.0005,searching_wall
2026-07-04 13:25:09.661,plain_wall_bad,pw_bad_01,negative,0.1971,-0.0766,0.574,0.523,0.661,6.757,1.1,0.3,0.0351,0.3027,0.7081,0.0002,searching_wall
2026-07-04 13:25:09.760,plain_wall_bad,pw_bad_01,negative,0.1406,-0.1341,0.589,0.518,0.4024,6.332,1.05,0.3,0.0301,0.3028,0.7081,0.0002,searching_wall
2026-07-04 13:25:09.860,plain_wall_bad,pw_bad_01,negative,0.1161,-0.0287,0.61,0.524,0.4503,6.009,1.011,0.3,0.0267,0.303,0.7081,0.0001,searching_wall
2026-07-04 13:25:09.960,plain_wall_bad,pw_bad_01,negative,0.066,0.0383,0.625,0.532,0.8047,5.701,0.967,0.3,0.0277,0.3032,0.7081,0.0001,searching_wall
2026-07-04 13:25:10.060,plain_wall_bad,pw_bad_01,negative,0.1832,-0.0096,0.641,0.537,0.1437,5.419,0.934,0.3,0.0241,0.3034,0.7081,0.0001,searching_wall
2026-07-04 13:25:10.160,plain_wall_bad,pw_bad_01,negative,0.0895,-0.0575,0.664,0.523,0.2203,4.61,0.893,0.3,0.0262,0.3036,0.7082,0.0002,searching_wall
2026-07-04 13:25:10.260,plain_wall_bad,pw_bad_01,negative,0.1204,-0.115,0.676,0.544,0.6514,4.415,0.884,0.3,0.0381,0.3038,0.7081,0.0001,searching_wall
2026-07-04 13:25:10.360,plain_wall_bad,pw_bad_01,negative,0.0618,0.1724,0.71,0.546,0.3257,4.223,0.863,0.3,0.0281,0.304,0.7081,0.0001,searching_wall
2026-07-04 13:25:10.460,plain_wall_bad,pw_bad_01,negative,0.1758,-0.115,0.73,0.558,0.2587,4.07,0.844,0.3,0.0301,0.3041,0.7081,0.0,searching_wall
2026-07-04 13:25:10.560,plain_wall_bad,pw_bad_01,negative,0.1257,0.0575,0.766,0.556,0.4311,3.933,0.821,0.3,0.0367,0.3043,0.7081,0.0001,searching_wall
2026-07-04 13:25:10.660,plain_wall_bad,pw_bad_01,negative,0.1459,-0.0383,0.788,0.57,0.4886,3.997,0.802,0.3,0.0277,0.3045,0.7081,0.0001,searching_wall
2026-07-04 13:25:10.760,plain_wall_bad,pw_bad_01,negative,0.0969,-0.0479,0.826,0.579,0.661,4.105,0.788,0.3,0.0312,0.3047,0.708,0.0002,searching_wall
2026-07-04 13:25:10.860,plain_wall_bad,pw_bad_01,negative,0.1609,-0.1437,0.877,0.586,0.2203,3.987,0.779,0.3,0.0201,0.3049,0.7081,0.0001,searching_wall
2026-07-04 13:25:10.960,plain_wall_bad,pw_bad_01,negative,0.1225,-0.1629,0.911,0.597,0.297,3.856,0.766,0.3,0.0382,0.305,0.708,0.0001,searching_wall
2026-07-04 13:25:11.060,plain_wall_bad,pw_bad_01,negative,0.1747,0.115,0.962,0.609,0.2203,3.746,0.763,0.3,0.0294,0.3053,0.7079,0.0002,searching_wall
2026-07-04 13:25:11.160,plain_wall_bad,pw_bad_01,negative,0.1459,-0.0287,1.04,0.625,0.6419,3.642,0.756,0.3,0.0293,0.3054,0.7079,0.0,searching_wall
2026-07-04 13:25:11.260,plain_wall_bad,pw_bad_01,negative,0.1736,0.0479,1.024,0.634,0.6227,1.961,0.75,0.3,0.0332,0.3056,0.7079,0.0001,searching_wall
2026-07-04 13:25:11.360,plain_wall_bad,pw_bad_01,negative,0.0905,0.0766,0.981,0.638,0.479,1.899,0.737,0.5,0.0307,0.3057,0.7078,0.0003,approaching_wall
2026-07-04 13:25:11.460,plain_wall_bad,pw_bad_01,negative,-0.6072,-0.1054,0.969,0.653,-0.1245,1.85,0.737,0.5,0.0423,0.3064,0.7071,0.0019,approaching_wall
2026-07-04 13:25:11.560,plain_wall_bad,pw_bad_01,negative,-0.3441,-0.3353,0.989,0.678,0.0287,1.788,0.741,0.5,0.0504,0.3084,0.704,0.0052,approaching_wall
2026-07-04 13:25:11.663,plain_wall_bad,pw_bad_01,negative,-0.1459,0.0,1.149,0.705,0.2491,1.758,0.723,0.5,0.0453,0.3123,0.699,0.0058,approaching_wall
2026-07-04 13:25:11.760,plain_wall_bad,pw_bad_01,negative,-0.1736,-0.1341,1.802,0.738,0.2108,1.96,0.721,0.5,0.0478,0.317,0.6925,0.0071,approaching_wall
2026-07-04 13:25:11.860,plain_wall_bad,pw_bad_01,negative,0.1076,-0.0958,2.109,0.776,-0.3449,2.97,0.728,0.3,0.0439,0.3216,0.6861,0.0071,searching_wall
2026-07-04 13:25:11.960,plain_wall_bad,pw_bad_01,negative,0.4996,-0.0383,2.536,0.812,1.1975,2.902,0.726,0.3,0.0392,0.3256,0.6802,0.006,searching_wall
2026-07-04 13:25:12.060,plain_wall_bad,pw_bad_01,negative,-0.6242,-0.4503,2.946,0.842,0.8622,2.863,0.732,0.3,0.026,0.3278,0.6767,0.0021,searching_wall
2026-07-04 13:25:12.160,plain_wall_bad,pw_bad_01,negative,0.5103,-0.0479,3.31,0.87,-0.2395,2.844,0.74,0.3,0.025,0.3283,0.6751,0.0014,searching_wall
2026-07-04 13:25:12.260,plain_wall_bad,pw_bad_01,negative,0.457,-0.2012,4.475,0.895,0.3736,2.807,0.743,0.3,0.0286,0.329,0.674,0.0009,searching_wall
2026-07-04 13:25:12.360,plain_wall_bad,pw_bad_01,negative,-0.0234,-0.1916,4.604,0.925,0.3832,2.772,0.755,0.3,0.0307,0.3294,0.6733,0.0005,searching_wall
2026-07-04 13:25:12.460,plain_wall_bad,pw_bad_01,negative,0.2109,0.1341,5.632,0.965,0.5173,2.741,0.766,0.3,0.0323,0.3295,0.6729,0.0003,searching_wall
2026-07-04 13:25:12.560,plain_wall_bad,pw_bad_01,negative,0.0533,-0.2108,6.689,1.007,0.4024,2.722,0.772,0.3,0.0357,0.3296,0.6727,0.0002,searching_wall
2026-07-04 13:25:12.660,plain_wall_bad,pw_bad_01,negative,0.1406,-0.182,65.533,1.049,0.6706,2.695,0.778,0.3,0.0259,0.3297,0.6726,0.0,searching_wall
2026-07-04 13:25:12.760,plain_wall_bad,pw_bad_01,negative,0.1992,0.0479,12.903,1.063,0.1533,2.347,0.796,0.3,0.0366,0.3297,0.6726,0.0001,searching_wall
2026-07-04 13:25:12.861,plain_wall_bad,pw_bad_01,negative,0.1225,0.5652,13.053,1.032,0.3736,1.969,0.802,0.5,0.0299,0.3298,0.6725,0.0001,approaching_wall
2026-07-04 13:25:12.960,plain_wall_bad,pw_bad_01,negative,1.11,0.1533,13.005,0.996,-0.4982,2.012,0.822,0.5,0.0339,0.3299,0.6716,0.0016,approaching_wall
2026-07-04 13:25:13.060,plain_wall_bad,pw_bad_01,negative,-0.3462,-0.2874,65.533,1.023,-0.2874,2.161,0.833,0.3,0.0467,0.3307,0.6678,0.0052,searching_wall
2026-07-04 13:25:13.161,plain_wall_bad,pw_bad_01,negative,0.4197,0.1245,12.81,1.131,0.4311,1.972,0.858,0.3,0.0416,0.3317,0.6619,0.005,searching_wall
2026-07-04 13:25:13.260,plain_wall_bad,pw_bad_01,negative,-0.8128,-0.5748,13.023,1.207,0.3066,1.919,0.884,0.5,0.0161,0.3321,0.6591,0.0012,approaching_wall
2026-07-04 13:25:13.360,plain_wall_bad,pw_bad_01,negative,-0.8554,0.1437,13.085,1.259,-0.9772,1.909,0.887,0.5,0.0361,0.3325,0.6566,0.0036,approaching_wall
2026-07-04 13:25:13.460,plain_wall_bad,pw_bad_01,negative,-0.6551,-0.776,6.832,1.71,-0.2874,2.771,0.919,0.3,0.0619,0.3327,0.6502,0.0088,searching_wall
2026-07-04 13:25:13.560,plain_wall_bad,pw_bad_01,negative,0.3526,-0.1629,6.863,1.923,1.4083,2.788,0.954,0.3,0.0331,0.3328,0.6436,0.0047,searching_wall
2026-07-04 13:25:13.660,plain_wall_bad,pw_bad_01,negative,0.7649,0.0479,6.851,2.076,-0.3353,2.801,0.976,0.3,0.0237,0.3326,0.6406,0.002,searching_wall
2026-07-04 13:25:13.760,plain_wall_bad,pw_bad_01,negative,0.5678,0.0,7.181,2.184,-0.1533,2.813,1.002,0.3,0.0288,0.3328,0.6389,0.0015,searching_wall
2026-07-04 13:25:13.860,plain_wall_bad,pw_bad_01,negative,0.523,0.0671,7.071,2.36,0.3545,2.826,1.026,0.3,0.0386,0.3324,0.6377,0.0013,searching_wall
2026-07-04 13:25:13.960,plain_wall_bad,pw_bad_01,negative,0.2226,-0.182,6.656,2.572,0.0383,2.851,1.045,0.3,0.0275,0.3324,0.6369,0.0005,searching_wall
2026-07-04 13:25:14.060,plain_wall_bad,pw_bad_01,negative,-0.0021,0.0383,6.208,2.787,0.364,2.879,1.077,0.3,0.0269,0.3322,0.6365,0.0004,searching_wall
2026-07-04 13:25:14.160,plain_wall_bad,pw_bad_01,negative,0.1949,-0.0096,5.794,3.044,0.5269,2.904,1.107,0.3,0.0256,0.3321,0.6362,0.0003,searching_wall
2026-07-04 13:25:14.260,plain_wall_bad,pw_bad_01,negative,0.1214,0.0096,5.43,3.379,0.6993,2.946,1.135,0.3,0.0294,0.3321,0.636,0.0001,searching_wall
2026-07-04 13:25:14.361,plain_wall_bad,pw_bad_01,negative,0.2045,0.2778,5.115,4.299,0.4407,2.979,1.157,0.3,0.0287,0.3321,0.6359,0.0001,searching_wall
2026-07-04 13:25:14.460,plain_wall_bad,pw_bad_01,negative,0.1566,-0.0287,4.242,4.589,0.479,2.972,1.198,0.3,0.0361,0.3321,0.6358,0.0001,searching_wall
2026-07-04 13:25:14.560,plain_wall_bad,pw_bad_01,negative,0.1875,-0.0096,3.997,4.956,0.2587,2.911,1.224,0.3,0.0268,0.3321,0.6358,0.0001,searching_wall
2026-07-04 13:25:14.660,plain_wall_bad,pw_bad_01,negative,0.115,-0.0766,3.791,5.724,0.4311,2.942,1.267,0.3,0.0297,0.332,0.6358,0.0002,searching_wall
2026-07-04 13:25:14.760,plain_wall_bad,pw_bad_01,negative,0.1779,-0.0479,3.634,6.795,0.3353,3.004,1.283,0.3,0.0328,0.332,0.6358,0.0001,searching_wall
2026-07-04 13:25:14.860,plain_wall_bad,pw_bad_01,negative,0.1534,-0.0479,3.503,65.533,0.7377,3.052,1.245,0.3,0.0294,0.332,0.6358,0.0001,searching_wall
2026-07-04 13:25:14.960,plain_wall_bad,pw_bad_01,negative,0.1896,-0.2395,3.584,65.533,0.3161,3.115,1.199,0.3,0.032,0.332,0.6357,0.0001,searching_wall
2026-07-04 13:25:15.060,plain_wall_bad,pw_bad_01,negative,0.1097,-0.0096,3.66,65.533,0.7951,3.192,1.222,0.3,0.0373,0.332,0.6357,0.0,searching_wall
2026-07-04 13:25:15.160,plain_wall_bad,pw_bad_01,negative,0.1939,0.0096,3.526,65.533,0.182,3.268,1.271,0.3,0.0335,0.332,0.6357,0.0001,searching_wall
2026-07-04 13:25:15.260,plain_wall_bad,pw_bad_01,negative,0.2056,-0.182,1.648,13.093,0.4119,3.352,1.318,0.3,0.0277,0.3321,0.6357,0.0001,searching_wall
2026-07-04 13:25:15.360,plain_wall_bad,pw_bad_01,negative,0.1779,0.0766,1.494,65.533,0.4982,3.445,1.37,0.3,0.0277,0.332,0.6357,0.0,searching_wall
2026-07-04 13:25:15.460,plain_wall_bad,pw_bad_01,negative,0.2162,-0.1724,1.444,65.533,0.1245,3.556,1.433,0.3,0.0293,0.3321,0.6357,0.0,searching_wall
2026-07-04 13:25:15.560,plain_wall_bad,pw_bad_01,negative,0.1545,-0.0862,1.402,65.533,0.6514,3.626,1.515,0.3,0.0288,0.3321,0.6357,0.0001,searching_wall
2026-07-04 13:25:15.661,plain_wall_bad,pw_bad_01,negative,0.1587,0.0287,1.361,13.104,0.5173,7.576,1.845,0.3,0.026,0.3321,0.6357,0.0,searching_wall
2026-07-04 13:25:15.760,plain_wall_bad,pw_bad_01,negative,0.1129,-0.0671,1.379,6.903,0.4119,7.901,1.943,0.3,0.0304,0.3321,0.6357,0.0001,searching_wall
2026-07-04 13:25:15.860,plain_wall_bad,pw_bad_01,negative,0.1662,-0.0958,1.443,6.963,0.3353,8.275,2.039,0.3,0.0378,0.3321,0.6356,0.0001,searching_wall
2026-07-04 13:25:15.960,plain_wall_bad,pw_bad_01,negative,0.1502,-0.182,1.532,65.533,0.2012,8.644,2.142,0.3,0.0391,0.3321,0.6356,0.0,searching_wall
2026-07-04 13:25:16.060,plain_wall_bad,pw_bad_01,negative,0.1023,0.0096,1.752,65.533,0.8047,9.049,2.262,0.3,0.0274,0.3321,0.6356,0.0,searching_wall
2026-07-04 13:25:16.160,plain_wall_bad,pw_bad_01,negative,0.0746,-0.115,2.671,65.533,0.3449,8.783,2.401,0.3,0.0281,0.3321,0.6356,0.0,searching_wall
2026-07-04 13:25:16.260,plain_wall_bad,pw_bad_01,negative,0.131,0.0383,2.625,65.533,-0.0958,8.778,2.56,0.3,0.0288,0.3321,0.6356,-0.0,searching_wall
2026-07-04 13:25:16.360,plain_wall_bad,pw_bad_01,negative,0.1332,-0.0766,2.57,65.533,0.4407,12.062,2.742,0.3,0.0263,0.3321,0.6356,-0.0,searching_wall
2026-07-04 13:25:16.461,plain_wall_bad,pw_bad_01,negative,0.179,0.0,2.532,6.373,0.3353,11.753,2.949,0.3,0.0273,0.3321,0.6356,0.0,searching_wall
2026-07-04 13:25:16.560,plain_wall_bad,pw_bad_01,negative,0.114,-0.0096,2.498,5.892,0.5269,2.888,3.174,0.3,0.0379,0.3321,0.6356,0.0,searching_wall
2026-07-04 13:25:16.660,plain_wall_bad,pw_bad_01,negative,0.098,-0.0671,2.461,5.466,-0.0958,2.846,3.466,0.3,0.0297,0.3321,0.6356,-0.0,searching_wall
2026-07-04 13:25:16.760,plain_wall_bad,pw_bad_01,negative,0.2269,0.1724,2.424,5.229,0.4407,7.517,3.867,0.3,0.0307,0.3321,0.6356,-0.0001,searching_wall
2026-07-04 13:25:16.860,plain_wall_bad,pw_bad_01,negative,0.1395,-0.0383,2.397,4.25,0.2778,7.465,4.63,0.3,0.0289,0.3321,0.6356,0.0001,searching_wall
2026-07-04 13:25:16.960,plain_wall_bad,pw_bad_01,negative,0.081,0.0479,2.369,4.003,0.0958,3.853,4.861,0.3,0.0249,0.3321,0.6356,-0.0,searching_wall
2026-07-04 13:25:17.060,plain_wall_bad,pw_bad_01,negative,0.1214,-0.0958,1.53,3.798,0.4311,4.856,5.218,0.3,0.033,0.3321,0.6356,-0.0001,searching_wall
2026-07-04 13:25:17.160,plain_wall_bad,pw_bad_01,negative,0.147,-0.2012,1.549,3.631,0.8143,4.816,6.032,0.3,0.0286,0.3321,0.6357,0.0001,searching_wall
2026-07-04 13:25:17.261,plain_wall_bad,pw_bad_01,negative,0.1875,-0.0958,1.585,3.645,0.1629,65.533,7.022,0.3,0.0287,0.3321,0.6356,-0.0,searching_wall
2026-07-04 13:25:17.360,plain_wall_bad,pw_bad_01,negative,0.0937,-0.1533,1.615,1.846,0.3353,6.798,7.151,0.3,0.0282,0.3321,0.6356,-0.0,searching_wall
2026-07-04 13:25:17.460,plain_wall_bad,pw_bad_01,negative,0.0469,-0.1629,1.675,1.612,0.0862,9.764,10.821,0.3,0.0255,0.3321,0.6356,0.0001,searching_wall
2026-07-04 13:25:17.560,plain_wall_bad,pw_bad_01,negative,0.0415,-0.2682,1.63,1.534,0.5461,10.674,13.119,0.3,0.028,0.3321,0.6356,0.0,searching_wall
2026-07-04 13:25:17.660,plain_wall_bad,pw_bad_01,negative,0.1811,-0.0479,1.567,1.48,0.4119,15.473,65.533,0.3,0.0282,0.3321,0.6356,0.0,searching_wall
2026-07-04 13:25:17.760,plain_wall_bad,pw_bad_01,negative,0.1577,-0.1245,1.51,1.433,0.115,28.619,13.362,0.3,0.0376,0.3321,0.6356,-0.0001,searching_wall
2026-07-04 13:25:17.860,plain_wall_bad,pw_bad_01,negative,0.2088,0.0479,1.47,1.489,0.6323,51.776,13.358,0.3,0.0278,0.3321,0.6356,-0.0,searching_wall
2026-07-04 13:25:17.960,plain_wall_bad,pw_bad_01,negative,0.1236,-0.0287,2.272,1.551,0.479,65.533,13.382,0.3,0.0251,0.3321,0.6356,-0.0,searching_wall
2026-07-04 13:25:18.060,plain_wall_bad,pw_bad_01,negative,0.1939,-0.0862,2.404,1.63,0.8909,21.461,13.406,0.3,0.025,0.3321,0.6356,-0.0001,searching_wall
2026-07-04 13:25:18.160,plain_wall_bad,pw_bad_01,negative,0.1364,-0.0958,2.424,1.766,0.4886,10.598,13.167,0.3,0.0274,0.3321,0.6356,-0.0001,searching_wall
2026-07-04 13:25:18.260,plain_wall_bad,pw_bad_01,negative,0.1321,-0.1437,2.422,2.884,0.6227,9.045,13.396,0.3,0.0254,0.3321,0.6356,0.0,searching_wall
2026-07-04 13:25:18.360,plain_wall_bad,pw_bad_01,negative,0.1619,-0.0671,2.44,2.809,0.4886,8.987,7.204,0.3,0.0284,0.3321,0.6356,-0.0,searching_wall
2026-07-04 13:25:18.460,plain_wall_bad,pw_bad_01,negative,0.1214,0.0192,2.452,2.76,0.3066,6.017,65.533,0.3,0.0318,0.3321,0.6356,-0.0,searching_wall
2026-07-04 13:25:18.560,plain_wall_bad,pw_bad_01,negative,0.163,0.0,2.471,2.703,0.6227,5.747,65.533,0.3,0.026,0.3321,0.6356,-0.0,searching_wall
2026-07-04 13:25:18.660,plain_wall_bad,pw_bad_01,negative,0.1886,-0.115,2.491,2.659,0.2491,4.631,65.533,0.3,0.0284,0.3321,0.6356,0.0,searching_wall
2026-07-04 13:25:18.760,plain_wall_bad,pw_bad_01,negative,0.2045,0.0287,2.52,2.613,0.1245,4.564,8.311,0.3,0.0299,0.3321,0.6356,-0.0,searching_wall
2026-07-04 13:25:18.860,plain_wall_bad,pw_bad_01,negative,0.1736,-0.2682,2.549,2.582,0.2395,4.107,7.467,0.3,0.0306,0.3321,0.6356,0.0,searching_wall
2026-07-04 13:25:18.960,plain_wall_bad,pw_bad_01,negative,0.1651,0.115,2.578,2.552,0.5269,3.7,6.859,0.3,0.0259,0.3321,0.6356,0.0003,searching_wall
2026-07-04 13:25:19.060,plain_wall_bad,pw_bad_01,negative,0.1811,-0.0192,2.605,2.489,0.3449,3.4,6.331,0.3,0.0366,0.3321,0.6356,0.0,searching_wall
2026-07-04 13:25:19.160,plain_wall_bad,pw_bad_01,negative,0.1385,-0.0862,2.623,1.595,0.2682,3.14,5.882,0.3,0.0286,0.3321,0.6357,0.0,searching_wall
2026-07-04 13:25:19.260,plain_wall_bad,pw_bad_01,negative,0.179,-0.0192,2.561,1.646,-0.6802,2.91,5.504,0.3,0.035,0.3321,0.6356,0.0005,searching_wall
2026-07-04 13:25:19.360,plain_wall_bad,pw_bad_01,negative,0.1385,0.0,2.572,1.68,0.0575,2.708,4.497,0.3,0.037,0.3321,0.6357,0.0,searching_wall
2026-07-04 13:25:19.460,plain_wall_bad,pw_bad_01,negative,0.2035,-0.1533,2.627,1.7,-0.2491,2.546,4.233,0.3,0.0246,0.3321,0.6358,0.0,searching_wall
2026-07-04 13:25:19.560,plain_wall_bad,pw_bad_01,negative,0.1566,-0.1054,2.672,1.771,0.7281,2.381,4.034,0.3,0.0352,0.3322,0.6358,-0.0001,searching_wall
2026-07-04 13:25:19.660,plain_wall_bad,pw_bad_01,negative,0.1768,-0.0671,2.721,1.756,0.4311,2.274,3.886,0.3,0.03,0.3322,0.6359,0.0,searching_wall
2026-07-04 13:25:19.760,plain_wall_bad,pw_bad_01,negative,0.1992,-0.0287,2.799,1.663,0.2587,2.122,1.932,0.3,0.0281,0.3322,0.6358,0.0001,searching_wall
2026-07-04 13:25:19.860,plain_wall_bad,pw_bad_01,negative,0.212,0.0287,2.862,1.584,0.4982,2.02,1.841,0.3,0.0282,0.3322,0.6358,-0.0001,searching_wall
2026-07-04 13:25:19.960,plain_wall_bad,pw_bad_01,negative,0.1545,-0.0096,2.939,1.54,0.1629,1.93,1.77,0.5,0.0308,0.3322,0.6359,0.0001,approaching_wall
2026-07-04 13:25:20.060,plain_wall_bad,pw_bad_01,negative,-0.4858,-0.0383,3.03,2.371,-0.4311,1.844,1.713,0.5,0.0367,0.3315,0.6365,0.0019,approaching_wall
2026-07-04 13:25:20.160,plain_wall_bad,pw_bad_01,negative,-0.4325,-0.4886,3.145,2.401,-0.4311,1.741,1.74,0.5,0.0471,0.3288,0.6388,0.0047,approaching_wall
2026-07-04 13:25:20.260,plain_wall_bad,pw_bad_01,negative,-0.179,-0.4982,3.254,2.484,-0.0671,1.613,1.868,0.5,0.0669,0.3235,0.6423,0.0083,approaching_wall
2026-07-04 13:25:20.360,plain_wall_bad,pw_bad_01,negative,0.1097,0.0479,65.533,2.512,1.2454,1.494,3.216,0.5,0.063,0.3178,0.6468,0.0086,approaching_wall
2026-07-04 13:25:20.460,plain_wall_bad,pw_bad_01,negative,0.1427,-0.1341,65.533,2.55,-0.0287,1.419,3.093,0.5,0.0469,0.3124,0.6513,0.007,approaching_wall
2026-07-04 13:25:20.560,plain_wall_bad,pw_bad_01,negative,0.2216,-0.1533,65.533,2.566,0.2203,1.357,2.981,0.5,0.0505,0.307,0.6561,0.0077,approaching_wall
2026-07-04 13:25:20.660,plain_wall_bad,pw_bad_01,negative,0.1459,-0.3449,2.57,2.605,-0.2587,1.289,2.882,0.5,0.0494,0.301,0.6621,0.0077,approaching_wall
2026-07-04 13:25:20.760,plain_wall_bad,pw_bad_01,negative,0.326,0.115,2.462,2.653,0.0575,1.237,2.804,0.5,0.0611,0.2955,0.6679,0.0095,approaching_wall
2026-07-04 13:25:20.860,plain_wall_bad,pw_bad_01,negative,0.3185,-0.2012,2.524,2.618,0.4598,1.193,1.84,0.5,0.06,0.2906,0.6738,0.0095,approaching_wall
2026-07-04 13:25:20.960,plain_wall_bad,pw_bad_01,negative,1.6341,0.115,65.533,2.626,0.8335,1.146,1.899,0.5,0.0634,0.2849,0.6804,0.0109,approaching_wall
2026-07-04 13:25:21.060,plain_wall_bad,pw_bad_01,negative,0.2674,-0.1341,3.366,2.68,0.3257,1.1,1.953,0.5,0.0427,0.2791,0.687,0.0076,approaching_wall
2026-07-04 13:25:21.160,plain_wall_bad,pw_bad_01,negative,0.2045,-0.0575,3.868,2.76,0.2108,1.055,1.914,0.5,0.0627,0.2731,0.6944,0.0117,approaching_wall
2026-07-04 13:25:21.260,plain_wall_bad,pw_bad_01,negative,0.2716,-0.0575,4.526,2.87,0.4886,1.021,1.764,0.5,0.0465,0.2678,0.7017,0.0089,approaching_wall
2026-07-04 13:25:21.360,plain_wall_bad,pw_bad_01,negative,0.2972,-0.0287,5.93,2.987,0.9101,0.995,2.28,0.5,0.0456,0.2625,0.7098,0.0088,approaching_wall
2026-07-04 13:25:21.460,plain_wall_bad,pw_bad_01,negative,0.3025,0.0479,6.647,3.076,0.7951,0.967,2.562,0.5,0.0404,0.2576,0.7184,0.008,approaching_wall
2026-07-04 13:25:21.560,plain_wall_bad,pw_bad_01,negative,0.2205,-0.0671,65.533,3.235,0.0383,0.927,2.692,0.5,0.046,0.2531,0.7272,0.0091,approaching_wall
2026-07-04 13:25:21.660,plain_wall_bad,pw_bad_01,negative,0.196,-0.1533,65.533,3.132,0.3353,0.909,2.685,0.5,0.0608,0.2489,0.7368,0.012,approaching_wall
2026-07-04 13:25:21.760,plain_wall_bad,pw_bad_01,negative,0.278,0.0383,51.151,2.893,0.2203,0.891,2.686,0.4728,0.0643,0.2453,0.7461,0.0129,approaching_wall
2026-07-04 13:25:21.860,plain_wall_bad,pw_bad_01,negative,0.2333,0.0192,65.533,2.722,-0.3257,0.871,2.719,0.4632,0.0471,0.2426,0.7548,0.0097,approaching_wall
2026-07-04 13:25:21.960,plain_wall_bad,pw_bad_01,negative,0.1502,0.0671,8.544,2.586,0.7089,0.865,2.753,0.4344,0.0423,0.2401,0.7641,0.0088,approaching_wall
2026-07-04 13:25:22.060,plain_wall_bad,pw_bad_01,negative,0.13,-0.1533,5.486,2.465,0.2682,0.84,2.799,0.4176,0.0417,0.2379,0.7739,0.0092,approaching_wall
2026-07-04 13:25:22.160,plain_wall_bad,pw_bad_01,negative,0.1854,-0.0287,4.105,2.417,0.7568,0.838,2.831,0.4104,0.0381,0.2363,0.7833,0.0087,approaching_wall
2026-07-04 13:25:22.260,plain_wall_bad,pw_bad_01,negative,0.1619,0.0766,3.957,2.618,0.4215,0.817,2.81,0.3888,0.042,0.235,0.7929,0.0099,approaching_wall
2026-07-04 13:25:22.360,plain_wall_bad,pw_bad_01,negative,0.196,-0.0192,3.238,2.857,0.5077,0.808,2.776,0.3732,0.0316,0.2342,0.8025,0.0078,approaching_wall
2026-07-04 13:25:22.460,plain_wall_bad,pw_bad_01,negative,0.0405,-0.0958,2.765,3.101,-0.0192,0.801,2.824,0.36,0.0417,0.2338,0.812,0.0107,approaching_wall
2026-07-04 13:25:22.560,plain_wall_bad,pw_bad_01,negative,0.1182,-0.115,2.416,3.385,0.3736,0.792,2.879,0.3408,0.0408,0.2337,0.8211,0.0109,approaching_wall
2026-07-04 13:25:22.660,plain_wall_bad,pw_bad_01,negative,0.0788,0.0096,2.121,3.689,0.7281,0.786,2.949,0.3432,0.036,0.2339,0.8307,0.01,approaching_wall
2026-07-04 13:25:22.760,plain_wall_bad,pw_bad_01,negative,0.3334,-0.0479,1.903,4.062,0.3928,0.781,2.998,0.3324,0.0327,0.2346,0.8409,0.0093,approaching_wall
2026-07-04 13:25:22.860,plain_wall_bad,pw_bad_01,negative,0.2589,0.0479,1.731,4.385,0.958,0.77,3.07,0.336,0.0286,0.2355,0.8506,0.0084,approaching_wall
2026-07-04 13:25:22.960,plain_wall_bad,pw_bad_01,negative,0.0948,0.1054,1.554,5.06,0.8143,0.776,3.136,0.3264,0.0328,0.2368,0.8603,0.0097,approaching_wall
2026-07-04 13:25:23.060,plain_wall_bad,pw_bad_01,negative,0.1172,0.2778,1.43,5.697,0.4503,0.763,3.219,0.324,0.0368,0.2383,0.8695,0.011,approaching_wall
2026-07-04 13:25:23.160,plain_wall_bad,pw_bad_01,negative,0.1182,-0.2299,1.315,9.485,0.6035,0.765,3.299,0.318,0.0397,0.2404,0.8797,0.012,approaching_wall
2026-07-04 13:25:23.260,plain_wall_bad,pw_bad_01,negative,0.2429,0.0096,1.214,9.311,0.6419,0.754,3.394,0.3132,0.033,0.2425,0.8888,0.0103,approaching_wall
2026-07-04 13:25:23.360,plain_wall_bad,pw_bad_01,negative,0.179,-0.0479,1.134,9.174,0.5652,0.758,3.407,0.3084,0.0367,0.245,0.8983,0.0115,approaching_wall
2026-07-04 13:25:23.461,plain_wall_bad,pw_bad_01,negative,0.1193,0.0383,1.051,65.533,0.4598,0.754,3.238,0.306,0.0287,0.2479,0.908,0.0092,approaching_wall
2026-07-04 13:25:23.560,plain_wall_bad,pw_bad_01,negative,0.1076,0.1916,0.983,65.533,0.6514,0.747,3.081,0.3048,0.0385,0.2509,0.9169,0.0123,approaching_wall
2026-07-04 13:25:23.660,plain_wall_bad,pw_bad_01,negative,0.1268,0.0575,0.917,65.533,0.6227,0.747,2.973,0.3024,0.0244,0.2544,0.9267,0.0079,approaching_wall
2026-07-04 13:25:23.760,plain_wall_bad,pw_bad_01,negative,0.1768,0.0671,0.872,65.533,0.0096,0.767,2.866,0.3084,0.029,0.2579,0.9354,0.0094,approaching_wall
2026-07-04 13:25:23.860,plain_wall_bad,pw_bad_01,negative,0.1609,-0.0383,0.822,65.533,1.0442,0.75,2.76,0.306,0.0253,0.2621,0.945,0.0083,approaching_wall
2026-07-04 13:25:23.960,plain_wall_bad,pw_bad_01,negative,0.1545,-0.2395,0.771,65.533,0.0,0.752,2.673,0.3096,0.0324,0.2664,0.954,0.0105,approaching_wall
2026-07-04 13:25:24.060,plain_wall_bad,pw_bad_01,negative,0.2109,0.0862,0.734,65.533,0.776,0.761,2.594,0.2964,0.03,0.2709,0.9629,0.0097,approaching_wall
2026-07-04 13:25:24.160,plain_wall_bad,pw_bad_01,negative,0.131,0.0287,0.695,5.379,0.8526,0.769,2.623,0.3168,0.0301,0.2754,0.9712,0.0098,approaching_wall
2026-07-04 13:25:24.260,plain_wall_bad,pw_bad_01,negative,0.2578,-0.1533,0.665,4.017,0.7089,0.771,2.751,0.3192,0.0314,0.2807,0.9802,0.0101,approaching_wall
2026-07-04 13:25:24.361,plain_wall_bad,pw_bad_01,negative,0.2961,0.0862,0.622,3.682,0.2012,0.778,2.915,0.3312,0.0308,0.2861,0.9887,0.0097,approaching_wall
2026-07-04 13:25:24.460,plain_wall_bad,pw_bad_01,negative,0.1577,0.1341,0.583,2.811,0.4886,0.788,3.06,0.336,0.0282,0.2916,0.9967,0.0087,approaching_wall
2026-07-04 13:25:24.560,plain_wall_bad,pw_bad_01,negative,0.2365,0.0,0.553,2.279,-0.7856,0.799,3.286,0.3492,0.0314,0.298,1.0053,0.0095,approaching_wall
2026-07-04 13:25:24.660,plain_wall_bad,pw_bad_01,negative,0.1641,0.0096,0.519,1.872,0.2203,0.811,3.481,0.3624,0.0371,0.3045,1.0134,0.0109,approaching_wall
2026-07-04 13:25:24.760,plain_wall_bad,pw_bad_01,negative,0.2471,0.1054,0.49,1.564,-0.0862,0.831,3.736,0.384,0.0385,0.3113,1.0214,0.0112,approaching_wall
2026-07-04 13:25:24.860,plain_wall_bad,pw_bad_01,negative,0.1747,-0.0192,0.459,1.336,-0.0479,0.852,4.088,0.4056,0.0474,0.3185,1.0291,0.0132,approaching_wall
2026-07-04 13:25:24.960,plain_wall_bad,pw_bad_01,negative,0.1459,0.0958,0.44,1.135,1.0442,0.879,4.432,0.4524,0.0409,0.3263,1.0366,0.011,approaching_wall
2026-07-04 13:25:25.060,plain_wall_bad,pw_bad_01,negative,0.5039,0.1724,0.417,0.985,0.1533,0.935,4.942,0.4836,0.0397,0.3345,1.0439,0.0102,approaching_wall
2026-07-04 13:25:25.160,plain_wall_bad,pw_bad_01,negative,0.2812,0.0671,0.388,0.836,0.5748,1.014,5.843,0.5,0.0448,0.3434,1.0509,0.011,approaching_wall
2026-07-04 13:25:25.260,plain_wall_bad,pw_bad_01,negative,0.3718,0.0575,0.364,0.728,0.6802,1.125,9.724,0.5,0.0467,0.3528,1.0575,0.0111,approaching_wall
2026-07-04 13:25:25.360,plain_wall_bad,pw_bad_01,negative,0.2173,0.2108,0.354,0.636,0.6131,1.284,9.473,0.5,0.046,0.3621,1.0633,0.0107,approaching_wall
2026-07-04 13:25:25.461,plain_wall_bad,pw_bad_01,negative,0.3132,0.1341,0.321,0.557,0.4694,1.544,9.429,0.5,0.0502,0.3716,1.0688,0.0116,approaching_wall
2026-07-04 13:25:25.560,plain_wall_bad,pw_bad_01,negative,0.2471,0.0,0.309,0.495,1.0825,1.526,65.533,0.5,0.0443,0.3814,1.0737,0.0102,approaching_wall
2026-07-04 13:25:25.661,plain_wall_bad,pw_bad_01,negative,0.2546,0.2012,0.298,0.439,0.5844,1.5,65.533,0.5,0.0451,0.3914,1.0782,0.0104,approaching_wall
2026-07-04 13:25:25.760,plain_wall_bad,pw_bad_01,negative,0.229,-0.0287,0.287,0.417,-0.6227,1.575,65.533,0.5,0.0506,0.401,1.0821,0.0116,approaching_wall
2026-07-04 13:25:25.860,plain_wall_bad,pw_bad_01,negative,0.31,0.1916,0.273,0.381,0.3449,13.782,5.593,0.3,0.0411,0.4112,1.0856,0.0091,searching_wall
2026-07-04 13:25:25.960,plain_wall_bad,pw_bad_01,negative,0.6882,0.2395,0.265,0.338,1.3987,65.533,4.199,0.3,0.0333,0.4197,1.0881,0.0059,searching_wall
2026-07-04 13:25:26.060,plain_wall_bad,pw_bad_01,negative,1.0482,0.2108,0.263,0.328,0.6323,65.533,2.747,0.3,0.0297,0.4241,1.0891,0.003,searching_wall
2026-07-04 13:25:26.160,plain_wall_bad,pw_bad_01,negative,0.5475,-0.0575,0.265,0.33,-0.1245,65.533,2.17,0.3,0.0354,0.4261,1.0894,0.0022,searching_wall
2026-07-04 13:25:26.260,plain_wall_bad,pw_bad_01,negative,0.3984,-0.0383,0.261,0.315,0.1054,13.828,1.734,0.3,0.0388,0.4276,1.0897,0.0014,searching_wall
2026-07-04 13:25:26.360,plain_wall_bad,pw_bad_01,negative,0.3324,-0.1054,0.269,0.32,0.9963,13.584,1.44,0.3,0.0247,0.4285,1.0899,0.0006,searching_wall
2026-07-04 13:25:26.460,plain_wall_bad,pw_bad_01,negative,0.2567,-0.0671,0.273,0.303,-0.1054,13.803,1.261,0.3,0.0279,0.429,1.0899,0.0004,searching_wall
2026-07-04 13:25:26.560,plain_wall_bad,pw_bad_01,negative,0.2131,0.0,0.274,0.299,0.2108,13.863,1.111,0.3,0.0293,0.4292,1.0899,0.0003,searching_wall
2026-07-04 13:25:26.660,plain_wall_bad,pw_bad_01,negative,0.1182,-0.0766,0.269,0.303,0.4119,7.782,1.001,0.3,0.0236,0.4294,1.0898,0.0001,searching_wall
2026-07-04 13:25:26.760,plain_wall_bad,pw_bad_01,negative,0.1768,-0.0766,0.285,0.303,0.4598,7.669,0.903,0.3,0.0275,0.4295,1.0898,0.0001,searching_wall
2026-07-04 13:25:26.860,plain_wall_bad,pw_bad_01,negative,0.1438,0.0192,0.289,0.294,0.5748,10.995,0.838,0.3,0.029,0.4296,1.0898,-0.0,searching_wall
2026-07-04 13:25:26.960,plain_wall_bad,pw_bad_01,negative,0.1704,-0.0479,0.297,0.303,0.3832,9.623,0.783,0.3,0.0278,0.4297,1.0898,-0.0,searching_wall
2026-07-04 13:25:27.061,plain_wall_bad,pw_bad_01,negative,0.229,-0.0766,0.306,0.305,0.2108,8.875,0.73,0.3,0.0384,0.4297,1.0897,-0.0,searching_wall
2026-07-04 13:25:27.160,plain_wall_bad,pw_bad_01,negative,0.0597,-0.0287,0.318,0.316,0.364,8.218,0.688,0.3,0.029,0.4297,1.0898,-0.0001,searching_wall
2026-07-04 13:25:27.260,plain_wall_bad,pw_bad_01,negative,0.1268,-0.1054,0.317,0.305,0.8239,7.773,0.661,0.3,0.0296,0.4297,1.0897,0.0,searching_wall
2026-07-04 13:25:27.360,plain_wall_bad,pw_bad_01,negative,0.1459,-0.0287,0.334,0.311,0.9101,7.176,0.635,0.3,0.0282,0.4297,1.0897,-0.0,searching_wall
2026-07-04 13:25:27.460,plain_wall_bad,pw_bad_01,negative,0.1811,0.0192,0.351,0.317,0.3066,6.769,0.607,0.3,0.0292,0.4297,1.0898,-0.0,searching_wall
2026-07-04 13:25:27.560,plain_wall_bad,pw_bad_01,negative,0.1119,-0.1724,0.36,0.313,0.182,6.415,0.591,0.3,0.0271,0.4297,1.0898,-0.0003,searching_wall
2026-07-04 13:25:27.660,plain_wall_bad,pw_bad_01,negative,0.2429,0.1533,0.364,0.325,0.479,6.064,0.574,0.3,0.0325,0.4297,1.0898,-0.0,searching_wall
2026-07-04 13:25:27.760,plain_wall_bad,pw_bad_01,negative,0.1577,0.115,0.384,0.329,0.3066,5.79,0.554,0.3,0.0266,0.4297,1.0898,-0.0,searching_wall
2026-07-04 13:25:27.860,plain_wall_bad,pw_bad_01,negative,0.1385,-0.0287,0.398,0.338,0.5269,4.964,0.55,0.3,0.0288,0.4297,1.0898,0.0,searching_wall
2026-07-04 13:25:27.960,plain_wall_bad,pw_bad_01,negative,0.1087,0.0862,0.424,0.335,0.6323,4.745,0.535,0.3,0.0296,0.4297,1.0898,-0.0001,searching_wall
2026-07-04 13:25:28.060,plain_wall_bad,pw_bad_01,negative,0.1236,0.0671,0.434,0.348,0.9772,4.561,0.528,0.3,0.03,0.4297,1.0897,0.0,searching_wall
2026-07-04 13:25:28.160,plain_wall_bad,pw_bad_01,negative,0.1694,0.0383,0.459,0.347,0.3449,4.389,0.508,0.3,0.0315,0.4297,1.0897,-0.0001,searching_wall
2026-07-04 13:25:28.260,plain_wall_bad,pw_bad_01,negative,0.1257,-0.0192,0.473,0.356,0.3257,4.344,0.506,0.3,0.0301,0.4296,1.0897,-0.0,searching_wall
2026-07-04 13:25:28.360,plain_wall_bad,pw_bad_01,negative,0.1971,0.0,0.498,0.355,0.8622,4.477,0.496,0.3,0.0335,0.4296,1.0897,0.0,searching_wall
2026-07-04 13:25:28.460,plain_wall_bad,pw_bad_01,negative,0.1683,0.0575,0.508,0.36,0.2299,4.439,0.495,0.3,0.0362,0.4297,1.0897,0.0,searching_wall
2026-07-04 13:25:28.560,plain_wall_bad,pw_bad_01,negative,0.1481,-0.1916,0.548,0.376,0.2108,4.256,0.495,0.3,0.0384,0.4297,1.0897,0.0,searching_wall
2026-07-04 13:25:28.660,plain_wall_bad,pw_bad_01,negative,0.1672,-0.0192,0.571,0.381,0.5461,4.154,0.486,0.3,0.0361,0.4297,1.0896,0.0,searching_wall
2026-07-04 13:25:28.760,plain_wall_bad,pw_bad_01,negative,0.2056,0.0,0.615,0.398,0.0479,2.355,0.487,0.3,0.0339,0.4297,1.0897,-0.0,searching_wall
2026-07-04 13:25:28.860,plain_wall_bad,pw_bad_01,negative,0.2216,0.0862,0.645,0.404,0.5844,2.287,0.491,0.3,0.0327,0.4297,1.0897,0.0001,searching_wall
2026-07-04 13:25:28.960,plain_wall_bad,pw_bad_01,negative,0.2354,-0.1054,0.685,0.416,-0.0096,2.226,0.488,0.3,0.0291,0.4297,1.0897,0.0001,searching_wall
2026-07-04 13:25:29.060,plain_wall_bad,pw_bad_01,negative,0.0852,-0.0766,0.744,0.441,0.4311,2.158,0.484,0.3,0.028,0.4297,1.0897,-0.0,searching_wall
2026-07-04 13:25:29.160,plain_wall_bad,pw_bad_01,negative,0.2205,-0.1533,0.787,0.435,0.2491,2.114,0.494,0.3,0.0268,0.4297,1.0896,0.0006,searching_wall
2026-07-04 13:25:29.261,plain_wall_bad,pw_bad_01,negative,0.1193,0.0287,0.862,0.458,0.1054,2.232,0.495,0.3,0.0261,0.4297,1.0897,0.0,searching_wall
2026-07-04 13:25:29.360,plain_wall_bad,pw_bad_01,negative,0.1715,-0.0479,0.92,0.464,0.4119,2.35,0.492,0.3,0.0298,0.4297,1.0897,0.0,searching_wall
2026-07-04 13:25:29.460,plain_wall_bad,pw_bad_01,negative,0.2173,0.115,1.026,0.484,0.3832,3.409,0.506,0.3,0.0296,0.4296,1.0896,0.0,searching_wall
2026-07-04 13:25:29.560,plain_wall_bad,pw_bad_01,negative,0.13,-0.0671,1.09,0.491,-0.0192,3.371,0.502,0.3,0.0268,0.4296,1.0896,-0.0,searching_wall
2026-07-04 13:25:29.660,plain_wall_bad,pw_bad_01,negative,0.2077,0.115,1.227,0.51,0.364,3.295,0.511,0.3,0.0273,0.4296,1.0896,0.0001,searching_wall
2026-07-04 13:25:29.760,plain_wall_bad,pw_bad_01,negative,0.1896,0.1054,1.209,0.532,0.297,3.235,0.513,0.3,0.0373,0.4296,1.0896,0.0001,searching_wall
2026-07-04 13:25:29.860,plain_wall_bad,pw_bad_01,negative,0.2056,-0.2874,1.193,0.548,0.0862,3.189,0.517,0.3,0.0301,0.4296,1.0896,0.0001,searching_wall
2026-07-04 13:25:29.961,plain_wall_bad,pw_bad_01,negative,0.1161,0.0958,1.173,0.577,0.1054,3.148,0.53,0.3,0.0333,0.4297,1.0896,0.0001,searching_wall
2026-07-04 13:25:30.060,plain_wall_bad,pw_bad_01,negative,0.0767,-0.0575,1.258,0.591,0.115,3.112,0.539,0.3,0.0203,0.4296,1.0895,0.0001,searching_wall
2026-07-04 13:25:30.160,plain_wall_bad,pw_bad_01,negative,0.065,-0.2874,1.401,0.607,0.3736,3.082,0.548,0.3,0.0323,0.4296,1.0895,0.0001,searching_wall
2026-07-04 13:25:30.260,plain_wall_bad,pw_bad_01,negative,0.098,-0.1054,2.4,0.636,0.297,3.04,0.547,0.3,0.0368,0.4296,1.0895,0.0001,searching_wall
2026-07-04 13:25:30.360,plain_wall_bad,pw_bad_01,negative,0.1609,0.2587,2.816,0.655,0.2203,2.394,0.554,0.3,0.0285,0.4297,1.0895,-0.0,searching_wall
2026-07-04 13:25:30.460,plain_wall_bad,pw_bad_01,negative,0.2567,0.0958,3.363,0.688,0.0862,2.265,0.568,0.3,0.027,0.4297,1.0895,0.0,searching_wall
2026-07-04 13:25:30.560,plain_wall_bad,pw_bad_01,negative,0.1449,0.0192,4.857,0.732,0.3161,2.307,0.58,0.3,0.0277,0.4297,1.0895,-0.0,searching_wall
2026-07-04 13:25:30.660,plain_wall_bad,pw_bad_01,negative,0.1289,0.0671,5.71,0.749,-0.1437,2.406,0.584,0.3,0.0277,0.4297,1.0895,-0.0,searching_wall
2026-07-04 13:25:30.760,plain_wall_bad,pw_bad_01,negative,0.1609,0.0479,7.091,0.792,0.2874,2.261,0.588,0.3,0.0361,0.4297,1.0895,0.0,searching_wall
2026-07-04 13:25:30.860,plain_wall_bad,pw_bad_01,negative,0.1694,-0.1437,13.117,0.825,0.0958,2.189,0.599,0.3,0.035,0.4296,1.0894,0.0001,searching_wall
2026-07-04 13:25:30.960,plain_wall_bad,pw_bad_01,negative,0.1257,-0.2587,65.533,0.857,0.2491,2.257,0.61,0.3,0.0325,0.4297,1.0895,0.0001,searching_wall
2026-07-04 13:25:31.060,plain_wall_bad,pw_bad_01,negative,0.1417,0.1245,65.533,0.919,0.4119,2.809,0.632,0.3,0.0337,0.4297,1.0894,0.0001,searching_wall
2026-07-04 13:25:31.160,plain_wall_bad,pw_bad_01,negative,0.1619,0.0383,65.533,0.961,0.5556,2.89,0.634,0.3,0.0289,0.4297,1.0894,0.0,searching_wall
2026-07-04 13:25:31.260,plain_wall_bad,pw_bad_01,negative,0.0607,-0.2203,65.533,1.012,0.3736,2.977,0.651,0.3,0.0282,0.4297,1.0894,0.0,searching_wall
2026-07-04 13:25:31.361,plain_wall_bad,pw_bad_01,negative,0.1225,-0.1245,65.533,1.067,0.6706,2.974,0.662,0.3,0.0282,0.4297,1.0894,-0.0,searching_wall
2026-07-04 13:25:31.460,plain_wall_bad,pw_bad_01,negative,0.2599,0.0383,13.351,1.156,0.2682,2.968,0.675,0.3,0.0291,0.4297,1.0894,0.0001,searching_wall
2026-07-04 13:25:31.560,plain_wall_bad,pw_bad_01,negative,0.0937,-0.2012,5.79,1.208,0.6227,2.976,0.696,0.3,0.0293,0.4297,1.0894,0.0,searching_wall
2026-07-04 13:25:31.660,plain_wall_bad,pw_bad_01,negative,0.1566,-0.1533,65.533,1.289,0.0096,2.984,0.705,0.3,0.0262,0.4297,1.0894,-0.0001,searching_wall
2026-07-04 13:25:31.760,plain_wall_bad,pw_bad_01,negative,0.0511,-0.2108,7.281,1.291,0.1533,2.982,0.715,0.3,0.0331,0.4297,1.0894,0.0001,searching_wall
2026-07-04 13:25:31.860,plain_wall_bad,pw_bad_01,negative,0.1033,-0.2299,5.845,1.266,0.594,2.999,0.749,0.3,0.0271,0.4297,1.0894,0.0,searching_wall
2026-07-04 13:25:31.960,plain_wall_bad,pw_bad_01,negative,0.1129,-0.0958,5.808,1.254,0.4886,3.006,0.758,0.3,0.029,0.4297,1.0893,-0.0,searching_wall
2026-07-04 13:25:32.060,plain_wall_bad,pw_bad_01,negative,0.115,-0.0096,5.877,1.338,0.4024,3.031,0.783,0.3,0.0288,0.4297,1.0893,0.0001,searching_wall
2026-07-04 13:25:32.160,plain_wall_bad,pw_bad_01,negative,0.2184,0.182,5.88,1.41,0.2395,3.05,0.787,0.3,0.0265,0.4297,1.0893,-0.0002,searching_wall
2026-07-04 13:25:32.260,plain_wall_bad,pw_bad_01,negative,0.1992,-0.0287,7.392,1.533,0.1245,3.075,0.819,0.3,0.035,0.4298,1.0893,0.0,searching_wall
2026-07-04 13:25:32.360,plain_wall_bad,pw_bad_01,negative,0.098,-0.0383,6.221,2.163,0.297,2.978,0.84,0.3,0.0276,0.4298,1.0893,0.0003,searching_wall
2026-07-04 13:25:32.460,plain_wall_bad,pw_bad_01,negative,0.1268,0.2203,6.056,2.382,0.4407,2.978,0.864,0.3,0.0325,0.4298,1.0893,-0.0001,searching_wall
2026-07-04 13:25:32.560,plain_wall_bad,pw_bad_01,negative,0.1321,0.0192,5.93,2.639,0.4503,3.01,0.892,0.3,0.0302,0.4297,1.0893,0.0,searching_wall
2026-07-04 13:25:32.660,plain_wall_bad,pw_bad_01,negative,0.1715,0.0287,5.608,2.952,0.2108,3.045,0.914,0.3,0.029,0.4298,1.0893,-0.0001,searching_wall
2026-07-04 13:25:32.760,plain_wall_bad,pw_bad_01,negative,0.1214,-0.0096,4.686,3.368,0.8814,3.081,0.947,0.3,0.0295,0.4298,1.0893,-0.0,searching_wall
2026-07-04 13:25:32.860,plain_wall_bad,pw_bad_01,negative,0.1332,0.1724,4.434,4.027,0.6514,3.119,0.982,0.3,0.0287,0.4298,1.0893,0.0,searching_wall
2026-07-04 13:25:32.960,plain_wall_bad,pw_bad_01,negative,0.1225,-0.115,4.215,4.876,0.4407,3.185,1.009,0.3,0.0287,0.4298,1.0893,-0.0001,searching_wall
2026-07-04 13:25:33.060,plain_wall_bad,pw_bad_01,negative,0.0788,-0.0096,4.033,5.136,0.6898,3.236,1.04,0.3,0.0305,0.4298,1.0893,-0.0001,searching_wall
2026-07-04 13:25:33.160,plain_wall_bad,pw_bad_01,negative,0.1555,-0.0479,3.993,7.246,0.182,3.297,1.082,0.3,0.0312,0.4297,1.0893,-0.0,searching_wall
2026-07-04 13:25:33.261,plain_wall_bad,pw_bad_01,negative,0.1108,0.0766,4.13,65.533,0.0192,3.383,1.13,0.3,0.0301,0.4298,1.0893,-0.0,searching_wall
2026-07-04 13:25:33.360,plain_wall_bad,pw_bad_01,negative,0.1566,0.1054,4.03,65.533,0.2299,3.444,1.17,0.3,0.0357,0.4298,1.0893,-0.0,searching_wall
2026-07-04 13:25:33.460,plain_wall_bad,pw_bad_01,negative,0.1672,0.2012,1.943,65.533,0.4982,3.517,1.221,0.3,0.0276,0.4297,1.0893,-0.0,searching_wall
2026-07-04 13:25:33.560,plain_wall_bad,pw_bad_01,negative,0.1822,-0.0575,1.864,65.533,0.8047,3.498,1.264,0.3,0.034,0.4297,1.0893,-0.0,searching_wall
2026-07-04 13:25:33.661,plain_wall_bad,pw_bad_01,negative,0.1172,0.1724,1.801,65.533,0.1916,7.153,1.314,0.3,0.0381,0.4296,1.0894,-0.0001,searching_wall
2026-07-04 13:25:33.760,plain_wall_bad,pw_bad_01,negative,0.1374,-0.0671,1.785,65.533,0.4024,5.337,1.365,0.3,0.026,0.4296,1.0894,0.0,searching_wall
2026-07-04 13:25:33.860,plain_wall_bad,pw_bad_01,negative,0.1332,0.0192,1.859,65.533,0.661,7.662,1.432,0.3,0.0281,0.4296,1.0894,-0.0,searching_wall
2026-07-04 13:25:33.960,plain_wall_bad,pw_bad_01,negative,0.1875,0.0287,1.938,13.403,0.4982,7.752,1.498,0.3,0.0262,0.4296,1.0894,0.0,searching_wall
2026-07-04 13:25:34.060,plain_wall_bad,pw_bad_01,negative,0.2024,0.0862,2.171,65.533,0.364,7.678,1.537,0.3,0.0301,0.4296,1.0894,-0.0001,searching_wall
2026-07-04 13:25:34.160,plain_wall_bad,pw_bad_01,negative,0.1523,-0.0096,3.131,7.405,0.2299,8.543,1.523,0.3,0.0301,0.4296,1.0894,-0.0001,searching_wall
2026-07-04 13:25:34.261,plain_wall_bad,pw_bad_01,negative,0.2301,0.0671,3.052,7.42,0.182,65.533,1.497,0.3,0.0213,0.4295,1.0894,0.0,searching_wall
2026-07-04 13:25:34.360,plain_wall_bad,pw_bad_01,negative,0.1087,-0.115,2.99,65.533,-0.3928,8.468,1.499,0.3,0.03,0.4296,1.0894,0.0,searching_wall
2026-07-04 13:25:34.460,plain_wall_bad,pw_bad_01,negative,0.2354,0.0479,2.928,65.533,-0.0383,2.654,1.596,0.3,0.0288,0.4296,1.0894,-0.0001,searching_wall
2026-07-04 13:25:34.560,plain_wall_bad,pw_bad_01,negative,0.2376,0.1341,2.866,65.533,0.2012,2.615,1.72,0.3,0.0281,0.4295,1.0894,-0.0,searching_wall
2026-07-04 13:25:34.660,plain_wall_bad,pw_bad_01,negative,0.196,0.1054,2.817,65.533,0.1437,11.561,1.857,0.3,0.031,0.4295,1.0894,-0.0,searching_wall
2026-07-04 13:25:34.760,plain_wall_bad,pw_bad_01,negative,0.228,-0.1054,2.757,7.112,0.3928,11.275,2.388,0.3,0.0267,0.4296,1.0894,-0.0,searching_wall
2026-07-04 13:25:34.860,plain_wall_bad,pw_bad_01,negative,0.2333,-0.0766,1.848,6.635,0.5269,7.314,2.583,0.3,0.0353,0.4295,1.0894,0.0,searching_wall
2026-07-04 13:25:34.960,plain_wall_bad,pw_bad_01,negative,0.2386,-0.115,1.87,6.192,-0.115,3.497,2.796,0.3,0.0304,0.4295,1.0894,0.0,searching_wall
2026-07-04 13:25:35.060,plain_wall_bad,pw_bad_01,negative,0.1939,-0.0287,1.894,5.681,0.4215,4.641,3.061,0.3,0.0316,0.4295,1.0894,0.0,searching_wall
2026-07-04 13:25:35.160,plain_wall_bad,pw_bad_01,negative,0.1609,-0.1054,1.908,4.711,0.0766,4.55,3.384,0.3,0.0318,0.4295,1.0895,-0.0001,searching_wall
2026-07-04 13:25:35.260,plain_wall_bad,pw_bad_01,negative,0.2237,0.0383,1.943,4.571,0.1916,4.442,3.756,0.3,0.0295,0.4295,1.0894,0.0001,searching_wall
2026-07-04 13:25:35.360,plain_wall_bad,pw_bad_01,negative,0.2376,-0.0192,1.888,4.267,-0.3257,4.721,4.787,0.3,0.0285,0.4295,1.0894,0.0001,searching_wall
2026-07-04 13:25:35.460,plain_wall_bad,pw_bad_01,negative,0.0991,-0.2778,1.765,4.06,0.5173,5.783,5.212,0.3,0.0303,0.4295,1.0894,0.0001,searching_wall
2026-07-04 13:25:35.560,plain_wall_bad,pw_bad_01,negative,0.212,-0.0766,1.702,2.135,0.0671,6.39,5.594,0.3,0.0299,0.4295,1.0894,-0.0,searching_wall
2026-07-04 13:25:35.660,plain_wall_bad,pw_bad_01,negative,0.1928,0.0,2.401,2.03,-0.297,9.436,6.603,0.3,0.0294,0.4295,1.0895,0.0001,searching_wall
2026-07-04 13:25:35.760,plain_wall_bad,pw_bad_01,negative,0.1971,0.0479,2.494,1.946,0.364,9.31,7.467,0.3,0.0295,0.4295,1.0894,0.0001,searching_wall
2026-07-04 13:25:35.860,plain_wall_bad,pw_bad_01,negative,0.1715,0.0192,2.545,1.862,0.6227,10.321,65.533,0.3,0.0386,0.4295,1.0894,-0.0001,searching_wall
2026-07-04 13:25:35.960,plain_wall_bad,pw_bad_01,negative,0.2546,0.1629,2.606,1.924,0.0,15.082,13.707,0.3,0.0298,0.4295,1.0894,0.0,searching_wall
2026-07-04 13:25:36.060,plain_wall_bad,pw_bad_01,negative,0.1097,-0.1245,2.597,1.994,-0.0766,65.533,65.533,0.3,0.0279,0.4295,1.0894,0.0001,searching_wall
2026-07-04 13:25:36.160,plain_wall_bad,pw_bad_01,negative,0.1513,-0.0766,2.599,2.076,-0.182,65.533,13.786,0.3,0.0254,0.4295,1.0894,0.0,searching_wall
2026-07-04 13:25:36.260,plain_wall_bad,pw_bad_01,negative,0.1012,-0.0096,2.601,3.413,0.5077,65.533,65.533,0.3,0.0286,0.4296,1.0894,-0.0,searching_wall
2026-07-04 13:25:36.360,plain_wall_bad,pw_bad_01,negative,0.1609,-0.0383,2.609,3.332,0.364,16.186,65.533,0.3,0.0279,0.4296,1.0894,0.0001,searching_wall
2026-07-04 13:25:36.460,plain_wall_bad,pw_bad_01,negative,0.1374,-0.1054,2.612,3.233,-0.7185,10.175,13.569,0.3,0.0283,0.4296,1.0893,0.0001,searching_wall
2026-07-04 13:25:36.560,plain_wall_bad,pw_bad_01,negative,0.1726,-0.0862,2.62,3.171,0.2682,8.585,13.819,0.3,0.028,0.4295,1.0893,0.0001,searching_wall
2026-07-04 13:25:36.660,plain_wall_bad,pw_bad_01,negative,0.1065,-0.0862,2.64,3.101,0.2012,8.549,65.533,0.3,0.0298,0.4295,1.0893,0.0001,searching_wall
2026-07-04 13:25:36.760,plain_wall_bad,pw_bad_01,negative,0.0756,-0.0671,2.658,3.034,-0.0287,5.574,7.651,0.3,0.0285,0.4296,1.0893,0.0001,searching_wall
2026-07-04 13:25:36.860,plain_wall_bad,pw_bad_01,negative,0.1481,-0.1341,2.677,2.964,0.1245,4.199,65.533,0.3,0.0279,0.4296,1.0892,-0.0001,searching_wall
2026-07-04 13:25:36.960,plain_wall_bad,pw_bad_01,negative,0.1225,-0.182,2.7,2.047,0.0096,4.195,65.533,0.3,0.0285,0.4295,1.0892,-0.0,searching_wall
2026-07-04 13:25:37.060,plain_wall_bad,pw_bad_01,negative,0.1598,-0.0479,2.626,1.942,-0.1533,3.856,65.533,0.3,0.0344,0.4295,1.0892,0.0001,searching_wall
2026-07-04 13:25:37.160,plain_wall_bad,pw_bad_01,negative,0.0788,-0.1054,2.606,1.975,0.0383,3.479,8.265,0.3,0.0287,0.4296,1.0892,-0.0,searching_wall
2026-07-04 13:25:37.260,plain_wall_bad,pw_bad_01,negative,0.1822,-0.1245,2.636,1.999,0.4311,3.142,7.546,0.3,0.0348,0.4295,1.0891,-0.0,searching_wall
2026-07-04 13:25:37.360,plain_wall_bad,pw_bad_01,negative,0.1129,-0.182,2.672,2.026,0.2778,2.864,6.962,0.3,0.0299,0.4295,1.0891,0.0,searching_wall
2026-07-04 13:25:37.460,plain_wall_bad,pw_bad_01,negative,0.1353,-0.0287,2.704,2.038,0.1437,2.64,6.512,0.3,0.0341,0.4295,1.0891,0.0001,searching_wall
2026-07-04 13:25:37.560,plain_wall_bad,pw_bad_01,negative,0.1097,-0.1341,2.739,1.886,0.3832,2.454,6.058,0.3,0.0246,0.4295,1.0892,0.0001,searching_wall
2026-07-04 13:25:37.660,plain_wall_bad,pw_bad_01,negative,0.228,-0.0383,2.801,1.808,0.5365,2.28,4.991,0.3,0.0293,0.4295,1.0892,-0.0,searching_wall
2026-07-04 13:25:37.760,plain_wall_bad,pw_bad_01,negative,0.1992,-0.2299,2.845,1.998,0.3066,2.128,4.695,0.3,0.0289,0.4295,1.0892,0.0,searching_wall
2026-07-04 13:25:37.860,plain_wall_bad,pw_bad_01,negative,0.0511,0.0192,2.899,2.33,0.3736,1.996,4.484,0.3,0.03,0.4295,1.0892,0.0,searching_wall
2026-07-04 13:25:37.960,plain_wall_bad,pw_bad_01,negative,0.1055,-0.1054,2.97,2.601,0.1916,1.882,4.314,0.5,0.0255,0.4295,1.0892,-0.0,approaching_wall
2026-07-04 13:25:38.060,plain_wall_bad,pw_bad_01,negative,-0.6679,-0.297,3.039,2.618,0.1437,1.773,2.278,0.5,0.0394,0.4285,1.0895,0.0021,approaching_wall
2026-07-04 13:25:38.160,plain_wall_bad,pw_bad_01,negative,-0.49,-0.2395,3.133,2.713,-0.4311,1.651,2.153,0.5,0.049,0.4248,1.0903,0.0055,approaching_wall
2026-07-04 13:25:38.260,plain_wall_bad,pw_bad_01,negative,-0.2418,0.1341,2.963,2.698,0.7185,1.505,2.208,0.5,0.0514,0.4173,1.0921,0.0075,approaching_wall
2026-07-04 13:25:38.360,plain_wall_bad,pw_bad_01,negative,0.4762,0.0958,2.722,2.684,1.5424,1.403,2.35,0.5,0.0496,0.4093,1.0944,0.0083,approaching_wall
2026-07-04 13:25:38.460,plain_wall_bad,pw_bad_01,negative,0.1832,-0.0862,2.558,2.689,0.6131,1.329,3.623,0.5,0.0491,0.401,1.0973,0.0088,approaching_wall
2026-07-04 13:25:38.560,plain_wall_bad,pw_bad_01,negative,0.1257,-0.2299,2.413,2.709,0.2012,1.242,3.46,0.5,0.0478,0.3921,1.1009,0.009,approaching_wall
2026-07-04 13:25:38.661,plain_wall_bad,pw_bad_01,negative,0.1598,-0.0096,2.281,2.721,0.4598,1.181,3.327,0.5,0.0483,0.3835,1.1049,0.0093,approaching_wall
2026-07-04 13:25:38.760,plain_wall_bad,pw_bad_01,negative,0.2173,-0.0192,2.237,2.674,-0.0287,1.118,3.201,0.5,0.0627,0.3752,1.1092,0.0123,approaching_wall
2026-07-04 13:25:38.860,plain_wall_bad,pw_bad_01,negative,0.1843,0.0,2.445,2.652,0.297,1.064,2.198,0.5,0.0412,0.3664,1.1145,0.0081,approaching_wall
2026-07-04 13:25:38.960,plain_wall_bad,pw_bad_01,negative,0.2109,0.1341,2.666,2.693,-0.297,1.019,2.225,0.5,0.0495,0.3582,1.12,0.0098,approaching_wall
2026-07-04 13:25:39.060,plain_wall_bad,pw_bad_01,negative,0.18,0.1054,2.983,2.75,0.5556,0.97,2.234,0.5,0.0509,0.3501,1.126,0.0102,approaching_wall
2026-07-04 13:25:39.160,plain_wall_bad,pw_bad_01,negative,0.2674,-0.1054,65.533,2.817,-0.3736,0.929,2.017,0.5,0.0449,0.3425,1.1323,0.009,approaching_wall
2026-07-04 13:25:39.260,plain_wall_bad,pw_bad_01,negative,0.2194,-0.2203,3.805,2.884,-0.1916,0.894,2.449,0.4728,0.044,0.3352,1.1391,0.0088,approaching_wall
2026-07-04 13:25:39.360,plain_wall_bad,pw_bad_01,negative,0.3068,0.0479,4.32,2.983,-0.2299,0.862,2.817,0.4332,0.0429,0.3284,1.1461,0.0088,approaching_wall
2026-07-04 13:25:39.460,plain_wall_bad,pw_bad_01,negative,0.1683,-0.0287,5.368,3.08,0.364,0.832,2.819,0.4032,0.0516,0.3222,1.1531,0.0112,approaching_wall
2026-07-04 13:25:39.560,plain_wall_bad,pw_bad_01,negative,0.1087,-0.0671,9.138,3.122,0.5652,0.804,2.909,0.384,0.036,0.3167,1.1599,0.0083,approaching_wall
2026-07-04 13:25:39.660,plain_wall_bad,pw_bad_01,negative,0.1257,-0.2203,8.94,2.912,0.661,0.79,2.897,0.3492,0.0354,0.3111,1.1673,0.0086,approaching_wall
2026-07-04 13:25:39.760,plain_wall_bad,pw_bad_01,negative,0.0533,-0.2012,9.795,2.72,-0.2682,0.782,2.888,0.3204,0.0348,0.3056,1.1754,0.0092,approaching_wall
2026-07-04 13:25:39.860,plain_wall_bad,pw_bad_01,negative,0.0565,-0.0479,65.533,2.559,0.5652,0.756,2.889,0.3072,0.0321,0.3007,1.1832,0.0092,approaching_wall
2026-07-04 13:25:39.960,plain_wall_bad,pw_bad_01,negative,0.1662,-0.1533,65.533,2.409,0.3449,0.743,2.886,0.288,0.0292,0.2959,1.1912,0.0089,approaching_wall
2026-07-04 13:25:40.060,plain_wall_bad,pw_bad_01,negative,0.065,-0.0192,65.533,2.311,0.3353,0.73,2.885,0.2808,0.0269,0.2913,1.1995,0.0088,approaching_wall
2026-07-04 13:25:40.160,plain_wall_bad,pw_bad_01,negative,0.0937,-0.1437,65.533,2.22,0.4982,0.716,2.889,0.2592,0.0254,0.287,1.2079,0.0086,approaching_wall
2026-07-04 13:25:40.260,plain_wall_bad,pw_bad_01,negative,0.0298,-0.2587,65.533,2.126,0.5077,0.705,2.895,0.2484,0.0292,0.283,1.2162,0.0106,approaching_wall
2026-07-04 13:25:40.360,plain_wall_bad,pw_bad_01,negative,-0.0405,0.115,65.533,2.21,0.0862,0.695,2.913,0.2304,0.0235,0.2791,1.225,0.009,approaching_wall
2026-07-04 13:25:40.460,plain_wall_bad,pw_bad_01,negative,0.0415,-0.0383,6.677,2.29,0.8814,0.69,2.87,0.2088,0.0219,0.2753,1.2344,0.009,approaching_wall
2026-07-04 13:25:40.560,plain_wall_bad,pw_bad_01,negative,-0.0362,0.0671,8.018,2.36,0.4215,0.674,2.822,0.21,0.0202,0.2719,1.2432,0.0092,approaching_wall
2026-07-04 13:25:40.660,plain_wall_bad,pw_bad_01,negative,0.1023,0.1533,5.023,2.442,0.7568,0.665,2.817,0.1992,0.0205,0.2686,1.2524,0.0095,approaching_wall
2026-07-04 13:25:40.760,plain_wall_bad,pw_bad_01,negative,-0.1044,0.0096,4.977,2.553,0.4119,0.66,2.842,0.1872,0.0198,0.2655,1.2618,0.0097,approaching_wall
2026-07-04 13:25:40.860,plain_wall_bad,pw_bad_01,negative,0.0692,0.0862,3.602,2.64,-0.1916,0.65,2.86,0.1812,0.0185,0.2627,1.2705,0.0096,approaching_wall
2026-07-04 13:25:40.960,plain_wall_bad,pw_bad_01,negative,-0.0298,-0.0383,3.581,2.764,0.3545,0.64,2.889,0.1704,0.0191,0.2598,1.2804,0.0102,wall_following
2026-07-04 13:25:41.060,plain_wall_bad,pw_bad_01,negative,0.0245,-0.0287,3.579,2.832,0.2395,0.639,2.898,0.1668,0.0167,0.2573,1.2898,0.0095,wall_following
2026-07-04 13:25:41.160,plain_wall_bad,pw_bad_01,negative,-0.2173,0.364,3.279,2.929,0.297,0.63,2.917,0.1728,0.0158,0.2549,1.2994,0.0097,wall_following
2026-07-04 13:25:41.260,plain_wall_bad,pw_bad_01,negative,0.0852,0.115,3.0,3.002,-0.0862,0.633,2.938,0.15,0.021,0.2525,1.3094,0.0126,wall_following
2026-07-04 13:25:41.360,plain_wall_bad,pw_bad_01,negative,0.0479,0.0671,2.742,3.119,0.4694,0.624,2.968,0.1476,0.0131,0.2505,1.3188,0.0084,wall_following
2026-07-04 13:25:41.460,plain_wall_bad,pw_bad_01,negative,-0.0426,-0.115,2.532,3.208,0.0671,0.619,2.983,0.1416,0.018,0.2486,1.328,0.0119,wall_following
2026-07-04 13:25:41.561,plain_wall_bad,pw_bad_01,negative,-0.0405,-0.0383,2.35,3.317,0.3257,0.611,2.994,0.1368,0.0128,0.2467,1.3383,0.0089,wall_following
2026-07-04 13:25:41.660,plain_wall_bad,pw_bad_01,negative,0.049,-0.0862,2.196,3.43,0.3449,0.608,3.021,0.1344,0.0126,0.245,1.348,0.0093,wall_following
2026-07-04 13:25:41.760,plain_wall_bad,pw_bad_01,negative,0.0405,-0.0862,2.074,3.528,0.3353,0.597,3.044,0.1212,0.0128,0.2435,1.3578,0.0096,wall_following
2026-07-04 13:25:41.860,plain_wall_bad,pw_bad_01,negative,0.0298,-0.1724,1.959,3.639,0.6514,0.591,3.06,0.1164,0.0153,0.2422,1.3672,0.0121,wall_following
2026-07-04 13:25:41.960,plain_wall_bad,pw_bad_01,negative,-0.0075,-0.0287,1.854,3.758,0.0287,0.589,3.086,0.1128,0.0114,0.2409,1.3774,0.0093,wall_following
2026-07-04 13:25:42.060,plain_wall_bad,pw_bad_01,negative,-0.0692,0.0096,1.771,3.837,0.594,0.585,3.104,0.096,0.0106,0.2397,1.3872,0.0094,wall_following
2026-07-04 13:25:42.160,plain_wall_bad,pw_bad_01,negative,0.0373,-0.0287,1.687,3.87,0.115,0.582,3.128,0.1032,0.0102,0.2387,1.3965,0.0097,wall_following
2026-07-04 13:25:42.260,plain_wall_bad,pw_bad_01,negative,0.066,-0.0479,1.614,3.984,0.4119,0.578,3.143,0.0924,0.0101,0.2378,1.4065,0.0094,wall_following
2026-07-04 13:25:42.360,plain_wall_bad,pw_bad_01,negative,-0.0075,-0.2012,1.537,4.078,0.5652,0.568,3.167,0.0984,0.0093,0.237,1.4163,0.0095,wall_following
2026-07-04 13:25:42.460,plain_wall_bad,pw_bad_01,negative,0.0373,-0.0383,1.487,4.296,0.4407,0.563,3.193,0.0828,0.0103,0.2363,1.4263,0.0108,wall_following
2026-07-04 13:25:42.560,plain_wall_bad,pw_bad_01,negative,0.0128,-0.0766,1.441,4.425,0.3449,0.558,3.207,0.0624,0.0076,0.2356,1.4366,0.0094,wall_following
2026-07-04 13:25:42.660,plain_wall_bad,pw_bad_01,negative,-0.0256,-0.0383,1.392,4.549,0.1341,0.55,3.227,0.06,0.0067,0.2351,1.4465,0.0094,wall_following
2026-07-04 13:25:42.760,plain_wall_bad,pw_bad_01,negative,-0.1033,-0.1629,1.353,4.652,-0.1341,0.548,3.248,0.0684,0.0069,0.2346,1.4559,0.0095,wall_following
2026-07-04 13:25:42.860,plain_wall_bad,pw_bad_01,negative,0.0692,0.0192,1.309,4.731,1.0825,0.545,3.262,0.0528,0.0071,0.2342,1.466,0.0103,wall_following
2026-07-04 13:25:42.960,plain_wall_bad,pw_bad_01,negative,0.0277,-0.1724,1.277,4.852,0.7568,0.548,3.258,0.048,0.0053,0.2339,1.4759,0.0091,wall_following
2026-07-04 13:25:43.060,plain_wall_bad,pw_bad_01,negative,-0.0426,0.0671,1.251,4.945,0.5173,0.53,3.24,0.0384,0.0046,0.2336,1.4862,0.0097,wall_following
2026-07-04 13:25:43.160,plain_wall_bad,pw_bad_01,negative,0.0107,-0.0383,1.219,5.035,0.6227,0.53,3.192,0.036,0.0036,0.2334,1.4957,0.0083,wall_following
2026-07-04 13:25:43.261,plain_wall_bad,pw_bad_01,negative,-0.0735,-0.0383,1.193,5.106,0.479,0.52,3.1,0.0324,0.0035,0.2333,1.5056,0.0094,wall_following
2026-07-04 13:25:43.361,plain_wall_bad,pw_bad_01,negative,-0.0426,0.0575,1.17,5.176,0.6131,0.517,3.096,0.0252,0.0027,0.2331,1.516,0.0084,wall_following
2026-07-04 13:25:43.460,plain_wall_bad,pw_bad_01,negative,-0.1385,0.0192,1.142,5.234,-0.2587,0.515,3.04,0.0192,0.0023,0.2331,1.5255,0.0096,wall_following
2026-07-04 13:25:43.560,plain_wall_bad,pw_bad_01,negative,-0.0096,0.0479,1.121,5.301,-0.0862,0.51,2.978,0.006,0.0017,0.233,1.5359,0.0085,wall_following
2026-07-04 13:25:43.660,plain_wall_bad,pw_bad_01,negative,-0.0554,-0.1629,1.107,5.303,-0.297,0.493,2.966,0.0252,0.0015,0.2329,1.5454,0.0096,wall_following
2026-07-04 13:25:43.760,plain_wall_bad,pw_bad_01,negative,0.0075,-0.0671,1.091,5.346,-0.0479,0.496,2.968,-0.0048,0.0018,0.2329,1.556,0.0092,wall_following
2026-07-04 13:25:43.860,plain_wall_bad,pw_bad_01,negative,0.1012,-0.2203,1.075,5.4,0.5748,0.491,2.947,-0.0168,0.0005,0.2329,1.5659,0.0125,wall_following
2026-07-04 13:25:43.960,plain_wall_bad,pw_bad_01,negative,0.1694,0.0,1.059,5.402,0.9197,0.484,2.932,-0.012,-0.0009,0.2329,1.576,0.0124,wall_following
2026-07-04 13:25:44.060,plain_wall_bad,pw_bad_01,negative,0.0874,-0.0671,1.056,5.436,0.1724,0.489,2.94,-0.0156,-0.001,0.2329,1.5858,0.0095,wall_following
2026-07-04 13:25:44.160,plain_wall_bad,pw_bad_01,negative,0.0107,-0.0192,1.049,5.427,0.7951,0.481,2.916,-0.0252,-0.0012,0.2329,1.5954,0.0088,wall_following
2026-07-04 13:25:44.260,plain_wall_bad,pw_bad_01,negative,-0.0511,-0.1054,1.05,5.417,0.3928,0.472,2.895,-0.0228,-0.0016,0.2328,1.6054,0.009,wall_following
2026-07-04 13:25:44.360,plain_wall_bad,pw_bad_01,negative,-0.0192,-0.0287,1.045,5.382,0.4886,0.465,2.907,-0.0336,-0.0023,0.2328,1.6158,0.0096,wall_following
2026-07-04 13:25:44.460,plain_wall_bad,pw_bad_01,negative,-0.0117,-0.0096,1.038,5.39,0.1054,0.466,2.897,-0.0468,-0.0031,0.2327,1.6254,0.0098,wall_following
2026-07-04 13:25:44.560,plain_wall_bad,pw_bad_01,negative,-0.163,-0.2012,1.035,5.317,0.2012,0.459,2.921,-0.0456,-0.0038,0.2326,1.6359,0.0101,wall_following
2026-07-04 13:25:44.660,plain_wall_bad,pw_bad_01,negative,-0.0373,-0.0479,1.05,5.259,0.5269,0.457,2.928,-0.042,-0.0039,0.2324,1.6459,0.0093,wall_following
2026-07-04 13:25:44.760,plain_wall_bad,pw_bad_01,negative,-0.0735,0.0575,1.044,5.247,0.8047,0.457,2.894,-0.0492,-0.0035,0.2322,1.6559,0.0092,wall_following
2026-07-04 13:25:44.860,plain_wall_bad,pw_bad_01,negative,-0.0735,-0.1341,1.055,5.179,0.6898,0.446,2.914,-0.0648,-0.0047,0.232,1.6654,0.0097,wall_following
2026-07-04 13:25:44.960,plain_wall_bad,pw_bad_01,negative,0.0437,-0.2012,1.06,5.117,0.2108,0.442,2.93,-0.0624,-0.0053,0.2317,1.6759,0.0094,wall_following
2026-07-04 13:25:45.060,plain_wall_bad,pw_bad_01,negative,-0.0373,-0.1724,1.073,5.069,0.5748,0.449,2.948,-0.0636,-0.0067,0.2314,1.6855,0.011,wall_following
2026-07-04 13:25:45.160,plain_wall_bad,pw_bad_01,negative,-0.033,-0.0958,1.074,4.988,0.8143,0.448,2.969,-0.0696,-0.0055,0.231,1.6953,0.0087,wall_following
2026-07-04 13:25:45.260,plain_wall_bad,pw_bad_01,negative,-0.131,-0.0862,1.097,4.926,0.3257,0.442,2.981,-0.078,-0.0072,0.2305,1.7059,0.0098,wall_following
2026-07-04 13:25:45.360,plain_wall_bad,pw_bad_01,negative,-0.0905,-0.115,1.112,4.86,0.1916,0.441,2.983,-0.0732,-0.0071,0.23,1.7158,0.0093,wall_following
2026-07-04 13:25:45.460,plain_wall_bad,pw_bad_01,negative,-0.1023,-0.1916,1.133,4.83,0.2874,0.435,3.026,-0.0708,-0.0089,0.2294,1.7254,0.0118,wall_following
2026-07-04 13:25:45.561,plain_wall_bad,pw_bad_01,negative,-0.1087,-0.1724,1.147,4.741,0.2395,0.438,3.045,-0.0876,-0.0071,0.2288,1.7352,0.0093,wall_following
2026-07-04 13:25:45.660,plain_wall_bad,pw_bad_01,negative,-0.0501,-0.0192,1.173,4.667,0.7377,0.435,3.026,-0.0768,-0.0076,0.228,1.7458,0.0095,wall_following
2026-07-04 13:25:45.760,plain_wall_bad,pw_bad_01,negative,-0.1033,-0.1724,1.189,4.553,0.3928,0.426,3.126,-0.084,-0.0095,0.2272,1.7553,0.0119,wall_following
2026-07-04 13:25:45.860,plain_wall_bad,pw_bad_01,negative,-0.0373,-0.3066,1.226,4.403,-0.1437,0.422,3.14,-0.0744,-0.0103,0.2263,1.7658,0.0123,wall_following
2026-07-04 13:25:45.960,plain_wall_bad,pw_bad_01,negative,-0.0554,-0.2395,1.246,4.356,0.7377,0.424,3.157,-0.084,-0.0073,0.2254,1.775,0.0089,wall_following
2026-07-04 13:25:46.060,plain_wall_bad,pw_bad_01,negative,-0.0213,-0.2108,1.286,4.293,0.8143,0.432,3.169,-0.0792,-0.0084,0.2243,1.7851,0.0099,wall_following
2026-07-04 13:25:46.160,plain_wall_bad,pw_bad_01,negative,-0.0298,-0.0383,1.317,4.201,0.5173,0.432,3.175,-0.0876,-0.0101,0.2232,1.7949,0.013,wall_following
2026-07-04 13:25:46.261,plain_wall_bad,pw_bad_01,negative,-0.0927,-0.1054,1.356,4.124,0.3161,0.428,3.193,-0.0924,-0.0102,0.222,1.8049,0.0121,wall_following
2026-07-04 13:25:46.361,plain_wall_bad,pw_bad_01,negative,-0.0682,0.2587,1.378,4.043,0.6035,0.425,3.191,-0.0768,-0.0091,0.2207,1.8154,0.0104,wall_following
2026-07-04 13:25:46.460,plain_wall_bad,pw_bad_01,negative,-0.0128,-0.0479,1.423,3.917,0.7951,0.424,3.234,-0.0816,-0.0086,0.2194,1.8247,0.0099,wall_following
2026-07-04 13:25:46.560,plain_wall_bad,pw_bad_01,negative,-0.0245,0.0,1.47,3.823,0.6706,0.427,3.221,-0.084,-0.0094,0.218,1.8346,0.012,wall_following
2026-07-04 13:25:46.660,plain_wall_bad,pw_bad_01,negative,-0.0842,-0.1341,1.505,3.756,0.3545,0.425,3.215,-0.0852,-0.0074,0.2165,1.8449,0.0093,wall_following
2026-07-04 13:25:46.761,plain_wall_bad,pw_bad_01,negative,-0.1236,0.0383,1.575,3.689,0.3545,0.421,3.212,-0.0912,-0.0099,0.2149,1.8549,0.0114,wall_following
2026-07-04 13:25:46.860,plain_wall_bad,pw_bad_01,negative,-0.032,0.0096,1.617,3.641,0.7856,0.429,3.203,-0.0804,-0.0087,0.2132,1.8647,0.0114,wall_following
2026-07-04 13:25:46.960,plain_wall_bad,pw_bad_01,negative,-0.0373,0.0575,1.682,3.57,0.7856,0.428,3.188,-0.0936,-0.0102,0.2115,1.8745,0.0114,wall_following
2026-07-04 13:25:47.060,plain_wall_bad,pw_bad_01,negative,-0.0746,-0.1916,1.748,3.525,0.3736,0.427,3.176,-0.0816,-0.0094,0.2097,1.8843,0.0102,wall_following
2026-07-04 13:25:47.160,plain_wall_bad,pw_bad_01,negative,-0.0969,-0.0192,1.822,3.494,0.843,0.428,3.173,-0.0816,-0.0093,0.2077,1.8943,0.0111,wall_following
2026-07-04 13:25:47.260,plain_wall_bad,pw_bad_01,negative,-0.0192,-0.1437,1.886,3.479,0.0096,0.423,3.17,-0.0816,-0.0069,0.2058,1.9039,0.0085,wall_following
2026-07-04 13:25:47.360,plain_wall_bad,pw_bad_01,negative,-0.0224,0.0096,1.967,3.389,0.1629,0.435,3.162,-0.0876,-0.0078,0.2037,1.9137,0.009,wall_following
2026-07-04 13:25:47.461,plain_wall_bad,pw_bad_01,negative,-0.1459,-0.0958,2.046,3.372,0.4694,0.418,3.149,-0.0912,-0.0096,0.2014,1.9235,0.0106,wall_following
2026-07-04 13:25:47.560,plain_wall_bad,pw_bad_01,negative,-0.0075,-0.0383,2.15,3.318,0.6131,0.42,3.154,-0.0768,-0.0082,0.1992,1.9332,0.0092,wall_following
2026-07-04 13:25:47.660,plain_wall_bad,pw_bad_01,negative,-0.0618,-0.0958,2.281,3.28,0.3066,0.429,3.145,-0.0768,-0.0076,0.1968,1.9428,0.0095,wall_following
2026-07-04 13:25:47.760,plain_wall_bad,pw_bad_01,negative,-0.0202,-0.115,2.366,3.238,0.2778,0.426,3.13,-0.0924,-0.0099,0.1944,1.9525,0.0125,wall_following
2026-07-04 13:25:47.860,plain_wall_bad,pw_bad_01,negative,-0.0607,-0.0479,2.487,3.208,0.1054,0.428,3.121,-0.0828,-0.0084,0.1918,1.9621,0.0095,wall_following
2026-07-04 13:25:47.960,plain_wall_bad,pw_bad_01,negative,-0.0629,-0.0575,2.603,3.171,0.5077,0.424,3.126,-0.09,-0.0088,0.1892,1.9717,0.0096,wall_following
2026-07-04 13:25:48.060,plain_wall_bad,pw_bad_01,negative,-0.1065,-0.2203,2.756,3.132,0.1533,0.429,3.117,-0.09,-0.0089,0.1865,1.9814,0.0098,wall_following
2026-07-04 13:25:48.161,plain_wall_bad,pw_bad_01,negative,0.0234,-0.2012,2.856,3.075,0.5077,0.434,3.107,-0.0876,-0.0065,0.1837,1.9909,0.007,wall_following
2026-07-04 13:25:48.261,plain_wall_bad,pw_bad_01,negative,-0.0096,-0.1341,2.841,3.047,0.5556,0.437,3.098,-0.0864,-0.0108,0.1808,2.0006,0.0118,wall_following
2026-07-04 13:25:48.360,plain_wall_bad,pw_bad_01,negative,-0.0735,-0.0671,2.833,3.002,0.7377,0.425,3.098,-0.0744,-0.008,0.178,2.01,0.009,wall_following
2026-07-04 13:25:48.461,plain_wall_bad,pw_bad_01,negative,0.0511,0.0575,2.818,2.961,0.0958,0.422,3.088,-0.0768,-0.0094,0.1749,2.0196,0.0113,wall_following
2026-07-04 13:25:48.560,plain_wall_bad,pw_bad_01,negative,-0.0266,-0.0383,2.803,2.943,0.0671,0.439,3.084,-0.0744,-0.0093,0.1719,2.029,0.0119,wall_following
2026-07-04 13:25:48.660,plain_wall_bad,pw_bad_01,negative,-0.0586,0.0383,2.793,2.925,0.4024,0.447,3.083,-0.0792,-0.0096,0.1689,2.038,0.0123,wall_following
2026-07-04 13:25:48.760,plain_wall_bad,pw_bad_01,negative,-0.0234,-0.1341,2.796,2.893,-0.0096,0.445,3.077,-0.0636,-0.0072,0.1655,2.0479,0.0097,wall_following
2026-07-04 13:25:48.860,plain_wall_bad,pw_bad_01,negative,0.0618,0.0287,2.998,2.852,0.2108,0.439,3.065,-0.072,-0.006,0.1622,2.0574,0.0086,wall_following
2026-07-04 13:25:48.960,plain_wall_bad,pw_bad_01,negative,0.0479,-0.0383,3.273,2.831,0.4598,0.437,3.073,-0.066,-0.0077,0.159,2.0667,0.0099,wall_following
2026-07-04 13:25:49.060,plain_wall_bad,pw_bad_01,negative,-0.0213,0.0,4.154,2.806,0.4503,0.438,3.062,-0.072,-0.0076,0.1557,2.0756,0.0103,wall_following
2026-07-04 13:25:49.160,plain_wall_bad,pw_bad_01,negative,-0.1033,-0.2108,4.15,2.782,0.1054,0.439,3.058,-0.0504,-0.0068,0.1523,2.085,0.0097,wall_following
2026-07-04 13:25:49.260,plain_wall_bad,pw_bad_01,negative,0.0703,-0.1533,4.162,2.752,0.115,0.452,3.06,-0.0528,-0.0066,0.1488,2.0944,0.0115,wall_following
2026-07-04 13:25:49.360,plain_wall_bad,pw_bad_01,negative,-0.065,0.0096,4.168,2.724,0.2587,0.451,3.048,-0.0624,-0.0059,0.1452,2.1041,0.0095,wall_following
2026-07-04 13:25:49.461,plain_wall_bad,pw_bad_01,negative,0.0128,0.0766,7.133,2.713,0.7089,0.452,3.05,-0.0612,-0.0073,0.1416,2.1134,0.0118,wall_following
2026-07-04 13:25:49.560,plain_wall_bad,pw_bad_01,negative,-0.1055,-0.1629,7.138,2.686,0.0479,0.458,3.044,-0.06,-0.0083,0.138,2.1227,0.0126,wall_following
2026-07-04 13:25:49.660,plain_wall_bad,pw_bad_01,negative,-0.0692,-0.1724,7.131,2.664,0.1054,0.449,3.045,-0.0444,-0.0054,0.1347,2.131,0.0114,wall_following
2026-07-04 13:25:49.760,plain_wall_bad,pw_bad_01,negative,-0.0746,-0.0287,7.134,2.646,0.4886,0.452,3.051,-0.0528,-0.0055,0.1308,2.1405,0.0096,wall_following
2026-07-04 13:25:49.860,plain_wall_bad,pw_bad_01,negative,0.0543,-0.1724,7.314,2.628,0.2587,0.456,3.038,-0.0528,-0.0051,0.127,2.1498,0.0097,wall_following
2026-07-04 13:25:49.960,plain_wall_bad,pw_bad_01,negative,-0.0629,-0.1437,7.594,2.621,0.4119,0.451,3.038,-0.0516,-0.0048,0.123,2.1595,0.0089,wall_following
2026-07-04 13:25:50.060,plain_wall_bad,pw_bad_01,negative,-0.0469,-0.0096,7.603,2.594,0.3066,0.455,3.038,-0.0456,-0.0045,0.1192,2.1686,0.0083,wall_following
2026-07-04 13:25:50.160,plain_wall_bad,pw_bad_01,negative,0.0043,-0.1437,7.652,2.586,0.2874,0.455,3.041,-0.0516,-0.0048,0.1155,2.1773,0.0097,wall_following
2026-07-04 13:25:50.260,plain_wall_bad,pw_bad_01,negative,-0.0234,-0.2203,7.613,2.572,0.5173,0.467,3.028,-0.0528,-0.0055,0.1114,2.1869,0.0101,wall_following
2026-07-04 13:25:50.360,plain_wall_bad,pw_bad_01,negative,-0.0138,0.115,7.534,2.555,0.3449,0.46,3.026,-0.0444,-0.006,0.1074,2.1961,0.0108,wall_following
2026-07-04 13:25:50.460,plain_wall_bad,pw_bad_01,negative,-0.0618,-0.0575,65.533,2.525,-0.1724,0.463,3.032,-0.048,-0.0051,0.1034,2.2051,0.0098,wall_following
2026-07-04 13:25:50.560,plain_wall_bad,pw_bad_01,negative,-0.0458,0.2012,65.533,2.525,-0.0096,0.464,3.024,-0.0504,-0.0053,0.0993,2.2142,0.0093,wall_following
2026-07-04 13:25:50.660,plain_wall_bad,pw_bad_01,negative,0.065,0.0383,65.533,2.507,0.4982,0.472,3.022,-0.0432,-0.0046,0.0954,2.2227,0.0086,wall_following
2026-07-04 13:25:50.760,plain_wall_bad,pw_bad_01,negative,0.0703,0.2778,49.683,2.493,-0.0383,0.462,3.028,-0.0348,-0.0041,0.0911,2.2322,0.009,wall_following
2026-07-04 13:25:50.860,plain_wall_bad,pw_bad_01,negative,0.0288,-0.115,49.661,2.482,0.5077,0.473,3.02,-0.0336,-0.0032,0.0869,2.2412,0.0089,wall_following
2026-07-04 13:25:50.960,plain_wall_bad,pw_bad_01,negative,0.0288,-0.182,49.667,2.477,-0.0958,0.476,3.017,-0.0372,-0.0049,0.0829,2.2497,0.0116,wall_following
2026-07-04 13:25:51.060,plain_wall_bad,pw_bad_01,negative,-0.1012,-0.0671,49.665,2.467,0.1533,0.474,3.018,-0.03,-0.003,0.0785,2.2591,0.0086,wall_following
2026-07-04 13:25:51.160,plain_wall_bad,pw_bad_01,negative,0.081,-0.1724,49.645,2.447,1.0155,0.471,3.011,-0.036,-0.0037,0.0744,2.2677,0.0093,wall_following
2026-07-04 13:25:51.260,plain_wall_bad,pw_bad_01,negative,-0.0053,-0.2299,49.603,2.428,-0.1437,0.465,3.012,-0.0228,-0.0031,0.0699,2.2771,0.0096,wall_following
2026-07-04 13:25:51.360,plain_wall_bad,pw_bad_01,negative,-0.0309,0.0766,65.533,2.446,0.8718,0.465,3.011,-0.03,-0.0035,0.0656,2.2861,0.0104,wall_following
2026-07-04 13:25:51.460,plain_wall_bad,pw_bad_01,negative,0.0234,0.0,65.533,2.425,0.1916,0.476,3.008,-0.0276,-0.0032,0.0615,2.2944,0.0098,wall_following
2026-07-04 13:25:51.560,plain_wall_bad,pw_bad_01,negative,-0.0479,0.0,65.533,2.425,0.9867,0.474,3.011,-0.024,-0.003,0.0568,2.3038,0.0098,wall_following
2026-07-04 13:25:51.660,plain_wall_bad,pw_bad_01,negative,-0.0085,-0.1054,65.533,2.414,0.3449,0.476,3.013,-0.0192,-0.0018,0.0524,2.3124,0.0092,wall_following
2026-07-04 13:25:51.760,plain_wall_bad,pw_bad_01,negative,0.0149,-0.0575,65.533,2.402,0.3545,0.485,3.008,-0.024,-0.0022,0.0476,2.3216,0.0099,wall_following
2026-07-04 13:25:51.860,plain_wall_bad,pw_bad_01,negative,-0.0426,0.0671,65.533,2.409,0.4503,0.482,3.003,-0.0216,-0.0025,0.0429,2.3304,0.0097,wall_following
2026-07-04 13:25:51.960,plain_wall_bad,pw_bad_01,negative,-0.0234,-0.0958,65.533,2.388,0.2395,0.485,3.013,-0.0192,-0.0019,0.0382,2.3392,0.01,wall_following
2026-07-04 13:25:52.060,plain_wall_bad,pw_bad_01,negative,0.0064,-0.0958,65.533,2.39,0.0671,0.477,3.008,-0.0168,-0.0035,0.0335,2.3481,0.0107,wall_following
2026-07-04 13:25:52.160,plain_wall_bad,pw_bad_01,negative,0.0107,-0.1437,65.533,2.4,0.5077,0.485,3.008,-0.018,-0.0015,0.029,2.3563,0.0089,wall_following
2026-07-04 13:25:52.260,plain_wall_bad,pw_bad_01,negative,0.0202,0.1341,65.533,2.389,0.4982,0.493,3.007,-0.0096,-0.0018,0.0242,2.3652,0.012,wall_following
2026-07-04 13:25:52.360,plain_wall_bad,pw_bad_01,negative,0.0234,0.0766,65.533,2.369,0.0192,0.488,2.995,-0.0072,-0.0006,0.0194,2.374,0.0089,wall_following
2026-07-04 13:25:52.460,plain_wall_bad,pw_bad_01,negative,-0.0085,-0.1341,65.533,2.38,0.8239,0.49,2.996,-0.0276,-0.0007,0.0147,2.3826,0.0087,wall_following
2026-07-04 13:25:52.560,plain_wall_bad,pw_bad_01,negative,0.0032,-0.1245,65.533,2.375,0.2778,0.492,2.999,-0.0132,-0.0021,0.0098,2.3914,0.0098,wall_following
2026-07-04 13:25:52.660,plain_wall_bad,pw_bad_01,negative,-0.0916,-0.2491,65.533,2.364,0.9388,0.499,3.007,-0.0084,-0.0016,0.0048,2.4006,0.0088,wall_following
2026-07-04 13:25:52.761,plain_wall_bad,pw_bad_01,negative,-0.0937,0.0383,65.533,2.358,0.1341,0.492,2.994,-0.0096,-0.0016,-0.0,2.4093,0.0087,wall_following
2026-07-04 13:25:52.860,plain_wall_bad,pw_bad_01,negative,-0.0405,0.115,65.533,2.371,0.4119,0.502,3.002,-0.0072,-0.0013,-0.0048,2.418,0.0095,wall_following
2026-07-04 13:25:52.960,plain_wall_bad,pw_bad_01,negative,-0.0373,0.0671,65.533,2.359,0.4598,0.498,2.998,-0.0072,-0.0016,-0.0096,2.4267,0.0094,wall_following
2026-07-04 13:25:53.061,plain_wall_bad,pw_bad_01,negative,-0.0447,-0.0192,65.533,2.361,0.1437,0.496,2.992,0.0024,-0.0003,-0.0146,2.4355,0.0092,wall_following
2026-07-04 13:25:53.160,plain_wall_bad,pw_bad_01,negative,0.017,0.0287,65.533,2.348,0.6035,0.503,2.993,-0.0072,-0.0005,-0.0191,2.4438,0.0081,wall_following
2026-07-04 13:25:53.260,plain_wall_bad,pw_bad_01,negative,0.0128,0.0,65.533,2.351,0.4503,0.504,2.996,0.0012,-0.0006,-0.0242,2.453,0.0126,wall_following
2026-07-04 13:25:53.360,plain_wall_bad,pw_bad_01,negative,-0.0234,-0.0766,65.533,2.346,0.3928,0.496,2.988,0.0024,-0.0003,-0.0288,2.4614,0.0133,wall_following
2026-07-04 13:25:53.460,plain_wall_bad,pw_bad_01,negative,-0.0842,-0.0862,65.533,2.355,0.4503,0.502,2.999,-0.0036,0.0001,-0.0338,2.4704,0.0099,wall_following
2026-07-04 13:25:53.560,plain_wall_bad,pw_bad_01,negative,0.0202,-0.2778,65.533,2.349,0.5365,0.498,2.997,-0.0012,0.0,-0.0384,2.4787,0.0103,wall_following
2026-07-04 13:25:53.660,plain_wall_bad,pw_bad_01,negative,-0.0181,0.0383,65.533,2.347,1.0251,0.495,2.993,0.0024,0.0,-0.0435,2.488,0.0094,wall_following
2026-07-04 13:25:53.760,plain_wall_bad,pw_bad_01,negative,0.0117,-0.0192,65.533,2.358,0.8335,0.495,2.989,0.006,0.0004,-0.0483,2.4967,0.0095,wall_following
2026-07-04 13:25:53.860,plain_wall_bad,pw_bad_01,negative,0.0927,0.0383,65.533,2.35,0.594,0.505,2.99,-0.0084,-0.0002,-0.0526,2.5045,0.0094,wall_following
2026-07-04 13:25:53.960,plain_wall_bad,pw_bad_01,negative,-0.049,-0.3066,65.533,2.356,0.2874,0.498,2.989,0.0024,-0.0002,-0.0577,2.5137,0.0095,wall_following
2026-07-04 13:25:54.060,plain_wall_bad,pw_bad_01,negative,-0.0245,-0.0192,65.533,2.355,0.6131,0.505,2.991,-0.0012,-0.0003,-0.0625,2.5226,0.0091,wall_following
2026-07-04 13:25:54.160,plain_wall_bad,pw_bad_01,negative,0.0181,0.115,65.533,2.357,0.4407,0.498,2.982,0.006,-0.0002,-0.0676,2.5317,0.009,wall_following
2026-07-04 13:25:54.260,plain_wall_bad,pw_bad_01,negative,-0.0064,0.0287,65.533,2.355,0.2108,0.5,2.984,0.0036,-0.0,-0.0721,2.5398,0.0095,wall_following
2026-07-04 13:25:54.360,plain_wall_bad,pw_bad_01,negative,-0.049,0.2491,65.533,2.361,0.3449,0.502,2.988,0.0048,0.0006,-0.0772,2.549,0.0094,wall_following
2026-07-04 13:25:54.460,plain_wall_bad,pw_bad_01,negative,-0.0565,-0.115,65.533,2.346,0.4119,0.504,2.985,0.0024,0.0001,-0.082,2.5578,0.0092,wall_following
2026-07-04 13:25:54.560,plain_wall_bad,pw_bad_01,negative,-0.0522,-0.1724,65.533,2.346,0.6227,0.507,2.992,0.0036,0.0001,-0.0868,2.5666,0.0095,wall_following
2026-07-04 13:25:54.660,plain_wall_bad,pw_bad_01,negative,0.0554,0.0862,65.533,2.36,0.2491,0.503,2.986,0.0168,0.0009,-0.0916,2.5753,0.0102,wall_following
2026-07-04 13:25:54.760,plain_wall_bad,pw_bad_01,negative,-0.0117,0.0383,65.533,2.367,0.8143,0.511,2.988,0.0,0.0005,-0.0962,2.5836,0.0096,wall_following
2026-07-04 13:25:54.860,plain_wall_bad,pw_bad_01,negative,-0.0298,-0.0575,65.533,2.357,0.776,0.505,2.983,0.0024,0.0,-0.101,2.5924,0.0089,wall_following
2026-07-04 13:25:54.961,plain_wall_bad,pw_bad_01,negative,0.0788,-0.0671,65.533,2.362,0.2108,0.506,2.985,0.0144,0.0006,-0.106,2.6016,0.0116,wall_following
2026-07-04 13:25:55.060,plain_wall_bad,pw_bad_01,negative,-0.0234,-0.0671,65.533,2.371,0.7664,0.504,2.987,0.012,0.0008,-0.1106,2.6099,0.0101,wall_following
2026-07-04 13:25:55.160,plain_wall_bad,pw_bad_01,negative,0.0298,-0.0383,65.533,2.364,0.4311,0.502,2.983,0.0072,0.0007,-0.1154,2.6188,0.0129,wall_following
2026-07-04 13:25:55.260,plain_wall_bad,pw_bad_01,negative,0.0192,-0.1437,65.533,2.367,0.4311,0.511,2.987,0.0012,0.0011,-0.1201,2.6274,0.0118,wall_following
2026-07-04 13:25:55.361,plain_wall_bad,pw_bad_01,negative,0.017,0.3545,65.533,2.377,0.7377,0.514,2.986,0.006,0.0006,-0.1252,2.6365,0.0095,wall_following
2026-07-04 13:25:55.460,plain_wall_bad,pw_bad_01,negative,0.0671,-0.0575,65.533,2.387,0.5556,0.5,2.99,0.0108,0.0007,-0.1298,2.6449,0.0097,wall_following
2026-07-04 13:25:55.560,plain_wall_bad,pw_bad_01,negative,0.0224,-0.0383,5.396,2.375,0.7281,0.515,2.982,0.0072,0.001,-0.1346,2.6536,0.0093,wall_following
2026-07-04 13:25:55.660,plain_wall_bad,pw_bad_01,negative,-0.0032,-0.1437,65.533,2.371,0.5556,0.507,2.984,0.0012,0.0008,-0.1395,2.6624,0.0124,wall_following
2026-07-04 13:25:55.760,plain_wall_bad,pw_bad_01,negative,0.033,-0.2587,65.533,2.386,0.776,0.504,2.995,0.0108,0.0011,-0.1443,2.6711,0.0099,wall_following
2026-07-04 13:25:55.860,plain_wall_bad,pw_bad_01,negative,-0.016,-0.297,65.533,2.396,0.6419,0.503,2.979,0.006,0.0004,-0.1491,2.6798,0.009,wall_following
2026-07-04 13:25:55.960,plain_wall_bad,pw_bad_01,negative,-0.0309,-0.2203,65.533,2.386,0.4503,0.509,2.975,0.0144,0.0004,-0.1539,2.6885,0.0088,wall_following
2026-07-04 13:25:56.060,plain_wall_bad,pw_bad_01,negative,-0.0064,-0.2012,65.533,2.386,0.4694,0.498,1.87,0.0108,0.0005,-0.1587,2.6973,0.0095,wall_following
2026-07-04 13:25:56.160,plain_wall_bad,pw_bad_01,negative,-0.0085,-0.1724,65.533,2.391,0.4024,0.507,1.717,0.0084,0.0007,-0.1634,2.706,0.0089,wall_following
2026-07-04 13:25:56.260,plain_wall_bad,pw_bad_01,negative,0.0501,-0.2587,65.533,2.384,0.3545,0.503,1.69,0.0048,0.0008,-0.1685,2.7152,0.0118,wall_following
2026-07-04 13:25:56.360,plain_wall_bad,pw_bad_01,negative,-0.0597,-0.0862,65.533,2.383,0.115,0.51,1.705,0.0,0.0008,-0.173,2.7235,0.0099,wall_following
2026-07-04 13:25:56.460,plain_wall_bad,pw_bad_01,negative,-0.0692,-0.2012,65.533,2.387,0.3832,0.503,1.696,0.006,0.0002,-0.178,2.7327,0.0098,wall_following
2026-07-04 13:25:56.561,plain_wall_bad,pw_bad_01,negative,-0.049,0.0192,65.533,2.382,0.4119,0.498,1.702,0.0072,-0.0014,-0.1828,2.7415,0.0109,wall_following
2026-07-04 13:25:56.660,plain_wall_bad,pw_bad_01,negative,0.0181,-0.2874,65.533,2.383,0.4886,0.511,1.719,0.0144,-0.0017,-0.1873,2.7498,0.0106,wall_following
2026-07-04 13:25:56.760,plain_wall_bad,pw_bad_01,negative,0.0597,-0.1916,65.533,2.397,0.5269,0.504,1.696,0.0072,0.0006,-0.192,2.7586,0.0096,wall_following
2026-07-04 13:25:56.860,plain_wall_bad,pw_bad_01,negative,-0.0192,-0.0862,65.533,2.39,0.6248,0.502,1.703,0.0156,0.0011,-0.1968,2.7674,0.0084,wall_following
2026-07-04 13:25:56.960,plain_wall_bad,pw_bad_01,negative,-0.0437,-0.2874,65.533,2.394,0.3736,0.511,1.695,0.0144,0.0012,-0.2015,2.7762,0.0121,wall_following
2026-07-04 13:25:57.061,plain_wall_bad,pw_bad_01,negative,-0.0756,0.0766,65.533,2.386,0.3832,0.51,1.726,0.0084,0.0014,-0.2065,2.7855,0.0125,wall_following
2026-07-04 13:25:57.160,plain_wall_bad,pw_bad_01,negative,-0.0298,-0.2299,65.533,2.391,0.2108,0.506,1.815,0.0132,0.0014,-0.211,2.7938,0.0104,wall_following
2026-07-04 13:25:57.260,plain_wall_bad,pw_bad_01,negative,0.0959,-0.2491,65.533,2.396,0.4886,0.507,1.793,0.0132,0.0016,-0.2156,2.8025,0.0091,wall_following
2026-07-04 13:25:57.360,plain_wall_bad,pw_bad_01,negative,-0.0373,-0.2299,65.533,2.387,0.4024,0.513,1.824,0.0132,0.0017,-0.2203,2.8113,0.0088,wall_following
2026-07-04 13:25:57.460,plain_wall_bad,pw_bad_01,negative,-0.0064,-0.1533,6.457,2.409,0.3353,0.517,1.727,0.0144,0.0015,-0.2253,2.8205,0.0095,wall_following
2026-07-04 13:25:57.560,plain_wall_bad,pw_bad_01,negative,0.0543,0.0671,6.529,2.401,-0.0575,0.511,1.734,0.0096,0.0012,-0.23,2.8294,0.009,wall_following
2026-07-04 13:25:57.660,plain_wall_bad,pw_bad_01,negative,-0.0639,-0.1916,6.601,2.398,1.2263,0.51,1.739,0.012,0.0021,-0.2345,2.8378,0.0118,wall_following
2026-07-04 13:25:57.760,plain_wall_bad,pw_bad_01,negative,0.0032,-0.2203,65.533,2.405,0.0287,0.505,1.725,0.0192,0.0018,-0.2392,2.8467,0.0117,wall_following
2026-07-04 13:25:57.860,plain_wall_bad,pw_bad_01,negative,0.0011,-0.1916,48.942,2.404,0.1245,0.511,1.742,0.0096,0.0006,-0.2441,2.8559,0.0098,wall_following
2026-07-04 13:25:57.960,plain_wall_bad,pw_bad_01,negative,-0.033,-0.2587,48.965,2.398,0.297,0.504,1.734,0.0036,0.0003,-0.2487,2.8647,0.0097,wall_following
2026-07-04 13:25:58.060,plain_wall_bad,pw_bad_01,negative,-0.0597,-0.2203,65.533,2.411,0.0671,0.502,1.737,0.006,0.0001,-0.2531,2.873,0.0095,wall_following
2026-07-04 13:25:58.160,plain_wall_bad,pw_bad_01,negative,-0.0011,-0.1437,65.533,2.414,0.3257,0.505,1.737,0.0156,0.0013,-0.2581,2.8824,0.0109,wall_following
2026-07-04 13:25:58.260,plain_wall_bad,pw_bad_01,negative,0.0,-0.182,65.533,2.414,0.1341,0.508,1.73,0.0024,0.001,-0.2624,2.8908,0.0108,wall_following
2026-07-04 13:25:58.360,plain_wall_bad,pw_bad_01,negative,0.0181,-0.2203,65.533,2.412,0.6035,0.508,1.733,0.0012,0.001,-0.2673,2.9001,0.0125,wall_following
2026-07-04 13:25:58.460,plain_wall_bad,pw_bad_01,negative,0.0075,-0.0479,65.533,2.409,0.3928,0.517,1.738,0.018,0.0016,-0.2718,2.9089,0.011,wall_following
2026-07-04 13:25:58.560,plain_wall_bad,pw_bad_01,negative,0.0,0.0575,65.533,2.429,0.7281,0.514,1.737,0.0048,0.0012,-0.2765,2.9178,0.0123,wall_following
2026-07-04 13:25:58.660,plain_wall_bad,pw_bad_01,negative,0.0415,-0.3832,65.533,2.413,0.3545,0.504,1.738,0.0168,0.0012,-0.2808,2.9262,0.009,wall_following
2026-07-04 13:25:58.760,plain_wall_bad,pw_bad_01,negative,0.0032,-0.3161,65.533,2.442,0.4024,0.516,1.737,0.0132,0.0012,-0.2854,2.935,0.0085,wall_following
2026-07-04 13:25:58.860,plain_wall_bad,pw_bad_01,negative,0.0117,0.0862,65.533,2.435,0.8909,0.511,1.743,0.0144,0.0017,-0.2902,2.9444,0.0131,wall_following
2026-07-04 13:25:58.960,plain_wall_bad,pw_bad_01,negative,-0.0192,-0.0479,65.533,2.444,0.4503,0.512,1.739,0.0012,0.0006,-0.2947,2.9532,0.0095,wall_following
2026-07-04 13:25:59.060,plain_wall_bad,pw_bad_01,negative,0.0415,-0.0862,65.533,2.453,0.297,0.511,1.739,0.0072,0.0001,-0.2993,2.9622,0.0102,wall_following
2026-07-04 13:25:59.160,plain_wall_bad,pw_bad_01,negative,-0.0341,0.0287,65.533,2.434,0.3736,0.502,1.748,0.012,0.0007,-0.3038,2.971,0.01,wall_following
2026-07-04 13:25:59.260,plain_wall_bad,pw_bad_01,negative,0.033,-0.2299,65.533,2.429,0.297,0.504,1.752,0.0024,0.0006,-0.3084,2.98,0.0097,wall_following
2026-07-04 13:25:59.360,plain_wall_bad,pw_bad_01,negative,-0.0405,-0.2395,65.533,2.43,0.8047,0.51,1.753,0.0108,0.001,-0.3129,2.9889,0.0092,wall_following
2026-07-04 13:25:59.460,plain_wall_bad,pw_bad_01,negative,0.0075,-0.1629,65.533,2.426,0.6227,0.504,1.748,0.0048,0.0008,-0.3172,2.9974,0.0095,wall_following
2026-07-04 13:25:59.560,plain_wall_bad,pw_bad_01,negative,-0.0192,-0.0862,65.533,2.415,0.297,0.502,1.748,0.0072,0.0008,-0.3219,3.0068,0.0109,wall_following
2026-07-04 13:25:59.660,plain_wall_bad,pw_bad_01,negative,-0.0234,-0.1629,65.533,2.411,0.7472,0.508,1.731,0.006,0.0009,-0.3261,3.0151,0.0092,wall_following
2026-07-04 13:25:59.760,plain_wall_bad,pw_bad_01,negative,-0.0426,-0.1245,65.533,2.407,0.4407,0.503,1.749,0.0072,0.001,-0.3308,3.0245,0.0091,wall_following
2026-07-04 13:25:59.861,plain_wall_bad,pw_bad_01,negative,0.0,0.1724,65.533,2.419,0.2395,0.496,1.739,0.0024,0.0006,-0.3353,3.0335,0.0088,wall_following
2026-07-04 13:25:59.960,plain_wall_bad,pw_bad_01,negative,-0.0277,0.0479,65.533,2.41,0.2778,0.509,1.741,0.0048,0.0004,-0.3398,3.0425,0.0126,wall_following
2026-07-04 13:26:00.060,plain_wall_bad,pw_bad_01,negative,-0.0234,0.0287,65.533,2.418,0.5461,0.503,1.74,0.0048,0.0005,-0.3442,3.0514,0.0121,wall_following
2026-07-04 13:26:00.160,plain_wall_bad,pw_bad_01,negative,0.0778,-0.182,65.533,2.422,0.2587,0.507,1.737,0.0048,0.0006,-0.3485,3.0599,0.0106,wall_following
2026-07-04 13:26:00.260,plain_wall_bad,pw_bad_01,negative,-0.0575,-0.1437,65.533,2.425,0.4503,0.498,1.737,0.0012,0.0006,-0.3531,3.0691,0.009,wall_following
2026-07-04 13:26:00.360,plain_wall_bad,pw_bad_01,negative,0.0586,-0.0287,65.533,2.419,0.4215,0.503,1.741,0.0048,0.0005,-0.3576,3.0781,0.0098,wall_following
2026-07-04 13:26:00.460,plain_wall_bad,pw_bad_01,negative,-0.0469,-0.182,65.533,2.423,0.3449,0.509,1.739,0.0048,0.0003,-0.362,3.087,0.0081,wall_following
2026-07-04 13:26:00.560,plain_wall_bad,pw_bad_01,negative,-0.0181,-0.3257,65.533,2.422,0.5077,0.504,1.752,0.0036,0.0005,-0.3665,3.0958,0.0087,wall_following
2026-07-04 13:26:00.660,plain_wall_bad,pw_bad_01,negative,0.0234,0.0096,65.533,2.416,0.8622,0.5,1.753,0.006,0.0005,-0.3707,3.1043,0.0081,wall_following
2026-07-04 13:26:00.761,plain_wall_bad,pw_bad_01,negative,0.0501,-0.0862,65.533,2.434,-0.0192,0.504,1.746,0.0048,0.0005,-0.3754,3.1137,0.0109,wall_following
2026-07-04 13:26:00.860,plain_wall_bad,pw_bad_01,negative,-0.0064,-0.115,65.533,2.426,-0.2012,0.508,1.75,0.006,0.0006,-0.3796,3.1221,0.0077,wall_following
2026-07-04 13:26:00.960,plain_wall_bad,pw_bad_01,negative,-0.0991,0.0479,65.533,2.438,-0.0383,0.506,1.743,0.0,-0.0001,-0.3841,3.1311,0.01,wall_following
2026-07-04 13:26:01.060,plain_wall_bad,pw_bad_01,negative,-0.0192,-0.1724,65.533,2.435,0.6706,0.501,1.745,0.0012,-0.0,-0.3888,3.1405,0.0096,wall_following
2026-07-04 13:26:01.160,plain_wall_bad,pw_bad_01,negative,0.082,0.2587,65.533,2.448,0.4311,0.494,1.746,0.0072,0.0001,-0.3933,3.1494,0.0096,wall_following
2026-07-04 13:26:01.261,plain_wall_bad,pw_bad_01,negative,0.0703,-0.1054,65.533,2.44,0.1724,0.505,1.749,0.0024,0.0009,-0.3975,3.1578,0.0089,wall_following
2026-07-04 13:26:01.360,plain_wall_bad,pw_bad_01,negative,0.066,0.1054,65.533,2.443,0.6419,0.505,1.744,0.0084,0.0016,-0.402,3.1669,0.0132,wall_following
2026-07-04 13:26:01.460,plain_wall_bad,pw_bad_01,negative,0.0309,0.2587,65.533,2.446,0.4503,0.505,1.739,0.0048,0.0011,-0.4066,3.1763,0.0125,wall_following
2026-07-04 13:26:01.560,plain_wall_bad,pw_bad_01,negative,0.0053,-0.1054,65.533,2.457,0.5269,0.503,1.754,0.0024,0.0001,-0.411,3.1852,0.0089,wall_following
2026-07-04 13:26:01.660,plain_wall_bad,pw_bad_01,negative,0.0117,-0.1437,6.724,2.448,0.6898,0.502,1.745,0.0048,0.0002,-0.4153,3.1937,0.0128,wall_following
2026-07-04 13:26:01.760,plain_wall_bad,pw_bad_01,negative,-0.0426,-0.182,6.629,2.459,0.3161,0.507,1.76,0.0012,-0.0011,-0.4199,3.2031,0.0106,wall_following
2026-07-04 13:26:01.860,plain_wall_bad,pw_bad_01,negative,-0.098,-0.1724,6.641,2.46,0.1916,0.5,1.748,-0.0012,-0.0001,-0.424,3.2116,0.0094,wall_following
2026-07-04 13:26:01.960,plain_wall_bad,pw_bad_01,negative,-0.017,-0.0096,65.533,2.457,0.5077,0.504,1.75,0.0024,0.0002,-0.4287,3.2209,0.0097,wall_following
2026-07-04 13:26:02.060,plain_wall_bad,pw_bad_01,negative,0.0032,-0.2108,6.496,2.473,0.4598,0.5,1.749,-0.0012,-0.0006,-0.4331,3.23,0.01,wall_following
2026-07-04 13:26:02.160,plain_wall_bad,pw_bad_01,negative,-0.0075,0.115,6.412,2.476,0.2491,0.499,1.764,0.006,0.0001,-0.4374,3.2385,0.0099,wall_following
2026-07-04 13:26:02.260,plain_wall_bad,pw_bad_01,negative,0.0511,0.0,6.451,2.489,0.8909,0.5,1.759,0.0024,0.0003,-0.442,3.2479,0.0092,wall_following
2026-07-04 13:26:02.360,plain_wall_bad,pw_bad_01,negative,0.033,0.0096,6.472,2.499,0.3353,0.502,1.755,0.0012,0.0005,-0.4464,3.2569,0.0118,wall_following
2026-07-04 13:26:02.460,plain_wall_bad,pw_bad_01,negative,0.0181,0.1245,6.417,2.506,0.2491,0.487,1.754,0.0048,0.001,-0.4508,3.2659,0.0124,wall_following
2026-07-04 13:26:02.560,plain_wall_bad,pw_bad_01,negative,0.0756,-0.2108,6.425,2.508,1.0346,0.499,1.75,0.0012,0.0007,-0.4551,3.2748,0.009,wall_following
2026-07-04 13:26:02.660,plain_wall_bad,pw_bad_01,negative,-0.017,-0.0671,6.354,2.501,0.479,0.5,1.743,0.0012,0.0002,-0.4596,3.2838,0.0098,wall_following
2026-07-04 13:26:02.760,plain_wall_bad,pw_bad_01,negative,0.0799,-0.2778,6.351,2.508,0.364,0.494,1.755,0.0024,0.0002,-0.464,3.2927,0.0097,wall_following
2026-07-04 13:26:02.861,plain_wall_bad,pw_bad_01,negative,-0.1119,0.0096,6.386,2.512,0.5077,0.489,1.752,-0.0048,-0.0003,-0.4683,3.3016,0.0088,wall_following
2026-07-04 13:26:02.960,plain_wall_bad,pw_bad_01,negative,0.0117,-0.3257,6.389,2.524,0.6035,0.502,1.749,-0.0024,-0.0002,-0.4727,3.3105,0.0108,wall_following
2026-07-04 13:26:03.060,plain_wall_bad,pw_bad_01,negative,0.0373,-0.2682,6.275,2.524,-0.364,0.503,1.756,-0.0072,-0.0004,-0.4771,3.3195,0.0106,wall_following
2026-07-04 13:26:03.160,plain_wall_bad,pw_bad_01,negative,-0.0064,0.0671,6.279,2.521,0.2682,0.495,1.764,0.0,-0.0003,-0.4816,3.3285,0.0094,wall_following
2026-07-04 13:26:03.260,plain_wall_bad,pw_bad_01,negative,-0.0458,0.0383,6.295,2.517,0.7377,0.501,1.756,-0.0108,-0.0009,-0.486,3.3375,0.012,wall_following
2026-07-04 13:26:03.360,plain_wall_bad,pw_bad_01,negative,-0.1204,-0.0096,6.27,2.519,0.364,0.506,1.758,-0.006,-0.0003,-0.4902,3.3458,0.009,wall_following
2026-07-04 13:26:03.461,plain_wall_bad,pw_bad_01,negative,0.0426,0.2395,6.268,2.508,0.594,0.502,1.766,-0.0024,-0.0002,-0.4948,3.3552,0.0085,wall_following
2026-07-04 13:26:03.561,plain_wall_bad,pw_bad_01,negative,0.0394,0.2108,6.23,2.519,0.5269,0.501,1.755,-0.0072,0.0049,-0.4993,3.3643,0.0069,wall_following
2026-07-04 13:26:03.660,plain_wall_bad,pw_bad_01,negative,-0.0043,-0.2012,6.174,2.505,0.5844,0.495,1.76,0.0012,-0.0004,-0.5038,3.3732,0.0105,wall_following
2026-07-04 13:26:03.760,plain_wall_bad,pw_bad_01,negative,0.0224,-0.0862,6.221,2.528,0.3066,0.49,1.756,-0.0024,-0.0004,-0.5082,3.3821,0.0102,wall_following
2026-07-04 13:26:03.862,plain_wall_bad,pw_bad_01,negative,0.033,-0.0096,6.31,2.502,0.182,0.501,1.76,-0.0084,-0.0005,-0.5125,3.3907,0.0098,wall_following
2026-07-04 13:26:03.960,plain_wall_bad,pw_bad_01,negative,0.0692,0.0096,6.296,2.514,0.4215,0.494,1.759,-0.0036,-0.0005,-0.517,3.3996,0.0081,wall_following
2026-07-04 13:26:04.060,plain_wall_bad,pw_bad_01,negative,-0.0256,-0.0479,65.533,2.525,0.1916,0.498,1.762,-0.0036,-0.0006,-0.5216,3.4088,0.0067,wall_following
2026-07-04 13:26:04.160,plain_wall_bad,pw_bad_01,negative,0.0788,0.0,65.533,2.518,0.8239,0.497,1.764,-0.0012,-0.0004,-0.5259,3.4173,0.0094,wall_following
2026-07-04 13:26:04.260,plain_wall_bad,pw_bad_01,negative,-0.0213,0.0192,6.347,2.509,0.5556,0.494,1.757,0.0084,0.0005,-0.5304,3.4263,0.0079,wall_following
2026-07-04 13:26:04.360,plain_wall_bad,pw_bad_01,negative,0.0511,0.0575,65.533,2.517,0.6514,0.499,1.758,0.0,0.0004,-0.5351,3.4357,0.0098,wall_following
2026-07-04 13:26:04.460,plain_wall_bad,pw_bad_01,negative,0.0394,0.0862,6.38,2.53,0.2203,0.496,1.764,-0.0012,0.0002,-0.5393,3.4441,0.0098,wall_following
2026-07-04 13:26:04.560,plain_wall_bad,pw_bad_01,negative,-0.0234,0.1437,6.385,2.536,0.1916,0.5,1.755,-0.0048,0.0018,-0.5438,3.4531,0.0119,wall_following
2026-07-04 13:26:04.660,plain_wall_bad,pw_bad_01,negative,-0.0447,0.1533,6.386,2.539,0.4694,0.493,1.763,-0.0072,0.0002,-0.5482,3.462,0.0094,wall_following
2026-07-04 13:26:04.760,plain_wall_bad,pw_bad_01,negative,-0.0565,0.0,6.332,2.53,0.3353,0.492,1.765,-0.0048,0.0001,-0.5527,3.4709,0.0095,wall_following
2026-07-04 13:26:04.860,plain_wall_bad,pw_bad_01,negative,0.0341,-0.0575,6.369,2.536,0.5844,0.495,1.758,-0.0036,-0.0005,-0.5574,3.4803,0.0098,wall_following
2026-07-04 13:26:04.960,plain_wall_bad,pw_bad_01,negative,0.0096,-0.0671,6.395,2.535,0.3545,0.487,1.756,-0.0024,-0.0007,-0.5619,3.4894,0.0123,wall_following
2026-07-04 13:26:05.060,plain_wall_bad,pw_bad_01,negative,0.0373,0.0287,6.416,2.533,0.6706,0.486,1.757,-0.0072,-0.0006,-0.5661,3.4977,0.0101,wall_following
2026-07-04 13:26:05.160,plain_wall_bad,pw_bad_01,negative,0.0298,-0.0766,6.413,2.544,0.4024,0.499,1.75,-0.0024,-0.0002,-0.5706,3.5066,0.0091,wall_following
2026-07-04 13:26:05.261,plain_wall_bad,pw_bad_01,negative,-0.0298,-0.1533,6.431,2.544,0.364,0.497,1.741,-0.0084,-0.0009,-0.5753,3.516,0.0094,wall_following
2026-07-04 13:26:05.360,plain_wall_bad,pw_bad_01,negative,-0.0053,-0.0671,6.469,2.549,0.3066,0.493,1.734,-0.0096,-0.0011,-0.5796,3.5245,0.0097,wall_following
2026-07-04 13:26:05.460,plain_wall_bad,pw_bad_01,negative,0.065,0.0192,6.523,2.545,0.2874,0.5,1.727,0.0,-0.0004,-0.5843,3.5338,0.0097,wall_following
2026-07-04 13:26:05.560,plain_wall_bad,pw_bad_01,negative,0.0778,0.0096,6.55,2.553,0.0671,0.494,1.713,-0.0048,-0.0,-0.5888,3.5427,0.0095,wall_following
2026-07-04 13:26:05.660,plain_wall_bad,pw_bad_01,negative,-0.0075,-0.2203,6.673,2.542,1.1688,0.501,1.73,0.0,-0.0,-0.5933,3.5516,0.01,wall_following
2026-07-04 13:26:05.760,plain_wall_bad,pw_bad_01,negative,-0.0021,-0.0862,6.608,2.55,0.0766,0.495,1.713,-0.0012,0.0,-0.5978,3.5606,0.01,wall_following
2026-07-04 13:26:05.860,plain_wall_bad,pw_bad_01,negative,0.0575,-0.0192,6.657,2.544,0.594,0.488,1.712,-0.006,0.0002,-0.6023,3.5694,0.0098,wall_following
2026-07-04 13:26:05.960,plain_wall_bad,pw_bad_01,negative,0.0075,-0.0958,6.643,2.55,0.8239,0.494,1.729,-0.0156,-0.0004,-0.6067,3.5783,0.0085,wall_following
2026-07-04 13:26:06.060,plain_wall_bad,pw_bad_01,negative,-0.0383,-0.2682,6.658,2.561,0.0575,0.5,1.744,-0.0012,-0.0004,-0.6112,3.5872,0.0086,wall_following
2026-07-04 13:26:06.160,plain_wall_bad,pw_bad_01,negative,-0.0458,0.0096,6.719,2.542,0.9293,0.5,1.749,-0.0012,-0.0005,-0.6158,3.5963,0.0119,wall_following
2026-07-04 13:26:06.260,plain_wall_bad,pw_bad_01,negative,0.0181,-0.2395,6.752,2.56,0.2682,0.494,1.759,0.0,-0.0004,-0.6202,3.6051,0.0086,wall_following
2026-07-04 13:26:06.360,plain_wall_bad,pw_bad_01,negative,-0.0469,0.0192,6.757,2.542,0.4694,0.497,1.761,-0.0012,-0.0004,-0.6244,3.6136,0.0087,wall_following
2026-07-04 13:26:06.460,plain_wall_bad,pw_bad_01,negative,-0.017,-0.0192,6.829,2.542,0.7664,0.497,1.756,0.0,-0.0003,-0.6292,3.623,0.0099,wall_following
2026-07-04 13:26:06.560,plain_wall_bad,pw_bad_01,negative,-0.0479,-0.0862,6.761,2.541,0.6131,0.494,1.759,-0.006,-0.0001,-0.6337,3.6319,0.0097,wall_following
2026-07-04 13:26:06.660,plain_wall_bad,pw_bad_01,negative,-0.0085,-0.1245,6.845,2.546,0.2874,0.497,1.758,-0.0012,-0.0004,-0.6381,3.6407,0.0097,wall_following
2026-07-04 13:26:06.760,plain_wall_bad,pw_bad_01,negative,0.1001,-0.0862,6.908,2.556,0.7089,0.501,1.769,-0.0084,-0.0006,-0.6425,3.6496,0.0108,wall_following
2026-07-04 13:26:06.860,plain_wall_bad,pw_bad_01,negative,-0.1033,-0.0383,6.94,2.551,0.1054,0.492,1.763,-0.0084,-0.0005,-0.6468,3.6581,0.0099,wall_following
2026-07-04 13:26:06.960,plain_wall_bad,pw_bad_01,negative,0.0107,0.0096,7.02,2.544,0.1341,0.495,1.754,-0.0036,-0.0003,-0.6516,3.6675,0.0091,wall_following
2026-07-04 13:26:07.060,plain_wall_bad,pw_bad_01,negative,-0.0075,-0.115,7.017,2.55,0.4598,0.496,1.757,-0.0036,-0.0006,-0.6561,3.6765,0.0103,wall_following
2026-07-04 13:26:07.160,plain_wall_bad,pw_bad_01,negative,-0.0533,-0.1341,7.121,2.55,0.0287,0.492,1.752,-0.006,-0.0001,-0.6606,3.6853,0.0094,wall_following
2026-07-04 13:26:07.260,plain_wall_bad,pw_bad_01,negative,0.0543,0.0766,7.153,2.543,0.4694,0.495,1.749,-0.0072,-0.0006,-0.6652,3.6943,0.0125,wall_following
2026-07-04 13:26:07.360,plain_wall_bad,pw_bad_01,negative,0.0874,-0.0287,7.157,2.552,0.6706,0.489,1.752,-0.006,-0.0004,-0.6695,3.7027,0.0092,wall_following
2026-07-04 13:26:07.460,plain_wall_bad,pw_bad_01,negative,-0.0032,0.2012,7.153,2.549,-0.2778,0.497,1.754,0.0,-0.0003,-0.6742,3.712,0.0093,wall_following
2026-07-04 13:26:07.560,plain_wall_bad,pw_bad_01,negative,0.1108,0.1245,7.185,2.547,0.4503,0.49,1.754,0.0096,-0.0001,-0.6788,3.721,0.0097,wall_following
2026-07-04 13:26:07.660,plain_wall_bad,pw_bad_01,negative,-0.0032,0.0766,7.222,2.541,0.6035,0.495,1.751,-0.0048,0.0001,-0.6831,3.7293,0.0093,wall_following
2026-07-04 13:26:07.760,plain_wall_bad,pw_bad_01,negative,-0.1449,0.1629,7.213,2.555,0.594,0.498,1.749,-0.0096,-0.0003,-0.6877,3.7383,0.012,wall_following
2026-07-04 13:26:07.860,plain_wall_bad,pw_bad_01,negative,-0.0107,0.0862,7.17,2.572,-0.1629,0.495,1.753,-0.0096,-0.0004,-0.6922,3.7471,0.0127,wall_following
2026-07-04 13:26:07.960,plain_wall_bad,pw_bad_01,negative,-0.0756,-0.0862,7.129,2.551,0.2491,0.491,1.749,-0.0096,-0.0009,-0.6967,3.756,0.0085,wall_following
2026-07-04 13:26:08.060,plain_wall_bad,pw_bad_01,negative,-0.0117,-0.182,7.114,2.549,0.1629,0.495,1.752,-0.0084,-0.001,-0.7013,3.7649,0.0097,wall_following
2026-07-04 13:26:08.160,plain_wall_bad,pw_bad_01,negative,-0.0469,0.0479,7.15,2.562,0.3449,0.503,1.745,-0.0036,-0.0009,-0.7062,3.7743,0.0097,wall_following
2026-07-04 13:26:08.260,plain_wall_bad,pw_bad_01,negative,-0.0064,-0.0383,65.533,2.566,0.3257,0.5,1.761,-0.0048,-0.0008,-0.7107,3.7832,0.0124,wall_following
2026-07-04 13:26:08.360,plain_wall_bad,pw_bad_01,negative,0.0543,-0.1054,7.016,2.548,0.6514,0.5,1.764,-0.0036,-0.0006,-0.7151,3.7916,0.0109,wall_following
2026-07-04 13:26:08.460,plain_wall_bad,pw_bad_01,negative,0.0724,0.0096,6.998,2.55,0.2587,0.497,1.752,-0.0048,-0.0006,-0.7198,3.8009,0.0086,wall_following
2026-07-04 13:26:08.560,plain_wall_bad,pw_bad_01,negative,-0.0245,-0.115,65.533,2.553,0.8622,0.498,1.764,-0.0036,-0.0008,-0.7242,3.8093,0.008,wall_following
2026-07-04 13:26:08.660,plain_wall_bad,pw_bad_01,negative,-0.0053,0.0287,65.533,2.563,0.4503,0.495,1.769,-0.0024,-0.0006,-0.7288,3.8182,0.0098,wall_following
2026-07-04 13:26:08.760,plain_wall_bad,pw_bad_01,negative,-0.0298,0.0,65.533,2.554,0.4694,0.493,1.756,-0.0036,-0.0006,-0.7334,3.8271,0.0098,wall_following
2026-07-04 13:26:08.860,plain_wall_bad,pw_bad_01,negative,-0.0192,-0.1437,65.533,2.547,0.1533,0.494,1.752,-0.0024,-0.0005,-0.7381,3.8363,0.0095,wall_following
