actions_0,actions_1,actions_2,actions_3,actions_4,actions_5,actions_6,obs_box_pos_0,obs_box_pos_1,obs_box_pos_2,obs_cube_pos_0,obs_cube_pos_1,obs_cube_pos_2,obs_eef_pos_0,obs_eef_pos_1,obs_eef_pos_2,obs_eef_quat_0,obs_eef_quat_1,obs_eef_quat_2,obs_eef_quat_3,obs_joint_pos_0,obs_joint_pos_1,obs_joint_pos_2,obs_joint_pos_3,obs_joint_pos_4,obs_joint_pos_5,obs_joint_pos_6,obs_joint_pos_7,obs_joint_pos_8,obs_joint_vel_0,obs_joint_vel_1,obs_joint_vel_2,obs_joint_vel_3,obs_joint_vel_4,obs_joint_vel_5,obs_joint_vel_6,obs_joint_vel_7,obs_joint_vel_8,processed_actions_0,processed_actions_1,processed_actions_2,processed_actions_3,processed_actions_4,processed_actions_5,processed_actions_6,processed_actions_7,states_articulation_robot_joint_position_0,states_articulation_robot_joint_position_1,states_articulation_robot_joint_position_2,states_articulation_robot_joint_position_3,states_articulation_robot_joint_position_4,states_articulation_robot_joint_position_5,states_articulation_robot_joint_position_6,states_articulation_robot_joint_position_7,states_articulation_robot_joint_position_8,states_articulation_robot_joint_velocity_0,states_articulation_robot_joint_velocity_1,states_articulation_robot_joint_velocity_2,states_articulation_robot_joint_velocity_3,states_articulation_robot_joint_velocity_4,states_articulation_robot_joint_velocity_5,states_articulation_robot_joint_velocity_6,states_articulation_robot_joint_velocity_7,states_articulation_robot_joint_velocity_8,states_articulation_robot_root_pose_0,states_articulation_robot_root_pose_1,states_articulation_robot_root_pose_2,states_articulation_robot_root_pose_3,states_articulation_robot_root_pose_4,states_articulation_robot_root_pose_5,states_articulation_robot_root_pose_6,states_articulation_robot_root_velocity_0,states_articulation_robot_root_velocity_1,states_articulation_robot_root_velocity_2,states_articulation_robot_root_velocity_3,states_articulation_robot_root_velocity_4,states_articulation_robot_root_velocity_5,states_rigid_object_box_root_pose_0,states_rigid_object_box_root_pose_1,states_rigid_object_box_root_pose_2,states_rigid_object_box_root_pose_3,states_rigid_object_box_root_pose_4,states_rigid_object_box_root_pose_5,states_rigid_object_box_root_pose_6,states_rigid_object_box_root_velocity_0,states_rigid_object_box_root_velocity_1,states_rigid_object_box_root_velocity_2,states_rigid_object_box_root_velocity_3,states_rigid_object_box_root_velocity_4,states_rigid_object_box_root_velocity_5,states_rigid_object_object_root_pose_0,states_rigid_object_object_root_pose_1,states_rigid_object_object_root_pose_2,states_rigid_object_object_root_pose_3,states_rigid_object_object_root_pose_4,states_rigid_object_object_root_pose_5,states_rigid_object_object_root_pose_6,states_rigid_object_object_root_velocity_0,states_rigid_object_object_root_velocity_1,states_rigid_object_object_root_velocity_2,states_rigid_object_object_root_velocity_3,states_rigid_object_object_root_velocity_4,states_rigid_object_object_root_velocity_5
0.0,0.0,0.0,0.0,0.0,0.0,1.0,0.6519807,0.2298812,0.055,0.4535929,-0.075939566,0.055,0.46333355,5.1339157e-08,0.38548768,0.008603483,0.9216111,0.02046284,0.38747975,0.0,-0.569,0.0,-2.81,0.0,3.037,0.741,0.04,0.04,0.0,0.0,0.0,0.0,0.0,0.0,0.0,0.0,0.0,0.0,0.0,0.0,0.0,0.0,0.0,0.04,0.04,-1.1094161e-08,-0.569,1.3151098e-08,-2.81,4.0976356e-09,3.037,0.741,0.04,0.04,-3.2085774e-07,2.55938e-07,4.4247764e-07,2.2049193e-08,1.2529897e-07,2.817277e-09,5.485527e-07,-7.772542e-13,-1.4668725e-10,5.5879354e-09,2.3283064e-10,-3.7252903e-09,1.0,-1.489095e-10,-8.781334e-10,-8.472538e-11,0.0,0.0,0.0,0.0,0.0,0.0,0.6526329,0.23006737,0.11011501,0.999986,-0.0026750786,0.004558203,0.0001637126,-0.0032963261,-0.0025611406,0.0013717201,0.024723763,-0.030030513,-0.011259202,0.4535929,-0.075939566,0.046825,1.0,0.0,0.0,0.0,0.0,0.0,-0.32700002,0.0,0.0,0.0
0.0,0.0,0.0,0.0,0.0,0.0,1.0,0.6526329,0.23006737,0.11011501,0.4535929,-0.075939566,0.046825003,0.46333355,4.734474e-08,0.38548768,0.008603483,0.9216111,0.02046284,0.38747975,-1.1094161e-08,-0.569,1.3151098e-08,-2.81,4.0976356e-09,3.037,0.741,0.04,0.04,-3.2085774e-07,2.55938e-07,4.4247764e-07,2.2049193e-08,1.2529897e-07,2.817277e-09,5.485527e-07,-7.772542e-13,-1.4668725e-10,0.0,0.0,0.0,0.0,0.0,0.0,0.04,0.04,-2.0774422e-08,-0.569,2.6681276e-08,-2.81,8.413629e-09,3.037,0.741,0.04,0.04,-2.8068462e-07,2.7851033e-07,3.900596e-07,2.0944573e-09,1.2684235e-07,9.117849e-11,5.485939e-07,-1.2774001e-12,1.443539e-14,5.5879354e-09,2.3283064e-10,-3.7252903e-09,1.0,-1.489095e-10,-8.781334e-10,-8.472538e-11,0.0,0.0,0.0,0.0,0.0,0.0,0.652532,0.23014534,0.11006206,0.99998695,-0.0030069505,0.0041203042,0.00016717707,0.00093668635,-0.0024038,-0.00067762326,0.021632088,0.007444477,-0.002114917,0.4535929,-0.075939566,0.027749997,1.0,0.0,0.0,0.0,0.0,0.0,-0.65400004,0.0,0.0,0.0
0.0,0.0,0.0,0.0,0.0,0.0,1.0,0.652532,0.23014534,0.11006206,0.4535929,-0.075939566,0.02775,0.46333355,4.734474e-08,0.38548768,0.008603483,0.9216111,0.02046284,0.38747975,-2.0774422e-08,-0.569,2.6681276e-08,-2.81,8.413629e-09,3.037,0.741,0.04,0.04,-2.8068462e-07,2.7851033e-07,3.900596e-07,2.0944573e-09,1.2684235e-07,9.117849e-11,5.485939e-07,-1.2774001e-12,1.443539e-14,0.0,0.0,0.0,0.0,0.0,0.0,0.04,0.04,-3.0564937e-08,-0.569,4.00586e-08,-2.81,1.2787771e-08,3.037,0.741,0.04,0.04,-2.8205645e-07,2.820746e-07,3.8906447e-07,-7.285975e-10,1.2741637e-07,-3.1591357e-10,5.486028e-07,4.7535587e-13,-4.76974e-14,5.5879354e-09,2.3283064e-10,-3.7252903e-09,1.0,-1.489095e-10,-8.781334e-10,-8.472538e-11,0.0,0.0,0.0,0.0,0.0,0.0,0.65253514,0.23013446,0.11005833,0.99998707,-0.0029621038,0.0041327695,0.00016569682,0.00024318142,-0.0005619539,-0.00018825836,0.0053442465,0.0017720573,-0.0006797596,0.453597,-0.07594606,0.02099997,1.0,-1.9911442e-06,-9.371497e-07,-2.0440095e-06,-4.028115e-06,9.19298e-06,-1.9097371e-05,-0.0012764238,-0.00015967173,-5.0718972e-05
0.0,0.0,0.0,0.0,0.0,0.0,1.0,0.65253514,0.23013446,0.11005834,0.453597,-0.07594606,0.020999974,0.46333355,4.734474e-08,0.38548768,0.008603483,0.9216111,0.02046284,0.38747975,-3.0564937e-08,-0.569,4.00586e-08,-2.81,1.2787771e-08,3.037,0.741,0.04,0.04,-2.8205645e-07,2.820746e-07,3.8906447e-07,-7.285975e-10,1.2741637e-07,-3.1591357e-10,5.486028e-07,4.7535587e-13,-4.76974e-14,0.0,0.0,0.0,0.0,0.0,0.0,0.04,0.04,-4.037404e-08,-0.569,5.3422553e-08,-2.81,1.7170192e-08,3.037,0.741,0.04,0.04,-2.8222178e-07,2.8262485e-07,3.8894717e-07,-1.1681549e-09,1.274992e-07,-3.7920161e-10,5.4860453e-07,3.5679596e-14,-2.3198059e-13,5.5879354e-09,2.3283064e-10,-3.7252903e-09,1.0,-1.489095e-10,-8.781334e-10,-8.472538e-11,0.0,0.0,0.0,0.0,0.0,0.0,0.6525328,0.23013937,0.11006083,0.99998707,-0.0029831375,0.0041235574,0.00016629824,0.00044932344,7.664203e-05,-0.00021968693,0.00013000639,0.004365621,0.00012335615,0.45359585,-0.07594472,0.020999985,1.0,-1.3079986e-05,-8.781519e-06,-2.1950893e-06,0.00010704005,6.645346e-05,-0.00021400093,-0.0071316916,0.0009082435,1.3210776e-05
0.0,0.0,0.0,0.0,0.0,0.0,1.0,0.6525328,0.23013937,0.11006084,0.45359585,-0.07594472,0.020999989,0.46333355,4.734474e-08,0.38548768,0.008603483,0.9216111,0.02046284,0.38747975,-4.037404e-08,-0.569,5.3422553e-08,-2.81,1.7170192e-08,3.037,0.741,0.04,0.04,-2.8222178e-07,2.8262485e-07,3.8894717e-07,-1.1681549e-09,1.274992e-07,-3.7920161e-10,5.4860453e-07,3.5679596e-14,-2.3198059e-13,0.0,0.0,0.0,0.0,0.0,0.0,0.04,0.04,-5.0185403e-08,-0.569,6.678491e-08,-2.81,2.1553818e-08,3.037,0.741,0.04,0.04,-2.8224198e-07,2.8271003e-07,3.8893322e-07,-1.2368611e-09,1.2751141e-07,-3.8909043e-10,5.4860465e-07,-5.521387e-14,-2.9233284e-13,5.5879354e-09,2.3283064e-10,-3.7252903e-09,1.0,-1.489095e-10,-8.781334e-10,-8.472538e-11,0.0,0.0,0.0,0.0,0.0,0.0,0.65253097,0.23014629,0.1100624,0.999987,-0.0030103575,0.0041162265,0.00016809566,0.0013848215,-0.0020035205,-0.0009945357,0.017209452,0.011215658,-0.0024081033,0.45359588,-0.07594475,0.02099996,1.0,-1.2727607e-05,-8.977811e-06,-2.2499219e-06,0.00010492461,6.275079e-05,-0.00021179444,-0.0070005427,0.00086873147,1.7100063e-05
0.0,0.0,0.0,0.0,0.0,0.0,1.0,0.65253097,0.23014629,0.110062405,0.45359588,-0.07594475,0.020999964,0.46333355,4.734474e-08,0.38548768,0.008603483,0.9216111,0.02046284,0.38747975,-5.0185403e-08,-0.569,6.678491e-08,-2.81,2.1553818e-08,3.037,0.741,0.04,0.04,-2.8224198e-07,2.8271003e-07,3.8893322e-07,-1.2368611e-09,1.2751141e-07,-3.8909043e-10,5.4860465e-07,-5.521387e-14,-2.9233284e-13,0.0,0.0,0.0,0.0,0.0,0.0,0.04,0.04,-5.999703e-08,-0.569,8.0147124e-08,-2.81,2.5937622e-08,3.037,0.741,0.04,0.04,-2.8224446e-07,2.8272325e-07,3.8893165e-07,-1.2476049e-09,1.2751327e-07,-3.9051373e-10,5.4860476e-07,-4.5026998e-14,-7.9872453e-13,5.5879354e-09,2.3283064e-10,-3.7252903e-09,1.0,-1.489095e-10,-8.781334e-10,-8.472538e-11,0.0,0.0,0.0,0.0,0.0,0.0,0.65253514,0.23013446,0.11005832,0.9999871,-0.002961891,0.0041327025,0.00016574492,0.00024977152,-0.00057830394,-0.00019297772,0.0054891193,0.0018486353,-0.0006815268,0.45359588,-0.075944744,0.020999942,1.0,-1.25829e-05,-8.4591775e-06,-2.020338e-06,0.0001070019,6.208061e-05,-0.00021231905,-0.007002704,0.00090766384,1.6075515e-05
0.0,0.0,0.0,0.0,0.0,0.0,1.0,0.65253514,0.23013446,0.11005832,0.45359588,-0.075944744,0.020999946,0.46333355,4.734474e-08,0.38548768,0.008603483,0.9216111,0.02046284,0.38747975,-5.999703e-08,-0.569,8.0147124e-08,-2.81,2.5937622e-08,3.037,0.741,0.04,0.04,-2.8224446e-07,2.8272325e-07,3.8893165e-07,-1.2476049e-09,1.2751327e-07,-3.9051373e-10,5.4860476e-07,-4.5026998e-14,-7.9872453e-13,0.0,0.0,0.0,0.0,0.0,0.0,0.04,0.04,-6.98087e-08,-0.569,9.350932e-08,-2.81,3.0321456e-08,3.037,0.741,0.04,0.04,-2.8224486e-07,2.827253e-07,3.8893145e-07,-1.2493087e-09,1.275135e-07,-3.9071052e-10,5.4860476e-07,-2.8350637e-14,-9.404593e-13,5.5879354e-09,2.3283064e-10,-3.7252903e-09,1.0,-1.489095e-10,-8.781334e-10,-8.472538e-11,0.0,0.0,0.0,0.0,0.0,0.0,0.6525328,0.23013936,0.11006083,0.999987,-0.0029832143,0.0041236305,0.00016628623,0.00044960892,7.7246455e-05,-0.00021861219,0.000120562356,0.0043679858,0.00012227283,0.45359588,-0.07594474,0.020999938,1.0,-1.2720864e-05,-8.464827e-06,-2.0877887e-06,0.0001062788,6.248931e-05,-0.00021215522,-0.0070056682,0.0008947026,1.628504e-05
0.0,0.0,0.0,0.0,0.0,0.0,1.0,0.6525328,0.23013936,0.11006084,0.45359588,-0.07594474,0.020999942,0.46333355,4.734474e-08,0.38548768,0.008603483,0.9216111,0.02046284,0.38747975,-6.98087e-08,-0.569,9.350932e-08,-2.81,3.0321456e-08,3.037,0.741,0.04,0.04,-2.8224486e-07,2.827253e-07,3.8893145e-07,-1.2493087e-09,1.275135e-07,-3.9071052e-10,5.4860476e-07,-2.8350637e-14,-9.404593e-13,0.0,0.0,0.0,0.0,0.0,0.0,0.04,0.04,-7.962037e-08,-0.569,1.0687151e-07,-2.81,3.4705298e-08,3.037,0.741,0.04,0.04,-2.822448e-07,2.827256e-07,3.889313e-07,-1.2495673e-09,1.2751357e-07,-3.9074918e-10,5.4860476e-07,-4.1362713e-14,-9.734438e-13,5.5879354e-09,2.3283064e-10,-3.7252903e-09,1.0,-1.489095e-10,-8.781334e-10,-8.472538e-11,0.0,0.0,0.0,0.0,0.0,0.0,0.65253097,0.23014627,0.11006241,0.999987,-0.0030099577,0.00411636,0.00016797724,0.0013863861,-0.001997128,-0.0009955271,0.017147327,0.011233002,-0.0024058574,0.45359588,-0.07594474,0.020999942,1.0,-1.2635817e-05,-8.4850035e-06,-1.9507543e-06,0.00010725218,6.194478e-05,-0.00021251714,-0.0069828485,0.0009340104,1.6079382e-05
0.0,0.0,0.0,0.0,0.0,0.0,1.0,0.65253097,0.23014627,0.11006242,0.45359588,-0.07594474,0.020999946,0.46333355,4.734474e-08,0.38548768,0.008603483,0.9216111,0.02046284,0.38747975,-7.962037e-08,-0.569,1.0687151e-07,-2.81,3.4705298e-08,3.037,0.741,0.04,0.04,-2.822448e-07,2.827256e-07,3.889313e-07,-1.2495673e-09,1.2751357e-07,-3.9074918e-10,5.4860476e-07,-4.1362713e-14,-9.734438e-13,0.0,0.0,0.0,0.0,0.0,0.0,0.04,0.04,-8.943205e-08,-0.569,1.202337e-07,-2.81,3.908914e-08,3.037,0.741,0.04,0.04,-2.8224488e-07,2.8272567e-07,3.8893137e-07,-1.2495408e-09,1.2751354e-07,-3.908434e-10,5.486048e-07,-1.6138444e-14,-9.726473e-13,5.5879354e-09,2.3283064e-10,-3.7252903e-09,1.0,-1.489095e-10,-8.781334e-10,-8.472538e-11,0.0,0.0,0.0,0.0,0.0,0.0,0.65253514,0.2301345,0.110058405,0.9999871,-0.0029623478,0.004132554,0.00016571478,0.00024967754,-0.0005164207,-0.00017228452,0.004900887,0.0017607597,-0.00072072685,0.45359588,-0.07594474,0.020999938,1.0,-1.2603099e-05,-8.4046105e-06,-1.9977429e-06,0.000107019805,6.214935e-05,-0.00021232563,-0.007004201,0.0009083335,1.5996666e-05
0.0,0.0,0.0,0.0,0.0,0.0,1.0,0.65253514,0.2301345,0.11005841,0.45359588,-0.07594474,0.020999942,0.46333355,4.734474e-08,0.38548768,0.008603483,0.9216111,0.02046284,0.38747975,-8.943205e-08,-0.569,1.202337e-07,-2.81,3.908914e-08,3.037,0.741,0.04,0.04,-2.8224488e-07,2.8272567e-07,3.8893137e-07,-1.2495408e-09,1.2751354e-07,-3.908434e-10,5.486048e-07,-1.6138444e-14,-9.726473e-13,0.0,0.0,0.0,0.0,0.0,0.0,0.04,0.04,-9.9243735e-08,-0.569,1.3359579e-07,-2.81,4.3472983e-08,3.037,0.741,0.04,0.04,-2.8224488e-07,2.8272567e-07,3.889313e-07,-1.2495731e-09,1.2751353e-07,-3.9082163e-10,5.4860476e-07,-4.5778675e-15,-9.17304e-13,5.5879354e-09,2.3283064e-10,-3.7252903e-09,1.0,-1.489095e-10,-8.781334e-10,-8.472538e-11,0.0,0.0,0.0,0.0,0.0,0.0,0.6525314,0.23013918,0.11006149,0.999987,-0.0029817831,0.00411725,0.00016654312,0.00044211728,0.00028922787,-0.00027414606,-0.0022147957,0.0044161202,0.00013782264,0.4535959,-0.075944744,0.020999942,1.0,-1.2484187e-05,-8.280016e-06,-2.0855812e-06,0.00010788835,6.16095e-05,-0.00021265517,-0.006980394,0.0009457312,1.5879534e-05
0.0,0.0,0.0,0.0,0.0,0.0,1.0,0.6525314,0.23013918,0.1100615,0.4535959,-0.075944744,0.020999946,0.46333355,4.734474e-08,0.38548768,0.008603483,0.9216111,0.02046284,0.38747975,-9.9243735e-08,-0.569,1.3359579e-07,-2.81,4.3472983e-08,3.037,0.741,0.04,0.04,-2.8224488e-07,2.8272567e-07,3.889313e-07,-1.2495731e-09,1.2751353e-07,-3.9082163e-10,5.4860476e-07,-4.5778675e-15,-9.17304e-13,0.0,0.0,0.0,0.0,0.0,0.0,0.04,0.04,-1.0905542e-07,-0.569,1.4695789e-07,-2.81,4.7856826e-08,3.037,0.741,0.04,0.04,-2.8224488e-07,2.8272567e-07,3.8893137e-07,-1.2495754e-09,1.2751357e-07,-3.9082937e-10,5.4860476e-07,-6.509736e-15,-9.86797e-13,5.5879354e-09,2.3283064e-10,-3.7252903e-09,1.0,-1.489095e-10,-8.781334e-10,-8.472538e-11,0.0,0.0,0.0,0.0,0.0,0.0,0.652532,0.23014589,0.11006198,0.99998695,-0.0030087612,0.00412039,0.0001676638,0.00076779886,-0.002233755,-0.00067284226,0.019637935,0.005807209,-0.0020960541,0.45359588,-0.075944744,0.021,1.0,-1.2514937e-05,-8.262469e-06,-2.0610391e-06,0.00010573696,6.259598e-05,-0.0002126173,-0.006995363,0.0009047863,1.7105089e-05
0.0,0.0,0.0,0.0,0.0,0.0,1.0,0.652532,0.23014589,0.11006199,0.45359588,-0.075944744,0.021000003,0.46333355,4.734474e-08,0.38548768,0.008603483,0.9216111,0.02046284,0.38747975,-1.0905542e-07,-0.569,1.4695789e-07,-2.81,4.7856826e-08,3.037,0.741,0.04,0.04,-2.8224488e-07,2.8272567e-07,3.8893137e-07,-1.2495754e-09,1.2751357e-07,-3.9082937e-10,5.4860476e-07,-6.509736e-15,-9.86797e-13,0.0,0.0,0.0,0.0,0.0,0.0,0.04,0.04,-1.18867106e-07,-0.569,1.6031998e-07,-2.81,5.224067e-08,3.037,0.741,0.04,0.04,-2.8224488e-07,2.8272567e-07,3.8893134e-07,-1.2495588e-09,1.2751356e-07,-3.9084025e-10,5.486048e-07,-1.1900606e-14,-9.604088e-13,5.5879354e-09,2.3283064e-10,-3.7252903e-09,1.0,-1.489095e-10,-8.781334e-10,-8.472538e-11,0.0,0.0,0.0,0.0,0.0,0.0,0.6525351,0.23013476,0.11005844,0.99998707,-0.0029631483,0.004132684,0.00016576293,0.00028475132,-0.00054508017,-0.00014052592,0.00497437,0.00206929,-0.00082685536,0.45359588,-0.075944744,0.020999992,1.0,-1.2545389e-05,-8.313656e-06,-2.0422303e-06,0.00010596101,6.2230305e-05,-0.00021291542,-0.0069735106,0.0009295098,1.7453845e-05
0.0,0.0,0.0,0.0,0.0,0.0,1.0,0.6525351,0.23013476,0.11005844,0.45359588,-0.075944744,0.020999996,0.46333355,4.734474e-08,0.38548768,0.008603483,0.9216111,0.02046284,0.38747975,-1.18867106e-07,-0.569,1.6031998e-07,-2.81,5.224067e-08,3.037,0.741,0.04,0.04,-2.8224488e-07,2.8272567e-07,3.8893134e-07,-1.2495588e-09,1.2751356e-07,-3.9084025e-10,5.486048e-07,-1.1900606e-14,-9.604088e-13,0.0,0.0,0.0,0.0,0.0,0.0,0.04,0.04,-1.2867878e-07,-0.569,1.7368208e-07,-2.81,5.662451e-08,3.037,0.741,0.04,0.04,-2.822449e-07,2.8272567e-07,3.889313e-07,-1.2495871e-09,1.2751356e-07,-3.908041e-10,5.486047e-07,-1.0355306e-14,-9.201476e-13,5.5879354e-09,2.3283064e-10,-3.7252903e-09,1.0,-1.489095e-10,-8.781334e-10,-8.472538e-11,0.0,0.0,0.0,0.0,0.0,0.0,0.6525328,0.23013939,0.11006083,0.999987,-0.0029833254,0.0041235737,0.00016635239,0.00044903258,7.652433e-05,-0.00022080172,0.00013548198,0.0043634675,0.00012526868,0.45359588,-0.075944744,0.020999996,1.0,-1.279001e-05,-8.694216e-06,-2.047371e-06,0.00010574589,6.267216e-05,-0.00021240368,-0.006991687,0.00090605835,1.6827515e-05
0.0,0.0,0.0,0.0,0.0,0.0,1.0,0.6525328,0.23013939,0.11006084,0.45359588,-0.075944744,0.021,0.46333355,4.734474e-08,0.38548768,0.008603483,0.9216111,0.02046284,0.38747975,-1.2867878e-07,-0.569,1.7368208e-07,-2.81,5.662451e-08,3.037,0.741,0.04,0.04,-2.822449e-07,2.8272567e-07,3.889313e-07,-1.2495871e-09,1.2751356e-07,-3.908041e-10,5.486047e-07,-1.0355306e-14,-9.201476e-13,0.0,0.0,0.0,0.0,0.0,0.0,0.04,0.04,-1.3849044e-07,-0.569,1.8704418e-07,-2.81,6.100834e-08,3.037,0.741,0.04,0.04,-2.8224488e-07,2.8272567e-07,3.889314e-07,-1.2495812e-09,1.2751354e-07,-3.9078246e-10,5.4860476e-07,-6.441401e-15,-9.398868e-13,5.5879354e-09,2.3283064e-10,-3.7252903e-09,1.0,-1.489095e-10,-8.781334e-10,-8.472538e-11,0.0,0.0,0.0,0.0,0.0,0.0,0.65253097,0.23014627,0.11006239,0.9999869,-0.0030101296,0.0041162916,0.00016802875,0.0013868228,-0.0019980634,-0.0009958764,0.017155197,0.011236342,-0.002407072,0.45359588,-0.075944744,0.02099994,1.0,-1.3025626e-05,-8.76468e-06,-2.1989629e-06,0.000106335654,6.262358e-05,-0.00021197552,-0.0070041195,0.00089680124,1.5921616e-05
0.0,0.0,0.0,0.0,0.0,0.0,1.0,0.65253097,0.23014627,0.11006239,0.45359588,-0.075944744,0.020999944,0.46333355,4.734474e-08,0.38548768,0.008603483,0.9216111,0.02046284,0.38747975,-1.3849044e-07,-0.569,1.8704418e-07,-2.81,6.100834e-08,3.037,0.741,0.04,0.04,-2.8224488e-07,2.8272567e-07,3.889314e-07,-1.2495812e-09,1.2751354e-07,-3.9078246e-10,5.4860476e-07,-6.441401e-15,-9.398868e-13,0.0,0.0,0.0,0.0,0.0,0.0,0.04,0.04,-1.4830209e-07,-0.569,2.0040628e-07,-2.81,6.5392165e-08,3.037,0.741,0.04,0.04,-2.8224483e-07,2.8272567e-07,3.889313e-07,-1.2495389e-09,1.2751354e-07,-3.9081763e-10,5.4860476e-07,-3.5385513e-14,-9.0705725e-13,5.5879354e-09,2.3283064e-10,-3.7252903e-09,1.0,-1.489095e-10,-8.781334e-10,-8.472538e-11,0.0,0.0,0.0,0.0,0.0,0.0,0.65253514,0.23013447,0.11005829,0.9999871,-0.0029621108,0.004132652,0.00016578249,0.00025188073,-0.00058158237,-0.00019069266,0.0055074906,0.0018661532,-0.00068922626,0.45359588,-0.075944744,0.020999998,1.0,-1.251258e-05,-8.289819e-06,-2.0842456e-06,0.000105717554,6.2466665e-05,-0.00021259708,-0.006992304,0.0009041705,1.723011e-05
0.0,0.0,0.0,0.0,0.0,0.0,1.0,0.65253514,0.23013447,0.11005829,0.45359588,-0.075944744,0.021000002,0.46333355,4.734474e-08,0.38548768,0.008603483,0.9216111,0.02046284,0.38747975,-1.4830209e-07,-0.569,2.0040628e-07,-2.81,6.5392165e-08,3.037,0.741,0.04,0.04,-2.8224483e-07,2.8272567e-07,3.889313e-07,-1.2495389e-09,1.2751354e-07,-3.9081763e-10,5.4860476e-07,-3.5385513e-14,-9.0705725e-13,0.0,0.0,0.0,0.0,0.0,0.0,0.04,0.04,-1.5811375e-07,-0.569,2.1376837e-07,-2.81,6.9775986e-08,3.037,0.741,0.04,0.04,-2.822449e-07,2.8272567e-07,3.8893145e-07,-1.2496064e-09,1.2751357e-07,-3.9074732e-10,5.4860476e-07,-3.7427963e-14,-9.604891e-13,5.5879354e-09,2.3283064e-10,-3.7252903e-09,1.0,-1.489095e-10,-8.781334e-10,-8.472538e-11,0.0,0.0,0.0,0.0,0.0,0.0,0.6525328,0.2301394,0.1100608,0.999987,-0.0029836602,0.004123375,0.00016646084,0.0004501324,7.665134e-05,-0.00021870811,0.0001286613,0.0043738834,0.00012302017,0.4535959,-0.07594475,0.020999936,1.0,-1.2365011e-05,-8.1105845e-06,-2.1669618e-06,0.00010661619,6.2053376e-05,-0.0002128522,-0.006969601,0.0009425631,1.689799e-05
0.0,0.0,0.0,0.0,0.0,0.0,1.0,0.6525328,0.2301394,0.11006081,0.4535959,-0.07594475,0.02099994,0.46333355,4.734474e-08,0.38548768,0.008603483,0.9216111,0.02046284,0.38747975,-1.5811375e-07,-0.569,2.1376837e-07,-2.81,6.9775986e-08,3.037,0.741,0.04,0.04,-2.822449e-07,2.8272567e-07,3.8893145e-07,-1.2496064e-09,1.2751357e-07,-3.9074732e-10,5.4860476e-07,-3.7427963e-14,-9.604891e-13,0.0,0.0,0.0,0.0,0.0,0.0,0.04,0.04,-1.679254e-07,-0.569,2.2713047e-07,-2.81,7.415981e-08,3.037,0.741,0.04,0.04,-2.8224488e-07,2.8272564e-07,3.8893134e-07,-1.2495882e-09,1.2751357e-07,-3.90857e-10,5.486047e-07,-3.025555e-14,-9.394417e-13,5.5879354e-09,2.3283064e-10,-3.7252903e-09,1.0,-1.489095e-10,-8.781334e-10,-8.472538e-11,0.0,0.0,0.0,0.0,0.0,0.0,0.65253097,0.2301463,0.11006242,0.999987,-0.0030103454,0.0041162586,0.00016799993,0.0013868338,-0.002004459,-0.0009961101,0.017215692,0.011232338,-0.0024106547,0.4535959,-0.075944744,0.020999989,1.0,-1.2434815e-05,-8.094952e-06,-2.2260658e-06,0.0001066076,6.2223e-05,-0.00021286705,-0.006973091,0.0009427641,1.674663e-05
0.0,0.0,0.0,0.0,0.0,0.0,1.0,0.65253097,0.2301463,0.11006242,0.4535959,-0.075944744,0.020999992,0.46333355,4.734474e-08,0.38548768,0.008603483,0.9216111,0.02046284,0.38747975,-1.679254e-07,-0.569,2.2713047e-07,-2.81,7.415981e-08,3.037,0.741,0.04,0.04,-2.8224488e-07,2.8272564e-07,3.8893134e-07,-1.2495882e-09,1.2751357e-07,-3.90857e-10,5.486047e-07,-3.025555e-14,-9.394417e-13,0.0,0.0,0.0,0.0,0.0,0.0,0.04,0.04,-1.7773706e-07,-0.569,2.4049257e-07,-2.81,7.854363e-08,3.037,0.741,0.04,0.04,-2.8224494e-07,2.8272567e-07,3.8893143e-07,-1.249561e-09,1.2751356e-07,-3.9078918e-10,5.486047e-07,-2.966007e-14,-9.779892e-13,5.5879354e-09,2.3283064e-10,-3.7252903e-09,1.0,-1.489095e-10,-8.781334e-10,-8.472538e-11,0.0,0.0,0.0,0.0,0.0,0.0,0.65253514,0.23013447,0.11005835,0.9999871,-0.0029622535,0.004132822,0.0001657294,0.00024686885,-0.0005408288,-0.00018208218,0.00514178,0.0017735367,-0.0006978801,0.45359585,-0.07594475,0.020999962,1.0,-1.2513025e-05,-8.953579e-06,-2.1155645e-06,0.00010566819,6.2972e-05,-0.00021204769,-0.007011529,0.00088382745,1.6327223e-05
0.0,0.0,0.0,0.0,0.0,0.0,1.0,0.65253514,0.23013447,0.11005835,0.45359585,-0.07594475,0.020999966,0.46333355,4.734474e-08,0.38548768,0.008603483,0.9216111,0.02046284,0.38747975,-1.7773706e-07,-0.569,2.4049257e-07,-2.81,7.854363e-08,3.037,0.741,0.04,0.04,-2.8224494e-07,2.8272567e-07,3.8893143e-07,-1.249561e-09,1.2751356e-07,-3.9078918e-10,5.486047e-07,-2.966007e-14,-9.779892e-13,0.0,0.0,0.0,0.0,0.0,0.0,0.04,0.04,-1.8754872e-07,-0.569,2.538548e-07,-2.81,8.292745e-08,3.037,0.741,0.04,0.04,-2.8224486e-07,2.8272567e-07,3.8893134e-07,-1.249604e-09,1.2751359e-07,-3.9078585e-10,5.486048e-07,-1.3032788e-14,-9.564325e-13,5.5879354e-09,2.3283064e-10,-3.7252903e-09,1.0,-1.489095e-10,-8.781334e-10,-8.472538e-11,0.0,0.0,0.0,0.0,0.0,0.0,0.6525328,0.2301394,0.1100608,0.999987,-0.0029836802,0.004123437,0.0001664332,0.00045060678,7.708807e-05,-0.00021803663,0.00012431708,0.004379116,0.00012335752,0.45359588,-0.07594474,0.020999957,1.0,-1.2694648e-05,-9.025906e-06,-2.1459487e-06,0.00010766395,6.1710045e-05,-0.00021245964,-0.006999981,0.0009195509,1.5889971e-05
0.0,0.0,0.0,0.0,0.0,0.0,1.0,0.6525328,0.2301394,0.11006081,0.45359588,-0.07594474,0.02099996,0.46333355,4.734474e-08,0.38548768,0.008603483,0.9216111,0.02046284,0.38747975,-1.8754872e-07,-0.569,2.538548e-07,-2.81,8.292745e-08,3.037,0.741,0.04,0.04,-2.8224486e-07,2.8272567e-07,3.8893134e-07,-1.249604e-09,1.2751359e-07,-3.9078585e-10,5.486048e-07,-1.3032788e-14,-9.564325e-13,0.0,0.0,0.0,0.0,0.0,0.0,0.04,0.04,-1.9736038e-07,-0.569,2.6721705e-07,-2.81,8.731127e-08,3.037,0.741,0.04,0.04,-2.822449e-07,2.8272567e-07,3.8893134e-07,-1.2496066e-09,1.2751354e-07,-3.9085643e-10,5.486047e-07,-3.6411612e-14,-9.821787e-13,5.5879354e-09,2.3283064e-10,-3.7252903e-09,1.0,-1.489095e-10,-8.781334e-10,-8.472538e-11,0.0,0.0,0.0,0.0,0.0,0.0,0.652531,0.23014627,0.110062346,0.9999869,-0.0030101605,0.00411631,0.00016807414,0.0013875843,-0.0020023258,-0.0009966978,0.01719351,0.011239607,-0.0024107024,0.45359588,-0.07594475,0.020999951,1.0,-1.2298843e-05,-8.5368665e-06,-2.1359122e-06,0.00010638725,6.225228e-05,-0.00021225878,-0.0070043798,0.0008952566,1.6487713e-05
0.0,0.0,0.0,0.0,0.0,0.0,1.0,0.652531,0.23014627,0.110062346,0.45359588,-0.07594475,0.020999955,0.46333355,4.734474e-08,0.38548768,0.008603483,0.9216111,0.02046284,0.38747975,-1.9736038e-07,-0.569,2.6721705e-07,-2.81,8.731127e-08,3.037,0.741,0.04,0.04,-2.822449e-07,2.8272567e-07,3.8893134e-07,-1.2496066e-09,1.2751354e-07,-3.9085643e-10,5.486047e-07,-3.6411612e-14,-9.821787e-13,0.0,0.0,0.0,0.0,0.0,0.0,0.04,0.04,-2.0717204e-07,-0.569,2.805793e-07,-2.81,9.169509e-08,3.037,0.741,0.04,0.04,-2.8224486e-07,2.8272567e-07,3.889313e-07,-1.2495526e-09,1.2751356e-07,-3.908232e-10,5.486048e-07,-4.4144877e-14,-9.730912e-13,5.5879354e-09,2.3283064e-10,-3.7252903e-09,1.0,-1.489095e-10,-8.781334e-10,-8.472538e-11,0.0,0.0,0.0,0.0,0.0,0.0,0.65253514,0.23013452,0.11005836,0.9999871,-0.0029625192,0.0041327355,0.00016575147,0.00025009864,-0.0005201756,-0.00017391879,0.0049381526,0.0017696889,-0.00071804767,0.45359588,-0.075944744,0.02099994,1.0,-1.2675999e-05,-8.570662e-06,-2.1258247e-06,0.00010621782,6.262032e-05,-0.0002121583,-0.0070079286,0.0008941338,1.622662e-05
0.0,0.0,0.0,0.0,0.0,0.0,1.0,0.65253514,0.23013452,0.11005837,0.45359588,-0.075944744,0.020999944,0.46333355,4.734474e-08,0.38548768,0.008603483,0.9216111,0.02046284,0.38747975,-2.0717204e-07,-0.569,2.805793e-07,-2.81,9.169509e-08,3.037,0.741,0.04,0.04,-2.8224486e-07,2.8272567e-07,3.889313e-07,-1.2495526e-09,1.2751356e-07,-3.908232e-10,5.486048e-07,-4.4144877e-14,-9.730912e-13,0.0,0.0,0.0,0.0,0.0,0.0,0.04,0.04,-2.169837e-07,-0.569,2.9394153e-07,-2.81,9.6078914e-08,3.037,0.741,0.04,0.04,-2.8224488e-07,2.8272567e-07,3.889313e-07,-1.2495673e-09,1.2751357e-07,-3.9087933e-10,5.4860493e-07,-6.7044304e-14,-9.58379e-13,5.5879354e-09,2.3283064e-10,-3.7252903e-09,1.0,-1.489095e-10,-8.781334e-10,-8.472538e-11,0.0,0.0,0.0,0.0,0.0,0.0,0.6525328,0.23013934,0.11006081,0.99998707,-0.0029831666,0.0041235676,0.00016627647,0.00044795105,7.786066e-05,-0.00021919985,0.000115847804,0.0043521775,0.00012358437,0.45359588,-0.07594474,0.020999936,1.0,-1.2834485e-05,-8.577252e-06,-2.1370588e-06,0.00010620156,6.266141e-05,-0.00021215525,-0.0070085335,0.00089399307,1.6199689e-05
0.0,0.0,0.0,0.0,0.0,0.0,1.0,0.6525328,0.23013934,0.11006081,0.45359588,-0.07594474,0.02099994,0.46333355,4.734474e-08,0.38548768,0.008603483,0.9216111,0.02046284,0.38747975,-2.169837e-07,-0.569,2.9394153e-07,-2.81,9.6078914e-08,3.037,0.741,0.04,0.04,-2.8224488e-07,2.8272567e-07,3.889313e-07,-1.2495673e-09,1.2751357e-07,-3.9087933e-10,5.4860493e-07,-6.7044304e-14,-9.58379e-13,0.0,0.0,0.0,0.0,0.0,0.0,0.04,0.04,-2.2679535e-07,-0.569,3.0730376e-07,-2.81,1.00462735e-07,3.037,0.741,0.04,0.04,-2.8224488e-07,2.8272567e-07,3.8893134e-07,-1.2496183e-09,1.2751356e-07,-3.9084386e-10,5.486047e-07,-4.0484228e-14,-9.915122e-13,5.5879354e-09,2.3283064e-10,-3.7252903e-09,1.0,-1.489095e-10,-8.781334e-10,-8.472538e-11,0.0,0.0,0.0,0.0,0.0,0.0,0.65253097,0.2301463,0.11006238,0.999987,-0.0030102103,0.0041163233,0.00016807497,0.0013906735,-0.0020090404,-0.0009977139,0.017254824,0.011271149,-0.0024165085,0.45359588,-0.07594474,0.02099994,1.0,-1.2758582e-05,-8.526514e-06,-2.1453613e-06,0.0001065511,6.226205e-05,-0.00021236617,-0.0069845077,0.0009210202,1.6361835e-05
0.0,0.0,0.0,0.0,0.0,0.0,1.0,0.65253097,0.2301463,0.11006239,0.45359588,-0.07594474,0.020999944,0.46333355,4.734474e-08,0.38548768,0.008603483,0.9216111,0.02046284,0.38747975,-2.2679535e-07,-0.569,3.0730376e-07,-2.81,1.00462735e-07,3.037,0.741,0.04,0.04,-2.8224488e-07,2.8272567e-07,3.8893134e-07,-1.2496183e-09,1.2751356e-07,-3.9084386e-10,5.486047e-07,-4.0484228e-14,-9.915122e-13,0.0,0.0,0.0,0.0,0.0,0.0,0.04,0.04,-2.3660701e-07,-0.569,3.20666e-07,-2.81,1.04846556e-07,3.037,0.741,0.04,0.04,-2.822449e-07,2.8272567e-07,3.8893137e-07,-1.2495693e-09,1.2751359e-07,-3.9082937e-10,5.486049e-07,-3.0518075e-14,-9.988721e-13,5.5879354e-09,2.3283064e-10,-3.7252903e-09,1.0,-1.489095e-10,-8.781334e-10,-8.472538e-11,0.0,0.0,0.0,0.0,0.0,0.0,0.65253514,0.2301345,0.11005836,0.9999871,-0.002962413,0.0041325986,0.00016570928,0.00024812788,-0.00054262404,-0.00018161134,0.0051553147,0.0017853908,-0.0006996953,0.45359588,-0.07594474,0.020999944,1.0,-1.2653656e-05,-8.529794e-06,-2.1150877e-06,0.00010643358,6.226837e-05,-0.00021255408,-0.0069886995,0.0009181888,1.6650882e-05
0.0,0.0,0.0,0.0,0.0,0.0,1.0,0.65253514,0.2301345,0.11005837,0.45359588,-0.07594474,0.020999948,0.46333355,4.734474e-08,0.38548768,0.008603483,0.9216111,0.02046284,0.38747975,-2.3660701e-07,-0.569,3.20666e-07,-2.81,1.04846556e-07,3.037,0.741,0.04,0.04,-2.822449e-07,2.8272567e-07,3.8893137e-07,-1.2495693e-09,1.2751359e-07,-3.9082937e-10,5.486049e-07,-3.0518075e-14,-9.988721e-13,0.0,0.0,0.0,0.0,0.0,0.0,0.04,0.04,-2.4641864e-07,-0.569,3.3402824e-07,-2.81,1.0923038e-07,3.037,0.741,0.04,0.04,-2.8224474e-07,2.8272567e-07,3.8893128e-07,-1.2495688e-09,1.2751353e-07,-3.908194e-10,5.486049e-07,-3.123007e-14,-9.836719e-13,5.5879354e-09,2.3283064e-10,-3.7252903e-09,1.0,-1.489095e-10,-8.781334e-10,-8.472538e-11,0.0,0.0,0.0,0.0,0.0,0.0,0.6525328,0.23013936,0.11006081,0.999987,-0.0029833484,0.0041236985,0.00016628944,0.00044972304,7.800537e-05,-0.00021586478,0.00010616919,0.0043691634,0.00012054825,0.45359588,-0.07594474,0.02099994,1.0,-1.2792598e-05,-8.532213e-06,-2.1044857e-06,0.00010621316,6.261718e-05,-0.0002121508,-0.007007533,0.00089410134,1.6224421e-05
0.0,0.0,0.0,0.0,0.0,0.0,1.0,0.6525328,0.23013936,0.11006081,0.45359588,-0.07594474,0.020999944,0.46333355,4.734474e-08,0.38548768,0.008603483,0.9216111,0.02046284,0.38747975,-2.4641864e-07,-0.569,3.3402824e-07,-2.81,1.0923038e-07,3.037,0.741,0.04,0.04,-2.8224474e-07,2.8272567e-07,3.8893128e-07,-1.2495688e-09,1.2751353e-07,-3.908194e-10,5.486049e-07,-3.123007e-14,-9.836719e-13,0.0,0.0,0.0,0.0,0.0,0.0,0.04,0.04,-2.5623027e-07,-0.569,3.4739048e-07,-2.81,1.136142e-07,3.037,0.741,0.04,0.04,-2.8224477e-07,2.8272567e-07,3.889313e-07,-1.249582e-09,1.2751359e-07,-3.9080839e-10,5.4860476e-07,-6.0503306e-14,-9.323929e-13,5.5879354e-09,2.3283064e-10,-3.7252903e-09,1.0,-1.489095e-10,-8.781334e-10,-8.472538e-11,0.0,0.0,0.0,0.0,0.0,0.0,0.65253097,0.23014629,0.110062376,0.9999869,-0.0030101743,0.004116249,0.00016811704,0.0013864003,-0.0020033706,-0.0009956375,0.017206475,0.011229644,-0.0024093194,0.45359588,-0.07594474,0.020999944,1.0,-1.2692119e-05,-8.535243e-06,-2.0941216e-06,0.00010642024,6.2312e-05,-0.00021255617,-0.0069893994,0.00091812323,1.6618718e-05
0.0,0.0,0.0,0.0,0.0,0.0,1.0,0.65253097,0.23014629,0.110062376,0.45359588,-0.07594474,0.020999948,0.46333355,4.734474e-08,0.38548768,0.008603483,0.9216111,0.02046284,0.38747975,-2.5623027e-07,-0.569,3.4739048e-07,-2.81,1.136142e-07,3.037,0.741,0.04,0.04,-2.8224477e-07,2.8272567e-07,3.889313e-07,-1.249582e-09,1.2751359e-07,-3.9080839e-10,5.4860476e-07,-6.0503306e-14,-9.323929e-13,0.0,0.0,0.0,0.0,0.0,0.0,0.04,0.04,-2.660419e-07,-0.569,3.6075272e-07,-2.81,1.1799802e-07,3.037,0.741,0.04,0.04,-2.822448e-07,2.8272567e-07,3.8893134e-07,-1.2495698e-09,1.2751359e-07,-3.9082798e-10,5.486049e-07,7.3458085e-16,-9.670298e-13,5.5879354e-09,2.3283064e-10,-3.7252903e-09,1.0,-1.489095e-10,-8.781334e-10,-8.472538e-11,0.0,0.0,0.0,0.0,0.0,0.0,0.65253514,0.23013447,0.11005835,0.99998707,-0.0029621953,0.004132842,0.00016575924,0.0002497,-0.0005498952,-0.00018267776,0.005220156,0.0018048736,-0.00070082955,0.45359588,-0.075944744,0.020999948,1.0,-1.2568274e-05,-8.533356e-06,-2.1199362e-06,0.000106494444,6.214183e-05,-0.00021255409,-0.00698669,0.00091880665,1.6715185e-05
0.0,-0.2,0.0,0.0,0.0,0.0,1.0,0.65253514,0.23013447,0.11005835,0.45359588,-0.075944744,0.020999951,0.46333355,4.734474e-08,0.38548768,0.008603483,0.9216111,0.02046284,0.38747975,-2.660419e-07,-0.569,3.6075272e-07,-2.81,1.1799802e-07,3.037,0.741,0.04,0.04,-2.822448e-07,2.8272567e-07,3.8893134e-07,-1.2495698e-09,1.2751359e-07,-3.9082798e-10,5.486049e-07,7.3458085e-16,-9.670298e-13,0.0,-0.1,0.0,0.0,0.0,0.0,0.04,0.04,0.025795266,-0.5690875,-0.047344632,-2.8104725,0.00013157597,3.0367165,0.6979966,0.039942846,0.04,0.5086726,-0.0075747846,-1.5276073,0.0025075222,0.025348645,-0.017798495,-1.190983,0.00048778823,0.00016802066,5.5879354e-09,2.3283064e-10,-3.7252903e-09,1.0,-1.489095e-10,-8.781334e-10,-8.472538e-11,0.0,0.0,0.0,0.0,0.0,0.0,0.6525328,0.2301394,0.11006078,0.99998707,-0.0029835475,0.0041236174,0.00016634821,0.000449798,7.853191e-05,-0.00021557328,0.00010051162,0.0043699387,0.00012059155,0.45359588,-0.07594474,0.020999944,1.0,-1.2689444e-05,-8.5652055e-06,-2.108229e-06,0.000106434716,6.227135e-05,-0.0002125549,-0.006988892,0.0009180298,1.6651065e-05
0.0,-0.2,0.0,0.0,0.0,0.0,1.0,0.6525328,0.2301394,0.11006078,0.45359588,-0.07594474,0.020999948,0.46314463,-0.007863316,0.38494897,0.007856846,0.92155445,0.028796226,0.38710007,0.025795266,-0.5690875,-0.047344632,-2.8104725,0.00013157597,3.0367165,0.6979966,0.039942846,0.04,0.5086726,-0.0075747846,-1.5276073,0.0025075222,0.025348645,-0.017798495,-1.190983,0.00048778823,0.00016802066,0.0,-0.1,0.0,0.0,0.0,0.0,0.04,0.04,0.04381314,-0.5692875,-0.10220748,-2.809029,0.0010539093,3.035327,0.65504974,0.039964907,0.039999887,0.44746763,-0.005095393,-1.5637989,0.060903672,0.031194445,-0.04666556,-1.1870388,0.0009017602,-0.00012869295,5.5879354e-09,2.3283064e-10,-3.7252903e-09,1.0,-1.489095e-10,-8.781334e-10,-8.472538e-11,0.0,0.0,0.0,0.0,0.0,0.0,0.652531,0.2301463,0.11006239,0.99998695,-0.0030101915,0.0041163447,0.00016805314,0.0013882236,-0.0019983947,-0.0009972225,0.01715548,0.0112468675,-0.002409189,0.45359588,-0.075944744,0.020999948,1.0,-1.2565497e-05,-8.563429e-06,-2.13404e-06,0.00010649391,6.214419e-05,-0.00021255843,-0.006986576,0.00091886707,1.670943e-05
0.0,-0.2,0.0,0.0,0.0,0.0,1.0,0.652531,0.2301463,0.11006239,0.45359588,-0.075944744,0.020999951,0.46301252,-0.02254127,0.38463238,0.0077713733,0.9216168,0.029472768,0.38690257,0.04381314,-0.5692875,-0.10220748,-2.809029,0.0010539093,3.035327,0.65504974,0.039964907,0.039999887,0.44746763,-0.005095393,-1.5637989,0.060903672,0.031194445,-0.04666556,-1.1870388,0.0009017602,-0.00012869295,0.0,-0.1,0.0,0.0,0.0,0.0,0.04,0.04,0.06114065,-0.5692566,-0.15745185,-2.805571,0.0021259133,3.032885,0.6122391,0.03998208,0.03999789,0.44451705,0.0029028503,-1.5617509,0.11613242,0.034306984,-0.07574449,-1.1825396,0.00064519735,-0.00022899556,5.5879354e-09,2.3283064e-10,-3.7252903e-09,1.0,-1.489095e-10,-8.781334e-10,-8.472538e-11,0.0,0.0,0.0,0.0,0.0,0.0,0.65253514,0.23013447,0.11005838,0.999987,-0.0029622472,0.004132512,0.00016577211,0.0002499701,-0.00055614964,-0.00018498505,0.0052807876,0.0018143324,-0.0006980456,0.45359588,-0.075944744,0.020999944,1.0,-1.2534757e-05,-8.480273e-06,-2.1031094e-06,0.0001065142,6.2100145e-05,-0.00021256568,-0.006986203,0.00091891416,1.6743124e-05
0.0,0.0,0.0,0.0,0.0,0.0,1.0,0.65253514,0.23013447,0.11005838,0.45359588,-0.075944744,0.020999948,0.4628916,-0.037803784,0.38442206,0.007770688,0.92165744,0.029503673,0.38680315,0.06114065,-0.5692566,-0.15745185,-2.805571,0.0021259133,3.032885,0.6122391,0.03998208,0.03999789,0.44451705,0.0029028503,-1.5617509,0.11613242,0.034306984,-0.07574449,-1.1825396,0.00064519735,-0.00022899556,0.0,0.0,0.0,0.0,0.0,0.0,0.04,0.04,0.052619692,-0.56952554,-0.16565369,-2.804007,0.0029894544,3.0329566,0.6122564,0.04,0.039944787,-0.06814277,-0.016451694,-0.04367059,0.014889615,0.0046405084,0.0028890716,0.002219422,0.00015982061,0.00023444914,5.5879354e-09,2.3283064e-10,-3.7252903e-09,1.0,-1.489095e-10,-8.781334e-10,-8.472538e-11,0.0,0.0,0.0,0.0,0.0,0.0,0.6525314,0.23013917,0.11006151,0.999987,-0.002981676,0.004117498,0.00016655705,0.00043933518,0.00028798974,-0.00027501638,-0.0021925485,0.00438821,0.00014244419,0.45359588,-0.07594474,0.021,1.0,-1.2754423e-05,-8.647391e-06,-2.1185785e-06,0.00010638422,6.2153515e-05,-0.000212749,-0.0069910693,0.000916164,1.6994169e-05
0.0,0.0,0.0,0.0,0.0,0.0,1.0,0.6525314,0.23013917,0.11006151,0.45359588,-0.07594474,0.021000003,0.46264875,-0.045339108,0.38513395,0.008611947,0.9215627,0.02110359,0.38755995,0.052619692,-0.56952554,-0.16565369,-2.804007,0.0029894544,3.0329566,0.6122564,0.04,0.039944787,-0.06814277,-0.016451694,-0.04367059,0.014889615,0.0046405084,0.0028890716,0.002219422,0.00015982061,0.00023444914,0.0,0.0,0.0,0.0,0.0,0.0,0.04,0.04,0.051778678,-0.5698011,-0.16628006,-2.8037395,0.0030542463,3.0329955,0.61225957,0.04,0.03996546,-0.0060166214,-0.0038629356,-0.0039662193,0.0022851566,0.00019976284,0.00047284443,0.00017239898,6.104003e-07,0.0005947833,5.5879354e-09,2.3283064e-10,-3.7252903e-09,1.0,-1.489095e-10,-8.781334e-10,-8.472538e-11,0.0,0.0,0.0,0.0,0.0,0.0,0.65253097,0.23014632,0.11006241,0.99998695,-0.00301027,0.004116388,0.00016798085,0.0013885091,-0.0019964008,-0.0009998605,0.017128672,0.011236903,-0.002412301,0.45359588,-0.07594474,0.020999951,1.0,-1.2731326e-05,-8.733209e-06,-2.207226e-06,0.0001062917,6.229892e-05,-0.00021225911,-0.0070047793,0.00089364394,1.6535372e-05
0.0,0.0,0.0,0.0,0.0,0.0,1.0,0.65253097,0.23014632,0.11006242,0.45359588,-0.07594474,0.020999955,0.46264344,-0.046015415,0.38539502,0.0087224245,0.9214702,0.02036503,0.3878167,0.051778678,-0.5698011,-0.16628006,-2.8037395,0.0030542463,3.0329955,0.61225957,0.04,0.03996546,-0.0060166214,-0.0038629356,-0.0039662193,0.0022851566,0.00019976284,0.00047284443,0.00017239898,6.104003e-07,0.0005947833,0.0,0.0,0.0,0.0,0.0,0.0,0.04,0.04,0.051701274,-0.56985676,-0.1663358,-2.8036976,0.0030565232,3.0330021,0.61225957,0.04,0.039981622,-0.00059382035,-0.00065384863,-0.0003582377,0.00032288823,-2.3671473e-05,7.719115e-05,2.111746e-05,-2.182084e-08,0.00035951205,5.5879354e-09,2.3283064e-10,-3.7252903e-09,1.0,-1.489095e-10,-8.781334e-10,-8.472538e-11,0.0,0.0,0.0,0.0,0.0,0.0,0.65253514,0.23013449,0.11005841,0.99998707,-0.0029623706,0.004132794,0.0001657668,0.00024853932,-0.0005238714,-0.00017836486,0.004985389,0.0017641315,-0.00070864195,0.45359588,-0.07594473,0.020999946,1.0,-1.2897044e-05,-8.659945e-06,-2.2063787e-06,0.00010622713,6.263752e-05,-0.00021216423,-0.0070085414,0.0008940765,1.6192687e-05
0.0,0.0,0.0,0.0,0.0,0.0,1.0,0.65253514,0.23013449,0.11005841,0.45359588,-0.07594473,0.02099995,0.46264598,-0.04607805,0.38544375,0.008734614,0.9214518,0.020298779,0.38786364,0.051701274,-0.56985676,-0.1663358,-2.8036976,0.0030565232,3.0330021,0.61225957,0.04,0.039981622,-0.00059382035,-0.00065384863,-0.0003582377,0.00032288823,-2.3671473e-05,7.719115e-05,2.111746e-05,-2.182084e-08,0.00035951205,0.0,0.0,0.0,0.0,0.0,0.0,0.04,0.04,0.051693704,-0.5698659,-0.16634107,-2.8036923,0.003056333,3.0330021,0.61225957,0.04,0.039990466,-6.11677e-05,-9.803688e-05,-3.459453e-05,4.8696827e-05,-6.603437e-06,1.1500706e-05,2.6795005e-06,-2.5201043e-09,0.00019044444,5.5879354e-09,2.3283064e-10,-3.7252903e-09,1.0,-1.489095e-10,-8.781334e-10,-8.472538e-11,0.0,0.0,0.0,0.0,0.0,0.0,0.6525314,0.23013914,0.11006148,0.99998707,-0.0029815768,0.004117476,0.00016660748,0.00043876865,0.0002890805,-0.00027635982,-0.0022025784,0.0043826043,0.00014259445,0.45359588,-0.07594473,0.020999955,1.0,-1.293759e-05,-8.7655535e-06,-2.1201354e-06,0.00010605593,6.263622e-05,-0.00021183588,-0.007023064,0.00086929003,1.6126854e-05
0.0,-0.2,0.0,0.0,0.0,0.0,1.0,0.6525314,0.23013914,0.11006148,0.45359588,-0.07594473,0.020999959,0.4626463,-0.04608408,0.38545042,0.008735865,0.9214493,0.02029264,0.38787007,0.051693704,-0.5698659,-0.16634107,-2.8036923,0.003056333,3.0330021,0.61225957,0.04,0.039990466,-6.11677e-05,-9.803688e-05,-3.459453e-05,4.8696827e-05,-6.603437e-06,1.1500706e-05,2.6795005e-06,-2.5201043e-09,0.00019044444,0.0,-0.1,0.0,0.0,0.0,0.0,0.04,0.04,0.077819906,-0.5688513,-0.21323921,-2.7994134,0.003492752,3.0294623,0.56969994,0.039943002,0.04,0.52116007,0.036707003,-1.5115159,0.16209094,0.035762355,-0.107046954,-1.1772965,0.00045579174,0.0001808417,5.5879354e-09,2.3283064e-10,-3.7252903e-09,1.0,-1.489095e-10,-8.781334e-10,-8.472538e-11,0.0,0.0,0.0,0.0,0.0,0.0,0.65253097,0.23014635,0.11006237,0.999987,-0.0030107002,0.0041160244,0.00016801093,0.0013891318,-0.0020033086,-0.0009992832,0.017195046,0.011245276,-0.002415801,0.4535959,-0.07594475,0.020999948,1.0,-1.2334542e-05,-8.123861e-06,-2.2178897e-06,0.000106615924,6.205673e-05,-0.0002128405,-0.0069691828,0.000942779,1.6883165e-05
0.0,0.0,0.0,0.0,0.0,0.0,1.0,0.65253097,0.23014635,0.110062376,0.4535959,-0.07594475,0.020999951,0.4629001,-0.053854253,0.38462016,0.007891089,0.92157185,0.028664142,0.38706794,0.077819906,-0.5688513,-0.21323921,-2.7994134,0.003492752,3.0294623,0.56969994,0.039943002,0.04,0.52116007,0.036707003,-1.5115159,0.16209094,0.035762355,-0.107046954,-1.1772965,0.00045579174,0.0001808417,0.0,0.0,0.0,0.0,0.0,0.0,0.04,0.04,0.07017213,-0.56881726,-0.22079535,-2.7977865,0.0042823073,3.0295165,0.5697165,0.04,0.039951906,-0.064084046,-0.016880447,-0.040088646,0.01358995,0.003965661,0.0029150546,0.0021827654,0.00013481737,0.00014741255,5.5879354e-09,2.3283064e-10,-3.7252903e-09,1.0,-1.489095e-10,-8.781334e-10,-8.472538e-11,0.0,0.0,0.0,0.0,0.0,0.0,0.65253514,0.2301345,0.11005845,0.99998707,-0.0029626088,0.004132641,0.00016570484,0.00024770212,-0.00051107386,-0.00017334611,0.004859799,0.0017429664,-0.00071430433,0.45359588,-0.075944744,0.020999953,1.0,-1.2587085e-05,-8.38252e-06,-2.0703233e-06,0.0001075319,6.1451516e-05,-0.00021314935,-0.006967404,0.00095740316,1.6783206e-05
0.0,0.0,0.0,0.0,0.0,0.0,1.0,0.65253514,0.2301345,0.11005846,0.45359588,-0.075944744,0.020999957,0.46252096,-0.06075274,0.3851488,0.008679688,0.9215144,0.021009088,0.38767827,0.07017213,-0.56881726,-0.22079535,-2.7977865,0.0042823073,3.0295165,0.5697165,0.04,0.039951906,-0.064084046,-0.016880447,-0.040088646,0.01358995,0.003965661,0.0029150546,0.0021827654,0.00013481737,0.00014741255,0.0,0.0,0.0,0.0,0.0,0.0,0.04,0.04,0.06937378,-0.5691018,-0.22138016,-2.7975278,0.004338941,3.0295558,0.56971985,0.04,0.039969537,-0.006010138,-0.004000976,-0.0037895015,0.0023706367,0.000121024306,0.00049112074,0.0001698396,5.098793e-07,0.0005174561,5.5879354e-09,2.3283064e-10,-3.7252903e-09,1.0,-1.489095e-10,-8.781334e-10,-8.472538e-11,0.0,0.0,0.0,0.0,0.0,0.0,0.6525314,0.23013914,0.11006152,0.999987,-0.0029814004,0.004117415,0.0001665521,0.00044055935,0.0002907932,-0.0002735514,-0.0022347507,0.0043999664,0.00013711507,0.45359588,-0.07594475,0.020999957,1.0,-1.2474991e-05,-8.426933e-06,-1.9718343e-06,0.00010726242,6.169827e-05,-0.0002127205,-0.0069831824,0.00093255995,1.6495349e-05
0.0,0.0,0.0,0.0,0.0,0.0,1.0,0.6525314,0.23013914,0.11006153,0.45359588,-0.07594475,0.02099996,0.46249583,-0.061397135,0.38540214,0.008790165,0.921422,0.020311266,0.3879327,0.06937378,-0.5691018,-0.22138016,-2.7975278,0.004338941,3.0295558,0.56971985,0.04,0.039969537,-0.006010138,-0.004000976,-0.0037895015,0.0023706367,0.000121024306,0.00049112074,0.0001698396,5.098793e-07,0.0005174561,0.0,0.0,0.0,0.0,0.0,0.0,0.04,0.04,0.06929525,-0.5691607,-0.22143474,-2.7974837,0.0043405024,3.029563,0.56971985,0.04,0.039983727,-0.00064666837,-0.0006978752,-0.00036171224,0.00034924212,-3.4491e-05,8.096405e-05,2.1708809e-05,-2.2628514e-08,0.00031710934,5.5879354e-09,2.3283064e-10,-3.7252903e-09,1.0,-1.489095e-10,-8.781334e-10,-8.472538e-11,0.0,0.0,0.0,0.0,0.0,0.0,0.65253097,0.23014629,0.11006237,0.99998707,-0.0030100234,0.004116504,0.00016801183,0.0013892516,-0.0019948983,-0.0010005377,0.017111965,0.011243537,-0.0024129723,0.45359588,-0.075944744,0.020999953,1.0,-1.2642745e-05,-8.57681e-06,-2.2592164e-06,0.00010572166,6.263504e-05,-0.00021240422,-0.006991244,0.0009051274,1.690686e-05
0.0,0.0,0.0,0.0,0.0,0.0,1.0,0.65253097,0.23014629,0.110062376,0.45359588,-0.075944744,0.020999957,0.46249694,-0.06146094,0.3854526,0.008803606,0.92140263,0.020244777,0.38798177,0.06929525,-0.5691607,-0.22143474,-2.7974837,0.0043405024,3.029563,0.56971985,0.04,0.039983727,-0.00064666837,-0.0006978752,-0.00036171224,0.00034924212,-3.4491e-05,8.096405e-05,2.1708809e-05,-2.2628514e-08,0.00031710934,0.0,0.0,0.0,0.0,0.0,0.0,0.04,0.04,0.069286846,-0.5691704,-0.22144026,-2.7974775,0.0043402156,3.029563,0.56971985,0.04,0.03999155,-7.3847674e-05,-0.00010390015,-3.8357975e-05,5.631248e-05,-8.488543e-06,1.393031e-05,2.391528e-06,-2.5944653e-09,0.0001685617,5.5879354e-09,2.3283064e-10,-3.7252903e-09,1.0,-1.489095e-10,-8.781334e-10,-8.472538e-11,0.0,0.0,0.0,0.0,0.0,0.0,0.65253514,0.23013449,0.11005832,0.99998707,-0.0029620854,0.0041329116,0.00016567117,0.0002464147,-0.0005394863,-0.00018306472,0.0051339543,0.0017711908,-0.00069401297,0.45359588,-0.07594474,0.02099995,1.0,-1.2774817e-05,-8.6411565e-06,-2.005227e-06,0.00010729189,6.160931e-05,-0.00021273171,-0.0069818962,0.0009328127,1.6560309e-05
0.0,0.0,-0.2,0.0,0.0,0.0,1.0,0.65253514,0.23013449,0.11005832,0.45359588,-0.07594474,0.020999953,0.462497,-0.06146767,0.38545996,0.008804977,0.92139983,0.020237893,0.38798884,0.069286846,-0.5691704,-0.22144026,-2.7974775,0.0043402156,3.029563,0.56971985,0.04,0.03999155,-7.3847674e-05,-0.00010390015,-3.8357975e-05,5.631248e-05,-8.488543e-06,1.393031e-05,2.391528e-06,-2.5944653e-09,0.0001685617,0.0,0.0,-0.1,0.0,0.0,0.0,0.04,0.04,0.081978194,-0.552179,-0.23547755,-2.812343,0.007537551,3.0815158,0.5615748,0.04,0.039994244,0.36707938,0.70301217,-0.4412122,-0.6041411,0.10286533,1.427221,-0.22747527,2.1110345e-05,-6.692565e-05,5.5879354e-09,2.3283064e-10,-3.7252903e-09,1.0,-1.489095e-10,-8.781334e-10,-8.472538e-11,0.0,0.0,0.0,0.0,0.0,0.0,0.6525328,0.23013936,0.11006085,0.99998707,-0.0029832313,0.0041236104,0.00016631551,0.00044919964,7.759634e-05,-0.00021850788,0.000117297415,0.0043643056,0.00012263826,0.45359588,-0.07594474,0.02099996,1.0,-1.2629202e-05,-8.630346e-06,-2.1804017e-06,0.00010628138,6.234857e-05,-0.00021225435,-0.0070054885,0.0008937679,1.6502267e-05
0.0,0.0,-0.2,0.0,0.0,0.0,1.0,0.6525328,0.23013936,0.110060856,0.45359588,-0.07594474,0.020999964,0.46377352,-0.0620574,0.3795899,0.009874374,0.9176588,0.020375282,0.39672387,0.081978194,-0.552179,-0.23547755,-2.812343,0.007537551,3.0815158,0.5615748,0.04,0.039994244,0.36707938,0.70301217,-0.4412122,-0.6041411,0.10286533,1.427221,-0.22747527,2.1110345e-05,-6.692565e-05,0.0,0.0,-0.1,0.0,0.0,0.0,0.04,0.04,0.09859878,-0.5238773,-0.25408408,-2.8324566,0.011804155,3.1338553,0.5528911,0.04,0.039995234,0.500785,0.8805626,-0.5531441,-0.58439416,0.124692835,1.4534876,-0.24445137,9.0313114e-07,3.3220702e-05,5.5879354e-09,2.3283064e-10,-3.7252903e-09,1.0,-1.489095e-10,-8.781334e-10,-8.472538e-11,0.0,0.0,0.0,0.0,0.0,0.0,0.65253097,0.23014627,0.11006236,0.999987,-0.0030099459,0.004116378,0.00016798508,0.0013864667,-0.0019973963,-0.0009955723,0.017149694,0.011233651,-0.0024061224,0.45359588,-0.07594474,0.020999964,1.0,-1.25485185e-05,-8.599614e-06,-2.1115286e-06,0.000106258056,6.232965e-05,-0.0002122424,-0.007004836,0.0008932243,1.6533444e-05
0.0,0.0,-0.2,0.0,0.0,0.0,1.0,0.65253097,0.23014627,0.11006236,0.45359588,-0.07594474,0.020999968,0.4636445,-0.062326152,0.3656217,0.010191679,0.91714156,0.020158619,0.397921,0.09859878,-0.5238773,-0.25408408,-2.8324566,0.011804155,3.1338553,0.5528911,0.04,0.039995234,0.500785,0.8805626,-0.5531441,-0.58439416,0.124692835,1.4534876,-0.24445137,9.0313114e-07,3.3220702e-05,0.0,0.0,-0.1,0.0,0.0,0.0,0.04,0.04,0.120791316,-0.4913268,-0.27774552,-2.8511615,0.01624197,3.1875315,0.54375434,0.04,0.03999709,0.6651125,0.97988,-0.7075856,-0.5282282,0.12345809,1.4929216,-0.25459066,8.9410594e-07,3.461046e-05,5.5879354e-09,2.3283064e-10,-3.7252903e-09,1.0,-1.489095e-10,-8.781334e-10,-8.472538e-11,0.0,0.0,0.0,0.0,0.0,0.0,0.65253514,0.23013447,0.1100583,0.99998707,-0.002962102,0.004132793,0.00016577181,0.00025127523,-0.00057849224,-0.00018761912,0.0054777768,0.001852181,-0.0006929388,0.45359588,-0.07594475,0.02099996,1.0,-1.2503588e-05,-8.482405e-06,-2.0563161e-06,0.00010734194,6.1540944e-05,-0.00021273144,-0.006980955,0.00093325693,1.6566928e-05
0.0,0.0,-0.2,0.0,0.0,0.0,1.0,0.65253514,0.23013447,0.11005831,0.45359588,-0.07594475,0.020999964,0.46338785,-0.062399894,0.35071963,-0.0104602575,-0.9170156,-0.020089418,-0.39820752,0.120791316,-0.4913268,-0.27774552,-2.8511615,0.01624197,3.1875315,0.54375434,0.04,0.03999709,0.6651125,0.97988,-0.7075856,-0.5282282,0.12345809,1.4929216,-0.25459066,8.9410594e-07,3.461046e-05,0.0,0.0,-0.1,0.0,0.0,0.0,0.04,0.04,0.15018068,-0.45561567,-0.3084898,-2.867692,0.019886224,3.2426317,0.5347661,0.04,0.039998405,0.8784634,1.066226,-0.9224022,-0.46432653,0.091782436,1.5320654,-0.24369888,1.2706151e-06,2.0673073e-05,5.5879354e-09,2.3283064e-10,-3.7252903e-09,1.0,-1.489095e-10,-8.781334e-10,-8.472538e-11,0.0,0.0,0.0,0.0,0.0,0.0,0.6525328,0.2301394,0.110060796,0.999987,-0.002983782,0.0041235643,0.00016637846,0.00045032165,7.7606295e-05,-0.00021614977,0.00011083574,0.0043748906,0.0001202573,0.45359588,-0.07594474,0.020999957,1.0,-1.2652598e-05,-8.491555e-06,-2.105577e-06,0.00010648795,6.218992e-05,-0.000212566,-0.006987755,0.0009189102,1.6686634e-05
0.0,0.0,-0.2,0.0,0.0,0.0,1.0,0.6525328,0.2301394,0.110060796,0.45359588,-0.07594474,0.02099996,0.46311757,-0.06242409,0.33572027,-0.010782659,-0.916937,-0.020089805,-0.39838007,0.15018068,-0.45561567,-0.3084898,-2.867692,0.019886224,3.2426317,0.5347661,0.04,0.039998405,0.8784634,1.066226,-0.9224022,-0.46432653,0.091782436,1.5320654,-0.24369888,1.2706151e-06,2.0673073e-05,0.0,0.0,-0.1,0.0,0.0,0.0,0.04,0.04,0.18882473,-0.41706687,-0.348927,-2.8818526,0.020916538,3.2990603,0.52730143,0.04,0.039999228,1.1500658,1.1447556,-1.2135118,-0.3972003,0.0005560429,1.5677766,-0.18712698,2.7584124e-06,1.5872232e-05,5.5879354e-09,2.3283064e-10,-3.7252903e-09,1.0,-1.489095e-10,-8.781334e-10,-8.472538e-11,0.0,0.0,0.0,0.0,0.0,0.0,0.65253097,0.2301463,0.110062405,0.999987,-0.00301037,0.0041162185,0.00016804351,0.0013855633,-0.0020018783,-0.0009953734,0.017192736,0.011221004,-0.0024079783,0.45359588,-0.075944744,0.02099996,1.0,-1.2535506e-05,-8.492224e-06,-2.0933783e-06,0.00010641595,6.231505e-05,-0.00021254961,-0.0069893193,0.0009180799,1.6619486e-05
0.0,0.0,-0.2,0.0,0.0,0.0,1.0,0.65253097,0.2301463,0.110062405,0.45359588,-0.075944744,0.020999964,0.46285552,-0.06241472,0.32073167,-0.01117596,-0.91686106,-0.020159125,-0.39854044,0.18882473,-0.41706687,-0.348927,-2.8818526,0.020916538,3.2990603,0.52730143,0.04,0.039999228,1.1500658,1.1447556,-1.2135118,-0.3972003,0.0005560429,1.5677766,-0.18712698,2.7584124e-06,1.5872232e-05,0.0,0.0,-0.1,0.0,0.0,0.0,0.04,0.04,0.23866263,-0.37592527,-0.40197864,-2.8935351,0.01602363,3.3566315,0.52404153,0.04,0.039999817,1.4698788,1.2170818,-1.5851102,-0.32784763,-0.19573626,1.5978026,-0.04442441,2.3906148e-06,1.9499603e-05,5.5879354e-09,2.3283064e-10,-3.7252903e-09,1.0,-1.489095e-10,-8.781334e-10,-8.472538e-11,0.0,0.0,0.0,0.0,0.0,0.0,0.65253514,0.23013447,0.110058345,0.9999871,-0.0029622419,0.004132796,0.00016575083,0.00024656125,-0.0005411067,-0.00018273378,0.0051464676,0.0017722349,-0.0006960727,0.45359588,-0.075944744,0.020999957,1.0,-1.2650024e-05,-8.521846e-06,-2.1196697e-06,0.00010649916,6.214448e-05,-0.00021256138,-0.006986803,0.00091901596,1.6717462e-05
0.0,0.0,-0.2,0.0,0.0,0.0,1.0,0.65253514,0.23013447,0.11005835,0.45359588,-0.075944744,0.02099996,0.46260983,-0.062356755,0.30579,-0.011629671,-0.91677296,-0.020324469,-0.39872167,0.23866263,-0.37592527,-0.40197864,-2.8935351,0.01602363,3.3566315,0.52404153,0.04,0.039999817,1.4698788,1.2170818,-1.5851102,-0.32784763,-0.19573626,1.5978026,-0.04442441,2.3906148e-06,1.9499603e-05,0.0,0.0,-0.1,0.0,0.0,0.0,0.04,0.04,0.30033383,-0.3322014,-0.4698574,-2.9026449,0.00012538093,3.4150832,0.5294041,0.039999958,0.04,1.7903455,1.2932103,-2.0058775,-0.25606453,-0.545088,1.6202284,0.23367444,-1.9572108e-05,5.1582533e-06,5.5879354e-09,2.3283064e-10,-3.7252903e-09,1.0,-1.489095e-10,-8.781334e-10,-8.472538e-11,0.0,0.0,0.0,0.0,0.0,0.0,0.6525328,0.23013937,0.110060796,0.99998707,-0.002983561,0.004123395,0.00016636399,0.00044986408,7.7281904e-05,-0.00021712766,0.00011793072,0.0043711923,0.000121858466,0.45359588,-0.07594474,0.020999953,1.0,-1.2803549e-05,-8.528775e-06,-2.1109315e-06,0.000106213956,6.2616644e-05,-0.00021215537,-0.0070076226,0.0008940497,1.622571e-05
0.0,0.0,-0.2,0.0,0.0,0.0,1.0,0.6525328,0.23013937,0.110060796,0.45359588,-0.07594474,0.020999957,0.46238744,-0.06223408,0.29095137,-0.012098461,-0.9166473,-0.02060625,-0.39898184,0.30033383,-0.3322014,-0.4698574,-2.9026449,0.00012538093,3.4150832,0.5294041,0.039999958,0.04,1.7903455,1.2932103,-2.0058775,-0.25606453,-0.545088,1.6202284,0.23367444,-1.9572108e-05,5.1582533e-06,0.0,0.0,-0.1,0.0,0.0,0.0,0.04,0.04,0.3680599,-0.28518555,-0.54243886,-2.908949,-0.03243098,3.4741905,0.54917777,0.04,0.03998759,2.0593219,1.3948789,-2.174711,-0.17422557,-1.063096,1.6393231,0.67813736,5.740217e-05,0.000463523,5.5879354e-09,2.3283064e-10,-3.7252903e-09,1.0,-1.489095e-10,-8.781334e-10,-8.472538e-11,0.0,0.0,0.0,0.0,0.0,0.0,0.652531,0.23014629,0.11006236,0.9999869,-0.0030101382,0.0041163103,0.00016810368,0.0013855265,-0.0019996362,-0.0009956276,0.017171025,0.011220178,-0.002407083,0.45359588,-0.07594474,0.020999957,1.0,-1.27030935e-05,-8.531725e-06,-2.1005415e-06,0.00010642021,6.2312196e-05,-0.0002125562,-0.006989449,0.00091797346,1.6618309e-05
0.0,0.0,-0.2,0.0,0.0,0.0,1.0,0.652531,0.23014629,0.11006236,0.45359588,-0.07594474,0.02099996,0.462618,-0.059548028,0.2769491,-0.012516648,-0.9161557,-0.024008214,-0.39990735,0.3680599,-0.28518555,-0.54243886,-2.908949,-0.03243098,3.4741905,0.54917777,0.04,0.03998759,2.0593219,1.3948789,-2.174711,-0.17422557,-1.063096,1.6393231,0.67813736,5.740217e-05,0.000463523,0.0,0.0,-0.1,0.0,0.0,0.0,0.04,0.04,0.43697456,-0.23283766,-0.61499405,-2.9122193,-0.08602927,3.5340214,0.58849025,0.04,0.03998787,2.0692635,1.5761815,-2.174081,-0.085636616,-1.6646047,1.6631421,1.25144,0.0002438174,0.000769683,5.5879354e-09,2.3283064e-10,-3.7252903e-09,1.0,-1.489095e-10,-8.781334e-10,-8.472538e-11,0.0,0.0,0.0,0.0,0.0,0.0,0.65253514,0.23013447,0.11005826,0.99998707,-0.0029621525,0.004132681,0.00016579119,0.0002516716,-0.00057843863,-0.00018787655,0.0054760994,0.001856777,-0.00069301366,0.45359588,-0.075944744,0.02099996,1.0,-1.25792785e-05,-8.530026e-06,-2.1263304e-06,0.00010649512,6.214284e-05,-0.0002125561,-0.006986545,0.0009189183,1.671554e-05
0.0,0.0,-0.2,0.0,0.0,0.0,1.0,0.65253514,0.23013447,0.11005826,0.45359588,-0.075944744,0.020999964,0.46330446,-0.05357755,0.26367435,-0.011878043,-0.91525555,-0.031063765,-0.40149868,0.43697456,-0.23283766,-0.61499405,-2.9122193,-0.08602927,3.5340214,0.58849025,0.04,0.03998787,2.0692635,1.5761815,-2.174081,-0.085636616,-1.6646047,1.6631421,1.25144,0.0002438174,0.000769683,0.0,0.0,-0.1,0.0,0.0,0.0,0.04,0.04,0.5021744,-0.17187281,-0.6874757,-2.911853,-0.16067368,3.5953827,0.6498273,0.039994624,0.04,1.852887,1.8635596,-2.1730635,0.022002015,-2.2260213,1.7147782,1.8672999,-0.00032302132,0.00023693404,5.5879354e-09,2.3283064e-10,-3.7252903e-09,1.0,-1.489095e-10,-8.781334e-10,-8.472538e-11,0.0,0.0,0.0,0.0,0.0,0.0,0.6525328,0.2301394,0.11006078,0.999987,-0.0029836106,0.0041233627,0.00016643034,0.00045122104,7.5592834e-05,-0.00021585826,0.00012954803,0.0043835454,0.00011882227,0.45359588,-0.075944744,0.020999957,1.0,-1.2551622e-05,-8.448572e-06,-2.115358e-06,0.00010649907,6.214538e-05,-0.00021256563,-0.006987016,0.0009188926,1.6720389e-05
0.0,0.0,-0.2,0.0,0.0,0.0,1.0,0.6525328,0.2301394,0.11006078,0.45359588,-0.075944744,0.02099996,0.46395054,-0.046296954,0.25033823,-0.009720027,-0.91426706,-0.039134026,-0.40310007,0.5021744,-0.17187281,-0.6874757,-2.911853,-0.16067368,3.5953827,0.6498273,0.039994624,0.04,1.852887,1.8635596,-2.1730635,0.022002015,-2.2260213,1.7147782,1.8672999,-0.00032302132,0.00023693404,0.0,0.0,-0.1,0.0,0.0,0.0,0.04,0.04,0.5519101,-0.100211985,-0.75506496,-2.907349,-0.24768095,3.659903,0.7319194,0.03998392,0.04,1.173566,2.1722121,-1.8168472,0.16585836,-2.5909288,1.8228985,2.409907,-0.0002302123,8.685957e-05,5.5879354e-09,2.3283064e-10,-3.7252903e-09,1.0,-1.489095e-10,-8.781334e-10,-8.472538e-11,0.0,0.0,0.0,0.0,0.0,0.0,0.65253097,0.2301463,0.11006239,0.9999869,-0.0030101703,0.004116243,0.00016807223,0.0013860969,-0.0019987633,-0.0009954334,0.017163618,0.011228836,-0.0024062481,0.4535959,-0.075944744,0.020999953,1.0,-1.2674897e-05,-8.519371e-06,-1.9973781e-06,0.000107055894,6.2000276e-05,-0.00021231899,-0.0070012854,0.00090853457,1.609997e-05
0.0,0.0,-0.2,0.0,0.0,0.0,1.0,0.65253097,0.2301463,0.11006239,0.4535959,-0.075944744,0.020999957,0.46393946,-0.042298723,0.23674506,-0.007132799,-0.91356003,-0.042061,-0.40445986,0.5519101,-0.100211985,-0.75506496,-2.907349,-0.24768095,3.659903,0.7319194,0.03998392,0.04,1.173566,2.1722121,-1.8168472,0.16585836,-2.5909288,1.8228985,2.409907,-0.0002302123,8.685957e-05,0.0,0.0,-0.1,0.0,0.0,0.0,0.04,0.04,0.5720432,-0.027628286,-0.7979842,-2.8988543,-0.33348393,3.7292635,0.8189119,0.03998542,0.04,0.2880182,2.1736076,-0.96082973,0.30025792,-2.4454193,1.9728394,2.5958261,2.285925e-06,5.424147e-05,5.5879354e-09,2.3283064e-10,-3.7252903e-09,1.0,-1.489095e-10,-8.781334e-10,-8.472538e-11,0.0,0.0,0.0,0.0,0.0,0.0,0.65253514,0.23013449,0.11005842,0.9999872,-0.0029623578,0.0041328417,0.00016573834,0.0002489321,-0.00052467186,-0.0001780682,0.0049910946,0.0017673306,-0.0007100329,0.45359588,-0.075944744,0.020999959,1.0,-1.2607395e-05,-8.595157e-06,-2.0230318e-06,0.000107207656,6.201022e-05,-0.00021274532,-0.0069896393,0.0009323562,1.626904e-05
0.0,0.0,-0.2,0.0,0.0,0.0,1.0,0.65253514,0.23013449,0.11005843,0.45359588,-0.075944744,0.020999962,0.46424145,-0.04067539,0.22673842,-0.0035393834,-0.9112689,-0.04230383,-0.40961805,0.5720432,-0.027628286,-0.7979842,-2.8988543,-0.33348393,3.7292635,0.8189119,0.03998542,0.04,0.2880182,2.1736076,-0.96082973,0.30025792,-2.4454193,1.9728394,2.5958261,2.285925e-06,5.424147e-05,0.0,0.0,-0.1,0.0,0.0,0.0,0.04,0.04,0.5656856,0.04463204,-0.81020373,-2.884953,-0.40480965,3.7525,0.90164435,0.03999014,0.039995387,-0.31144413,2.1734095,-0.16115117,0.41338235,-1.8013794,1.8919718e-07,2.2630534,0.00061265915,-0.00027700575,5.5879354e-09,2.3283064e-10,-3.7252903e-09,1.0,-1.489095e-10,-8.781334e-10,-8.472538e-11,0.0,0.0,0.0,0.0,0.0,0.0,0.6525329,0.23013939,0.11006081,0.999987,-0.0029835263,0.004123311,0.00016641319,0.0004498118,7.737178e-05,-0.00021924735,0.00012474363,0.004371565,0.00012475127,0.45359588,-0.07594474,0.020999955,1.0,-1.2762871e-05,-8.600174e-06,-2.014294e-06,0.00010716473,6.1974635e-05,-0.0002127294,-0.0069883666,0.00093160983,1.6331767e-05
0.0,0.0,-0.2,0.0,0.0,0.0,1.0,0.6525329,0.23013939,0.11006081,0.45359588,-0.07594474,0.020999959,0.46236634,-0.04097113,0.20905939,-0.0012605488,-0.9176054,-0.039966792,-0.39547628,0.5656856,0.04463204,-0.81020373,-2.884953,-0.40480965,3.7525,0.90164435,0.03999014,0.039995387,-0.31144413,2.1734095,-0.16115117,0.41338235,-1.8013794,1.8919718e-07,2.2630534,0.00061265915,-0.00027700575,0.0,0.0,-0.1,0.0,0.0,0.0,0.04,0.04,0.54464036,0.11708649,-0.8008399,-2.8691187,-0.45659855,3.7525003,0.973709,0.04,0.03999124,-0.6606989,2.1734557,0.39111498,0.48988718,-1.2894506,1.966171e-06,1.8950684,0.0006117998,-0.0003179912,5.5879354e-09,2.3283064e-10,-3.7252903e-09,1.0,-1.489095e-10,-8.781334e-10,-8.472538e-11,0.0,0.0,0.0,0.0,0.0,0.0,0.652532,0.23014602,0.11006197,0.99998695,-0.0030094672,0.0041201725,0.00016761155,0.0007925426,-0.002331584,-0.0006927565,0.020524587,0.0059881858,-0.0021796557,0.45359588,-0.07594474,0.020999959,1.0,-1.2639498e-05,-8.561761e-06,-2.166387e-06,0.000106471794,6.224678e-05,-0.0002125608,-0.0069888993,0.00091856095,1.6641106e-05
0.0,0.0,-0.2,0.0,0.0,0.0,1.0,0.652532,0.23014602,0.11006197,0.45359588,-0.07594474,0.020999962,0.45861402,-0.043111935,0.1863426,-0.0024313629,-0.9281496,-0.03491199,-0.37055856,0.54464036,0.11708649,-0.8008399,-2.8691187,-0.45659855,3.7525003,0.973709,0.04,0.03999124,-0.6606989,2.1734557,0.39111498,0.48988718,-1.2894506,1.966171e-06,1.8950684,0.0006117998,-0.0003179912,0.0,0.0,-0.1,0.0,0.0,0.0,0.04,0.04,0.51760066,0.18948643,-0.7784622,-2.8520226,-0.4882816,3.7525003,1.0291204,0.04,0.03999013,-0.76446337,2.1730509,0.6928357,0.5061065,-0.7335975,2.7059605e-07,1.4243084,0.000570293,-0.00021224575,5.5879354e-09,2.3283064e-10,-3.7252903e-09,1.0,-1.489095e-10,-8.781334e-10,-8.472538e-11,0.0,0.0,0.0,0.0,0.0,0.0,0.6525351,0.23013476,0.110058345,0.99998707,-0.0029627834,0.0041330024,0.00016571723,0.00029196884,-0.00057312916,-0.00014741145,0.0052020205,0.0021771716,-0.0008276056,0.45359588,-0.07594474,0.020999955,1.0,-1.277514e-05,-8.562956e-06,-2.1358885e-06,0.0001062273,6.2570754e-05,-0.00021215304,-0.0070067747,0.00089418405,1.6252841e-05
0.0,0.0,0.0,0.0,0.0,0.0,1.0,0.6525351,0.23013476,0.11005835,0.45359588,-0.07594474,0.020999959,0.4546157,-0.046159867,0.16321337,-0.0064275567,-0.9378699,-0.029815048,-0.34564385,0.51760066,0.18948643,-0.7784622,-2.8520226,-0.4882816,3.7525003,1.0291204,0.04,0.03999013,-0.76446337,2.1730509,0.6928357,0.5061065,-0.7335975,2.7059605e-07,1.4243084,0.000570293,-0.00021224575,0.0,0.0,0.0,0.0,0.0,0.0,0.04,0.04,0.5196288,0.2069765,-0.7763049,-2.85391,-0.48770037,3.7505634,1.0294136,0.03999865,0.03998153,0.08059866,0.022696827,0.037149824,-0.041752707,0.0015834855,-0.034452196,0.016946668,-0.0002563466,0.0006994088,5.5879354e-09,2.3283064e-10,-3.7252903e-09,1.0,-1.489095e-10,-8.781334e-10,-8.472538e-11,0.0,0.0,0.0,0.0,0.0,0.0,0.6525328,0.23013934,0.110060796,0.99998707,-0.002983152,0.0041234368,0.00016632448,0.00044939757,7.5720716e-05,-0.00022021406,0.0001414115,0.0043668607,0.0001242593,0.45359588,-0.07594474,0.020999959,1.0,-1.26711675e-05,-8.564659e-06,-2.105606e-06,0.00010643094,6.226901e-05,-0.0002125562,-0.006988687,0.0009180372,1.6650145e-05
0.0,0.0,0.0,0.0,0.0,0.0,1.0,0.6525328,0.23013934,0.110060796,0.45359588,-0.07594474,0.020999962,0.4511022,-0.04581983,0.15565586,-0.009448051,-0.94102997,-0.03254047,-0.336622,0.5196288,0.2069765,-0.7763049,-2.85391,-0.48770037,3.7505634,1.0294136,0.03999865,0.03998153,0.08059866,0.022696827,0.037149824,-0.041752707,0.0015834855,-0.034452196,0.016946668,-0.0002563466,0.0006994088,0.0,0.0,0.0,0.0,0.0,0.0,0.04,0.04,0.5213295,0.20745128,-0.77567506,-2.854349,-0.48785394,3.7505097,1.0294595,0.03999386,0.03999569,0.027555007,0.0057922946,0.009044455,-0.00091341784,-0.0047282646,-0.001125962,0.0023537155,-2.7055974e-05,0.00023246185,5.5879354e-09,2.3283064e-10,-3.7252903e-09,1.0,-1.489095e-10,-8.781334e-10,-8.472538e-11,0.0,0.0,0.0,0.0,0.0,0.0,0.652532,0.23014605,0.11006198,0.99998695,-0.0030096106,0.004120395,0.0001675006,0.000797631,-0.0023400295,-0.0006953514,0.020601867,0.0060337186,-0.0021871235,0.45359588,-0.07594474,0.020999955,1.0,-1.2813447e-05,-8.568261e-06,-2.1149424e-06,0.00010620074,6.2661464e-05,-0.0002121508,-0.0070083286,0.0008939194,1.6191165e-05
0.0,0.0,0.0,0.0,0.0,0.0,1.0,0.652532,0.23014605,0.11006199,0.45359588,-0.07594474,0.020999959,0.4509066,-0.044742152,0.15529138,-0.009043425,-0.9411551,-0.03365779,-0.33617353,0.5213295,0.20745128,-0.77567506,-2.854349,-0.48785394,3.7505097,1.0294595,0.03999386,0.03999569,0.027555007,0.0057922946,0.009044455,-0.00091341784,-0.0047282646,-0.001125962,0.0023537155,-2.7055974e-05,0.00023246185,0.0,0.0,0.0,0.0,0.0,0.0,0.04,0.04,0.5218751,0.20754264,-0.7754923,-2.8543813,-0.48789728,3.7505095,1.0294691,0.03999512,0.039999362,0.008542397,0.0013221399,0.0025808509,-0.00031663358,-0.0013239247,-5.641335e-05,0.0005457827,5.086514e-05,5.6211065e-05,5.5879354e-09,2.3283064e-10,-3.7252903e-09,1.0,-1.489095e-10,-8.781334e-10,-8.472538e-11,0.0,0.0,0.0,0.0,0.0,0.0,0.6525351,0.23013476,0.11005848,0.9999871,-0.0029631276,0.004132636,0.00016570928,0.00028402611,-0.00051780976,-0.00012403491,0.004721429,0.0020030732,-0.0008518941,0.45359588,-0.07594474,0.020999959,1.0,-1.271307e-05,-8.571075e-06,-2.104585e-06,0.00010641784,6.231432e-05,-0.00021255617,-0.006989479,0.00091806875,1.6625663e-05
0.0,0.0,0.0,0.0,0.0,0.0,1.0,0.6525351,0.23013476,0.11005849,0.45359588,-0.07594474,0.020999962,0.45090455,-0.04440753,0.155236,-0.008915871,-0.9411651,-0.034014106,-0.33611274,0.5218751,0.20754264,-0.7754923,-2.8543813,-0.48789728,3.7505095,1.0294691,0.03999512,0.039999362,0.008542397,0.0013221399,0.0025808509,-0.00031663358,-0.0013239247,-5.641335e-05,0.0005457827,5.086514e-05,5.6211065e-05,0.0,0.0,0.0,0.0,0.0,0.0,0.04,0.04,0.52204037,0.20756641,-0.7754373,-2.8543909,-0.48791063,3.7505095,1.029472,0.03999695,0.03999999,0.0025785924,0.00039617374,0.0007763041,-8.167454e-05,-0.0004009569,-7.2177536e-06,0.00016368095,4.681915e-05,8.055312e-08,5.5879354e-09,2.3283064e-10,-3.7252903e-09,1.0,-1.489095e-10,-8.781334e-10,-8.472538e-11,0.0,0.0,0.0,0.0,0.0,0.0,0.6525328,0.23013937,0.110060826,0.9999871,-0.002983295,0.0041236356,0.00016631681,0.00044863267,7.7497796e-05,-0.0002179733,0.00011684437,0.004358998,0.00012254286,0.45359588,-0.075944744,0.020999962,1.0,-1.2591184e-05,-8.564699e-06,-2.052422e-06,0.0001072469,6.1754654e-05,-0.00021272678,-0.0069844094,0.00093241734,1.6456335e-05
0.0,-0.2,0.0,0.0,0.0,0.0,1.0,0.6525328,0.23013937,0.110060826,0.45359588,-0.075944744,0.020999966,0.4509045,-0.044306047,0.15522072,-0.008876443,-0.94116765,-0.03412178,-0.33609584,0.52204037,0.20756641,-0.7754373,-2.8543909,-0.48791063,3.7505095,1.029472,0.03999695,0.03999999,0.0025785924,0.00039617374,0.0007763041,-8.167454e-05,-0.0004009569,-7.2177536e-06,0.00016368095,4.681915e-05,8.055312e-08,0.0,-0.1,0.0,0.0,0.0,0.0,0.04,0.04,0.48619494,0.21762364,-0.77213305,-2.839786,-0.5676185,3.7525017,1.0538437,0.039959226,0.04,-1.3561552,0.33116937,-0.012212953,0.45338657,-2.2176664,-4.1956027e-05,0.68916774,-0.0004008055,0.00081029057,5.5879354e-09,2.3283064e-10,-3.7252903e-09,1.0,-1.489095e-10,-8.781334e-10,-8.472538e-11,0.0,0.0,0.0,0.0,0.0,0.0,0.65253097,0.23014627,0.11006236,0.999987,-0.0030100134,0.0041162414,0.00016807819,0.0013871527,-0.0019984846,-0.0009962522,0.017158017,0.011238199,-0.0024079373,0.45359588,-0.07594474,0.020999959,1.0,-1.2741997e-05,-8.569192e-06,-2.0237524e-06,0.00010716534,6.197504e-05,-0.00021272949,-0.0069881137,0.0009317079,1.6327023e-05
0.0,0.0,0.0,0.0,0.0,0.0,1.0,0.65253097,0.23014627,0.11006236,0.45359588,-0.07594474,0.020999962,0.45065284,-0.046225697,0.1532343,-0.0038229525,-0.941875,-0.047815204,-0.33252156,0.48619494,0.21762364,-0.77213305,-2.839786,-0.5676185,3.7525017,1.0538437,0.039959226,0.04,-1.3561552,0.33116937,-0.012212953,0.45338657,-2.2176664,-4.1956027e-05,0.68916774,-0.0004008055,0.00081029057,0.0,0.0,0.0,0.0,0.0,0.0,0.04,0.04,0.47031623,0.21834096,-0.7767395,-2.8386486,-0.5669091,3.7521992,1.0535623,0.04,0.03998411,-0.22688445,-0.037758537,-0.07086207,-0.0005723392,0.04243535,-0.0050415574,-0.014518629,0.0003378386,-0.00046079519,5.5879354e-09,2.3283064e-10,-3.7252903e-09,1.0,-1.489095e-10,-8.781334e-10,-8.472538e-11,0.0,0.0,0.0,0.0,0.0,0.0,0.65253514,0.23013444,0.11005831,0.99998707,-0.0029619853,0.0041326745,0.00016584896,0.00025128238,-0.0005797834,-0.00018970785,0.005493246,0.0018571095,-0.0006891912,0.45359588,-0.07594474,0.020999962,1.0,-1.2626155e-05,-8.568811e-06,-2.0115153e-06,0.00010723524,6.180284e-05,-0.00021272694,-0.0069852187,0.00093241286,1.6423275e-05
0.0,0.0,0.0,0.0,0.0,0.0,1.0,0.65253514,0.23013444,0.11005831,0.45359588,-0.07594474,0.020999966,0.45011234,-0.055867255,0.15354022,-0.008100092,-0.94219136,-0.038330317,-0.33277714,0.47031623,0.21834096,-0.7767395,-2.8386486,-0.5669091,3.7521992,1.0535623,0.04,0.03998411,-0.22688445,-0.037758537,-0.07086207,-0.0005723392,0.04243535,-0.0050415574,-0.014518629,0.0003378386,-0.00046079519,0.0,0.0,0.0,0.0,0.0,0.0,0.04,0.04,0.46594188,0.21770535,-0.7782228,-2.8384593,-0.566559,3.752184,1.0534761,0.04,0.03998062,-0.06698179,-0.010771858,-0.020825312,0.002216315,0.010641123,-2.0146723e-05,-0.0046000546,2.4576468e-05,8.144982e-05,5.5879354e-09,2.3283064e-10,-3.7252903e-09,1.0,-1.489095e-10,-8.781334e-10,-8.472538e-11,0.0,0.0,0.0,0.0,0.0,0.0,0.6525328,0.23013936,0.11006082,0.999987,-0.0029834558,0.0041233157,0.00016639785,0.00045103248,7.5549644e-05,-0.00021804035,0.00013740869,0.0043823216,0.00012188267,0.45359588,-0.07594474,0.020999959,1.0,-1.27692765e-05,-8.571815e-06,-2.0208963e-06,0.00010716405,6.197504e-05,-0.00021272924,-0.0069880723,0.0009316641,1.632229e-05
0.0,0.0,0.0,0.0,0.0,0.0,1.0,0.6525328,0.23013936,0.110060826,0.45359588,-0.07594474,0.020999962,0.4500102,-0.058569565,0.15393105,-0.0091659725,-0.94214606,-0.0354788,-0.3331936,0.46594188,0.21770535,-0.7782228,-2.8384593,-0.566559,3.752184,1.0534761,0.04,0.03998062,-0.06698179,-0.010771858,-0.020825312,0.002216315,0.010641123,-2.0146723e-05,-0.0046000546,2.4576468e-05,8.144982e-05,0.0,0.0,0.0,0.0,0.0,0.0,0.04,0.04,0.46465454,0.2175125,-0.7786611,-2.8383884,-0.5664556,3.75218,1.05345,0.04,0.039986346,-0.019761352,-0.0032446922,-0.006166483,0.00064148026,0.003160082,2.3709645e-05,-0.0013753349,2.0264936e-06,0.00017527053,5.5879354e-09,2.3283064e-10,-3.7252903e-09,1.0,-1.489095e-10,-8.781334e-10,-8.472538e-11,0.0,0.0,0.0,0.0,0.0,0.0,0.652532,0.23014607,0.11006199,0.99998695,-0.0030095887,0.004120309,0.00016751268,0.00079544145,-0.0023364262,-0.0006943509,0.02056805,0.006014004,-0.0021842003,0.45359588,-0.07594474,0.020999962,1.0,-1.26567975e-05,-8.5727315e-06,-2.0286216e-06,0.00010723619,6.1799095e-05,-0.00021273119,-0.006985146,0.0009324561,1.6424325e-05
0.0,0.0,0.0,0.0,0.0,0.0,1.0,0.652532,0.23014607,0.11006199,0.45359588,-0.07594474,0.020999966,0.44998482,-0.059366435,0.154053,-0.009481043,-0.9421277,-0.03464061,-0.33332503,0.46465454,0.2175125,-0.7786611,-2.8383884,-0.5664556,3.75218,1.05345,0.04,0.039986346,-0.019761352,-0.0032446922,-0.006166483,0.00064148026,0.003160082,2.3709645e-05,-0.0013753349,2.0264936e-06,0.00017527053,0.0,0.0,0.0,0.0,0.0,0.0,0.04,0.04,0.4642743,0.21745498,-0.77879053,-2.8383675,-0.56642497,3.75218,1.0534422,0.04,0.039991856,-0.0058390205,-0.0009583635,-0.001822589,0.00018777071,0.0009356153,6.3143e-06,-0.00041097077,1.3902033e-07,0.00013368708,5.5879354e-09,2.3283064e-10,-3.7252903e-09,1.0,-1.489095e-10,-8.781334e-10,-8.472538e-11,0.0,0.0,0.0,0.0,0.0,0.0,0.6525351,0.23013471,0.11005836,0.9999871,-0.0029625902,0.004132807,0.0001657542,0.00029223476,-0.0005808345,-0.00015318909,0.005279865,0.002193662,-0.0008204077,0.45359588,-0.07594474,0.020999959,1.0,-1.262773e-05,-8.492869e-06,-2.0176221e-06,0.00010696712,6.223074e-05,-0.00021232144,-0.0070053567,0.0009077395,1.5964355e-05
0.0,-0.2,0.0,0.0,0.0,0.0,1.0,0.6525351,0.23013471,0.11005837,0.45359588,-0.07594474,0.020999962,0.4499773,-0.059601955,0.15408969,-0.009574115,-0.9421218,-0.034392893,-0.3333645,0.4642743,0.21745498,-0.77879053,-2.8383675,-0.56642497,3.75218,1.0534422,0.04,0.039991856,-0.0058390205,-0.0009583635,-0.001822589,0.00018777071,0.0009356153,6.3143e-06,-0.00041097077,1.3902033e-07,0.00013368708,0.0,-0.1,0.0,0.0,0.0,0.0,0.04,0.04,0.42746037,0.22907735,-0.7735638,-2.820762,-0.6455638,3.7525022,1.0802083,0.039959624,0.04,-1.3733917,0.38788465,0.041998327,0.5555042,-2.1983888,-4.690444e-05,0.7569853,-0.0004264012,0.000761252,5.5879354e-09,2.3283064e-10,-3.7252903e-09,1.0,-1.489095e-10,-8.781334e-10,-8.472538e-11,0.0,0.0,0.0,0.0,0.0,0.0,0.6525328,0.23013934,0.110060826,0.999987,-0.0029831938,0.004123536,0.00016622379,0.00044945767,7.659942e-05,-0.00021806922,0.00012585729,0.004366887,0.00012195003,0.45359588,-0.075944744,0.020999962,1.0,-1.2501478e-05,-8.488492e-06,-2.0234693e-06,0.000107236425,6.179999e-05,-0.00021272463,-0.006985114,0.0009323162,1.6421545e-05
0.0,-0.2,0.0,0.0,0.0,0.0,1.0,0.6525328,0.23013934,0.110060826,0.45359588,-0.075944744,0.020999966,0.4497745,-0.062044244,0.15168017,-0.0048828125,-0.9431787,-0.047399342,-0.32885152,0.42746037,0.22907735,-0.7735638,-2.820762,-0.6455638,3.7525022,1.0802083,0.039959624,0.04,-1.3733917,0.38788465,0.041998327,0.5555042,-2.1983888,-4.690444e-05,0.7569853,-0.0004264012,0.000761252,0.0,-0.1,0.0,0.0,0.0,0.0,0.04,0.04,0.37556094,0.2427216,-0.7718508,-2.7994993,-0.72227204,3.752501,1.1077414,0.039957993,0.04,-1.5785985,0.38788873,0.009084874,0.6291873,-2.1099727,-2.2118385e-05,0.7798964,0.0004103531,8.760076e-05,5.5879354e-09,2.3283064e-10,-3.7252903e-09,1.0,-1.489095e-10,-8.781334e-10,-8.472538e-11,0.0,0.0,0.0,0.0,0.0,0.0,0.6525319,0.23014607,0.11006202,0.99998695,-0.0030097666,0.004120316,0.00016752932,0.0007970959,-0.0023407529,-0.0006942934,0.02061255,0.006031681,-0.0021857033,0.45359588,-0.075944744,0.020999959,1.0,-1.2644519e-05,-8.491373e-06,-2.0328537e-06,0.00010716444,6.1974126e-05,-0.00021272508,-0.0069881706,0.0009317563,1.6329108e-05
0.0,0.0,0.0,0.0,0.0,0.0,1.0,0.6525319,0.23014607,0.11006202,0.45359588,-0.075944744,0.020999962,0.4488405,-0.074364044,0.1494593,-0.004804224,-0.9445809,-0.05079466,-0.32428905,0.37556094,0.2427216,-0.7718508,-2.7994993,-0.72227204,3.752501,1.1077414,0.039957993,0.04,-1.5785985,0.38788873,0.009084874,0.6291873,-2.1099727,-2.2118385e-05,0.7798964,0.0004103531,8.760076e-05,0.0,0.0,0.0,0.0,0.0,0.0,0.04,0.04,0.35665497,0.24335282,-0.77806985,-2.7972465,-0.7211647,3.752118,1.1073338,0.04,0.039969426,-0.2667535,-0.05413246,-0.092191815,-0.004390873,0.050840445,-0.006115067,-0.021198248,0.00048938824,-0.00023258476,5.5879354e-09,2.3283064e-10,-3.7252903e-09,1.0,-1.489095e-10,-8.781334e-10,-8.472538e-11,0.0,0.0,0.0,0.0,0.0,0.0,0.6525351,0.23013477,0.110058494,0.9999871,-0.002963066,0.004132704,0.0001656959,0.00028475493,-0.0005211977,-0.00012630946,0.004752822,0.0020160854,-0.00085004984,0.45359588,-0.075944744,0.020999962,1.0,-1.2540995e-05,-8.500111e-06,-2.1005285e-06,0.000106418076,6.23153e-05,-0.00021255203,-0.006989548,0.0009180926,1.6624406e-05
0.0,0.0,0.0,0.0,0.0,0.0,1.0,0.6525351,0.23013477,0.1100585,0.45359588,-0.075944744,0.020999966,0.44786158,-0.086362496,0.15022856,-0.010270238,-0.94483525,-0.03923267,-0.32502547,0.35665497,0.24335282,-0.77806985,-2.7972465,-0.7211647,3.752118,1.1073338,0.04,0.039969426,-0.2667535,-0.05413246,-0.092191815,-0.004390873,0.050840445,-0.006115067,-0.021198248,0.00048938824,-0.00023258476,0.0,0.0,0.0,0.0,0.0,0.0,0.04,0.04,0.35154334,0.2424819,-0.77991724,-2.7970247,-0.7207625,3.7520914,1.1072158,0.04,0.039971136,-0.07632811,-0.014168169,-0.025929224,0.0022474057,0.0125423,-0.00035544636,-0.006373478,3.4118657e-05,0.00021844578,5.5879354e-09,2.3283064e-10,-3.7252903e-09,1.0,-1.489095e-10,-8.781334e-10,-8.472538e-11,0.0,0.0,0.0,0.0,0.0,0.0,0.6525328,0.23013936,0.11006084,0.999987,-0.002983457,0.00412349,0.00016630648,0.00044910674,7.781474e-05,-0.00021625221,0.00010883266,0.0043633543,0.00012076722,0.45359588,-0.07594474,0.020999959,1.0,-1.266283e-05,-8.531612e-06,-2.0888415e-06,0.00010643584,6.227101e-05,-0.00021255921,-0.0069889473,0.00091805623,1.6650407e-05
0.0,0.0,0.0,0.0,0.0,0.0,1.0,0.6525328,0.23013936,0.11006084,0.45359588,-0.07594474,0.020999962,0.447551,-0.08957824,0.15075427,-0.011576414,-0.94476753,-0.03587854,-0.32556576,0.35154334,0.2424819,-0.77991724,-2.7970247,-0.7207625,3.7520914,1.1072158,0.04,0.039971136,-0.07632811,-0.014168169,-0.025929224,0.0022474057,0.0125423,-0.00035544636,-0.006373478,3.4118657e-05,0.00021844578,0.0,0.0,0.0,0.0,0.0,0.0,0.04,0.04,0.3500893,0.242233,-0.78044474,-2.7969415,-0.72064644,3.7520854,1.1071814,0.04,0.03998086,-0.02175957,-0.0041251313,-0.0074198227,0.0006002824,0.0036109972,-7.056781e-05,-0.0018454004,2.6255384e-06,0.00027031873,5.5879354e-09,2.3283064e-10,-3.7252903e-09,1.0,-1.489095e-10,-8.781334e-10,-8.472538e-11,0.0,0.0,0.0,0.0,0.0,0.0,0.65253097,0.23014627,0.110062376,0.99998695,-0.003010209,0.0041163736,0.00016803188,0.0013870967,-0.0020061764,-0.0009961752,0.017230982,0.0112347,-0.002412222,0.45359588,-0.07594474,0.020999955,1.0,-1.279149e-05,-8.530671e-06,-2.0963116e-06,0.00010630429,6.240161e-05,-0.0002121529,-0.0070040626,0.00089483464,1.633875e-05
0.0,0.0,0.0,0.0,0.0,0.0,1.0,0.65253097,0.23014627,0.110062376,0.45359588,-0.07594474,0.020999959,0.4474675,-0.09049675,0.1509111,-0.011952341,-0.9447425,-0.0349257,-0.3257283,0.3500893,0.242233,-0.78044474,-2.7969415,-0.72064644,3.7520854,1.1071814,0.04,0.03998086,-0.02175957,-0.0041251313,-0.0074198227,0.0006002824,0.0036109972,-7.056781e-05,-0.0018454004,2.6255384e-06,0.00027031873,0.0,0.0,0.0,0.0,0.0,0.0,0.04,0.04,0.34967408,0.24216118,-0.78059536,-2.7969182,-0.7206135,3.7520852,1.1071718,0.04,0.039988875,-0.00621808,-0.0011814027,-0.0021189041,0.00017218551,0.0010235377,-2.6539179e-05,-0.00052439346,1.7629115e-07,0.00018997623,5.5879354e-09,2.3283064e-10,-3.7252903e-09,1.0,-1.489095e-10,-8.781334e-10,-8.472538e-11,0.0,0.0,0.0,0.0,0.0,0.0,0.65253514,0.23013446,0.11005831,0.9999871,-0.002962022,0.0041326606,0.0001657894,0.00025069847,-0.0005821537,-0.00019245577,0.0055203377,0.0018573011,-0.0006850014,0.45359588,-0.07594474,0.020999959,1.0,-1.2690231e-05,-8.534371e-06,-2.0859252e-06,0.00010641968,6.231341e-05,-0.00021255406,-0.0069895433,0.0009180223,1.6621429e-05
0.0,0.0,0.0,0.0,0.0,0.0,1.0,0.65253514,0.23013446,0.11005831,0.45359588,-0.07594474,0.020999962,0.4474435,-0.09075885,0.15095618,-0.01205942,-0.94473493,-0.034653783,-0.32577536,0.34967408,0.24216118,-0.78059536,-2.7969182,-0.7206135,3.7520852,1.1071718,0.04,0.039988875,-0.00621808,-0.0011814027,-0.0021189041,0.00017218551,0.0010235377,-2.6539179e-05,-0.00052439346,1.7629115e-07,0.00018997623,0.0,0.0,0.0,0.0,0.0,0.0,0.04,0.04,0.34955543,0.24214073,-0.7806383,-2.7969124,-0.7206043,3.7520852,1.1071699,0.04,0.0399939,-0.0017783982,-0.000333376,-0.0006031103,5.7195477e-05,0.00029224707,-6.174144e-06,-0.00014666922,4.622249e-09,0.00011287801,5.5879354e-09,2.3283064e-10,-3.7252903e-09,1.0,-1.489095e-10,-8.781334e-10,-8.472538e-11,0.0,0.0,0.0,0.0,0.0,0.0,0.6525329,0.23013934,0.11006084,0.99998707,-0.0029831906,0.004123703,0.00016627333,0.0004493291,7.636595e-05,-0.00021985923,0.00013327273,0.004365759,0.00012364714,0.45359588,-0.075944744,0.020999962,1.0,-1.2566405e-05,-8.532411e-06,-2.111708e-06,0.00010649345,6.2143554e-05,-0.00021255613,-0.006986543,0.0009189141,1.6717613e-05
0.0,0.0,0.0,0.0,0.0,0.0,1.0,0.6525329,0.23013934,0.11006084,0.45359588,-0.075944744,0.020999966,0.447436,-0.090833515,0.15096864,-0.01208964,-0.9447329,-0.034575462,-0.32578838,0.34955543,0.24214073,-0.7806383,-2.7969124,-0.7206043,3.7520852,1.1071699,0.04,0.0399939,-0.0017783982,-0.000333376,-0.0006031103,5.7195477e-05,0.00029224707,-6.174144e-06,-0.00014666922,4.622249e-09,0.00011287801,0.0,0.0,0.0,0.0,0.0,0.0,0.04,0.04,0.34952152,0.2421349,-0.78065056,-2.7969124,-0.7206016,3.7520852,1.1071699,0.04,0.03999675,-0.00051049463,-9.395171e-05,-0.00017064155,2.3353636e-05,7.896253e-05,-4.925509e-06,-3.8010552e-05,-2.3175186e-09,6.251321e-05,5.5879354e-09,2.3283064e-10,-3.7252903e-09,1.0,-1.489095e-10,-8.781334e-10,-8.472538e-11,0.0,0.0,0.0,0.0,0.0,0.0,0.652531,0.2301463,0.110062405,0.999987,-0.003010092,0.0041165436,0.00016796163,0.0013881598,-0.0020100344,-0.0009956234,0.017269196,0.011249819,-0.0024136985,0.45359588,-0.07594474,0.020999959,1.0,-1.2687693e-05,-8.564646e-06,-2.0999887e-06,0.00010643675,6.227042e-05,-0.00021255923,-0.0069887373,0.0009183891,1.6652817e-05
0.0,0.0,0.0,0.0,0.0,0.0,1.0,0.652531,0.2301463,0.110062405,0.45359588,-0.07594474,0.020999962,0.44743335,-0.09085448,0.15097198,-0.012097806,-0.94473255,-0.034552902,-0.32579148,0.34952152,0.2421349,-0.78065056,-2.7969124,-0.7206016,3.7520852,1.1071699,0.04,0.03999675,-0.00051049463,-9.395171e-05,-0.00017064155,2.3353636e-05,7.896253e-05,-4.925509e-06,-3.8010552e-05,-2.3175186e-09,6.251321e-05,0.0,0.0,0.0,0.0,0.0,0.0,0.04,0.04,0.3495118,0.24213322,-0.780654,-2.7969124,-0.7206013,3.7520852,1.1071699,0.04,0.039998297,-0.00014506125,-2.90362e-05,-4.7708912e-05,6.00234e-06,2.3276416e-05,-1.8846699e-06,-9.663405e-06,-1.0901007e-09,3.3436543e-05,5.5879354e-09,2.3283064e-10,-3.7252903e-09,1.0,-1.489095e-10,-8.781334e-10,-8.472538e-11,0.0,0.0,0.0,0.0,0.0,0.0,0.65253514,0.23013446,0.1100584,0.99998707,-0.002962291,0.004132779,0.00016580279,0.00024761024,-0.0005482603,-0.00018419238,0.0052124946,0.0017877269,-0.00069532957,0.45359588,-0.075944744,0.020999962,1.0,-1.2565683e-05,-8.558421e-06,-2.0478233e-06,0.00010724893,6.1754145e-05,-0.00021272678,-0.006984415,0.0009324412,1.645295e-05
0.0,0.2,0.0,0.0,0.0,0.0,1.0,0.65253514,0.23013446,0.1100584,0.45359588,-0.075944744,0.020999966,0.44743246,-0.09086058,0.15097278,-0.01210019,-0.94473255,-0.034546405,-0.32579234,0.3495118,0.24213322,-0.780654,-2.7969124,-0.7206013,3.7520852,1.1071699,0.04,0.039998297,-0.00014506125,-2.90362e-05,-4.7708912e-05,6.00234e-06,2.3276416e-05,-1.8846699e-06,-9.663405e-06,-1.0901007e-09,3.3436543e-05,0.0,0.1,0.0,0.0,0.0,0.0,0.04,0.04,0.3880107,0.22768037,-0.78961223,-2.8193464,-0.6427007,3.7433562,1.0762503,0.04,0.039965656,1.4251844,-0.46691397,-0.14277111,-0.6989183,2.1962252,-0.2285316,-0.86466366,0.00056325446,-0.000103010534,5.5879354e-09,2.3283064e-10,-3.7252903e-09,1.0,-1.489095e-10,-8.781334e-10,-8.472538e-11,0.0,0.0,0.0,0.0,0.0,0.0,0.6525314,0.23013912,0.1100615,0.99998707,-0.002981643,0.004117419,0.00016667323,0.00043959543,0.00028962386,-0.00027622152,-0.0022119938,0.004390689,0.00014097455,0.45359588,-0.07594474,0.020999959,1.0,-1.2716514e-05,-8.562928e-06,-2.0191746e-06,0.00010716589,6.197449e-05,-0.00021272943,-0.006988176,0.00093167427,1.632973e-05
0.0,0.0,0.0,0.0,0.0,0.0,1.0,0.6525314,0.23013912,0.1100615,0.45359588,-0.07594474,0.020999962,0.44600055,-0.088592194,0.15192303,-0.017877936,-0.94475806,-0.022042096,-0.32653755,0.3880107,0.22768037,-0.78961223,-2.8193464,-0.6427007,3.7433562,1.0762503,0.04,0.039965656,1.4251844,-0.46691397,-0.14277111,-0.6989183,2.1962252,-0.2285316,-0.86466366,0.00056325446,-0.000103010534,0.0,0.0,0.0,0.0,0.0,0.0,0.04,0.04,0.40342107,0.22655582,-0.7848906,-2.8215551,-0.6434932,3.7436085,1.0765485,0.039979838,0.04,0.21918963,0.04251861,0.071638465,0.0044448003,-0.043015942,0.004893762,0.01526756,-0.00051462813,0.00032592926,5.5879354e-09,2.3283064e-10,-3.7252903e-09,1.0,-1.489095e-10,-8.781334e-10,-8.472538e-11,0.0,0.0,0.0,0.0,0.0,0.0,0.65253097,0.2301463,0.1100624,0.999987,-0.0030101938,0.004116321,0.00016795586,0.0013867256,-0.0019986508,-0.0009984206,0.0171532,0.0112209795,-0.0024113553,0.45359588,-0.075944744,0.020999962,1.0,-1.2597455e-05,-8.560867e-06,-1.9870115e-06,0.00010725041,6.175658e-05,-0.00021272678,-0.0069844136,0.00093256216,1.645545e-05
0.0,0.0,0.0,0.0,0.0,0.0,1.0,0.65253097,0.2301463,0.110062405,0.45359588,-0.075944744,0.020999966,0.44678414,-0.07896558,0.15141562,-0.013422012,-0.9447224,-0.031227589,-0.32610458,0.40342107,0.22655582,-0.7848906,-2.8215551,-0.6434932,3.7436085,1.0765485,0.039979838,0.04,0.21918963,0.04251861,0.071638465,0.0044448003,-0.043015942,0.004893762,0.01526756,-0.00051462813,0.00032592926,0.0,0.0,0.0,0.0,0.0,0.0,0.04,0.04,0.40765145,0.22723155,-0.78342724,-2.8217034,-0.64382243,3.7436273,1.0766361,0.03997709,0.04,0.06405049,0.010741092,0.020562386,-0.0021426044,-0.01019458,0.00021471753,0.0046998425,0.000115663956,2.8374678e-05,5.5879354e-09,2.3283064e-10,-3.7252903e-09,1.0,-1.489095e-10,-8.781334e-10,-8.472538e-11,0.0,0.0,0.0,0.0,0.0,0.0,0.65253514,0.2301345,0.11005845,0.9999871,-0.0029625508,0.0041326857,0.00016571309,0.00024997853,-0.00051516754,-0.00017232899,0.004889898,0.0017635764,-0.00071996445,0.45359588,-0.07594474,0.020999959,1.0,-1.2740781e-05,-8.527316e-06,-2.1226276e-06,0.0001064023,6.241793e-05,-0.00021256995,-0.006991824,0.00091789017,1.6545804e-05
0.0,0.0,0.0,0.0,0.0,0.0,1.0,0.65253514,0.2301345,0.11005846,0.45359588,-0.07594474,0.020999962,0.44700435,-0.0763531,0.15102121,-0.012391537,-0.94478,-0.033996284,-0.32570204,0.40765145,0.22723155,-0.78342724,-2.8217034,-0.64382243,3.7436273,1.0766361,0.03997709,0.04,0.06405049,0.010741092,0.020562386,-0.0021426044,-0.01019458,0.00021471753,0.0046998425,0.000115663956,2.8374678e-05,0.0,0.0,0.0,0.0,0.0,0.0,0.04,0.04,0.4088749,0.22742432,-0.7830003,-2.8217707,-0.64392054,3.7436314,1.0766628,0.039984208,0.04,0.018513957,0.0032291051,0.006010624,-0.0005751319,-0.0030197608,2.1724214e-05,0.0014127124,0.00021035239,2.584527e-06,5.5879354e-09,2.3283064e-10,-3.7252903e-09,1.0,-1.489095e-10,-8.781334e-10,-8.472538e-11,0.0,0.0,0.0,0.0,0.0,0.0,0.6525314,0.23013912,0.11006153,0.999987,-0.0029815098,0.0041174553,0.000166584,0.0004396718,0.00028891925,-0.00027304943,-0.002210623,0.0043913545,0.00013924448,0.45359588,-0.075944744,0.020999962,1.0,-1.2628888e-05,-8.5278425e-06,-2.1303401e-06,0.00010649537,6.2142404e-05,-0.00021255825,-0.0069867144,0.0009188212,1.6715154e-05
0.0,0.0,0.0,0.0,0.0,0.0,1.0,0.6525314,0.23013912,0.11006153,0.45359588,-0.075944744,0.020999966,0.44705445,-0.07559229,0.15089998,-0.012088358,-0.9447985,-0.034796,-0.32557455,0.4088749,0.22742432,-0.7830003,-2.8217707,-0.64392054,3.7436314,1.0766628,0.039984208,0.04,0.018513957,0.0032291051,0.006010624,-0.0005751319,-0.0030197608,2.1724214e-05,0.0014127124,0.00021035239,2.584527e-06,0.0,0.0,0.0,0.0,0.0,0.0,0.04,0.04,0.40922943,0.22748111,-0.7828764,-2.8217907,-0.64394873,3.7436314,1.0766704,0.039990686,0.039999995,0.0053655254,0.0009381878,0.0017447169,-0.00016713112,-0.00087293255,5.222931e-06,0.00041342858,0.00015561412,2.8086646e-07,5.5879354e-09,2.3283064e-10,-3.7252903e-09,1.0,-1.489095e-10,-8.781334e-10,-8.472538e-11,0.0,0.0,0.0,0.0,0.0,0.0,0.65253097,0.23014627,0.11006237,0.99998695,-0.0030100464,0.0041163983,0.00016797917,0.0013880681,-0.0020010225,-0.0009992617,0.017172564,0.011232743,-0.002414557,0.45359588,-0.07594474,0.020999959,1.0,-1.2779088e-05,-8.533151e-06,-2.1016542e-06,0.000106226995,6.257388e-05,-0.00021215538,-0.007007115,0.0008939201,1.625297e-05
0.0,0.0,0.0,0.0,0.0,0.0,1.0,0.65253097,0.23014627,0.110062376,0.45359588,-0.07594474,0.020999962,0.44706827,-0.075372,0.15086427,-0.01200071,-0.9448042,-0.035027564,-0.3255366,0.40922943,0.22748111,-0.7828764,-2.8217907,-0.64394873,3.7436314,1.0766704,0.039990686,0.039999995,0.0053655254,0.0009381878,0.0017447169,-0.00016713112,-0.00087293255,5.222931e-06,0.00041342858,0.00015561412,2.8086646e-07,0.0,0.0,0.0,0.0,0.0,0.0,0.04,0.04,0.40933216,0.22749761,-0.78284043,-2.821796,-0.6439571,3.7436314,1.0766723,0.03999486,0.04,0.0015534078,0.00027230429,0.0005051545,-4.94032e-05,-0.00025429577,2.8193647e-06,0.000121397876,9.404065e-05,4.0436824e-08,5.5879354e-09,2.3283064e-10,-3.7252903e-09,1.0,-1.489095e-10,-8.781334e-10,-8.472538e-11,0.0,0.0,0.0,0.0,0.0,0.0,0.65253514,0.23013444,0.11005832,0.99998707,-0.0029620905,0.0041325605,0.00016576474,0.00024819723,-0.00055356155,-0.00018567964,0.0052622147,0.0017972846,-0.00069503,0.45359588,-0.07594474,0.020999962,1.0,-1.2678431e-05,-8.536299e-06,-2.091294e-06,0.00010641877,6.2311636e-05,-0.00021255191,-0.006989492,0.0009180123,1.662319e-05
0.0,0.0,0.0,0.0,0.0,0.0,1.0,0.65253514,0.23013444,0.11005832,0.45359588,-0.07594474,0.020999966,0.44707257,-0.07530792,0.15085405,-0.011975378,-0.94480574,-0.035095304,-0.3255258,0.40933216,0.22749761,-0.78284043,-2.821796,-0.6439571,3.7436314,1.0766723,0.03999486,0.04,0.0015534078,0.00027230429,0.0005051545,-4.94032e-05,-0.00025429577,2.8193647e-06,0.000121397876,9.404065e-05,4.0436824e-08,0.0,0.0,0.0,0.0,0.0,0.0,0.04,0.04,0.4093619,0.22750238,-0.7828299,-2.821796,-0.64395934,3.7436314,1.0766723,0.03999725,0.04,0.00045196761,7.649595e-05,0.00014401866,-2.0815767e-05,-7.139621e-05,1.0154213e-06,3.073567e-05,5.2526404e-05,6.230309e-09,5.5879354e-09,2.3283064e-10,-3.7252903e-09,1.0,-1.489095e-10,-8.781334e-10,-8.472538e-11,0.0,0.0,0.0,0.0,0.0,0.0,0.6525314,0.23013914,0.110061534,0.999987,-0.0029815615,0.004117494,0.00016652618,0.00044003894,0.00028692355,-0.00027598752,-0.0021785223,0.004395418,0.00014293748,0.45359588,-0.07594474,0.020999959,1.0,-1.281033e-05,-8.536644e-06,-2.1187452e-06,0.00010629077,6.244631e-05,-0.00021215725,-0.007005015,0.00089470245,1.6317725e-05
0.2,0.0,0.0,0.0,0.0,0.0,1.0,0.6525314,0.23013914,0.11006154,0.45359588,-0.07594474,0.020999962,0.44707447,-0.075289786,0.15085149,-0.011968434,-0.944806,-0.035115093,-0.32552326,0.4093619,0.22750238,-0.7828299,-2.821796,-0.64395934,3.7436314,1.0766723,0.03999725,0.04,0.00045196761,7.649595e-05,0.00014401866,-2.0815767e-05,-7.139621e-05,1.0154213e-06,3.073567e-05,5.2526404e-05,6.230309e-09,0.1,0.0,0.0,0.0,0.0,0.0,0.04,0.04,0.38621786,0.24945478,-0.7567245,-2.7803926,-0.6705457,3.7274609,1.1232432,0.039992653,0.03999748,-0.58556736,0.73745334,0.7476931,1.4439129,-0.72607666,-0.46233928,1.2893602,0.00046824937,-0.0001840984,5.5879354e-09,2.3283064e-10,-3.7252903e-09,1.0,-1.489095e-10,-8.781334e-10,-8.472538e-11,0.0,0.0,0.0,0.0,0.0,0.0,0.65253097,0.23014629,0.110062376,0.99998695,-0.0030101307,0.0041163745,0.00016794946,0.0013881711,-0.0020006653,-0.0009991905,0.017169748,0.011234294,-0.0024140559,0.45359588,-0.07594474,0.020999962,1.0,-1.2709117e-05,-8.540102e-06,-2.1084052e-06,0.000106417814,6.231469e-05,-0.00021255406,-0.0069895885,0.00091797626,1.662368e-05
0.2,0.0,0.0,0.0,0.0,0.0,1.0,0.65253097,0.23014629,0.110062376,0.45359588,-0.07594474,0.020999966,0.45869598,-0.07608223,0.14945841,-0.010887653,-0.9457253,-0.031839907,-0.3232201,0.38621786,0.24945478,-0.7567245,-2.7803926,-0.6705457,3.7274609,1.1232432,0.039992653,0.03999748,-0.58556736,0.73745334,0.7476931,1.4439129,-0.72607666,-0.46233928,1.2893602,0.00046824937,-0.0001840984,0.1,0.0,0.0,0.0,0.0,0.0,0.04,0.04,0.36427134,0.27400255,-0.72895074,-2.7298877,-0.6971633,3.7104533,1.1689826,0.04,0.03999506,-0.603775,0.682257,0.78595686,1.4413522,-0.74358034,-0.47755966,1.2608578,1.5552714e-06,-1.1090268e-05,5.5879354e-09,2.3283064e-10,-3.7252903e-09,1.0,-1.489095e-10,-8.781334e-10,-8.472538e-11,0.0,0.0,0.0,0.0,0.0,0.0,0.65253514,0.2301345,0.11005842,0.9999871,-0.0029624468,0.0041327416,0.00016574358,0.00024971497,-0.00051898474,-0.00017381832,0.00492775,0.0017654537,-0.0007177341,0.45359588,-0.075944744,0.020999966,1.0,-1.258529e-05,-8.538405e-06,-2.1342205e-06,0.00010649453,6.214203e-05,-0.00021255843,-0.006986524,0.0009188763,1.6709779e-05
0.0,0.0,0.0,0.0,0.0,0.0,1.0,0.65253514,0.2301345,0.11005843,0.45359588,-0.075944744,0.02099997,0.47385356,-0.07643744,0.14932007,-0.011126012,-0.9457824,-0.031368792,-0.32309094,0.36427134,0.27400255,-0.72895074,-2.7298877,-0.6971633,3.7104533,1.1689826,0.04,0.03999506,-0.603775,0.682257,0.78595686,1.4413522,-0.74358034,-0.47755966,1.2608578,1.5552714e-06,-1.1090268e-05,0.0,0.0,0.0,0.0,0.0,0.0,0.04,0.04,0.3675013,0.277009,-0.72847086,-2.7216954,-0.69622123,3.7104838,1.1687788,0.039999846,0.039990846,0.05545947,-0.031421274,0.0010169221,-0.023658546,0.011548191,0.010494998,-0.010032845,-0.000110542605,0.00031787602,5.5879354e-09,2.3283064e-10,-3.7252903e-09,1.0,-1.489095e-10,-8.781334e-10,-8.472538e-11,0.0,0.0,0.0,0.0,0.0,0.0,0.6525328,0.23013936,0.11006081,0.99998707,-0.0029834271,0.00412333,0.00016635343,0.00044919914,7.75762e-05,-0.0002163677,0.000111650974,0.00436432,0.0001207823,0.45359588,-0.075944744,0.020999962,1.0,-1.255775e-05,-8.456851e-06,-2.1232213e-06,0.0001065013,6.214403e-05,-0.00021256365,-0.0069868453,0.0009189899,1.6718586e-05
0.0,0.0,0.0,0.0,0.0,0.0,1.0,0.6525328,0.23013936,0.11006081,0.45359588,-0.075944744,0.020999966,0.47735754,-0.075813614,0.15072665,-0.012216359,-0.9448811,-0.034030497,-0.3254113,0.3675013,0.277009,-0.72847086,-2.7216954,-0.69622123,3.7104838,1.1687788,0.039999846,0.039990846,0.05545947,-0.031421274,0.0010169221,-0.023658546,0.011548191,0.010494998,-0.010032845,-0.000110542605,0.00031787602,0.0,0.0,0.0,0.0,0.0,0.0,0.04,0.04,0.36828548,0.27682173,-0.7281888,-2.7217662,-0.69629633,3.7105231,1.1687905,0.03999682,0.03999814,0.011524684,0.0017456902,0.0042075557,0.0007908918,-0.0018644797,0.0005658627,0.00054756016,-9.021325e-06,0.000104859755,5.5879354e-09,2.3283064e-10,-3.7252903e-09,1.0,-1.489095e-10,-8.781334e-10,-8.472538e-11,0.0,0.0,0.0,0.0,0.0,0.0,0.65253097,0.23014627,0.11006236,0.99998695,-0.0030102644,0.0041162507,0.0001680287,0.0013863675,-0.0020034092,-0.000996159,0.017204868,0.011226548,-0.002410378,0.4535959,-0.075944744,0.020999959,1.0,-1.2681245e-05,-8.52778e-06,-2.0052416e-06,0.000107055355,6.200085e-05,-0.00021231681,-0.0070013367,0.0009084824,1.6101141e-05
0.0,0.0,0.0,0.0,0.0,0.0,1.0,0.65253097,0.23014627,0.11006236,0.4535959,-0.075944744,0.020999962,0.47743115,-0.07526132,0.15076724,-0.011954665,-0.9448467,-0.03452903,-0.3254679,0.36828548,0.27682173,-0.7281888,-2.7217662,-0.69629633,3.7105231,1.1687905,0.03999682,0.03999814,0.011524684,0.0017456902,0.0042075557,0.0007908918,-0.0018644797,0.0005658627,0.00054756016,-9.021325e-06,0.000104859755,0.0,0.0,0.0,0.0,0.0,0.0,0.04,0.04,0.36851066,0.27685305,-0.72810143,-2.721767,-0.69631344,3.7105238,1.1687943,0.03999758,0.039999742,0.003473932,0.0005985398,0.0013230777,-7.346702e-05,-0.0005398355,4.595325e-05,0.00024589905,2.707585e-05,2.4512881e-05,5.5879354e-09,2.3283064e-10,-3.7252903e-09,1.0,-1.489095e-10,-8.781334e-10,-8.472538e-11,0.0,0.0,0.0,0.0,0.0,0.0,0.65253514,0.23013446,0.11005841,0.99998707,-0.0029620521,0.0041325944,0.0001657357,0.0002499426,-0.0005305562,-0.00017886341,0.0050434116,0.0017804033,-0.0007112018,0.45359588,-0.07594474,0.020999957,1.0,-1.2701785e-05,-8.522927e-06,-2.032064e-06,0.00010700442,6.2315004e-05,-0.00021235079,-0.0070079262,0.00090839365,1.5869422e-05
0.0,0.0,0.0,0.0,0.0,0.0,1.0,0.65253514,0.23013446,0.11005841,0.45359588,-0.07594474,0.02099996,0.4774461,-0.075108774,0.15074715,-0.011895984,-0.94484806,-0.03467962,-0.32545027,0.36851066,0.27685305,-0.72810143,-2.721767,-0.69631344,3.7105238,1.1687943,0.03999758,0.039999742,0.003473932,0.0005985398,0.0013230777,-7.346702e-05,-0.0005398355,4.595325e-05,0.00024589905,2.707585e-05,2.4512881e-05,0.0,0.0,0.0,0.0,0.0,0.0,0.04,0.04,0.36857903,0.27686456,-0.7280743,-2.7217708,-0.696319,3.7105238,1.1687962,0.039998513,0.039999995,0.001054643,0.00020494791,0.0004163947,-1.1120555e-05,-0.00017511295,3.2148132e-06,8.798334e-05,2.3225151e-05,2.2836755e-08,5.5879354e-09,2.3283064e-10,-3.7252903e-09,1.0,-1.489095e-10,-8.781334e-10,-8.472538e-11,0.0,0.0,0.0,0.0,0.0,0.0,0.6525314,0.23013915,0.1100615,0.99998707,-0.0029813983,0.004117316,0.00016649708,0.00044154437,0.00028905785,-0.00027606086,-0.0022072499,0.0044107283,0.00014036812,0.45359588,-0.075944744,0.02099996,1.0,-1.2583981e-05,-8.519846e-06,-1.9998847e-06,0.00010724921,6.1756306e-05,-0.00021272672,-0.006984557,0.00093237334,1.6453572e-05
0.0,0.0,0.0,0.0,0.0,0.0,1.0,0.6525314,0.23013915,0.1100615,0.45359588,-0.075944744,0.020999964,0.47744846,-0.07506184,0.15073878,-0.011877626,-0.9448494,-0.03472528,-0.3254419,0.36857903,0.27686456,-0.7280743,-2.7217708,-0.696319,3.7105238,1.1687962,0.039998513,0.039999995,0.001054643,0.00020494791,0.0004163947,-1.1120555e-05,-0.00017511295,3.2148132e-06,8.798334e-05,2.3225151e-05,2.2836755e-08,0.0,0.0,0.0,0.0,0.0,0.0,0.04,0.04,0.3686,0.27686828,-0.72806615,-2.7217708,-0.6963209,3.7105238,1.1687962,0.039999157,0.04,0.00032601453,6.361073e-05,0.00012478646,-1.2382935e-05,-4.8840684e-05,3.812442e-06,2.338428e-05,1.4785008e-05,4.876107e-09,5.5879354e-09,2.3283064e-10,-3.7252903e-09,1.0,-1.489095e-10,-8.781334e-10,-8.472538e-11,0.0,0.0,0.0,0.0,0.0,0.0,0.65253097,0.2301463,0.11006237,0.99998695,-0.003010364,0.0041162577,0.00016800006,0.0013872134,-0.0019967777,-0.0009992296,0.017132506,0.011223635,-0.0024118428,0.45359588,-0.07594474,0.020999957,1.0,-1.27079375e-05,-8.5540905e-06,-2.0081127e-06,0.00010703167,6.2104045e-05,-0.0002123302,-0.007003374,0.0009084129,1.6028343e-05
0.0,0.0,0.0,0.0,0.0,0.0,1.0,0.65253097,0.2301463,0.110062376,0.45359588,-0.07594474,0.02099996,0.47744977,-0.07504742,0.15073672,-0.011872292,-0.9448497,-0.034739763,-0.32543993,0.3686,0.27686828,-0.72806615,-2.7217708,-0.6963209,3.7105238,1.1687962,0.039999157,0.04,0.00032601453,6.361073e-05,0.00012478646,-1.2382935e-05,-4.8840684e-05,3.812442e-06,2.338428e-05,1.4785008e-05,4.876107e-09,0.0,0.0,0.0,0.0,0.0,0.0,0.04,0.04,0.36860648,0.27686948,-0.7280635,-2.7217708,-0.6963209,3.7105238,1.1687962,0.039999545,0.04,0.000100866826,1.82536e-05,3.82377e-05,-5.2812716e-06,-1.5354093e-05,-3.3980427e-07,6.301534e-06,8.565863e-06,1.5686213e-09,5.5879354e-09,2.3283064e-10,-3.7252903e-09,1.0,-1.489095e-10,-8.781334e-10,-8.472538e-11,0.0,0.0,0.0,0.0,0.0,0.0,0.65253514,0.23013446,0.11005835,0.9999872,-0.0029622195,0.0041326517,0.0001657017,0.0002493079,-0.00054899126,-0.00018254068,0.005212303,0.001800638,-0.0007005674,0.45359588,-0.075944744,0.02099996,1.0,-1.259544e-05,-8.554941e-06,-2.015833e-06,0.0001071586,6.197368e-05,-0.00021271803,-0.0069878693,0.00093171763,1.6330665e-05
0.0,0.0,0.0,0.0,0.0,0.0,1.0,0.65253514,0.23013446,0.11005835,0.45359588,-0.075944744,0.020999964,0.47745028,-0.075043276,0.150736,-0.011870831,-0.94484985,-0.034743875,-0.3254395,0.36860648,0.27686948,-0.7280635,-2.7217708,-0.6963209,3.7105238,1.1687962,0.039999545,0.04,0.000100866826,1.82536e-05,3.82377e-05,-5.2812716e-06,-1.5354093e-05,-3.3980427e-07,6.301534e-06,8.565863e-06,1.5686213e-09,0.0,0.0,0.0,0.0,0.0,0.0,0.04,0.04,0.36860844,0.27686965,-0.728063,-2.7217708,-0.6963209,3.7105238,1.1687962,0.039999757,0.04,3.078597e-05,6.4724595e-06,1.1809864e-05,-5.021603e-07,-4.89026e-06,-8.626686e-07,2.2745514e-06,4.709322e-06,3.9201928e-10,5.5879354e-09,2.3283064e-10,-3.7252903e-09,1.0,-1.489095e-10,-8.781334e-10,-8.472538e-11,0.0,0.0,0.0,0.0,0.0,0.0,0.6525328,0.23013937,0.110060796,0.99998707,-0.002983263,0.004123655,0.00016627996,0.00044952013,7.780577e-05,-0.00021686596,0.0001108292,0.0043673366,0.000121309364,0.45359588,-0.07594474,0.020999957,1.0,-1.2750699e-05,-8.560031e-06,-2.007063e-06,0.000107165695,6.197446e-05,-0.00021272915,-0.006988375,0.00093147374,1.6327898e-05
0.0,0.0,0.0,0.0,0.0,0.0,1.0,0.6525328,0.23013937,0.110060796,0.45359588,-0.07594474,0.02099996,0.47745046,-0.07504198,0.15073612,-0.011870265,-0.9448497,-0.034745127,-0.32543945,0.36860844,0.27686965,-0.728063,-2.7217708,-0.6963209,3.7105238,1.1687962,0.039999757,0.04,3.078597e-05,6.4724595e-06,1.1809864e-05,-5.021603e-07,-4.89026e-06,-8.626686e-07,2.2745514e-06,4.709322e-06,3.9201928e-10,0.0,0.0,0.0,0.0,0.0,0.0,0.04,0.04,0.36860904,0.27686965,-0.728063,-2.7217708,-0.6963209,3.7105238,1.1687962,0.039999876,0.04,9.159296e-06,1.3933372e-06,4.257336e-06,1.6210302e-07,-2.4818905e-06,-1.0485725e-06,1.1196781e-06,2.5949319e-06,9.792031e-11,5.5879354e-09,2.3283064e-10,-3.7252903e-09,1.0,-1.489095e-10,-8.781334e-10,-8.472538e-11,0.0,0.0,0.0,0.0,0.0,0.0,0.652532,0.23014602,0.110061996,0.999987,-0.0030094266,0.004120318,0.0001676081,0.00079411233,-0.00233276,-0.0006936869,0.020533705,0.0060023936,-0.002181408,0.45359588,-0.07594474,0.02099996,1.0,-1.2638253e-05,-8.560921e-06,-2.0147645e-06,0.00010723729,6.180163e-05,-0.00021272908,-0.006985338,0.00093234953,1.6422633e-05
0.0,0.0,0.0,0.0,0.0,0.0,1.0,0.652532,0.23014602,0.110062,0.45359588,-0.07594474,0.020999964,0.47745052,-0.075041644,0.15073606,-0.011870205,-0.9448497,-0.034745485,-0.32543945,0.36860904,0.27686965,-0.728063,-2.7217708,-0.6963209,3.7105238,1.1687962,0.039999876,0.04,9.159296e-06,1.3933372e-06,4.257336e-06,1.6210302e-07,-2.4818905e-06,-1.0485725e-06,1.1196781e-06,2.5949319e-06,9.792031e-11,0.0,0.0,0.0,0.0,0.0,0.0,0.04,0.04,0.36860904,0.27686965,-0.728063,-2.7217708,-0.6963209,3.7105238,1.1687962,0.039999932,0.04,3.5116964e-06,3.8300118e-07,1.0179153e-06,-2.0488903e-07,-1.5791522e-07,2.2316117e-08,-5.425475e-07,9.549549e-07,3.6537648e-11,5.5879354e-09,2.3283064e-10,-3.7252903e-09,1.0,-1.489095e-10,-8.781334e-10,-8.472538e-11,0.0,0.0,0.0,0.0,0.0,0.0,0.6525351,0.23013474,0.11005843,0.9999871,-0.0029628973,0.004132696,0.00016572389,0.00028884274,-0.0005497874,-0.00013801482,0.005001472,0.0021042984,-0.0008383978,0.45359588,-0.07594474,0.020999957,1.0,-1.2609321e-05,-8.480926e-06,-2.0037523e-06,0.00010696914,6.22293e-05,-0.00021232158,-0.0070052682,0.00090772164,1.5959242e-05
0.0,0.0,0.0,0.0,0.0,0.0,1.0,0.6525351,0.23013474,0.11005843,0.45359588,-0.07594474,0.02099996,0.47745052,-0.075041644,0.15073606,-0.011870205,-0.9448497,-0.034745485,-0.32543945,0.36860904,0.27686965,-0.728063,-2.7217708,-0.6963209,3.7105238,1.1687962,0.039999932,0.04,3.5116964e-06,3.8300118e-07,1.0179153e-06,-2.0488903e-07,-1.5791522e-07,2.2316117e-08,-5.425475e-07,9.549549e-07,3.6537648e-11,0.0,0.0,0.0,0.0,0.0,0.0,0.04,0.04,0.36860904,0.27686965,-0.728063,-2.7217708,-0.6963209,3.7105238,1.1687962,0.039999932,0.04,1.3636255e-06,4.0702204e-08,1.6023145e-07,-7.338485e-08,-5.188134e-08,6.349963e-09,-5.47744e-07,9.646062e-07,1.6165333e-12,5.5879354e-09,2.3283064e-10,-3.7252903e-09,1.0,-1.489095e-10,-8.781334e-10,-8.472538e-11,0.0,0.0,0.0,0.0,0.0,0.0,0.6525329,0.2301394,0.110060826,0.999987,-0.0029835827,0.0041234284,0.00016638749,0.0004498767,7.691252e-05,-0.00021868669,0.00012577765,0.0043713,0.00012307806,0.45359588,-0.075944744,0.02099996,1.0,-1.2483098e-05,-8.4765525e-06,-2.0096124e-06,0.000107235275,6.1801395e-05,-0.00021272241,-0.0069852164,0.0009323403,1.6426719e-05
0.0,0.0,0.0,0.0,0.0,0.0,1.0,0.6525329,0.2301394,0.110060826,0.45359588,-0.075944744,0.020999964,0.47745052,-0.075041644,0.15073606,-0.011870205,-0.9448497,-0.034745485,-0.32543945,0.36860904,0.27686965,-0.728063,-2.7217708,-0.6963209,3.7105238,1.1687962,0.039999932,0.04,1.3636255e-06,4.0702204e-08,1.6023145e-07,-7.338485e-08,-5.188134e-08,6.349963e-09,-5.47744e-07,9.646062e-07,1.6165333e-12,0.0,0.0,0.0,0.0,0.0,0.0,0.04,0.04,0.36860904,0.27686965,-0.728063,-2.7217708,-0.6963209,3.7105238,1.1687962,0.039999932,0.04,6.413321e-07,-7.944165e-08,-1.2906773e-07,-2.4192769e-08,-1.6122026e-08,1.5588146e-09,-5.494103e-07,9.670122e-07,-9.471587e-12,5.5879354e-09,2.3283064e-10,-3.7252903e-09,1.0,-1.489095e-10,-8.781334e-10,-8.472538e-11,0.0,0.0,0.0,0.0,0.0,0.0,0.65253097,0.23014627,0.1100624,0.999987,-0.0030099405,0.004116404,0.00016798583,0.0013839107,-0.001997857,-0.0009944369,0.01715659,0.011206895,-0.0024043794,0.45359588,-0.075944744,0.020999957,1.0,-1.2626315e-05,-8.479503e-06,-2.0189989e-06,0.00010716324,6.197587e-05,-0.00021272483,-0.0069881026,0.0009316102,1.63283e-05
0.0,0.0,0.0,0.0,0.0,0.0,1.0,0.65253097,0.23014627,0.110062405,0.45359588,-0.075944744,0.02099996,0.47745052,-0.075041644,0.15073606,-0.011870205,-0.9448497,-0.034745485,-0.32543945,0.36860904,0.27686965,-0.728063,-2.7217708,-0.6963209,3.7105238,1.1687962,0.039999932,0.04,6.413321e-07,-7.944165e-08,-1.2906773e-07,-2.4192769e-08,-1.6122026e-08,1.5588146e-09,-5.494103e-07,9.670122e-07,-9.471587e-12,0.0,0.0,0.0,0.0,0.0,0.0,0.04,0.04,0.36860904,0.27686965,-0.728063,-2.7217708,-0.6963209,3.7105238,1.1687962,0.039999932,0.04,3.9808515e-07,-1.2047747e-07,-2.2659074e-07,-7.168279e-09,-4.0610035e-09,5.258398e-13,-5.499733e-07,9.678228e-07,-1.3589708e-11,5.5879354e-09,2.3283064e-10,-3.7252903e-09,1.0,-1.489095e-10,-8.781334e-10,-8.472538e-11,0.0,0.0,0.0,0.0,0.0,0.0,0.65253514,0.23013449,0.11005845,0.99998707,-0.0029624123,0.0041327956,0.00016568546,0.00024819103,-0.00051423925,-0.00017303339,0.0048855604,0.0017480667,-0.0007168261,0.45359588,-0.07594474,0.020999953,1.0,-1.2767603e-05,-8.4871945e-06,-2.1063834e-06,0.00010627927,6.24905e-05,-0.00021215534,-0.0070057493,0.00089468097,1.6287102e-05
0.0,0.0,0.0,0.0,0.0,0.0,1.0,0.65253514,0.23013449,0.11005846,0.45359588,-0.07594474,0.020999957,0.47745052,-0.075041644,0.15073606,-0.011870205,-0.9448497,-0.034745485,-0.32543945,0.36860904,0.27686965,-0.728063,-2.7217708,-0.6963209,3.7105238,1.1687962,0.039999932,0.04,3.9808515e-07,-1.2047747e-07,-2.2659074e-07,-7.168279e-09,-4.0610035e-09,5.258398e-13,-5.499733e-07,9.678228e-07,-1.3589708e-11,0.0,0.0,0.0,0.0,0.0,0.0,0.04,0.04,0.36860904,0.27686965,-0.728063,-2.7217708,-0.6963209,3.7105238,1.1687962,0.039999932,0.04,3.1612555e-07,-1.3436397e-07,-2.5945934e-07,-1.3849124e-09,2.369339e-12,-5.1760024e-10,-5.5016216e-07,9.680957e-07,-1.4797694e-12,5.5879354e-09,2.3283064e-10,-3.7252903e-09,1.0,-1.489095e-10,-8.781334e-10,-8.472538e-11,0.0,0.0,0.0,0.0,0.0,0.0,0.6525329,0.23013939,0.110060856,0.999987,-0.0029835268,0.004123547,0.0001663757,0.00044944522,7.739704e-05,-0.00021918402,0.00012278983,0.004367367,0.0001240534,0.45359588,-0.075944744,0.020999957,1.0,-1.2655757e-05,-8.487403e-06,-2.114135e-06,0.00010649575,6.214184e-05,-0.00021255841,-0.006986811,0.00091886375,1.6724129e-05
0.0,0.0,0.0,0.0,0.0,0.0,1.0,0.6525329,0.23013939,0.110060856,0.45359588,-0.075944744,0.02099996,0.47745052,-0.075041644,0.15073606,-0.011870205,-0.9448497,-0.034745485,-0.32543945,0.36860904,0.27686965,-0.728063,-2.7217708,-0.6963209,3.7105238,1.1687962,0.039999932,0.04,3.1612555e-07,-1.3436397e-07,-2.5945934e-07,-1.3849124e-09,2.369339e-12,-5.1760024e-10,-5.5016216e-07,9.680957e-07,-1.4797694e-12,0.0,0.0,0.0,0.0,0.0,0.0,0.04,0.04,0.36860904,0.27686965,-0.728063,-2.7217708,-0.6963209,3.7105238,1.1687962,0.039999932,0.04,2.8850297e-07,-1.3904953e-07,-2.705345e-07,5.698344e-10,1.3657278e-09,-6.8856054e-10,-5.5022247e-07,9.68188e-07,4.4937665e-11,5.5879354e-09,2.3283064e-10,-3.7252903e-09,1.0,-1.489095e-10,-8.781334e-10,-8.472538e-11,0.0,0.0,0.0,0.0,0.0,0.0,0.6525319,0.23014605,0.11006197,0.99998695,-0.0030095961,0.0041201487,0.00016755254,0.0007917602,-0.0023303465,-0.0006920794,0.020514652,0.0059819967,-0.0021778853,0.45359588,-0.075944744,0.02099996,1.0,-1.25535025e-05,-8.492157e-06,-2.1037622e-06,0.0001064192,6.2313935e-05,-0.00021255616,-0.006989375,0.00091806566,1.662022e-05
0.0,0.0,0.0,0.0,0.0,0.0,1.0,0.6525319,0.23014605,0.11006197,0.45359588,-0.075944744,0.020999964,0.47745052,-0.075041644,0.15073606,-0.011870205,-0.9448497,-0.034745485,-0.32543945,0.36860904,0.27686965,-0.728063,-2.7217708,-0.6963209,3.7105238,1.1687962,0.039999932,0.04,2.8850297e-07,-1.3904953e-07,-2.705345e-07,5.698344e-10,1.3657278e-09,-6.8856054e-10,-5.5022247e-07,9.68188e-07,4.4937665e-11,0.0,0.0,0.0,0.0,0.0,0.0,0.04,0.04,0.36860904,0.27686965,-0.728063,-2.7217708,-0.6963209,3.7105238,1.1687962,0.039999932,0.04,2.7919205e-07,-1.4062861e-07,-2.7426665e-07,1.2301555e-09,1.8207365e-09,-7.438265e-10,-5.502374e-07,9.682195e-07,1.2690674e-10,5.5879354e-09,2.3283064e-10,-3.7252903e-09,1.0,-1.489095e-10,-8.781334e-10,-8.472538e-11,0.0,0.0,0.0,0.0,0.0,0.0,0.65253514,0.23013474,0.110058345,0.99998707,-0.002962813,0.004132766,0.00016576983,0.000292342,-0.00057377986,-0.00014879057,0.0052091843,0.002183657,-0.0008259993,0.45359588,-0.07594474,0.020999957,1.0,-1.2675288e-05,-8.523518e-06,-2.0920504e-06,0.00010643525,6.227137e-05,-0.00021255927,-0.006989007,0.0009180996,1.664702e-05
0.0,0.0,0.0,0.0,0.0,0.0,1.0,0.65253514,0.23013474,0.11005835,0.45359588,-0.07594474,0.02099996,0.47745052,-0.075041644,0.15073606,-0.011870205,-0.9448497,-0.034745485,-0.32543945,0.36860904,0.27686965,-0.728063,-2.7217708,-0.6963209,3.7105238,1.1687962,0.039999932,0.04,2.7919205e-07,-1.4062861e-07,-2.7426665e-07,1.2301555e-09,1.8207365e-09,-7.438265e-10,-5.502374e-07,9.682195e-07,1.2690674e-10,0.0,0.0,0.0,0.0,0.0,0.0,0.04,0.04,0.36860904,0.27686965,-0.728063,-2.7217708,-0.6963209,3.7105238,1.1687962,0.039999932,0.04,2.7605486e-07,-1.411607e-07,-2.755254e-07,1.452826e-09,1.9745297e-09,-7.628406e-10,-5.5024105e-07,9.682299e-07,1.7863386e-10,5.5879354e-09,2.3283064e-10,-3.7252903e-09,1.0,-1.489095e-10,-8.781334e-10,-8.472538e-11,0.0,0.0,0.0,0.0,0.0,0.0,0.6525329,0.23013934,0.11006081,0.99998707,-0.0029831443,0.004123757,0.00016628196,0.00044878945,7.6371885e-05,-0.00022088368,0.00013603891,0.004360717,0.00012471134,0.45359588,-0.075944744,0.02099996,1.0,-1.2551289e-05,-8.521784e-06,-2.1178548e-06,0.00010649268,6.214313e-05,-0.00021255195,-0.006986545,0.0009188382,1.6715449e-05
0.0,0.0,0.0,0.0,0.0,0.0,1.0,0.6525329,0.23013934,0.11006081,0.45359588,-0.075944744,0.020999964,0.47745052,-0.075041644,0.15073606,-0.011870205,-0.9448497,-0.034745485,-0.32543945,0.36860904,0.27686965,-0.728063,-2.7217708,-0.6963209,3.7105238,1.1687962,0.039999932,0.04,2.7605486e-07,-1.411607e-07,-2.755254e-07,1.452826e-09,1.9745297e-09,-7.628406e-10,-5.5024105e-07,9.682299e-07,1.7863386e-10,0.0,0.0,0.0,0.0,0.0,0.0,0.04,0.04,0.36860904,0.27686965,-0.728063,-2.7217708,-0.6963209,3.7105238,1.1687962,0.039999932,0.04,2.7499763e-07,-1.4134001e-07,-2.7594962e-07,1.5278896e-09,2.0263564e-09,-7.6928236e-10,-5.5024236e-07,9.682334e-07,1.9576103e-10,5.5879354e-09,2.3283064e-10,-3.7252903e-09,1.0,-1.489095e-10,-8.781334e-10,-8.472538e-11,0.0,0.0,0.0,0.0,0.0,0.0,0.652531,0.23014624,0.11006237,0.999987,-0.0030099195,0.0041164462,0.00016803891,0.0013875668,-0.0020090924,-0.0009960519,0.017259542,0.011240126,-0.0024133574,0.45359588,-0.07594474,0.020999957,1.0,-1.2672495e-05,-8.553852e-06,-2.106139e-06,0.00010643527,6.2272826e-05,-0.00021255708,-0.006988915,0.0009182343,1.6646354e-05
0.0,0.0,0.0,0.0,0.0,0.0,1.0,0.652531,0.23014624,0.110062376,0.45359588,-0.07594474,0.02099996,0.47745052,-0.075041644,0.15073606,-0.011870205,-0.9448497,-0.034745485,-0.32543945,0.36860904,0.27686965,-0.728063,-2.7217708,-0.6963209,3.7105238,1.1687962,0.039999932,0.04,2.7499763e-07,-1.4134001e-07,-2.7594962e-07,1.5278896e-09,2.0263564e-09,-7.6928236e-10,-5.5024236e-07,9.682334e-07,1.9576103e-10,0.0,0.0,0.0,0.0,0.0,0.0,0.04,0.04,0.36860904,0.27686965,-0.728063,-2.7217708,-0.6963209,3.7105238,1.1687962,0.039999932,0.04,2.7464137e-07,-1.414004e-07,-2.7609258e-07,1.5531878e-09,2.0438429e-09,-7.7146356e-10,-5.502427e-07,9.682346e-07,2.0156393e-10,5.5879354e-09,2.3283064e-10,-3.7252903e-09,1.0,-1.489095e-10,-8.781334e-10,-8.472538e-11,0.0,0.0,0.0,0.0,0.0,0.0,0.65253514,0.2301345,0.11005843,0.9999872,-0.0029623418,0.004132549,0.000165722,0.00024965752,-0.0005242706,-0.00017698013,0.00498326,0.001772348,-0.00071272947,0.45359588,-0.07594474,0.020999953,1.0,-1.281484e-05,-8.557615e-06,-2.1154883e-06,0.00010619925,6.2661245e-05,-0.00021215082,-0.0070083654,0.00089396554,1.6195372e-05
0.0,0.0,0.0,0.0,0.0,0.0,1.0,0.65253514,0.2301345,0.11005843,0.45359588,-0.07594474,0.020999957,0.47745052,-0.075041644,0.15073606,-0.011870205,-0.9448497,-0.034745485,-0.32543945,0.36860904,0.27686965,-0.728063,-2.7217708,-0.6963209,3.7105238,1.1687962,0.039999932,0.04,2.7464137e-07,-1.414004e-07,-2.7609258e-07,1.5531878e-09,2.0438429e-09,-7.7146356e-10,-5.502427e-07,9.682346e-07,2.0156393e-10,0.0,0.0,0.0,0.0,0.0,0.0,0.04,0.04,0.36860904,0.27686965,-0.728063,-2.7217708,-0.6963209,3.7105238,1.1687962,0.039999932,0.04,2.7452123e-07,-1.4142077e-07,-2.7614078e-07,1.5617295e-09,2.0496989e-09,-7.721261e-10,-5.502429e-07,9.682354e-07,2.035125e-10,5.5879354e-09,2.3283064e-10,-3.7252903e-09,1.0,-1.489095e-10,-8.781334e-10,-8.472538e-11,0.0,0.0,0.0,0.0,0.0,0.0,0.6525314,0.23013915,0.110061534,0.99998707,-0.0029817335,0.004117574,0.00016670098,0.00044013376,0.00028895895,-0.00027607157,-0.0022043167,0.0043965173,0.00014097958,0.45359588,-0.07594474,0.020999957,1.0,-1.2714507e-05,-8.560385e-06,-2.105107e-06,0.00010641993,6.2313185e-05,-0.00021255408,-0.006989441,0.00091813767,1.662262e-05
0.0,0.0,0.0,0.0,0.0,0.0,1.0,0.6525314,0.23013915,0.11006154,0.45359588,-0.07594474,0.02099996,0.47745052,-0.075041644,0.15073606,-0.011870205,-0.9448497,-0.034745485,-0.32543945,0.36860904,0.27686965,-0.728063,-2.7217708,-0.6963209,3.7105238,1.1687962,0.039999932,0.04,2.7452123e-07,-1.4142077e-07,-2.7614078e-07,1.5617295e-09,2.0496989e-09,-7.721261e-10,-5.502429e-07,9.682354e-07,2.035125e-10,0.0,0.0,0.0,0.0,0.0,0.0,0.04,0.04,0.36860904,0.27686965,-0.728063,-2.7217708,-0.6963209,3.7105238,1.1687962,0.039999932,0.04,2.744808e-07,-1.4142765e-07,-2.7615698e-07,1.5645979e-09,2.0516984e-09,-7.724392e-10,-5.502429e-07,9.682354e-07,2.0416333e-10,5.5879354e-09,2.3283064e-10,-3.7252903e-09,1.0,-1.489095e-10,-8.781334e-10,-8.472538e-11,0.0,0.0,0.0,0.0,0.0,0.0,0.652532,0.23014607,0.11006201,0.999987,-0.0030095654,0.004120349,0.00016761768,0.0007925001,-0.0023338376,-0.0006956799,0.020530583,0.0059809764,-0.0021869289,0.45359588,-0.075944744,0.02099996,1.0,-1.259058e-05,-8.558535e-06,-2.1309163e-06,0.00010649506,6.214126e-05,-0.00021255612,-0.006986631,0.00091885746,1.6715823e-05
0.0,0.0,-0.2,0.0,0.0,0.0,1.0,0.652532,0.23014607,0.11006202,0.45359588,-0.075944744,0.020999964,0.47745052,-0.075041644,0.15073606,-0.011870205,-0.9448497,-0.034745485,-0.32543945,0.36860904,0.27686965,-0.728063,-2.7217708,-0.6963209,3.7105238,1.1687962,0.039999932,0.04,2.744808e-07,-1.4142765e-07,-2.7615698e-07,1.5645979e-09,2.0516984e-09,-7.724392e-10,-5.502429e-07,9.682354e-07,2.0416333e-10,0.0,0.0,-0.1,0.0,0.0,0.0,0.04,0.04,0.35879627,0.32875767,-0.71644527,-2.7077978,-0.6726353,3.7524998,1.1711727,0.039977945,0.04,-0.23572259,1.8988572,0.379218,0.38357005,0.6909195,-2.2531458e-07,0.04969563,0.0009180306,0.00012643993,5.5879354e-09,2.3283064e-10,-3.7252903e-09,1.0,-1.489095e-10,-8.781334e-10,-8.472538e-11,0.0,0.0,0.0,0.0,0.0,0.0,0.65253514,0.23013477,0.11005844,0.9999871,-0.0029628095,0.004132975,0.00016573147,0.00028813956,-0.00054470997,-0.00013715329,0.0049575344,0.0020935708,-0.00083745254,0.45359588,-0.075944744,0.020999957,1.0,-1.2563347e-05,-8.476774e-06,-2.1199014e-06,0.0001065128,6.210022e-05,-0.00021256787,-0.00698618,0.0009189606,1.6744847e-05
0.0,0.0,-0.2,0.0,0.0,0.0,1.0,0.65253514,0.23013477,0.11005844,0.45359588,-0.075944744,0.02099996,0.48006377,-0.07867897,0.14158204,-0.013936371,-0.94388497,-0.030556828,-0.32856262,0.35879627,0.32875767,-0.71644527,-2.7077978,-0.6726353,3.7524998,1.1711727,0.039977945,0.04,-0.23572259,1.8988572,0.379218,0.38357005,0.6909195,-2.2531458e-07,0.04969563,0.0009180306,0.00012643993,0.0,0.0,-0.1,0.0,0.0,0.0,0.04,0.04,0.349811,0.3962593,-0.70006484,-2.693567,-0.6483187,3.7524977,1.1749783,0.04,0.039999045,-0.23802449,1.9652252,0.50422126,0.3957742,0.6786711,-2.120214e-08,0.121593185,0.00045562015,0.00010384844,5.5879354e-09,2.3283064e-10,-3.7252903e-09,1.0,-1.489095e-10,-8.781334e-10,-8.472538e-11,0.0,0.0,0.0,0.0,0.0,0.0,0.6525328,0.23013933,0.110060856,0.99998707,-0.002983026,0.0041236104,0.00016628395,0.00044878985,7.681595e-05,-0.00022092187,0.00013241869,0.00436093,0.00012522143,0.45359588,-0.07594474,0.020999953,1.0,-1.268454e-05,-8.508913e-06,-2.1081657e-06,0.00010643557,6.227008e-05,-0.00021255706,-0.006988884,0.0009181127,1.6650098e-05
0.0,0.0,0.0,0.0,0.0,0.0,1.0,0.6525328,0.23013933,0.110060856,0.45359588,-0.07594474,0.020999957,0.47543967,-0.08462188,0.11745995,-0.024534553,-0.9511939,-0.025920928,-0.30652308,0.349811,0.3962593,-0.70006484,-2.693567,-0.6483187,3.7524977,1.1749783,0.04,0.039999045,-0.23802449,1.9652252,0.50422126,0.3957742,0.6786711,-2.120214e-08,0.121593185,0.00045562015,0.00010384844,0.0,0.0,0.0,0.0,0.0,0.0,0.04,0.04,0.35175633,0.4151014,-0.6964545,-2.6960313,-0.64804465,3.7504601,1.175468,0.039993666,0.03999175,0.048976526,0.07209952,0.05681977,-0.061123766,-0.024351174,-0.04052099,0.02874235,-0.00038375164,0.00068774325,5.5879354e-09,2.3283064e-10,-3.7252903e-09,1.0,-1.489095e-10,-8.781334e-10,-8.472538e-11,0.0,0.0,0.0,0.0,0.0,0.0,0.652532,0.23014602,0.110061996,0.999987,-0.0030092725,0.0041201883,0.00016757313,0.0007933212,-0.0023322257,-0.00069319515,0.020529741,0.005995252,-0.0021804986,0.45359588,-0.075944744,0.020999957,1.0,-1.2557166e-05,-8.505817e-06,-2.114063e-06,0.00010650672,6.209712e-05,-0.00021255616,-0.006985844,0.0009189882,1.6745675e-05
0.0,0.0,0.0,0.0,0.0,0.0,1.0,0.652532,0.23014602,0.110062,0.45359588,-0.075944744,0.02099996,0.47051704,-0.08333407,0.10822834,-0.026017964,-0.954429,-0.028552264,-0.29592752,0.35175633,0.4151014,-0.6964545,-2.6960313,-0.64804465,3.7504601,1.175468,0.039993666,0.03999175,0.048976526,0.07209952,0.05681977,-0.061123766,-0.024351174,-0.04052099,0.02874235,-0.00038375164,0.00068774325,0.0,0.0,0.0,0.0,0.0,0.0,0.04,0.04,0.35289872,0.41622886,-0.69560516,-2.6968067,-0.64822483,3.750331,1.1755302,0.039990515,0.04,0.016070789,0.010068079,0.012136543,-0.0022903094,-0.005021012,-0.0032909918,0.0032090875,3.723002e-05,5.331196e-06,5.5879354e-09,2.3283064e-10,-3.7252903e-09,1.0,-1.489095e-10,-8.781334e-10,-8.472538e-11,0.0,0.0,0.0,0.0,0.0,0.0,0.65253514,0.23013477,0.11005846,0.99998707,-0.002963131,0.0041327504,0.00016574249,0.00028637392,-0.0005290791,-0.00013108712,0.00482548,0.0020446565,-0.000846285,0.45359588,-0.07594474,0.020999953,1.0,-1.2678193e-05,-8.537884e-06,-2.1023566e-06,0.0001064345,6.2271276e-05,-0.00021255489,-0.006988933,0.00091807253,1.66503e-05
0.0,0.0,0.0,0.0,0.0,0.0,1.0,0.65253514,0.23013477,0.11005846,0.45359588,-0.07594474,0.020999957,0.4700161,-0.08237543,0.10742815,-0.025655687,-0.9547083,-0.02941966,-0.29497164,0.35289872,0.41622886,-0.69560516,-2.6968067,-0.64822483,3.750331,1.1755302,0.039990515,0.04,0.016070789,0.010068079,0.012136543,-0.0022903094,-0.005021012,-0.0032909918,0.0032090875,3.723002e-05,5.331196e-06,0.0,0.0,0.0,0.0,0.0,0.0,0.04,0.04,0.35322696,0.41637346,-0.69541156,-2.6968646,-0.64825994,3.7503233,1.1755385,0.039993573,0.039999995,0.0044453726,0.0014511663,0.0026794171,-0.00030813162,-0.000993254,-0.00026185918,0.00047861945,9.009987e-05,3.807133e-07,5.5879354e-09,2.3283064e-10,-3.7252903e-09,1.0,-1.489095e-10,-8.781334e-10,-8.472538e-11,0.0,0.0,0.0,0.0,0.0,0.0,0.6525329,0.23013937,0.11006086,0.99998707,-0.0029832132,0.004123664,0.0001663021,0.00044849273,7.7524164e-05,-0.00022073001,0.00012545557,0.0043582427,0.00012582379,0.45359588,-0.07594474,0.02099995,1.0,-1.280677e-05,-8.536779e-06,-2.1098726e-06,0.000106302825,6.240175e-05,-0.00021215504,-0.0070042224,0.0008948002,1.634788e-05
0.0,0.0,0.0,0.0,0.0,0.0,1.0,0.6525329,0.23013937,0.11006087,0.45359588,-0.07594474,0.020999953,0.46999022,-0.08212318,0.107329935,-0.025556713,-0.9547355,-0.029662669,-0.29486787,0.35322696,0.41637346,-0.69541156,-2.6968646,-0.64825994,3.7503233,1.1755385,0.039993573,0.039999995,0.0044453726,0.0014511663,0.0026794171,-0.00030813162,-0.000993254,-0.00026185918,0.00047861945,9.009987e-05,3.807133e-07,0.0,0.0,0.0,0.0,0.0,0.0,0.04,0.04,0.35331127,0.41639677,-0.69536495,-2.6968727,-0.64826816,3.7503233,1.1755404,0.039996296,0.04,0.0011247653,0.00029487882,0.0006441069,-4.1644194e-05,-0.00023044518,-2.5870586e-05,9.824795e-05,6.466774e-05,4.5736847e-08,5.5879354e-09,2.3283064e-10,-3.7252903e-09,1.0,-1.489095e-10,-8.781334e-10,-8.472538e-11,0.0,0.0,0.0,0.0,0.0,0.0,0.65253097,0.2301463,0.110062376,0.99998695,-0.0030102252,0.0041163024,0.00016808933,0.0013856033,-0.002007835,-0.0009945916,0.017251387,0.011223142,-0.0024101818,0.45359588,-0.07594474,0.020999953,1.0,-1.2705528e-05,-8.540501e-06,-2.0994921e-06,0.00010642014,6.2311665e-05,-0.00021255623,-0.0069893594,0.000918148,1.6622636e-05
0.0,0.0,0.0,0.0,0.0,0.0,1.0,0.65253097,0.2301463,0.110062376,0.45359588,-0.07594474,0.020999957,0.46998993,-0.08205959,0.107313305,-0.025531054,-0.9547393,-0.029723883,-0.29485163,0.35331127,0.41639677,-0.69536495,-2.6968727,-0.64826816,3.7503233,1.1755404,0.039996296,0.04,0.0011247653,0.00029487882,0.0006441069,-4.1644194e-05,-0.00023044518,-2.5870586e-05,9.824795e-05,6.466774e-05,4.5736847e-08,0.0,0.0,0.0,0.0,0.0,0.0,0.04,0.04,0.3533323,0.41640168,-0.6953536,-2.6968727,-0.64827013,3.7503233,1.1755404,0.039997995,0.04,0.00028295285,6.672452e-05,0.00015480015,-1.41492455e-05,-5.1267278e-05,-1.8221264e-06,2.0234245e-05,3.7892576e-05,8.043275e-09,5.5879354e-09,2.3283064e-10,-3.7252903e-09,1.0,-1.489095e-10,-8.781334e-10,-8.472538e-11,0.0,0.0,0.0,0.0,0.0,0.0,0.65253514,0.23013447,0.11005831,0.999987,-0.002962086,0.0041327067,0.0001656799,0.0002486772,-0.0005701801,-0.00018750262,0.005408852,0.001824292,-0.0006881091,0.45359588,-0.075944744,0.020999957,1.0,-1.2581697e-05,-8.538627e-06,-2.1253359e-06,0.000106494226,6.214444e-05,-0.0002125584,-0.0069865994,0.0009189031,1.6714781e-05
0.0,0.0,0.0,0.0,0.0,0.0,1.0,0.65253514,0.23013447,0.11005831,0.45359588,-0.075944744,0.02099996,0.46999082,-0.08204399,0.10730982,-0.025524825,-0.9547399,-0.02973944,-0.29484868,0.3533323,0.41640168,-0.6953536,-2.6968727,-0.64827013,3.7503233,1.1755404,0.039997995,0.04,0.00028295285,6.672452e-05,0.00015480015,-1.41492455e-05,-5.1267278e-05,-1.8221264e-06,2.0234245e-05,3.7892576e-05,8.043275e-09,0.0,0.0,0.0,0.0,0.0,0.0,0.04,0.04,0.35333756,0.4164029,-0.69535077,-2.6968727,-0.64827013,3.7503233,1.1755404,0.03999894,0.04,6.787281e-05,1.531996e-05,3.7673435e-05,-3.5037358e-06,-1.638453e-05,-2.6247938e-06,5.7269667e-06,2.0671445e-05,1.7662835e-09,5.5879354e-09,2.3283064e-10,-3.7252903e-09,1.0,-1.489095e-10,-8.781334e-10,-8.472538e-11,0.0,0.0,0.0,0.0,0.0,0.0,0.6525329,0.23013936,0.1100608,0.999987,-0.0029832188,0.0041236817,0.00016624325,0.0004495509,7.755525e-05,-0.00021705595,0.000112509304,0.0043670316,0.000120641205,0.45359588,-0.075944744,0.020999953,1.0,-1.2565171e-05,-8.496183e-06,-1.969953e-06,0.00010727857,6.1654406e-05,-0.00021272732,-0.0069826855,0.00093264756,1.652911e-05
0.0,0.0,0.0,0.0,0.0,0.0,1.0,0.6525329,0.23013936,0.11006081,0.45359588,-0.075944744,0.020999957,0.4699912,-0.08204008,0.10730912,-0.025523365,-0.95474005,-0.029743165,-0.29484823,0.35333756,0.4164029,-0.69535077,-2.6968727,-0.64827013,3.7503233,1.1755404,0.03999894,0.04,6.787281e-05,1.531996e-05,3.7673435e-05,-3.5037358e-06,-1.638453e-05,-2.6247938e-06,5.7269667e-06,2.0671445e-05,1.7662835e-09,0.0,0.0,0.0,0.0,0.0,0.0,0.04,0.04,0.35333887,0.41640294,-0.6953504,-2.6968727,-0.64827013,3.7503233,1.1755404,0.039999444,0.04,1.7370665e-05,5.1036536e-06,9.757514e-06,-5.999652e-07,-1.6203197e-06,1.700785e-07,1.1431467e-06,1.09792745e-05,3.7116515e-10,5.5879354e-09,2.3283064e-10,-3.7252903e-09,1.0,-1.489095e-10,-8.781334e-10,-8.472538e-11,0.0,0.0,0.0,0.0,0.0,0.0,0.652532,0.230146,0.110062,0.99998695,-0.0030093957,0.0041202335,0.00016754588,0.00079210586,-0.002330776,-0.00069238676,0.020517955,0.005984691,-0.0021786122,0.45359588,-0.075944744,0.02099995,1.0,-1.2677304e-05,-8.527906e-06,-1.996274e-06,0.000107043954,6.205971e-05,-0.00021232355,-0.007002576,0.0009085614,1.6059323e-05
0.0,0.0,0.0,0.0,0.0,0.0,1.0,0.652532,0.230146,0.110062,0.45359588,-0.075944744,0.020999953,0.4699912,-0.08203926,0.10730897,-0.025523037,-0.9547399,-0.029744059,-0.29484808,0.35333887,0.41640294,-0.6953504,-2.6968727,-0.64827013,3.7503233,1.1755404,0.039999444,0.04,1.7370665e-05,5.1036536e-06,9.757514e-06,-5.999652e-07,-1.6203197e-06,1.700785e-07,1.1431467e-06,1.09792745e-05,3.7116515e-10,0.0,0.0,0.0,0.0,0.0,0.0,0.04,0.04,0.35333902,0.41640294,-0.6953504,-2.6968727,-0.64827013,3.7503233,1.1755404,0.03999972,0.04,4.961568e-06,1.2296896e-06,2.3769933e-06,-4.5136852e-07,-3.1253654e-07,2.7436386e-08,-5.4239456e-07,5.7275493e-06,4.5488245e-11,5.5879354e-09,2.3283064e-10,-3.7252903e-09,1.0,-1.489095e-10,-8.781334e-10,-8.472538e-11,0.0,0.0,0.0,0.0,0.0,0.0,0.6525351,0.23013474,0.11005844,0.99998707,-0.002962991,0.0041325386,0.00016576462,0.00028625358,-0.0005310066,-0.00012990937,0.0048409416,0.0020416086,-0.0008488924,0.45359588,-0.075944744,0.020999953,1.0,-1.2579337e-05,-8.533018e-06,-2.0058794e-06,0.00010716041,6.197112e-05,-0.00021272239,-0.006988022,0.00093146594,1.633185e-05
0.0,0.0,0.0,0.0,0.0,0.0,1.0,0.6525351,0.23013474,0.11005844,0.45359588,-0.075944744,0.020999957,0.4699912,-0.08203926,0.10730897,-0.025523037,-0.9547399,-0.029744059,-0.29484808,0.35333902,0.41640294,-0.6953504,-2.6968727,-0.64827013,3.7503233,1.1755404,0.03999972,0.04,4.961568e-06,1.2296896e-06,2.3769933e-06,-4.5136852e-07,-3.1253654e-07,2.7436386e-08,-5.4239456e-07,5.7275493e-06,4.5488245e-11,0.0,0.0,0.0,0.0,0.0,0.0,0.04,0.04,0.35333902,0.41640294,-0.6953504,-2.6968727,-0.64827013,3.7503233,1.1755404,0.039999843,0.04,1.3680769e-06,4.3526754e-07,4.537055e-07,-1.2059958e-07,-8.23371e-08,6.107803e-09,-5.49369e-07,3.1112484e-06,-3.90188e-12,5.5879354e-09,2.3283064e-10,-3.7252903e-09,1.0,-1.489095e-10,-8.781334e-10,-8.472538e-11,0.0,0.0,0.0,0.0,0.0,0.0,0.6525328,0.23013937,0.110060856,0.999987,-0.002983455,0.004123306,0.0001663827,0.0004496935,7.618795e-05,-0.00021919612,0.00013465085,0.0043698903,0.00012335285,0.45359588,-0.07594474,0.02099995,1.0,-1.2734549e-05,-8.538119e-06,-1.9971428e-06,0.00010716466,6.1973806e-05,-0.00021272944,-0.006988193,0.00093173597,1.633268e-05
0.0,0.0,0.0,0.0,0.0,0.0,1.0,0.6525328,0.23013937,0.110060856,0.45359588,-0.07594474,0.020999953,0.4699912,-0.08203926,0.10730897,-0.025523037,-0.9547399,-0.029744059,-0.29484808,0.35333902,0.41640294,-0.6953504,-2.6968727,-0.64827013,3.7503233,1.1755404,0.039999843,0.04,1.3680769e-06,4.3526754e-07,4.537055e-07,-1.2059958e-07,-8.23371e-08,6.107803e-09,-5.49369e-07,3.1112484e-06,-3.90188e-12,0.0,0.0,0.0,0.0,0.0,0.0,0.04,0.04,0.35333902,0.41640294,-0.6953504,-2.6968727,-0.64827013,3.7503233,1.1755404,0.039999913,0.04,3.6857926e-07,2.2097028e-07,-7.873999e-08,-3.2131798e-08,-2.1164041e-08,8.9677127e-10,-5.495281e-07,1.3943502e-06,-1.1883123e-11,5.5879354e-09,2.3283064e-10,-3.7252903e-09,1.0,-1.489095e-10,-8.781334e-10,-8.472538e-11,0.0,0.0,0.0,0.0,0.0,0.0,0.65253097,0.23014629,0.1100624,0.999987,-0.0030100758,0.0041164346,0.00016797306,0.0013854131,-0.0019986988,-0.0009958438,0.017161412,0.011218341,-0.0024070735,0.45359588,-0.07594474,0.020999953,1.0,-1.2622059e-05,-8.539273e-06,-2.0048917e-06,0.00010723678,6.180137e-05,-0.00021272904,-0.0069853226,0.00093235105,1.642376e-05
0.0,0.0,0.0,0.0,0.0,0.0,1.0,0.65253097,0.23014629,0.110062405,0.45359588,-0.07594474,0.020999957,0.4699912,-0.08203926,0.10730897,-0.025523037,-0.9547399,-0.029744059,-0.29484808,0.35333902,0.41640294,-0.6953504,-2.6968727,-0.64827013,3.7503233,1.1755404,0.039999913,0.04,3.6857926e-07,2.2097028e-07,-7.873999e-08,-3.2131798e-08,-2.1164041e-08,8.9677127e-10,-5.495281e-07,1.3943502e-06,-1.1883123e-11,0.0,0.0,0.0,0.0,0.0,0.0,0.04,0.04,0.35333902,0.41640294,-0.6953504,-2.6968727,-0.64827013,3.7503233,1.1755404,0.039999913,0.04,9.749454e-08,1.627296e-07,-2.2371087e-07,-8.689079e-09,-3.3315783e-09,-1.1283089e-09,-5.504036e-07,1.2368021e-06,-1.6637568e-11,5.5879354e-09,2.3283064e-10,-3.7252903e-09,1.0,-1.489095e-10,-8.781334e-10,-8.472538e-11,0.0,0.0,0.0,0.0,0.0,0.0,0.65253514,0.2301345,0.11005844,0.9999871,-0.0029624782,0.004132783,0.00016579712,0.00024947673,-0.0005150508,-0.0001729138,0.004891313,0.0017601617,-0.0007179378,0.45359588,-0.07594474,0.02099995,1.0,-1.2734922e-05,-8.57059e-06,-2.0311825e-06,0.00010703157,6.210318e-05,-0.00021232589,-0.0070032524,0.00090840313,1.6023705e-05
0.0,0.0,0.0,0.0,0.0,0.0,1.0,0.65253514,0.2301345,0.11005844,0.45359588,-0.07594474,0.020999953,0.4699912,-0.08203926,0.10730897,-0.025523037,-0.9547399,-0.029744059,-0.29484808,0.35333902,0.41640294,-0.6953504,-2.6968727,-0.64827013,3.7503233,1.1755404,0.039999913,0.04,9.749454e-08,1.627296e-07,-2.2371087e-07,-8.689079e-09,-3.3315783e-09,-1.1283089e-09,-5.504036e-07,1.2368021e-06,-1.6637568e-11,0.0,0.0,0.0,0.0,0.0,0.0,0.04,0.04,0.35333902,0.41640294,-0.6953504,-2.6968727,-0.64827013,3.7503233,1.1755404,0.039999913,0.04,2.232914e-08,1.4687765e-07,-2.6386397e-07,-2.1366586e-09,1.5961301e-09,-1.6958212e-09,-5.506269e-07,1.2371195e-06,8.258956e-12,5.5879354e-09,2.3283064e-10,-3.7252903e-09,1.0,-1.489095e-10,-8.781334e-10,-8.472538e-11,0.0,0.0,0.0,0.0,0.0,0.0,0.6525314,0.2301392,0.11006151,0.999987,-0.0029818157,0.0041172183,0.00016659447,0.0004420021,0.0002889235,-0.0002750115,-0.0022087174,0.0044152713,0.00013890522,0.45359588,-0.075944744,0.020999953,1.0,-1.2616206e-05,-8.56802e-06,-1.9990125e-06,0.00010725016,6.1757375e-05,-0.00021272677,-0.006984557,0.00093242805,1.6455659e-05
0.0,0.0,0.0,0.0,0.0,0.0,1.0,0.6525314,0.2301392,0.11006151,0.45359588,-0.075944744,0.020999957,0.4699912,-0.08203926,0.10730897,-0.025523037,-0.9547399,-0.029744059,-0.29484808,0.35333902,0.41640294,-0.6953504,-2.6968727,-0.64827013,3.7503233,1.1755404,0.039999913,0.04,2.232914e-08,1.4687765e-07,-2.6386397e-07,-2.1366586e-09,1.5961301e-09,-1.6958212e-09,-5.506269e-07,1.2371195e-06,8.258956e-12,0.0,0.0,0.0,0.0,0.0,0.0,0.04,0.04,0.35333902,0.41640294,-0.6953504,-2.6968727,-0.64827013,3.7503233,1.1755404,0.039999913,0.04,1.3675725e-09,1.4248513e-07,-2.750518e-07,-3.2440417e-10,2.95855e-09,-1.8508269e-09,-5.506816e-07,1.237208e-06,1.1104209e-10,5.5879354e-09,2.3283064e-10,-3.7252903e-09,1.0,-1.489095e-10,-8.781334e-10,-8.472538e-11,0.0,0.0,0.0,0.0,0.0,0.0,0.65253097,0.2301463,0.11006235,0.99998695,-0.0030101659,0.0041164868,0.00016797544,0.0013897358,-0.00200033,-0.0010008138,0.01716279,0.011245837,-0.0024164298,0.45359588,-0.07594474,0.02099995,1.0,-1.2774033e-05,-8.575074e-06,-2.0102198e-06,0.00010716651,6.197381e-05,-0.00021272943,-0.006988364,0.0009315583,1.632894e-05
0.0,0.0,0.0,0.0,0.0,0.0,1.0,0.65253097,0.2301463,0.11006236,0.45359588,-0.07594474,0.020999953,0.4699912,-0.08203926,0.10730897,-0.025523037,-0.9547399,-0.029744059,-0.29484808,0.35333902,0.41640294,-0.6953504,-2.6968727,-0.64827013,3.7503233,1.1755404,0.039999913,0.04,1.3675725e-09,1.4248513e-07,-2.750518e-07,-3.2440417e-10,2.95855e-09,-1.8508269e-09,-5.506816e-07,1.237208e-06,1.1104209e-10,0.0,0.0,0.0,0.0,0.0,0.0,0.04,0.04,0.35333902,0.41640294,-0.6953504,-2.6968727,-0.64827013,3.7503233,1.1755404,0.039999913,0.04,-4.4754422e-09,1.4126415e-07,-2.781717e-07,1.793208e-10,3.336266e-09,-1.8934805e-09,-5.50692e-07,1.2372333e-06,2.0964173e-10,5.5879354e-09,2.3283064e-10,-3.7252903e-09,1.0,-1.489095e-10,-8.781334e-10,-8.472538e-11,0.0,0.0,0.0,0.0,0.0,0.0,0.65253514,0.23013447,0.11005827,0.9999871,-0.0029620682,0.0041326103,0.00016582546,0.00025104702,-0.00058551575,-0.00019496432,0.0055530686,0.0018670938,-0.00068218616,0.45359588,-0.07594474,0.020999953,1.0,-1.2661499e-05,-8.576053e-06,-2.0179664e-06,0.00010723603,6.180069e-05,-0.00021272898,-0.0069852755,0.0009322559,1.6426045e-05
0.0,0.0,0.0,0.0,0.0,0.0,1.0,0.65253514,0.23013447,0.11005828,0.45359588,-0.07594474,0.020999957,0.4699912,-0.08203926,0.10730897,-0.025523037,-0.9547399,-0.029744059,-0.29484808,0.35333902,0.41640294,-0.6953504,-2.6968727,-0.64827013,3.7503233,1.1755404,0.039999913,0.04,-4.4754422e-09,1.4126415e-07,-2.781717e-07,1.793208e-10,3.336266e-09,-1.8934805e-09,-5.50692e-07,1.2372333e-06,2.0964173e-10,0.0,0.0,0.0,0.0,0.0,0.0,0.04,0.04,0.35333902,0.41640294,-0.6953504,-2.6968727,-0.64827013,3.7503233,1.1755404,0.039999913,0.04,-6.103859e-09,1.4092423e-07,-2.7904161e-07,3.1952455e-10,3.441769e-09,-1.9055293e-09,-5.506943e-07,1.2372407e-06,2.450804e-10,5.5879354e-09,2.3283064e-10,-3.7252903e-09,1.0,-1.489095e-10,-8.781334e-10,-8.472538e-11,0.0,0.0,0.0,0.0,0.0,0.0,0.6525328,0.23013933,0.110060774,0.99998707,-0.002983027,0.0041231173,0.0001664401,0.0004505651,7.438997e-05,-0.0002191002,0.00015043141,0.004377632,0.00012159804,0.45359588,-0.07594474,0.02099995,1.0,-1.263576e-05,-8.497471e-06,-2.026906e-06,0.000106953514,6.227483e-05,-0.00021231928,-0.0070061404,0.0009074978,1.5931972e-05
0.0,0.0,0.0,0.0,0.0,0.0,1.0,0.6525328,0.23013933,0.11006078,0.45359588,-0.07594474,0.020999953,0.4699912,-0.08203926,0.10730897,-0.025523037,-0.9547399,-0.029744059,-0.29484808,0.35333902,0.41640294,-0.6953504,-2.6968727,-0.64827013,3.7503233,1.1755404,0.039999913,0.04,-6.103859e-09,1.4092423e-07,-2.7904161e-07,3.1952455e-10,3.441769e-09,-1.9055293e-09,-5.506943e-07,1.2372407e-06,2.450804e-10,0.0,0.0,0.0,0.0,0.0,0.0,0.04,0.04,0.35333902,0.41640294,-0.6953504,-2.6968727,-0.64827013,3.7503233,1.1755404,0.039999913,0.04,-6.5577517e-09,1.4082953e-07,-2.7928417e-07,3.585727e-10,3.4711314e-09,-1.9089705e-09,-5.506951e-07,1.2372425e-06,2.5497415e-10,5.5879354e-09,2.3283064e-10,-3.7252903e-09,1.0,-1.489095e-10,-8.781334e-10,-8.472538e-11,0.0,0.0,0.0,0.0,0.0,0.0,0.6525319,0.23014604,0.110061996,0.99998695,-0.0030095,0.004120159,0.00016755944,0.00079219585,-0.0023320145,-0.0006925842,0.020529155,0.005984785,-0.0021795733,0.45359588,-0.07594474,0.020999946,1.0,-1.2746693e-05,-8.525764e-06,-2.033288e-06,0.00010703094,6.210458e-05,-0.00021232132,-0.0070034564,0.0009083448,1.602715e-05
0.0,0.0,0.0,0.0,0.0,0.0,1.0,0.6525319,0.23014604,0.110062,0.45359588,-0.07594474,0.02099995,0.4699912,-0.08203926,0.10730897,-0.025523037,-0.9547399,-0.029744059,-0.29484808,0.35333902,0.41640294,-0.6953504,-2.6968727,-0.64827013,3.7503233,1.1755404,0.039999913,0.04,-6.5577517e-09,1.4082953e-07,-2.7928417e-07,3.585727e-10,3.4711314e-09,-1.9089705e-09,-5.506951e-07,1.2372425e-06,2.5497415e-10,0.0,0.0,0.0,0.0,0.0,0.0,0.04,0.04,0.35333902,0.41640294,-0.6953504,-2.6968727,-0.64827013,3.7503233,1.1755404,0.039999913,0.04,-6.6842514e-09,1.4080311e-07,-2.793518e-07,3.694285e-10,3.4793581e-09,-1.9098527e-09,-5.5069546e-07,1.2372435e-06,2.5784555e-10,5.5879354e-09,2.3283064e-10,-3.7252903e-09,1.0,-1.489095e-10,-8.781334e-10,-8.472538e-11,0.0,0.0,0.0,0.0,0.0,0.0,0.6525351,0.23013477,0.11005838,0.9999871,-0.0029630489,0.004132541,0.00016575775,0.0002887932,-0.00054697844,-0.00013513534,0.0049710604,0.0020970288,-0.0008428969,0.45359588,-0.07594474,0.02099995,1.0,-1.2631172e-05,-8.5246775e-06,-2.021069e-06,0.00010723762,6.18002e-05,-0.00021272687,-0.006985218,0.000932413,1.6425409e-05
0.0,0.0,0.0,0.0,0.0,0.0,1.0,0.6525351,0.23013477,0.11005838,0.45359588,-0.07594474,0.020999953,0.4699912,-0.08203926,0.10730897,-0.025523037,-0.9547399,-0.029744059,-0.29484808,0.35333902,0.41640294,-0.6953504,-2.6968727,-0.64827013,3.7503233,1.1755404,0.039999913,0.04,-6.6842514e-09,1.4080311e-07,-2.793518e-07,3.694285e-10,3.4793581e-09,-1.9098527e-09,-5.5069546e-07,1.2372435e-06,2.5784555e-10,0.0,0.0,0.0,0.0,0.0,0.0,0.04,0.04,0.35333902,0.41640294,-0.6953504,-2.6968727,-0.64827013,3.7503233,1.1755404,0.039999913,0.04,-6.7195627e-09,1.4079576e-07,-2.7937054e-07,3.7245398e-10,3.4815881e-09,-1.91013e-09,-5.5069535e-07,1.2372432e-06,2.5848226e-10,5.5879354e-09,2.3283064e-10,-3.7252903e-09,1.0,-1.489095e-10,-8.781334e-10,-8.472538e-11,0.0,0.0,0.0,0.0,0.0,0.0,0.6525328,0.23013936,0.110060856,0.9999871,-0.0029832514,0.004123468,0.00016637828,0.00044897653,7.67514e-05,-0.00021875188,0.00012651666,0.004362392,0.00012292061,0.45359588,-0.07594474,0.020999946,1.0,-1.274048e-05,-8.554646e-06,-2.0274304e-06,0.00010703139,6.210443e-05,-0.00021232376,-0.0070033586,0.00090830546,1.6023114e-05
-0.2,0.0,0.0,0.0,0.0,0.0,1.0,0.6525328,0.23013936,0.110060856,0.45359588,-0.07594474,0.02099995,0.4699912,-0.08203926,0.10730897,-0.025523037,-0.9547399,-0.029744059,-0.29484808,0.35333902,0.41640294,-0.6953504,-2.6968727,-0.64827013,3.7503233,1.1755404,0.039999913,0.04,-6.7195627e-09,1.4079576e-07,-2.7937054e-07,3.7245398e-10,3.4815881e-09,-1.91013e-09,-5.5069535e-07,1.2372432e-06,2.5848226e-10,-0.1,0.0,0.0,0.0,0.0,0.0,0.04,0.04,0.37643564,0.40342265,-0.72059184,-2.7359633,-0.6273571,3.7525,1.1429284,0.04,0.04,0.60055137,-0.40186363,-0.70288783,-1.3576837,0.5582547,-2.0988604e-05,-0.8969494,-3.4362918e-05,0.00017451026,5.5879354e-09,2.3283064e-10,-3.7252903e-09,1.0,-1.489095e-10,-8.781334e-10,-8.472538e-11,0.0,0.0,0.0,0.0,0.0,0.0,0.652531,0.23014632,0.11006244,0.99998695,-0.0030103682,0.004116131,0.00016812263,0.0013903747,-0.002010171,-0.0009979424,0.017265687,0.011265383,-0.0024169092,0.45359588,-0.07594474,0.02099995,1.0,-1.26250925e-05,-8.553541e-06,-2.0152088e-06,0.00010723801,6.1802086e-05,-0.00021272912,-0.00698515,0.00093255326,1.6423432e-05
0.0,0.0,0.0,0.0,0.0,0.0,1.0,0.652531,0.23014632,0.11006245,0.45359588,-0.07594474,0.020999953,0.45644152,-0.083835065,0.10551722,-0.03074199,-0.956638,-0.030201852,-0.28807378,0.37643564,0.40342265,-0.72059184,-2.7359633,-0.6273571,3.7525,1.1429284,0.04,0.04,0.60055137,-0.40186363,-0.70288783,-1.3576837,0.5582547,-2.0988604e-05,-0.8969494,-3.4362918e-05,0.00017451026,0.0,0.0,0.0,0.0,0.0,0.0,0.04,0.04,0.37458724,0.4031071,-0.7206842,-2.74446,-0.6281308,3.7520382,1.1431085,0.03999992,0.039999854,-0.03040352,0.038097978,0.008609853,0.013952376,-0.010649739,-0.01795431,0.009040797,7.735047e-05,-8.644909e-06,5.5879354e-09,2.3283064e-10,-3.7252903e-09,1.0,-1.489095e-10,-8.781334e-10,-8.472538e-11,0.0,0.0,0.0,0.0,0.0,0.0,0.65253514,0.23013449,0.110058345,0.9999871,-0.0029622128,0.004132799,0.00016569864,0.00024773367,-0.0005393872,-0.00018055481,0.0051243906,0.001778372,-0.0007008482,0.45359588,-0.07594474,0.020999946,1.0,-1.2764775e-05,-8.554992e-06,-2.0046302e-06,0.00010716435,6.197459e-05,-0.00021272282,-0.0069881356,0.00093166257,1.6326767e-05
0.0,0.0,0.0,0.0,0.0,0.0,1.0,0.65253514,0.23013449,0.11005835,0.45359588,-0.07594474,0.02099995,0.4521529,-0.08397074,0.10320245,-0.029960394,-0.9578946,-0.028219134,-0.2841549,0.37458724,0.4031071,-0.7206842,-2.74446,-0.6281308,3.7520382,1.1431085,0.03999992,0.039999854,-0.03040352,0.038097978,0.008609853,0.013952376,-0.010649739,-0.01795431,0.009040797,7.735047e-05,-8.644909e-06,0.0,0.0,0.0,0.0,0.0,0.0,0.04,0.04,0.37431118,0.40344632,-0.7207637,-2.744495,-0.6281012,3.751988,1.1431135,0.04,0.03999866,-0.0028485171,0.00034188322,-0.0010131415,-0.0010691959,0.00038679873,-0.0008493064,0.00032128886,1.3157641e-07,3.7593481e-06,5.5879354e-09,2.3283064e-10,-3.7252903e-09,1.0,-1.489095e-10,-8.781334e-10,-8.472538e-11,0.0,0.0,0.0,0.0,0.0,0.0,0.6525328,0.23013939,0.11006082,0.999987,-0.0029835545,0.0041234973,0.00016638929,0.00044959347,7.710862e-05,-0.00021915235,0.0001262107,0.004369111,0.00012432603,0.45359588,-0.07594474,0.02099995,1.0,-1.2652186e-05,-8.55599e-06,-2.0123732e-06,0.00010723603,6.180208e-05,-0.00021272906,-0.006985333,0.0009323378,1.6424057e-05
0.0,0.0,0.0,0.0,0.0,0.0,1.0,0.6525328,0.23013939,0.110060826,0.45359588,-0.07594474,0.020999953,0.45203286,-0.084170885,0.1030608,-0.03008753,-0.957951,-0.028053463,-0.2839675,0.37431118,0.40344632,-0.7207637,-2.744495,-0.6281012,3.751988,1.1431135,0.04,0.03999866,-0.0028485171,0.00034188322,-0.0010131415,-0.0010691959,0.00038679873,-0.0008493064,0.00032128886,1.3157641e-07,3.7593481e-06,0.0,0.0,0.0,0.0,0.0,0.0,0.04,0.04,0.37426406,0.40345082,-0.7207848,-2.7445045,-0.6280976,3.7519872,1.1431135,0.04,0.039999127,-0.00057241693,-3.8011844e-05,-0.00026525042,-8.010272e-06,9.155856e-05,-4.9229526e-05,-1.31654315e-05,-4.278686e-09,1.3258775e-05,5.5879354e-09,2.3283064e-10,-3.7252903e-09,1.0,-1.489095e-10,-8.781334e-10,-8.472538e-11,0.0,0.0,0.0,0.0,0.0,0.0,0.652532,0.23014604,0.11006202,0.99998695,-0.0030094492,0.0041201566,0.0001675589,0.0007929551,-0.002331556,-0.0006926559,0.020524757,0.0059938678,-0.0021792192,0.45359588,-0.07594474,0.020999946,1.0,-1.2626615e-05,-8.477525e-06,-2.0212879e-06,0.000106955886,6.227601e-05,-0.00021232136,-0.0070060333,0.00090770796,1.5932093e-05
0.0,0.0,0.0,0.0,0.0,0.0,1.0,0.652532,0.23014604,0.11006202,0.45359588,-0.07594474,0.02099995,0.4520226,-0.08420297,0.10305865,-0.030100703,-0.95795333,-0.028019637,-0.28396195,0.37426406,0.40345082,-0.7207848,-2.7445045,-0.6280976,3.7519872,1.1431135,0.04,0.039999127,-0.00057241693,-3.8011844e-05,-0.00026525042,-8.010272e-06,9.155856e-05,-4.9229526e-05,-1.31654315e-05,-4.278686e-09,1.3258775e-05,0.0,0.0,0.0,0.0,0.0,0.0,0.04,0.04,0.37425426,0.40344986,-0.7207898,-2.7445045,-0.62809664,3.7519872,1.1431135,0.04,0.03999952,-0.00012165773,-2.3977165e-05,-6.3505366e-05,2.3661325e-06,2.5948313e-05,-9.3840157e-07,-5.9234053e-06,-1.4972097e-09,8.8391125e-06,5.5879354e-09,2.3283064e-10,-3.7252903e-09,1.0,-1.489095e-10,-8.781334e-10,-8.472538e-11,0.0,0.0,0.0,0.0,0.0,0.0,0.6525351,0.2301348,0.11005841,0.99998707,-0.0029630759,0.0041327793,0.0001656611,0.00028667648,-0.00054036436,-0.00013353137,0.0049157725,0.002071117,-0.0008407097,0.45359588,-0.075944744,0.02099995,1.0,-1.2498215e-05,-8.477845e-06,-2.105152e-06,0.00010648176,6.218844e-05,-0.00021254757,-0.0069873454,0.0009188128,1.6684411e-05
0.0,0.0,0.0,0.0,0.0,0.0,1.0,0.6525351,0.2301348,0.11005841,0.45359588,-0.075944744,0.020999953,0.45202175,-0.084210135,0.10305956,-0.030103803,-0.95795316,-0.028012663,-0.28396237,0.37425426,0.40344986,-0.7207898,-2.7445045,-0.62809664,3.7519872,1.1431135,0.04,0.03999952,-0.00012165773,-2.3977165e-05,-6.3505366e-05,2.3661325e-06,2.5948313e-05,-9.3840157e-07,-5.9234053e-06,-1.4972097e-09,8.8391125e-06,0.0,0.0,0.0,0.0,0.0,0.0,0.04,0.04,0.37425214,0.40344957,-0.72079086,-2.7445045,-0.62809664,3.7519872,1.1431135,0.04,0.039999746,-2.7044345e-05,-6.2501745e-06,-1.4651183e-05,7.8096497e-07,5.1823245e-06,-3.0005637e-07,-1.7431298e-06,-3.9275994e-10,5.075669e-06,5.5879354e-09,2.3283064e-10,-3.7252903e-09,1.0,-1.489095e-10,-8.781334e-10,-8.472538e-11,0.0,0.0,0.0,0.0,0.0,0.0,0.6525328,0.23013934,0.1100608,0.999987,-0.002983108,0.0041235387,0.00016628999,0.00044837885,7.706095e-05,-0.00021949974,0.00012497303,0.004356488,0.00012368716,0.45359588,-0.075944744,0.020999946,1.0,-1.2622596e-05,-8.511341e-06,-2.1134047e-06,0.000106408326,6.2362225e-05,-0.0002125613,-0.006990411,0.00091810897,1.6595342e-05
0.0,0.0,0.0,0.0,0.0,0.0,1.0,0.6525328,0.23013934,0.11006081,0.45359588,-0.075944744,0.02099995,0.4520217,-0.0842116,0.10305987,-0.03010431,-0.9579532,-0.028011113,-0.2839627,0.37425214,0.40344957,-0.72079086,-2.7445045,-0.62809664,3.7519872,1.1431135,0.04,0.039999746,-2.7044345e-05,-6.2501745e-06,-1.4651183e-05,7.8096497e-07,5.1823245e-06,-3.0005637e-07,-1.7431298e-06,-3.9275994e-10,5.075669e-06,0.0,0.0,0.0,0.0,0.0,0.0,0.04,0.04,0.37425157,0.40344957,-0.72079086,-2.7445045,-0.62809664,3.7519872,1.1431135,0.04,0.039999865,-8.759098e-06,1.8745742e-06,-3.1660647e-07,2.1069675e-06,1.108017e-06,3.2928906e-06,2.7235783e-06,-7.525427e-11,2.7640672e-06,5.5879354e-09,2.3283064e-10,-3.7252903e-09,1.0,-1.489095e-10,-8.781334e-10,-8.472538e-11,0.0,0.0,0.0,0.0,0.0,0.0,0.65253097,0.23014629,0.11006236,0.99998695,-0.0030101896,0.004116233,0.00016813894,0.0013873156,-0.0020027654,-0.0009957445,0.017199496,0.01124149,-0.0024098172,0.45359588,-0.075944744,0.02099995,1.0,-1.2521033e-05,-8.515645e-06,-2.103104e-06,0.00010641866,6.231497e-05,-0.00021255617,-0.006989493,0.000918124,1.662819e-05
0.0,0.0,0.0,0.0,0.0,0.0,1.0,0.65253097,0.23014629,0.11006236,0.45359588,-0.075944744,0.020999953,0.45202154,-0.08421201,0.10305978,-0.030104488,-0.95795333,-0.028010786,-0.28396255,0.37425157,0.40344957,-0.72079086,-2.7445045,-0.62809664,3.7519872,1.1431135,0.04,0.039999865,-8.759098e-06,1.8745742e-06,-3.1660647e-07,2.1069675e-06,1.108017e-06,3.2928906e-06,2.7235783e-06,-7.525427e-11,2.7640672e-06,0.0,0.0,0.0,0.0,0.0,0.0,0.04,0.04,0.37425157,0.40344957,-0.72079086,-2.7445045,-0.62809664,3.7519872,1.1431135,0.04,0.039999925,-7.464357e-07,7.611328e-08,-1.360368e-06,7.0511106e-08,1.4777518e-06,-2.174477e-08,-5.515651e-07,-1.5984084e-11,1.0669884e-06,5.5879354e-09,2.3283064e-10,-3.7252903e-09,1.0,-1.489095e-10,-8.781334e-10,-8.472538e-11,0.0,0.0,0.0,0.0,0.0,0.0,0.65253514,0.2301345,0.11005842,0.9999871,-0.0029624004,0.0041328142,0.00016571562,0.00024699685,-0.00051005156,-0.00017353849,0.004852288,0.0017360622,-0.0007132341,0.45359588,-0.075944744,0.020999946,1.0,-1.263559e-05,-8.545175e-06,-2.1293836e-06,0.000106497915,6.214349e-05,-0.00021256354,-0.0069868052,0.00091894227,1.6714139e-05
0.0,0.0,0.0,0.0,0.0,0.0,1.0,0.65253514,0.2301345,0.11005843,0.45359588,-0.075944744,0.02099995,0.45202154,-0.08421201,0.10305978,-0.030104488,-0.95795333,-0.028010786,-0.28396255,0.37425157,0.40344957,-0.72079086,-2.7445045,-0.62809664,3.7519872,1.1431135,0.04,0.039999925,-7.464357e-07,7.611328e-08,-1.360368e-06,7.0511106e-08,1.4777518e-06,-2.174477e-08,-5.515651e-07,-1.5984084e-11,1.0669884e-06,0.0,0.0,0.0,0.0,0.0,0.0,0.04,0.04,0.37425157,0.40344957,-0.72079086,-2.7445045,-0.62809664,3.7519872,1.1431135,0.04,0.039999925,4.2630793e-07,2.0795986e-07,-7.592477e-07,3.3408654e-08,1.3990198e-06,-3.1177754e-09,-5.4799455e-07,-3.4717487e-12,1.0740806e-06,5.5879354e-09,2.3283064e-10,-3.7252903e-09,1.0,-1.489095e-10,-8.781334e-10,-8.472538e-11,0.0,0.0,0.0,0.0,0.0,0.0,0.6525329,0.23013939,0.11006082,0.999987,-0.002983532,0.0041235657,0.00016636886,0.0004493985,7.766008e-05,-0.00021863454,0.0001184662,0.0043668197,0.00012354556,0.45359588,-0.07594474,0.020999942,1.0,-1.2785911e-05,-8.550584e-06,-2.10073e-06,0.00010622889,6.257266e-05,-0.00021215972,-0.007006865,0.00089429447,1.6254991e-05
0.0,0.0,0.0,0.0,0.0,0.0,1.0,0.6525329,0.23013939,0.110060826,0.45359588,-0.07594474,0.020999946,0.45202154,-0.08421201,0.10305978,-0.030104488,-0.95795333,-0.028010786,-0.28396255,0.37425157,0.40344957,-0.72079086,-2.7445045,-0.62809664,3.7519872,1.1431135,0.04,0.039999925,4.2630793e-07,2.0795986e-07,-7.592477e-07,3.3408654e-08,1.3990198e-06,-3.1177754e-09,-5.4799455e-07,-3.4717487e-12,1.0740806e-06,0.0,0.0,0.0,0.0,0.0,0.0,0.04,0.04,0.37425157,0.40344957,-0.72079086,-2.7445045,-0.62809664,3.7519872,1.1431135,0.04,0.039999925,7.2621816e-07,2.595618e-07,-6.022497e-07,1.344571e-08,1.3786987e-06,-1.3235586e-11,-5.471311e-07,-8.9393575e-13,1.075223e-06,5.5879354e-09,2.3283064e-10,-3.7252903e-09,1.0,-1.489095e-10,-8.781334e-10,-8.472538e-11,0.0,0.0,0.0,0.0,0.0,0.0,0.65253097,0.2301463,0.110062376,0.999987,-0.0030101486,0.0041163657,0.00016799393,0.0013866548,-0.0020075345,-0.0009949734,0.017247807,0.011234649,-0.0024106556,0.45359588,-0.07594474,0.020999946,1.0,-1.26852365e-05,-8.553747e-06,-2.0903678e-06,0.00010641986,6.231323e-05,-0.00021255408,-0.0069895927,0.0009179672,1.6621405e-05
0.0,0.0,0.0,0.0,0.0,0.0,1.0,0.65253097,0.2301463,0.110062376,0.45359588,-0.07594474,0.02099995,0.45202154,-0.08421201,0.10305978,-0.030104488,-0.95795333,-0.028010786,-0.28396255,0.37425157,0.40344957,-0.72079086,-2.7445045,-0.62809664,3.7519872,1.1431135,0.04,0.039999925,7.2621816e-07,2.595618e-07,-6.022497e-07,1.344571e-08,1.3786987e-06,-1.3235586e-11,-5.471311e-07,-8.9393575e-13,1.075223e-06,0.0,0.0,0.0,0.0,0.0,0.0,0.04,0.04,0.37425157,0.40344957,-0.72079086,-2.7445045,-0.62809664,3.7519872,1.1431135,0.04,0.039999925,8.0358814e-07,2.7455553e-07,-5.6139305e-07,6.992647e-09,1.3733942e-06,6.3024896e-10,-5.469028e-07,-3.6004175e-13,1.0755192e-06,5.5879354e-09,2.3283064e-10,-3.7252903e-09,1.0,-1.489095e-10,-8.781334e-10,-8.472538e-11,0.0,0.0,0.0,0.0,0.0,0.0,0.6525352,0.23013446,0.11005828,0.99998707,-0.0029621555,0.0041327896,0.00016577961,0.00024936817,-0.00057376036,-0.00018838982,0.0054418202,0.0018332711,-0.0006883104,0.45359588,-0.07594474,0.020999942,1.0,-1.2800539e-05,-8.58001e-06,-2.038701e-06,0.00010704359,6.205965e-05,-0.00021232355,-0.0070026563,0.00090838235,1.6056678e-05
0.0,0.0,0.0,0.0,0.0,0.0,1.0,0.6525352,0.23013446,0.11005828,0.45359588,-0.07594474,0.020999946,0.45202154,-0.08421201,0.10305978,-0.030104488,-0.95795333,-0.028010786,-0.28396255,0.37425157,0.40344957,-0.72079086,-2.7445045,-0.62809664,3.7519872,1.1431135,0.04,0.039999925,8.0358814e-07,2.7455553e-07,-5.6139305e-07,6.992647e-09,1.3733942e-06,6.3024896e-10,-5.469028e-07,-3.6004175e-13,1.0755192e-06,0.0,0.0,0.0,0.0,0.0,0.0,0.04,0.04,0.37425157,0.40344957,-0.72079086,-2.7445045,-0.62809664,3.7519872,1.1431135,0.04,0.039999925,8.236204e-07,2.7861097e-07,-5.5077874e-07,5.186429e-09,1.3720153e-06,7.805173e-10,-5.4684284e-07,2.6145175e-13,1.0755958e-06,5.5879354e-09,2.3283064e-10,-3.7252903e-09,1.0,-1.489095e-10,-8.781334e-10,-8.472538e-11,0.0,0.0,0.0,0.0,0.0,0.0,0.6525329,0.23013936,0.11006081,0.999987,-0.0029834996,0.004123493,0.00016643325,0.00045019918,7.679651e-05,-0.00021947459,0.0001300035,0.0043747993,0.00012414345,0.45359588,-0.07594474,0.020999946,1.0,-1.2695751e-05,-8.582281e-06,-2.0084246e-06,0.00010717328,6.1928215e-05,-0.00021272473,-0.006987136,0.00093175925,1.6359005e-05
0.0,0.0,-0.2,0.0,0.0,0.0,1.0,0.6525329,0.23013936,0.11006081,0.45359588,-0.07594474,0.02099995,0.45202154,-0.08421201,0.10305978,-0.030104488,-0.95795333,-0.028010786,-0.28396255,0.37425157,0.40344957,-0.72079086,-2.7445045,-0.62809664,3.7519872,1.1431135,0.04,0.039999925,8.236204e-07,2.7861097e-07,-5.5077874e-07,5.186429e-09,1.3720153e-06,7.805173e-10,-5.4684284e-07,2.6145175e-13,1.0755958e-06,0.0,0.0,-0.1,0.0,0.0,0.0,0.04,0.04,0.360087,0.45535836,-0.701122,-2.7248135,-0.60756433,3.7524998,1.1515698,0.039998844,0.03999493,-0.37979853,1.9709984,0.62149405,0.5567258,0.60796064,4.542478e-06,0.22588697,0.0013378031,-0.00019346048,5.5879354e-09,2.3283064e-10,-3.7252903e-09,1.0,-1.489095e-10,-8.781334e-10,-8.472538e-11,0.0,0.0,0.0,0.0,0.0,0.0,0.65253097,0.2301463,0.11006238,0.99998695,-0.0030100697,0.004116429,0.00016799515,0.0013871852,-0.0020085662,-0.0009955107,0.017255906,0.0112383505,-0.0024123462,0.45359588,-0.075944744,0.02099995,1.0,-1.2582508e-05,-8.58386e-06,-2.016195e-06,0.00010715859,6.197382e-05,-0.00021271828,-0.006987967,0.00093160436,1.6332655e-05
0.0,0.0,-0.2,0.0,0.0,0.0,1.0,0.65253097,0.2301463,0.11006239,0.45359588,-0.075944744,0.020999953,0.45107582,-0.090090506,0.087162405,-0.038004845,-0.9616574,-0.021669328,-0.270742,0.360087,0.45535836,-0.701122,-2.7248135,-0.60756433,3.7524998,1.1515698,0.039998844,0.03999493,-0.37979853,1.9709984,0.62149405,0.5567258,0.60796064,4.542478e-06,0.22588697,0.0013378031,-0.00019346048,0.0,0.0,-0.1,0.0,0.0,0.0,0.04,0.04,0.34801036,0.52325994,-0.67869556,-2.705204,-0.5857953,3.7524984,1.1595095,0.04,0.03999669,-0.31754708,1.9483875,0.6570716,0.54468703,0.6123433,-3.2258686e-07,0.22296393,0.0003141364,0.00012180352,5.5879354e-09,2.3283064e-10,-3.7252903e-09,1.0,-1.489095e-10,-8.781334e-10,-8.472538e-11,0.0,0.0,0.0,0.0,0.0,0.0,0.65253514,0.23013449,0.11005837,0.9999871,-0.0029623453,0.0041325926,0.00016575307,0.00024954503,-0.0005463669,-0.00018140525,0.0051858667,0.0018000304,-0.0007020968,0.45359588,-0.07594474,0.020999946,1.0,-1.2723227e-05,-8.5481415e-06,-2.1318845e-06,0.000106400126,6.242067e-05,-0.00021256572,-0.0069918553,0.0009178751,1.6546537e-05
0.0,0.0,0.0,0.0,0.0,0.0,1.0,0.65253514,0.23013449,0.11005837,0.45359588,-0.07594474,0.02099995,0.44562322,-0.0951223,0.06421855,-0.047000468,-0.966966,-0.017862856,-0.24989745,0.34801036,0.52325994,-0.67869556,-2.705204,-0.5857953,3.7524984,1.1595095,0.04,0.03999669,-0.31754708,1.9483875,0.6570716,0.54468703,0.6123433,-3.2258686e-07,0.22296393,0.0003141364,0.00012180352,0.0,0.0,0.0,0.0,0.0,0.0,0.04,0.04,0.35054427,0.5361508,-0.67559916,-2.7029552,-0.5838463,3.7524922,1.1601672,0.039997477,0.03951194,0.069408804,-0.18225084,-0.0037671602,0.11254262,0.039934017,-0.0033772544,0.0017217817,-0.0031602022,-0.2018658,5.5879354e-09,2.3283064e-10,-3.7252903e-09,1.0,-1.489095e-10,-8.781334e-10,-8.472538e-11,0.0,0.0,0.0,0.0,0.0,0.0,0.6525314,0.23013912,0.11006151,0.999987,-0.0029814949,0.0041174763,0.0001665102,0.00043964924,0.00028777216,-0.00027244337,-0.002197522,0.004390638,0.00013970798,0.45279312,-0.07590178,0.02170052,0.99986535,-0.00057242456,-0.01639475,0.00046457272,-0.026423505,0.030979147,0.038006317,-0.8946481,-1.9694338,-0.30928954
0.0,0.0,0.0,0.0,0.0,0.0,1.0,0.6525314,0.23013912,0.11006151,0.45279312,-0.07590178,0.021700524,0.4439504,-0.094061725,0.05950008,-0.04807449,-0.96808374,-0.020198435,-0.24514276,0.35054427,0.5361508,-0.67559916,-2.7029552,-0.5838463,3.7524922,1.1601672,0.039997477,0.03951194,0.069408804,-0.18225084,-0.0037671602,0.11254262,0.039934017,-0.0033772544,0.0017217817,-0.0031602022,-0.2018658,0.0,0.0,0.0,0.0,0.0,0.0,0.04,0.04,0.35149923,0.53387266,-0.67567664,-2.7013714,-0.5837572,3.7525003,1.1600894,0.039996214,0.039745655,0.011156319,-0.011548698,-0.00029840102,0.0046354863,0.0018434565,-2.377581e-06,-0.0035194918,1.5145709e-05,0.0051654833,5.5879354e-09,2.3283064e-10,-3.7252903e-09,1.0,-1.489095e-10,-8.781334e-10,-8.472538e-11,0.0,0.0,0.0,0.0,0.0,0.0,0.652531,0.23014629,0.110062346,0.999987,-0.0030099947,0.0041165682,0.00016794664,0.0013882802,-0.0020000432,-0.000999984,0.01716238,0.011231748,-0.002414673,0.45352247,-0.07590866,0.021001093,0.9999999,4.7109963e-05,-0.0004449878,9.121991e-06,0.013279886,0.00083146256,-0.009704464,0.0820784,-0.06187858,-0.02970656
0.0,0.0,0.0,0.0,0.0,0.0,1.0,0.652531,0.23014629,0.110062346,0.45352247,-0.07590866,0.021001097,0.44543275,-0.09355682,0.060763564,-0.047782265,-0.9676303,-0.020738453,-0.24693844,0.35149923,0.53387266,-0.67567664,-2.7013714,-0.5837572,3.7525003,1.1600894,0.039996214,0.039745655,0.011156319,-0.011548698,-0.00029840102,0.0046354863,0.0018434565,-2.377581e-06,-0.0035194918,1.5145709e-05,0.0051654833,0.0,0.0,0.0,0.0,0.0,0.0,0.04,0.04,0.35163754,0.53373724,-0.67563343,-2.7012885,-0.5837633,3.7525,1.1600873,0.039997518,0.039869368,0.0015211307,-0.00060930144,0.00054133555,0.0004397584,-9.860167e-05,-5.2623426e-07,-0.00015652251,3.7003185e-05,0.002635465,5.5879354e-09,2.3283064e-10,-3.7252903e-09,1.0,-1.489095e-10,-8.781334e-10,-8.472538e-11,0.0,0.0,0.0,0.0,0.0,0.0,0.65253514,0.23013449,0.11005835,0.99998707,-0.002962255,0.004132654,0.00016575414,0.0002497082,-0.0005520168,-0.00018331181,0.0052402634,0.0018074116,-0.00069992995,0.45357785,-0.075899385,0.020999892,1.0,-1.2537254e-05,-1.0985937e-05,2.4525523e-06,0.00042843074,-4.6997036e-05,-0.00015768604,-0.0057380265,0.008264858,6.679538e-05
0.0,0.0,0.0,0.0,0.0,0.0,1.0,0.65253514,0.23013449,0.11005835,0.45357785,-0.075899385,0.020999895,0.44552347,-0.09346331,0.06082956,-0.04773564,-0.9676053,-0.020829469,-0.24703747,0.35163754,0.53373724,-0.67563343,-2.7012885,-0.5837633,3.7525,1.1600873,0.039997518,0.039869368,0.0015211307,-0.00060930144,0.00054133555,0.0004397584,-9.860167e-05,-5.2623426e-07,-0.00015652251,3.7003185e-05,0.002635465,0.0,0.0,0.0,0.0,0.0,0.0,0.04,0.04,0.35166118,0.53373045,-0.67562157,-2.701283,-0.58376527,3.7525,1.1600873,0.039998606,0.03993276,0.00027509945,-1.23474e-05,0.00014864028,2.4764628e-05,-4.610959e-05,-1.3348225e-07,-4.396809e-07,2.5343455e-05,0.0013529825,5.5879354e-09,2.3283064e-10,-3.7252903e-09,1.0,-1.489095e-10,-8.781334e-10,-8.472538e-11,0.0,0.0,0.0,0.0,0.0,0.0,0.6525314,0.23013915,0.110061504,0.999987,-0.002981527,0.004117597,0.0001665141,0.00043960274,0.0002879941,-0.00027704806,-0.0021876758,0.0043914462,0.00014362771,0.4535775,-0.07589897,0.020999825,0.99999994,-1.6784008e-05,-1.356264e-05,2.4386184e-06,0.00019948577,3.377443e-05,-0.00022188337,-0.008035479,0.003072441,0.00011222163
0.0,0.0,0.0,0.0,0.0,0.0,1.0,0.6525314,0.23013915,0.11006151,0.4535775,-0.07589897,0.020999828,0.44553033,-0.09344631,0.060831975,-0.04772806,-0.9676039,-0.020846158,-0.24704257,0.35166118,0.53373045,-0.67562157,-2.701283,-0.58376527,3.7525,1.1600873,0.039998606,0.03993276,0.00027509945,-1.23474e-05,0.00014864028,2.4764628e-05,-4.610959e-05,-1.3348225e-07,-4.396809e-07,2.5343455e-05,0.0013529825,0.0,0.0,0.0,0.0,0.0,0.0,0.04,0.04,0.3516658,0.53373045,-0.6756188,-2.701283,-0.58376527,3.7525,1.1600873,0.039999254,0.03996537,5.4942724e-05,8.424426e-06,3.604174e-05,3.2080757e-06,-1.2756448e-05,-4.3215103e-08,2.9109458e-06,1.4320873e-05,0.0006962754,5.5879354e-09,2.3283064e-10,-3.7252903e-09,1.0,-1.489095e-10,-8.781334e-10,-8.472538e-11,0.0,0.0,0.0,0.0,0.0,0.0,0.65253097,0.23014629,0.110062405,0.999987,-0.0030100788,0.004116382,0.00016802356,0.001387822,-0.002000352,-0.0009993301,0.017167367,0.011229002,-0.0024134947,0.45357752,-0.07589898,0.02099986,0.99999994,-1.6313625e-05,-1.2961405e-05,2.4824808e-06,0.0002049106,2.9090033e-05,-0.00022272686,-0.007955228,0.003200441,0.00011285569
0.0,0.0,0.0,0.0,0.0,0.0,1.0,0.65253097,0.23014629,0.110062405,0.45357752,-0.07589898,0.020999864,0.44553077,-0.09344269,0.06083144,-0.047726408,-0.96760416,-0.02084954,-0.24704243,0.3516658,0.53373045,-0.6756188,-2.701283,-0.58376527,3.7525,1.1600873,0.039999254,0.03996537,5.4942724e-05,8.424426e-06,3.604174e-05,3.2080757e-06,-1.2756448e-05,-4.3215103e-08,2.9109458e-06,1.4320873e-05,0.0006962754,0.0,0.0,0.0,0.0,0.0,0.0,0.04,0.04,0.35166684,0.53373045,-0.6756185,-2.701283,-0.58376527,3.7525,1.1600873,0.039999608,0.039982155,1.2721317e-05,3.6635315e-06,9.204711e-06,-6.1568556e-07,-1.830616e-06,-1.6685927e-08,1.6842256e-06,7.71763e-06,0.0003585246,5.5879354e-09,2.3283064e-10,-3.7252903e-09,1.0,-1.489095e-10,-8.781334e-10,-8.472538e-11,0.0,0.0,0.0,0.0,0.0,0.0,0.65253514,0.23013447,0.11005841,0.99998707,-0.0029622894,0.004132869,0.00016564941,0.00024495533,-0.0005087389,-0.00017617006,0.004850458,0.0017202985,-0.0007066784,0.45357752,-0.075898975,0.020999841,0.99999994,-1.6828124e-05,-1.35194405e-05,2.5701434e-06,0.00020351249,2.9859737e-05,-0.00022254288,-0.007958894,0.0031742633,0.00011277104
0.0,0.0,0.0,0.0,0.0,0.0,1.0,0.65253514,0.23013447,0.11005841,0.45357752,-0.075898975,0.020999845,0.44553086,-0.09344213,0.060831707,-0.047726303,-0.96760404,-0.02085033,-0.24704236,0.35166684,0.53373045,-0.6756185,-2.701283,-0.58376527,3.7525,1.1600873,0.039999608,0.039982155,1.2721317e-05,3.6635315e-06,9.204711e-06,-6.1568556e-07,-1.830616e-06,-1.6685927e-08,1.6842256e-06,7.71763e-06,0.0003585246,0.0,0.0,0.0,0.0,0.0,0.0,0.04,0.04,0.35166684,0.53373045,-0.6756185,-2.701283,-0.58376527,3.7525,1.1600873,0.039999787,0.039990805,3.753403e-06,6.972186e-07,2.9155249e-06,-4.3015666e-07,-7.52228e-07,-7.4313578e-09,8.380797e-07,3.9049737e-06,0.00018483239,5.5879354e-09,2.3283064e-10,-3.7252903e-09,1.0,-1.489095e-10,-8.781334e-10,-8.472538e-11,0.0,0.0,0.0,0.0,0.0,0.0,0.6525329,0.23013934,0.11006085,0.999987,-0.0029834167,0.0041232016,0.00016639408,0.00044939585,7.6877244e-05,-0.00021928646,0.00012878705,0.004367321,0.00012410663,0.45357752,-0.07589898,0.020999823,1.0,-1.6460897e-05,-1.3408577e-05,2.5738996e-06,0.00020358631,2.9663428e-05,-0.0002225703,-0.00795538,0.0031748004,0.000112795446
0.0,0.2,0.0,0.0,0.0,0.0,1.0,0.6525329,0.23013934,0.110060856,0.45357752,-0.07589898,0.020999826,0.44553086,-0.09344213,0.060831707,-0.047726303,-0.96760404,-0.02085033,-0.24704236,0.35166684,0.53373045,-0.6756185,-2.701283,-0.58376527,3.7525,1.1600873,0.039999787,0.039990805,3.753403e-06,6.972186e-07,2.9155249e-06,-4.3015666e-07,-7.52228e-07,-7.4313578e-09,8.380797e-07,3.9049737e-06,0.00018483239,0.0,0.1,0.0,0.0,0.0,0.0,0.04,0.04,0.3885456,0.5280678,-0.68507206,-2.7169266,-0.53501076,3.7470298,1.159236,0.04,0.039953712,1.3415966,-0.19184352,-0.114521645,-0.48100355,1.3530928,-0.1491157,-0.016870286,0.00040887756,8.912175e-07,5.5879354e-09,2.3283064e-10,-3.7252903e-09,1.0,-1.489095e-10,-8.781334e-10,-8.472538e-11,0.0,0.0,0.0,0.0,0.0,0.0,0.652531,0.23014629,0.11006236,0.9999869,-0.0030100837,0.0041164164,0.00016801721,0.0013863952,-0.0020012192,-0.000996307,0.017184265,0.011226971,-0.00240912,0.45357752,-0.07589898,0.020999877,0.99999994,-1.6519474e-05,-1.3280123e-05,2.484784e-06,0.000205624,2.8648574e-05,-0.00022287182,-0.007953252,0.0032110747,0.00011273626
0.0,0.0,0.0,0.0,0.0,0.0,1.0,0.652531,0.23014629,0.11006236,0.45357752,-0.07589898,0.02099988,0.44443774,-0.08965691,0.062164035,-0.05282682,-0.96733385,-0.010115683,-0.2477341,0.3885456,0.5280678,-0.68507206,-2.7169266,-0.53501076,3.7470298,1.159236,0.04,0.039953712,1.3415966,-0.19184352,-0.114521645,-0.48100355,1.3530928,-0.1491157,-0.016870286,0.00040887756,8.912175e-07,0.0,0.0,0.0,0.0,0.0,0.0,0.04,0.04,0.40114936,0.5275405,-0.6785275,-2.718058,-0.53582275,3.7473245,1.1593477,0.039968297,0.04,0.13548656,0.023463054,0.0889979,0.008331352,-0.03159061,0.004243619,0.004278323,-0.0004348382,0.00026880417,5.5879354e-09,2.3283064e-10,-3.7252903e-09,1.0,-1.489095e-10,-8.781334e-10,-8.472538e-11,0.0,0.0,0.0,0.0,0.0,0.0,0.65253514,0.23013446,0.1100583,0.9999871,-0.0029621057,0.0041327537,0.00016581522,0.00025196202,-0.00058317784,-0.0001923242,0.0055247447,0.001870203,-0.0006872542,0.45357752,-0.07589899,0.020999864,0.99999994,-1.6215477e-05,-1.3305314e-05,2.5034342e-06,0.00020582482,2.8564675e-05,-0.00022282779,-0.007952094,0.0032177006,0.000112844566
0.0,0.0,0.0,0.0,0.0,0.0,1.0,0.65253514,0.23013446,0.11005831,0.45357752,-0.07589899,0.020999867,0.44518688,-0.080448836,0.0612805,-0.048724473,-0.967516,-0.01872781,-0.24736184,0.40114936,0.5275405,-0.6785275,-2.718058,-0.53582275,3.7473245,1.1593477,0.039968297,0.04,0.13548656,0.023463054,0.0889979,0.008331352,-0.03159061,0.004243619,0.004278323,-0.0004348382,0.00026880417,0.0,0.0,0.0,0.0,0.0,0.0,0.04,0.04,0.4035393,0.5279158,-0.67705727,-2.7180717,-0.5360766,3.7473574,1.159374,0.039971896,0.04,0.027815172,0.005138274,0.017877929,-0.0004646258,-0.005931269,6.941547e-05,0.0011884687,0.00028978265,1.2347437e-05,5.5879354e-09,2.3283064e-10,-3.7252903e-09,1.0,-1.489095e-10,-8.781334e-10,-8.472538e-11,0.0,0.0,0.0,0.0,0.0,0.0,0.6525328,0.23013939,0.110060826,0.999987,-0.0029836285,0.0041234237,0.00016645463,0.00045006312,7.6667406e-05,-0.00022026621,0.00013349799,0.0043735905,0.00012479478,0.4535775,-0.07589898,0.020999834,0.99999994,-1.6085132e-05,-1.3133774e-05,2.4793421e-06,0.00020504807,2.88409e-05,-0.00022231379,-0.007969671,0.0031774505,0.000112657
0.0,0.0,0.0,0.0,0.0,0.0,1.0,0.6525328,0.23013939,0.110060826,0.4535775,-0.07589898,0.020999838,0.44528663,-0.078626156,0.06094418,-0.04795827,-0.9675777,-0.020551875,-0.24712579,0.4035393,0.5279158,-0.67705727,-2.7180717,-0.5360766,3.7473574,1.159374,0.039971896,0.04,0.027815172,0.005138274,0.017877929,-0.0004646258,-0.005931269,6.941547e-05,0.0011884687,0.00028978265,1.2347437e-05,0.0,0.0,0.0,0.0,0.0,0.0,0.04,0.04,0.40402246,0.5280039,-0.67675567,-2.718094,-0.53612953,3.7473617,1.1593801,0.039982975,0.03999999,0.0056120176,0.0011779795,0.003686109,-0.00010483811,-0.0012345581,-5.6664583e-05,0.0002687015,0.00028362786,6.727826e-07,5.5879354e-09,2.3283064e-10,-3.7252903e-09,1.0,-1.489095e-10,-8.781334e-10,-8.472538e-11,0.0,0.0,0.0,0.0,0.0,0.0,0.652532,0.23014607,0.11006201,0.99998695,-0.0030095922,0.0041201916,0.00016757607,0.00079278846,-0.0023319004,-0.00069286174,0.020527191,0.005990864,-0.0021799703,0.45357752,-0.07589898,0.020999864,1.0,-1.6535472e-05,-1.3614904e-05,2.4737296e-06,0.00020334698,2.9568715e-05,-0.00022217214,-0.007970407,0.0031420833,0.00011264481
0.0,0.0,0.0,0.0,0.0,0.0,1.0,0.652532,0.23014607,0.11006202,0.45357752,-0.07589898,0.020999867,0.4452922,-0.07825645,0.06086589,-0.047803193,-0.9675939,-0.020919949,-0.24706167,0.40402246,0.5280039,-0.67675567,-2.718094,-0.53612953,3.7473617,1.1593801,0.039982975,0.03999999,0.0056120176,0.0011779795,0.003686109,-0.00010483811,-0.0012345581,-5.6664583e-05,0.0002687015,0.00028362786,6.727826e-07,0.0,0.0,0.0,0.0,0.0,0.0,0.04,0.04,0.4041206,0.52802336,-0.67669404,-2.7180989,-0.5361402,3.7473617,1.159382,0.0399907,0.04,0.0011395303,0.00024787727,0.00075330696,-2.5931497e-05,-0.00025086067,-1.3780427e-05,5.8180776e-05,0.00017480482,6.3706004e-08,5.5879354e-09,2.3283064e-10,-3.7252903e-09,1.0,-1.489095e-10,-8.781334e-10,-8.472538e-11,0.0,0.0,0.0,0.0,0.0,0.0,0.65253514,0.23013476,0.110058375,0.99998707,-0.002962887,0.004132806,0.00016574196,0.00028920497,-0.00055321044,-0.0001415895,0.0050359173,0.002116185,-0.00083427073,0.4535775,-0.07589898,0.020999867,0.99999994,-1.6216212e-05,-1.3291855e-05,2.5341683e-06,0.00020430853,2.926039e-05,-0.0002226647,-0.007953336,0.0031884278,0.00011282798
0.0,0.0,0.0,0.0,0.0,0.0,1.0,0.65253514,0.23013476,0.11005838,0.4535775,-0.07589898,0.020999871,0.4452926,-0.07818123,0.060849156,-0.04777182,-0.9675975,-0.020994782,-0.2470474,0.4041206,0.52802336,-0.67669404,-2.7180989,-0.5361402,3.7473617,1.159382,0.0399907,0.04,0.0011395303,0.00024787727,0.00075330696,-2.5931497e-05,-0.00025086067,-1.3780427e-05,5.8180776e-05,0.00017480482,6.3706004e-08,0.0,0.0,0.0,0.0,0.0,0.0,0.04,0.04,0.4041405,0.5280274,-0.67668146,-2.7180989,-0.53614223,3.7473617,1.159382,0.039995093,0.04,0.00023329495,5.156323e-05,0.00015171318,-1.0564344e-05,-4.9551552e-05,8.404493e-08,9.693924e-06,9.604143e-05,8.340537e-09,5.5879354e-09,2.3283064e-10,-3.7252903e-09,1.0,-1.489095e-10,-8.781334e-10,-8.472538e-11,0.0,0.0,0.0,0.0,0.0,0.0,0.6525328,0.23013937,0.11006083,0.99998707,-0.0029832004,0.0041233627,0.00016630781,0.0004488051,7.675408e-05,-0.00022021779,0.00013028544,0.0043607047,0.00012418433,0.4535775,-0.075898975,0.020999838,1.0,-1.626888e-05,-1.3428854e-05,2.6281684e-06,0.00020440125,2.9062363e-05,-0.00022225299,-0.007968822,0.003164636,0.0001127267
0.0,0.0,0.0,0.0,0.0,0.0,1.0,0.6525328,0.23013937,0.11006084,0.4535775,-0.075898975,0.020999841,0.4452932,-0.078166224,0.060845967,-0.047765657,-0.9675979,-0.021009967,-0.247045,0.4041405,0.5280274,-0.67668146,-2.7180989,-0.53614223,3.7473617,1.159382,0.039995093,0.04,0.00023329495,5.156323e-05,0.00015171318,-1.0564344e-05,-4.9551552e-05,8.404493e-08,9.693924e-06,9.604143e-05,8.340537e-09,0.0,0.0,0.0,0.0,0.0,0.0,0.04,0.04,0.40414453,0.52802813,-0.6766788,-2.7180989,-0.53614223,3.7473617,1.159382,0.039997444,0.04,4.6712215e-05,1.269915e-05,3.1675063e-05,-1.78775e-06,-9.200497e-06,2.8559803e-06,2.3335597e-06,5.0728955e-05,1.4649822e-09,5.5879354e-09,2.3283064e-10,-3.7252903e-09,1.0,-1.489095e-10,-8.781334e-10,-8.472538e-11,0.0,0.0,0.0,0.0,0.0,0.0,0.65253097,0.23014626,0.1100624,0.999987,-0.0030098723,0.004116485,0.00016803223,0.0013844334,-0.0019978674,-0.0009948249,0.017156048,0.011211357,-0.0024048921,0.4535775,-0.07589898,0.020999838,0.99999994,-1.6364807e-05,-1.3484861e-05,2.5632005e-06,0.0002041124,2.9409528e-05,-0.00022218688,-0.007973103,0.0031590436,0.00011263593
0.0,0.0,0.0,0.0,0.0,0.0,1.0,0.65253097,0.23014626,0.110062405,0.4535775,-0.07589898,0.020999841,0.4452933,-0.078162916,0.060845163,-0.047764346,-0.96759814,-0.021013156,-0.24704446,0.40414453,0.52802813,-0.6766788,-2.7180989,-0.53614223,3.7473617,1.159382,0.039997444,0.04,4.6712215e-05,1.269915e-05,3.1675063e-05,-1.78775e-06,-9.200497e-06,2.8559803e-06,2.3335597e-06,5.0728955e-05,1.4649822e-09,0.0,0.0,0.0,0.0,0.0,0.0,0.04,0.04,0.40414533,0.52802813,-0.6766787,-2.7180989,-0.53614223,3.7473617,1.159382,0.039998677,0.04,1.0235715e-05,4.6987147e-06,7.6076785e-06,-6.8604993e-07,-9.0195164e-07,1.2394961e-06,-5.5739013e-10,2.6482096e-05,1.3877734e-10,5.5879354e-09,2.3283064e-10,-3.7252903e-09,1.0,-1.489095e-10,-8.781334e-10,-8.472538e-11,0.0,0.0,0.0,0.0,0.0,0.0,0.65253514,0.23013449,0.110058405,0.9999871,-0.0029623772,0.004132851,0.00016571651,0.00024847937,-0.0005421766,-0.00018004826,0.005146015,0.0017864681,-0.0007028687,0.4535775,-0.07589898,0.020999825,0.99999994,-1.6205253e-05,-1.3295604e-05,2.5425527e-06,0.000204455,2.8859035e-05,-0.0002227074,-0.007945801,0.003189958,0.00011283823
0.0,0.0,0.0,0.0,0.0,0.0,1.0,0.65253514,0.23013449,0.11005841,0.4535775,-0.07589898,0.020999828,0.4452934,-0.078162506,0.06084531,-0.047764152,-0.9675981,-0.021013469,-0.2470445,0.40414533,0.52802813,-0.6766787,-2.7180989,-0.53614223,3.7473617,1.159382,0.039998677,0.04,1.0235715e-05,4.6987147e-06,7.6076785e-06,-6.8604993e-07,-9.0195164e-07,1.2394961e-06,-5.5739013e-10,2.6482096e-05,1.3877734e-10,0.0,0.0,0.0,0.0,0.0,0.0,0.04,0.04,0.40414533,0.52802813,-0.6766787,-2.7180989,-0.53614223,3.7473617,1.159382,0.039999317,0.04,2.4113856e-06,7.0437704e-07,1.8844789e-06,-3.33736e-07,9.5985065e-08,-4.576969e-09,5.3687455e-07,1.3687539e-05,-1.32697e-10,5.5879354e-09,2.3283064e-10,-3.7252903e-09,1.0,-1.489095e-10,-8.781334e-10,-8.472538e-11,0.0,0.0,0.0,0.0,0.0,0.0,0.6525328,0.23013937,0.110060796,0.99998707,-0.0029835314,0.0041235383,0.00016640515,0.00044992808,7.7375036e-05,-0.00021764734,0.00011948961,0.00437226,0.00012297131,0.45357752,-0.07589899,0.020999845,1.0,-1.6065333e-05,-1.3096214e-05,2.6084272e-06,0.00020612837,2.8130702e-05,-0.00022339552,-0.007928243,0.003247351,0.00011314096
0.0,0.0,0.0,0.0,0.0,0.0,1.0,0.6525328,0.23013937,0.110060796,0.45357752,-0.07589899,0.020999849,0.4452934,-0.078162506,0.06084531,-0.047764152,-0.9675981,-0.021013469,-0.2470445,0.40414533,0.52802813,-0.6766787,-2.7180989,-0.53614223,3.7473617,1.159382,0.039999317,0.04,2.4113856e-06,7.0437704e-07,1.8844789e-06,-3.33736e-07,9.5985065e-08,-4.576969e-09,5.3687455e-07,1.3687539e-05,-1.32697e-10,0.0,0.0,0.0,0.0,0.0,0.0,0.04,0.04,0.40414533,0.52802813,-0.6766787,-2.7180989,-0.53614223,3.7473617,1.159382,0.039999645,0.04,4.4667988e-07,1.4723796e-07,6.34984e-07,-6.325814e-08,2.441259e-07,-3.843933e-09,5.399762e-07,7.0350657e-06,-1.07110515e-10,5.5879354e-09,2.3283064e-10,-3.7252903e-09,1.0,-1.489095e-10,-8.781334e-10,-8.472538e-11,0.0,0.0,0.0,0.0,0.0,0.0,0.65253097,0.2301463,0.110062346,0.99998695,-0.0030101743,0.0041162227,0.00016801961,0.0013880031,-0.0020093885,-0.0009965058,0.017260687,0.011243199,-0.0024145902,0.4535775,-0.075898975,0.020999853,0.99999994,-1.6372052e-05,-1.343644e-05,2.5036131e-06,0.00020413494,2.9367404e-05,-0.00022225718,-0.007973855,0.0031587337,0.000112662805
0.0,0.0,0.0,0.0,0.0,0.0,1.0,0.65253097,0.2301463,0.110062346,0.4535775,-0.075898975,0.020999856,0.4452934,-0.078162506,0.06084531,-0.047764152,-0.9675981,-0.021013469,-0.2470445,0.40414533,0.52802813,-0.6766787,-2.7180989,-0.53614223,3.7473617,1.159382,0.039999645,0.04,4.4667988e-07,1.4723796e-07,6.34984e-07,-6.325814e-08,2.441259e-07,-3.843933e-09,5.399762e-07,7.0350657e-06,-1.07110515e-10,0.0,0.0,0.0,0.0,0.0,0.0,0.04,0.04,0.40414533,0.52802813,-0.6766787,-2.7180989,-0.53614223,3.7473617,1.159382,0.039999813,0.04,-1.16117045e-08,3.2972913e-08,3.4982259e-07,-1.1764226e-08,2.733796e-07,-3.0150136e-09,5.437439e-07,3.5447283e-06,-6.3229824e-11,5.5879354e-09,2.3283064e-10,-3.7252903e-09,1.0,-1.489095e-10,-8.781334e-10,-8.472538e-11,0.0,0.0,0.0,0.0,0.0,0.0,0.65253514,0.23013449,0.110058405,0.99998707,-0.0029624556,0.0041327286,0.00016563923,0.00024879252,-0.0005128294,-0.00017272393,0.004872198,0.0017519373,-0.00071763736,0.45357752,-0.07589899,0.020999834,1.0,-1.615882e-05,-1.2998614e-05,2.4055928e-06,0.0002064157,2.7523498e-05,-0.00022345381,-0.007917534,0.0032518792,0.00011332421
0.0,0.0,-0.2,0.0,0.0,0.0,1.0,0.65253514,0.23013449,0.11005841,0.45357752,-0.07589899,0.020999838,0.4452934,-0.078162506,0.06084531,-0.047764152,-0.9675981,-0.021013469,-0.2470445,0.40414533,0.52802813,-0.6766787,-2.7180989,-0.53614223,3.7473617,1.159382,0.039999813,0.04,-1.16117045e-08,3.2972913e-08,3.4982259e-07,-1.1764226e-08,2.733796e-07,-3.0150136e-09,5.437439e-07,3.5447283e-06,-6.3229824e-11,0.0,0.0,-0.1,0.0,0.0,0.0,0.04,0.04,0.39022684,0.5759449,-0.65637946,-2.695334,-0.51787764,3.7525,1.16922,0.03999885,0.039996546,-0.3758638,1.8272372,0.640459,0.66505396,0.53998893,1.4197369e-06,0.25985423,0.0008870025,-0.00014049173,5.5879354e-09,2.3283064e-10,-3.7252903e-09,1.0,-1.489095e-10,-8.781334e-10,-8.472538e-11,0.0,0.0,0.0,0.0,0.0,0.0,0.6525328,0.23013934,0.11006079,0.99998707,-0.0029832704,0.0041235415,0.00016634353,0.00044904713,7.706456e-05,-0.0002190555,0.00012493739,0.004363322,0.00012369643,0.4535775,-0.075899,0.020999823,1.0,-1.5962814e-05,-1.3139957e-05,2.4441185e-06,0.00020576367,2.7524155e-05,-0.000223036,-0.007931666,0.0032123027,0.000113201626
0.0,0.0,0.0,0.0,0.0,0.0,1.0,0.6525328,0.23013934,0.110060796,0.4535775,-0.075899,0.020999826,0.44567436,-0.08225058,0.04699072,-0.053112596,-0.969458,-0.015711725,-0.23892134,0.39022684,0.5759449,-0.65637946,-2.695334,-0.51787764,3.7525,1.16922,0.03999885,0.039996546,-0.3758638,1.8272372,0.640459,0.66505396,0.53998893,1.4197369e-06,0.25985423,0.0008870025,-0.00014049173,0.0,0.0,0.0,0.0,0.0,0.0,0.04,0.04,0.39065185,0.59307975,-0.6529373,-2.6958828,-0.51746917,3.750697,1.1695148,0.039997034,0.039992385,0.019034132,0.058173805,0.03789388,-0.06463618,-0.015077625,-0.0381906,0.017386204,-0.00020538318,0.00043517022,5.5879354e-09,2.3283064e-10,-3.7252903e-09,1.0,-1.489095e-10,-8.781334e-10,-8.472538e-11,0.0,0.0,0.0,0.0,0.0,0.0,0.65253097,0.2301463,0.11006245,0.99998695,-0.0030102439,0.004116322,0.00016801577,0.0013875971,-0.0020094782,-0.0009959694,0.017264048,0.01124062,-0.0024130426,0.45357752,-0.07589899,0.020999871,0.99999994,-1.6533195e-05,-1.3508094e-05,2.498061e-06,0.00020604311,2.8180159e-05,-0.00022346056,-0.007930467,0.0032439074,0.000113095426
0.0,0.0,0.0,0.0,0.0,0.0,1.0,0.65253097,0.2301463,0.11006245,0.45357752,-0.07589899,0.020999875,0.44064772,-0.08240951,0.039658885,-0.055244774,-0.9714738,-0.017778873,-0.22993568,0.39065185,0.59307975,-0.6529373,-2.6958828,-0.51746917,3.750697,1.1695148,0.039997034,0.039992385,0.019034132,0.058173805,0.03789388,-0.06463618,-0.015077625,-0.0381906,0.017386204,-0.00020538318,0.00043517022,0.0,0.0,0.0,0.0,0.0,0.0,0.04,0.04,0.39106378,0.59402615,-0.65238875,-2.696639,-0.51758295,3.7505603,1.1695439,0.039995268,0.03999898,0.0047867945,0.0076789013,0.006640981,-0.002381345,-0.0025845445,-0.0037037,0.0014165938,2.4738561e-05,8.464825e-05,5.5879354e-09,2.3283064e-10,-3.7252903e-09,1.0,-1.489095e-10,-8.781334e-10,-8.472538e-11,0.0,0.0,0.0,0.0,0.0,0.0,0.65253514,0.23013452,0.11005839,0.99998707,-0.0029625793,0.004132714,0.00016572906,0.00024892486,-0.0005150113,-0.00017280449,0.0048912093,0.0017550159,-0.00071758486,0.4535775,-0.07589897,0.020999866,1.0,-1.6530146e-05,-1.31075485e-05,2.377641e-06,0.00020482416,2.941753e-05,-0.00022264116,-0.00796057,0.0032004865,0.00011277073
0.0,0.0,0.0,0.0,0.0,0.0,1.0,0.65253514,0.23013452,0.1100584,0.4535775,-0.07589897,0.02099987,0.4400067,-0.08203395,0.03904086,-0.055141717,-0.97168076,-0.018144637,-0.22905573,0.39106378,0.59402615,-0.65238875,-2.696639,-0.51758295,3.7505603,1.1695439,0.039995268,0.03999898,0.0047867945,0.0076789013,0.006640981,-0.002381345,-0.0025845445,-0.0037037,0.0014165938,2.4738561e-05,8.464825e-05,0.0,0.0,0.0,0.0,0.0,0.0,0.04,0.04,0.3911667,0.5941295,-0.65229714,-2.6966891,-0.5175984,3.7505486,1.169546,0.039996944,0.04,0.0012091543,0.0007480001,0.0010876463,-0.00027311838,-0.00038057638,-0.0003093009,0.0001536523,4.701201e-05,4.4529287e-08,5.5879354e-09,2.3283064e-10,-3.7252903e-09,1.0,-1.489095e-10,-8.781334e-10,-8.472538e-11,0.0,0.0,0.0,0.0,0.0,0.0,0.6525328,0.23013934,0.11006084,0.999987,-0.002983374,0.0041235094,0.0001663732,0.00044940895,7.6817e-05,-0.00021932372,0.00012968344,0.0043675173,0.00012448076,0.4535775,-0.075898975,0.020999856,1.0,-1.6650136e-05,-1.3438096e-05,2.5986924e-06,0.0002040308,2.9660272e-05,-0.00022214925,-0.007977792,0.0031586,0.000112568145
0.0,0.0,0.0,0.0,0.0,0.0,1.0,0.6525328,0.23013934,0.11006084,0.4535775,-0.075898975,0.02099986,0.43995863,-0.08195056,0.03897619,-0.055113316,-0.97169983,-0.018231124,-0.22897482,0.3911667,0.5941295,-0.65229714,-2.6966891,-0.5175984,3.7505486,1.169546,0.039996944,0.04,0.0012091543,0.0007480001,0.0010876463,-0.00027311838,-0.00038057638,-0.0003093009,0.0001536523,4.701201e-05,4.4529287e-08,0.0,0.0,0.0,0.0,0.0,0.0,0.04,0.04,0.391189,0.59414035,-0.6522805,-2.6966937,-0.5176012,3.7505486,1.169546,0.0399983,0.04,0.00025864903,9.3602706e-05,0.00020003118,-2.5251076e-05,-6.5377186e-05,-2.802418e-05,1.9496614e-05,3.126993e-05,1.2187778e-08,5.5879354e-09,2.3283064e-10,-3.7252903e-09,1.0,-1.489095e-10,-8.781334e-10,-8.472538e-11,0.0,0.0,0.0,0.0,0.0,0.0,0.6525319,0.230146,0.11006201,0.99998695,-0.0030093882,0.004120257,0.00016752422,0.00079151674,-0.00233076,-0.00069233926,0.02051712,0.0059782723,-0.0021788469,0.4535775,-0.075898975,0.020999853,1.0,-1.6273825e-05,-1.3223842e-05,2.5361567e-06,0.00020444058,2.8982256e-05,-0.00022269614,-0.007948394,0.0031903093,0.000112901565
0.0,0.0,0.0,0.0,0.0,0.0,1.0,0.6525319,0.230146,0.11006202,0.4535775,-0.075898975,0.020999856,0.43995515,-0.08193286,0.038968798,-0.05510603,-0.97170186,-0.018248707,-0.22896685,0.391189,0.59414035,-0.6522805,-2.6966937,-0.5176012,3.7505486,1.169546,0.0399983,0.04,0.00025864903,9.3602706e-05,0.00020003118,-2.5251076e-05,-6.5377186e-05,-2.802418e-05,1.9496614e-05,3.126993e-05,1.2187778e-08,0.0,0.0,0.0,0.0,0.0,0.0,0.04,0.04,0.39119363,0.5941416,-0.65227723,-2.6966937,-0.51760125,3.7505486,1.169546,0.039999098,0.04,5.255623e-05,1.1242112e-05,3.8481543e-05,-4.8964334e-06,-1.342632e-05,-5.1150514e-06,4.0822124e-06,1.7524604e-05,1.8423333e-09,5.5879354e-09,2.3283064e-10,-3.7252903e-09,1.0,-1.489095e-10,-8.781334e-10,-8.472538e-11,0.0,0.0,0.0,0.0,0.0,0.0,0.6525351,0.23013479,0.11005846,0.999987,-0.002963141,0.0041328464,0.00016567114,0.00028417364,-0.00052026997,-0.00012641997,0.004745642,0.0020102826,-0.00084937987,0.4535775,-0.07589898,0.020999849,0.99999994,-1.627479e-05,-1.3136799e-05,2.3643754e-06,0.00020495417,2.9057637e-05,-0.0002226613,-0.007953218,0.0032021243,0.000112818954
0.0,0.0,0.0,0.0,0.0,0.0,1.0,0.6525351,0.23013479,0.11005846,0.4535775,-0.07589898,0.020999853,0.4399551,-0.08192928,0.0389678,-0.055104733,-0.971702,-0.018252388,-0.22896612,0.39119363,0.5941416,-0.65227723,-2.6966937,-0.51760125,3.7505486,1.169546,0.039999098,0.04,5.255623e-05,1.1242112e-05,3.8481543e-05,-4.8964334e-06,-1.342632e-05,-5.1150514e-06,4.0822124e-06,1.7524604e-05,1.8423333e-09,0.0,0.0,0.0,0.0,0.0,0.0,0.04,0.04,0.39119464,0.5941416,-0.65227693,-2.6966937,-0.51760125,3.7505486,1.169546,0.039999533,0.04,1.2323427e-05,3.540598e-06,6.289004e-06,-1.0765699e-06,-9.0749785e-07,1.2649456e-06,-1.6105524e-06,9.277914e-06,3.196039e-10,5.5879354e-09,2.3283064e-10,-3.7252903e-09,1.0,-1.489095e-10,-8.781334e-10,-8.472538e-11,0.0,0.0,0.0,0.0,0.0,0.0,0.6525328,0.23013937,0.11006084,0.99998707,-0.0029832309,0.0041236244,0.00016627132,0.0004487376,7.7066536e-05,-0.00021842126,0.00012267684,0.0043601748,0.00012306351,0.4535775,-0.075898975,0.020999826,1.0,-1.635046e-05,-1.3362221e-05,2.4783333e-06,0.00020492465,2.9229663e-05,-0.0002222151,-0.007975879,0.00317738,0.00011261322
0.0,0.0,0.0,0.0,0.0,0.0,1.0,0.6525328,0.23013937,0.11006084,0.4535775,-0.075898975,0.02099983,0.4399552,-0.08192867,0.03896795,-0.05510436,-0.971702,-0.018252894,-0.2289661,0.39119464,0.5941416,-0.65227693,-2.6966937,-0.51760125,3.7505486,1.169546,0.039999533,0.04,1.2323427e-05,3.540598e-06,6.289004e-06,-1.0765699e-06,-9.0749785e-07,1.2649456e-06,-1.6105524e-06,9.277914e-06,3.196039e-10,0.0,0.0,0.0,0.0,0.0,0.0,0.04,0.04,0.39119464,0.5941416,-0.65227693,-2.6966937,-0.51760125,3.7505486,1.169546,0.039999757,0.04,2.7470153e-06,6.0106385e-07,1.726839e-06,-2.588721e-07,3.38609e-07,1.7764906e-08,1.8402202e-09,4.9302525e-06,5.3139396e-11,5.5879354e-09,2.3283064e-10,-3.7252903e-09,1.0,-1.489095e-10,-8.781334e-10,-8.472538e-11,0.0,0.0,0.0,0.0,0.0,0.0,0.652531,0.23014626,0.11006238,0.999987,-0.0030098923,0.0041164095,0.00016802271,0.0013851246,-0.001999128,-0.0009952281,0.017167114,0.011217417,-0.0024062598,0.4535775,-0.075898975,0.020999823,1.0,-1.65219e-05,-1.3283056e-05,2.5324825e-06,0.00020417754,2.956304e-05,-0.00022257271,-0.007957522,0.0031875991,0.0001127641
0.0,0.0,0.0,0.0,0.0,0.0,1.0,0.652531,0.23014626,0.11006239,0.4535775,-0.075898975,0.020999826,0.4399552,-0.08192867,0.03896795,-0.05510436,-0.971702,-0.018252894,-0.2289661,0.39119464,0.5941416,-0.65227693,-2.6966937,-0.51760125,3.7505486,1.169546,0.039999757,0.04,2.7470153e-06,6.0106385e-07,1.726839e-06,-2.588721e-07,3.38609e-07,1.7764906e-08,1.8402202e-09,4.9302525e-06,5.3139396e-11,0.0,0.0,0.0,0.0,0.0,0.0,0.04,0.04,0.39119464,0.5941416,-0.65227693,-2.6966937,-0.51760125,3.7505486,1.169546,0.039999876,0.04,7.410007e-07,1.294361e-07,3.9384312e-07,-5.1078754e-08,5.0515e-07,3.2535177e-09,-1.9096589e-09,2.6301345e-06,-1.6565716e-11,5.5879354e-09,2.3283064e-10,-3.7252903e-09,1.0,-1.489095e-10,-8.781334e-10,-8.472538e-11,0.0,0.0,0.0,0.0,0.0,0.0,0.65253514,0.23013447,0.11005837,0.9999871,-0.0029622635,0.0041326936,0.00016577766,0.0002492354,-0.0005471363,-0.00018082984,0.0051905587,0.0017967157,-0.0007036283,0.4535775,-0.07589897,0.02099988,0.99999994,-1.6709062e-05,-1.3209466e-05,2.4247397e-06,0.00020441187,2.9568355e-05,-0.00022221393,-0.007979398,0.0031641491,0.00011246933
0.2,0.0,0.0,0.0,0.0,0.0,1.0,0.65253514,0.23013447,0.11005837,0.4535775,-0.07589897,0.020999884,0.4399552,-0.08192867,0.03896795,-0.05510436,-0.971702,-0.018252894,-0.2289661,0.39119464,0.5941416,-0.65227693,-2.6966937,-0.51760125,3.7505486,1.169546,0.039999876,0.04,7.410007e-07,1.294361e-07,3.9384312e-07,-5.1078754e-08,5.0515e-07,3.2535177e-09,-1.9096589e-09,2.6301345e-06,-1.6565716e-11,0.1,0.0,0.0,0.0,0.0,0.0,0.04,0.04,0.37193504,0.597406,-0.63258076,-2.661279,-0.53469586,3.7139404,1.1888798,0.039998762,0.03999998,-0.5580744,0.071316965,0.5616671,1.2591926,-0.46879315,-1.0252658,0.53996724,-2.7408722e-05,3.0696705e-07,5.5879354e-09,2.3283064e-10,-3.7252903e-09,1.0,-1.489095e-10,-8.781334e-10,-8.472538e-11,0.0,0.0,0.0,0.0,0.0,0.0,0.6525328,0.23013937,0.110060826,0.999987,-0.00298337,0.0041236156,0.00016628715,0.00044938351,7.821858e-05,-0.00021598306,0.00010392187,0.004365793,0.0001204933,0.4535779,-0.07589927,0.020999985,1.0,-1.3439707e-05,-9.155183e-06,2.5316574e-06,7.6796e-05,0.00012422437,-0.00022134636,-0.008227092,0.000451618,7.7240176e-05
0.0,0.0,0.0,0.0,0.0,0.0,1.0,0.6525328,0.23013937,0.110060826,0.4535779,-0.07589927,0.020999989,0.45006746,-0.08181199,0.03615209,-0.055024423,-0.9729437,-0.01740104,-0.2237185,0.37193504,0.597406,-0.63258076,-2.661279,-0.53469586,3.7139404,1.1888798,0.039998762,0.03999998,-0.5580744,0.071316965,0.5616671,1.2591926,-0.46879315,-1.0252658,0.53996724,-2.7408722e-05,3.0696705e-07,0.0,0.0,0.0,0.0,0.0,0.0,0.04,0.04,0.37220234,0.595575,-0.6331426,-2.6531239,-0.5339222,3.7143068,1.1887391,0.04,0.039998643,0.017108697,-0.05195992,-0.01868039,-0.0036883238,0.009988594,0.023517603,-0.00685774,2.3306031e-06,-1.34191105e-05,5.5879354e-09,2.3283064e-10,-3.7252903e-09,1.0,-1.489095e-10,-8.781334e-10,-8.472538e-11,0.0,0.0,0.0,0.0,0.0,0.0,0.652531,0.23014629,0.110062376,0.99998695,-0.003010125,0.0041163526,0.00016802308,0.001389585,-0.0020032828,-0.0009978125,0.017199839,0.011258966,-0.002413259,0.45357788,-0.07589926,0.020999998,1.0,-1.3603481e-05,-9.7379725e-06,2.3718417e-06,7.755343e-05,0.00012512693,-0.00022145185,-0.008272097,0.00044434037,7.671506e-05
0.0,0.0,0.0,0.0,0.0,0.0,1.0,0.652531,0.23014629,0.110062376,0.45357788,-0.07589926,0.021000002,0.4549553,-0.08198169,0.038855683,-0.055343702,-0.97177356,-0.018210039,-0.22860803,0.37220234,0.595575,-0.6331426,-2.6531239,-0.5339222,3.7143068,1.1887391,0.04,0.039998643,0.017108697,-0.05195992,-0.01868039,-0.0036883238,0.009988594,0.023517603,-0.00685774,2.3306031e-06,-1.34191105e-05,0.0,0.0,0.0,0.0,0.0,0.0,0.04,0.04,0.3722788,0.5949692,-0.63324815,-2.6529243,-0.5339152,3.714386,1.1887274,0.03999986,0.03999944,0.0006295983,-0.0034165815,-0.0012476873,0.0022336494,0.0005767973,0.0017969395,-0.000687751,2.844942e-06,1.1264823e-05,5.5879354e-09,2.3283064e-10,-3.7252903e-09,1.0,-1.489095e-10,-8.781334e-10,-8.472538e-11,0.0,0.0,0.0,0.0,0.0,0.0,0.65253514,0.23013446,0.1100583,0.99998707,-0.0029622032,0.0041328943,0.0001657609,0.00024951572,-0.0005725199,-0.00018658765,0.0054251044,0.0018317403,-0.00069156016,0.45357788,-0.07589927,0.020999942,1.0,-1.3171463e-05,-9.622201e-06,2.372904e-06,7.7537676e-05,0.00012497338,-0.00022140685,-0.008268442,0.00044385364,7.672145e-05
0.0,0.0,0.0,0.0,0.0,0.0,1.0,0.65253514,0.23013446,0.11005831,0.45357788,-0.07589927,0.020999946,0.45524177,-0.08193349,0.039166015,-0.055266686,-0.9716807,-0.018208474,-0.22902137,0.3722788,0.5949692,-0.63324815,-2.6529243,-0.5339152,3.714386,1.1887274,0.03999986,0.03999944,0.0006295983,-0.0034165815,-0.0012476873,0.0022336494,0.0005767973,0.0017969395,-0.000687751,2.844942e-06,1.1264823e-05,0.0,0.0,0.0,0.0,0.0,0.0,0.04,0.04,0.37228137,0.59491944,-0.633261,-2.6528914,-0.53391266,3.714394,1.1887255,0.03999996,0.03999968,2.973399e-05,-0.0003762672,-0.00017109618,0.00015945162,7.799581e-05,0.00018481175,-6.749007e-05,1.458709e-06,5.9503864e-06,5.5879354e-09,2.3283064e-10,-3.7252903e-09,1.0,-1.489095e-10,-8.781334e-10,-8.472538e-11,0.0,0.0,0.0,0.0,0.0,0.0,0.6525328,0.23013939,0.110060796,0.999987,-0.0029833287,0.0041236817,0.00016625162,0.00044998302,7.743953e-05,-0.00021807295,0.000118467244,0.0043720114,0.00012259444,0.45357788,-0.07589927,0.020999938,1.0,-1.2905302e-05,-9.541372e-06,2.4214612e-06,7.771501e-05,0.00012476505,-0.00022145815,-0.008266488,0.00044606338,7.6748474e-05
0.0,0.0,0.0,0.0,0.0,0.0,1.0,0.6525328,0.23013939,0.110060796,0.45357788,-0.07589927,0.020999942,0.45527387,-0.08193369,0.03919607,-0.055263013,-0.97167087,-0.018207356,-0.22906381,0.37228137,0.59491944,-0.633261,-2.6528914,-0.53391266,3.714394,1.1887255,0.03999996,0.03999968,2.973399e-05,-0.0003762672,-0.00017109618,0.00015945162,7.799581e-05,0.00018481175,-6.749007e-05,1.458709e-06,5.9503864e-06,0.0,0.0,0.0,0.0,0.0,0.0,0.04,0.04,0.37228084,0.5949142,-0.63326293,-2.6528888,-0.53391266,3.714394,1.1887255,0.039999966,0.03999982,-6.572358e-06,-3.5727546e-05,-2.2749122e-05,1.4731142e-05,1.190724e-05,2.1150767e-05,-6.794048e-06,6.0465425e-07,3.3315853e-06,5.5879354e-09,2.3283064e-10,-3.7252903e-09,1.0,-1.489095e-10,-8.781334e-10,-8.472538e-11,0.0,0.0,0.0,0.0,0.0,0.0,0.652531,0.23014627,0.11006235,0.99998695,-0.0030101507,0.0041164136,0.00016800285,0.0013852839,-0.0020028602,-0.0009955289,0.01720173,0.011216155,-0.0024087268,0.45357785,-0.075899266,0.021000002,1.0,-1.3196843e-05,-9.926842e-06,2.490872e-06,7.595455e-05,0.00012573332,-0.00022083189,-0.008289582,0.00039338408,7.6715805e-05
0.0,0.0,0.0,0.0,0.0,0.0,1.0,0.652531,0.23014627,0.11006236,0.45357785,-0.075899266,0.021000005,0.45527664,-0.081934504,0.03919905,-0.055263042,-0.97167003,-0.018206447,-0.22906753,0.37228084,0.5949142,-0.63326293,-2.6528888,-0.53391266,3.714394,1.1887255,0.039999966,0.03999982,-6.572358e-06,-3.5727546e-05,-2.2749122e-05,1.4731142e-05,1.190724e-05,2.1150767e-05,-6.794048e-06,6.0465425e-07,3.3315853e-06,0.0,0.0,0.0,0.0,0.0,0.0,0.04,0.04,0.37228084,0.59491396,-0.63326293,-2.6528888,-0.53391266,3.714394,1.1887255,0.039999966,0.03999993,-4.082612e-06,-2.161329e-06,-3.4791124e-06,3.7939408e-06,1.2987941e-06,2.596549e-06,-5.733544e-07,5.0598015e-07,1.6993681e-06,5.5879354e-09,2.3283064e-10,-3.7252903e-09,1.0,-1.489095e-10,-8.781334e-10,-8.472538e-11,0.0,0.0,0.0,0.0,0.0,0.0,0.65253514,0.23013447,0.110058375,0.9999871,-0.0029622642,0.0041328385,0.00016571513,0.0002495724,-0.0005421889,-0.00017914313,0.005142522,0.0017952538,-0.00070524175,0.45357788,-0.07589927,0.020999976,1.0,-1.309245e-05,-9.5538235e-06,2.3936386e-06,7.750706e-05,0.00012480565,-0.00022150474,-0.008266906,0.00044274924,7.683878e-05
0.0,0.0,0.0,0.0,0.0,0.0,1.0,0.65253514,0.23013447,0.11005838,0.45357788,-0.07589927,0.02099998,0.45527673,-0.08193446,0.039199274,-0.055262983,-0.97167,-0.018206358,-0.22906771,0.37228084,0.59491396,-0.63326293,-2.6528888,-0.53391266,3.714394,1.1887255,0.039999966,0.03999993,-4.082612e-06,-2.161329e-06,-3.4791124e-06,3.7939408e-06,1.2987941e-06,2.596549e-06,-5.733544e-07,5.0598015e-07,1.6993681e-06,0.0,0.0,0.0,0.0,0.0,0.0,0.04,0.04,0.37228084,0.59491396,-0.63326293,-2.6528888,-0.53391266,3.714394,1.1887255,0.039999966,0.03999993,-1.2495399e-06,-6.105592e-07,-5.45079e-07,3.607902e-07,1.0243116e-07,2.0012521e-08,-4.020525e-09,4.897363e-07,1.0172633e-06,5.5879354e-09,2.3283064e-10,-3.7252903e-09,1.0,-1.489095e-10,-8.781334e-10,-8.472538e-11,0.0,0.0,0.0,0.0,0.0,0.0,0.6525328,0.23013937,0.110060856,0.99998707,-0.002983481,0.0041232826,0.0001664565,0.0004496655,7.673487e-05,-0.00022165947,0.00013827396,0.0043705674,0.00012721418,0.45357788,-0.07589927,0.020999964,1.0,-1.2871479e-05,-9.418607e-06,2.4248177e-06,7.770821e-05,0.00012475757,-0.00022145844,-0.00826603,0.00044595622,7.672399e-05
0.0,0.0,0.0,0.0,0.0,0.0,1.0,0.6525328,0.23013937,0.110060856,0.45357788,-0.07589927,0.020999968,0.45527673,-0.08193446,0.039199274,-0.055262983,-0.97167,-0.018206358,-0.22906771,0.37228084,0.59491396,-0.63326293,-2.6528888,-0.53391266,3.714394,1.1887255,0.039999966,0.03999993,-1.2495399e-06,-6.105592e-07,-5.45079e-07,3.607902e-07,1.0243116e-07,2.0012521e-08,-4.020525e-09,4.897363e-07,1.0172633e-06,0.0,0.0,0.0,0.0,0.0,0.0,0.04,0.04,0.37228084,0.59491396,-0.63326293,-2.6528888,-0.53391266,3.714394,1.1887255,0.039999966,0.03999993,-4.2595786e-07,-1.1064144e-07,7.5188105e-08,5.7985417e-08,2.3482915e-08,1.6026429e-09,-2.0504642e-10,4.855326e-07,1.0210046e-06,5.5879354e-09,2.3283064e-10,-3.7252903e-09,1.0,-1.489095e-10,-8.781334e-10,-8.472538e-11,0.0,0.0,0.0,0.0,0.0,0.0,0.652531,0.2301463,0.11006237,0.999987,-0.0030103256,0.0041161776,0.0001681162,0.0013911312,-0.0020101834,-0.0009979449,0.017265046,0.011275184,-0.0024175686,0.45357785,-0.075899266,0.02099996,1.0,-1.3150433e-05,-9.797821e-06,2.4507915e-06,7.591433e-05,0.00012603312,-0.00022073441,-0.008292319,0.0003943191,7.650932e-05
0.0,0.0,0.0,0.0,0.0,0.0,1.0,0.652531,0.2301463,0.110062376,0.45357785,-0.075899266,0.020999964,0.45527673,-0.08193446,0.039199274,-0.055262983,-0.97167,-0.018206358,-0.22906771,0.37228084,0.59491396,-0.63326293,-2.6528888,-0.53391266,3.714394,1.1887255,0.039999966,0.03999993,-4.2595786e-07,-1.1064144e-07,7.5188105e-08,5.7985417e-08,2.3482915e-08,1.6026429e-09,-2.0504642e-10,4.855326e-07,1.0210046e-06,0.0,0.0,0.0,0.0,0.0,0.0,0.04,0.04,0.37228084,0.59491396,-0.63326293,-2.6528888,-0.53391266,3.714394,1.1887255,0.039999966,0.03999993,-2.1028032e-07,-2.1099204e-08,2.2719115e-07,9.767041e-09,4.4915605e-09,3.3361205e-10,6.6731415e-10,4.8445713e-07,1.0219637e-06,5.5879354e-09,2.3283064e-10,-3.7252903e-09,1.0,-1.489095e-10,-8.781334e-10,-8.472538e-11,0.0,0.0,0.0,0.0,0.0,0.0,0.65253514,0.23013444,0.11005831,0.9999871,-0.002961991,0.004132645,0.00016573665,0.0002509497,-0.00058093615,-0.00019227891,0.0055080983,0.0018592776,-0.00068524765,0.45357788,-0.07589928,0.020999953,1.0,-1.3061032e-05,-9.549385e-06,2.5091995e-06,7.844234e-05,0.00012406128,-0.00022133173,-0.008274039,0.00043631103,7.6665296e-05
0.0,0.0,0.0,0.0,0.0,0.0,1.0,0.65253514,0.23013444,0.11005831,0.45357788,-0.07589928,0.020999957,0.45527673,-0.08193446,0.039199274,-0.055262983,-0.97167,-0.018206358,-0.22906771,0.37228084,0.59491396,-0.63326293,-2.6528888,-0.53391266,3.714394,1.1887255,0.039999966,0.03999993,-2.1028032e-07,-2.1099204e-08,2.2719115e-07,9.767041e-09,4.4915605e-09,3.3361205e-10,6.6731415e-10,4.8445713e-07,1.0219637e-06,0.0,0.0,0.0,0.0,0.0,0.0,0.04,0.04,0.37228084,0.59491396,-0.63326293,-2.6528888,-0.53391266,3.714394,1.1887255,0.039999966,0.03999993,-1.5456249e-07,-3.7507655e-09,2.6504208e-07,1.3406252e-09,-2.0952759e-10,4.9589455e-10,8.7689195e-10,4.8418264e-07,1.0222084e-06,5.5879354e-09,2.3283064e-10,-3.7252903e-09,1.0,-1.489095e-10,-8.781334e-10,-8.472538e-11,0.0,0.0,0.0,0.0,0.0,0.0,0.6525328,0.23013934,0.1100608,0.999987,-0.002983333,0.0041233436,0.00016636043,0.00045091464,7.6615834e-05,-0.00021607433,0.000121013676,0.0043809153,0.00011997448,0.45357785,-0.07589926,0.020999957,1.0,-1.3330467e-05,-1.0021876e-05,2.351056e-06,7.72621e-05,0.00012532673,-0.00022074135,-0.008303655,0.00039694132,7.632903e-05
0.0,0.0,0.0,0.0,0.0,0.0,1.0,0.6525328,0.23013934,0.11006081,0.45357785,-0.07589926,0.02099996,0.45527673,-0.08193446,0.039199274,-0.055262983,-0.97167,-0.018206358,-0.22906771,0.37228084,0.59491396,-0.63326293,-2.6528888,-0.53391266,3.714394,1.1887255,0.039999966,0.03999993,-1.5456249e-07,-3.7507655e-09,2.6504208e-07,1.3406252e-09,-2.0952759e-10,4.9589455e-10,8.7689195e-10,4.8418264e-07,1.0222084e-06,0.0,0.0,0.0,0.0,0.0,0.0,0.04,0.04,0.37228084,0.59491396,-0.63326293,-2.6528888,-0.53391266,3.714394,1.1887255,0.039999966,0.03999993,-1.4027292e-07,-9.986456e-11,2.7455394e-07,-2.6519983e-10,-1.3869879e-09,6.05124e-10,9.2850255e-10,4.841126e-07,1.0222709e-06,5.5879354e-09,2.3283064e-10,-3.7252903e-09,1.0,-1.489095e-10,-8.781334e-10,-8.472538e-11,0.0,0.0,0.0,0.0,0.0,0.0,0.6525319,0.23014602,0.11006198,0.99998695,-0.003009464,0.0041201315,0.0001676103,0.0007924036,-0.0023319968,-0.00069271924,0.020528603,0.0059867,-0.002179802,0.45357785,-0.075899266,0.020999944,1.0,-1.3070048e-05,-9.678579e-06,2.4414132e-06,7.5891134e-05,0.00012593121,-0.00022070199,-0.008289278,0.0003940327,7.658185e-05
0.0,0.0,0.0,0.0,0.0,0.0,1.0,0.6525319,0.23014602,0.11006199,0.45357785,-0.075899266,0.020999948,0.45527673,-0.08193446,0.039199274,-0.055262983,-0.97167,-0.018206358,-0.22906771,0.37228084,0.59491396,-0.63326293,-2.6528888,-0.53391266,3.714394,1.1887255,0.039999966,0.03999993,-1.4027292e-07,-9.986456e-11,2.7455394e-07,-2.6519983e-10,-1.3869879e-09,6.05124e-10,9.2850255e-10,4.841126e-07,1.0222709e-06,0.0,0.0,0.0,0.0,0.0,0.0,0.04,0.04,0.37228084,0.59491396,-0.63326293,-2.6528888,-0.53391266,3.714394,1.1887255,0.039999966,0.03999993,-1.3662257e-07,7.2184714e-10,2.7695663e-07,-5.98276e-10,-1.6838222e-09,6.424489e-10,9.413728e-10,4.840948e-07,1.0222867e-06,5.5879354e-09,2.3283064e-10,-3.7252903e-09,1.0,-1.489095e-10,-8.781334e-10,-8.472538e-11,0.0,0.0,0.0,0.0,0.0,0.0,0.6525351,0.23013481,0.11005843,0.99998707,-0.0029633641,0.0041327863,0.00016565643,0.00028533067,-0.00051824504,-0.00012353231,0.0047186976,0.0020151602,-0.00085562334,0.45357788,-0.07589927,0.020999936,1.0,-1.2810224e-05,-9.452195e-06,2.5559275e-06,7.8290686e-05,0.00012447404,-0.00022130397,-0.008280445,0.0004351861,7.6511664e-05
0.0,0.0,0.0,0.0,0.0,0.0,1.0,0.6525351,0.23013481,0.11005843,0.45357788,-0.07589927,0.02099994,0.45527673,-0.08193446,0.039199274,-0.055262983,-0.97167,-0.018206358,-0.22906771,0.37228084,0.59491396,-0.63326293,-2.6528888,-0.53391266,3.714394,1.1887255,0.039999966,0.03999993,-1.3662257e-07,7.2184714e-10,2.7695663e-07,-5.98276e-10,-1.6838222e-09,6.424489e-10,9.413728e-10,4.840948e-07,1.0222867e-06,0.0,0.0,0.0,0.0,0.0,0.0,0.04,0.04,0.37228084,0.59491396,-0.63326293,-2.6528888,-0.53391266,3.714394,1.1887255,0.039999966,0.03999993,-1.3569209e-07,9.158302e-10,2.775653e-07,-6.7242045e-10,-1.7589777e-09,6.532589e-10,9.44611e-10,4.840902e-07,1.0222909e-06,5.5879354e-09,2.3283064e-10,-3.7252903e-09,1.0,-1.489095e-10,-8.781334e-10,-8.472538e-11,0.0,0.0,0.0,0.0,0.0,0.0,0.6525329,0.23013934,0.11006081,0.999987,-0.0029832434,0.004123551,0.00016629156,0.00044864728,7.736508e-05,-0.0002181279,0.00011830733,0.004359032,0.00012247187,0.45357785,-0.07589927,0.020999992,1.0,-1.3137174e-05,-9.849004e-06,2.407938e-06,7.604861e-05,0.00012578139,-0.00022111692,-0.008274507,0.00041719293,7.68195e-05
0.0,0.0,0.0,0.0,0.0,0.0,1.0,0.6525329,0.23013934,0.11006081,0.45357785,-0.07589927,0.020999996,0.45527673,-0.08193446,0.039199274,-0.055262983,-0.97167,-0.018206358,-0.22906771,0.37228084,0.59491396,-0.63326293,-2.6528888,-0.53391266,3.714394,1.1887255,0.039999966,0.03999993,-1.3569209e-07,9.158302e-10,2.775653e-07,-6.7242045e-10,-1.7589777e-09,6.532589e-10,9.44611e-10,4.840902e-07,1.0222909e-06,0.0,0.0,0.0,0.0,0.0,0.0,0.04,0.04,0.37228084,0.59491396,-0.63326293,-2.6528888,-0.53391266,3.714394,1.1887255,0.039999966,0.03999993,-1.3545518e-07,9.6305e-10,2.7771983e-07,-6.89781e-10,-1.7779783e-09,6.562111e-10,9.454405e-10,4.8408924e-07,1.0222915e-06,5.5879354e-09,2.3283064e-10,-3.7252903e-09,1.0,-1.489095e-10,-8.781334e-10,-8.472538e-11,0.0,0.0,0.0,0.0,0.0,0.0,0.652531,0.23014627,0.11006239,0.9999869,-0.0030101181,0.004116453,0.00016801861,0.0013889733,-0.0020073834,-0.0009971192,0.017240582,0.011253246,-0.0024143201,0.45357788,-0.07589928,0.020999981,1.0,-1.3042246e-05,-9.749129e-06,2.345626e-06,7.757617e-05,0.00012468529,-0.0002214051,-0.008262953,0.00044379602,7.6784796e-05
0.0,0.0,0.0,0.0,0.0,0.0,1.0,0.652531,0.23014627,0.11006239,0.45357788,-0.07589928,0.020999985,0.45527673,-0.08193446,0.039199274,-0.055262983,-0.97167,-0.018206358,-0.22906771,0.37228084,0.59491396,-0.63326293,-2.6528888,-0.53391266,3.714394,1.1887255,0.039999966,0.03999993,-1.3545518e-07,9.6305e-10,2.7771983e-07,-6.89781e-10,-1.7779783e-09,6.562111e-10,9.454405e-10,4.8408924e-07,1.0222915e-06,0.0,0.0,0.0,0.0,0.0,0.0,0.04,0.04,0.37228084,0.59491396,-0.63326293,-2.6528888,-0.53391266,3.714394,1.1887255,0.039999966,0.03999993,-1.353949e-07,9.747636e-10,2.7775903e-07,-6.939951e-10,-1.7828252e-09,6.569755e-10,9.456407e-10,4.8408884e-07,1.0222925e-06,5.5879354e-09,2.3283064e-10,-3.7252903e-09,1.0,-1.489095e-10,-8.781334e-10,-8.472538e-11,0.0,0.0,0.0,0.0,0.0,0.0,0.65253514,0.23013446,0.110058315,0.99998707,-0.002962083,0.004132793,0.0001657642,0.0002506778,-0.0005766384,-0.000187127,0.005461671,0.001844985,-0.0006924717,0.45357788,-0.07589927,0.020999968,1.0,-1.2829266e-05,-9.433634e-06,2.3512287e-06,7.918984e-05,0.00012408695,-0.00022175904,-0.008263054,0.0004725271,7.655238e-05
0.0,0.0,0.0,0.0,0.0,0.0,1.0,0.65253514,0.23013446,0.11005832,0.45357788,-0.07589927,0.020999972,0.45527673,-0.08193446,0.039199274,-0.055262983,-0.97167,-0.018206358,-0.22906771,0.37228084,0.59491396,-0.63326293,-2.6528888,-0.53391266,3.714394,1.1887255,0.039999966,0.03999993,-1.353949e-07,9.747636e-10,2.7775903e-07,-6.939951e-10,-1.7828252e-09,6.569755e-10,9.456407e-10,4.8408884e-07,1.0222925e-06,0.0,0.0,0.0,0.0,0.0,0.0,0.04,0.04,0.37228084,0.59491396,-0.63326293,-2.6528888,-0.53391266,3.714394,1.1887255,0.039999966,0.03999993,-1.3537957e-07,9.777031e-10,2.7776898e-07,-6.950412e-10,-1.784032e-09,6.571796e-10,9.456798e-10,4.840887e-07,1.0222919e-06,5.5879354e-09,2.3283064e-10,-3.7252903e-09,1.0,-1.489095e-10,-8.781334e-10,-8.472538e-11,0.0,0.0,0.0,0.0,0.0,0.0,0.6525328,0.23013936,0.110060826,0.99998707,-0.0029832772,0.004123372,0.0001663905,0.00045081397,7.610669e-05,-0.00021722079,0.0001304452,0.0043806103,0.00012158969,0.45357785,-0.075899266,0.020999972,1.0,-1.306572e-05,-9.873562e-06,2.4524807e-06,7.587222e-05,0.0001259658,-0.00022081724,-0.008292975,0.00039277546,7.662891e-05
0.0,0.0,0.0,0.0,0.0,0.0,1.0,0.6525328,0.23013936,0.110060826,0.45357785,-0.075899266,0.020999976,0.45527673,-0.08193446,0.039199274,-0.055262983,-0.97167,-0.018206358,-0.22906771,0.37228084,0.59491396,-0.63326293,-2.6528888,-0.53391266,3.714394,1.1887255,0.039999966,0.03999993,-1.3537957e-07,9.777031e-10,2.7776898e-07,-6.950412e-10,-1.784032e-09,6.571796e-10,9.456798e-10,4.840887e-07,1.0222919e-06,0.0,0.0,0.0,0.0,0.0,0.0,0.04,0.04,0.37228084,0.59491396,-0.63326293,-2.6528888,-0.53391266,3.714394,1.1887255,0.039999966,0.03999993,-1.3537566e-07,9.784432e-10,2.777715e-07,-6.9531303e-10,-1.7843705e-09,6.572099e-10,9.456602e-10,4.840888e-07,1.0222923e-06,5.5879354e-09,2.3283064e-10,-3.7252903e-09,1.0,-1.489095e-10,-8.781334e-10,-8.472538e-11,0.0,0.0,0.0,0.0,0.0,0.0,0.65253097,0.23014627,0.11006237,0.999987,-0.0030100746,0.0041163065,0.00016803612,0.0013839761,-0.0019994262,-0.0009943215,0.017171293,0.011207471,-0.002405262,0.45357785,-0.07589927,0.020999966,1.0,-1.2987912e-05,-9.900853e-06,2.3994774e-06,7.747564e-05,0.00012488166,-0.00022112064,-0.0082823,0.00042070198,7.660971e-05
0.0,0.0,0.0,0.0,0.0,0.0,1.0,0.65253097,0.23014627,0.110062376,0.45357785,-0.07589927,0.02099997,0.45527673,-0.08193446,0.039199274,-0.055262983,-0.97167,-0.018206358,-0.22906771,0.37228084,0.59491396,-0.63326293,-2.6528888,-0.53391266,3.714394,1.1887255,0.039999966,0.03999993,-1.3537566e-07,9.784432e-10,2.777715e-07,-6.9531303e-10,-1.7843705e-09,6.572099e-10,9.456602e-10,4.840888e-07,1.0222923e-06,0.0,0.0,0.0,0.0,0.0,0.0,0.04,0.04,0.37228084,0.59491396,-0.63326293,-2.6528888,-0.53391266,3.714394,1.1887255,0.039999966,0.03999993,-1.3537466e-07,9.786331e-10,2.7777216e-07,-6.9536304e-10,-1.7844528e-09,6.5722366e-10,9.456994e-10,4.840887e-07,1.0222922e-06,5.5879354e-09,2.3283064e-10,-3.7252903e-09,1.0,-1.489095e-10,-8.781334e-10,-8.472538e-11,0.0,0.0,0.0,0.0,0.0,0.0,0.65253514,0.23013446,0.110058345,0.99998707,-0.0029619862,0.004132862,0.00016563165,0.00024608278,-0.00053957273,-0.00018290538,0.0051344475,0.0017674646,-0.00069461094,0.45357788,-0.07589926,0.020999992,1.0,-1.3447916e-05,-9.753742e-06,2.5128957e-06,7.673561e-05,0.00012508492,-0.00022099384,-0.008282211,0.0004070772,7.665297e-05
0.0,0.0,0.0,0.0,0.0,0.0,1.0,0.65253514,0.23013446,0.11005835,0.45357788,-0.07589926,0.020999996,0.45527673,-0.08193446,0.039199274,-0.055262983,-0.97167,-0.018206358,-0.22906771,0.37228084,0.59491396,-0.63326293,-2.6528888,-0.53391266,3.714394,1.1887255,0.039999966,0.03999993,-1.3537466e-07,9.786331e-10,2.7777216e-07,-6.9536304e-10,-1.7844528e-09,6.5722366e-10,9.456994e-10,4.840887e-07,1.0222922e-06,0.0,0.0,0.0,0.0,0.0,0.0,0.04,0.04,0.37228084,0.59491396,-0.63326293,-2.6528888,-0.53391266,3.714394,1.1887255,0.039999966,0.03999993,-1.353744e-07,9.786819e-10,2.7777227e-07,-6.9538364e-10,-1.784455e-09,6.5723105e-10,9.457076e-10,4.840889e-07,1.0222924e-06,5.5879354e-09,2.3283064e-10,-3.7252903e-09,1.0,-1.489095e-10,-8.781334e-10,-8.472538e-11,0.0,0.0,0.0,0.0,0.0,0.0,0.6525328,0.23013937,0.110060796,0.999987,-0.0029836441,0.004123403,0.00016637985,0.00044968995,7.7507226e-05,-0.00021801428,0.000118197684,0.0043695695,0.00012274277,0.45357788,-0.07589927,0.02099999,1.0,-1.3137408e-05,-9.703151e-06,2.5428005e-06,7.685477e-05,0.00012535775,-0.00022129634,-0.008271904,0.0004315847,7.6703735e-05
0.0,0.0,0.0,0.0,0.0,0.0,1.0,0.6525328,0.23013937,0.110060796,0.45357788,-0.07589927,0.020999994,0.45527673,-0.08193446,0.039199274,-0.055262983,-0.97167,-0.018206358,-0.22906771,0.37228084,0.59491396,-0.63326293,-2.6528888,-0.53391266,3.714394,1.1887255,0.039999966,0.03999993,-1.353744e-07,9.786819e-10,2.7777227e-07,-6.9538364e-10,-1.784455e-09,6.5723105e-10,9.457076e-10,4.840889e-07,1.0222924e-06,0.0,0.0,0.0,0.0,0.0,0.0,0.04,0.04,0.37228084,0.59491396,-0.63326293,-2.6528888,-0.53391266,3.714394,1.1887255,0.039999966,0.03999993,-1.3537434e-07,9.786951e-10,2.777724e-07,-6.953804e-10,-1.7845051e-09,6.5724653e-10,9.457051e-10,4.8408884e-07,1.022292e-06,5.5879354e-09,2.3283064e-10,-3.7252903e-09,1.0,-1.489095e-10,-8.781334e-10,-8.472538e-11,0.0,0.0,0.0,0.0,0.0,0.0,0.65253097,0.23014627,0.11006238,0.99998695,-0.0030100772,0.004116407,0.00016797971,0.0013848447,-0.0019968092,-0.0009956523,0.017143855,0.011212565,-0.0024055894,0.45357788,-0.07589927,0.020999927,1.0,-1.2644184e-05,-9.383517e-06,2.3851674e-06,7.920696e-05,0.00012431138,-0.00022155532,-0.008262058,0.00047460443,7.636962e-05
0.0,0.0,0.0,0.0,0.0,0.0,1.0,0.65253097,0.23014627,0.11006239,0.45357788,-0.07589927,0.02099993,0.45527673,-0.08193446,0.039199274,-0.055262983,-0.97167,-0.018206358,-0.22906771,0.37228084,0.59491396,-0.63326293,-2.6528888,-0.53391266,3.714394,1.1887255,0.039999966,0.03999993,-1.3537434e-07,9.786951e-10,2.777724e-07,-6.953804e-10,-1.7845051e-09,6.5724653e-10,9.457051e-10,4.8408884e-07,1.022292e-06,0.0,0.0,0.0,0.0,0.0,0.0,0.04,0.04,0.37228084,0.59491396,-0.63326293,-2.6528888,-0.53391266,3.714394,1.1887255,0.039999966,0.03999993,-1.3537431e-07,9.786957e-10,2.7777236e-07,-6.953889e-10,-1.7844881e-09,6.5725125e-10,9.457066e-10,4.8408896e-07,1.0222923e-06,5.5879354e-09,2.3283064e-10,-3.7252903e-09,1.0,-1.489095e-10,-8.781334e-10,-8.472538e-11,0.0,0.0,0.0,0.0,0.0,0.0,0.65253514,0.23013446,0.11005839,0.99998707,-0.002962249,0.0041328147,0.00016577376,0.00025016427,-0.0005541889,-0.00018439439,0.005261937,0.0018142766,-0.0006987153,0.45357785,-0.075899266,0.020999976,1.0,-1.3211965e-05,-9.750752e-06,2.4585574e-06,7.578347e-05,0.00012640629,-0.0002207022,-0.0082979165,0.0003934056,7.642995e-05
0.0,0.0,0.0,0.0,0.0,0.0,1.0,0.65253514,0.23013446,0.1100584,0.45357785,-0.075899266,0.02099998,0.45527673,-0.08193446,0.039199274,-0.055262983,-0.97167,-0.018206358,-0.22906771,0.37228084,0.59491396,-0.63326293,-2.6528888,-0.53391266,3.714394,1.1887255,0.039999966,0.03999993,-1.3537431e-07,9.786957e-10,2.7777236e-07,-6.953889e-10,-1.7844881e-09,6.5725125e-10,9.457066e-10,4.8408896e-07,1.0222923e-06,0.0,0.0,0.0,0.0,0.0,0.0,0.04,0.04,0.37228084,0.59491396,-0.63326293,-2.6528888,-0.53391266,3.714394,1.1887255,0.039999966,0.03999993,-1.353743e-07,9.786963e-10,2.7777233e-07,-6.953864e-10,-1.7844773e-09,6.572538e-10,9.45734e-10,4.8408896e-07,1.0222922e-06,5.5879354e-09,2.3283064e-10,-3.7252903e-09,1.0,-1.489095e-10,-8.781334e-10,-8.472538e-11,0.0,0.0,0.0,0.0,0.0,0.0,0.6525328,0.23013936,0.110060856,0.9999871,-0.0029832786,0.0041235276,0.00016632085,0.00044915892,7.8131445e-05,-0.00021626432,0.000105469975,0.004363588,0.0001209146,0.45357788,-0.07589928,0.020999972,1.0,-1.2751585e-05,-9.497252e-06,2.3737541e-06,7.921177e-05,0.00012384048,-0.00022173426,-0.008257696,0.00047250377,7.667387e-05
0.0,0.0,0.0,0.0,0.0,0.0,1.0,0.6525328,0.23013936,0.110060856,0.45357788,-0.07589928,0.020999976,0.45527673,-0.08193446,0.039199274,-0.055262983,-0.97167,-0.018206358,-0.22906771,0.37228084,0.59491396,-0.63326293,-2.6528888,-0.53391266,3.714394,1.1887255,0.039999966,0.03999993,-1.353743e-07,9.786963e-10,2.7777233e-07,-6.953864e-10,-1.7844773e-09,6.572538e-10,9.45734e-10,4.8408896e-07,1.0222922e-06,0.0,0.0,0.0,0.0,0.0,0.0,0.04,0.04,0.37228084,0.59491396,-0.63326293,-2.6528888,-0.53391266,3.714394,1.1887255,0.039999966,0.03999993,-1.3537434e-07,9.78696e-10,2.7777236e-07,-6.953848e-10,-1.7844632e-09,6.5725225e-10,9.457118e-10,4.840888e-07,1.022292e-06,5.5879354e-09,2.3283064e-10,-3.7252903e-09,1.0,-1.489095e-10,-8.781334e-10,-8.472538e-11,0.0,0.0,0.0,0.0,0.0,0.0,0.652531,0.2301463,0.110062346,0.99998695,-0.00301017,0.004116333,0.0001680229,0.0013881882,-0.00200894,-0.0009967248,0.01725601,0.011244655,-0.0024147173,0.45357785,-0.075899266,0.02099996,1.0,-1.3113179e-05,-9.798492e-06,2.4203514e-06,7.593316e-05,0.00012598862,-0.00022073985,-0.008291753,0.0003944096,7.6506956e-05
0.0,0.0,0.0,0.0,0.0,0.0,1.0,0.652531,0.2301463,0.110062346,0.45357785,-0.075899266,0.020999964,0.45527673,-0.08193446,0.039199274,-0.055262983,-0.97167,-0.018206358,-0.22906771,0.37228084,0.59491396,-0.63326293,-2.6528888,-0.53391266,3.714394,1.1887255,0.039999966,0.03999993,-1.3537434e-07,9.78696e-10,2.7777236e-07,-6.953848e-10,-1.7844632e-09,6.5725225e-10,9.457118e-10,4.840888e-07,1.022292e-06,0.0,0.0,0.0,0.0,0.0,0.0,0.04,0.04,0.37228084,0.59491396,-0.63326293,-2.6528888,-0.53391266,3.714394,1.1887255,0.039999966,0.03999993,-1.3537432e-07,9.78695e-10,2.7777233e-07,-6.9538825e-10,-1.7844654e-09,6.572369e-10,9.457057e-10,4.8408884e-07,1.0222918e-06,5.5879354e-09,2.3283064e-10,-3.7252903e-09,1.0,-1.489095e-10,-8.781334e-10,-8.472538e-11,0.0,0.0,0.0,0.0,0.0,0.0,0.65253514,0.23013449,0.1100584,0.9999871,-0.0029624745,0.0041325316,0.00016580442,0.00024978913,-0.00052052183,-0.00017494816,0.0049445126,0.0017684283,-0.00071602507,0.45357788,-0.07589927,0.020999953,1.0,-1.2857272e-05,-9.573131e-06,2.5151626e-06,7.829091e-05,0.00012447433,-0.00022130607,-0.008280524,0.00043498183,7.650712e-05
0.0,0.0,0.0,0.0,0.0,0.0,1.0,0.65253514,0.23013449,0.1100584,0.45357788,-0.07589927,0.020999957,0.45527673,-0.08193446,0.039199274,-0.055262983,-0.97167,-0.018206358,-0.22906771,0.37228084,0.59491396,-0.63326293,-2.6528888,-0.53391266,3.714394,1.1887255,0.039999966,0.03999993,-1.3537432e-07,9.78695e-10,2.7777233e-07,-6.9538825e-10,-1.7844654e-09,6.572369e-10,9.457057e-10,4.8408884e-07,1.0222918e-06,0.0,0.0,0.0,0.0,0.0,0.0,0.04,0.04,0.37228084,0.59491396,-0.63326293,-2.6528888,-0.53391266,3.714394,1.1887255,0.039999966,0.03999993,-1.3537432e-07,9.7869e-10,2.7777236e-07,-6.953854e-10,-1.7844684e-09,6.5724565e-10,9.457206e-10,4.8408896e-07,1.022292e-06,5.5879354e-09,2.3283064e-10,-3.7252903e-09,1.0,-1.489095e-10,-8.781334e-10,-8.472538e-11,0.0,0.0,0.0,0.0,0.0,0.0,0.6525314,0.23013917,0.11006147,0.99998707,-0.002981669,0.0041175974,0.00016655249,0.0004393654,0.00028920715,-0.0002736094,-0.002210495,0.0043882173,0.00014042274,0.45357785,-0.075899266,0.020999948,1.0,-1.31810575e-05,-9.952533e-06,2.3994464e-06,7.726641e-05,0.00012533153,-0.00022073538,-0.0083036795,0.00039713975,7.624209e-05
0.0,0.0,0.0,0.0,0.0,0.0,1.0,0.6525314,0.23013917,0.11006147,0.45357785,-0.075899266,0.020999951,0.45527673,-0.08193446,0.039199274,-0.055262983,-0.97167,-0.018206358,-0.22906771,0.37228084,0.59491396,-0.63326293,-2.6528888,-0.53391266,3.714394,1.1887255,0.039999966,0.03999993,-1.3537432e-07,9.7869e-10,2.7777236e-07,-6.953854e-10,-1.7844684e-09,6.5724565e-10,9.457206e-10,4.8408896e-07,1.022292e-06,0.0,0.0,0.0,0.0,0.0,0.0,0.04,0.04,0.37228084,0.59491396,-0.63326293,-2.6528888,-0.53391266,3.714394,1.1887255,0.039999966,0.03999993,-1.3537432e-07,9.786905e-10,2.7777236e-07,-6.953895e-10,-1.7844619e-09,6.572511e-10,9.457076e-10,4.84089e-07,1.022292e-06,5.5879354e-09,2.3283064e-10,-3.7252903e-09,1.0,-1.489095e-10,-8.781334e-10,-8.472538e-11,0.0,0.0,0.0,0.0,0.0,0.0,0.65253097,0.2301463,0.1100624,0.99998695,-0.0030101957,0.0041163433,0.00016793425,0.0013873104,-0.001997849,-0.0009990531,0.01714421,0.011225382,-0.0024118808,0.45357788,-0.07589927,0.020999989,1.0,-1.30636545e-05,-9.582202e-06,2.524646e-06,7.6611665e-05,0.00012534119,-0.00022106293,-0.008287682,0.00040545428,7.671281e-05
0.0,0.0,0.0,0.0,0.0,0.0,1.0,0.65253097,0.2301463,0.110062405,0.45357788,-0.07589927,0.020999992,0.45527673,-0.08193446,0.039199274,-0.055262983,-0.97167,-0.018206358,-0.22906771,0.37228084,0.59491396,-0.63326293,-2.6528888,-0.53391266,3.714394,1.1887255,0.039999966,0.03999993,-1.3537432e-07,9.786905e-10,2.7777236e-07,-6.953895e-10,-1.7844619e-09,6.572511e-10,9.457076e-10,4.84089e-07,1.022292e-06,0.0,0.0,0.0,0.0,0.0,0.0,0.04,0.04,0.37228084,0.59491396,-0.63326293,-2.6528888,-0.53391266,3.714394,1.1887255,0.039999966,0.03999993,-1.3537435e-07,9.786927e-10,2.7777236e-07,-6.953837e-10,-1.7844776e-09,6.5724526e-10,9.457116e-10,4.8408884e-07,1.022292e-06,5.5879354e-09,2.3283064e-10,-3.7252903e-09,1.0,-1.489095e-10,-8.781334e-10,-8.472538e-11,0.0,0.0,0.0,0.0,0.0,0.0,0.65253514,0.23013449,0.110058375,0.9999872,-0.0029624484,0.0041327146,0.00016574276,0.00024824974,-0.0005472203,-0.00018309671,0.0051993732,0.0017912912,-0.0006979916,0.45357788,-0.07589927,0.020999977,1.0,-1.2805667e-05,-9.2923765e-06,2.3759774e-06,7.922537e-05,0.0001239917,-0.00022176257,-0.008261485,0.00047294644,7.6621924e-05
0.0,0.0,0.0,0.0,0.0,0.0,1.0,0.65253514,0.23013449,0.11005838,0.45357788,-0.07589927,0.020999981,0.45527673,-0.08193446,0.039199274,-0.055262983,-0.97167,-0.018206358,-0.22906771,0.37228084,0.59491396,-0.63326293,-2.6528888,-0.53391266,3.714394,1.1887255,0.039999966,0.03999993,-1.3537435e-07,9.786927e-10,2.7777236e-07,-6.953837e-10,-1.7844776e-09,6.5724526e-10,9.457116e-10,4.8408884e-07,1.022292e-06,0.0,0.0,0.0,0.0,0.0,0.0,0.04,0.04,0.37228084,0.59491396,-0.63326293,-2.6528888,-0.53391266,3.714394,1.1887255,0.039999966,0.03999993,-1.3537436e-07,9.786927e-10,2.7777233e-07,-6.9538747e-10,-1.7844743e-09,6.572631e-10,9.45736e-10,4.840889e-07,1.022292e-06,5.5879354e-09,2.3283064e-10,-3.7252903e-09,1.0,-1.489095e-10,-8.781334e-10,-8.472538e-11,0.0,0.0,0.0,0.0,0.0,0.0,0.6525328,0.23013937,0.110060826,0.99998707,-0.0029835256,0.0041234666,0.00016641039,0.00044934088,7.789914e-05,-0.00021644034,0.00010900236,0.0043657753,0.00012107737,0.45357785,-0.075899266,0.02099998,1.0,-1.3198569e-05,-9.8813525e-06,2.355916e-06,7.561801e-05,0.0001262839,-0.00022037055,-0.008310181,0.00036847123,7.63958e-05
0.0,0.0,0.0,0.0,0.0,0.0,1.0,0.6525328,0.23013937,0.110060826,0.45357785,-0.075899266,0.020999983,0.45527673,-0.08193446,0.039199274,-0.055262983,-0.97167,-0.018206358,-0.22906771,0.37228084,0.59491396,-0.63326293,-2.6528888,-0.53391266,3.714394,1.1887255,0.039999966,0.03999993,-1.3537436e-07,9.786927e-10,2.7777233e-07,-6.9538747e-10,-1.7844743e-09,6.572631e-10,9.45736e-10,4.840889e-07,1.022292e-06,0.0,0.0,0.0,0.0,0.0,0.0,0.04,0.04,0.37228084,0.59491396,-0.63326293,-2.6528888,-0.53391266,3.714394,1.1887255,0.039999966,0.03999993,-1.3537435e-07,9.78693e-10,2.7777233e-07,-6.9538436e-10,-1.7844818e-09,6.572604e-10,9.457232e-10,4.840888e-07,1.0222922e-06,5.5879354e-09,2.3283064e-10,-3.7252903e-09,1.0,-1.489095e-10,-8.781334e-10,-8.472538e-11,0.0,0.0,0.0,0.0,0.0,0.0,0.652532,0.23014605,0.11006202,0.999987,-0.0030095594,0.004120321,0.00016759451,0.00079851085,-0.002342058,-0.0006960778,0.020619238,0.006040708,-0.0021892588,0.45357788,-0.07589928,0.020999968,1.0,-1.2940448e-05,-9.631697e-06,2.53184e-06,7.686179e-05,0.00012510335,-0.0002212737,-0.008266613,0.00043101006,7.687861e-05
0.0,0.0,0.0,0.0,0.0,0.0,1.0,0.652532,0.23014605,0.11006202,0.45357788,-0.07589928,0.020999972,0.45527673,-0.08193446,0.039199274,-0.055262983,-0.97167,-0.018206358,-0.22906771,0.37228084,0.59491396,-0.63326293,-2.6528888,-0.53391266,3.714394,1.1887255,0.039999966,0.03999993,-1.3537435e-07,9.78693e-10,2.7777233e-07,-6.9538436e-10,-1.7844818e-09,6.572604e-10,9.457232e-10,4.840888e-07,1.0222922e-06,0.0,0.0,0.0,0.0,0.0,0.0,0.04,0.04,0.37228084,0.59491396,-0.63326293,-2.6528888,-0.53391266,3.714394,1.1887255,0.039999966,0.03999993,-1.3537431e-07,9.786965e-10,2.7777241e-07,-6.953848e-10,-1.784459e-09,6.572552e-10,9.457073e-10,4.8408896e-07,1.0222923e-06,5.5879354e-09,2.3283064e-10,-3.7252903e-09,1.0,-1.489095e-10,-8.781334e-10,-8.472538e-11,0.0,0.0,0.0,0.0,0.0,0.0,0.6525351,0.23013477,0.11005843,0.999987,-0.0029629974,0.00413287,0.00016569288,0.00028488674,-0.00052340823,-0.0001298583,0.004777608,0.0020254045,-0.0008449691,0.45357785,-0.075899266,0.020999962,1.0,-1.3432366e-05,-1.0122027e-05,2.3965404e-06,7.7275065e-05,0.0001252798,-0.0002207439,-0.00830307,0.00039681018,7.6256074e-05
0.0,0.0,0.0,0.0,0.0,0.0,1.0,0.6525351,0.23013477,0.11005843,0.45357785,-0.075899266,0.020999966,0.45527673,-0.08193446,0.039199274,-0.055262983,-0.97167,-0.018206358,-0.22906771,0.37228084,0.59491396,-0.63326293,-2.6528888,-0.53391266,3.714394,1.1887255,0.039999966,0.03999993,-1.3537431e-07,9.786965e-10,2.7777241e-07,-6.953848e-10,-1.784459e-09,6.572552e-10,9.457073e-10,4.8408896e-07,1.0222923e-06,0.0,0.0,0.0,0.0,0.0,0.0,0.04,0.04,0.37228084,0.59491396,-0.63326293,-2.6528888,-0.53391266,3.714394,1.1887255,0.039999966,0.03999993,-1.3537431e-07,9.786947e-10,2.7777236e-07,-6.953829e-10,-1.7844916e-09,6.5724615e-10,9.457005e-10,4.840889e-07,1.0222924e-06,5.5879354e-09,2.3283064e-10,-3.7252903e-09,1.0,-1.489095e-10,-8.781334e-10,-8.472538e-11,0.0,0.0,0.0,0.0,0.0,0.0,0.6525328,0.23013939,0.11006084,0.99998707,-0.002983411,0.0041235476,0.00016632263,0.00044935092,7.724686e-05,-0.00021858983,0.00012273212,0.004366526,0.0001237347,0.45357785,-0.07589927,0.02099995,1.0,-1.304042e-05,-9.669383e-06,2.4655935e-06,7.58983e-05,0.00012588305,-0.00022070612,-0.008288806,0.00039365265,7.6574186e-05
0.0,0.0,0.0,0.0,0.0,0.0,1.0,0.6525328,0.23013939,0.11006084,0.45357785,-0.07589927,0.020999953,0.45527673,-0.08193446,0.039199274,-0.055262983,-0.97167,-0.018206358,-0.22906771,0.37228084,0.59491396,-0.63326293,-2.6528888,-0.53391266,3.714394,1.1887255,0.039999966,0.03999993,-1.3537431e-07,9.786947e-10,2.7777236e-07,-6.953829e-10,-1.7844916e-09,6.5724615e-10,9.457005e-10,4.840889e-07,1.0222924e-06,0.0,0.0,0.0,0.0,0.0,0.0,0.04,0.04,0.37228084,0.59491396,-0.63326293,-2.6528888,-0.53391266,3.714394,1.1887255,0.039999966,0.03999993,-1.3537431e-07,9.786949e-10,2.7777241e-07,-6.9538864e-10,-1.7844641e-09,6.5725647e-10,9.457077e-10,4.840889e-07,1.0222922e-06,5.5879354e-09,2.3283064e-10,-3.7252903e-09,1.0,-1.489095e-10,-8.781334e-10,-8.472538e-11,0.0,0.0,0.0,0.0,0.0,0.0,0.6525319,0.23014604,0.11006201,0.999987,-0.0030095614,0.0041202256,0.00016753963,0.0007953839,-0.0023375996,-0.0006940585,0.020580847,0.00601408,-0.0021844204,0.45357788,-0.07589927,0.020999936,1.0,-1.2846723e-05,-9.421662e-06,2.3820226e-06,7.913047e-05,0.0001240785,-0.00022173316,-0.008261613,0.0004718747,7.6631164e-05
0.0,0.0,0.0,0.0,0.0,0.0,-1.0,0.6525319,0.23014604,0.11006202,0.45357788,-0.07589927,0.02099994,0.45527673,-0.08193446,0.039199274,-0.055262983,-0.97167,-0.018206358,-0.22906771,0.37228084,0.59491396,-0.63326293,-2.6528888,-0.53391266,3.714394,1.1887255,0.039999966,0.03999993,-1.3537431e-07,9.786949e-10,2.7777241e-07,-6.9538864e-10,-1.7844641e-09,6.5725647e-10,9.457077e-10,4.840889e-07,1.0222922e-06,0.0,0.0,0.0,0.0,0.0,0.0,0.0,0.0,0.3722808,0.59491396,-0.633263,-2.6528888,-0.53391254,3.714394,1.1887255,0.03299388,0.0329987,-4.7629806e-07,-1.8953563e-06,3.380393e-06,-5.5704163e-08,-1.593608e-05,6.578143e-06,1.2112663e-05,-0.2002142,-0.20039839,5.5879354e-09,2.3283064e-10,-3.7252903e-09,1.0,-1.489095e-10,-8.781334e-10,-8.472538e-11,0.0,0.0,0.0,0.0,0.0,0.0,0.6525351,0.23013479,0.11005846,0.99998707,-0.0029631285,0.0041325567,0.00016578124,0.00028537403,-0.0005276996,-0.00013011103,0.004814802,0.0020319582,-0.0008464981,0.45357785,-0.075899266,0.020999933,0.99999994,-1.3297051e-05,-9.886684e-06,2.464762e-06,7.5919575e-05,0.00012625623,-0.00022051402,-0.008291089,0.00039614426,7.631441e-05
0.0,0.0,0.0,0.0,0.0,0.0,-1.0,0.6525351,0.23013479,0.11005846,0.45357785,-0.075899266,0.020999936,0.45527676,-0.08193475,0.0391992,-0.055263273,-0.9716699,-0.018206075,-0.22906774,0.3722808,0.59491396,-0.633263,-2.6528888,-0.53391254,3.714394,1.1887255,0.03299388,0.0329987,-4.7629806e-07,-1.8953563e-06,3.380393e-06,-5.5704163e-08,-1.593608e-05,6.578143e-06,1.2112663e-05,-0.2002142,-0.20039839,0.0,0.0,0.0,0.0,0.0,0.0,0.0,0.0,0.37268996,0.594782,-0.6327134,-2.6529787,-0.5345151,3.714711,1.1890937,0.026076902,0.02610147,0.021908585,0.0019348587,0.004103944,-0.0006876618,0.015741955,-0.01324064,-0.019747239,-0.20018822,-0.20209244,5.5879354e-09,2.3283064e-10,-3.7252903e-09,1.0,-1.489095e-10,-8.781334e-10,-8.472538e-11,0.0,0.0,0.0,0.0,0.0,0.0,0.6525328,0.23013933,0.11006083,0.999987,-0.0029830963,0.0041235317,0.0001662525,0.0004481448,7.721834e-05,-0.00021938611,0.00012309557,0.004354258,0.00012370892,0.45391282,-0.08072616,0.021367623,0.999958,0.0078076925,9.477593e-06,0.0048016887,0.013120657,-0.18999375,0.007745438,0.34693882,-0.013705935,0.32776546
0.0,0.0,0.0,0.0,0.0,0.0,-1.0,0.6525328,0.23013933,0.11006084,0.45391282,-0.08072616,0.021367626,0.45530474,-0.081308246,0.039173644,-0.054804742,-0.9716719,-0.018693864,-0.22913015,0.37268996,0.594782,-0.6327134,-2.6529787,-0.5345151,3.714711,1.1890937,0.026076902,0.02610147,0.021908585,0.0019348587,0.004103944,-0.0006876618,0.015741955,-0.01324064,-0.019747239,-0.20018822,-0.20209244,0.0,0.0,0.0,0.0,0.0,0.0,0.0,0.0,0.37291247,0.5947311,-0.63268155,-2.6528783,-0.5343658,3.714719,1.1890501,0.020989735,0.021669723,0.0044601867,-0.009623463,-0.004973998,0.003327609,0.0028349329,-0.09657338,-0.13668789,0.10114155,0.118534386,5.5879354e-09,2.3283064e-10,-3.7252903e-09,1.0,-1.489095e-10,-8.781334e-10,-8.472538e-11,0.0,0.0,0.0,0.0,0.0,0.0,0.65253097,0.23014629,0.110062376,0.9999869,-0.0030102597,0.0041162884,0.00016808181,0.0013861229,-0.002002992,-0.0009957612,0.01720207,0.011225871,-0.0024095401,0.45388865,-0.08113744,0.021188986,0.99995947,0.0035434673,0.00023378004,0.0082629565,0.016689282,-0.013362435,0.10766988,3.247718,-0.49858934,-1.8413898
0.0,0.0,0.0,0.0,0.0,0.0,-1.0,0.65253097,0.23014629,0.110062376,0.45388865,-0.08113744,0.02118899,0.45540062,-0.08120987,0.039221298,-0.05478944,-0.9716487,-0.018778458,-0.22922517,0.37291247,0.5947311,-0.63268155,-2.6528783,-0.5343658,3.714719,1.1890501,0.020989735,0.021669723,0.0044601867,-0.009623463,-0.004973998,0.003327609,0.0028349329,-0.09657338,-0.13668789,0.10114155,0.118534386,0.0,0.0,0.0,0.0,0.0,0.0,0.0,0.0,0.37289405,0.5944858,-0.632774,-2.6527827,-0.53413886,3.7147763,1.1890647,0.020216493,0.021485465,-0.0031946772,-0.0044253934,-0.0019026217,0.0052896217,0.0058245966,-0.062749274,-0.11465123,0.09984937,0.122074544,5.5879354e-09,2.3283064e-10,-3.7252903e-09,1.0,-1.489095e-10,-8.781334e-10,-8.472538e-11,0.0,0.0,0.0,0.0,0.0,0.0,0.65253514,0.2301345,0.1100584,0.99998707,-0.0029623455,0.0041325507,0.000165789,0.00024857617,-0.000523124,-0.00017704407,0.004974822,0.0017618239,-0.0007114175,0.45394468,-0.08094977,0.021028548,0.9999373,-0.0006390725,1.0654563e-05,0.01117641,-0.019416597,0.0007451348,-0.011582129,0.23817247,-1.0104811,-0.41088793
0.0,0.0,0.0,0.0,0.0,0.0,-1.0,0.65253514,0.2301345,0.1100584,0.45394468,-0.08094977,0.021028552,0.4555383,-0.08127405,0.039372947,-0.05480676,-0.9715993,-0.018628031,-0.22944248,0.37289405,0.5944858,-0.632774,-2.6527827,-0.53413886,3.7147763,1.1890647,0.020216493,0.021485465,-0.0031946772,-0.0044253934,-0.0019026217,0.0052896217,0.0058245966,-0.062749274,-0.11465123,0.09984937,0.122074544,0.0,0.0,0.0,0.0,0.0,0.0,0.0,0.0,0.37291086,0.5934533,-0.63296646,-2.6525512,-0.5339458,3.715219,1.1891766,0.019870916,0.021636559,0.0019448397,-0.009740021,0.0027445848,0.003187369,-0.001404512,-0.08960638,-0.11268564,0.11524815,0.1383016,5.5879354e-09,2.3283064e-10,-3.7252903e-09,1.0,-1.489095e-10,-8.781334e-10,-8.472538e-11,0.0,0.0,0.0,0.0,0.0,0.0,0.6525314,0.23013914,0.1100615,0.99998707,-0.0029816332,0.0041174353,0.00016664393,0.00043939412,0.00028931914,-0.00027628857,-0.0022085865,0.0043886416,0.00014095876,0.45430648,-0.08078836,0.021294096,0.9998962,-0.006174584,-7.605171e-05,0.013011444,0.059451155,-0.020458838,-0.01726903,-2.2777889,-5.7655287,0.41927496
0.0,0.0,0.0,0.0,0.0,0.0,-1.0,0.6525314,0.23013914,0.1100615,0.45430648,-0.08078836,0.0212941,0.4560127,-0.08124794,0.039937448,-0.054636866,-0.97141993,-0.01842317,-0.23025805,0.37291086,0.5934533,-0.63296646,-2.6525512,-0.5339458,3.715219,1.1891766,0.019870916,0.021636559,0.0019448397,-0.009740021,0.0027445848,0.003187369,-0.001404512,-0.08960638,-0.11268564,0.11524815,0.1383016,0.0,0.0,0.0,0.0,0.0,0.0,0.0,0.0,0.3730405,0.5924989,-0.6330589,-2.6523712,-0.5338082,3.7156174,1.1892847,0.01966849,0.021689277,0.0025486005,-0.0069507416,0.0036448762,0.0033403237,0.00022918894,-0.07941529,-0.10474794,0.11045596,0.11177991,5.5879354e-09,2.3283064e-10,-3.7252903e-09,1.0,-1.489095e-10,-8.781334e-10,-8.472538e-11,0.0,0.0,0.0,0.0,0.0,0.0,0.65253097,0.23014632,0.110062376,0.999987,-0.0030102243,0.0041163256,0.00016790426,0.0013898439,-0.0019987654,-0.0009999872,0.017150596,0.01125258,-0.002414284,0.4546562,-0.0806441,0.021514803,0.999834,-0.010854999,-0.00021253734,0.014628076,0.052951597,-0.007253199,-0.019714976,-1.3528746,-5.7643666,0.6547874
0.0,0.0,0.0,0.0,0.0,0.0,-1.0,0.65253097,0.23014632,0.110062376,0.4546562,-0.0806441,0.021514807,0.45643878,-0.08112,0.040437292,-0.05443038,-0.971261,-0.018329844,-0.23098345,0.3730405,0.5924989,-0.6330589,-2.6523712,-0.5338082,3.7156174,1.1892847,0.01966849,0.021689277,0.0025486005,-0.0069507416,0.0036448762,0.0033403237,0.00022918894,-0.07941529,-0.10474794,0.11045596,0.11177991,0.0,0.0,0.0,0.0,0.0,0.0,0.0,0.0,0.3732284,0.5915275,-0.63309944,-2.6521716,-0.5337548,3.7160685,1.1894201,0.019497577,0.021707142,0.005423597,-0.00969343,0.004093219,0.0016998898,-0.0018659814,-0.071005836,-0.12909533,0.11695676,0.10970961,5.5879354e-09,2.3283064e-10,-3.7252903e-09,1.0,-1.489095e-10,-8.781334e-10,-8.472538e-11,0.0,0.0,0.0,0.0,0.0,0.0,0.65253514,0.23013447,0.11005845,0.9999871,-0.0029623287,0.004132549,0.00016575163,0.00024910775,-0.0005161254,-0.0001734276,0.004902445,0.0017577283,-0.00071730214,0.45498034,-0.08050454,0.021799102,0.99972224,-0.016807677,-0.0001479311,0.016513951,0.056393273,-0.01972125,-0.028551983,-1.675568,-5.4830666,1.0147321
0.0,0.0,0.0,0.0,0.0,0.0,-1.0,0.65253514,0.23013447,0.11005846,0.45498034,-0.08050454,0.021799106,0.45688507,-0.08091715,0.040945124,-0.054171167,-0.9710966,-0.018313587,-0.23173574,0.3732284,0.5915275,-0.63309944,-2.6521716,-0.5337548,3.7160685,1.1894201,0.019497577,0.021707142,0.005423597,-0.00969343,0.004093219,0.0016998898,-0.0018659814,-0.071005836,-0.12909533,0.11695676,0.10970961,0.0,0.0,0.0,0.0,0.0,0.0,0.0,0.0,0.37342513,0.59069496,-0.63310146,-2.6521745,-0.5337812,3.7164369,1.1895281,0.019338533,0.02161013,0.005651481,-0.011250028,0.0015139547,-0.008278887,-0.015896093,-0.11570723,-0.13642076,0.0989545,0.086699985,5.5879354e-09,2.3283064e-10,-3.7252903e-09,1.0,-1.489095e-10,-8.781334e-10,-8.472538e-11,0.0,0.0,0.0,0.0,0.0,0.0,0.6525314,0.23013915,0.11006146,0.999987,-0.002981558,0.0041175215,0.00016656412,0.00044107623,0.00028801814,-0.000273357,-0.0022020536,0.0044050133,0.00013822317,0.45517007,-0.08034951,0.021974714,0.9996402,-0.020582149,0.00018942388,0.017197011,0.08862633,0.0009866782,-0.012757146,-0.34196576,-4.5641227,0.3986153
0.0,0.0,0.0,0.0,0.0,0.0,-1.0,0.6525314,0.23013915,0.11006147,0.45517007,-0.08034951,0.021974718,0.45717266,-0.080697246,0.041330602,-0.05391866,-0.97097975,-0.018337429,-0.23228192,0.37342513,0.59069496,-0.63310146,-2.6521745,-0.5337812,3.7164369,1.1895281,0.019338533,0.02161013,0.005651481,-0.011250028,0.0015139547,-0.008278887,-0.015896093,-0.11570723,-0.13642076,0.0989545,0.086699985,0.0,0.0,0.0,0.0,0.0,0.0,0.0,0.0,0.3734841,0.5906245,-0.63305277,-2.6522987,-0.53376466,3.7164643,1.1895565,0.0193903,0.021569153,0.001607406,-0.008063989,9.246409e-05,-0.00015238073,-0.013168829,-0.11247034,-0.1329601,0.098006755,0.09000327,5.5879354e-09,2.3283064e-10,-3.7252903e-09,1.0,-1.489095e-10,-8.781334e-10,-8.472538e-11,0.0,0.0,0.0,0.0,0.0,0.0,0.65253097,0.2301463,0.11006237,0.99998695,-0.0030101412,0.004116317,0.00016797012,0.0013892174,-0.0020005559,-0.0009996897,0.017167425,0.011245201,-0.0024149278,0.45515996,-0.080349825,0.021979233,0.99963695,-0.020699173,-0.00013962,0.017245872,0.0011836408,0.011436133,-0.024595028,-0.2839742,-0.4316759,-0.4512809
0.0,0.0,0.0,0.0,0.0,0.0,-1.0,0.65253097,0.2301463,0.110062376,0.45515996,-0.080349825,0.021979237,0.45713687,-0.080635734,0.04132871,-0.053870365,-0.9709851,-0.01833956,-0.23226999,0.3734841,0.5906245,-0.63305277,-2.6522987,-0.53376466,3.7164643,1.1895565,0.0193903,0.021569153,0.001607406,-0.008063989,9.246409e-05,-0.00015238073,-0.013168829,-0.11247034,-0.1329601,0.098006755,0.09000327,0.0,0.0,0.0,0.0,0.0,0.0,0.0,0.0,0.37348303,0.5905762,-0.6330347,-2.6523538,-0.53373885,3.716492,1.1895952,0.019407246,0.021558965,0.0017240071,-0.008415633,0.0006818285,0.0015774241,-0.013873048,-0.11517616,-0.13478924,0.100741535,0.09279289,5.5879354e-09,2.3283064e-10,-3.7252903e-09,1.0,-1.489095e-10,-8.781334e-10,-8.472538e-11,0.0,0.0,0.0,0.0,0.0,0.0,0.65253514,0.23013452,0.110058405,0.9999872,-0.0029625238,0.0041326033,0.00016572524,0.0002486582,-0.0005214629,-0.0001771336,0.004960538,0.0017621189,-0.0007106617,0.45515537,-0.08034458,0.021984782,0.9996346,-0.02081367,-0.00020926759,0.017241782,0.0012769179,0.0121160615,-0.023795558,-0.2930429,-0.44349432,-0.44430187
0.0,0.0,0.0,0.0,0.0,0.0,-1.0,0.65253514,0.23013452,0.11005841,0.45515537,-0.08034458,0.021984786,0.45712674,-0.080622435,0.04133838,-0.05384712,-0.97098416,-0.018304989,-0.23228212,0.37348303,0.5905762,-0.6330347,-2.6523538,-0.53373885,3.716492,1.1895952,0.019407246,0.021558965,0.0017240071,-0.008415633,0.0006818285,0.0015774241,-0.013873048,-0.11517616,-0.13478924,0.100741535,0.09279289,0.0,0.0,0.0,0.0,0.0,0.0,0.0,0.0,0.37349084,0.5905551,-0.63300836,-2.6523883,-0.5337115,3.7165058,1.1896307,0.019418763,0.021551322,0.0017539607,-0.007867268,0.00064087316,0.0023667468,-0.013328909,-0.115068614,-0.13563305,0.101697855,0.09356855,5.5879354e-09,2.3283064e-10,-3.7252903e-09,1.0,-1.489095e-10,-8.781334e-10,-8.472538e-11,0.0,0.0,0.0,0.0,0.0,0.0,0.6525314,0.23013914,0.110061504,0.999987,-0.0029815,0.004117589,0.00016653593,0.00043882272,0.0002894111,-0.0002764001,-0.0022040897,0.0043838206,0.00014358302,0.45515165,-0.08034146,0.021985691,0.9996338,-0.020856388,-0.00025200847,0.01724104,0.0013705395,0.01180449,-0.023702744,-0.28304064,-0.44493535,-0.44400167
0.0,0.0,0.0,0.0,0.0,0.0,-1.0,0.6525314,0.23013914,0.11006151,0.45515165,-0.08034146,0.021985695,0.45711917,-0.08060552,0.041339066,-0.053828858,-0.97098505,-0.018282205,-0.2322849,0.37349084,0.5905551,-0.63300836,-2.6523883,-0.5337115,3.7165058,1.1896307,0.019418763,0.021551322,0.0017539607,-0.007867268,0.00064087316,0.0023667468,-0.013328909,-0.115068614,-0.13563305,0.101697855,0.09356855,0.0,0.0,0.0,0.0,0.0,0.0,0.0,0.0,0.373497,0.59054464,-0.6329865,-2.6524062,-0.5336784,3.7165136,1.1896611,0.019428216,0.02154389,0.0016306005,-0.0076776333,0.0005259658,0.0026229525,-0.013181723,-0.11531591,-0.13637362,0.102050796,0.09404535,5.5879354e-09,2.3283064e-10,-3.7252903e-09,1.0,-1.489095e-10,-8.781334e-10,-8.472538e-11,0.0,0.0,0.0,0.0,0.0,0.0,0.65253097,0.23014629,0.11006239,0.999987,-0.003009999,0.0041165203,0.00016787839,0.0013889994,-0.0019999323,-0.0009998522,0.017162051,0.011241669,-0.0024143525,0.45515043,-0.08034027,0.021986023,0.99963343,-0.020872293,-0.00026643145,0.017238429,0.0013965059,0.011689867,-0.02372487,-0.27948472,-0.44377118,-0.44425017
0.0,0.0,0.2,0.0,0.0,0.0,-1.0,0.65253097,0.23014629,0.11006239,0.45515043,-0.08034027,0.021986026,0.45711657,-0.080594264,0.0413392,-0.053817227,-0.97098523,-0.018260077,-0.23228864,0.373497,0.59054464,-0.6329865,-2.6524062,-0.5336784,3.7165136,1.1896611,0.019428216,0.02154389,0.0016306005,-0.0076776333,0.0005259658,0.0026229525,-0.013181723,-0.11531591,-0.13637362,0.102050796,0.09404535,0.0,0.0,0.1,0.0,0.0,0.0,0.0,0.0,0.38383874,0.5451194,-0.648194,-2.674254,-0.5535301,3.6745818,1.1828681,0.019342273,0.021520399,0.26898196,-1.7169375,-0.49246177,-0.6658784,-0.576935,-1.251639,-0.2844397,0.08568721,0.05491044,5.5879354e-09,2.3283064e-10,-3.7252903e-09,1.0,-1.489095e-10,-8.781334e-10,-8.472538e-11,0.0,0.0,0.0,0.0,0.0,0.0,0.65253514,0.23013449,0.11005841,0.9999872,-0.0029623797,0.004132628,0.00016578415,0.00024857663,-0.0005265324,-0.00017950151,0.0050117034,0.0017673101,-0.0007074058,0.44908938,-0.0799438,0.0286813,0.9990451,-0.036447268,0.010644002,0.021611884,-0.06250544,0.05280907,0.44026953,5.5165253,-0.19843796,-0.6908456
0.0,0.0,0.2,0.0,0.0,0.0,-1.0,0.65253514,0.23013449,0.11005841,0.44908938,-0.0799438,0.028681304,0.45164073,-0.0797292,0.048616227,-0.055244,-0.9730406,-0.021065578,-0.22292688,0.38383874,0.5451194,-0.648194,-2.674254,-0.5535301,3.6745818,1.1828681,0.019342273,0.021520399,0.26898196,-1.7169375,-0.49246177,-0.6658784,-0.576935,-1.251639,-0.2844397,0.08568721,0.05491044,0.0,0.0,0.1,0.0,0.0,0.0,0.0,0.0,0.39420635,0.48255754,-0.6669393,-2.695038,-0.57268375,3.6306036,1.1747913,0.019285398,0.021447243,0.2787107,-1.8566893,-0.54815257,-0.5381742,-0.52497816,-1.312186,-0.32646632,0.06624106,0.028553274,5.5879354e-09,2.3283064e-10,-3.7252903e-09,1.0,-1.489095e-10,-8.781334e-10,-8.472538e-11,0.0,0.0,0.0,0.0,0.0,0.0,0.6525314,0.23013915,0.11006149,0.99998707,-0.00298168,0.0041173496,0.00016670863,0.00044007352,0.000289733,-0.00027603036,-0.0022141866,0.004395524,0.00014023746,0.44729415,-0.0796909,0.042055484,0.998473,-0.046687163,0.012143662,0.026916485,-0.007599954,0.030623352,0.4797367,4.878524,0.19075938,-0.9134459
0.0,0.0,0.2,0.0,0.0,0.0,-1.0,0.6525314,0.23013915,0.1100615,0.44729415,-0.0796909,0.042055488,0.45018953,-0.07898626,0.0624039,-0.054923102,-0.973458,-0.021771163,-0.22110851,0.39420635,0.48255754,-0.6669393,-2.695038,-0.57268375,3.6306036,1.1747913,0.019285398,0.021447243,0.2787107,-1.8566893,-0.54815257,-0.5381742,-0.52497816,-1.312186,-0.32646632,0.06624106,0.028553274,0.0,0.0,0.1,0.0,0.0,0.0,0.0,0.0,0.40525675,0.41670403,-0.6867333,-2.7130501,-0.5899602,3.5831146,1.1653088,0.019292977,0.02139535,0.30777627,-1.9246122,-0.5675082,-0.4820553,-0.47026578,-1.4303908,-0.3996308,0.09158507,0.026389403,5.5879354e-09,2.3283064e-10,-3.7252903e-09,1.0,-1.489095e-10,-8.781334e-10,-8.472538e-11,0.0,0.0,0.0,0.0,0.0,0.0,0.652532,0.23014587,0.11006198,0.999987,-0.0030084895,0.004120442,0.0001676258,0.0007698621,-0.002235515,-0.0006741759,0.019651808,0.0058249496,-0.00209891,0.4466547,-0.07962059,0.056561813,0.9981124,-0.052108783,0.012226588,0.030112779,-0.0006777011,0.022302125,0.50553894,5.9886503,0.6877752,-1.4965501
0.0,0.0,0.2,0.0,0.0,0.0,-1.0,0.652532,0.23014587,0.11006199,0.4466547,-0.07962059,0.056561816,0.44966316,-0.07865051,0.07710004,-0.05465942,-0.97359234,-0.022080198,-0.2205512,0.40525675,0.41670403,-0.6867333,-2.7130501,-0.5899602,3.5831146,1.1653088,0.019292977,0.02139535,0.30777627,-1.9246122,-0.5675082,-0.4820553,-0.47026578,-1.4303908,-0.3996308,0.09158507,0.026389403,0.0,0.0,0.1,0.0,0.0,0.0,0.0,0.0,0.4179109,0.34887677,-0.7073649,-2.7292051,-0.6045984,3.532008,1.1540047,0.019325549,0.021344323,0.36075035,-1.9744633,-0.59155834,-0.4304636,-0.3898713,-1.5288322,-0.45406264,0.091856785,0.026689451,5.5879354e-09,2.3283064e-10,-3.7252903e-09,1.0,-1.489095e-10,-8.781334e-10,-8.472538e-11,0.0,0.0,0.0,0.0,0.0,0.0,0.6525351,0.23013481,0.11005843,0.9999871,-0.002963554,0.0041325088,0.00016579842,0.00028028176,-0.0005119503,-0.00012645515,0.0046817684,0.0019706367,-0.0008416144,0.4462246,-0.07944588,0.07138927,0.9981126,-0.05187439,0.0125333145,0.030382456,0.00025441218,0.020906525,0.50711346,6.0013275,0.6916243,-1.5105611
0.0,0.0,0.2,0.0,0.0,0.0,-1.0,0.6525351,0.23013481,0.11005843,0.4462246,-0.07944588,0.07138927,0.44924843,-0.078443184,0.09192668,-0.05439154,-0.9736927,-0.022246927,-0.22015736,0.4179109,0.34887677,-0.7073649,-2.7292051,-0.6045984,3.532008,1.1540047,0.019325549,0.021344323,0.36075035,-1.9744633,-0.59155834,-0.4304636,-0.3898713,-1.5288322,-0.45406264,0.091856785,0.026689451,0.0,0.0,0.1,0.0,0.0,0.0,0.0,0.0,0.43366802,0.27949762,-0.729724,-2.7436423,-0.61531055,3.4774928,1.1401141,0.01936234,0.021290077,0.46274447,-2.0140436,-0.6495813,-0.38114685,-0.26871178,-1.6208773,-0.53339446,0.092447095,0.026427241,5.5879354e-09,2.3283064e-10,-3.7252903e-09,1.0,-1.489095e-10,-8.781334e-10,-8.472538e-11,0.0,0.0,0.0,0.0,0.0,0.0,0.6525328,0.23013934,0.110060856,0.99998707,-0.002983105,0.0041236137,0.00016626988,0.0004480814,7.727451e-05,-0.00022086599,0.00012795234,0.0043543205,0.0001256293,0.44580635,-0.07932574,0.08623251,0.99811864,-0.051562894,0.012924089,0.03055227,0.00020839041,0.02009088,0.50670546,6.029602,0.6885692,-1.5167987
0.0,0.0,0.2,0.0,0.0,0.0,-1.0,0.6525328,0.23013934,0.110060856,0.44580635,-0.07932574,0.08623251,0.44884986,-0.078292236,0.10677087,-0.054065786,-0.9737945,-0.02232796,-0.21977898,0.43366802,0.27949762,-0.729724,-2.7436423,-0.61531055,3.4774928,1.1401141,0.01936234,0.021290077,0.46274447,-2.0140436,-0.6495813,-0.38114685,-0.26871178,-1.6208773,-0.53339446,0.092447095,0.026427241,0.0,0.0,0.1,0.0,0.0,0.0,0.0,0.0,0.4559244,0.2089946,-0.75663716,-2.7565112,-0.6198692,3.419981,1.1221561,0.019404307,0.021231258,0.6834025,-2.0395062,-0.8087415,-0.33615282,-0.075052574,-1.6953679,-0.65687495,0.0894102,0.01970923,5.5879354e-09,2.3283064e-10,-3.7252903e-09,1.0,-1.489095e-10,-8.781334e-10,-8.472538e-11,0.0,0.0,0.0,0.0,0.0,0.0,0.65253097,0.2301463,0.110062405,0.999987,-0.0030103445,0.0041163177,0.00016800911,0.001386782,-0.002004953,-0.0009957706,0.017221155,0.011233546,-0.0024106067,0.445375,-0.07925396,0.10105411,0.9981491,-0.050858475,0.013410188,0.030525453,-0.0012593069,0.019268623,0.501577,5.8739395,0.66437316,-1.4429603
0.0,0.0,0.2,0.0,0.0,0.0,-1.0,0.65253097,0.2301463,0.110062405,0.445375,-0.07925396,0.10105412,0.44844168,-0.07820625,0.12159282,-0.053604364,-0.9739127,-0.02227518,-0.2193726,0.4559244,0.2089946,-0.75663716,-2.7565112,-0.6198692,3.419981,1.1221561,0.019404307,0.021231258,0.6834025,-2.0395062,-0.8087415,-0.33615282,-0.075052574,-1.6953679,-0.65687495,0.0894102,0.01970923,0.0,0.0,0.1,0.0,0.0,0.0,0.0,0.0,0.49451694,0.13812885,-0.7971914,-2.7681098,-0.6140213,3.3602035,1.0970665,0.019450342,0.021162167,1.2645429,-2.039363,-1.3035915,-0.30003878,0.25790486,-1.7514966,-0.8866985,0.09043112,0.019083023,5.5879354e-09,2.3283064e-10,-3.7252903e-09,1.0,-1.489095e-10,-8.781334e-10,-8.472538e-11,0.0,0.0,0.0,0.0,0.0,0.0,0.65253514,0.23013447,0.11005838,0.9999871,-0.0029622691,0.0041327584,0.00016572021,0.0002472236,-0.00054008735,-0.00018157391,0.005133476,0.001776111,-0.0006985712,0.44488215,-0.07929538,0.11572476,0.99819094,-0.04993875,0.014023144,0.030403381,-0.0030690618,0.018033013,0.49457905,5.938907,0.6630958,-1.4584653
0.0,0.0,0.2,0.0,0.0,0.0,-1.0,0.65253514,0.23013447,0.11005838,0.44488215,-0.07929538,0.11572476,0.4479848,-0.078247674,0.13628113,-0.05282432,-0.97408336,-0.021943271,-0.21883708,0.49451694,0.13812885,-0.7971914,-2.7681098,-0.6140213,3.3602035,1.0970665,0.019450342,0.021162167,1.2645429,-2.039363,-1.3035915,-0.30003878,0.25790486,-1.7514966,-0.8866985,0.09043112,0.019083023,0.0,0.0,0.1,0.0,0.0,0.0,0.0,0.0,0.56711024,0.068422675,-0.86874396,-2.7779198,-0.5936484,3.299736,1.0621152,0.019507479,0.021059431,2.1750014,-1.9599905,-2.1529837,-0.22508955,0.63916725,-1.7345191,-1.1184671,0.07596349,0.006520581,5.5879354e-09,2.3283064e-10,-3.7252903e-09,1.0,-1.489095e-10,-8.781334e-10,-8.472538e-11,0.0,0.0,0.0,0.0,0.0,0.0,0.6525328,0.23013936,0.11006082,0.999987,-0.002983415,0.0041233664,0.00016636185,0.00045025768,7.692969e-05,-0.00021724128,0.00012235707,0.0043752505,0.00012204488,0.44432652,-0.079044424,0.12948836,0.998375,-0.046198033,0.015068184,0.029764181,-0.01820505,0.030367635,0.43075857,5.505009,0.7978334,-1.2921227
0.0,0.0,0.2,0.0,0.0,0.0,-1.0,0.6525328,0.23013936,0.110060826,0.44432652,-0.079044424,0.12948836,0.4475529,-0.07828641,0.15025944,-0.050407454,-0.97444147,-0.020869866,-0.21791588,0.56711024,0.068422675,-0.86874396,-2.7779198,-0.5936484,3.299736,1.0621152,0.019507479,0.021059431,2.1750014,-1.9599905,-2.1529837,-0.22508955,0.63916725,-1.7345191,-1.1184671,0.07596349,0.006520581,0.0,0.0,0.1,0.0,0.0,0.0,0.0,0.0,0.6368718,0.008613864,-0.9416356,-2.7704628,-0.64020914,3.238201,1.1001043,0.019689402,0.02083449,2.021849,-1.5340822,-2.1732433,0.609513,-2.6100013,-1.8276998,2.5077343,0.06839229,0.019244839,5.5879354e-09,2.3283064e-10,-3.7252903e-09,1.0,-1.489095e-10,-8.781334e-10,-8.472538e-11,0.0,0.0,0.0,0.0,0.0,0.0,0.65253097,0.2301463,0.11006237,0.999987,-0.0030103102,0.0041161748,0.00016808626,0.0013889091,-0.0020030937,-0.0009970745,0.017199943,0.011254376,-0.0024119683,0.44624937,-0.07546673,0.14157258,0.99876946,-0.038575135,0.016012464,0.026738212,0.15628447,0.19465236,0.42078108,5.6682463,0.6947247,-1.4861815
0.0,0.0,0.2,0.0,0.0,0.0,-1.0,0.65253097,0.2301463,0.110062376,0.44624937,-0.07546673,0.14157258,0.44947928,-0.07506551,0.16245598,-0.044403642,-0.97507966,-0.016136229,-0.21676615,0.6368718,0.008613864,-0.9416356,-2.7704628,-0.64020914,3.238201,1.1001043,0.019689402,0.02083449,2.021849,-1.5340822,-2.1732433,0.609513,-2.6100013,-1.8276998,2.5077343,0.06839229,0.019244839,0.0,0.0,0.1,0.0,0.0,0.0,0.0,0.0,0.64148474,-0.053905863,-0.956679,-2.7451675,-0.7271428,3.1636817,1.1873335,0.01946732,0.021064265,-1.1730849,-2.0473964,0.690781,0.6599068,-2.610002,-2.2202575,2.5141344,0.0765917,0.009329548,5.5879354e-09,2.3283064e-10,-3.7252903e-09,1.0,-1.489095e-10,-8.781334e-10,-8.472538e-11,0.0,0.0,0.0,0.0,0.0,0.0,0.65253514,0.23013447,0.110058405,0.9999871,-0.0029624254,0.004132542,0.00016572255,0.00024614375,-0.00050948036,-0.00017412551,0.0048494474,0.0017286722,-0.00071179477,0.45182142,-0.076670535,0.15717578,0.99922574,-0.03451193,0.014367641,0.01226228,0.1314449,-0.07263788,0.5488205,5.4156585,0.60188365,-1.8289673
0.0,0.0,0.2,0.0,0.0,0.0,-1.0,0.65253514,0.23013447,0.11005841,0.45182142,-0.076670535,0.15717578,0.45509508,-0.07605404,0.17808074,-0.04202453,-0.97504073,-0.0019238293,-0.21800423,0.64148474,-0.053905863,-0.956679,-2.7451675,-0.7271428,3.1636817,1.1873335,0.01946732,0.021064265,-1.1730849,-2.0473964,0.690781,0.6599068,-2.610002,-2.2202575,2.5141344,0.0765917,0.009329548,0.0,0.0,0.1,0.0,0.0,0.0,0.0,0.0,0.60023206,-0.12616478,-0.92683965,-2.73247,-0.7963485,3.0888197,1.2346174,0.019442767,0.020991746,-0.96900076,-2.1327193,0.72199476,0.22022218,-1.4834267,-2.0882108,0.67475975,0.060767975,-0.014398042,5.5879354e-09,2.3283064e-10,-3.7252903e-09,1.0,-1.489095e-10,-8.781334e-10,-8.472538e-11,0.0,0.0,0.0,0.0,0.0,0.0,0.6525314,0.23013914,0.11006148,0.99998707,-0.002981614,0.0041175676,0.00016655854,0.00044026208,0.00028916344,-0.00027384967,-0.0022114613,0.0043974593,0.00013966896,0.45325282,-0.08085746,0.17433731,0.99934876,-0.035203464,0.0076155555,0.002148258,0.0026384003,-0.14786872,0.51537627,3.3459418,-0.26828328,-0.819924
0.0,0.0,0.2,0.0,0.0,0.0,-1.0,0.6525314,0.23013914,0.11006148,0.45325282,-0.08085746,0.17433731,0.45624846,-0.079658836,0.19445595,0.043760054,0.97462296,-0.003848508,0.21950018,0.60023206,-0.12616478,-0.92683965,-2.73247,-0.7963485,3.0888197,1.2346174,0.019442767,0.020991746,-0.96900076,-2.1327193,0.72199476,0.22022218,-1.4834267,-2.0882108,0.67475975,0.060767975,-0.014398042,0.0,0.0,0.1,0.0,0.0,0.0,0.0,0.0,0.57768273,-0.1972135,-0.90646863,-2.7273378,-0.8199887,3.0161555,1.239898,0.019535584,0.020894196,-0.51585484,-2.0289967,0.53856325,0.14585109,-0.46160525,-2.0679424,-0.103361025,0.080675736,0.002020252,5.5879354e-09,2.3283064e-10,-3.7252903e-09,1.0,-1.489095e-10,-8.781334e-10,-8.472538e-11,0.0,0.0,0.0,0.0,0.0,0.0,0.652531,0.2301463,0.11006236,0.99998695,-0.0030101745,0.0041163396,0.0001679934,0.0013898044,-0.0020077513,-0.0010001851,0.017234659,0.011246916,-0.0024196554,0.45267034,-0.08378399,0.18961798,0.9992382,-0.038655028,0.0053007873,0.0008412429,-0.0019540163,-0.078861065,0.528177,5.351174,0.5129761,-1.6406277
0.0,0.0,0.2,0.0,0.0,0.0,-1.0,0.652531,0.2301463,0.11006236,0.45267034,-0.08378399,0.18961798,0.45568627,-0.0828476,0.20981017,0.045019507,0.9745569,-0.0068824887,0.21946457,0.57768273,-0.1972135,-0.90646863,-2.7273378,-0.8199887,3.0161555,1.239898,0.019535584,0.020894196,-0.51585484,-2.0289967,0.53856325,0.14585109,-0.46160525,-2.0679424,-0.103361025,0.080675736,0.002020252,0.0,0.0,0.1,0.0,0.0,0.0,0.0,0.0,0.5646525,-0.26512313,-0.888296,-2.7224271,-0.8258758,2.9459927,1.2334415,0.019455137,0.020741774,-0.3074361,-1.8983172,0.506745,0.17301321,-0.088227525,-1.9902985,-0.17088866,0.124257505,0.034577467,5.5879354e-09,2.3283064e-10,-3.7252903e-09,1.0,-1.489095e-10,-8.781334e-10,-8.472538e-11,0.0,0.0,0.0,0.0,0.0,0.0,0.65253514,0.23013447,0.11005837,0.9999871,-0.002962247,0.004132485,0.00016574153,0.00024962588,-0.0005525438,-0.00018362835,0.005245668,0.0018072806,-0.0006996295,0.45205396,-0.08551062,0.20503454,0.9992301,-0.037048172,0.0100752115,-0.008061987,-0.021452682,-0.036254287,0.54120344,5.1912336,-1.1448953,4.8215804
0.0,0.0,0.2,0.0,0.0,0.0,-1.0,0.65253514,0.23013447,0.11005837,0.45205396,-0.08551062,0.20503454,0.45520973,-0.08467751,0.22533974,0.045318127,0.9744892,-0.008855969,0.21963271,0.5646525,-0.26512313,-0.888296,-2.7224271,-0.8258758,2.9459927,1.2334415,0.019455137,0.020741774,-0.3074361,-1.8983172,0.506745,0.17301321,-0.088227525,-1.9902985,-0.17088866,0.124257505,0.034577467,0.0,0.0,0.1,0.0,0.0,0.0,0.0,0.0,0.55635905,-0.32805976,-0.87006444,-2.7161324,-0.82291347,2.8786235,1.2225206,0.019453475,0.020734802,-0.199955,-1.7512916,0.51688945,0.22003488,0.116693355,-1.9147233,-0.26329643,0.12337924,0.034631256,5.5879354e-09,2.3283064e-10,-3.7252903e-09,1.0,-1.489095e-10,-8.781334e-10,-8.472538e-11,0.0,0.0,0.0,0.0,0.0,0.0,0.6525314,0.23013914,0.11006153,0.999987,-0.0029814516,0.004117359,0.00016658803,0.00044219865,0.0002876697,-0.0002765831,-0.002192118,0.0044168727,0.00013969204,0.45162654,-0.08649694,0.22049646,0.99923444,-0.0366384,0.0101413,-0.009237798,-0.027241597,-0.014488706,0.5391021,5.3081503,-0.8404411,4.8049793
0.0,0.0,0.2,0.0,0.0,0.0,-1.0,0.6525314,0.23013914,0.11006153,0.45162654,-0.08649694,0.22049646,0.4548043,-0.085731596,0.2408315,0.0453024,0.974447,-0.010051608,0.21977162,0.55635905,-0.32805976,-0.87006444,-2.7161324,-0.82291347,2.8786235,1.2225206,0.019453475,0.020734802,-0.199955,-1.7512916,0.51688945,0.22003488,0.116693355,-1.9147233,-0.26329643,0.12337924,0.034631256,0.0,0.0,0.1,0.0,0.0,0.0,0.0,0.0,0.55082685,-0.38570744,-0.8513642,-2.7079985,-0.8145539,2.8141596,1.2097722,0.019442977,0.020746158,-0.13338482,-1.5993819,0.5317488,0.276257,0.2457502,-1.8319012,-0.3019353,0.121838,0.0350098,5.5879354e-09,2.3283064e-10,-3.7252903e-09,1.0,-1.489095e-10,-8.781334e-10,-8.472538e-11,0.0,0.0,0.0,0.0,0.0,0.0,0.65253097,0.2301463,0.11006243,0.999987,-0.003010269,0.004116353,0.00016799464,0.0013865532,-0.0019970757,-0.0009988109,0.017137386,0.011217224,-0.0024108212,0.45123014,-0.08709673,0.23591402,0.9992408,-0.036279272,0.010165581,-0.009903864,-0.029928422,-0.004328709,0.53642625,5.3715334,-0.86993706,4.75822
0.0,0.0,0.2,0.0,0.0,0.0,-1.0,0.65253097,0.2301463,0.110062435,0.45123014,-0.08709673,0.23591402,0.4544112,-0.08638996,0.2562622,0.04513383,0.974429,-0.01085192,0.2198489,0.55082685,-0.38570744,-0.8513642,-2.7079985,-0.8145539,2.8141596,1.2097722,0.019442977,0.020746158,-0.13338482,-1.5993819,0.5317488,0.276257,0.2457502,-1.8319012,-0.3019353,0.121838,0.0350098,0.0,0.0,0.1,0.0,0.0,0.0,0.0,0.0,0.5472028,-0.43804452,-0.8322654,-2.6978025,-0.8026496,2.752598,1.1964129,0.01942875,0.020764586,-0.08449241,-1.4489303,0.5433604,0.33656397,0.3311368,-1.7521412,-0.31144723,0.12140012,0.035287324,5.5879354e-09,2.3283064e-10,-3.7252903e-09,1.0,-1.489095e-10,-8.781334e-10,-8.472538e-11,0.0,0.0,0.0,0.0,0.0,0.0,0.6525352,0.2301345,0.11005834,0.9999871,-0.002962389,0.0041327,0.0001658087,0.00024918365,-0.0005394819,-0.00017918137,0.005119659,0.0017891043,-0.00070521445,0.45083308,-0.087499715,0.25128344,0.99924934,-0.035871215,0.010211084,-0.010467173,-0.030425021,0.0013214378,0.5349328,5.3763375,-0.8541441,4.772413
0.0,0.0,0.2,0.0,0.0,0.0,-1.0,0.6525352,0.2301345,0.11005834,0.45083308,-0.087499715,0.25128344,0.45401815,-0.08685044,0.2716419,0.044887707,0.97442776,-0.011456817,0.21987326,0.5472028,-0.43804452,-0.8322654,-2.6978025,-0.8026496,2.752598,1.1964129,0.01942875,0.020764586,-0.08449241,-1.4489303,0.5433604,0.33656397,0.3311368,-1.7521412,-0.31144723,0.12140012,0.035287324,0.0,0.0,0.1,0.0,0.0,0.0,0.0,0.0,0.545097,-0.48519275,-0.81295264,-2.6854572,-0.78837836,2.6938477,1.1830676,0.019412372,0.020788604,-0.044156127,-1.30293,0.54938316,0.39817062,0.38768214,-1.6749644,-0.30708572,0.1209669,0.035645578,5.5879354e-09,2.3283064e-10,-3.7252903e-09,1.0,-1.489095e-10,-8.781334e-10,-8.472538e-11,0.0,0.0,0.0,0.0,0.0,0.0,0.6525328,0.23013937,0.110060856,0.99998707,-0.002983224,0.0041234265,0.00016629508,0.0004490698,7.744733e-05,-0.0002204711,0.00012562737,0.004363762,0.00012533125,0.45044056,-0.08778885,0.26661178,0.9992593,-0.035461053,0.010241608,-0.010882286,-0.030884035,0.005196048,0.53379196,5.3774123,-0.84571826,4.774203
0.0,0.0,0.2,0.0,0.0,0.0,-1.0,0.6525328,0.23013937,0.110060856,0.45044056,-0.08778885,0.26661178,0.4536248,-0.08719526,0.28697738,0.04459828,0.9744397,-0.011947632,0.21985313,0.545097,-0.48519275,-0.81295264,-2.6854572,-0.78837836,2.6938477,1.1830676,0.019412372,0.020788604,-0.044156127,-1.30293,0.54938316,0.39817062,0.38768214,-1.6749644,-0.30708572,0.1209669,0.035645578,0.0,0.0,0.1,0.0,0.0,0.0,0.0,0.0,0.54428995,-0.52735204,-0.7936232,-2.6709507,-0.77255386,2.6377676,1.1700641,0.01939292,0.020817902,-0.009136699,-1.1631542,0.5498238,0.45937786,0.42403394,-1.6018759,-0.29551753,0.12048443,0.03604316,5.5879354e-09,2.3283064e-10,-3.7252903e-09,1.0,-1.489095e-10,-8.781334e-10,-8.472538e-11,0.0,0.0,0.0,0.0,0.0,0.0,0.65253097,0.2301463,0.11006237,0.99998695,-0.0030101642,0.0041162395,0.00016805717,0.0013875098,-0.0020068493,-0.0009962987,0.01723779,0.0112387,-0.0024123283,0.45005128,-0.087998524,0.28190258,0.9992695,-0.035049483,0.010303174,-0.011215764,-0.031035364,0.008171061,0.5327617,5.373936,-0.8464483,4.774403
0.0,0.0,0.0,0.0,0.0,0.0,-1.0,0.65253097,0.2301463,0.110062376,0.45005128,-0.087998524,0.28190258,0.4532341,-0.08746134,0.3022744,0.044283725,0.9744619,-0.012358516,0.21979591,0.54428995,-0.52735204,-0.7936232,-2.6709507,-0.77255386,2.6377676,1.1700641,0.01939292,0.020817902,-0.009136699,-1.1631542,0.5498238,0.45937786,0.42403394,-1.6018759,-0.29551753,0.12048443,0.03604316,0.0,0.0,0.0,0.0,0.0,0.0,0.0,0.0,0.54265374,-0.53829294,-0.7909289,-2.663963,-0.77361536,2.6385972,1.1701466,0.019364567,0.020837333,-0.06353201,-0.08158228,0.0009956881,0.05121731,-0.05691269,-0.0514055,0.06938864,0.12364915,0.036004957,5.5879354e-09,2.3283064e-10,-3.7252903e-09,1.0,-1.489095e-10,-8.781334e-10,-8.472538e-11,0.0,0.0,0.0,0.0,0.0,0.0,0.65253514,0.23013449,0.11005843,0.99998707,-0.002962426,0.0041327346,0.00016567632,0.00024855477,-0.0005120426,-0.00017277189,0.0048657916,0.0017497565,-0.0007168323,0.45319563,-0.08916274,0.2894742,0.9993372,-0.03446345,0.0005076961,-0.011705093,-0.01811181,-0.02865225,0.118010625,5.4380217,-1.1271337,4.942212
0.0,0.0,0.0,0.0,0.0,0.0,-1.0,0.65253514,0.23013449,0.11005843,0.45319563,-0.08916274,0.2894742,0.4558468,-0.08866485,0.30990183,0.042930245,0.97257066,-0.013575688,0.22820827,0.54265374,-0.53829294,-0.7909289,-2.663963,-0.77361536,2.6385972,1.1701466,0.019364567,0.020837333,-0.06353201,-0.08158228,0.0009956881,0.05121731,-0.05691269,-0.0514055,0.06938864,0.12364915,0.036004957,0.0,0.0,0.0,0.0,0.0,0.0,0.0,0.0,0.5416613,-0.53915644,-0.791387,-2.6634166,-0.77359766,2.6385558,1.170173,0.019387882,0.02082046,-0.011777665,-0.0041811615,-0.0076049212,0.0047613787,-0.018958077,-0.07537201,0.062752,0.120391816,0.03973675,5.5879354e-09,2.3283064e-10,-3.7252903e-09,1.0,-1.489095e-10,-8.781334e-10,-8.472538e-11,0.0,0.0,0.0,0.0,0.0,0.0,0.6525329,0.23013939,0.110060826,0.999987,-0.002983573,0.004123494,0.00016638193,0.00044952708,7.7566656e-05,-0.00021911044,0.000121283185,0.0043682745,0.00012422648,0.4532328,-0.08986999,0.28992346,0.9993522,-0.033523202,0.000997333,-0.013051392,-0.023082893,0.006952485,0.07451381,5.1683626,-1.1930755,5.049419
0.0,0.0,0.0,0.0,0.0,0.0,-1.0,0.6525329,0.23013939,0.110060826,0.4532328,-0.08986999,0.28992346,0.45589763,-0.08941746,0.310379,0.042830177,0.97244805,-0.014456615,0.228695,0.5416613,-0.53915644,-0.791387,-2.6634166,-0.77359766,2.6385558,1.170173,0.019387882,0.02082046,-0.011777665,-0.0041811615,-0.0076049212,0.0047613787,-0.018958077,-0.07537201,0.062752,0.120391816,0.03973675,0.0,0.0,0.0,0.0,0.0,0.0,0.0,0.0,0.5414324,-0.53899866,-0.7916765,-2.6636946,-0.7734493,2.638455,1.1701764,0.019374246,0.020835204,0.0003003357,0.006205692,-0.0041711875,-0.0017855426,-0.016694376,-0.07563664,0.062016398,0.12053155,0.03929154,5.5879354e-09,2.3283064e-10,-3.7252903e-09,1.0,-1.489095e-10,-8.781334e-10,-8.472538e-11,0.0,0.0,0.0,0.0,0.0,0.0,0.652532,0.230146,0.11006204,0.99998695,-0.0030094327,0.004120206,0.0001675528,0.00079241546,-0.0023312024,-0.000692519,0.02052166,0.0059877806,-0.0021790168,0.45307213,-0.09000053,0.289677,0.99934953,-0.033494942,0.0013862309,-0.013286919,-0.024411831,0.014938826,0.06843918,5.1792135,-1.1514881,5.0649667
0.0,0.2,0.0,0.0,0.0,0.0,-1.0,0.652532,0.230146,0.11006205,0.45307213,-0.09000053,0.289677,0.45575058,-0.089571685,0.3101291,0.042802513,0.972514,-0.01470378,0.22840384,0.5414324,-0.53899866,-0.7916765,-2.6636946,-0.7734493,2.638455,1.1701764,0.019374246,0.020835204,0.0003003357,0.006205692,-0.0041711875,-0.0017855426,-0.016694376,-0.07563664,0.062016398,0.12053155,0.03929154,0.0,0.1,0.0,0.0,0.0,0.0,0.0,0.0,0.53493893,-0.53816164,-0.7663525,-2.6693647,-0.77526957,2.6346717,1.2088294,0.019617574,0.020445533,0.014284906,0.040071256,0.8660843,-0.19426121,-0.0692552,-0.15185615,1.1189907,0.072639,0.029281111,5.5879354e-09,2.3283064e-10,-3.7252903e-09,1.0,-1.489095e-10,-8.781334e-10,-8.472538e-11,0.0,0.0,0.0,0.0,0.0,0.0,0.6525351,0.23013477,0.11005841,0.9999871,-0.0029629902,0.0041328524,0.00016571455,0.00028830578,-0.00054770673,-0.00013757922,0.0049832724,0.0020978835,-0.0008377517,0.45241788,-0.08283835,0.2899074,0.9990366,-0.03621092,0.00031172048,-0.024789525,-0.02533642,0.3930928,0.05574444,3.9036508,-0.7158734,3.600868
0.0,0.2,0.0,0.0,0.0,0.0,-1.0,0.6525351,0.23013477,0.11005841,0.45241788,-0.08283835,0.2899074,0.45494652,-0.08191591,0.31053528,0.042884268,0.9723219,-0.023438096,0.22847661,0.53493893,-0.53816164,-0.7663525,-2.6693647,-0.77526957,2.6346717,1.2088294,0.019617574,0.020445533,0.014284906,0.040071256,0.8660843,-0.19426121,-0.0692552,-0.15185615,1.1189907,0.072639,0.029281111,0.0,0.1,0.0,0.0,0.0,0.0,0.0,0.0,0.53736705,-0.5356118,-0.7354176,-2.6761234,-0.77651244,2.6311197,1.2470951,0.019350313,0.020414876,0.14204788,0.09185009,0.9006395,-0.18525276,-0.03810868,-0.17020547,1.0815408,0.05207529,0.011429815,5.5879354e-09,2.3283064e-10,-3.7252903e-09,1.0,-1.489095e-10,-8.781334e-10,-8.472538e-11,0.0,0.0,0.0,0.0,0.0,0.0,0.6525328,0.23013936,0.110060826,0.99998707,-0.002983299,0.004123594,0.00016634531,0.00044921864,7.649651e-05,-0.00021842592,0.00012851179,0.0043648896,0.00012272867,0.4522433,-0.06893874,0.28958872,0.9985505,-0.04378232,0.0014182321,-0.031273413,-0.0021690316,0.45620522,0.030881304,3.2744262,-0.7828793,2.958558
0.0,0.2,0.0,0.0,0.0,0.0,-1.0,0.6525328,0.23013936,0.110060826,0.4522433,-0.06893874,0.28958872,0.45466784,-0.06789938,0.31054336,0.042844646,0.97228754,-0.024952695,0.22847036,0.53736705,-0.5356118,-0.7354176,-2.6761234,-0.77651244,2.6311197,1.2470951,0.019350313,0.020414876,0.14204788,0.09185009,0.9006395,-0.18525276,-0.03810868,-0.17020547,1.0815408,0.05207529,0.011429815,0.0,0.1,0.0,0.0,0.0,0.0,0.0,0.0,0.54276824,-0.5315071,-0.70440054,-2.6818318,-0.77665144,2.6273348,1.2849456,0.019332295,0.020680046,0.2071219,0.1317547,0.8864524,-0.14522186,-0.010075363,-0.17536756,1.0686094,0.033542916,0.0030268582,5.5879354e-09,2.3283064e-10,-3.7252903e-09,1.0,-1.489095e-10,-8.781334e-10,-8.472538e-11,0.0,0.0,0.0,0.0,0.0,0.0,0.652532,0.23014602,0.11006201,0.999987,-0.0030094183,0.0041201436,0.00016758053,0.00079325883,-0.0023319134,-0.00069366733,0.020524848,0.00599262,-0.0021813232,0.45199618,-0.053679958,0.28911403,0.99824566,-0.047893368,-0.0002482623,-0.034808073,-0.025051422,0.45998347,0.05718742,4.218912,0.11203428,3.2086961
0.0,0.2,0.0,0.0,0.0,0.0,-1.0,0.652532,0.23014602,0.11006202,0.45199618,-0.053679958,0.28911403,0.45437783,-0.052858766,0.31024024,0.042826667,0.97234535,-0.025296688,0.22818951,0.54276824,-0.5315071,-0.70440054,-2.6818318,-0.77665144,2.6273348,1.2849456,0.019332295,0.020680046,0.2071219,0.1317547,0.8864524,-0.14522186,-0.010075363,-0.17536756,1.0686094,0.033542916,0.0030268582,0.0,0.1,0.0,0.0,0.0,0.0,0.0,0.0,0.55001307,-0.5261249,-0.6739791,-2.6859624,-0.7756564,2.6232712,1.322333,0.019250896,0.020773895,0.2545065,0.16731861,0.86707586,-0.09859516,0.021699037,-0.17841643,1.0547445,0.03512883,0.0027294313,5.5879354e-09,2.3283064e-10,-3.7252903e-09,1.0,-1.489095e-10,-8.781334e-10,-8.472538e-11,0.0,0.0,0.0,0.0,0.0,0.0,0.6525351,0.23013479,0.11005839,0.99998707,-0.0029630393,0.004132882,0.00016568616,0.00028698792,-0.00054036255,-0.00013444372,0.0049165166,0.0020755087,-0.0008399239,0.4516993,-0.038353615,0.28873885,0.9982344,-0.04803928,-0.00026143077,-0.03492953,-0.018270086,0.45860097,0.055673033,4.093831,-0.1727283,3.2185597
0.0,0.2,0.0,0.0,0.0,0.0,-1.0,0.6525351,0.23013479,0.1100584,0.4516993,-0.038353615,0.28873885,0.4540743,-0.037633523,0.3098675,0.04282272,0.97242343,-0.025426239,0.22784257,0.55001307,-0.5261249,-0.6739791,-2.6859624,-0.7756564,2.6232712,1.322333,0.019250896,0.020773895,0.2545065,0.16731861,0.86707586,-0.09859516,0.021699037,-0.17841643,1.0547445,0.03512883,0.0027294313,0.0,0.1,0.0,0.0,0.0,0.0,0.0,0.0,0.5587762,-0.51948,-0.64427197,-2.6883848,-0.7735662,2.6189504,1.3591903,0.019198602,0.020835644,0.29554984,0.2036465,0.84696525,-0.049510628,0.052924037,-0.18600306,1.0390885,0.034909215,0.0026734497,5.5879354e-09,2.3283064e-10,-3.7252903e-09,1.0,-1.489095e-10,-8.781334e-10,-8.472538e-11,0.0,0.0,0.0,0.0,0.0,0.0,0.6525328,0.23013937,0.110060856,0.999987,-0.0029835403,0.0041233455,0.00016641433,0.00044945523,7.666682e-05,-0.00021851533,0.00012778495,0.0043673753,0.00012329224,0.45137903,-0.023033768,0.28835702,0.9982356,-0.047962118,0.00017722753,-0.03500474,-0.019744622,0.45950577,0.05593687,4.09972,-0.1409004,3.215088
0.0,0.2,0.0,0.0,0.0,0.0,-1.0,0.6525328,0.23013937,0.110060856,0.45137903,-0.023033768,0.28835702,0.4537695,-0.022376945,0.3094869,0.042827077,0.9725037,-0.025514916,0.227489,0.5587762,-0.51948,-0.64427197,-2.6883848,-0.7735662,2.6189504,1.3591903,0.019198602,0.020835644,0.29554984,0.2036465,0.84696525,-0.049510628,0.052924037,-0.18600306,1.0390885,0.034909215,0.0026734497,0.0,0.1,0.0,0.0,0.0,0.0,0.0,0.0,0.5688784,-0.5115346,-0.6153015,-2.689068,-0.77042514,2.6143885,1.3954483,0.019160904,0.020882972,0.33216384,0.24121161,0.8264572,0.00012795231,0.08235286,-0.1922329,1.0214971,0.034869444,0.0026546214,5.5879354e-09,2.3283064e-10,-3.7252903e-09,1.0,-1.489095e-10,-8.781334e-10,-8.472538e-11,0.0,0.0,0.0,0.0,0.0,0.0,0.65253097,0.23014629,0.11006241,0.99998695,-0.0030099726,0.0041164323,0.00016800927,0.0013855263,-0.0019993167,-0.000995658,0.017168071,0.01122032,-0.0024069117,0.4510628,-0.0077216127,0.28797737,0.9982335,-0.047951456,0.0005231187,-0.03507239,-0.02008286,0.45976582,0.055994302,4.096917,-0.1415063,3.21111
0.0,0.2,0.0,0.0,0.0,0.0,-1.0,0.65253097,0.23014629,0.11006242,0.4510628,-0.007721613,0.28797737,0.45346504,-0.007113477,0.3091078,0.04283554,0.9725836,-0.025594488,0.22713673,0.5688784,-0.5115346,-0.6153015,-2.689068,-0.77042514,2.6143885,1.3954483,0.019160904,0.020882972,0.33216384,0.24121161,0.8264572,0.00012795231,0.08235286,-0.1922329,1.0214971,0.034869444,0.0026546214,0.0,0.1,0.0,0.0,0.0,0.0,0.0,0.0,0.58016264,-0.5022526,-0.5870751,-2.6879976,-0.76629686,2.609594,1.4310398,0.019131346,0.020921974,0.36442247,0.2796882,0.8056671,0.05009501,0.11005576,-0.19833001,1.0020771,0.034599815,0.002849806,5.5879354e-09,2.3283064e-10,-3.7252903e-09,1.0,-1.489095e-10,-8.781334e-10,-8.472538e-11,0.0,0.0,0.0,0.0,0.0,0.0,0.6525352,0.23013452,0.1100584,0.9999871,-0.0029626011,0.0041325944,0.00016579998,0.00025017504,-0.0005261138,-0.00017623542,0.004996537,0.001776283,-0.0007156105,0.45074648,0.007584924,0.28760117,0.99823177,-0.04793578,0.0008824262,-0.035136726,-0.020542905,0.46030888,0.056077853,4.094843,-0.13938646,3.2070522
0.0,0.2,0.0,0.0,0.0,0.0,-1.0,0.6525352,0.23013452,0.1100584,0.45074648,0.007584924,0.28760117,0.45316193,0.008152615,0.3087311,0.042849198,0.9726629,-0.025668785,0.22678675,0.58016264,-0.5022526,-0.5870751,-2.6879976,-0.76629686,2.609594,1.4310398,0.019131346,0.020921974,0.36442247,0.2796882,0.8056671,0.05009501,0.11005576,-0.19833001,1.0020771,0.034599815,0.002849806,0.0,0.1,0.0,0.0,0.0,0.0,0.0,0.0,0.5924744,-0.4916114,-0.5596012,-2.6851664,-0.7612509,2.6045725,1.4658986,0.01910602,0.020956589,0.39235052,0.31863585,0.7845369,0.10018553,0.13577253,-0.20431349,0.98081243,0.034312297,0.0030648294,5.5879354e-09,2.3283064e-10,-3.7252903e-09,1.0,-1.489095e-10,-8.781334e-10,-8.472538e-11,0.0,0.0,0.0,0.0,0.0,0.0,0.6525328,0.23013936,0.11006079,0.99998695,-0.0029833037,0.004123576,0.00016624824,0.00044907042,7.768354e-05,-0.00021820427,0.00011623755,0.004363368,0.00012289314,0.4504316,0.022890197,0.2872269,0.99822956,-0.047928464,0.001237638,-0.035197526,-0.021016465,0.46090233,0.056104578,4.093511,-0.13632795,3.2025812
0.0,0.2,0.0,0.0,0.0,0.0,-1.0,0.6525328,0.23013936,0.110060796,0.4504316,0.022890197,0.2872269,0.45286041,0.023421476,0.30835614,0.042868398,0.97274137,-0.025737986,0.22643831,0.5924744,-0.4916114,-0.5596012,-2.6851664,-0.7612509,2.6045725,1.4658986,0.01910602,0.020956589,0.39235052,0.31863585,0.7845369,0.10018553,0.13577253,-0.20431349,0.98081243,0.034312297,0.0030648294,0.0,0.1,0.0,0.0,0.0,0.0,0.0,0.0,0.60565937,-0.47960466,-0.5328891,-2.6805747,-0.75536275,2.599323,1.4999603,0.019083127,0.020988524,0.41596493,0.35761562,0.7630308,0.15023041,0.15937012,-0.21037298,0.95778924,0.03400344,0.003310748,5.5879354e-09,2.3283064e-10,-3.7252903e-09,1.0,-1.489095e-10,-8.781334e-10,-8.472538e-11,0.0,0.0,0.0,0.0,0.0,0.0,0.6525319,0.23014605,0.11006198,0.99998695,-0.0030095608,0.004120173,0.00016759011,0.0007919595,-0.002331018,-0.00069230667,0.02052038,0.0059834067,-0.002178638,0.45011765,0.038194504,0.28685245,0.99822706,-0.047929455,0.0015909172,-0.035255656,-0.021496106,0.46153736,0.056078307,4.0924873,-0.13352592,3.1980922
0.0,0.2,0.0,0.0,0.0,0.0,-1.0,0.6525319,0.23014605,0.11006199,0.45011765,0.038194504,0.28685245,0.45256048,0.03869301,0.30798188,0.04289332,0.9728192,-0.025802687,0.2260913,0.60565937,-0.47960466,-0.5328891,-2.6805747,-0.75536275,2.599323,1.4999603,0.019083127,0.020988524,0.41596493,0.35761562,0.7630308,0.15023041,0.15937012,-0.21037298,0.95778924,0.03400344,0.003310748,0.0,0.1,0.0,0.0,0.0,0.0,0.0,0.0,0.6195653,-0.46624127,-0.5069487,-2.6742268,-0.74871176,2.5938368,1.5331638,0.01906179,0.021018615,0.4353483,0.3961837,0.7411398,0.20005436,0.18075083,-0.21667269,0.93309295,0.033700943,0.0035436314,5.5879354e-09,2.3283064e-10,-3.7252903e-09,1.0,-1.489095e-10,-8.781334e-10,-8.472538e-11,0.0,0.0,0.0,0.0,0.0,0.0,0.6525351,0.2301348,0.110058464,0.999987,-0.0029631043,0.0041327854,0.00016568384,0.00028441614,-0.00052277616,-0.00013004945,0.004773026,0.002021694,-0.0008435574,0.44980597,0.053498566,0.2864782,0.9982239,-0.0479391,0.0019427427,-0.035311867,-0.022068404,0.4621976,0.056000117,4.093727,-0.1270301,3.1931612
0.0,0.2,0.0,0.0,0.0,0.0,-1.0,0.6525351,0.2301348,0.11005847,0.44980597,0.053498566,0.2864782,0.45226294,0.05396605,0.30760813,0.042924955,0.97289664,-0.02586402,0.22574519,0.6195653,-0.46624127,-0.5069487,-2.6742268,-0.74871176,2.5938368,1.5331638,0.01906179,0.021018615,0.4353483,0.3961837,0.7411398,0.20005436,0.18075083,-0.21667269,0.93309295,0.033700943,0.0035436314,0.0,0.1,0.0,0.0,0.0,0.0,0.0,0.0,0.63404465,-0.45154443,-0.4817891,-2.6661353,-0.74137926,2.588103,1.5654514,0.019041525,0.021047302,0.45065728,0.4339564,0.7188756,0.24949639,0.19986099,-0.2233094,0.90685236,0.033449627,0.0037352399,5.5879354e-09,2.3283064e-10,-3.7252903e-09,1.0,-1.489095e-10,-8.781334e-10,-8.472538e-11,0.0,0.0,0.0,0.0,0.0,0.0,0.6525328,0.23013936,0.11006082,0.999987,-0.002983266,0.004123576,0.00016627023,0.0004476791,7.796433e-05,-0.00021907505,0.00011462628,0.0043496406,0.00012378962,0.4494962,0.06880309,0.28610286,0.99822044,-0.047957487,0.0022941353,-0.03536554,-0.02262551,0.4627916,0.055866834,4.094262,-0.122106016,3.188025
0.0,0.2,0.0,0.0,0.0,0.0,-1.0,0.6525328,0.23013936,0.110060826,0.4494962,0.06880309,0.28610286,0.4519677,0.069241405,0.30723295,0.042963833,0.97297347,-0.02592042,0.22539929,0.63404465,-0.45154443,-0.4817891,-2.6661353,-0.74137926,2.588103,1.5654514,0.019041525,0.021047302,0.45065728,0.4339564,0.7188756,0.24949639,0.19986099,-0.2233094,0.90685236,0.033449627,0.0037352399,0.0,0.1,0.0,0.0,0.0,0.0,0.0,0.0,0.64895666,-0.4355501,-0.45741862,-2.656317,-0.73344785,2.5821052,1.5967715,0.019022217,0.021074653,0.4620944,0.47059005,0.6962772,0.2984133,0.21668862,-0.23042265,0.87922066,0.033212207,0.0039143534,5.5879354e-09,2.3283064e-10,-3.7252903e-09,1.0,-1.489095e-10,-8.781334e-10,-8.472538e-11,0.0,0.0,0.0,0.0,0.0,0.0,0.652531,0.23014629,0.110062405,0.999987,-0.003010231,0.0041164155,0.00016800361,0.0013879987,-0.0020076327,-0.000996661,0.01724415,0.011243059,-0.0024136244,0.4491888,0.08410649,0.285725,0.99821633,-0.04798578,0.002644779,-0.03541809,-0.023233244,0.46336055,0.055680215,4.096171,-0.11544686,3.182659
0.0,0.2,0.0,0.0,0.0,0.0,-1.0,0.652531,0.23014629,0.110062405,0.4491888,0.08410649,0.285725,0.4516747,0.08451772,0.30685532,0.04301109,0.97305024,-0.025973395,0.22505274,0.64895666,-0.4355501,-0.45741862,-2.656317,-0.73344785,2.5821052,1.5967715,0.019022217,0.021074653,0.4620944,0.47059005,0.6962772,0.2984133,0.21668862,-0.23042265,0.87922066,0.033212207,0.0039143534,0.0,0.1,0.0,0.0,0.0,0.0,0.0,0.0,0.66416913,-0.41830498,-0.4338433,-2.6447928,-0.7249991,2.5758226,1.6270791,0.019003794,0.021100746,0.4699194,0.50579375,0.6734074,0.3466751,0.23125628,-0.23809987,0.850383,0.033000953,0.004071453,5.5879354e-09,2.3283064e-10,-3.7252903e-09,1.0,-1.489095e-10,-8.781334e-10,-8.472538e-11,0.0,0.0,0.0,0.0,0.0,0.0,0.65253514,0.23013449,0.11005838,0.9999872,-0.0029622589,0.004132769,0.00016569813,0.00025026535,-0.0005273932,-0.00017669177,0.0050087846,0.0017782133,-0.0007154644,0.44888347,0.09940802,0.28534296,0.9982117,-0.04802439,0.002997229,-0.035470262,-0.023852887,0.46386507,0.055443287,4.0981355,-0.109016605,3.1771092
0.0,0.2,0.0,0.0,0.0,0.0,-1.0,0.65253514,0.23013449,0.11005838,0.44888347,0.09940802,0.28534296,0.45138416,0.09979386,0.30647394,0.043067433,0.9731269,-0.026023433,0.22470462,0.66416913,-0.41830498,-0.4338433,-2.6447928,-0.7249991,2.5758226,1.6270791,0.019003794,0.021100746,0.4699194,0.50579375,0.6734074,0.3466751,0.23125628,-0.23809987,0.850383,0.033000953,0.004071453,0.0,0.1,0.0,0.0,0.0,0.0,0.0,0.0,0.6795605,-0.39986473,-0.41106635,-2.631587,-0.7161137,2.5692332,1.6563358,0.018986195,0.021125594,0.47443324,0.5393364,0.6503404,0.39417127,0.24360546,-0.24640544,0.82052916,0.032839287,0.004180427,5.5879354e-09,2.3283064e-10,-3.7252903e-09,1.0,-1.489095e-10,-8.781334e-10,-8.472538e-11,0.0,0.0,0.0,0.0,0.0,0.0,0.6525329,0.23013936,0.11006086,0.999987,-0.0029834087,0.004123429,0.00016640082,0.00044966646,7.681007e-05,-0.00021990766,0.00013135215,0.004369951,0.00012458896,0.44858092,0.11470726,0.28495678,0.99820626,-0.0480739,0.0033509308,-0.0355218,-0.024502628,0.46427685,0.05516046,4.1006584,-0.10173239,3.1711853
0.0,0.2,0.0,0.0,0.0,0.0,-1.0,0.6525329,0.23013936,0.11006087,0.44858092,0.11470726,0.28495678,0.45109645,0.11506987,0.30608836,0.04313334,0.97320324,-0.026070446,0.22435546,0.6795605,-0.39986473,-0.41106635,-2.631587,-0.7161137,2.5692332,1.6563358,0.018986195,0.021125594,0.47443324,0.5393364,0.6503404,0.39417127,0.24360546,-0.24640544,0.82052916,0.032839287,0.004180427,0.0,0.1,0.0,0.0,0.0,0.0,0.0,0.0,0.6950201,-0.38029146,-0.3890883,-2.6167285,-0.70686984,2.5623124,1.6845113,0.018969456,0.021149173,0.4759574,0.57106864,0.62716335,0.44082588,0.25380465,-0.2553809,0.78990215,0.03269777,0.0042773574,5.5879354e-09,2.3283064e-10,-3.7252903e-09,1.0,-1.489095e-10,-8.781334e-10,-8.472538e-11,0.0,0.0,0.0,0.0,0.0,0.0,0.65253097,0.23014629,0.11006238,0.99998695,-0.003010075,0.004116312,0.00016801398,0.001386122,-0.0019964569,-0.0009955025,0.017140763,0.011229947,-0.0024054993,0.4482809,0.13000283,0.2845648,0.9982002,-0.048134264,0.0037061577,-0.035575133,-0.025132058,0.4646006,0.054833822,4.102819,-0.09563162,3.1651618
0.0,0.2,0.0,0.0,0.0,0.0,-1.0,0.65253097,0.23014629,0.11006239,0.4482809,0.13000283,0.2845648,0.45081177,0.13034452,0.3056969,0.043209568,0.9732796,-0.026115313,0.22400416,0.6950201,-0.38029146,-0.3890883,-2.6167285,-0.70686984,2.5623124,1.6845113,0.018969456,0.021149173,0.4759574,0.57106864,0.62716335,0.44082588,0.25380465,-0.2553809,0.78990215,0.03269777,0.0042773574,0.0,0.1,0.0,0.0,0.0,0.0,0.0,0.0,0.71044964,-0.35965133,-0.36790648,-2.600248,-0.69734216,2.5550349,1.711583,0.018953545,0.021171516,0.47484013,0.6008841,0.6039651,0.48657843,0.26194713,-0.26506457,0.7587124,0.032592062,0.0043390794,5.5879354e-09,2.3283064e-10,-3.7252903e-09,1.0,-1.489095e-10,-8.781334e-10,-8.472538e-11,0.0,0.0,0.0,0.0,0.0,0.0,0.65253514,0.23013446,0.110058285,0.99998707,-0.0029619262,0.004132698,0.00016570796,0.0002477062,-0.00056493474,-0.00018758667,0.0053643733,0.0018128242,-0.00068595447,0.44798428,0.14529437,0.28416672,0.9981935,-0.048206005,0.004062845,-0.035628732,-0.02577527,0.46482038,0.05447006,4.1053925,-0.0888778,3.1588197
0.0,0.2,0.0,0.0,0.0,0.0,-1.0,0.65253514,0.23013446,0.11005829,0.44798428,0.14529437,0.28416672,0.4505303,0.14561667,0.30529988,0.04329598,0.97335577,-0.026158929,0.22365114,0.71044964,-0.35965133,-0.36790648,-2.600248,-0.69734216,2.5550349,1.711583,0.018953545,0.021171516,0.47484013,0.6008841,0.6039651,0.48657843,0.26194713,-0.26506457,0.7587124,0.032592062,0.0043390794,0.0,0.1,0.0,0.0,0.0,0.0,0.0,0.0,0.7257636,-0.3380128,-0.34751526,-2.5821767,-0.68760204,2.5473733,1.7375364,0.018938461,0.021192597,0.47142908,0.628741,0.5808333,0.5313904,0.26814038,-0.27546608,0.7271766,0.03250624,0.0043812385,5.5879354e-09,2.3283064e-10,-3.7252903e-09,1.0,-1.489095e-10,-8.781334e-10,-8.472538e-11,0.0,0.0,0.0,0.0,0.0,0.0,0.6525314,0.23013915,0.11006145,0.999987,-0.002981625,0.0041174903,0.0001665192,0.00044166454,0.00028726755,-0.00027318354,-0.0021941303,0.004410742,0.00013810469,0.44769162,0.16057979,0.28376254,0.99818593,-0.048288625,0.004421441,-0.035686314,-0.026429633,0.46494454,0.054076515,4.1085067,-0.08135897,3.152216
0.0,0.2,0.0,0.0,0.0,0.0,-1.0,0.6525314,0.23013915,0.11006145,0.44769162,0.16057979,0.28376254,0.45025277,0.16088508,0.30489624,0.043393314,0.97343177,-0.026202172,0.22329587,0.7257636,-0.3380128,-0.34751526,-2.5821767,-0.68760204,2.5473733,1.7375364,0.018938461,0.021192597,0.47142908,0.628741,0.5808333,0.5313904,0.26814038,-0.27546608,0.7271766,0.03250624,0.0043812385,0.0,0.1,0.0,0.0,0.0,0.0,0.0,0.0,0.74088955,-0.3154442,-0.32790646,-2.562547,-0.67771673,2.5393012,1.762365,0.01892421,0.021212516,0.46608257,0.65466464,0.5578482,0.5752573,0.27251214,-0.28654796,0.69552475,0.032449815,0.0044047567,5.5879354e-09,2.3283064e-10,-3.7252903e-09,1.0,-1.489095e-10,-8.781334e-10,-8.472538e-11,0.0,0.0,0.0,0.0,0.0,0.0,0.65253097,0.23014632,0.110062376,0.99998695,-0.0030104043,0.0041163163,0.00016800217,0.0013861265,-0.0019962185,-0.0009985566,0.017129324,0.011213425,-0.002410167,0.4474027,0.17585903,0.28335094,0.9981776,-0.048382673,0.0047827107,-0.035745174,-0.027019963,0.46494198,0.053657018,4.1103873,-0.07630712,3.145593
0.0,0.2,0.0,0.0,0.0,0.0,-1.0,0.65253097,0.23014632,0.110062376,0.4474027,0.17585903,0.28335094,0.44997925,0.17614917,0.30448544,0.04350256,0.9735075,-0.026244402,0.22293895,0.74088955,-0.3154442,-0.32790646,-2.562547,-0.67771673,2.5393012,1.762365,0.01892421,0.021212516,0.46608257,0.65466464,0.5578482,0.5752573,0.27251214,-0.28654796,0.69552475,0.032449815,0.0044047567,0.0,0.1,0.0,0.0,0.0,0.0,0.0,0.0,0.7557669,-0.2920122,-0.30906904,-2.5413902,-0.66774845,2.5307941,1.7860698,0.01891071,0.021231271,0.45912686,0.67871416,0.5350954,0.61819464,0.27517223,-0.29830587,0.66394514,0.03241645,0.00440268,5.5879354e-09,2.3283064e-10,-3.7252903e-09,1.0,-1.489095e-10,-8.781334e-10,-8.472538e-11,0.0,0.0,0.0,0.0,0.0,0.0,0.65253514,0.23013449,0.110058434,0.99998707,-0.0029624992,0.004132693,0.00016566829,0.000248144,-0.00051104825,-0.00017287105,0.004857955,0.0017457753,-0.00071585376,0.44711837,0.19113098,0.28293186,0.99816835,-0.04848851,0.005145492,-0.03580789,-0.02759338,0.46482337,0.053217,4.112358,-0.07090099,3.13866
0.0,0.2,0.0,0.0,0.0,0.0,-1.0,0.65253514,0.23013449,0.11005844,0.44711837,0.19113098,0.28293186,0.4497108,0.19140801,0.30406755,0.043622553,0.9735829,-0.026287228,0.222581,0.7557669,-0.2920122,-0.30906904,-2.5413902,-0.66774845,2.5307941,1.7860698,0.01891071,0.021231271,0.45912686,0.67871416,0.5350954,0.61819464,0.27517223,-0.29830587,0.66394514,0.03241645,0.00440268,0.0,0.1,0.0,0.0,0.0,0.0,0.0,0.0,0.7703481,-0.2677803,-0.2909903,-2.5187383,-0.65775496,2.5218275,1.8086585,0.018897945,0.021248898,0.45088038,0.70099586,0.51264244,0.66023517,0.27626246,-0.31068212,0.6326319,0.032398824,0.004394043,5.5879354e-09,2.3283064e-10,-3.7252903e-09,1.0,-1.489095e-10,-8.781334e-10,-8.472538e-11,0.0,0.0,0.0,0.0,0.0,0.0,0.6525314,0.23013912,0.110061504,0.999987,-0.0029815435,0.0041174754,0.00016654033,0.00043863998,0.00028920628,-0.0002723577,-0.0022125577,0.0043810466,0.00014025712,0.44683927,0.2063947,0.2825055,0.99815834,-0.04860535,0.0055085784,-0.035873856,-0.028094733,0.46458593,0.052760027,4.113664,-0.0672728,3.131728
0.0,0.2,0.0,0.0,0.0,0.0,-1.0,0.6525314,0.23013912,0.11006151,0.44683927,0.2063947,0.2825055,0.4494465,0.2066605,0.3036411,0.043754146,0.97365814,-0.026330248,0.22222067,0.7703481,-0.2677803,-0.2909903,-2.5187383,-0.65775496,2.5218275,1.8086585,0.018897945,0.021248898,0.45088038,0.70099586,0.51264244,0.66023517,0.27626246,-0.31068212,0.6326319,0.032398824,0.004394043,0.0,0.1,0.0,0.0,0.0,0.0,0.0,0.0,0.78459644,-0.24280757,-0.27365604,-2.4946184,-0.64778847,2.5123785,1.830144,0.018885892,0.021265488,0.44163346,0.72162986,0.4905552,0.70142376,0.27595696,-0.32367456,0.6017069,0.032395635,0.0043666586,5.5879354e-09,2.3283064e-10,-3.7252903e-09,1.0,-1.489095e-10,-8.781334e-10,-8.472538e-11,0.0,0.0,0.0,0.0,0.0,0.0,0.652531,0.2301463,0.110062346,0.99998695,-0.0030101193,0.004116488,0.00016795278,0.0013868648,-0.0020003486,-0.000998735,0.017167645,0.011220426,-0.0024131427,0.44656554,0.22164987,0.28207147,0.9981476,-0.048731174,0.0058756955,-0.03594437,-0.028596072,0.46424624,0.05230031,4.1152887,-0.062434718,3.124457
0.0,0.0,0.0,0.0,0.0,0.0,-1.0,0.652531,0.2301463,0.110062346,0.44656554,0.22164987,0.28207147,0.44918853,0.2219062,0.30320826,0.043896705,0.9737327,-0.026375175,0.22186035,0.78459644,-0.24280757,-0.27365604,-2.4946184,-0.64778847,2.5123785,1.830144,0.018885892,0.021265488,0.44163346,0.72162986,0.4905552,0.70142376,0.27595696,-0.32367456,0.6017069,0.032395635,0.0043666586,0.0,0.0,0.0,0.0,0.0,0.0,0.0,0.0,0.7995682,-0.23686899,-0.26850146,-2.4919837,-0.6479039,2.5134234,1.8301021,0.01862467,0.021535095,0.2949665,0.023911031,0.08343354,-0.043424957,-0.0071618063,-0.055973157,0.01512639,0.033308476,0.001673825,5.5879354e-09,2.3283064e-10,-3.7252903e-09,1.0,-1.489095e-10,-8.781334e-10,-8.472538e-11,0.0,0.0,0.0,0.0,0.0,0.0,0.6525352,0.23013452,0.110058375,0.9999872,-0.0029624244,0.004132879,0.00016576977,0.00025052796,-0.0005275556,-0.0001775822,0.005012813,0.0017828975,-0.00071299716,0.4429302,0.23114838,0.28087556,0.9983929,-0.05030605,0.0058413404,-0.025429968,-0.11734471,0.1647157,0.03630854,4.2289653,0.316146,3.3651967
0.0,0.0,0.0,0.0,0.0,0.0,-1.0,0.6525352,0.23013452,0.11005838,0.4429302,0.23114838,0.28087556,0.4454864,0.23128156,0.30199373,0.043138146,0.9739311,-0.016113847,0.22212094,0.7995682,-0.23686899,-0.26850146,-2.4919837,-0.6479039,2.5134234,1.8301021,0.01862467,0.021535095,0.2949665,0.023911031,0.08343354,-0.043424957,-0.0071618063,-0.055973157,0.01512639,0.033308476,0.001673825,0.0,0.0,0.0,0.0,0.0,0.0,0.0,0.0,0.8057845,-0.23599866,-0.26649407,-2.492868,-0.64792335,2.5136583,1.8300759,0.018657666,0.021493677,0.123762086,0.018763894,0.031111052,-0.012306404,0.0016076113,-0.058323987,0.016101416,0.03583756,0.0014872563,5.5879354e-09,2.3283064e-10,-3.7252903e-09,1.0,-1.489095e-10,-8.781334e-10,-8.472538e-11,0.0,0.0,0.0,0.0,0.0,0.0,0.6525329,0.23013937,0.110060826,0.99998707,-0.0029835394,0.004123518,0.00016631545,0.0004489933,7.800694e-05,-0.00021856748,0.0001144592,0.0043628,0.0001234552,0.44073886,0.23456924,0.28013238,0.99845976,-0.050775968,0.0062463083,-0.021466298,-0.0440775,0.06749386,0.054153174,3.9154348,-0.21167134,3.2376494
0.0,0.0,0.0,0.0,0.0,0.0,-1.0,0.6525329,0.23013937,0.110060826,0.44073886,0.23456924,0.28013238,0.44330716,0.23478583,0.30124518,0.042827882,0.97406226,-0.011885926,0.22187212,0.8057845,-0.23599866,-0.26649407,-2.492868,-0.64792335,2.5136583,1.8300759,0.018657666,0.021493677,0.123762086,0.018763894,0.031111052,-0.012306404,0.0016076113,-0.058323987,0.016101416,0.03583756,0.0014872563,0.0,0.0,0.0,0.0,0.0,0.0,0.0,0.0,0.8082844,-0.23541906,-0.26570448,-2.4933915,-0.6478623,2.5137334,1.8300664,0.018725129,0.021426106,0.052869067,0.013589435,0.010756768,-0.008546044,0.004006883,-0.06229542,0.015674248,0.03575304,0.0012569479,5.5879354e-09,2.3283064e-10,-3.7252903e-09,1.0,-1.489095e-10,-8.781334e-10,-8.472538e-11,0.0,0.0,0.0,0.0,0.0,0.0,0.652531,0.23014626,0.11006239,0.99998695,-0.0030102208,0.0041162465,0.00016806534,0.0013888099,-0.0020101946,-0.0009969273,0.017266784,0.011251059,-0.0024159956,0.43979004,0.23582008,0.2796427,0.9984686,-0.051242277,0.0062886067,-0.019878728,-0.02463472,0.028753722,0.057765022,3.991299,-0.086145684,3.115867
0.0,0.0,0.0,0.0,0.0,0.0,-1.0,0.652531,0.23014626,0.11006239,0.43979004,0.23582008,0.2796427,0.44236407,0.2361474,0.30074793,0.04281985,0.9741429,-0.010182619,0.22160426,0.8082844,-0.23541906,-0.26570448,-2.4933915,-0.6478623,2.5137334,1.8300664,0.018725129,0.021426106,0.052869067,0.013589435,0.010756768,-0.008546044,0.004006883,-0.06229542,0.015674248,0.03575304,0.0012569479,0.0,0.0,0.0,0.0,0.0,0.0,0.0,0.0,0.8092761,-0.2349415,-0.26541162,-2.493845,-0.6477576,2.513734,1.8300631,0.01877963,0.021371558,0.0242322,0.012330271,0.002473684,-0.0072382865,0.0050120507,-0.063466154,0.015671793,0.035170857,0.0020049412,5.5879354e-09,2.3283064e-10,-3.7252903e-09,1.0,-1.489095e-10,-8.781334e-10,-8.472538e-11,0.0,0.0,0.0,0.0,0.0,0.0,0.65253514,0.2301345,0.11005835,0.9999871,-0.0029624563,0.004132673,0.00016578619,0.0002498444,-0.0005409077,-0.00017807583,0.0051279454,0.0017949402,-0.0007077355,0.43931687,0.23622586,0.27920744,0.99846256,-0.051560406,0.0065257666,-0.019270955,-0.01551133,0.013393959,0.058774177,3.991233,-0.096864566,3.0679243
0.0,0.0,0.0,0.0,0.0,0.0,-1.0,0.65253514,0.2301345,0.11005835,0.43931687,0.23622586,0.27920744,0.44190395,0.2366288,0.30030695,0.042960465,0.97421557,-0.009500906,0.2212871,0.8092761,-0.2349415,-0.26541162,-2.493845,-0.6477576,2.513734,1.8300631,0.01877963,0.021371558,0.0242322,0.012330271,0.002473684,-0.0072382865,0.0050120507,-0.063466154,0.015671793,0.035170857,0.0020049412,0.0,0.0,0.0,0.0,0.0,0.0,0.0,0.0,0.8096577,-0.23449296,-0.2653198,-2.494274,-0.64763516,2.513705,1.8300619,0.018815676,0.021335639,0.01265279,0.011953595,-0.0008760154,-0.0067650876,0.005502461,-0.064012274,0.015645748,0.034642454,0.0025513708,5.5879354e-09,2.3283064e-10,-3.7252903e-09,1.0,-1.489095e-10,-8.781334e-10,-8.472538e-11,0.0,0.0,0.0,0.0,0.0,0.0,0.6525329,0.23013934,0.11006081,0.99998707,-0.0029830798,0.0041236067,0.00016630664,0.00044881259,7.729285e-05,-0.00022063781,0.00012724719,0.0043611545,0.0001254223,0.43903574,0.23630057,0.27878585,0.9984505,-0.051829893,0.006848106,-0.019060774,-0.012026513,0.007521449,0.059078388,3.9959202,-0.09127458,3.0459886
0.0,0.0,0.0,0.0,0.0,0.0,-1.0,0.6525329,0.23013934,0.11006081,0.43903574,0.23630057,0.27878585,0.44163865,0.23675407,0.29988065,0.043166593,0.974287,-0.009230286,0.22094415,0.8096577,-0.23449296,-0.2653198,-2.494274,-0.64763516,2.513705,1.8300619,0.018815676,0.021335639,0.01265279,0.011953595,-0.0008760154,-0.0067650876,0.005502461,-0.064012274,0.015645748,0.034642454,0.0025513708,0.0,0.0,0.0,0.0,0.0,0.0,0.0,0.0,0.8097931,-0.23405395,-0.265309,-2.4946942,-0.64750504,2.5136633,1.8300617,0.018837225,0.021314126,0.007983834,0.011826712,-0.0022249664,-0.0065842317,0.0056996057,-0.06421774,0.015645802,0.034291357,0.0029122182,5.5879354e-09,2.3283064e-10,-3.7252903e-09,1.0,-1.489095e-10,-8.781334e-10,-8.472538e-11,0.0,0.0,0.0,0.0,0.0,0.0,0.65253097,0.23014629,0.11006234,0.99998695,-0.0030102613,0.0041162805,0.00016797755,0.0013852688,-0.0020025242,-0.000994829,0.017200025,0.011220066,-0.0024077469,0.43883288,0.23624867,0.27836797,0.9984357,-0.052084576,0.007196959,-0.019011974,-0.010591287,0.005307809,0.059179533,3.9990056,-0.08867362,3.0353506
0.0,0.0,0.0,0.0,0.0,0.0,-1.0,0.65253097,0.23014629,0.110062346,0.43883288,0.23624867,0.27836797,0.44145164,0.23673505,0.29945877,0.043400362,0.974358,-0.009126201,0.2205895,0.8097931,-0.23405395,-0.265309,-2.4946942,-0.64750504,2.5136633,1.8300617,0.018837225,0.021314126,0.007983834,0.011826712,-0.0022249664,-0.0065842317,0.0056996057,-0.06421774,0.015645802,0.034291357,0.0029122182,0.0,0.0,0.0,0.0,0.0,0.0,0.0,0.0,0.8098293,-0.23361847,-0.26533097,-2.495111,-0.6473718,2.5136182,1.8300617,0.018849423,0.021301959,0.006109603,0.011775909,-0.0027691657,-0.0065140747,0.0057841414,-0.06429259,0.01565434,0.03408983,0.0031215094,5.5879354e-09,2.3283064e-10,-3.7252903e-09,1.0,-1.489095e-10,-8.781334e-10,-8.472538e-11,0.0,0.0,0.0,0.0,0.0,0.0,0.65253514,0.23013446,0.11005832,0.99998707,-0.002962109,0.004132717,0.00016570273,0.00024982495,-0.00057031366,-0.00018652194,0.005406015,0.0018338372,-0.00069048314,0.4386611,0.23614961,0.2779512,0.9984198,-0.05233172,0.0075594117,-0.01902787,-0.009977769,0.0044961316,0.05922726,4.000824,-0.0881495,3.0293462
0.0,0.0,0.0,0.0,0.0,0.0,-1.0,0.65253514,0.23013446,0.11005832,0.4386611,0.23614961,0.2779512,0.44129592,0.23665841,0.299039,0.043644756,0.97442853,-0.0090881735,0.22023049,0.8098293,-0.23361847,-0.26533097,-2.495111,-0.6473718,2.5136182,1.8300617,0.018849423,0.021301959,0.006109603,0.011775909,-0.0027691657,-0.0065140747,0.0057841414,-0.06429259,0.01565434,0.03408983,0.0031215094,0.0,0.0,0.0,0.0,0.0,0.0,0.0,0.0,0.8098258,-0.23318444,-0.265366,-2.4955266,-0.6472375,2.5135708,1.8300617,0.018856071,0.021295285,0.005356612,0.011754101,-0.0029873047,-0.0064813937,0.005821407,-0.06432474,0.015664535,0.033967372,0.0032457532,5.5879354e-09,2.3283064e-10,-3.7252903e-09,1.0,-1.489095e-10,-8.781334e-10,-8.472538e-11,0.0,0.0,0.0,0.0,0.0,0.0,0.6525328,0.23013934,0.11006082,0.999987,-0.002983345,0.004123516,0.00016632855,0.00044924262,7.716025e-05,-0.00021793046,0.00011929032,0.0043644374,0.000121790144,0.4385019,0.23603295,0.27753517,0.9984033,-0.052575212,0.007926834,-0.01907009,-0.009711582,0.0042325603,0.059257094,4.0027804,-0.08742165,3.025234
0.0,0.0,0.0,0.0,0.0,0.0,-1.0,0.6525328,0.23013934,0.110060826,0.4385019,0.23603295,0.27753517,0.44115263,0.23655806,0.29862005,0.043893725,0.9744991,-0.009077251,0.21986943,0.8098258,-0.23318444,-0.265366,-2.4955266,-0.6472375,2.5135708,1.8300617,0.018856071,0.021295285,0.005356612,0.011754101,-0.0029873047,-0.0064813937,0.005821407,-0.06432474,0.015664535,0.033967372,0.0032457532,0.0,0.0,0.0,0.0,0.0,0.0,0.0,0.0,0.8098059,-0.23275107,-0.26540616,-2.4959414,-0.6471028,2.513523,1.8300618,0.018859558,0.021291798,0.0050572013,0.011740835,-0.0030751023,-0.006468002,0.005839131,-0.064333186,0.015676524,0.03390449,0.003310842,5.5879354e-09,2.3283064e-10,-3.7252903e-09,1.0,-1.489095e-10,-8.781334e-10,-8.472538e-11,0.0,0.0,0.0,0.0,0.0,0.0,0.652532,0.23014604,0.11006199,0.99998695,-0.0030096343,0.004120163,0.0001675979,0.0007924909,-0.002329902,-0.0006934699,0.020505222,0.005985162,-0.0021800955,0.43834752,0.23591009,0.277119,0.9983865,-0.05281845,0.00829561,-0.019122591,-0.009572922,0.0041576903,0.059280884,4.004338,-0.08735885,3.0218735
0.0,0.0,0.0,0.0,0.0,0.0,-1.0,0.652532,0.23014604,0.11006199,0.43834752,0.23591009,0.277119,0.44101402,0.23644839,0.29820156,0.044144258,0.9745693,-0.009076968,0.21950744,0.8098059,-0.23275107,-0.26540616,-2.4959414,-0.6471028,2.513523,1.8300618,0.018859558,0.021291798,0.0050572013,0.011740835,-0.0030751023,-0.006468002,0.005839131,-0.064333186,0.015676524,0.03390449,0.003310842,0.0,0.0,0.0,0.0,0.0,0.0,0.0,0.0,0.8097799,-0.23231809,-0.2654485,-2.4963558,-0.64696777,2.5134752,1.8300619,0.018861309,0.021290043,0.004939015,0.011728678,-0.003110942,-0.0064617284,0.005857749,-0.064349174,0.015678588,0.03386786,0.0033463887,5.5879354e-09,2.3283064e-10,-3.7252903e-09,1.0,-1.489095e-10,-8.781334e-10,-8.472538e-11,0.0,0.0,0.0,0.0,0.0,0.0,0.6525351,0.23013477,0.110058464,0.99998707,-0.0029631564,0.0041324147,0.00016578464,0.0002838905,-0.00052821555,-0.00013321562,0.0048283073,0.0020244988,-0.0008392306,0.4381951,0.23578514,0.2767036,0.9983694,-0.05306043,0.008665756,-0.019179095,-0.009513394,0.004163037,0.059305947,4.0063853,-0.086335756,3.0187755
0.0,0.0,0.0,0.0,0.0,0.0,-1.0,0.6525351,0.23013477,0.11005847,0.4381951,0.23578514,0.2767036,0.4408773,0.23633496,0.2977835,0.04439524,0.9746394,-0.009080857,0.21914542,0.8097799,-0.23231809,-0.2654485,-2.4963558,-0.64696777,2.5134752,1.8300619,0.018861309,0.021290043,0.004939015,0.011728678,-0.003110942,-0.0064617284,0.005857749,-0.064349174,0.015678588,0.03386786,0.0033463887,0.0,0.0,0.0,0.0,0.0,0.0,0.0,0.0,0.8097515,-0.23188545,-0.26549163,-2.4967697,-0.64683264,2.5134284,1.8300618,0.018862108,0.021289218,0.0048922864,0.01171927,-0.0031247013,-0.006458473,0.0058648675,-0.06435763,0.015686695,0.03384844,0.0033660133,5.5879354e-09,2.3283064e-10,-3.7252903e-09,1.0,-1.489095e-10,-8.781334e-10,-8.472538e-11,0.0,0.0,0.0,0.0,0.0,0.0,0.6525314,0.23013914,0.11006149,0.999987,-0.0029815696,0.0041175056,0.00016662318,0.00043806463,0.000288643,-0.00027523687,-0.0021999537,0.0043754485,0.00014216767,0.43804333,0.23565967,0.27628842,0.99835217,-0.053302024,0.0090357615,-0.019237584,-0.009468275,0.0041895593,0.05933032,4.008252,-0.085699745,3.0158267
0.0,0.0,0.0,0.0,0.0,0.0,-1.0,0.6525314,0.23013914,0.1100615,0.43804333,0.23565967,0.27628842,0.44074133,0.23622017,0.2973665,0.044645682,0.97470903,-0.009086564,0.21878405,0.8097515,-0.23188545,-0.26549163,-2.4967697,-0.64683264,2.5134284,1.8300618,0.018862108,0.021289218,0.0048922864,0.01171927,-0.0031247013,-0.006458473,0.0058648675,-0.06435763,0.015686695,0.03384844,0.0033660133,0.0,0.0,0.0,0.0,0.0,0.0,0.0,0.0,0.80972224,-0.23145296,-0.26553506,-2.497183,-0.6466975,2.513382,1.8300617,0.018862434,0.0212889,0.004877506,0.011710548,-0.0031315514,-0.006454581,0.005872872,-0.06436025,0.015691558,0.033845115,0.0033702157,5.5879354e-09,2.3283064e-10,-3.7252903e-09,1.0,-1.489095e-10,-8.781334e-10,-8.472538e-11,0.0,0.0,0.0,0.0,0.0,0.0,0.652531,0.23014629,0.11006242,0.999987,-0.0030100541,0.0041165166,0.00016799764,0.0013884434,-0.0020012634,-0.0009998889,0.017174272,0.011233815,-0.0024152084,0.4378917,0.2355345,0.2758742,0.99833477,-0.053542763,0.009405336,-0.019295877,-0.009422579,0.00421454,0.059354357,4.0099177,-0.085457884,3.0129364
0.2,0.0,0.0,0.0,0.0,0.0,-1.0,0.652531,0.23014629,0.11006242,0.4378917,0.2355345,0.2758742,0.44060546,0.23610482,0.2969497,0.044896185,0.9747786,-0.009092748,0.21842268,0.80972224,-0.23145296,-0.26553506,-2.497183,-0.6466975,2.513382,1.8300617,0.018862434,0.0212889,0.004877506,0.011710548,-0.0031315514,-0.006454581,0.005872872,-0.06436025,0.015691558,0.033845115,0.0033702157,0.1,0.0,0.0,0.0,0.0,0.0,0.0,0.0,0.8152536,-0.20044573,-0.27825403,-2.4654555,-0.6330653,2.524941,1.8038716,0.01890771,0.021237118,0.058596957,1.1075531,-0.39478332,1.0954994,0.3911764,0.28374553,-0.71979886,0.02470765,0.01138605,5.5879354e-09,2.3283064e-10,-3.7252903e-09,1.0,-1.489095e-10,-8.781334e-10,-8.472538e-11,0.0,0.0,0.0,0.0,0.0,0.0,0.65253514,0.23013447,0.11005843,0.9999872,-0.0029623753,0.004132735,0.00016575759,0.00024934596,-0.00052363356,-0.00017757944,0.0049798116,0.0017697216,-0.00071146956,0.4491486,0.23944247,0.2770268,0.99851066,-0.05192676,0.009837119,-0.013532257,0.4112393,0.089526534,0.08182718,3.6780949,-0.7256622,3.1387985
0.2,0.0,0.0,0.0,0.0,0.0,-1.0,0.65253514,0.23013447,0.11005843,0.4491486,0.23944247,0.2770268,0.4518736,0.2400005,0.29813796,0.042699516,0.9747005,-0.0040874183,0.21936074,0.8152536,-0.20044573,-0.27825403,-2.4654555,-0.6330653,2.524941,1.8038716,0.01890771,0.021237118,0.058596957,1.1075531,-0.39478332,1.0954994,0.3911764,0.28374553,-0.71979886,0.02470765,0.01138605,0.1,0.0,0.0,0.0,0.0,0.0,0.0,0.0,0.81592494,-0.16171709,-0.29202333,-2.427634,-0.61638904,2.5362067,1.7759532,0.018837469,0.021301564,-0.025320012,1.113096,-0.39393684,1.0734373,0.4846954,0.24111846,-0.7660319,0.033628218,0.0030078408,5.5879354e-09,2.3283064e-10,-3.7252903e-09,1.0,-1.489095e-10,-8.781334e-10,-8.472538e-11,0.0,0.0,0.0,0.0,0.0,0.0,0.6525328,0.23013939,0.11006082,0.999987,-0.002983553,0.004123317,0.00016637647,0.0004495248,7.7201694e-05,-0.0002187761,0.00012306843,0.0043679993,0.00012298505,0.46368214,0.24122445,0.27711716,0.9985108,-0.052701112,0.007700755,-0.011809598,0.41313124,0.024774844,0.056056626,3.9707835,-0.059664536,3.0800118
0.2,0.0,0.0,0.0,0.0,0.0,-1.0,0.6525328,0.23013939,0.110060826,0.46368214,0.24122445,0.27711716,0.46631238,0.24179652,0.29823855,0.042274922,0.9746243,-0.0020730793,0.21980941,0.81592494,-0.16171709,-0.29202333,-2.427634,-0.61638904,2.5362067,1.7759532,0.018837469,0.021301564,-0.025320012,1.113096,-0.39393684,1.0734373,0.4846954,0.24111846,-0.7660319,0.033628218,0.0030078408,0.1,0.0,0.0,0.0,0.0,0.0,0.0,0.0,0.8146049,-0.12265823,-0.30530614,-2.38947,-0.59632224,2.5462053,1.7462949,0.018843444,0.02128554,-0.0680829,1.1205671,-0.3705882,1.0948395,0.57828224,0.20816894,-0.814411,0.03349065,0.003467925,5.5879354e-09,2.3283064e-10,-3.7252903e-09,1.0,-1.489095e-10,-8.781334e-10,-8.472538e-11,0.0,0.0,0.0,0.0,0.0,0.0,0.652532,0.23014604,0.11006199,0.99998695,-0.0030094145,0.004120193,0.00016758942,0.0007931831,-0.0023321048,-0.0006929055,0.020529313,0.005995274,-0.0021800555,0.47848237,0.24183016,0.27677345,0.9985113,-0.05283994,0.007903505,-0.010978066,0.42446682,0.0040800176,0.05129664,3.8366764,-0.22262877,3.0186126
0.2,0.0,0.0,0.0,0.0,0.0,-1.0,0.652532,0.23014604,0.11006199,0.47848237,0.24183016,0.27677345,0.48112848,0.24243307,0.29789433,0.04234221,0.9746295,-0.0011883378,0.21977943,0.8146049,-0.12265823,-0.30530614,-2.38947,-0.59632224,2.5462053,1.7462949,0.018843444,0.02128554,-0.0680829,1.1205671,-0.3705882,1.0948395,0.57828224,0.20816894,-0.814411,0.03349065,0.003467925,0.1,0.0,0.0,0.0,0.0,0.0,0.0,0.0,0.8119583,-0.083430134,-0.31745508,-2.3504622,-0.5730271,2.55497,1.7149544,0.018891683,0.021282263,-0.101688735,1.1243873,-0.33368585,1.1198288,0.66953295,0.1646328,-0.88660884,0.038911555,0.0050955103,5.5879354e-09,2.3283064e-10,-3.7252903e-09,1.0,-1.489095e-10,-8.781334e-10,-8.472538e-11,0.0,0.0,0.0,0.0,0.0,0.0,0.65253514,0.23013479,0.11005841,0.99998707,-0.0029631965,0.0041326783,0.00016573347,0.00028709768,-0.00052874547,-0.00012918771,0.0048168823,0.0020474128,-0.00085092714,0.4936139,0.24180685,0.2761933,0.99823415,-0.057784654,0.00643076,-0.012170298,0.43436208,-0.006820881,0.0558292,4.2965493,0.045732006,2.3937113
0.2,0.0,0.0,0.0,0.0,0.0,-1.0,0.65253514,0.23013479,0.11005841,0.4936139,0.24180685,0.2761933,0.49614638,0.2426069,0.29745853,0.042544685,0.9746534,-0.0007815212,0.21963617,0.8119583,-0.083430134,-0.31745508,-2.3504622,-0.5730271,2.55497,1.7149544,0.018891683,0.021282263,-0.101688735,1.1243873,-0.33368585,1.1198288,0.66953295,0.1646328,-0.88660884,0.038911555,0.0050955103,0.1,0.0,0.0,0.0,0.0,0.0,0.0,0.0,0.8079873,-0.04404711,-0.32806453,-2.310481,-0.5467223,2.5623822,1.6820581,0.018921416,0.02124065,-0.13950089,1.1284077,-0.2860449,1.1480244,0.75089556,0.12536058,-0.9257601,0.03698848,0.006752817,5.5879354e-09,2.3283064e-10,-3.7252903e-09,1.0,-1.489095e-10,-8.781334e-10,-8.472538e-11,0.0,0.0,0.0,0.0,0.0,0.0,0.6525329,0.23013936,0.11006082,0.999987,-0.0029833154,0.004123704,0.00016633392,0.00044825894,7.659092e-05,-0.00022149929,0.00013671223,0.0043562213,0.00012621873,0.50869256,0.24171631,0.27572253,0.9982344,-0.057744473,0.0070547825,-0.011992028,0.43353567,-0.008305258,0.056565046,4.1992545,-0.05221586,2.4113905
0.2,0.0,0.0,0.0,0.0,0.0,-1.0,0.6525329,0.23013936,0.110060826,0.50869256,0.24171631,0.27572253,0.5112636,0.24254729,0.29698908,0.042797267,0.97468597,-0.00061297417,0.21944296,0.8079873,-0.04404711,-0.32806453,-2.310481,-0.5467223,2.5623822,1.6820581,0.018921416,0.02124065,-0.13950089,1.1284077,-0.2860449,1.1480244,0.75089556,0.12536058,-0.9257601,0.03698848,0.006752817,0.1,0.0,0.0,0.0,0.0,0.0,0.0,0.0,0.80254126,-0.0044991192,-0.33679947,-2.2694151,-0.5177364,2.5683029,1.6478153,0.018950494,0.021200825,-0.18322793,1.1330758,-0.22946647,1.1796075,0.82017267,0.08190305,-0.96038455,0.037441324,0.0063738995,5.5879354e-09,2.3283064e-10,-3.7252903e-09,1.0,-1.489095e-10,-8.781334e-10,-8.472538e-11,0.0,0.0,0.0,0.0,0.0,0.0,0.652531,0.23014627,0.110062346,0.9999869,-0.0030100627,0.004116417,0.00016806161,0.0013861019,-0.0020015908,-0.0009959149,0.017188605,0.011225232,-0.0024088512,0.52383447,0.24151808,0.27523884,0.99821585,-0.058048386,0.0071779503,-0.0119951125,0.43324465,-0.009816476,0.05597502,4.224235,-0.024240784,2.4111288
0.2,0.0,0.0,0.0,0.0,0.0,-1.0,0.652531,0.23014627,0.110062346,0.52383447,0.24151808,0.27523884,0.52641743,0.2423896,0.2965023,0.043050952,0.9747248,-0.0005469918,0.2192209,0.80254126,-0.0044991192,-0.33679947,-2.2694151,-0.5177364,2.5683029,1.6478153,0.018950494,0.021200825,-0.18322793,1.1330758,-0.22946647,1.1796075,0.82017267,0.08190305,-0.96038455,0.037441324,0.0063738995,0.1,0.0,0.0,0.0,0.0,0.0,0.0,0.0,0.79539746,0.035225168,-0.34338695,-2.2271426,-0.48653278,2.5725513,1.6125332,0.01897967,0.021160986,-0.23299623,1.1377684,-0.16607162,1.2144529,0.87586933,0.033465646,-0.9856032,0.037343305,0.006453995,5.5879354e-09,2.3283064e-10,-3.7252903e-09,1.0,-1.489095e-10,-8.781334e-10,-8.472538e-11,0.0,0.0,0.0,0.0,0.0,0.0,0.65253514,0.23013446,0.11005838,0.9999871,-0.0029622125,0.004132779,0.00016577977,0.00024981203,-0.00054896285,-0.00018174213,0.005208947,0.0018047155,-0.0007020605,0.5389728,0.24129401,0.27473167,0.99820065,-0.058273163,0.007448482,-0.012002432,0.43199375,-0.009082989,0.055032324,4.233834,-0.022719042,2.4130645
0.2,0.0,0.0,0.0,0.0,0.0,-1.0,0.65253514,0.23013446,0.11005838,0.5389728,0.24129401,0.27473167,0.54157466,0.24220183,0.29599532,0.04329113,0.97477037,-0.0005143732,0.21897045,0.79539746,0.035225168,-0.34338695,-2.2271426,-0.48653278,2.5725513,1.6125332,0.01897967,0.021160986,-0.23299623,1.1377684,-0.16607162,1.2144529,0.87586933,0.033465646,-0.9856032,0.037343305,0.006453995,0.1,0.0,0.0,0.0,0.0,0.0,0.0,0.0,0.7863749,0.07512086,-0.3476327,-2.1835284,-0.45369914,2.574946,1.5766098,0.019006962,0.021124441,-0.28681543,1.1421207,-0.09860378,1.2531166,0.91429293,-0.020001542,-0.9992094,0.037335098,0.0064499998,5.5879354e-09,2.3283064e-10,-3.7252903e-09,1.0,-1.489095e-10,-8.781334e-10,-8.472538e-11,0.0,0.0,0.0,0.0,0.0,0.0,0.6525328,0.23013937,0.110060856,0.99998707,-0.0029834197,0.0041235387,0.00016636704,0.0004497253,7.7818e-05,-0.00021661077,0.000110267494,0.0043693325,0.00012115251,0.55408883,0.24109605,0.27419603,0.9981863,-0.058483534,0.0077392063,-0.011991842,0.4301102,-0.0070982706,0.053794723,4.2472525,-0.012745708,2.4169219
0.2,0.0,0.0,0.0,0.0,0.0,-1.0,0.6525328,0.23013937,0.110060856,0.55408883,0.24109605,0.27419603,0.55671066,0.24203742,0.295461,0.043504253,0.9748248,-0.0004669577,0.21868707,0.7863749,0.07512086,-0.3476327,-2.1835284,-0.45369914,2.574946,1.5766098,0.019006962,0.021124441,-0.28681543,1.1421207,-0.09860378,1.2531166,0.91429293,-0.020001542,-0.9992094,0.037335098,0.0064499998,0.1,0.0,0.0,0.0,0.0,0.0,0.0,0.0,0.7753799,0.115173124,-0.34945247,-2.1384275,-0.4199161,2.575319,1.5405118,0.019031115,0.021092717,-0.34182054,1.1459328,-0.030534234,1.2957966,0.93334734,-0.07788691,-0.99954265,0.037313282,0.006461357,5.5879354e-09,2.3283064e-10,-3.7252903e-09,1.0,-1.489095e-10,-8.781334e-10,-8.472538e-11,0.0,0.0,0.0,0.0,0.0,0.0,0.6525319,0.23014604,0.110062,0.999987,-0.0030096814,0.004120298,0.00016750574,0.0007954176,-0.0023372225,-0.0006941665,0.020576824,0.006014032,-0.0021843025,0.5691646,0.24096562,0.27362564,0.99817353,-0.05866887,0.008072603,-0.01192417,0.4278487,-0.004161061,0.052302465,4.2601895,-0.002370967,2.4215815
0.2,0.0,0.0,0.0,0.0,0.0,-1.0,0.6525319,0.23014604,0.110062,0.5691646,0.24096562,0.27362564,0.5718082,0.24193591,0.29489413,0.043682486,0.97488844,-0.00037038326,0.21836716,0.7753799,0.115173124,-0.34945247,-2.1384275,-0.4199161,2.575319,1.5405118,0.019031115,0.021092717,-0.34182054,1.1459328,-0.030534234,1.2957966,0.93334734,-0.07788691,-0.99954265,0.037313282,0.006461357,0.1,0.0,0.0,0.0,0.0,0.0,0.0,0.0,0.76243114,0.15536818,-0.3488939,-2.09169,-0.38590127,2.5735352,1.5047348,0.01905135,0.021066425,-0.39494908,1.1493647,0.03446471,1.342553,0.9325788,-0.13910031,-0.98623306,0.037336342,0.00643244,5.5879354e-09,2.3283064e-10,-3.7252903e-09,1.0,-1.489095e-10,-8.781334e-10,-8.472538e-11,0.0,0.0,0.0,0.0,0.0,0.0,0.6525351,0.23013477,0.110058405,0.99998707,-0.0029630268,0.004132844,0.0001657295,0.00028516885,-0.0005269846,-0.00013162801,0.004811012,0.002032682,-0.00084389176,0.58419055,0.24093004,0.27301812,0.9981627,-0.058830343,0.008446356,-0.011780739,0.4254109,-0.00077330135,0.050661534,4.273481,0.010573507,2.4260566
0.2,0.0,0.0,0.0,0.0,0.0,-1.0,0.6525351,0.23013477,0.11005841,0.58419055,0.24093004,0.27301812,0.5868567,0.24192476,0.2942888,0.043820553,0.9749628,-0.0002040416,0.21800774,0.76243114,0.15536818,-0.3488939,-2.09169,-0.38590127,2.5735352,1.5047348,0.01905135,0.021066425,-0.39494908,1.1493647,0.03446471,1.342553,0.9325788,-0.13910031,-0.98623306,0.037336342,0.00643244,0.1,0.0,0.0,0.0,0.0,0.0,0.0,0.0,0.747659,0.19570582,-0.3461363,-2.0431647,-0.3523379,2.569502,1.4697515,0.019067587,0.021045303,-0.44344077,1.1529254,0.09306867,1.3933393,0.91354686,-0.2023811,-0.9602894,0.037391473,0.0063739303,5.5879354e-09,2.3283064e-10,-3.7252903e-09,1.0,-1.489095e-10,-8.781334e-10,-8.472538e-11,0.0,0.0,0.0,0.0,0.0,0.0,0.6525328,0.23013939,0.11006081,0.999987,-0.0029835629,0.004123488,0.00016635939,0.00044945913,7.687707e-05,-0.00021876958,0.00012742904,0.0043679164,0.0001239127,0.5991628,0.24100105,0.27237102,0.99815375,-0.05896464,0.008869456,-0.011553685,0.42304894,0.0025718017,0.048988476,4.28553,0.022390923,2.4293447
0.2,0.0,0.0,0.0,0.0,0.0,-1.0,0.6525328,0.23013939,0.11006081,0.5991628,0.24100105,0.27237102,0.6018541,0.24201661,0.29364628,0.04391542,0.97504735,3.8832426e-05,0.21761018,0.747659,0.19570582,-0.3461363,-2.0431647,-0.3523379,2.569502,1.4697515,0.019067587,0.021045303,-0.44344077,1.1529254,0.09306867,1.3933393,0.91354686,-0.2023811,-0.9602894,0.037391473,0.0063739303,0.1,0.0,0.0,0.0,0.0,0.0,0.0,0.0,0.731283,0.23621139,-0.3414663,-1.9927031,-0.3198107,2.5631738,1.4359677,0.019080177,0.021028837,-0.48521906,1.1574385,0.14280778,1.4481947,0.87936926,-0.26649705,-0.92385674,0.0375039,0.006256971,5.5879354e-09,2.3283064e-10,-3.7252903e-09,1.0,-1.489095e-10,-8.781334e-10,-8.472538e-11,0.0,0.0,0.0,0.0,0.0,0.0,0.65253097,0.23014627,0.110062376,0.999987,-0.0030101144,0.004116383,0.00016799418,0.0013868652,-0.0019970166,-0.0009961679,0.01714454,0.011235641,-0.0024068586,0.6140865,0.24117383,0.27168858,0.99814653,-0.05907506,0.009323954,-0.011248825,0.42088488,0.005427476,0.047418937,4.297667,0.035923496,2.430908
0.2,0.0,0.0,0.0,0.0,0.0,-1.0,0.65253097,0.23014627,0.110062376,0.6140865,0.24117383,0.27168858,0.6168034,0.24220625,0.2929664,0.043967903,0.9751418,0.0003501475,0.21717551,0.731283,0.23621139,-0.3414663,-1.9927031,-0.3198107,2.5631738,1.4359677,0.019080177,0.021028837,-0.48521906,1.1574385,0.14280778,1.4481947,0.87936926,-0.26649705,-0.92385674,0.0375039,0.006256971,0.1,0.0,0.0,0.0,0.0,0.0,0.0,0.0,0.71357805,0.2769433,-0.33523524,-1.940152,-0.288765,2.5545409,1.4036913,0.019089492,0.021016557,-0.5191588,1.1638944,0.18242049,1.5072812,0.8341378,-0.33051765,-0.87977684,0.037658628,0.006099414,5.5879354e-09,2.3283064e-10,-3.7252903e-09,1.0,-1.489095e-10,-8.781334e-10,-8.472538e-11,0.0,0.0,0.0,0.0,0.0,0.0,0.6525352,0.23013447,0.11005837,0.99998707,-0.0029622172,0.0041327784,0.00016557174,0.00024998662,-0.00054461515,-0.00018084579,0.005168482,0.0018022504,-0.0007031927,0.62896913,0.2414316,0.27097455,0.99814093,-0.059160553,0.00981017,-0.010885135,0.4190549,0.0075190617,0.04603859,4.3076615,0.04636767,2.430257
0.2,0.0,0.0,0.0,0.0,0.0,-1.0,0.6525352,0.23013447,0.11005837,0.62896913,0.2414316,0.27097455,0.6317124,0.24247934,0.2922544,0.043980934,0.9752449,0.0007158816,0.21670839,0.71357805,0.2769433,-0.33523524,-1.940152,-0.288765,2.5545409,1.4036913,0.019089492,0.021016557,-0.5191588,1.1638944,0.18242049,1.5072812,0.8341378,-0.33051765,-0.87977684,0.037658628,0.006099414,0.1,0.0,0.0,0.0,0.0,0.0,0.0,0.0,0.6948356,0.31799722,-0.32781252,-1.8853446,-0.25949395,2.543613,1.373123,0.019095918,0.021008126,-0.5451099,1.1733639,0.21184105,1.5710967,0.78203994,-0.394035,-0.83099097,0.037849437,0.0059056473,5.5879354e-09,2.3283064e-10,-3.7252903e-09,1.0,-1.489095e-10,-8.781334e-10,-8.472538e-11,0.0,0.0,0.0,0.0,0.0,0.0,0.6525328,0.23013939,0.11006084,0.99998707,-0.0029836704,0.0041234554,0.0001664039,0.0004496115,7.808942e-05,-0.00021592718,0.00010600648,0.0043684053,0.00012078683,0.6438194,0.24175367,0.2702368,0.9981367,-0.059217926,0.010323131,-0.01047937,0.41754895,0.008758899,0.044898916,4.315471,0.05353649,2.4273422
0.0,0.0,0.0,0.0,0.0,0.0,-1.0,0.6525328,0.23013939,0.11006084,0.6438194,0.24175367,0.2702368,0.64659005,0.24281268,0.29151648,0.043958493,0.9753551,0.0011154711,0.2162148,0.6948356,0.31799722,-0.32781252,-1.8853446,-0.25949395,2.543613,1.373123,0.019095918,0.021008126,-0.5451099,1.1733639,0.21184105,1.5710967,0.78203994,-0.394035,-0.83099097,0.037849437,0.0059056473,0.0,0.0,0.0,0.0,0.0,0.0,0.0,0.0,0.68979794,0.32621455,-0.32922184,-1.8814118,-0.25965437,2.5440786,1.373148,0.01909587,0.021107147,-0.103889175,0.058960617,-0.021277593,-0.076627955,-0.00237732,-0.10129583,0.005566047,0.04190641,-0.00032892637,5.5879354e-09,2.3283064e-10,-3.7252903e-09,1.0,-1.489095e-10,-8.781334e-10,-8.472538e-11,0.0,0.0,0.0,0.0,0.0,0.0,0.652532,0.23014605,0.11006202,0.99998695,-0.0030096583,0.0041203867,0.00016750819,0.0007960242,-0.0023381142,-0.00069454743,0.020584585,0.0060192775,-0.0021852206,0.64642715,0.23777105,0.26689833,0.9975574,-0.067844704,0.0051820725,-0.015791925,-0.017349698,-0.09182023,-0.005681768,4.595384,1.0905339,2.047767
0.0,0.0,0.0,0.0,0.0,0.0,-1.0,0.652532,0.23014605,0.11006202,0.64642715,0.23777105,0.26689833,0.64902264,0.23915654,0.2883481,0.046543844,0.9754778,-0.0012144595,0.21511671,0.68979794,0.32621455,-0.32922184,-1.8814118,-0.25965437,2.5440786,1.373148,0.01909587,0.021107147,-0.103889175,0.058960617,-0.021277593,-0.076627955,-0.00237732,-0.10129583,0.005566047,0.04190641,-0.00032892637,0.0,0.0,0.0,0.0,0.0,0.0,0.0,0.0,0.6871629,0.32802075,-0.32992023,-1.8828483,-0.25924933,2.5437262,1.3731581,0.019170776,0.021051766,-0.06428042,0.042021863,-0.009867532,-0.014539855,0.001061507,-0.09068352,-0.005407803,0.035984535,0.0053074043,5.5879354e-09,2.3283064e-10,-3.7252903e-09,1.0,-1.489095e-10,-8.781334e-10,-8.472538e-11,0.0,0.0,0.0,0.0,0.0,0.0,0.6525351,0.23013476,0.110058375,0.99998707,-0.0029629413,0.004132757,0.0001657187,0.00028852397,-0.00055103656,-0.00014064673,0.005017276,0.0021067506,-0.0008343061,0.64660543,0.23529607,0.26497406,0.9975118,-0.06786514,0.007783314,-0.017428422,0.0065714614,-0.047947787,0.04485672,3.867039,-0.3107424,2.0064373
0.0,0.0,0.0,0.0,0.0,0.0,-1.0,0.6525351,0.23013476,0.11005838,0.64660543,0.23529607,0.26497406,0.6492939,0.23668519,0.28642818,0.047780737,0.9757521,-0.002815634,0.21358155,0.6871629,0.32802075,-0.32992023,-1.8828483,-0.25924933,2.5437262,1.3731581,0.019170776,0.021051766,-0.06428042,0.042021863,-0.009867532,-0.014539855,0.001061507,-0.09068352,-0.005407803,0.035984535,0.0053074043,0.0,0.0,0.0,0.0,0.0,0.0,0.0,0.0,0.68562335,0.32906365,-0.33033282,-1.8836021,-0.25898778,2.543535,1.3731655,0.019188546,0.02103507,-0.0385696,0.025290282,-0.0039917347,-0.008347519,-0.0022976608,-0.087664865,-0.004689013,0.035544615,0.004573513,5.5879354e-09,2.3283064e-10,-3.7252903e-09,1.0,-1.489095e-10,-8.781334e-10,-8.472538e-11,0.0,0.0,0.0,0.0,0.0,0.0,0.6525329,0.23013939,0.110060826,0.99998695,-0.0029833135,0.0041236775,0.00016625882,0.00044931375,7.698487e-05,-0.00022042361,0.00012982861,0.0043659797,0.00012493093,0.64675134,0.23383209,0.26391602,0.99745107,-0.06838526,0.008578189,-0.018470533,-0.0011815382,-0.024693064,0.05788014,3.9748847,-0.1342065,2.014566
0.0,0.0,0.0,0.0,0.0,0.0,-1.0,0.6525329,0.23013939,0.110060826,0.64675134,0.23383209,0.26391602,0.64947295,0.23525447,0.28536183,0.048470825,0.97590077,-0.0037640333,0.21272966,0.68562335,0.32906365,-0.33033282,-1.8836021,-0.25898778,2.543535,1.3731655,0.019188546,0.02103507,-0.0385696,0.025290282,-0.0039917347,-0.008347519,-0.0022976608,-0.087664865,-0.004689013,0.035544615,0.004573513,0.0,0.0,0.0,0.0,0.0,0.0,0.0,0.0,0.6847166,0.32978964,-0.33055714,-1.8841718,-0.25876063,2.5433953,1.3731678,0.019190438,0.021035811,-0.02381976,0.019607486,2.073776e-05,-0.0058548776,-0.0030059176,-0.08394732,-0.0037836675,0.034014188,0.002386504,5.5879354e-09,2.3283064e-10,-3.7252903e-09,1.0,-1.489095e-10,-8.781334e-10,-8.472538e-11,0.0,0.0,0.0,0.0,0.0,0.0,0.65253097,0.23014627,0.110062376,0.9999869,-0.0030100618,0.0041162637,0.00016808676,0.0013866252,-0.0020019484,-0.0009954349,0.01719362,0.011234324,-0.0024082279,0.6467743,0.23297173,0.26315266,0.9974219,-0.06855033,0.009301821,-0.019073898,-0.0031452114,-0.011494689,0.06069479,3.8589668,-0.17080396,2.0163157
0.0,0.0,0.0,0.0,0.0,0.0,-1.0,0.65253097,0.23014627,0.110062376,0.6467743,0.23297173,0.26315266,0.6495267,0.2343981,0.284591,0.048915364,0.976012,-0.004331529,0.2121062,0.6847166,0.32978964,-0.33055714,-1.8841718,-0.25876063,2.5433953,1.3731678,0.019190438,0.021035811,-0.02381976,0.019607486,2.073776e-05,-0.0058548776,-0.0030059176,-0.08394732,-0.0037836675,0.034014188,0.002386504,0.0,0.0,0.0,0.0,0.0,0.0,0.0,0.0,0.68418115,0.33041042,-0.33066234,-1.8846679,-0.2585491,2.5432804,1.3731666,0.019185862,0.021040311,-0.015156565,0.017793082,0.0025862127,-0.004837895,-0.0033761251,-0.083242595,-0.0037938487,0.033926263,0.0023644222,5.5879354e-09,2.3283064e-10,-3.7252903e-09,1.0,-1.489095e-10,-8.781334e-10,-8.472538e-11,0.0,0.0,0.0,0.0,0.0,0.0,0.6525352,0.23013449,0.11005839,0.9999872,-0.0029623099,0.004132663,0.00016570285,0.00025032114,-0.0005304191,-0.00017829452,0.0050400235,0.0017834159,-0.0007122735,0.6467166,0.2324464,0.26248646,0.9973923,-0.068794146,0.009867887,-0.019456353,-0.0053819697,-0.0038499404,0.062138908,3.866977,-0.1634264,2.0247588
0.0,0.0,0.0,0.0,0.0,0.0,-1.0,0.6525352,0.23013449,0.1100584,0.6467166,0.2324464,0.26248646,0.6494932,0.23387508,0.2839213,0.04924582,0.9761107,-0.0046660304,0.21156748,0.68418115,0.33041042,-0.33066234,-1.8846679,-0.2585491,2.5432804,1.3731666,0.019185862,0.021040311,-0.015156565,0.017793082,0.0025862127,-0.004837895,-0.0033761251,-0.083242595,-0.0037938487,0.033926263,0.0023644222,0.0,0.0,0.0,0.0,0.0,0.0,0.0,0.0,0.6838662,0.3309999,-0.33069378,-1.8851359,-0.25834328,2.5431771,1.3731618,0.019180583,0.021045428,-0.010000099,0.017301837,0.0042045047,-0.00447452,-0.0034738274,-0.08287486,-0.0038287716,0.033925094,0.0023460665,5.5879354e-09,2.3283064e-10,-3.7252903e-09,1.0,-1.489095e-10,-8.781334e-10,-8.472538e-11,0.0,0.0,0.0,0.0,0.0,0.0,0.6525328,0.23013937,0.110060826,0.99998707,-0.002983561,0.0041234414,0.0001663951,0.00044954353,7.7570905e-05,-0.00021673091,0.000113643655,0.004367999,0.00012149371,0.6466015,0.23211837,0.26185164,0.99736714,-0.06901286,0.010403327,-0.019689582,-0.0066715074,0.0006275382,0.062523425,3.8674674,-0.16704015,2.0293717
0.0,0.0,0.0,0.0,0.0,0.0,-1.0,0.6525328,0.23013937,0.110060826,0.6466015,0.23211837,0.26185164,0.6494008,0.23354827,0.2832834,0.049520403,0.9762062,-0.004858583,0.21105826,0.6838662,0.3309999,-0.33069378,-1.8851359,-0.25834328,2.5431771,1.3731618,0.019180583,0.021045428,-0.010000099,0.017301837,0.0042045047,-0.00447452,-0.0034738274,-0.08287486,-0.0038287716,0.033925094,0.0023460665,0.0,0.0,0.0,0.0,0.0,0.0,0.0,0.0,0.68368345,0.3315829,-0.33067948,-1.8855933,-0.2581399,2.5430799,1.3731552,0.019176163,0.021049809,-0.0069029415,0.017237121,0.0052031893,-0.0043389,-0.0035008425,-0.08271891,-0.0038665552,0.033945806,0.0023054518,5.5879354e-09,2.3283064e-10,-3.7252903e-09,1.0,-1.489095e-10,-8.781334e-10,-8.472538e-11,0.0,0.0,0.0,0.0,0.0,0.0,0.65253097,0.23014629,0.11006238,0.99998695,-0.0030102278,0.004116032,0.00016810354,0.001390791,-0.0020090134,-0.000997922,0.017253764,0.011271455,-0.002416941,0.64644897,0.23190531,0.26122385,0.9973441,-0.069224335,0.01092417,-0.019834403,-0.0075088763,0.0032989802,0.0625685,3.868923,-0.16709045,2.0303812
0.0,0.0,0.0,0.0,0.0,0.0,-1.0,0.65253097,0.23014629,0.11006239,0.64644897,0.23190531,0.26122385,0.6492705,0.23333812,0.28265265,0.04976614,0.97630113,-0.0049655885,0.2105587,0.68368345,0.3315829,-0.33067948,-1.8855933,-0.2581399,2.5430799,1.3731552,0.019176163,0.021049809,-0.0069029415,0.017237121,0.0052031893,-0.0043389,-0.0035008425,-0.08271891,-0.0038665552,0.033945806,0.0023054518,0.0,0.0,0.0,0.0,0.0,0.0,0.0,0.0,0.68358004,0.33216658,-0.33063704,-1.8860466,-0.25793758,2.542986,1.3731482,0.019172773,0.02105313,-0.0050328476,0.017286006,0.005815862,-0.0042925384,-0.0035051522,-0.08263185,-0.003893492,0.033976603,0.0022669558,5.5879354e-09,2.3283064e-10,-3.7252903e-09,1.0,-1.489095e-10,-8.781334e-10,-8.472538e-11,0.0,0.0,0.0,0.0,0.0,0.0,0.65253514,0.2301345,0.11005837,0.9999871,-0.0029624135,0.004132718,0.0001657277,0.00024956962,-0.00054184976,-0.00017903728,0.005139429,0.0017941665,-0.00070588256,0.6462726,0.23176096,0.26059687,0.9973219,-0.06943427,0.011437589,-0.019926894,-0.00800515,0.004901669,0.06253259,3.8701346,-0.16735362,2.0294542
0.0,0.0,-0.2,0.0,0.0,0.0,-1.0,0.65253514,0.2301345,0.11005837,0.6462726,0.23176096,0.26059687,0.6491162,0.23319803,0.28202263,0.0499963,0.9763959,-0.00502038,0.21006204,0.68358004,0.33216658,-0.33063704,-1.8860466,-0.25793758,2.542986,1.3731482,0.019172773,0.02105313,-0.0050328476,0.017286006,0.005815862,-0.0042925384,-0.0035051522,-0.08263185,-0.003893492,0.033976603,0.0022669558,0.0,0.0,-0.1,0.0,0.0,0.0,0.0,0.0,0.68328077,0.34072053,-0.3321649,-1.8933659,-0.26039994,2.5760212,1.3819602,0.01918095,0.021033984,-0.026176423,0.38939747,-0.03233573,-0.29340112,-0.089699715,0.85655314,0.24949223,0.03192803,0.0035921342,5.5879354e-09,2.3283064e-10,-3.7252903e-09,1.0,-1.489095e-10,-8.781334e-10,-8.472538e-11,0.0,0.0,0.0,0.0,0.0,0.0,0.6525328,0.23013937,0.11006081,0.999987,-0.0029833275,0.00412371,0.00016623018,0.0004493549,7.825217e-05,-0.0002161479,0.00010391855,0.004365454,0.00012054362,0.64878774,0.23339221,0.25607538,0.9977076,-0.06466071,0.0032394244,-0.019697102,0.033739652,0.020728521,-0.19886117,3.7524986,-0.877249,2.1351452
0.0,0.0,0.0,0.0,0.0,0.0,-1.0,0.6525328,0.23013937,0.11006081,0.64878774,0.23339221,0.25607538,0.65128696,0.23462252,0.27754447,0.045316584,0.974972,-0.005813539,0.21758229,0.68328077,0.34072053,-0.3321649,-1.8933659,-0.26039994,2.5760212,1.3819602,0.01918095,0.021033984,-0.026176423,0.38939747,-0.03233573,-0.29340112,-0.089699715,0.85655314,0.24949223,0.03192803,0.0035921342,0.0,0.0,0.0,0.0,0.0,0.0,0.0,0.0,0.68232346,0.3490016,-0.33152175,-1.8975658,-0.2598302,2.5755353,1.3818535,0.019164035,0.021063164,-0.018937815,0.15992446,0.019636877,-0.058928363,0.018255807,-0.11620258,-0.011234599,0.035147157,0.00026406907,5.5879354e-09,2.3283064e-10,-3.7252903e-09,1.0,-1.489095e-10,-8.781334e-10,-8.472538e-11,0.0,0.0,0.0,0.0,0.0,0.0,0.65253097,0.23014629,0.11006237,0.99998695,-0.0030102646,0.0041161627,0.00016810036,0.0013865768,-0.0020040553,-0.0009957673,0.01721249,0.011230903,-0.002409969,0.6469038,0.23192811,0.24844524,0.9974364,-0.06797431,0.009725213,-0.020135332,-0.04961594,-0.013294971,-0.05736564,4.0413938,0.57584155,1.9544275
0.0,0.0,0.0,0.0,0.0,0.0,1.0,0.65253097,0.23014629,0.110062376,0.6469038,0.23192811,0.24844524,0.6496882,0.23332374,0.2698825,0.048602358,0.97599924,-0.0054583848,0.21221136,0.68232346,0.3490016,-0.33152175,-1.8975658,-0.2598302,2.5755353,1.3818535,0.019164035,0.021063164,-0.018937815,0.15992446,0.019636877,-0.058928363,0.018255807,-0.11620258,-0.011234599,0.035147157,0.00026406907,0.0,0.0,0.0,0.0,0.0,0.0,0.04,0.04,0.6821164,0.3524275,-0.33122298,-1.899346,-0.25942892,2.5752044,1.3818016,0.025984375,0.02813032,-0.0025354065,0.06471194,0.007191805,-0.021481903,0.00765373,-0.008155136,-0.0028713401,0.20003656,0.20005603,5.5879354e-09,2.3283064e-10,-3.7252903e-09,1.0,-1.489095e-10,-8.781334e-10,-8.472538e-11,0.0,0.0,0.0,0.0,0.0,0.0,0.65253514,0.23013446,0.110058375,0.9999871,-0.0029623145,0.004132603,0.00016570852,0.00024916857,-0.00054489827,-0.00018067815,0.005171224,0.0017943999,-0.00070321135,0.6457027,0.23133197,0.24257024,0.99807036,-0.05767471,0.015843038,-0.016677646,-0.03327146,-0.020859778,-0.24234761,0.61205983,0.35516542,0.20981616
0.0,0.0,0.0,0.0,0.0,0.0,1.0,0.65253514,0.23013446,0.11005838,0.6457027,0.23133197,0.24257024,0.64892113,0.23289543,0.26667845,0.049927592,0.976434,-0.0052755475,0.20989534,0.6821164,0.3524275,-0.33122298,-1.899346,-0.25942892,2.5752044,1.3818016,0.025984375,0.02813032,-0.0025354065,0.06471194,0.007191805,-0.021481903,0.00765373,-0.008155136,-0.0028713401,0.20003656,0.20005603,0.0,0.0,0.0,0.0,0.0,0.0,0.04,0.04,0.6821453,0.35370442,-0.33107573,-1.8999467,-0.25932303,2.5751047,1.3817828,0.032327462,0.03379481,0.0015396448,0.023273265,0.003440449,-0.007927524,0.002832379,-0.0030156083,-0.0009774814,0.15412138,0.12470564,5.5879354e-09,2.3283064e-10,-3.7252903e-09,1.0,-1.489095e-10,-8.781334e-10,-8.472538e-11,0.0,0.0,0.0,0.0,0.0,0.0,0.6525314,0.2301392,0.11006152,0.999987,-0.0029818343,0.00411745,0.00016660159,0.00044196047,0.00028803071,-0.00027585527,-0.0021940242,0.0044148695,0.00014082245,0.6445937,0.23063666,0.22631697,0.9985471,-0.04765748,0.021709897,-0.012688882,-0.03327146,-0.020859778,-0.5693476,0.6110401,0.3545737,0.20946668
0.0,0.0,0.0,0.0,0.0,0.0,1.0,0.6525314,0.2301392,0.11006153,0.6445937,0.23063666,0.22631697,0.6486212,0.2328375,0.26551807,0.05039701,0.9765867,-0.0051227063,0.20907483,0.6821453,0.35370442,-0.33107573,-1.8999467,-0.25932303,2.5751047,1.3817828,0.032327462,0.03379481,0.0015396448,0.023273265,0.003440449,-0.007927524,0.002832379,-0.0030156083,-0.0009774814,0.15412138,0.12470564,0.0,0.0,0.0,0.0,0.0,0.0,0.04,0.04,0.6822153,0.35416764,-0.33100215,-1.9001634,-0.25928685,2.5750663,1.3817769,0.036044896,0.03680249,0.0018262574,0.0085044475,0.0016839649,-0.0028399639,0.0010177973,-0.0010583517,-0.0003824605,0.07944299,0.064264156,5.5879354e-09,2.3283064e-10,-3.7252903e-09,1.0,-1.489095e-10,-8.781334e-10,-8.472538e-11,0.0,0.0,0.0,0.0,0.0,0.0,0.65253097,0.23014633,0.11006235,0.99998695,-0.003010139,0.004116408,0.00016797286,0.001389286,-0.002000546,-0.0009999514,0.017167429,0.011244406,-0.0024149527,0.6434847,0.22994134,0.19916372,0.99887276,-0.037650168,0.02756348,-0.008705013,-0.03327146,-0.020859778,-0.89634764,0.61002207,0.35398296,0.2091177
0.0,0.0,0.0,0.0,0.0,0.0,1.0,0.65253097,0.23014633,0.11006236,0.6434847,0.22994134,0.19916372,0.6484938,0.23286709,0.2650964,0.050557323,0.97664267,-0.0050294846,0.20877716,0.6822153,0.35416764,-0.33100215,-1.9001634,-0.25928685,2.5750663,1.3817769,0.036044896,0.03680249,0.0018262574,0.0085044475,0.0016839649,-0.0028399639,0.0010177973,-0.0010583517,-0.0003824605,0.07944299,0.064264156,0.0,0.0,0.0,0.0,0.0,0.0,0.04,0.04,0.6822725,0.35433772,-0.33096388,-1.9002413,-0.25927433,2.5750525,1.381775,0.037961137,0.038352385,0.0013798022,0.0031429525,0.0008582771,-0.0010181527,0.00036360917,-0.00037579637,-0.00015279338,0.040951073,0.033115827,5.5879354e-09,2.3283064e-10,-3.7252903e-09,1.0,-1.489095e-10,-8.781334e-10,-8.472538e-11,0.0,0.0,0.0,0.0,0.0,0.0,0.65253514,0.23013447,0.1100584,0.99998707,-0.0029622577,0.004132856,0.0001657825,0.00024988383,-0.00052689144,-0.00017780572,0.005008424,0.0017770431,-0.0007117848,0.6423757,0.22924602,0.16111046,0.9990481,-0.027654327,0.033402923,-0.004726654,-0.03327146,-0.020859778,-1.2233477,0.60900575,0.35339308,0.20876925
0.0,0.0,0.0,0.0,0.0,0.0,1.0,0.65253514,0.23013447,0.1100584,0.6423757,0.22924602,0.16111046,0.64843744,0.23290594,0.26494136,0.050610304,0.9766635,-0.004974425,0.20866853,0.6822725,0.35433772,-0.33096388,-1.9002413,-0.25927433,2.5750525,1.381775,0.037961137,0.038352385,0.0013798022,0.0031429525,0.0008582771,-0.0010181527,0.00036360917,-0.00037579637,-0.00015279338,0.040951073,0.033115827,0.0,0.0,0.0,0.0,0.0,0.0,0.04,0.04,0.6823112,0.35440105,-0.33094338,-1.9002693,-0.25927013,2.5750458,1.3817731,0.03894893,0.039151035,0.0009071728,0.0011802275,0.00045458958,-0.00037185889,0.00012929758,-0.00012607222,-6.4308304e-05,0.021110093,0.017064245,5.5879354e-09,2.3283064e-10,-3.7252903e-09,1.0,-1.489095e-10,-8.781334e-10,-8.472538e-11,0.0,0.0,0.0,0.0,0.0,0.0,0.6525314,0.23013917,0.1100615,0.99998707,-0.0029817484,0.0041176383,0.000166599,0.0004393441,0.00028955773,-0.0002761533,-0.002207667,0.004388615,0.00014260609,0.6412667,0.2285507,0.1121572,0.99907374,-0.017669026,0.039228793,-0.0007534278,-0.03327146,-0.020859778,-1.5503478,0.6079911,0.35280427,0.20842145
0.0,0.0,0.0,0.0,0.0,0.0,1.0,0.6525314,0.23013917,0.1100615,0.6412667,0.2285507,0.11215721,0.6484112,0.2329353,0.26488358,0.05062727,0.9766714,-0.004942417,0.20862791,0.6823112,0.35440105,-0.33094338,-1.9002693,-0.25927013,2.5750458,1.3817731,0.03894893,0.039151035,0.0009071728,0.0011802275,0.00045458958,-0.00037185889,0.00012929758,-0.00012607222,-6.4308304e-05,0.021110093,0.017064245,0.0,0.0,0.0,0.0,0.0,0.0,0.04,0.04,0.6823355,0.3544252,-0.33093217,-1.9002795,-0.25926867,2.5750458,1.3817731,0.03945814,0.03956258,0.00056161504,0.00045470335,0.000245373,-0.00013523965,4.4527103e-05,-4.8045764e-05,-2.8537766e-05,0.010882517,0.008792659,5.5879354e-09,2.3283064e-10,-3.7252903e-09,1.0,-1.489095e-10,-8.781334e-10,-8.472538e-11,0.0,0.0,0.0,0.0,0.0,0.0,0.65253097,0.23014633,0.11006239,0.99998695,-0.0030103042,0.004116351,0.00016798745,0.0013875947,-0.0019978753,-0.000999536,0.017143099,0.011226524,-0.0024126882,0.6401577,0.22785538,0.052303944,0.9989504,-0.00770067,0.04503739,0.0032121195,-0.03327146,-0.020859778,-1.877348,0.6069783,0.35221657,0.20807421
0.0,0.0,0.0,0.0,0.0,0.0,1.0,0.65253097,0.23014633,0.11006239,0.6401577,0.22785538,0.052303948,0.64839846,0.23295535,0.26486188,0.050631195,0.9766743,-0.004924029,0.20861375,0.6823355,0.3544252,-0.33093217,-1.9002795,-0.25926867,2.5750458,1.3817731,0.03945814,0.03956258,0.00056161504,0.00045470335,0.000245373,-0.00013523965,4.4527103e-05,-4.8045764e-05,-2.8537766e-05,0.010882517,0.008792659,0.0,0.0,0.0,0.0,0.0,0.0,0.04,0.04,0.6823502,0.35443458,-0.33092597,-1.9002832,-0.25926816,2.5750458,1.3817731,0.039720654,0.039774615,0.00033681528,0.00017852733,0.00013467195,-5.5052846e-05,1.4674146e-05,-1.4357361e-05,-1.1626569e-05,0.005610058,0.0045304955,5.5879354e-09,2.3283064e-10,-3.7252903e-09,1.0,-1.489095e-10,-8.781334e-10,-8.472538e-11,0.0,0.0,0.0,0.0,0.0,0.0,0.65248466,0.2305306,0.11016227,0.9999815,-0.0036509307,0.0045841476,0.0016287153,0.24584807,-0.26096845,-0.117414564,1.7954601,0.93918735,-1.3932822,0.63026136,0.22612864,0.03562039,0.99499565,-0.0044249855,-0.014347597,-0.09878316,0.4055034,-0.06088378,-1.0879984,9.648131,13.2645445,5.3378615
0.0,0.0,0.0,0.0,0.0,0.0,1.0,0.65248466,0.2305306,0.11016227,0.63026136,0.22612864,0.035620395,0.6483921,0.23296782,0.26485345,0.050631523,0.9766755,-0.004913479,0.20860824,0.6823502,0.35443458,-0.33092597,-1.9002832,-0.25926816,2.5750458,1.3817731,0.039720654,0.039774615,0.00033681528,0.00017852733,0.00013467195,-5.5052846e-05,1.4674146e-05,-1.4357361e-05,-1.1626569e-05,0.005610058,0.0045304955,0.0,0.0,0.0,0.0,0.0,0.0,0.04,0.04,0.68235886,0.35443845,-0.33092245,-1.9002838,-0.25926816,2.5750458,1.3817731,0.03985599,0.039883874,0.0001960534,7.66498e-05,7.7285236e-05,-1.6791191e-05,8.011367e-06,-5.601431e-06,-9.151046e-06,0.0028922332,0.0023344015,5.5879354e-09,2.3283064e-10,-3.7252903e-09,1.0,-1.489095e-10,-8.781334e-10,-8.472538e-11,0.0,0.0,0.0,0.0,0.0,0.0,0.65250254,0.23019683,0.11007057,0.9999869,-0.0031718998,0.0040168865,0.00018693303,-0.013674993,0.009989099,-0.01701847,-0.102539495,-0.12090156,0.011854749,0.6312498,0.22551167,0.033407066,0.9956264,-0.0051118326,-0.0075438293,-0.09297829,0.0056364145,0.001113995,-0.0388699,-0.22678179,0.0905374,-0.0154948905
