actions_0,actions_1,actions_2,actions_3,actions_4,actions_5,actions_6,obs_box_pos_0,obs_box_pos_1,obs_box_pos_2,obs_cube_pos_0,obs_cube_pos_1,obs_cube_pos_2,obs_eef_pos_0,obs_eef_pos_1,obs_eef_pos_2,obs_eef_quat_0,obs_eef_quat_1,obs_eef_quat_2,obs_eef_quat_3,obs_joint_pos_0,obs_joint_pos_1,obs_joint_pos_2,obs_joint_pos_3,obs_joint_pos_4,obs_joint_pos_5,obs_joint_pos_6,obs_joint_pos_7,obs_joint_pos_8,obs_joint_vel_0,obs_joint_vel_1,obs_joint_vel_2,obs_joint_vel_3,obs_joint_vel_4,obs_joint_vel_5,obs_joint_vel_6,obs_joint_vel_7,obs_joint_vel_8,processed_actions_0,processed_actions_1,processed_actions_2,processed_actions_3,processed_actions_4,processed_actions_5,processed_actions_6,processed_actions_7,states_articulation_robot_joint_position_0,states_articulation_robot_joint_position_1,states_articulation_robot_joint_position_2,states_articulation_robot_joint_position_3,states_articulation_robot_joint_position_4,states_articulation_robot_joint_position_5,states_articulation_robot_joint_position_6,states_articulation_robot_joint_position_7,states_articulation_robot_joint_position_8,states_articulation_robot_joint_velocity_0,states_articulation_robot_joint_velocity_1,states_articulation_robot_joint_velocity_2,states_articulation_robot_joint_velocity_3,states_articulation_robot_joint_velocity_4,states_articulation_robot_joint_velocity_5,states_articulation_robot_joint_velocity_6,states_articulation_robot_joint_velocity_7,states_articulation_robot_joint_velocity_8,states_articulation_robot_root_pose_0,states_articulation_robot_root_pose_1,states_articulation_robot_root_pose_2,states_articulation_robot_root_pose_3,states_articulation_robot_root_pose_4,states_articulation_robot_root_pose_5,states_articulation_robot_root_pose_6,states_articulation_robot_root_velocity_0,states_articulation_robot_root_velocity_1,states_articulation_robot_root_velocity_2,states_articulation_robot_root_velocity_3,states_articulation_robot_root_velocity_4,states_articulation_robot_root_velocity_5,states_rigid_object_box_root_pose_0,states_rigid_object_box_root_pose_1,states_rigid_object_box_root_pose_2,states_rigid_object_box_root_pose_3,states_rigid_object_box_root_pose_4,states_rigid_object_box_root_pose_5,states_rigid_object_box_root_pose_6,states_rigid_object_box_root_velocity_0,states_rigid_object_box_root_velocity_1,states_rigid_object_box_root_velocity_2,states_rigid_object_box_root_velocity_3,states_rigid_object_box_root_velocity_4,states_rigid_object_box_root_velocity_5,states_rigid_object_object_root_pose_0,states_rigid_object_object_root_pose_1,states_rigid_object_object_root_pose_2,states_rigid_object_object_root_pose_3,states_rigid_object_object_root_pose_4,states_rigid_object_object_root_pose_5,states_rigid_object_object_root_pose_6,states_rigid_object_object_root_velocity_0,states_rigid_object_object_root_velocity_1,states_rigid_object_object_root_velocity_2,states_rigid_object_object_root_velocity_3,states_rigid_object_object_root_velocity_4,states_rigid_object_object_root_velocity_5
0.0,0.0,0.0,0.0,0.0,0.0,1.0,0.6570598,0.15025568,0.055,0.42350158,0.06723581,0.055,0.46333355,5.1339157e-08,0.38548768,0.008603483,0.9216111,0.02046284,0.38747975,0.0,-0.569,0.0,-2.81,0.0,3.037,0.741,0.04,0.04,0.0,0.0,0.0,0.0,0.0,0.0,0.0,0.0,0.0,0.0,0.0,0.0,0.0,0.0,0.0,0.04,0.04,-1.1094161e-08,-0.569,1.3151098e-08,-2.81,4.0976356e-09,3.037,0.741,0.04,0.04,-3.2085774e-07,2.55938e-07,4.4247764e-07,2.2049193e-08,1.2529897e-07,2.817277e-09,5.485527e-07,-7.772542e-13,-1.4668725e-10,5.5879354e-09,2.3283064e-10,-3.7252903e-09,1.0,-1.489095e-10,-8.781334e-10,-8.472538e-11,0.0,0.0,0.0,0.0,0.0,0.0,0.65771216,0.15044174,0.11011507,0.99998605,-0.002674376,0.004558403,0.00016320706,-0.0032855426,-0.002567044,0.0013772906,0.024781479,-0.029943306,-0.011238797,0.42350158,0.06723581,0.046825,1.0,0.0,0.0,0.0,0.0,0.0,-0.32700002,0.0,0.0,0.0
0.0,0.0,0.0,0.0,0.0,0.0,1.0,0.65771216,0.15044174,0.11011508,0.42350158,0.06723581,0.046825003,0.46333355,4.734474e-08,0.38548768,0.008603483,0.9216111,0.02046284,0.38747975,-1.1094161e-08,-0.569,1.3151098e-08,-2.81,4.0976356e-09,3.037,0.741,0.04,0.04,-3.2085774e-07,2.55938e-07,4.4247764e-07,2.2049193e-08,1.2529897e-07,2.817277e-09,5.485527e-07,-7.772542e-13,-1.4668725e-10,0.0,0.0,0.0,0.0,0.0,0.0,0.04,0.04,-2.0774422e-08,-0.569,2.6681276e-08,-2.81,8.413629e-09,3.037,0.741,0.04,0.04,-2.8068462e-07,2.7851033e-07,3.900596e-07,2.0944573e-09,1.2684235e-07,9.117849e-11,5.485939e-07,-1.2774001e-12,1.443539e-14,5.5879354e-09,2.3283064e-10,-3.7252903e-09,1.0,-1.489095e-10,-8.781334e-10,-8.472538e-11,0.0,0.0,0.0,0.0,0.0,0.0,0.6576112,0.15051973,0.11006211,0.99998707,-0.003006432,0.0041202167,0.0001666274,0.0009358638,-0.0024042577,-0.0006767525,0.021639561,0.0074411035,-0.002113154,0.42350158,0.06723581,0.027749997,1.0,0.0,0.0,0.0,0.0,0.0,-0.65400004,0.0,0.0,0.0
0.0,0.0,0.0,0.0,0.0,0.0,1.0,0.6576112,0.15051973,0.11006211,0.42350158,0.06723581,0.02775,0.46333355,4.734474e-08,0.38548768,0.008603483,0.9216111,0.02046284,0.38747975,-2.0774422e-08,-0.569,2.6681276e-08,-2.81,8.413629e-09,3.037,0.741,0.04,0.04,-2.8068462e-07,2.7851033e-07,3.900596e-07,2.0944573e-09,1.2684235e-07,9.117849e-11,5.485939e-07,-1.2774001e-12,1.443539e-14,0.0,0.0,0.0,0.0,0.0,0.0,0.04,0.04,-3.0564937e-08,-0.569,4.00586e-08,-2.81,1.2787771e-08,3.037,0.741,0.04,0.04,-2.8205645e-07,2.820746e-07,3.8906447e-07,-7.285975e-10,1.2741637e-07,-3.1591357e-10,5.486028e-07,4.7535587e-13,-4.76974e-14,5.5879354e-09,2.3283064e-10,-3.7252903e-09,1.0,-1.489095e-10,-8.781334e-10,-8.472538e-11,0.0,0.0,0.0,0.0,0.0,0.0,0.65761435,0.1505088,0.11005834,0.99998707,-0.0029613166,0.004132549,0.00016523735,0.000245594,-0.0005850252,-0.00020061739,0.0055640214,0.0018272245,-0.0006689949,0.4235057,0.067229316,0.02099997,1.0,-1.9910424e-06,-9.371933e-07,-2.0439202e-06,-4.029819e-06,9.192604e-06,-1.9099285e-05,-0.0012764573,-0.0001597994,-5.070983e-05
0.0,0.0,0.0,0.0,0.0,0.0,1.0,0.65761435,0.1505088,0.11005834,0.4235057,0.067229316,0.020999974,0.46333355,4.734474e-08,0.38548768,0.008603483,0.9216111,0.02046284,0.38747975,-3.0564937e-08,-0.569,4.00586e-08,-2.81,1.2787771e-08,3.037,0.741,0.04,0.04,-2.8205645e-07,2.820746e-07,3.8906447e-07,-7.285975e-10,1.2741637e-07,-3.1591357e-10,5.486028e-07,4.7535587e-13,-4.76974e-14,0.0,0.0,0.0,0.0,0.0,0.0,0.04,0.04,-4.037404e-08,-0.569,5.3422553e-08,-2.81,1.7170192e-08,3.037,0.741,0.04,0.04,-2.8222178e-07,2.8262485e-07,3.8894717e-07,-1.1681549e-09,1.274992e-07,-3.7920161e-10,5.4860453e-07,3.5679596e-14,-2.3198059e-13,5.5879354e-09,2.3283064e-10,-3.7252903e-09,1.0,-1.489095e-10,-8.781334e-10,-8.472538e-11,0.0,0.0,0.0,0.0,0.0,0.0,0.657612,0.15051383,0.11006087,0.99998707,-0.0029831578,0.0041232035,0.00016580481,0.00045244017,7.37122e-05,-0.00022040126,0.00016536495,0.00439751,0.00012402385,0.42350453,0.06723066,0.020999985,1.0,-1.3079817e-05,-8.78165e-06,-2.1950145e-06,0.00010703978,6.645219e-05,-0.00021400099,-0.0071316147,0.00090825366,1.32046425e-05
0.0,0.0,0.0,0.0,0.0,0.0,1.0,0.657612,0.15051383,0.11006087,0.42350453,0.06723066,0.020999989,0.46333355,4.734474e-08,0.38548768,0.008603483,0.9216111,0.02046284,0.38747975,-4.037404e-08,-0.569,5.3422553e-08,-2.81,1.7170192e-08,3.037,0.741,0.04,0.04,-2.8222178e-07,2.8262485e-07,3.8894717e-07,-1.1681549e-09,1.274992e-07,-3.7920161e-10,5.4860453e-07,3.5679596e-14,-2.3198059e-13,0.0,0.0,0.0,0.0,0.0,0.0,0.04,0.04,-5.0185403e-08,-0.569,6.678491e-08,-2.81,2.1553818e-08,3.037,0.741,0.04,0.04,-2.8224198e-07,2.8271003e-07,3.8893322e-07,-1.2368611e-09,1.2751141e-07,-3.8909043e-10,5.4860465e-07,-5.521387e-14,-2.9233284e-13,5.5879354e-09,2.3283064e-10,-3.7252903e-09,1.0,-1.489095e-10,-8.781334e-10,-8.472538e-11,0.0,0.0,0.0,0.0,0.0,0.0,0.6576102,0.15052074,0.1100624,0.99998695,-0.0030101761,0.004116077,0.00016749513,0.0013917321,-0.0020092109,-0.0009981003,0.017255379,0.011282636,-0.0024174175,0.42350456,0.06723063,0.02099996,1.0,-1.2730943e-05,-8.979253e-06,-2.26982e-06,0.00010492434,6.2750485e-05,-0.00021179218,-0.007000669,0.00086873554,1.710424e-05
0.0,0.0,0.0,0.0,0.0,0.0,1.0,0.6576102,0.15052074,0.110062405,0.42350456,0.06723063,0.020999964,0.46333355,4.734474e-08,0.38548768,0.008603483,0.9216111,0.02046284,0.38747975,-5.0185403e-08,-0.569,6.678491e-08,-2.81,2.1553818e-08,3.037,0.741,0.04,0.04,-2.8224198e-07,2.8271003e-07,3.8893322e-07,-1.2368611e-09,1.2751141e-07,-3.8909043e-10,5.4860465e-07,-5.521387e-14,-2.9233284e-13,0.0,0.0,0.0,0.0,0.0,0.0,0.04,0.04,-5.999703e-08,-0.569,8.0147124e-08,-2.81,2.5937622e-08,3.037,0.741,0.04,0.04,-2.8224446e-07,2.8272325e-07,3.8893165e-07,-1.2476049e-09,1.2751327e-07,-3.9051373e-10,5.4860476e-07,-4.5026998e-14,-7.9872453e-13,5.5879354e-09,2.3283064e-10,-3.7252903e-09,1.0,-1.489095e-10,-8.781334e-10,-8.472538e-11,0.0,0.0,0.0,0.0,0.0,0.0,0.6576143,0.1505089,0.11005843,0.99998707,-0.0029621297,0.004132319,0.00016515594,0.00024866534,-0.0005245139,-0.0001766861,0.0049854303,0.0017620951,-0.0007133815,0.42350456,0.067230634,0.020999942,1.0,-1.2440207e-05,-8.3488885e-06,-2.0609093e-06,0.00010699029,6.212522e-05,-0.00021232119,-0.0070033893,0.0009078249,1.6046743e-05
0.0,0.0,0.0,0.0,0.0,0.0,1.0,0.6576143,0.1505089,0.11005843,0.42350456,0.067230634,0.020999946,0.46333355,4.734474e-08,0.38548768,0.008603483,0.9216111,0.02046284,0.38747975,-5.999703e-08,-0.569,8.0147124e-08,-2.81,2.5937622e-08,3.037,0.741,0.04,0.04,-2.8224446e-07,2.8272325e-07,3.8893165e-07,-1.2476049e-09,1.2751327e-07,-3.9051373e-10,5.4860476e-07,-4.5026998e-14,-7.9872453e-13,0.0,0.0,0.0,0.0,0.0,0.0,0.04,0.04,-6.98087e-08,-0.569,9.350932e-08,-2.81,3.0321456e-08,3.037,0.741,0.04,0.04,-2.8224486e-07,2.827253e-07,3.8893145e-07,-1.2493087e-09,1.275135e-07,-3.9071052e-10,5.4860476e-07,-2.8350637e-14,-9.404593e-13,5.5879354e-09,2.3283064e-10,-3.7252903e-09,1.0,-1.489095e-10,-8.781334e-10,-8.472538e-11,0.0,0.0,0.0,0.0,0.0,0.0,0.6576106,0.15051356,0.11006155,0.99998707,-0.002981493,0.0041173357,0.00016607497,0.00044327514,0.00028851145,-0.00027736355,-0.0022046394,0.004427986,0.00013781221,0.42350456,0.06723063,0.020999938,1.0,-1.2615794e-05,-8.512225e-06,-2.044914e-06,0.00010560048,6.2825544e-05,-0.00021200065,-0.0070074014,0.00088250247,1.6509319e-05
0.0,0.0,0.0,0.0,0.0,0.0,1.0,0.6576106,0.15051356,0.110061556,0.42350456,0.06723063,0.020999942,0.46333355,4.734474e-08,0.38548768,0.008603483,0.9216111,0.02046284,0.38747975,-6.98087e-08,-0.569,9.350932e-08,-2.81,3.0321456e-08,3.037,0.741,0.04,0.04,-2.8224486e-07,2.827253e-07,3.8893145e-07,-1.2493087e-09,1.275135e-07,-3.9071052e-10,5.4860476e-07,-2.8350637e-14,-9.404593e-13,0.0,0.0,0.0,0.0,0.0,0.0,0.04,0.04,-7.962037e-08,-0.569,1.0687151e-07,-2.81,3.4705298e-08,3.037,0.741,0.04,0.04,-2.822448e-07,2.827256e-07,3.889313e-07,-1.2495673e-09,1.2751357e-07,-3.9074918e-10,5.4860476e-07,-4.1362713e-14,-9.734438e-13,5.5879354e-09,2.3283064e-10,-3.7252903e-09,1.0,-1.489095e-10,-8.781334e-10,-8.472538e-11,0.0,0.0,0.0,0.0,0.0,0.0,0.6576102,0.15052077,0.110062376,0.99998695,-0.0030104604,0.004115897,0.00016751456,0.0013921342,-0.0020048004,-0.0010006991,0.017205711,0.011275616,-0.0024192075,0.42350456,0.067230634,0.020999935,1.0,-1.2671128e-05,-8.557726e-06,-2.0519578e-06,0.00010709926,6.217701e-05,-0.00021213722,-0.0070005767,0.0009105221,1.570958e-05
0.0,0.0,0.0,0.0,0.0,0.0,1.0,0.6576102,0.15052077,0.110062376,0.42350456,0.067230634,0.020999938,0.46333355,4.734474e-08,0.38548768,0.008603483,0.9216111,0.02046284,0.38747975,-7.962037e-08,-0.569,1.0687151e-07,-2.81,3.4705298e-08,3.037,0.741,0.04,0.04,-2.822448e-07,2.827256e-07,3.889313e-07,-1.2495673e-09,1.2751357e-07,-3.9074918e-10,5.4860476e-07,-4.1362713e-14,-9.734438e-13,0.0,0.0,0.0,0.0,0.0,0.0,0.04,0.04,-8.943205e-08,-0.569,1.202337e-07,-2.81,3.908914e-08,3.037,0.741,0.04,0.04,-2.8224488e-07,2.8272567e-07,3.8893137e-07,-1.2495408e-09,1.2751354e-07,-3.908434e-10,5.486048e-07,-1.6138444e-14,-9.726473e-13,5.5879354e-09,2.3283064e-10,-3.7252903e-09,1.0,-1.489095e-10,-8.781334e-10,-8.472538e-11,0.0,0.0,0.0,0.0,0.0,0.0,0.65761435,0.15050888,0.11005839,0.99998707,-0.0029619478,0.0041322215,0.00016524058,0.0002499315,-0.0005571761,-0.0001849944,0.0052898815,0.001814057,-0.0006985941,0.42350456,0.06723064,0.02099999,1.0,-1.274317e-05,-8.610225e-06,-2.0291175e-06,0.00010707404,6.19745e-05,-0.00021232954,-0.007001253,0.0009086631,1.6106962e-05
0.0,0.0,0.0,0.0,0.0,0.0,1.0,0.65761435,0.15050888,0.1100584,0.42350456,0.06723064,0.020999994,0.46333355,4.734474e-08,0.38548768,0.008603483,0.9216111,0.02046284,0.38747975,-8.943205e-08,-0.569,1.202337e-07,-2.81,3.908914e-08,3.037,0.741,0.04,0.04,-2.8224488e-07,2.8272567e-07,3.8893137e-07,-1.2495408e-09,1.2751354e-07,-3.908434e-10,5.486048e-07,-1.6138444e-14,-9.726473e-13,0.0,0.0,0.0,0.0,0.0,0.0,0.04,0.04,-9.9243735e-08,-0.569,1.3359579e-07,-2.81,4.3472983e-08,3.037,0.741,0.04,0.04,-2.8224488e-07,2.8272567e-07,3.889313e-07,-1.2495731e-09,1.2751353e-07,-3.9082163e-10,5.4860476e-07,-4.5778675e-15,-9.17304e-13,5.5879354e-09,2.3283064e-10,-3.7252903e-09,1.0,-1.489095e-10,-8.781334e-10,-8.472538e-11,0.0,0.0,0.0,0.0,0.0,0.0,0.6576106,0.15051363,0.11006153,0.999987,-0.0029817715,0.004117196,0.00016602126,0.0004459725,0.0002883891,-0.0002765484,-0.0022119894,0.004454029,0.00013313329,0.42350456,0.06723064,0.020999994,1.0,-1.2619583e-05,-8.571657e-06,-2.1812139e-06,0.000106458996,6.229117e-05,-0.00021256521,-0.0069896327,0.0009183807,1.6608312e-05
-0.2,0.0,0.0,0.0,0.0,0.0,1.0,0.6576106,0.15051363,0.11006153,0.42350456,0.06723064,0.020999998,0.46333355,4.734474e-08,0.38548768,0.008603483,0.9216111,0.02046284,0.38747975,-9.9243735e-08,-0.569,1.3359579e-07,-2.81,4.3472983e-08,3.037,0.741,0.04,0.04,-2.8224488e-07,2.8272567e-07,3.889313e-07,-1.2495731e-09,1.2751353e-07,-3.9082163e-10,5.4860476e-07,-4.5778675e-15,-9.17304e-13,-0.1,0.0,0.0,0.0,0.0,0.0,0.04,0.04,-0.0008636793,-0.6150862,-0.00052827894,-2.8469028,0.00040897477,3.0195372,0.7409617,0.04,0.03999735,-0.009120637,-1.6776735,-0.006584461,-1.2323319,0.007106032,-0.50529075,-0.0007222394,1.8325387e-05,-9.071283e-05,5.5879354e-09,2.3283064e-10,-3.7252903e-09,1.0,-1.489095e-10,-8.781334e-10,-8.472538e-11,0.0,0.0,0.0,0.0,0.0,0.0,0.6576102,0.15052076,0.1100624,0.99998695,-0.003010038,0.0041160984,0.00016737566,0.0013917461,-0.0019960809,-0.001001495,0.0171206,0.011269986,-0.0024156228,0.42350456,0.06723064,0.02099999,1.0,-1.2730984e-05,-8.599292e-06,-2.1096992e-06,0.00010643688,6.2271916e-05,-0.00021255483,-0.0069887205,0.000918389,1.6648248e-05
-0.2,0.0,0.0,0.0,0.0,0.0,1.0,0.6576102,0.15052076,0.110062405,0.42350456,0.06723064,0.020999994,0.4500046,-0.0006231283,0.38200638,0.00853315,0.9232248,0.019681811,0.38366112,-0.0008636793,-0.6150862,-0.00052827894,-2.8469028,0.00040897477,3.0195372,0.7409617,0.04,0.03999735,-0.009120637,-1.6776735,-0.006584461,-1.2323319,0.007106032,-0.50529075,-0.0007222394,1.8325387e-05,-9.071283e-05,-0.1,0.0,0.0,0.0,0.0,0.0,0.04,0.04,-0.0010479232,-0.6760632,-0.00065040303,-2.8884032,0.0004929609,2.9986289,0.7409193,0.04,0.0399977,0.00026376467,-1.7885233,0.00050987565,-1.1613979,-0.00043612835,-0.6084286,-0.001286672,3.326762e-07,2.9525896e-05,5.5879354e-09,2.3283064e-10,-3.7252903e-09,1.0,-1.489095e-10,-8.781334e-10,-8.472538e-11,0.0,0.0,0.0,0.0,0.0,0.0,0.65761435,0.15050887,0.11005845,0.999987,-0.0029618205,0.0041323774,0.00016516984,0.00024979716,-0.0005368239,-0.00018180726,0.0051067146,0.0017864754,-0.0007071451,0.42350456,0.06723064,0.020999994,1.0,-1.2616256e-05,-8.595311e-06,-2.0584598e-06,0.00010721505,6.181814e-05,-0.00021272022,-0.0069855624,0.00093191466,1.6423572e-05
-0.2,0.0,0.0,0.0,0.0,0.0,1.0,0.65761435,0.15050887,0.11005846,0.42350456,0.06723064,0.020999998,0.4347221,-0.0007239123,0.38105232,0.008503616,0.92350245,0.019533724,0.38300046,-0.0010479232,-0.6760632,-0.00065040303,-2.8884032,0.0004929609,2.9986289,0.7409193,0.04,0.0399977,0.00026376467,-1.7885233,0.00050987565,-1.1613979,-0.00043612835,-0.6084286,-0.001286672,3.326762e-07,2.9525896e-05,-0.1,0.0,0.0,0.0,0.0,0.0,0.04,0.04,-0.0011318573,-0.74094194,-0.000691748,-2.9285104,0.0004888439,2.973427,0.7408713,0.04,0.039998706,0.00044495834,-1.8980234,0.0009053282,-1.1355119,-0.0012312573,-0.73247504,-0.001275274,-1.4259294e-08,1.9654517e-05,5.5879354e-09,2.3283064e-10,-3.7252903e-09,1.0,-1.489095e-10,-8.781334e-10,-8.472538e-11,0.0,0.0,0.0,0.0,0.0,0.0,0.6576106,0.1505136,0.11006151,0.999987,-0.0029815077,0.0041172877,0.00016604394,0.00044636894,0.00028831878,-0.00027947742,-0.002205415,0.004458843,0.0001350873,0.42350456,0.06723064,0.02099999,1.0,-1.2741647e-05,-8.556092e-06,-2.172304e-06,0.00010639695,6.242059e-05,-0.00021255958,-0.006991561,0.0009179591,1.6539709e-05
-0.2,0.0,0.0,0.0,0.0,0.0,1.0,0.6576106,0.1505136,0.11006151,0.42350456,0.06723064,0.020999994,0.41958266,-0.00073651905,0.38057998,0.008493066,0.9235855,0.019510835,0.38280153,-0.0011318573,-0.74094194,-0.000691748,-2.9285104,0.0004888439,2.973427,0.7408713,0.04,0.039998706,0.00044495834,-1.8980234,0.0009053282,-1.1355119,-0.0012312573,-0.73247504,-0.001275274,-1.4259294e-08,1.9654517e-05,-0.1,0.0,0.0,0.0,0.0,0.0,0.04,0.04,-0.0012196084,-0.809824,-0.0007326905,-2.9676423,0.00047509902,2.943325,0.7408194,0.04,0.039999273,0.00018981395,-2.0158093,0.0010105376,-1.1088343,-0.0013493681,-0.8724205,-0.001377154,-2.2023206e-08,1.0173572e-05,5.5879354e-09,2.3283064e-10,-3.7252903e-09,1.0,-1.489095e-10,-8.781334e-10,-8.472538e-11,0.0,0.0,0.0,0.0,0.0,0.0,0.6576102,0.15052074,0.11006236,0.99998695,-0.0030099682,0.0041161636,0.0001674959,0.0013925896,-0.0020013922,-0.0010012944,0.017172059,0.011279193,-0.0024179604,0.42350456,0.06723064,0.020999994,1.0,-1.2626579e-05,-8.55484e-06,-2.121154e-06,0.000106464424,6.220491e-05,-0.00021255824,-0.0069875945,0.00091848517,1.6678212e-05
-0.2,0.0,0.0,0.0,0.0,0.0,1.0,0.6576102,0.15052074,0.11006236,0.42350456,0.06723064,0.020999998,0.40447867,-0.0007440227,0.3801361,0.008483201,0.9236529,0.019495875,0.38263986,-0.0012196084,-0.809824,-0.0007326905,-2.9676423,0.00047509902,2.943325,0.7408194,0.04,0.039999273,0.00018981395,-2.0158093,0.0010105376,-1.1088343,-0.0013493681,-0.8724205,-0.001377154,-2.2023206e-08,1.0173572e-05,-0.1,0.0,0.0,0.0,0.0,0.0,0.04,0.04,-0.0013064041,-0.8819446,-0.00077480846,-3.005609,0.00043292498,2.9077535,0.7407645,0.04,0.039999627,-0.0008353031,-2.1310983,0.0007705003,-1.0871245,0.00090024725,-1.0301634,-0.0013767218,1.3696592e-07,7.2790695e-06,5.5879354e-09,2.3283064e-10,-3.7252903e-09,1.0,-1.489095e-10,-8.781334e-10,-8.472538e-11,0.0,0.0,0.0,0.0,0.0,0.0,0.65761435,0.15050888,0.11005837,0.99998707,-0.0029620484,0.0041323854,0.00016525379,0.00024992262,-0.0005583714,-0.00018649016,0.0053046723,0.0018170504,-0.00069580425,0.42350456,0.06723064,0.02099999,1.0,-1.2741793e-05,-8.580889e-06,-2.0305308e-06,0.00010701211,6.212109e-05,-0.00021232353,-0.0070036273,0.00090803485,1.6024673e-05
-0.2,0.0,0.0,0.0,0.0,0.0,1.0,0.65761435,0.15050888,0.11005837,0.42350456,0.06723064,0.020999994,0.38949883,-0.00074434857,0.37928683,0.008467138,0.9239241,0.019501865,0.38198474,-0.0013064041,-0.8819446,-0.00077480846,-3.005609,0.00043292498,2.9077535,0.7407645,0.04,0.039999627,-0.0008353031,-2.1310983,0.0007705003,-1.0871245,0.00090024725,-1.0301634,-0.0013767218,1.3696592e-07,7.2790695e-06,-0.1,0.0,0.0,0.0,0.0,0.0,0.04,0.04,-0.0013722137,-0.9544822,-0.00081597525,-3.0421152,0.00029627385,2.8662462,0.7407095,0.039999854,0.03999984,-0.0021244083,-2.172699,0.00048344606,-1.0652161,0.0067776376,-1.2025849,-0.0012054158,-2.4044342e-05,2.91152e-05,5.5879354e-09,2.3283064e-10,-3.7252903e-09,1.0,-1.489095e-10,-8.781334e-10,-8.472538e-11,0.0,0.0,0.0,0.0,0.0,0.0,0.657612,0.15051381,0.11006087,0.999987,-0.002983398,0.004123169,0.00016578361,0.0004502096,7.575203e-05,-0.00021942896,0.00013937026,0.004374749,0.000122952,0.42350456,0.06723064,0.020999994,1.0,-1.26187715e-05,-8.5418305e-06,-2.1826243e-06,0.00010645711,6.2291634e-05,-0.00021256521,-0.0069895633,0.0009185622,1.661483e-05
0.0,0.0,0.0,0.0,0.0,0.0,1.0,0.657612,0.15051381,0.11006087,0.42350456,0.06723064,0.020999998,0.3748453,-0.00072865636,0.3769769,0.008431196,0.9249652,0.019575298,0.37945345,-0.0013722137,-0.9544822,-0.00081597525,-3.0421152,0.00029627385,2.8662462,0.7407095,0.039999854,0.03999984,-0.0021244083,-2.172699,0.00048344606,-1.0652161,0.0067776376,-1.2025849,-0.0012054158,-2.4044342e-05,2.91152e-05,0.0,0.0,0.0,0.0,0.0,0.0,0.04,0.04,-0.00065373036,-0.96959156,-0.00023023892,-3.0468194,-1.365588e-05,2.8660917,0.7407339,0.039997898,0.039999813,0.0033986242,-0.01627829,0.0020483038,0.038317144,-0.007830984,-0.005344095,1.617683e-05,-7.1900804e-06,-1.1966096e-05,5.5879354e-09,2.3283064e-10,-3.7252903e-09,1.0,-1.489095e-10,-8.781334e-10,-8.472538e-11,0.0,0.0,0.0,0.0,0.0,0.0,0.6576102,0.15052074,0.11006238,0.9999869,-0.003010072,0.004116154,0.0001674891,0.0013919359,-0.0020034146,-0.0009988211,0.017198574,0.011283763,-0.0024152494,0.42350456,0.06723064,0.02099999,1.0,-1.2747714e-05,-8.540005e-06,-2.1122266e-06,0.00010622458,6.257282e-05,-0.00021214651,-0.007006752,0.0008941076,1.6250437e-05
0.0,0.0,0.0,0.0,0.0,0.0,1.0,0.6576102,0.15052074,0.11006239,0.42350456,0.06723064,0.020999994,0.3731915,-0.00030117255,0.37983865,0.008648753,0.9229936,0.02022314,0.38418624,-0.00065373036,-0.96959156,-0.00023023892,-3.0468194,-1.365588e-05,2.8660917,0.7407339,0.039997898,0.039999813,0.0033986242,-0.01627829,0.0020483038,0.038317144,-0.007830984,-0.005344095,1.617683e-05,-7.1900804e-06,-1.1966096e-05,0.0,0.0,0.0,0.0,0.0,0.0,0.04,0.04,-0.00062940974,-0.9698814,-0.00022511824,-3.0464115,-8.309597e-05,2.8661292,0.74073553,0.039998796,0.039999995,-9.66004e-06,-0.004109991,-0.00014207947,0.00091075536,-0.0005015023,-0.00048345857,0.00016291789,2.5843274e-05,-1.2221076e-06,5.5879354e-09,2.3283064e-10,-3.7252903e-09,1.0,-1.489095e-10,-8.781334e-10,-8.472538e-11,0.0,0.0,0.0,0.0,0.0,0.0,0.65761435,0.15050887,0.11005832,0.99998707,-0.0029616912,0.0041324385,0.00016510363,0.00025539647,-0.0005955647,-0.00019640735,0.005632081,0.0019158518,-0.0006884652,0.42350456,0.06723064,0.020999994,1.0,-1.2637997e-05,-8.53554e-06,-2.0419684e-06,0.00010721663,6.1817955e-05,-0.00021272886,-0.0069854273,0.00093210617,1.6424317e-05
0.0,0.0,0.0,0.0,0.0,0.0,1.0,0.65761435,0.15050887,0.11005832,0.42350456,0.06723064,0.020999998,0.37326255,-0.0002889876,0.3801942,0.008674443,0.9228515,0.020259708,0.3845251,-0.00062940974,-0.9698814,-0.00022511824,-3.0464115,-8.309597e-05,2.8661292,0.74073553,0.039998796,0.039999995,-9.66004e-06,-0.004109991,-0.00014207947,0.00091075536,-0.0005015023,-0.00048345857,0.00016291789,2.5843274e-05,-1.2221076e-06,0.0,0.0,0.0,0.0,0.0,0.0,0.04,0.04,-0.0006285378,-0.96992207,-0.00022558485,-3.0463908,-8.828426e-05,2.8661325,0.74073553,0.039999392,0.03999999,9.064835e-06,-0.00029722232,-3.6281058e-06,0.00011756031,-4.4207183e-05,-4.2756546e-05,1.181666e-05,1.2361976e-05,5.2259068e-08,5.5879354e-09,2.3283064e-10,-3.7252903e-09,1.0,-1.489095e-10,-8.781334e-10,-8.472538e-11,0.0,0.0,0.0,0.0,0.0,0.0,0.657612,0.15051378,0.110060886,0.99998707,-0.0029830474,0.0041232724,0.00016579847,0.0004515745,7.324014e-05,-0.00022284039,0.00017624171,0.0043892176,0.00012604045,0.42350456,0.06723064,0.02099999,1.0,-1.2751254e-05,-8.566181e-06,-2.0293296e-06,0.00010701159,6.212363e-05,-0.00021231937,-0.007003776,0.000907821,1.6020795e-05
0.0,0.2,0.0,0.0,0.0,0.0,1.0,0.657612,0.15051378,0.110060886,0.42350456,0.06723064,0.020999994,0.37326515,-0.00028866978,0.38022232,0.008676589,0.9228389,0.020261705,0.38455507,-0.0006285378,-0.96992207,-0.00022558485,-3.0463908,-8.828426e-05,2.8661325,0.74073553,0.039999392,0.03999999,9.064835e-06,-0.00029722232,-3.6281058e-06,0.00011756031,-4.4207183e-05,-4.2756546e-05,1.181666e-05,1.2361976e-05,5.2259068e-08,0.0,0.1,0.0,0.0,0.0,0.0,0.04,0.04,0.0041833334,-0.9695691,0.041894607,-3.0452466,0.009127453,2.865994,0.78663546,0.04,0.03994621,0.27541453,0.012692955,1.3859665,0.026830664,0.22214596,-0.0060828235,1.2659332,1.24862545e-05,0.0012884688,5.5879354e-09,2.3283064e-10,-3.7252903e-09,1.0,-1.489095e-10,-8.781334e-10,-8.472538e-11,0.0,0.0,0.0,0.0,0.0,0.0,0.6576102,0.1505207,0.11006242,0.99998695,-0.0030099084,0.004116165,0.0001675177,0.001392023,-0.0020034516,-0.0009988388,0.017198963,0.011284737,-0.0024152687,0.42350456,0.06723064,0.020999994,1.0,-1.2628215e-05,-8.527155e-06,-2.181422e-06,0.0001064588,6.229135e-05,-0.00021256496,-0.0069896453,0.0009184952,1.6615928e-05
0.0,0.2,0.0,0.0,0.0,0.0,1.0,0.6576102,0.1505207,0.11006242,0.42350456,0.06723064,0.020999998,0.37333295,0.011808697,0.38055962,0.007501871,0.9227934,0.015369505,0.38491544,0.0041833334,-0.9695691,0.041894607,-3.0452466,0.009127453,2.865994,0.78663546,0.04,0.03994621,0.27541453,0.012692955,1.3859665,0.026830664,0.22214596,-0.0060828235,1.2659332,1.24862545e-05,0.0012884688,0.0,0.1,0.0,0.0,0.0,0.0,0.04,0.04,0.013064454,-0.9675414,0.09056402,-3.0427105,0.017494675,2.8655136,0.83248967,0.03999461,0.039974824,0.26102188,0.0798756,1.3754896,0.089001715,0.22655746,-0.01566726,1.266194,-0.00034762596,0.0009453905,5.5879354e-09,2.3283064e-10,-3.7252903e-09,1.0,-1.489095e-10,-8.781334e-10,-8.472538e-11,0.0,0.0,0.0,0.0,0.0,0.0,0.65761435,0.1505089,0.11005844,0.99998707,-0.0029619364,0.004132449,0.00016515072,0.0002503557,-0.0005310859,-0.00017746838,0.0050431215,0.0017819678,-0.0007149879,0.42350456,0.06723064,0.02099999,1.0,-1.2757162e-05,-8.5253805e-06,-2.1110384e-06,0.00010622619,6.257398e-05,-0.00021214868,-0.007006797,0.0008940491,1.6244654e-05
0.0,0.2,0.0,0.0,0.0,0.0,1.0,0.65761435,0.1505089,0.11005844,0.42350456,0.06723064,0.020999994,0.37317216,0.027195672,0.38054496,0.007505,0.9227251,0.015512496,0.3850732,0.013064454,-0.9675414,0.09056402,-3.0427105,0.017494675,2.8655136,0.83248967,0.03999461,0.039974824,0.26102188,0.0798756,1.3754896,0.089001715,0.22655746,-0.01566726,1.266194,-0.00034762596,0.0009453905,0.0,0.1,0.0,0.0,0.0,0.0,0.04,0.04,0.021314826,-0.9631725,0.13904537,-3.0378337,0.025709093,2.8647082,0.8780422,0.03999468,0.03998902,0.24098699,0.14513993,1.3712459,0.15743685,0.22082634,-0.024426846,1.2562431,-0.00034833548,0.00065898726,5.5879354e-09,2.3283064e-10,-3.7252903e-09,1.0,-1.489095e-10,-8.781334e-10,-8.472538e-11,0.0,0.0,0.0,0.0,0.0,0.0,0.6576106,0.1505136,0.110061556,0.9999871,-0.0029817163,0.0041173054,0.00016614291,0.0004449541,0.00028827513,-0.00027803666,-0.0022026626,0.0044450983,0.000137002,0.42350456,0.06723064,0.020999994,1.0,-1.2649167e-05,-8.526317e-06,-2.099749e-06,0.00010643048,6.226966e-05,-0.00021255393,-0.006988791,0.0009180118,1.6650203e-05
0.0,0.0,0.0,0.0,0.0,0.0,1.0,0.6576106,0.1505136,0.110061556,0.42350456,0.06723064,0.020999998,0.3729976,0.04257765,0.38047454,0.007470221,0.92268085,0.015622884,0.38517532,0.021314826,-0.9631725,0.13904537,-3.0378337,0.025709093,2.8647082,0.8780422,0.03999468,0.03998902,0.24098699,0.14513993,1.3712459,0.15743685,0.22082634,-0.024426846,1.2562431,-0.00034833548,0.00065898726,0.0,0.0,0.0,0.0,0.0,0.0,0.04,0.04,0.025434587,-0.9626809,0.1454953,-3.0372667,0.02493511,2.8647866,0.87811565,0.03993928,0.04,-0.0042157164,-0.006818575,-0.008636513,-0.0041972185,0.005715187,-0.00081385445,0.004372129,0.0009952772,2.2436236e-05,5.5879354e-09,2.3283064e-10,-3.7252903e-09,1.0,-1.489095e-10,-8.781334e-10,-8.472538e-11,0.0,0.0,0.0,0.0,0.0,0.0,0.65761113,0.15052052,0.11006202,0.999987,-0.0030095791,0.0041199797,0.0001670123,0.0007923822,-0.0023350895,-0.00069573673,0.020542046,0.005979366,-0.0021878546,0.42350456,0.067230634,0.020999998,1.0,-1.2534027e-05,-8.522357e-06,-2.0485404e-06,0.000107190695,6.191012e-05,-0.00021272444,-0.0069869915,0.0009319151,1.6361926e-05
0.0,0.0,0.0,0.0,0.0,0.0,1.0,0.65761113,0.15052052,0.11006202,0.42350456,0.067230634,0.021000002,0.37278432,0.045812767,0.38044775,0.008598298,0.9225259,0.020533353,0.38529256,0.025434587,-0.9626809,0.1454953,-3.0372667,0.02493511,2.8647866,0.87811565,0.03993928,0.04,-0.0042157164,-0.006818575,-0.008636513,-0.0041972185,0.005715187,-0.00081385445,0.004372129,0.0009952772,2.2436236e-05,0.0,0.0,0.0,0.0,0.0,0.0,0.04,0.04,0.025394285,-0.9627225,0.1454446,-3.0372796,0.024946459,2.8647861,0.87811536,0.03996925,0.039999463,9.337993e-05,2.5979916e-06,7.752866e-05,0.00012711974,-6.317438e-05,-9.258582e-06,-4.5642435e-05,0.00061976875,8.801054e-06,5.5879354e-09,2.3283064e-10,-3.7252903e-09,1.0,-1.489095e-10,-8.781334e-10,-8.472538e-11,0.0,0.0,0.0,0.0,0.0,0.0,0.6576143,0.1505092,0.11005839,0.999987,-0.0029628526,0.004132446,0.00016526274,0.00029096578,-0.00056804135,-0.00014962969,0.005174963,0.0021550118,-0.00082751835,0.42350456,0.06723064,0.021000002,1.0,-1.2718572e-05,-8.620284e-06,-2.1892463e-06,0.000106209794,6.225143e-05,-0.00021245204,-0.007008278,0.00089130364,1.685447e-05
0.0,0.0,0.0,0.0,0.0,0.0,1.0,0.6576143,0.1505092,0.1100584,0.42350456,0.06723064,0.021000005,0.37278324,0.045783486,0.3804573,0.008589685,0.92252177,0.02048847,0.3853051,0.025394285,-0.9627225,0.1454446,-3.0372796,0.024946459,2.8647861,0.87811536,0.03996925,0.039999463,9.337993e-05,2.5979916e-06,7.752866e-05,0.00012711974,-6.317438e-05,-9.258582e-06,-4.5642435e-05,0.00061976875,8.801054e-06,0.0,0.0,0.0,0.0,0.0,0.0,0.04,0.04,0.02539498,-0.9627225,0.14544512,-3.0372796,0.024946153,2.8647861,0.87811536,0.03998414,0.039999742,-1.6038521e-07,-5.1354687e-06,-1.7792985e-06,9.010576e-06,-5.7348075e-07,2.07782e-06,5.1343517e-07,0.0003185813,5.477504e-06,5.5879354e-09,2.3283064e-10,-3.7252903e-09,1.0,-1.489095e-10,-8.781334e-10,-8.472538e-11,0.0,0.0,0.0,0.0,0.0,0.0,0.657612,0.15051383,0.110060856,0.99998707,-0.0029832632,0.0041233543,0.00016578798,0.00044856116,7.585646e-05,-0.00022374843,0.00015021572,0.0043591857,0.0001279967,0.42350456,0.06723064,0.020999938,1.0,-1.280341e-05,-8.638414e-06,-2.0487796e-06,0.00010706709,6.196412e-05,-0.00021233014,-0.0070010955,0.0009084775,1.6129823e-05
0.0,0.0,0.0,0.0,0.0,0.0,1.0,0.657612,0.15051383,0.110060856,0.42350456,0.06723064,0.020999942,0.3727831,0.04578397,0.3804574,0.008589745,0.9225217,0.020489186,0.38530514,0.02539498,-0.9627225,0.14544512,-3.0372796,0.024946153,2.8647861,0.87811536,0.03998414,0.039999742,-1.6038521e-07,-5.1354687e-06,-1.7792985e-06,9.010576e-06,-5.7348075e-07,2.07782e-06,5.1343517e-07,0.0003185813,5.477504e-06,0.0,0.0,0.0,0.0,0.0,0.0,0.04,0.04,0.02539498,-0.9627225,0.14544512,-3.0372796,0.024946153,2.8647861,0.87811536,0.039991822,0.03999986,-7.789159e-07,-1.8882425e-07,4.350705e-07,8.549657e-07,1.818106e-07,2.2516697e-06,1.3674722e-06,0.00016429363,2.8685604e-06,5.5879354e-09,2.3283064e-10,-3.7252903e-09,1.0,-1.489095e-10,-8.781334e-10,-8.472538e-11,0.0,0.0,0.0,0.0,0.0,0.0,0.65761024,0.15052076,0.11006244,0.999987,-0.003010358,0.0041161063,0.00016741584,0.00139386,-0.0020040825,-0.0009999737,0.017203756,0.011301676,-0.0024168475,0.42350456,0.067230634,0.02099995,1.0,-1.2703263e-05,-8.783458e-06,-2.1803112e-06,0.00010635079,6.242336e-05,-0.00021205799,-0.007002428,0.00089602015,1.6169088e-05
0.2,0.0,0.0,0.0,0.0,0.0,1.0,0.65761024,0.15052076,0.11006245,0.42350456,0.067230634,0.020999953,0.3727831,0.04578397,0.3804574,0.008589745,0.9225217,0.020489186,0.38530514,0.02539498,-0.9627225,0.14544512,-3.0372796,0.024946153,2.8647861,0.87811536,0.039991822,0.03999986,-7.789159e-07,-1.8882425e-07,4.350705e-07,8.549657e-07,1.818106e-07,2.2516697e-06,1.3674722e-06,0.00016429363,2.8685604e-06,0.1,0.0,0.0,0.0,0.0,0.0,0.04,0.04,0.015192886,-0.8999201,0.14789629,-3.0056236,0.020858169,2.9101698,0.8748315,0.039992522,0.039999623,-0.37386808,2.1715767,0.03028031,1.0641805,-0.110608175,1.2180496,-0.08707723,5.4786968e-05,-2.1667e-05,5.5879354e-09,2.3283064e-10,-3.7252903e-09,1.0,-1.489095e-10,-8.781334e-10,-8.472538e-11,0.0,0.0,0.0,0.0,0.0,0.0,0.65761435,0.15050891,0.11005833,0.99998707,-0.002962168,0.00413248,0.0001652577,0.00024995324,-0.00055626663,-0.00018539489,0.0052827545,0.0018137228,-0.0006984869,0.42350453,0.06723065,0.02099995,1.0,-1.287721e-05,-8.885289e-06,-2.0741386e-06,0.00010543776,6.303802e-05,-0.0002117224,-0.007027267,0.00085807184,1.6253629e-05
0.0,0.0,0.0,0.0,0.0,0.0,1.0,0.65761435,0.15050891,0.11005834,0.42350453,0.06723065,0.020999953,0.38627428,0.04692652,0.38444138,0.008647561,0.9198332,0.022412747,0.39157352,0.015192886,-0.8999201,0.14789629,-3.0056236,0.020858169,2.9101698,0.8748315,0.039992522,0.039999623,-0.37386808,2.1715767,0.03028031,1.0641805,-0.110608175,1.2180496,-0.08707723,5.4786968e-05,-2.1667e-05,0.0,0.0,0.0,0.0,0.0,0.0,0.04,0.04,0.01206144,-0.88488495,0.14647393,-3.0005744,0.021239337,2.9102647,0.87476665,0.039999485,0.03999463,-0.0115495995,0.017641595,-0.008220817,-0.04153831,0.0070550907,0.0021135963,-0.0023120493,0.00031853476,-0.00015109588,5.5879354e-09,2.3283064e-10,-3.7252903e-09,1.0,-1.489095e-10,-8.781334e-10,-8.472538e-11,0.0,0.0,0.0,0.0,0.0,0.0,0.657612,0.15051377,0.11006089,0.9999871,-0.002983043,0.004123195,0.00016582581,0.00044970674,7.627986e-05,-0.00021816794,0.00013028902,0.004369748,0.00012214192,0.42350456,0.067230634,0.020999992,1.0,-1.2762763e-05,-8.357906e-06,-2.0596415e-06,0.00010583095,6.2414736e-05,-0.00021287623,-0.0069754003,0.00092803146,1.7374785e-05
0.0,0.0,0.0,0.0,0.0,0.0,1.0,0.657612,0.15051377,0.1100609,0.42350456,0.067230634,0.020999996,0.38825804,0.04576026,0.3816008,0.008445412,0.9218211,0.020467222,0.38698265,0.01206144,-0.88488495,0.14647393,-3.0005744,0.021239337,2.9102647,0.87476665,0.039999485,0.03999463,-0.0115495995,0.017641595,-0.008220817,-0.04153831,0.0070550907,0.0021135963,-0.0023120493,0.00031853476,-0.00015109588,0.0,0.0,0.0,0.0,0.0,0.0,0.04,0.04,0.011941569,-0.8845515,0.1464183,-3.001019,0.021318996,2.9102182,0.8747651,0.04,0.03999602,-0.00068909244,0.004594921,0.00019207578,-0.0010298013,0.00044734645,0.00027915504,-0.00017859165,8.4785604e-08,6.9559486e-05,5.5879354e-09,2.3283064e-10,-3.7252903e-09,1.0,-1.489095e-10,-8.781334e-10,-8.472538e-11,0.0,0.0,0.0,0.0,0.0,0.0,0.6576102,0.15052071,0.11006239,0.999987,-0.0030099014,0.004116147,0.00016746507,0.0013919987,-0.0020065827,-0.0009981991,0.017229984,0.011286837,-0.0024163479,0.42350456,0.067230634,0.020999972,1.0,-1.259407e-05,-8.907293e-06,-2.0771645e-06,0.00010631543,6.255473e-05,-0.00021218341,-0.0070077167,0.0008955281,1.6207323e-05
0.0,0.0,0.0,0.0,0.0,0.0,1.0,0.6576102,0.15052071,0.11006239,0.42350456,0.067230634,0.020999976,0.38818508,0.04565472,0.38120615,0.008459866,0.92198306,0.020344704,0.3866029,0.011941569,-0.8845515,0.1464183,-3.001019,0.021318996,2.9102182,0.8747651,0.04,0.03999602,-0.00068909244,0.004594921,0.00019207578,-0.0010298013,0.00044734645,0.00027915504,-0.00017859165,8.4785604e-08,6.9559486e-05,0.0,0.0,0.0,0.0,0.0,0.0,0.04,0.04,0.011933762,-0.88450414,0.14641735,-3.0010436,0.021324852,2.9102144,0.8747651,0.04,0.039997913,-7.269623e-05,0.00035799659,2.086909e-06,-0.00013789014,4.4302258e-05,2.9932133e-05,-1.240864e-05,-1.5325141e-09,4.105893e-05,5.5879354e-09,2.3283064e-10,-3.7252903e-09,1.0,-1.489095e-10,-8.781334e-10,-8.472538e-11,0.0,0.0,0.0,0.0,0.0,0.0,0.65761435,0.15050887,0.1100584,0.99998707,-0.0029619578,0.004132416,0.00016519449,0.0002482501,-0.0005553323,-0.00018719607,0.005282238,0.0018011152,-0.0006922842,0.42350453,0.067230634,0.020999966,1.0,-1.2777187e-05,-8.980793e-06,-2.0439304e-06,0.00010565887,6.287241e-05,-0.00021203904,-0.0070093833,0.0008834998,1.642806e-05
0.2,0.0,0.0,0.0,0.0,0.0,1.0,0.65761435,0.15050887,0.1100584,0.42350453,0.067230634,0.02099997,0.3881823,0.04564893,0.3811729,0.008460939,0.9219978,0.02033779,0.38656807,0.011933762,-0.88450414,0.14641735,-3.0010436,0.021324852,2.9102144,0.8747651,0.04,0.039997913,-7.269623e-05,0.00035799659,2.086909e-06,-0.00013789014,4.4302258e-05,2.9932133e-05,-1.240864e-05,-1.5325141e-09,4.105893e-05,0.1,0.0,0.0,0.0,0.0,0.0,0.04,0.04,0.0020179907,-0.8244978,0.1498814,-2.9680183,0.016872639,2.9492457,0.8721559,0.03999421,0.039999668,-0.36401168,2.1107917,0.06234302,1.1045132,-0.11687625,1.0449811,-0.06876261,-0.000117272204,-1.917494e-05,5.5879354e-09,2.3283064e-10,-3.7252903e-09,1.0,-1.489095e-10,-8.781334e-10,-8.472538e-11,0.0,0.0,0.0,0.0,0.0,0.0,0.6576106,0.1505136,0.110061504,0.99998707,-0.0029817696,0.004117553,0.00016617312,0.00044401395,0.00028943596,-0.00027708904,-0.0022165675,0.004435083,0.00013695651,0.42350456,0.067230634,0.02099995,1.0,-1.2613217e-05,-8.503789e-06,-2.039744e-06,0.00010590997,6.244212e-05,-0.00021268857,-0.006971713,0.00093021966,1.708986e-05
0.2,0.0,0.0,0.0,0.0,0.0,1.0,0.6576106,0.1505136,0.11006151,0.42350456,0.067230634,0.020999953,0.40174198,0.046943363,0.38460004,0.008544505,0.91971743,0.022409022,0.39184752,0.0020179907,-0.8244978,0.1498814,-2.9680183,0.016872639,2.9492457,0.8721559,0.03999421,0.039999668,-0.36401168,2.1107917,0.06234302,1.1045132,-0.11687625,1.0449811,-0.06876261,-0.000117272204,-1.917494e-05,0.1,0.0,0.0,0.0,0.0,0.0,0.04,0.04,-0.011087387,-0.7538576,0.15288171,-2.9292011,0.01258984,2.9829538,0.87002385,0.039995216,0.04,-0.37655595,1.9987221,0.08190233,1.0927975,-0.11803627,0.8879604,-0.05422195,5.1308532e-05,4.8192544e-07,5.5879354e-09,2.3283064e-10,-3.7252903e-09,1.0,-1.489095e-10,-8.781334e-10,-8.472538e-11,0.0,0.0,0.0,0.0,0.0,0.0,0.6576102,0.15052077,0.110062346,0.9999869,-0.0030104464,0.004115885,0.00016746951,0.0013916877,-0.0020028446,-0.0010005418,0.01718763,0.011271393,-0.0024177611,0.42350456,0.06723064,0.020999946,1.0,-1.25892875e-05,-8.419246e-06,-2.0485534e-06,0.00010701751,6.21465e-05,-0.00021232551,-0.0070042056,0.0009081998,1.6000642e-05
0.0,0.0,0.0,0.0,0.0,0.0,1.0,0.6576102,0.15052077,0.110062346,0.42350456,0.06723064,0.02099995,0.41726172,0.046983756,0.3849491,0.008422166,0.9194684,0.022464424,0.3924312,-0.011087387,-0.7538576,0.15288171,-2.9292011,0.01258984,2.9829538,0.87002385,0.039995216,0.04,-0.37655595,1.9987221,0.08190233,1.0927975,-0.11803627,0.8879604,-0.05422195,5.1308532e-05,4.8192544e-07,0.0,0.0,0.0,0.0,0.0,0.0,0.04,0.04,-0.014269174,-0.7392255,0.15142667,-2.9245498,0.013091502,2.9828656,0.8699595,0.04,0.039993696,-0.019924533,0.027104905,-0.014210933,-0.047533765,0.008421965,-0.003138326,-0.002374561,6.2829466e-05,-0.00021032948,5.5879354e-09,2.3283064e-10,-3.7252903e-09,1.0,-1.489095e-10,-8.781334e-10,-8.472538e-11,0.0,0.0,0.0,0.0,0.0,0.0,0.65761435,0.1505089,0.110058405,0.99998707,-0.0029621369,0.00413227,0.00016517684,0.00024923557,-0.00052583293,-0.00017732597,0.0049983133,0.0017691453,-0.0007126606,0.42350456,0.067230634,0.02099995,1.0,-1.2785076e-05,-8.617467e-06,-2.0941611e-06,0.00010640358,6.236147e-05,-0.00021254753,-0.006990025,0.00091811345,1.6585936e-05
0.0,0.0,0.0,0.0,0.0,0.0,1.0,0.65761435,0.1505089,0.11005841,0.42350456,0.067230634,0.020999953,0.4192643,0.045501225,0.3815242,0.00818333,0.92149234,0.02026701,0.3877812,-0.014269174,-0.7392255,0.15142667,-2.9245498,0.013091502,2.9828656,0.8699595,0.04,0.039993696,-0.019924533,0.027104905,-0.014210933,-0.047533765,0.008421965,-0.003138326,-0.002374561,6.2829466e-05,-0.00021032948,0.0,0.0,0.0,0.0,0.0,0.0,0.04,0.04,-0.014499794,-0.7387399,0.15129061,-2.92508,0.013194358,2.9827998,0.86995804,0.04,0.039994687,-0.0013976021,0.0061781053,-0.00015425836,-0.0014746293,0.0006100612,-0.00013812553,-0.00017602708,2.9791943e-07,8.365849e-05,5.5879354e-09,2.3283064e-10,-3.7252903e-09,1.0,-1.489095e-10,-8.781334e-10,-8.472538e-11,0.0,0.0,0.0,0.0,0.0,0.0,0.6576106,0.15051359,0.110061534,0.99998707,-0.002981734,0.0041174316,0.00016611714,0.0004430881,0.00028988818,-0.00027710348,-0.0022221184,0.00442581,0.00013634685,0.42350456,0.06723064,0.020999962,1.0,-1.2657921e-05,-8.604478e-06,-2.154248e-06,0.000106232,6.24289e-05,-0.00021225247,-0.0070068827,0.00089300616,1.6471033e-05
0.0,0.0,-0.2,0.0,0.0,0.0,1.0,0.6576106,0.15051359,0.11006154,0.42350456,0.06723064,0.020999966,0.41917327,0.045307115,0.38101104,0.008202493,0.92170584,0.020040274,0.38728467,-0.014499794,-0.7387399,0.15129061,-2.92508,0.013194358,2.9827998,0.86995804,0.04,0.039994687,-0.0013976021,0.0061781053,-0.00015425836,-0.0014746293,0.0006100612,-0.00013812553,-0.00017602708,2.9791943e-07,8.365849e-05,0.0,0.0,-0.1,0.0,0.0,0.0,0.04,0.04,-0.019758647,-0.719294,0.15899229,-2.9419336,0.01151159,3.0383482,0.8751777,0.039998885,0.039995022,-0.16057664,0.77181864,0.25828114,-0.68157923,-0.036380548,1.5247377,0.1479347,-6.635984e-05,0.00018807953,5.5879354e-09,2.3283064e-10,-3.7252903e-09,1.0,-1.489095e-10,-8.781334e-10,-8.472538e-11,0.0,0.0,0.0,0.0,0.0,0.0,0.6576102,0.15052076,0.11006236,0.99998695,-0.0030101994,0.0041160206,0.00016750109,0.0013913878,-0.0019965176,-0.0010008846,0.017126398,0.0112683475,-0.0024148137,0.42350456,0.06723065,0.020999959,1.0,-1.279353e-05,-8.597755e-06,-2.0647326e-06,0.00010722111,6.182087e-05,-0.00021273138,-0.006985565,0.00093218655,1.6423706e-05
0.0,0.0,-0.2,0.0,0.0,0.0,1.0,0.6576102,0.15052076,0.11006236,0.42350456,0.06723065,0.020999962,0.42048916,0.045948386,0.3747765,0.0076716845,0.9179983,0.020364791,0.3959869,-0.019758647,-0.719294,0.15899229,-2.9419336,0.01151159,3.0383482,0.8751777,0.039998885,0.039995022,-0.16057664,0.77181864,0.25828114,-0.68157923,-0.036380548,1.5247377,0.1479347,-6.635984e-05,0.00018807953,0.0,0.0,-0.1,0.0,0.0,0.0,0.04,0.04,-0.02731272,-0.68786144,0.16962232,-2.9646063,0.010252907,3.095184,0.8808143,0.0399983,0.039998535,-0.23458643,0.97693753,0.31599277,-0.6534231,-0.032757692,1.5853971,0.15963675,-3.4236935e-05,9.5623895e-05,5.5879354e-09,2.3283064e-10,-3.7252903e-09,1.0,-1.489095e-10,-8.781334e-10,-8.472538e-11,0.0,0.0,0.0,0.0,0.0,0.0,0.65761435,0.15050885,0.11005831,0.99998707,-0.0029617702,0.0041323635,0.00016525068,0.00025302486,-0.00059752446,-0.00019958927,0.0056624734,0.0018995495,-0.000680274,0.42350456,0.06723064,0.020999962,1.0,-1.2663381e-05,-8.592628e-06,-2.0117066e-06,0.0001072755,6.166722e-05,-0.00021272039,-0.0069829714,0.0009324331,1.6509206e-05
0.0,0.0,-0.2,0.0,0.0,0.0,1.0,0.65761435,0.15050885,0.11005831,0.42350456,0.06723064,0.020999966,0.42028856,0.046151694,0.36057925,0.007538617,0.9175366,0.020624936,0.39704457,-0.02731272,-0.68786144,0.16962232,-2.9646063,0.010252907,3.095184,0.8808143,0.0399983,0.039998535,-0.23458643,0.97693753,0.31599277,-0.6534231,-0.032757692,1.5853971,0.15963675,-3.4236935e-05,9.5623895e-05,0.0,0.0,-0.1,0.0,0.0,0.0,0.04,0.04,-0.03773189,-0.6508854,0.18273737,-2.9855733,0.008977539,3.154496,0.8868704,0.039998747,0.03999961,-0.31814465,1.1198136,0.3920612,-0.58992076,-0.03449971,1.6574904,0.17038164,-2.8232973e-05,5.9201826e-05,5.5879354e-09,2.3283064e-10,-3.7252903e-09,1.0,-1.489095e-10,-8.781334e-10,-8.472538e-11,0.0,0.0,0.0,0.0,0.0,0.0,0.657612,0.15051383,0.110060856,0.999987,-0.0029834602,0.004123227,0.00016585279,0.0004512735,7.458031e-05,-0.00022192397,0.0001588404,0.0043854066,0.00012495181,0.42350456,0.06723064,0.020999959,1.0,-1.2790345e-05,-8.55696e-06,-2.1844155e-06,0.0001062206,6.265741e-05,-0.00021215991,-0.007008747,0.0008942068,1.618364e-05
0.0,0.0,-0.2,0.0,0.0,0.0,1.0,0.657612,0.15051383,0.110060856,0.42350456,0.06723064,0.020999962,0.41997594,0.046225987,0.34568846,-0.007387877,-0.9173836,-0.020732373,-0.39739507,-0.03773189,-0.6508854,0.18273737,-2.9855733,0.008977539,3.154496,0.8868704,0.039998747,0.03999961,-0.31814465,1.1198136,0.3920612,-0.58992076,-0.03449971,1.6574904,0.17038164,-2.8232973e-05,5.9201826e-05,0.0,0.0,-0.1,0.0,0.0,0.0,0.04,0.04,-0.051802333,-0.6089665,0.19935238,-3.0040994,0.007877856,3.21645,0.8931729,0.0399991,0.04,-0.42783162,1.2607828,0.49846834,-0.5179712,-0.026624575,1.7308979,0.17507331,-3.5418565e-05,2.2987053e-06,5.5879354e-09,2.3283064e-10,-3.7252903e-09,1.0,-1.489095e-10,-8.781334e-10,-8.472538e-11,0.0,0.0,0.0,0.0,0.0,0.0,0.65761113,0.15052046,0.11006201,0.999987,-0.0030095049,0.0041199173,0.0001670618,0.0007933633,-0.0023345435,-0.0006924659,0.020555245,0.0059984163,-0.0021803179,0.42350456,0.06723064,0.020999962,1.0,-1.2686823e-05,-8.558431e-06,-2.1541114e-06,0.00010643278,6.226923e-05,-0.00021255614,-0.006988777,0.00091811555,1.6650865e-05
0.0,0.0,-0.2,0.0,0.0,0.0,1.0,0.65761113,0.15052046,0.11006202,0.42350456,0.06723064,0.020999966,0.41964972,0.046294704,0.3307546,-0.0071879034,-0.91725516,-0.020817637,-0.39769092,-0.051802333,-0.6089665,0.19935238,-3.0040994,0.007877856,3.21645,0.8931729,0.0399991,0.04,-0.42783162,1.2607828,0.49846834,-0.5179712,-0.026624575,1.7308979,0.17507331,-3.5418565e-05,2.2987053e-06,0.0,0.0,-0.1,0.0,0.0,0.0,0.04,0.04,-0.0707157,-0.5621014,0.22087766,-3.019943,0.0076294024,3.2810106,0.89925957,0.039999325,0.04,-0.5727087,1.4021672,0.6473077,-0.4403379,0.0042104837,1.802393,0.16396402,-4.0025167e-05,8.0444056e-07,5.5879354e-09,2.3283064e-10,-3.7252903e-09,1.0,-1.489095e-10,-8.781334e-10,-8.472538e-11,0.0,0.0,0.0,0.0,0.0,0.0,0.6576143,0.15050916,0.11005845,0.9999872,-0.0029624898,0.004132548,0.00016511396,0.00028555107,-0.0005404673,-0.00013895152,0.004940925,0.0020561765,-0.0008360895,0.42350456,0.06723064,0.020999959,1.0,-1.28224365e-05,-8.559388e-06,-2.1236142e-06,0.00010622533,6.257288e-05,-0.00021215079,-0.007006693,0.0008942773,1.6254891e-05
0.0,0.0,-0.2,0.0,0.0,0.0,1.0,0.6576143,0.15050916,0.11005846,0.42350456,0.06723064,0.020999962,0.41932243,0.046369515,0.3158296,-0.006924302,-0.91712844,-0.020884693,-0.39798394,-0.0707157,-0.5621014,0.22087766,-3.019943,0.0076294024,3.2810106,0.89925957,0.039999325,0.04,-0.5727087,1.4021672,0.6473077,-0.4403379,0.0042104837,1.802393,0.16396402,-4.0025167e-05,8.0444056e-07,0.0,0.0,-0.1,0.0,0.0,0.0,0.04,0.04,-0.09588816,-0.5103366,0.2491793,-3.032919,0.009643907,3.3480268,0.90409106,0.039999314,0.04,-0.75694317,1.541319,0.85090226,-0.35748398,0.081432596,1.8687742,0.118256025,-3.678992e-05,1.3452337e-06,5.5879354e-09,2.3283064e-10,-3.7252903e-09,1.0,-1.489095e-10,-8.781334e-10,-8.472538e-11,0.0,0.0,0.0,0.0,0.0,0.0,0.65761197,0.15051381,0.11006088,0.999987,-0.0029833124,0.0041229185,0.00016584968,0.00044971073,7.601222e-05,-0.00021913093,0.00013623934,0.0043701543,0.00012317642,0.42350456,0.06723064,0.020999962,1.0,-1.27270505e-05,-8.559316e-06,-2.0552209e-06,0.0001071589,6.197099e-05,-0.00021272455,-0.0069879727,0.00093152345,1.6333184e-05
0.0,0.0,-0.2,0.0,0.0,0.0,1.0,0.65761197,0.15051381,0.110060886,0.42350456,0.06723064,0.020999966,0.41899493,0.046443712,0.30091053,-0.006590516,-0.91700566,-0.020914972,-0.39827108,-0.09588816,-0.5103366,0.2491793,-3.032919,0.009643907,3.3480268,0.90409106,0.039999314,0.04,-0.75694317,1.541319,0.85090226,-0.35748398,0.081432596,1.8687742,0.118256025,-3.678992e-05,1.3452337e-06,0.0,0.0,-0.1,0.0,0.0,0.0,0.04,0.04,-0.12853923,-0.4537775,0.28633717,-3.0428617,0.016530817,3.4172237,0.90559655,0.039999336,0.04,-0.9695183,1.6773325,1.1108862,-0.2697326,0.24176326,1.9265702,0.005568976,-3.1016636e-05,2.1253688e-06,5.5879354e-09,2.3283064e-10,-3.7252903e-09,1.0,-1.489095e-10,-8.781334e-10,-8.472538e-11,0.0,0.0,0.0,0.0,0.0,0.0,0.65761024,0.15052073,0.11006242,0.9999869,-0.0030100811,0.0041160365,0.00016751538,0.0013921373,-0.0020036742,-0.0009991191,0.017200477,0.011284493,-0.002415681,0.42350456,0.067230634,0.020999966,1.0,-1.2607859e-05,-8.557405e-06,-2.0230589e-06,0.00010724745,6.175838e-05,-0.00021272694,-0.006984466,0.0009324706,1.6452219e-05
0.0,0.0,-0.2,0.0,0.0,0.0,1.0,0.65761024,0.15052073,0.11006242,0.42350456,0.067230634,0.02099997,0.4186647,0.046504516,0.28599507,-0.006197304,-0.91688704,-0.020883411,-0.39855167,-0.12853923,-0.4537775,0.28633717,-3.0428617,0.016530817,3.4172237,0.90559655,0.039999336,0.04,-0.9695183,1.6773325,1.1108862,-0.2697326,0.24176326,1.9265702,0.005568976,-3.1016636e-05,2.1253688e-06,0.0,0.0,-0.1,0.0,0.0,0.0,0.04,0.04,-0.16861929,-0.3924154,0.33364946,-3.0496168,0.032337584,3.4882138,0.90026265,0.03999941,0.04,-1.1642725,1.8160219,1.3935075,-0.17680788,0.5238185,1.9730625,-0.21545778,-2.9166451e-05,3.267718e-06,5.5879354e-09,2.3283064e-10,-3.7252903e-09,1.0,-1.489095e-10,-8.781334e-10,-8.472538e-11,0.0,0.0,0.0,0.0,0.0,0.0,0.65761435,0.15050885,0.11005832,0.99998707,-0.0029617662,0.0041324026,0.00016523697,0.00025396905,-0.00059786654,-0.00019736122,0.0056579174,0.001904566,-0.0006859238,0.42350456,0.06723064,0.020999962,1.0,-1.2747813e-05,-8.522336e-06,-2.1387439e-06,0.00010640044,6.241951e-05,-0.00021256572,-0.006991735,0.0009178529,1.654468e-05
0.0,0.0,-0.2,0.0,0.0,0.0,1.0,0.65761435,0.15050885,0.11005832,0.42350456,0.06723064,0.020999966,0.4183244,0.046543963,0.27109274,-0.0057901745,-0.9167672,-0.02077949,-0.39883906,-0.16861929,-0.3924154,0.33364946,-3.0496168,0.032337584,3.4882138,0.90026265,0.03999941,0.04,-1.1642725,1.8160219,1.3935075,-0.17680788,0.5238185,1.9730625,-0.21545778,-2.9166451e-05,3.267718e-06,0.0,0.0,-0.1,0.0,0.0,0.0,0.04,0.04,-0.2131634,-0.3257735,0.38962394,-3.0529804,0.061567936,3.5606055,0.8835353,0.039999552,0.039999917,-1.2498199,1.9744099,1.6034625,-0.07642391,0.92470187,2.009542,-0.56466603,-4.7452526e-05,6.2720595e-05,5.5879354e-09,2.3283064e-10,-3.7252903e-09,1.0,-1.489095e-10,-8.781334e-10,-8.472538e-11,0.0,0.0,0.0,0.0,0.0,0.0,0.657612,0.1505138,0.110060856,0.99998707,-0.002983229,0.004123067,0.00016582366,0.00045053972,7.519941e-05,-0.00021829088,0.00014040993,0.004377277,0.00012126726,0.42350456,0.06723064,0.020999966,1.0,-1.2643588e-05,-8.5247675e-06,-2.10842e-06,0.00010643076,6.22692e-05,-0.00021255405,-0.0069885915,0.0009182339,1.6651667e-05
0.0,0.0,-0.2,0.0,0.0,0.0,1.0,0.657612,0.1505138,0.110060856,0.42350456,0.06723064,0.02099997,0.4179606,0.046585422,0.25623313,-0.0054544215,-0.9166299,-0.020645946,-0.3991662,-0.2131634,-0.3257735,0.38962394,-3.0529804,0.061567936,3.5606055,0.8835353,0.039999552,0.039999917,-1.2498199,1.9744099,1.6034625,-0.07642391,0.92470187,2.009542,-0.56466603,-4.7452526e-05,6.2720595e-05,0.0,0.0,-0.1,0.0,0.0,0.0,0.04,0.04,-0.25558147,-0.2536656,0.4480859,-3.0527155,0.10615973,3.6342332,0.85195845,0.04,0.039999243,-1.1269853,2.1526268,1.6038932,0.040060885,1.3426728,2.0474637,-0.9885347,1.1985694e-06,6.7989844e-05,5.5879354e-09,2.3283064e-10,-3.7252903e-09,1.0,-1.489095e-10,-8.781334e-10,-8.472538e-11,0.0,0.0,0.0,0.0,0.0,0.0,0.6576102,0.15052074,0.1100624,0.9999869,-0.003010185,0.004116232,0.00016742556,0.0013934429,-0.0020097818,-0.0009989114,0.017258972,0.0113,-0.0024191844,0.42350456,0.067230634,0.02099997,1.0,-1.2523599e-05,-8.523456e-06,-2.0762434e-06,0.000106428364,6.227054e-05,-0.00021254757,-0.0069886507,0.00091813464,1.6653194e-05
0.0,0.0,-0.2,0.0,0.0,0.0,1.0,0.6576102,0.15052074,0.110062405,0.42350456,0.067230634,0.020999974,0.41760588,0.046642132,0.2417883,-0.005439848,-0.9162916,-0.02061969,-0.3999437,-0.25558147,-0.2536656,0.4480859,-3.0527155,0.10615973,3.6342332,0.85195845,0.04,0.039999243,-1.1269853,2.1526268,1.6038932,0.040060885,1.3426728,2.0474637,-0.9885347,1.1985694e-06,6.7989844e-05,0.0,0.0,-0.1,0.0,0.0,0.0,0.04,0.04,-0.28828183,-0.18107979,0.49928316,-3.0489147,0.16179217,3.7093189,0.8066889,0.04,0.03999851,-0.7992463,2.1743546,1.3258429,0.1590748,1.5835832,2.1017625,-1.3313829,8.3062905e-06,-4.2178024e-05,5.5879354e-09,2.3283064e-10,-3.7252903e-09,1.0,-1.489095e-10,-8.781334e-10,-8.472538e-11,0.0,0.0,0.0,0.0,0.0,0.0,0.65761435,0.1505089,0.11005837,0.99998707,-0.0029621662,0.0041323593,0.00016520948,0.000250751,-0.00055909686,-0.0001845501,0.005303847,0.0018214394,-0.0007013994,0.42350456,0.06723064,0.020999966,1.0,-1.2665507e-05,-8.5203055e-06,-2.0266223e-06,0.000107221786,6.182121e-05,-0.00021272925,-0.006985754,0.00093205983,1.6420907e-05
0.0,0.0,-0.2,0.0,0.0,0.0,1.0,0.65761435,0.1505089,0.11005837,0.42350456,0.06723064,0.02099997,0.41770804,0.04641894,0.22993603,-0.006794602,-0.9146689,-0.020990133,-0.40360138,-0.28828183,-0.18107979,0.49928316,-3.0489147,0.16179217,3.7093189,0.8066889,0.04,0.03999851,-0.7992463,2.1743546,1.3258429,0.1590748,1.5835832,2.1017625,-1.3313829,8.3062905e-06,-4.2178024e-05,0.0,0.0,-0.1,0.0,0.0,0.0,0.04,0.04,-0.30653664,-0.10879282,0.5350771,-3.0399895,0.21772462,3.7525008,0.7545644,0.04,0.03999741,-0.4010643,2.173443,0.8712626,0.29648876,1.5174512,-3.311438e-06,-1.4569626,7.250598e-05,0.000103910155,5.5879354e-09,2.3283064e-10,-3.7252903e-09,1.0,-1.489095e-10,-8.781334e-10,-8.472538e-11,0.0,0.0,0.0,0.0,0.0,0.0,0.657612,0.15051381,0.110060826,0.99998707,-0.0029833217,0.0041231033,0.00016581811,0.00044988896,7.581664e-05,-0.00021895212,0.00013633903,0.0043712193,0.0001221682,0.42350456,0.067230634,0.02099997,1.0,-1.2537799e-05,-8.517442e-06,-2.0325251e-06,0.00010728107,6.169329e-05,-0.00021272904,-0.0069832285,0.0009329865,1.648503e-05
0.0,0.0,-0.2,0.0,0.0,0.0,1.0,0.657612,0.15051381,0.110060826,0.42350456,0.067230634,0.020999974,0.4165524,0.046195652,0.21410447,-0.009250283,-0.91813964,-0.022268295,-0.3955228,-0.30653664,-0.10879282,0.5350771,-3.0399895,0.21772462,3.7525008,0.7545644,0.04,0.03999741,-0.4010643,2.173443,0.8712626,0.29648876,1.5174512,-3.311438e-06,-1.4569626,7.250598e-05,0.000103910155,0.0,0.0,-0.1,0.0,0.0,0.0,0.04,0.04,-0.31399074,-0.03623031,0.5568441,-3.0274687,0.2708862,3.7525003,0.6992194,0.039996017,0.04,-0.14042968,2.1750002,0.502749,0.42266706,1.4511508,-0.0005735612,-1.554095,-0.00025524056,0.0003155066,5.5879354e-09,2.3283064e-10,-3.7252903e-09,1.0,-1.489095e-10,-8.781334e-10,-8.472538e-11,0.0,0.0,0.0,0.0,0.0,0.0,0.65761024,0.15052073,0.11006238,0.99998695,-0.0030100185,0.004116192,0.00016754177,0.0013924768,-0.0020063696,-0.0009985632,0.017227525,0.011290752,-0.0024165253,0.42350456,0.06723064,0.020999966,1.0,-1.2680612e-05,-8.520514e-06,-2.0419284e-06,0.000107195396,6.1910236e-05,-0.00021272982,-0.006987168,0.000931954,1.6364902e-05
0.0,0.0,0.0,0.0,0.0,0.0,1.0,0.65761024,0.15052073,0.11006239,0.42350456,0.06723064,0.02099997,0.41221863,0.046038065,0.19056323,-0.011218369,-0.92910635,-0.02448529,-0.3688305,-0.31399074,-0.03623031,0.5568441,-3.0274687,0.2708862,3.7525003,0.6992194,0.039996017,0.04,-0.14042968,2.1750002,0.502749,0.42266706,1.4511508,-0.0005735612,-1.554095,-0.00025524056,0.0003155066,0.0,0.0,0.0,0.0,0.0,0.0,0.04,0.04,-0.31854168,-0.02018832,0.5561684,-3.0284657,0.27111983,3.750641,0.6991096,0.039985877,0.039997585,-0.12335145,0.003293898,-0.028810233,-0.027015809,-0.0117259715,-0.03062191,-0.0079884315,0.00071268994,-0.00026137513,5.5879354e-09,2.3283064e-10,-3.7252903e-09,1.0,-1.489095e-10,-8.781334e-10,-8.472538e-11,0.0,0.0,0.0,0.0,0.0,0.0,0.65761435,0.15050888,0.11005837,0.99998707,-0.0029618077,0.004132473,0.00016517998,0.00024968493,-0.00056604284,-0.00019021862,0.0053825127,0.0018242,-0.0006905138,0.42350456,0.067230634,0.02099997,1.0,-1.255719e-05,-8.518246e-06,-2.028803e-06,0.00010724853,6.1756546e-05,-0.00021272252,-0.006984481,0.0009322799,1.6449767e-05
0.0,0.0,0.0,0.0,0.0,0.0,1.0,0.65761435,0.15050888,0.11005837,0.42350456,0.067230634,0.020999974,0.4096072,0.044474337,0.18380648,-0.009762466,-0.93248725,-0.0212183,-0.36044666,-0.31854168,-0.02018832,0.5561684,-3.0284657,0.27111983,3.750641,0.6991096,0.039985877,0.039997585,-0.12335145,0.003293898,-0.028810233,-0.027015809,-0.0117259715,-0.03062191,-0.0079884315,0.00071268994,-0.00026137513,0.0,0.0,0.0,0.0,0.0,0.0,0.04,0.04,-0.3211541,-0.020007387,0.55571455,-3.0286922,0.27129066,3.7506034,0.699087,0.039998993,0.039993677,-0.046365757,0.0024971366,-0.004969072,0.0008128398,0.005330305,-0.0007936361,-0.001129998,0.00020192783,-1.8095941e-05,5.5879354e-09,2.3283064e-10,-3.7252903e-09,1.0,-1.489095e-10,-8.781334e-10,-8.472538e-11,0.0,0.0,0.0,0.0,0.0,0.0,0.657612,0.15051377,0.110060856,0.99998707,-0.0029829466,0.004123408,0.0001657199,0.0004495055,7.6091266e-05,-0.00022054561,0.00013799132,0.0043675676,0.00012388837,0.42350456,0.06723064,0.020999966,1.0,-1.270449e-05,-8.521808e-06,-2.019145e-06,0.00010719727,6.191083e-05,-0.00021272949,-0.006987314,0.0009318932,1.6361255e-05
0.0,0.0,0.0,0.0,0.0,0.0,1.0,0.657612,0.15051377,0.110060856,0.42350456,0.06723064,0.02099997,0.40960902,0.043170206,0.18365672,-0.010328621,-0.9325979,-0.01971525,-0.3602303,-0.3211541,-0.020007387,0.55571455,-3.0286922,0.27129066,3.7506034,0.699087,0.039998993,0.039993677,-0.046365757,0.0024971366,-0.004969072,0.0008128398,0.005330305,-0.0007936361,-0.001129998,0.00020192783,-1.8095941e-05,0.0,0.0,0.0,0.0,0.0,0.0,0.04,0.04,-0.3220762,-0.019971227,0.55555105,-3.028684,0.27135062,3.750603,0.6990809,0.04,0.039994933,-0.016392384,0.0005373306,-0.0017780357,0.00019447051,0.0017854315,-6.770295e-05,-0.00029497195,9.684629e-07,4.8643604e-05,5.5879354e-09,2.3283064e-10,-3.7252903e-09,1.0,-1.489095e-10,-8.781334e-10,-8.472538e-11,0.0,0.0,0.0,0.0,0.0,0.0,0.6576102,0.15052073,0.11006238,0.99998695,-0.003010018,0.0041162237,0.00016743127,0.0013909321,-0.002003941,-0.0009973195,0.017207582,0.011278741,-0.002413106,0.42350456,0.067230634,0.02099997,1.0,-1.258115e-05,-8.519516e-06,-2.005995e-06,0.000107247186,6.175705e-05,-0.00021272665,-0.0069844653,0.00093240436,1.6453741e-05
0.0,0.0,0.0,0.0,0.0,0.0,1.0,0.6576102,0.15052073,0.11006239,0.42350456,0.067230634,0.020999974,0.40965387,0.042717014,0.18364584,-0.010524511,-0.93261397,-0.01918,-0.36021176,-0.3220762,-0.019971227,0.55555105,-3.028684,0.27135062,3.750603,0.6990809,0.04,0.039994933,-0.016392384,0.0005373306,-0.0017780357,0.00019447051,0.0017854315,-6.770295e-05,-0.00029497195,9.684629e-07,4.8643604e-05,0.0,0.0,0.0,0.0,0.0,0.0,0.04,0.04,-0.32240137,-0.01996116,0.5554933,-3.0286827,0.27137184,3.750603,0.699079,0.04,0.039996732,-0.0057744663,0.0001895481,-0.0006241412,7.4766656e-05,0.00063340476,-2.0695285e-05,-0.00010608824,1.0556972e-07,4.6530346e-05,5.5879354e-09,2.3283064e-10,-3.7252903e-09,1.0,-1.489095e-10,-8.781334e-10,-8.472538e-11,0.0,0.0,0.0,0.0,0.0,0.0,0.65761435,0.15050891,0.11005842,0.999987,-0.0029620437,0.004132457,0.0001650999,0.0002494886,-0.00053760153,-0.00018294703,0.0051170858,0.0017863988,-0.0007043639,0.42350456,0.06723064,0.020999966,1.0,-1.2555764e-05,-8.440849e-06,-2.0149039e-06,0.00010702064,6.214912e-05,-0.00021232798,-0.007004129,0.0009084803,1.5997404e-05
0.0,0.0,-0.2,0.0,0.0,0.0,1.0,0.65761435,0.15050891,0.11005843,0.42350456,0.06723064,0.02099997,0.40966916,0.04255698,0.18364272,-0.01059401,-0.93261933,-0.01899147,-0.36020565,-0.32240137,-0.01996116,0.5554933,-3.0286827,0.27137184,3.750603,0.699079,0.04,0.039996732,-0.0057744663,0.0001895481,-0.0006241412,7.4766656e-05,0.00063340476,-2.0695285e-05,-0.00010608824,1.0556972e-07,4.6530346e-05,0.0,0.0,-0.1,0.0,0.0,0.0,0.04,0.04,-0.3134552,0.044626918,0.5615267,-3.0110426,0.31735632,3.7525005,0.64512104,0.039990276,0.039999206,0.25413698,2.1730208,0.08012568,0.5064733,1.2117721,3.3394645e-07,-1.453988,-0.0006381518,0.0011287894,5.5879354e-09,2.3283064e-10,-3.7252903e-09,1.0,-1.489095e-10,-8.781334e-10,-8.472538e-11,0.0,0.0,0.0,0.0,0.0,0.0,0.6576106,0.15051359,0.11006153,0.999987,-0.0029813405,0.0041173184,0.0001660211,0.00044448505,0.00028877385,-0.00028003784,-0.002205297,0.004440251,0.00013737648,0.42350456,0.06723063,0.02099997,1.0,-1.2418332e-05,-8.433156e-06,-1.9999459e-06,0.00010724633,6.1756786e-05,-0.00021271592,-0.006984272,0.00093242107,1.6448248e-05
0.0,0.0,-0.2,0.0,0.0,0.0,1.0,0.6576106,0.15051359,0.11006153,0.42350456,0.06723063,0.020999974,0.40713605,0.044975933,0.16519302,-0.011267126,-0.94019085,-0.024904907,-0.33954966,-0.3134552,0.044626918,0.5615267,-3.0110426,0.31735632,3.7525005,0.64512104,0.039990276,0.039999206,0.25413698,2.1730208,0.08012568,0.5064733,1.2117721,3.3394645e-07,-1.453988,-0.0006381518,0.0011287894,0.0,0.0,-0.1,0.0,0.0,0.0,0.04,0.04,-0.30082345,0.11707601,0.5553834,-2.9926198,0.3519578,3.7525003,0.59825915,0.039984956,0.04,0.35857427,2.1732132,-0.25970408,0.5594815,0.8649292,-1.4766124e-07,-1.2444748,-0.00018180595,0.0004765545,5.5879354e-09,2.3283064e-10,-3.7252903e-09,1.0,-1.489095e-10,-8.781334e-10,-8.472538e-11,0.0,0.0,0.0,0.0,0.0,0.0,0.6576102,0.15052076,0.1100624,0.9999869,-0.003010251,0.004116058,0.00016747294,0.0013943333,-0.0020073936,-0.0010017813,0.017228048,0.011296494,-0.0024222473,0.42350456,0.067230634,0.020999966,1.0,-1.2561443e-05,-8.4359635e-06,-2.0093332e-06,0.00010719598,6.1910614e-05,-0.00021273158,-0.0069871536,0.0009320142,1.6362934e-05
0.0,0.0,-0.2,0.0,0.0,0.0,1.0,0.6576102,0.15052076,0.110062405,0.42350456,0.067230634,0.02099997,0.4026321,0.046792857,0.14324036,-0.009687513,-0.9488243,-0.02915451,-0.31430668,-0.30082345,0.11707601,0.5553834,-2.9926198,0.3519578,3.7525003,0.59825915,0.039984956,0.04,0.35857427,2.1732132,-0.25970408,0.5594815,0.8649292,-1.4766124e-07,-1.2444748,-0.00018180595,0.0004765545,0.0,0.0,-0.1,0.0,0.0,0.0,0.04,0.04,-0.2861528,0.18951495,0.54044706,-2.9725263,0.374149,3.7525,0.5602764,0.039987862,0.04,0.40303355,2.1734028,-0.47152707,0.59996074,0.5241909,1.0448501e-06,-0.99435675,-3.976148e-06,0.0003534781,5.5879354e-09,2.3283064e-10,-3.7252903e-09,1.0,-1.489095e-10,-8.781334e-10,-8.472538e-11,0.0,0.0,0.0,0.0,0.0,0.0,0.65761435,0.15050887,0.1100583,0.999987,-0.0029618063,0.0041324827,0.0001652769,0.00025126323,-0.00058346207,-0.00019048748,0.005527051,0.0018590903,-0.00068969507,0.42350456,0.06723063,0.02099997,1.0,-1.2437988e-05,-8.433551e-06,-1.996213e-06,0.000107248234,6.1757535e-05,-0.0002127247,-0.006984526,0.00093249796,1.645618e-05
0.0,0.0,0.0,0.0,0.0,0.0,1.0,0.65761435,0.15050887,0.11005831,0.42350456,0.06723063,0.020999974,0.39790964,0.048329096,0.12128773,-0.0068326294,-0.95662105,-0.032521605,-0.28943408,-0.2861528,0.18951495,0.54044706,-2.9725263,0.374149,3.7525,0.5602764,0.039987862,0.04,0.40303355,2.1734028,-0.47152707,0.59996074,0.5241909,1.0448501e-06,-0.99435675,-3.976148e-06,0.0003534781,0.0,0.0,0.0,0.0,0.0,0.0,0.04,0.04,-0.2903162,0.20655945,0.5380942,-2.972744,0.3745665,3.7505426,0.560024,0.03998082,0.03999664,-0.09316529,0.0145539865,-0.03878509,-0.035916235,0.0040223068,-0.03656889,-0.016246332,0.00086971885,-0.000283341,5.5879354e-09,2.3283064e-10,-3.7252903e-09,1.0,-1.489095e-10,-8.781334e-10,-8.472538e-11,0.0,0.0,0.0,0.0,0.0,0.0,0.657612,0.15051378,0.11006085,0.99998707,-0.0029830702,0.004123043,0.00016582152,0.00045035957,7.494941e-05,-0.00021872674,0.00014500013,0.0043760873,0.00012193604,0.42350456,0.067230634,0.020999966,1.0,-1.258518e-05,-8.437072e-06,-1.9865515e-06,0.00010719835,6.190976e-05,-0.00021273589,-0.0069872034,0.0009321468,1.6368538e-05
0.0,0.0,0.0,0.0,0.0,0.0,1.0,0.657612,0.15051378,0.110060856,0.42350456,0.067230634,0.02099997,0.39430824,0.04668043,0.11454108,-0.0053318143,-0.9593919,-0.028843671,-0.28054732,-0.2903162,0.20655945,0.5380942,-2.972744,0.3745665,3.7505426,0.560024,0.03998082,0.03999664,-0.09316529,0.0145539865,-0.03878509,-0.035916235,0.0040223068,-0.03656889,-0.016246332,0.00086971885,-0.000283341,0.0,0.0,0.0,0.0,0.0,0.0,0.04,0.04,-0.29209262,0.20691727,0.5374098,-2.9730546,0.37474093,3.7504897,0.5599962,0.039996136,0.039993223,-0.026427189,0.004084026,-0.008770828,0.0008721643,0.0047533736,-0.0012373793,-0.0014849537,0.00023233487,8.01506e-06,5.5879354e-09,2.3283064e-10,-3.7252903e-09,1.0,-1.489095e-10,-8.781334e-10,-8.472538e-11,0.0,0.0,0.0,0.0,0.0,0.0,0.6576102,0.15052071,0.11006238,0.999987,-0.0030098283,0.0041160285,0.00016754262,0.0013928292,-0.0020028441,-0.0009996621,0.017191673,0.011290917,-0.0024160699,0.42350456,0.067230634,0.02099997,1.0,-1.2468414e-05,-8.437708e-06,-2.0133034e-06,0.000107222615,6.184567e-05,-0.00021272905,-0.006985841,0.0009324401,1.6397262e-05
0.0,0.0,0.0,0.0,0.0,0.0,1.0,0.6576102,0.15052071,0.11006239,0.42350456,0.067230634,0.020999974,0.39417052,0.045648787,0.11429666,-0.0057364106,-0.95953315,-0.027635038,-0.28017753,-0.29209262,0.20691727,0.5374098,-2.9730546,0.37474093,3.7504897,0.5599962,0.039996136,0.039993223,-0.026427189,0.004084026,-0.008770828,0.0008721643,0.0047533736,-0.0012373793,-0.0014849537,0.00023233487,8.01506e-06,0.0,0.0,0.0,0.0,0.0,0.0,0.04,0.04,-0.29258952,0.20697564,0.5372281,-2.9730484,0.37478644,3.7504892,0.5599906,0.039999574,0.039995123,-0.0073825745,0.00073075853,-0.0023325682,0.00018435666,0.0011903328,-5.9441427e-05,-0.000289169,4.9761562e-05,6.148153e-05,5.5879354e-09,2.3283064e-10,-3.7252903e-09,1.0,-1.489095e-10,-8.781334e-10,-8.472538e-11,0.0,0.0,0.0,0.0,0.0,0.0,0.65761435,0.15050891,0.11005843,0.99998707,-0.0029620747,0.004132495,0.00016514586,0.00024925484,-0.000530912,-0.00018002119,0.005050306,0.0017762615,-0.0007085425,0.42350456,0.067230634,0.020999966,1.0,-1.2611725e-05,-8.440373e-06,-2.0226937e-06,0.000107163665,6.197458e-05,-0.00021272925,-0.0069880523,0.0009316558,1.6326667e-05
0.0,0.0,0.0,0.0,0.0,0.0,1.0,0.65761435,0.15050891,0.11005843,0.42350456,0.067230634,0.02099997,0.39418852,0.045370746,0.11427015,-0.0058465004,-0.9595522,-0.027294844,-0.2801437,-0.29258952,0.20697564,0.5372281,-2.9730484,0.37478644,3.7504892,0.5599906,0.039999574,0.039995123,-0.0073825745,0.00073075853,-0.0023325682,0.00018435666,0.0011903328,-5.9441427e-05,-0.000289169,4.9761562e-05,6.148153e-05,0.0,0.0,0.0,0.0,0.0,0.0,0.04,0.04,-0.29272625,0.20698822,0.53717834,-2.9730475,0.37479895,3.7504892,0.55998933,0.04,0.039997093,-0.0020221344,0.00020036363,-0.00063810544,6.344389e-05,0.00033146742,-6.117403e-06,-7.929555e-05,1.52824e-08,4.8210197e-05,5.5879354e-09,2.3283064e-10,-3.7252903e-09,1.0,-1.489095e-10,-8.781334e-10,-8.472538e-11,0.0,0.0,0.0,0.0,0.0,0.0,0.6576106,0.1505136,0.11006152,0.9999871,-0.0029818628,0.0041172234,0.00016617891,0.0004438997,0.0002892656,-0.00027771838,-0.0022134853,0.004434133,0.00013695813,0.42350456,0.067230634,0.02099997,1.0,-1.25033575e-05,-8.477142e-06,-2.233418e-06,0.00010709499,6.18477e-05,-0.00021268777,-0.0069848737,0.0009299297,1.6515301e-05
0.0,0.0,0.0,0.0,0.0,0.0,1.0,0.6576106,0.1505136,0.11006153,0.42350456,0.067230634,0.020999974,0.39419356,0.045294046,0.1142638,-0.0058770776,-0.9595569,-0.027201414,-0.28013554,-0.29272625,0.20698822,0.53717834,-2.9730475,0.37479895,3.7504892,0.55998933,0.04,0.039997093,-0.0020221344,0.00020036363,-0.00063810544,6.344389e-05,0.00033146742,-6.117403e-06,-7.929555e-05,1.52824e-08,4.8210197e-05,0.0,0.0,0.0,0.0,0.0,0.0,0.04,0.04,-0.2927636,0.20699163,0.5371648,-2.9730475,0.3748024,3.7504892,0.55998933,0.04,0.0399984,-0.0005533831,5.452147e-05,-0.00017290238,1.786956e-05,9.2382266e-05,-5.0839e-07,-1.8941646e-05,-1.7551474e-09,2.936065e-05,5.5879354e-09,2.3283064e-10,-3.7252903e-09,1.0,-1.489095e-10,-8.781334e-10,-8.472538e-11,0.0,0.0,0.0,0.0,0.0,0.0,0.6576102,0.15052076,0.11006241,0.99998695,-0.0030102122,0.004115899,0.00016746041,0.0013943625,-0.0020033151,-0.0010030858,0.017185599,0.011291687,-0.0024221211,0.42350456,0.06723064,0.020999966,1.0,-1.2621608e-05,-8.509049e-06,-2.1238782e-06,0.00010643828,6.227266e-05,-0.00021255511,-0.0069889408,0.0009182299,1.6646325e-05
0.0,0.0,0.0,0.0,0.0,0.0,1.0,0.6576102,0.15052076,0.11006242,0.42350456,0.06723064,0.02099997,0.39419496,0.045272835,0.114262044,-0.0058857203,-0.95955825,-0.027175575,-0.28013328,-0.2927636,0.20699163,0.5371648,-2.9730475,0.3748024,3.7504892,0.55998933,0.04,0.0399984,-0.0005533831,5.452147e-05,-0.00017290238,1.786956e-05,9.2382266e-05,-5.0839e-07,-1.8941646e-05,-1.7551474e-09,2.936065e-05,0.0,0.0,0.0,0.0,0.0,0.0,0.04,0.04,-0.29277384,0.20699257,0.5371611,-2.9730475,0.3748034,3.7504892,0.55998933,0.04,0.03999915,-0.00014995453,1.7102928e-05,-4.887383e-05,4.920006e-06,2.6083826e-05,1.6072638e-06,-9.344436e-06,-9.1305874e-10,1.637881e-05,5.5879354e-09,2.3283064e-10,-3.7252903e-09,1.0,-1.489095e-10,-8.781334e-10,-8.472538e-11,0.0,0.0,0.0,0.0,0.0,0.0,0.65761435,0.15050891,0.110058405,0.999987,-0.002961948,0.004132426,0.0001651427,0.00025015048,-0.0005357632,-0.00018094649,0.005094566,0.0017874895,-0.0007091996,0.42350456,0.06723064,0.020999962,1.0,-1.27573985e-05,-8.5100855e-06,-2.0933767e-06,0.00010622528,6.257275e-05,-0.00021214865,-0.0070067956,0.0008940491,1.624866e-05
0.0,0.2,0.0,0.0,0.0,0.0,1.0,0.65761435,0.15050891,0.11005841,0.42350456,0.06723064,0.020999966,0.3941953,0.04526714,0.11426167,-0.005887985,-0.9595587,-0.027168661,-0.28013265,-0.29277384,0.20699257,0.5371611,-2.9730475,0.3748034,3.7504892,0.55998933,0.04,0.03999915,-0.00014995453,1.7102928e-05,-4.887383e-05,4.920006e-06,2.6083826e-05,1.6072638e-06,-9.344436e-06,-9.1305874e-10,1.637881e-05,0.0,0.1,0.0,0.0,0.0,0.0,0.04,0.04,-0.26012477,0.2147938,0.54490983,-2.9618742,0.45339814,3.75168,0.54981697,0.04,0.039965607,1.2895846,0.2449079,0.33074504,0.40262192,2.1946788,0.026809063,-0.29810336,0.0007947949,-3.0918294e-05,5.5879354e-09,2.3283064e-10,-3.7252903e-09,1.0,-1.489095e-10,-8.781334e-10,-8.472538e-11,0.0,0.0,0.0,0.0,0.0,0.0,0.6576106,0.15051359,0.110061534,0.9999871,-0.0029816572,0.0041173124,0.00016612773,0.00044350402,0.00028892962,-0.00027876868,-0.0022066967,0.0044302465,0.00013829983,0.42350456,0.06723064,0.020999966,1.0,-1.264569e-05,-8.510235e-06,-2.1011128e-06,0.00010646176,6.220625e-05,-0.00021255831,-0.006987706,0.00091850443,1.6682701e-05
0.0,0.2,0.0,0.0,0.0,0.0,1.0,0.6576106,0.15051359,0.11006154,0.42350456,0.06723064,0.02099997,0.39406973,0.04814884,0.113254294,-0.011026084,-0.9603105,-0.012733191,-0.27842417,-0.26012477,0.2147938,0.54490983,-2.9618742,0.45339814,3.75168,0.54981697,0.04,0.039965607,1.2895846,0.2449079,0.33074504,0.40262192,2.1946788,0.026809063,-0.29810336,0.0007947949,-3.0918294e-05,0.0,0.1,0.0,0.0,0.0,0.0,0.04,0.04,-0.21076387,0.22354616,0.55631393,-2.946215,0.531128,3.7524636,0.5377069,0.04,0.039967116,1.5151534,0.24631466,0.35844013,0.4694729,2.149882,0.016813822,-0.3588236,5.582611e-05,0.00040345095,5.5879354e-09,2.3283064e-10,-3.7252903e-09,1.0,-1.489095e-10,-8.781334e-10,-8.472538e-11,0.0,0.0,0.0,0.0,0.0,0.0,0.6576102,0.15052077,0.11006236,0.9999869,-0.003010245,0.004115887,0.00016747521,0.0013929227,-0.0020036085,-0.0010011528,0.017192975,0.011283546,-0.0024194242,0.42350456,0.067230634,0.02099997,1.0,-1.2525494e-05,-8.509203e-06,-2.068934e-06,0.000106431675,6.226741e-05,-0.00021254759,-0.0069885156,0.00091818377,1.6651642e-05
0.0,0.0,0.0,0.0,0.0,0.0,1.0,0.6576102,0.15052077,0.11006236,0.42350456,0.067230634,0.020999974,0.39401752,0.060248096,0.112936765,-0.012262762,-0.9604882,-0.008747727,-0.27791277,-0.21076387,0.22354616,0.55631393,-2.946215,0.531128,3.7524636,0.5377069,0.04,0.039967116,1.5151534,0.24631466,0.35844013,0.4694729,2.149882,0.016813822,-0.3588236,5.582611e-05,0.00040345095,0.0,0.0,0.0,0.0,0.0,0.0,0.04,0.04,-0.19103831,0.22322911,0.56302387,-2.943421,0.5298804,3.7523954,0.5380468,0.03996673,0.04,0.27463692,-0.045000147,0.09820301,-0.014475426,-0.05680956,0.0035222045,0.017163046,-9.6650125e-05,0.0004701354,5.5879354e-09,2.3283064e-10,-3.7252903e-09,1.0,-1.489095e-10,-8.781334e-10,-8.472538e-11,0.0,0.0,0.0,0.0,0.0,0.0,0.65761435,0.15050887,0.11005832,0.999987,-0.0029617916,0.004132442,0.00016529782,0.00025171682,-0.0005876692,-0.00019254454,0.005567016,0.0018694238,-0.00068742567,0.42350456,0.06723064,0.020999966,1.0,-1.267394e-05,-8.509077e-06,-2.05921e-06,0.00010719375,6.1908664e-05,-0.00021273797,-0.0069871256,0.0009320069,1.6365742e-05
0.0,0.0,0.0,0.0,0.0,0.0,1.0,0.65761435,0.15050887,0.11005832,0.42350456,0.06723064,0.02099997,0.3938082,0.07154204,0.1139798,-0.0073017776,-0.9598398,-0.021286696,-0.2796445,-0.19103831,0.22322911,0.56302387,-2.943421,0.5298804,3.7523954,0.5380468,0.03996673,0.04,0.27463692,-0.045000147,0.09820301,-0.014475426,-0.05680956,0.0035222045,0.017163046,-9.6650125e-05,0.0004701354,0.0,0.0,0.0,0.0,0.0,0.0,0.04,0.04,-0.1858007,0.22257908,0.56503224,-2.9434683,0.5293857,3.752401,0.5381225,0.039969355,0.04,0.07805222,-0.009252842,0.026651438,-0.0013184092,-0.013254695,0.00049467536,0.0039998493,0.00024295505,3.739689e-05,5.5879354e-09,2.3283064e-10,-3.7252903e-09,1.0,-1.489095e-10,-8.781334e-10,-8.472538e-11,0.0,0.0,0.0,0.0,0.0,0.0,0.657612,0.15051378,0.11006087,0.99998707,-0.0029830376,0.0041229883,0.00016584189,0.0004504276,7.490639e-05,-0.00021870532,0.00014536307,0.0043767234,0.000121889156,0.42350456,0.067230634,0.02099997,1.0,-1.25546085e-05,-8.5074125e-06,-2.0270707e-06,0.000107249,6.175804e-05,-0.00021272479,-0.0069846227,0.0009324317,1.6453812e-05
0.0,0.0,0.0,0.0,0.0,0.0,1.0,0.657612,0.15051378,0.11006087,0.42350456,0.067230634,0.020999974,0.39343455,0.07452943,0.11428629,-0.006073177,-0.95964944,-0.02489534,-0.2800293,-0.1858007,0.22257908,0.56503224,-2.9434683,0.5293857,3.752401,0.5381225,0.039969355,0.04,0.07805222,-0.009252842,0.026651438,-0.0013184092,-0.013254695,0.00049467536,0.0039998493,0.00024295505,3.739689e-05,0.0,0.0,0.0,0.0,0.0,0.0,0.04,0.04,-0.18433833,0.2224189,0.56559086,-2.9434726,0.52924806,3.7523983,0.5381432,0.03997979,0.04,0.021755997,-0.0026028624,0.007409307,-0.00043540273,-0.0037120557,0.00010421249,0.0010865278,0.00028904073,3.1465072e-06,5.5879354e-09,2.3283064e-10,-3.7252903e-09,1.0,-1.489095e-10,-8.781334e-10,-8.472538e-11,0.0,0.0,0.0,0.0,0.0,0.0,0.6576102,0.15052073,0.1100624,0.99998695,-0.003010086,0.0041160192,0.00016738115,0.0013917572,-0.002004569,-0.0009981823,0.017211284,0.011284627,-0.0024149958,0.42350456,0.06723064,0.020999966,1.0,-1.2701629e-05,-8.510909e-06,-2.01743e-06,0.000107196625,6.191281e-05,-0.00021273152,-0.0069872662,0.00093208184,1.6362135e-05
0.0,0.0,0.0,0.0,0.0,0.0,1.0,0.6576102,0.15052073,0.110062405,0.42350456,0.06723064,0.02099997,0.3933252,0.0753647,0.11436516,-0.005726546,-0.9595963,-0.025900662,-0.28012735,-0.18433833,0.2224189,0.56559086,-2.9434726,0.52924806,3.7523983,0.5381432,0.03997979,0.04,0.021755997,-0.0026028624,0.007409307,-0.00043540273,-0.0037120557,0.00010421249,0.0010865278,0.00028904073,3.1465072e-06,0.0,0.0,0.0,0.0,0.0,0.0,0.04,0.04,-0.18393075,0.22237426,0.56574637,-2.9434743,0.52920985,3.7523983,0.53814894,0.03998831,0.039999995,0.0060648522,-0.000723325,0.002064725,-0.00012408623,-0.001029815,2.3978773e-05,0.00030205262,0.00020130507,2.988818e-07,5.5879354e-09,2.3283064e-10,-3.7252903e-09,1.0,-1.489095e-10,-8.781334e-10,-8.472538e-11,0.0,0.0,0.0,0.0,0.0,0.0,0.65761435,0.15050887,0.11005829,0.99998707,-0.0029618447,0.004132358,0.00016526603,0.00025240894,-0.0005941801,-0.00019885343,0.005632337,0.0018913249,-0.00067985745,0.42350456,0.067230634,0.02099997,1.0,-1.2578263e-05,-8.508658e-06,-2.0042867e-06,0.00010724815,6.175602e-05,-0.00021272473,-0.0069844374,0.0009325142,1.645479e-05
0.0,0.0,0.0,0.0,0.0,0.0,1.0,0.65761435,0.15050887,0.11005829,0.42350456,0.067230634,0.020999974,0.3932943,0.07559725,0.11438714,-0.0056300163,-0.95958126,-0.026180655,-0.28015488,-0.18393075,0.22237426,0.56574637,-2.9434743,0.52920985,3.7523983,0.53814894,0.03998831,0.039999995,0.0060648522,-0.000723325,0.002064725,-0.00012408623,-0.001029815,2.3978773e-05,0.00030205262,0.00020130507,2.988818e-07,0.0,0.0,0.0,0.0,0.0,0.0,0.04,0.04,-0.18381712,0.22236185,0.5657898,-2.9434743,0.52919924,3.7523983,0.5381508,0.03999361,0.04,0.0016895541,-0.0002013273,0.00057583826,-3.7300477e-05,-0.0002876262,7.2006487e-06,8.572425e-05,0.0001188585,4.255859e-08,5.5879354e-09,2.3283064e-10,-3.7252903e-09,1.0,-1.489095e-10,-8.781334e-10,-8.472538e-11,0.0,0.0,0.0,0.0,0.0,0.0,0.657612,0.15051381,0.11006082,0.999987,-0.0029834027,0.00412316,0.00016584285,0.00045089342,7.430703e-05,-0.00022167065,0.0001597443,0.0043814094,0.00012419657,0.42350456,0.06723064,0.020999966,1.0,-1.2725375e-05,-8.512274e-06,-1.9946294e-06,0.00010719766,6.191046e-05,-0.00021273595,-0.0069871815,0.0009321427,1.636091e-05
0.2,0.0,0.0,0.0,0.0,0.0,1.0,0.657612,0.15051381,0.110060826,0.42350456,0.06723064,0.02099997,0.39328602,0.075661935,0.11439352,-0.0056031644,-0.95957696,-0.026258528,-0.2801627,-0.18381712,0.22236185,0.5657898,-2.9434743,0.52919924,3.7523983,0.5381508,0.03999361,0.04,0.0016895541,-0.0002013273,0.00057583826,-3.7300477e-05,-0.0002876262,7.2006487e-06,8.572425e-05,0.0001188585,4.255859e-08,0.1,0.0,0.0,0.0,0.0,0.0,0.04,0.04,-0.17159341,0.23703924,0.54948336,-2.9076705,0.54250115,3.728239,0.5039321,0.039992724,0.04,0.24463186,0.47592205,-0.49534082,1.291348,0.38678554,-0.67831707,-0.954558,-0.00035036277,0.0006366108,5.5879354e-09,2.3283064e-10,-3.7252903e-09,1.0,-1.489095e-10,-8.781334e-10,-8.472538e-11,0.0,0.0,0.0,0.0,0.0,0.0,0.6576102,0.15052073,0.110062376,0.9999869,-0.0030101812,0.0041159336,0.00016749832,0.0013920211,-0.0020036981,-0.0009990511,0.017200299,0.011283554,-0.0024159404,0.42350456,0.067230634,0.02099997,1.0,-1.2601952e-05,-8.509729e-06,-1.9814959e-06,0.00010724777,6.175875e-05,-0.00021272039,-0.006984549,0.00093225506,1.644485e-05
0.2,0.0,0.0,0.0,0.0,0.0,1.0,0.6576102,0.15052073,0.110062376,0.42350456,0.067230634,0.020999974,0.40395755,0.07797816,0.112688825,-0.0053886175,-0.9603905,-0.031703383,-0.27679574,-0.17159341,0.23703924,0.54948336,-2.9076705,0.54250115,3.728239,0.5039321,0.039992724,0.04,0.24463186,0.47592205,-0.49534082,1.291348,0.38678554,-0.67831707,-0.954558,-0.00035036277,0.0006366108,0.1,0.0,0.0,0.0,0.0,0.0,0.04,0.04,-0.16216597,0.25353178,0.5307245,-2.8624663,0.55790764,3.704392,0.46943623,0.039989524,0.04,0.23977642,0.46617597,-0.5454718,1.2991084,0.4455818,-0.6581575,-0.9569792,8.151389e-06,4.9656437e-06,5.5879354e-09,2.3283064e-10,-3.7252903e-09,1.0,-1.489095e-10,-8.781334e-10,-8.472538e-11,0.0,0.0,0.0,0.0,0.0,0.0,0.6576143,0.1505089,0.11005844,0.99998707,-0.002962211,0.004132194,0.00016518265,0.00024865486,-0.0005256309,-0.00017797787,0.0049989107,0.0017649634,-0.00071075564,0.42350456,0.06723064,0.020999974,1.0,-1.2834702e-05,-8.644585e-06,-2.176233e-06,0.000106371604,6.2506086e-05,-0.00021256515,-0.0069930935,0.00091782067,1.6494005e-05
0.0,0.0,0.0,0.0,0.0,0.0,1.0,0.6576143,0.1505089,0.11005844,0.42350456,0.06723064,0.020999977,0.41905487,0.07891811,0.11272605,-0.0049089193,-0.96034986,-0.032927632,-0.2768029,-0.16216597,0.25353178,0.5307245,-2.8624663,0.55790764,3.704392,0.46943623,0.039989524,0.04,0.23977642,0.46617597,-0.5454718,1.2991084,0.4455818,-0.6581575,-0.9569792,8.151389e-06,4.9656437e-06,0.0,0.0,0.0,0.0,0.0,0.0,0.04,0.04,-0.1679567,0.25471017,0.52909666,-2.8538482,0.55787736,3.7046332,0.46955943,0.039991982,0.03999687,-0.09916773,-0.032756377,-0.022300776,-0.0149527425,-0.004610533,0.01652172,0.008017761,0.0005926395,-0.0001862766,5.5879354e-09,2.3283064e-10,-3.7252903e-09,1.0,-1.489095e-10,-8.781334e-10,-8.472538e-11,0.0,0.0,0.0,0.0,0.0,0.0,0.6576106,0.15051363,0.110061534,0.99998707,-0.002981771,0.004117382,0.00016611598,0.0004444303,0.0002883008,-0.0002791659,-0.0021985294,0.0044400813,0.00013840421,0.42350456,0.06723064,0.020999977,1.0,-1.2752502e-05,-8.608188e-06,-2.0484124e-06,0.00010707772,6.1973034e-05,-0.00021232937,-0.0070013087,0.00090869004,1.6105687e-05
0.0,0.0,0.0,0.0,0.0,0.0,1.0,0.6576106,0.15051363,0.11006154,0.42350456,0.06723064,0.020999981,0.42353037,0.0769574,0.11456874,-0.0048941374,-0.95950836,-0.028415501,-0.28020054,-0.1679567,0.25471017,0.52909666,-2.8538482,0.55787736,3.7046332,0.46955943,0.039991982,0.03999687,-0.09916773,-0.032756377,-0.022300776,-0.0149527425,-0.004610533,0.01652172,0.008017761,0.0005926395,-0.0001862766,0.0,0.0,0.0,0.0,0.0,0.0,0.04,0.04,-0.16963482,0.25451848,0.5284415,-2.8538272,0.55802065,3.704686,0.46954194,0.04,0.039993394,-0.025834141,0.002386622,-0.009522341,0.001606345,0.0041350415,0.00077814795,-0.0008189484,4.192048e-06,6.029574e-06,5.5879354e-09,2.3283064e-10,-3.7252903e-09,1.0,-1.489095e-10,-8.781334e-10,-8.472538e-11,0.0,0.0,0.0,0.0,0.0,0.0,0.6576102,0.15052074,0.11006236,0.99998695,-0.0030100078,0.0041159834,0.00016749084,0.0013898085,-0.0019965835,-0.0010002778,0.017128062,0.011251412,-0.0024138684,0.42350456,0.067230634,0.020999981,1.0,-1.26224795e-05,-8.566642e-06,-2.1606163e-06,0.00010648248,6.2201136e-05,-0.00021256518,-0.006987982,0.00091871934,1.6673826e-05
0.0,0.0,0.0,0.0,0.0,0.0,1.0,0.6576102,0.15052074,0.11006236,0.42350456,0.067230634,0.020999985,0.4237531,0.075909644,0.11463377,-0.0053388476,-0.9595122,-0.027268887,-0.28029293,-0.16963482,0.25451848,0.5284415,-2.8538272,0.55802065,3.704686,0.46954194,0.04,0.039993394,-0.025834141,0.002386622,-0.009522341,0.001606345,0.0041350415,0.00077814795,-0.0008189484,4.192048e-06,6.029574e-06,0.0,0.0,0.0,0.0,0.0,0.0,0.04,0.04,-0.17013887,0.2545644,0.5282371,-2.8538127,0.5580669,3.704689,0.46953472,0.04,0.039995164,-0.007918124,0.00091708807,-0.0030142823,0.00016844945,0.0012899698,4.2594445e-05,-0.00038223507,3.9524633e-07,5.7550882e-05,5.5879354e-09,2.3283064e-10,-3.7252903e-09,1.0,-1.489095e-10,-8.781334e-10,-8.472538e-11,0.0,0.0,0.0,0.0,0.0,0.0,0.65761435,0.15050888,0.11005837,0.99998707,-0.0029617874,0.0041324324,0.00016520832,0.0002514483,-0.0005654608,-0.0001859625,0.00536302,0.0018333677,-0.0007003657,0.42350456,0.06723064,0.020999977,1.0,-1.2772912e-05,-8.571883e-06,-2.131969e-06,0.00010622648,6.257244e-05,-0.00021215309,-0.0070070536,0.00089401857,1.6253201e-05
0.0,0.0,0.0,0.0,0.0,0.0,1.0,0.65761435,0.15050888,0.11005837,0.42350456,0.06723064,0.020999981,0.42380017,0.07559629,0.114611104,-0.0054624677,-0.9595284,-0.026917785,-0.28026947,-0.17013887,0.2545644,0.5282371,-2.8538127,0.5580669,3.704689,0.46953472,0.04,0.039995164,-0.007918124,0.00091708807,-0.0030142823,0.00016844945,0.0012899698,4.2594445e-05,-0.00038223507,3.9524633e-07,5.7550882e-05,0.0,0.0,0.0,0.0,0.0,0.0,0.04,0.04,-0.17029424,0.25458172,0.5281737,-2.8538125,0.55808145,3.704689,0.46953234,0.04,0.03999705,-0.0024427106,0.00030988854,-0.0009405586,5.1947725e-05,0.0004072077,2.6104904e-06,-0.00012802295,3.0787167e-08,4.6787474e-05,5.5879354e-09,2.3283064e-10,-3.7252903e-09,1.0,-1.489095e-10,-8.781334e-10,-8.472538e-11,0.0,0.0,0.0,0.0,0.0,0.0,0.6576106,0.15051357,0.11006155,0.999987,-0.0029814076,0.0041173385,0.00016601487,0.00044523738,0.00028857263,-0.00027918405,-0.0022048512,0.004447562,0.0001369237,0.42350456,0.06723064,0.020999981,1.0,-1.2670997e-05,-8.568952e-06,-2.0236482e-06,0.00010718397,6.188322e-05,-0.00021272247,-0.006986621,0.00093158067,1.6390777e-05
0.0,0.0,0.0,0.0,0.0,0.0,1.0,0.6576106,0.15051357,0.110061556,0.42350456,0.06723064,0.020999985,0.4238118,0.07549905,0.11460137,-0.0055008233,-0.9595344,-0.026809752,-0.28025824,-0.17029424,0.25458172,0.5281737,-2.8538125,0.55808145,3.704689,0.46953234,0.04,0.03999705,-0.0024427106,0.00030988854,-0.0009405586,5.1947725e-05,0.0004072077,2.6104904e-06,-0.00012802295,3.0787167e-08,4.6787474e-05,0.0,0.0,0.0,0.0,0.0,0.0,0.04,0.04,-0.17034239,0.25458732,0.52815396,-2.8538125,0.55808604,3.704689,0.46953142,0.04,0.039998338,-0.00075609575,9.6393574e-05,-0.0002929777,1.5030663e-05,0.00012618386,-1.5255627e-06,-4.2707547e-05,-3.0382985e-10,2.9554127e-05,5.5879354e-09,2.3283064e-10,-3.7252903e-09,1.0,-1.489095e-10,-8.781334e-10,-8.472538e-11,0.0,0.0,0.0,0.0,0.0,0.0,0.6576102,0.15052074,0.11006241,0.99998695,-0.003010024,0.0041161845,0.00016749701,0.0013928184,-0.001996072,-0.0010017051,0.01712073,0.011282193,-0.002415623,0.42350456,0.06723064,0.020999977,1.0,-1.2788684e-05,-8.528351e-06,-2.1755086e-06,0.00010630981,6.2442836e-05,-0.00021216625,-0.0070052976,0.00089490274,1.6304573e-05
0.0,0.0,0.0,0.0,0.0,0.0,1.0,0.6576102,0.15052074,0.11006242,0.42350456,0.06723064,0.020999981,0.4238153,0.07546873,0.11459826,-0.005512744,-0.9595363,-0.026776344,-0.28025454,-0.17034239,0.25458732,0.52815396,-2.8538125,0.55808604,3.704689,0.46953142,0.04,0.039998338,-0.00075609575,9.6393574e-05,-0.0002929777,1.5030663e-05,0.00012618386,-1.5255627e-06,-4.2707547e-05,-3.0382985e-10,2.9554127e-05,0.0,0.0,0.0,0.0,0.0,0.0,0.04,0.04,-0.17035739,0.25458908,0.5281479,-2.8538125,0.5580878,3.704689,0.46953142,0.04,0.039999098,-0.0002371611,3.1263295e-05,-8.873017e-05,4.2589786e-06,3.3487955e-05,1.2343692e-06,-9.113994e-06,-1.0182102e-09,1.6895456e-05,5.5879354e-09,2.3283064e-10,-3.7252903e-09,1.0,-1.489095e-10,-8.781334e-10,-8.472538e-11,0.0,0.0,0.0,0.0,0.0,0.0,0.65761435,0.15050887,0.11005827,0.99998707,-0.0029618652,0.004132289,0.00016529388,0.00025349588,-0.00059590157,-0.00019760776,0.0056415824,0.0019003934,-0.0006841161,0.42350456,0.06723064,0.020999981,1.0,-1.2684153e-05,-8.530669e-06,-2.1452379e-06,0.000106432104,6.226929e-05,-0.00021255405,-0.0069887354,0.00091815594,1.664966e-05
0.0,0.0,0.0,0.0,0.0,0.0,1.0,0.65761435,0.15050887,0.11005828,0.42350456,0.06723064,0.020999985,0.42381644,0.07545932,0.11459732,-0.0055166483,-0.9595369,-0.026765704,-0.28025356,-0.17035739,0.25458908,0.5281479,-2.8538125,0.5580878,3.704689,0.46953142,0.04,0.039999098,-0.0002371611,3.1263295e-05,-8.873017e-05,4.2589786e-06,3.3487955e-05,1.2343692e-06,-9.113994e-06,-1.0182102e-09,1.6895456e-05,0.0,0.0,0.0,0.0,0.0,0.0,0.04,0.04,-0.17036203,0.2545896,0.52814585,-2.8538125,0.5580878,3.704689,0.46953142,0.04,0.039999526,-7.367086e-05,7.375008e-06,-2.8414357e-05,1.7557564e-06,1.0682854e-05,-7.903946e-07,-3.978117e-06,-4.6508458e-10,9.162079e-06,5.5879354e-09,2.3283064e-10,-3.7252903e-09,1.0,-1.489095e-10,-8.781334e-10,-8.472538e-11,0.0,0.0,0.0,0.0,0.0,0.0,0.657612,0.15051377,0.11006082,0.99998707,-0.0029829827,0.0041230475,0.00016585803,0.00045208863,7.230876e-05,-0.00021897168,0.00017106462,0.004392582,0.00011998185,0.42350456,0.06723064,0.020999977,1.0,-1.2819931e-05,-8.531554e-06,-2.1146886e-06,0.00010622682,6.257223e-05,-0.000212153,-0.0070067663,0.0008940701,1.6246793e-05
0.0,0.0,0.0,0.0,0.0,0.0,1.0,0.657612,0.15051377,0.110060826,0.42350456,0.06723064,0.020999981,0.42381677,0.07545639,0.11459689,-0.005517721,-0.95953715,-0.026762515,-0.28025314,-0.17036203,0.2545896,0.52814585,-2.8538125,0.5580878,3.704689,0.46953142,0.04,0.039999526,-7.367086e-05,7.375008e-06,-2.8414357e-05,1.7557564e-06,1.0682854e-05,-7.903946e-07,-3.978117e-06,-4.6508458e-10,9.162079e-06,0.0,0.0,0.0,0.0,0.0,0.0,0.04,0.04,-0.17036349,0.2545896,0.5281458,-2.8538125,0.5580878,3.704689,0.46953142,0.04,0.039999753,-2.308337e-05,3.3886195e-06,-9.627214e-06,-4.2917115e-08,2.8155719e-06,1.2477126e-06,-1.5490316e-06,-1.22132e-10,4.9774976e-06,5.5879354e-09,2.3283064e-10,-3.7252903e-09,1.0,-1.489095e-10,-8.781334e-10,-8.472538e-11,0.0,0.0,0.0,0.0,0.0,0.0,0.65761024,0.15052073,0.11006239,0.9999869,-0.003010077,0.0041161263,0.00016753288,0.0013929298,-0.0020094162,-0.0009986544,0.017256023,0.011294839,-0.0024184613,0.42350456,0.06723064,0.020999981,1.0,-1.27224375e-05,-8.536267e-06,-2.1242683e-06,0.00010640601,6.235691e-05,-0.00021255405,-0.0069902157,0.000918023,1.6594384e-05
0.0,0.0,0.0,0.0,0.0,0.0,1.0,0.65761024,0.15052073,0.11006239,0.42350456,0.06723064,0.020999985,0.42381683,0.07545576,0.11459696,-0.00551793,-0.95953715,-0.02676183,-0.2802531,-0.17036349,0.2545896,0.5281458,-2.8538125,0.5580878,3.704689,0.46953142,0.04,0.039999753,-2.308337e-05,3.3886195e-06,-9.627214e-06,-4.2917115e-08,2.8155719e-06,1.2477126e-06,-1.5490316e-06,-1.22132e-10,4.9774976e-06,0.0,0.0,0.0,0.0,0.0,0.0,0.04,0.04,-0.17036399,0.2545896,0.5281458,-2.8538125,0.5580878,3.704689,0.46953142,0.04,0.039999872,-7.163465e-06,-2.1794997e-06,-3.311378e-06,-1.3967457e-06,2.4924404e-06,-3.308131e-06,-2.0667244e-06,-3.1656334e-11,2.663025e-06,5.5879354e-09,2.3283064e-10,-3.7252903e-09,1.0,-1.489095e-10,-8.781334e-10,-8.472538e-11,0.0,0.0,0.0,0.0,0.0,0.0,0.65761435,0.15050887,0.11005829,0.99998707,-0.0029617911,0.004132433,0.0001652381,0.00025297204,-0.0005912559,-0.000195678,0.0055988226,0.0018894544,-0.00068558333,0.42350456,0.06723064,0.020999985,1.0,-1.2609843e-05,-8.53729e-06,-2.132051e-06,0.00010646071,6.2206e-05,-0.00021255392,-0.006987775,0.0009182774,1.6684775e-05
0.0,0.0,0.0,0.0,0.0,0.0,1.0,0.65761435,0.15050887,0.11005829,0.42350456,0.06723064,0.020999989,0.4238169,0.07545569,0.11459684,-0.0055179,-0.95953715,-0.026761651,-0.28025317,-0.17036399,0.2545896,0.5281458,-2.8538125,0.5580878,3.704689,0.46953142,0.04,0.039999872,-7.163465e-06,-2.1794997e-06,-3.311378e-06,-1.3967457e-06,2.4924404e-06,-3.308131e-06,-2.0667244e-06,-3.1656334e-11,2.663025e-06,0.0,0.0,0.0,0.0,0.0,0.0,0.04,0.04,-0.17036399,0.2545896,0.5281458,-2.8538125,0.5580878,3.704689,0.46953142,0.04,0.039999932,-2.487325e-06,4.5207057e-07,-1.02955e-06,3.785197e-08,1.5867556e-07,1.1184421e-06,4.079888e-07,-1.2004675e-11,9.586913e-07,5.5879354e-09,2.3283064e-10,-3.7252903e-09,1.0,-1.489095e-10,-8.781334e-10,-8.472538e-11,0.0,0.0,0.0,0.0,0.0,0.0,0.657612,0.15051381,0.11006082,0.999987,-0.0029833189,0.0041230945,0.00016585499,0.00045056915,7.492455e-05,-0.00022134003,0.00015245801,0.0043780953,0.000124108,0.42350456,0.06723064,0.020999981,1.0,-1.27278845e-05,-8.567676e-06,-2.1003732e-06,0.000106435145,6.2272156e-05,-0.00021255702,-0.0069887745,0.0009182287,1.6644959e-05
0.0,-0.2,0.0,0.0,0.0,0.0,1.0,0.657612,0.15051381,0.110060826,0.42350456,0.06723064,0.020999985,0.4238169,0.07545569,0.11459684,-0.0055179,-0.95953715,-0.026761651,-0.28025317,-0.17036399,0.2545896,0.5281458,-2.8538125,0.5580878,3.704689,0.46953142,0.04,0.039999932,-2.487325e-06,4.5207057e-07,-1.02955e-06,3.785197e-08,1.5867556e-07,1.1184421e-06,4.079888e-07,-1.2004675e-11,9.586913e-07,0.0,-0.1,0.0,0.0,0.0,0.0,0.04,0.04,-0.20732653,0.24536075,0.5316414,-2.8700411,0.48224315,3.7034929,0.488377,0.03996518,0.04,-1.3520762,-0.29097658,-0.018305399,-0.5442332,-2.1236987,-0.026086405,0.51886064,-2.323489e-05,0.00051787926,5.5879354e-09,2.3283064e-10,-3.7252903e-09,1.0,-1.489095e-10,-8.781334e-10,-8.472538e-11,0.0,0.0,0.0,0.0,0.0,0.0,0.6576102,0.15052074,0.11006239,0.9999869,-0.0030101207,0.004116227,0.00016747686,0.0013915555,-0.0020055475,-0.0009977903,0.01722137,0.01128357,-0.0024149367,0.42350456,0.067230634,0.020999985,1.0,-1.2609393e-05,-8.562584e-06,-2.0681346e-06,0.00010724899,6.1754145e-05,-0.00021272234,-0.006984616,0.0009323082,1.6454349e-05
0.0,0.0,0.0,0.0,0.0,0.0,1.0,0.6576102,0.15052074,0.11006239,0.42350456,0.067230634,0.020999989,0.42306924,0.07277837,0.11574496,-0.0002766549,-0.95864755,-0.0397107,-0.2818119,-0.20732653,0.24536075,0.5316414,-2.8700411,0.48224315,3.7034929,0.488377,0.03996518,0.04,-1.3520762,-0.29097658,-0.018305399,-0.5442332,-2.1236987,-0.026086405,0.51886064,-2.323489e-05,0.00051787926,0.0,0.0,0.0,0.0,0.0,0.0,0.04,0.04,-0.22193322,0.2450957,0.5266393,-2.8726716,0.4829466,3.7035916,0.48813364,0.04,0.039982066,-0.2110856,0.035669666,-0.08276929,0.014878959,0.04372207,-0.0016344272,-0.01217447,0.0003483571,-0.00041397798,5.5879354e-09,2.3283064e-10,-3.7252903e-09,1.0,-1.489095e-10,-8.781334e-10,-8.472538e-11,0.0,0.0,0.0,0.0,0.0,0.0,0.65761435,0.15050885,0.11005834,0.99998707,-0.0029616435,0.004132269,0.00016519472,0.00025220725,-0.00059393636,-0.00019674309,0.0056277425,0.0018848791,-0.0006830535,0.42350456,0.06723064,0.020999981,1.0,-1.2760303e-05,-8.567127e-06,-2.039469e-06,0.00010716386,6.1975064e-05,-0.00021273164,-0.0069882567,0.00093163183,1.6330467e-05
0.0,0.0,0.0,0.0,0.0,0.0,1.0,0.65761435,0.15050885,0.11005834,0.42350456,0.06723064,0.020999985,0.42310444,0.063837,0.11493786,-0.0040273964,-0.95934,-0.030597746,-0.28056073,-0.22193322,0.2450957,0.5266393,-2.8726716,0.4829466,3.7035916,0.48813364,0.04,0.039982066,-0.2110856,0.035669666,-0.08276929,0.014878959,0.04372207,-0.0016344272,-0.01217447,0.0003483571,-0.00041397798,0.0,0.0,0.0,0.0,0.0,0.0,0.04,0.04,-0.22614995,0.24562487,0.52494687,-2.872571,0.48333904,3.7035987,0.48807412,0.04,0.03998007,-0.0662217,0.007616796,-0.024663083,0.0012604224,0.010714618,-4.741321e-05,-0.0031364916,3.136075e-05,9.903384e-05,5.5879354e-09,2.3283064e-10,-3.7252903e-09,1.0,-1.489095e-10,-8.781334e-10,-8.472538e-11,0.0,0.0,0.0,0.0,0.0,0.0,0.657612,0.15051381,0.11006088,0.99998707,-0.0029834067,0.0041232323,0.00016583016,0.00045136444,7.482065e-05,-0.00021892418,0.00014707657,0.00438563,0.00012200903,0.42350456,0.06723064,0.020999985,1.0,-1.2636999e-05,-8.528869e-06,-2.1915394e-06,0.000106458916,6.2292325e-05,-0.0002125652,-0.006989684,0.0009184706,1.6611913e-05
0.0,0.0,0.0,0.0,0.0,0.0,1.0,0.657612,0.15051381,0.110060886,0.42350456,0.06723064,0.020999989,0.42337415,0.06123514,0.11468242,-0.00502488,-0.9595077,-0.027659088,-0.28027588,-0.22614995,0.24562487,0.52494687,-2.872571,0.48333904,3.7035987,0.48807412,0.04,0.03998007,-0.0662217,0.007616796,-0.024663083,0.0012604224,0.010714618,-4.741321e-05,-0.0031364916,3.136075e-05,9.903384e-05,0.0,0.0,0.0,0.0,0.0,0.0,0.04,0.04,-0.22744416,0.24576566,0.52442735,-2.8725586,0.4834595,3.7036026,0.48805568,0.04,0.039986093,-0.020257814,0.0023898403,-0.007567603,0.00047629175,0.003327807,-1.718006e-05,-0.0009670381,2.8496233e-06,0.00017966,5.5879354e-09,2.3283064e-10,-3.7252903e-09,1.0,-1.489095e-10,-8.781334e-10,-8.472538e-11,0.0,0.0,0.0,0.0,0.0,0.0,0.6576102,0.15052071,0.11006239,0.99998695,-0.003009635,0.0041165277,0.0001674444,0.0013942973,-0.0020128312,-0.0009992225,0.017287018,0.011307902,-0.0024215332,0.42350456,0.06723064,0.020999981,1.0,-1.2765957e-05,-8.527187e-06,-2.1211542e-06,0.00010622617,6.2572915e-05,-0.00021214865,-0.007006859,0.0008940688,1.625148e-05
0.0,0.0,0.0,0.0,0.0,0.0,1.0,0.6576102,0.15052071,0.11006239,0.42350456,0.06723064,0.020999985,0.4234494,0.060433142,0.11460765,-0.0053356886,-0.95955664,-0.026759684,-0.28018993,-0.22744416,0.24576566,0.52442735,-2.8725586,0.4834595,3.7036026,0.48805568,0.04,0.039986093,-0.020257814,0.0023898403,-0.007567603,0.00047629175,0.003327807,-1.718006e-05,-0.0009670381,2.8496233e-06,0.00017966,0.0,0.0,0.0,0.0,0.0,0.0,0.04,0.04,-0.2278405,0.245809,0.524268,-2.8725543,0.48349634,3.7036026,0.48804992,0.04,0.03999169,-0.006202484,0.0007311181,-0.002320951,0.00014842385,0.0010201784,-3.198355e-06,-0.00030026035,2.3880196e-07,0.00013566509,5.5879354e-09,2.3283064e-10,-3.7252903e-09,1.0,-1.489095e-10,-8.781334e-10,-8.472538e-11,0.0,0.0,0.0,0.0,0.0,0.0,0.65761435,0.15050887,0.11005829,0.99998707,-0.002961856,0.0041323598,0.0001652439,0.0002507012,-0.0005919825,-0.00019854752,0.005617628,0.0018723608,-0.000678173,0.42350456,0.06723064,0.020999985,1.0,-1.2662185e-05,-8.528843e-06,-2.0908035e-06,0.000106433436,6.22681e-05,-0.00021255623,-0.006988662,0.0009181634,1.6650049e-05
0.0,0.0,0.0,0.0,0.0,0.0,1.0,0.65761435,0.15050887,0.11005829,0.42350456,0.06723064,0.020999989,0.42347217,0.06018762,0.11458473,-0.0054306686,-0.9595715,-0.02648428,-0.28016305,-0.2278405,0.245809,0.524268,-2.8725543,0.48349634,3.7036026,0.48804992,0.04,0.03999169,-0.006202484,0.0007311181,-0.002320951,0.00014842385,0.0010201784,-3.198355e-06,-0.00030026035,2.3880196e-07,0.00013566509,0.0,0.0,0.0,0.0,0.0,0.0,0.04,0.04,-0.22796193,0.24582231,0.52421933,-2.872554,0.48350763,3.7036026,0.48804832,0.04,0.039995365,-0.0018982313,0.00022234437,-0.00071156607,4.7835158e-05,0.0003147514,-2.7568944e-06,-9.414176e-05,1.3523215e-08,8.347717e-05,5.5879354e-09,2.3283064e-10,-3.7252903e-09,1.0,-1.489095e-10,-8.781334e-10,-8.472538e-11,0.0,0.0,0.0,0.0,0.0,0.0,0.657612,0.15051381,0.110060826,0.9999871,-0.0029831794,0.004123287,0.00016579262,0.00045050864,7.5794116e-05,-0.00021902756,0.00013666833,0.004376975,0.00012199161,0.42350456,0.067230634,0.020999989,1.0,-1.2547141e-05,-8.524983e-06,-2.039575e-06,0.000107189786,6.190948e-05,-0.00021272228,-0.0069870125,0.0009318573,1.6362275e-05
0.0,0.0,0.0,0.0,0.0,0.0,1.0,0.657612,0.15051381,0.110060826,0.42350456,0.067230634,0.020999992,0.42347848,0.060112424,0.114576995,-0.0054597557,-0.95957637,-0.02639997,-0.28015426,-0.22796193,0.24582231,0.52421933,-2.872554,0.48350763,3.7036026,0.48804832,0.04,0.039995365,-0.0018982313,0.00022234437,-0.00071156607,4.7835158e-05,0.0003147514,-2.7568944e-06,-9.414176e-05,1.3523215e-08,8.347717e-05,0.0,0.0,0.0,0.0,0.0,0.0,0.04,0.04,-0.22799912,0.24582641,0.5242044,-2.872554,0.483511,3.7036026,0.48804784,0.04,0.039997503,-0.0005805133,7.39696e-05,-0.00021818317,1.5378168e-05,9.387554e-05,4.0939635e-06,-3.0243502e-05,-1.6400984e-09,4.7171587e-05,5.5879354e-09,2.3283064e-10,-3.7252903e-09,1.0,-1.489095e-10,-8.781334e-10,-8.472538e-11,0.0,0.0,0.0,0.0,0.0,0.0,0.65761113,0.15052046,0.11006203,0.999987,-0.0030094646,0.0041199485,0.00016701035,0.0007939562,-0.002335642,-0.00069298,0.020564912,0.0060023833,-0.002181755,0.42350456,0.06723064,0.020999985,1.0,-1.2694799e-05,-8.528045e-06,-2.0299244e-06,0.00010719753,6.191265e-05,-0.00021273164,-0.0069872495,0.000932027,1.6363063e-05
0.0,0.0,0.0,0.0,0.0,0.0,1.0,0.65761113,0.15052046,0.11006203,0.42350456,0.06723064,0.020999989,0.42348048,0.060089298,0.11457503,-0.005468756,-0.9595778,-0.02637446,-0.2801517,-0.22799912,0.24582641,0.5242044,-2.872554,0.483511,3.7036026,0.48804784,0.04,0.039997503,-0.0005805133,7.39696e-05,-0.00021818317,1.5378168e-05,9.387554e-05,4.0939635e-06,-3.0243502e-05,-1.6400984e-09,4.7171587e-05,0.0,0.0,0.0,0.0,0.0,0.0,0.04,0.04,-0.22801054,0.24582766,0.52419984,-2.872554,0.48351198,3.7036026,0.48804784,0.04,0.039998677,-0.00018021096,1.8257779e-05,-6.526085e-05,2.9949904e-06,2.518675e-05,-1.4189442e-06,-7.1940813e-06,-8.983251e-10,2.5627893e-05,5.5879354e-09,2.3283064e-10,-3.7252903e-09,1.0,-1.489095e-10,-8.781334e-10,-8.472538e-11,0.0,0.0,0.0,0.0,0.0,0.0,0.6576143,0.15050924,0.11005839,0.99998707,-0.0029631082,0.004132554,0.00016519394,0.000286388,-0.0005378325,-0.0001364623,0.004910935,0.0020575474,-0.0008414354,0.42350456,0.067230634,0.020999989,1.0,-1.2571325e-05,-8.525729e-06,-2.0167865e-06,0.00010724907,6.1757615e-05,-0.00021272694,-0.0069844183,0.00093248644,1.6449947e-05
0.0,0.0,0.0,0.0,0.0,0.0,1.0,0.6576143,0.15050924,0.1100584,0.42350456,0.067230634,0.020999992,0.42348105,0.060082234,0.114574224,-0.005471438,-0.9595783,-0.026366293,-0.28015074,-0.22801054,0.24582766,0.52419984,-2.872554,0.48351198,3.7036026,0.48804784,0.04,0.039998677,-0.00018021096,1.8257779e-05,-6.526085e-05,2.9949904e-06,2.518675e-05,-1.4189442e-06,-7.1940813e-06,-8.983251e-10,2.5627893e-05,0.0,0.0,0.0,0.0,0.0,0.0,0.04,0.04,-0.22801402,0.24582808,0.5241985,-2.872554,0.48351198,3.7036026,0.48804784,0.04,0.039999306,-5.4367134e-05,6.2937365e-06,-1.9347885e-05,9.3981225e-07,9.829441e-06,-8.281091e-07,-1.1935625e-06,-3.5294265e-10,1.3624105e-05,5.5879354e-09,2.3283064e-10,-3.7252903e-09,1.0,-1.489095e-10,-8.781334e-10,-8.472538e-11,0.0,0.0,0.0,0.0,0.0,0.0,0.657612,0.15051377,0.11006087,0.9999871,-0.0029828397,0.0041233315,0.00016572408,0.00044830193,7.591478e-05,-0.00022093118,0.00014014196,0.0043559875,0.00012426762,0.42350456,0.06723064,0.020999985,1.0,-1.2718471e-05,-8.529383e-06,-2.0071152e-06,0.00010719729,6.191236e-05,-0.00021273165,-0.0069873524,0.0009320086,1.636363e-05
0.0,0.0,0.0,0.0,0.0,0.0,1.0,0.657612,0.15051377,0.11006087,0.42350456,0.06723064,0.020999989,0.4234813,0.06008016,0.11457421,-0.005472213,-0.9595784,-0.026364058,-0.28015056,-0.22801402,0.24582808,0.5241985,-2.872554,0.48351198,3.7036026,0.48804784,0.04,0.039999306,-5.4367134e-05,6.2937365e-06,-1.9347885e-05,9.3981225e-07,9.829441e-06,-8.281091e-07,-1.1935625e-06,-3.5294265e-10,1.3624105e-05,0.0,0.0,0.0,0.0,0.0,0.0,0.04,0.04,-0.22801507,0.24582808,0.5241985,-2.872554,0.48351198,3.7036026,0.48804784,0.04,0.039999638,-1.7358921e-05,-2.2393795e-06,-5.886141e-06,-1.4208119e-06,3.0731428e-06,-4.3767745e-06,-2.9585163e-07,-8.9912085e-11,7.1452873e-06,5.5879354e-09,2.3283064e-10,-3.7252903e-09,1.0,-1.489095e-10,-8.781334e-10,-8.472538e-11,0.0,0.0,0.0,0.0,0.0,0.0,0.6576102,0.15052073,0.11006239,0.999987,-0.0030095445,0.0041166497,0.0001673878,0.0013935061,-0.0020110076,-0.0009986656,0.017271336,0.011301489,-0.0024194089,0.42350456,0.067230634,0.020999989,1.0,-1.2594959e-05,-8.527043e-06,-1.9940032e-06,0.000107249645,6.17563e-05,-0.00021272249,-0.006984531,0.0009323833,1.6456095e-05
0.0,0.0,0.0,0.0,0.0,0.0,1.0,0.6576102,0.15052073,0.11006239,0.42350456,0.067230634,0.020999992,0.42348135,0.060079742,0.11457421,-0.005472362,-0.9595784,-0.026363522,-0.28015053,-0.22801507,0.24582808,0.5241985,-2.872554,0.48351198,3.7036026,0.48804784,0.04,0.039999638,-1.7358921e-05,-2.2393795e-06,-5.886141e-06,-1.4208119e-06,3.0731428e-06,-4.3767745e-06,-2.9585163e-07,-8.9912085e-11,7.1452873e-06,0.0,0.0,0.0,0.0,0.0,0.0,0.04,0.04,-0.22801541,0.24582808,0.5241985,-2.872554,0.48351198,3.7036026,0.48804784,0.04,0.03999981,-4.784233e-06,5.2774993e-07,-9.648496e-07,7.73738e-08,1.966326e-06,3.9366554e-08,9.527869e-07,-3.819747e-11,3.5789562e-06,5.5879354e-09,2.3283064e-10,-3.7252903e-09,1.0,-1.489095e-10,-8.781334e-10,-8.472538e-11,0.0,0.0,0.0,0.0,0.0,0.0,0.65761435,0.15050887,0.1100583,0.999987,-0.0029618943,0.004132464,0.00016523253,0.00025003322,-0.000583466,-0.00019330846,0.0055354275,0.0018523234,-0.0006836541,0.42350456,0.06723064,0.020999985,1.0,-1.2726183e-05,-8.491729e-06,-2.147739e-06,0.00010625552,6.259466e-05,-0.00021217058,-0.00700766,0.0008947223,1.621569e-05
0.0,0.0,0.0,0.0,0.0,0.0,1.0,0.65761435,0.15050887,0.11005831,0.42350456,0.06723064,0.020999989,0.42348137,0.06007946,0.11457418,-0.005472511,-0.9595784,-0.026363343,-0.28015053,-0.22801541,0.24582808,0.5241985,-2.872554,0.48351198,3.7036026,0.48804784,0.04,0.03999981,-4.784233e-06,5.2774993e-07,-9.648496e-07,7.73738e-08,1.966326e-06,3.9366554e-08,9.527869e-07,-3.819747e-11,3.5789562e-06,0.0,0.0,0.0,0.0,0.0,0.0,0.04,0.04,-0.22801541,0.24582808,0.5241985,-2.872554,0.48351198,3.7036026,0.48804784,0.04,0.03999993,-1.4293391e-06,4.8502864e-07,-5.8401207e-07,6.825272e-09,8.903381e-08,1.103696e-06,1.3728607e-07,-7.2346612e-12,1.8760408e-06,5.5879354e-09,2.3283064e-10,-3.7252903e-09,1.0,-1.489095e-10,-8.781334e-10,-8.472538e-11,0.0,0.0,0.0,0.0,0.0,0.0,0.657612,0.15051378,0.11006084,0.9999871,-0.0029830157,0.004123105,0.00016578574,0.00045064383,7.492001e-05,-0.00021852744,0.0001444667,0.004378595,0.000121721125,0.42350456,0.06723064,0.020999989,1.0,-1.2618329e-05,-8.492676e-06,-2.136434e-06,0.00010642938,6.226906e-05,-0.00021255403,-0.0069886115,0.0009181444,1.6654289e-05
0.0,0.0,-0.2,0.0,0.0,0.0,1.0,0.657612,0.15051378,0.11006084,0.42350456,0.06723064,0.020999992,0.42348137,0.06007946,0.11457418,-0.005472511,-0.9595784,-0.026363343,-0.28015053,-0.22801541,0.24582808,0.5241985,-2.872554,0.48351198,3.7036026,0.48804784,0.04,0.03999993,-1.4293391e-06,4.8502864e-07,-5.8401207e-07,6.825272e-09,8.903381e-08,1.103696e-06,1.3728607e-07,-7.2346612e-12,1.8760408e-06,0.0,0.0,-0.1,0.0,0.0,0.0,0.04,0.04,-0.21766819,0.30294648,0.5122713,-2.8532896,0.4742398,3.7525008,0.4774442,0.04,0.03997916,0.22109339,2.0405078,-0.3685099,0.5639447,-0.28178138,-0.00017530493,-0.26185048,0.00013183437,0.00067187124,5.5879354e-09,2.3283064e-10,-3.7252903e-09,1.0,-1.489095e-10,-8.781334e-10,-8.472538e-11,0.0,0.0,0.0,0.0,0.0,0.0,0.65761113,0.15052047,0.11006202,0.999987,-0.0030093242,0.0041200654,0.00016709436,0.0007936788,-0.0023348571,-0.0006933041,0.020555658,0.005998073,-0.0021819512,0.42350456,0.06723064,0.020999985,1.0,-1.2753997e-05,-8.493713e-06,-2.1058936e-06,0.00010622506,6.257263e-05,-0.00021214859,-0.0070068548,0.00089409837,1.6254571e-05
0.0,0.0,-0.2,0.0,0.0,0.0,1.0,0.65761113,0.15052047,0.11006202,0.42350456,0.06723064,0.020999989,0.4268468,0.06287182,0.10558598,-0.004946202,-0.95795214,-0.03013894,-0.28529787,-0.21766819,0.30294648,0.5122713,-2.8532896,0.4742398,3.7525008,0.4774442,0.04,0.03997916,0.22109339,2.0405078,-0.3685099,0.5639447,-0.28178138,-0.00017530493,-0.26185048,0.00013183437,0.00067187124,0.0,0.0,-0.1,0.0,0.0,0.0,0.04,0.04,-0.20989166,0.3745244,0.49697965,-2.8330011,0.46279922,3.7524989,0.46766198,0.03999808,0.04,0.19734673,2.0970626,-0.46335953,0.57594156,-0.33003542,8.176721e-08,-0.2738599,-5.354485e-05,0.000626537,5.5879354e-09,2.3283064e-10,-3.7252903e-09,1.0,-1.489095e-10,-8.781334e-10,-8.472538e-11,0.0,0.0,0.0,0.0,0.0,0.0,0.6576143,0.1505092,0.1100584,0.99998707,-0.002962724,0.0041325185,0.00016526379,0.0002900517,-0.0005676475,-0.00015046328,0.0051760105,0.002147249,-0.00082481944,0.42350456,0.06723064,0.020999989,1.0,-1.2642313e-05,-8.493812e-06,-2.1136236e-06,0.000106460924,6.22047e-05,-0.00021255609,-0.006987465,0.00091858505,1.6686037e-05
0.0,0.0,-0.2,0.0,0.0,0.0,1.0,0.6576143,0.1505092,0.1100584,0.42350456,0.06723064,0.020999992,0.4208421,0.06654031,0.08153799,0.0023823977,-0.96461254,-0.033353567,-0.26154232,-0.20989166,0.3745244,0.49697965,-2.8330011,0.46279922,3.7524989,0.46766198,0.03999808,0.04,0.19734673,2.0970626,-0.46335953,0.57594156,-0.33003542,8.176721e-08,-0.2738599,-5.354485e-05,0.000626537,0.0,0.0,-0.1,0.0,0.0,0.0,0.04,0.04,-0.20319334,0.44577256,0.48026285,-2.81137,0.44992954,3.7524996,0.45902318,0.04,0.04,0.18089876,2.0481105,-0.48990655,0.62443024,-0.36596364,1.9805157e-08,-0.24251054,7.584616e-05,0.00020371458,5.5879354e-09,2.3283064e-10,-3.7252903e-09,1.0,-1.489095e-10,-8.781334e-10,-8.472538e-11,0.0,0.0,0.0,0.0,0.0,0.0,0.657612,0.15051381,0.11006081,0.999987,-0.0029832986,0.004123261,0.00016577807,0.00044855903,7.713743e-05,-0.00021837377,0.00012033783,0.0043578264,0.00012211016,0.42350456,0.067230634,0.020999992,1.0,-1.25220595e-05,-8.492755e-06,-2.0814641e-06,0.0001064304,6.226844e-05,-0.00021254971,-0.0069887093,0.0009180983,1.6655256e-05
0.0,0.0,-0.2,0.0,0.0,0.0,1.0,0.657612,0.15051381,0.11006081,0.42350456,0.067230634,0.020999996,0.41430223,0.0692896,0.057671156,0.009124398,-0.9704622,-0.03556022,-0.23844326,-0.20319334,0.44577256,0.48026285,-2.81137,0.44992954,3.7524996,0.45902318,0.04,0.04,0.18089876,2.0481105,-0.48990655,0.62443024,-0.36596364,1.9805157e-08,-0.24251054,7.584616e-05,0.00020371458,0.0,0.0,-0.1,0.0,0.0,0.0,0.04,0.04,-0.19699648,0.515604,0.46320271,-2.7878678,0.4359841,3.7524998,0.451358,0.04,0.04,0.17109202,1.9902164,-0.49418867,0.672985,-0.39184457,-1.6819831e-07,-0.21544333,0.0001107948,0.00015966459,5.5879354e-09,2.3283064e-10,-3.7252903e-09,1.0,-1.489095e-10,-8.781334e-10,-8.472538e-11,0.0,0.0,0.0,0.0,0.0,0.0,0.6576112,0.15052046,0.11006204,0.999987,-0.0030093738,0.00412003,0.00016707886,0.00079588045,-0.0023372583,-0.0006947756,0.020575318,0.006016675,-0.002185168,0.42350456,0.067230634,0.020999989,1.0,-1.2640227e-05,-8.559236e-06,-1.9625268e-06,0.00010732253,6.1545186e-05,-0.0002127273,-0.006980885,0.00093306747,1.6589376e-05
0.0,0.0,0.0,0.0,0.0,0.0,1.0,0.6576112,0.15052046,0.11006205,0.42350456,0.067230634,0.020999992,0.40774664,0.07173169,0.034521487,0.015451923,-0.9753744,-0.037370324,-0.2168166,-0.19699648,0.515604,0.46320271,-2.7878678,0.4359841,3.7524998,0.451358,0.04,0.04,0.17109202,1.9902164,-0.49418867,0.672985,-0.39184457,-1.6819831e-07,-0.21544333,0.0001107948,0.00015966459,0.0,0.0,0.0,0.0,0.0,0.0,0.04,0.04,-0.19889952,0.5341738,0.45950863,-2.788747,0.4367244,3.7504437,0.45107183,0.039994065,0.039995376,-0.03277533,0.06652914,-0.046266053,-0.06133448,0.019917253,-0.04544565,-0.01785335,0.00055798574,-0.00026097466,5.5879354e-09,2.3283064e-10,-3.7252903e-09,1.0,-1.489095e-10,-8.781334e-10,-8.472538e-11,0.0,0.0,0.0,0.0,0.0,0.0,0.6576143,0.15050918,0.11005837,0.9999871,-0.002962511,0.004132769,0.00016518023,0.0002899288,-0.00056713447,-0.00014992114,0.005171209,0.0021444687,-0.00082554424,0.42350456,0.06723064,0.020999985,1.0,-1.2786193e-05,-8.527682e-06,-2.1180977e-06,0.000106400315,6.2419494e-05,-0.00021256822,-0.0069918977,0.00091789727,1.6550612e-05
0.0,0.0,0.0,0.0,0.0,0.0,1.0,0.6576143,0.15050918,0.11005837,0.42350456,0.06723064,0.020999989,0.40168485,0.07014943,0.02661733,0.016222492,-0.9777268,-0.0345356,-0.20638391,-0.19889952,0.5341738,0.45950863,-2.788747,0.4367244,3.7504437,0.45107183,0.039994065,0.039995376,-0.03277533,0.06652914,-0.046266053,-0.06133448,0.019917253,-0.04544565,-0.01785335,0.00055798574,-0.00026097466,0.0,0.0,0.0,0.0,0.0,0.0,0.04,0.04,-0.19957481,0.5352125,0.458841,-2.7894464,0.4368844,3.75029,0.45104763,0.04,0.039994027,-0.0077454634,0.007943801,-0.007988009,-0.0015489449,0.003462764,-0.004087777,-0.0014157727,2.4765388e-06,4.0497922e-05,5.5879354e-09,2.3283064e-10,-3.7252903e-09,1.0,-1.489095e-10,-8.781334e-10,-8.472538e-11,0.0,0.0,0.0,0.0,0.0,0.0,0.657612,0.15051381,0.110060856,0.99998707,-0.0029833552,0.0041231927,0.0001657022,0.00044908118,7.682212e-05,-0.000217557,0.00012110846,0.0043627797,0.00012099869,0.42350456,0.06723064,0.020999989,1.0,-1.2681734e-05,-8.530261e-06,-2.087813e-06,0.00010643232,6.226931e-05,-0.00021255614,-0.006988722,0.0009181494,1.6650665e-05
0.0,0.0,0.0,0.0,0.0,0.0,1.0,0.657612,0.15051381,0.110060856,0.42350456,0.06723064,0.020999992,0.40103558,0.06954158,0.026016895,0.01600103,-0.9779483,-0.03396018,-0.20544514,-0.19957481,0.5352125,0.458841,-2.7894464,0.4368844,3.75029,0.45104763,0.04,0.039994027,-0.0077454634,0.007943801,-0.007988009,-0.0015489449,0.003462764,-0.004087777,-0.0014157727,2.4765388e-06,4.0497922e-05,0.0,0.0,0.0,0.0,0.0,0.0,0.04,0.04,-0.19972995,0.5353168,0.45872054,-2.7894804,0.4369102,3.7502773,0.45104522,0.04,0.03999621,-0.0018723195,0.00073384977,-0.001449047,-9.310248e-05,0.0005422843,-0.0003103073,-0.0001415926,5.1794423e-08,5.9212416e-05,5.5879354e-09,2.3283064e-10,-3.7252903e-09,1.0,-1.489095e-10,-8.781334e-10,-8.472538e-11,0.0,0.0,0.0,0.0,0.0,0.0,0.6576102,0.15052074,0.11006242,0.99998695,-0.0030100634,0.004116142,0.0001675481,0.0013922493,-0.0020058926,-0.0009986763,0.017222669,0.0112875225,-0.0024163208,0.42350456,0.067230634,0.020999992,1.0,-1.2563119e-05,-8.525324e-06,-2.0555983e-06,0.00010724711,6.175537e-05,-0.00021272674,-0.006984364,0.0009324469,1.6456743e-05
0.0,0.0,0.0,0.0,0.0,0.0,1.0,0.6576102,0.15052074,0.11006242,0.42350456,0.067230634,0.020999996,0.40099734,0.069419205,0.025959458,0.015951827,-0.9779701,-0.033830777,-0.20536669,-0.19972995,0.5353168,0.45872054,-2.7894804,0.4369102,3.7502773,0.45104522,0.04,0.03999621,-0.0018723195,0.00073384977,-0.001449047,-9.310248e-05,0.0005422843,-0.0003103073,-0.0001415926,5.1794423e-08,5.9212416e-05,0.0,0.0,0.0,0.0,0.0,0.0,0.04,0.04,-0.1997641,0.5353272,0.45869663,-2.7894804,0.43691504,3.7502773,0.45104474,0.04,0.03999789,-0.00041319226,8.742277e-05,-0.00028924274,1.9855004e-06,0.000101734586,-2.2584527e-05,-1.611187e-05,-2.753548e-09,3.870522e-05,5.5879354e-09,2.3283064e-10,-3.7252903e-09,1.0,-1.489095e-10,-8.781334e-10,-8.472538e-11,0.0,0.0,0.0,0.0,0.0,0.0,0.65761435,0.1505089,0.1100584,0.99998707,-0.0029620712,0.0041324315,0.00016522568,0.0002497799,-0.0005529745,-0.000184265,0.005251411,0.0018095764,-0.00069867057,0.42350456,0.06723064,0.020999989,1.0,-1.271407e-05,-8.529733e-06,-2.0269042e-06,0.00010716517,6.1974955e-05,-0.00021272938,-0.006988288,0.0009316574,1.6331956e-05
0.0,0.0,0.0,0.0,0.0,0.0,1.0,0.65761435,0.1505089,0.1100584,0.42350456,0.06723064,0.020999992,0.40099686,0.069393635,0.025953334,0.015940785,-0.9779726,-0.03380312,-0.20536023,-0.1997641,0.5353272,0.45869663,-2.7894804,0.43691504,3.7502773,0.45104474,0.04,0.03999789,-0.00041319226,8.742277e-05,-0.00028924274,1.9855004e-06,0.000101734586,-2.2584527e-05,-1.611187e-05,-2.753548e-09,3.870522e-05,0.0,0.0,0.0,0.0,0.0,0.0,0.04,0.04,-0.1997714,0.5353286,0.45869172,-2.7894804,0.43691605,3.7502773,0.45104474,0.04,0.039998878,-8.525692e-05,2.1273238e-05,-6.199808e-05,7.733897e-06,2.1809075e-05,4.10059e-06,-3.137359e-06,-1.3732665e-09,2.1697868e-05,5.5879354e-09,2.3283064e-10,-3.7252903e-09,1.0,-1.489095e-10,-8.781334e-10,-8.472538e-11,0.0,0.0,0.0,0.0,0.0,0.0,0.6576106,0.15051362,0.11006152,0.999987,-0.002981687,0.004117565,0.00016605387,0.00044276987,0.0002892883,-0.0002766306,-0.0022130483,0.0044226786,0.00013806719,0.42350456,0.067230634,0.020999992,1.0,-1.2594825e-05,-8.527859e-06,-1.9947781e-06,0.00010724889,6.1756924e-05,-0.000212729,-0.006984479,0.000932583,1.6457681e-05
0.0,0.0,0.0,0.0,0.0,0.0,1.0,0.6576106,0.15051362,0.11006153,0.42350456,0.067230634,0.020999996,0.4009972,0.0693879,0.025952619,0.015938371,-0.977973,-0.03379698,-0.20535928,-0.1997714,0.5353286,0.45869172,-2.7894804,0.43691605,3.7502773,0.45104474,0.04,0.039998878,-8.525692e-05,2.1273238e-05,-6.199808e-05,7.733897e-06,2.1809075e-05,4.10059e-06,-3.137359e-06,-1.3732665e-09,2.1697868e-05,0.0,0.0,0.0,0.0,0.0,0.0,0.04,0.04,-0.19977298,0.5353286,0.45869067,-2.7894804,0.43691605,3.7502773,0.45104474,0.04,0.039999414,-2.0633612e-05,5.860255e-07,-1.1292382e-05,-8.941862e-07,4.27071e-06,-2.0755415e-06,1.6048236e-06,-2.7154612e-10,1.1558149e-05,5.5879354e-09,2.3283064e-10,-3.7252903e-09,1.0,-1.489095e-10,-8.781334e-10,-8.472538e-11,0.0,0.0,0.0,0.0,0.0,0.0,0.6576102,0.15052073,0.110062405,0.999987,-0.003009925,0.0041160407,0.00016743239,0.0013910475,-0.0019962264,-0.0010010122,0.017122889,0.011263684,-0.0024149732,0.42350456,0.06723064,0.020999989,1.0,-1.2726228e-05,-8.492326e-06,-2.1484811e-06,0.00010625506,6.2592335e-05,-0.00021216841,-0.007007672,0.00089460745,1.6212332e-05
0.2,0.0,0.0,0.0,0.0,0.0,1.0,0.6576102,0.15052073,0.110062405,0.42350456,0.06723064,0.020999992,0.40099734,0.06938673,0.025952484,0.015937775,-0.9779731,-0.033795908,-0.20535925,-0.19977298,0.5353286,0.45869067,-2.7894804,0.43691605,3.7502773,0.45104474,0.04,0.039999414,-2.0633612e-05,5.860255e-07,-1.1292382e-05,-8.941862e-07,4.27071e-06,-2.0755415e-06,1.6048236e-06,-2.7154612e-10,1.1558149e-05,0.1,0.0,0.0,0.0,0.0,0.0,0.04,0.04,-0.18592553,0.53834677,0.4442697,-2.7569685,0.44905996,3.7121692,0.43282095,0.039995886,0.04,0.37449604,0.052768067,-0.43101746,1.1825368,0.35098693,-1.0638388,-0.5102558,-0.00016522952,3.936561e-05,5.5879354e-09,2.3283064e-10,-3.7252903e-09,1.0,-1.489095e-10,-8.781334e-10,-8.472538e-11,0.0,0.0,0.0,0.0,0.0,0.0,0.65761435,0.1505089,0.11005839,0.999987,-0.002961831,0.004132552,0.00016517517,0.00025132392,-0.0005331038,-0.00017756497,0.005059979,0.0017919509,-0.00071613584,0.42350456,0.06723064,0.020999992,1.0,-1.2618445e-05,-8.493324e-06,-2.1372052e-06,0.0001064294,6.226648e-05,-0.00021255187,-0.006988607,0.0009179666,1.6649557e-05
0.0,0.0,0.0,0.0,0.0,0.0,1.0,0.65761435,0.1505089,0.1100584,0.42350456,0.06723064,0.020999996,0.4105991,0.07024227,0.023344848,0.016413346,-0.97904557,-0.036145896,-0.19973466,-0.18592553,0.53834677,0.4442697,-2.7569685,0.44905996,3.7121692,0.43282095,0.039995886,0.04,0.37449604,0.052768067,-0.43101746,1.1825368,0.35098693,-1.0638388,-0.5102558,-0.00016522952,3.936561e-05,0.0,0.0,0.0,0.0,0.0,0.0,0.04,0.04,-0.18755063,0.5360421,0.44386604,-2.7486432,0.44899315,3.7126265,0.43290842,0.03999769,0.03999844,-0.03703621,-0.052643474,0.0003831102,-0.0022974322,-0.008048164,0.026089856,0.0062091234,0.00020441267,-8.97026e-05,5.5879354e-09,2.3283064e-10,-3.7252903e-09,1.0,-1.489095e-10,-8.781334e-10,-8.472538e-11,0.0,0.0,0.0,0.0,0.0,0.0,0.6576106,0.15051362,0.110061556,0.99998707,-0.0029817575,0.0041175387,0.0001661057,0.00044307773,0.00029007118,-0.00027681477,-0.0022241625,0.004425672,0.00013685173,0.42350456,0.06723064,0.020999989,1.0,-1.2754212e-05,-8.494247e-06,-2.1066846e-06,0.00010622613,6.257401e-05,-0.00021214651,-0.0070068873,0.0008941133,1.6253187e-05
0.0,0.0,0.0,0.0,0.0,0.0,1.0,0.6576106,0.15051362,0.110061556,0.42350456,0.06723064,0.020999992,0.4159482,0.06975656,0.025891554,0.016285256,-0.9780308,-0.034237027,-0.20498392,-0.18755063,0.5360421,0.44386604,-2.7486432,0.44899315,3.7126265,0.43290842,0.03999769,0.03999844,-0.03703621,-0.052643474,0.0003831102,-0.0022974322,-0.008048164,0.026089856,0.0062091234,0.00020441267,-8.97026e-05,0.0,0.0,0.0,0.0,0.0,0.0,0.04,0.04,-0.18800585,0.5354529,0.44368836,-2.7484355,0.44900855,3.7127159,0.43291566,0.04,0.039997235,-0.005667598,-0.0028605626,-0.002426531,0.0024674758,0.00047945976,0.0019356356,0.00054735196,-4.5985455e-08,1.2438334e-05,5.5879354e-09,2.3283064e-10,-3.7252903e-09,1.0,-1.489095e-10,-8.781334e-10,-8.472538e-11,0.0,0.0,0.0,0.0,0.0,0.0,0.65761113,0.15052047,0.110062,0.999987,-0.0030092523,0.004120006,0.00016707709,0.0007912741,-0.0023321747,-0.0006958364,0.02051241,0.00596633,-0.0021869957,0.42350456,0.06723064,0.020999992,1.0,-1.26424875e-05,-8.494208e-06,-2.1144292e-06,0.00010646318,6.220494e-05,-0.00021255393,-0.0069875466,0.00091854506,1.6681583e-05
0.0,0.0,0.0,0.0,0.0,0.0,1.0,0.65761113,0.15052047,0.110062,0.42350456,0.06723064,0.020999996,0.41628686,0.06944727,0.026165936,0.016112193,-0.9779575,-0.033925414,-0.20539878,-0.18800585,0.5354529,0.44368836,-2.7484355,0.44900855,3.7127159,0.43291566,0.04,0.039997235,-0.005667598,-0.0028605626,-0.002426531,0.0024674758,0.00047945976,0.0019356356,0.00054735196,-4.5985455e-08,1.2438334e-05,0.0,0.0,0.0,0.0,0.0,0.0,0.04,0.04,-0.18810107,0.5354136,0.44363645,-2.7484007,0.44901666,3.7127242,0.43291593,0.04,0.039998177,-0.0012368531,-0.00021855147,-0.0006821833,0.00021912964,0.00018167874,0.00018673978,3.3144945e-05,-3.6627086e-09,2.701728e-05,5.5879354e-09,2.3283064e-10,-3.7252903e-09,1.0,-1.489095e-10,-8.781334e-10,-8.472538e-11,0.0,0.0,0.0,0.0,0.0,0.0,0.6576143,0.1505092,0.110058405,0.999987,-0.0029628864,0.0041323463,0.00016522291,0.00029076976,-0.0005663033,-0.00014865838,0.005158499,0.0021508369,-0.0008281369,0.42350456,0.067230634,0.020999996,1.0,-1.2522106e-05,-8.493373e-06,-2.0823113e-06,0.00010642869,6.2268446e-05,-0.00021254757,-0.0069885524,0.0009180933,1.6652177e-05
0.0,0.0,0.0,0.0,0.0,0.0,1.0,0.6576143,0.1505092,0.11005841,0.42350456,0.067230634,0.021,0.41632617,0.06937888,0.026185203,0.016080126,-0.9779529,-0.033852324,-0.20543507,-0.18810107,0.5354136,0.44363645,-2.7484007,0.44901666,3.7127242,0.43291593,0.04,0.039998177,-0.0012368531,-0.00021855147,-0.0006821833,0.00021912964,0.00018167874,0.00018673978,3.3144945e-05,-3.6627086e-09,2.701728e-05,0.0,0.0,0.0,0.0,0.0,0.0,0.04,0.04,-0.18812259,0.53541136,0.44362324,-2.7483976,0.44901899,3.7127242,0.43291593,0.04,0.039998967,-0.00027596662,1.872658e-06,-0.0001751481,3.1098163e-05,5.2232535e-05,2.0749278e-05,-2.4824794e-06,-3.2112384e-09,1.8444412e-05,5.5879354e-09,2.3283064e-10,-3.7252903e-09,1.0,-1.489095e-10,-8.781334e-10,-8.472538e-11,0.0,0.0,0.0,0.0,0.0,0.0,0.657612,0.15051381,0.11006084,0.9999871,-0.0029832562,0.0041234293,0.00016573814,0.00044925368,7.605291e-05,-0.00022068252,0.00013945237,0.004365481,0.0001245931,0.42350456,0.067230634,0.020999992,1.0,-1.2640267e-05,-8.560144e-06,-1.96338e-06,0.00010732122,6.15466e-05,-0.00021272524,-0.0069807502,0.00093324535,1.6591708e-05
0.0,0.0,0.0,0.0,0.0,0.0,1.0,0.657612,0.15051381,0.11006084,0.42350456,0.067230634,0.020999996,0.4163303,0.06936298,0.026185784,0.016073301,-0.97795314,-0.03383556,-0.20543708,-0.18812259,0.53541136,0.44362324,-2.7483976,0.44901899,3.7127242,0.43291593,0.04,0.039998967,-0.00027596662,1.872658e-06,-0.0001751481,3.1098163e-05,5.2232535e-05,2.0749278e-05,-2.4824794e-06,-3.2112384e-09,1.8444412e-05,0.0,0.0,0.0,0.0,0.0,0.0,0.04,0.04,-0.18812759,0.53541136,0.44362006,-2.7483976,0.4490197,3.7127242,0.43291593,0.04,0.039999444,-6.385913e-05,5.2867426e-06,-4.0711206e-05,7.5059124e-06,1.269416e-05,1.2696992e-06,7.515061e-08,-8.10408e-10,1.0623332e-05,5.5879354e-09,2.3283064e-10,-3.7252903e-09,1.0,-1.489095e-10,-8.781334e-10,-8.472538e-11,0.0,0.0,0.0,0.0,0.0,0.0,0.65761113,0.15052046,0.110062025,0.999987,-0.0030094257,0.0041199513,0.00016702495,0.0007919359,-0.0023360006,-0.0006914955,0.020572428,0.0059847757,-0.0021798024,0.42350456,0.06723064,0.020999989,1.0,-1.2786278e-05,-8.528551e-06,-2.1189403e-06,0.000106400046,6.24197e-05,-0.00021256779,-0.0069917985,0.0009179354,1.6544478e-05
0.0,0.0,0.0,0.0,0.0,0.0,1.0,0.65761113,0.15052046,0.11006203,0.42350456,0.06723064,0.020999992,0.41633072,0.0693591,0.026185561,0.016071588,-0.9779533,-0.033831775,-0.20543692,-0.18812759,0.53541136,0.44362006,-2.7483976,0.4490197,3.7127242,0.43291593,0.04,0.039999444,-6.385913e-05,5.2867426e-06,-4.0711206e-05,7.5059124e-06,1.269416e-05,1.2696992e-06,7.515061e-08,-8.10408e-10,1.0623332e-05,0.0,0.0,0.0,0.0,0.0,0.0,0.04,0.04,-0.18812874,0.53541136,0.4436193,-2.7483976,0.4490197,3.7127242,0.43291593,0.04,0.039999716,-1.5086602e-05,6.9431997e-07,-1.0238376e-05,8.123487e-07,3.021992e-06,2.201849e-07,-7.2427343e-07,-1.9589474e-10,5.726814e-06,5.5879354e-09,2.3283064e-10,-3.7252903e-09,1.0,-1.489095e-10,-8.781334e-10,-8.472538e-11,0.0,0.0,0.0,0.0,0.0,0.0,0.6576143,0.15050916,0.11005848,0.99998707,-0.0029626167,0.004132576,0.00016519768,0.00028743444,-0.0005406848,-0.00013624062,0.004933583,0.0020687885,-0.0008431327,0.42350456,0.06723064,0.020999992,1.0,-1.2681965e-05,-8.531085e-06,-2.0886407e-06,0.00010643275,6.227119e-05,-0.00021255837,-0.0069886516,0.00091828115,1.6648726e-05
0.0,0.0,0.0,0.0,0.0,0.0,1.0,0.6576143,0.15050916,0.11005849,0.42350456,0.06723064,0.020999996,0.4163308,0.06935826,0.026185412,0.016071156,-0.9779534,-0.03383097,-0.2054369,-0.18812874,0.53541136,0.4436193,-2.7483976,0.4490197,3.7127242,0.43291593,0.04,0.039999716,-1.5086602e-05,6.9431997e-07,-1.0238376e-05,8.123487e-07,3.021992e-06,2.201849e-07,-7.2427343e-07,-1.9589474e-10,5.726814e-06,0.0,0.0,0.0,0.0,0.0,0.0,0.04,0.04,-0.18812898,0.53541136,0.4436193,-2.7483976,0.4490197,3.7127242,0.43291593,0.04,0.039999843,-1.9307804e-06,2.069774e-06,-3.6233362e-06,5.382808e-07,9.83817e-07,2.3089558e-06,-1.7928804e-06,-5.540947e-11,3.0962747e-06,5.5879354e-09,2.3283064e-10,-3.7252903e-09,1.0,-1.489095e-10,-8.781334e-10,-8.472538e-11,0.0,0.0,0.0,0.0,0.0,0.0,0.657612,0.15051377,0.11006084,0.99998707,-0.0029829163,0.004123353,0.00016569569,0.00044878898,7.553509e-05,-0.00022142664,0.0001459257,0.0043609384,0.0001246191,0.42350456,0.067230634,0.020999996,1.0,-1.2563384e-05,-8.526119e-06,-2.056413e-06,0.000107246735,6.175632e-05,-0.00021272883,-0.006984498,0.0009323087,1.6455158e-05
0.0,0.0,0.0,0.0,0.0,0.0,1.0,0.657612,0.15051377,0.11006084,0.42350456,0.067230634,0.021,0.41633093,0.069358066,0.026185583,0.016071126,-0.97795343,-0.033830687,-0.20543692,-0.18812898,0.53541136,0.4436193,-2.7483976,0.4490197,3.7127242,0.43291593,0.04,0.039999843,-1.9307804e-06,2.069774e-06,-3.6233362e-06,5.382808e-07,9.83817e-07,2.3089558e-06,-1.7928804e-06,-5.540947e-11,3.0962747e-06,0.0,0.0,0.0,0.0,0.0,0.0,0.04,0.04,-0.18812898,0.53541136,0.4436193,-2.7483976,0.4490197,3.7127242,0.43291593,0.04,0.039999913,-1.2329309e-06,4.893594e-07,-3.1902127e-07,-3.9688118e-08,-1.8692612e-07,-2.1916375e-09,4.1140788e-07,-8.356834e-12,1.3923633e-06,5.5879354e-09,2.3283064e-10,-3.7252903e-09,1.0,-1.489095e-10,-8.781334e-10,-8.472538e-11,0.0,0.0,0.0,0.0,0.0,0.0,0.6576102,0.15052073,0.11006239,0.999987,-0.0030100457,0.0041161277,0.00016742859,0.0013923203,-0.0020092027,-0.0009979449,0.017255584,0.011291148,-0.0024174165,0.42350456,0.06723064,0.020999992,1.0,-1.271433e-05,-8.530534e-06,-2.0277387e-06,0.00010716437,6.197522e-05,-0.00021272943,-0.0069881314,0.00093178113,1.6328064e-05
0.0,0.0,0.0,0.0,0.0,0.0,1.0,0.6576102,0.15052073,0.11006239,0.42350456,0.06723064,0.020999996,0.41633093,0.069358066,0.026185583,0.016071126,-0.97795343,-0.033830687,-0.20543692,-0.18812898,0.53541136,0.4436193,-2.7483976,0.4490197,3.7127242,0.43291593,0.04,0.039999913,-1.2329309e-06,4.893594e-07,-3.1902127e-07,-3.9688118e-08,-1.8692612e-07,-2.1916375e-09,4.1140788e-07,-8.356834e-12,1.3923633e-06,0.0,0.0,0.0,0.0,0.0,0.0,0.04,0.04,-0.18812898,0.53541136,0.4436193,-2.7483976,0.4490197,3.7127242,0.43291593,0.04,0.039999913,-5.825546e-07,3.2325323e-07,1.197458e-07,-2.6737863e-09,-2.5392936e-07,-9.571001e-10,4.1283624e-07,-2.4508403e-12,1.2363046e-06,5.5879354e-09,2.3283064e-10,-3.7252903e-09,1.0,-1.489095e-10,-8.781334e-10,-8.472538e-11,0.0,0.0,0.0,0.0,0.0,0.0,0.65761435,0.1505089,0.11005836,0.99998707,-0.002962049,0.0041324124,0.00016523234,0.00024988397,-0.00055498286,-0.00018501902,0.0052709123,0.001812462,-0.0006980403,0.42350456,0.067230634,0.020999996,1.0,-1.2595209e-05,-8.5286665e-06,-1.995579e-06,0.0001072484,6.175647e-05,-0.00021272687,-0.0069844876,0.00093232427,1.6454364e-05
0.0,0.0,0.0,0.0,0.0,0.0,1.0,0.65761435,0.1505089,0.11005837,0.42350456,0.067230634,0.021,0.41633093,0.069358066,0.026185583,0.016071126,-0.97795343,-0.033830687,-0.20543692,-0.18812898,0.53541136,0.4436193,-2.7483976,0.4490197,3.7127242,0.43291593,0.04,0.039999913,-5.825546e-07,3.2325323e-07,1.197458e-07,-2.6737863e-09,-2.5392936e-07,-9.571001e-10,4.1283624e-07,-2.4508403e-12,1.2363046e-06,0.0,0.0,0.0,0.0,0.0,0.0,0.04,0.04,-0.18812898,0.53541136,0.4436193,-2.7483976,0.4490197,3.7127242,0.43291593,0.04,0.039999913,-4.084383e-07,2.9111288e-07,2.3513472e-07,3.7194892e-10,-2.7129383e-07,-1.6815427e-09,4.1323116e-07,-7.1376845e-13,1.2370035e-06,5.5879354e-09,2.3283064e-10,-3.7252903e-09,1.0,-1.489095e-10,-8.781334e-10,-8.472538e-11,0.0,0.0,0.0,0.0,0.0,0.0,0.657612,0.15051377,0.11006084,0.9999871,-0.002983025,0.0041234097,0.00016574291,0.00044933893,7.58089e-05,-0.00021926411,0.00013681533,0.00436584,0.00012246284,0.42350456,0.06723064,0.020999933,1.0,-1.2874475e-05,-8.552757e-06,-2.1652452e-06,0.000106306274,6.270969e-05,-0.00021197011,-0.0070055886,0.00089652406,1.5873928e-05
0.0,0.0,0.0,0.0,0.0,0.0,1.0,0.657612,0.15051377,0.11006084,0.42350456,0.06723064,0.020999936,0.41633093,0.069358066,0.026185583,0.016071126,-0.97795343,-0.033830687,-0.20543692,-0.18812898,0.53541136,0.4436193,-2.7483976,0.4490197,3.7127242,0.43291593,0.04,0.039999913,-4.084383e-07,2.9111288e-07,2.3513472e-07,3.7194892e-10,-2.7129383e-07,-1.6815427e-09,4.1323116e-07,-7.1376845e-13,1.2370035e-06,0.0,0.0,0.0,0.0,0.0,0.0,0.04,0.04,-0.18812898,0.53541136,0.4436193,-2.7483976,0.4490197,3.7127242,0.43291593,0.04,0.039999913,-3.618408e-07,2.8412046e-07,2.657343e-07,1.3313917e-10,-2.7586512e-07,-2.0185733e-09,4.133406e-07,-2.6338916e-13,1.2371906e-06,5.5879354e-09,2.3283064e-10,-3.7252903e-09,1.0,-1.489095e-10,-8.781334e-10,-8.472538e-11,0.0,0.0,0.0,0.0,0.0,0.0,0.6576112,0.15052046,0.110062,0.999987,-0.0030092497,0.0041201767,0.00016698557,0.0007954385,-0.0023394353,-0.0006937493,0.020600095,0.0060152267,-0.002184683,0.42350453,0.067230634,0.02099998,1.0,-1.27168005e-05,-9.3240515e-06,-2.1307512e-06,0.000104851824,6.287378e-05,-0.0002115451,-0.0070196055,0.00084577,1.6873793e-05
0.0,0.0,0.0,0.0,0.0,0.0,1.0,0.6576112,0.15052046,0.110062,0.42350453,0.067230634,0.020999983,0.41633093,0.069358066,0.026185583,0.016071126,-0.97795343,-0.033830687,-0.20543692,-0.18812898,0.53541136,0.4436193,-2.7483976,0.4490197,3.7127242,0.43291593,0.04,0.039999913,-3.618408e-07,2.8412046e-07,2.657343e-07,1.3313917e-10,-2.7586512e-07,-2.0185733e-09,4.133406e-07,-2.6338916e-13,1.2371906e-06,0.0,0.0,0.0,0.0,0.0,0.0,0.04,0.04,-0.18812898,0.53541136,0.4436193,-2.7483976,0.4490197,3.7127242,0.43291593,0.04,0.039999913,-3.4938438e-07,2.8247064e-07,2.7387563e-07,-7.507944e-11,-2.770768e-07,-2.1282156e-09,4.1337034e-07,-2.4896507e-14,1.2372408e-06,5.5879354e-09,2.3283064e-10,-3.7252903e-09,1.0,-1.489095e-10,-8.781334e-10,-8.472538e-11,0.0,0.0,0.0,0.0,0.0,0.0,0.6576143,0.1505092,0.11005848,0.9999871,-0.0029627488,0.0041327956,0.00016510881,0.00028427035,-0.0005272768,-0.00013238683,0.0048170243,0.0020257256,-0.0008416401,0.42350456,0.067230634,0.020999959,1.0,-1.2608589e-05,-8.736372e-06,-2.172404e-06,0.00010617277,6.259833e-05,-0.00021213689,-0.0070069376,0.0008931005,1.6265223e-05
0.0,0.0,0.0,0.0,0.0,0.0,1.0,0.6576143,0.1505092,0.11005849,0.42350456,0.067230634,0.020999962,0.41633093,0.069358066,0.026185583,0.016071126,-0.97795343,-0.033830687,-0.20543692,-0.18812898,0.53541136,0.4436193,-2.7483976,0.4490197,3.7127242,0.43291593,0.04,0.039999913,-3.4938438e-07,2.8247064e-07,2.7387563e-07,-7.507944e-11,-2.770768e-07,-2.1282156e-09,4.1337034e-07,-2.4896507e-14,1.2372408e-06,0.0,0.0,0.0,0.0,0.0,0.0,0.04,0.04,-0.18812898,0.53541136,0.4436193,-2.7483976,0.4490197,3.7127242,0.43291593,0.04,0.039999913,-3.4605648e-07,2.8205994e-07,2.7604554e-07,-1.503789e-10,-2.7739918e-07,-2.1601583e-09,4.133785e-07,-2.7551204e-14,1.2372537e-06,5.5879354e-09,2.3283064e-10,-3.7252903e-09,1.0,-1.489095e-10,-8.781334e-10,-8.472538e-11,0.0,0.0,0.0,0.0,0.0,0.0,0.657612,0.15051378,0.11006085,0.9999871,-0.0029830218,0.0041232095,0.00016584093,0.00044910604,7.555075e-05,-0.00021965899,0.00014195223,0.004364404,0.00012363092,0.42350456,0.067230634,0.020999962,1.0,-1.2685145e-05,-8.741351e-06,-2.1893952e-06,0.00010638263,6.206297e-05,-0.00021225918,-0.0070010466,0.00089441193,1.6677666e-05
0.0,0.0,0.0,0.0,0.0,0.0,1.0,0.657612,0.15051378,0.110060856,0.42350456,0.067230634,0.020999966,0.41633093,0.069358066,0.026185583,0.016071126,-0.97795343,-0.033830687,-0.20543692,-0.18812898,0.53541136,0.4436193,-2.7483976,0.4490197,3.7127242,0.43291593,0.04,0.039999913,-3.4605648e-07,2.8205994e-07,2.7604554e-07,-1.503789e-10,-2.7739918e-07,-2.1601583e-09,4.133785e-07,-2.7551204e-14,1.2372537e-06,0.0,0.0,0.0,0.0,0.0,0.0,0.04,0.04,-0.18812898,0.53541136,0.4436193,-2.7483976,0.4490197,3.7127242,0.43291593,0.04,0.039999913,-3.4516765e-07,2.8195421e-07,2.7662438e-07,-1.7329235e-10,-2.7748513e-07,-2.1690822e-09,4.1338055e-07,-3.7949353e-14,1.2372574e-06,5.5879354e-09,2.3283064e-10,-3.7252903e-09,1.0,-1.489095e-10,-8.781334e-10,-8.472538e-11,0.0,0.0,0.0,0.0,0.0,0.0,0.65761113,0.15052047,0.110062025,0.999987,-0.0030094716,0.0041200835,0.00016706646,0.0007949923,-0.0023361947,-0.0006937102,0.020568393,0.006011263,-0.0021829046,0.42350456,0.06723064,0.020999966,1.0,-1.2773807e-05,-8.752884e-06,-2.208232e-06,0.000106324835,6.2216095e-05,-0.00021226151,-0.007003608,0.00089394883,1.6590457e-05
0.0,0.0,0.0,0.0,0.0,0.0,1.0,0.65761113,0.15052047,0.11006203,0.42350456,0.06723064,0.02099997,0.41633093,0.069358066,0.026185583,0.016071126,-0.97795343,-0.033830687,-0.20543692,-0.18812898,0.53541136,0.4436193,-2.7483976,0.4490197,3.7127242,0.43291593,0.04,0.039999913,-3.4516765e-07,2.8195421e-07,2.7662438e-07,-1.7329235e-10,-2.7748513e-07,-2.1690822e-09,4.1338055e-07,-3.7949353e-14,1.2372574e-06,0.0,0.0,0.0,0.0,0.0,0.0,0.04,0.04,-0.18812898,0.53541136,0.4436193,-2.7483976,0.4490197,3.7127242,0.43291593,0.04,0.039999913,-3.4493024e-07,2.8192665e-07,2.7677888e-07,-1.7972085e-10,-2.7750795e-07,-2.1715392e-09,4.1338112e-07,-2.585356e-14,1.2372582e-06,5.5879354e-09,2.3283064e-10,-3.7252903e-09,1.0,-1.489095e-10,-8.781334e-10,-8.472538e-11,0.0,0.0,0.0,0.0,0.0,0.0,0.6576143,0.15050924,0.11005844,0.99998707,-0.0029631143,0.004132283,0.000165223,0.00028978684,-0.0005553324,-0.00014231738,0.005053898,0.0021236946,-0.0008349715,0.42350456,0.06723064,0.020999966,1.0,-1.27138655e-05,-8.648283e-06,-2.2072118e-06,0.00010612384,6.25271e-05,-0.00021185602,-0.0070219063,0.0008699442,1.6178401e-05
0.0,0.0,0.0,0.0,0.0,0.0,1.0,0.6576143,0.15050924,0.11005844,0.42350456,0.06723064,0.02099997,0.41633093,0.069358066,0.026185583,0.016071126,-0.97795343,-0.033830687,-0.20543692,-0.18812898,0.53541136,0.4436193,-2.7483976,0.4490197,3.7127242,0.43291593,0.04,0.039999913,-3.4493024e-07,2.8192665e-07,2.7677888e-07,-1.7972085e-10,-2.7750795e-07,-2.1715392e-09,4.1338112e-07,-2.585356e-14,1.2372582e-06,0.0,0.0,0.0,0.0,0.0,0.0,0.04,0.04,-0.18812898,0.53541136,0.4436193,-2.7483976,0.4490197,3.7127242,0.43291593,0.04,0.039999913,-3.448669e-07,2.8191934e-07,2.7682012e-07,-1.8147017e-10,-2.7751403e-07,-2.1721633e-09,4.1338134e-07,-3.1964557e-14,1.2372585e-06,5.5879354e-09,2.3283064e-10,-3.7252903e-09,1.0,-1.489095e-10,-8.781334e-10,-8.472538e-11,0.0,0.0,0.0,0.0,0.0,0.0,0.657612,0.15051378,0.1100609,0.99998707,-0.002982932,0.0041232468,0.00016571493,0.0004482952,7.5406104e-05,-0.00022307043,0.00015200836,0.0043564537,0.00012657119,0.42350456,0.06723064,0.02099997,1.0,-1.2804034e-05,-8.693937e-06,-2.0608234e-06,0.00010708859,6.1770814e-05,-0.00021242112,-0.0069998642,0.0009077509,1.63751e-05
0.0,0.0,0.0,0.0,0.0,0.0,1.0,0.657612,0.15051378,0.1100609,0.42350456,0.06723064,0.020999974,0.41633093,0.069358066,0.026185583,0.016071126,-0.97795343,-0.033830687,-0.20543692,-0.18812898,0.53541136,0.4436193,-2.7483976,0.4490197,3.7127242,0.43291593,0.04,0.039999913,-3.448669e-07,2.8191934e-07,2.7682012e-07,-1.8147017e-10,-2.7751403e-07,-2.1721633e-09,4.1338134e-07,-3.1964557e-14,1.2372585e-06,0.0,0.0,0.0,0.0,0.0,0.0,0.04,0.04,-0.18812898,0.53541136,0.4436193,-2.7483976,0.4490197,3.7127242,0.43291593,0.04,0.039999913,-3.4485e-07,2.8191738e-07,2.7683097e-07,-1.8197178e-10,-2.775157e-07,-2.172337e-09,4.1338134e-07,-3.378233e-14,1.2372587e-06,5.5879354e-09,2.3283064e-10,-3.7252903e-09,1.0,-1.489095e-10,-8.781334e-10,-8.472538e-11,0.0,0.0,0.0,0.0,0.0,0.0,0.6576102,0.1505207,0.110062376,0.999987,-0.0030096408,0.0041162972,0.00016753412,0.0013923487,-0.0019985624,-0.0009984068,0.017154016,0.011293351,-0.0024119182,0.42350456,0.06723064,0.020999974,1.0,-1.2888976e-05,-8.7109265e-06,-2.157645e-06,0.00010619532,6.272603e-05,-0.00021215712,-0.0070099193,0.000893845,1.6137614e-05
0.0,0.0,0.0,0.0,0.0,0.0,1.0,0.6576102,0.1505207,0.110062376,0.42350456,0.06723064,0.020999977,0.41633093,0.069358066,0.026185583,0.016071126,-0.97795343,-0.033830687,-0.20543692,-0.18812898,0.53541136,0.4436193,-2.7483976,0.4490197,3.7127242,0.43291593,0.04,0.039999913,-3.4485e-07,2.8191738e-07,2.7683097e-07,-1.8197178e-10,-2.775157e-07,-2.172337e-09,4.1338134e-07,-3.378233e-14,1.2372587e-06,0.0,0.0,0.0,0.0,0.0,0.0,0.04,0.04,-0.18812898,0.53541136,0.4436193,-2.7483976,0.4490197,3.7127242,0.43291593,0.04,0.039999913,-3.448455e-07,2.8191687e-07,2.7683396e-07,-1.8212437e-10,-2.7751608e-07,-2.172416e-09,4.133814e-07,-4.3948894e-14,1.2372589e-06,5.5879354e-09,2.3283064e-10,-3.7252903e-09,1.0,-1.489095e-10,-8.781334e-10,-8.472538e-11,0.0,0.0,0.0,0.0,0.0,0.0,0.65761435,0.15050891,0.1100583,0.999987,-0.002962052,0.004132332,0.0001652597,0.00025110823,-0.00058409304,-0.0001929054,0.005536469,0.001862896,-0.0006857414,0.42350456,0.06723065,0.020999977,1.0,-1.2825761e-05,-8.607451e-06,-2.196201e-06,0.000106285974,6.2508865e-05,-0.00021216982,-0.0070064003,0.00089466176,1.6262275e-05
0.0,0.0,0.0,0.0,0.0,0.0,1.0,0.65761435,0.15050891,0.11005831,0.42350456,0.06723065,0.020999981,0.41633093,0.069358066,0.026185583,0.016071126,-0.97795343,-0.033830687,-0.20543692,-0.18812898,0.53541136,0.4436193,-2.7483976,0.4490197,3.7127242,0.43291593,0.04,0.039999913,-3.448455e-07,2.8191687e-07,2.7683396e-07,-1.8212437e-10,-2.7751608e-07,-2.172416e-09,4.133814e-07,-4.3948894e-14,1.2372589e-06,0.0,0.0,0.0,0.0,0.0,0.0,0.04,0.04,-0.18812898,0.53541136,0.4436193,-2.7483976,0.4490197,3.7127242,0.43291593,0.04,0.039999913,-3.448443e-07,2.8191673e-07,2.7683478e-07,-1.8213564e-10,-2.7751622e-07,-2.1724251e-09,4.1338137e-07,-4.2134048e-14,1.2372589e-06,5.5879354e-09,2.3283064e-10,-3.7252903e-09,1.0,-1.489095e-10,-8.781334e-10,-8.472538e-11,0.0,0.0,0.0,0.0,0.0,0.0,0.657612,0.15051378,0.11006081,0.9999871,-0.0029830884,0.0041232235,0.00016579735,0.00044919393,7.578399e-05,-0.00022096284,0.00014181549,0.0043644817,0.00012433936,0.42350456,0.06723064,0.020999981,1.0,-1.2696752e-05,-8.600989e-06,-2.143197e-06,0.00010652025,6.205265e-05,-0.00021255175,-0.006985097,0.00091891777,1.6770378e-05
0.0,0.0,0.0,0.0,0.0,0.0,1.0,0.657612,0.15051378,0.11006081,0.42350456,0.06723064,0.020999985,0.41633093,0.069358066,0.026185583,0.016071126,-0.97795343,-0.033830687,-0.20543692,-0.18812898,0.53541136,0.4436193,-2.7483976,0.4490197,3.7127242,0.43291593,0.04,0.039999913,-3.448443e-07,2.8191673e-07,2.7683478e-07,-1.8213564e-10,-2.7751622e-07,-2.1724251e-09,4.1338137e-07,-4.2134048e-14,1.2372589e-06,0.0,0.0,0.0,0.0,0.0,0.0,0.04,0.04,-0.18812898,0.53541136,0.4436193,-2.7483976,0.4490197,3.7127242,0.43291593,0.04,0.039999913,-3.4484393e-07,2.8191664e-07,2.76835e-07,-1.8216624e-10,-2.775163e-07,-2.172408e-09,4.1338131e-07,-5.690858e-14,1.2372587e-06,5.5879354e-09,2.3283064e-10,-3.7252903e-09,1.0,-1.489095e-10,-8.781334e-10,-8.472538e-11,0.0,0.0,0.0,0.0,0.0,0.0,0.65761024,0.15052073,0.110062376,0.999987,-0.0030096653,0.0041164826,0.00016742104,0.0013947021,-0.002011487,-0.0009998428,0.017272932,0.01131022,-0.002421634,0.42350456,0.06723064,0.020999977,1.0,-1.2672517e-05,-8.5181655e-06,-2.074153e-06,0.00010695398,6.227453e-05,-0.00021232355,-0.00700615,0.0009076722,1.5935158e-05
0.0,0.0,0.0,0.0,0.0,0.0,1.0,0.65761024,0.15052073,0.110062376,0.42350456,0.06723064,0.020999981,0.41633093,0.069358066,0.026185583,0.016071126,-0.97795343,-0.033830687,-0.20543692,-0.18812898,0.53541136,0.4436193,-2.7483976,0.4490197,3.7127242,0.43291593,0.04,0.039999913,-3.4484393e-07,2.8191664e-07,2.76835e-07,-1.8216624e-10,-2.775163e-07,-2.172408e-09,4.1338131e-07,-5.690858e-14,1.2372587e-06,0.0,0.0,0.0,0.0,0.0,0.0,0.04,0.04,-0.18812898,0.53541136,0.4436193,-2.7483976,0.4490197,3.7127242,0.43291593,0.04,0.039999913,-3.448439e-07,2.8191658e-07,2.7683507e-07,-1.8214476e-10,-2.7751625e-07,-2.172405e-09,4.1338134e-07,-3.5448315e-14,1.2372589e-06,5.5879354e-09,2.3283064e-10,-3.7252903e-09,1.0,-1.489095e-10,-8.781334e-10,-8.472538e-11,0.0,0.0,0.0,0.0,0.0,0.0,0.65761435,0.15050885,0.1100584,0.99998707,-0.0029616416,0.004132479,0.00016519356,0.00025089397,-0.0005668613,-0.00018882388,0.005384214,0.001833609,-0.00069442193,0.42350456,0.067230634,0.020999981,1.0,-1.2554474e-05,-8.5149695e-06,-2.0419939e-06,0.000107250366,6.1756284e-05,-0.00021272461,-0.0069845845,0.0009323901,1.6453127e-05
0.0,0.0,-0.2,0.0,0.0,0.0,1.0,0.65761435,0.15050885,0.1100584,0.42350456,0.067230634,0.020999985,0.41633093,0.069358066,0.026185583,0.016071126,-0.97795343,-0.033830687,-0.20543692,-0.18812898,0.53541136,0.4436193,-2.7483976,0.4490197,3.7127242,0.43291593,0.04,0.039999913,-3.448439e-07,2.8191658e-07,2.7683507e-07,-1.8214476e-10,-2.7751625e-07,-2.172405e-09,4.1338134e-07,-3.5448315e-14,1.2372589e-06,0.0,0.0,-0.1,0.0,0.0,0.0,0.04,0.04,-0.18247344,0.5831991,0.43337047,-2.7235937,0.4325985,3.7525032,0.42858618,0.04,0.039986737,0.12141361,1.7074382,-0.3558773,0.7596612,-0.46223742,-0.0017473926,-0.10928854,2.3057917e-05,-0.0009848573,5.5879354e-09,2.3283064e-10,-3.7252903e-09,1.0,-1.489095e-10,-8.781334e-10,-8.472538e-11,0.0,0.0,0.0,0.0,0.0,0.0,0.6576106,0.15051359,0.1100615,0.999987,-0.0029814562,0.0041172258,0.00016606392,0.0004430631,0.0002868441,-0.00027958755,-0.0021784394,0.004426143,0.00014040933,0.42350456,0.06723064,0.020999977,1.0,-1.270158e-05,-8.518503e-06,-2.0323764e-06,0.000107195105,6.191197e-05,-0.00021272943,-0.0069872104,0.0009319712,1.6359765e-05
0.0,0.0,0.0,0.0,0.0,0.0,1.0,0.6576106,0.15051359,0.1100615,0.42350456,0.06723064,0.020999981,0.42154786,0.07104372,0.017953288,0.015821919,-0.97606534,-0.036483467,-0.21381077,-0.18247344,0.5831991,0.43337047,-2.7235937,0.4325985,3.7525032,0.42858618,0.04,0.039986737,0.12141361,1.7074382,-0.3558773,0.7596612,-0.46223742,-0.0017473926,-0.10928854,2.3057917e-05,-0.0009848573,0.0,0.0,0.0,0.0,0.0,0.0,0.04,0.04,-0.18359566,0.5977878,0.4305808,-2.7230217,0.4328807,3.7518177,0.42835057,0.03999059,0.039996844,-0.026215227,-0.053196378,-0.022017775,-0.01089741,-0.11609738,0.06720799,0.07847848,0.009903119,-0.014354503,5.5879354e-09,2.3283064e-10,-3.7252903e-09,1.0,-1.489095e-10,-8.781334e-10,-8.472538e-11,0.0,0.0,0.0,0.0,0.0,0.0,0.6576102,0.15052073,0.11006239,0.99998695,-0.003009885,0.0041162884,0.00016743202,0.0013925536,-0.0019966846,-0.0010021771,0.01712534,0.011276076,-0.0024165693,0.42308128,0.06706519,0.021500694,0.99995935,0.0025662815,-0.008520227,0.0014423268,-0.086806364,-0.055187877,0.016559439,0.09423203,-3.0540671,0.15150109
0.0,0.0,0.0,0.0,0.0,0.0,1.0,0.6576102,0.15052073,0.11006239,0.42308128,0.06706519,0.021500697,0.41732734,0.06998312,0.011884759,0.01632668,-0.9776717,-0.03451307,-0.20664074,-0.18359566,0.5977878,0.4305808,-2.7230217,0.4328807,3.7518177,0.42835057,0.03999059,0.039996844,-0.026215227,-0.053196378,-0.022017775,-0.01089741,-0.11609738,0.06720799,0.07847848,0.009903119,-0.014354503,0.0,0.0,0.0,0.0,0.0,0.0,0.04,0.04,-0.18387854,0.5954265,0.43089822,-2.7223296,0.43262944,3.7525,0.4283773,0.039997637,0.0399953,0.0009468539,-0.041328575,0.009845798,0.014350694,0.00030076946,-2.5597474e-06,0.016697511,0.001234533,-0.0010905291,5.5879354e-09,2.3283064e-10,-3.7252903e-09,1.0,-1.489095e-10,-8.781334e-10,-8.472538e-11,0.0,0.0,0.0,0.0,0.0,0.0,0.65761435,0.1505089,0.11005834,0.9999871,-0.0029619038,0.0041327174,0.00016521789,0.00025214965,-0.00057141634,-0.00018879291,0.00542266,0.0018466108,-0.0006971735,0.4235397,0.06687333,0.021360792,0.9999708,0.007604741,0.00034440408,0.0005630604,0.011642007,0.0019834675,-0.005845898,0.14977893,0.48764822,-0.2223608
0.0,0.0,0.0,0.0,0.0,0.0,1.0,0.65761435,0.1505089,0.11005834,0.4235397,0.06687333,0.021360796,0.4185678,0.06993023,0.013093303,0.016131774,-0.97728914,-0.03453332,-0.20845439,-0.18387854,0.5954265,0.43089822,-2.7223296,0.43262944,3.7525,0.4283773,0.039997637,0.0399953,0.0009468539,-0.041328575,0.009845798,0.014350694,0.00030076946,-2.5597474e-06,0.016697511,0.001234533,-0.0010905291,0.0,0.0,0.0,0.0,0.0,0.0,0.04,0.04,-0.18382145,0.5948827,0.43104678,-2.7220752,0.4325913,3.7525,0.4283861,0.039998636,0.03999772,0.0005033116,-0.0037392147,0.0017243618,0.0016503317,-0.00091101864,-1.973179e-09,0.0005450546,1.7017663e-05,5.538395e-05,5.5879354e-09,2.3283064e-10,-3.7252903e-09,1.0,-1.489095e-10,-8.781334e-10,-8.472538e-11,0.0,0.0,0.0,0.0,0.0,0.0,0.657612,0.15051383,0.11006089,0.9999871,-0.0029832488,0.004123196,0.0001657831,0.00045005727,7.590349e-05,-0.00022069835,0.0001412003,0.0043732137,0.00012413558,0.4235033,0.06723216,0.020999977,0.99999994,-2.3503784e-05,-1.8529543e-05,-2.354321e-06,0.0011600873,-0.00075413607,-0.00036769029,-0.0031055592,0.018440947,0.00013253427
0.0,0.0,0.0,0.0,0.0,0.0,1.0,0.657612,0.15051383,0.1100609,0.4235033,0.06723216,0.020999981,0.41886893,0.07002065,0.013370189,0.01615183,-0.9772027,-0.03460899,-0.20884502,-0.18382145,0.5948827,0.43104678,-2.7220752,0.4325913,3.7525,0.4283861,0.039998636,0.03999772,0.0005033116,-0.0037392147,0.0017243618,0.0016503317,-0.00091101864,-1.973179e-09,0.0005450546,1.7017663e-05,5.538395e-05,0.0,0.0,0.0,0.0,0.0,0.0,0.04,0.04,-0.18380418,0.5948315,0.43106943,-2.722049,0.43258572,3.7525,0.42838705,0.039999176,0.039998926,0.00020962291,-0.00038948475,0.00028035202,0.00013287392,-0.000120283556,2.0986748e-08,5.5272238e-05,1.3926921e-05,2.3902816e-05,5.5879354e-09,2.3283064e-10,-3.7252903e-09,1.0,-1.489095e-10,-8.781334e-10,-8.472538e-11,0.0,0.0,0.0,0.0,0.0,0.0,0.65761113,0.15052046,0.11006201,0.999987,-0.0030094732,0.004119797,0.0001670059,0.00079339545,-0.002334959,-0.00069312064,0.020557165,0.005995397,-0.0021818487,0.42350456,0.06723059,0.020999923,0.99999994,-1.22385745e-05,-8.717633e-06,-2.1547442e-06,9.35892e-05,7.13923e-05,-0.00020723617,-0.0070281434,0.0006917694,1.6287593e-05
0.0,0.0,0.0,0.0,0.0,0.0,1.0,0.65761113,0.15052046,0.11006202,0.42350456,0.06723059,0.020999927,0.41889748,0.070039004,0.013397391,0.016158268,-0.9771938,-0.034625486,-0.20888345,-0.18380418,0.5948315,0.43106943,-2.722049,0.43258572,3.7525,0.42838705,0.039999176,0.039998926,0.00020962291,-0.00038948475,0.00028035202,0.00013287392,-0.000120283556,2.0986748e-08,5.5272238e-05,1.3926921e-05,2.3902816e-05,0.0,0.0,0.0,0.0,0.0,0.0,0.04,0.04,-0.18379958,0.5948262,0.4310736,-2.7220476,0.4325847,3.7525,0.42838705,0.039999556,0.039999466,5.8304264e-05,-4.1867224e-05,5.089517e-05,1.2268748e-05,-2.014006e-05,7.55982e-09,3.5224455e-06,8.365113e-06,1.1208985e-05,5.5879354e-09,2.3283064e-10,-3.7252903e-09,1.0,-1.489095e-10,-8.781334e-10,-8.472538e-11,0.0,0.0,0.0,0.0,0.0,0.0,0.6576143,0.1505092,0.11005846,0.999987,-0.002962768,0.004132483,0.0001652334,0.0002861768,-0.00054113235,-0.00013786944,0.004944166,0.0020596508,-0.00083897036,0.42350456,0.06723064,0.020999955,1.0,-1.2650193e-05,-8.415184e-06,-2.0857142e-06,0.000107114465,6.204132e-05,-0.00021274586,-0.0069897333,0.0009307883,1.632214e-05
0.0,0.0,0.0,0.0,0.0,0.0,1.0,0.6576143,0.1505092,0.11005846,0.42350456,0.06723064,0.020999959,0.41889936,0.07004312,0.013400118,0.016160041,-0.977193,-0.03462951,-0.20888668,-0.18379958,0.5948262,0.4310736,-2.7220476,0.4325847,3.7525,0.42838705,0.039999556,0.039999466,5.8304264e-05,-4.1867224e-05,5.089517e-05,1.2268748e-05,-2.014006e-05,7.55982e-09,3.5224455e-06,8.365113e-06,1.1208985e-05,0.0,0.0,0.0,0.0,0.0,0.0,0.04,0.04,-0.18379848,0.59482586,0.43107447,-2.7220476,0.4325847,3.7525,0.42838705,0.03999976,0.03999974,1.4380239e-05,-4.5708416e-06,1.041411e-05,1.4913838e-06,-3.7803306e-06,1.8662267e-09,3.8223384e-08,4.58529e-06,5.561739e-06,5.5879354e-09,2.3283064e-10,-3.7252903e-09,1.0,-1.489095e-10,-8.781334e-10,-8.472538e-11,0.0,0.0,0.0,0.0,0.0,0.0,0.657612,0.1505138,0.11006087,0.9999871,-0.00298309,0.0041234693,0.00016566354,0.00044931326,7.6975906e-05,-0.0002171528,0.000119565026,0.00436542,0.00012125832,0.42350456,0.067230634,0.020999959,1.0,-1.2545704e-05,-8.452753e-06,-2.2773636e-06,0.00010703912,6.1997554e-05,-0.00021268579,-0.0069872593,0.0009294566,1.6422555e-05
0.0,0.0,0.0,0.0,0.0,0.0,1.0,0.657612,0.1505138,0.11006087,0.42350456,0.067230634,0.020999962,0.4188994,0.07004407,0.013400282,0.016160473,-0.9771928,-0.03463036,-0.2088869,-0.18379848,0.59482586,0.43107447,-2.7220476,0.4325847,3.7525,0.42838705,0.03999976,0.03999974,1.4380239e-05,-4.5708416e-06,1.041411e-05,1.4913838e-06,-3.7803306e-06,1.8662267e-09,3.8223384e-08,4.58529e-06,5.561739e-06,0.0,0.0,0.0,0.0,0.0,0.0,0.04,0.04,-0.18379824,0.59482586,0.43107447,-2.7220476,0.4325847,3.7525,0.42838705,0.03999988,0.039999858,2.182897e-06,-1.8083114e-06,3.6767135e-06,-1.0438865e-06,-7.201657e-07,-2.590294e-08,1.93201e-06,2.5585173e-06,2.9216126e-06,5.5879354e-09,2.3283064e-10,-3.7252903e-09,1.0,-1.489095e-10,-8.781334e-10,-8.472538e-11,0.0,0.0,0.0,0.0,0.0,0.0,0.6576102,0.15052074,0.110062405,0.999987,-0.0030097095,0.0041165417,0.00016739346,0.0013934327,-0.0020116295,-0.0009981766,0.017278949,0.011302677,-0.0024187898,0.42350456,0.067230634,0.020999955,1.0,-1.26678515e-05,-8.521784e-06,-1.9836154e-06,0.000107019885,6.204002e-05,-0.00021231263,-0.0070019797,0.0009079263,1.6096526e-05
0.0,0.0,0.0,0.0,0.0,0.0,1.0,0.6576102,0.15052074,0.110062405,0.42350456,0.067230634,0.020999959,0.4188994,0.070044205,0.0134002445,0.016160429,-0.9771929,-0.03463064,-0.20888694,-0.18379824,0.59482586,0.43107447,-2.7220476,0.4325847,3.7525,0.42838705,0.03999988,0.039999858,2.182897e-06,-1.8083114e-06,3.6767135e-06,-1.0438865e-06,-7.201657e-07,-2.590294e-08,1.93201e-06,2.5585173e-06,2.9216126e-06,0.0,0.0,0.0,0.0,0.0,0.0,0.04,0.04,-0.18379824,0.59482586,0.43107447,-2.7220476,0.4325847,3.7525,0.42838705,0.03999993,0.039999917,6.383326e-07,6.2258124e-08,9.1646575e-07,3.5390368e-08,-3.712936e-07,9.079437e-11,4.1379195e-07,1.0155371e-06,1.1848208e-06,5.5879354e-09,2.3283064e-10,-3.7252903e-09,1.0,-1.489095e-10,-8.781334e-10,-8.472538e-11,0.0,0.0,0.0,0.0,0.0,0.0,0.65761435,0.15050887,0.11005842,0.999987,-0.0029618337,0.0041325632,0.00016513838,0.00025004472,-0.00053534005,-0.00018134757,0.005091701,0.001787272,-0.0007082612,0.42350456,0.067230634,0.020999959,1.0,-1.2565913e-05,-8.52587e-06,-2.0122382e-06,0.00010719007,6.1907376e-05,-0.0002127247,-0.0069871265,0.0009318141,1.6369482e-05
0.0,0.0,0.0,0.0,0.0,0.0,1.0,0.65761435,0.15050887,0.11005843,0.42350456,0.067230634,0.020999962,0.4188994,0.070044205,0.0134002445,0.016160429,-0.9771929,-0.03463064,-0.20888694,-0.18379824,0.59482586,0.43107447,-2.7220476,0.4325847,3.7525,0.42838705,0.03999993,0.039999917,6.383326e-07,6.2258124e-08,9.1646575e-07,3.5390368e-08,-3.712936e-07,9.079437e-11,4.1379195e-07,1.0155371e-06,1.1848208e-06,0.0,0.0,0.0,0.0,0.0,0.0,0.04,0.04,-0.18379824,0.59482586,0.43107447,-2.7220476,0.4325847,3.7525,0.42838705,0.03999993,0.039999917,-3.2945575e-08,2.3926557e-07,4.4294046e-07,4.0652204e-10,-2.999977e-07,2.6739336e-11,4.1234574e-07,1.0208433e-06,1.1849119e-06,5.5879354e-09,2.3283064e-10,-3.7252903e-09,1.0,-1.489095e-10,-8.781334e-10,-8.472538e-11,0.0,0.0,0.0,0.0,0.0,0.0,0.6576106,0.15051362,0.11006151,0.99998707,-0.0029816935,0.004117368,0.00016610743,0.000443388,0.00028896262,-0.0002774986,-0.0022087463,0.0044293506,0.00013824168,0.42350456,0.06723064,0.020999955,1.0,-1.2713597e-05,-8.528969e-06,-2.002563e-06,0.00010719746,6.191063e-05,-0.0002127338,-0.006987284,0.00093191146,1.6360495e-05
0.0,0.0,0.0,0.0,0.0,0.0,1.0,0.6576106,0.15051362,0.11006151,0.42350456,0.06723064,0.020999959,0.4188994,0.070044205,0.0134002445,0.016160429,-0.9771929,-0.03463064,-0.20888694,-0.18379824,0.59482586,0.43107447,-2.7220476,0.4325847,3.7525,0.42838705,0.03999993,0.039999917,-3.2945575e-08,2.3926557e-07,4.4294046e-07,4.0652204e-10,-2.999977e-07,2.6739336e-11,4.1234574e-07,1.0208433e-06,1.1849119e-06,0.0,0.0,0.0,0.0,0.0,0.0,0.04,0.04,-0.18379824,0.59482586,0.43107447,-2.7220476,0.4325847,3.7525,0.42838705,0.03999993,0.039999917,-2.1101928e-07,2.7251036e-07,3.197552e-07,-1.7014925e-09,-2.8163166e-07,9.369302e-12,4.1191623e-07,1.0216651e-06,1.1841706e-06,5.5879354e-09,2.3283064e-10,-3.7252903e-09,1.0,-1.489095e-10,-8.781334e-10,-8.472538e-11,0.0,0.0,0.0,0.0,0.0,0.0,0.6576102,0.15052076,0.110062405,0.9999869,-0.0030101133,0.0041161077,0.00016748808,0.001391998,-0.001997251,-0.0010013419,0.017132845,0.011273399,-0.0024156524,0.42350456,0.067230634,0.020999959,1.0,-1.2590288e-05,-8.526633e-06,-1.9894144e-06,0.00010724833,6.175646e-05,-0.0002127224,-0.006984494,0.00093228096,1.6451717e-05
0.0,0.0,0.0,0.0,0.0,0.0,1.0,0.6576102,0.15052076,0.110062405,0.42350456,0.067230634,0.020999962,0.4188994,0.070044205,0.0134002445,0.016160429,-0.9771929,-0.03463064,-0.20888694,-0.18379824,0.59482586,0.43107447,-2.7220476,0.4325847,3.7525,0.42838705,0.03999993,0.039999917,-2.1101928e-07,2.7251036e-07,3.197552e-07,-1.7014925e-09,-2.8163166e-07,9.369302e-12,4.1191623e-07,1.0216651e-06,1.1841706e-06,0.0,0.0,0.0,0.0,0.0,0.0,0.04,0.04,-0.18379824,0.59482586,0.43107447,-2.7220476,0.4325847,3.7525,0.42838705,0.03999993,0.039999917,-2.5815737e-07,2.7947988e-07,2.8748937e-07,-1.1034207e-09,-2.7685113e-07,4.458867e-12,4.1179842e-07,1.0218819e-06,1.1839745e-06,5.5879354e-09,2.3283064e-10,-3.7252903e-09,1.0,-1.489095e-10,-8.781334e-10,-8.472538e-11,0.0,0.0,0.0,0.0,0.0,0.0,0.65761435,0.15050888,0.11005845,0.999987,-0.0029618493,0.0041323863,0.00016511834,0.00024836737,-0.00053208694,-0.00018170115,0.0050668917,0.0017710227,-0.0007046352,0.42350456,0.06723064,0.020999955,1.0,-1.2721531e-05,-8.491165e-06,-2.1431451e-06,0.00010625464,6.259195e-05,-0.00021216623,-0.0070076617,0.00089449104,1.6212533e-05
0.0,0.0,0.0,0.0,0.0,0.0,1.0,0.65761435,0.15050888,0.11005846,0.42350456,0.06723064,0.020999959,0.4188994,0.070044205,0.0134002445,0.016160429,-0.9771929,-0.03463064,-0.20888694,-0.18379824,0.59482586,0.43107447,-2.7220476,0.4325847,3.7525,0.42838705,0.03999993,0.039999917,-2.5815737e-07,2.7947988e-07,2.8748937e-07,-1.1034207e-09,-2.7685113e-07,4.458867e-12,4.1179842e-07,1.0218819e-06,1.1839745e-06,0.0,0.0,0.0,0.0,0.0,0.0,0.04,0.04,-0.18379824,0.59482586,0.43107447,-2.7220476,0.4325847,3.7525,0.42838705,0.03999993,0.039999917,-2.706231e-07,2.8106444e-07,2.7900523e-07,-7.814177e-10,-2.755984e-07,4.4837016e-12,4.1176673e-07,1.0219392e-06,1.1839222e-06,5.5879354e-09,2.3283064e-10,-3.7252903e-09,1.0,-1.489095e-10,-8.781334e-10,-8.472538e-11,0.0,0.0,0.0,0.0,0.0,0.0,0.6576106,0.1505136,0.110061504,0.999987,-0.0029814064,0.0041172532,0.00016601973,0.00044489806,0.00028818462,-0.0002787021,-0.0022036547,0.004443804,0.00013557868,0.42350456,0.06723064,0.020999959,1.0,-1.2613643e-05,-8.492118e-06,-2.1318845e-06,0.00010643126,6.226706e-05,-0.00021255398,-0.0069886507,0.00091798644,1.6648097e-05
0.0,0.0,0.0,0.0,0.0,0.0,1.0,0.6576106,0.1505136,0.11006151,0.42350456,0.06723064,0.020999962,0.4188994,0.070044205,0.0134002445,0.016160429,-0.9771929,-0.03463064,-0.20888694,-0.18379824,0.59482586,0.43107447,-2.7220476,0.4325847,3.7525,0.42838705,0.03999993,0.039999917,-2.706231e-07,2.8106444e-07,2.7900523e-07,-7.814177e-10,-2.755984e-07,4.4837016e-12,4.1176673e-07,1.0219392e-06,1.1839222e-06,0.0,0.0,0.0,0.0,0.0,0.0,0.04,0.04,-0.18379824,0.59482586,0.43107447,-2.7220476,0.4325847,3.7525,0.42838705,0.03999993,0.039999917,-2.7391792e-07,2.8144663e-07,2.7676947e-07,-6.7307004e-10,-2.7526895e-07,3.5012323e-12,4.1175812e-07,1.0219542e-06,1.1839086e-06,5.5879354e-09,2.3283064e-10,-3.7252903e-09,1.0,-1.489095e-10,-8.781334e-10,-8.472538e-11,0.0,0.0,0.0,0.0,0.0,0.0,0.6576102,0.15052074,0.11006243,0.999987,-0.0030100555,0.004116086,0.00016744972,0.0013928547,-0.0019974776,-0.0010014694,0.017134806,0.011283595,-0.0024160307,0.42350456,0.06723064,0.020999955,1.0,-1.2749515e-05,-8.493045e-06,-2.1013361e-06,0.00010622785,6.257134e-05,-0.00021214873,-0.0070069595,0.0008940313,1.6251617e-05
0.0,0.0,0.0,0.0,0.0,0.0,1.0,0.6576102,0.15052074,0.110062435,0.42350456,0.06723064,0.020999959,0.4188994,0.070044205,0.0134002445,0.016160429,-0.9771929,-0.03463064,-0.20888694,-0.18379824,0.59482586,0.43107447,-2.7220476,0.4325847,3.7525,0.42838705,0.03999993,0.039999917,-2.7391792e-07,2.8144663e-07,2.7676947e-07,-6.7307004e-10,-2.7526895e-07,3.5012323e-12,4.1175812e-07,1.0219542e-06,1.1839086e-06,0.0,0.0,0.0,0.0,0.0,0.0,0.04,0.04,-0.18379824,0.59482586,0.43107447,-2.7220476,0.4325847,3.7525,0.42838705,0.03999993,0.039999917,-2.7478853e-07,2.8154236e-07,2.7617972e-07,-6.4109823e-10,-2.7518215e-07,2.7364229e-12,4.1175596e-07,1.0219585e-06,1.1839052e-06,5.5879354e-09,2.3283064e-10,-3.7252903e-09,1.0,-1.489095e-10,-8.781334e-10,-8.472538e-11,0.0,0.0,0.0,0.0,0.0,0.0,0.65761435,0.15050887,0.11005844,0.999987,-0.0029618773,0.004132527,0.00016515995,0.0002492266,-0.0005355925,-0.00018263562,0.0050991126,0.0017819584,-0.0007046298,0.42350456,0.06723064,0.020999959,1.0,-1.2637769e-05,-8.493105e-06,-2.109048e-06,0.000106463216,6.220562e-05,-0.00021255393,-0.006987545,0.00091854477,1.6683096e-05
0.0,0.0,0.0,0.0,0.0,0.0,1.0,0.65761435,0.15050887,0.11005844,0.42350456,0.06723064,0.020999962,0.4188994,0.070044205,0.0134002445,0.016160429,-0.9771929,-0.03463064,-0.20888694,-0.18379824,0.59482586,0.43107447,-2.7220476,0.4325847,3.7525,0.42838705,0.03999993,0.039999917,-2.7478853e-07,2.8154236e-07,2.7617972e-07,-6.4109823e-10,-2.7518215e-07,2.7364229e-12,4.1175596e-07,1.0219585e-06,1.1839052e-06,0.0,0.0,0.0,0.0,0.0,0.0,0.04,0.04,-0.18379824,0.59482586,0.43107447,-2.7220476,0.4325847,3.7525,0.42838705,0.03999993,0.039999917,-2.750185e-07,2.8156697e-07,2.7602402e-07,-6.3216893e-10,-2.7515915e-07,2.8926262e-12,4.1175542e-07,1.0219594e-06,1.1839045e-06,5.5879354e-09,2.3283064e-10,-3.7252903e-09,1.0,-1.489095e-10,-8.781334e-10,-8.472538e-11,0.0,0.0,0.0,0.0,0.0,0.0,0.6576106,0.1505136,0.11006154,0.9999871,-0.002981698,0.0041173073,0.00016609822,0.00044302753,0.0002881345,-0.00027917427,-0.0021953653,0.0044254316,0.00013903908,0.42350456,0.067230634,0.020999962,1.0,-1.2517374e-05,-8.492136e-06,-2.0769407e-06,0.00010642968,6.227056e-05,-0.00021254974,-0.0069884285,0.00091820245,1.6647296e-05
0.0,0.0,0.0,0.0,0.0,0.0,1.0,0.6576106,0.1505136,0.11006154,0.42350456,0.067230634,0.020999966,0.4188994,0.070044205,0.0134002445,0.016160429,-0.9771929,-0.03463064,-0.20888694,-0.18379824,0.59482586,0.43107447,-2.7220476,0.4325847,3.7525,0.42838705,0.03999993,0.039999917,-2.750185e-07,2.8156697e-07,2.7602402e-07,-6.3216893e-10,-2.7515915e-07,2.8926262e-12,4.1175542e-07,1.0219594e-06,1.1839045e-06,0.0,0.0,0.0,0.0,0.0,0.0,0.04,0.04,-0.18379824,0.59482586,0.43107447,-2.7220476,0.4325847,3.7525,0.42838705,0.03999993,0.039999917,-2.7507932e-07,2.8157325e-07,2.7598296e-07,-6.298287e-10,-2.7515324e-07,2.3144358e-12,4.1175514e-07,1.0219597e-06,1.183904e-06,5.5879354e-09,2.3283064e-10,-3.7252903e-09,1.0,-1.489095e-10,-8.781334e-10,-8.472538e-11,0.0,0.0,0.0,0.0,0.0,0.0,0.6576102,0.15052074,0.110062376,0.9999869,-0.003010105,0.0041160714,0.00016739032,0.0013915388,-0.0019985847,-0.0010008127,0.017145785,0.011270201,-0.0024162277,0.42350456,0.067230634,0.020999959,1.0,-1.26355935e-05,-8.558815e-06,-1.9579852e-06,0.00010732207,6.154596e-05,-0.00021272735,-0.006980747,0.0009332652,1.6593405e-05
0.0,0.0,0.0,0.0,0.0,0.0,1.0,0.6576102,0.15052074,0.110062376,0.42350456,0.067230634,0.020999962,0.4188994,0.070044205,0.0134002445,0.016160429,-0.9771929,-0.03463064,-0.20888694,-0.18379824,0.59482586,0.43107447,-2.7220476,0.4325847,3.7525,0.42838705,0.03999993,0.039999917,-2.7507932e-07,2.8157325e-07,2.7598296e-07,-6.298287e-10,-2.7515324e-07,2.3144358e-12,4.1175514e-07,1.0219597e-06,1.183904e-06,0.0,0.0,0.0,0.0,0.0,0.0,0.04,0.04,-0.18379824,0.59482586,0.43107447,-2.7220476,0.4325847,3.7525,0.42838705,0.03999993,0.039999917,-2.7509532e-07,2.8157493e-07,2.759721e-07,-6.291713e-10,-2.7515156e-07,3.1668654e-12,4.1175514e-07,1.0219597e-06,1.1839041e-06,5.5879354e-09,2.3283064e-10,-3.7252903e-09,1.0,-1.489095e-10,-8.781334e-10,-8.472538e-11,0.0,0.0,0.0,0.0,0.0,0.0,0.65761435,0.15050885,0.11005843,0.99998707,-0.0029617245,0.0041326242,0.00016517637,0.00024974224,-0.0005385316,-0.00018250578,0.0051240968,0.0017879861,-0.00070577813,0.42350456,0.06723064,0.020999955,1.0,-1.2781603e-05,-8.527207e-06,-2.113533e-06,0.00010639913,6.242069e-05,-0.0002125678,-0.006991794,0.0009178578,1.6546548e-05
0.0,0.0,0.0,0.0,0.0,0.0,1.0,0.65761435,0.15050885,0.11005843,0.42350456,0.06723064,0.020999959,0.4188994,0.070044205,0.0134002445,0.016160429,-0.9771929,-0.03463064,-0.20888694,-0.18379824,0.59482586,0.43107447,-2.7220476,0.4325847,3.7525,0.42838705,0.03999993,0.039999917,-2.7509532e-07,2.8157493e-07,2.759721e-07,-6.291713e-10,-2.7515156e-07,3.1668654e-12,4.1175514e-07,1.0219597e-06,1.1839041e-06,0.0,0.0,0.0,0.0,0.0,0.0,0.04,0.04,-0.18379824,0.59482586,0.43107447,-2.7220476,0.4325847,3.7525,0.42838705,0.03999993,0.039999917,-2.750996e-07,2.8157544e-07,2.759693e-07,-6.289437e-10,-2.751511e-07,3.221599e-12,4.1175517e-07,1.02196e-06,1.1839044e-06,5.5879354e-09,2.3283064e-10,-3.7252903e-09,1.0,-1.489095e-10,-8.781334e-10,-8.472538e-11,0.0,0.0,0.0,0.0,0.0,0.0,0.6576106,0.15051362,0.11006154,0.999987,-0.002981692,0.004117376,0.00016608539,0.0004436933,0.00028920273,-0.00027729556,-0.0022138727,0.0044318126,0.00013672175,0.42350456,0.06723064,0.020999959,1.0,-1.26773575e-05,-8.5297215e-06,-2.0832376e-06,0.00010643297,6.22689e-05,-0.00021255393,-0.006988771,0.0009181122,1.6654561e-05
0.0,0.0,0.0,0.0,0.0,0.0,-1.0,0.6576106,0.15051362,0.11006154,0.42350456,0.06723064,0.020999962,0.4188994,0.070044205,0.0134002445,0.016160429,-0.9771929,-0.03463064,-0.20888694,-0.18379824,0.59482586,0.43107447,-2.7220476,0.4325847,3.7525,0.42838705,0.03999993,0.039999917,-2.750996e-07,2.8157544e-07,2.759693e-07,-6.289437e-10,-2.751511e-07,3.221599e-12,4.1175517e-07,1.02196e-06,1.1839044e-06,0.0,0.0,0.0,0.0,0.0,0.0,0.0,0.0,-0.18379825,0.59482586,0.43107444,-2.7220476,0.43258476,3.7525,0.42838708,0.032990713,0.0329951,-5.1969135e-07,1.2640438e-06,1.9407921e-06,1.4275961e-06,-1.404836e-05,-7.254681e-06,9.532935e-06,-0.20021777,-0.20038465,5.5879354e-09,2.3283064e-10,-3.7252903e-09,1.0,-1.489095e-10,-8.781334e-10,-8.472538e-11,0.0,0.0,0.0,0.0,0.0,0.0,0.6576102,0.15052077,0.11006237,0.99998695,-0.0030101044,0.0041160434,0.00016748607,0.0013915881,-0.0019967493,-0.0010007941,0.017129133,0.011271187,-0.0024147078,0.42350456,0.067230634,0.020999962,1.0,-1.25587985e-05,-8.524801e-06,-2.0510158e-06,0.000107246226,6.175579e-05,-0.0002127245,-0.0069845067,0.0009323102,1.6458891e-05
0.0,0.0,0.0,0.0,0.0,0.0,-1.0,0.6576102,0.15052077,0.110062376,0.42350456,0.067230634,0.020999966,0.41889933,0.070044115,0.013400274,0.016160384,-0.9771928,-0.034630567,-0.20888695,-0.18379825,0.59482586,0.43107444,-2.7220476,0.43258476,3.7525,0.42838708,0.032990713,0.0329951,-5.1969135e-07,1.2640438e-06,1.9407921e-06,1.4275961e-06,-1.404836e-05,-7.254681e-06,9.532935e-06,-0.20021777,-0.20038465,0.0,0.0,0.0,0.0,0.0,0.0,0.0,0.0,-0.18376468,0.5947865,0.43087223,-2.7220387,0.43302944,3.7525423,0.42812064,0.02608696,0.026151469,-0.0044806493,-0.0045296773,-0.03985437,-0.0013123977,0.039772414,-0.03668775,-0.010576514,-0.20342733,-0.20271057,5.5879354e-09,2.3283064e-10,-3.7252903e-09,1.0,-1.489095e-10,-8.781334e-10,-8.472538e-11,0.0,0.0,0.0,0.0,0.0,0.0,0.65761435,0.1505089,0.110058375,0.99998707,-0.002962103,0.004132503,0.00016516124,0.00024860565,-0.0005514954,-0.00018498756,0.0052419556,0.0017992572,-0.0006957915,0.4232042,0.06835319,0.021006458,0.9999988,0.00088064716,0.0003502481,0.0011873889,-0.074020565,0.32641295,-8.023158e-05,0.5506587,0.038638487,1.2945682
0.0,0.0,0.0,0.0,0.0,0.0,-1.0,0.65761435,0.1505089,0.11005838,0.4232042,0.06835319,0.021006461,0.41890416,0.069866,0.013394023,0.015973851,-0.9772023,-0.034502715,-0.20887834,-0.18376468,0.5947865,0.43087223,-2.7220387,0.43302944,3.7525423,0.42812064,0.02608696,0.026151469,-0.0044806493,-0.0045296773,-0.03985437,-0.0013123977,0.039772414,-0.03668775,-0.010576514,-0.20342733,-0.20271057,0.0,0.0,0.0,0.0,0.0,0.0,0.0,0.0,-0.18409352,0.5947434,0.4305742,-2.722043,0.4330211,3.7525022,0.4281176,0.020916434,0.021157464,-0.008872168,-0.0031939833,-0.010554828,0.002339752,-0.006383273,0.015892401,-0.095098905,0.017313331,0.091103196,5.5879354e-09,2.3283064e-10,-3.7252903e-09,1.0,-1.489095e-10,-8.781334e-10,-8.472538e-11,0.0,0.0,0.0,0.0,0.0,0.0,0.657612,0.15051378,0.11006084,0.99998707,-0.0029829247,0.0041233003,0.00016578335,0.0004488049,7.55646e-05,-0.00022200406,0.00014667372,0.004360878,0.00012475917,0.42322138,0.069615,0.021020193,0.9999971,0.00015448696,3.464106e-05,-0.0024119643,-0.0077264635,0.010474572,-0.0050272434,1.2869238,0.122379854,-3.7802758
0.0,0.0,0.0,0.0,0.0,0.0,-1.0,0.657612,0.15051378,0.11006084,0.42322138,0.069615,0.021020196,0.41894025,0.06957368,0.013380292,0.01583679,-0.9772162,-0.03424704,-0.20886604,-0.18409352,0.5947434,0.4305742,-2.722043,0.4330211,3.7525022,0.4281176,0.020916434,0.021157464,-0.008872168,-0.0031939833,-0.010554828,0.002339752,-0.006383273,0.015892401,-0.095098905,0.017313331,0.091103196,0.0,0.0,0.0,0.0,0.0,0.0,0.0,0.0,-0.1843667,0.59468263,0.4303133,-2.7219548,0.43318215,3.7525017,0.42807487,0.020159544,0.021042787,-0.007387544,-0.0029510134,-0.005904486,-3.452832e-05,-0.003071316,0.0067822086,-0.11247942,0.035970565,0.122979596,5.5879354e-09,2.3283064e-10,-3.7252903e-09,1.0,-1.489095e-10,-8.781334e-10,-8.472538e-11,0.0,0.0,0.0,0.0,0.0,0.0,0.65761024,0.15052071,0.11006239,0.99998707,-0.0030098986,0.0041164523,0.00016734784,0.0013949053,-0.0020086537,-0.0009991718,0.017247502,0.011317875,-0.0024193223,0.42316806,0.06961382,0.021064537,0.9999992,0.0011439808,-3.3587923e-05,-0.00045897797,0.0020753143,-0.00460499,-0.031557657,-0.38709518,0.20897982,-1.6762829
0.0,0.0,0.0,0.0,0.0,0.0,-1.0,0.65761024,0.15052071,0.11006239,0.42316806,0.06961382,0.02106454,0.4190241,0.069294184,0.013394493,0.015679762,-0.97721934,-0.033961177,-0.2089097,-0.1843667,0.59468263,0.4303133,-2.7219548,0.43318215,3.7525017,0.42807487,0.020159544,0.021042787,-0.007387544,-0.0029510134,-0.005904486,-3.452832e-05,-0.003071316,0.0067822086,-0.11247942,0.035970565,0.122979596,0.0,0.0,0.0,0.0,0.0,0.0,0.0,0.0,-0.18454288,0.5946778,0.43010798,-2.7219536,0.43325672,3.7525015,0.42803514,0.019952554,0.021224886,-0.0053954963,-0.0047495193,-0.0036688983,0.00061434926,-0.004954694,0.00861433,-0.116778366,0.03924206,0.12128554,5.5879354e-09,2.3283064e-10,-3.7252903e-09,1.0,-1.489095e-10,-8.781334e-10,-8.472538e-11,0.0,0.0,0.0,0.0,0.0,0.0,0.65761435,0.1505089,0.11005833,0.99998707,-0.0029618833,0.0041324445,0.00016532099,0.00025006014,-0.0005698414,-0.000191498,0.005419022,0.0018308972,-0.00068975094,0.42316872,0.069621265,0.021055268,0.9999994,0.000956431,-3.565333e-05,-0.00049690815,0.003031856,-0.0044920524,-0.031371575,-0.38139376,0.23455167,-1.6786875
0.0,0.0,0.0,0.0,0.0,0.0,-1.0,0.65761435,0.1505089,0.11005834,0.42316872,0.069621265,0.021055272,0.41903985,0.06909886,0.013377639,0.015570521,-0.97722995,-0.033788875,-0.2088961,-0.18454288,0.5946778,0.43010798,-2.7219536,0.43325672,3.7525015,0.42803514,0.019952554,0.021224886,-0.0053954963,-0.0047495193,-0.0036688983,0.00061434926,-0.004954694,0.00861433,-0.116778366,0.03924206,0.12128554,0.0,0.0,0.0,0.0,0.0,0.0,0.0,0.0,-0.18465498,0.59465235,0.42996424,-2.7219691,0.4332801,3.7525005,0.42801082,0.019831311,0.021344567,-0.003718499,-0.004483646,-0.0020474463,8.564792e-05,-0.0064158584,0.008895533,-0.1183708,0.04153502,0.12147837,5.5879354e-09,2.3283064e-10,-3.7252903e-09,1.0,-1.489095e-10,-8.781334e-10,-8.472538e-11,0.0,0.0,0.0,0.0,0.0,0.0,0.657612,0.15051384,0.11006088,0.99998707,-0.0029832355,0.0041231713,0.0001657748,0.0004494846,7.5900985e-05,-0.00022316356,0.0001487516,0.0043680957,0.00012717735,0.42316887,0.06962151,0.021052329,0.99999934,0.00091988663,-3.9227347e-05,-0.00051882,0.0029148108,-0.0038324357,-0.03134348,-0.39367467,0.2333986,-1.6759627
0.0,0.0,0.0,0.0,0.0,0.0,-1.0,0.657612,0.15051384,0.110060886,0.42316887,0.06962151,0.021052333,0.4190496,0.06897013,0.013372759,0.015498087,-0.97723544,-0.03368807,-0.20889172,-0.18465498,0.59465235,0.42996424,-2.7219691,0.4332801,3.7525005,0.42801082,0.019831311,0.021344567,-0.003718499,-0.004483646,-0.0020474463,8.564792e-05,-0.0064158584,0.008895533,-0.1183708,0.04153502,0.12147837,0.0,0.0,0.0,0.0,0.0,0.0,0.0,0.0,-0.18471907,0.5946284,0.42986542,-2.7219853,0.4332695,3.7525003,0.4279962,0.019757109,0.021418264,-0.0026301276,-0.0043760617,-0.0010850347,4.876373e-05,-0.0070372247,0.008409488,-0.1189037,0.043061685,0.12176802,5.5879354e-09,2.3283064e-10,-3.7252903e-09,1.0,-1.489095e-10,-8.781334e-10,-8.472538e-11,0.0,0.0,0.0,0.0,0.0,0.0,0.65761113,0.15052044,0.11006201,0.99998695,-0.0030092816,0.0041199266,0.00016704525,0.00079261186,-0.0023334934,-0.0006927621,0.020543467,0.0059881797,-0.002180634,0.42316917,0.06962063,0.021051679,0.99999934,0.0009214351,-3.6451936e-05,-0.0005293685,0.0028866963,-0.0035957072,-0.0312597,-0.3971737,0.23272148,-1.6733526
0.0,0.0,0.0,0.0,0.0,0.0,-1.0,0.65761113,0.15052044,0.11006202,0.42316917,0.06962063,0.021051683,0.41905582,0.06889133,0.013371411,0.015453458,-0.9772379,-0.033636898,-0.20889187,-0.18471907,0.5946284,0.42986542,-2.7219853,0.4332695,3.7525003,0.4279962,0.019757109,0.021418264,-0.0026301276,-0.0043760617,-0.0010850347,4.876373e-05,-0.0070372247,0.008409488,-0.1189037,0.043061685,0.12176802,0.0,0.0,0.0,0.0,0.0,0.0,0.0,0.0,-0.18475446,0.59461087,0.42979345,-2.722001,0.4332401,3.7525,0.42798784,0.01971133,0.021463646,-0.0019710804,-0.004234803,-0.00049629004,0.00017442566,-0.0075117196,0.008167417,-0.11889933,0.044060558,0.121903464,5.5879354e-09,2.3283064e-10,-3.7252903e-09,1.0,-1.489095e-10,-8.781334e-10,-8.472538e-11,0.0,0.0,0.0,0.0,0.0,0.0,0.6576143,0.15050924,0.11005845,0.9999871,-0.0029631185,0.004132562,0.00016513481,0.0002844528,-0.00052659225,-0.00013068589,0.004807009,0.002024043,-0.00084472186,0.42316884,0.06961991,0.021051444,0.99999934,0.0009264983,-4.0997365e-05,-0.0005343828,0.002886292,-0.0034446404,-0.031205216,-0.39957538,0.23251626,-1.6717596
0.0,0.0,0.0,0.0,0.0,0.0,-1.0,0.6576143,0.15050924,0.11005846,0.42316884,0.06961991,0.021051448,0.41905853,0.06884248,0.013370584,0.015426233,-0.97723913,-0.033614427,-0.208892,-0.18475446,0.59461087,0.42979345,-2.722001,0.4332401,3.7525,0.42798784,0.01971133,0.021463646,-0.0019710804,-0.004234803,-0.00049629004,0.00017442566,-0.0075117196,0.008167417,-0.11889933,0.044060558,0.121903464,0.0,0.0,0.0,0.0,0.0,0.0,0.0,0.0,-0.18477303,0.5945975,0.4297395,-2.722011,0.43320134,3.7524996,0.42798528,0.019681796,0.021492481,-0.001498888,-0.004741271,-0.00034305066,0.0005106044,-0.007931881,4.3036365e-05,-0.11760977,0.044781983,0.12061966,5.5879354e-09,2.3283064e-10,-3.7252903e-09,1.0,-1.489095e-10,-8.781334e-10,-8.472538e-11,0.0,0.0,0.0,0.0,0.0,0.0,0.657612,0.15051378,0.11006089,0.99998707,-0.0029828947,0.004123246,0.00016571459,0.0004476895,7.5808784e-05,-0.00022297916,0.00014759006,0.0043505756,0.00012682097,0.42317003,0.06962138,0.02105176,0.9999994,0.00094042736,-4.488484e-05,-0.0005855358,0.0028549815,-0.0033306268,-0.03117697,-0.4026064,0.23222405,-1.669888
0.0,0.0,0.0,0.0,0.0,0.0,-1.0,0.657612,0.15051378,0.1100609,0.42317003,0.06962138,0.021051764,0.41906157,0.06881234,0.013370852,0.0154102,-0.9772391,-0.03360723,-0.20889433,-0.18477303,0.5945975,0.4297395,-2.722011,0.43320134,3.7524996,0.42798528,0.019681796,0.021492481,-0.001498888,-0.004741271,-0.00034305066,0.0005106044,-0.007931881,4.3036365e-05,-0.11760977,0.044781983,0.12061966,0.0,0.0,0.0,0.0,0.0,0.0,0.0,0.0,-0.18478145,0.59458876,0.4296963,-2.7220216,0.43316036,3.7524998,0.42798644,0.019663474,0.02151047,-0.0012526603,-0.0046360684,-0.00017432065,0.00044449553,-0.008207702,9.551247e-05,-0.11727676,0.04517749,0.120345645,5.5879354e-09,2.3283064e-10,-3.7252903e-09,1.0,-1.489095e-10,-8.781334e-10,-8.472538e-11,0.0,0.0,0.0,0.0,0.0,0.0,0.6576112,0.15052046,0.11006205,0.99998695,-0.0030094357,0.004120057,0.00016708024,0.00079339324,-0.002332992,-0.00069295673,0.020538231,0.0059969663,-0.0021804108,0.42317012,0.06962114,0.021051692,0.9999993,0.00094142935,-4.4690565e-05,-0.0005857654,0.0028063706,-0.0033606647,-0.0311798,-0.4024159,0.23067154,-1.6693265
0.0,0.0,0.0,0.0,0.0,0.0,-1.0,0.6576112,0.15052046,0.11006205,0.42317012,0.06962114,0.021051696,0.41906238,0.06879279,0.01337004,0.015400216,-0.97723913,-0.03360772,-0.20889518,-0.18478145,0.59458876,0.4296963,-2.7220216,0.43316036,3.7524998,0.42798644,0.019663474,0.02151047,-0.0012526603,-0.0046360684,-0.00017432065,0.00044449553,-0.008207702,9.551247e-05,-0.11727676,0.04517749,0.120345645,0.0,0.0,0.0,0.0,0.0,0.0,0.0,0.0,-0.18478376,0.59458107,0.42965963,-2.72203,0.43311554,3.7524998,0.42798963,0.019651964,0.02152174,-0.0010922776,-0.0045766234,-5.011024e-05,0.00044295157,-0.00831202,0.00013082977,-0.116944425,0.04532756,0.12021357,5.5879354e-09,2.3283064e-10,-3.7252903e-09,1.0,-1.489095e-10,-8.781334e-10,-8.472538e-11,0.0,0.0,0.0,0.0,0.0,0.0,0.6576143,0.15050922,0.11005845,0.999987,-0.0029630216,0.0041323565,0.00016520955,0.00028625992,-0.00053583964,-0.00013453723,0.0048906635,0.0020527544,-0.00084288977,0.42317015,0.06962096,0.021051574,0.9999993,0.00094298634,-4.4908877e-05,-0.00058453146,0.0028274085,-0.0033257355,-0.031163383,-0.40307495,0.23090091,-1.6689023
0.0,0.0,0.0,0.0,0.0,0.0,-1.0,0.6576143,0.15050922,0.11005846,0.42317015,0.06962096,0.021051578,0.41906333,0.06877998,0.013369757,0.015393987,-0.9772386,-0.033613905,-0.2088972,-0.18478376,0.59458107,0.42965963,-2.72203,0.43311554,3.7524998,0.42798963,0.019651964,0.02152174,-0.0010922776,-0.0045766234,-5.011024e-05,0.00044295157,-0.00831202,0.00013082977,-0.116944425,0.04532756,0.12021357,0.0,0.0,0.0,0.0,0.0,0.0,0.0,0.0,-0.18478175,0.59457475,0.42962745,-2.722038,0.43306866,3.7524998,0.42799452,0.019644484,0.021529054,-0.0009860502,-0.0045366846,4.269962e-05,0.00043825258,-0.008353462,0.00015651324,-0.11667345,0.045386076,0.12002066,5.5879354e-09,2.3283064e-10,-3.7252903e-09,1.0,-1.489095e-10,-8.781334e-10,-8.472538e-11,0.0,0.0,0.0,0.0,0.0,0.0,0.657612,0.15051377,0.1100609,0.9999871,-0.0029829494,0.004123118,0.00016573351,0.00044863086,7.53997e-05,-0.00022096284,0.00014610704,0.004359523,0.0001245232,0.42317003,0.06962095,0.021051489,0.9999993,0.00094152,-4.616005e-05,-0.0005828626,0.00286325,-0.0033006864,-0.031135637,-0.40304452,0.23176524,-1.6688422
0.0,0.0,0.0,0.0,0.0,0.0,-1.0,0.657612,0.15051377,0.1100609,0.42317003,0.06962095,0.021051493,0.41906416,0.068771824,0.013370032,0.015390933,-0.97723776,-0.033623904,-0.20889926,-0.18478175,0.59457475,0.42962745,-2.722038,0.43306866,3.7524998,0.42799452,0.019644484,0.021529054,-0.0009860502,-0.0045366846,4.269962e-05,0.00043825258,-0.008353462,0.00015651324,-0.11667345,0.045386076,0.12002066,0.0,0.0,0.0,0.0,0.0,0.0,0.0,0.0,-0.18477723,0.59456956,0.42959815,-2.7220452,0.43302113,3.7524998,0.42800057,0.019639606,0.021533793,-0.00092891336,-0.0045459997,0.00011694101,0.0004791959,-0.008354324,0.00017355461,-0.11635667,0.045388985,0.11981864,5.5879354e-09,2.3283064e-10,-3.7252903e-09,1.0,-1.489095e-10,-8.781334e-10,-8.472538e-11,0.0,0.0,0.0,0.0,0.0,0.0,0.65761113,0.15052047,0.11006203,0.99998707,-0.003009522,0.004119832,0.00016711884,0.000793764,-0.002335521,-0.00069271366,0.020564798,0.006001049,-0.0021810292,0.42316997,0.06962096,0.02105136,0.9999993,0.0009405769,-4.7160378e-05,-0.0005804509,0.0028870078,-0.0032738196,-0.03112227,-0.40332082,0.23236667,-1.6689632
0.0,0.0,0.2,0.0,0.0,0.0,-1.0,0.65761113,0.15052047,0.11006203,0.42316997,0.06962096,0.021051364,0.4190647,0.068766415,0.013369854,0.015389532,-0.977237,-0.033635467,-0.2089012,-0.18477723,0.59456956,0.42959815,-2.7220452,0.43302113,3.7524998,0.42800057,0.019639606,0.021533793,-0.00092891336,-0.0045459997,0.00011694101,0.0004791959,-0.008354324,0.00017355461,-0.11635667,0.045388985,0.11981864,0.0,0.0,0.1,0.0,0.0,0.0,0.0,0.0,-0.19022252,0.5479233,0.43968534,-2.7475622,0.44973513,3.7121415,0.43200675,0.019584058,0.021482801,-0.12759127,-1.7598464,0.33864045,-0.77010316,0.45899191,-1.1326494,-0.020220563,0.0531854,0.12802765,5.5879354e-09,2.3283064e-10,-3.7252903e-09,1.0,-1.489095e-10,-8.781334e-10,-8.472538e-11,0.0,0.0,0.0,0.0,0.0,0.0,0.6576143,0.15050918,0.11005847,0.999987,-0.0029626759,0.004132406,0.00016525999,0.00028696688,-0.0005431673,-0.00013903916,0.0049609784,0.0020712656,-0.00083841855,0.41748118,0.06788471,0.028459065,0.9999425,0.0037175436,0.010020554,0.0007996414,-0.06508979,-0.047617476,0.3821616,-2.9959772,1.19488,-5.866318
0.0,0.0,0.2,0.0,0.0,0.0,-1.0,0.6576143,0.15050918,0.11005847,0.41748118,0.06788471,0.028459068,0.4131087,0.06716503,0.021002736,0.015825257,-0.97930735,-0.031059101,-0.1993536,-0.19022252,0.5479233,0.43968534,-2.7475622,0.44973513,3.7121415,0.43200675,0.019584058,0.021482801,-0.12759127,-1.7598464,0.33864045,-0.77010316,0.45899191,-1.1326494,-0.020220563,0.0531854,0.12802765,0.0,0.0,0.1,0.0,0.0,0.0,0.0,0.0,-0.19466628,0.48402372,0.45238584,-2.7722266,0.46577862,3.6697748,0.43660483,0.019618118,0.021431388,-0.1044873,-1.892229,0.37030035,-0.65315056,0.42870438,-1.1898223,0.008657448,0.05118447,0.1264758,5.5879354e-09,2.3283064e-10,-3.7252903e-09,1.0,-1.489095e-10,-8.781334e-10,-8.472538e-11,0.0,0.0,0.0,0.0,0.0,0.0,0.657612,0.15051383,0.110060826,0.99998707,-0.0029831748,0.0041233185,0.00016572667,0.00044879655,7.6416356e-05,-0.00021892138,0.00012975598,0.004360564,0.0001225196,0.41608402,0.067030266,0.04248556,0.9999345,0.0033685635,0.0109349545,0.00021460644,-0.010473425,-0.021359961,0.4313977,-2.8885014,0.814601,-5.880135
0.0,0.0,0.2,0.0,0.0,0.0,-1.0,0.657612,0.15051383,0.110060826,0.41608402,0.067030266,0.042485565,0.41174427,0.06634211,0.035052355,0.0154889375,-0.97967273,-0.030308008,-0.19769363,-0.19466628,0.48402372,0.45238584,-2.7722266,0.46577862,3.6697748,0.43660483,0.019618118,0.021431388,-0.1044873,-1.892229,0.37030035,-0.65315056,0.42870438,-1.1898223,0.008657448,0.05118447,0.1264758,0.0,0.0,0.1,0.0,0.0,0.0,0.0,0.0,-0.19847712,0.41691855,0.46525744,-2.7941787,0.48108876,3.6238,0.4416808,0.019634321,0.021406299,-0.091548525,-1.9582494,0.36434293,-0.595354,0.40770847,-1.2888544,0.022377476,0.051104367,0.12691183,5.5879354e-09,2.3283064e-10,-3.7252903e-09,1.0,-1.489095e-10,-8.781334e-10,-8.472538e-11,0.0,0.0,0.0,0.0,0.0,0.0,0.6576112,0.15052046,0.11006203,0.99998695,-0.0030093521,0.004120131,0.00016706684,0.00079366827,-0.0023334748,-0.00069288316,0.02054345,0.006000458,-0.002180401,0.4155947,0.06664208,0.057287734,0.9999294,0.0032532904,0.0114214625,-0.00018846318,-0.0053063426,-0.014884774,0.4388917,-2.9007,0.79238915,-5.871258
0.0,0.0,0.2,0.0,0.0,0.0,-1.0,0.6576112,0.15052046,0.11006203,0.4155947,0.06664208,0.057287738,0.411253,0.0659696,0.049857166,0.015297189,-0.9797856,-0.029919326,-0.19720797,-0.19847712,0.41691855,0.46525744,-2.7941787,0.48108876,3.6238,0.4416808,0.019634321,0.021406299,-0.091548525,-1.9582494,0.36434293,-0.595354,0.40770847,-1.2888544,0.022377476,0.051104367,0.12691183,0.0,0.0,0.1,0.0,0.0,0.0,0.0,0.0,-0.20184085,0.34784698,0.47755414,-2.8140845,0.4955567,3.5740569,0.44718188,0.019651005,0.0213795,-0.079056345,-2.0087454,0.34354588,-0.5375962,0.3833479,-1.3922263,0.033229068,0.051174287,0.12717094,5.5879354e-09,2.3283064e-10,-3.7252903e-09,1.0,-1.489095e-10,-8.781334e-10,-8.472538e-11,0.0,0.0,0.0,0.0,0.0,0.0,0.6576143,0.15050922,0.1100584,0.9999871,-0.0029628936,0.0041325265,0.00016512432,0.00028721086,-0.000550636,-0.00014117718,0.0050168545,0.0020947158,-0.00083270593,0.4152127,0.06636653,0.0722025,0.99992573,0.0031652309,0.011749773,-0.0005098671,-0.0045849932,-0.0128328875,0.44073775,-2.9087462,0.78713036,-5.8755937
0.0,0.0,0.2,0.0,0.0,0.0,-1.0,0.6576143,0.15050922,0.1100584,0.4152127,0.06636653,0.0722025,0.41086593,0.065712996,0.06477511,0.01515016,-0.9798628,-0.02962713,-0.1968794,-0.20184085,0.34784698,0.47755414,-2.8140845,0.4955567,3.5740569,0.44718188,0.019651005,0.0213795,-0.079056345,-2.0087454,0.34354588,-0.5375962,0.3833479,-1.3922263,0.033229068,0.051174287,0.12717094,0.0,0.0,0.1,0.0,0.0,0.0,0.0,0.0,-0.2047118,0.27717748,0.488831,-2.8319001,0.50898606,3.5206428,0.45303214,0.019672334,0.02134671,-0.063427985,-2.050723,0.31074014,-0.47677353,0.353933,-1.4920914,0.04114759,0.051260523,0.12746142,5.5879354e-09,2.3283064e-10,-3.7252903e-09,1.0,-1.489095e-10,-8.781334e-10,-8.472538e-11,0.0,0.0,0.0,0.0,0.0,0.0,0.657612,0.1505138,0.11006083,0.99998707,-0.0029833992,0.004123048,0.00016588402,0.00044987412,7.5569435e-05,-0.00021950812,0.0001414936,0.0043716393,0.00012332074,0.41485578,0.066128105,0.08715389,0.99992234,0.003097904,0.012038253,-0.00080937595,-0.00430376,-0.0116781555,0.44206423,-2.9164217,0.78563786,-5.8831935
0.0,0.0,0.2,0.0,0.0,0.0,-1.0,0.657612,0.1505138,0.11006084,0.41485578,0.066128105,0.0871539,0.4105032,0.06549884,0.079727516,0.015026718,-0.97993124,-0.029358178,-0.19658841,-0.2047118,0.27717748,0.488831,-2.8319001,0.50898606,3.5206428,0.45303214,0.019672334,0.02134671,-0.063427985,-2.050723,0.31074014,-0.47677353,0.353933,-1.4920914,0.04114759,0.051260523,0.12746142,0.0,0.0,0.1,0.0,0.0,0.0,0.0,0.0,-0.20687346,0.20569588,0.49861503,-2.8474598,0.52126354,3.4637878,0.45904768,0.019697553,0.02130803,-0.039786264,-2.0775282,0.2630764,-0.4151166,0.32352504,-1.5860653,0.042354032,0.05154867,0.12756452,5.5879354e-09,2.3283064e-10,-3.7252903e-09,1.0,-1.489095e-10,-8.781334e-10,-8.472538e-11,0.0,0.0,0.0,0.0,0.0,0.0,0.6576102,0.15052074,0.110062405,0.999987,-0.003009875,0.004116281,0.0001674614,0.0013935198,-0.0020113352,-0.0009987657,0.017273987,0.011300971,-0.0024198259,0.414441,0.06594488,0.1019798,0.99991643,0.0031132668,0.012495746,-0.0010895906,-0.006339105,-0.010928073,0.44112325,-2.923137,0.79224783,-5.8920507
0.0,0.0,0.2,0.0,0.0,0.0,-1.0,0.6576102,0.15052074,0.110062405,0.414441,0.06594488,0.10197981,0.41007644,0.06534365,0.094552696,0.014982328,-0.9800302,-0.029088363,-0.19613832,-0.20687346,0.20569588,0.49861503,-2.8474598,0.52126354,3.4637878,0.45904768,0.019697553,0.02130803,-0.039786264,-2.0775282,0.2630764,-0.4151166,0.32352504,-1.5860653,0.042354032,0.05154867,0.12756452,0.0,0.0,0.1,0.0,0.0,0.0,0.0,0.0,-0.20777279,0.13397104,0.50618786,-2.8606668,0.532642,3.4038236,0.46475455,0.01972722,0.021262733,0.0034215664,-2.090135,0.19206986,-0.34934792,0.30521888,-1.6700727,0.026274644,0.051889516,0.1276768,5.5879354e-09,2.3283064e-10,-3.7252903e-09,1.0,-1.489095e-10,-8.781334e-10,-8.472538e-11,0.0,0.0,0.0,0.0,0.0,0.0,0.65761435,0.1505089,0.11005832,0.999987,-0.0029619627,0.004132405,0.00016520909,0.0002517426,-0.0005827361,-0.00018895723,0.005515992,0.0018607373,-0.0006928821,0.41392332,0.065812744,0.11662219,0.99990666,0.0032226432,0.0132064875,-0.0013454884,-0.0084551675,-0.010237755,0.44000334,-2.9322526,0.80429834,-5.89931
0.0,0.0,0.2,0.0,0.0,0.0,-1.0,0.65761435,0.1505089,0.11005832,0.41392332,0.065812744,0.116622195,0.40954238,0.065245524,0.10919538,0.015038207,-0.98017573,-0.028816923,-0.19544561,-0.20777279,0.13397104,0.50618786,-2.8606668,0.532642,3.4038236,0.46475455,0.01972722,0.021262733,0.0034215664,-2.090135,0.19206986,-0.34934792,0.30521888,-1.6700727,0.026274644,0.051889516,0.1276768,0.0,0.0,0.1,0.0,0.0,0.0,0.0,0.0,-0.20558235,0.06226535,0.50984126,-2.8713126,0.5448974,3.341177,0.4684601,0.01976269,0.021209791,0.11749875,-2.0869184,0.05846937,-0.2715927,0.35957313,-1.740717,-0.05540593,0.05218409,0.12787393,5.5879354e-09,2.3283064e-10,-3.7252903e-09,1.0,-1.489095e-10,-8.781334e-10,-8.472538e-11,0.0,0.0,0.0,0.0,0.0,0.0,0.657612,0.15051381,0.11006083,0.9999871,-0.002983143,0.004123279,0.00016579949,0.00044937432,7.597107e-05,-0.00022097961,0.00014069339,0.0043664435,0.0001247218,0.41334844,0.06569044,0.13120367,0.9998946,0.0034265027,0.014013232,-0.0015964055,-0.009094016,-0.009466434,0.4409837,-2.9390342,0.80978924,-5.907685
0.0,0.0,0.2,0.0,0.0,0.0,-1.0,0.657612,0.15051381,0.11006084,0.41334844,0.06569044,0.13120367,0.40895084,0.065167725,0.123775706,0.015194237,-0.9803401,-0.028529167,-0.19464928,-0.20558235,0.06226535,0.50984126,-2.8713126,0.5448974,3.341177,0.4684601,0.01976269,0.021209791,0.11749875,-2.0869184,0.05846937,-0.2715927,0.35957313,-1.740717,-0.05540593,0.05218409,0.12787393,0.0,0.0,0.1,0.0,0.0,0.0,0.0,0.0,-0.18991311,-0.008841317,0.5016471,-2.878317,0.57293636,3.276327,0.45768094,0.019797673,0.021157544,0.6718475,-2.0429592,-0.39848155,-0.13646218,1.0786036,-1.7961757,-0.68623716,0.053483326,0.12707198,5.5879354e-09,2.3283064e-10,-3.7252903e-09,1.0,-1.489095e-10,-8.781334e-10,-8.472538e-11,0.0,0.0,0.0,0.0,0.0,0.0,0.65761113,0.15052044,0.11006203,0.999987,-0.003009333,0.004120054,0.00016701235,0.0007946046,-0.002335772,-0.0006934792,0.0205647,0.006007988,-0.0021825228,0.41265196,0.06534413,0.14591062,0.99988264,0.0039377627,0.0146706235,-0.001945312,-0.012386717,-0.016029848,0.44465062,-2.9156682,0.8026462,-5.9298167
0.0,0.0,0.2,0.0,0.0,0.0,-1.0,0.65761113,0.15052044,0.11006203,0.41265196,0.06534413,0.14591062,0.40824524,0.06491351,0.13848525,0.015691921,-0.9804716,-0.028085724,-0.19401099,-0.18991311,-0.008841317,0.5016471,-2.878317,0.57293636,3.276327,0.45768094,0.019797673,0.021157544,0.6718475,-2.0429592,-0.39848155,-0.13646218,1.0786036,-1.7961757,-0.68623716,0.053483326,0.12707198,0.0,0.0,0.1,0.0,0.0,0.0,0.0,0.0,-0.22940235,-0.080932975,0.5412566,-2.8863409,0.56708866,3.21105,0.47162923,0.019859644,0.02108242,-1.2932655,-2.1261165,1.146481,-0.26674825,-0.9193906,-1.8253218,0.8744466,0.04149757,0.13956775,5.5879354e-09,2.3283064e-10,-3.7252903e-09,1.0,-1.489095e-10,-8.781334e-10,-8.472538e-11,0.0,0.0,0.0,0.0,0.0,0.0,0.6576143,0.1505092,0.11005842,0.99998707,-0.0029627478,0.0041325325,0.00016524213,0.00028948675,-0.0005643393,-0.00014863745,0.005145132,0.002137039,-0.00082614884,0.41198978,0.06553002,0.1605823,0.99988246,0.0038818961,0.014801916,-0.00086767314,-0.014070507,0.0077017825,0.43125546,-3.0590847,0.9958571,-5.7802505
0.0,0.0,0.2,0.0,0.0,0.0,-1.0,0.6576143,0.1505092,0.11005843,0.41198978,0.06553002,0.1605823,0.40753147,0.06504251,0.1531941,0.015654966,-0.9805022,-0.028949052,-0.1937324,-0.22940235,-0.080932975,0.5412566,-2.8863409,0.56708866,3.21105,0.47162923,0.019859644,0.02108242,-1.2932655,-2.1261165,1.146481,-0.26674825,-0.9193906,-1.8253218,0.8744466,0.04149757,0.13956775,0.0,0.0,0.1,0.0,0.0,0.0,0.0,0.0,-0.23790619,-0.15191977,0.5477777,-2.8912275,0.56252265,3.143209,0.48409134,0.019864889,0.021064881,-0.14262673,-2.0265749,0.101289585,-0.07714477,-0.091096364,-1.8708438,0.17469493,0.05857044,0.122544415,5.5879354e-09,2.3283064e-10,-3.7252903e-09,1.0,-1.489095e-10,-8.781334e-10,-8.472538e-11,0.0,0.0,0.0,0.0,0.0,0.0,0.65761197,0.15051384,0.11006082,0.999987,-0.0029833568,0.004123239,0.00016575561,0.00044900525,7.70684e-05,-0.00021774512,0.00012009396,0.0043624104,0.00012186664,0.41118202,0.065082915,0.1752203,0.9998682,0.003238305,0.015839962,-0.0014211627,-0.01070457,-0.019365333,0.44580725,-2.979952,0.61248016,-6.012835
0.0,0.0,0.2,0.0,0.0,0.0,-1.0,0.65761197,0.15051384,0.110060826,0.41118202,0.065082915,0.1752203,0.40677288,0.0647116,0.16783988,0.015335649,-0.9806701,-0.028744444,-0.1929375,-0.23790619,-0.15191977,0.5477777,-2.8912275,0.56252265,3.143209,0.48409134,0.019864889,0.021064881,-0.14262673,-2.0265749,0.101289585,-0.07714477,-0.091096364,-1.8708438,0.17469493,0.05857044,0.122544415,0.0,0.0,0.1,0.0,0.0,0.0,0.0,0.0,-0.24161619,-0.22105058,0.5484187,-2.8924627,0.5590055,3.0750594,0.49384457,0.019912828,0.021009456,-0.07894903,-1.9608814,-0.0070644813,0.0097686555,-0.11532919,-1.8680241,0.13393223,0.050156657,0.12891977,5.5879354e-09,2.3283064e-10,-3.7252903e-09,1.0,-1.489095e-10,-8.781334e-10,-8.472538e-11,0.0,0.0,0.0,0.0,0.0,0.0,0.6576112,0.15052046,0.11006205,0.999987,-0.0030092858,0.004120001,0.00016704007,0.00079728244,-0.0023375445,-0.0006958031,0.020574953,0.006029098,-0.0021867608,0.41080147,0.06500086,0.19040297,0.9998678,0.0031979417,0.01586471,-0.0015611759,-0.007299643,-0.0019081696,0.4521229,-2.975138,0.80218244,-5.859752
0.0,0.0,0.2,0.0,0.0,0.0,-1.0,0.6576112,0.15052046,0.11006205,0.41080147,0.06500086,0.19040297,0.4063803,0.06464397,0.18297395,-0.01516892,0.9807119,0.028657764,0.19275087,-0.24161619,-0.22105058,0.5484187,-2.8924627,0.5590055,3.0750594,0.49384457,0.019912828,0.021009456,-0.07894903,-1.9608814,-0.0070644813,0.0097686555,-0.11532919,-1.8680241,0.13393223,0.050156657,0.12891977,0.0,0.0,0.1,0.0,0.0,0.0,0.0,0.0,-0.24442182,-0.2872992,0.54638916,-2.8907864,0.55364895,3.0072827,0.50303644,0.019936472,0.02097894,-0.06555629,-1.8698865,-0.076608956,0.09083252,-0.16706562,-1.8519318,0.11824417,0.049544465,0.12962188,5.5879354e-09,2.3283064e-10,-3.7252903e-09,1.0,-1.489095e-10,-8.781334e-10,-8.472538e-11,0.0,0.0,0.0,0.0,0.0,0.0,0.6576143,0.15050918,0.1100583,0.99998707,-0.0029624067,0.0041326806,0.00016525842,0.0002935142,-0.00059189135,-0.00016131936,0.0053865924,0.0022260519,-0.00081244437,0.41045457,0.06508658,0.20566973,0.9998678,0.0030566782,0.015899438,-0.0014658668,-0.0075771916,0.0018063122,0.45440796,-2.97714,0.8042869,-5.8506675
0.0,0.0,0.2,0.0,0.0,0.0,-1.0,0.6576143,0.15050918,0.11005831,0.41045457,0.06508658,0.20566973,0.4060324,0.06474321,0.19822657,-0.015032008,0.9807218,0.028766721,0.19269493,-0.24442182,-0.2872992,0.54638916,-2.8907864,0.55364895,3.0072827,0.50303644,0.019936472,0.02097894,-0.06555629,-1.8698865,-0.076608956,0.09083252,-0.16706562,-1.8519318,0.11824417,0.049544465,0.12962188,0.0,0.0,0.1,0.0,0.0,0.0,0.0,0.0,-0.24708778,-0.35000232,0.5422371,-2.8863192,0.54636973,2.9404407,0.5118268,0.019952355,0.02095818,-0.06746613,-1.762912,-0.13420223,0.17054723,-0.21728562,-1.8212173,0.10480301,0.04934794,0.1298426,5.5879354e-09,2.3283064e-10,-3.7252903e-09,1.0,-1.489095e-10,-8.781334e-10,-8.472538e-11,0.0,0.0,0.0,0.0,0.0,0.0,0.657612,0.1505138,0.11006083,0.9999871,-0.002983093,0.004123232,0.00016578277,0.0004497564,7.5290445e-05,-0.00022109137,0.00014779638,0.0043701674,0.00012447037,0.41010344,0.06523067,0.22096924,0.99986845,0.0028820245,0.015901772,-0.001306978,-0.007984788,0.0024469178,0.45569608,-2.9793382,0.80535793,-5.8457794
0.0,0.0,0.2,0.0,0.0,0.0,-1.0,0.657612,0.1505138,0.11006084,0.41010344,0.06523067,0.22096924,0.40568054,0.06489812,0.21351606,-0.0148925185,0.9807231,0.028952152,0.19267121,-0.24708778,-0.35000232,0.5422371,-2.8863192,0.54636973,2.9404407,0.5118268,0.019952355,0.02095818,-0.06746613,-1.762912,-0.13420223,0.17054723,-0.21728562,-1.8212173,0.10480301,0.04934794,0.1298426,0.0,0.0,0.1,0.0,0.0,0.0,0.0,0.0,-0.24991786,-0.40868986,0.53628415,-2.8791063,0.5373901,2.8749955,0.52019674,0.01996311,0.020944983,-0.0753355,-1.6441009,-0.18306653,0.24887851,-0.26033485,-1.7785575,0.09070897,0.04927852,0.12987225,5.5879354e-09,2.3283064e-10,-3.7252903e-09,1.0,-1.489095e-10,-8.781334e-10,-8.472538e-11,0.0,0.0,0.0,0.0,0.0,0.0,0.65761024,0.15052071,0.11006239,0.99998695,-0.0030097656,0.0041163843,0.00016747841,0.0013947617,-0.0020105315,-0.0010002378,0.017262787,0.0113092335,-0.0024216906,0.40974605,0.06538112,0.2362838,0.9998693,0.0026907786,0.015897034,-0.0011425093,-0.008411456,0.0019840356,0.4565571,-2.9801881,0.8056774,-5.8423314
0.0,0.0,0.2,0.0,0.0,0.0,-1.0,0.65761024,0.15052071,0.11006239,0.40974605,0.06538112,0.2362838,0.40532273,0.0650562,0.22882277,-0.014741778,0.98072153,0.029149488,0.19266056,-0.24991786,-0.40868986,0.53628415,-2.8791063,0.5373901,2.8749955,0.52019674,0.01996311,0.020944983,-0.0753355,-1.6441009,-0.18306653,0.24887851,-0.26033485,-1.7785575,0.09070897,0.04927852,0.12987225,0.0,0.0,0.1,0.0,0.0,0.0,0.0,0.0,-0.2530464,-0.46302685,0.5288286,-2.869205,0.5270117,2.8113017,0.52810884,0.019968515,0.020940006,-0.08573158,-1.5171766,-0.2235871,0.32522896,-0.2947296,-1.7269295,0.075897515,0.049234036,0.12979087,5.5879354e-09,2.3283064e-10,-3.7252903e-09,1.0,-1.489095e-10,-8.781334e-10,-8.472538e-11,0.0,0.0,0.0,0.0,0.0,0.0,0.65761435,0.15050888,0.11005831,0.99998707,-0.0029618028,0.004132346,0.00016528016,0.00025273982,-0.0005959005,-0.00020061404,0.005649012,0.0018991006,-0.0006777993,0.4093838,0.0655216,0.25160325,0.9998701,0.0024909119,0.01589168,-0.0009918077,-0.00884954,0.0011811759,0.45708296,-2.9794629,0.80543673,-5.8380427
0.0,0.0,0.2,0.0,0.0,0.0,-1.0,0.65761435,0.15050888,0.11005831,0.4093838,0.0655216,0.25160325,0.40495986,0.065199815,0.24413544,-0.01458016,0.9807198,0.02933456,0.1926538,-0.2530464,-0.46302685,0.5288286,-2.869205,0.5270117,2.8113017,0.52810884,0.019968515,0.020940006,-0.08573158,-1.5171766,-0.2235871,0.32522896,-0.2947296,-1.7269295,0.075897515,0.049234036,0.12979087,0.0,0.0,0.1,0.0,0.0,0.0,0.0,0.0,-0.2565314,-0.5128066,0.5201608,-2.8566978,0.51555145,2.7496085,0.5355398,0.019967595,0.020944377,-0.09706575,-1.385703,-0.25604415,0.3989821,-0.3204131,-1.6692364,0.060908586,0.049219787,0.12959607,5.5879354e-09,2.3283064e-10,-3.7252903e-09,1.0,-1.489095e-10,-8.781334e-10,-8.472538e-11,0.0,0.0,0.0,0.0,0.0,0.0,0.657612,0.15051381,0.110060856,0.99998707,-0.0029834178,0.0041232826,0.00016587635,0.0004507374,7.598696e-05,-0.00021871463,0.00013507296,0.0043796324,0.00012239169,0.40901747,0.0656495,0.2669174,0.9998706,0.0022894521,0.015895147,-0.00086136244,-0.009265418,0.00023600645,0.4573019,-2.9771965,0.80536264,-5.8320813
0.0,0.0,0.2,0.0,0.0,0.0,-1.0,0.657612,0.15051381,0.110060856,0.40901747,0.0656495,0.2669174,0.40459162,0.065323964,0.25944394,-0.014411598,0.9807198,0.029499263,0.19264162,-0.2565314,-0.5128066,0.5201608,-2.8566978,0.51555145,2.7496085,0.5355398,0.019967595,0.020944377,-0.09706575,-1.385703,-0.25604415,0.3989821,-0.3204131,-1.6692364,0.060908586,0.049219787,0.12959607,0.0,0.0,0.1,0.0,0.0,0.0,0.0,0.0,-0.26038718,-0.5579385,0.5105548,-2.8416793,0.5033119,2.6900697,0.5424864,0.019959817,0.020958642,-0.10832599,-1.2528465,-0.28097367,0.46961164,-0.3379883,-1.6080418,0.046340227,0.049214378,0.12930222,5.5879354e-09,2.3283064e-10,-3.7252903e-09,1.0,-1.489095e-10,-8.781334e-10,-8.472538e-11,0.0,0.0,0.0,0.0,0.0,0.0,0.6576102,0.15052073,0.11006238,0.99998695,-0.0030098925,0.0041164747,0.00016745996,0.0013939403,-0.0020118318,-0.0009988267,0.017278787,0.011305697,-0.0024201947,0.4086492,0.06576443,0.28221968,0.9998709,0.0020920916,0.015913099,-0.00075410807,-0.00964722,-0.0007714797,0.4572698,-2.9731805,0.8045578,-5.8247085
0.0,0.0,0.0,0.0,0.0,0.0,-1.0,0.6576102,0.15052073,0.11006239,0.4086492,0.06576443,0.28221968,0.40422195,0.06542805,0.27474323,-0.014240384,0.9807222,0.029640734,0.19262049,-0.26038718,-0.5579385,0.5105548,-2.8416793,0.5033119,2.6900697,0.5424864,0.019959817,0.020958642,-0.10832599,-1.2528465,-0.28097367,0.46961164,-0.3379883,-1.6080418,0.046340227,0.049214378,0.12930222,0.0,0.0,0.0,0.0,0.0,0.0,0.0,0.0,-0.25865746,-0.57021403,0.5088353,-2.834698,0.5021779,2.6908808,0.5425029,0.01996218,0.020967502,0.06109517,-0.100874536,0.0010734522,0.053949833,0.011368031,0.028920794,-0.14331214,0.05044823,0.12801814,5.5879354e-09,2.3283064e-10,-3.7252903e-09,1.0,-1.489095e-10,-8.781334e-10,-8.472538e-11,0.0,0.0,0.0,0.0,0.0,0.0,0.65761435,0.15050891,0.11005839,0.999987,-0.0029620766,0.004132447,0.00016513703,0.00025035307,-0.00053676486,-0.00018098005,0.005102799,0.0017902381,-0.00070953707,0.41176015,0.06711592,0.29051608,0.99997926,0.0011419811,0.006290887,0.0007721522,0.0055757137,0.027423546,0.059820138,-2.9228826,0.76640826,-5.823042
0.0,0.0,0.0,0.0,0.0,0.0,-1.0,0.65761435,0.15050891,0.1100584,0.41176015,0.06711592,0.29051608,0.4073699,0.06671794,0.28294533,-0.013231441,0.9787725,0.03132063,0.20210972,-0.25865746,-0.57021403,0.5088353,-2.834698,0.5021779,2.6908808,0.5425029,0.01996218,0.020967502,0.06109517,-0.100874536,0.0010734522,0.053949833,0.011368031,0.028920794,-0.14331214,0.05044823,0.12801814,0.0,0.0,0.0,0.0,0.0,0.0,0.0,0.0,-0.2578108,-0.5712983,0.5091838,-2.8340337,0.5021156,2.6908884,0.5425094,0.019918852,0.021002382,0.012293239,-0.00689264,0.005302001,0.00046260556,0.017467415,0.015017728,-0.14253758,0.050809104,0.12913482,5.5879354e-09,2.3283064e-10,-3.7252903e-09,1.0,-1.489095e-10,-8.781334e-10,-8.472538e-11,0.0,0.0,0.0,0.0,0.0,0.0,0.657612,0.15051381,0.11006084,0.99998707,-0.0029832213,0.004123252,0.00016580682,0.00044857862,7.759419e-05,-0.00021775071,0.000114071976,0.0043578874,0.000121723206,0.4119715,0.067716755,0.2911922,0.99998325,0.0009956897,0.0055151735,0.0014183933,-0.00969494,-0.0013923552,0.0024524485,-2.830511,0.86165154,-5.9223714
0.0,0.0,0.0,0.0,0.0,0.0,-1.0,0.657612,0.15051381,0.11006084,0.4119715,0.067716755,0.2911922,0.4075678,0.06728748,0.2836409,-0.013151914,0.9785881,0.03203097,0.20289467,-0.2578108,-0.5712983,0.5091838,-2.8340337,0.5021156,2.6908884,0.5425094,0.019918852,0.021002382,0.012293239,-0.00689264,0.005302001,0.00046260556,0.017467415,0.015017728,-0.14253758,0.050809104,0.12913482,0.0,0.0,0.0,0.0,0.0,0.0,0.0,0.0,-0.2576442,-0.57113683,0.50936615,-2.8343198,0.5022868,2.6907785,0.54252243,0.019916702,0.02100426,0.0022156881,0.006399637,0.0030763978,-0.006395255,0.018301118,0.013563465,-0.14260739,0.051197216,0.12894313,5.5879354e-09,2.3283064e-10,-3.7252903e-09,1.0,-1.489095e-10,-8.781334e-10,-8.472538e-11,0.0,0.0,0.0,0.0,0.0,0.0,0.6576112,0.15052044,0.110061996,0.99998695,-0.003009365,0.0041200547,0.00016701265,0.00079337857,-0.0023322243,-0.00069337024,0.020528998,0.0059953234,-0.0021809156,0.41183355,0.06779255,0.2909567,0.9999814,0.0010280334,0.0058242385,0.0014525953,-0.0113123,-0.007848493,-0.0051062447,-2.8242836,0.8813884,-5.938657
0.0,0.2,0.0,0.0,0.0,0.0,-1.0,0.6576112,0.15052044,0.110062,0.41183355,0.06779255,0.2909567,0.40742433,0.06736623,0.28340924,-0.013196781,0.97864187,0.032086864,0.20262386,-0.2576442,-0.57113683,0.50936615,-2.8343198,0.5022868,2.6907785,0.54252243,0.019916702,0.02100426,0.0022156881,0.006399637,0.0030763978,-0.006395255,0.018301118,0.013563465,-0.14260739,0.051197216,0.12894313,0.0,0.1,0.0,0.0,0.0,0.0,0.0,0.0,-0.26078,-0.56824434,0.537596,-2.828428,0.5034769,2.691437,0.58338755,0.020273602,0.020662135,0.11980851,0.0888944,0.9721596,0.21592578,0.041945368,0.024665123,0.98349833,0.04759928,0.1340558,5.5879354e-09,2.3283064e-10,-3.7252903e-09,1.0,-1.489095e-10,-8.781334e-10,-8.472538e-11,0.0,0.0,0.0,0.0,0.0,0.0,0.65761423,0.15050916,0.1100584,0.999987,-0.0029625404,0.004132366,0.00016519814,0.0002873709,-0.00055711844,-0.00014334425,0.0050787986,0.002103003,-0.0008302479,0.41212863,0.076196395,0.29010764,0.99994504,0.0031983708,0.0070637455,-0.007046359,-0.01548847,0.39837143,-0.021475999,-2.7898633,0.99749106,-6.033857
0.0,0.2,0.0,0.0,0.0,0.0,-1.0,0.65761423,0.15050916,0.1100584,0.41212863,0.076196395,0.29010764,0.40768138,0.076252885,0.28259122,-0.0135798305,0.9790388,0.02376619,0.20182645,-0.26078,-0.56824434,0.537596,-2.828428,0.5034769,2.691437,0.58338755,0.020273602,0.020662135,0.11980851,0.0888944,0.9721596,0.21592578,0.041945368,0.024665123,0.98349833,0.04759928,0.1340558,0.0,0.1,0.0,0.0,0.0,0.0,0.0,0.0,-0.25716573,-0.5648439,0.57301515,-2.819703,0.50368005,2.691477,0.6242389,0.020142442,0.020774024,0.14062135,0.097411044,1.0260408,0.27417755,0.007332647,0.014749813,0.98629016,0.04427685,0.13540712,5.5879354e-09,2.3283064e-10,-3.7252903e-09,1.0,-1.489095e-10,-8.781334e-10,-8.472538e-11,0.0,0.0,0.0,0.0,0.0,0.0,0.657612,0.15051383,0.11006082,0.99998707,-0.002983273,0.0041234056,0.00016577472,0.00044856078,7.682148e-05,-0.00022060428,0.00013032398,0.0043582963,0.00012418296,0.41171655,0.091035485,0.2894402,0.9999379,0.0034380474,0.0074975006,-0.007490293,-0.0228663,0.44520497,-0.010606621,-2.8303246,0.95778245,-5.8614163
0.0,0.2,0.0,0.0,0.0,0.0,-1.0,0.657612,0.15051383,0.110060826,0.41171655,0.091035485,0.2894402,0.40733844,0.090919144,0.28194237,-0.013714075,0.9791979,0.02287051,0.20114768,-0.25716573,-0.5648439,0.57301515,-2.819703,0.50368005,2.691477,0.6242389,0.020142442,0.020774024,0.14062135,0.097411044,1.0260408,0.27417755,0.007332647,0.014749813,0.98629016,0.04427685,0.13540712,0.0,0.1,0.0,0.0,0.0,0.0,0.0,0.0,-0.2544483,-0.5605342,0.60951895,-2.8089561,0.50257057,2.6912587,0.6651634,0.020047337,0.020864332,0.09474353,0.13035926,1.043382,0.32802486,-0.029404355,0.008908441,0.9889005,0.045911077,0.13357148,5.5879354e-09,2.3283064e-10,-3.7252903e-09,1.0,-1.489095e-10,-8.781334e-10,-8.472538e-11,0.0,0.0,0.0,0.0,0.0,0.0,0.6576102,0.15052073,0.11006241,0.999987,-0.0030101016,0.004116195,0.0001674311,0.0013919235,-0.002005172,-0.0009980552,0.017217627,0.01128696,-0.0024150026,0.41133222,0.10644462,0.28899777,0.9999344,0.0035172014,0.007919251,-0.0074803787,-0.02377201,0.44974524,-0.007863908,-2.8406317,0.9489508,-5.837542
0.0,0.2,0.0,0.0,0.0,0.0,-1.0,0.6576102,0.15052073,0.11006242,0.41133222,0.10644462,0.28899777,0.4069621,0.1062254,0.28150448,-0.01379396,0.979287,0.02281496,0.20071433,-0.2544483,-0.5605342,0.60951895,-2.8089561,0.50257057,2.6912587,0.6651634,0.020047337,0.020864332,0.09474353,0.13035926,1.043382,0.32802486,-0.029404355,0.008908441,0.9889005,0.045911077,0.13357148,0.0,0.1,0.0,0.0,0.0,0.0,0.0,0.0,-0.25366184,-0.55503,0.64660364,-2.7963834,0.5000703,2.6907837,0.7061516,0.019998044,0.020911388,0.036570005,0.16485019,1.0577244,0.37834004,-0.06851008,0.0025783824,0.9907677,0.046920214,0.13254033,5.5879354e-09,2.3283064e-10,-3.7252903e-09,1.0,-1.489095e-10,-8.781334e-10,-8.472538e-11,0.0,0.0,0.0,0.0,0.0,0.0,0.65761435,0.1505089,0.11005838,0.99998707,-0.0029620414,0.0041324585,0.00016528566,0.0002500525,-0.00055636215,-0.00018534772,0.005283569,0.0018149605,-0.00069821783,0.41095558,0.121891856,0.28860253,0.9999317,0.0035758575,0.008309619,-0.0073947324,-0.024316112,0.44985887,-0.0072890017,-2.8452802,0.9481318,-5.8315525
0.0,0.2,0.0,0.0,0.0,0.0,-1.0,0.65761435,0.1505089,0.11005838,0.41095558,0.121891856,0.28860253,0.40658426,0.121620126,0.2811133,-0.013868898,0.97936285,0.022875339,0.20033196,-0.25366184,-0.55503,0.64660364,-2.7963834,0.5000703,2.6907837,0.7061516,0.019998044,0.020911388,0.036570005,0.16485019,1.0577244,0.37834004,-0.06851008,0.0025783824,0.9907677,0.046920214,0.13254033,0.0,0.1,0.0,0.0,0.0,0.0,0.0,0.0,-0.25506228,-0.54838103,0.68425506,-2.782082,0.49610567,2.6900287,0.74718934,0.019974228,0.020934112,-0.026548637,0.19671963,1.0729499,0.42659307,-0.10971216,-0.004470015,0.992258,0.047435205,0.13200885,5.5879354e-09,2.3283064e-10,-3.7252903e-09,1.0,-1.489095e-10,-8.781334e-10,-8.472538e-11,0.0,0.0,0.0,0.0,0.0,0.0,0.657612,0.15051377,0.110060886,0.9999871,-0.0029830672,0.0041232607,0.0001657314,0.00044906014,7.591501e-05,-0.00022033606,0.00013920247,0.0043633664,0.00012390329,0.41057736,0.13732602,0.28821528,0.9999289,0.0036320386,0.008698481,-0.0072949333,-0.024822943,0.44963905,-0.007067133,-2.8485482,0.9483516,-5.827692
0.0,0.2,0.0,0.0,0.0,0.0,-1.0,0.657612,0.15051377,0.110060886,0.41057736,0.13732602,0.28821528,0.40620267,0.13702713,0.2807293,-0.013945311,0.9794371,0.022954762,0.19995406,-0.25506228,-0.54838103,0.68425506,-2.782082,0.49610567,2.6900287,0.74718934,0.019974228,0.020934112,-0.026548637,0.19671963,1.0729499,0.42659307,-0.10971216,-0.004470015,0.992258,0.047435205,0.13200885,0.0,0.1,0.0,0.0,0.0,0.0,0.0,0.0,-0.2587909,-0.54069865,0.7225277,-2.7661197,0.49061385,2.6889656,0.788268,0.019962607,0.020945724,-0.09318362,0.22520714,1.0899019,0.4730431,-0.1525728,-0.012293315,0.99354714,0.047682982,0.13172841,5.5879354e-09,2.3283064e-10,-3.7252903e-09,1.0,-1.489095e-10,-8.781334e-10,-8.472538e-11,0.0,0.0,0.0,0.0,0.0,0.0,0.6576102,0.15052073,0.110062405,0.99998695,-0.0030097952,0.0041165682,0.0001674619,0.001393612,-0.002010958,-0.0009987019,0.01727077,0.011302675,-0.0024194866,0.41019556,0.15274775,0.28782937,0.999926,0.0036885426,0.009090803,-0.0071938615,-0.025312465,0.44947496,-0.00684511,-2.851075,0.94869256,-5.823716
0.0,0.0,0.0,0.0,0.0,0.0,-1.0,0.6576102,0.15052073,0.110062405,0.41019556,0.15274775,0.28782937,0.4058162,0.1524347,0.28034636,-0.01402396,0.97951204,0.023038864,0.19957143,-0.2587909,-0.54069865,0.7225277,-2.7661197,0.49061385,2.6889656,0.788268,0.019962607,0.020945724,-0.09318362,0.22520714,1.0899019,0.4730431,-0.1525728,-0.012293315,0.99354714,0.047682982,0.13172841,0.0,0.0,0.0,0.0,0.0,0.0,0.0,0.0,-0.250681,-0.54018116,0.7294907,-2.7631915,0.49056202,2.6888404,0.7881073,0.01961572,0.021284502,0.086561486,-0.035183705,0.051968373,0.0077504553,0.013285404,0.014653505,-0.14395238,0.050453942,0.12750606,5.5879354e-09,2.3283064e-10,-3.7252903e-09,1.0,-1.489095e-10,-8.781334e-10,-8.472538e-11,0.0,0.0,0.0,0.0,0.0,0.0,0.65761435,0.15050888,0.1100583,0.999987,-0.002961864,0.004132507,0.00016528556,0.00025161938,-0.00058333104,-0.00019120029,0.005526068,0.0018634568,-0.00068937085,0.40876096,0.15957443,0.28810623,0.9999614,0.0023242359,0.008431251,0.00079498434,-0.025082607,0.04629069,0.010872253,-2.911092,0.82383406,-5.7114244
0.0,0.0,0.0,0.0,0.0,0.0,-1.0,0.65761435,0.15050888,0.11005831,0.40876096,0.15957443,0.28810623,0.40435806,0.15883662,0.28058064,-0.014367044,0.9792218,0.030759215,0.19993055,-0.250681,-0.54018116,0.7294907,-2.7631915,0.49056202,2.6888404,0.7881073,0.01961572,0.021284502,0.086561486,-0.035183705,0.051968373,0.0077504553,0.013285404,0.014653505,-0.14395238,0.050453942,0.12750606,0.0,0.0,0.0,0.0,0.0,0.0,0.0,0.0,-0.24936093,-0.54045475,0.7304696,-2.7632234,0.49067798,2.6887298,0.7881055,0.01973989,0.02116755,0.014051907,0.0003172732,0.011457306,-0.003190238,0.016965045,0.01731588,-0.14139001,0.054939788,0.12494057,5.5879354e-09,2.3283064e-10,-3.7252903e-09,1.0,-1.489095e-10,-8.781334e-10,-8.472538e-11,0.0,0.0,0.0,0.0,0.0,0.0,0.657612,0.15051381,0.11006084,0.999987,-0.0029833957,0.004123283,0.00016580186,0.00045049388,7.5541204e-05,-0.0002184669,0.00013822354,0.004377102,0.00012194372,0.40843198,0.16025607,0.2880422,0.99995977,0.002114546,0.008586304,0.0014989343,-0.0122041525,-0.003319567,-0.0017694668,-2.8753035,0.8861845,-5.883675
0.2,0.0,0.0,0.0,0.0,0.0,-1.0,0.657612,0.15051381,0.11006084,0.40843198,0.16025607,0.2880422,0.40399504,0.15967116,0.2805163,-0.0143354535,0.9791933,0.031824455,0.19990571,-0.24936093,-0.54045475,0.7304696,-2.7632234,0.49067798,2.6887298,0.7881055,0.01973989,0.02116755,0.014051907,0.0003172732,0.011457306,-0.003190238,0.016965045,0.01731588,-0.14139001,0.054939788,0.12494057,0.1,0.0,0.0,0.0,0.0,0.0,0.0,0.0,-0.28363806,-0.49987265,0.75276613,-2.729952,0.46325743,2.705195,0.79134524,0.01983555,0.021066954,-1.1459118,1.443722,0.5599802,1.125038,-0.78735507,0.47643635,-0.030711569,0.051414363,0.12786786,5.5879354e-09,2.3283064e-10,-3.7252903e-09,1.0,-1.489095e-10,-8.781334e-10,-8.472538e-11,0.0,0.0,0.0,0.0,0.0,0.0,0.6576102,0.15052073,0.11006238,0.99998695,-0.0030100893,0.004116182,0.00016749009,0.0013927184,-0.002008575,-0.0009985791,0.017247846,0.011292957,-0.0024181146,0.42062148,0.16402102,0.2887801,0.99995446,-0.00064458785,0.0059766485,0.007402044,0.41387367,0.061211523,0.009638058,-2.8115826,0.77587306,-5.7198343
0.2,0.0,0.0,0.0,0.0,0.0,-1.0,0.6576102,0.15052073,0.11006239,0.42062148,0.16402102,0.2887801,0.41621637,0.16336416,0.2812406,-0.012620717,0.97855246,0.037894696,0.20208889,-0.28363806,-0.49987265,0.75276613,-2.729952,0.46325743,2.705195,0.79134524,0.01983555,0.021066954,-1.1459118,1.443722,0.5599802,1.125038,-0.78735507,0.47643635,-0.030711569,0.051414363,0.12786786,0.1,0.0,0.0,0.0,0.0,0.0,0.0,0.0,-0.32705575,-0.45034903,0.7742172,-2.690973,0.43157694,2.719736,0.79804456,0.019825155,0.021078035,-1.2720156,1.4078683,0.58081365,1.0972623,-0.89847016,0.4081381,0.07644431,0.0545573,0.12582311,5.5879354e-09,2.3283064e-10,-3.7252903e-09,1.0,-1.489095e-10,-8.781334e-10,-8.472538e-11,0.0,0.0,0.0,0.0,0.0,0.0,0.65761435,0.15050885,0.11005833,0.999987,-0.0029618582,0.0041324324,0.00016522384,0.00025035933,-0.0005810718,-0.00019084127,0.0055090296,0.0018502738,-0.00068710884,0.43562078,0.16511795,0.28883672,0.9999449,-0.0002568208,0.0060311803,0.008579,0.42458126,-0.013619045,-0.0014970377,-2.7691102,0.81530005,-5.9233747
0.2,0.0,0.0,0.0,0.0,0.0,-1.0,0.65761435,0.15050885,0.11005834,0.43562078,0.16511795,0.28883672,0.4311767,0.16455853,0.2812805,-0.0131293535,0.97846013,0.039303243,0.20223396,-0.32705575,-0.45034903,0.7742172,-2.690973,0.43157694,2.719736,0.79804456,0.019825155,0.021078035,-1.2720156,1.4078683,0.58081365,1.0972623,-0.89847016,0.4081381,0.07644431,0.0545573,0.12582311,0.1,0.0,0.0,0.0,0.0,0.0,0.0,0.0,-0.37376973,-0.40159664,0.79805595,-2.6518788,0.39531785,2.7318506,0.80933017,0.019872474,0.021031458,-1.343061,1.3876654,0.66500384,1.1115235,-1.033162,0.34307066,0.20711732,0.05444794,0.12616646,5.5879354e-09,2.3283064e-10,-3.7252903e-09,1.0,-1.489095e-10,-8.781334e-10,-8.472538e-11,0.0,0.0,0.0,0.0,0.0,0.0,0.657612,0.15051383,0.11006085,0.999987,-0.0029834064,0.0041232575,0.0001658978,0.00045086467,7.395714e-05,-0.00022146762,0.00016340471,0.0043814178,0.00012469185,0.4507482,0.16526358,0.2886898,0.9999416,0.00017978331,0.006193739,0.0088524,0.42637154,-0.024464797,-0.0021700757,-2.7607079,0.82372195,-5.950628
0.2,0.0,0.0,0.0,0.0,0.0,-1.0,0.657612,0.15051383,0.110060856,0.4507482,0.16526358,0.2886898,0.44629925,0.16477042,0.281117,-0.013618007,0.9784696,0.039541453,0.20210925,-0.37376973,-0.40159664,0.79805595,-2.6518788,0.39531785,2.7318506,0.80933017,0.019872474,0.021031458,-1.343061,1.3876654,0.66500384,1.1115235,-1.033162,0.34307066,0.20711732,0.05444794,0.12616646,0.1,0.0,0.0,0.0,0.0,0.0,0.0,0.0,-0.42296955,-0.3533729,0.82524854,-2.6121998,0.35352495,2.7417312,0.82577854,0.019905608,0.020998234,-1.4101218,1.3758866,0.762807,1.1296492,-1.1951612,0.28267276,0.35497957,0.053669672,0.12690914,5.5879354e-09,2.3283064e-10,-3.7252903e-09,1.0,-1.489095e-10,-8.781334e-10,-8.472538e-11,0.0,0.0,0.0,0.0,0.0,0.0,0.6576102,0.15052071,0.11006238,0.99998695,-0.0030096534,0.0041166553,0.00016735178,0.0013929163,-0.002010758,-0.0009982242,0.017269889,0.011296554,-0.0024186494,0.46587753,0.1653017,0.28855664,0.99993914,0.00067764247,0.0063236,0.0090148095,0.42603734,-0.025077669,0.00039327354,-2.7568333,0.8251083,-5.9477983
0.2,0.0,0.0,0.0,0.0,0.0,-1.0,0.6576102,0.15052071,0.11006239,0.46587753,0.1653017,0.28855664,0.46142673,0.16484891,0.2809626,-0.01413399,0.9784868,0.039607167,0.20197809,-0.42296955,-0.3533729,0.82524854,-2.6121998,0.35352495,2.7417312,0.82577854,0.019905608,0.020998234,-1.4101218,1.3758866,0.762807,1.1296492,-1.1951612,0.28267276,0.35497957,0.053669672,0.12690914,0.1,0.0,0.0,0.0,0.0,0.0,0.0,0.0,-0.47471425,-0.30517545,0.85614175,-2.5718322,0.3049664,2.7494955,0.8481797,0.01992447,0.020979622,-1.4817703,1.3812245,0.86792463,1.1498348,-1.3941555,0.2250184,0.52679193,0.05295725,0.12751207,5.5879354e-09,2.3283064e-10,-3.7252903e-09,1.0,-1.489095e-10,-8.781334e-10,-8.472538e-11,0.0,0.0,0.0,0.0,0.0,0.0,0.65761435,0.15050884,0.11005837,0.99998707,-0.00296153,0.004132433,0.00016517632,0.0002514409,-0.0005710162,-0.00018877457,0.0054198815,0.0018395147,-0.00069685106,0.4809699,0.16540143,0.2885039,0.9999364,0.0011980655,0.0063620117,0.009223747,0.42511916,-0.02313595,0.004223079,-2.752389,0.8240778,-5.936811
0.2,0.0,0.0,0.0,0.0,0.0,-1.0,0.65761435,0.15050884,0.11005837,0.4809699,0.16540143,0.2885039,0.47651917,0.16497403,0.2808828,-0.014677584,0.9784864,0.039707705,0.20192112,-0.47471425,-0.30517545,0.85614175,-2.5718322,0.3049664,2.7494955,0.8481797,0.01992447,0.020979622,-1.4817703,1.3812245,0.86792463,1.1498348,-1.3941555,0.2250184,0.52679193,0.05295725,0.12751207,0.1,0.0,0.0,0.0,0.0,0.0,0.0,0.0,-0.5290947,-0.2562376,0.8908994,-2.530681,0.24790107,2.7551563,0.87768507,0.01993415,0.020971013,-1.5555084,1.411079,0.97608536,1.1729093,-1.6463805,0.16692904,0.7338565,0.052239038,0.1280697,5.5879354e-09,2.3283064e-10,-3.7252903e-09,1.0,-1.489095e-10,-8.781334e-10,-8.472538e-11,0.0,0.0,0.0,0.0,0.0,0.0,0.6576106,0.15051362,0.110061534,0.9999871,-0.0029816716,0.0041173287,0.00016613578,0.00044365463,0.00028800208,-0.0002801084,-0.0021938186,0.004431732,0.00013896279,0.49600303,0.16563426,0.2885718,0.9999332,0.0017257195,0.0062644384,0.009551176,0.4237777,-0.019637903,0.009182839,-2.7457964,0.82013613,-5.921112
0.0,0.0,0.0,0.0,0.0,0.0,-1.0,0.6576106,0.15051362,0.11006154,0.49600303,0.16563426,0.2885718,0.49155444,0.16522442,0.28091654,-0.0152487755,0.97845614,0.039925173,0.20198308,-0.5290947,-0.2562376,0.8908994,-2.530681,0.24790107,2.7551563,0.87768507,0.01993415,0.020971013,-1.5555084,1.411079,0.97608536,1.1729093,-1.6463805,0.16692904,0.7338565,0.052239038,0.1280697,0.0,0.0,0.0,0.0,0.0,0.0,0.0,0.0,-0.5394028,-0.2464231,0.88674855,-2.5263512,0.24760066,2.7554238,0.8774522,0.019875707,0.021042565,-0.22265777,0.009638703,-0.094752565,-0.045523044,0.027151916,0.017593065,-0.14967357,0.06089793,0.12130227,5.5879354e-09,2.3283064e-10,-3.7252903e-09,1.0,-1.489095e-10,-8.781334e-10,-8.472538e-11,0.0,0.0,0.0,0.0,0.0,0.0,0.6576102,0.15052076,0.11006236,0.99998695,-0.00301006,0.0041160034,0.00016752162,0.0013933907,-0.0020032667,-0.0010020155,0.017187426,0.0112850275,-0.0024205444,0.49935478,0.15975764,0.28760707,0.99994814,0.005004319,0.008484205,0.0025722457,0.027367093,-0.18263774,-0.017485108,-2.8427155,1.0426399,-6.231463
0.0,0.0,0.0,0.0,0.0,0.0,-1.0,0.6576102,0.15052076,0.11006236,0.49935478,0.15975764,0.28760707,0.494917,0.15940437,0.28008246,-0.017444521,0.97899926,0.03279516,0.20045152,-0.5394028,-0.2464231,0.88674855,-2.5263512,0.24760066,2.7554238,0.8774522,0.019875707,0.021042565,-0.22265777,0.009638703,-0.094752565,-0.045523044,0.027151916,0.017593065,-0.14967357,0.06089793,0.12130227,0.0,0.0,0.0,0.0,0.0,0.0,0.0,0.0,-0.5444135,-0.24560009,0.8849496,-2.5272052,0.24793035,2.755242,0.87751967,0.02001481,0.020900263,-0.09378998,0.020274796,-0.029534165,-0.012646641,0.017504973,0.017835908,-0.13832884,0.052289672,0.12793756,5.5879354e-09,2.3283064e-10,-3.7252903e-09,1.0,-1.489095e-10,-8.781334e-10,-8.472538e-11,0.0,0.0,0.0,0.0,0.0,0.0,0.65761435,0.1505089,0.11005836,0.99998707,-0.0029620656,0.004132407,0.00016518774,0.00024859988,-0.0005538826,-0.00018612883,0.005266105,0.0018021506,-0.00069416215,0.50011355,0.15612729,0.2870527,0.9999446,0.005395269,0.008998393,-0.0008035321,0.006166271,-0.07235323,-0.008953608,-2.8461108,0.96253884,-6.046702
0.0,0.0,0.0,0.0,0.0,0.0,-1.0,0.65761435,0.1505089,0.11005837,0.50011355,0.15612729,0.2870527,0.49564716,0.15591621,0.27953282,-0.017117724,0.9792532,0.029174656,0.19979733,-0.5444135,-0.24560009,0.8849496,-2.5272052,0.24793035,2.755242,0.87751967,0.02001481,0.020900263,-0.09378998,0.020274796,-0.029534165,-0.012646641,0.017504973,0.017835908,-0.13832884,0.052289672,0.12793756,0.0,0.0,0.0,0.0,0.0,0.0,0.0,0.0,-0.546433,-0.24500835,0.88431716,-2.5277567,0.24815983,2.755094,0.8775602,0.020024134,0.020886226,-0.03797651,0.012637976,-0.009972723,-0.010381483,0.01565318,0.017690858,-0.13909858,0.050357033,0.12933919,5.5879354e-09,2.3283064e-10,-3.7252903e-09,1.0,-1.489095e-10,-8.781334e-10,-8.472538e-11,0.0,0.0,0.0,0.0,0.0,0.0,0.657612,0.15051383,0.11006083,0.999987,-0.0029834162,0.0041233473,0.0001657074,0.00045047372,7.659517e-05,-0.00021856376,0.00012909097,0.004377257,0.00012273759,0.50030184,0.15471603,0.2866168,0.9999371,0.0056171,0.009462534,-0.0021452014,-0.004372491,-0.03299721,-0.0068991217,-2.8573992,0.96386254,-5.951225
0.0,0.0,0.0,0.0,0.0,0.0,-1.0,0.657612,0.15051383,0.11006084,0.50030184,0.15471603,0.2866168,0.4958273,0.1545159,0.27910122,-0.01704663,0.979402,0.027685061,0.19928522,-0.546433,-0.24500835,0.88431716,-2.5277567,0.24815983,2.755094,0.8775602,0.020024134,0.020886226,-0.03797651,0.012637976,-0.009972723,-0.010381483,0.01565318,0.017690858,-0.13909858,0.050357033,0.12933919,0.0,0.0,0.0,0.0,0.0,0.0,0.0,0.0,-0.54726,-0.24457115,0.8841551,-2.5282452,0.24835221,2.7549536,0.8775934,0.020008394,0.020900285,-0.01546698,0.009887838,-0.0019094776,-0.009284382,0.0148549415,0.017617023,-0.1392555,0.049998146,0.12948422,5.5879354e-09,2.3283064e-10,-3.7252903e-09,1.0,-1.489095e-10,-8.781334e-10,-8.472538e-11,0.0,0.0,0.0,0.0,0.0,0.0,0.6576102,0.15052074,0.11006243,0.99998695,-0.0030101861,0.004116087,0.00016752526,0.0013928178,-0.0020094502,-0.0009985227,0.017256571,0.011294159,-0.002418357,0.5002558,0.1541516,0.2862219,0.99993074,0.0057389964,0.009909354,-0.0027185522,-0.008546033,-0.01741051,-0.006113041,-2.8648603,0.96471816,-5.9104395
0.0,0.0,0.0,0.0,0.0,0.0,-1.0,0.6576102,0.15052074,0.110062435,0.5002558,0.1541516,0.2862219,0.49577597,0.15393679,0.27870995,-0.017051965,0.97951317,0.02704385,0.1988259,-0.54726,-0.24457115,0.8841551,-2.5282452,0.24835221,2.7549536,0.8775934,0.020008394,0.020900285,-0.01546698,0.009887838,-0.0019094776,-0.009284382,0.0148549415,0.017617023,-0.1392555,0.049998146,0.12948422,0.0,0.0,0.0,0.0,0.0,0.0,0.0,0.0,-0.5476042,-0.24419399,0.88418317,-2.528707,0.24852948,2.7548168,0.8776235,0.01999216,0.020916104,-0.0063598827,0.008773088,0.0013361396,-0.008855043,0.014561936,0.017620357,-0.13963285,0.05032581,0.12973426,5.5879354e-09,2.3283064e-10,-3.7252903e-09,1.0,-1.489095e-10,-8.781334e-10,-8.472538e-11,0.0,0.0,0.0,0.0,0.0,0.0,0.6576143,0.1505089,0.11005844,0.99998707,-0.0029619616,0.004132389,0.00016513428,0.00024865428,-0.0005279749,-0.00017839798,0.0050205993,0.0017664173,-0.0007108315,0.5001171,0.15392023,0.28584298,0.9999251,0.0058240863,0.01034729,-0.0029669148,-0.010236588,-0.0113395825,-0.005803525,-2.8742065,0.9675402,-5.9042716
0.0,0.0,0.0,0.0,0.0,0.0,-1.0,0.6576143,0.1505089,0.11005844,0.5001171,0.15392023,0.28584298,0.49563214,0.15369052,0.2783346,-0.017088816,0.9796096,0.026746675,0.19838756,-0.5476042,-0.24419399,0.88418317,-2.528707,0.24852948,2.7548168,0.8776235,0.01999216,0.020916104,-0.0063598827,0.008773088,0.0013361396,-0.008855043,0.014561936,0.017620357,-0.13963285,0.05032581,0.12973426,0.0,0.0,0.0,0.0,0.0,0.0,0.0,0.0,-0.54775333,-0.24384116,0.8842878,-2.5291586,0.24870047,2.7546806,0.8776523,0.019980492,0.020927504,-0.002685646,0.008324824,0.0026453931,-0.008675591,0.014426472,0.017610352,-0.13965279,0.050463386,0.12956172,5.5879354e-09,2.3283064e-10,-3.7252903e-09,1.0,-1.489095e-10,-8.781334e-10,-8.472538e-11,0.0,0.0,0.0,0.0,0.0,0.0,0.6576106,0.15051363,0.11006155,0.99998707,-0.00298172,0.0041173953,0.00016607875,0.00044512036,0.0002901645,-0.00027758148,-0.0022256563,0.0044465763,0.00013604495,0.4999413,0.15381886,0.28547034,0.9999196,0.0058902237,0.010784005,-0.0031009298,-0.010906134,-0.00899288,-0.0056720786,-2.879597,0.96848494,-5.8951726
0.2,0.0,0.0,0.0,0.0,0.0,-1.0,0.6576106,0.15051363,0.110061556,0.4999413,0.15381886,0.28547034,0.49545062,0.15357864,0.27796578,-0.017138481,0.9797001,0.026588082,0.19795707,-0.54775333,-0.24384116,0.8842878,-2.5291586,0.24870047,2.7546806,0.8776523,0.019980492,0.020927504,-0.002685646,0.008324824,0.0026453931,-0.008675591,0.014426472,0.017610352,-0.13965279,0.050463386,0.12956172,0.1,0.0,0.0,0.0,0.0,0.0,0.0,0.0,-0.59352386,-0.20199588,0.9265623,-2.4916055,0.1792521,2.7574673,0.9181826,0.02005609,0.020849727,-1.3757211,1.487664,1.165625,1.244529,-2.0181599,0.0996587,1.0378792,0.04280269,0.13581614,5.5879354e-09,2.3283064e-10,-3.7252903e-09,1.0,-1.489095e-10,-8.781334e-10,-8.472538e-11,0.0,0.0,0.0,0.0,0.0,0.0,0.6576102,0.15052074,0.11006238,0.99998695,-0.0030100008,0.004116216,0.00016741602,0.0013912381,-0.0020000963,-0.0010003038,0.017161144,0.011268353,-0.0024163104,0.5113444,0.16025056,0.28622544,0.9999463,0.00299805,0.008962689,0.0042413976,0.37854594,0.17024867,0.025964927,-2.7631524,0.67348856,-5.5262175
0.2,0.0,0.0,0.0,0.0,0.0,-1.0,0.6576102,0.15052074,0.11006239,0.5113444,0.16025056,0.28622544,0.5068948,0.159901,0.278569,-0.015538171,0.979251,0.033968702,0.19917892,-0.59352386,-0.20199588,0.9265623,-2.4916055,0.1792521,2.7574673,0.9181826,0.02005609,0.020849727,-1.3757211,1.487664,1.165625,1.244529,-2.0181599,0.0996587,1.0378792,0.04280269,0.13581614,0.1,0.0,0.0,0.0,0.0,0.0,0.0,0.0,-0.64520425,-0.14781806,0.96896803,-2.4478142,0.09524645,2.7580128,0.96878445,0.019913558,0.020994848,-1.4988394,1.5940279,1.1508462,1.2457272,-2.454995,0.017785927,1.3547083,0.04778,0.13174593,5.5879354e-09,2.3283064e-10,-3.7252903e-09,1.0,-1.489095e-10,-8.781334e-10,-8.472538e-11,0.0,0.0,0.0,0.0,0.0,0.0,0.65761435,0.15050888,0.11005838,0.9999871,-0.0029619073,0.0041326256,0.00016520773,0.0002520306,-0.0005724062,-0.00018946364,0.0054332525,0.0018476797,-0.00069550663,0.5251205,0.16495407,0.28687018,0.99992365,0.0033600018,0.008237863,0.0085732,0.39566246,0.07807046,0.026694605,-2.7701442,0.8160695,-5.663935
0.2,0.0,0.0,0.0,0.0,0.0,-1.0,0.65761435,0.15050888,0.11005838,0.5251205,0.16495407,0.28687018,0.52065027,0.16452253,0.2791246,-0.016658947,0.9789342,0.03840968,0.19983745,-0.64520425,-0.14781806,0.96896803,-2.4478142,0.09524645,2.7580128,0.96878445,0.019913558,0.020994848,-1.4988394,1.5940279,1.1508462,1.2457272,-2.454995,0.017785927,1.3547083,0.04778,0.13174593,0.1,0.0,0.0,0.0,0.0,0.0,0.0,0.0,-0.6951939,-0.08737006,1.0088674,-2.4027905,0.008377723,2.7545967,1.0339948,0.019892635,0.021027857,-1.3809918,1.8031998,1.041166,1.2997245,-2.5968854,-0.09880655,1.7825801,0.047273025,0.13170925,5.5879354e-09,2.3283064e-10,-3.7252903e-09,1.0,-1.489095e-10,-8.781334e-10,-8.472538e-11,0.0,0.0,0.0,0.0,0.0,0.0,0.657612,0.15051381,0.110060856,0.99998707,-0.0029833799,0.004123295,0.0001658318,0.00044983142,7.624703e-05,-0.00021844175,0.00013084187,0.0043706386,0.00012210927,0.5389695,0.16847272,0.28751487,0.99989676,0.009707769,0.008797293,0.0058874725,0.40087253,0.059926935,0.03450355,-2.4093316,0.9043108,-6.0318885
0.2,0.0,0.0,0.0,0.0,0.0,-1.0,0.657612,0.15051381,0.110060856,0.5389695,0.16847272,0.28751487,0.5344665,0.1681881,0.2796947,-0.022165969,0.97901607,0.03484875,0.19955382,-0.6951939,-0.08737006,1.0088674,-2.4027905,0.008377723,2.7545967,1.0339948,0.019892635,0.021027857,-1.3809918,1.8031998,1.041166,1.2997245,-2.5968854,-0.09880655,1.7825801,0.047273025,0.13170925,0.1,0.0,0.0,0.0,0.0,0.0,0.0,0.0,-0.7294628,-0.017995512,1.0352156,-2.3553772,-0.07852876,2.7456865,1.1161301,0.01989377,0.021062782,-0.8098647,2.0730224,0.5446013,1.3776026,-2.597616,-0.2620431,2.2358081,0.04878546,0.13052651,5.5879354e-09,2.3283064e-10,-3.7252903e-09,1.0,-1.489095e-10,-8.781334e-10,-8.472538e-11,0.0,0.0,0.0,0.0,0.0,0.0,0.65761113,0.15052044,0.110062055,0.999987,-0.0030091275,0.004120127,0.00016709443,0.00079670676,-0.0023401696,-0.0006944487,0.020605797,0.0060269698,-0.0021856648,0.55268097,0.17203197,0.28814217,0.9996249,0.02421496,0.011753951,-0.005043919,0.40050238,0.059486166,0.0345349,-1.9103246,1.2460542,-6.4952846
0.2,0.0,0.0,0.0,0.0,0.0,-1.0,0.65761113,0.15052044,0.11006206,0.55268097,0.17203197,0.28814217,0.548094,0.17211245,0.2802626,-0.03383556,0.97951114,0.021761328,0.1973316,-0.7294628,-0.017995512,1.0352156,-2.3553772,-0.07852876,2.7456865,1.1161301,0.01989377,0.021062782,-0.8098647,2.0730224,0.5446013,1.3776026,-2.597616,-0.2620431,2.2358081,0.04878546,0.13052651,0.1,0.0,0.0,0.0,0.0,0.0,0.0,0.0,-0.7307799,0.05446125,1.0298555,-2.3049073,-0.1652058,2.7299984,1.2019371,0.019856883,0.02114148,0.21446486,2.1555147,-0.42953038,1.4920633,-2.5752568,-0.4459759,2.302118,0.056581568,0.12402754,5.5879354e-09,2.3283064e-10,-3.7252903e-09,1.0,-1.489095e-10,-8.781334e-10,-8.472538e-11,0.0,0.0,0.0,0.0,0.0,0.0,0.6576143,0.15050921,0.1100584,0.9999871,-0.0029630037,0.0041325553,0.00016525247,0.0002904225,-0.0005584123,-0.00014193665,0.0050784466,0.0021305457,-0.0008372492,0.56671005,0.17432876,0.28880545,0.998901,0.03977753,0.0159653,-0.018963546,0.41818246,0.017183444,0.020041466,-1.8549377,1.6459115,-6.6391177
0.2,0.0,0.0,0.0,0.0,0.0,-1.0,0.6576143,0.15050921,0.1100584,0.56671005,0.17432876,0.28880545,0.56205,0.17481789,0.28114283,-0.04639183,0.97987,0.0051909536,0.19410193,-0.7307799,0.05446125,1.0298555,-2.3049073,-0.1652058,2.7299984,1.2019371,0.019856883,0.02114148,0.21446486,2.1555147,-0.42953038,1.4920633,-2.5752568,-0.4459759,2.302118,0.056581568,0.12402754,0.1,0.0,0.0,0.0,0.0,0.0,0.0,0.0,-0.7024649,0.12484203,0.9950933,-2.2506678,-0.25196967,2.7092469,1.2759241,0.01976184,0.021252455,0.8839723,1.9740846,-1.1109824,1.5533487,-2.60188,-0.5696294,1.7087382,0.06099145,0.12001283,5.5879354e-09,2.3283064e-10,-3.7252903e-09,1.0,-1.489095e-10,-8.781334e-10,-8.472538e-11,0.0,0.0,0.0,0.0,0.0,0.0,0.657612,0.15051377,0.11006083,0.9999871,-0.002983,0.004123147,0.00016583143,0.00044934254,7.570983e-05,-0.00021869787,0.00013694007,0.0043662377,0.00012224987,0.5817567,0.1745087,0.28823653,0.99816835,0.049135767,0.019520994,-0.02940226,0.438069,-0.07120933,-0.036459662,-2.495606,1.7245628,-6.185114
0.2,0.0,0.0,0.0,0.0,0.0,-1.0,0.657612,0.15051377,0.11006084,0.5817567,0.1745087,0.28823653,0.57707256,0.17514196,0.28107676,-0.053964034,0.98002005,-0.007079974,0.19130759,-0.7024649,0.12484203,0.9950933,-2.2506678,-0.25196967,2.7092469,1.2759241,0.01976184,0.021252455,0.8839723,1.9740846,-1.1109824,1.5533487,-2.60188,-0.5696294,1.7087382,0.06099145,0.12001283,0.1,0.0,0.0,0.0,0.0,0.0,0.0,0.0,-0.6652974,0.18858843,0.9517631,-2.194772,-0.33340767,2.6858492,1.3266195,0.019690873,0.02127627,1.013793,1.7349317,-1.2076712,1.5731934,-2.1856782,-0.6313456,1.1021218,0.051986903,0.113005884,5.5879354e-09,2.3283064e-10,-3.7252903e-09,1.0,-1.489095e-10,-8.781334e-10,-8.472538e-11,0.0,0.0,0.0,0.0,0.0,0.0,0.65761113,0.15052047,0.11006202,0.999987,-0.0030094436,0.004119826,0.0001670288,0.00079398253,-0.0023353037,-0.00069317094,0.020560738,0.0060020117,-0.0021819829,0.59743744,0.17238165,0.2867654,0.9980196,0.04976368,0.020393927,-0.032625638,0.4447891,-0.12049018,-0.07148771,-2.711585,1.5496053,-5.8161535
0.2,0.0,0.0,0.0,0.0,0.0,-1.0,0.65761113,0.15052047,0.11006202,0.59743744,0.17238165,0.2867654,0.59277713,0.17303132,0.27981746,-0.054775164,0.98016894,-0.010923013,0.19012956,-0.6652974,0.18858843,0.9517631,-2.194772,-0.33340767,2.6858492,1.3266195,0.019690873,0.02127627,1.013793,1.7349317,-1.2076712,1.5731934,-2.1856782,-0.6313456,1.1021218,0.051986903,0.113005884,0.1,0.0,0.0,0.0,0.0,0.0,0.0,0.0,-0.6288086,0.24547212,0.9110901,-2.1381934,-0.39584324,2.661177,1.3595608,0.019699762,0.021280872,0.9771093,1.5677444,-1.0895402,1.6008673,-1.5732195,-0.6568267,0.67087066,0.04861475,0.1160441,5.5879354e-09,2.3283064e-10,-3.7252903e-09,1.0,-1.489095e-10,-8.781334e-10,-8.472538e-11,0.0,0.0,0.0,0.0,0.0,0.0,0.6576143,0.1505092,0.110058464,0.999987,-0.00296273,0.00413247,0.0001652178,0.0002866696,-0.000541512,-0.00013766726,0.0049458705,0.0020639305,-0.00084028323,0.6131907,0.16945396,0.28517753,0.9979352,0.049427394,0.021318678,-0.035041276,0.44186196,-0.116063364,-0.071325324,-2.697409,1.5354456,-5.819087
0.2,0.0,0.0,0.0,0.0,0.0,-1.0,0.6576143,0.1505092,0.11005847,0.6131907,0.16945396,0.28517753,0.6085424,0.17007318,0.27819273,-0.054066047,0.98036695,-0.013398662,0.18915054,-0.6288086,0.24547212,0.9110901,-2.1381934,-0.39584324,2.661177,1.3595608,0.019699762,0.021280872,0.9771093,1.5677444,-1.0895402,1.6008673,-1.5732195,-0.6568267,0.67087066,0.04861475,0.1160441,0.1,0.0,0.0,0.0,0.0,0.0,0.0,0.0,-0.59466434,0.29777434,0.8754943,-2.0806324,-0.44241077,2.635987,1.3806238,0.019703303,0.021290733,0.9170799,1.4559983,-0.9469864,1.6306765,-1.1854575,-0.66744435,0.3774024,0.046624023,0.11754515,5.5879354e-09,2.3283064e-10,-3.7252903e-09,1.0,-1.489095e-10,-8.781334e-10,-8.472538e-11,0.0,0.0,0.0,0.0,0.0,0.0,0.657612,0.15051381,0.11006081,0.99998707,-0.00298321,0.004123431,0.00016575264,0.00044916265,7.685274e-05,-0.00021803849,0.0001234749,0.0043641035,0.00012221622,0.6288756,0.1667019,0.28367347,0.99783754,0.049259834,0.022313641,-0.037360027,0.43728998,-0.09941544,-0.06476286,-2.6804864,1.5411122,-5.76782
0.0,0.0,0.0,0.0,0.0,0.0,-1.0,0.657612,0.15051381,0.11006081,0.6288756,0.1667019,0.28367347,0.62423354,0.16729,0.27662402,-0.05338788,0.9805624,-0.0157011,0.188151,-0.59466434,0.29777434,0.8754943,-2.0806324,-0.44241077,2.635987,1.3806238,0.019703303,0.021290733,0.9170799,1.4559983,-0.9469864,1.6306765,-1.1854575,-0.66744435,0.3774024,0.046624023,0.11754515,0.0,0.0,0.0,0.0,0.0,0.0,0.0,0.0,-0.6016656,0.30838656,0.8722721,-2.0758455,-0.4426217,2.6363163,1.3804802,0.019629922,0.021376766,-0.20377573,0.059119858,-0.09021298,-0.051398154,0.021548053,0.011969703,-0.13821414,0.047971576,0.11780093,5.5879354e-09,2.3283064e-10,-3.7252903e-09,1.0,-1.489095e-10,-8.781334e-10,-8.472538e-11,0.0,0.0,0.0,0.0,0.0,0.0,0.65761113,0.15052046,0.11006201,0.99998695,-0.0030094595,0.0041201166,0.00016697819,0.00079339196,-0.002332802,-0.0006933274,0.02053508,0.0059952163,-0.0021809936,0.63182604,0.16075142,0.28144285,0.99738646,0.052807324,0.02454986,-0.042765714,0.01394161,-0.19280078,-0.06213749,-2.6066499,1.4591849,-6.012216
0.0,0.0,0.0,0.0,0.0,0.0,-1.0,0.65761113,0.15052046,0.11006202,0.63182604,0.16075142,0.28144285,0.6271593,0.16119628,0.2740494,-0.055424035,0.98070365,-0.021742448,0.18621394,-0.6016656,0.30838656,0.8722721,-2.0758455,-0.4426217,2.6363163,1.3804802,0.019629922,0.021376766,-0.20377573,0.059119858,-0.09021298,-0.051398154,0.021548053,0.011969703,-0.13821414,0.047971576,0.11780093,0.0,0.0,0.0,0.0,0.0,0.0,0.0,0.0,-0.6063342,0.31040317,0.86969966,-2.0765216,-0.44236243,2.6358554,1.3806084,0.019733911,0.021271724,-0.10241228,0.04885692,-0.055198606,-0.005500376,0.010642548,0.015946176,-0.12986307,0.042979386,0.11963034,5.5879354e-09,2.3283064e-10,-3.7252903e-09,1.0,-1.489095e-10,-8.781334e-10,-8.472538e-11,0.0,0.0,0.0,0.0,0.0,0.0,0.6576143,0.1505092,0.11005847,0.999987,-0.0029627937,0.004132355,0.00016514062,0.0002828706,-0.00052572985,-0.00013067157,0.004804925,0.0020074747,-0.0008425655,0.6325361,0.15613274,0.27977964,0.99718505,0.05295634,0.025707608,-0.046440013,0.0135186175,-0.10326434,-0.03566419,-2.6581712,1.7164886,-5.6374817
0.0,0.0,0.0,0.0,0.0,0.0,-1.0,0.6576143,0.1505092,0.11005847,0.6325361,0.15613274,0.27977964,0.6278509,0.1567395,0.27240422,-0.054876417,0.9809085,-0.025439873,0.18482336,-0.6063342,0.31040317,0.86969966,-2.0765216,-0.44236243,2.6358554,1.3806084,0.019733911,0.021271724,-0.10241228,0.04885692,-0.055198606,-0.005500376,0.010642548,0.015946176,-0.12986307,0.042979386,0.11963034,0.0,0.0,0.0,0.0,0.0,0.0,0.0,0.0,-0.60889184,0.31167427,0.86822873,-2.076926,-0.44217107,2.635557,1.3806882,0.019746095,0.021256555,-0.05686005,0.029682921,-0.03209425,-0.0071484502,0.011295745,0.0192792,-0.13191989,0.041338846,0.12079452,5.5879354e-09,2.3283064e-10,-3.7252903e-09,1.0,-1.489095e-10,-8.781334e-10,-8.472538e-11,0.0,0.0,0.0,0.0,0.0,0.0,0.6576106,0.15051362,0.11006152,0.99998707,-0.0029818679,0.0041174702,0.00016613434,0.00044099544,0.00028963806,-0.00027720872,-0.002216092,0.004404725,0.0001384027,0.63289315,0.1536349,0.27876437,0.99706,0.053102728,0.02654421,-0.048442572,0.0038890126,-0.05888905,-0.02422377,-2.666603,1.7043115,-5.551351
0.0,0.0,0.0,0.0,0.0,0.0,-1.0,0.6576106,0.15051362,0.11006153,0.63289315,0.1536349,0.27876437,0.6281946,0.15426406,0.27139765,-0.05460982,0.9810322,-0.02752623,0.18394545,-0.60889184,0.31167427,0.86822873,-2.076926,-0.44217107,2.635557,1.3806882,0.019746095,0.021256555,-0.05686005,0.029682921,-0.03209425,-0.0071484502,0.011295745,0.0192792,-0.13191989,0.041338846,0.12079452,0.0,0.0,0.0,0.0,0.0,0.0,0.0,0.0,-0.61027765,0.31252867,0.867323,-2.077336,-0.44200176,2.6353164,1.3807459,0.019734144,0.021266991,-0.031263318,0.02080001,-0.019914972,-0.007975581,0.011513625,0.020712573,-0.13288084,0.040865332,0.12102154,5.5879354e-09,2.3283064e-10,-3.7252903e-09,1.0,-1.489095e-10,-8.781334e-10,-8.472538e-11,0.0,0.0,0.0,0.0,0.0,0.0,0.6576102,0.15052079,0.110062376,0.999987,-0.003010564,0.0041157687,0.00016747444,0.0013912807,-0.0020021654,-0.001000266,0.017181784,0.011267874,-0.002416897,0.6330079,0.15223852,0.27802107,0.99698055,0.0531906,0.0272087,-0.049599096,-0.00136805,-0.034869038,-0.01870937,-2.6723564,1.6985018,-5.5025487
0.0,0.0,0.0,0.0,0.0,0.0,-1.0,0.6576102,0.15052079,0.110062376,0.6330079,0.15223852,0.27802107,0.62829983,0.15286174,0.2706593,-0.05446686,0.98113334,-0.028731778,0.18326305,-0.61027765,0.31252867,0.867323,-2.077336,-0.44200176,2.6353164,1.3807459,0.019734144,0.021266991,-0.031263318,0.02080001,-0.019914972,-0.007975581,0.011513625,0.020712573,-0.13288084,0.040865332,0.12102154,0.0,0.0,0.0,0.0,0.0,0.0,0.0,0.0,-0.61102086,0.31317535,0.86672175,-2.077759,-0.44184306,2.635105,1.3807915,0.019718014,0.021282373,-0.017321287,0.016169786,-0.013357547,-0.0085511245,0.011642925,0.021430023,-0.13341029,0.040823743,0.12093022,5.5879354e-09,2.3283064e-10,-3.7252903e-09,1.0,-1.489095e-10,-8.781334e-10,-8.472538e-11,0.0,0.0,0.0,0.0,0.0,0.0,0.65761435,0.15050888,0.11005832,0.999987,-0.002961853,0.0041325036,0.00016515904,0.0002511681,-0.000583045,-0.0001921719,0.0055261934,0.0018620682,-0.0006861891,0.6329898,0.15143509,0.2774116,0.9969264,0.053250633,0.027792696,-0.050294593,-0.0042475173,-0.02203711,-0.015891252,-2.6776211,1.6962956,-5.4743185
0.0,0.0,0.0,0.0,0.0,0.0,-1.0,0.65761435,0.15050888,0.11005832,0.6329898,0.15143509,0.2774116,0.62827295,0.15204655,0.27005363,-0.054394856,0.9812258,-0.029457435,0.18267325,-0.61102086,0.31317535,0.86672175,-2.077759,-0.44184306,2.635105,1.3807915,0.019718014,0.021282373,-0.017321287,0.016169786,-0.013357547,-0.0085511245,0.011642925,0.021430023,-0.13341029,0.040823743,0.12093022,0.0,0.0,0.0,0.0,0.0,0.0,0.0,0.0,-0.6114154,0.3137125,0.86628497,-2.0781896,-0.44169003,2.6349103,1.3808312,0.019704351,0.02129568,-0.0097750835,0.013703028,-0.009818969,-0.00888614,0.011717381,0.021804279,-0.13368927,0.040897526,0.12078198,5.5879354e-09,2.3283064e-10,-3.7252903e-09,1.0,-1.489095e-10,-8.781334e-10,-8.472538e-11,0.0,0.0,0.0,0.0,0.0,0.0,0.657612,0.15051383,0.11006084,0.999987,-0.0029834607,0.00412314,0.00016584274,0.00045117916,7.43994e-05,-0.00022101127,0.00015813223,0.0043845037,0.00012438791,0.63289934,0.1509485,0.2768722,0.99688613,0.053296678,0.028334409,-0.050739467,-0.0058166077,-0.015192859,-0.014396101,-2.6826756,1.6953392,-5.4577546
0.0,0.0,0.0,0.0,0.0,0.0,-1.0,0.657612,0.15051383,0.11006084,0.63289934,0.1509485,0.2768722,0.6281749,0.15154903,0.26951835,-0.05436197,0.98131394,-0.029923841,0.18213245,-0.6114154,0.3137125,0.86628497,-2.0781896,-0.44169003,2.6349103,1.3808312,0.019704351,0.02129568,-0.0097750835,0.013703028,-0.009818969,-0.00888614,0.011717381,0.021804279,-0.13368927,0.040897526,0.12078198,0.0,0.0,0.0,0.0,0.0,0.0,0.0,0.0,-0.6116216,0.31419116,0.86593693,-2.078626,-0.44154,2.6347246,1.380867,0.019694429,0.021305453,-0.005702657,0.012374623,-0.007911584,-0.0090694595,0.011757395,0.02199962,-0.13383983,0.04098193,0.12065299,5.5879354e-09,2.3283064e-10,-3.7252903e-09,1.0,-1.489095e-10,-8.781334e-10,-8.472538e-11,0.0,0.0,0.0,0.0,0.0,0.0,0.65761113,0.15052046,0.110062,0.99998695,-0.0030093777,0.0041201473,0.00016705268,0.00079725916,-0.0023418223,-0.0006951288,0.020619594,0.006030077,-0.0021878488,0.63277024,0.15062998,0.2763703,0.99685335,0.053335443,0.028853474,-0.051050942,-0.0066666845,-0.011545649,-0.013596319,-2.6876597,1.6953753,-5.4473314
0.0,0.0,0.0,0.0,0.0,0.0,-1.0,0.65761113,0.15052046,0.110062,0.63277024,0.15062998,0.2763703,0.62803763,0.15122414,0.26902014,-0.054350376,0.9814002,-0.030249313,0.1816171,-0.6116216,0.31419116,0.86593693,-2.078626,-0.44154,2.6347246,1.380867,0.019694429,0.021305453,-0.005702657,0.012374623,-0.007911584,-0.0090694595,0.011757395,0.02199962,-0.13383983,0.04098193,0.12065299,0.0,0.0,0.0,0.0,0.0,0.0,0.0,0.0,-0.6117264,0.31463844,0.8656369,-2.0790646,-0.4413917,2.6345434,1.3809012,0.019687776,0.021312064,-0.003507413,0.011660527,-0.006882909,-0.0091667585,0.011781778,0.022103045,-0.13391879,0.041052066,0.12055967,5.5879354e-09,2.3283064e-10,-3.7252903e-09,1.0,-1.489095e-10,-8.781334e-10,-8.472538e-11,0.0,0.0,0.0,0.0,0.0,0.0,0.6576143,0.15050922,0.11005844,0.999987,-0.0029630063,0.0041324706,0.00016524257,0.00028589807,-0.0005379437,-0.00013851529,0.004917056,0.002057715,-0.0008363754,0.6326195,0.15040196,0.27588812,0.99682456,0.053369336,0.029360434,-0.05128827,-0.007130243,-0.009599261,-0.013162541,-2.6925907,1.6958404,-5.440275
0.0,0.0,0.0,0.0,0.0,0.0,-1.0,0.6576143,0.15050922,0.11005844,0.6326195,0.15040196,0.27588812,0.62787956,0.15099186,0.26854172,-0.054350033,0.9814851,-0.030499384,0.1811155,-0.6117264,0.31463844,0.8656369,-2.0790646,-0.4413917,2.6345434,1.3809012,0.019687776,0.021312064,-0.003507413,0.011660527,-0.006882909,-0.0091667585,0.011781778,0.022103045,-0.13391879,0.041052066,0.12055967,0.0,0.0,0.0,0.0,0.0,0.0,0.0,0.0,-0.6117764,0.31506863,0.8653625,-2.079505,-0.44124454,2.6343644,1.3809346,0.019683499,0.021316348,-0.0023223718,0.011273654,-0.006334574,-0.00921844,0.011787853,0.022160253,-0.1339551,0.041094456,0.12050188,5.5879354e-09,2.3283064e-10,-3.7252903e-09,1.0,-1.489095e-10,-8.781334e-10,-8.472538e-11,0.0,0.0,0.0,0.0,0.0,0.0,0.657612,0.15051381,0.11006083,0.99998707,-0.0029833876,0.0041232742,0.00016577922,0.0004490599,7.684226e-05,-0.00021746852,0.00012146498,0.00436292,0.00012139217,0.6324574,0.15022148,0.27541637,0.9967977,0.053401757,0.02986178,-0.051486943,-0.0073854653,-0.008556798,-0.0129243545,-2.697498,1.6965128,-5.4350924
0.0,0.0,0.0,0.0,0.0,0.0,-1.0,0.657612,0.15051381,0.11006084,0.6324574,0.15022148,0.27541637,0.62771,0.15080908,0.26807478,-0.05435565,0.9815693,-0.03070876,0.18062109,-0.6117764,0.31506863,0.8653625,-2.079505,-0.44124454,2.6343644,1.3809346,0.019683499,0.021316348,-0.0023223718,0.011273654,-0.006334574,-0.00921844,0.011787853,0.022160253,-0.1339551,0.041094456,0.12050188,0.0,0.0,0.0,0.0,0.0,0.0,0.0,0.0,-0.6117971,0.31548968,0.8651023,-2.079946,-0.44109786,2.6341865,1.380967,0.019680811,0.021319067,-0.0016907686,0.011064674,-0.0060309507,-0.009242685,0.0118018575,0.022185512,-0.13398013,0.041139036,0.120446235,5.5879354e-09,2.3283064e-10,-3.7252903e-09,1.0,-1.489095e-10,-8.781334e-10,-8.472538e-11,0.0,0.0,0.0,0.0,0.0,0.0,0.6576102,0.15052074,0.11006238,0.9999869,-0.003010095,0.0041162553,0.00016745517,0.0013917473,-0.00200609,-0.000997733,0.01722693,0.011286,-0.0024150624,0.63228875,0.15006672,0.27495086,0.99677175,0.05343238,0.030358879,-0.051664297,-0.007528551,-0.00801352,-0.012792261,-2.702375,1.6974121,-5.430812
0.0,0.0,0.0,0.0,0.0,0.0,-1.0,0.6576102,0.15052074,0.11006239,0.63228875,0.15006672,0.27495086,0.6275338,0.15065388,0.2676132,-0.054364443,0.9816532,-0.030895635,0.18013039,-0.6117971,0.31548968,0.8651023,-2.079946,-0.44109786,2.6341865,1.380967,0.019680811,0.021319067,-0.0016907686,0.011064674,-0.0060309507,-0.009242685,0.0118018575,0.022185512,-0.13398013,0.041139036,0.120446235,0.0,0.0,0.0,0.0,0.0,0.0,0.0,0.0,-0.6118022,0.31590587,0.8648496,-2.0803876,-0.4409515,2.63401,1.3809991,0.019679148,0.021320773,-0.0013553733,0.010944789,-0.00586664,-0.009265157,0.011810291,0.02220424,-0.1339856,0.04115541,0.12041523,5.5879354e-09,2.3283064e-10,-3.7252903e-09,1.0,-1.489095e-10,-8.781334e-10,-8.472538e-11,0.0,0.0,0.0,0.0,0.0,0.0,0.65761435,0.15050887,0.11005838,0.99998707,-0.0029616645,0.004132362,0.00016513825,0.00024993272,-0.0005672227,-0.00018951128,0.005390521,0.001825817,-0.0006924661,0.6321168,0.14992575,0.27448887,0.99674636,0.053463172,0.030853063,-0.051829696,-0.0076147066,-0.007718774,-0.01271002,-2.7072854,1.6979707,-5.4271855
0.0,0.0,0.0,0.0,0.0,0.0,-1.0,0.65761435,0.15050887,0.11005838,0.6321168,0.14992575,0.27448887,0.6273544,0.15051301,0.26715568,-0.05437514,0.9817364,-0.031070769,0.1796425,-0.6118022,0.31590587,0.8648496,-2.0803876,-0.4409515,2.63401,1.3809991,0.019679148,0.021320773,-0.0013553733,0.010944789,-0.00586664,-0.009265157,0.011810291,0.02220424,-0.1339856,0.04115541,0.12041523,0.0,0.0,0.0,0.0,0.0,0.0,0.0,0.0,-0.611799,0.3163192,0.864601,-2.0808291,-0.44080544,2.633834,1.3810312,0.019678129,0.021321826,-0.0011711819,0.010881635,-0.0057803406,-0.009265968,0.011815113,0.022203414,-0.13399577,0.041169893,0.12039593,5.5879354e-09,2.3283064e-10,-3.7252903e-09,1.0,-1.489095e-10,-8.781334e-10,-8.472538e-11,0.0,0.0,0.0,0.0,0.0,0.0,0.6576106,0.15051363,0.11006153,0.99998707,-0.0029817468,0.004117238,0.00016603713,0.00044627851,0.00028767588,-0.00027981595,-0.0021955057,0.004457839,0.00013591425,0.63194233,0.14979179,0.27402788,0.9967211,0.053492438,0.031347997,-0.05198858,-0.0076604383,-0.0075586266,-0.0126698855,-2.7121837,1.6992773,-5.4235263
0.0,0.0,0.0,0.0,0.0,0.0,-1.0,0.6576106,0.15051363,0.11006153,0.63194233,0.14979179,0.27402788,0.62717295,0.15037975,0.26669982,-0.0543866,0.98181945,-0.031239703,0.17915565,-0.611799,0.3163192,0.864601,-2.0808291,-0.44080544,2.633834,1.3810312,0.019678129,0.021321826,-0.0011711819,0.010881635,-0.0057803406,-0.009265968,0.011815113,0.022203414,-0.13399577,0.041169893,0.12039593,0.0,0.0,0.0,0.0,0.0,0.0,0.0,0.0,-0.61179125,0.31673113,0.8643544,-2.0812702,-0.44065955,2.6336582,1.3810632,0.019677512,0.021322513,-0.0010733578,0.010845881,-0.0057332255,-0.009266461,0.011818097,0.022207752,-0.13399515,0.04117694,0.12038329,5.5879354e-09,2.3283064e-10,-3.7252903e-09,1.0,-1.489095e-10,-8.781334e-10,-8.472538e-11,0.0,0.0,0.0,0.0,0.0,0.0,0.6576102,0.15052079,0.110062405,0.9999869,-0.003010209,0.0041160886,0.00016741404,0.0013924958,-0.0019989992,-0.0010012337,0.017149678,0.011279679,-0.0024167153,0.6317668,0.14966157,0.27356863,0.99669576,0.053521987,0.03184101,-0.05214516,-0.0076929536,-0.0074703554,-0.01263748,-2.7170553,1.7001783,-5.4202538
0.0,0.0,0.0,0.0,0.0,0.0,-1.0,0.6576102,0.15052079,0.110062405,0.6317668,0.14966157,0.27356863,0.62699026,0.150251,0.2662454,-0.054398477,0.98190206,-0.031404898,0.17866945,-0.61179125,0.31673113,0.8643544,-2.0812702,-0.44065955,2.6336582,1.3810632,0.019677512,0.021322513,-0.0010733578,0.010845881,-0.0057332255,-0.009266461,0.011818097,0.022207752,-0.13399515,0.04117694,0.12038329,0.0,0.0,0.0,0.0,0.0,0.0,0.0,0.0,-0.6117811,0.31714213,0.8641093,-2.0817106,-0.44051385,2.6334827,1.3810952,0.01967714,0.021322994,-0.0010231405,0.010821194,-0.0057062497,-0.009268141,0.011822572,0.022205386,-0.13399474,0.041178524,0.120375775,5.5879354e-09,2.3283064e-10,-3.7252903e-09,1.0,-1.489095e-10,-8.781334e-10,-8.472538e-11,0.0,0.0,0.0,0.0,0.0,0.0,0.65761435,0.1505089,0.11005838,0.99998707,-0.002961984,0.0041323183,0.00016521408,0.00024999178,-0.000553235,-0.00018295774,0.0052494654,0.0018089077,-0.00070220896,0.63159066,0.14953358,0.27311033,0.9966702,0.05355116,0.03233375,-0.0523,-0.0077158418,-0.0074190605,-0.012614198,-2.721923,1.7011288,-5.4170084
0.0,0.0,0.0,0.0,0.0,0.0,-1.0,0.65761435,0.1505089,0.11005838,0.63159066,0.14953358,0.27311033,0.62680715,0.15012491,0.26579225,-0.05441091,0.98198426,-0.031568363,0.17818448,-0.6117811,0.31714213,0.8641093,-2.0817106,-0.44051385,2.6334827,1.3810952,0.01967714,0.021322994,-0.0010231405,0.010821194,-0.0057062497,-0.009268141,0.011822572,0.022205386,-0.13399474,0.041178524,0.120375775,0.0,0.0,0.0,0.0,0.0,0.0,0.0,0.0,-0.6117699,0.3175527,0.86386466,-2.082151,-0.44036832,2.6333072,1.381127,0.019676873,0.021323305,-0.0009954922,0.010806704,-0.005691045,-0.009264931,0.011820744,0.02218034,-0.13379891,0.041053362,0.12019073,5.5879354e-09,2.3283064e-10,-3.7252903e-09,1.0,-1.489095e-10,-8.781334e-10,-8.472538e-11,0.0,0.0,0.0,0.0,0.0,0.0,0.65761054,0.15051357,0.11006152,0.99998707,-0.002981501,0.004117315,0.00016600011,0.00044395818,0.00028646435,-0.00027808044,-0.0021810883,0.0044346056,0.00013810603,0.6314142,0.14940701,0.27265295,0.9966441,0.053581044,0.032826606,-0.052459363,-0.0077275643,-0.007379811,-0.0125844125,-2.7270365,1.6996031,-5.407244
0.0,0.0,0.0,0.0,0.0,0.0,-1.0,0.65761054,0.15051357,0.11006153,0.6314142,0.14940701,0.27265295,0.6266232,0.14999975,0.26533931,-0.05442321,0.9820662,-0.03173083,0.17769933,-0.6117699,0.3175527,0.86386466,-2.082151,-0.44036832,2.6333072,1.381127,0.019676873,0.021323305,-0.0009954922,0.010806704,-0.005691045,-0.009264931,0.011820744,0.02218034,-0.13379891,0.041053362,0.12019073,0.0,0.0,0.0,0.0,0.0,0.0,0.0,0.0,-0.6117581,0.31796283,0.8636207,-2.0825913,-0.44022283,2.6331315,1.3811588,0.019676698,0.021323558,-0.0009812634,0.010796244,-0.0056819073,-0.009264334,0.011823185,0.022177879,-0.13379344,0.041057754,0.12018238,5.5879354e-09,2.3283064e-10,-3.7252903e-09,1.0,-1.489095e-10,-8.781334e-10,-8.472538e-11,0.0,0.0,0.0,0.0,0.0,0.0,0.6576102,0.15052077,0.11006238,0.9999869,-0.003010164,0.0041160835,0.00016738377,0.0013921286,-0.0019996827,-0.0010012832,0.017155437,0.011274697,-0.0024173271,0.63123703,0.14928094,0.27219608,0.9966181,0.053610325,0.03331871,-0.05261273,-0.0077437097,-0.007363539,-0.012565976,-2.7318797,1.7004918,-5.4041305
0.0,0.0,0.0,0.0,0.0,0.0,-1.0,0.6576102,0.15052077,0.11006239,0.63123703,0.14928094,0.27219608,0.62643903,0.14987524,0.26488703,-0.054435715,0.982148,-0.031892717,0.17721441,-0.6117581,0.31796283,0.8636207,-2.0825913,-0.44022283,2.6331315,1.3811588,0.019676698,0.021323558,-0.0009812634,0.010796244,-0.0056819073,-0.009264334,0.011823185,0.022177879,-0.13379344,0.041057754,0.12018238,0.0,0.0,0.0,0.0,0.0,0.0,0.0,0.0,-0.6117457,0.31837285,0.8633769,-2.0830312,-0.44007763,2.6329558,1.3811909,0.019676533,0.021323767,-0.00096619374,0.010795557,-0.0056813858,-0.009253362,0.011819295,0.022177566,-0.13378835,0.041065395,0.12016911,5.5879354e-09,2.3283064e-10,-3.7252903e-09,1.0,-1.489095e-10,-8.781334e-10,-8.472538e-11,0.0,0.0,0.0,0.0,0.0,0.0,0.65761435,0.15050887,0.110058434,0.99998707,-0.0029617555,0.004132613,0.00016518375,0.00024972495,-0.0005394288,-0.00018296877,0.005133272,0.0017889809,-0.0007050811,0.6310591,0.14915562,0.27173918,0.9965919,0.05363958,0.03381061,-0.052764524,-0.0077563724,-0.007357986,-0.012554584,-2.7367358,1.701599,-5.4009395
0.0,0.0,0.0,0.0,0.0,0.0,-1.0,0.65761435,0.15050887,0.11005844,0.6310591,0.14915562,0.27173918,0.62625414,0.14975172,0.26443505,-0.05444786,0.9822295,-0.032053754,0.17672965,-0.6117457,0.31837285,0.8633769,-2.0830312,-0.44007763,2.6329558,1.3811909,0.019676533,0.021323767,-0.00096619374,0.010795557,-0.0056813858,-0.009253362,0.011819295,0.022177566,-0.13378835,0.041065395,0.12016911,0.0,0.0,0.0,0.0,0.0,0.0,0.0,0.0,-0.61173326,0.31878278,0.86313325,-2.083471,-0.43993258,2.63278,1.3812228,0.019676441,0.021323932,-0.0009630962,0.010786626,-0.0056788344,-0.009252537,0.01182043,0.022173457,-0.13378632,0.04106085,0.120170265,5.5879354e-09,2.3283064e-10,-3.7252903e-09,1.0,-1.489095e-10,-8.781334e-10,-8.472538e-11,0.0,0.0,0.0,0.0,0.0,0.0,0.6576106,0.1505136,0.110061534,0.99998707,-0.0029818094,0.004117304,0.00016612142,0.0004437801,0.00028856157,-0.00027795028,-0.002203665,0.004433274,0.00013804284,0.63088125,0.14903037,0.27128276,0.99656546,0.053668622,0.03430249,-0.052916333,-0.007767777,-0.007343361,-0.012541144,-2.7416015,1.702598,-5.3977237
0.0,0.0,0.0,0.0,0.0,0.0,-1.0,0.6576106,0.1505136,0.11006154,0.63088125,0.14903037,0.27128276,0.62606895,0.14962879,0.2639835,-0.05446066,0.9823105,-0.0322147,0.1762448,-0.61173326,0.31878278,0.86313325,-2.083471,-0.43993258,2.63278,1.3812228,0.019676441,0.021323932,-0.0009630962,0.010786626,-0.0056788344,-0.009252537,0.01182043,0.022173457,-0.13378632,0.04106085,0.120170265,0.0,0.0,0.0,0.0,0.0,0.0,0.0,0.0,-0.6117208,0.31919265,0.8628897,-2.0839107,-0.43978766,2.6326048,1.3812548,0.019676376,0.021324065,-0.0009615474,0.010780248,-0.0056769853,-0.009250283,0.011825847,0.022168666,-0.13378549,0.041040458,0.12018427,5.5879354e-09,2.3283064e-10,-3.7252903e-09,1.0,-1.489095e-10,-8.781334e-10,-8.472538e-11,0.0,0.0,0.0,0.0,0.0,0.0,0.6576102,0.15052079,0.11006239,0.99998695,-0.0030103747,0.0041158963,0.00016746178,0.0013918761,-0.0020031435,-0.001000872,0.017189346,0.011272109,-0.0024186075,0.6307028,0.14890519,0.27082658,0.9965388,0.053697262,0.034794204,-0.05306844,-0.0077791465,-0.0073185707,-0.012525322,-2.7464473,1.7035929,-5.394557
0.0,0.0,0.0,0.0,0.0,0.0,-1.0,0.6576102,0.15052079,0.11006239,0.6307028,0.14890519,0.27082658,0.6258836,0.14950576,0.26353237,-0.054473057,0.98239136,-0.03237556,0.17576031,-0.6117208,0.31919265,0.8628897,-2.0839107,-0.43978766,2.6326048,1.3812548,0.019676376,0.021324065,-0.0009615474,0.010780248,-0.0056769853,-0.009250283,0.011825847,0.022168666,-0.13378549,0.041040458,0.12018427,0.0,0.0,0.0,0.0,0.0,0.0,0.0,0.0,-0.61170834,0.31960234,0.86264616,-2.0843499,-0.43964282,2.6324291,1.3812867,0.019676276,0.021324232,-0.00095709815,0.010775677,-0.005676967,-0.009244219,0.011825057,0.022165293,-0.13378128,0.04104383,0.12017617,5.5879354e-09,2.3283064e-10,-3.7252903e-09,1.0,-1.489095e-10,-8.781334e-10,-8.472538e-11,0.0,0.0,0.0,0.0,0.0,0.0,0.65761435,0.15050888,0.11005841,0.999987,-0.0029619278,0.0041322266,0.00016524056,0.00024928976,-0.00053979526,-0.00018388042,0.0051390906,0.001786617,-0.0007033731,0.63052416,0.14878084,0.2703708,0.9965119,0.05372645,0.035285458,-0.053219885,-0.007789572,-0.0073136175,-0.012514783,-2.751283,1.704711,-5.391297
0.0,0.0,0.0,0.0,0.0,0.0,-1.0,0.65761435,0.15050888,0.11005841,0.63052416,0.14878084,0.2703708,0.6256978,0.14938281,0.26308125,-0.054485112,0.98247194,-0.03253612,0.17527579,-0.61170834,0.31960234,0.86264616,-2.0843499,-0.43964282,2.6324291,1.3812867,0.019676276,0.021324232,-0.00095709815,0.010775677,-0.005676967,-0.009244219,0.011825057,0.022165293,-0.13378128,0.04104383,0.12017617,0.0,0.0,0.0,0.0,0.0,0.0,0.0,0.0,-0.6116958,0.32001185,0.86240274,-2.0847888,-0.4394982,2.6322541,1.3813187,0.019676179,0.021324385,-0.000960213,0.010766642,-0.0056733037,-0.00924785,0.01182843,0.02216353,-0.13377777,0.04103976,0.12017185,5.5879354e-09,2.3283064e-10,-3.7252903e-09,1.0,-1.489095e-10,-8.781334e-10,-8.472538e-11,0.0,0.0,0.0,0.0,0.0,0.0,0.6576106,0.15051359,0.110061504,0.99998707,-0.0029816043,0.0041173478,0.00016605403,0.00044403685,0.00028780388,-0.00027875075,-0.0021953546,0.0044354163,0.0001377445,0.6303454,0.14865622,0.26991582,0.99648476,0.053755734,0.03577609,-0.053371567,-0.0078057083,-0.007307995,-0.012496474,-2.756113,1.7053983,-5.3883076
0.0,0.0,0.0,0.0,0.0,0.0,-1.0,0.6576106,0.15051359,0.11006151,0.6303454,0.14865622,0.26991582,0.62551165,0.14926022,0.26263064,-0.054497525,0.9825523,-0.032696977,0.17479138,-0.6116958,0.32001185,0.86240274,-2.0847888,-0.4394982,2.6322541,1.3813187,0.019676179,0.021324385,-0.000960213,0.010766642,-0.0056733037,-0.00924785,0.01182843,0.02216353,-0.13377777,0.04103976,0.12017185,0.0,0.0,0.0,0.0,0.0,0.0,0.0,0.0,-0.61168355,0.32042116,0.8621596,-2.0852275,-0.4393536,2.6320794,1.3813506,0.01967612,0.021324545,-0.0009630821,0.010759435,-0.005669325,-0.00924851,0.011836374,0.022158194,-0.1337751,0.041029476,0.120174944,5.5879354e-09,2.3283064e-10,-3.7252903e-09,1.0,-1.489095e-10,-8.781334e-10,-8.472538e-11,0.0,0.0,0.0,0.0,0.0,0.0,0.6576102,0.15052077,0.11006239,0.99998695,-0.0030103067,0.0041159405,0.00016757395,0.0013934874,-0.0020048036,-0.0010014378,0.017204367,0.0112886345,-0.0024201511,0.6301663,0.14853173,0.26946077,0.9964573,0.05378441,0.036267173,-0.053523585,-0.00781803,-0.007294213,-0.012482201,-2.760925,1.7063282,-5.3851337
0.0,0.0,0.0,0.0,0.0,0.0,1.0,0.6576102,0.15052077,0.11006239,0.6301663,0.14853173,0.26946077,0.6253257,0.1491376,0.262181,-0.054510042,0.98263204,-0.032857373,0.17430781,-0.61168355,0.32042116,0.8621596,-2.0852275,-0.4393536,2.6320794,1.3813506,0.01967612,0.021324545,-0.0009630821,0.010759435,-0.005669325,-0.00924851,0.011836374,0.022158194,-0.1337751,0.041029476,0.120174944,0.0,0.0,0.0,0.0,0.0,0.0,0.04,0.04,-0.6117407,0.3207545,0.86195606,-2.085519,-0.4392842,2.631961,1.3813685,0.026490623,0.028387155,-0.0019331222,0.006111148,-0.0033275108,-0.0009168763,-0.00044560962,-0.00093565753,0.000114776834,0.20003244,0.20003924,5.5879354e-09,2.3283064e-10,-3.7252903e-09,1.0,-1.489095e-10,-8.781334e-10,-8.472538e-11,0.0,0.0,0.0,0.0,0.0,0.0,0.65761435,0.1505089,0.110058315,0.999987,-0.0029619453,0.0041324226,0.00016522432,0.00025006197,-0.0005821911,-0.00019327857,0.0055238693,0.0018528546,-0.00068277883,0.63010114,0.14919464,0.26642445,0.99621356,0.052209314,0.039048284,-0.057513192,-0.0029717074,0.01528743,-0.17300965,0.032578632,0.07767245,-0.8029673
0.0,0.0,0.0,0.0,0.0,0.0,1.0,0.65761435,0.1505089,0.11005832,0.63010114,0.14919464,0.26642445,0.62521297,0.14899208,0.26184928,-0.0545119,0.98268795,-0.03300701,0.17396343,-0.6117407,0.3207545,0.86195606,-2.085519,-0.4392842,2.631961,1.3813685,0.026490623,0.028387155,-0.0019331222,0.006111148,-0.0033275108,-0.0009168763,-0.00044560962,-0.00093565753,0.000114776834,0.20003244,0.20003924,0.0,0.0,0.0,0.0,0.0,0.0,0.04,0.04,-0.6118226,0.320852,0.86189663,-2.0855536,-0.43927732,2.6319551,1.381369,0.032701407,0.033950545,-0.0019143396,0.0014233394,-0.001266261,-0.00028468363,-2.1793643e-05,-0.00031185983,5.6598357e-05,0.14661574,0.12156569,5.5879354e-09,2.3283064e-10,-3.7252903e-09,1.0,-1.489095e-10,-8.781334e-10,-8.472538e-11,0.0,0.0,0.0,0.0,0.0,0.0,0.657612,0.15051381,0.110060856,0.999987,-0.002983448,0.004123309,0.00016586257,0.0004499825,7.591222e-05,-0.00022094608,0.0001424702,0.004372759,0.00012508847,0.6300021,0.14970423,0.25248244,0.9952765,0.053192053,0.039665923,-0.07086486,-0.0029717074,0.01528743,-0.50000966,0.032524366,0.07754306,-0.80162954
0.0,0.0,0.0,0.0,0.0,0.0,1.0,0.657612,0.15051381,0.110060856,0.6300021,0.14970423,0.25248244,0.62521327,0.14890918,0.26178104,-0.054515257,0.98269624,-0.03308028,0.17390233,-0.6118226,0.320852,0.86189663,-2.0855536,-0.43927732,2.6319551,1.381369,0.032701407,0.033950545,-0.0019143396,0.0014233394,-0.001266261,-0.00028468363,-2.1793643e-05,-0.00031185983,5.6598357e-05,0.14661574,0.12156569,0.0,0.0,0.0,0.0,0.0,0.0,0.04,0.04,-0.61187494,0.32087994,0.8618672,-2.0855584,-0.4392759,2.6319501,1.381369,0.036237877,0.036882475,-0.0011620056,0.0005292288,-0.0006238087,-3.77251e-06,-1.8460447e-05,-9.939779e-05,4.5514247e-05,0.07557507,0.06264706,5.5879354e-09,2.3283064e-10,-3.7252903e-09,1.0,-1.489095e-10,-8.781334e-10,-8.472538e-11,0.0,0.0,0.0,0.0,0.0,0.0,0.6576102,0.15052074,0.11006238,0.99998695,-0.0030101843,0.004116109,0.00016746644,0.0013917574,-0.0020094935,-0.0009980836,0.017258057,0.011282887,-0.0024175555,0.629903,0.15021382,0.22764045,0.9941613,0.054163888,0.04027558,-0.084185906,-0.0029717074,0.01528743,-0.8270097,0.03247016,0.07741389,-0.8002942
0.0,0.0,0.0,0.0,0.0,0.0,1.0,0.6576102,0.15052074,0.11006239,0.629903,0.15021382,0.22764045,0.62522084,0.14885888,0.26176164,-0.054510564,0.98269796,-0.033121735,0.17388603,-0.61187494,0.32087994,0.8618672,-2.0855584,-0.4392759,2.6319501,1.381369,0.036237877,0.036882475,-0.0011620056,0.0005292288,-0.0006238087,-3.77251e-06,-1.8460447e-05,-9.939779e-05,4.5514247e-05,0.07557507,0.06264706,0.0,0.0,0.0,0.0,0.0,0.0,0.04,0.04,-0.6119048,0.32089123,0.86185205,-2.0855584,-0.4392754,2.6319501,1.381369,0.038060788,0.038393408,-0.0006534437,0.00023389347,-0.00031895717,1.3892115e-05,-3.2813034e-06,-4.574747e-05,2.0777305e-05,0.038955927,0.032284364,5.5879354e-09,2.3283064e-10,-3.7252903e-09,1.0,-1.489095e-10,-8.781334e-10,-8.472538e-11,0.0,0.0,0.0,0.0,0.0,0.0,0.65761435,0.15050891,0.11005838,0.999987,-0.0029619706,0.0041323868,0.00016521603,0.0002493526,-0.0005352937,-0.00018158313,0.0050930358,0.0017811327,-0.00070710434,0.62980396,0.15072341,0.19189847,0.9928698,0.055124268,0.040876925,-0.09746803,-0.0029717074,0.01528743,-1.1540097,0.032416105,0.07728494,-0.798961
0.0,0.0,0.0,0.0,0.0,0.0,1.0,0.65761435,0.15050891,0.11005838,0.62980396,0.15072341,0.19189847,0.6252264,0.14883177,0.26175433,-0.054508045,0.98269814,-0.033144057,0.17388108,-0.6119048,0.32089123,0.86185205,-2.0855584,-0.4392754,2.6319501,1.381369,0.038060788,0.038393408,-0.0006534437,0.00023389347,-0.00031895717,1.3892115e-05,-3.2813034e-06,-4.574747e-05,2.0777305e-05,0.038955927,0.032284364,0.0,0.0,0.0,0.0,0.0,0.0,0.04,0.04,-0.6119211,0.32089663,0.8618441,-2.0855584,-0.43927494,2.6319501,1.381369,0.039000425,0.039172057,-0.00035261977,0.00011915377,-0.00016828455,1.3891457e-05,-1.3043713e-06,-2.2302467e-05,1.2160062e-05,0.020080036,0.01663751,5.5879354e-09,2.3283064e-10,-3.7252903e-09,1.0,-1.489095e-10,-8.781334e-10,-8.472538e-11,0.0,0.0,0.0,0.0,0.0,0.0,0.6576106,0.15051362,0.110061504,0.99998707,-0.0029816723,0.004117405,0.00016605634,0.00044410545,0.0002880043,-0.0002789794,-0.0021973792,0.0044360505,0.00013762525,0.6297049,0.151233,0.14525646,0.99140275,0.056073055,0.041469872,-0.110708944,-0.0029717074,0.01528743,-1.4810097,0.032362103,0.07715618,-0.79763013
0.0,0.0,0.0,0.0,0.0,0.0,1.0,0.6576106,0.15051362,0.11006151,0.6297049,0.151233,0.14525646,0.6252296,0.14881687,0.26175123,-0.054506365,0.98269814,-0.03315614,0.17387897,-0.6119211,0.32089663,0.8618441,-2.0855584,-0.43927494,2.6319501,1.381369,0.039000425,0.039172057,-0.00035261977,0.00011915377,-0.00016828455,1.3891457e-05,-1.3043713e-06,-2.2302467e-05,1.2160062e-05,0.020080036,0.01663751,0.0,0.0,0.0,0.0,0.0,0.0,0.04,0.04,-0.6119299,0.3208994,0.8618397,-2.0855584,-0.43927494,2.6319501,1.381369,0.03948477,0.039573323,-0.00019025088,6.197518e-05,-8.737849e-05,9.4375355e-06,2.1304295e-06,-1.3662347e-05,4.502593e-06,0.010350423,0.0085740015,5.5879354e-09,2.3283064e-10,-3.7252903e-09,1.0,-1.489095e-10,-8.781334e-10,-8.472538e-11,0.0,0.0,0.0,0.0,0.0,0.0,0.6576102,0.15052079,0.1100624,0.99998695,-0.003010442,0.004115926,0.00016752268,0.0013936273,-0.002004376,-0.0010018527,0.017198956,0.011288555,-0.0024207537,0.6296058,0.15174259,0.08771446,0.9897614,0.05701037,0.0420545,-0.12390937,-0.0029717074,0.01528743,-1.8080099,0.032308213,0.077027634,-0.7963016
0.0,0.0,0.0,0.0,0.0,0.0,1.0,0.6576102,0.15052079,0.110062405,0.6296058,0.15174259,0.08771446,0.6252312,0.1488088,0.26174912,-0.054505453,0.9826982,-0.03316261,0.17387764,-0.6119299,0.3208994,0.8618397,-2.0855584,-0.43927494,2.6319501,1.381369,0.03948477,0.039573323,-0.00019025088,6.197518e-05,-8.737849e-05,9.4375355e-06,2.1304295e-06,-1.3662347e-05,4.502593e-06,0.010350423,0.0085740015,0.0,0.0,0.0,0.0,0.0,0.0,0.04,0.04,-0.6119346,0.32090077,0.8618377,-2.0855584,-0.43927494,2.6319501,1.381369,0.03973443,0.03978011,-0.00010085618,3.322939e-05,-4.6689656e-05,5.029845e-06,3.12017e-07,-6.397355e-06,2.5599616e-06,0.005335039,0.0044185696,5.5879354e-09,2.3283064e-10,-3.7252903e-09,1.0,-1.489095e-10,-8.781334e-10,-8.472538e-11,0.0,0.0,0.0,0.0,0.0,0.0,0.65761435,0.15050887,0.11005831,0.99998707,-0.0029618596,0.004132338,0.00016532502,0.00025190186,-0.0005922535,-0.00019748308,0.0056144623,0.0018827595,-0.00068117765,0.62950677,0.15225218,0.019272465,0.9879466,0.057936072,0.04263073,-0.137067,-0.0029717074,0.01528743,-2.13501,0.032254387,0.076899305,-0.7949748
0.0,0.0,0.0,0.0,0.0,0.0,1.0,0.65761435,0.15050887,0.11005831,0.62950677,0.15225218,0.019272467,0.6252323,0.1488043,0.2617485,-0.054504897,0.9826982,-0.03316629,0.17387724,-0.6119346,0.32090077,0.8618377,-2.0855584,-0.43927494,2.6319501,1.381369,0.03973443,0.03978011,-0.00010085618,3.322939e-05,-4.6689656e-05,5.029845e-06,3.12017e-07,-6.397355e-06,2.5599616e-06,0.005335039,0.0044185696,0.0,0.0,0.0,0.0,0.0,0.0,0.04,0.04,-0.611937,0.32090172,0.861836,-2.0855584,-0.43927494,2.6319501,1.381369,0.039863113,0.039886683,-5.181348e-05,1.7842578e-05,-2.6564181e-05,4.858887e-06,-2.1512951e-06,-4.4443545e-06,3.2183184e-06,0.0027499986,0.0022771542,5.5879354e-09,2.3283064e-10,-3.7252903e-09,1.0,-1.489095e-10,-8.781334e-10,-8.472538e-11,0.0,0.0,0.0,0.0,0.0,0.0,0.6576039,0.15054215,0.11001284,0.99998665,-0.0031465227,0.0041091302,0.00018507261,-0.014738956,-0.022742357,-0.010243161,0.023489114,-0.12258466,-0.09992835,0.6293869,0.15307273,0.032793265,0.991072,-0.0031869614,0.0035540585,-0.13324204,0.016761858,-0.07992108,-0.030975297,0.36170134,-0.18136923,0.1472774
0.0,0.0,0.0,0.0,0.0,0.0,1.0,0.6576039,0.15054215,0.110012844,0.6293869,0.15307273,0.03279327,0.62523264,0.14880207,0.26174772,-0.0545046,0.98269826,-0.033168077,0.1738767,-0.611937,0.32090172,0.861836,-2.0855584,-0.43927494,2.6319501,1.381369,0.039863113,0.039886683,-5.181348e-05,1.7842578e-05,-2.6564181e-05,4.858887e-06,-2.1512951e-06,-4.4443545e-06,3.2183184e-06,0.0027499986,0.0022771542,0.0,0.0,0.0,0.0,0.0,0.0,0.04,0.04,-0.6119389,0.3209019,0.861836,-2.0855584,-0.43927494,2.6319501,1.381369,0.039929453,0.0399416,-3.0365627e-05,7.5580692e-06,-1.1986618e-05,-2.294669e-06,1.7083789e-06,7.2841555e-09,2.4643876e-07,0.0014174208,0.0011735056,5.5879354e-09,2.3283064e-10,-3.7252903e-09,1.0,-1.489095e-10,-8.781334e-10,-8.472538e-11,0.0,0.0,0.0,0.0,0.0,0.0,0.6576173,0.15049395,0.110061176,0.9999872,-0.0028948034,0.00414613,0.00016099041,-0.005077244,0.006436319,-0.004902935,-0.057778046,-0.05431454,0.013321686,0.6294174,0.15302822,0.032876827,0.99104935,-0.00345195,0.0036927874,-0.13340035,0.006659942,-0.00963381,-0.009927841,-0.040196627,-0.0181072,0.045422345
0.0,0.0,0.0,0.0,0.0,0.0,1.0,0.6576173,0.15049395,0.11006118,0.6294174,0.15302822,0.03287683,0.625233,0.14880078,0.2617477,-0.0545045,0.98269826,-0.03316906,0.17387682,-0.6119389,0.3209019,0.861836,-2.0855584,-0.43927494,2.6319501,1.381369,0.039929453,0.0399416,-3.0365627e-05,7.5580692e-06,-1.1986618e-05,-2.294669e-06,1.7083789e-06,7.2841555e-09,2.4643876e-07,0.0014174208,0.0011735056,0.0,0.0,0.0,0.0,0.0,0.0,0.04,0.04,-0.61193895,0.3209019,0.861836,-2.0855584,-0.43927494,2.6319501,1.381369,0.039963637,0.039969906,-1.60509e-05,4.839155e-06,-6.9437447e-06,1.3140814e-07,1.1526957e-06,-5.864454e-07,-9.717322e-07,0.00073044084,0.00060473086,5.5879354e-09,2.3283064e-10,-3.7252903e-09,1.0,-1.489095e-10,-8.781334e-10,-8.472538e-11,0.0,0.0,0.0,0.0,0.0,0.0,0.65762526,0.15050702,0.11005246,0.99998695,-0.00294902,0.0041772523,0.00016417154,-0.0023301828,0.0076525984,-0.0019736136,-0.06828259,-0.026916163,0.013930129,0.6294286,0.15302472,0.032867596,0.99105275,-0.0034709526,0.0037354892,-0.13337332,0.009745587,-0.0070139132,-0.004140507,-0.03795071,0.093189985,0.034635883
0.0,0.0,0.0,0.0,0.0,0.0,1.0,0.65762526,0.15050702,0.11005247,0.6294286,0.15302472,0.0328676,0.625233,0.14880078,0.2617477,-0.0545045,0.98269826,-0.03316906,0.17387682,-0.61193895,0.3209019,0.861836,-2.0855584,-0.43927494,2.6319501,1.381369,0.039963637,0.039969906,-1.60509e-05,4.839155e-06,-6.9437447e-06,1.3140814e-07,1.1526957e-06,-5.864454e-07,-9.717322e-07,0.00073044084,0.00060473086,0.0,0.0,0.0,0.0,0.0,0.0,0.04,0.04,-0.61193895,0.3209019,0.861836,-2.0855584,-0.43927494,2.6319501,1.381369,0.039981257,0.03998449,-9.064012e-06,2.6865462e-06,-3.5488758e-06,1.0855306e-07,9.406915e-07,-3.0818478e-07,-1.0315246e-06,0.0003764778,0.0003116882,5.5879354e-09,2.3283064e-10,-3.7252903e-09,1.0,-1.489095e-10,-8.781334e-10,-8.472538e-11,0.0,0.0,0.0,0.0,0.0,0.0,0.65762347,0.15050179,0.11005475,0.99998695,-0.0029284519,0.004168943,0.00016261097,-0.0019059863,0.007997849,-0.0026897106,-0.070346415,-0.02320603,0.013257215,0.6294282,0.15302198,0.032869283,0.99105304,-0.003440716,0.003726692,-0.13337143,0.009663481,-0.006554809,-0.0051744357,-0.046654493,0.1007307,0.02116511
