actions_0,actions_1,actions_2,actions_3,actions_4,actions_5,actions_6,obs_box_pos_0,obs_box_pos_1,obs_box_pos_2,obs_cube_pos_0,obs_cube_pos_1,obs_cube_pos_2,obs_eef_pos_0,obs_eef_pos_1,obs_eef_pos_2,obs_eef_quat_0,obs_eef_quat_1,obs_eef_quat_2,obs_eef_quat_3,obs_joint_pos_0,obs_joint_pos_1,obs_joint_pos_2,obs_joint_pos_3,obs_joint_pos_4,obs_joint_pos_5,obs_joint_pos_6,obs_joint_pos_7,obs_joint_pos_8,obs_joint_vel_0,obs_joint_vel_1,obs_joint_vel_2,obs_joint_vel_3,obs_joint_vel_4,obs_joint_vel_5,obs_joint_vel_6,obs_joint_vel_7,obs_joint_vel_8,processed_actions_0,processed_actions_1,processed_actions_2,processed_actions_3,processed_actions_4,processed_actions_5,processed_actions_6,processed_actions_7,states_articulation_robot_joint_position_0,states_articulation_robot_joint_position_1,states_articulation_robot_joint_position_2,states_articulation_robot_joint_position_3,states_articulation_robot_joint_position_4,states_articulation_robot_joint_position_5,states_articulation_robot_joint_position_6,states_articulation_robot_joint_position_7,states_articulation_robot_joint_position_8,states_articulation_robot_joint_velocity_0,states_articulation_robot_joint_velocity_1,states_articulation_robot_joint_velocity_2,states_articulation_robot_joint_velocity_3,states_articulation_robot_joint_velocity_4,states_articulation_robot_joint_velocity_5,states_articulation_robot_joint_velocity_6,states_articulation_robot_joint_velocity_7,states_articulation_robot_joint_velocity_8,states_articulation_robot_root_pose_0,states_articulation_robot_root_pose_1,states_articulation_robot_root_pose_2,states_articulation_robot_root_pose_3,states_articulation_robot_root_pose_4,states_articulation_robot_root_pose_5,states_articulation_robot_root_pose_6,states_articulation_robot_root_velocity_0,states_articulation_robot_root_velocity_1,states_articulation_robot_root_velocity_2,states_articulation_robot_root_velocity_3,states_articulation_robot_root_velocity_4,states_articulation_robot_root_velocity_5,states_rigid_object_box_root_pose_0,states_rigid_object_box_root_pose_1,states_rigid_object_box_root_pose_2,states_rigid_object_box_root_pose_3,states_rigid_object_box_root_pose_4,states_rigid_object_box_root_pose_5,states_rigid_object_box_root_pose_6,states_rigid_object_box_root_velocity_0,states_rigid_object_box_root_velocity_1,states_rigid_object_box_root_velocity_2,states_rigid_object_box_root_velocity_3,states_rigid_object_box_root_velocity_4,states_rigid_object_box_root_velocity_5,states_rigid_object_object_root_pose_0,states_rigid_object_object_root_pose_1,states_rigid_object_object_root_pose_2,states_rigid_object_object_root_pose_3,states_rigid_object_object_root_pose_4,states_rigid_object_object_root_pose_5,states_rigid_object_object_root_pose_6,states_rigid_object_object_root_velocity_0,states_rigid_object_object_root_velocity_1,states_rigid_object_object_root_velocity_2,states_rigid_object_object_root_velocity_3,states_rigid_object_object_root_velocity_4,states_rigid_object_object_root_velocity_5
0.0,0.0,0.0,0.0,0.0,0.0,1.0,0.62734693,0.20454511,0.055,0.49139246,0.06397122,0.055,0.46333355,5.1339157e-08,0.38548768,0.008603483,0.9216111,0.02046284,0.38747975,0.0,-0.569,0.0,-2.81,0.0,3.037,0.741,0.04,0.04,0.0,0.0,0.0,0.0,0.0,0.0,0.0,0.0,0.0,0.0,0.0,0.0,0.0,0.0,0.0,0.04,0.04,-1.1094161e-08,-0.569,1.3151098e-08,-2.81,4.0976356e-09,3.037,0.741,0.04,0.04,-3.2085774e-07,2.55938e-07,4.4247764e-07,2.2049193e-08,1.2529897e-07,2.817277e-09,5.485527e-07,-7.772542e-13,-1.4668725e-10,5.5879354e-09,2.3283064e-10,-3.7252903e-09,1.0,-1.489095e-10,-8.781334e-10,-8.472538e-11,0.0,0.0,0.0,0.0,0.0,0.0,0.6279992,0.20473127,0.11011504,0.99998605,-0.002674522,0.004558203,0.00016366309,-0.0032965168,-0.0025638249,0.0013657504,0.024740536,-0.03006884,-0.011271916,0.49139246,0.06397122,0.046825,1.0,0.0,0.0,0.0,0.0,0.0,-0.32700002,0.0,0.0,0.0
0.0,0.0,0.0,0.0,0.0,0.0,1.0,0.6279992,0.20473127,0.11011504,0.49139246,0.06397122,0.046825003,0.46333355,4.734474e-08,0.38548768,0.008603483,0.9216111,0.02046284,0.38747975,-1.1094161e-08,-0.569,1.3151098e-08,-2.81,4.0976356e-09,3.037,0.741,0.04,0.04,-3.2085774e-07,2.55938e-07,4.4247764e-07,2.2049193e-08,1.2529897e-07,2.817277e-09,5.485527e-07,-7.772542e-13,-1.4668725e-10,0.0,0.0,0.0,0.0,0.0,0.0,0.04,0.04,-2.0774422e-08,-0.569,2.6681276e-08,-2.81,8.413629e-09,3.037,0.741,0.04,0.04,-2.8068462e-07,2.7851033e-07,3.900596e-07,2.0944573e-09,1.2684235e-07,9.117849e-11,5.485939e-07,-1.2774001e-12,1.443539e-14,5.5879354e-09,2.3283064e-10,-3.7252903e-09,1.0,-1.489095e-10,-8.781334e-10,-8.472538e-11,0.0,0.0,0.0,0.0,0.0,0.0,0.62789834,0.2048092,0.110062115,0.999987,-0.0030067905,0.0041203075,0.00016704942,0.00093666423,-0.0024039382,-0.0006777788,0.021632396,0.007443226,-0.0021155078,0.49139246,0.06397122,0.027749997,1.0,0.0,0.0,0.0,0.0,0.0,-0.65400004,0.0,0.0,0.0
0.0,0.0,0.0,0.0,0.0,0.0,1.0,0.62789834,0.2048092,0.11006212,0.49139246,0.06397122,0.02775,0.46333355,4.734474e-08,0.38548768,0.008603483,0.9216111,0.02046284,0.38747975,-2.0774422e-08,-0.569,2.6681276e-08,-2.81,8.413629e-09,3.037,0.741,0.04,0.04,-2.8068462e-07,2.7851033e-07,3.900596e-07,2.0944573e-09,1.2684235e-07,9.117849e-11,5.485939e-07,-1.2774001e-12,1.443539e-14,0.0,0.0,0.0,0.0,0.0,0.0,0.04,0.04,-3.0564937e-08,-0.569,4.00586e-08,-2.81,1.2787771e-08,3.037,0.741,0.04,0.04,-2.8205645e-07,2.820746e-07,3.8906447e-07,-7.285975e-10,1.2741637e-07,-3.1591357e-10,5.486028e-07,4.7535587e-13,-4.76974e-14,5.5879354e-09,2.3283064e-10,-3.7252903e-09,1.0,-1.489095e-10,-8.781334e-10,-8.472538e-11,0.0,0.0,0.0,0.0,0.0,0.0,0.62790155,0.20479834,0.11005837,0.999987,-0.0029616694,0.0041330983,0.00016553934,0.00024135713,-0.0005531061,-0.00019316442,0.005286752,0.0017462015,-0.0006747808,0.49139658,0.063964725,0.02099997,1.0,-1.9931456e-06,-9.47811e-07,-2.023977e-06,-4.007135e-06,9.232806e-06,-1.9088699e-05,-0.0012774211,-0.0001598486,-5.0706658e-05
0.0,0.0,0.0,0.0,0.0,0.0,1.0,0.62790155,0.20479834,0.11005837,0.49139658,0.063964725,0.020999974,0.46333355,4.734474e-08,0.38548768,0.008603483,0.9216111,0.02046284,0.38747975,-3.0564937e-08,-0.569,4.00586e-08,-2.81,1.2787771e-08,3.037,0.741,0.04,0.04,-2.8205645e-07,2.820746e-07,3.8906447e-07,-7.285975e-10,1.2741637e-07,-3.1591357e-10,5.486028e-07,4.7535587e-13,-4.76974e-14,0.0,0.0,0.0,0.0,0.0,0.0,0.04,0.04,-4.037404e-08,-0.569,5.3422553e-08,-2.81,1.7170192e-08,3.037,0.741,0.04,0.04,-2.8222178e-07,2.8262485e-07,3.8894717e-07,-1.1681549e-09,1.274992e-07,-3.7920161e-10,5.4860453e-07,3.5679596e-14,-2.3198059e-13,5.5879354e-09,2.3283064e-10,-3.7252903e-09,1.0,-1.489095e-10,-8.781334e-10,-8.472538e-11,0.0,0.0,0.0,0.0,0.0,0.0,0.6278991,0.2048033,0.11006089,0.999987,-0.0029833168,0.004123343,0.00016621909,0.0004495385,7.6530094e-05,-0.00022179545,0.00013969398,0.0043689474,0.00012666362,0.4913954,0.063966066,0.020999985,1.0,-1.3082638e-05,-8.793132e-06,-2.1752276e-06,0.00010700724,6.651815e-05,-0.00021399453,-0.0071326485,0.00090792606,1.3176418e-05
0.0,0.0,0.0,0.0,0.0,0.0,1.0,0.6278991,0.2048033,0.1100609,0.4913954,0.063966066,0.020999989,0.46333355,4.734474e-08,0.38548768,0.008603483,0.9216111,0.02046284,0.38747975,-4.037404e-08,-0.569,5.3422553e-08,-2.81,1.7170192e-08,3.037,0.741,0.04,0.04,-2.8222178e-07,2.8262485e-07,3.8894717e-07,-1.1681549e-09,1.274992e-07,-3.7920161e-10,5.4860453e-07,3.5679596e-14,-2.3198059e-13,0.0,0.0,0.0,0.0,0.0,0.0,0.04,0.04,-5.0185403e-08,-0.569,6.678491e-08,-2.81,2.1553818e-08,3.037,0.741,0.04,0.04,-2.8224198e-07,2.8271003e-07,3.8893322e-07,-1.2368611e-09,1.2751141e-07,-3.8909043e-10,5.4860465e-07,-5.521387e-14,-2.9233284e-13,5.5879354e-09,2.3283064e-10,-3.7252903e-09,1.0,-1.489095e-10,-8.781334e-10,-8.472538e-11,0.0,0.0,0.0,0.0,0.0,0.0,0.6278973,0.20481022,0.11006244,0.999987,-0.0030100683,0.004116588,0.00016779182,0.0013866858,-0.0020145737,-0.0009947759,0.017314387,0.011233396,-0.0024145925,0.49139544,0.06396603,0.02099996,1.0,-1.2188825e-05,-8.61641e-06,-2.0417292e-06,0.00010572181,6.224225e-05,-0.00021195608,-0.0069960286,0.0008828485,1.692001e-05
0.0,0.0,0.0,0.0,0.0,0.0,1.0,0.6278973,0.20481022,0.11006245,0.49139544,0.06396603,0.020999964,0.46333355,4.734474e-08,0.38548768,0.008603483,0.9216111,0.02046284,0.38747975,-5.0185403e-08,-0.569,6.678491e-08,-2.81,2.1553818e-08,3.037,0.741,0.04,0.04,-2.8224198e-07,2.8271003e-07,3.8893322e-07,-1.2368611e-09,1.2751141e-07,-3.8909043e-10,5.4860465e-07,-5.521387e-14,-2.9233284e-13,0.0,0.0,0.0,0.0,0.0,0.0,0.04,0.04,-5.999703e-08,-0.569,8.0147124e-08,-2.81,2.5937622e-08,3.037,0.741,0.04,0.04,-2.8224446e-07,2.8272325e-07,3.8893165e-07,-1.2476049e-09,1.2751327e-07,-3.9051373e-10,5.4860476e-07,-4.5026998e-14,-7.9872453e-13,5.5879354e-09,2.3283064e-10,-3.7252903e-09,1.0,-1.489095e-10,-8.781334e-10,-8.472538e-11,0.0,0.0,0.0,0.0,0.0,0.0,0.62790143,0.2047984,0.1100583,0.9999871,-0.0029620663,0.004132628,0.00016569221,0.00025117726,-0.0005923815,-0.00019822223,0.0056184074,0.0018768206,-0.0006797044,0.49139544,0.06396604,0.02099995,1.0,-1.25533725e-05,-8.717385e-06,-1.9441186e-06,0.0001070271,6.206261e-05,-0.00021231984,-0.007002504,0.0009081936,1.6072576e-05
0.0,0.0,0.0,0.0,0.0,0.0,1.0,0.62790143,0.2047984,0.11005831,0.49139544,0.06396604,0.020999953,0.46333355,4.734474e-08,0.38548768,0.008603483,0.9216111,0.02046284,0.38747975,-5.999703e-08,-0.569,8.0147124e-08,-2.81,2.5937622e-08,3.037,0.741,0.04,0.04,-2.8224446e-07,2.8272325e-07,3.8893165e-07,-1.2476049e-09,1.2751327e-07,-3.9051373e-10,5.4860476e-07,-4.5026998e-14,-7.9872453e-13,0.0,0.0,0.0,0.0,0.0,0.0,0.04,0.04,-6.98087e-08,-0.569,9.350932e-08,-2.81,3.0321456e-08,3.037,0.741,0.04,0.04,-2.8224486e-07,2.827253e-07,3.8893145e-07,-1.2493087e-09,1.275135e-07,-3.9071052e-10,5.4860476e-07,-2.8350637e-14,-9.404593e-13,5.5879354e-09,2.3283064e-10,-3.7252903e-09,1.0,-1.489095e-10,-8.781334e-10,-8.472538e-11,0.0,0.0,0.0,0.0,0.0,0.0,0.62789917,0.20480332,0.110060856,0.99998695,-0.002983369,0.004123758,0.00016617255,0.0004495164,7.682596e-05,-0.00022263922,0.00013830206,0.0043683527,0.00012700631,0.4913954,0.06396605,0.020999944,1.0,-1.2760317e-05,-8.828819e-06,-2.0967736e-06,0.00010688074,6.215816e-05,-0.00021203539,-0.007020145,0.00088370964,1.5902267e-05
0.0,0.0,0.0,0.0,0.0,0.0,1.0,0.62789917,0.20480332,0.110060856,0.4913954,0.06396605,0.020999948,0.46333355,4.734474e-08,0.38548768,0.008603483,0.9216111,0.02046284,0.38747975,-6.98087e-08,-0.569,9.350932e-08,-2.81,3.0321456e-08,3.037,0.741,0.04,0.04,-2.8224486e-07,2.827253e-07,3.8893145e-07,-1.2493087e-09,1.275135e-07,-3.9071052e-10,5.4860476e-07,-2.8350637e-14,-9.404593e-13,0.0,0.0,0.0,0.0,0.0,0.0,0.04,0.04,-7.962037e-08,-0.569,1.0687151e-07,-2.81,3.4705298e-08,3.037,0.741,0.04,0.04,-2.822448e-07,2.827256e-07,3.889313e-07,-1.2495673e-09,1.2751357e-07,-3.9074918e-10,5.4860476e-07,-4.1362713e-14,-9.734438e-13,5.5879354e-09,2.3283064e-10,-3.7252903e-09,1.0,-1.489095e-10,-8.781334e-10,-8.472538e-11,0.0,0.0,0.0,0.0,0.0,0.0,0.6278983,0.20480998,0.11006201,0.99998695,-0.0030096127,0.004120139,0.00016747066,0.0007928546,-0.0023330976,-0.00069293345,0.020539273,0.005990186,-0.0021806518,0.49139544,0.06396605,0.020999944,1.0,-1.2716431e-05,-8.811029e-06,-1.9044284e-06,0.00010630898,6.221211e-05,-0.00021186932,-0.007016576,0.00087272143,1.6291704e-05
0.0,0.0,0.0,0.0,0.0,0.0,1.0,0.6278983,0.20480998,0.11006202,0.49139544,0.06396605,0.020999948,0.46333355,4.734474e-08,0.38548768,0.008603483,0.9216111,0.02046284,0.38747975,-7.962037e-08,-0.569,1.0687151e-07,-2.81,3.4705298e-08,3.037,0.741,0.04,0.04,-2.822448e-07,2.827256e-07,3.889313e-07,-1.2495673e-09,1.2751357e-07,-3.9074918e-10,5.4860476e-07,-4.1362713e-14,-9.734438e-13,0.0,0.0,0.0,0.0,0.0,0.0,0.04,0.04,-8.943205e-08,-0.569,1.202337e-07,-2.81,3.908914e-08,3.037,0.741,0.04,0.04,-2.8224488e-07,2.8272567e-07,3.8893137e-07,-1.2495408e-09,1.2751354e-07,-3.908434e-10,5.486048e-07,-1.6138444e-14,-9.726473e-13,5.5879354e-09,2.3283064e-10,-3.7252903e-09,1.0,-1.489095e-10,-8.781334e-10,-8.472538e-11,0.0,0.0,0.0,0.0,0.0,0.0,0.62790143,0.20479873,0.110058434,0.99998707,-0.002963114,0.0041327407,0.00016565286,0.00028663766,-0.000537868,-0.00013812643,0.0049145124,0.0020640024,-0.00083755516,0.4913954,0.06396605,0.020999944,1.0,-1.2711896e-05,-8.856659e-06,-2.0768077e-06,0.00010688352,6.216344e-05,-0.00021203031,-0.00702003,0.0008838591,1.5893058e-05
0.0,0.0,0.0,0.0,0.0,0.0,1.0,0.62790143,0.20479873,0.11005844,0.4913954,0.06396605,0.020999948,0.46333355,4.734474e-08,0.38548768,0.008603483,0.9216111,0.02046284,0.38747975,-8.943205e-08,-0.569,1.202337e-07,-2.81,3.908914e-08,3.037,0.741,0.04,0.04,-2.8224488e-07,2.8272567e-07,3.8893137e-07,-1.2495408e-09,1.2751354e-07,-3.908434e-10,5.486048e-07,-1.6138444e-14,-9.726473e-13,0.0,0.0,0.0,0.0,0.0,0.0,0.04,0.04,-9.9243735e-08,-0.569,1.3359579e-07,-2.81,4.3472983e-08,3.037,0.741,0.04,0.04,-2.8224488e-07,2.8272567e-07,3.889313e-07,-1.2495731e-09,1.2751353e-07,-3.9082163e-10,5.4860476e-07,-4.5778675e-15,-9.17304e-13,5.5879354e-09,2.3283064e-10,-3.7252903e-09,1.0,-1.489095e-10,-8.781334e-10,-8.472538e-11,0.0,0.0,0.0,0.0,0.0,0.0,0.6278991,0.20480326,0.110060886,0.99998707,-0.0029831084,0.004123536,0.00016615613,0.0004484578,7.6221826e-05,-0.00022241664,0.00014376918,0.004358603,0.0001271578,0.49139544,0.06396605,0.020999944,1.0,-1.2667835e-05,-8.83936e-06,-1.8844412e-06,0.00010627617,6.227298e-05,-0.00021186506,-0.0070173754,0.00087239116,1.626208e-05
0.0,0.0,0.0,0.0,0.0,0.0,1.0,0.6278991,0.20480326,0.110060886,0.49139544,0.06396605,0.020999948,0.46333355,4.734474e-08,0.38548768,0.008603483,0.9216111,0.02046284,0.38747975,-9.9243735e-08,-0.569,1.3359579e-07,-2.81,4.3472983e-08,3.037,0.741,0.04,0.04,-2.8224488e-07,2.8272567e-07,3.889313e-07,-1.2495731e-09,1.2751353e-07,-3.9082163e-10,5.4860476e-07,-4.5778675e-15,-9.17304e-13,0.0,0.0,0.0,0.0,0.0,0.0,0.04,0.04,-1.0905542e-07,-0.569,1.4695789e-07,-2.81,4.7856826e-08,3.037,0.741,0.04,0.04,-2.8224488e-07,2.8272567e-07,3.8893137e-07,-1.2495754e-09,1.2751357e-07,-3.9082937e-10,5.4860476e-07,-6.509736e-15,-9.86797e-13,5.5879354e-09,2.3283064e-10,-3.7252903e-09,1.0,-1.489095e-10,-8.781334e-10,-8.472538e-11,0.0,0.0,0.0,0.0,0.0,0.0,0.6278973,0.20481023,0.11006242,0.9999869,-0.0030100637,0.0041164258,0.00016798759,0.001383479,-0.0020021203,-0.0009942866,0.01719806,0.0111998655,-0.0024060267,0.49139544,0.06396604,0.02099993,1.0,-1.2460592e-05,-8.329075e-06,-2.0638859e-06,0.00010872742,6.0845323e-05,-0.00021302614,-0.006976818,0.0009584049,1.6076856e-05
0.0,0.0,0.0,0.0,0.0,0.0,1.0,0.6278973,0.20481023,0.11006242,0.49139544,0.06396604,0.020999935,0.46333355,4.734474e-08,0.38548768,0.008603483,0.9216111,0.02046284,0.38747975,-1.0905542e-07,-0.569,1.4695789e-07,-2.81,4.7856826e-08,3.037,0.741,0.04,0.04,-2.8224488e-07,2.8272567e-07,3.8893137e-07,-1.2495754e-09,1.2751357e-07,-3.9082937e-10,5.4860476e-07,-6.509736e-15,-9.86797e-13,0.0,0.0,0.0,0.0,0.0,0.0,0.04,0.04,-1.18867106e-07,-0.569,1.6031998e-07,-2.81,5.224067e-08,3.037,0.741,0.04,0.04,-2.8224488e-07,2.8272567e-07,3.8893134e-07,-1.2495588e-09,1.2751356e-07,-3.9084025e-10,5.486048e-07,-1.1900606e-14,-9.604088e-13,5.5879354e-09,2.3283064e-10,-3.7252903e-09,1.0,-1.489095e-10,-8.781334e-10,-8.472538e-11,0.0,0.0,0.0,0.0,0.0,0.0,0.62790143,0.20479842,0.1100583,0.9999871,-0.0029622247,0.0041328743,0.00016559697,0.00025282145,-0.0005820809,-0.0001885528,0.005505686,0.0018703239,-0.0006950182,0.49139544,0.06396604,0.02099999,1.0,-1.2827233e-05,-8.548142e-06,-2.1690369e-06,0.00010494822,6.318621e-05,-0.00021223616,-0.0069961576,0.0008919387,1.6996202e-05
0.0,0.0,0.0,0.0,0.0,0.0,1.0,0.62790143,0.20479842,0.11005831,0.49139544,0.06396604,0.020999994,0.46333355,4.734474e-08,0.38548768,0.008603483,0.9216111,0.02046284,0.38747975,-1.18867106e-07,-0.569,1.6031998e-07,-2.81,5.224067e-08,3.037,0.741,0.04,0.04,-2.8224488e-07,2.8272567e-07,3.8893134e-07,-1.2495588e-09,1.2751356e-07,-3.9084025e-10,5.486048e-07,-1.1900606e-14,-9.604088e-13,0.0,0.0,0.0,0.0,0.0,0.0,0.04,0.04,-1.2867878e-07,-0.569,1.7368208e-07,-2.81,5.662451e-08,3.037,0.741,0.04,0.04,-2.822449e-07,2.8272567e-07,3.889313e-07,-1.2495871e-09,1.2751356e-07,-3.908041e-10,5.486047e-07,-1.0355306e-14,-9.201476e-13,5.5879354e-09,2.3283064e-10,-3.7252903e-09,1.0,-1.489095e-10,-8.781334e-10,-8.472538e-11,0.0,0.0,0.0,0.0,0.0,0.0,0.6278991,0.20480329,0.11006087,0.99998707,-0.0029832162,0.0041233925,0.00016621967,0.00045041688,7.587619e-05,-0.00022114259,0.00014427214,0.004377324,0.00012530408,0.49139544,0.06396605,0.020999994,1.0,-1.2744294e-05,-8.584477e-06,-1.9561642e-06,0.00010725414,6.1667124e-05,-0.00021272627,-0.006982879,0.00093220983,1.6534168e-05
0.0,0.0,0.0,0.0,0.0,0.0,1.0,0.6278991,0.20480329,0.11006087,0.49139544,0.06396605,0.020999998,0.46333355,4.734474e-08,0.38548768,0.008603483,0.9216111,0.02046284,0.38747975,-1.2867878e-07,-0.569,1.7368208e-07,-2.81,5.662451e-08,3.037,0.741,0.04,0.04,-2.822449e-07,2.8272567e-07,3.889313e-07,-1.2495871e-09,1.2751356e-07,-3.908041e-10,5.486047e-07,-1.0355306e-14,-9.201476e-13,0.0,0.0,0.0,0.0,0.0,0.0,0.04,0.04,-1.3849044e-07,-0.569,1.8704418e-07,-2.81,6.100834e-08,3.037,0.741,0.04,0.04,-2.8224488e-07,2.8272567e-07,3.889314e-07,-1.2495812e-09,1.2751354e-07,-3.9078246e-10,5.4860476e-07,-6.441401e-15,-9.398868e-13,5.5879354e-09,2.3283064e-10,-3.7252903e-09,1.0,-1.489095e-10,-8.781334e-10,-8.472538e-11,0.0,0.0,0.0,0.0,0.0,0.0,0.6278973,0.20481022,0.11006239,0.99998695,-0.003009895,0.004116391,0.0001679256,0.0013850143,-0.0020089853,-0.0009938843,0.017263608,0.011219089,-0.0024099278,0.49139547,0.06396606,0.02099999,1.0,-1.2730072e-05,-8.552135e-06,-1.9576505e-06,0.00010703314,6.208902e-05,-0.00021232139,-0.0070027853,0.00090845587,1.6038823e-05
0.0,0.0,0.0,0.0,0.0,0.0,1.0,0.6278973,0.20481022,0.11006239,0.49139547,0.06396606,0.020999994,0.46333355,4.734474e-08,0.38548768,0.008603483,0.9216111,0.02046284,0.38747975,-1.3849044e-07,-0.569,1.8704418e-07,-2.81,6.100834e-08,3.037,0.741,0.04,0.04,-2.8224488e-07,2.8272567e-07,3.889314e-07,-1.2495812e-09,1.2751354e-07,-3.9078246e-10,5.4860476e-07,-6.441401e-15,-9.398868e-13,0.0,0.0,0.0,0.0,0.0,0.0,0.04,0.04,-1.4830209e-07,-0.569,2.0040628e-07,-2.81,6.5392165e-08,3.037,0.741,0.04,0.04,-2.8224483e-07,2.8272567e-07,3.889313e-07,-1.2495389e-09,1.2751354e-07,-3.9081763e-10,5.4860476e-07,-3.5385513e-14,-9.0705725e-13,5.5879354e-09,2.3283064e-10,-3.7252903e-09,1.0,-1.489095e-10,-8.781334e-10,-8.472538e-11,0.0,0.0,0.0,0.0,0.0,0.0,0.6279015,0.20479839,0.11005833,0.9999871,-0.0029620384,0.0041327914,0.00016571916,0.00025379282,-0.0005989076,-0.00020002958,0.0056713293,0.0019099906,-0.0006805936,0.49139544,0.06396604,0.020999994,1.0,-1.2630021e-05,-8.617941e-06,-1.9985343e-06,0.00010729506,6.1793806e-05,-0.00021274314,-0.0069859233,0.0009332116,1.6383257e-05
0.0,0.0,0.0,0.0,0.0,0.0,1.0,0.6279015,0.20479839,0.11005834,0.49139544,0.06396604,0.020999998,0.46333355,4.734474e-08,0.38548768,0.008603483,0.9216111,0.02046284,0.38747975,-1.4830209e-07,-0.569,2.0040628e-07,-2.81,6.5392165e-08,3.037,0.741,0.04,0.04,-2.8224483e-07,2.8272567e-07,3.889313e-07,-1.2495389e-09,1.2751354e-07,-3.9081763e-10,5.4860476e-07,-3.5385513e-14,-9.0705725e-13,0.0,0.0,0.0,0.0,0.0,0.0,0.04,0.04,-1.5811375e-07,-0.569,2.1376837e-07,-2.81,6.9775986e-08,3.037,0.741,0.04,0.04,-2.822449e-07,2.8272567e-07,3.8893145e-07,-1.2496064e-09,1.2751357e-07,-3.9074732e-10,5.4860476e-07,-3.7427963e-14,-9.604891e-13,5.5879354e-09,2.3283064e-10,-3.7252903e-09,1.0,-1.489095e-10,-8.781334e-10,-8.472538e-11,0.0,0.0,0.0,0.0,0.0,0.0,0.62789917,0.20480333,0.11006082,0.99998695,-0.0029835487,0.00412344,0.0001662835,0.00045133862,7.488823e-05,-0.00022133351,0.00015438053,0.0043860464,0.00012495204,0.49139544,0.06396604,0.02099999,1.0,-1.2633332e-05,-8.619038e-06,-2.1016187e-06,0.000105136285,6.2886895e-05,-0.00021227488,-0.0069922297,0.0008943902,1.7138069e-05
0.0,0.0,0.0,0.0,0.0,0.0,1.0,0.62789917,0.20480333,0.110060826,0.49139544,0.06396604,0.020999994,0.46333355,4.734474e-08,0.38548768,0.008603483,0.9216111,0.02046284,0.38747975,-1.5811375e-07,-0.569,2.1376837e-07,-2.81,6.9775986e-08,3.037,0.741,0.04,0.04,-2.822449e-07,2.8272567e-07,3.8893145e-07,-1.2496064e-09,1.2751357e-07,-3.9074732e-10,5.4860476e-07,-3.7427963e-14,-9.604891e-13,0.0,0.0,0.0,0.0,0.0,0.0,0.04,0.04,-1.679254e-07,-0.569,2.2713047e-07,-2.81,7.415981e-08,3.037,0.741,0.04,0.04,-2.8224488e-07,2.8272564e-07,3.8893134e-07,-1.2495882e-09,1.2751357e-07,-3.90857e-10,5.486047e-07,-3.025555e-14,-9.394417e-13,5.5879354e-09,2.3283064e-10,-3.7252903e-09,1.0,-1.489095e-10,-8.781334e-10,-8.472538e-11,0.0,0.0,0.0,0.0,0.0,0.0,0.6278973,0.20481022,0.11006244,0.999987,-0.003010086,0.00411637,0.00016789693,0.0013851189,-0.0020056244,-0.0009955997,0.017227564,0.011212616,-0.0024104924,0.49139544,0.06396605,0.020999987,1.0,-1.2621713e-05,-8.572292e-06,-1.9660508e-06,0.000107232096,6.1760016e-05,-0.00021272506,-0.0069844527,0.0009321405,1.647378e-05
0.0,0.0,0.0,0.0,0.0,0.0,1.0,0.6278973,0.20481022,0.11006245,0.49139544,0.06396605,0.02099999,0.46333355,4.734474e-08,0.38548768,0.008603483,0.9216111,0.02046284,0.38747975,-1.679254e-07,-0.569,2.2713047e-07,-2.81,7.415981e-08,3.037,0.741,0.04,0.04,-2.8224488e-07,2.8272564e-07,3.8893134e-07,-1.2495882e-09,1.2751357e-07,-3.90857e-10,5.486047e-07,-3.025555e-14,-9.394417e-13,0.0,0.0,0.0,0.0,0.0,0.0,0.04,0.04,-1.7773706e-07,-0.569,2.4049257e-07,-2.81,7.854363e-08,3.037,0.741,0.04,0.04,-2.8224494e-07,2.8272567e-07,3.8893143e-07,-1.249561e-09,1.2751356e-07,-3.9078918e-10,5.486047e-07,-2.966007e-14,-9.779892e-13,5.5879354e-09,2.3283064e-10,-3.7252903e-09,1.0,-1.489095e-10,-8.781334e-10,-8.472538e-11,0.0,0.0,0.0,0.0,0.0,0.0,0.6279015,0.20479842,0.11005833,0.99998707,-0.0029622265,0.004132827,0.00016561043,0.00024808978,-0.00055121834,-0.00018560849,0.0052416986,0.0017948163,-0.0006947424,0.49139544,0.06396605,0.020999985,1.0,-1.2765226e-05,-8.685857e-06,-2.1065023e-06,0.00010507763,6.30399e-05,-0.00021226157,-0.006994567,0.0008937116,1.7036782e-05
0.0,0.0,0.0,0.0,0.0,0.0,1.0,0.6279015,0.20479842,0.11005834,0.49139544,0.06396605,0.020999989,0.46333355,4.734474e-08,0.38548768,0.008603483,0.9216111,0.02046284,0.38747975,-1.7773706e-07,-0.569,2.4049257e-07,-2.81,7.854363e-08,3.037,0.741,0.04,0.04,-2.8224494e-07,2.8272567e-07,3.8893143e-07,-1.249561e-09,1.2751356e-07,-3.9078918e-10,5.486047e-07,-2.966007e-14,-9.779892e-13,0.0,0.0,0.0,0.0,0.0,0.0,0.04,0.04,-1.8754872e-07,-0.569,2.538548e-07,-2.81,8.292745e-08,3.037,0.741,0.04,0.04,-2.8224486e-07,2.8272567e-07,3.8893134e-07,-1.249604e-09,1.2751359e-07,-3.9078585e-10,5.486048e-07,-1.3032788e-14,-9.564325e-13,5.5879354e-09,2.3283064e-10,-3.7252903e-09,1.0,-1.489095e-10,-8.781334e-10,-8.472538e-11,0.0,0.0,0.0,0.0,0.0,0.0,0.62789917,0.20480326,0.11006081,0.99998707,-0.002982889,0.004123596,0.000166156,0.0004494216,7.4030075e-05,-0.00022444692,0.00016988216,0.0043675583,0.00012706684,0.49139544,0.06396606,0.020999981,1.0,-1.29026375e-05,-8.753268e-06,-1.970211e-06,0.000107021646,6.206043e-05,-0.0002123232,-0.0070023583,0.0009081094,1.6071346e-05
0.0,0.0,0.0,0.0,0.0,0.0,1.0,0.62789917,0.20480326,0.11006081,0.49139544,0.06396606,0.020999985,0.46333355,4.734474e-08,0.38548768,0.008603483,0.9216111,0.02046284,0.38747975,-1.8754872e-07,-0.569,2.538548e-07,-2.81,8.292745e-08,3.037,0.741,0.04,0.04,-2.8224486e-07,2.8272567e-07,3.8893134e-07,-1.249604e-09,1.2751359e-07,-3.9078585e-10,5.486048e-07,-1.3032788e-14,-9.564325e-13,0.0,0.0,0.0,0.0,0.0,0.0,0.04,0.04,-1.9736038e-07,-0.569,2.6721705e-07,-2.81,8.731127e-08,3.037,0.741,0.04,0.04,-2.822449e-07,2.8272567e-07,3.8893134e-07,-1.2496066e-09,1.2751354e-07,-3.9085643e-10,5.486047e-07,-3.6411612e-14,-9.821787e-13,5.5879354e-09,2.3283064e-10,-3.7252903e-09,1.0,-1.489095e-10,-8.781334e-10,-8.472538e-11,0.0,0.0,0.0,0.0,0.0,0.0,0.6278973,0.2048102,0.11006243,0.999987,-0.0030100083,0.0041163573,0.0001679033,0.0013854981,-0.0020026953,-0.0009951323,0.017200762,0.011221471,-0.0024083972,0.49139544,0.06396604,0.020999977,1.0,-1.2468676e-05,-8.216496e-06,-2.0920377e-06,0.00010869434,6.0907663e-05,-0.00021301517,-0.0069777123,0.0009579452,1.604324e-05
0.0,0.0,0.0,0.0,0.0,0.0,1.0,0.6278973,0.2048102,0.110062435,0.49139544,0.06396604,0.020999981,0.46333355,4.734474e-08,0.38548768,0.008603483,0.9216111,0.02046284,0.38747975,-1.9736038e-07,-0.569,2.6721705e-07,-2.81,8.731127e-08,3.037,0.741,0.04,0.04,-2.822449e-07,2.8272567e-07,3.8893134e-07,-1.2496066e-09,1.2751354e-07,-3.9085643e-10,5.486047e-07,-3.6411612e-14,-9.821787e-13,0.0,0.0,0.0,0.0,0.0,0.0,0.04,0.04,-2.0717204e-07,-0.569,2.805793e-07,-2.81,9.169509e-08,3.037,0.741,0.04,0.04,-2.8224486e-07,2.8272567e-07,3.889313e-07,-1.2495526e-09,1.2751356e-07,-3.908232e-10,5.486048e-07,-4.4144877e-14,-9.730912e-13,5.5879354e-09,2.3283064e-10,-3.7252903e-09,1.0,-1.489095e-10,-8.781334e-10,-8.472538e-11,0.0,0.0,0.0,0.0,0.0,0.0,0.62790143,0.20479845,0.110058405,0.999987,-0.0029626123,0.0041327034,0.00016559528,0.00024649804,-0.00051922305,-0.0001780559,0.0049455822,0.0017420421,-0.00070738845,0.49139544,0.06396604,0.020999977,1.0,-1.2597605e-05,-8.4023095e-06,-2.2214485e-06,0.00010497941,6.312065e-05,-0.00021224277,-0.006995126,0.00089234114,1.7039207e-05
0.0,0.0,0.0,0.0,0.0,0.0,1.0,0.62790143,0.20479845,0.11005841,0.49139544,0.06396604,0.020999981,0.46333355,4.734474e-08,0.38548768,0.008603483,0.9216111,0.02046284,0.38747975,-2.0717204e-07,-0.569,2.805793e-07,-2.81,9.169509e-08,3.037,0.741,0.04,0.04,-2.8224486e-07,2.8272567e-07,3.889313e-07,-1.2495526e-09,1.2751356e-07,-3.908232e-10,5.486048e-07,-4.4144877e-14,-9.730912e-13,0.0,0.0,0.0,0.0,0.0,0.0,0.04,0.04,-2.169837e-07,-0.569,2.9394153e-07,-2.81,9.6078914e-08,3.037,0.741,0.04,0.04,-2.8224488e-07,2.8272567e-07,3.889313e-07,-1.2495673e-09,1.2751357e-07,-3.9087933e-10,5.4860493e-07,-6.7044304e-14,-9.58379e-13,5.5879354e-09,2.3283064e-10,-3.7252903e-09,1.0,-1.489095e-10,-8.781334e-10,-8.472538e-11,0.0,0.0,0.0,0.0,0.0,0.0,0.62789917,0.20480329,0.11006084,0.999987,-0.002983051,0.004123612,0.00016619507,0.00044804913,7.701514e-05,-0.00022409488,0.00014004826,0.004354347,0.00012882026,0.49139544,0.06396604,0.020999981,1.0,-1.2499035e-05,-8.435196e-06,-2.0067723e-06,0.00010722859,6.175767e-05,-0.00021271987,-0.006984032,0.00093235716,1.647517e-05
0.0,0.0,0.0,0.0,0.0,0.0,1.0,0.62789917,0.20480329,0.11006084,0.49139544,0.06396604,0.020999985,0.46333355,4.734474e-08,0.38548768,0.008603483,0.9216111,0.02046284,0.38747975,-2.169837e-07,-0.569,2.9394153e-07,-2.81,9.6078914e-08,3.037,0.741,0.04,0.04,-2.8224488e-07,2.8272567e-07,3.889313e-07,-1.2495673e-09,1.2751357e-07,-3.9087933e-10,5.4860493e-07,-6.7044304e-14,-9.58379e-13,0.0,0.0,0.0,0.0,0.0,0.0,0.04,0.04,-2.2679535e-07,-0.569,3.0730376e-07,-2.81,1.00462735e-07,3.037,0.741,0.04,0.04,-2.8224488e-07,2.8272567e-07,3.8893134e-07,-1.2496183e-09,1.2751356e-07,-3.9084386e-10,5.486047e-07,-4.0484228e-14,-9.915122e-13,5.5879354e-09,2.3283064e-10,-3.7252903e-09,1.0,-1.489095e-10,-8.781334e-10,-8.472538e-11,0.0,0.0,0.0,0.0,0.0,0.0,0.6278973,0.2048102,0.11006242,0.999987,-0.0030099584,0.0041163634,0.00016787331,0.0013867149,-0.0020093366,-0.0009960366,0.017261146,0.011229168,-0.0024137269,0.49139544,0.06396604,0.020999977,1.0,-1.2622018e-05,-8.508714e-06,-1.927766e-06,0.000107263775,6.1698935e-05,-0.00021272096,-0.006983199,0.00093262654,1.6492597e-05
0.0,0.0,0.0,0.0,0.0,0.0,1.0,0.6278973,0.2048102,0.11006242,0.49139544,0.06396604,0.020999981,0.46333355,4.734474e-08,0.38548768,0.008603483,0.9216111,0.02046284,0.38747975,-2.2679535e-07,-0.569,3.0730376e-07,-2.81,1.00462735e-07,3.037,0.741,0.04,0.04,-2.8224488e-07,2.8272567e-07,3.8893134e-07,-1.2496183e-09,1.2751356e-07,-3.9084386e-10,5.486047e-07,-4.0484228e-14,-9.915122e-13,0.0,0.0,0.0,0.0,0.0,0.0,0.04,0.04,-2.3660701e-07,-0.569,3.20666e-07,-2.81,1.04846556e-07,3.037,0.741,0.04,0.04,-2.822449e-07,2.8272567e-07,3.8893137e-07,-1.2495693e-09,1.2751359e-07,-3.9082937e-10,5.486049e-07,-3.0518075e-14,-9.988721e-13,5.5879354e-09,2.3283064e-10,-3.7252903e-09,1.0,-1.489095e-10,-8.781334e-10,-8.472538e-11,0.0,0.0,0.0,0.0,0.0,0.0,0.62790143,0.20479839,0.11005846,0.99998707,-0.002961969,0.0041328734,0.00016558725,0.0002493252,-0.00053071114,-0.00017902057,0.0050455215,0.0017749245,-0.00071082474,0.49139547,0.06396605,0.020999974,1.0,-1.26081e-05,-8.476401e-06,-1.9292122e-06,0.00010702951,6.2089275e-05,-0.00021232142,-0.0070028193,0.0009083468,1.6041564e-05
0.0,0.0,0.0,0.0,0.0,0.0,1.0,0.62790143,0.20479839,0.11005846,0.49139547,0.06396605,0.020999977,0.46333355,4.734474e-08,0.38548768,0.008603483,0.9216111,0.02046284,0.38747975,-2.3660701e-07,-0.569,3.20666e-07,-2.81,1.04846556e-07,3.037,0.741,0.04,0.04,-2.822449e-07,2.8272567e-07,3.8893137e-07,-1.2495693e-09,1.2751359e-07,-3.9082937e-10,5.486049e-07,-3.0518075e-14,-9.988721e-13,0.0,0.0,0.0,0.0,0.0,0.0,0.04,0.04,-2.4641864e-07,-0.569,3.3402824e-07,-2.81,1.0923038e-07,3.037,0.741,0.04,0.04,-2.8224474e-07,2.8272567e-07,3.8893128e-07,-1.2495688e-09,1.2751353e-07,-3.908194e-10,5.486049e-07,-3.123007e-14,-9.836719e-13,5.5879354e-09,2.3283064e-10,-3.7252903e-09,1.0,-1.489095e-10,-8.781334e-10,-8.472538e-11,0.0,0.0,0.0,0.0,0.0,0.0,0.62789917,0.2048033,0.110060826,0.99998707,-0.0029831524,0.0041236193,0.00016615159,0.00045008722,7.460668e-05,-0.00022460338,0.0001670614,0.0043748454,0.00012834065,0.49139544,0.06396605,0.02099997,1.0,-1.275168e-05,-8.577621e-06,-2.010523e-06,0.00010706598,6.218629e-05,-0.00021234648,-0.0070056613,0.000908937,1.5927328e-05
0.0,0.0,0.0,0.0,0.0,0.0,1.0,0.62789917,0.2048033,0.110060826,0.49139544,0.06396605,0.020999974,0.46333355,4.734474e-08,0.38548768,0.008603483,0.9216111,0.02046284,0.38747975,-2.4641864e-07,-0.569,3.3402824e-07,-2.81,1.0923038e-07,3.037,0.741,0.04,0.04,-2.8224474e-07,2.8272567e-07,3.8893128e-07,-1.2495688e-09,1.2751353e-07,-3.908194e-10,5.486049e-07,-3.123007e-14,-9.836719e-13,0.0,0.0,0.0,0.0,0.0,0.0,0.04,0.04,-2.5623027e-07,-0.569,3.4739048e-07,-2.81,1.136142e-07,3.037,0.741,0.04,0.04,-2.8224477e-07,2.8272567e-07,3.889313e-07,-1.249582e-09,1.2751359e-07,-3.9080839e-10,5.4860476e-07,-6.0503306e-14,-9.323929e-13,5.5879354e-09,2.3283064e-10,-3.7252903e-09,1.0,-1.489095e-10,-8.781334e-10,-8.472538e-11,0.0,0.0,0.0,0.0,0.0,0.0,0.6278973,0.20481019,0.110062435,0.99998695,-0.0030097477,0.0041164365,0.00016787366,0.0013866142,-0.002007983,-0.0009951098,0.017251268,0.011233437,-0.002411324,0.49139544,0.06396605,0.020999974,1.0,-1.2648886e-05,-8.622034e-06,-1.951874e-06,0.00010722754,6.176127e-05,-0.00021271573,-0.0069841407,0.00093213265,1.6462536e-05
0.0,0.0,0.0,0.0,0.0,0.0,1.0,0.6278973,0.20481019,0.110062435,0.49139544,0.06396605,0.020999977,0.46333355,4.734474e-08,0.38548768,0.008603483,0.9216111,0.02046284,0.38747975,-2.5623027e-07,-0.569,3.4739048e-07,-2.81,1.136142e-07,3.037,0.741,0.04,0.04,-2.8224477e-07,2.8272567e-07,3.889313e-07,-1.249582e-09,1.2751359e-07,-3.9080839e-10,5.4860476e-07,-6.0503306e-14,-9.323929e-13,0.0,0.0,0.0,0.0,0.0,0.0,0.04,0.04,-2.660419e-07,-0.569,3.6075272e-07,-2.81,1.1799802e-07,3.037,0.741,0.04,0.04,-2.822448e-07,2.8272567e-07,3.8893134e-07,-1.2495698e-09,1.2751359e-07,-3.9082798e-10,5.486049e-07,7.3458085e-16,-9.670298e-13,5.5879354e-09,2.3283064e-10,-3.7252903e-09,1.0,-1.489095e-10,-8.781334e-10,-8.472538e-11,0.0,0.0,0.0,0.0,0.0,0.0,0.6279015,0.20479842,0.11005839,0.9999871,-0.0029620915,0.0041327756,0.00016564484,0.00025002085,-0.0005406332,-0.00018234176,0.005140994,0.0017908124,-0.00070778903,0.49139544,0.06396604,0.020999977,1.0,-1.2734985e-05,-8.786109e-06,-2.0925133e-06,0.000104975086,6.292639e-05,-0.00021195771,-0.007007752,0.00086970296,1.7023149e-05
0.0,0.0,0.0,0.0,0.0,0.0,1.0,0.6279015,0.20479842,0.1100584,0.49139544,0.06396604,0.020999981,0.46333355,4.734474e-08,0.38548768,0.008603483,0.9216111,0.02046284,0.38747975,-2.660419e-07,-0.569,3.6075272e-07,-2.81,1.1799802e-07,3.037,0.741,0.04,0.04,-2.822448e-07,2.8272567e-07,3.8893134e-07,-1.2495698e-09,1.2751359e-07,-3.9082798e-10,5.486049e-07,7.3458085e-16,-9.670298e-13,0.0,0.0,0.0,0.0,0.0,0.0,0.04,0.04,-2.7585352e-07,-0.569,3.7411496e-07,-2.81,1.2238183e-07,3.037,0.741,0.04,0.04,-2.822448e-07,2.8272567e-07,3.889313e-07,-1.2495763e-09,1.2751354e-07,-3.9083972e-10,5.486049e-07,-1.3918527e-14,-9.882707e-13,5.5879354e-09,2.3283064e-10,-3.7252903e-09,1.0,-1.489095e-10,-8.781334e-10,-8.472538e-11,0.0,0.0,0.0,0.0,0.0,0.0,0.6278991,0.20480329,0.110060796,0.99998707,-0.0029831233,0.00412356,0.00016622388,0.00045045232,7.443869e-05,-0.00022171256,0.00015970107,0.004377766,0.0001251237,0.49139544,0.06396605,0.020999977,1.0,-1.27289395e-05,-8.801408e-06,-2.1209546e-06,0.00010480234,6.314069e-05,-0.00021156287,-0.007024763,0.0008459009,1.668508e-05
0.0,0.0,0.0,0.0,0.0,0.0,1.0,0.6278991,0.20480329,0.110060796,0.49139544,0.06396605,0.020999981,0.46333355,4.734474e-08,0.38548768,0.008603483,0.9216111,0.02046284,0.38747975,-2.7585352e-07,-0.569,3.7411496e-07,-2.81,1.2238183e-07,3.037,0.741,0.04,0.04,-2.822448e-07,2.8272567e-07,3.889313e-07,-1.2495763e-09,1.2751354e-07,-3.9083972e-10,5.486049e-07,-1.3918527e-14,-9.882707e-13,0.0,0.0,0.0,0.0,0.0,0.0,0.04,0.04,-2.698245e-07,-0.569,3.7007243e-07,-2.81,1.3286567e-07,3.037,0.741,0.04,0.04,5.969139e-07,-7.255159e-07,-7.531775e-07,-1.0872874e-06,4.9748223e-07,-3.8712558e-09,-4.6663305e-11,-1.0681741e-09,3.0631723e-12,5.5879354e-09,2.3283064e-10,-3.7252903e-09,1.0,-1.489095e-10,-8.781334e-10,-8.472538e-11,0.0,0.0,0.0,0.0,0.0,0.0,0.6278973,0.20481023,0.11006239,0.999987,-0.00301028,0.004116233,0.00016795399,0.0013867575,-0.0020132372,-0.0009959815,0.017298525,0.011228409,-0.0024156785,0.4913954,0.06396605,0.020999977,1.0,-1.27144385e-05,-8.843233e-06,-2.2725012e-06,0.000105400904,6.284448e-05,-0.0002116878,-0.0070227985,0.0008568336,1.6472044e-05
0.0,0.0,0.0,0.0,0.0,0.0,1.0,0.6278973,0.20481023,0.11006239,0.4913954,0.06396605,0.020999981,0.46333355,4.734474e-08,0.38548768,0.008603483,0.9216111,0.02046284,0.38747975,-2.698245e-07,-0.569,3.7007243e-07,-2.81,1.3286567e-07,3.037,0.741,0.04,0.04,5.969139e-07,-7.255159e-07,-7.531775e-07,-1.0872874e-06,4.9748223e-07,-3.8712558e-09,-4.6663305e-11,-1.0681741e-09,3.0631723e-12,0.0,0.0,0.0,0.0,0.0,0.0,0.04,0.04,-2.8171974e-07,-0.569,3.8015446e-07,-2.81,1.3767547e-07,3.037,0.741,0.04,0.04,-3.051313e-07,2.671357e-07,3.707296e-07,5.1415943e-09,1.2907351e-07,8.4658e-10,5.486134e-07,-9.250381e-13,-1.5780298e-10,5.5879354e-09,2.3283064e-10,-3.7252903e-09,1.0,-1.489095e-10,-8.781334e-10,-8.472538e-11,0.0,0.0,0.0,0.0,0.0,0.0,0.6279015,0.20479839,0.110058345,0.99998707,-0.002961973,0.004132787,0.0001656293,0.00024970417,-0.00056979264,-0.000191689,0.0054199276,0.0018281526,-0.000688526,0.49139544,0.06396605,0.020999977,1.0,-1.269046e-05,-8.850523e-06,-2.1478327e-06,0.000107493084,6.16977e-05,-0.00021214501,-0.0070146415,0.00089468603,1.5834223e-05
0.0,0.0,0.0,0.0,0.0,0.0,1.0,0.6279015,0.20479839,0.11005835,0.49139544,0.06396605,0.020999981,0.4633336,1.04271834e-07,0.38548777,0.008603513,0.92161095,0.02046293,0.38747978,-2.8171974e-07,-0.569,3.8015446e-07,-2.81,1.3767547e-07,3.037,0.741,0.04,0.04,-3.051313e-07,2.671357e-07,3.707296e-07,5.1415943e-09,1.2907351e-07,8.4658e-10,5.486134e-07,-9.250381e-13,-1.5780298e-10,0.0,0.0,0.0,0.0,0.0,0.0,0.04,0.04,-2.8867348e-07,-0.569,3.8708268e-07,-2.81,1.2630028e-07,3.037,0.741,0.04,0.04,-8.5427257e-07,5.8595793e-07,9.832635e-07,9.828454e-07,-5.5609024e-07,-9.935983e-09,2.746661e-07,-2.036129e-12,-1.196357e-09,5.5879354e-09,2.3283064e-10,-3.7252903e-09,1.0,-1.489095e-10,-8.781334e-10,-8.472538e-11,0.0,0.0,0.0,0.0,0.0,0.0,0.62789917,0.2048033,0.110060886,0.99998707,-0.0029833224,0.0041235127,0.00016629108,0.00044989356,7.581024e-05,-0.00022497778,0.00015697663,0.004373116,0.0001296798,0.49139544,0.06396605,0.020999977,1.0,-1.2659628e-05,-8.869969e-06,-2.1347555e-06,0.00010480406,6.314604e-05,-0.00021155458,-0.0070248367,0.0008457477,1.666535e-05
0.0,0.0,0.0,0.0,0.0,0.0,1.0,0.62789917,0.2048033,0.110060886,0.49139544,0.06396605,0.020999981,0.4633336,1.04271834e-07,0.38548777,0.008603513,0.92161095,0.02046293,0.38747978,-2.8867348e-07,-0.569,3.8708268e-07,-2.81,1.2630028e-07,3.037,0.741,0.04,0.04,-8.5427257e-07,5.8595793e-07,9.832635e-07,9.828454e-07,-5.5609024e-07,-9.935983e-09,2.746661e-07,-2.036129e-12,-1.196357e-09,0.0,0.0,0.0,0.0,0.0,0.0,0.04,0.04,-2.7194758e-07,-0.569,3.7231678e-07,-2.81,1.2030046e-07,3.037,0.741,0.04,0.04,4.4471273e-07,-2.8320562e-07,-5.252909e-07,5.1784106e-09,-1.512868e-07,-1.0975391e-06,-8.22933e-07,-2.1921237e-10,7.071162e-13,5.5879354e-09,2.3283064e-10,-3.7252903e-09,1.0,-1.489095e-10,-8.781334e-10,-8.472538e-11,0.0,0.0,0.0,0.0,0.0,0.0,0.6278973,0.20481023,0.110062435,0.999987,-0.0030102704,0.0041161804,0.00016787059,0.0013869558,-0.0020133979,-0.0009952709,0.01730171,0.011234686,-0.0024148892,0.4913954,0.06396605,0.020999977,1.0,-1.264617e-05,-8.870943e-06,-2.0641405e-06,0.00010687867,6.226733e-05,-0.00021203865,-0.007022145,0.00088406156,1.5803369e-05
0.0,0.0,0.0,0.0,0.0,0.0,1.0,0.6278973,0.20481023,0.110062435,0.4913954,0.06396605,0.020999981,0.46333355,4.734474e-08,0.38548768,0.008603483,0.9216111,0.02046284,0.38747975,-2.7194758e-07,-0.569,3.7231678e-07,-2.81,1.2030046e-07,3.037,0.741,0.04,0.04,4.4471273e-07,-2.8320562e-07,-5.252909e-07,5.1784106e-09,-1.512868e-07,-1.0975391e-06,-8.22933e-07,-2.1921237e-10,7.071162e-13,0.0,0.0,0.0,0.0,0.0,0.0,0.04,0.04,-2.6703503e-07,-0.569,3.6598306e-07,-2.81,1.3055676e-07,3.037,0.741,0.04,0.04,5.817e-07,-7.665118e-07,-7.6600116e-07,-1.0537011e-06,4.9472453e-07,8.609015e-10,-1.2315199e-10,-9.573051e-10,2.6407418e-12,5.5879354e-09,2.3283064e-10,-3.7252903e-09,1.0,-1.489095e-10,-8.781334e-10,-8.472538e-11,0.0,0.0,0.0,0.0,0.0,0.0,0.62790143,0.20479839,0.11005829,0.99998707,-0.0029621082,0.0041326177,0.00016571459,0.00024979655,-0.0005831797,-0.00019295295,0.005532192,0.0018495567,-0.0006840676,0.49139544,0.063966036,0.020999964,1.0,-1.241254e-05,-8.397307e-06,-2.1986536e-06,0.000106566,6.193683e-05,-0.00021253547,-0.0069827116,0.0009194692,1.6813741e-05
0.0,0.0,0.0,0.0,0.0,0.0,1.0,0.62790143,0.20479839,0.11005829,0.49139544,0.063966036,0.020999968,0.46333355,4.734474e-08,0.38548768,0.008603483,0.9216111,0.02046284,0.38747975,-2.6703503e-07,-0.569,3.6598306e-07,-2.81,1.3055676e-07,3.037,0.741,0.04,0.04,5.817e-07,-7.665118e-07,-7.6600116e-07,-1.0537011e-06,4.9472453e-07,8.609015e-10,-1.2315199e-10,-9.573051e-10,2.6407418e-12,0.0,0.0,0.0,0.0,0.0,0.0,0.04,0.04,-2.791297e-07,-0.569,3.758958e-07,-2.81,1.3532133e-07,3.037,0.741,0.04,0.04,-3.0678612e-07,2.6076478e-07,3.6929237e-07,1.0703489e-08,1.2853087e-07,1.6121191e-09,5.4859976e-07,-9.936947e-13,-1.7068037e-10,5.5879354e-09,2.3283064e-10,-3.7252903e-09,1.0,-1.489095e-10,-8.781334e-10,-8.472538e-11,0.0,0.0,0.0,0.0,0.0,0.0,0.62789917,0.2048033,0.110060886,0.99998707,-0.0029831585,0.004123695,0.00016615391,0.00044912132,7.622142e-05,-0.00022462853,0.0001499239,0.0043648235,0.00012891987,0.49139544,0.06396604,0.02099996,1.0,-1.2548272e-05,-8.469518e-06,-1.9846204e-06,0.00010716931,6.188835e-05,-0.00021271892,-0.006986369,0.00093160156,1.64045e-05
0.0,0.0,0.0,0.0,0.0,0.0,1.0,0.62789917,0.2048033,0.110060886,0.49139544,0.06396604,0.020999964,0.4633336,1.04271834e-07,0.38548777,0.008603513,0.92161095,0.02046293,0.38747978,-2.791297e-07,-0.569,3.758958e-07,-2.81,1.3532133e-07,3.037,0.741,0.04,0.04,-3.0678612e-07,2.6076478e-07,3.6929237e-07,1.0703489e-08,1.2853087e-07,1.6121191e-09,5.4859976e-07,-9.936947e-13,-1.7068037e-10,0.0,0.0,0.0,0.0,0.0,0.0,0.04,0.04,-2.8610515e-07,-0.569,3.8280507e-07,-2.81,1.2393765e-07,3.037,0.741,0.04,0.04,-8.5444924e-07,5.84941e-07,9.831027e-07,9.837235e-07,-5.5618705e-07,-9.814268e-09,2.7466373e-07,-2.0545347e-12,-1.197957e-09,5.5879354e-09,2.3283064e-10,-3.7252903e-09,1.0,-1.489095e-10,-8.781334e-10,-8.472538e-11,0.0,0.0,0.0,0.0,0.0,0.0,0.6278973,0.20481019,0.11006243,0.999987,-0.0030099354,0.0041164216,0.00016782284,0.0013829798,-0.002002591,-0.0009941333,0.017201958,0.011194525,-0.0024065233,0.49139547,0.06396604,0.020999957,1.0,-1.2666954e-05,-8.54302e-06,-1.9246465e-06,0.0001070883,6.1936094e-05,-0.00021231917,-0.0070002237,0.0009090062,1.613434e-05
0.0,0.0,0.0,0.0,0.0,0.0,1.0,0.6278973,0.20481019,0.110062435,0.49139547,0.06396604,0.02099996,0.4633336,1.04271834e-07,0.38548777,0.008603513,0.92161095,0.02046293,0.38747978,-2.8610515e-07,-0.569,3.8280507e-07,-2.81,1.2393765e-07,3.037,0.741,0.04,0.04,-8.5444924e-07,5.84941e-07,9.831027e-07,9.837235e-07,-5.5618705e-07,-9.814268e-09,2.7466373e-07,-2.0545347e-12,-1.197957e-09,0.0,0.0,0.0,0.0,0.0,0.0,0.04,0.04,-2.6938153e-07,-0.569,3.6803692e-07,-2.81,1.1793632e-07,3.037,0.741,0.04,0.04,4.4469462e-07,-2.8336737e-07,-5.2530885e-07,5.3166183e-09,-1.5130331e-07,-1.09752e-06,-8.2293354e-07,-2.190345e-10,7.0717016e-13,5.5879354e-09,2.3283064e-10,-3.7252903e-09,1.0,-1.489095e-10,-8.781334e-10,-8.472538e-11,0.0,0.0,0.0,0.0,0.0,0.0,0.62790143,0.2047984,0.11005831,0.9999871,-0.0029619527,0.0041328142,0.00016560762,0.0002478156,-0.0005771986,-0.00019135597,0.005481627,0.0018249643,-0.0006827218,0.49139544,0.06396605,0.020999955,1.0,-1.267953e-05,-8.536893e-06,-1.9894767e-06,0.0001070358,6.224918e-05,-0.00021235069,-0.0070067244,0.00090873486,1.58958e-05
0.0,0.0,0.0,0.0,0.0,0.0,1.0,0.62790143,0.2047984,0.11005831,0.49139544,0.06396605,0.020999959,0.46333355,4.734474e-08,0.38548768,0.008603483,0.9216111,0.02046284,0.38747975,-2.6938153e-07,-0.569,3.6803692e-07,-2.81,1.1793632e-07,3.037,0.741,0.04,0.04,4.4469462e-07,-2.8336737e-07,-5.2530885e-07,5.3166183e-09,-1.5130331e-07,-1.09752e-06,-8.2293354e-07,-2.190345e-10,7.0717016e-13,0.0,0.0,0.0,0.0,0.0,0.0,0.04,0.04,-2.8030993e-07,-0.569,3.7910755e-07,-2.81,1.2209237e-07,3.037,0.741,0.04,0.04,-2.9746005e-07,2.4170427e-07,3.761058e-07,3.2358535e-08,1.2475314e-07,4.3444093e-09,5.485281e-07,-6.80369e-13,-1.1968783e-10,5.5879354e-09,2.3283064e-10,-3.7252903e-09,1.0,-1.489095e-10,-8.781334e-10,-8.472538e-11,0.0,0.0,0.0,0.0,0.0,0.0,0.62789917,0.20480329,0.11006092,0.999987,-0.0029832812,0.0041237646,0.00016622398,0.0004498379,7.577735e-05,-0.0002230518,0.00015041047,0.0043718712,0.00012717585,0.49139547,0.06396605,0.020999951,1.0,-1.2799544e-05,-8.609311e-06,-1.929535e-06,0.00010708701,6.193738e-05,-0.00021231908,-0.0070002223,0.00090892933,1.6128983e-05
0.0,0.0,0.0,0.0,0.0,0.0,1.0,0.62789917,0.20480329,0.11006093,0.49139547,0.06396605,0.020999955,0.4633336,1.04271834e-07,0.38548777,0.008603513,0.92161095,0.02046293,0.38747978,-2.8030993e-07,-0.569,3.7910755e-07,-2.81,1.2209237e-07,3.037,0.741,0.04,0.04,-2.9746005e-07,2.4170427e-07,3.761058e-07,3.2358535e-08,1.2475314e-07,4.3444093e-09,5.485281e-07,-6.80369e-13,-1.1968783e-10,0.0,0.0,0.0,0.0,0.0,0.0,0.04,0.04,-2.8716093e-07,-0.569,3.8610662e-07,-2.81,1.1065522e-07,3.037,0.741,0.04,0.04,-8.5335665e-07,5.8150056e-07,9.838803e-07,9.864981e-07,-5.567152e-07,-9.4175645e-09,2.746555e-07,-1.8378213e-12,-1.191307e-09,5.5879354e-09,2.3283064e-10,-3.7252903e-09,1.0,-1.489095e-10,-8.781334e-10,-8.472538e-11,0.0,0.0,0.0,0.0,0.0,0.0,0.6278973,0.20481023,0.11006241,0.999987,-0.0030099575,0.004116471,0.00016787651,0.0013884436,-0.0020095739,-0.0009967667,0.017262518,0.011247248,-0.0024147774,0.49139544,0.06396604,0.020999964,1.0,-1.2666402e-05,-8.734735e-06,-1.9934068e-06,0.0001071392,6.183223e-05,-0.00021244351,-0.007001789,0.000908712,1.628209e-05
0.0,0.0,0.0,0.0,0.0,0.0,1.0,0.6278973,0.20481023,0.11006242,0.49139544,0.06396604,0.020999968,0.4633336,1.04271834e-07,0.38548777,0.008603513,0.92161095,0.02046293,0.38747978,-2.8716093e-07,-0.569,3.8610662e-07,-2.81,1.1065522e-07,3.037,0.741,0.04,0.04,-8.5335665e-07,5.8150056e-07,9.838803e-07,9.864981e-07,-5.567152e-07,-9.4175645e-09,2.746555e-07,-1.8378213e-12,-1.191307e-09,0.0,0.0,0.0,0.0,0.0,0.0,0.04,0.04,-2.7042248e-07,-0.569,3.7134907e-07,-2.81,1.0464623e-07,3.037,0.741,0.04,0.04,4.4482752e-07,-2.839019e-07,-5.2521665e-07,5.74761e-09,-1.513807e-07,-1.0974586e-06,-8.2293485e-07,-2.1978475e-10,7.0930333e-13,5.5879354e-09,2.3283064e-10,-3.7252903e-09,1.0,-1.489095e-10,-8.781334e-10,-8.472538e-11,0.0,0.0,0.0,0.0,0.0,0.0,0.62790143,0.20479839,0.11005832,0.99998707,-0.002962039,0.0041325707,0.00016571258,0.00025197596,-0.0005902179,-0.00019634314,0.005594403,0.0018803518,-0.0006826144,0.49139544,0.06396605,0.020999946,1.0,-1.253264e-05,-8.180186e-06,-2.0965779e-06,0.00010872577,6.084035e-05,-0.0002130315,-0.0069769947,0.00095822086,1.6087299e-05
0.0,0.0,0.0,0.0,0.0,0.0,1.0,0.62790143,0.20479839,0.11005832,0.49139544,0.06396605,0.02099995,0.46333355,4.734474e-08,0.38548768,0.008603483,0.9216111,0.02046284,0.38747975,-2.7042248e-07,-0.569,3.7134907e-07,-2.81,1.0464623e-07,3.037,0.741,0.04,0.04,4.4482752e-07,-2.839019e-07,-5.2521665e-07,5.74761e-09,-1.513807e-07,-1.0974586e-06,-8.2293485e-07,-2.1978475e-10,7.0930333e-13,0.0,0.0,0.0,0.0,0.0,0.0,0.04,0.04,-2.6550833e-07,-0.569,3.6501635e-07,-2.81,1.1490115e-07,3.037,0.741,0.04,0.04,5.817148e-07,-7.666205e-07,-7.659922e-07,-1.0536118e-06,4.9471026e-07,8.7359664e-10,-1.2342465e-10,-9.573908e-10,2.6280336e-12,5.5879354e-09,2.3283064e-10,-3.7252903e-09,1.0,-1.489095e-10,-8.781334e-10,-8.472538e-11,0.0,0.0,0.0,0.0,0.0,0.0,0.62789917,0.20480332,0.11006091,0.999987,-0.0029831647,0.0041234973,0.00016621494,0.00044911072,7.655885e-05,-0.00022346903,0.00014191744,0.004363952,0.00012729956,0.49139544,0.06396604,0.02099998,1.0,-1.2479482e-05,-8.889695e-06,-1.9140755e-06,0.000106368905,6.231032e-05,-0.00021237838,-0.0070076664,0.00089526904,1.6550084e-05
0.0,0.0,0.0,0.0,0.0,0.0,1.0,0.62789917,0.20480332,0.110060915,0.49139544,0.06396604,0.020999983,0.46333355,4.734474e-08,0.38548768,0.008603483,0.9216111,0.02046284,0.38747975,-2.6550833e-07,-0.569,3.6501635e-07,-2.81,1.1490115e-07,3.037,0.741,0.04,0.04,5.817148e-07,-7.666205e-07,-7.659922e-07,-1.0536118e-06,4.9471026e-07,8.7359664e-10,-1.2342465e-10,-9.573908e-10,2.6280336e-12,0.0,0.0,0.0,0.0,0.0,0.0,0.04,0.04,-2.7760274e-07,-0.569,3.749292e-07,-2.81,1.196655e-07,3.037,0.741,0.04,0.04,-3.067842e-07,2.6074784e-07,3.6929345e-07,1.0717418e-08,1.2852868e-07,1.6140924e-09,5.4859987e-07,-9.884959e-13,-1.7068133e-10,5.5879354e-09,2.3283064e-10,-3.7252903e-09,1.0,-1.489095e-10,-8.781334e-10,-8.472538e-11,0.0,0.0,0.0,0.0,0.0,0.0,0.6278973,0.2048102,0.110062405,0.999987,-0.0030100374,0.004116377,0.00016794128,0.001385856,-0.0019998942,-0.000995988,0.01717243,0.011222342,-0.0024078835,0.49139544,0.063966036,0.02099996,1.0,-1.2330424e-05,-8.329159e-06,-2.093238e-06,0.000108696244,6.092958e-05,-0.00021302247,-0.006978293,0.00095808314,1.6030568e-05
0.0,0.0,0.0,0.0,0.0,0.0,1.0,0.6278973,0.2048102,0.110062405,0.49139544,0.063966036,0.020999964,0.4633336,1.04271834e-07,0.38548777,0.008603513,0.92161095,0.02046293,0.38747978,-2.7760274e-07,-0.569,3.749292e-07,-2.81,1.196655e-07,3.037,0.741,0.04,0.04,-3.067842e-07,2.6074784e-07,3.6929345e-07,1.0717418e-08,1.2852868e-07,1.6140924e-09,5.4859987e-07,-9.884959e-13,-1.7068133e-10,0.0,0.0,0.0,0.0,0.0,0.0,0.04,0.04,-2.8457814e-07,-0.569,3.8183842e-07,-2.81,1.0828179e-07,3.037,0.741,0.04,0.04,-8.544491e-07,5.8493845e-07,9.831026e-07,9.837258e-07,-5.561875e-07,-9.814083e-09,2.7466405e-07,-2.0529578e-12,-1.1979636e-09,5.5879354e-09,2.3283064e-10,-3.7252903e-09,1.0,-1.489095e-10,-8.781334e-10,-8.472538e-11,0.0,0.0,0.0,0.0,0.0,0.0,0.6279015,0.20479842,0.11005839,0.99998707,-0.002961991,0.0041327504,0.00016548717,0.00025162945,-0.00056788494,-0.0001888265,0.0053926916,0.0018409481,-0.0006949848,0.49139544,0.06396603,0.020999933,1.0,-1.2365379e-05,-8.995388e-06,-1.9449608e-06,0.00010555753,6.2577565e-05,-0.0002117063,-0.007018728,0.0008589386,1.6576587e-05
0.0,0.0,0.0,0.0,0.0,0.0,1.0,0.6279015,0.20479842,0.1100584,0.49139544,0.06396603,0.020999936,0.4633336,1.04271834e-07,0.38548777,0.008603513,0.92161095,0.02046293,0.38747978,-2.8457814e-07,-0.569,3.8183842e-07,-2.81,1.0828179e-07,3.037,0.741,0.04,0.04,-8.544491e-07,5.8493845e-07,9.831026e-07,9.837258e-07,-5.561875e-07,-9.814083e-09,2.7466405e-07,-2.0529578e-12,-1.1979636e-09,0.0,0.0,0.0,0.0,0.0,0.0,0.04,0.04,-2.6785452e-07,-0.569,3.6707027e-07,-2.81,1.0228046e-07,3.037,0.741,0.04,0.04,4.446946e-07,-2.8336774e-07,-5.2530874e-07,5.3170757e-09,-1.5130337e-07,-1.0975201e-06,-8.229335e-07,-2.1902392e-10,7.0857757e-13,5.5879354e-09,2.3283064e-10,-3.7252903e-09,1.0,-1.489095e-10,-8.781334e-10,-8.472538e-11,0.0,0.0,0.0,0.0,0.0,0.0,0.62789917,0.2048033,0.1100609,0.999987,-0.0029831345,0.0041237245,0.00016622148,0.00044901707,7.642736e-05,-0.00022492935,0.00014953726,0.0043641943,0.00012981924,0.49139544,0.06396604,0.020999964,1.0,-1.2524383e-05,-8.442199e-06,-2.0803827e-06,0.0001086729,6.0996994e-05,-0.00021303784,-0.006979548,0.0009578956,1.599204e-05
0.0,0.0,0.0,0.0,0.0,0.0,1.0,0.62789917,0.2048033,0.1100609,0.49139544,0.06396604,0.020999968,0.46333355,4.734474e-08,0.38548768,0.008603483,0.9216111,0.02046284,0.38747975,-2.6785452e-07,-0.569,3.6707027e-07,-2.81,1.0228046e-07,3.037,0.741,0.04,0.04,4.446946e-07,-2.8336774e-07,-5.2530874e-07,5.3170757e-09,-1.5130337e-07,-1.0975201e-06,-8.229335e-07,-2.1902392e-10,7.0857757e-13,0.0,0.0,0.0,0.0,0.0,0.0,0.04,0.04,-2.7878292e-07,-0.569,3.781409e-07,-2.81,1.0643652e-07,3.037,0.741,0.04,0.04,-2.9746002e-07,2.417042e-07,3.7610576e-07,3.2358596e-08,1.2475316e-07,4.3444537e-09,5.48528e-07,-6.923351e-13,-1.1968627e-10,5.5879354e-09,2.3283064e-10,-3.7252903e-09,1.0,-1.489095e-10,-8.781334e-10,-8.472538e-11,0.0,0.0,0.0,0.0,0.0,0.0,0.6278983,0.20481,0.11006201,0.99998695,-0.003009543,0.0041203666,0.00016745456,0.00079398433,-0.0023317165,-0.00069380144,0.020523166,0.0060004084,-0.0021810534,0.49139547,0.06396604,0.02099996,1.0,-1.24985545e-05,-8.411291e-06,-1.9832073e-06,0.00010700002,6.21565e-05,-0.00021231304,-0.0070036678,0.0009081344,1.599426e-05
0.0,0.0,0.0,0.0,0.0,0.0,1.0,0.6278983,0.20481,0.11006202,0.49139547,0.06396604,0.020999964,0.4633336,1.04271834e-07,0.38548777,0.008603513,0.92161095,0.02046293,0.38747978,-2.7878292e-07,-0.569,3.781409e-07,-2.81,1.0643652e-07,3.037,0.741,0.04,0.04,-2.9746002e-07,2.417042e-07,3.7610576e-07,3.2358596e-08,1.2475316e-07,4.3444537e-09,5.48528e-07,-6.923351e-13,-1.1968627e-10,0.0,0.0,0.0,0.0,0.0,0.0,0.04,0.04,-2.8563392e-07,-0.569,3.8513997e-07,-2.81,9.499934e-08,3.037,0.741,0.04,0.04,-8.533566e-07,5.815005e-07,9.838803e-07,9.86498e-07,-5.5671524e-07,-9.41748e-09,2.746552e-07,-1.832454e-12,-1.191305e-09,5.5879354e-09,2.3283064e-10,-3.7252903e-09,1.0,-1.489095e-10,-8.781334e-10,-8.472538e-11,0.0,0.0,0.0,0.0,0.0,0.0,0.62790143,0.20479871,0.110058464,0.99998707,-0.0029631709,0.0041327034,0.00016565967,0.0002865674,-0.00053478277,-0.00013536098,0.0048835473,0.002056311,-0.00084115495,0.49139544,0.06396604,0.020999957,1.0,-1.2501133e-05,-8.400788e-06,-2.0271414e-06,0.000107034655,6.2249135e-05,-0.0002123442,-0.0070067383,0.0009086677,1.590131e-05
0.0,0.0,0.0,0.0,0.0,0.0,1.0,0.62790143,0.20479871,0.11005847,0.49139544,0.06396604,0.02099996,0.4633336,1.04271834e-07,0.38548777,0.008603513,0.92161095,0.02046293,0.38747978,-2.8563392e-07,-0.569,3.8513997e-07,-2.81,9.499934e-08,3.037,0.741,0.04,0.04,-8.533566e-07,5.815005e-07,9.838803e-07,9.86498e-07,-5.5671524e-07,-9.41748e-09,2.746552e-07,-1.832454e-12,-1.191305e-09,0.0,0.0,0.0,0.0,0.0,0.0,0.04,0.04,-2.6889546e-07,-0.569,3.7038242e-07,-2.81,8.8990355e-08,3.037,0.741,0.04,0.04,4.4482746e-07,-2.8390187e-07,-5.2521665e-07,5.7476033e-09,-1.5138073e-07,-1.0974587e-06,-8.229347e-07,-2.1977717e-10,7.1717757e-13,5.5879354e-09,2.3283064e-10,-3.7252903e-09,1.0,-1.489095e-10,-8.781334e-10,-8.472538e-11,0.0,0.0,0.0,0.0,0.0,0.0,0.6278991,0.20480329,0.11006088,0.999987,-0.0029833526,0.004123444,0.00016628187,0.00044855694,7.6190685e-05,-0.00022305646,0.0001466191,0.004359888,0.0001280566,0.49139547,0.06396604,0.020999953,1.0,-1.2634385e-05,-8.507359e-06,-2.1322885e-06,0.00010768624,6.164074e-05,-0.00021245264,-0.00699854,0.00091986347,1.5928894e-05
0.0,0.0,0.0,0.0,0.0,0.0,1.0,0.6278991,0.20480329,0.110060886,0.49139547,0.06396604,0.020999957,0.46333355,4.734474e-08,0.38548768,0.008603483,0.9216111,0.02046284,0.38747975,-2.6889546e-07,-0.569,3.7038242e-07,-2.81,8.8990355e-08,3.037,0.741,0.04,0.04,4.4482746e-07,-2.8390187e-07,-5.2521665e-07,5.7476033e-09,-1.5138073e-07,-1.0974587e-06,-8.229347e-07,-2.1977717e-10,7.1717757e-13,0.0,0.0,0.0,0.0,0.0,0.0,0.04,0.04,-2.6398132e-07,-0.569,3.640497e-07,-2.81,9.924527e-08,3.037,0.741,0.04,0.04,5.8171474e-07,-7.666205e-07,-7.659921e-07,-1.0536119e-06,4.9471015e-07,8.736535e-10,-1.2352153e-10,-9.573947e-10,2.6947502e-12,5.5879354e-09,2.3283064e-10,-3.7252903e-09,1.0,-1.489095e-10,-8.781334e-10,-8.472538e-11,0.0,0.0,0.0,0.0,0.0,0.0,0.6278973,0.20481026,0.110062405,0.99998695,-0.0030103445,0.0041162902,0.00016788198,0.0013860454,-0.0020129322,-0.0009951158,0.017297864,0.011223942,-0.0024140875,0.49139544,0.06396605,0.020999951,1.0,-1.2648398e-05,-8.501331e-06,-2.0413224e-06,0.0001069991,6.228994e-05,-0.00021234453,-0.0070075323,0.00090793194,1.5887472e-05
0.0,0.0,0.0,0.0,0.0,0.0,1.0,0.6278973,0.20481026,0.110062405,0.49139544,0.06396605,0.020999955,0.46333355,4.734474e-08,0.38548768,0.008603483,0.9216111,0.02046284,0.38747975,-2.6398132e-07,-0.569,3.640497e-07,-2.81,9.924527e-08,3.037,0.741,0.04,0.04,5.8171474e-07,-7.666205e-07,-7.659921e-07,-1.0536119e-06,4.9471015e-07,8.736535e-10,-1.2352153e-10,-9.573947e-10,2.6947502e-12,0.0,0.0,0.0,0.0,0.0,0.0,0.04,0.04,-2.7607572e-07,-0.569,3.7396254e-07,-2.81,1.0400962e-07,3.037,0.741,0.04,0.04,-3.067842e-07,2.607478e-07,3.6929347e-07,1.0717389e-08,1.285287e-07,1.6141802e-09,5.485998e-07,-9.870274e-13,-1.7067925e-10,5.5879354e-09,2.3283064e-10,-3.7252903e-09,1.0,-1.489095e-10,-8.781334e-10,-8.472538e-11,0.0,0.0,0.0,0.0,0.0,0.0,0.62790143,0.2047984,0.11005842,0.9999871,-0.0029620978,0.0041326834,0.00016553809,0.0002493507,-0.0005329294,-0.00018129856,0.005071777,0.0017793513,-0.00070706627,0.49139547,0.06396605,0.020999948,1.0,-1.2626579e-05,-8.462433e-06,-1.944013e-06,0.00010699843,6.2153405e-05,-0.00021231473,-0.007003898,0.00090801594,1.6008173e-05
0.0,0.0,0.0,0.0,0.0,0.0,1.0,0.62790143,0.2047984,0.11005843,0.49139547,0.06396605,0.020999951,0.46333355,4.734474e-08,0.38548768,0.008603483,0.9216111,0.02046284,0.38747975,-2.7607572e-07,-0.569,3.7396254e-07,-2.81,1.0400962e-07,3.037,0.741,0.04,0.04,-3.067842e-07,2.607478e-07,3.6929347e-07,1.0717389e-08,1.285287e-07,1.6141802e-09,5.485998e-07,-9.870274e-13,-1.7067925e-10,0.0,0.0,0.0,0.0,0.0,0.0,0.04,0.04,-2.7037038e-07,-0.569,3.6966068e-07,-2.81,1.14501574e-07,3.037,0.741,0.04,0.04,5.941665e-07,-7.28453e-07,-7.553925e-07,-1.0844944e-06,4.974667e-07,-3.501837e-09,-5.1732986e-11,-1.048574e-09,2.9991556e-12,5.5879354e-09,2.3283064e-10,-3.7252903e-09,1.0,-1.489095e-10,-8.781334e-10,-8.472538e-11,0.0,0.0,0.0,0.0,0.0,0.0,0.6278977,0.20480308,0.110061504,0.999987,-0.002981413,0.0041175843,0.00016637154,0.00043954432,0.00028679176,-0.00027861897,-0.0021711958,0.0043908637,0.00014464933,0.49139544,0.06396604,0.020999951,1.0,-1.2537001e-05,-8.531753e-06,-2.0058178e-06,0.00010723947,6.194711e-05,-0.00021274315,-0.006988467,0.00093275,1.629287e-05
0.0,0.0,0.0,0.0,0.0,0.0,1.0,0.6278977,0.20480308,0.11006151,0.49139544,0.06396604,0.020999955,0.46333355,4.734474e-08,0.38548768,0.008603483,0.9216111,0.02046284,0.38747975,-2.7037038e-07,-0.569,3.6966068e-07,-2.81,1.14501574e-07,3.037,0.741,0.04,0.04,5.941665e-07,-7.28453e-07,-7.553925e-07,-1.0844944e-06,4.974667e-07,-3.501837e-09,-5.1732986e-11,-1.048574e-09,2.9991556e-12,0.0,0.0,0.0,0.0,0.0,0.0,0.04,0.04,-2.8230212e-07,-0.569,3.797133e-07,-2.81,1.193105e-07,3.037,0.741,0.04,0.04,-3.054408e-07,2.6665228e-07,3.7047647e-07,5.5896026e-09,1.2905386e-07,9.066582e-10,5.4861255e-07,-9.544368e-13,-1.5999742e-10,5.5879354e-09,2.3283064e-10,-3.7252903e-09,1.0,-1.489095e-10,-8.781334e-10,-8.472538e-11,0.0,0.0,0.0,0.0,0.0,0.0,0.6278973,0.20481025,0.1100624,0.99998695,-0.00301007,0.0041162847,0.00016785708,0.0013880131,-0.0020042972,-0.0009989599,0.017205235,0.011231933,-0.0024154137,0.49139544,0.06396605,0.020999948,1.0,-1.2671194e-05,-8.608969e-06,-1.9477193e-06,0.00010720943,6.185359e-05,-0.00021272535,-0.006985855,0.0009323304,1.6406366e-05
0.0,0.0,0.0,0.0,0.0,0.0,1.0,0.6278973,0.20481025,0.110062405,0.49139544,0.06396605,0.020999951,0.4633336,1.04271834e-07,0.38548777,0.008603513,0.92161095,0.02046293,0.38747978,-2.8230212e-07,-0.569,3.797133e-07,-2.81,1.193105e-07,3.037,0.741,0.04,0.04,-3.054408e-07,2.6665228e-07,3.7047647e-07,5.5896026e-09,1.2905386e-07,9.066582e-10,5.4861255e-07,-9.544368e-13,-1.5999742e-10,0.0,0.0,0.0,0.0,0.0,0.0,0.04,0.04,-2.892601e-07,-0.569,3.866381e-07,-2.81,1.0793495e-07,3.037,0.741,0.04,0.04,-8.543071e-07,5.8587904e-07,9.832347e-07,9.829164e-07,-5.560952e-07,-9.926222e-09,2.746659e-07,-2.011214e-12,-1.1966232e-09,5.5879354e-09,2.3283064e-10,-3.7252903e-09,1.0,-1.489095e-10,-8.781334e-10,-8.472538e-11,0.0,0.0,0.0,0.0,0.0,0.0,0.6279015,0.2047984,0.11005841,0.9999871,-0.002962067,0.0041328203,0.00016560138,0.00024747758,-0.0005354568,-0.00018527254,0.005107458,0.0017701322,-0.00069784466,0.49139544,0.06396604,0.020999951,1.0,-1.2768198e-05,-8.776423e-06,-2.1092512e-06,0.00010495181,6.301578e-05,-0.0002119578,-0.007009323,0.0008696925,1.696331e-05
0.0,0.0,0.0,0.0,0.0,0.0,1.0,0.6279015,0.2047984,0.11005841,0.49139544,0.06396604,0.020999955,0.4633336,1.04271834e-07,0.38548777,0.008603513,0.92161095,0.02046293,0.38747978,-2.892601e-07,-0.569,3.866381e-07,-2.81,1.0793495e-07,3.037,0.741,0.04,0.04,-8.543071e-07,5.8587904e-07,9.832347e-07,9.829164e-07,-5.560952e-07,-9.926222e-09,2.746659e-07,-2.011214e-12,-1.1966232e-09,0.0,0.0,0.0,0.0,0.0,0.0,0.04,0.04,-2.7253458e-07,-0.569,3.7187166e-07,-2.81,1.0193502e-07,3.037,0.741,0.04,0.04,4.4470895e-07,-2.832183e-07,-5.2529407e-07,5.189651e-09,-1.5128782e-07,-1.0975376e-06,-8.229331e-07,-2.1917519e-10,7.124468e-13,5.5879354e-09,2.3283064e-10,-3.7252903e-09,1.0,-1.489095e-10,-8.781334e-10,-8.472538e-11,0.0,0.0,0.0,0.0,0.0,0.0,0.62789917,0.20480329,0.110060886,0.999987,-0.0029833275,0.0041235457,0.00016617324,0.00044917632,7.6053315e-05,-0.00022278824,0.00014663617,0.0043655033,0.00012687138,0.49139544,0.06396605,0.020999951,1.0,-1.27727e-05,-8.795401e-06,-2.1585834e-06,0.00010474586,6.3294225e-05,-0.00021156501,-0.007027398,0.0008454011,1.6594486e-05
0.0,0.0,0.0,0.0,0.0,0.0,1.0,0.62789917,0.20480329,0.110060886,0.49139544,0.06396605,0.020999955,0.46333355,4.734474e-08,0.38548768,0.008603483,0.9216111,0.02046284,0.38747975,-2.7253458e-07,-0.569,3.7187166e-07,-2.81,1.0193502e-07,3.037,0.741,0.04,0.04,4.4470895e-07,-2.832183e-07,-5.2529407e-07,5.189651e-09,-1.5128782e-07,-1.0975376e-06,-8.229331e-07,-2.1917519e-10,7.124468e-13,0.0,0.0,0.0,0.0,0.0,0.0,0.04,0.04,-2.6762203e-07,-0.569,3.655379e-07,-2.81,1.121913e-07,3.037,0.741,0.04,0.04,5.816997e-07,-7.665139e-07,-7.6600173e-07,-1.0536993e-06,4.947246e-07,8.6115765e-10,-1.233795e-10,-9.573011e-10,2.6907918e-12,5.5879354e-09,2.3283064e-10,-3.7252903e-09,1.0,-1.489095e-10,-8.781334e-10,-8.472538e-11,0.0,0.0,0.0,0.0,0.0,0.0,0.6278973,0.20481022,0.11006242,0.99998707,-0.0030099184,0.0041163317,0.00016792402,0.0013877152,-0.0020106118,-0.0009964006,0.017273221,0.011239161,-0.002414664,0.49139547,0.06396605,0.020999951,1.0,-1.2732212e-05,-8.765899e-06,-1.9657207e-06,0.00010695679,6.18645e-05,-0.00021201321,-0.007014419,0.0008843112,1.6106007e-05
0.0,0.0,0.0,0.0,0.0,0.0,1.0,0.6278973,0.20481022,0.11006242,0.49139547,0.06396605,0.020999955,0.46333355,4.734474e-08,0.38548768,0.008603483,0.9216111,0.02046284,0.38747975,-2.6762203e-07,-0.569,3.655379e-07,-2.81,1.121913e-07,3.037,0.741,0.04,0.04,5.816997e-07,-7.665139e-07,-7.6600173e-07,-1.0536993e-06,4.947246e-07,8.6115765e-10,-1.233795e-10,-9.573011e-10,2.6907918e-12,0.0,0.0,0.0,0.0,0.0,0.0,0.04,0.04,-2.797167e-07,-0.569,3.7545064e-07,-2.81,1.1695586e-07,3.037,0.741,0.04,0.04,-3.0678618e-07,2.6076438e-07,3.6929228e-07,1.0703756e-08,1.2853083e-07,1.6121404e-09,5.485997e-07,-9.932566e-13,-1.7067839e-10,5.5879354e-09,2.3283064e-10,-3.7252903e-09,1.0,-1.489095e-10,-8.781334e-10,-8.472538e-11,0.0,0.0,0.0,0.0,0.0,0.0,0.6279015,0.2047984,0.11005834,0.99998707,-0.0029619858,0.00413281,0.00016564496,0.0002493859,-0.00056578446,-0.00019024021,0.005380741,0.0018207305,-0.0006906676,0.49139544,0.06396605,0.020999951,1.0,-1.2717576e-05,-8.7795715e-06,-2.0321258e-06,0.00010694527,6.214429e-05,-0.00021204747,-0.0070204283,0.0008846919,1.5863376e-05
0.0,0.0,0.0,0.0,0.0,0.0,1.0,0.6279015,0.2047984,0.11005834,0.49139544,0.06396605,0.020999955,0.4633336,1.04271834e-07,0.38548777,0.008603513,0.92161095,0.02046293,0.38747978,-2.797167e-07,-0.569,3.7545064e-07,-2.81,1.1695586e-07,3.037,0.741,0.04,0.04,-3.0678618e-07,2.6076438e-07,3.6929228e-07,1.0703756e-08,1.2853083e-07,1.6121404e-09,5.485997e-07,-9.932566e-13,-1.7067839e-10,0.0,0.0,0.0,0.0,0.0,0.0,0.04,0.04,-2.8669214e-07,-0.569,3.823599e-07,-2.81,1.0557216e-07,3.037,0.741,0.04,0.04,-8.544494e-07,5.84941e-07,9.831028e-07,9.837235e-07,-5.5618705e-07,-9.81467e-09,2.74664e-07,-2.0629546e-12,-1.1979535e-09,5.5879354e-09,2.3283064e-10,-3.7252903e-09,1.0,-1.489095e-10,-8.781334e-10,-8.472538e-11,0.0,0.0,0.0,0.0,0.0,0.0,0.62789917,0.20480329,0.110060826,0.999987,-0.0029831238,0.0041235667,0.00016623897,0.00044970497,7.4735726e-05,-0.00022453167,0.00016388996,0.0043703886,0.00012767296,0.4913954,0.06396605,0.020999951,1.0,-1.270373e-05,-8.822477e-06,-2.1058092e-06,0.000106910484,6.2073865e-05,-0.00021202402,-0.007018435,0.000883991,1.5945545e-05
0.0,0.0,0.0,0.0,0.0,0.0,1.0,0.62789917,0.20480329,0.110060826,0.4913954,0.06396605,0.020999955,0.4633336,1.04271834e-07,0.38548777,0.008603513,0.92161095,0.02046293,0.38747978,-2.8669214e-07,-0.569,3.823599e-07,-2.81,1.0557216e-07,3.037,0.741,0.04,0.04,-8.544494e-07,5.84941e-07,9.831028e-07,9.837235e-07,-5.5618705e-07,-9.81467e-09,2.74664e-07,-2.0629546e-12,-1.1979535e-09,0.0,0.0,0.0,0.0,0.0,0.0,0.04,0.04,-2.6996852e-07,-0.569,3.6759175e-07,-2.81,9.957085e-08,3.037,0.741,0.04,0.04,4.4469456e-07,-2.833673e-07,-5.253088e-07,5.3166263e-09,-1.5130335e-07,-1.09752e-06,-8.2293343e-07,-2.1903086e-10,7.162729e-13,5.5879354e-09,2.3283064e-10,-3.7252903e-09,1.0,-1.489095e-10,-8.781334e-10,-8.472538e-11,0.0,0.0,0.0,0.0,0.0,0.0,0.6278973,0.2048102,0.11006246,0.99998695,-0.0030098688,0.0041163685,0.00016793213,0.0013878196,-0.002011399,-0.0009959242,0.017281618,0.011242975,-0.0024145604,0.49139547,0.06396605,0.020999951,1.0,-1.2669235e-05,-8.837487e-06,-2.0193838e-06,0.00010687643,6.197814e-05,-0.00021199459,-0.0070155286,0.0008835673,1.6057338e-05
0.0,0.0,0.0,0.0,0.0,0.0,1.0,0.6278973,0.2048102,0.110062465,0.49139547,0.06396605,0.020999955,0.46333355,4.734474e-08,0.38548768,0.008603483,0.9216111,0.02046284,0.38747975,-2.6996852e-07,-0.569,3.6759175e-07,-2.81,9.957085e-08,3.037,0.741,0.04,0.04,4.4469456e-07,-2.833673e-07,-5.253088e-07,5.3166263e-09,-1.5130335e-07,-1.09752e-06,-8.2293343e-07,-2.1903086e-10,7.162729e-13,0.0,0.0,0.0,0.0,0.0,0.0,0.04,0.04,-2.8089693e-07,-0.569,3.7866238e-07,-2.81,1.03726904e-07,3.037,0.741,0.04,0.04,-2.9746005e-07,2.4170427e-07,3.7610573e-07,3.2358543e-08,1.2475319e-07,4.344423e-09,5.4852796e-07,-6.8843634e-13,-1.1968675e-10,5.5879354e-09,2.3283064e-10,-3.7252903e-09,1.0,-1.489095e-10,-8.781334e-10,-8.472538e-11,0.0,0.0,0.0,0.0,0.0,0.0,0.62790143,0.2047984,0.11005833,0.99998707,-0.0029619709,0.004132924,0.00016559623,0.0002493239,-0.0005650658,-0.00018950933,0.0053725755,0.0018195724,-0.00069091714,0.49139544,0.06396605,0.020999951,1.0,-1.2637804e-05,-8.844072e-06,-2.0250136e-06,0.000107002474,6.198981e-05,-0.00021204974,-0.0070177433,0.0008852975,1.5955748e-05
0.0,0.0,0.0,0.0,0.0,0.0,1.0,0.62790143,0.2047984,0.11005834,0.49139544,0.06396605,0.020999955,0.4633336,1.04271834e-07,0.38548777,0.008603513,0.92161095,0.02046293,0.38747978,-2.8089693e-07,-0.569,3.7866238e-07,-2.81,1.03726904e-07,3.037,0.741,0.04,0.04,-2.9746005e-07,2.4170427e-07,3.7610573e-07,3.2358543e-08,1.2475319e-07,4.344423e-09,5.4852796e-07,-6.8843634e-13,-1.1968675e-10,0.0,0.0,0.0,0.0,0.0,0.0,0.04,0.04,-2.8774798e-07,-0.569,3.8566145e-07,-2.81,9.228973e-08,3.037,0.741,0.04,0.04,-8.533568e-07,5.815006e-07,9.838805e-07,9.864981e-07,-5.5671535e-07,-9.41755e-09,2.746554e-07,-1.8551339e-12,-1.1913034e-09,5.5879354e-09,2.3283064e-10,-3.7252903e-09,1.0,-1.489095e-10,-8.781334e-10,-8.472538e-11,0.0,0.0,0.0,0.0,0.0,0.0,0.62789917,0.20480329,0.1100609,0.9999871,-0.002983263,0.0041234693,0.00016630412,0.0004494418,7.632101e-05,-0.00022175354,0.00014076658,0.0043677087,0.0001261425,0.4913954,0.06396605,0.020999951,1.0,-1.2619673e-05,-8.886535e-06,-2.117685e-06,0.00010694148,6.201313e-05,-0.00021202827,-0.0070175882,0.00088421494,1.5977968e-05
0.0,0.0,0.0,0.0,0.0,0.0,1.0,0.62789917,0.20480329,0.1100609,0.4913954,0.06396605,0.020999955,0.4633336,1.04271834e-07,0.38548777,0.008603513,0.92161095,0.02046293,0.38747978,-2.8774798e-07,-0.569,3.8566145e-07,-2.81,9.228973e-08,3.037,0.741,0.04,0.04,-8.533568e-07,5.815006e-07,9.838805e-07,9.864981e-07,-5.5671535e-07,-9.41755e-09,2.746554e-07,-1.8551339e-12,-1.1913034e-09,0.0,0.0,0.0,0.0,0.0,0.0,0.04,0.04,-2.7100953e-07,-0.569,3.709039e-07,-2.81,8.628074e-08,3.037,0.741,0.04,0.04,4.4482746e-07,-2.839019e-07,-5.252166e-07,5.7475837e-09,-1.5138076e-07,-1.0974584e-06,-8.2293457e-07,-2.1978946e-10,6.96059e-13,5.5879354e-09,2.3283064e-10,-3.7252903e-09,1.0,-1.489095e-10,-8.781334e-10,-8.472538e-11,0.0,0.0,0.0,0.0,0.0,0.0,0.6278973,0.20481022,0.110062405,0.99998695,-0.0030099575,0.004116404,0.00016799342,0.0013863372,-0.0020077878,-0.0009948701,0.017249703,0.011231303,-0.0024109953,0.49139544,0.063966036,0.020999938,1.0,-1.2382152e-05,-8.411448e-06,-2.1933472e-06,0.00010655731,6.191119e-05,-0.00021252902,-0.006982295,0.00091902935,1.6843009e-05
0.0,0.0,0.0,0.0,0.0,0.0,1.0,0.6278973,0.20481022,0.110062405,0.49139544,0.063966036,0.020999942,0.46333355,4.734474e-08,0.38548768,0.008603483,0.9216111,0.02046284,0.38747975,-2.7100953e-07,-0.569,3.709039e-07,-2.81,8.628074e-08,3.037,0.741,0.04,0.04,4.4482746e-07,-2.839019e-07,-5.252166e-07,5.7475837e-09,-1.5138076e-07,-1.0974584e-06,-8.2293457e-07,-2.1978946e-10,6.96059e-13,0.0,0.0,0.0,0.0,0.0,0.0,0.04,0.04,-2.6609538e-07,-0.569,3.6457118e-07,-2.81,9.653566e-08,3.037,0.741,0.04,0.04,5.8171463e-07,-7.666204e-07,-7.659922e-07,-1.0536116e-06,4.947104e-07,8.7360474e-10,-1.2346746e-10,-9.574004e-10,2.6572074e-12,5.5879354e-09,2.3283064e-10,-3.7252903e-09,1.0,-1.489095e-10,-8.781334e-10,-8.472538e-11,0.0,0.0,0.0,0.0,0.0,0.0,0.62790143,0.20479837,0.11005834,0.999987,-0.0029619,0.004132766,0.00016563544,0.00024972274,-0.0005875305,-0.00019674742,0.005576933,0.0018589675,-0.00067807647,0.49139547,0.06396604,0.020999987,1.0,-1.2498237e-05,-8.282268e-06,-2.1720575e-06,0.00010791999,6.12479e-05,-0.00021285696,-0.0069790166,0.00094394485,1.6390994e-05
0.0,0.0,0.0,0.0,0.0,0.0,1.0,0.62790143,0.20479837,0.11005834,0.49139547,0.06396604,0.02099999,0.46333355,4.734474e-08,0.38548768,0.008603483,0.9216111,0.02046284,0.38747975,-2.6609538e-07,-0.569,3.6457118e-07,-2.81,9.653566e-08,3.037,0.741,0.04,0.04,5.8171463e-07,-7.666204e-07,-7.659922e-07,-1.0536116e-06,4.947104e-07,8.7360474e-10,-1.2346746e-10,-9.574004e-10,2.6572074e-12,0.0,0.0,0.0,0.0,0.0,0.0,0.04,0.04,-2.781898e-07,-0.569,3.7448402e-07,-2.81,1.0130002e-07,3.037,0.741,0.04,0.04,-3.0678422e-07,2.6074775e-07,3.6929345e-07,1.0717458e-08,1.2852873e-07,1.6141208e-09,5.486e-07,-9.993716e-13,-1.7066726e-10,5.5879354e-09,2.3283064e-10,-3.7252903e-09,1.0,-1.489095e-10,-8.781334e-10,-8.472538e-11,0.0,0.0,0.0,0.0,0.0,0.0,0.6278991,0.20480327,0.110060915,0.9999871,-0.002983243,0.0041232426,0.00016628229,0.00044980922,7.5732416e-05,-0.00022236169,0.0001488359,0.0043714833,0.00012679992,0.4913954,0.06396603,0.020999968,1.0,-1.2321175e-05,-8.9510395e-06,-2.223499e-06,0.000104081075,6.344473e-05,-0.00021139704,-0.0070256833,0.00083258905,1.6998607e-05
0.0,0.0,0.0,0.0,0.0,0.0,1.0,0.6278991,0.20480327,0.110060915,0.4913954,0.06396603,0.020999972,0.46333355,4.734474e-08,0.38548768,0.008603483,0.9216111,0.02046284,0.38747975,-2.781898e-07,-0.569,3.7448402e-07,-2.81,1.0130002e-07,3.037,0.741,0.04,0.04,-3.0678422e-07,2.6074775e-07,3.6929345e-07,1.0717458e-08,1.2852873e-07,1.6141208e-09,5.486e-07,-9.993716e-13,-1.7066726e-10,0.0,0.0,0.0,0.0,0.0,0.0,0.04,0.04,-2.7248444e-07,-0.569,3.7018216e-07,-2.81,1.1179197e-07,3.037,0.741,0.04,0.04,5.941665e-07,-7.2845313e-07,-7.553927e-07,-1.0844947e-06,4.9746654e-07,-3.5018626e-09,-5.1730717e-11,-1.0485878e-09,2.9705175e-12,5.5879354e-09,2.3283064e-10,-3.7252903e-09,1.0,-1.489095e-10,-8.781334e-10,-8.472538e-11,0.0,0.0,0.0,0.0,0.0,0.0,0.6278973,0.20481025,0.11006241,0.999987,-0.0030100353,0.004116437,0.00016786133,0.0013848967,-0.0020096977,-0.0009944937,0.017268963,0.01121402,-0.0024110647,0.49139544,0.063966036,0.02099994,1.0,-1.2422361e-05,-8.321261e-06,-1.9645145e-06,0.00010861929,6.097612e-05,-0.00021301678,-0.0069784517,0.00095705484,1.6059297e-05
0.0,0.0,0.0,0.0,0.0,0.0,1.0,0.6278973,0.20481025,0.11006242,0.49139544,0.063966036,0.020999944,0.46333355,4.734474e-08,0.38548768,0.008603483,0.9216111,0.02046284,0.38747975,-2.7248444e-07,-0.569,3.7018216e-07,-2.81,1.1179197e-07,3.037,0.741,0.04,0.04,5.941665e-07,-7.2845313e-07,-7.553927e-07,-1.0844947e-06,4.9746654e-07,-3.5018626e-09,-5.1730717e-11,-1.0485878e-09,2.9705175e-12,0.0,0.0,0.0,0.0,0.0,0.0,0.04,0.04,-2.844162e-07,-0.569,3.8023478e-07,-2.81,1.1660089e-07,3.037,0.741,0.04,0.04,-3.0544084e-07,2.6665234e-07,3.704765e-07,5.589613e-09,1.2905379e-07,9.0650965e-10,5.4861255e-07,-9.574962e-13,-1.5999375e-10,5.5879354e-09,2.3283064e-10,-3.7252903e-09,1.0,-1.489095e-10,-8.781334e-10,-8.472538e-11,0.0,0.0,0.0,0.0,0.0,0.0,0.62790143,0.2047984,0.11005845,0.99998707,-0.0029622552,0.0041326727,0.00016565807,0.00024678092,-0.0005265338,-0.00018107044,0.0050182343,0.0017531324,-0.0007029645,0.49139544,0.06396604,0.021,1.0,-1.2626432e-05,-8.4652975e-06,-2.184529e-06,0.00010495928,6.293776e-05,-0.00021244322,-0.006996475,0.00089058117,1.7419525e-05
0.0,0.0,0.0,0.0,0.0,0.0,1.0,0.62790143,0.2047984,0.11005846,0.49139544,0.06396604,0.021000003,0.4633336,1.04271834e-07,0.38548777,0.008603513,0.92161095,0.02046293,0.38747978,-2.844162e-07,-0.569,3.8023478e-07,-2.81,1.1660089e-07,3.037,0.741,0.04,0.04,-3.0544084e-07,2.6665234e-07,3.704765e-07,5.589613e-09,1.2905379e-07,9.0650965e-10,5.4861255e-07,-9.574962e-13,-1.5999375e-10,0.0,0.0,0.0,0.0,0.0,0.0,0.04,0.04,-2.9137416e-07,-0.569,3.871596e-07,-2.81,1.0522535e-07,3.037,0.741,0.04,0.04,-8.5430725e-07,5.8587904e-07,9.832348e-07,9.829164e-07,-5.560951e-07,-9.92634e-09,2.7466584e-07,-2.0398067e-12,-1.1966254e-09,5.5879354e-09,2.3283064e-10,-3.7252903e-09,1.0,-1.489095e-10,-8.781334e-10,-8.472538e-11,0.0,0.0,0.0,0.0,0.0,0.0,0.6278977,0.20480306,0.11006154,0.99998707,-0.002981373,0.004117562,0.00016644478,0.00043947282,0.00028711045,-0.00027765715,-0.0021764024,0.0043902155,0.00014434614,0.49139544,0.06396605,0.020999936,1.0,-1.27173125e-05,-8.557139e-06,-1.9784559e-06,0.000107019165,6.205733e-05,-0.00021232372,-0.007002154,0.0009082803,1.6088496e-05
0.0,0.0,0.0,0.0,0.0,0.0,1.0,0.6278977,0.20480306,0.11006154,0.49139544,0.06396605,0.02099994,0.4633336,1.04271834e-07,0.38548777,0.008603513,0.92161095,0.02046293,0.38747978,-2.9137416e-07,-0.569,3.871596e-07,-2.81,1.0522535e-07,3.037,0.741,0.04,0.04,-8.5430725e-07,5.8587904e-07,9.832348e-07,9.829164e-07,-5.560951e-07,-9.92634e-09,2.7466584e-07,-2.0398067e-12,-1.1966254e-09,0.0,0.0,0.0,0.0,0.0,0.0,0.04,0.04,-2.7464864e-07,-0.569,3.7239315e-07,-2.81,9.922542e-08,3.037,0.741,0.04,0.04,4.4470895e-07,-2.8321833e-07,-5.2529407e-07,5.1896487e-09,-1.5128785e-07,-1.0975375e-06,-8.2293303e-07,-2.1917479e-10,7.1622986e-13,5.5879354e-09,2.3283064e-10,-3.7252903e-09,1.0,-1.489095e-10,-8.781334e-10,-8.472538e-11,0.0,0.0,0.0,0.0,0.0,0.0,0.6278973,0.20481023,0.11006242,0.999987,-0.0030101787,0.0041163606,0.0001678083,0.0013879809,-0.0020052416,-0.0009993884,0.017213404,0.01122898,-0.0024164945,0.49139544,0.06396605,0.02099994,1.0,-1.2636797e-05,-8.58498e-06,-1.9592926e-06,0.00010726078,6.197019e-05,-0.00021252158,-0.0069834907,0.0009342466,1.604887e-05
0.0,0.0,0.0,0.0,0.0,0.0,1.0,0.6278973,0.20481023,0.11006242,0.49139544,0.06396605,0.020999944,0.46333355,4.734474e-08,0.38548768,0.008603483,0.9216111,0.02046284,0.38747975,-2.7464864e-07,-0.569,3.7239315e-07,-2.81,9.922542e-08,3.037,0.741,0.04,0.04,4.4470895e-07,-2.8321833e-07,-5.2529407e-07,5.1896487e-09,-1.5128785e-07,-1.0975375e-06,-8.2293303e-07,-2.1917479e-10,7.1622986e-13,0.0,0.0,0.0,0.0,0.0,0.0,0.04,0.04,-2.697361e-07,-0.569,3.6605937e-07,-2.81,1.094817e-07,3.037,0.741,0.04,0.04,5.8169957e-07,-7.665139e-07,-7.660016e-07,-1.0536994e-06,4.9472436e-07,8.6112806e-10,-1.2315703e-10,-9.573135e-10,2.6339274e-12,5.5879354e-09,2.3283064e-10,-3.7252903e-09,1.0,-1.489095e-10,-8.781334e-10,-8.472538e-11,0.0,0.0,0.0,0.0,0.0,0.0,0.6279015,0.20479842,0.110058345,0.99998707,-0.0029621336,0.0041326894,0.00016551632,0.0002512227,-0.0005554924,-0.00018344761,0.005268806,0.0018223452,-0.000702978,0.49139544,0.06396604,0.021000003,1.0,-1.2620317e-05,-8.621069e-06,-2.0912692e-06,0.00010492306,6.280948e-05,-0.00021214322,-0.0070100473,0.00086758554,1.7369666e-05
0.0,0.0,0.0,0.0,0.0,0.0,1.0,0.6279015,0.20479842,0.11005835,0.49139544,0.06396604,0.021000007,0.46333355,4.734474e-08,0.38548768,0.008603483,0.9216111,0.02046284,0.38747975,-2.697361e-07,-0.569,3.6605937e-07,-2.81,1.094817e-07,3.037,0.741,0.04,0.04,5.8169957e-07,-7.665139e-07,-7.660016e-07,-1.0536994e-06,4.9472436e-07,8.6112806e-10,-1.2315703e-10,-9.573135e-10,2.6339274e-12,0.0,0.0,0.0,0.0,0.0,0.0,0.04,0.04,-2.8183075e-07,-0.569,3.7597212e-07,-2.81,1.14246255e-07,3.037,0.741,0.04,0.04,-3.0678612e-07,2.607644e-07,3.692923e-07,1.0703762e-08,1.2853084e-07,1.6120886e-09,5.485998e-07,-9.84543e-13,-1.7069134e-10,5.5879354e-09,2.3283064e-10,-3.7252903e-09,1.0,-1.489095e-10,-8.781334e-10,-8.472538e-11,0.0,0.0,0.0,0.0,0.0,0.0,0.6278977,0.2048031,0.11006153,0.999987,-0.002981552,0.0041175755,0.00016638737,0.0004398978,0.00028735725,-0.00027639986,-0.0021815626,0.0043943366,0.00014360853,0.49139544,0.06396605,0.021,1.0,-1.2804297e-05,-8.640614e-06,-1.976482e-06,0.000107118256,6.179133e-05,-0.00021292135,-0.0069890334,0.00092960946,1.6738479e-05
0.0,0.0,0.0,0.0,0.0,0.0,1.0,0.6278977,0.2048031,0.11006153,0.49139544,0.06396605,0.021000003,0.4633336,1.04271834e-07,0.38548777,0.008603513,0.92161095,0.02046293,0.38747978,-2.8183075e-07,-0.569,3.7597212e-07,-2.81,1.14246255e-07,3.037,0.741,0.04,0.04,-3.0678612e-07,2.607644e-07,3.692923e-07,1.0703762e-08,1.2853084e-07,1.6120886e-09,5.485998e-07,-9.84543e-13,-1.7069134e-10,0.0,0.0,0.0,0.0,0.0,0.0,0.04,0.04,-2.888062e-07,-0.569,3.8288138e-07,-2.81,1.0286256e-07,3.037,0.741,0.04,0.04,-8.544494e-07,5.84941e-07,9.831027e-07,9.837236e-07,-5.5618705e-07,-9.814561e-09,2.7466388e-07,-2.0510822e-12,-1.1979533e-09,5.5879354e-09,2.3283064e-10,-3.7252903e-09,1.0,-1.489095e-10,-8.781334e-10,-8.472538e-11,0.0,0.0,0.0,0.0,0.0,0.0,0.62789726,0.20481023,0.110062405,0.99998695,-0.0030100828,0.004116396,0.00016778623,0.0013857629,-0.0019976655,-0.000998755,0.017142639,0.01120712,-0.0024111595,0.49139547,0.06396604,0.020999944,1.0,-1.2682857e-05,-8.681752e-06,-1.9273705e-06,0.000107057924,6.200211e-05,-0.00021231911,-0.0070014675,0.00090852816,1.6096477e-05
0.0,0.0,0.0,0.0,0.0,0.0,1.0,0.62789726,0.20481023,0.110062405,0.49139547,0.06396604,0.020999948,0.4633336,1.04271834e-07,0.38548777,0.008603513,0.92161095,0.02046293,0.38747978,-2.888062e-07,-0.569,3.8288138e-07,-2.81,1.0286256e-07,3.037,0.741,0.04,0.04,-8.544494e-07,5.84941e-07,9.831027e-07,9.837236e-07,-5.5618705e-07,-9.814561e-09,2.7466388e-07,-2.0510822e-12,-1.1979533e-09,0.0,0.0,0.0,0.0,0.0,0.0,0.04,0.04,-2.720826e-07,-0.569,3.6811323e-07,-2.81,9.686124e-08,3.037,0.741,0.04,0.04,4.446946e-07,-2.833673e-07,-5.253088e-07,5.3166973e-09,-1.5130335e-07,-1.09752e-06,-8.2293343e-07,-2.1902628e-10,7.062774e-13,5.5879354e-09,2.3283064e-10,-3.7252903e-09,1.0,-1.489095e-10,-8.781334e-10,-8.472538e-11,0.0,0.0,0.0,0.0,0.0,0.0,0.62790143,0.20479839,0.11005832,0.99998707,-0.0029620398,0.004132643,0.00016565528,0.00025131417,-0.0005927393,-0.00019828914,0.0056217,0.0018788348,-0.0006792365,0.49139544,0.06396605,0.021000007,1.0,-1.2738653e-05,-8.649162e-06,-1.989821e-06,0.0001070018,6.193237e-05,-0.00021263413,-0.007007732,0.00090582896,1.6502427e-05
0.0,0.0,0.0,0.0,0.0,0.0,1.0,0.62790143,0.20479839,0.11005832,0.49139544,0.06396605,0.02100001,0.46333355,4.734474e-08,0.38548768,0.008603483,0.9216111,0.02046284,0.38747975,-2.720826e-07,-0.569,3.6811323e-07,-2.81,9.686124e-08,3.037,0.741,0.04,0.04,4.446946e-07,-2.833673e-07,-5.253088e-07,5.3166973e-09,-1.5130335e-07,-1.09752e-06,-8.2293343e-07,-2.1902628e-10,7.062774e-13,0.0,0.0,0.0,0.0,0.0,0.0,0.04,0.04,-2.83011e-07,-0.569,3.7918386e-07,-2.81,1.010173e-07,3.037,0.741,0.04,0.04,-2.9746005e-07,2.4170427e-07,3.7610576e-07,3.235856e-08,1.2475307e-07,4.344396e-09,5.4852813e-07,-6.8030195e-13,-1.1968589e-10,5.5879354e-09,2.3283064e-10,-3.7252903e-09,1.0,-1.489095e-10,-8.781334e-10,-8.472538e-11,0.0,0.0,0.0,0.0,0.0,0.0,0.6278991,0.20480332,0.110060886,0.99998695,-0.002983365,0.004123478,0.000166231,0.0004497143,7.64837e-05,-0.00022168276,0.00013911526,0.004370309,0.00012596029,0.49139547,0.06396605,0.020999944,1.0,-1.2821121e-05,-8.75144e-06,-1.95886e-06,0.000107053325,6.199456e-05,-0.0002123196,-0.007001321,0.0009084352,1.6107317e-05
0.0,0.0,0.0,0.0,0.0,0.0,1.0,0.6278991,0.20480332,0.110060886,0.49139547,0.06396605,0.020999948,0.4633336,1.04271834e-07,0.38548777,0.008603513,0.92161095,0.02046293,0.38747978,-2.83011e-07,-0.569,3.7918386e-07,-2.81,1.010173e-07,3.037,0.741,0.04,0.04,-2.9746005e-07,2.4170427e-07,3.7610576e-07,3.235856e-08,1.2475307e-07,4.344396e-09,5.4852813e-07,-6.8030195e-13,-1.1968589e-10,0.0,0.0,0.0,0.0,0.0,0.0,0.04,0.04,-2.89862e-07,-0.569,3.8618293e-07,-2.81,8.9580126e-08,3.037,0.741,0.04,0.04,-8.5335654e-07,5.815006e-07,9.838803e-07,9.864981e-07,-5.5671524e-07,-9.417629e-09,2.7465535e-07,-1.8440616e-12,-1.1913017e-09,5.5879354e-09,2.3283064e-10,-3.7252903e-09,1.0,-1.489095e-10,-8.781334e-10,-8.472538e-11,0.0,0.0,0.0,0.0,0.0,0.0,0.6278973,0.20481022,0.1100624,0.99998707,-0.0030099782,0.0041164034,0.0001679267,0.0013885712,-0.0020106735,-0.0009967675,0.017272156,0.01124865,-0.0024159667,0.4913954,0.06396605,0.020999953,1.0,-1.2767398e-05,-8.923516e-06,-2.3323746e-06,0.000105319436,6.3249776e-05,-0.00021171248,-0.007030866,0.0008563633,1.6179769e-05
0.0,0.0,0.0,0.0,0.0,0.0,1.0,0.6278973,0.20481022,0.110062405,0.4913954,0.06396605,0.020999957,0.4633336,1.04271834e-07,0.38548777,0.008603513,0.92161095,0.02046293,0.38747978,-2.89862e-07,-0.569,3.8618293e-07,-2.81,8.9580126e-08,3.037,0.741,0.04,0.04,-8.5335654e-07,5.815006e-07,9.838803e-07,9.864981e-07,-5.5671524e-07,-9.417629e-09,2.7465535e-07,-1.8440616e-12,-1.1913017e-09,0.0,0.0,0.0,0.0,0.0,0.0,0.04,0.04,-2.7312353e-07,-0.569,3.714254e-07,-2.81,8.357114e-08,3.037,0.741,0.04,0.04,4.448275e-07,-2.8390184e-07,-5.252166e-07,5.7476512e-09,-1.5138073e-07,-1.0974583e-06,-8.229346e-07,-2.1977906e-10,7.4544646e-13,5.5879354e-09,2.3283064e-10,-3.7252903e-09,1.0,-1.489095e-10,-8.781334e-10,-8.472538e-11,0.0,0.0,0.0,0.0,0.0,0.0,0.6279015,0.2047984,0.11005831,0.9999871,-0.0029620323,0.0041328343,0.00016572038,0.00025172826,-0.00059049437,-0.00019748526,0.0055988445,0.0018808707,-0.0006803403,0.49139547,0.06396604,0.020999936,1.0,-1.25664765e-05,-8.361033e-06,-2.2130578e-06,0.000107901215,6.144828e-05,-0.00021313039,-0.0069656884,0.0009666057,1.6406091e-05
0.0,0.0,0.0,0.0,0.0,0.0,1.0,0.6279015,0.2047984,0.11005831,0.49139547,0.06396604,0.02099994,0.46333355,4.734474e-08,0.38548768,0.008603483,0.9216111,0.02046284,0.38747975,-2.7312353e-07,-0.569,3.714254e-07,-2.81,8.357114e-08,3.037,0.741,0.04,0.04,4.448275e-07,-2.8390184e-07,-5.252166e-07,5.7476512e-09,-1.5138073e-07,-1.0974583e-06,-8.229346e-07,-2.1977906e-10,7.4544646e-13,0.0,0.0,0.0,0.0,0.0,0.0,0.04,0.04,-2.682094e-07,-0.569,3.6509266e-07,-2.81,9.3826046e-08,3.037,0.741,0.04,0.04,5.8171486e-07,-7.666205e-07,-7.659923e-07,-1.0536118e-06,4.9471015e-07,8.73602e-10,-1.2343923e-10,-9.574085e-10,2.651399e-12,5.5879354e-09,2.3283064e-10,-3.7252903e-09,1.0,-1.489095e-10,-8.781334e-10,-8.472538e-11,0.0,0.0,0.0,0.0,0.0,0.0,0.62789917,0.2048033,0.1100609,0.99998707,-0.002983287,0.0041235145,0.00016632053,0.00044965727,7.568259e-05,-0.0002252581,0.00015806388,0.004370515,0.00012953604,0.49139544,0.06396604,0.020999942,1.0,-1.2505817e-05,-8.414492e-06,-2.0618386e-06,0.00010726127,6.2105944e-05,-0.00021255134,-0.006986894,0.000934373,1.5933318e-05
0.0,0.0,0.0,0.0,0.0,0.0,1.0,0.62789917,0.2048033,0.1100609,0.49139544,0.06396604,0.020999946,0.46333355,4.734474e-08,0.38548768,0.008603483,0.9216111,0.02046284,0.38747975,-2.682094e-07,-0.569,3.6509266e-07,-2.81,9.3826046e-08,3.037,0.741,0.04,0.04,5.8171486e-07,-7.666205e-07,-7.659923e-07,-1.0536118e-06,4.9471015e-07,8.73602e-10,-1.2343923e-10,-9.574085e-10,2.651399e-12,0.0,0.0,0.0,0.0,0.0,0.0,0.04,0.04,-2.803038e-07,-0.569,3.750055e-07,-2.81,9.8590405e-08,3.037,0.741,0.04,0.04,-3.067842e-07,2.6074784e-07,3.6929345e-07,1.0717425e-08,1.2852871e-07,1.6141511e-09,5.485997e-07,-9.977797e-13,-1.7067434e-10,5.5879354e-09,2.3283064e-10,-3.7252903e-09,1.0,-1.489095e-10,-8.781334e-10,-8.472538e-11,0.0,0.0,0.0,0.0,0.0,0.0,0.6278973,0.20481022,0.11006239,0.999987,-0.0030100178,0.0041163126,0.00016790205,0.0013864479,-0.0020054022,-0.0009963433,0.017223686,0.011225538,-0.002411588,0.49139547,0.06396604,0.020999938,1.0,-1.2646133e-05,-8.523661e-06,-2.1289597e-06,0.00010759892,6.185667e-05,-0.00021244642,-0.007001905,0.0009192063,1.5807305e-05
0.0,0.0,0.0,0.0,0.0,0.0,1.0,0.6278973,0.20481022,0.11006239,0.49139547,0.06396604,0.020999942,0.4633336,1.04271834e-07,0.38548777,0.008603513,0.92161095,0.02046293,0.38747978,-2.803038e-07,-0.569,3.750055e-07,-2.81,9.8590405e-08,3.037,0.741,0.04,0.04,-3.067842e-07,2.6074784e-07,3.6929345e-07,1.0717425e-08,1.2852871e-07,1.6141511e-09,5.485997e-07,-9.977797e-13,-1.7067434e-10,0.0,0.0,0.0,0.0,0.0,0.0,0.04,0.04,-2.872792e-07,-0.569,3.8191476e-07,-2.81,8.720668e-08,3.037,0.741,0.04,0.04,-8.544491e-07,5.849384e-07,9.831031e-07,9.837257e-07,-5.561873e-07,-9.814121e-09,2.7466385e-07,-2.1049703e-12,-1.1979414e-09,5.5879354e-09,2.3283064e-10,-3.7252903e-09,1.0,-1.489095e-10,-8.781334e-10,-8.472538e-11,0.0,0.0,0.0,0.0,0.0,0.0,0.62790143,0.20479845,0.11005842,0.999987,-0.0029626125,0.0041325903,0.0001655919,0.00024664766,-0.00052097475,-0.00017884444,0.004963129,0.0017459234,-0.0007059042,0.49139544,0.06396605,0.020999944,1.0,-1.2451166e-05,-8.468284e-06,-2.0582497e-06,0.00010723468,6.219411e-05,-0.00021255341,-0.0069884006,0.00093424664,1.5871494e-05
0.0,0.0,0.0,0.0,0.0,0.0,1.0,0.62790143,0.20479845,0.11005843,0.49139544,0.06396605,0.020999948,0.4633336,1.04271834e-07,0.38548777,0.008603513,0.92161095,0.02046293,0.38747978,-2.872792e-07,-0.569,3.8191476e-07,-2.81,8.720668e-08,3.037,0.741,0.04,0.04,-8.544491e-07,5.849384e-07,9.831031e-07,9.837257e-07,-5.561873e-07,-9.814121e-09,2.7466385e-07,-2.1049703e-12,-1.1979414e-09,0.0,0.0,0.0,0.0,0.0,0.0,0.04,0.04,-2.7055557e-07,-0.569,3.671466e-07,-2.81,8.120535e-08,3.037,0.741,0.04,0.04,4.4469456e-07,-2.8336774e-07,-5.253087e-07,5.3170695e-09,-1.5130347e-07,-1.0975201e-06,-8.2293377e-07,-2.1902151e-10,6.848179e-13,5.5879354e-09,2.3283064e-10,-3.7252903e-09,1.0,-1.489095e-10,-8.781334e-10,-8.472538e-11,0.0,0.0,0.0,0.0,0.0,0.0,0.62789917,0.20480329,0.110060886,0.99998707,-0.0029832213,0.004123548,0.0001661798,0.00044840688,7.721264e-05,-0.00022195656,0.00013334495,0.004358179,0.0001276517,0.49139544,0.06396604,0.021,1.0,-1.2628978e-05,-8.492577e-06,-1.9498807e-06,0.000107155014,6.17379e-05,-0.00021290421,-0.0069878614,0.0009300987,1.6740365e-05
0.0,0.0,0.0,0.0,0.0,0.0,1.0,0.62789917,0.20480329,0.110060886,0.49139544,0.06396604,0.021000003,0.46333355,4.734474e-08,0.38548768,0.008603483,0.9216111,0.02046284,0.38747975,-2.7055557e-07,-0.569,3.671466e-07,-2.81,8.120535e-08,3.037,0.741,0.04,0.04,4.4469456e-07,-2.8336774e-07,-5.253087e-07,5.3170695e-09,-1.5130347e-07,-1.0975201e-06,-8.2293377e-07,-2.1902151e-10,6.848179e-13,0.0,0.0,0.0,0.0,0.0,0.0,0.04,0.04,-2.8148398e-07,-0.569,3.7821724e-07,-2.81,8.536141e-08,3.037,0.741,0.04,0.04,-2.9746002e-07,2.4170419e-07,3.7610576e-07,3.2358592e-08,1.2475317e-07,4.3444817e-09,5.485281e-07,-6.9106054e-13,-1.19681e-10,5.5879354e-09,2.3283064e-10,-3.7252903e-09,1.0,-1.489095e-10,-8.781334e-10,-8.472538e-11,0.0,0.0,0.0,0.0,0.0,0.0,0.6278973,0.20481022,0.110062405,0.999987,-0.00301002,0.004116254,0.00016798945,0.0013852991,-0.002004839,-0.0009958525,0.017219596,0.011213569,-0.0024102805,0.49139547,0.06396605,0.020999936,1.0,-1.2568031e-05,-8.485634e-06,-1.959485e-06,0.00010702857,6.208534e-05,-0.00021232193,-0.007002791,0.0009085311,1.6056318e-05
0.0,0.0,0.0,0.0,0.0,0.0,1.0,0.6278973,0.20481022,0.110062405,0.49139547,0.06396605,0.02099994,0.4633336,1.04271834e-07,0.38548777,0.008603513,0.92161095,0.02046293,0.38747978,-2.8148398e-07,-0.569,3.7821724e-07,-2.81,8.536141e-08,3.037,0.741,0.04,0.04,-2.9746002e-07,2.4170419e-07,3.7610576e-07,3.2358592e-08,1.2475317e-07,4.3444817e-09,5.485281e-07,-6.9106054e-13,-1.19681e-10,0.0,0.0,0.0,0.0,0.0,0.0,0.04,0.04,-2.8833497e-07,-0.569,3.852163e-07,-2.81,7.3924234e-08,3.037,0.741,0.04,0.04,-8.533565e-07,5.8150056e-07,9.838803e-07,9.86498e-07,-5.567153e-07,-9.417724e-09,2.7465555e-07,-1.836724e-12,-1.1913126e-09,5.5879354e-09,2.3283064e-10,-3.7252903e-09,1.0,-1.489095e-10,-8.781334e-10,-8.472538e-11,0.0,0.0,0.0,0.0,0.0,0.0,0.6279015,0.20479842,0.110058434,0.9999871,-0.002962013,0.004132844,0.00016555702,0.0002497957,-0.00053443364,-0.0001805737,0.0050823293,0.0017839848,-0.0007083813,0.49139544,0.06396604,0.020999933,1.0,-1.2389931e-05,-8.364651e-06,-1.9991605e-06,0.00010721134,6.209176e-05,-0.00021215867,-0.006999805,0.0009121866,1.5691965e-05
0.0,0.0,0.0,0.0,0.0,0.0,1.0,0.6279015,0.20479842,0.11005844,0.49139544,0.06396604,0.020999936,0.4633336,1.04271834e-07,0.38548777,0.008603513,0.92161095,0.02046293,0.38747978,-2.8833497e-07,-0.569,3.852163e-07,-2.81,7.3924234e-08,3.037,0.741,0.04,0.04,-8.533565e-07,5.8150056e-07,9.838803e-07,9.86498e-07,-5.567153e-07,-9.417724e-09,2.7465555e-07,-1.836724e-12,-1.1913126e-09,0.0,0.0,0.0,0.0,0.0,0.0,0.04,0.04,-2.7159652e-07,-0.569,3.7045876e-07,-2.81,6.7915245e-08,3.037,0.741,0.04,0.04,4.4482746e-07,-2.8390193e-07,-5.2521665e-07,5.747653e-09,-1.5138076e-07,-1.0974584e-06,-8.2293474e-07,-2.197806e-10,7.169777e-13,5.5879354e-09,2.3283064e-10,-3.7252903e-09,1.0,-1.489095e-10,-8.781334e-10,-8.472538e-11,0.0,0.0,0.0,0.0,0.0,0.0,0.62789917,0.20480332,0.11006087,0.99998695,-0.002983429,0.004123532,0.00016624063,0.00044950432,7.740274e-05,-0.00022210185,0.00013263448,0.00436882,0.00012760345,0.4913954,0.06396603,0.020999964,1.0,-1.2339164e-05,-8.945229e-06,-2.145584e-06,0.000103489074,6.350666e-05,-0.0002112358,-0.0070226067,0.00082078227,1.7386155e-05
0.0,0.0,0.0,0.0,0.0,0.0,1.0,0.62789917,0.20480332,0.11006087,0.4913954,0.06396603,0.020999968,0.46333355,4.734474e-08,0.38548768,0.008603483,0.9216111,0.02046284,0.38747975,-2.7159652e-07,-0.569,3.7045876e-07,-2.81,6.7915245e-08,3.037,0.741,0.04,0.04,4.4482746e-07,-2.8390193e-07,-5.2521665e-07,5.747653e-09,-1.5138076e-07,-1.0974584e-06,-8.2293474e-07,-2.197806e-10,7.169777e-13,0.0,0.0,0.0,0.0,0.0,0.0,0.04,0.04,-2.6668238e-07,-0.569,3.6412604e-07,-2.81,7.817016e-08,3.037,0.741,0.04,0.04,5.817148e-07,-7.666206e-07,-7.6599224e-07,-1.0536116e-06,4.9471026e-07,8.735758e-10,-1.232982e-10,-9.573894e-10,2.677971e-12,5.5879354e-09,2.3283064e-10,-3.7252903e-09,1.0,-1.489095e-10,-8.781334e-10,-8.472538e-11,0.0,0.0,0.0,0.0,0.0,0.0,0.6278973,0.20481022,0.11006239,0.99998695,-0.0030100944,0.0041164504,0.00016784741,0.0013833705,-0.0020008227,-0.0009941199,0.01718544,0.011200242,-0.002405426,0.49139547,0.06396604,0.020999936,1.0,-1.2448664e-05,-8.347657e-06,-2.1485764e-06,0.000109282395,6.0548587e-05,-0.00021315679,-0.0069746226,0.0009688671,1.5928608e-05
0.0,0.0,0.0,0.0,0.0,0.0,1.0,0.6278973,0.20481022,0.11006239,0.49139547,0.06396604,0.02099994,0.46333355,4.734474e-08,0.38548768,0.008603483,0.9216111,0.02046284,0.38747975,-2.6668238e-07,-0.569,3.6412604e-07,-2.81,7.817016e-08,3.037,0.741,0.04,0.04,5.817148e-07,-7.666206e-07,-7.6599224e-07,-1.0536116e-06,4.9471026e-07,8.735758e-10,-1.232982e-10,-9.573894e-10,2.677971e-12,0.0,0.0,0.0,0.0,0.0,0.0,0.04,0.04,-2.7877678e-07,-0.569,3.7403888e-07,-2.81,8.293452e-08,3.037,0.741,0.04,0.04,-3.0678422e-07,2.6074778e-07,3.6929345e-07,1.07174385e-08,1.2852871e-07,1.6141323e-09,5.4859987e-07,-9.904198e-13,-1.7067091e-10,5.5879354e-09,2.3283064e-10,-3.7252903e-09,1.0,-1.489095e-10,-8.781334e-10,-8.472538e-11,0.0,0.0,0.0,0.0,0.0,0.0,0.6279015,0.20479836,0.11005829,0.99998707,-0.002961844,0.004132673,0.00016566932,0.0002533885,-0.00059875037,-0.00020061992,0.0056723687,0.0019063,-0.0006796654,0.49139544,0.063966036,0.02099994,1.0,-1.2373449e-05,-8.40532e-06,-2.0545597e-06,0.000107261716,6.2109895e-05,-0.00021254076,-0.006986921,0.00093438674,1.5927864e-05
0.0,0.0,0.0,0.0,0.0,0.0,1.0,0.6279015,0.20479836,0.11005829,0.49139544,0.063966036,0.020999944,0.46333355,4.734474e-08,0.38548768,0.008603483,0.9216111,0.02046284,0.38747975,-2.7877678e-07,-0.569,3.7403888e-07,-2.81,8.293452e-08,3.037,0.741,0.04,0.04,-3.0678422e-07,2.6074778e-07,3.6929345e-07,1.07174385e-08,1.2852871e-07,1.6141323e-09,5.4859987e-07,-9.904198e-13,-1.7067091e-10,0.0,0.0,0.0,0.0,0.0,0.0,0.04,0.04,-2.7307144e-07,-0.569,3.6973702e-07,-2.81,9.342648e-08,3.037,0.741,0.04,0.04,5.9416664e-07,-7.28453e-07,-7.5539253e-07,-1.0844944e-06,4.9746666e-07,-3.5017527e-09,-5.1810237e-11,-1.048585e-09,3.0012947e-12,5.5879354e-09,2.3283064e-10,-3.7252903e-09,1.0,-1.489095e-10,-8.781334e-10,-8.472538e-11,0.0,0.0,0.0,0.0,0.0,0.0,0.62789917,0.2048033,0.11006087,0.999987,-0.0029833121,0.004123637,0.00016626497,0.00045029787,7.5353426e-05,-0.0002258495,0.00016383677,0.0043769293,0.00013041992,0.49139544,0.06396604,0.020999996,1.0,-1.2566163e-05,-8.433609e-06,-1.9480954e-06,0.000107182204,6.164563e-05,-0.00021291936,-0.0069864513,0.00093037606,1.6811338e-05
0.0,0.0,0.0,0.0,0.0,0.0,1.0,0.62789917,0.2048033,0.11006087,0.49139544,0.06396604,0.021,0.46333355,4.734474e-08,0.38548768,0.008603483,0.9216111,0.02046284,0.38747975,-2.7307144e-07,-0.569,3.6973702e-07,-2.81,9.342648e-08,3.037,0.741,0.04,0.04,5.9416664e-07,-7.28453e-07,-7.5539253e-07,-1.0844944e-06,4.9746666e-07,-3.5017527e-09,-5.1810237e-11,-1.048585e-09,3.0012947e-12,0.0,0.0,0.0,0.0,0.0,0.0,0.04,0.04,-2.8500318e-07,-0.569,3.7978964e-07,-2.81,9.8235404e-08,3.037,0.741,0.04,0.04,-3.054408e-07,2.666523e-07,3.704765e-07,5.589606e-09,1.2905383e-07,9.0668323e-10,5.4861266e-07,-9.584836e-13,-1.5999913e-10,5.5879354e-09,2.3283064e-10,-3.7252903e-09,1.0,-1.489095e-10,-8.781334e-10,-8.472538e-11,0.0,0.0,0.0,0.0,0.0,0.0,0.6278973,0.20481022,0.110062376,0.99998695,-0.0030101263,0.0041161557,0.00016798005,0.0013881989,-0.0020118542,-0.0009968174,0.017283691,0.011242668,-0.002416183,0.49139544,0.06396604,0.020999933,1.0,-1.2711129e-05,-8.550778e-06,-2.1698775e-06,0.00010491954,6.3324165e-05,-0.00021165577,-0.007007912,0.0008710685,1.6413744e-05
0.0,0.0,0.0,0.0,0.0,0.0,1.0,0.6278973,0.20481022,0.110062376,0.49139544,0.06396604,0.020999936,0.4633336,1.04271834e-07,0.38548777,0.008603513,0.92161095,0.02046293,0.38747978,-2.8500318e-07,-0.569,3.7978964e-07,-2.81,9.8235404e-08,3.037,0.741,0.04,0.04,-3.054408e-07,2.666523e-07,3.704765e-07,5.589606e-09,1.2905383e-07,9.0668323e-10,5.4861266e-07,-9.584836e-13,-1.5999913e-10,0.0,0.0,0.0,0.0,0.0,0.0,0.04,0.04,-2.9196116e-07,-0.569,3.8671445e-07,-2.81,8.685986e-08,3.037,0.741,0.04,0.04,-8.543071e-07,5.8587915e-07,9.832347e-07,9.829164e-07,-5.560951e-07,-9.926069e-09,2.7466604e-07,-2.0187673e-12,-1.1966167e-09,5.5879354e-09,2.3283064e-10,-3.7252903e-09,1.0,-1.489095e-10,-8.781334e-10,-8.472538e-11,0.0,0.0,0.0,0.0,0.0,0.0,0.62790143,0.2047984,0.11005836,0.99998707,-0.002962006,0.0041326648,0.00016564077,0.00024636067,-0.00055461784,-0.0001899529,0.0052860607,0.001788428,-0.0006845274,0.49139544,0.06396605,0.020999996,1.0,-1.2687772e-05,-8.541062e-06,-1.9674812e-06,0.00010719856,6.182448e-05,-0.00021271738,-0.0069850995,0.0009320658,1.6435768e-05
0.0,0.0,0.0,0.0,0.0,0.0,1.0,0.62790143,0.2047984,0.11005837,0.49139544,0.06396605,0.021,0.4633336,1.04271834e-07,0.38548777,0.008603513,0.92161095,0.02046293,0.38747978,-2.9196116e-07,-0.569,3.8671445e-07,-2.81,8.685986e-08,3.037,0.741,0.04,0.04,-8.543071e-07,5.8587915e-07,9.832347e-07,9.829164e-07,-5.560951e-07,-9.926069e-09,2.7466604e-07,-2.0187673e-12,-1.1966167e-09,0.0,0.0,0.0,0.0,0.0,0.0,0.04,0.04,-2.7523564e-07,-0.569,3.71948e-07,-2.81,8.085994e-08,3.037,0.741,0.04,0.04,4.44709e-07,-2.8321827e-07,-5.2529424e-07,5.189603e-09,-1.5128778e-07,-1.0975375e-06,-8.229331e-07,-2.191663e-10,6.695922e-13,5.5879354e-09,2.3283064e-10,-3.7252903e-09,1.0,-1.489095e-10,-8.781334e-10,-8.472538e-11,0.0,0.0,0.0,0.0,0.0,0.0,0.6278977,0.20480306,0.110061534,0.99998707,-0.0029814583,0.004117505,0.00016642154,0.00043953734,0.00028626225,-0.00027938592,-0.0021628884,0.0043908674,0.00014563589,0.49139547,0.06396605,0.020999933,1.0,-1.2951882e-05,-8.678835e-06,-1.920582e-06,0.00010714093,6.205405e-05,-0.0002121272,-0.006998067,0.000911026,1.5787044e-05
0.0,0.0,0.0,0.0,0.0,0.0,1.0,0.6278977,0.20480306,0.11006154,0.49139547,0.06396605,0.020999936,0.46333355,4.734474e-08,0.38548768,0.008603483,0.9216111,0.02046284,0.38747975,-2.7523564e-07,-0.569,3.71948e-07,-2.81,8.085994e-08,3.037,0.741,0.04,0.04,4.44709e-07,-2.8321827e-07,-5.2529424e-07,5.189603e-09,-1.5128778e-07,-1.0975375e-06,-8.229331e-07,-2.191663e-10,6.695922e-13,0.0,0.0,0.0,0.0,0.0,0.0,0.04,0.04,-2.7032308e-07,-0.569,3.6561423e-07,-2.81,9.111622e-08,3.037,0.741,0.04,0.04,5.816996e-07,-7.665139e-07,-7.660016e-07,-1.0536993e-06,4.9472425e-07,8.611309e-10,-1.23205e-10,-9.572941e-10,2.6898436e-12,5.5879354e-09,2.3283064e-10,-3.7252903e-09,1.0,-1.489095e-10,-8.781334e-10,-8.472538e-11,0.0,0.0,0.0,0.0,0.0,0.0,0.6278973,0.20481023,0.11006242,0.99998695,-0.0030100644,0.004116283,0.0001678124,0.0013894539,-0.0020053932,-0.0010000403,0.017213268,0.01124421,-0.0024178138,0.49139544,0.06396605,0.020999944,1.0,-1.2708004e-05,-8.678079e-06,-2.026666e-06,0.000107276894,6.2161205e-05,-0.00021256175,-0.006988088,0.000935008,1.5874437e-05
0.0,0.0,0.0,0.0,0.0,0.0,1.0,0.6278973,0.20481023,0.11006242,0.49139544,0.06396605,0.020999948,0.46333355,4.734474e-08,0.38548768,0.008603483,0.9216111,0.02046284,0.38747975,-2.7032308e-07,-0.569,3.6561423e-07,-2.81,9.111622e-08,3.037,0.741,0.04,0.04,5.816996e-07,-7.665139e-07,-7.660016e-07,-1.0536993e-06,4.9472425e-07,8.611309e-10,-1.23205e-10,-9.572941e-10,2.6898436e-12,0.0,0.0,0.0,0.0,0.0,0.0,0.04,0.04,-2.8241774e-07,-0.569,3.7552698e-07,-2.81,9.588077e-08,3.037,0.741,0.04,0.04,-3.0678618e-07,2.607644e-07,3.6929234e-07,1.070377e-08,1.2853083e-07,1.6121596e-09,5.4859987e-07,-9.929039e-13,-1.7067961e-10,5.5879354e-09,2.3283064e-10,-3.7252903e-09,1.0,-1.489095e-10,-8.781334e-10,-8.472538e-11,0.0,0.0,0.0,0.0,0.0,0.0,0.6279015,0.2047984,0.11005843,0.9999871,-0.002962175,0.0041327234,0.00016562172,0.00024858452,-0.0005380694,-0.00018489966,0.0051277378,0.0017811814,-0.0007001302,0.4913954,0.06396605,0.021000007,1.0,-1.2713064e-05,-8.749271e-06,-2.285372e-06,0.00010552527,6.251232e-05,-0.00021228344,-0.0070082415,0.00087870593,1.7165887e-05
0.0,0.0,0.0,0.0,0.0,0.0,1.0,0.6279015,0.2047984,0.11005843,0.4913954,0.06396605,0.02100001,0.4633336,1.04271834e-07,0.38548777,0.008603513,0.92161095,0.02046293,0.38747978,-2.8241774e-07,-0.569,3.7552698e-07,-2.81,9.588077e-08,3.037,0.741,0.04,0.04,-3.0678618e-07,2.607644e-07,3.6929234e-07,1.070377e-08,1.2853083e-07,1.6121596e-09,5.4859987e-07,-9.929039e-13,-1.7067961e-10,0.0,0.0,0.0,0.0,0.0,0.0,0.04,0.04,-2.893932e-07,-0.569,3.8243624e-07,-2.81,8.4497074e-08,3.037,0.741,0.04,0.04,-8.544495e-07,5.8494095e-07,9.831028e-07,9.837236e-07,-5.561871e-07,-9.814492e-09,2.7466388e-07,-2.0376626e-12,-1.1979817e-09,5.5879354e-09,2.3283064e-10,-3.7252903e-09,1.0,-1.489095e-10,-8.781334e-10,-8.472538e-11,0.0,0.0,0.0,0.0,0.0,0.0,0.62789917,0.20480329,0.11006087,0.99998695,-0.0029833897,0.0041235583,0.00016625592,0.0004490673,7.70528e-05,-0.00022189975,0.00013419535,0.0043641995,0.00012661457,0.49139544,0.06396605,0.020999942,1.0,-1.2792575e-05,-8.65999e-06,-2.0898894e-06,0.000107083506,6.177973e-05,-0.00021231399,-0.006997259,0.00090824603,1.6271368e-05
0.0,0.0,0.0,0.0,0.0,0.0,1.0,0.62789917,0.20480329,0.11006087,0.49139544,0.06396605,0.020999946,0.4633336,1.04271834e-07,0.38548777,0.008603513,0.92161095,0.02046293,0.38747978,-2.893932e-07,-0.569,3.8243624e-07,-2.81,8.4497074e-08,3.037,0.741,0.04,0.04,-8.544495e-07,5.8494095e-07,9.831028e-07,9.837236e-07,-5.561871e-07,-9.814492e-09,2.7466388e-07,-2.0376626e-12,-1.1979817e-09,0.0,0.0,0.0,0.0,0.0,0.0,0.04,0.04,-2.7266958e-07,-0.569,3.676681e-07,-2.81,7.849576e-08,3.037,0.741,0.04,0.04,4.446946e-07,-2.8336734e-07,-5.2530885e-07,5.316663e-09,-1.5130331e-07,-1.0975202e-06,-8.2293354e-07,-2.1902914e-10,7.210704e-13,5.5879354e-09,2.3283064e-10,-3.7252903e-09,1.0,-1.489095e-10,-8.781334e-10,-8.472538e-11,0.0,0.0,0.0,0.0,0.0,0.0,0.6278973,0.2048102,0.11006241,0.99998707,-0.0030099791,0.0041164146,0.00016790474,0.0013834729,-0.0019997498,-0.0009946423,0.017173722,0.011199261,-0.0024057243,0.49139547,0.06396606,0.020999946,1.0,-1.29011205e-05,-8.761402e-06,-1.9569572e-06,0.0001069426,6.228604e-05,-0.00021231457,-0.007005988,0.0009074808,1.5930256e-05
0.0,0.0,0.0,0.0,0.0,0.0,1.0,0.6278973,0.2048102,0.11006242,0.49139547,0.06396606,0.02099995,0.46333355,4.734474e-08,0.38548768,0.008603483,0.9216111,0.02046284,0.38747975,-2.7266958e-07,-0.569,3.676681e-07,-2.81,7.849576e-08,3.037,0.741,0.04,0.04,4.446946e-07,-2.8336734e-07,-5.2530885e-07,5.316663e-09,-1.5130331e-07,-1.0975202e-06,-8.2293354e-07,-2.1902914e-10,7.210704e-13,0.0,0.0,0.0,0.0,0.0,0.0,0.04,0.04,-2.8359798e-07,-0.569,3.7873872e-07,-2.81,8.2651816e-08,3.037,0.741,0.04,0.04,-2.9746002e-07,2.4170427e-07,3.761057e-07,3.2358532e-08,1.2475314e-07,4.3444146e-09,5.4852813e-07,-6.974797e-13,-1.1968258e-10,5.5879354e-09,2.3283064e-10,-3.7252903e-09,1.0,-1.489095e-10,-8.781334e-10,-8.472538e-11,0.0,0.0,0.0,0.0,0.0,0.0,0.6279015,0.20479839,0.110058375,0.99998707,-0.002961907,0.0041328273,0.0001656299,0.00025088413,-0.0005720141,-0.00019108821,0.0054358914,0.001839158,-0.00069153635,0.49139544,0.06396604,0.020999942,1.0,-1.2464214e-05,-8.286988e-06,-2.3308332e-06,0.000107253436,6.1714345e-05,-0.00021271045,-0.0069840723,0.0009317927,1.6490021e-05
0.0,0.0,0.0,0.0,0.0,0.0,1.0,0.6279015,0.20479839,0.11005838,0.49139544,0.06396604,0.020999946,0.4633336,1.04271834e-07,0.38548777,0.008603513,0.92161095,0.02046293,0.38747978,-2.8359798e-07,-0.569,3.7873872e-07,-2.81,8.2651816e-08,3.037,0.741,0.04,0.04,-2.9746002e-07,2.4170427e-07,3.761057e-07,3.2358532e-08,1.2475314e-07,4.3444146e-09,5.4852813e-07,-6.974797e-13,-1.1968258e-10,0.0,0.0,0.0,0.0,0.0,0.0,0.04,0.04,-2.90449e-07,-0.569,3.857378e-07,-2.81,7.121464e-08,3.037,0.741,0.04,0.04,-8.533566e-07,5.815006e-07,9.838805e-07,9.864981e-07,-5.567151e-07,-9.417436e-09,2.746554e-07,-1.8664289e-12,-1.1913031e-09,5.5879354e-09,2.3283064e-10,-3.7252903e-09,1.0,-1.489095e-10,-8.781334e-10,-8.472538e-11,0.0,0.0,0.0,0.0,0.0,0.0,0.62789917,0.20480327,0.1100609,0.999987,-0.0029831426,0.0041235047,0.0001662744,0.00044964592,7.573707e-05,-0.00022548441,0.00015914858,0.004370787,0.0001303527,0.49139544,0.06396604,0.021,1.0,-1.2623161e-05,-8.342489e-06,-2.0081425e-06,0.00010710755,6.176863e-05,-0.00021290178,-0.006988249,0.00092929264,1.6753962e-05
0.0,0.0,0.0,0.0,0.0,0.0,1.0,0.62789917,0.20480327,0.1100609,0.49139544,0.06396604,0.021000003,0.4633336,1.04271834e-07,0.38548777,0.008603513,0.92161095,0.02046293,0.38747978,-2.90449e-07,-0.569,3.857378e-07,-2.81,7.121464e-08,3.037,0.741,0.04,0.04,-8.533566e-07,5.815006e-07,9.838805e-07,9.864981e-07,-5.567151e-07,-9.417436e-09,2.746554e-07,-1.8664289e-12,-1.1913031e-09,0.0,0.0,0.0,0.0,0.0,0.0,0.04,0.04,-2.7371055e-07,-0.569,3.7098025e-07,-2.81,6.520565e-08,3.037,0.741,0.04,0.04,4.448275e-07,-2.8390184e-07,-5.2521665e-07,5.7476033e-09,-1.5138075e-07,-1.0974583e-06,-8.229346e-07,-2.1978853e-10,7.0657634e-13,5.5879354e-09,2.3283064e-10,-3.7252903e-09,1.0,-1.489095e-10,-8.781334e-10,-8.472538e-11,0.0,0.0,0.0,0.0,0.0,0.0,0.6278973,0.20481022,0.11006239,0.99998707,-0.0030099521,0.0041163294,0.0001678648,0.0013854769,-0.0020001165,-0.00099523,0.017176833,0.011221418,-0.0024066977,0.49139544,0.06396604,0.020999938,1.0,-1.2689394e-05,-8.401942e-06,-2.3330451e-06,0.00010576668,6.271678e-05,-0.00021269279,-0.006976862,0.00092803274,1.698934e-05
0.0,0.0,0.0,0.0,0.0,0.0,1.0,0.6278973,0.20481022,0.11006239,0.49139544,0.06396604,0.020999942,0.46333355,4.734474e-08,0.38548768,0.008603483,0.9216111,0.02046284,0.38747975,-2.7371055e-07,-0.569,3.7098025e-07,-2.81,6.520565e-08,3.037,0.741,0.04,0.04,4.448275e-07,-2.8390184e-07,-5.2521665e-07,5.7476033e-09,-1.5138075e-07,-1.0974583e-06,-8.229346e-07,-2.1978853e-10,7.0657634e-13,0.0,0.0,0.0,0.0,0.0,0.0,0.04,0.04,-2.687964e-07,-0.569,3.6464752e-07,-2.81,7.546056e-08,3.037,0.741,0.04,0.04,5.8171446e-07,-7.666206e-07,-7.65992e-07,-1.0536119e-06,4.947102e-07,8.7351737e-10,-1.2337462e-10,-9.573986e-10,2.5813663e-12,5.5879354e-09,2.3283064e-10,-3.7252903e-09,1.0,-1.489095e-10,-8.781334e-10,-8.472538e-11,0.0,0.0,0.0,0.0,0.0,0.0,0.6279015,0.20479843,0.11005842,0.99998707,-0.0029624384,0.0041327407,0.00016555029,0.0002470968,-0.00052162295,-0.00017944112,0.004970045,0.0017512309,-0.0007053272,0.49139544,0.06396603,0.020999925,0.99999994,-1.2655042e-05,-9.08551e-06,-1.9975625e-06,0.000105662875,6.2518666e-05,-0.00021150835,-0.0070134904,0.00086127984,1.6342921e-05
0.0,0.0,0.0,0.0,0.0,0.0,1.0,0.6279015,0.20479843,0.11005843,0.49139544,0.06396603,0.020999929,0.46333355,4.734474e-08,0.38548768,0.008603483,0.9216111,0.02046284,0.38747975,-2.687964e-07,-0.569,3.6464752e-07,-2.81,7.546056e-08,3.037,0.741,0.04,0.04,5.8171446e-07,-7.666206e-07,-7.65992e-07,-1.0536119e-06,4.947102e-07,8.7351737e-10,-1.2337462e-10,-9.573986e-10,2.5813663e-12,0.0,0.0,0.0,0.0,0.0,0.0,0.04,0.04,-2.8089082e-07,-0.569,3.7456036e-07,-2.81,8.022492e-08,3.037,0.741,0.04,0.04,-3.0678422e-07,2.607478e-07,3.6929345e-07,1.0717425e-08,1.2852874e-07,1.6141257e-09,5.485998e-07,-1.007616e-12,-1.7067373e-10,5.5879354e-09,2.3283064e-10,-3.7252903e-09,1.0,-1.489095e-10,-8.781334e-10,-8.472538e-11,0.0,0.0,0.0,0.0,0.0,0.0,0.62789917,0.20480333,0.11006085,0.999987,-0.0029835505,0.0041235797,0.00016622823,0.0004495162,7.7026896e-05,-0.00022023734,0.00013004795,0.004368501,0.00012497652,0.49139544,0.06396605,0.020999959,0.99999994,-1.2780458e-05,-8.5397e-06,-2.1200412e-06,0.000107152366,6.219567e-05,-0.00021264417,-0.006989978,0.000932755,1.6051727e-05
0.0,0.0,0.0,0.0,0.0,0.0,1.0,0.62789917,0.20480333,0.110060856,0.49139544,0.06396605,0.020999962,0.4633336,1.04271834e-07,0.38548777,0.008603513,0.92161095,0.02046293,0.38747978,-2.8089082e-07,-0.569,3.7456036e-07,-2.81,8.022492e-08,3.037,0.741,0.04,0.04,-3.0678422e-07,2.607478e-07,3.6929345e-07,1.0717425e-08,1.2852874e-07,1.6141257e-09,5.485998e-07,-1.007616e-12,-1.7067373e-10,0.0,0.0,0.0,0.0,0.0,0.0,0.04,0.04,-2.8786621e-07,-0.569,3.8146962e-07,-2.81,6.8841196e-08,3.037,0.741,0.04,0.04,-8.544492e-07,5.8493845e-07,9.831031e-07,9.837258e-07,-5.561874e-07,-9.813982e-09,2.7466365e-07,-2.092263e-12,-1.1979348e-09,5.5879354e-09,2.3283064e-10,-3.7252903e-09,1.0,-1.489095e-10,-8.781334e-10,-8.472538e-11,0.0,0.0,0.0,0.0,0.0,0.0,0.6278973,0.2048102,0.110062405,0.999987,-0.003009927,0.004116346,0.00016787251,0.0013867873,-0.0020060875,-0.000996565,0.017229727,0.011228577,-0.0024123297,0.4913954,0.06396605,0.020999929,0.99999994,-1.287946e-05,-9.200358e-06,-2.2352058e-06,0.0001047269,6.369e-05,-0.00021148707,-0.0070326915,0.00084670616,1.6154143e-05
0.0,0.0,0.0,0.0,0.0,0.0,1.0,0.6278973,0.2048102,0.110062405,0.4913954,0.06396605,0.020999933,0.4633336,1.04271834e-07,0.38548777,0.008603513,0.92161095,0.02046293,0.38747978,-2.8786621e-07,-0.569,3.8146962e-07,-2.81,6.8841196e-08,3.037,0.741,0.04,0.04,-8.544492e-07,5.8493845e-07,9.831031e-07,9.837258e-07,-5.561874e-07,-9.813982e-09,2.7466365e-07,-2.092263e-12,-1.1979348e-09,0.0,0.0,0.0,0.0,0.0,0.0,0.04,0.04,-2.711426e-07,-0.569,3.6670147e-07,-2.81,6.283987e-08,3.037,0.741,0.04,0.04,4.446946e-07,-2.833677e-07,-5.253088e-07,5.3171174e-09,-1.5130337e-07,-1.0975203e-06,-8.2293354e-07,-2.1902935e-10,6.895624e-13,5.5879354e-09,2.3283064e-10,-3.7252903e-09,1.0,-1.489095e-10,-8.781334e-10,-8.472538e-11,0.0,0.0,0.0,0.0,0.0,0.0,0.6279015,0.2047984,0.11005836,0.99998707,-0.0029622265,0.0041328957,0.00016561993,0.0002497057,-0.0005561916,-0.00018566946,0.0052834703,0.0018124721,-0.00069694704,0.49139547,0.06396605,0.02099997,0.99999994,-1.2647686e-05,-8.596151e-06,-2.117644e-06,0.00010706575,6.180826e-05,-0.0002122932,-0.006997177,0.0009082992,1.6258264e-05
0.0,0.0,0.0,0.0,0.0,0.0,1.0,0.6279015,0.2047984,0.11005837,0.49139547,0.06396605,0.020999974,0.46333355,4.734474e-08,0.38548768,0.008603483,0.9216111,0.02046284,0.38747975,-2.711426e-07,-0.569,3.6670147e-07,-2.81,6.283987e-08,3.037,0.741,0.04,0.04,4.446946e-07,-2.833677e-07,-5.253088e-07,5.3171174e-09,-1.5130337e-07,-1.0975203e-06,-8.2293354e-07,-2.1902935e-10,6.895624e-13,0.0,0.0,0.0,0.0,0.0,0.0,0.04,0.04,-2.82071e-07,-0.569,3.777721e-07,-2.81,6.699592e-08,3.037,0.741,0.04,0.04,-2.9746002e-07,2.4170419e-07,3.761057e-07,3.23586e-08,1.2475314e-07,4.34441e-09,5.485281e-07,-6.8536176e-13,-1.1968752e-10,5.5879354e-09,2.3283064e-10,-3.7252903e-09,1.0,-1.489095e-10,-8.781334e-10,-8.472538e-11,0.0,0.0,0.0,0.0,0.0,0.0,0.62789917,0.2048033,0.11006089,0.99998707,-0.0029833505,0.0041234423,0.00016628922,0.0004494574,7.687294e-05,-0.0002242383,0.00014489215,0.0043689674,0.00013009064,0.49139544,0.06396603,0.020999944,0.99999994,-1.2283532e-05,-8.861046e-06,-1.9706206e-06,0.00010665196,6.175852e-05,-0.00021228711,-0.006997079,0.00089827436,1.6708336e-05
0.0,0.0,0.0,0.0,0.0,0.0,1.0,0.62789917,0.2048033,0.1100609,0.49139544,0.06396603,0.020999948,0.4633336,1.04271834e-07,0.38548777,0.008603513,0.92161095,0.02046293,0.38747978,-2.82071e-07,-0.569,3.777721e-07,-2.81,6.699592e-08,3.037,0.741,0.04,0.04,-2.9746002e-07,2.4170419e-07,3.761057e-07,3.23586e-08,1.2475314e-07,4.34441e-09,5.485281e-07,-6.8536176e-13,-1.1968752e-10,0.0,0.0,0.0,0.0,0.0,0.0,0.04,0.04,-2.88922e-07,-0.569,3.8477117e-07,-2.81,5.555874e-08,3.037,0.741,0.04,0.04,-8.533564e-07,5.815006e-07,9.8388e-07,9.864981e-07,-5.567152e-07,-9.4174455e-09,2.746554e-07,-1.8712573e-12,-1.1912923e-09,5.5879354e-09,2.3283064e-10,-3.7252903e-09,1.0,-1.489095e-10,-8.781334e-10,-8.472538e-11,0.0,0.0,0.0,0.0,0.0,0.0,0.6278973,0.20481023,0.11006241,0.99998695,-0.0030100604,0.004116265,0.00016793815,0.0013866734,-0.0020123993,-0.0009953408,0.017291853,0.011231139,-0.0024144652,0.49139544,0.06396604,0.020999976,0.99999994,-1.2355195e-05,-8.324877e-06,-2.1847804e-06,0.00010858474,6.093981e-05,-0.00021322587,-0.0069828234,0.0009553346,1.631301e-05
0.0,0.0,0.0,0.0,0.0,0.0,1.0,0.6278973,0.20481023,0.11006242,0.49139544,0.06396604,0.02099998,0.4633336,1.04271834e-07,0.38548777,0.008603513,0.92161095,0.02046293,0.38747978,-2.88922e-07,-0.569,3.8477117e-07,-2.81,5.555874e-08,3.037,0.741,0.04,0.04,-8.533564e-07,5.815006e-07,9.8388e-07,9.864981e-07,-5.567152e-07,-9.4174455e-09,2.746554e-07,-1.8712573e-12,-1.1912923e-09,0.0,0.0,0.0,0.0,0.0,0.0,0.04,0.04,-2.7218354e-07,-0.569,3.7001362e-07,-2.81,4.9549747e-08,3.037,0.741,0.04,0.04,4.448274e-07,-2.8390187e-07,-5.2521676e-07,5.7476233e-09,-1.5138075e-07,-1.0974586e-06,-8.2293485e-07,-2.1978112e-10,7.3025814e-13,5.5879354e-09,2.3283064e-10,-3.7252903e-09,1.0,-1.489095e-10,-8.781334e-10,-8.472538e-11,0.0,0.0,0.0,0.0,0.0,0.0,0.6279015,0.20479845,0.11005841,0.99998707,-0.0029624482,0.004132768,0.00016551404,0.0002480211,-0.00052243785,-0.0001773517,0.004969806,0.0017563541,-0.0007110146,0.49139544,0.063966036,0.020999933,0.99999994,-1.26623945e-05,-8.96673e-06,-2.0730602e-06,0.000105541505,6.277676e-05,-0.0002116177,-0.007019964,0.000859895,1.6319469e-05
0.0,0.0,0.0,0.0,0.0,0.0,1.0,0.6279015,0.20479845,0.11005841,0.49139544,0.063966036,0.020999936,0.46333355,4.734474e-08,0.38548768,0.008603483,0.9216111,0.02046284,0.38747975,-2.7218354e-07,-0.569,3.7001362e-07,-2.81,4.9549747e-08,3.037,0.741,0.04,0.04,4.448274e-07,-2.8390187e-07,-5.2521676e-07,5.7476233e-09,-1.5138075e-07,-1.0974586e-06,-8.2293485e-07,-2.1978112e-10,7.3025814e-13,0.0,0.0,0.0,0.0,0.0,0.0,0.04,0.04,-2.672694e-07,-0.569,3.636809e-07,-2.81,5.980465e-08,3.037,0.741,0.04,0.04,5.8171474e-07,-7.6662053e-07,-7.659923e-07,-1.0536119e-06,4.9471026e-07,8.7357527e-10,-1.2330528e-10,-9.573936e-10,2.6801157e-12,5.5879354e-09,2.3283064e-10,-3.7252903e-09,1.0,-1.489095e-10,-8.781334e-10,-8.472538e-11,0.0,0.0,0.0,0.0,0.0,0.0,0.62789917,0.20480332,0.11006088,0.999987,-0.0029833673,0.0041232994,0.00016623308,0.00044909117,7.685338e-05,-0.00022498616,0.00014738756,0.0043657487,0.00013082761,0.49139544,0.06396604,0.020999966,0.99999994,-1.25965025e-05,-8.327926e-06,-2.0945647e-06,0.00010717771,6.210837e-05,-0.00021263336,-0.0069883526,0.0009327517,1.6099784e-05
0.0,0.0,0.0,0.0,0.0,0.0,1.0,0.62789917,0.20480332,0.110060886,0.49139544,0.06396604,0.02099997,0.46333355,4.734474e-08,0.38548768,0.008603483,0.9216111,0.02046284,0.38747975,-2.672694e-07,-0.569,3.636809e-07,-2.81,5.980465e-08,3.037,0.741,0.04,0.04,5.8171474e-07,-7.6662053e-07,-7.659923e-07,-1.0536119e-06,4.9471026e-07,8.7357527e-10,-1.2330528e-10,-9.573936e-10,2.6801157e-12,0.0,0.0,0.0,0.0,0.0,0.0,0.04,0.04,-2.793638e-07,-0.569,3.7359374e-07,-2.81,6.456901e-08,3.037,0.741,0.04,0.04,-3.0678422e-07,2.6074784e-07,3.692934e-07,1.0717407e-08,1.2852875e-07,1.6141273e-09,5.485998e-07,-1.0051088e-12,-1.7066977e-10,5.5879354e-09,2.3283064e-10,-3.7252903e-09,1.0,-1.489095e-10,-8.781334e-10,-8.472538e-11,0.0,0.0,0.0,0.0,0.0,0.0,0.6278973,0.20481023,0.110062405,0.99998695,-0.0030102597,0.004116212,0.00016799776,0.0013877344,-0.0020118484,-0.0009969245,0.017283637,0.011236103,-0.002416172,0.4913954,0.06396605,0.02099993,0.99999994,-1.291736e-05,-9.020134e-06,-2.2290146e-06,0.0001047193,6.368541e-05,-0.00021148725,-0.007032592,0.0008464712,1.6166481e-05
0.0,0.0,0.0,0.0,0.0,0.0,1.0,0.6278973,0.20481023,0.110062405,0.4913954,0.06396605,0.020999935,0.46333355,4.734474e-08,0.38548768,0.008603483,0.9216111,0.02046284,0.38747975,-2.793638e-07,-0.569,3.7359374e-07,-2.81,6.456901e-08,3.037,0.741,0.04,0.04,-3.0678422e-07,2.6074784e-07,3.692934e-07,1.0717407e-08,1.2852875e-07,1.6141273e-09,5.485998e-07,-1.0051088e-12,-1.7066977e-10,0.0,0.0,0.0,0.0,0.0,0.0,0.04,0.04,-2.7365846e-07,-0.569,3.6929188e-07,-2.81,7.506096e-08,3.037,0.741,0.04,0.04,5.941665e-07,-7.28453e-07,-7.553924e-07,-1.0844944e-06,4.974668e-07,-3.5017114e-09,-5.161574e-11,-1.0485831e-09,3.0098632e-12,5.5879354e-09,2.3283064e-10,-3.7252903e-09,1.0,-1.489095e-10,-8.781334e-10,-8.472538e-11,0.0,0.0,0.0,0.0,0.0,0.0,0.6279015,0.20479839,0.110058315,0.99998707,-0.0029619278,0.004132615,0.00016552712,0.00025517985,-0.0005981319,-0.00019940553,0.0056594526,0.001920991,-0.0006840897,0.49139544,0.063966036,0.020999948,0.99999994,-1.2588213e-05,-8.999137e-06,-2.0991763e-06,0.00010558052,6.252338e-05,-0.00021159033,-0.007014928,0.0008598575,1.6511267e-05
0.0,0.0,0.0,0.0,0.0,0.0,1.0,0.6279015,0.20479839,0.11005832,0.49139544,0.063966036,0.020999951,0.46333355,4.734474e-08,0.38548768,0.008603483,0.9216111,0.02046284,0.38747975,-2.7365846e-07,-0.569,3.6929188e-07,-2.81,7.506096e-08,3.037,0.741,0.04,0.04,5.941665e-07,-7.28453e-07,-7.553924e-07,-1.0844944e-06,4.974668e-07,-3.5017114e-09,-5.161574e-11,-1.0485831e-09,3.0098632e-12,0.0,0.0,0.0,0.0,0.0,0.0,0.04,0.04,-2.855902e-07,-0.569,3.793445e-07,-2.81,7.9869885e-08,3.037,0.741,0.04,0.04,-3.0544078e-07,2.6665234e-07,3.7047647e-07,5.5895835e-09,1.2905386e-07,9.066399e-10,5.486125e-07,-9.531235e-13,-1.6000119e-10,5.5879354e-09,2.3283064e-10,-3.7252903e-09,1.0,-1.489095e-10,-8.781334e-10,-8.472538e-11,0.0,0.0,0.0,0.0,0.0,0.0,0.62789917,0.2048033,0.11006087,0.999987,-0.002983359,0.00412368,0.0001661701,0.00044989845,7.644616e-05,-0.0002215859,0.00013899086,0.0043719057,0.00012599776,0.49139544,0.06396604,0.020999976,0.99999994,-1.2585591e-05,-8.28711e-06,-2.0991176e-06,0.00010711497,6.198222e-05,-0.00021282598,-0.006990392,0.0009306019,1.647218e-05
0.0,0.0,0.0,0.0,0.0,0.0,1.0,0.62789917,0.2048033,0.11006087,0.49139544,0.06396604,0.02099998,0.4633336,1.04271834e-07,0.38548777,0.008603513,0.92161095,0.02046293,0.38747978,-2.855902e-07,-0.569,3.793445e-07,-2.81,7.9869885e-08,3.037,0.741,0.04,0.04,-3.0544078e-07,2.6665234e-07,3.7047647e-07,5.5895835e-09,1.2905386e-07,9.066399e-10,5.486125e-07,-9.531235e-13,-1.6000119e-10,0.0,0.0,0.0,0.0,0.0,0.0,0.04,0.04,-2.9254818e-07,-0.569,3.862693e-07,-2.81,6.8494344e-08,3.037,0.741,0.04,0.04,-8.5430713e-07,5.858791e-07,9.832348e-07,9.829164e-07,-5.5609513e-07,-9.926382e-09,2.7466595e-07,-2.047057e-12,-1.196626e-09,5.5879354e-09,2.3283064e-10,-3.7252903e-09,1.0,-1.489095e-10,-8.781334e-10,-8.472538e-11,0.0,0.0,0.0,0.0,0.0,0.0,0.6278973,0.20481023,0.110062405,0.99998695,-0.0030101708,0.0041162437,0.00016796819,0.0013877053,-0.0020123157,-0.0009964453,0.017288502,0.011238428,-0.0024161043,0.49139544,0.06396605,0.02099994,0.99999994,-1.2723045e-05,-8.799263e-06,-1.9057695e-06,0.00010624991,6.2794476e-05,-0.00021181094,-0.0070256465,0.0008738745,1.5734948e-05
0.0,0.0,0.0,0.0,0.0,0.0,1.0,0.6278973,0.20481023,0.110062405,0.49139544,0.06396605,0.020999944,0.4633336,1.04271834e-07,0.38548777,0.008603513,0.92161095,0.02046293,0.38747978,-2.9254818e-07,-0.569,3.862693e-07,-2.81,6.8494344e-08,3.037,0.741,0.04,0.04,-8.5430713e-07,5.858791e-07,9.832348e-07,9.829164e-07,-5.5609513e-07,-9.926382e-09,2.7466595e-07,-2.047057e-12,-1.196626e-09,0.0,0.0,0.0,0.0,0.0,0.0,0.04,0.04,-2.7582266e-07,-0.569,3.7150286e-07,-2.81,6.249443e-08,3.037,0.741,0.04,0.04,4.4470897e-07,-2.8321833e-07,-5.252941e-07,5.1896136e-09,-1.512878e-07,-1.0975374e-06,-8.229331e-07,-2.1916892e-10,6.733174e-13,5.5879354e-09,2.3283064e-10,-3.7252903e-09,1.0,-1.489095e-10,-8.781334e-10,-8.472538e-11,0.0,0.0,0.0,0.0,0.0,0.0,0.6279015,0.20479843,0.11005842,0.99998707,-0.0029624456,0.0041327407,0.0001655652,0.00024705697,-0.00052589335,-0.00018122955,0.0050129895,0.0017556013,-0.0007026057,0.49139544,0.06396605,0.020999981,0.99999994,-1.2681313e-05,-8.374881e-06,-2.1526423e-06,0.00010866974,6.0721253e-05,-0.00021321865,-0.006979015,0.00095600745,1.6433733e-05
0.0,0.0,0.0,0.0,0.0,0.0,1.0,0.6279015,0.20479843,0.11005843,0.49139544,0.06396605,0.020999985,0.46333355,4.734474e-08,0.38548768,0.008603483,0.9216111,0.02046284,0.38747975,-2.7582266e-07,-0.569,3.7150286e-07,-2.81,6.249443e-08,3.037,0.741,0.04,0.04,4.4470897e-07,-2.8321833e-07,-5.252941e-07,5.1896136e-09,-1.512878e-07,-1.0975374e-06,-8.229331e-07,-2.1916892e-10,6.733174e-13,0.0,0.0,0.0,0.0,0.0,0.0,0.04,0.04,-2.709101e-07,-0.569,3.651691e-07,-2.81,7.275071e-08,3.037,0.741,0.04,0.04,5.816996e-07,-7.665139e-07,-7.660017e-07,-1.0536994e-06,4.9472425e-07,8.6112806e-10,-1.2300036e-10,-9.573105e-10,2.6579034e-12,5.5879354e-09,2.3283064e-10,-3.7252903e-09,1.0,-1.489095e-10,-8.781334e-10,-8.472538e-11,0.0,0.0,0.0,0.0,0.0,0.0,0.62789917,0.20480327,0.11006088,0.999987,-0.0029829594,0.0041236086,0.0001660827,0.00044803412,7.770414e-05,-0.000221449,0.00012542008,0.004353899,0.00012619805,0.4913954,0.06396604,0.020999951,0.99999994,-1.2764672e-05,-9.039451e-06,-2.2470565e-06,0.00010472839,6.36923e-05,-0.00021148115,-0.0070325932,0.00084676343,1.614813e-05
0.0,0.0,0.0,0.0,0.0,0.0,1.0,0.62789917,0.20480327,0.110060886,0.4913954,0.06396604,0.020999955,0.46333355,4.734474e-08,0.38548768,0.008603483,0.9216111,0.02046284,0.38747975,-2.709101e-07,-0.569,3.651691e-07,-2.81,7.275071e-08,3.037,0.741,0.04,0.04,5.816996e-07,-7.665139e-07,-7.660017e-07,-1.0536994e-06,4.9472425e-07,8.6112806e-10,-1.2300036e-10,-9.573105e-10,2.6579034e-12,0.0,0.0,0.0,0.0,0.0,0.0,0.04,0.04,-2.8300477e-07,-0.569,3.7508184e-07,-2.81,7.751527e-08,3.037,0.741,0.04,0.04,-3.0678612e-07,2.6076444e-07,3.6929237e-07,1.0703762e-08,1.2853083e-07,1.6121351e-09,5.485999e-07,-1.0073106e-12,-1.7067503e-10,5.5879354e-09,2.3283064e-10,-3.7252903e-09,1.0,-1.489095e-10,-8.781334e-10,-8.472538e-11,0.0,0.0,0.0,0.0,0.0,0.0,0.6278973,0.20481023,0.11006241,0.999987,-0.003010138,0.0041163475,0.00016797101,0.0013870827,-0.0020051012,-0.0009960523,0.017221913,0.011235474,-0.0024109841,0.49139544,0.06396605,0.020999985,0.99999994,-1.25707775e-05,-8.208608e-06,-2.0947452e-06,0.00010702095,6.2015075e-05,-0.00021279384,-0.0069895214,0.00092940155,1.6513064e-05
0.0,0.0,0.0,0.0,0.0,0.0,1.0,0.6278973,0.20481023,0.11006242,0.49139544,0.06396605,0.020999989,0.4633336,1.04271834e-07,0.38548777,0.008603513,0.92161095,0.02046293,0.38747978,-2.8300477e-07,-0.569,3.7508184e-07,-2.81,7.751527e-08,3.037,0.741,0.04,0.04,-3.0678612e-07,2.6076444e-07,3.6929237e-07,1.0703762e-08,1.2853083e-07,1.6121351e-09,5.485999e-07,-1.0073106e-12,-1.7067503e-10,0.0,0.0,0.0,0.0,0.0,0.0,0.04,0.04,-2.8998022e-07,-0.569,3.819911e-07,-2.81,6.613157e-08,3.037,0.741,0.04,0.04,-8.544494e-07,5.84941e-07,9.831028e-07,9.837235e-07,-5.56187e-07,-9.814561e-09,2.7466405e-07,-2.0670989e-12,-1.1979568e-09,5.5879354e-09,2.3283064e-10,-3.7252903e-09,1.0,-1.489095e-10,-8.781334e-10,-8.472538e-11,0.0,0.0,0.0,0.0,0.0,0.0,0.6279015,0.20479839,0.11005837,0.99998707,-0.002962195,0.004132742,0.0001656299,0.00024976645,-0.00055706064,-0.00018604222,0.0052918596,0.0018138908,-0.00069674826,0.49139544,0.06396605,0.02099995,0.99999994,-1.2682701e-05,-8.844722e-06,-2.2274305e-06,0.00010742163,6.22909e-05,-0.00021207175,-0.007023305,0.00089588074,1.526916e-05
0.0,0.0,0.0,0.0,0.0,0.0,1.0,0.6279015,0.20479839,0.11005837,0.49139544,0.06396605,0.020999953,0.4633336,1.04271834e-07,0.38548777,0.008603513,0.92161095,0.02046293,0.38747978,-2.8998022e-07,-0.569,3.819911e-07,-2.81,6.613157e-08,3.037,0.741,0.04,0.04,-8.544494e-07,5.84941e-07,9.831028e-07,9.837235e-07,-5.56187e-07,-9.814561e-09,2.7466405e-07,-2.0670989e-12,-1.1979568e-09,0.0,0.0,0.0,0.0,0.0,0.0,0.04,0.04,-2.732566e-07,-0.569,3.6722295e-07,-2.81,6.0130255e-08,3.037,0.741,0.04,0.04,4.4469462e-07,-2.8336729e-07,-5.253089e-07,5.316676e-09,-1.513034e-07,-1.0975201e-06,-8.2293354e-07,-2.1902648e-10,6.86928e-13,5.5879354e-09,2.3283064e-10,-3.7252903e-09,1.0,-1.489095e-10,-8.781334e-10,-8.472538e-11,0.0,0.0,0.0,0.0,0.0,0.0,0.62789917,0.20480327,0.11006089,0.999987,-0.0029830043,0.0041235727,0.00016623808,0.00044835018,7.650658e-05,-0.00022472911,0.00014681087,0.0043573217,0.00012894307,0.49139547,0.06396606,0.020999938,0.99999994,-1.2883573e-05,-8.801007e-06,-1.9848273e-06,0.000107090105,6.2045074e-05,-0.00021233865,-0.007002654,0.0009092015,1.6032891e-05
0.0,0.0,0.0,0.0,0.0,0.0,1.0,0.62789917,0.20480327,0.1100609,0.49139547,0.06396606,0.020999942,0.46333355,4.734474e-08,0.38548768,0.008603483,0.9216111,0.02046284,0.38747975,-2.732566e-07,-0.569,3.6722295e-07,-2.81,6.0130255e-08,3.037,0.741,0.04,0.04,4.4469462e-07,-2.8336729e-07,-5.253089e-07,5.316676e-09,-1.513034e-07,-1.0975201e-06,-8.2293354e-07,-2.1902648e-10,6.86928e-13,0.0,0.0,0.0,0.0,0.0,0.0,0.04,0.04,-2.84185e-07,-0.569,3.7829358e-07,-2.81,6.428631e-08,3.037,0.741,0.04,0.04,-2.9746002e-07,2.4170427e-07,3.7610576e-07,3.2358532e-08,1.2475324e-07,4.344423e-09,5.48528e-07,-6.994818e-13,-1.1968496e-10,5.5879354e-09,2.3283064e-10,-3.7252903e-09,1.0,-1.489095e-10,-8.781334e-10,-8.472538e-11,0.0,0.0,0.0,0.0,0.0,0.0,0.6278973,0.2048102,0.11006244,0.99998695,-0.0030101691,0.0041163857,0.00016789815,0.0013862515,-0.0020043913,-0.0009964748,0.017213773,0.011223025,-0.002411219,0.49139544,0.063966036,0.020999964,0.99999994,-1.2481489e-05,-9.0765e-06,-1.9566323e-06,0.00010510918,6.292122e-05,-0.0002118769,-0.0070060017,0.00087276706,1.680057e-05
0.0,0.0,0.0,0.0,0.0,0.0,1.0,0.6278973,0.2048102,0.11006245,0.49139544,0.063966036,0.020999968,0.4633336,1.04271834e-07,0.38548777,0.008603513,0.92161095,0.02046293,0.38747978,-2.84185e-07,-0.569,3.7829358e-07,-2.81,6.428631e-08,3.037,0.741,0.04,0.04,-2.9746002e-07,2.4170427e-07,3.7610576e-07,3.2358532e-08,1.2475324e-07,4.344423e-09,5.48528e-07,-6.994818e-13,-1.1968496e-10,0.0,0.0,0.0,0.0,0.0,0.0,0.04,0.04,-2.91036e-07,-0.569,3.8529265e-07,-2.81,5.2849142e-08,3.037,0.741,0.04,0.04,-8.5335637e-07,5.8150056e-07,9.838801e-07,9.86498e-07,-5.567151e-07,-9.417699e-09,2.7465535e-07,-1.877546e-12,-1.1912988e-09,5.5879354e-09,2.3283064e-10,-3.7252903e-09,1.0,-1.489095e-10,-8.781334e-10,-8.472538e-11,0.0,0.0,0.0,0.0,0.0,0.0,0.6279015,0.2047984,0.1100584,0.9999871,-0.0029620812,0.004132951,0.00016562772,0.00025004966,-0.0005414896,-0.0001833491,0.005151313,0.0017931698,-0.0007059989,0.49139544,0.06396605,0.020999983,0.99999994,-1.2592844e-05,-8.2545785e-06,-2.076601e-06,0.0001070605,6.213464e-05,-0.00021283512,-0.0069928756,0.000930265,1.6380938e-05
0.0,0.0,0.0,0.0,0.0,0.0,1.0,0.6279015,0.2047984,0.1100584,0.49139544,0.06396605,0.020999987,0.4633336,1.04271834e-07,0.38548777,0.008603513,0.92161095,0.02046293,0.38747978,-2.91036e-07,-0.569,3.8529265e-07,-2.81,5.2849142e-08,3.037,0.741,0.04,0.04,-8.5335637e-07,5.8150056e-07,9.838801e-07,9.86498e-07,-5.567151e-07,-9.417699e-09,2.7465535e-07,-1.877546e-12,-1.1912988e-09,0.0,0.0,0.0,0.0,0.0,0.0,0.04,0.04,-2.7429755e-07,-0.569,3.705351e-07,-2.81,4.684015e-08,3.037,0.741,0.04,0.04,4.4482746e-07,-2.8390187e-07,-5.252166e-07,5.747608e-09,-1.5138076e-07,-1.0974584e-06,-8.229346e-07,-2.1978021e-10,7.057396e-13,5.5879354e-09,2.3283064e-10,-3.7252903e-09,1.0,-1.489095e-10,-8.781334e-10,-8.472538e-11,0.0,0.0,0.0,0.0,0.0,0.0,0.62789917,0.2048033,0.11006086,0.99998695,-0.0029832807,0.0041233147,0.00016627739,0.0004492144,7.669063e-05,-0.00022348393,0.00014336233,0.0043662246,0.00012846985,0.49139547,0.06396604,0.020999948,0.99999994,-1.2528598e-05,-8.739369e-06,-2.0429368e-06,0.00010693549,6.228206e-05,-0.00021194,-0.007020167,0.00088575523,1.5655474e-05
0.0,0.0,0.0,0.0,0.0,0.0,1.0,0.62789917,0.2048033,0.11006087,0.49139547,0.06396604,0.020999951,0.46333355,4.734474e-08,0.38548768,0.008603483,0.9216111,0.02046284,0.38747975,-2.7429755e-07,-0.569,3.705351e-07,-2.81,4.684015e-08,3.037,0.741,0.04,0.04,4.4482746e-07,-2.8390187e-07,-5.252166e-07,5.747608e-09,-1.5138076e-07,-1.0974584e-06,-8.229346e-07,-2.1978021e-10,7.057396e-13,0.0,0.0,0.0,0.0,0.0,0.0,0.04,0.04,-2.693834e-07,-0.569,3.6420238e-07,-2.81,5.7095054e-08,3.037,0.741,0.04,0.04,5.8171486e-07,-7.6662053e-07,-7.6599235e-07,-1.0536118e-06,4.9471e-07,8.735572e-10,-1.2329349e-10,-9.573834e-10,2.6573901e-12,5.5879354e-09,2.3283064e-10,-3.7252903e-09,1.0,-1.489095e-10,-8.781334e-10,-8.472538e-11,0.0,0.0,0.0,0.0,0.0,0.0,0.6278973,0.20481025,0.11006242,0.99998695,-0.0030102003,0.004116356,0.00016797183,0.0013884427,-0.0020103874,-0.0009970041,0.017270114,0.011245109,-0.0024152568,0.49139547,0.06396604,0.020999929,0.99999994,-1.25876295e-05,-8.376836e-06,-2.0089792e-06,0.00010800549,6.154893e-05,-0.0002129054,-0.0069857948,0.00094665383,1.6022785e-05
0.0,0.0,0.0,0.0,0.0,0.0,1.0,0.6278973,0.20481025,0.11006242,0.49139547,0.06396604,0.020999933,0.46333355,4.734474e-08,0.38548768,0.008603483,0.9216111,0.02046284,0.38747975,-2.693834e-07,-0.569,3.6420238e-07,-2.81,5.7095054e-08,3.037,0.741,0.04,0.04,5.8171486e-07,-7.6662053e-07,-7.6599235e-07,-1.0536118e-06,4.9471e-07,8.735572e-10,-1.2329349e-10,-9.573834e-10,2.6573901e-12,0.0,0.0,0.0,0.0,0.0,0.0,0.04,0.04,-2.814778e-07,-0.569,3.7411522e-07,-2.81,6.1859396e-08,3.037,0.741,0.04,0.04,-3.0678422e-07,2.6074778e-07,3.6929342e-07,1.0717415e-08,1.2852874e-07,1.6141468e-09,5.485997e-07,-9.935567e-13,-1.7067345e-10,5.5879354e-09,2.3283064e-10,-3.7252903e-09,1.0,-1.489095e-10,-8.781334e-10,-8.472538e-11,0.0,0.0,0.0,0.0,0.0,0.0,0.62790143,0.2047984,0.11005838,0.9999871,-0.0029620437,0.004132697,0.00016569409,0.0002489953,-0.00056701223,-0.00019124159,0.0053948076,0.0018197951,-0.00068821624,0.49139544,0.063966036,0.020999944,0.99999994,-1.2434859e-05,-8.522969e-06,-2.1133458e-06,0.00010858772,6.132906e-05,-0.0002126641,-0.006999519,0.0009360057,1.5471893e-05
0.0,0.0,0.0,0.0,0.0,0.0,1.0,0.62790143,0.2047984,0.11005838,0.49139544,0.063966036,0.020999948,0.46333355,4.734474e-08,0.38548768,0.008603483,0.9216111,0.02046284,0.38747975,-2.814778e-07,-0.569,3.7411522e-07,-2.81,6.1859396e-08,3.037,0.741,0.04,0.04,-3.0678422e-07,2.6074778e-07,3.6929342e-07,1.0717415e-08,1.2852874e-07,1.6141468e-09,5.485997e-07,-9.935567e-13,-1.7067345e-10,0.0,0.0,0.0,0.0,0.0,0.0,0.04,0.04,-2.7577246e-07,-0.569,3.6981336e-07,-2.81,7.235135e-08,3.037,0.741,0.04,0.04,5.9416647e-07,-7.284531e-07,-7.553925e-07,-1.0844947e-06,4.974668e-07,-3.5018406e-09,-5.17782e-11,-1.0485841e-09,2.9365043e-12,5.5879354e-09,2.3283064e-10,-3.7252903e-09,1.0,-1.489095e-10,-8.781334e-10,-8.472538e-11,0.0,0.0,0.0,0.0,0.0,0.0,0.6278991,0.2048033,0.11006093,0.999987,-0.0029833294,0.004123481,0.0001662456,0.00044977918,7.547834e-05,-0.00022490513,0.00015997619,0.0043720948,0.00012959169,0.49139544,0.06396605,0.020999987,0.99999994,-1.2924363e-05,-8.597655e-06,-2.2274603e-06,0.000104983905,6.318687e-05,-0.00021237416,-0.0069994032,0.00089229434,1.7090788e-05
0.0,0.0,0.0,0.0,0.0,0.0,1.0,0.6278991,0.2048033,0.11006093,0.49139544,0.06396605,0.02099999,0.46333355,4.734474e-08,0.38548768,0.008603483,0.9216111,0.02046284,0.38747975,-2.7577246e-07,-0.569,3.6981336e-07,-2.81,7.235135e-08,3.037,0.741,0.04,0.04,5.9416647e-07,-7.284531e-07,-7.553925e-07,-1.0844947e-06,4.974668e-07,-3.5018406e-09,-5.17782e-11,-1.0485841e-09,2.9365043e-12,0.0,0.0,0.0,0.0,0.0,0.0,0.04,0.04,-2.877042e-07,-0.569,3.7986598e-07,-2.81,7.716027e-08,3.037,0.741,0.04,0.04,-3.054408e-07,2.6665236e-07,3.7047647e-07,5.58957e-09,1.2905386e-07,9.0659463e-10,5.486126e-07,-9.51743e-13,-1.5999493e-10,5.5879354e-09,2.3283064e-10,-3.7252903e-09,1.0,-1.489095e-10,-8.781334e-10,-8.472538e-11,0.0,0.0,0.0,0.0,0.0,0.0,0.6278973,0.20481023,0.11006241,0.999987,-0.0030100285,0.004116261,0.00016788572,0.0013880759,-0.0020127227,-0.0009960118,0.017293297,0.011245421,-0.0024158978,0.49139544,0.06396604,0.020999946,0.99999994,-1.26623145e-05,-8.763902e-06,-2.1005774e-06,0.0001071215,6.217396e-05,-0.00021261856,-0.00698879,0.0009322873,1.6086577e-05
0.0,0.0,0.0,0.0,0.0,0.0,1.0,0.6278973,0.20481023,0.11006242,0.49139544,0.06396604,0.02099995,0.4633336,1.04271834e-07,0.38548777,0.008603513,0.92161095,0.02046293,0.38747978,-2.877042e-07,-0.569,3.7986598e-07,-2.81,7.716027e-08,3.037,0.741,0.04,0.04,-3.054408e-07,2.6665236e-07,3.7047647e-07,5.58957e-09,1.2905386e-07,9.0659463e-10,5.486126e-07,-9.51743e-13,-1.5999493e-10,0.0,0.0,0.0,0.0,0.0,0.0,0.04,0.04,-2.946622e-07,-0.569,3.867908e-07,-2.81,6.578473e-08,3.037,0.741,0.04,0.04,-8.5430736e-07,5.858791e-07,9.832348e-07,9.829164e-07,-5.5609513e-07,-9.926525e-09,2.7466592e-07,-2.0279009e-12,-1.1966094e-09,5.5879354e-09,2.3283064e-10,-3.7252903e-09,1.0,-1.489095e-10,-8.781334e-10,-8.472538e-11,0.0,0.0,0.0,0.0,0.0,0.0,0.62790143,0.20479843,0.110058434,0.99998707,-0.0029624752,0.0041326378,0.00016554754,0.00024810396,-0.00052536954,-0.0001786488,0.004998985,0.0017607709,-0.00070914015,0.49139544,0.06396606,0.020999935,0.99999994,-1.2935286e-05,-8.765335e-06,-2.2291292e-06,0.00010487545,6.3341206e-05,-0.0002118715,-0.007013083,0.00086961954,1.6643675e-05
0.0,0.0,0.0,0.0,0.0,0.0,1.0,0.62790143,0.20479843,0.11005844,0.49139544,0.06396606,0.020999938,0.4633336,1.04271834e-07,0.38548777,0.008603513,0.92161095,0.02046293,0.38747978,-2.946622e-07,-0.569,3.867908e-07,-2.81,6.578473e-08,3.037,0.741,0.04,0.04,-8.5430736e-07,5.858791e-07,9.832348e-07,9.829164e-07,-5.5609513e-07,-9.926525e-09,2.7466592e-07,-2.0279009e-12,-1.1966094e-09,0.0,0.0,0.0,0.0,0.0,0.0,0.04,0.04,-2.7793666e-07,-0.569,3.7202435e-07,-2.81,5.978482e-08,3.037,0.741,0.04,0.04,4.4470895e-07,-2.832183e-07,-5.252942e-07,5.189605e-09,-1.5128778e-07,-1.0975375e-06,-8.229331e-07,-2.1918058e-10,7.053539e-13,5.5879354e-09,2.3283064e-10,-3.7252903e-09,1.0,-1.489095e-10,-8.781334e-10,-8.472538e-11,0.0,0.0,0.0,0.0,0.0,0.0,0.6278977,0.2048031,0.11006152,0.999987,-0.0029815687,0.004117555,0.00016644632,0.00043915297,0.00028791768,-0.00027638054,-0.0021884989,0.0043868087,0.00014331324,0.49139547,0.06396603,0.02099996,0.99999994,-1.23529635e-05,-8.678037e-06,-2.0113982e-06,0.00010575508,6.241482e-05,-0.00021199737,-0.0070000514,0.00088421477,1.6762053e-05
0.0,0.0,0.0,0.0,0.0,0.0,1.0,0.6278977,0.2048031,0.11006153,0.49139547,0.06396603,0.020999964,0.46333355,4.734474e-08,0.38548768,0.008603483,0.9216111,0.02046284,0.38747975,-2.7793666e-07,-0.569,3.7202435e-07,-2.81,5.978482e-08,3.037,0.741,0.04,0.04,4.4470895e-07,-2.832183e-07,-5.252942e-07,5.189605e-09,-1.5128778e-07,-1.0975375e-06,-8.229331e-07,-2.1918058e-10,7.053539e-13,0.0,0.0,0.0,0.0,0.0,0.0,0.04,0.04,-2.730241e-07,-0.569,3.6569057e-07,-2.81,7.00411e-08,3.037,0.741,0.04,0.04,5.816996e-07,-7.665139e-07,-7.6600156e-07,-1.0536993e-06,4.9472425e-07,8.6107776e-10,-1.2317525e-10,-9.57292e-10,2.6911925e-12,5.5879354e-09,2.3283064e-10,-3.7252903e-09,1.0,-1.489095e-10,-8.781334e-10,-8.472538e-11,0.0,0.0,0.0,0.0,0.0,0.0,0.62789726,0.20481023,0.110062435,0.99998695,-0.0030101046,0.0041164164,0.0001678316,0.0013874145,-0.0019979638,-0.0009997902,0.017143052,0.011222532,-0.0024129732,0.49139544,0.06396605,0.02099995,0.99999994,-1.28012625e-05,-8.719042e-06,-1.9578215e-06,0.00010635197,6.276058e-05,-0.00021222637,-0.0070122913,0.0008970492,1.5983747e-05
0.0,0.0,0.0,0.0,0.0,0.0,1.0,0.62789726,0.20481023,0.110062435,0.49139544,0.06396605,0.020999953,0.46333355,4.734474e-08,0.38548768,0.008603483,0.9216111,0.02046284,0.38747975,-2.730241e-07,-0.569,3.6569057e-07,-2.81,7.00411e-08,3.037,0.741,0.04,0.04,5.816996e-07,-7.665139e-07,-7.6600156e-07,-1.0536993e-06,4.9472425e-07,8.6107776e-10,-1.2317525e-10,-9.57292e-10,2.6911925e-12,0.0,0.0,0.0,0.0,0.0,0.0,0.04,0.04,-2.8511877e-07,-0.569,3.7560332e-07,-2.81,7.4805655e-08,3.037,0.741,0.04,0.04,-3.067861e-07,2.607644e-07,3.6929225e-07,1.07037765e-08,1.2853086e-07,1.6121442e-09,5.485998e-07,-1.0044819e-12,-1.7067994e-10,5.5879354e-09,2.3283064e-10,-3.7252903e-09,1.0,-1.489095e-10,-8.781334e-10,-8.472538e-11,0.0,0.0,0.0,0.0,0.0,0.0,0.6279015,0.20479839,0.11005836,0.9999871,-0.0029620246,0.0041327113,0.00016564231,0.00024872716,-0.00056420575,-0.0001907858,0.00536965,0.0018150369,-0.00068811164,0.49139547,0.06396603,0.02099997,0.99999994,-1.2271275e-05,-8.658381e-06,-2.0401753e-06,0.000105673236,6.22732e-05,-0.0002121843,-0.00700155,0.0008814842,1.7150222e-05
0.0,0.0,0.0,0.0,0.0,0.0,1.0,0.6279015,0.20479839,0.11005837,0.49139547,0.06396603,0.020999974,0.4633336,1.04271834e-07,0.38548777,0.008603513,0.92161095,0.02046293,0.38747978,-2.8511877e-07,-0.569,3.7560332e-07,-2.81,7.4805655e-08,3.037,0.741,0.04,0.04,-3.067861e-07,2.607644e-07,3.6929225e-07,1.07037765e-08,1.2853086e-07,1.6121442e-09,5.485998e-07,-1.0044819e-12,-1.7067994e-10,0.0,0.0,0.0,0.0,0.0,0.0,0.04,0.04,-2.9209423e-07,-0.569,3.8251258e-07,-2.81,6.342196e-08,3.037,0.741,0.04,0.04,-8.5444947e-07,5.8494095e-07,9.831027e-07,9.837233e-07,-5.5618705e-07,-9.814465e-09,2.7466402e-07,-2.062074e-12,-1.1979537e-09,5.5879354e-09,2.3283064e-10,-3.7252903e-09,1.0,-1.489095e-10,-8.781334e-10,-8.472538e-11,0.0,0.0,0.0,0.0,0.0,0.0,0.62789917,0.2048033,0.110060886,0.99998695,-0.002983315,0.0041235774,0.00016625582,0.00044956815,7.657806e-05,-0.00022270535,0.00014201977,0.004369388,0.00012754847,0.49139544,0.06396606,0.020999953,0.99999994,-1.291532e-05,-8.7579365e-06,-1.964901e-06,0.00010637652,6.26929e-05,-0.00021222873,-0.0070111537,0.000897093,1.6025577e-05
0.0,0.0,0.0,0.0,0.0,0.0,1.0,0.62789917,0.2048033,0.110060886,0.49139544,0.06396606,0.020999957,0.4633336,1.04271834e-07,0.38548777,0.008603513,0.92161095,0.02046293,0.38747978,-2.9209423e-07,-0.569,3.8251258e-07,-2.81,6.342196e-08,3.037,0.741,0.04,0.04,-8.5444947e-07,5.8494095e-07,9.831027e-07,9.837233e-07,-5.5618705e-07,-9.814465e-09,2.7466402e-07,-2.062074e-12,-1.1979537e-09,0.0,0.0,0.0,0.0,0.0,0.0,0.04,0.04,-2.753706e-07,-0.569,3.6774443e-07,-2.81,5.7420646e-08,3.037,0.741,0.04,0.04,4.446945e-07,-2.8336734e-07,-5.2530885e-07,5.3166302e-09,-1.5130344e-07,-1.0975199e-06,-8.2293354e-07,-2.190352e-10,6.912927e-13,5.5879354e-09,2.3283064e-10,-3.7252903e-09,1.0,-1.489095e-10,-8.781334e-10,-8.472538e-11,0.0,0.0,0.0,0.0,0.0,0.0,0.6278973,0.2048102,0.11006241,0.99998707,-0.0030099994,0.004116339,0.00016787295,0.0013877305,-0.0020088211,-0.0009970452,0.01725423,0.01123677,-0.0024148347,0.49139544,0.063966036,0.020999968,0.99999994,-1.2583745e-05,-8.7975495e-06,-2.1898245e-06,0.000104682935,6.340642e-05,-0.00021164257,-0.0070309755,0.0008443874,1.662718e-05
0.0,0.0,0.0,0.0,0.0,0.0,1.0,0.6278973,0.2048102,0.11006242,0.49139544,0.063966036,0.020999972,0.46333355,4.734474e-08,0.38548768,0.008603483,0.9216111,0.02046284,0.38747975,-2.753706e-07,-0.569,3.6774443e-07,-2.81,5.7420646e-08,3.037,0.741,0.04,0.04,4.446945e-07,-2.8336734e-07,-5.2530885e-07,5.3166302e-09,-1.5130344e-07,-1.0975199e-06,-8.2293354e-07,-2.190352e-10,6.912927e-13,0.0,0.0,0.0,0.0,0.0,0.0,0.04,0.04,-2.86299e-07,-0.569,3.7881506e-07,-2.81,6.1576706e-08,3.037,0.741,0.04,0.04,-2.9746005e-07,2.4170424e-07,3.7610576e-07,3.2358574e-08,1.2475313e-07,4.3444066e-09,5.485281e-07,-6.7313055e-13,-1.1969041e-10,5.5879354e-09,2.3283064e-10,-3.7252903e-09,1.0,-1.489095e-10,-8.781334e-10,-8.472538e-11,0.0,0.0,0.0,0.0,0.0,0.0,0.6279015,0.2047984,0.11005835,0.99998707,-0.0029621082,0.0041327234,0.0001654874,0.00025161545,-0.0005578644,-0.0001839119,0.0052903406,0.0018273777,-0.00070341176,0.49139547,0.06396604,0.020999944,0.99999994,-1.2493394e-05,-8.05498e-06,-1.9799945e-06,0.00010887381,6.0876886e-05,-0.00021334294,-0.006962297,0.000983176,1.6148466e-05
0.0,0.0,0.0,0.0,0.0,0.0,1.0,0.6279015,0.2047984,0.11005835,0.49139547,0.06396604,0.020999948,0.4633336,1.04271834e-07,0.38548777,0.008603513,0.92161095,0.02046293,0.38747978,-2.86299e-07,-0.569,3.7881506e-07,-2.81,6.1576706e-08,3.037,0.741,0.04,0.04,-2.9746005e-07,2.4170424e-07,3.7610576e-07,3.2358574e-08,1.2475313e-07,4.3444066e-09,5.485281e-07,-6.7313055e-13,-1.1969041e-10,0.0,0.0,0.0,0.0,0.0,0.0,0.04,0.04,-2.9315e-07,-0.569,3.8581413e-07,-2.81,5.013954e-08,3.037,0.741,0.04,0.04,-8.5335654e-07,5.8150056e-07,9.838801e-07,9.86498e-07,-5.567153e-07,-9.417659e-09,2.746554e-07,-1.8847823e-12,-1.1912998e-09,5.5879354e-09,2.3283064e-10,-3.7252903e-09,1.0,-1.489095e-10,-8.781334e-10,-8.472538e-11,0.0,0.0,0.0,0.0,0.0,0.0,0.62789917,0.20480329,0.11006086,0.999987,-0.0029831356,0.004123628,0.00016625576,0.0004483083,7.617765e-05,-0.00022465647,0.00014923252,0.004356724,0.00012842512,0.49139544,0.063966036,0.020999977,0.99999994,-1.2773243e-05,-8.800104e-06,-2.1826108e-06,0.000104846426,6.335815e-05,-0.0002120763,-0.007018072,0.000868445,1.6848053e-05
0.0,0.0,0.0,0.0,0.0,0.0,1.0,0.62789917,0.20480329,0.11006087,0.49139544,0.063966036,0.020999981,0.4633336,1.04271834e-07,0.38548777,0.008603513,0.92161095,0.02046293,0.38747978,-2.9315e-07,-0.569,3.8581413e-07,-2.81,5.013954e-08,3.037,0.741,0.04,0.04,-8.5335654e-07,5.8150056e-07,9.838801e-07,9.86498e-07,-5.567153e-07,-9.417659e-09,2.746554e-07,-1.8847823e-12,-1.1912998e-09,0.0,0.0,0.0,0.0,0.0,0.0,0.04,0.04,-2.7641155e-07,-0.569,3.710566e-07,-2.81,4.4130548e-08,3.037,0.741,0.04,0.04,4.4482752e-07,-2.839019e-07,-5.252167e-07,5.747564e-09,-1.5138077e-07,-1.0974583e-06,-8.229347e-07,-2.1979402e-10,7.0880574e-13,5.5879354e-09,2.3283064e-10,-3.7252903e-09,1.0,-1.489095e-10,-8.781334e-10,-8.472538e-11,0.0,0.0,0.0,0.0,0.0,0.0,0.62789726,0.20481022,0.11006239,0.999987,-0.0030099996,0.00411641,0.00016784536,0.0013839728,-0.0019996192,-0.0009943033,0.017173322,0.011207783,-0.0024053394,0.4913954,0.06396603,0.020999944,0.99999994,-1.2331095e-05,-8.9345795e-06,-2.1339924e-06,0.000103428756,6.369573e-05,-0.00021124573,-0.0070257867,0.00082061515,1.727805e-05
0.0,0.0,0.0,0.0,0.0,0.0,1.0,0.62789726,0.20481022,0.11006239,0.4913954,0.06396603,0.020999948,0.46333355,4.734474e-08,0.38548768,0.008603483,0.9216111,0.02046284,0.38747975,-2.7641155e-07,-0.569,3.710566e-07,-2.81,4.4130548e-08,3.037,0.741,0.04,0.04,4.4482752e-07,-2.839019e-07,-5.252167e-07,5.747564e-09,-1.5138077e-07,-1.0974583e-06,-8.229347e-07,-2.1979402e-10,7.0880574e-13,0.0,0.0,0.0,0.0,0.0,0.0,0.04,0.04,-2.714974e-07,-0.569,3.6472386e-07,-2.81,5.4385453e-08,3.037,0.741,0.04,0.04,5.8171486e-07,-7.666205e-07,-7.659923e-07,-1.0536119e-06,4.947103e-07,8.735699e-10,-1.2338534e-10,-9.573732e-10,2.6303428e-12,5.5879354e-09,2.3283064e-10,-3.7252903e-09,1.0,-1.489095e-10,-8.781334e-10,-8.472538e-11,0.0,0.0,0.0,0.0,0.0,0.0,0.62790143,0.20479839,0.110058375,0.9999871,-0.0029621623,0.004132589,0.0001656473,0.0002489267,-0.00056435354,-0.00018996972,0.0053680064,0.0018158585,-0.0006899817,0.49139544,0.063966036,0.020999976,0.99999994,-1.2521401e-05,-8.502979e-06,-2.2512752e-06,0.0001065637,6.179061e-05,-0.00021276016,-0.0069855102,0.00091796066,1.7169992e-05
0.0,0.0,0.0,0.0,0.0,0.0,1.0,0.62790143,0.20479839,0.11005838,0.49139544,0.063966036,0.02099998,0.46333355,4.734474e-08,0.38548768,0.008603483,0.9216111,0.02046284,0.38747975,-2.714974e-07,-0.569,3.6472386e-07,-2.81,5.4385453e-08,3.037,0.741,0.04,0.04,5.8171486e-07,-7.666205e-07,-7.659923e-07,-1.0536119e-06,4.947103e-07,8.735699e-10,-1.2338534e-10,-9.573732e-10,2.6303428e-12,0.0,0.0,0.0,0.0,0.0,0.0,0.04,0.04,-2.8359182e-07,-0.569,3.746367e-07,-2.81,5.914979e-08,3.037,0.741,0.04,0.04,-3.0678424e-07,2.6074778e-07,3.6929347e-07,1.0717412e-08,1.2852873e-07,1.6141655e-09,5.485998e-07,-9.91159e-13,-1.7066769e-10,5.5879354e-09,2.3283064e-10,-3.7252903e-09,1.0,-1.489095e-10,-8.781334e-10,-8.472538e-11,0.0,0.0,0.0,0.0,0.0,0.0,0.62789917,0.2048033,0.11006093,0.99998695,-0.0029833424,0.004123452,0.00016624488,0.00044915857,7.755426e-05,-0.00022162595,0.0001286865,0.004365094,0.00012655043,0.49139544,0.06396604,0.020999946,0.99999994,-1.2622007e-05,-9.103737e-06,-2.1071776e-06,0.00010542065,6.275591e-05,-0.00021132205,-0.0070351297,0.000835618,1.62445e-05
0.0,0.0,0.0,0.0,0.0,0.0,1.0,0.62789917,0.2048033,0.11006093,0.49139544,0.06396604,0.02099995,0.4633336,1.04271834e-07,0.38548777,0.008603513,0.92161095,0.02046293,0.38747978,-2.8359182e-07,-0.569,3.746367e-07,-2.81,5.914979e-08,3.037,0.741,0.04,0.04,-3.0678424e-07,2.6074778e-07,3.6929347e-07,1.0717412e-08,1.2852873e-07,1.6141655e-09,5.485998e-07,-9.91159e-13,-1.7066769e-10,0.0,0.0,0.0,0.0,0.0,0.0,0.04,0.04,-2.9056721e-07,-0.569,3.8154596e-07,-2.81,4.776607e-08,3.037,0.741,0.04,0.04,-8.5444907e-07,5.8493833e-07,9.83103e-07,9.837257e-07,-5.5618756e-07,-9.814247e-09,2.7466407e-07,-2.0652382e-12,-1.197949e-09,5.5879354e-09,2.3283064e-10,-3.7252903e-09,1.0,-1.489095e-10,-8.781334e-10,-8.472538e-11,0.0,0.0,0.0,0.0,0.0,0.0,0.6278973,0.20481022,0.11006243,0.999987,-0.0030100108,0.0041164355,0.00016790566,0.0013880793,-0.0020096046,-0.0009971932,0.01726184,0.011240042,-0.0024151935,0.49139544,0.06396604,0.020999972,0.99999994,-1.2646838e-05,-8.359443e-06,-2.1274786e-06,0.000107091546,6.205312e-05,-0.00021282824,-0.0069915485,0.0009304069,1.6421369e-05
0.0,0.0,0.0,0.0,0.0,0.0,1.0,0.6278973,0.20481022,0.110062435,0.49139544,0.06396604,0.020999976,0.4633336,1.04271834e-07,0.38548777,0.008603513,0.92161095,0.02046293,0.38747978,-2.9056721e-07,-0.569,3.8154596e-07,-2.81,4.776607e-08,3.037,0.741,0.04,0.04,-8.5444907e-07,5.8493833e-07,9.83103e-07,9.837257e-07,-5.5618756e-07,-9.814247e-09,2.7466407e-07,-2.0652382e-12,-1.197949e-09,0.0,0.0,0.0,0.0,0.0,0.0,0.04,0.04,-2.738436e-07,-0.569,3.667778e-07,-2.81,4.176472e-08,3.037,0.741,0.04,0.04,4.4469462e-07,-2.8336774e-07,-5.2530874e-07,5.317033e-09,-1.5130338e-07,-1.09752e-06,-8.229336e-07,-2.1901553e-10,7.1092107e-13,5.5879354e-09,2.3283064e-10,-3.7252903e-09,1.0,-1.489095e-10,-8.781334e-10,-8.472538e-11,0.0,0.0,0.0,0.0,0.0,0.0,0.6279015,0.20479843,0.11005842,0.99998707,-0.0029623148,0.0041328385,0.00016567101,0.00025016032,-0.00053552404,-0.00018134894,0.005093756,0.0017884646,-0.0007079298,0.4913954,0.06396604,0.020999942,0.99999994,-1.274893e-05,-9.020804e-06,-2.2236402e-06,0.00010472427,6.369092e-05,-0.00021148722,-0.0070328056,0.0008464864,1.615252e-05
0.0,0.0,0.0,0.0,0.0,0.0,1.0,0.6279015,0.20479843,0.11005843,0.4913954,0.06396604,0.020999946,0.46333355,4.734474e-08,0.38548768,0.008603483,0.9216111,0.02046284,0.38747975,-2.738436e-07,-0.569,3.667778e-07,-2.81,4.176472e-08,3.037,0.741,0.04,0.04,4.4469462e-07,-2.8336774e-07,-5.2530874e-07,5.317033e-09,-1.5130338e-07,-1.09752e-06,-8.229336e-07,-2.1901553e-10,7.1092107e-13,0.0,0.0,0.0,0.0,0.0,0.0,0.04,0.04,-2.84772e-07,-0.569,3.7784844e-07,-2.81,4.5920785e-08,3.037,0.741,0.04,0.04,-2.9746002e-07,2.4170419e-07,3.7610573e-07,3.2358596e-08,1.2475319e-07,4.344388e-09,5.4852813e-07,-6.8452215e-13,-1.1969148e-10,5.5879354e-09,2.3283064e-10,-3.7252903e-09,1.0,-1.489095e-10,-8.781334e-10,-8.472538e-11,0.0,0.0,0.0,0.0,0.0,0.0,0.62789917,0.20480327,0.11006086,0.999987,-0.002982929,0.004123541,0.00016622903,0.00044783595,7.624581e-05,-0.00022558593,0.00015184452,0.004352567,0.00012983887,0.49139544,0.06396605,0.020999976,0.99999994,-1.2555043e-05,-8.189706e-06,-2.0712998e-06,0.00010701977,6.201608e-05,-0.00021278953,-0.0069896686,0.0009292123,1.6506563e-05
0.0,0.0,0.0,0.0,0.0,0.0,1.0,0.62789917,0.20480327,0.11006087,0.49139544,0.06396605,0.02099998,0.4633336,1.04271834e-07,0.38548777,0.008603513,0.92161095,0.02046293,0.38747978,-2.84772e-07,-0.569,3.7784844e-07,-2.81,4.5920785e-08,3.037,0.741,0.04,0.04,-2.9746002e-07,2.4170419e-07,3.7610573e-07,3.2358596e-08,1.2475319e-07,4.344388e-09,5.4852813e-07,-6.8452215e-13,-1.1969148e-10,0.0,0.0,0.0,0.0,0.0,0.0,0.04,0.04,-2.9162302e-07,-0.569,3.848475e-07,-2.81,3.4483616e-08,3.037,0.741,0.04,0.04,-8.5335625e-07,5.8150056e-07,9.8388e-07,9.864981e-07,-5.5671524e-07,-9.417771e-09,2.7465546e-07,-1.8656639e-12,-1.1913092e-09,5.5879354e-09,2.3283064e-10,-3.7252903e-09,1.0,-1.489095e-10,-8.781334e-10,-8.472538e-11,0.0,0.0,0.0,0.0,0.0,0.0,0.6278973,0.2048102,0.11006242,0.99998695,-0.0030100753,0.0041163806,0.00016794173,0.0013865267,-0.0020054062,-0.0009964207,0.017223734,0.011226327,-0.0024116533,0.49139544,0.06396604,0.02099994,0.99999994,-1.26571595e-05,-8.759113e-06,-1.9601116e-06,0.00010625223,6.26891e-05,-0.000211794,-0.00702311,0.00087394234,1.5822001e-05
0.0,0.0,0.0,0.0,0.0,0.0,1.0,0.6278973,0.2048102,0.11006242,0.49139544,0.06396604,0.020999944,0.4633336,1.04271834e-07,0.38548777,0.008603513,0.92161095,0.02046293,0.38747978,-2.9162302e-07,-0.569,3.848475e-07,-2.81,3.4483616e-08,3.037,0.741,0.04,0.04,-8.5335625e-07,5.8150056e-07,9.8388e-07,9.864981e-07,-5.5671524e-07,-9.417771e-09,2.7465546e-07,-1.8656639e-12,-1.1913092e-09,0.0,0.0,0.0,0.0,0.0,0.0,0.04,0.04,-2.7488457e-07,-0.569,3.7008996e-07,-2.81,2.8474616e-08,3.037,0.741,0.04,0.04,4.448274e-07,-2.8390184e-07,-5.2521665e-07,5.7476086e-09,-1.5138082e-07,-1.0974586e-06,-8.229347e-07,-2.1978654e-10,6.7105674e-13,5.5879354e-09,2.3283064e-10,-3.7252903e-09,1.0,-1.489095e-10,-8.781334e-10,-8.472538e-11,0.0,0.0,0.0,0.0,0.0,0.0,0.62790143,0.20479842,0.11005842,0.99998707,-0.0029621606,0.0041327006,0.0001655466,0.00024896028,-0.0005287732,-0.00017860084,0.005027392,0.0017697259,-0.00071140635,0.49139544,0.06396605,0.020999989,0.99999994,-1.2807036e-05,-8.628368e-06,-2.172074e-06,0.00010497206,6.2880856e-05,-0.00021207408,-0.0070096767,0.0008690926,1.7181346e-05
0.0,0.0,0.0,0.0,0.0,0.0,1.0,0.62790143,0.20479842,0.11005843,0.49139544,0.06396605,0.020999992,0.46333355,4.734474e-08,0.38548768,0.008603483,0.9216111,0.02046284,0.38747975,-2.7488457e-07,-0.569,3.7008996e-07,-2.81,2.8474616e-08,3.037,0.741,0.04,0.04,4.448274e-07,-2.8390184e-07,-5.2521665e-07,5.7476086e-09,-1.5138082e-07,-1.0974586e-06,-8.229347e-07,-2.1978654e-10,6.7105674e-13,0.0,0.0,0.0,0.0,0.0,0.0,0.04,0.04,-2.6997043e-07,-0.569,3.6375724e-07,-2.81,3.8729524e-08,3.037,0.741,0.04,0.04,5.817146e-07,-7.6662053e-07,-7.659922e-07,-1.0536118e-06,4.947104e-07,8.7360996e-10,-1.2367876e-10,-9.573874e-10,2.6827364e-12,5.5879354e-09,2.3283064e-10,-3.7252903e-09,1.0,-1.489095e-10,-8.781334e-10,-8.472538e-11,0.0,0.0,0.0,0.0,0.0,0.0,0.6278977,0.20480311,0.110061556,0.999987,-0.002981956,0.0041174935,0.00016652224,0.000439526,0.00028851134,-0.0002782206,-0.0021895983,0.0043912437,0.000144835,0.49139544,0.06396604,0.020999944,0.99999994,-1.2417905e-05,-8.499033e-06,-2.2104748e-06,0.00010649542,6.21686e-05,-0.00021218354,-0.0070014414,0.000897127,1.638716e-05
0.0,0.0,0.0,0.0,0.0,0.0,1.0,0.6278977,0.20480311,0.110061556,0.49139544,0.06396604,0.020999948,0.46333355,4.734474e-08,0.38548768,0.008603483,0.9216111,0.02046284,0.38747975,-2.6997043e-07,-0.569,3.6375724e-07,-2.81,3.8729524e-08,3.037,0.741,0.04,0.04,5.817146e-07,-7.6662053e-07,-7.659922e-07,-1.0536118e-06,4.947104e-07,8.7360996e-10,-1.2367876e-10,-9.573874e-10,2.6827364e-12,0.0,0.0,0.0,0.0,0.0,0.0,0.04,0.04,-2.8206483e-07,-0.569,3.7367008e-07,-2.81,4.3493863e-08,3.037,0.741,0.04,0.04,-3.0678413e-07,2.6074784e-07,3.6929345e-07,1.0717409e-08,1.2852868e-07,1.6141686e-09,5.485998e-07,-9.887578e-13,-1.7067363e-10,5.5879354e-09,2.3283064e-10,-3.7252903e-09,1.0,-1.489095e-10,-8.781334e-10,-8.472538e-11,0.0,0.0,0.0,0.0,0.0,0.0,0.62789834,0.20480983,0.11006203,0.999987,-0.003008789,0.00412058,0.00016743198,0.00077178417,-0.002237624,-0.00067567534,0.019668296,0.00584008,-0.00210206,0.49139544,0.06396606,0.020999985,0.99999994,-1.2749099e-05,-8.390621e-06,-2.0649557e-06,0.00010697122,6.194228e-05,-0.00021251416,-0.0070047774,0.00090591033,1.6421252e-05
0.0,0.0,0.0,0.0,0.0,0.0,1.0,0.62789834,0.20480983,0.11006203,0.49139544,0.06396606,0.020999989,0.46333355,4.734474e-08,0.38548768,0.008603483,0.9216111,0.02046284,0.38747975,-2.8206483e-07,-0.569,3.7367008e-07,-2.81,4.3493863e-08,3.037,0.741,0.04,0.04,-3.0678413e-07,2.6074784e-07,3.6929345e-07,1.0717409e-08,1.2852868e-07,1.6141686e-09,5.485998e-07,-9.887578e-13,-1.7067363e-10,0.0,0.0,0.0,0.0,0.0,0.0,0.04,0.04,-2.763595e-07,-0.569,3.6936822e-07,-2.81,5.398582e-08,3.037,0.741,0.04,0.04,5.9416664e-07,-7.2845313e-07,-7.553926e-07,-1.0844947e-06,4.974667e-07,-3.501785e-09,-5.1827598e-11,-1.0485981e-09,2.9810837e-12,5.5879354e-09,2.3283064e-10,-3.7252903e-09,1.0,-1.489095e-10,-8.781334e-10,-8.472538e-11,0.0,0.0,0.0,0.0,0.0,0.0,0.6279014,0.2047987,0.1100585,0.999987,-0.0029631245,0.0041327327,0.0001656453,0.0002819108,-0.00052904664,-0.00013603803,0.004845597,0.002011378,-0.0008323139,0.4913954,0.06396604,0.020999955,0.99999994,-1.2820527e-05,-9.043912e-06,-2.2352845e-06,0.000104786006,6.3564024e-05,-0.00021148285,-0.0070305658,0.0008473051,1.6215798e-05
0.0,0.0,0.0,0.0,0.0,0.0,1.0,0.6279014,0.2047987,0.1100585,0.4913954,0.06396604,0.020999959,0.46333355,4.734474e-08,0.38548768,0.008603483,0.9216111,0.02046284,0.38747975,-2.763595e-07,-0.569,3.6936822e-07,-2.81,5.398582e-08,3.037,0.741,0.04,0.04,5.9416664e-07,-7.2845313e-07,-7.553926e-07,-1.0844947e-06,4.974667e-07,-3.501785e-09,-5.1827598e-11,-1.0485981e-09,2.9810837e-12,0.0,0.0,0.0,0.0,0.0,0.0,0.04,0.04,-2.8829123e-07,-0.569,3.7942084e-07,-2.81,5.8794758e-08,3.037,0.741,0.04,0.04,-3.0544084e-07,2.6665236e-07,3.7047653e-07,5.589577e-09,1.2905384e-07,9.0656427e-10,5.4861255e-07,-9.537629e-13,-1.6000215e-10,5.5879354e-09,2.3283064e-10,-3.7252903e-09,1.0,-1.489095e-10,-8.781334e-10,-8.472538e-11,0.0,0.0,0.0,0.0,0.0,0.0,0.62789917,0.20480332,0.110060915,0.999987,-0.0029831983,0.0041234754,0.00016626659,0.00044842268,7.668935e-05,-0.00022462201,0.00014629404,0.00435863,0.0001299287,0.49139544,0.06396605,0.020999929,0.99999994,-1.2879717e-05,-8.4545345e-06,-2.0912012e-06,0.00010710571,6.20699e-05,-0.00021260422,-0.0069863475,0.00093180727,1.6194213e-05
0.0,0.0,0.0,0.0,0.0,0.0,1.0,0.62789917,0.20480332,0.110060915,0.49139544,0.06396605,0.020999933,0.4633336,1.04271834e-07,0.38548777,0.008603513,0.92161095,0.02046293,0.38747978,-2.8829123e-07,-0.569,3.7942084e-07,-2.81,5.8794758e-08,3.037,0.741,0.04,0.04,-3.0544084e-07,2.6665236e-07,3.7047653e-07,5.589577e-09,1.2905384e-07,9.0656427e-10,5.4861255e-07,-9.537629e-13,-1.6000215e-10,0.0,0.0,0.0,0.0,0.0,0.0,0.04,0.04,-2.952492e-07,-0.569,3.8634565e-07,-2.81,4.7419203e-08,3.037,0.741,0.04,0.04,-8.5430696e-07,5.8587915e-07,9.832346e-07,9.829163e-07,-5.5609513e-07,-9.926225e-09,2.7466572e-07,-2.0312012e-12,-1.1966276e-09,5.5879354e-09,2.3283064e-10,-3.7252903e-09,1.0,-1.489095e-10,-8.781334e-10,-8.472538e-11,0.0,0.0,0.0,0.0,0.0,0.0,0.62789726,0.20481022,0.1100624,0.999987,-0.0030100767,0.0041163047,0.00016796919,0.0013853027,-0.0019983577,-0.0009957376,0.017158339,0.011217289,-0.00240666,0.49139544,0.063966036,0.020999953,0.99999994,-1.2335702e-05,-8.47134e-06,-2.1951319e-06,0.00010647149,6.2264415e-05,-0.00021217014,-0.0070027737,0.00089724234,1.6313266e-05
0.0,0.0,0.0,0.0,0.0,0.0,1.0,0.62789726,0.20481022,0.110062405,0.49139544,0.063966036,0.020999957,0.4633336,1.04271834e-07,0.38548777,0.008603513,0.92161095,0.02046293,0.38747978,-2.952492e-07,-0.569,3.8634565e-07,-2.81,4.7419203e-08,3.037,0.741,0.04,0.04,-8.5430696e-07,5.8587915e-07,9.832346e-07,9.829163e-07,-5.5609513e-07,-9.926225e-09,2.7466572e-07,-2.0312012e-12,-1.1966276e-09,0.0,0.0,0.0,0.0,0.0,0.0,0.04,0.04,-2.785237e-07,-0.569,3.715792e-07,-2.81,4.141928e-08,3.037,0.741,0.04,0.04,4.4470897e-07,-2.832183e-07,-5.252941e-07,5.189578e-09,-1.5128785e-07,-1.0975374e-06,-8.2293315e-07,-2.1917344e-10,7.0721006e-13,5.5879354e-09,2.3283064e-10,-3.7252903e-09,1.0,-1.489095e-10,-8.781334e-10,-8.472538e-11,0.0,0.0,0.0,0.0,0.0,0.0,0.6279015,0.20479839,0.11005834,0.99998707,-0.0029617578,0.004132852,0.0001656219,0.00024780136,-0.0005663374,-0.00019364877,0.0053974004,0.0018125443,-0.0006819548,0.49139547,0.06396605,0.020999935,0.99999994,-1.2609612e-05,-8.4113035e-06,-2.0980142e-06,0.00010699731,6.21472e-05,-0.00021232649,-0.0070040002,0.00090783957,1.6020504e-05
0.0,0.0,0.0,0.0,0.0,0.0,1.0,0.6279015,0.20479839,0.11005834,0.49139547,0.06396605,0.020999938,0.46333355,4.734474e-08,0.38548768,0.008603483,0.9216111,0.02046284,0.38747975,-2.785237e-07,-0.569,3.715792e-07,-2.81,4.141928e-08,3.037,0.741,0.04,0.04,4.4470897e-07,-2.832183e-07,-5.252941e-07,5.189578e-09,-1.5128785e-07,-1.0975374e-06,-8.2293315e-07,-2.1917344e-10,7.0721006e-13,0.0,0.0,0.0,0.0,0.0,0.0,0.04,0.04,-2.7361114e-07,-0.569,3.6524543e-07,-2.81,5.1675542e-08,3.037,0.741,0.04,0.04,5.816996e-07,-7.665139e-07,-7.6600156e-07,-1.0536994e-06,4.947244e-07,8.6117075e-10,-1.2316018e-10,-9.573029e-10,2.5891199e-12,5.5879354e-09,2.3283064e-10,-3.7252903e-09,1.0,-1.489095e-10,-8.781334e-10,-8.472538e-11,0.0,0.0,0.0,0.0,0.0,0.0,0.62789917,0.2048033,0.1100608,0.999987,-0.0029833997,0.0041233357,0.00016632365,0.00045044682,7.4147654e-05,-0.00022325669,0.00016602028,0.0043774587,0.00012591884,0.4913954,0.06396605,0.020999955,0.99999994,-1.2702711e-05,-9.0287485e-06,-2.1367428e-06,0.000106922766,6.251533e-05,-0.00021197165,-0.0070252432,0.0008859771,1.5446101e-05
0.0,0.0,0.0,0.0,0.0,0.0,1.0,0.62789917,0.2048033,0.11006081,0.4913954,0.06396605,0.020999959,0.46333355,4.734474e-08,0.38548768,0.008603483,0.9216111,0.02046284,0.38747975,-2.7361114e-07,-0.569,3.6524543e-07,-2.81,5.1675542e-08,3.037,0.741,0.04,0.04,5.816996e-07,-7.665139e-07,-7.6600156e-07,-1.0536994e-06,4.947244e-07,8.6117075e-10,-1.2316018e-10,-9.573029e-10,2.5891199e-12,0.0,0.0,0.0,0.0,0.0,0.0,0.04,0.04,-2.857058e-07,-0.569,3.7515818e-07,-2.81,5.6440097e-08,3.037,0.741,0.04,0.04,-3.0678612e-07,2.6076447e-07,3.6929234e-07,1.0703775e-08,1.285309e-07,1.6121242e-09,5.485998e-07,-1.0036902e-12,-1.7067911e-10,5.5879354e-09,2.3283064e-10,-3.7252903e-09,1.0,-1.489095e-10,-8.781334e-10,-8.472538e-11,0.0,0.0,0.0,0.0,0.0,0.0,0.6278973,0.20481022,0.11006242,0.99998707,-0.0030100145,0.0041164113,0.00016793469,0.0013857423,-0.0020010103,-0.000995489,0.01718439,0.01122319,-0.002407766,0.49139544,0.06396604,0.020999929,0.99999994,-1.2728881e-05,-8.441762e-06,-2.0670204e-06,0.00010713916,6.200964e-05,-0.00021259801,-0.006985153,0.00093229034,1.6213491e-05
0.0,0.0,0.0,0.0,0.0,0.0,1.0,0.6278973,0.20481022,0.11006242,0.49139544,0.06396604,0.020999933,0.4633336,1.04271834e-07,0.38548777,0.008603513,0.92161095,0.02046293,0.38747978,-2.857058e-07,-0.569,3.7515818e-07,-2.81,5.6440097e-08,3.037,0.741,0.04,0.04,-3.0678612e-07,2.6076447e-07,3.6929234e-07,1.0703775e-08,1.285309e-07,1.6121242e-09,5.485998e-07,-1.0036902e-12,-1.7067911e-10,0.0,0.0,0.0,0.0,0.0,0.0,0.04,0.04,-2.9268125e-07,-0.569,3.8206744e-07,-2.81,4.5056403e-08,3.037,0.741,0.04,0.04,-8.544493e-07,5.8494106e-07,9.831027e-07,9.837236e-07,-5.56187e-07,-9.814718e-09,2.7466382e-07,-2.0751916e-12,-1.1979391e-09,5.5879354e-09,2.3283064e-10,-3.7252903e-09,1.0,-1.489095e-10,-8.781334e-10,-8.472538e-11,0.0,0.0,0.0,0.0,0.0,0.0,0.6279015,0.20479842,0.11005832,0.99998707,-0.0029621336,0.0041327877,0.00016566044,0.00025043305,-0.0005673704,-0.00019022624,0.0053935894,0.0018311803,-0.0006917356,0.4913954,0.06396604,0.020999959,0.99999994,-1.277137e-05,-9.123732e-06,-2.2290012e-06,0.00010481879,6.347768e-05,-0.00021149099,-0.007029273,0.00084744644,1.6267706e-05
0.0,0.0,0.0,0.0,0.0,0.0,1.0,0.6279015,0.20479842,0.11005832,0.4913954,0.06396604,0.020999962,0.4633336,1.04271834e-07,0.38548777,0.008603513,0.92161095,0.02046293,0.38747978,-2.9268125e-07,-0.569,3.8206744e-07,-2.81,4.5056403e-08,3.037,0.741,0.04,0.04,-8.544493e-07,5.8494106e-07,9.831027e-07,9.837236e-07,-5.56187e-07,-9.814718e-09,2.7466382e-07,-2.0751916e-12,-1.1979391e-09,0.0,0.0,0.0,0.0,0.0,0.0,0.04,0.04,-2.7595763e-07,-0.569,3.672993e-07,-2.81,3.905506e-08,3.037,0.741,0.04,0.04,4.4469456e-07,-2.8336729e-07,-5.253087e-07,5.316649e-09,-1.5130324e-07,-1.0975199e-06,-8.229335e-07,-2.1902655e-10,6.880398e-13,5.5879354e-09,2.3283064e-10,-3.7252903e-09,1.0,-1.489095e-10,-8.781334e-10,-8.472538e-11,0.0,0.0,0.0,0.0,0.0,0.0,0.62789917,0.20480333,0.11006091,0.999987,-0.0029835175,0.004123614,0.000166281,0.00045019132,7.6793076e-05,-0.00022050929,0.00013355243,0.004375071,0.00012524314,0.49139544,0.06396604,0.020999933,0.99999994,-1.2829997e-05,-8.534869e-06,-2.0848854e-06,0.00010707323,6.213283e-05,-0.00021259983,-0.006987429,0.0009313705,1.6161266e-05
0.0,0.0,0.0,0.0,0.0,0.0,1.0,0.62789917,0.20480333,0.110060915,0.49139544,0.06396604,0.020999936,0.46333355,4.734474e-08,0.38548768,0.008603483,0.9216111,0.02046284,0.38747975,-2.7595763e-07,-0.569,3.672993e-07,-2.81,3.905506e-08,3.037,0.741,0.04,0.04,4.4469456e-07,-2.8336729e-07,-5.253087e-07,5.316649e-09,-1.5130324e-07,-1.0975199e-06,-8.229335e-07,-2.1902655e-10,6.880398e-13,0.0,0.0,0.0,0.0,0.0,0.0,0.04,0.04,-2.8688603e-07,-0.569,3.7836992e-07,-2.81,4.3211124e-08,3.037,0.741,0.04,0.04,-2.9746005e-07,2.4170427e-07,3.7610576e-07,3.235854e-08,1.247532e-07,4.3444173e-09,5.485281e-07,-6.812872e-13,-1.196859e-10,5.5879354e-09,2.3283064e-10,-3.7252903e-09,1.0,-1.489095e-10,-8.781334e-10,-8.472538e-11,0.0,0.0,0.0,0.0,0.0,0.0,0.6278973,0.2048102,0.11006245,0.99998707,-0.0030100336,0.004116374,0.00016792631,0.0013868873,-0.0020073971,-0.0009960784,0.017242942,0.0112318415,-0.002412398,0.49139544,0.063966036,0.02099995,0.99999994,-1.2373458e-05,-8.473612e-06,-2.2106315e-06,0.00010657358,6.23774e-05,-0.00021248277,-0.0069898022,0.0009211902,1.6334954e-05
0.0,0.0,0.0,0.0,0.0,0.0,1.0,0.6278973,0.2048102,0.11006245,0.49139544,0.063966036,0.020999953,0.4633336,1.04271834e-07,0.38548777,0.008603513,0.92161095,0.02046293,0.38747978,-2.8688603e-07,-0.569,3.7836992e-07,-2.81,4.3211124e-08,3.037,0.741,0.04,0.04,-2.9746005e-07,2.4170427e-07,3.7610576e-07,3.235854e-08,1.247532e-07,4.3444173e-09,5.485281e-07,-6.812872e-13,-1.196859e-10,0.0,0.0,0.0,0.0,0.0,0.0,0.04,0.04,-2.9373706e-07,-0.569,3.85369e-07,-2.81,3.177396e-08,3.037,0.741,0.04,0.04,-8.5335637e-07,5.8150056e-07,9.8388e-07,9.864982e-07,-5.567152e-07,-9.417701e-09,2.7465532e-07,-1.848247e-12,-1.1913237e-09,5.5879354e-09,2.3283064e-10,-3.7252903e-09,1.0,-1.489095e-10,-8.781334e-10,-8.472538e-11,0.0,0.0,0.0,0.0,0.0,0.0,0.62790143,0.20479836,0.11005836,0.99998707,-0.0029617415,0.00413279,0.00016565704,0.0002519966,-0.00057590817,-0.00019172774,0.0054706046,0.0018521947,-0.00069215434,0.49139544,0.06396604,0.020999972,0.99999994,-1.2608556e-05,-9.189238e-06,-2.111386e-06,0.00010527284,6.284924e-05,-0.00021150331,-0.0070407335,0.00083255843,1.6476648e-05
0.0,0.0,0.0,0.0,0.0,0.0,1.0,0.62790143,0.20479836,0.11005837,0.49139544,0.06396604,0.020999976,0.4633336,1.04271834e-07,0.38548777,0.008603513,0.92161095,0.02046293,0.38747978,-2.9373706e-07,-0.569,3.85369e-07,-2.81,3.177396e-08,3.037,0.741,0.04,0.04,-8.5335637e-07,5.8150056e-07,9.8388e-07,9.864982e-07,-5.567152e-07,-9.417701e-09,2.7465532e-07,-1.848247e-12,-1.1913237e-09,0.0,0.0,0.0,0.0,0.0,0.0,0.04,0.04,-2.769986e-07,-0.569,3.7061145e-07,-2.81,2.5764965e-08,3.037,0.741,0.04,0.04,4.4482752e-07,-2.8390193e-07,-5.252167e-07,5.7476304e-09,-1.5138082e-07,-1.0974585e-06,-8.2293457e-07,-2.1979409e-10,6.567192e-13,5.5879354e-09,2.3283064e-10,-3.7252903e-09,1.0,-1.489095e-10,-8.781334e-10,-8.472538e-11,0.0,0.0,0.0,0.0,0.0,0.0,0.62789917,0.20480329,0.110060886,0.999987,-0.0029832795,0.004123696,0.0001662888,0.00044983462,7.572019e-05,-0.00022376612,0.00015326816,0.0043719937,0.00012790479,0.49139544,0.06396604,0.020999938,0.99999994,-1.27376325e-05,-8.572709e-06,-2.1405785e-06,0.00010714516,6.216876e-05,-0.0002126366,-0.006989282,0.0009325474,1.6074358e-05
0.0,0.0,0.0,0.0,0.0,0.0,1.0,0.62789917,0.20480329,0.110060886,0.49139544,0.06396604,0.020999942,0.46333355,4.734474e-08,0.38548768,0.008603483,0.9216111,0.02046284,0.38747975,-2.769986e-07,-0.569,3.7061145e-07,-2.81,2.5764965e-08,3.037,0.741,0.04,0.04,4.4482752e-07,-2.8390193e-07,-5.252167e-07,5.7476304e-09,-1.5138082e-07,-1.0974585e-06,-8.2293457e-07,-2.1979409e-10,6.567192e-13,0.0,0.0,0.0,0.0,0.0,0.0,0.04,0.04,-2.7208446e-07,-0.569,3.6427872e-07,-2.81,3.601987e-08,3.037,0.741,0.04,0.04,5.817146e-07,-7.666205e-07,-7.659921e-07,-1.0536119e-06,4.9471026e-07,8.7360785e-10,-1.2349255e-10,-9.57405e-10,2.6629517e-12,5.5879354e-09,2.3283064e-10,-3.7252903e-09,1.0,-1.489095e-10,-8.781334e-10,-8.472538e-11,0.0,0.0,0.0,0.0,0.0,0.0,0.6278973,0.20481023,0.11006243,0.99998707,-0.0030100103,0.0041163824,0.00016787433,0.0013872292,-0.0020101746,-0.0009959252,0.017270334,0.011235964,-0.0024137248,0.49139544,0.06396604,0.020999977,0.99999994,-1.2479017e-05,-9.045567e-06,-2.0638672e-06,0.00010562865,6.2457475e-05,-0.00021171161,-0.007017112,0.0008596786,1.66282e-05
0.0,0.0,0.0,0.0,0.0,0.0,1.0,0.6278973,0.20481023,0.110062435,0.49139544,0.06396604,0.020999981,0.46333355,4.734474e-08,0.38548768,0.008603483,0.9216111,0.02046284,0.38747975,-2.7208446e-07,-0.569,3.6427872e-07,-2.81,3.601987e-08,3.037,0.741,0.04,0.04,5.817146e-07,-7.666205e-07,-7.659921e-07,-1.0536119e-06,4.9471026e-07,8.7360785e-10,-1.2349255e-10,-9.57405e-10,2.6629517e-12,0.0,0.0,0.0,0.0,0.0,0.0,0.04,0.04,-2.8417887e-07,-0.569,3.7419156e-07,-2.81,4.0784208e-08,3.037,0.741,0.04,0.04,-3.0678413e-07,2.6074784e-07,3.6929342e-07,1.071741e-08,1.2852871e-07,1.6141224e-09,5.4859987e-07,-9.999693e-13,-1.7066984e-10,5.5879354e-09,2.3283064e-10,-3.7252903e-09,1.0,-1.489095e-10,-8.781334e-10,-8.472538e-11,0.0,0.0,0.0,0.0,0.0,0.0,0.6279015,0.2047984,0.11005828,0.9999871,-0.0029620563,0.0041327607,0.00016568867,0.0002515061,-0.0005906108,-0.00019711995,0.005599905,0.0018773497,-0.00068134436,0.49139544,0.06396604,0.02099995,0.99999994,-1.2583229e-05,-8.444682e-06,-2.1224578e-06,0.00010869598,6.1034676e-05,-0.00021304644,-0.0069806483,0.0009583217,1.5940153e-05
0.0,0.0,0.0,0.0,0.0,0.0,1.0,0.6279015,0.2047984,0.11005828,0.49139544,0.06396604,0.020999953,0.46333355,4.734474e-08,0.38548768,0.008603483,0.9216111,0.02046284,0.38747975,-2.8417887e-07,-0.569,3.7419156e-07,-2.81,4.0784208e-08,3.037,0.741,0.04,0.04,-3.0678413e-07,2.6074784e-07,3.6929342e-07,1.071741e-08,1.2852871e-07,1.6141224e-09,5.4859987e-07,-9.999693e-13,-1.7066984e-10,0.0,0.0,0.0,0.0,0.0,0.0,0.04,0.04,-2.7847352e-07,-0.569,3.698897e-07,-2.81,5.1276164e-08,3.037,0.741,0.04,0.04,5.941665e-07,-7.28453e-07,-7.553925e-07,-1.0844946e-06,4.9746666e-07,-3.501753e-09,-5.169222e-11,-1.0485779e-09,2.93896e-12,5.5879354e-09,2.3283064e-10,-3.7252903e-09,1.0,-1.489095e-10,-8.781334e-10,-8.472538e-11,0.0,0.0,0.0,0.0,0.0,0.0,0.62789917,0.20480329,0.11006087,0.99998707,-0.0029832325,0.0041235527,0.00016625434,0.00044953942,7.6198485e-05,-0.00022206274,0.0001422566,0.0043683494,0.0001259875,0.4913954,0.063966036,0.02099992,0.99999994,-1.2354066e-05,-8.907119e-06,-2.2342915e-06,0.000103351325,6.3792846e-05,-0.00021085869,-0.007041408,0.00079773535,1.6961712e-05
0.0,0.0,0.0,0.0,0.0,0.0,1.0,0.62789917,0.20480329,0.11006087,0.4913954,0.063966036,0.020999923,0.46333355,4.734474e-08,0.38548768,0.008603483,0.9216111,0.02046284,0.38747975,-2.7847352e-07,-0.569,3.698897e-07,-2.81,5.1276164e-08,3.037,0.741,0.04,0.04,5.941665e-07,-7.28453e-07,-7.553925e-07,-1.0844946e-06,4.9746666e-07,-3.501753e-09,-5.169222e-11,-1.0485779e-09,2.93896e-12,0.0,0.0,0.0,0.0,0.0,0.0,0.04,0.04,-2.9040527e-07,-0.569,3.7994232e-07,-2.81,5.6085103e-08,3.037,0.741,0.04,0.04,-3.0544078e-07,2.6665234e-07,3.7047647e-07,5.589554e-09,1.2905384e-07,9.066203e-10,5.4861255e-07,-9.571987e-13,-1.5999757e-10,5.5879354e-09,2.3283064e-10,-3.7252903e-09,1.0,-1.489095e-10,-8.781334e-10,-8.472538e-11,0.0,0.0,0.0,0.0,0.0,0.0,0.6278973,0.20481023,0.11006241,0.999987,-0.0030100504,0.004116282,0.00016798315,0.0013873769,-0.0020072327,-0.0009958618,0.01724256,0.011239393,-0.00241201,0.49139544,0.06396604,0.020999951,0.99999994,-1.2464012e-05,-8.274915e-06,-2.0612163e-06,0.000108685825,6.0849798e-05,-0.00021301163,-0.006976322,0.00095786434,1.611358e-05
0.0,0.0,0.0,0.0,0.0,0.0,1.0,0.6278973,0.20481023,0.11006242,0.49139544,0.06396604,0.020999955,0.4633336,1.04271834e-07,0.38548777,0.008603513,0.92161095,0.02046293,0.38747978,-2.9040527e-07,-0.569,3.7994232e-07,-2.81,5.6085103e-08,3.037,0.741,0.04,0.04,-3.0544078e-07,2.6665234e-07,3.7047647e-07,5.589554e-09,1.2905384e-07,9.066203e-10,5.4861255e-07,-9.571987e-13,-1.5999757e-10,0.0,0.0,0.0,0.0,0.0,0.0,0.04,0.04,-2.9736324e-07,-0.569,3.8686713e-07,-2.81,4.4709548e-08,3.037,0.741,0.04,0.04,-8.543069e-07,5.8587915e-07,9.832346e-07,9.829163e-07,-5.560952e-07,-9.926278e-09,2.7466598e-07,-2.024092e-12,-1.1966204e-09,5.5879354e-09,2.3283064e-10,-3.7252903e-09,1.0,-1.489095e-10,-8.781334e-10,-8.472538e-11,0.0,0.0,0.0,0.0,0.0,0.0,0.62790143,0.2047984,0.11005842,0.99998707,-0.0029622698,0.0041326927,0.00016559937,0.00024784863,-0.0005275833,-0.00018042227,0.005023856,0.0017619189,-0.00070623716,0.4913954,0.06396604,0.020999976,0.99999994,-1.2974584e-05,-9.0485955e-06,-2.224471e-06,0.00010485351,6.335912e-05,-0.0002120816,-0.007018238,0.00086853956,1.6844626e-05
0.0,0.0,0.0,0.0,0.0,0.0,1.0,0.62790143,0.2047984,0.11005843,0.4913954,0.06396604,0.02099998,0.4633336,1.04271834e-07,0.38548777,0.008603513,0.92161095,0.02046293,0.38747978,-2.9736324e-07,-0.569,3.8686713e-07,-2.81,4.4709548e-08,3.037,0.741,0.04,0.04,-8.543069e-07,5.8587915e-07,9.832346e-07,9.829163e-07,-5.560952e-07,-9.926278e-09,2.7466598e-07,-2.024092e-12,-1.1966204e-09,0.0,0.0,0.0,0.0,0.0,0.0,0.04,0.04,-2.8063772e-07,-0.569,3.721007e-07,-2.81,3.8709622e-08,3.037,0.741,0.04,0.04,4.4470886e-07,-2.832183e-07,-5.2529407e-07,5.1896145e-09,-1.5128776e-07,-1.0975375e-06,-8.229331e-07,-2.1917876e-10,6.307195e-13,5.5879354e-09,2.3283064e-10,-3.7252903e-09,1.0,-1.489095e-10,-8.781334e-10,-8.472538e-11,0.0,0.0,0.0,0.0,0.0,0.0,0.62789917,0.20480329,0.1100609,0.99998707,-0.0029830437,0.004123568,0.00016617139,0.00044845795,7.709797e-05,-0.00022413679,0.00013993464,0.004358467,0.00012886108,0.49139544,0.06396603,0.020999948,0.99999994,-1.2263716e-05,-8.948709e-06,-2.064301e-06,0.000105625324,6.2255116e-05,-0.00021168562,-0.0070124017,0.0008592628,1.6809281e-05
0.0,0.0,0.0,0.0,0.0,0.0,1.0,0.62789917,0.20480329,0.1100609,0.49139544,0.06396603,0.020999951,0.46333355,4.734474e-08,0.38548768,0.008603483,0.9216111,0.02046284,0.38747975,-2.8063772e-07,-0.569,3.721007e-07,-2.81,3.8709622e-08,3.037,0.741,0.04,0.04,4.4470886e-07,-2.832183e-07,-5.2529407e-07,5.1896145e-09,-1.5128776e-07,-1.0975375e-06,-8.229331e-07,-2.1917876e-10,6.307195e-13,0.0,0.0,0.0,0.0,0.0,0.0,0.04,0.04,-2.7572517e-07,-0.569,3.657669e-07,-2.81,4.8965884e-08,3.037,0.741,0.04,0.04,5.816995e-07,-7.665139e-07,-7.6600156e-07,-1.0536994e-06,4.947243e-07,8.611076e-10,-1.2311335e-10,-9.572986e-10,2.5304192e-12,5.5879354e-09,2.3283064e-10,-3.7252903e-09,1.0,-1.489095e-10,-8.781334e-10,-8.472538e-11,0.0,0.0,0.0,0.0,0.0,0.0,0.6278973,0.2048102,0.11006238,0.99998695,-0.0030098746,0.0041163727,0.00016798433,0.0013888068,-0.0020111604,-0.0009963783,0.017277773,0.0112532135,-0.0024154685,0.49139544,0.06396604,0.02099998,0.99999994,-1.2331333e-05,-8.373988e-06,-2.1532358e-06,0.0001086466,6.091837e-05,-0.00021324487,-0.0069831335,0.00095628615,1.6291782e-05
0.0,0.0,0.0,0.0,0.0,0.0,1.0,0.6278973,0.2048102,0.11006239,0.49139544,0.06396604,0.020999983,0.46333355,4.734474e-08,0.38548768,0.008603483,0.9216111,0.02046284,0.38747975,-2.7572517e-07,-0.569,3.657669e-07,-2.81,4.8965884e-08,3.037,0.741,0.04,0.04,5.816995e-07,-7.665139e-07,-7.6600156e-07,-1.0536994e-06,4.947243e-07,8.611076e-10,-1.2311335e-10,-9.572986e-10,2.5304192e-12,0.0,0.0,0.0,0.0,0.0,0.0,0.04,0.04,-2.8781983e-07,-0.569,3.7567966e-07,-2.81,5.3730442e-08,3.037,0.741,0.04,0.04,-3.0678615e-07,2.607644e-07,3.6929234e-07,1.070374e-08,1.2853084e-07,1.6121886e-09,5.4859987e-07,-9.929174e-13,-1.70678e-10,5.5879354e-09,2.3283064e-10,-3.7252903e-09,1.0,-1.489095e-10,-8.781334e-10,-8.472538e-11,0.0,0.0,0.0,0.0,0.0,0.0,0.62790143,0.2047984,0.1100584,0.99998707,-0.0029622526,0.0041328245,0.0001655883,0.00024864438,-0.00055447855,-0.00018555275,0.0052694073,0.0018024519,-0.0006951412,0.49139544,0.063966036,0.020999936,0.99999994,-1.2638488e-05,-9.016189e-06,-2.0415375e-06,0.00010554146,6.277642e-05,-0.00021161788,-0.0070200553,0.0008597786,1.6317492e-05
0.0,0.0,0.0,0.0,0.0,0.0,1.0,0.62790143,0.2047984,0.1100584,0.49139544,0.063966036,0.02099994,0.4633336,1.04271834e-07,0.38548777,0.008603513,0.92161095,0.02046293,0.38747978,-2.8781983e-07,-0.569,3.7567966e-07,-2.81,5.3730442e-08,3.037,0.741,0.04,0.04,-3.0678615e-07,2.607644e-07,3.6929234e-07,1.070374e-08,1.2853084e-07,1.6121886e-09,5.4859987e-07,-9.929174e-13,-1.70678e-10,0.0,0.0,0.0,0.0,0.0,0.0,0.04,0.04,-2.9479529e-07,-0.569,3.8258892e-07,-2.81,4.234675e-08,3.037,0.741,0.04,0.04,-8.544494e-07,5.84941e-07,9.831028e-07,9.837235e-07,-5.5618756e-07,-9.814647e-09,2.7466416e-07,-2.0626844e-12,-1.1979638e-09,5.5879354e-09,2.3283064e-10,-3.7252903e-09,1.0,-1.489095e-10,-8.781334e-10,-8.472538e-11,0.0,0.0,0.0,0.0,0.0,0.0,0.6278991,0.20480327,0.11006086,0.99998707,-0.0029832057,0.00412329,0.00016630569,0.00044907889,7.608585e-05,-0.00022406787,0.00015104753,0.0043650763,0.00012910359,0.49139544,0.06396604,0.02099997,0.99999994,-1.2610908e-05,-8.3297355e-06,-2.1226263e-06,0.00010714965,6.21978e-05,-0.00021263752,-0.0069897743,0.0009326562,1.604634e-05
0.0,0.0,0.0,0.0,0.0,0.0,1.0,0.6278991,0.20480327,0.11006087,0.49139544,0.06396604,0.020999974,0.4633336,1.04271834e-07,0.38548777,0.008603513,0.92161095,0.02046293,0.38747978,-2.9479529e-07,-0.569,3.8258892e-07,-2.81,4.234675e-08,3.037,0.741,0.04,0.04,-8.544494e-07,5.84941e-07,9.831028e-07,9.837235e-07,-5.5618756e-07,-9.814647e-09,2.7466416e-07,-2.0626844e-12,-1.1979638e-09,0.0,0.0,0.0,0.0,0.0,0.0,0.04,0.04,-2.7807167e-07,-0.569,3.6782077e-07,-2.81,3.63454e-08,3.037,0.741,0.04,0.04,4.4469462e-07,-2.8336737e-07,-5.253087e-07,5.316628e-09,-1.513033e-07,-1.09752e-06,-8.229335e-07,-2.1902373e-10,7.02886e-13,5.5879354e-09,2.3283064e-10,-3.7252903e-09,1.0,-1.489095e-10,-8.781334e-10,-8.472538e-11,0.0,0.0,0.0,0.0,0.0,0.0,0.6278973,0.20481023,0.110062435,0.999987,-0.0030100916,0.0041164192,0.00016791331,0.0013881036,-0.002005247,-0.0009968259,0.017221905,0.011244066,-0.0024121304,0.4913954,0.06396605,0.020999935,0.99999994,-1.2935968e-05,-9.022123e-06,-2.2380593e-06,0.00010472059,6.368557e-05,-0.00021148725,-0.007032762,0.0008464825,1.6163443e-05
0.0,0.0,0.0,0.0,0.0,0.0,1.0,0.6278973,0.20481023,0.110062435,0.4913954,0.06396605,0.020999938,0.46333355,4.734474e-08,0.38548768,0.008603483,0.9216111,0.02046284,0.38747975,-2.7807167e-07,-0.569,3.6782077e-07,-2.81,3.63454e-08,3.037,0.741,0.04,0.04,4.4469462e-07,-2.8336737e-07,-5.253087e-07,5.316628e-09,-1.513033e-07,-1.09752e-06,-8.229335e-07,-2.1902373e-10,7.02886e-13,0.0,0.0,0.0,0.0,0.0,0.0,0.04,0.04,-2.8900007e-07,-0.569,3.788914e-07,-2.81,4.0501465e-08,3.037,0.741,0.04,0.04,-2.9746005e-07,2.417043e-07,3.7610576e-07,3.235855e-08,1.2475317e-07,4.344365e-09,5.485282e-07,-6.822294e-13,-1.1968333e-10,5.5879354e-09,2.3283064e-10,-3.7252903e-09,1.0,-1.489095e-10,-8.781334e-10,-8.472538e-11,0.0,0.0,0.0,0.0,0.0,0.0,0.6279015,0.20479839,0.11005836,0.99998707,-0.0029620894,0.004132888,0.00016559618,0.0002512193,-0.00055890315,-0.00018482047,0.0053028488,0.0018259041,-0.0007010809,0.49139544,0.063966036,0.020999951,0.99999994,-1.2606736e-05,-9.001151e-06,-2.1081921e-06,0.00010557947,6.252313e-05,-0.00021159262,-0.007014819,0.0008598184,1.6509895e-05
0.0,0.0,0.0,0.0,0.0,0.0,1.0,0.6279015,0.20479839,0.11005837,0.49139544,0.063966036,0.020999955,0.4633336,1.04271834e-07,0.38548777,0.008603513,0.92161095,0.02046293,0.38747978,-2.8900007e-07,-0.569,3.788914e-07,-2.81,4.0501465e-08,3.037,0.741,0.04,0.04,-2.9746005e-07,2.417043e-07,3.7610576e-07,3.235855e-08,1.2475317e-07,4.344365e-09,5.485282e-07,-6.822294e-13,-1.1968333e-10,0.0,0.0,0.0,0.0,0.0,0.0,0.04,0.04,-2.958511e-07,-0.569,3.8589047e-07,-2.81,2.90643e-08,3.037,0.741,0.04,0.04,-8.533567e-07,5.8150056e-07,9.838803e-07,9.864981e-07,-5.5671524e-07,-9.417661e-09,2.7465538e-07,-1.8497285e-12,-1.1913129e-09,5.5879354e-09,2.3283064e-10,-3.7252903e-09,1.0,-1.489095e-10,-8.781334e-10,-8.472538e-11,0.0,0.0,0.0,0.0,0.0,0.0,0.62789917,0.2048033,0.1100609,0.999987,-0.0029831775,0.004123473,0.00016626634,0.00044884108,7.708452e-05,-0.0002244851,0.00014231642,0.004362618,0.00012981493,0.49139544,0.06396604,0.02099998,0.99999994,-1.2611162e-05,-8.291841e-06,-2.1479805e-06,0.000107114975,6.19821e-05,-0.0002128304,-0.0069905547,0.0009305042,1.6476917e-05
0.0,0.0,0.0,0.0,0.0,0.0,1.0,0.62789917,0.2048033,0.1100609,0.49139544,0.06396604,0.020999983,0.4633336,1.04271834e-07,0.38548777,0.008603513,0.92161095,0.02046293,0.38747978,-2.958511e-07,-0.569,3.8589047e-07,-2.81,2.90643e-08,3.037,0.741,0.04,0.04,-8.533567e-07,5.8150056e-07,9.838803e-07,9.864981e-07,-5.5671524e-07,-9.417661e-09,2.7465538e-07,-1.8497285e-12,-1.1913129e-09,0.0,0.0,0.0,0.0,0.0,0.0,0.04,0.04,-2.7911264e-07,-0.569,3.7113293e-07,-2.81,2.30553e-08,3.037,0.741,0.04,0.04,4.4482752e-07,-2.8390187e-07,-5.252167e-07,5.7476965e-09,-1.5138082e-07,-1.0974582e-06,-8.229346e-07,-2.1979608e-10,7.148577e-13,5.5879354e-09,2.3283064e-10,-3.7252903e-09,1.0,-1.489095e-10,-8.781334e-10,-8.472538e-11,0.0,0.0,0.0,0.0,0.0,0.0,0.62789726,0.20481022,0.11006238,0.99998707,-0.0030099319,0.0041163797,0.00016786612,0.0013851707,-0.00199843,-0.0009956053,0.01715925,0.011216275,-0.0024065622,0.49139544,0.06396605,0.020999944,0.99999994,-1.2752567e-05,-8.804692e-06,-1.9356135e-06,0.00010625177,6.279238e-05,-0.00021181296,-0.0070254877,0.0008740517,1.5733971e-05
0.0,0.0,0.0,0.0,0.0,0.0,1.0,0.62789726,0.20481022,0.11006239,0.49139544,0.06396605,0.020999948,0.46333355,4.734474e-08,0.38548768,0.008603483,0.9216111,0.02046284,0.38747975,-2.7911264e-07,-0.569,3.7113293e-07,-2.81,2.30553e-08,3.037,0.741,0.04,0.04,4.4482752e-07,-2.8390187e-07,-5.252167e-07,5.7476965e-09,-1.5138082e-07,-1.0974582e-06,-8.229346e-07,-2.1979608e-10,7.148577e-13,0.0,0.0,0.0,0.0,0.0,0.0,0.04,0.04,-2.741985e-07,-0.569,3.648002e-07,-2.81,3.3310204e-08,3.037,0.741,0.04,0.04,5.8171463e-07,-7.666205e-07,-7.659921e-07,-1.0536116e-06,4.947102e-07,8.7354096e-10,-1.2333524e-10,-9.573955e-10,2.6573097e-12,5.5879354e-09,2.3283064e-10,-3.7252903e-09,1.0,-1.489095e-10,-8.781334e-10,-8.472538e-11,0.0,0.0,0.0,0.0,0.0,0.0,0.62790143,0.2047984,0.1100584,0.99998707,-0.0029621979,0.0041327765,0.0001656384,0.00024833265,-0.00053140946,-0.00018188212,0.005061196,0.0017707633,-0.00070430164,0.4913954,0.063966036,0.020999964,0.99999994,-1.2235625e-05,-8.833516e-06,-2.2010731e-06,0.00010564895,6.239189e-05,-0.00021219655,-0.007004152,0.0008811468,1.7061631e-05
0.0,0.0,0.0,0.0,0.0,0.0,1.0,0.62790143,0.2047984,0.1100584,0.4913954,0.063966036,0.020999968,0.46333355,4.734474e-08,0.38548768,0.008603483,0.9216111,0.02046284,0.38747975,-2.741985e-07,-0.569,3.648002e-07,-2.81,3.3310204e-08,3.037,0.741,0.04,0.04,5.8171463e-07,-7.666205e-07,-7.659921e-07,-1.0536116e-06,4.947102e-07,8.7354096e-10,-1.2333524e-10,-9.573955e-10,2.6573097e-12,0.0,0.0,0.0,0.0,0.0,0.0,0.04,0.04,-2.862929e-07,-0.569,3.7471304e-07,-2.81,3.8074543e-08,3.037,0.741,0.04,0.04,-3.067842e-07,2.6074778e-07,3.6929345e-07,1.0717451e-08,1.2852873e-07,1.614132e-09,5.4859987e-07,-1.0029224e-12,-1.7067175e-10,5.5879354e-09,2.3283064e-10,-3.7252903e-09,1.0,-1.489095e-10,-8.781334e-10,-8.472538e-11,0.0,0.0,0.0,0.0,0.0,0.0,0.62789917,0.20480329,0.110060856,0.99998707,-0.002983163,0.004123573,0.00016630636,0.00044860595,7.6890225e-05,-0.00022478592,0.0001450362,0.004360495,0.0001301518,0.49139544,0.06396604,0.020999944,0.99999994,-1.2684561e-05,-8.784229e-06,-1.9199008e-06,0.00010643203,6.236109e-05,-0.0002121956,-0.00700435,0.00089728093,1.626511e-05
0.0,0.0,0.0,0.0,0.0,0.0,1.0,0.62789917,0.20480329,0.110060856,0.49139544,0.06396604,0.020999948,0.4633336,1.04271834e-07,0.38548777,0.008603513,0.92161095,0.02046293,0.38747978,-2.862929e-07,-0.569,3.7471304e-07,-2.81,3.8074543e-08,3.037,0.741,0.04,0.04,-3.067842e-07,2.6074778e-07,3.6929345e-07,1.0717451e-08,1.2852873e-07,1.614132e-09,5.4859987e-07,-1.0029224e-12,-1.7067175e-10,0.0,0.0,0.0,0.0,0.0,0.0,0.04,0.04,-2.932683e-07,-0.569,3.816223e-07,-2.81,2.6690811e-08,3.037,0.741,0.04,0.04,-8.544491e-07,5.8493833e-07,9.83103e-07,9.837257e-07,-5.561875e-07,-9.814124e-09,2.7466382e-07,-2.0383194e-12,-1.1979568e-09,5.5879354e-09,2.3283064e-10,-3.7252903e-09,1.0,-1.489095e-10,-8.781334e-10,-8.472538e-11,0.0,0.0,0.0,0.0,0.0,0.0,0.6278973,0.2048102,0.110062405,0.999987,-0.0030100872,0.004116277,0.00016798332,0.0013847346,-0.0020002564,-0.0009949437,0.017177902,0.011213585,-0.002406673,0.49139544,0.06396605,0.020999985,0.99999994,-1.2652106e-05,-8.364661e-06,-2.1876874e-06,0.00010867085,6.0721035e-05,-0.00021322317,-0.0069791963,0.0009560573,1.6443644e-05
0.0,0.0,0.0,0.0,0.0,0.0,1.0,0.6278973,0.2048102,0.110062405,0.49139544,0.06396605,0.020999989,0.4633336,1.04271834e-07,0.38548777,0.008603513,0.92161095,0.02046293,0.38747978,-2.932683e-07,-0.569,3.816223e-07,-2.81,2.6690811e-08,3.037,0.741,0.04,0.04,-8.544491e-07,5.8493833e-07,9.83103e-07,9.837257e-07,-5.561875e-07,-9.814124e-09,2.7466382e-07,-2.0383194e-12,-1.1979568e-09,0.0,0.0,0.0,0.0,0.0,0.0,0.04,0.04,-2.7654468e-07,-0.569,3.6685415e-07,-2.81,2.0689466e-08,3.037,0.741,0.04,0.04,4.4469454e-07,-2.8336777e-07,-5.253087e-07,5.3170526e-09,-1.5130348e-07,-1.0975199e-06,-8.229335e-07,-2.1902698e-10,7.0142823e-13,5.5879354e-09,2.3283064e-10,-3.7252903e-09,1.0,-1.489095e-10,-8.781334e-10,-8.472538e-11,0.0,0.0,0.0,0.0,0.0,0.0,0.6279015,0.2047984,0.11005834,0.9999871,-0.0029621082,0.0041327327,0.00016567342,0.00025141836,-0.00058481685,-0.00019315217,0.0055422024,0.001866701,-0.0006860882,0.4913954,0.06396604,0.020999955,0.99999994,-1.2728729e-05,-9.026318e-06,-2.2421968e-06,0.00010472599,6.369222e-05,-0.00021147904,-0.0070325998,0.0008466226,1.6142809e-05
0.0,0.0,0.0,0.0,0.0,0.0,1.0,0.6279015,0.2047984,0.11005834,0.4913954,0.06396604,0.020999959,0.46333355,4.734474e-08,0.38548768,0.008603483,0.9216111,0.02046284,0.38747975,-2.7654468e-07,-0.569,3.6685415e-07,-2.81,2.0689466e-08,3.037,0.741,0.04,0.04,4.4469454e-07,-2.8336777e-07,-5.253087e-07,5.3170526e-09,-1.5130348e-07,-1.0975199e-06,-8.229335e-07,-2.1902698e-10,7.0142823e-13,0.0,0.0,0.0,0.0,0.0,0.0,0.04,0.04,-2.8747309e-07,-0.569,3.7792478e-07,-2.81,2.4845523e-08,3.037,0.741,0.04,0.04,-2.9746002e-07,2.4170424e-07,3.7610567e-07,3.235863e-08,1.2475314e-07,4.344414e-09,5.4852813e-07,-6.989091e-13,-1.1968461e-10,5.5879354e-09,2.3283064e-10,-3.7252903e-09,1.0,-1.489095e-10,-8.781334e-10,-8.472538e-11,0.0,0.0,0.0,0.0,0.0,0.0,0.6278991,0.20480333,0.110060826,0.99998695,-0.0029835678,0.0041234028,0.00016626027,0.0004507973,7.512799e-05,-0.00022144527,0.0001515784,0.0043806504,0.00012473285,0.49139544,0.06396604,0.020999929,0.99999994,-1.2788197e-05,-8.436795e-06,-2.098089e-06,0.000107071864,6.2134524e-05,-0.0002125976,-0.006987445,0.00093137345,1.6161322e-05
0.0,0.0,0.0,0.0,0.0,0.0,1.0,0.6278991,0.20480333,0.110060826,0.49139544,0.06396604,0.020999933,0.4633336,1.04271834e-07,0.38548777,0.008603513,0.92161095,0.02046293,0.38747978,-2.8747309e-07,-0.569,3.7792478e-07,-2.81,2.4845523e-08,3.037,0.741,0.04,0.04,-2.9746002e-07,2.4170424e-07,3.7610567e-07,3.235863e-08,1.2475314e-07,4.344414e-09,5.4852813e-07,-6.989091e-13,-1.1968461e-10,0.0,0.0,0.0,0.0,0.0,0.0,0.04,0.04,-2.943241e-07,-0.569,3.8492385e-07,-2.81,1.3408368e-08,3.037,0.741,0.04,0.04,-8.5335654e-07,5.815006e-07,9.838802e-07,9.864981e-07,-5.567152e-07,-9.417439e-09,2.7465546e-07,-1.8467825e-12,-1.1913187e-09,5.5879354e-09,2.3283064e-10,-3.7252903e-09,1.0,-1.489095e-10,-8.781334e-10,-8.472538e-11,0.0,0.0,0.0,0.0,0.0,0.0,0.6278983,0.20480996,0.110062025,0.999987,-0.0030094888,0.004120342,0.00016746076,0.0007964075,-0.002337218,-0.00069522636,0.020572957,0.0060215057,-0.0021859058,0.4913954,0.06396604,0.020999959,0.99999994,-1.2838771e-05,-9.120092e-06,-2.2220133e-06,0.00010475504,6.360437e-05,-0.00021148875,-0.007031239,0.0008467898,1.620322e-05
0.0,0.0,0.0,0.0,0.0,0.0,1.0,0.6278983,0.20480996,0.11006203,0.4913954,0.06396604,0.020999962,0.4633336,1.04271834e-07,0.38548777,0.008603513,0.92161095,0.02046293,0.38747978,-2.943241e-07,-0.569,3.8492385e-07,-2.81,1.3408368e-08,3.037,0.741,0.04,0.04,-8.5335654e-07,5.815006e-07,9.838802e-07,9.864981e-07,-5.567152e-07,-9.417439e-09,2.7465546e-07,-1.8467825e-12,-1.1913187e-09,0.0,0.0,0.0,0.0,0.0,0.0,0.04,0.04,-2.7758566e-07,-0.569,3.701663e-07,-2.81,7.3993736e-09,3.037,0.741,0.04,0.04,4.4482744e-07,-2.8390187e-07,-5.2521654e-07,5.747628e-09,-1.5138072e-07,-1.0974583e-06,-8.229349e-07,-2.1979278e-10,7.0447587e-13,5.5879354e-09,2.3283064e-10,-3.7252903e-09,1.0,-1.489095e-10,-8.781334e-10,-8.472538e-11,0.0,0.0,0.0,0.0,0.0,0.0,0.62790143,0.20479865,0.11005837,0.999987,-0.0029626712,0.0041328073,0.0001656658,0.00029173298,-0.0005843165,-0.00015729791,0.0053189853,0.0021980153,-0.000814077,0.49139544,0.06396605,0.020999933,0.99999994,-1.2897943e-05,-8.5305355e-06,-2.0779337e-06,0.00010710636,6.206978e-05,-0.00021260639,-0.0069863843,0.00093189906,1.6198668e-05
0.0,0.0,0.0,0.0,0.0,0.0,1.0,0.62790143,0.20479865,0.11005837,0.49139544,0.06396605,0.020999936,0.46333355,4.734474e-08,0.38548768,0.008603483,0.9216111,0.02046284,0.38747975,-2.7758566e-07,-0.569,3.701663e-07,-2.81,7.3993736e-09,3.037,0.741,0.04,0.04,4.4482744e-07,-2.8390187e-07,-5.2521654e-07,5.747628e-09,-1.5138072e-07,-1.0974583e-06,-8.229349e-07,-2.1979278e-10,7.0447587e-13,0.0,0.0,0.0,0.0,0.0,0.0,0.04,0.04,-2.726715e-07,-0.569,3.6383358e-07,-2.81,1.7654274e-08,3.037,0.741,0.04,0.04,5.817148e-07,-7.6662053e-07,-7.659923e-07,-1.053612e-06,4.947102e-07,8.735078e-10,-1.234441e-10,-9.573985e-10,2.6363048e-12,5.5879354e-09,2.3283064e-10,-3.7252903e-09,1.0,-1.489095e-10,-8.781334e-10,-8.472538e-11,0.0,0.0,0.0,0.0,0.0,0.0,0.6278991,0.20480327,0.11006091,0.999987,-0.0029831196,0.0041234223,0.00016619742,0.00044772198,7.663021e-05,-0.00022344575,0.00013990015,0.0043503423,0.00012717374,0.49139544,0.06396603,0.020999957,0.99999994,-1.2197692e-05,-8.432221e-06,-2.2205957e-06,0.00010656151,6.204934e-05,-0.00021217883,-0.0069994777,0.00089788897,1.64364e-05
0.0,0.0,0.0,0.0,0.0,0.0,1.0,0.6278991,0.20480327,0.110060915,0.49139544,0.06396603,0.02099996,0.46333355,4.734474e-08,0.38548768,0.008603483,0.9216111,0.02046284,0.38747975,-2.726715e-07,-0.569,3.6383358e-07,-2.81,1.7654274e-08,3.037,0.741,0.04,0.04,5.817148e-07,-7.6662053e-07,-7.659923e-07,-1.053612e-06,4.947102e-07,8.735078e-10,-1.234441e-10,-9.573985e-10,2.6363048e-12,0.0,0.0,0.0,0.0,0.0,0.0,0.04,0.04,-2.8476592e-07,-0.569,3.7374642e-07,-2.81,2.2418625e-08,3.037,0.741,0.04,0.04,-3.0678413e-07,2.6074784e-07,3.692934e-07,1.0717388e-08,1.2852874e-07,1.614177e-09,5.485998e-07,-9.950702e-13,-1.7067638e-10,5.5879354e-09,2.3283064e-10,-3.7252903e-09,1.0,-1.489095e-10,-8.781334e-10,-8.472538e-11,0.0,0.0,0.0,0.0,0.0,0.0,0.6278983,0.20480996,0.110062025,0.99998695,-0.0030094702,0.004120226,0.00016747943,0.000794134,-0.0023330064,-0.0006938508,0.020535462,0.0060019433,-0.0021818916,0.49139544,0.06396605,0.02099993,0.99999994,-1.2845376e-05,-8.517492e-06,-2.1229891e-06,0.00010709764,6.226068e-05,-0.00021263733,-0.006990673,0.00093207374,1.604121e-05
0.0,0.0,0.0,0.0,0.0,0.0,1.0,0.6278983,0.20480996,0.11006203,0.49139544,0.06396605,0.020999935,0.46333355,4.734474e-08,0.38548768,0.008603483,0.9216111,0.02046284,0.38747975,-2.8476592e-07,-0.569,3.7374642e-07,-2.81,2.2418625e-08,3.037,0.741,0.04,0.04,-3.0678413e-07,2.6074784e-07,3.692934e-07,1.0717388e-08,1.2852874e-07,1.614177e-09,5.485998e-07,-9.950702e-13,-1.7067638e-10,0.0,0.0,0.0,0.0,0.0,0.0,0.04,0.04,-2.7906057e-07,-0.569,3.6944456e-07,-2.81,3.291057e-08,3.037,0.741,0.04,0.04,5.941665e-07,-7.284531e-07,-7.553923e-07,-1.0844946e-06,4.9746683e-07,-3.5018048e-09,-5.167234e-11,-1.04858e-09,2.9540671e-12,5.5879354e-09,2.3283064e-10,-3.7252903e-09,1.0,-1.489095e-10,-8.781334e-10,-8.472538e-11,0.0,0.0,0.0,0.0,0.0,0.0,0.62790143,0.20479871,0.1100585,0.999987,-0.0029630756,0.004132777,0.00016563876,0.00028430886,-0.0005114107,-0.00012543722,0.0046780272,0.0019913986,-0.000854167,0.49139544,0.063966036,0.020999955,0.99999994,-1.2302261e-05,-8.533878e-06,-2.2269246e-06,0.000106472384,6.226558e-05,-0.00021217212,-0.0070027714,0.0008972185,1.6310309e-05
0.0,0.0,0.0,0.0,0.0,0.0,1.0,0.62790143,0.20479871,0.1100585,0.49139544,0.063966036,0.020999959,0.46333355,4.734474e-08,0.38548768,0.008603483,0.9216111,0.02046284,0.38747975,-2.7906057e-07,-0.569,3.6944456e-07,-2.81,3.291057e-08,3.037,0.741,0.04,0.04,5.941665e-07,-7.284531e-07,-7.553923e-07,-1.0844946e-06,4.9746683e-07,-3.5018048e-09,-5.167234e-11,-1.04858e-09,2.9540671e-12,0.0,0.0,0.0,0.0,0.0,0.0,0.04,0.04,-2.9099232e-07,-0.569,3.7949718e-07,-2.81,3.771951e-08,3.037,0.741,0.04,0.04,-3.0544078e-07,2.666523e-07,3.704765e-07,5.5896e-09,1.2905383e-07,9.0665603e-10,5.486125e-07,-9.646894e-13,-1.6000021e-10,5.5879354e-09,2.3283064e-10,-3.7252903e-09,1.0,-1.489095e-10,-8.781334e-10,-8.472538e-11,0.0,0.0,0.0,0.0,0.0,0.0,0.62789917,0.20480329,0.11006079,0.999987,-0.0029831056,0.0041236198,0.0001661512,0.00044859003,7.559388e-05,-0.00022322968,0.0001509926,0.0043593566,0.00012703946,0.49139544,0.06396605,0.020999936,0.99999994,-1.2718917e-05,-8.58378e-06,-2.089233e-06,0.00010702451,6.205805e-05,-0.0002123201,-0.007002431,0.0009080506,1.6076232e-05
0.0,0.0,0.0,0.0,0.0,0.0,1.0,0.62789917,0.20480329,0.110060796,0.49139544,0.06396605,0.02099994,0.4633336,1.04271834e-07,0.38548777,0.008603513,0.92161095,0.02046293,0.38747978,-2.9099232e-07,-0.569,3.7949718e-07,-2.81,3.771951e-08,3.037,0.741,0.04,0.04,-3.0544078e-07,2.666523e-07,3.704765e-07,5.5896e-09,1.2905383e-07,9.0665603e-10,5.486125e-07,-9.646894e-13,-1.6000021e-10,0.0,0.0,0.0,0.0,0.0,0.0,0.04,0.04,-2.979503e-07,-0.569,3.86422e-07,-2.81,2.6343955e-08,3.037,0.741,0.04,0.04,-8.5430725e-07,5.85879e-07,9.832347e-07,9.829164e-07,-5.5609524e-07,-9.926512e-09,2.7466598e-07,-2.0357212e-12,-1.1966218e-09,5.5879354e-09,2.3283064e-10,-3.7252903e-09,1.0,-1.489095e-10,-8.781334e-10,-8.472538e-11,0.0,0.0,0.0,0.0,0.0,0.0,0.6278973,0.20481023,0.11006241,0.99998695,-0.003010058,0.0041164225,0.00016792798,0.001385395,-0.0020014895,-0.0009946902,0.017191863,0.01122262,-0.0024062982,0.4913954,0.063966036,0.020999976,0.99999994,-1.2631242e-05,-9.165603e-06,-2.1937908e-06,0.00010355597,6.349113e-05,-0.00021125664,-0.007023255,0.00082164875,1.7353448e-05
0.0,0.0,0.0,0.0,0.0,0.0,1.0,0.6278973,0.20481023,0.11006242,0.4913954,0.063966036,0.02099998,0.4633336,1.04271834e-07,0.38548777,0.008603513,0.92161095,0.02046293,0.38747978,-2.979503e-07,-0.569,3.86422e-07,-2.81,2.6343955e-08,3.037,0.741,0.04,0.04,-8.5430725e-07,5.85879e-07,9.832347e-07,9.829164e-07,-5.5609524e-07,-9.926512e-09,2.7466598e-07,-2.0357212e-12,-1.1966218e-09,0.0,0.0,0.0,0.0,0.0,0.0,0.04,0.04,-2.8122477e-07,-0.569,3.7165555e-07,-2.81,2.0344022e-08,3.037,0.741,0.04,0.04,4.4470892e-07,-2.832183e-07,-5.252943e-07,5.189613e-09,-1.5128782e-07,-1.0975375e-06,-8.2293315e-07,-2.1917537e-10,6.834252e-13,5.5879354e-09,2.3283064e-10,-3.7252903e-09,1.0,-1.489095e-10,-8.781334e-10,-8.472538e-11,0.0,0.0,0.0,0.0,0.0,0.0,0.62790143,0.20479845,0.11005844,0.99998707,-0.002962529,0.0041327314,0.00016555823,0.0002480628,-0.0005243332,-0.00017833718,0.004989011,0.0017594177,-0.0007094919,0.49139547,0.06396604,0.02099995,0.99999994,-1.2698723e-05,-8.569184e-06,-2.064282e-06,0.000107007676,6.195628e-05,-0.0002123027,-0.0069998284,0.00090764114,1.6177042e-05
0.0,0.0,0.0,0.0,0.0,0.0,1.0,0.62790143,0.20479845,0.11005844,0.49139547,0.06396604,0.020999953,0.46333355,4.734474e-08,0.38548768,0.008603483,0.9216111,0.02046284,0.38747975,-2.8122477e-07,-0.569,3.7165555e-07,-2.81,2.0344022e-08,3.037,0.741,0.04,0.04,4.4470892e-07,-2.832183e-07,-5.252943e-07,5.189613e-09,-1.5128782e-07,-1.0975375e-06,-8.2293315e-07,-2.1917537e-10,6.834252e-13,0.0,0.0,0.0,0.0,0.0,0.0,0.04,0.04,-2.7631222e-07,-0.569,3.6532177e-07,-2.81,3.0600294e-08,3.037,0.741,0.04,0.04,5.816995e-07,-7.665139e-07,-7.6600145e-07,-1.0536994e-06,4.947244e-07,8.6117263e-10,-1.2303823e-10,-9.573058e-10,2.5873262e-12,5.5879354e-09,2.3283064e-10,-3.7252903e-09,1.0,-1.489095e-10,-8.781334e-10,-8.472538e-11,0.0,0.0,0.0,0.0,0.0,0.0,0.62789917,0.20480329,0.110060915,0.99998707,-0.0029830905,0.0041236626,0.00016615975,0.00044853907,7.7424746e-05,-0.00022450932,0.00013866316,0.0043595806,0.00012988473,0.49139544,0.06396604,0.020999964,0.99999994,-1.2437026e-05,-8.563481e-06,-2.1140565e-06,0.00010849559,6.127192e-05,-0.00021286026,-0.007002981,0.0009331189,1.58008e-05
0.0,0.0,0.0,0.0,0.0,0.0,1.0,0.62789917,0.20480329,0.110060915,0.49139544,0.06396604,0.020999968,0.46333355,4.734474e-08,0.38548768,0.008603483,0.9216111,0.02046284,0.38747975,-2.7631222e-07,-0.569,3.6532177e-07,-2.81,3.0600294e-08,3.037,0.741,0.04,0.04,5.816995e-07,-7.665139e-07,-7.6600145e-07,-1.0536994e-06,4.947244e-07,8.6117263e-10,-1.2303823e-10,-9.573058e-10,2.5873262e-12,0.0,0.0,0.0,0.0,0.0,0.0,0.04,0.04,-2.8840688e-07,-0.569,3.7523452e-07,-2.81,3.5364852e-08,3.037,0.741,0.04,0.04,-3.0678618e-07,2.6076444e-07,3.6929228e-07,1.0703768e-08,1.2853081e-07,1.6121849e-09,5.4859976e-07,-9.901149e-13,-1.7068587e-10,5.5879354e-09,2.3283064e-10,-3.7252903e-09,1.0,-1.489095e-10,-8.781334e-10,-8.472538e-11,0.0,0.0,0.0,0.0,0.0,0.0,0.6278973,0.20481019,0.11006242,0.999987,-0.003009846,0.004116459,0.00016794204,0.0013855479,-0.0020018532,-0.0009953803,0.017192215,0.011221099,-0.0024082398,0.49139544,0.06396605,0.020999953,0.99999994,-1.2830871e-05,-8.676928e-06,-2.2193017e-06,0.00010487567,6.334448e-05,-0.0002118611,-0.0070128683,0.0008697217,1.6633572e-05
0.0,0.0,0.0,0.0,0.0,0.0,1.0,0.6278973,0.20481019,0.11006242,0.49139544,0.06396605,0.020999957,0.4633336,1.04271834e-07,0.38548777,0.008603513,0.92161095,0.02046293,0.38747978,-2.8840688e-07,-0.569,3.7523452e-07,-2.81,3.5364852e-08,3.037,0.741,0.04,0.04,-3.0678618e-07,2.6076444e-07,3.6929228e-07,1.0703768e-08,1.2853081e-07,1.6121849e-09,5.4859976e-07,-9.901149e-13,-1.7068587e-10,0.0,0.0,0.0,0.0,0.0,0.0,0.04,0.04,-2.9538234e-07,-0.569,3.8214378e-07,-2.81,2.3981157e-08,3.037,0.741,0.04,0.04,-8.5444935e-07,5.84941e-07,9.831026e-07,9.837235e-07,-5.5618705e-07,-9.814518e-09,2.7466393e-07,-2.0670204e-12,-1.1979528e-09,5.5879354e-09,2.3283064e-10,-3.7252903e-09,1.0,-1.489095e-10,-8.781334e-10,-8.472538e-11,0.0,0.0,0.0,0.0,0.0,0.0,0.6279015,0.2047984,0.11005836,0.99998707,-0.0029620854,0.0041327453,0.00016562159,0.0002490775,-0.0005653833,-0.00019044458,0.0053784135,0.0018186573,-0.00068913866,0.49139544,0.06396604,0.020999966,0.99999994,-1.2569749e-05,-8.762995e-06,-2.0406908e-06,0.00010860175,6.0907765e-05,-0.00021284704,-0.0069960062,0.00093427533,1.6041768e-05
0.0,0.0,0.0,0.0,0.0,0.0,1.0,0.6279015,0.2047984,0.11005837,0.49139544,0.06396604,0.02099997,0.4633336,1.04271834e-07,0.38548777,0.008603513,0.92161095,0.02046293,0.38747978,-2.9538234e-07,-0.569,3.8214378e-07,-2.81,2.3981157e-08,3.037,0.741,0.04,0.04,-8.5444935e-07,5.84941e-07,9.831026e-07,9.837235e-07,-5.5618705e-07,-9.814518e-09,2.7466393e-07,-2.0670204e-12,-1.1979528e-09,0.0,0.0,0.0,0.0,0.0,0.0,0.04,0.04,-2.7865872e-07,-0.569,3.6737563e-07,-2.81,1.7979817e-08,3.037,0.741,0.04,0.04,4.446945e-07,-2.8336734e-07,-5.253089e-07,5.316666e-09,-1.5130334e-07,-1.09752e-06,-8.2293354e-07,-2.1902483e-10,6.929496e-13,5.5879354e-09,2.3283064e-10,-3.7252903e-09,1.0,-1.489095e-10,-8.781334e-10,-8.472538e-11,0.0,0.0,0.0,0.0,0.0,0.0,0.62789917,0.20480324,0.110060915,0.999987,-0.002983001,0.0041235313,0.0001662368,0.00044853773,7.622951e-05,-0.00022453447,0.00014945421,0.0043593138,0.00012895015,0.49139544,0.06396605,0.020999955,0.99999994,-1.2795746e-05,-8.800689e-06,-2.2015333e-06,0.00010496376,6.312608e-05,-0.00021187401,-0.007009294,0.00087056076,1.6755206e-05
0.0,0.0,0.0,0.0,0.0,0.0,1.0,0.62789917,0.20480324,0.110060915,0.49139544,0.06396605,0.020999959,0.46333355,4.734474e-08,0.38548768,0.008603483,0.9216111,0.02046284,0.38747975,-2.7865872e-07,-0.569,3.6737563e-07,-2.81,1.7979817e-08,3.037,0.741,0.04,0.04,4.446945e-07,-2.8336734e-07,-5.253089e-07,5.316666e-09,-1.5130334e-07,-1.09752e-06,-8.2293354e-07,-2.1902483e-10,6.929496e-13,0.0,0.0,0.0,0.0,0.0,0.0,0.04,0.04,-2.8958712e-07,-0.569,3.7844626e-07,-2.81,2.2135877e-08,3.037,0.741,0.04,0.04,-2.9746005e-07,2.4170424e-07,3.7610573e-07,3.2358532e-08,1.2475314e-07,4.3444692e-09,5.4852825e-07,-6.9241927e-13,-1.1968714e-10,5.5879354e-09,2.3283064e-10,-3.7252903e-09,1.0,-1.489095e-10,-8.781334e-10,-8.472538e-11,0.0,0.0,0.0,0.0,0.0,0.0,0.6278973,0.2048102,0.110062435,0.99998707,-0.0030099275,0.004116492,0.00016783974,0.0013869212,-0.0020057077,-0.0009966427,0.017226238,0.011230095,-0.00241217,0.4913954,0.06396603,0.020999981,0.99999994,-1.2411409e-05,-9.078892e-06,-2.174964e-06,0.00010337546,6.3579646e-05,-0.00021142473,-0.007027839,0.0008184678,1.7615823e-05
0.0,0.0,0.0,0.0,0.0,0.0,1.0,0.6278973,0.2048102,0.110062435,0.4913954,0.06396603,0.020999985,0.4633336,1.04271834e-07,0.38548777,0.008603513,0.92161095,0.02046293,0.38747978,-2.8958712e-07,-0.569,3.7844626e-07,-2.81,2.2135877e-08,3.037,0.741,0.04,0.04,-2.9746005e-07,2.4170424e-07,3.7610573e-07,3.2358532e-08,1.2475314e-07,4.3444692e-09,5.4852825e-07,-6.9241927e-13,-1.1968714e-10,0.0,0.0,0.0,0.0,0.0,0.0,0.04,0.04,-2.9643815e-07,-0.569,3.8544533e-07,-2.81,1.0698717e-08,3.037,0.741,0.04,0.04,-8.533567e-07,5.815006e-07,9.838803e-07,9.864981e-07,-5.5671524e-07,-9.417571e-09,2.746554e-07,-1.8446624e-12,-1.1913098e-09,5.5879354e-09,2.3283064e-10,-3.7252903e-09,1.0,-1.489095e-10,-8.781334e-10,-8.472538e-11,0.0,0.0,0.0,0.0,0.0,0.0,0.6279015,0.2047984,0.11005842,0.99998707,-0.0029622423,0.0041327956,0.00016563936,0.00024826673,-0.00052955945,-0.00018113019,0.0050427704,0.0017676714,-0.0007057773,0.49139544,0.06396604,0.020999953,0.99999994,-1.25151255e-05,-8.514762e-06,-2.207923e-06,0.000106555955,6.203018e-05,-0.00021256602,-0.006985154,0.00091934507,1.6758548e-05
0.0,0.0,0.0,0.0,0.0,0.0,1.0,0.6279015,0.2047984,0.11005843,0.49139544,0.06396604,0.020999957,0.4633336,1.04271834e-07,0.38548777,0.008603513,0.92161095,0.02046293,0.38747978,-2.9643815e-07,-0.569,3.8544533e-07,-2.81,1.0698717e-08,3.037,0.741,0.04,0.04,-8.533567e-07,5.815006e-07,9.838803e-07,9.864981e-07,-5.5671524e-07,-9.417571e-09,2.746554e-07,-1.8446624e-12,-1.1913098e-09,0.0,0.0,0.0,0.0,0.0,0.0,0.04,0.04,-2.796997e-07,-0.569,3.706878e-07,-2.81,4.689724e-09,3.037,0.741,0.04,0.04,4.4482746e-07,-2.8390187e-07,-5.252167e-07,5.74761e-09,-1.5138075e-07,-1.0974584e-06,-8.229347e-07,-2.1978466e-10,7.0283287e-13,5.5879354e-09,2.3283064e-10,-3.7252903e-09,1.0,-1.489095e-10,-8.781334e-10,-8.472538e-11,0.0,0.0,0.0,0.0,0.0,0.0,0.6278991,0.2048033,0.110060886,0.99998695,-0.002983623,0.0041233664,0.00016623737,0.00044932656,7.7393546e-05,-0.0002207179,0.00012859883,0.0043670535,0.00012601657,0.49139547,0.06396606,0.020999942,0.99999994,-1.2737715e-05,-8.508016e-06,-2.072985e-06,0.000106939384,6.2279265e-05,-0.00021231986,-0.0070058755,0.00090758305,1.5941701e-05
0.0,0.0,0.0,0.0,0.0,0.0,1.0,0.6278991,0.2048033,0.110060886,0.49139547,0.06396606,0.020999946,0.46333355,4.734474e-08,0.38548768,0.008603483,0.9216111,0.02046284,0.38747975,-2.796997e-07,-0.569,3.706878e-07,-2.81,4.689724e-09,3.037,0.741,0.04,0.04,4.4482746e-07,-2.8390187e-07,-5.252167e-07,5.74761e-09,-1.5138075e-07,-1.0974584e-06,-8.229347e-07,-2.1978466e-10,7.0283287e-13,0.0,0.0,0.0,0.0,0.0,0.0,0.04,0.04,-2.7478555e-07,-0.569,3.6435506e-07,-2.81,1.4944629e-08,3.037,0.741,0.04,0.04,5.8171486e-07,-7.666205e-07,-7.6599224e-07,-1.0536118e-06,4.9471043e-07,8.735999e-10,-1.234441e-10,-9.574002e-10,2.6451038e-12,5.5879354e-09,2.3283064e-10,-3.7252903e-09,1.0,-1.489095e-10,-8.781334e-10,-8.472538e-11,0.0,0.0,0.0,0.0,0.0,0.0,0.6278983,0.20480998,0.11006204,0.99998695,-0.0030094902,0.0041203806,0.00016743965,0.0007946679,-0.0023337237,-0.0006935025,0.020544002,0.006009793,-0.0021814394,0.4913954,0.06396605,0.020999962,0.99999994,-1.293122e-05,-9.059309e-06,-2.115248e-06,0.00010692979,6.2270236e-05,-0.00021217461,-0.007025577,0.00088443124,1.5867554e-05
0.0,0.0,0.0,0.0,0.0,0.0,1.0,0.6278983,0.20480998,0.11006205,0.4913954,0.06396605,0.020999966,0.46333355,4.734474e-08,0.38548768,0.008603483,0.9216111,0.02046284,0.38747975,-2.7478555e-07,-0.569,3.6435506e-07,-2.81,1.4944629e-08,3.037,0.741,0.04,0.04,5.8171486e-07,-7.666205e-07,-7.6599224e-07,-1.0536118e-06,4.9471043e-07,8.735999e-10,-1.234441e-10,-9.574002e-10,2.6451038e-12,0.0,0.0,0.0,0.0,0.0,0.0,0.04,0.04,-2.8687995e-07,-0.569,3.742679e-07,-2.81,1.970898e-08,3.037,0.741,0.04,0.04,-3.0678422e-07,2.607478e-07,3.6929345e-07,1.0717454e-08,1.2852871e-07,1.6142049e-09,5.485999e-07,-9.84343e-13,-1.7067035e-10,5.5879354e-09,2.3283064e-10,-3.7252903e-09,1.0,-1.489095e-10,-8.781334e-10,-8.472538e-11,0.0,0.0,0.0,0.0,0.0,0.0,0.6279014,0.20479868,0.11005843,0.99998707,-0.0029627401,0.004132893,0.00016553521,0.000288091,-0.0005532915,-0.0001435272,0.005044285,0.0021091194,-0.00082901237,0.49139544,0.06396604,0.02099992,0.99999994,-1.2658926e-05,-9.031627e-06,-2.055867e-06,0.000105555395,6.261184e-05,-0.00021159518,-0.0070165233,0.0008596963,1.645296e-05
0.0,0.0,0.0,0.0,0.0,0.0,1.0,0.6279014,0.20479868,0.11005843,0.49139544,0.06396604,0.020999923,0.46333355,4.734474e-08,0.38548768,0.008603483,0.9216111,0.02046284,0.38747975,-2.8687995e-07,-0.569,3.742679e-07,-2.81,1.970898e-08,3.037,0.741,0.04,0.04,-3.0678422e-07,2.607478e-07,3.6929345e-07,1.0717454e-08,1.2852871e-07,1.6142049e-09,5.485999e-07,-9.84343e-13,-1.7067035e-10,0.0,0.0,0.0,0.0,0.0,0.0,0.04,0.04,-2.811746e-07,-0.569,3.6996605e-07,-2.81,3.020092e-08,3.037,0.741,0.04,0.04,5.9416664e-07,-7.2845296e-07,-7.553925e-07,-1.0844944e-06,4.974668e-07,-3.501776e-09,-5.18261e-11,-1.048592e-09,3.0295584e-12,5.5879354e-09,2.3283064e-10,-3.7252903e-09,1.0,-1.489095e-10,-8.781334e-10,-8.472538e-11,0.0,0.0,0.0,0.0,0.0,0.0,0.62789917,0.20480329,0.11006086,0.9999871,-0.00298324,0.0041233697,0.00016631579,0.00044907536,7.632462e-05,-0.00022245296,0.00014304493,0.004364432,0.0001271556,0.49139544,0.06396604,0.02099996,0.99999994,-1.2609811e-05,-8.578396e-06,-2.1537815e-06,0.000106929234,6.23638e-05,-0.00021231627,-0.0070074317,0.00090765377,1.5875983e-05
0.0,0.0,0.0,0.0,0.0,0.0,1.0,0.62789917,0.20480329,0.11006087,0.49139544,0.06396604,0.020999964,0.46333355,4.734474e-08,0.38548768,0.008603483,0.9216111,0.02046284,0.38747975,-2.811746e-07,-0.569,3.6996605e-07,-2.81,3.020092e-08,3.037,0.741,0.04,0.04,5.9416664e-07,-7.2845296e-07,-7.553925e-07,-1.0844944e-06,4.974668e-07,-3.501776e-09,-5.18261e-11,-1.048592e-09,3.0295584e-12,0.0,0.0,0.0,0.0,0.0,0.0,0.04,0.04,-2.9310635e-07,-0.569,3.8001866e-07,-2.81,3.5009858e-08,3.037,0.741,0.04,0.04,-3.0544084e-07,2.666523e-07,3.7047653e-07,5.589616e-09,1.290538e-07,9.0667196e-10,5.486125e-07,-9.553657e-13,-1.6000119e-10,5.5879354e-09,2.3283064e-10,-3.7252903e-09,1.0,-1.489095e-10,-8.781334e-10,-8.472538e-11,0.0,0.0,0.0,0.0,0.0,0.0,0.6278973,0.2048102,0.110062405,0.99998707,-0.0030099389,0.004116374,0.00016786602,0.0013856331,-0.0020076176,-0.000995136,0.017247234,0.011220985,-0.0024112128,0.4913954,0.063966036,0.02099993,0.99999994,-1.2392202e-05,-9.034226e-06,-2.2274833e-06,0.00010331694,6.385374e-05,-0.00021086271,-0.0070423447,0.000797535,1.6937936e-05
0.0,0.0,0.0,0.0,0.0,0.0,1.0,0.6278973,0.2048102,0.110062405,0.4913954,0.063966036,0.020999935,0.4633336,1.04271834e-07,0.38548777,0.008603513,0.92161095,0.02046293,0.38747978,-2.9310635e-07,-0.569,3.8001866e-07,-2.81,3.5009858e-08,3.037,0.741,0.04,0.04,-3.0544084e-07,2.666523e-07,3.7047653e-07,5.589616e-09,1.290538e-07,9.0667196e-10,5.486125e-07,-9.553657e-13,-1.6000119e-10,0.0,0.0,0.0,0.0,0.0,0.0,0.04,0.04,-3.0006433e-07,-0.569,3.8694347e-07,-2.81,2.3634309e-08,3.037,0.741,0.04,0.04,-8.5430713e-07,5.858791e-07,9.832348e-07,9.829164e-07,-5.5609496e-07,-9.926276e-09,2.7466598e-07,-2.0363255e-12,-1.1966329e-09,5.5879354e-09,2.3283064e-10,-3.7252903e-09,1.0,-1.489095e-10,-8.781334e-10,-8.472538e-11,0.0,0.0,0.0,0.0,0.0,0.0,0.62790143,0.20479837,0.11005837,0.99998707,-0.0029619306,0.0041327453,0.00016557564,0.00024888953,-0.0005672838,-0.00019152137,0.0053981086,0.0018194823,-0.0006875568,0.49139544,0.063966036,0.020999962,0.99999994,-1.2349617e-05,-8.287491e-06,-2.0741015e-06,0.000108749446,6.072266e-05,-0.00021302016,-0.0069744093,0.00095847726,1.6179303e-05
0.0,0.0,0.0,0.0,0.0,0.0,1.0,0.62790143,0.20479837,0.11005837,0.49139544,0.063966036,0.020999966,0.4633336,1.04271834e-07,0.38548777,0.008603513,0.92161095,0.02046293,0.38747978,-3.0006433e-07,-0.569,3.8694347e-07,-2.81,2.3634309e-08,3.037,0.741,0.04,0.04,-8.5430713e-07,5.858791e-07,9.832348e-07,9.829164e-07,-5.5609496e-07,-9.926276e-09,2.7466598e-07,-2.0363255e-12,-1.1966329e-09,0.0,0.0,0.0,0.0,0.0,0.0,0.04,0.04,-2.833388e-07,-0.569,3.7217703e-07,-2.81,1.763438e-08,3.037,0.741,0.04,0.04,4.4470892e-07,-2.832183e-07,-5.25294e-07,5.189673e-09,-1.5128786e-07,-1.0975378e-06,-8.22933e-07,-2.1917634e-10,6.9036313e-13,5.5879354e-09,2.3283064e-10,-3.7252903e-09,1.0,-1.489095e-10,-8.781334e-10,-8.472538e-11,0.0,0.0,0.0,0.0,0.0,0.0,0.62789774,0.20480306,0.1100615,0.999987,-0.0029815617,0.004117816,0.00016643925,0.00043749495,0.00028539717,-0.00027843693,-0.0021512196,0.00436991,0.00014720926,0.49139544,0.063966036,0.020999935,0.99999994,-1.2392988e-05,-8.959579e-06,-2.0246573e-06,0.00010553269,6.266422e-05,-0.00021170851,-0.0070201983,0.000858817,1.6519612e-05
0.0,0.2,0.0,0.0,0.0,0.0,1.0,0.62789774,0.20480306,0.1100615,0.49139544,0.063966036,0.020999938,0.46333355,4.734474e-08,0.38548768,0.008603483,0.9216111,0.02046284,0.38747975,-2.833388e-07,-0.569,3.7217703e-07,-2.81,1.763438e-08,3.037,0.741,0.04,0.04,4.4470892e-07,-2.832183e-07,-5.25294e-07,5.189673e-09,-1.5128786e-07,-1.0975378e-06,-8.22933e-07,-2.1917634e-10,6.9036313e-13,0.0,0.1,0.0,0.0,0.0,0.0,0.04,0.04,-0.025810469,-0.56918013,0.047342524,-2.8091216,-0.00014114201,3.0367177,0.78399485,0.04,0.03994564,-0.50966084,-0.010880982,1.5272552,0.01944761,-0.025516065,-0.015113032,1.1905113,0.00015615989,0.00048108574,5.5879354e-09,2.3283064e-10,-3.7252903e-09,1.0,-1.489095e-10,-8.781334e-10,-8.472538e-11,0.0,0.0,0.0,0.0,0.0,0.0,0.6278973,0.20481022,0.11006244,0.99998695,-0.0030100492,0.004116378,0.00016784482,0.0013852471,-0.0019986406,-0.0009980453,0.017153827,0.011203841,-0.002410398,0.49139544,0.063966036,0.020999966,0.99999994,-1.2367214e-05,-8.2522965e-06,-2.1099233e-06,0.00010878798,6.0822233e-05,-0.00021304582,-0.006977181,0.0009592404,1.605887e-05
0.0,0.2,0.0,0.0,0.0,0.0,1.0,0.6278973,0.20481022,0.11006245,0.49139544,0.063966036,0.02099997,0.46348864,0.007880403,0.38575375,0.009333491,0.92164457,0.0121408105,0.38773298,-0.025810469,-0.56918013,0.047342524,-2.8091216,-0.00014114201,3.0367177,0.78399485,0.04,0.03994564,-0.50966084,-0.010880982,1.5272552,0.01944761,-0.025516065,-0.015113032,1.1905113,0.00015615989,0.00048108574,0.0,0.1,0.0,0.0,0.0,0.0,0.04,0.04,-0.04386934,-0.56948656,0.1022288,-2.8073838,-0.0010908971,3.0353594,0.826915,0.03999983,0.039966658,-0.44911483,-0.007186034,1.5640517,0.0586849,-0.031800624,-0.046019427,1.1862206,-0.00015300036,0.00087391003,5.5879354e-09,2.3283064e-10,-3.7252903e-09,1.0,-1.489095e-10,-8.781334e-10,-8.472538e-11,0.0,0.0,0.0,0.0,0.0,0.0,0.62790143,0.2047984,0.110058375,0.9999871,-0.0029622177,0.004132581,0.00016564755,0.00024872358,-0.0005626073,-0.00018934073,0.005351094,0.001811847,-0.00069098617,0.49139544,0.063966036,0.020999938,0.99999994,-1.2415114e-05,-8.924969e-06,-2.0414175e-06,0.000105533814,6.26672e-05,-0.00021171274,-0.007020308,0.0008588709,1.6522981e-05
0.0,0.2,0.0,0.0,0.0,0.0,1.0,0.62790143,0.2047984,0.11005838,0.49139544,0.063966036,0.020999942,0.4634288,0.022596296,0.38565722,0.009401798,0.92165345,0.011500239,0.38772947,-0.04386934,-0.56948656,0.1022288,-2.8073838,-0.0010908971,3.0353594,0.826915,0.03999983,0.039966658,-0.44911483,-0.007186034,1.5640517,0.0586849,-0.031800624,-0.046019427,1.1862206,-0.00015300036,0.00087391003,0.0,0.1,0.0,0.0,0.0,0.0,0.04,0.04,-0.06123304,-0.569491,0.15751384,-2.8038948,-0.0021962516,3.0329244,0.8696942,0.039997652,0.039983105,-0.4463873,0.0026515748,1.5620291,0.11216815,-0.034955494,-0.07537206,1.1816534,-0.00025776002,0.0006306617,5.5879354e-09,2.3283064e-10,-3.7252903e-09,1.0,-1.489095e-10,-8.781334e-10,-8.472538e-11,0.0,0.0,0.0,0.0,0.0,0.0,0.62789917,0.2048033,0.11006088,0.99998695,-0.0029834716,0.004123693,0.00016625324,0.0004491645,7.7004195e-05,-0.00022270814,0.00013746641,0.004365394,0.00012754626,0.49139544,0.06396604,0.02099997,0.99999994,-1.25821e-05,-8.290306e-06,-2.1120998e-06,0.00010869981,6.103961e-05,-0.00021304576,-0.006980866,0.0009583768,1.5939782e-05
0.0,0.2,0.0,0.0,0.0,0.0,1.0,0.62789917,0.2048033,0.110060886,0.49139544,0.06396604,0.020999974,0.46331152,0.03790394,0.3854772,0.009391546,0.9216824,0.011518955,0.38766032,-0.06123304,-0.569491,0.15751384,-2.8038948,-0.0021962516,3.0329244,0.8696942,0.039997652,0.039983105,-0.4463873,0.0026515748,1.5620291,0.11216815,-0.034955494,-0.07537206,1.1816534,-0.00025776002,0.0006306617,0.0,0.1,0.0,0.0,0.0,0.0,0.04,0.04,-0.07867494,-0.5691514,0.21259622,-2.798509,-0.0034677924,3.0294387,0.91225433,0.039997455,0.039992083,-0.45098284,0.012560827,1.5544938,0.16635153,-0.03999415,-0.10420204,1.1749765,-0.0002623072,0.00045853053,5.5879354e-09,2.3283064e-10,-3.7252903e-09,1.0,-1.489095e-10,-8.781334e-10,-8.472538e-11,0.0,0.0,0.0,0.0,0.0,0.0,0.6278973,0.20481022,0.110062435,0.999987,-0.0030103463,0.004116312,0.00016790493,0.0013834162,-0.0019998127,-0.000994518,0.017174734,0.011199191,-0.002405493,0.49139544,0.06396605,0.020999935,0.99999994,-1.2716926e-05,-8.80944e-06,-1.918914e-06,0.000106252985,6.279742e-05,-0.00021180902,-0.007025641,0.0008739373,1.5725835e-05
0.0,0.0,0.0,0.0,0.0,0.0,1.0,0.6278973,0.20481022,0.110062435,0.49139544,0.06396605,0.020999938,0.46318355,0.05326986,0.38529012,0.009368658,0.9217137,0.011594921,0.3875845,-0.07867494,-0.5691514,0.21259622,-2.798509,-0.0034677924,3.0294387,0.91225433,0.039997455,0.039992083,-0.45098284,0.012560827,1.5544938,0.16635153,-0.03999415,-0.10420204,1.1749765,-0.0002623072,0.00045853053,0.0,0.0,0.0,0.0,0.0,0.0,0.04,0.04,-0.07033852,-0.5693718,0.22065836,-2.7979467,-0.0043321694,3.0295362,0.9122374,0.03994141,0.04,0.067420185,-0.017575907,0.042869795,-0.0045546973,-0.0076482072,0.0010760251,-0.002289177,0.00027881068,0.00015569203,5.5879354e-09,2.3283064e-10,-3.7252903e-09,1.0,-1.489095e-10,-8.781334e-10,-8.472538e-11,0.0,0.0,0.0,0.0,0.0,0.0,0.62790143,0.20479837,0.110058375,0.99998707,-0.0029620402,0.0041325595,0.00016566765,0.00024841094,-0.0005598433,-0.00018830333,0.005324312,0.0018058445,-0.00069218175,0.49139544,0.06396606,0.020999976,0.99999994,-1.2937724e-05,-8.453091e-06,-2.125852e-06,0.00010861246,6.1147344e-05,-0.00021301952,-0.0069818473,0.0009574206,1.5899044e-05
0.0,0.0,0.0,0.0,0.0,0.0,1.0,0.62790143,0.20479837,0.11005838,0.49139544,0.06396606,0.02099998,0.46247023,0.06060862,0.3853232,0.008611023,0.9214592,0.019812614,0.387874,-0.07033852,-0.5693718,0.22065836,-2.7979467,-0.0043321694,3.0295362,0.9122374,0.03994141,0.04,0.067420185,-0.017575907,0.042869795,-0.0045546973,-0.0076482072,0.0010760251,-0.002289177,0.00027881068,0.00015569203,0.0,0.0,0.0,0.0,0.0,0.0,0.04,0.04,-0.0694954,-0.5696111,0.22128542,-2.7979395,-0.0044465493,3.0295534,0.9122364,0.039963678,0.039999995,0.0060790638,-0.0023987507,0.0041694054,0.0005566036,-0.00091181067,0.00023706122,-3.473593e-05,0.00062844367,1.2284614e-06,5.5879354e-09,2.3283064e-10,-3.7252903e-09,1.0,-1.489095e-10,-8.781334e-10,-8.472538e-11,0.0,0.0,0.0,0.0,0.0,0.0,0.62789917,0.2048033,0.110060915,0.9999871,-0.002983286,0.0041235243,0.00016631339,0.00044918017,7.564883e-05,-0.00022583739,0.00016020704,0.004366142,0.00013026799,0.49139544,0.06396604,0.020999933,0.99999994,-1.2515944e-05,-8.372063e-06,-2.2220536e-06,0.00010657126,6.237485e-05,-0.00021248574,-0.0069894553,0.0009212269,1.6335209e-05
0.0,0.0,0.0,0.0,0.0,0.0,1.0,0.62789917,0.2048033,0.110060915,0.49139544,0.06396604,0.020999936,0.46237764,0.06126997,0.3854076,0.008536726,0.921396,0.020563543,0.38798675,-0.0694954,-0.5696111,0.22128542,-2.7979395,-0.0044465493,3.0295534,0.9122364,0.039963678,0.039999995,0.0060790638,-0.0023987507,0.0041694054,0.0005566036,-0.00091181067,0.00023706122,-3.473593e-05,0.00062844367,1.2284614e-06,0.0,0.0,0.0,0.0,0.0,0.0,0.04,0.04,-0.06941505,-0.5696461,0.22134344,-2.797927,-0.004458695,3.029556,0.9122364,0.039980687,0.04,0.00060943427,-0.00038091128,0.0003838698,9.66635e-05,-9.510907e-05,3.6618287e-05,-1.1353799e-06,0.00037811982,2.3059748e-08,5.5879354e-09,2.3283064e-10,-3.7252903e-09,1.0,-1.489095e-10,-8.781334e-10,-8.472538e-11,0.0,0.0,0.0,0.0,0.0,0.0,0.6278973,0.20481022,0.110062376,0.99998695,-0.003010087,0.0041163163,0.00016796221,0.00138732,-0.002006575,-0.0009961869,0.017235134,0.011237316,-0.002412279,0.49139544,0.063966036,0.020999964,0.99999994,-1.2450604e-05,-8.89988e-06,-2.064644e-06,0.00010559165,6.2511725e-05,-0.00021171004,-0.007017698,0.00085944746,1.661298e-05
0.0,0.0,0.0,0.0,0.0,0.0,1.0,0.6278973,0.20481022,0.110062376,0.49139544,0.063966036,0.020999968,0.46237135,0.061333537,0.3854284,0.008529395,0.92138505,0.020635158,0.38800907,-0.06941505,-0.5696461,0.22134344,-2.797927,-0.004458695,3.029556,0.9122364,0.039980687,0.04,0.00060943427,-0.00038091128,0.0003838698,9.66635e-05,-9.510907e-05,3.6618287e-05,-1.1353799e-06,0.00037811982,2.3059748e-08,0.0,0.0,0.0,0.0,0.0,0.0,0.04,0.04,-0.06940703,-0.5696512,0.22134906,-2.797927,-0.00446004,3.029556,0.9122364,0.039989986,0.04,6.196239e-05,-4.9917016e-05,3.9141527e-05,2.7010901e-05,-1.1017005e-05,3.9027595e-06,1.1406214e-06,0.00020010516,1.7056823e-09,5.5879354e-09,2.3283064e-10,-3.7252903e-09,1.0,-1.489095e-10,-8.781334e-10,-8.472538e-11,0.0,0.0,0.0,0.0,0.0,0.0,0.62790143,0.20479839,0.11005846,0.9999871,-0.0029619767,0.0041328813,0.00016559496,0.0002480524,-0.00053991657,-0.00018628823,0.0051486036,0.001779931,-0.00069682463,0.4913954,0.06396606,0.020999944,0.99999994,-1.2954618e-05,-8.929437e-06,-2.2875236e-06,0.00010553576,6.302368e-05,-0.00021202883,-0.0070116865,0.00088157825,1.6424396e-05
0.0,0.0,0.0,0.0,0.0,0.0,1.0,0.62790143,0.20479839,0.11005846,0.4913954,0.06396606,0.020999948,0.4623703,0.061339624,0.38543057,0.008528948,0.9213839,0.02064225,0.3880115,-0.06940703,-0.5696512,0.22134906,-2.797927,-0.00446004,3.029556,0.9122364,0.039989986,0.04,6.196239e-05,-4.9917016e-05,3.9141527e-05,2.7010901e-05,-1.1017005e-05,3.9027595e-06,1.1406214e-06,0.00020010516,1.7056823e-09,0.0,0.0,0.0,0.0,0.0,0.0,0.04,0.04,-0.0694062,-0.5696517,0.22134961,-2.797927,-0.0044602123,3.029556,0.9122364,0.03999484,0.04,5.601683e-06,-7.608294e-06,3.9404154e-06,5.379851e-06,-2.0379082e-06,-2.6538004e-07,-3.4643253e-07,0.00010352305,-5.582268e-10,5.5879354e-09,2.3283064e-10,-3.7252903e-09,1.0,-1.489095e-10,-8.781334e-10,-8.472538e-11,0.0,0.0,0.0,0.0,0.0,0.0,0.62789917,0.20480329,0.11006092,0.99998695,-0.0029833994,0.004123513,0.00016624722,0.0004494995,7.614732e-05,-0.00022271652,0.00014613522,0.004368852,0.00012699541,0.4913954,0.063966036,0.02099997,0.99999994,-1.2363999e-05,-8.908893e-06,-2.096308e-06,0.000105698426,6.2164094e-05,-0.00021217942,-0.0069996566,0.00088148727,1.7219932e-05
0.0,0.0,0.0,0.0,0.0,0.0,1.0,0.62789917,0.20480329,0.11006093,0.4913954,0.063966036,0.020999974,0.46237016,0.061340407,0.3854304,0.008528739,0.921384,0.020642966,0.38801152,-0.0694062,-0.5696517,0.22134961,-2.797927,-0.0044602123,3.029556,0.9122364,0.03999484,0.04,5.601683e-06,-7.608294e-06,3.9404154e-06,5.379851e-06,-2.0379082e-06,-2.6538004e-07,-3.4643253e-07,0.00010352305,-5.582268e-10,0.0,0.0,0.0,0.0,0.0,0.0,0.04,0.04,-0.06940612,-0.5696517,0.22134961,-2.797927,-0.00446022,3.029556,0.9122364,0.039997347,0.04,1.1758739e-06,-1.1797365e-06,1.4400833e-07,8.7461734e-07,1.8110669e-07,1.12447026e-07,-3.0616473e-08,5.334389e-05,-4.4284235e-10,5.5879354e-09,2.3283064e-10,-3.7252903e-09,1.0,-1.489095e-10,-8.781334e-10,-8.472538e-11,0.0,0.0,0.0,0.0,0.0,0.0,0.6278983,0.20480995,0.11006205,0.99998695,-0.0030094027,0.004120365,0.0001674607,0.000794827,-0.0023339158,-0.0006941637,0.02054425,0.0060079405,-0.0021825728,0.49139544,0.06396605,0.02099995,0.99999994,-1.2825608e-05,-8.865926e-06,-1.8949135e-06,0.00010640673,6.244869e-05,-0.00021219984,-0.0070059896,0.00089712744,1.62145e-05
0.0,0.0,0.0,0.0,0.0,0.0,1.0,0.6278983,0.20480995,0.11006205,0.49139544,0.06396605,0.020999953,0.46237016,0.061340407,0.3854304,0.008528739,0.921384,0.020642966,0.38801152,-0.06940612,-0.5696517,0.22134961,-2.797927,-0.00446022,3.029556,0.9122364,0.039997347,0.04,1.1758739e-06,-1.1797365e-06,1.4400833e-07,8.7461734e-07,1.8110669e-07,1.12447026e-07,-3.0616473e-08,5.334389e-05,-4.4284235e-10,0.0,0.0,0.0,0.0,0.0,0.0,0.04,0.04,-0.06940612,-0.5696517,0.22134961,-2.797927,-0.004460206,3.029556,0.9122364,0.039998632,0.04,4.900522e-07,-1.8896513e-07,-2.7764676e-07,1.3591458e-07,3.483008e-07,9.866997e-09,-1.4815103e-08,2.7453167e-05,-2.398342e-10,5.5879354e-09,2.3283064e-10,-3.7252903e-09,1.0,-1.489095e-10,-8.781334e-10,-8.472538e-11,0.0,0.0,0.0,0.0,0.0,0.0,0.6279014,0.20479867,0.11005841,0.99998707,-0.0029626864,0.004132923,0.0001655728,0.0002881915,-0.00055438554,-0.00014429193,0.0050546443,0.0021120738,-0.0008282943,0.49139544,0.06396606,0.020999983,0.99999994,-1.2633635e-05,-8.13573e-06,-2.178637e-06,0.00010703351,6.2097046e-05,-0.00021280884,-0.006991716,0.0009294403,1.6420368e-05
0.0,0.0,0.0,0.0,0.0,0.0,1.0,0.6279014,0.20479867,0.11005841,0.49139544,0.06396606,0.020999987,0.46237016,0.061340407,0.3854304,0.008528739,0.921384,0.020642966,0.38801152,-0.06940612,-0.5696517,0.22134961,-2.797927,-0.004460206,3.029556,0.9122364,0.039998632,0.04,4.900522e-07,-1.8896513e-07,-2.7764676e-07,1.3591458e-07,3.483008e-07,9.866997e-09,-1.4815103e-08,2.7453167e-05,-2.398342e-10,0.0,0.0,0.0,0.0,0.0,0.0,0.04,0.04,-0.06940612,-0.5696517,0.22134961,-2.797927,-0.004460191,3.029556,0.9122364,0.039999295,0.04,4.337838e-07,-3.021789e-08,-3.0890172e-07,1.8984375e-08,3.6585263e-07,-2.6220295e-09,-7.3976794e-09,1.4075775e-05,-1.2476187e-10,5.5879354e-09,2.3283064e-10,-3.7252903e-09,1.0,-1.489095e-10,-8.781334e-10,-8.472538e-11,0.0,0.0,0.0,0.0,0.0,0.0,0.62789917,0.2048033,0.11006091,0.999987,-0.0029831445,0.0041233613,0.00016627756,0.00044916262,7.623917e-05,-0.0002246276,0.00015100295,0.0043658363,0.00012950835,0.49139544,0.06396604,0.020999957,0.99999994,-1.2650931e-05,-8.849901e-06,-2.270233e-06,0.00010764845,6.189834e-05,-0.00021246393,-0.007003555,0.00091982615,1.5726884e-05
0.2,0.0,0.0,0.0,0.0,0.0,1.0,0.62789917,0.2048033,0.110060915,0.49139544,0.06396604,0.02099996,0.46237016,0.061340407,0.3854304,0.008528739,0.921384,0.020642966,0.38801152,-0.06940612,-0.5696517,0.22134961,-2.797927,-0.004460191,3.029556,0.9122364,0.039999295,0.04,4.337838e-07,-3.021789e-08,-3.0890172e-07,1.8984375e-08,3.6585263e-07,-2.6220295e-09,-7.3976794e-09,1.4075775e-05,-1.2476187e-10,0.1,0.0,0.0,0.0,0.0,0.0,0.04,0.04,-0.08518185,-0.5256544,0.23298994,-2.7609298,-0.0129176,3.0456948,0.91332275,0.03999252,0.03999982,-0.52390325,1.5763595,0.3111469,1.2313398,-0.23549369,0.43233755,0.03606577,-0.00029542978,-9.951312e-06,5.5879354e-09,2.3283064e-10,-3.7252903e-09,1.0,-1.489095e-10,-8.781334e-10,-8.472538e-11,0.0,0.0,0.0,0.0,0.0,0.0,0.62789726,0.20481023,0.110062435,0.999987,-0.0030100401,0.004116407,0.00016788278,0.0013856716,-0.0019998564,-0.0009958292,0.017172744,0.011220908,-0.0024074318,0.49139547,0.06396604,0.020999938,0.99999994,-1.2492595e-05,-8.168684e-06,-2.0210541e-06,0.00010874717,6.083114e-05,-0.00021302664,-0.0069765863,0.00095878524,1.6082226e-05
0.0,0.0,0.0,0.0,0.0,0.0,1.0,0.62789726,0.20481023,0.110062435,0.49139547,0.06396604,0.020999942,0.47560865,0.06343304,0.3885022,0.008676916,0.91971874,0.023332536,0.39178774,-0.08518185,-0.5256544,0.23298994,-2.7609298,-0.0129176,3.0456948,0.91332275,0.03999252,0.03999982,-0.52390325,1.5763595,0.3111469,1.2313398,-0.23549369,0.43233755,0.03606577,-0.00029542978,-9.951312e-06,0.0,0.0,0.0,0.0,0.0,0.0,0.04,0.04,-0.08841471,-0.5138244,0.23177674,-2.7557003,-0.012618883,3.0456347,0.9132498,0.039993163,0.039994374,-0.040476322,0.025763862,-0.027170833,-0.051293783,0.008601493,-0.0069845626,-0.0028231586,0.00060828595,-0.0002793864,5.5879354e-09,2.3283064e-10,-3.7252903e-09,1.0,-1.489095e-10,-8.781334e-10,-8.472538e-11,0.0,0.0,0.0,0.0,0.0,0.0,0.6279015,0.2047984,0.11005829,0.99998707,-0.0029620186,0.0041328236,0.00016567537,0.00025192814,-0.00058922946,-0.00019784839,0.0055883755,0.0018819693,-0.00068017014,0.49139544,0.06396604,0.020999962,0.99999994,-1.27303e-05,-8.9200785e-06,-2.220282e-06,0.00010472405,6.369069e-05,-0.00021148109,-0.0070325127,0.0008465972,1.6150569e-05
0.0,0.0,0.0,0.0,0.0,0.0,1.0,0.6279015,0.2047984,0.11005829,0.49139544,0.06396604,0.020999966,0.47783047,0.06177196,0.3859221,0.008246362,0.9210669,0.02112946,0.3887436,-0.08841471,-0.5138244,0.23177674,-2.7557003,-0.012618883,3.0456347,0.9132498,0.039993163,0.039994374,-0.040476322,0.025763862,-0.027170833,-0.051293783,0.008601493,-0.0069845626,-0.0028231586,0.00060828595,-0.0002793864,0.0,0.0,0.0,0.0,0.0,0.0,0.04,0.04,-0.0890612,-0.5132506,0.23140883,-2.7562582,-0.01249308,3.0455523,0.9132518,0.04,0.039992966,-0.0068763546,0.0082880715,-0.0029050228,-0.0018952423,0.00106752,-0.000887556,3.7375896e-05,1.5239972e-06,6.5544846e-05,5.5879354e-09,2.3283064e-10,-3.7252903e-09,1.0,-1.489095e-10,-8.781334e-10,-8.472538e-11,0.0,0.0,0.0,0.0,0.0,0.0,0.62789917,0.20480333,0.11006084,0.999987,-0.002983579,0.004123656,0.0001661862,0.0004507572,7.6355296e-05,-0.00021979124,0.00013515266,0.0043801134,0.00012379502,0.49139544,0.06396604,0.020999938,0.99999994,-1.2831317e-05,-8.506232e-06,-2.184281e-06,0.00010500162,6.3300795e-05,-0.00021216135,-0.006996302,0.0008939137,1.6769161e-05
0.0,0.0,0.0,0.0,0.0,0.0,1.0,0.62789917,0.20480333,0.11006084,0.49139544,0.06396604,0.020999942,0.47777146,0.061234605,0.3853435,0.008333057,0.9213104,0.020568252,0.38819373,-0.0890612,-0.5132506,0.23140883,-2.7562582,-0.01249308,3.0455523,0.9132518,0.04,0.039992966,-0.0068763546,0.0082880715,-0.0029050228,-0.0018952423,0.00106752,-0.000887556,3.7375896e-05,1.5239972e-06,6.5544846e-05,0.0,0.0,0.0,0.0,0.0,0.0,0.04,0.04,-0.08915901,-0.5131412,0.23135345,-2.7563078,-0.012475183,3.0455415,0.9132518,0.04,0.039995823,-0.0010492073,0.0011020934,-0.0004936248,-0.00039554312,0.00016628865,-0.00013120426,-4.1217404e-06,1.2051977e-08,7.2232295e-05,5.5879354e-09,2.3283064e-10,-3.7252903e-09,1.0,-1.489095e-10,-8.781334e-10,-8.472538e-11,0.0,0.0,0.0,0.0,0.0,0.0,0.6278973,0.20481025,0.110062435,0.999987,-0.0030101528,0.0041163918,0.00016792046,0.0013894619,-0.0020123115,-0.0009970488,0.017287785,0.011257605,-0.0024169786,0.49139544,0.063966036,0.020999955,0.99999994,-1.2346395e-05,-8.459943e-06,-2.2289769e-06,0.00010665273,6.2130755e-05,-0.0002124886,-0.0069855824,0.00092171493,1.6488699e-05
0.0,0.0,0.0,0.0,0.0,0.0,1.0,0.6278973,0.20481025,0.110062435,0.49139544,0.063966036,0.020999959,0.47777238,0.061156698,0.38526493,0.008343041,0.92134476,0.020484835,0.3881168,-0.08915901,-0.5131412,0.23135345,-2.7563078,-0.012475183,3.0455415,0.9132518,0.04,0.039995823,-0.0010492073,0.0011020934,-0.0004936248,-0.00039554312,0.00016628865,-0.00013120426,-4.1217404e-06,1.2051977e-08,7.2232295e-05,0.0,0.0,0.0,0.0,0.0,0.0,0.04,0.04,-0.08917412,-0.5131259,0.23134471,-2.7563157,-0.01247246,3.0455415,0.9132518,0.04,0.039997764,-0.00015865771,0.00016048485,-7.651438e-05,-5.9465314e-05,2.5845284e-05,-2.2704404e-05,3.3665563e-07,-2.922144e-09,4.3205764e-05,5.5879354e-09,2.3283064e-10,-3.7252903e-09,1.0,-1.489095e-10,-8.781334e-10,-8.472538e-11,0.0,0.0,0.0,0.0,0.0,0.0,0.62790143,0.20479839,0.11005832,0.999987,-0.0029620344,0.004132675,0.0001656711,0.00025222747,-0.00059136644,-0.00019608752,0.0056028212,0.0018828482,-0.0006840603,0.49139544,0.06396605,0.020999936,0.99999994,-1.2762629e-05,-8.510943e-06,-2.0913164e-06,0.000107023174,6.2060615e-05,-0.00021232438,-0.0070024664,0.00090815953,1.6081567e-05
0.0,0.0,0.0,0.0,0.0,0.0,1.0,0.62790143,0.20479839,0.11005832,0.49139544,0.06396605,0.02099994,0.47777265,0.06114487,0.38525385,0.008344531,0.9213494,0.020472199,0.38810638,-0.08917412,-0.5131259,0.23134471,-2.7563157,-0.01247246,3.0455415,0.9132518,0.04,0.039997764,-0.00015865771,0.00016048485,-7.651438e-05,-5.9465314e-05,2.5845284e-05,-2.2704404e-05,3.3665563e-07,-2.922144e-09,4.3205764e-05,0.0,0.0,0.0,0.0,0.0,0.0,0.04,0.04,-0.089176364,-0.51312363,0.23134336,-2.7563157,-0.0124720335,3.0455415,0.9132518,0.04,0.039998833,-2.1426382e-05,2.233438e-05,-1.2469874e-05,-1.4813017e-05,4.6478985e-06,-1.6041948e-06,-2.1775483e-07,-6.0307626e-10,2.3153105e-05,5.5879354e-09,2.3283064e-10,-3.7252903e-09,1.0,-1.489095e-10,-8.781334e-10,-8.472538e-11,0.0,0.0,0.0,0.0,0.0,0.0,0.62789917,0.20480332,0.11006091,0.99998695,-0.0029833815,0.00412355,0.00016627788,0.00044944233,7.5963966e-05,-0.00022504204,0.00015425232,0.0043681962,0.00012941702,0.49139544,0.06396603,0.02099996,0.99999994,-1.2214201e-05,-8.526923e-06,-2.2142442e-06,0.00010643909,6.232724e-05,-0.00021216793,-0.0070039653,0.00089659065,1.6281587e-05
0.0,0.0,0.0,0.0,0.0,0.0,1.0,0.62789917,0.20480332,0.110060915,0.49139544,0.06396603,0.020999964,0.47777292,0.06114294,0.385253,0.008344799,0.9213499,0.020470202,0.38810527,-0.089176364,-0.51312363,0.23134336,-2.7563157,-0.0124720335,3.0455415,0.9132518,0.04,0.039998833,-2.1426382e-05,2.233438e-05,-1.2469874e-05,-1.4813017e-05,4.6478985e-06,-1.6041948e-06,-2.1775483e-07,-6.0307626e-10,2.3153105e-05,0.0,0.0,0.0,0.0,0.0,0.0,0.04,0.04,-0.08917667,-0.51312363,0.23134321,-2.7563157,-0.012471964,3.0455415,0.9132518,0.04,0.039999396,-1.6993765e-06,3.1226748e-06,-3.2645335e-06,-1.929587e-06,1.0856033e-06,-2.6628516e-06,-1.0824818e-06,-7.693607e-11,1.2065537e-05,5.5879354e-09,2.3283064e-10,-3.7252903e-09,1.0,-1.489095e-10,-8.781334e-10,-8.472538e-11,0.0,0.0,0.0,0.0,0.0,0.0,0.6278983,0.20480995,0.11006204,0.99998695,-0.003009319,0.004120388,0.00016740122,0.00079443486,-0.002332805,-0.00069438724,0.02053204,0.0060029593,-0.0021826534,0.49139547,0.06396605,0.020999942,0.99999994,-1.2842628e-05,-8.6372775e-06,-2.100764e-06,0.000106909174,6.236231e-05,-0.00021232433,-0.007007259,0.0009073275,1.5897687e-05
0.0,0.0,0.0,0.0,0.0,0.0,1.0,0.6278983,0.20480995,0.11006205,0.49139547,0.06396605,0.020999946,0.47777295,0.06114277,0.3852529,0.008344799,0.92135,0.020469934,0.38810527,-0.08917667,-0.51312363,0.23134321,-2.7563157,-0.012471964,3.0455415,0.9132518,0.04,0.039999396,-1.6993765e-06,3.1226748e-06,-3.2645335e-06,-1.929587e-06,1.0856033e-06,-2.6628516e-06,-1.0824818e-06,-7.693607e-11,1.2065537e-05,0.0,0.0,0.0,0.0,0.0,0.0,0.04,0.04,-0.08917667,-0.51312363,0.23134321,-2.7563157,-0.012471962,3.0455415,0.9132518,0.04,0.039999686,-2.471328e-07,2.706288e-07,-7.511264e-07,-3.8937455e-07,-1.4582643e-08,-1.156379e-06,-5.44002e-07,-1.2121715e-11,6.2288914e-06,5.5879354e-09,2.3283064e-10,-3.7252903e-09,1.0,-1.489095e-10,-8.781334e-10,-8.472538e-11,0.0,0.0,0.0,0.0,0.0,0.0,0.62790143,0.2047987,0.11005845,0.999987,-0.0029627206,0.0041327938,0.00016561383,0.00028851547,-0.0005444032,-0.00013945287,0.0049690614,0.0020876995,-0.0008394211,0.49139544,0.06396605,0.020999957,0.99999994,-1.2586465e-05,-8.631387e-06,-2.13153e-06,0.00010850028,6.1269384e-05,-0.00021286025,-0.0070028864,0.00093330553,1.579914e-05
0.0,0.0,0.0,0.0,0.0,0.0,1.0,0.62790143,0.2047987,0.11005846,0.49139544,0.06396605,0.02099996,0.47777295,0.06114277,0.3852529,0.008344799,0.92135,0.020469934,0.38810527,-0.08917667,-0.51312363,0.23134321,-2.7563157,-0.012471962,3.0455415,0.9132518,0.04,0.039999686,-2.471328e-07,2.706288e-07,-7.511264e-07,-3.8937455e-07,-1.4582643e-08,-1.156379e-06,-5.44002e-07,-1.2121715e-11,6.2288914e-06,0.0,0.0,0.0,0.0,0.0,0.0,0.04,0.04,-0.08917667,-0.51312363,0.23134321,-2.7563157,-0.012471962,3.0455415,0.9132518,0.04,0.03999983,2.2094194e-07,-1.8503134e-07,-4.675986e-07,-6.8561974e-08,-1.0290959e-07,-1.1073545e-06,-5.46516e-07,-1.676968e-12,3.2768614e-06,5.5879354e-09,2.3283064e-10,-3.7252903e-09,1.0,-1.489095e-10,-8.781334e-10,-8.472538e-11,0.0,0.0,0.0,0.0,0.0,0.0,0.6278991,0.20480326,0.110060915,0.999987,-0.0029828318,0.0041234195,0.00016614278,0.00044820615,7.63486e-05,-0.00022367579,0.00014503727,0.004355726,0.00012796874,0.49139544,0.06396606,0.020999946,0.99999994,-1.2980287e-05,-8.745057e-06,-2.2367972e-06,0.00010487547,6.334317e-05,-0.00021186103,-0.007012693,0.0008697754,1.6630192e-05
0.0,0.0,0.0,0.0,0.0,0.0,1.0,0.6278991,0.20480326,0.110060915,0.49139544,0.06396606,0.02099995,0.47777295,0.06114277,0.3852529,0.008344799,0.92135,0.020469934,0.38810527,-0.08917667,-0.51312363,0.23134321,-2.7563157,-0.012471962,3.0455415,0.9132518,0.04,0.03999983,2.2094194e-07,-1.8503134e-07,-4.675986e-07,-6.8561974e-08,-1.0290959e-07,-1.1073545e-06,-5.46516e-07,-1.676968e-12,3.2768614e-06,0.0,0.0,0.0,0.0,0.0,0.0,0.04,0.04,-0.08917667,-0.51312363,0.23134321,-2.7563157,-0.012471962,3.0455415,0.9132518,0.04,0.039999925,2.993719e-07,-2.6455584e-07,-4.1969267e-07,-1.2913368e-08,-1.17471714e-07,-1.0993299e-06,-5.477003e-07,-1.2587313e-13,1.5571753e-06,5.5879354e-09,2.3283064e-10,-3.7252903e-09,1.0,-1.489095e-10,-8.781334e-10,-8.472538e-11,0.0,0.0,0.0,0.0,0.0,0.0,0.6278973,0.2048102,0.110062405,0.99998695,-0.0030100574,0.004116342,0.00016788098,0.0013829742,-0.0020006108,-0.0009936849,0.017184509,0.011197713,-0.0024046623,0.49139547,0.06396604,0.02099996,0.99999994,-1.2645737e-05,-8.706056e-06,-2.0170332e-06,0.00010677572,6.238814e-05,-0.00021211636,-0.0070254207,0.0008827832,1.588381e-05
0.0,0.0,0.0,0.0,0.0,0.0,1.0,0.6278973,0.2048102,0.110062405,0.49139547,0.06396604,0.020999964,0.47777295,0.06114277,0.3852529,0.008344799,0.92135,0.020469934,0.38810527,-0.08917667,-0.51312363,0.23134321,-2.7563157,-0.012471962,3.0455415,0.9132518,0.04,0.039999925,2.993719e-07,-2.6455584e-07,-4.1969267e-07,-1.2913368e-08,-1.17471714e-07,-1.0993299e-06,-5.477003e-07,-1.2587313e-13,1.5571753e-06,0.0,0.0,0.0,0.0,0.0,0.0,0.04,0.04,-0.08917667,-0.51312363,0.23134321,-2.7563157,-0.012471962,3.0455415,0.9132518,0.04,0.039999925,3.0845175e-07,-2.7825172e-07,-4.146569e-07,-3.3305418e-09,-1.1949655e-07,-1.0979736e-06,-5.479052e-07,1.156405e-13,1.0757883e-06,5.5879354e-09,2.3283064e-10,-3.7252903e-09,1.0,-1.489095e-10,-8.781334e-10,-8.472538e-11,0.0,0.0,0.0,0.0,0.0,0.0,0.6279015,0.20479842,0.110058405,0.9999871,-0.0029621422,0.004132805,0.00016563873,0.00024890198,-0.0005395445,-0.0001852471,0.005141433,0.0017853882,-0.0006999388,0.49139547,0.06396604,0.020999942,0.99999994,-1.2695036e-05,-8.338605e-06,-1.961968e-06,0.000108128166,6.126925e-05,-0.00021291203,-0.006981536,0.0009476216,1.6180555e-05
0.0,0.0,-0.2,0.0,0.0,0.0,1.0,0.6279015,0.20479842,0.11005841,0.49139547,0.06396604,0.020999946,0.47777295,0.06114277,0.3852529,0.008344799,0.92135,0.020469934,0.38810527,-0.08917667,-0.51312363,0.23134321,-2.7563157,-0.012471962,3.0455415,0.9132518,0.04,0.039999925,3.0845175e-07,-2.7825172e-07,-4.146569e-07,-3.3305418e-09,-1.1949655e-07,-1.0979736e-06,-5.479052e-07,1.156405e-13,1.0757883e-06,0.0,0.0,-0.1,0.0,0.0,0.0,0.04,0.04,-0.104251236,-0.49662343,0.24689248,-2.770104,-0.018682996,3.0964108,0.9223185,0.039999977,0.03999663,-0.4422421,0.6874366,0.49591902,-0.57732695,-0.16599938,1.3981103,0.2557532,-4.4233053e-05,0.00011317351,5.5879354e-09,2.3283064e-10,-3.7252903e-09,1.0,-1.489095e-10,-8.781334e-10,-8.472538e-11,0.0,0.0,0.0,0.0,0.0,0.0,0.62789917,0.20480329,0.110060856,0.99998707,-0.0029833515,0.0041234083,0.0001663105,0.00044908305,7.688039e-05,-0.00022307415,0.00014019545,0.0043648602,0.00012839357,0.49139544,0.06396605,0.020999972,0.99999994,-1.2689657e-05,-8.878703e-06,-2.0872155e-06,0.00010681519,6.257225e-05,-0.00021216966,-0.0070305895,0.00088352745,1.5698644e-05
0.0,0.0,-0.2,0.0,0.0,0.0,1.0,0.62789917,0.20480329,0.110060856,0.49139544,0.06396605,0.020999976,0.4791433,0.061761685,0.3796757,0.008076727,0.91753465,0.020779371,0.3970304,-0.104251236,-0.49662343,0.24689248,-2.770104,-0.018682996,3.0964108,0.9223185,0.039999977,0.03999663,-0.4422421,0.6874366,0.49591902,-0.57732695,-0.16599938,1.3981103,0.2557532,-4.4233053e-05,0.00011317351,0.0,0.0,-0.1,0.0,0.0,0.0,0.04,0.04,-0.12423892,-0.4690775,0.26822248,-2.789302,-0.024816066,3.1474445,0.93202645,0.039998703,0.039999556,-0.6035508,0.85681385,0.6380236,-0.5619172,-0.16877823,1.4156439,0.27381912,-5.5795215e-05,8.9864945e-05,5.5879354e-09,2.3283064e-10,-3.7252903e-09,1.0,-1.489095e-10,-8.781334e-10,-8.472538e-11,0.0,0.0,0.0,0.0,0.0,0.0,0.6278973,0.20481022,0.1100624,0.99998695,-0.003010162,0.00411625,0.00016791631,0.0013875416,-0.0020119813,-0.0009963699,0.017285498,0.011236885,-0.002415783,0.49139544,0.06396605,0.020999942,0.99999994,-1.2826602e-05,-8.445195e-06,-2.1446979e-06,0.000104915445,6.354236e-05,-0.00021215335,-0.007000268,0.0008933807,1.6625783e-05
0.0,0.0,-0.2,0.0,0.0,0.0,1.0,0.6278973,0.20481022,0.110062405,0.49139544,0.06396605,0.020999946,0.47903305,0.06213295,0.36578178,-0.007830381,-0.9169825,-0.021165133,-0.39828864,-0.12423892,-0.4690775,0.26822248,-2.789302,-0.024816066,3.1474445,0.93202645,0.039998703,0.039999556,-0.6035508,0.85681385,0.6380236,-0.5619172,-0.16877823,1.4156439,0.27381912,-5.5795215e-05,8.9864945e-05,0.0,0.0,-0.1,0.0,0.0,0.0,0.04,0.04,-0.15109468,-0.43764168,0.29584852,-2.8071854,-0.03082531,3.1995416,0.9421711,0.03999878,0.04,-0.8065123,0.94466275,0.82937056,-0.507391,-0.16210727,1.447353,0.28181028,-2.263023e-05,1.1933259e-06,5.5879354e-09,2.3283064e-10,-3.7252903e-09,1.0,-1.489095e-10,-8.781334e-10,-8.472538e-11,0.0,0.0,0.0,0.0,0.0,0.0,0.62790143,0.20479839,0.11005836,0.9999871,-0.0029619953,0.0041326503,0.00016570713,0.0002489811,-0.0005677245,-0.00019159974,0.0054020747,0.0018206014,-0.0006876516,0.4913954,0.06396605,0.020999972,0.99999994,-1.2945185e-05,-9.100632e-06,-2.2269276e-06,0.00010475646,6.335547e-05,-0.00021168256,-0.0070314286,0.0008452012,1.6633345e-05
0.0,0.0,-0.2,0.0,0.0,0.0,1.0,0.62790143,0.20479839,0.11005837,0.4913954,0.06396605,0.020999976,0.478784,0.06225939,0.3508823,-0.0075329845,-0.9168563,-0.021285921,-0.3985783,-0.15109468,-0.43764168,0.29584852,-2.8071854,-0.03082531,3.1995416,0.9421711,0.03999878,0.04,-0.8065123,0.94466275,0.82937056,-0.507391,-0.16210727,1.447353,0.28181028,-2.263023e-05,1.1933259e-06,0.0,0.0,-0.1,0.0,0.0,0.0,0.04,0.04,-0.1868506,-0.4035271,0.3322838,-2.8229823,-0.035594862,3.2527835,0.9518635,0.039999228,0.04,-1.0701345,1.0166125,1.0964003,-0.44570422,-0.114654526,1.478589,0.25929242,-1.3287185e-05,1.7073947e-06,5.5879354e-09,2.3283064e-10,-3.7252903e-09,1.0,-1.489095e-10,-8.781334e-10,-8.472538e-11,0.0,0.0,0.0,0.0,0.0,0.0,0.62789917,0.2048033,0.110060886,0.999987,-0.002983357,0.0041237543,0.00016623919,0.00044970712,7.5510645e-05,-0.00022499733,0.00015933988,0.0043711565,0.00012929471,0.49139544,0.063966036,0.020999935,0.99999994,-1.24799335e-05,-9.0040485e-06,-2.1111007e-06,0.000105362014,6.271099e-05,-0.00021128241,-0.0070330813,0.00083484745,1.632161e-05
0.0,0.0,-0.2,0.0,0.0,0.0,1.0,0.62789917,0.2048033,0.110060886,0.49139544,0.063966036,0.020999938,0.4785166,0.062298894,0.33586347,-0.0071711843,-0.9167906,-0.021291375,-0.3987356,-0.1868506,-0.4035271,0.3322838,-2.8229823,-0.035594862,3.2527835,0.9518635,0.039999228,0.04,-1.0701345,1.0166125,1.0964003,-0.44570422,-0.114654526,1.478589,0.25929242,-1.3287185e-05,1.7073947e-06,0.0,0.0,-0.1,0.0,0.0,0.0,0.04,0.04,-0.23394905,-0.36713922,0.38071707,-2.8365545,-0.03659501,3.3070643,0.9591098,0.03999963,0.04,-1.4014565,1.0790092,1.4553968,-0.38187194,0.015922556,1.5060995,0.17090656,-8.8948525e-07,2.6015719e-06,5.5879354e-09,2.3283064e-10,-3.7252903e-09,1.0,-1.489095e-10,-8.781334e-10,-8.472538e-11,0.0,0.0,0.0,0.0,0.0,0.0,0.6278973,0.2048102,0.11006238,0.99998695,-0.0030098944,0.004116455,0.00016795725,0.0013855763,-0.0020114048,-0.0009951112,0.01728278,0.011218881,-0.0024136044,0.49139544,0.06396605,0.020999966,0.99999994,-1.2662615e-05,-8.371697e-06,-2.1057017e-06,0.00010863923,6.116413e-05,-0.00021304576,-0.0069830115,0.00095776096,1.5875095e-05
0.0,0.0,-0.2,0.0,0.0,0.0,1.0,0.6278973,0.2048102,0.11006239,0.49139544,0.06396605,0.02099997,0.47824195,0.062265974,0.32083133,-0.0067443554,-0.9167428,-0.021189302,-0.39885843,-0.23394905,-0.36713922,0.38071707,-2.8365545,-0.03659501,3.3070643,0.9591098,0.03999963,0.04,-1.4014565,1.0790092,1.4553968,-0.38187194,0.015922556,1.5060995,0.17090656,-8.8948525e-07,2.6015719e-06,0.0,0.0,-0.1,0.0,0.0,0.0,0.04,0.04,-0.29433048,-0.32872245,0.44437894,-2.847879,-0.029338483,3.3621876,0.9601676,0.039999798,0.04,-1.775902,1.1364678,1.899438,-0.31699958,0.2871518,1.527498,-0.036156707,2.4198267e-05,3.1940594e-06,5.5879354e-09,2.3283064e-10,-3.7252903e-09,1.0,-1.489095e-10,-8.781334e-10,-8.472538e-11,0.0,0.0,0.0,0.0,0.0,0.0,0.6279015,0.20479842,0.11005844,0.9999871,-0.0029621976,0.004132816,0.00016558755,0.0002500228,-0.0005415775,-0.00018365291,0.005153231,0.0017944652,-0.00070428575,0.4913954,0.06396604,0.020999936,0.99999994,-1.2743924e-05,-9.034797e-06,-2.2191368e-06,0.00010472743,6.369272e-05,-0.00021148093,-0.007032589,0.0008468508,1.615185e-05
0.0,0.0,-0.2,0.0,0.0,0.0,1.0,0.6279015,0.20479842,0.11005844,0.4913954,0.06396604,0.02099994,0.47795182,0.0621274,0.3058107,-0.0062863533,-0.9167042,-0.020941168,-0.3989678,-0.29433048,-0.32872245,0.44437894,-2.847879,-0.029338483,3.3621876,0.9601676,0.039999798,0.04,-1.775902,1.1364678,1.899438,-0.31699958,0.2871518,1.527498,-0.036156707,2.4198267e-05,3.1940594e-06,0.0,0.0,-0.1,0.0,0.0,0.0,0.04,0.04,-0.3643534,-0.2880578,0.51694095,-2.8571055,-0.0077482276,3.4178984,0.94933635,0.039986838,0.04,-2.1386325,1.2013221,2.1750014,-0.24813621,0.7443257,1.5428003,-0.41434172,0.00036507015,4.907908e-06,5.5879354e-09,2.3283064e-10,-3.7252903e-09,1.0,-1.489095e-10,-8.781334e-10,-8.472538e-11,0.0,0.0,0.0,0.0,0.0,0.0,0.62789917,0.20480329,0.110060886,0.99998707,-0.0029833359,0.0041235406,0.00016631433,0.00044884003,7.6689525e-05,-0.00022298475,0.00014110067,0.004362279,0.00012780639,0.49139544,0.06396604,0.02099997,0.99999994,-1.2569703e-05,-8.379876e-06,-2.1013284e-06,0.00010716558,6.1920975e-05,-0.00021260353,-0.0069838916,0.0009323396,1.62754e-05
0.0,0.0,-0.2,0.0,0.0,0.0,1.0,0.62789917,0.20480329,0.110060886,0.49139544,0.06396604,0.020999974,0.47785738,0.05991418,0.29127628,-0.005790413,-0.9165761,-0.018261641,-0.39940095,-0.3643534,-0.2880578,0.51694095,-2.8571055,-0.0077482276,3.4178984,0.94933635,0.039986838,0.04,-2.1386325,1.2013221,2.1750014,-0.24813621,0.7443257,1.5428003,-0.41434172,0.00036507015,4.907908e-06,0.0,0.0,-0.1,0.0,0.0,0.0,0.04,0.04,-0.43472436,-0.24362434,0.58951527,-2.8639967,0.03452973,3.4740417,0.9202481,0.03998305,0.04,-2.1600783,1.324852,2.175002,-0.17271177,1.3527806,1.5566976,-0.96654445,0.0002728669,0.00014340175,5.5879354e-09,2.3283064e-10,-3.7252903e-09,1.0,-1.489095e-10,-8.781334e-10,-8.472538e-11,0.0,0.0,0.0,0.0,0.0,0.0,0.6278973,0.2048102,0.11006245,0.999987,-0.0030098122,0.004116658,0.00016778425,0.0013881207,-0.0020142007,-0.000995676,0.017308451,0.011247245,-0.0024160868,0.49139544,0.06396604,0.020999935,0.99999994,-1.2529601e-05,-8.804992e-06,-1.8868175e-06,0.00010651634,6.234096e-05,-0.00021222125,-0.0070050173,0.0008986858,1.6225935e-05
0.0,0.0,-0.2,0.0,0.0,0.0,1.0,0.6278973,0.2048102,0.11006245,0.49139544,0.06396604,0.020999938,0.47807384,0.054956812,0.2776281,-0.005411685,-0.9161951,-0.01224339,-0.40050873,-0.43472436,-0.24362434,0.58951527,-2.8639967,0.03452973,3.4740417,0.9202481,0.03998305,0.04,-2.1600783,1.324852,2.175002,-0.17271177,1.3527806,1.5566976,-0.96654445,0.0002728669,0.00014340175,0.0,0.0,-0.1,0.0,0.0,0.0,0.04,0.04,-0.50447273,-0.19288272,0.6620731,-2.8677466,0.10017031,3.530983,0.86857575,0.039987005,0.04,-2.1293907,1.5421096,2.1750014,-0.07480953,2.0107648,1.5842023,-1.6162016,0.000663569,0.00031511887,5.5879354e-09,2.3283064e-10,-3.7252903e-09,1.0,-1.489095e-10,-8.781334e-10,-8.472538e-11,0.0,0.0,0.0,0.0,0.0,0.0,0.6279015,0.20479836,0.11005833,0.99998707,-0.0029618766,0.004132984,0.0001656269,0.00025108727,-0.00058590906,-0.00019315333,0.0055541196,0.0018635791,-0.0006854448,0.4913954,0.06396605,0.020999983,0.99999994,-1.2677189e-05,-8.734455e-06,-2.165327e-06,0.000106986015,6.2299594e-05,-0.00021233848,-0.0070071104,0.0009081195,1.5885606e-05
0.0,0.0,-0.2,0.0,0.0,0.0,1.0,0.6279015,0.20479836,0.11005834,0.4913954,0.06396605,0.020999987,0.47859147,0.04697474,0.26447305,-0.0067449813,-0.9155859,-0.0033456385,-0.40205213,-0.50447273,-0.19288272,0.6620731,-2.8677466,0.10017031,3.530983,0.86857575,0.039987005,0.04,-2.1293907,1.5421096,2.1750014,-0.07480953,2.0107648,1.5842023,-1.6162016,0.000663569,0.00031511887,0.0,0.0,-0.1,0.0,0.0,0.0,0.04,0.04,-0.5699467,-0.13202402,0.73456967,-2.8672504,0.18620795,3.5899243,0.79319626,0.04,0.03999338,-1.8338145,1.8788947,2.1737103,0.05423422,2.5809953,1.6520305,-2.2643642,0.00039373283,-0.00018925183,5.5879354e-09,2.3283064e-10,-3.7252903e-09,1.0,-1.489095e-10,-8.781334e-10,-8.472538e-11,0.0,0.0,0.0,0.0,0.0,0.0,0.62789917,0.20480333,0.11006091,0.999987,-0.0029837058,0.004123723,0.00016624133,0.0004511092,7.631461e-05,-0.00022071139,0.00013931516,0.0043840352,0.00012502538,0.49139547,0.06396604,0.020999964,0.99999994,-1.2522412e-05,-8.29146e-06,-2.015766e-06,0.00010811588,6.09481e-05,-0.00021286374,-0.0069740857,0.0009468041,1.6459691e-05
0.0,0.0,-0.2,0.0,0.0,0.0,1.0,0.62789917,0.20480333,0.110060915,0.49139547,0.06396604,0.020999968,0.4790058,0.0379777,0.2509839,-0.010019302,-0.91500634,0.0055910945,-0.40327603,-0.5699467,-0.13202402,0.73456967,-2.8672504,0.18620795,3.5899243,0.79319626,0.04,0.03999338,-1.8338145,1.8788947,2.1737103,0.05423422,2.5809953,1.6520305,-2.2643642,0.00039373283,-0.00018925183,0.0,0.0,-0.1,0.0,0.0,0.0,0.04,0.04,-0.6146868,-0.06018468,0.7985395,-2.861991,0.27331904,3.652742,0.70616436,0.04,0.03997665,-0.9158129,2.1718025,1.606997,0.19886492,2.609802,1.7807171,-2.6100013,1.875135e-05,5.150936e-05,5.5879354e-09,2.3283064e-10,-3.7252903e-09,1.0,-1.489095e-10,-8.781334e-10,-8.472538e-11,0.0,0.0,0.0,0.0,0.0,0.0,0.6278973,0.20481019,0.11006242,0.999987,-0.003009771,0.0041164947,0.00016788302,0.0013864713,-0.0020007952,-0.0009962824,0.017180683,0.011228242,-0.002408707,0.49139544,0.06396604,0.020999981,0.99999994,-1.2403543e-05,-8.392871e-06,-2.127162e-06,0.000108606975,6.1178274e-05,-0.00021325138,-0.0069878064,0.00095645885,1.6076767e-05
0.0,0.0,0.0,0.0,0.0,0.0,1.0,0.6278973,0.20481019,0.11006242,0.49139544,0.06396604,0.020999985,0.47895655,0.035060573,0.23756638,-0.011452258,-0.9143677,0.0074995756,-0.4046534,-0.6146868,-0.06018468,0.7985395,-2.861991,0.27331904,3.652742,0.70616436,0.04,0.03997665,-0.9158129,2.1718025,1.606997,0.19886492,2.609802,1.7807171,-2.6100013,1.875135e-05,5.150936e-05,0.0,0.0,0.0,0.0,0.0,0.0,0.04,0.04,-0.61819416,-0.04526924,0.79838926,-2.8644433,0.27360457,3.6515057,0.7060759,0.039994944,0.039995167,-0.12424949,0.014462328,-0.030580284,-0.030564092,-0.015288558,-0.02424237,-0.0064985827,0.00046396555,-0.00015077919,5.5879354e-09,2.3283064e-10,-3.7252903e-09,1.0,-1.489095e-10,-8.781334e-10,-8.472538e-11,0.0,0.0,0.0,0.0,0.0,0.0,0.6279015,0.20479842,0.110058375,0.99998707,-0.0029619834,0.004132959,0.00016553051,0.00025160867,-0.00054172275,-0.00018194181,0.005147703,0.0018050361,-0.00071031245,0.49139544,0.063966036,0.020999944,0.99999994,-1.25117e-05,-8.974672e-06,-2.056204e-06,0.000105417064,6.27538e-05,-0.00021130941,-0.007034911,0.00083560764,1.6242986e-05
0.0,0.0,0.0,0.0,0.0,0.0,1.0,0.6279015,0.20479842,0.11005838,0.49139544,0.063966036,0.020999948,0.47677565,0.033912245,0.2307899,-0.008502096,-0.91756225,0.010873973,-0.3973526,-0.61819416,-0.04526924,0.79838926,-2.8644433,0.27360457,3.6515057,0.7060759,0.039994944,0.039995167,-0.12424949,0.014462328,-0.030580284,-0.030564092,-0.015288558,-0.02424237,-0.0064985827,0.00046396555,-0.00015077919,0.0,0.0,0.0,0.0,0.0,0.0,0.04,0.04,-0.6212075,-0.04496069,0.79789996,-2.8647323,0.2737934,3.6514606,0.7060298,0.04,0.039992493,-0.06198695,0.0038796952,-0.006922012,0.0004671344,0.0066126646,-0.0007960575,-0.002513351,1.1467015e-05,-1.1817184e-05,5.5879354e-09,2.3283064e-10,-3.7252903e-09,1.0,-1.489095e-10,-8.781334e-10,-8.472538e-11,0.0,0.0,0.0,0.0,0.0,0.0,0.62789917,0.2048033,0.1100609,0.999987,-0.0029832986,0.0041234884,0.0001662307,0.00044993893,7.514306e-05,-0.0002254779,0.00016566622,0.0043739844,0.00013039843,0.49139544,0.06396605,0.020999976,0.99999994,-1.25810675e-05,-8.3984505e-06,-2.145165e-06,0.00010864327,6.0919727e-05,-0.00021324272,-0.0069830706,0.00095615344,1.629181e-05
0.0,0.0,0.0,0.0,0.0,0.0,1.0,0.62789917,0.2048033,0.1100609,0.49139544,0.06396605,0.02099998,0.47674116,0.032204583,0.23055488,-0.009152293,-0.9176553,0.012583971,-0.39707243,-0.6212075,-0.04496069,0.79789996,-2.8647323,0.2737934,3.6514606,0.7060298,0.04,0.039992493,-0.06198695,0.0038796952,-0.006922012,0.0004671344,0.0066126646,-0.0007960575,-0.002513351,1.1467015e-05,-1.1817184e-05,0.0,0.0,0.0,0.0,0.0,0.0,0.04,0.04,-0.622584,-0.04489677,0.797663,-2.864731,0.27387616,3.65146,0.706014,0.04,0.039993756,-0.02824498,0.0011210236,-0.003240568,0.0001822193,0.0027905973,-5.1489405e-05,-0.0008444218,2.2001373e-06,4.8002283e-05,5.5879354e-09,2.3283064e-10,-3.7252903e-09,1.0,-1.489095e-10,-8.781334e-10,-8.472538e-11,0.0,0.0,0.0,0.0,0.0,0.0,0.6278973,0.20481022,0.11006238,0.99998695,-0.0030101144,0.00411624,0.00016795273,0.0013882192,-0.0020046984,-0.0009977394,0.017213248,0.011241223,-0.0024137285,0.49139544,0.06396603,0.020999933,0.99999994,-1.2297927e-05,-8.4271005e-06,-2.2199092e-06,0.00010658357,6.217232e-05,-0.00021256869,-0.0069879694,0.0009202348,1.6597152e-05
0.0,0.0,0.0,0.0,0.0,0.0,1.0,0.6278973,0.20481022,0.11006239,0.49139544,0.06396603,0.020999936,0.47678697,0.031425316,0.23053437,-0.009458959,-0.91765404,0.013366908,-0.3970425,-0.622584,-0.04489677,0.797663,-2.864731,0.27387616,3.65146,0.706014,0.04,0.039993756,-0.02824498,0.0011210236,-0.003240568,0.0001822193,0.0027905973,-5.1489405e-05,-0.0008444218,2.2001373e-06,4.8002283e-05,0.0,0.0,0.0,0.0,0.0,0.0,0.04,0.04,-0.62321,-0.04487298,0.7975551,-2.8647306,0.27391365,3.65146,0.7060064,0.04,0.039995674,-0.012827104,0.00049956824,-0.0014692497,9.373221e-05,0.0012705195,-1.7089948e-05,-0.00037735258,4.413759e-07,5.1022947e-05,5.5879354e-09,2.3283064e-10,-3.7252903e-09,1.0,-1.489095e-10,-8.781334e-10,-8.472538e-11,0.0,0.0,0.0,0.0,0.0,0.0,0.6279015,0.2047984,0.110058285,0.99998707,-0.002961949,0.0041326247,0.00016555733,0.00025438276,-0.0005942983,-0.00019823972,0.0056253313,0.0019101705,-0.00068359595,0.49139544,0.063966036,0.020999955,0.99999994,-1.2477679e-05,-8.979694e-06,-2.1045005e-06,0.00010541831,6.275424e-05,-0.00021131757,-0.0070350836,0.00083572324,1.6251408e-05
0.0,0.2,0.0,0.0,0.0,0.0,1.0,0.6279015,0.2047984,0.11005829,0.49139544,0.063966036,0.020999959,0.47680777,0.031070832,0.23052678,-0.009599835,-0.9176525,0.013721883,-0.39703065,-0.62321,-0.04487298,0.7975551,-2.8647306,0.27391365,3.65146,0.7060064,0.04,0.039995674,-0.012827104,0.00049956824,-0.0014692497,9.373221e-05,0.0012705195,-1.7089948e-05,-0.00037735258,4.413759e-07,5.1022947e-05,0.0,0.1,0.0,0.0,0.0,0.0,0.04,0.04,-0.63426954,-0.036286585,0.84295905,-2.8550448,0.3609796,3.6522703,0.6500194,0.04,0.03995922,0.06074811,0.28455603,1.3518156,0.3718217,2.6100013,0.03454765,-1.5999843,0.0003362095,-0.0007677547,5.5879354e-09,2.3283064e-10,-3.7252903e-09,1.0,-1.489095e-10,-8.781334e-10,-8.472538e-11,0.0,0.0,0.0,0.0,0.0,0.0,0.6278991,0.2048033,0.110060886,0.999987,-0.0029832367,0.004123393,0.00016627187,0.0004493038,7.6013384e-05,-0.00022439384,0.00015194606,0.004366872,0.00012887974,0.49139544,0.06396604,0.020999927,0.99999994,-1.2601971e-05,-8.382338e-06,-2.1458766e-06,0.000108698245,6.1033446e-05,-0.00021305286,-0.00698076,0.0009583877,1.594605e-05
0.0,0.2,0.0,0.0,0.0,0.0,1.0,0.6278991,0.2048033,0.110060886,0.49139544,0.06396604,0.02099993,0.47720712,0.033176515,0.22981921,-0.015698612,-0.9179797,0.01652351,-0.39597204,-0.63426954,-0.036286585,0.84295905,-2.8550448,0.3609796,3.6522703,0.6500194,0.04,0.03995922,0.06074811,0.28455603,1.3518156,0.3718217,2.6100013,0.03454765,-1.5999843,0.0003362095,-0.0007677547,0.0,0.1,0.0,0.0,0.0,0.0,0.04,0.04,-0.6255,-0.024258947,0.88922244,-2.8396895,0.44807172,3.6554418,0.5870102,0.04,0.03995544,0.48037094,0.37998724,1.3225294,0.48308584,2.6097307,0.10975918,-1.816013,0.00023549149,0.00069173693,5.5879354e-09,2.3283064e-10,-3.7252903e-09,1.0,-1.489095e-10,-8.781334e-10,-8.472538e-11,0.0,0.0,0.0,0.0,0.0,0.0,0.6278983,0.20480995,0.11006204,0.999987,-0.0030093098,0.0041202963,0.00016740579,0.0007951127,-0.002338286,-0.00069402496,0.020587351,0.006010773,-0.0021846308,0.4913954,0.06396604,0.020999948,0.99999994,-1.2876769e-05,-9.101344e-06,-2.2496063e-06,0.00010476192,6.3610794e-05,-0.00021148779,-0.0070317206,0.00084678514,1.6196549e-05
0.0,0.0,0.0,0.0,0.0,0.0,1.0,0.6278983,0.20480995,0.11006205,0.4913954,0.06396604,0.020999951,0.47812843,0.04621176,0.23022187,-0.017301947,-0.9178779,0.0074389875,-0.396416,-0.6255,-0.024258947,0.88922244,-2.8396895,0.44807172,3.6554418,0.5870102,0.04,0.03995544,0.48037094,0.37998724,1.3225294,0.48308584,2.6097307,0.10975918,-1.816013,0.00023549149,0.00069173693,0.0,0.0,0.0,0.0,0.0,0.0,0.04,0.04,-0.60012805,-0.024132766,0.8931199,-2.8365147,0.4467931,3.6553931,0.5876487,0.039984904,0.04,0.5216027,-0.045903336,0.05507837,-0.01169535,-0.07561501,0.0011405884,0.036121115,-0.00019091873,0.0006198394,5.5879354e-09,2.3283064e-10,-3.7252903e-09,1.0,-1.489095e-10,-8.781334e-10,-8.472538e-11,0.0,0.0,0.0,0.0,0.0,0.0,0.6279015,0.20479865,0.11005835,0.9999871,-0.002962352,0.004133112,0.0001656275,0.00029424025,-0.00059497904,-0.00016158886,0.005413279,0.0022347611,-0.00081337115,0.49139547,0.06396605,0.020999989,0.99999994,-1.26334735e-05,-8.322968e-06,-2.0594696e-06,0.00010692049,6.190381e-05,-0.00021248749,-0.0070028985,0.0009052076,1.6490794e-05
0.0,0.0,0.0,0.0,0.0,0.0,1.0,0.6279015,0.20479865,0.11005835,0.49139547,0.06396605,0.020999992,0.47785443,0.060819782,0.23142228,-0.010885924,-0.91730785,-0.0061668754,-0.39798212,-0.60012805,-0.024132766,0.8931199,-2.8365147,0.4467931,3.6553931,0.5876487,0.039984904,0.04,0.5216027,-0.045903336,0.05507837,-0.01169535,-0.07561501,0.0011405884,0.036121115,-0.00019091873,0.0006198394,0.0,0.0,0.0,0.0,0.0,0.0,0.04,0.04,-0.5881512,-0.024815533,0.8951609,-2.8364825,0.4460491,3.65538,0.5878573,0.039978083,0.04,0.25394776,-0.013673746,0.02991714,-0.0011953545,-0.027074732,-0.0004459322,0.011490742,-5.4174387e-05,0.00015137087,5.5879354e-09,2.3283064e-10,-3.7252903e-09,1.0,-1.489095e-10,-8.781334e-10,-8.472538e-11,0.0,0.0,0.0,0.0,0.0,0.0,0.62789917,0.2048033,0.1100609,0.99998707,-0.0029831976,0.0041236025,0.0001661515,0.0004493498,7.665373e-05,-0.00022168928,0.00013707731,0.0043666353,0.00012616298,0.49139544,0.06396605,0.020999959,0.99999994,-1.2750276e-05,-8.940409e-06,-2.1166754e-06,0.00010680041,6.281485e-05,-0.00021196512,-0.007030011,0.00088507606,1.5284908e-05
0.0,0.0,0.0,0.0,0.0,0.0,1.0,0.62789917,0.2048033,0.1100609,0.49139544,0.06396605,0.020999962,0.47703743,0.067606136,0.23167798,-0.008209348,-0.9171136,-0.01294902,-0.39833108,-0.5881512,-0.024815533,0.8951609,-2.8364825,0.4460491,3.65538,0.5878573,0.039978083,0.04,0.25394776,-0.013673746,0.02991714,-0.0011953545,-0.027074732,-0.0004459322,0.011490742,-5.4174387e-05,0.00015137087,0.0,0.0,0.0,0.0,0.0,0.0,0.04,0.04,-0.58232754,-0.025097456,0.8961537,-2.8364623,0.44568914,3.6553705,0.58795714,0.039979804,0.04,0.12325338,-0.0066156527,0.014456016,-0.0007073631,-0.01316988,-0.00027936973,0.005470113,0.00010703683,3.5926652e-05,5.5879354e-09,2.3283064e-10,-3.7252903e-09,1.0,-1.489095e-10,-8.781334e-10,-8.472538e-11,0.0,0.0,0.0,0.0,0.0,0.0,0.6278973,0.2048102,0.110062435,0.999987,-0.0030099906,0.004116394,0.00016792654,0.001384646,-0.0020071603,-0.0009951048,0.017243337,0.011208478,-0.0024103664,0.49139544,0.06396604,0.020999935,0.99999994,-1.2831981e-05,-8.534661e-06,-2.161557e-06,0.0001050048,6.330382e-05,-0.0002121553,-0.0069961916,0.00089403725,1.6756107e-05
0.0,0.0,0.0,0.0,0.0,0.0,1.0,0.6278973,0.2048102,0.110062435,0.49139544,0.06396604,0.020999938,0.47660244,0.07090532,0.23178503,-0.0068932776,-0.91700935,-0.016240478,-0.39847553,-0.58232754,-0.025097456,0.8961537,-2.8364623,0.44568914,3.6553705,0.58795714,0.039979804,0.04,0.12325338,-0.0066156527,0.014456016,-0.0007073631,-0.01316988,-0.00027936973,0.005470113,0.00010703683,3.5926652e-05,0.0,0.0,0.0,0.0,0.0,0.0,0.04,0.04,-0.5795027,-0.025233913,0.89663553,-2.836456,0.44551525,3.6553628,0.58800465,0.03998485,0.04,0.059784293,-0.0031709156,0.0070183524,-0.00033662337,-0.006344961,-0.00013527778,0.0026099142,0.00014593777,8.599313e-06,5.5879354e-09,2.3283064e-10,-3.7252903e-09,1.0,-1.489095e-10,-8.781334e-10,-8.472538e-11,0.0,0.0,0.0,0.0,0.0,0.0,0.6279015,0.2047984,0.11005842,0.99998707,-0.0029622864,0.0041325525,0.00016564733,0.0002484195,-0.0005253554,-0.00017813992,0.004997093,0.0017622915,-0.0007108596,0.49139544,0.063966036,0.020999951,0.99999994,-1.2343334e-05,-8.487459e-06,-2.2252736e-06,0.000106686355,6.206743e-05,-0.00021249086,-0.0069846236,0.00092209526,1.6520718e-05
0.0,0.0,0.0,0.0,0.0,0.0,1.0,0.6279015,0.2047984,0.11005843,0.49139544,0.063966036,0.020999955,0.47638136,0.07250429,0.23183453,-0.006255061,-0.9169558,-0.017837495,-0.39854065,-0.5795027,-0.025233913,0.89663553,-2.836456,0.44551525,3.6553628,0.58800465,0.03998485,0.04,0.059784293,-0.0031709156,0.0070183524,-0.00033662337,-0.006344961,-0.00013527778,0.0026099142,0.00014593777,8.599313e-06,0.0,0.0,0.0,0.0,0.0,0.0,0.04,0.04,-0.57813287,-0.025299894,0.89686924,-2.8364544,0.44543102,3.6553626,0.58802754,0.039989788,0.04,0.028991261,-0.0015294108,0.0034041505,-0.00016302064,-0.0030705521,-7.096284e-05,0.0012545934,0.00012504878,2.0497114e-06,5.5879354e-09,2.3283064e-10,-3.7252903e-09,1.0,-1.489095e-10,-8.781334e-10,-8.472538e-11,0.0,0.0,0.0,0.0,0.0,0.0,0.62789774,0.20480306,0.11006156,0.999987,-0.0029814139,0.004117579,0.00016648285,0.00043830145,0.00028920075,-0.0002770753,-0.002200475,0.004378533,0.00014406844,0.49139544,0.06396605,0.020999992,0.99999994,-1.2674173e-05,-8.379827e-06,-2.07979e-06,0.00010697028,6.194304e-05,-0.00021251416,-0.0070046643,0.0009060102,1.6421964e-05
0.0,0.0,0.0,0.0,0.0,0.0,1.0,0.62789774,0.20480306,0.11006157,0.49139544,0.06396605,0.020999996,0.47627214,0.073279165,0.23185897,-0.005945832,-0.9169284,-0.018611878,-0.39857298,-0.57813287,-0.025299894,0.89686924,-2.8364544,0.44543102,3.6553626,0.58802754,0.039989788,0.04,0.028991261,-0.0015294108,0.0034041505,-0.00016302064,-0.0030705521,-7.096284e-05,0.0012545934,0.00012504878,2.0497114e-06,0.0,0.0,0.0,0.0,0.0,0.0,0.04,0.04,-0.5774686,-0.025331885,0.8969826,-2.836453,0.44539014,3.6553626,0.588039,0.039993547,0.039999995,0.014056759,-0.000744017,0.0016487018,-8.1636856e-05,-0.0014960051,-3.704014e-05,0.0006148235,9.003181e-05,4.8411584e-07,5.5879354e-09,2.3283064e-10,-3.7252903e-09,1.0,-1.489095e-10,-8.781334e-10,-8.472538e-11,0.0,0.0,0.0,0.0,0.0,0.0,0.62789726,0.20481023,0.1100624,0.99998707,-0.0030100138,0.0041164225,0.00016780126,0.0013886199,-0.002002268,-0.0009996417,0.01718347,0.011237226,-0.0024158568,0.4913954,0.06396604,0.020999962,0.99999994,-1.2757263e-05,-9.035769e-06,-2.1930632e-06,0.000104724466,6.368976e-05,-0.00021148274,-0.0070326165,0.0008465152,1.6152786e-05
0.0,0.0,0.0,0.0,0.0,0.0,1.0,0.62789726,0.20481023,0.110062405,0.4913954,0.06396604,0.020999966,0.47621888,0.07365479,0.23187107,-0.005795807,-0.91691494,-0.01898694,-0.3985888,-0.5774686,-0.025331885,0.8969826,-2.836453,0.44539014,3.6553626,0.588039,0.039993547,0.039999995,0.014056759,-0.000744017,0.0016487018,-8.1636856e-05,-0.0014960051,-3.704014e-05,0.0006148235,9.003181e-05,4.8411584e-07,0.0,0.0,0.0,0.0,0.0,0.0,0.04,0.04,-0.5771466,-0.02534744,0.8970375,-2.836453,0.4453703,3.6553626,0.58804405,0.03999609,0.04,0.006815249,-0.0003608262,0.00079956686,-3.621926e-05,-0.000722895,-2.095957e-05,0.00029569474,5.9154714e-05,1.3905405e-07,5.5879354e-09,2.3283064e-10,-3.7252903e-09,1.0,-1.489095e-10,-8.781334e-10,-8.472538e-11,0.0,0.0,0.0,0.0,0.0,0.0,0.62790143,0.20479839,0.11005846,0.99998707,-0.0029620193,0.0041326894,0.00016562677,0.00024762435,-0.0005304455,-0.00018197962,0.00505379,0.0017638422,-0.0007033956,0.49139544,0.06396605,0.020999936,0.99999994,-1.2823279e-05,-8.449051e-06,-2.0888708e-06,0.00010704746,6.222171e-05,-0.00021259979,-0.006988791,0.0009312736,1.610154e-05
0.0,0.0,0.0,0.0,0.0,0.0,1.0,0.62790143,0.20479839,0.11005846,0.49139544,0.06396605,0.02099994,0.47619256,0.0738369,0.2318762,-0.005723447,-0.9169084,-0.01916936,-0.39859605,-0.5771466,-0.02534744,0.8970375,-2.836453,0.4453703,3.6553626,0.58804405,0.03999609,0.04,0.006815249,-0.0003608262,0.00079956686,-3.621926e-05,-0.000722895,-2.095957e-05,0.00029569474,5.9154714e-05,1.3905405e-07,0.0,0.0,0.0,0.0,0.0,0.0,0.04,0.04,-0.5769906,-0.02535492,0.8970642,-2.836453,0.4453608,3.6553626,0.58804625,0.0399977,0.04,0.0033045334,-0.00017003753,0.0003904053,-1.7051143e-05,-0.00034082768,-4.7230114e-06,0.00013423896,3.665659e-05,4.2382975e-08,5.5879354e-09,2.3283064e-10,-3.7252903e-09,1.0,-1.489095e-10,-8.781334e-10,-8.472538e-11,0.0,0.0,0.0,0.0,0.0,0.0,0.6278977,0.20480308,0.11006152,0.999987,-0.0029814586,0.0041175764,0.0001664163,0.00043958507,0.00028722105,-0.00027669183,-0.0021805153,0.0043910276,0.0001433066,0.49139544,0.063966036,0.02099996,0.99999994,-1.2283359e-05,-8.466667e-06,-2.1737712e-06,0.000106407955,6.2389634e-05,-0.00021216774,-0.007004747,0.0008965512,1.6251443e-05
0.0,0.0,0.0,0.0,0.0,0.0,1.0,0.6278977,0.20480308,0.11006153,0.49139544,0.063966036,0.020999964,0.47617987,0.073925346,0.231879,-0.005688161,-0.91690505,-0.019257665,-0.3985997,-0.5769906,-0.02535492,0.8970642,-2.836453,0.4453608,3.6553626,0.58804625,0.0399977,0.04,0.0033045334,-0.00017003753,0.0003904053,-1.7051143e-05,-0.00034082768,-4.7230114e-06,0.00013423896,3.665659e-05,4.2382975e-08,0.0,0.0,0.0,0.0,0.0,0.0,0.04,0.04,-0.57691497,-0.025358519,0.89707714,-2.836453,0.4453563,3.6553626,0.5880472,0.03999867,0.04,0.0016020325,-8.285755e-05,0.00019021668,-7.2610774e-06,-0.00016271367,-2.8679694e-06,6.621818e-05,2.2048249e-05,1.352868e-08,5.5879354e-09,2.3283064e-10,-3.7252903e-09,1.0,-1.489095e-10,-8.781334e-10,-8.472538e-11,0.0,0.0,0.0,0.0,0.0,0.0,0.62789726,0.20481025,0.11006239,0.999987,-0.003010287,0.0041161967,0.00016783408,0.0013900303,-0.0020086635,-0.001000044,0.01724431,0.011250053,-0.0024196561,0.49139544,0.06396605,0.020999942,0.99999994,-1.2696616e-05,-8.515586e-06,-2.0550706e-06,0.00010702379,6.205905e-05,-0.00021232438,-0.007002348,0.00090823334,1.6079506e-05
0.0,0.0,0.0,0.0,0.0,0.0,1.0,0.62789726,0.20481025,0.11006239,0.49139544,0.06396605,0.020999946,0.47617364,0.07396791,0.23188025,-0.005671263,-0.9169037,-0.01930055,-0.39860123,-0.57691497,-0.025358519,0.89707714,-2.836453,0.4453563,3.6553626,0.5880472,0.03999867,0.04,0.0016020325,-8.285755e-05,0.00019021668,-7.2610774e-06,-0.00016271367,-2.8679694e-06,6.621818e-05,2.2048249e-05,1.352868e-08,0.0,0.0,0.0,0.0,0.0,0.0,0.04,0.04,-0.57687825,-0.025360249,0.89708346,-2.836453,0.44535404,3.6553626,0.5880479,0.039999247,0.04,0.0007772771,-3.7884667e-05,9.325572e-05,-3.0499025e-06,-7.411841e-05,-2.482762e-07,2.7994642e-05,1.2924864e-05,3.5862782e-09,5.5879354e-09,2.3283064e-10,-3.7252903e-09,1.0,-1.489095e-10,-8.781334e-10,-8.472538e-11,0.0,0.0,0.0,0.0,0.0,0.0,0.6279015,0.20479842,0.11005841,0.99998707,-0.0029622829,0.004132764,0.00016564621,0.00024816435,-0.00053165667,-0.00018223064,0.0050645187,0.0017700071,-0.0007034371,0.49139544,0.063966036,0.020999957,0.99999994,-1.2497294e-05,-8.48229e-06,-2.1819728e-06,0.00010641811,6.214561e-05,-0.00021236943,-0.00700532,0.00089489314,1.6668473e-05
0.0,0.0,0.0,0.0,0.0,0.0,1.0,0.6279015,0.20479842,0.11005841,0.49139544,0.063966036,0.02099996,0.4761707,0.07398872,0.23188102,-0.0056629186,-0.91690284,-0.019321293,-0.3986022,-0.57687825,-0.025360249,0.89708346,-2.836453,0.44535404,3.6553626,0.5880479,0.039999247,0.04,0.0007772771,-3.7884667e-05,9.325572e-05,-3.0499025e-06,-7.411841e-05,-2.482762e-07,2.7994642e-05,1.2924864e-05,3.5862782e-09,0.0,0.0,0.0,0.0,0.0,0.0,0.04,0.04,-0.5768604,-0.025361115,0.8970864,-2.836453,0.4453529,3.6553626,0.5880479,0.039999574,0.04,0.00037657903,-2.2196611e-05,4.40935e-05,-2.967763e-06,-3.8653747e-05,-2.8984978e-06,1.782172e-05,7.370915e-06,1.4598895e-09,5.5879354e-09,2.3283064e-10,-3.7252903e-09,1.0,-1.489095e-10,-8.781334e-10,-8.472538e-11,0.0,0.0,0.0,0.0,0.0,0.0,0.62789917,0.20480332,0.11006087,0.999987,-0.0029833554,0.0041234815,0.00016632018,0.0004491657,7.7148725e-05,-0.00022301548,0.00013738184,0.0043655112,0.0001283555,0.49139544,0.06396605,0.020999946,0.99999994,-1.2713832e-05,-8.472069e-06,-2.0850755e-06,0.00010711949,6.184536e-05,-0.00021233284,-0.0069989935,0.00090912305,1.6194246e-05
0.0,0.0,0.0,0.0,0.0,0.0,1.0,0.62789917,0.20480332,0.11006087,0.49139544,0.06396605,0.02099995,0.4761693,0.07399882,0.23188123,-0.0056588952,-0.91690254,-0.019331574,-0.3986027,-0.5768604,-0.025361115,0.8970864,-2.836453,0.4453529,3.6553626,0.5880479,0.039999574,0.04,0.00037657903,-2.2196611e-05,4.40935e-05,-2.967763e-06,-3.8653747e-05,-2.8984978e-06,1.782172e-05,7.370915e-06,1.4598895e-09,0.0,0.0,0.0,0.0,0.0,0.0,0.04,0.04,-0.5768518,-0.025361545,0.89708775,-2.836453,0.4453524,3.6553626,0.5880479,0.039999757,0.04,0.0001826393,-1.0373519e-05,2.1328215e-05,-5.410106e-07,-2.0202307e-05,-1.4463436e-06,9.039046e-06,4.0440414e-06,7.551134e-10,5.5879354e-09,2.3283064e-10,-3.7252903e-09,1.0,-1.489095e-10,-8.781334e-10,-8.472538e-11,0.0,0.0,0.0,0.0,0.0,0.0,0.6278973,0.20481022,0.110062435,0.999987,-0.0030100248,0.004116401,0.00016792704,0.001389358,-0.0020092009,-0.000997848,0.017256603,0.011252851,-0.0024159832,0.4913954,0.06396604,0.020999976,0.99999994,-1.2819328e-05,-9.136523e-06,-2.205501e-06,0.000104761224,6.335761e-05,-0.00021168309,-0.007031279,0.000845469,1.6623522e-05
0.0,0.0,0.0,0.0,0.0,0.0,1.0,0.6278973,0.20481022,0.110062435,0.4913954,0.06396604,0.02099998,0.47616863,0.07400349,0.23188132,-0.0056570475,-0.9169024,-0.019336313,-0.3986028,-0.5768518,-0.025361545,0.89708775,-2.836453,0.4453524,3.6553626,0.5880479,0.039999757,0.04,0.0001826393,-1.0373519e-05,2.1328215e-05,-5.410106e-07,-2.0202307e-05,-1.4463436e-06,9.039046e-06,4.0440414e-06,7.551134e-10,0.0,0.0,0.0,0.0,0.0,0.0,0.04,0.04,-0.5768475,-0.025361704,0.8970883,-2.836453,0.4453524,3.6553626,0.5880479,0.039999876,0.04,8.9264475e-05,-8.6064705e-07,1.064832e-05,1.12468044e-07,-5.4056213e-06,3.1876311e-06,-9.718462e-07,2.4559513e-06,1.8451088e-10,5.5879354e-09,2.3283064e-10,-3.7252903e-09,1.0,-1.489095e-10,-8.781334e-10,-8.472538e-11,0.0,0.0,0.0,0.0,0.0,0.0,0.6279015,0.2047984,0.110058405,0.9999871,-0.0029622451,0.0041326913,0.00016568827,0.00025115875,-0.0005380063,-0.00018049867,0.005111655,0.0017967903,-0.00071183906,0.49139544,0.06396605,0.020999951,0.99999994,-1.2887788e-05,-8.551489e-06,-2.0822465e-06,0.00010701378,6.2287094e-05,-0.00021260206,-0.006989941,0.00093087036,1.607206e-05
0.0,0.0,0.0,0.0,0.0,0.0,1.0,0.6279015,0.2047984,0.11005841,0.49139544,0.06396605,0.020999955,0.47616825,0.074005924,0.23188156,-0.0056561534,-0.9169022,-0.019338787,-0.39860293,-0.5768475,-0.025361704,0.8970883,-2.836453,0.4453524,3.6553626,0.5880479,0.039999876,0.04,8.9264475e-05,-8.6064705e-07,1.064832e-05,1.12468044e-07,-5.4056213e-06,3.1876311e-06,-9.718462e-07,2.4559513e-06,1.8451088e-10,0.0,0.0,0.0,0.0,0.0,0.0,0.04,0.04,-0.5768456,-0.02536179,0.8970883,-2.836453,0.4453524,3.6553626,0.5880479,0.03999992,0.04,4.2292417e-05,-3.5341575e-06,6.0061157e-06,-8.2588804e-07,-3.358804e-06,-1.1991322e-06,1.705776e-06,1.0467452e-06,1.6089911e-10,5.5879354e-09,2.3283064e-10,-3.7252903e-09,1.0,-1.489095e-10,-8.781334e-10,-8.472538e-11,0.0,0.0,0.0,0.0,0.0,0.0,0.6278977,0.2048031,0.11006157,0.99998707,-0.002981688,0.0041174586,0.00016644449,0.00043830852,0.00028789364,-0.00027849397,-0.0021785498,0.0043791584,0.00014693293,0.49139544,0.063966036,0.020999976,0.99999994,-1.2349018e-05,-8.569208e-06,-2.245245e-06,0.00010644858,6.2078936e-05,-0.000212375,-0.0070040473,0.00089539366,1.6702998e-05
0.0,0.0,0.0,0.0,0.0,0.0,1.0,0.6278977,0.2048031,0.11006157,0.49139544,0.063966036,0.02099998,0.4761681,0.074006855,0.23188159,-0.005655617,-0.91690207,-0.019339561,-0.39860293,-0.5768456,-0.02536179,0.8970883,-2.836453,0.4453524,3.6553626,0.5880479,0.03999992,0.04,4.2292417e-05,-3.5341575e-06,6.0061157e-06,-8.2588804e-07,-3.358804e-06,-1.1991322e-06,1.705776e-06,1.0467452e-06,1.6089911e-10,0.0,0.0,0.0,0.0,0.0,0.0,0.04,0.04,-0.5768445,-0.025361836,0.8970883,-2.836453,0.4453524,3.6553626,0.5880479,0.03999992,0.04,2.1063928e-05,-1.2453005e-06,2.3880525e-06,8.719536e-08,-2.1702006e-06,-5.5571967e-08,1.4011652e-06,1.0879384e-06,7.739801e-11,5.5879354e-09,2.3283064e-10,-3.7252903e-09,1.0,-1.489095e-10,-8.781334e-10,-8.472538e-11,0.0,0.0,0.0,0.0,0.0,0.0,0.6278973,0.20481026,0.11006239,0.999987,-0.0030102963,0.0041163405,0.00016788304,0.0013882848,-0.0020040078,-0.000999941,0.017200027,0.011230316,-0.0024168165,0.49139544,0.06396606,0.020999957,0.99999994,-1.2973625e-05,-8.677756e-06,-2.0727807e-06,0.000106903004,6.2337065e-05,-0.00021232238,-0.007006985,0.00090684235,1.5924075e-05
0.0,0.0,-0.2,0.0,0.0,0.0,1.0,0.6278973,0.20481026,0.11006239,0.49139544,0.06396606,0.02099996,0.476168,0.07400735,0.2318815,-0.005655468,-0.91690224,-0.019340098,-0.39860296,-0.5768445,-0.025361836,0.8970883,-2.836453,0.4453524,3.6553626,0.5880479,0.03999992,0.04,2.1063928e-05,-1.2453005e-06,2.3880525e-06,8.719536e-08,-2.1702006e-06,-5.5571967e-08,1.4011652e-06,1.0879384e-06,7.739801e-11,0.0,0.0,-0.1,0.0,0.0,0.0,0.04,0.04,-0.56664014,0.04137765,0.9139275,-2.8211956,0.5233297,3.73283,0.5011064,0.03999869,0.039993748,0.47853407,2.1704857,0.23488334,0.41283694,1.9984032,2.1750875,-2.5736852,-0.00010661149,0.00038101544,5.5879354e-09,2.3283064e-10,-3.7252903e-09,1.0,-1.489095e-10,-8.781334e-10,-8.472538e-11,0.0,0.0,0.0,0.0,0.0,0.0,0.6279015,0.20479839,0.1100584,0.99998707,-0.0029621718,0.0041327276,0.00016558467,0.00024977903,-0.00055775646,-0.00018585479,0.0052972883,0.0018144661,-0.00069700123,0.49139547,0.063966036,0.020999974,0.99999994,-1.2464199e-05,-8.578984e-06,-2.038836e-06,0.000106934865,6.224202e-05,-0.00021240734,-0.0070071425,0.00090712815,1.6073258e-05
0.0,0.0,-0.2,0.0,0.0,0.0,1.0,0.6279015,0.20479839,0.1100584,0.49139547,0.063966036,0.020999977,0.47823283,0.07532937,0.2280977,-0.01102373,-0.9115362,-0.021359354,-0.41051644,-0.56664014,0.04137765,0.9139275,-2.8211956,0.5233297,3.73283,0.5011064,0.03999869,0.039993748,0.47853407,2.1704857,0.23488334,0.41283694,1.9984032,2.1750875,-2.5736852,-0.00010661149,0.00038101544,0.0,0.0,-0.1,0.0,0.0,0.0,0.04,0.04,-0.5407455,0.113431215,0.90421516,-2.8048484,0.5695895,3.7525,0.4282353,0.039994955,0.04,0.7665044,2.1700938,-0.4083577,0.44208187,1.0746248,1.2775405e-06,-1.8494483,-0.0002991526,0.0014975022,5.5879354e-09,2.3283064e-10,-3.7252903e-09,1.0,-1.489095e-10,-8.781334e-10,-8.472538e-11,0.0,0.0,0.0,0.0,0.0,0.0,0.6278977,0.20480306,0.11006155,0.99998707,-0.002981383,0.0041175615,0.00016636313,0.0004384114,0.00028759864,-0.0002774048,-0.0021786648,0.004379734,0.00014603251,0.49139544,0.06396606,0.020999962,0.99999994,-1.27434705e-05,-8.571196e-06,-2.1481392e-06,0.00010701464,6.234092e-05,-0.00021236017,-0.0070085586,0.0009087093,1.5842405e-05
0.0,0.0,-0.2,0.0,0.0,0.0,1.0,0.6278977,0.20480306,0.110061556,0.49139544,0.06396606,0.020999966,0.47637975,0.079690084,0.21006867,-0.008796155,-0.91820157,-0.029590338,-0.39490893,-0.5407455,0.113431215,0.90421516,-2.8048484,0.5695895,3.7525,0.4282353,0.039994955,0.04,0.7665044,2.1700938,-0.4083577,0.44208187,1.0746248,1.2775405e-06,-1.8494483,-0.0002991526,0.0014975022,0.0,0.0,-0.1,0.0,0.0,0.0,0.04,0.04,-0.5101173,0.18574993,0.8802996,-2.7892451,0.59358424,3.7524998,0.3746359,0.03999407,0.04,0.8560587,2.1709626,-0.7445127,0.45271692,0.52036124,-1.3327799e-06,-1.3668278,-0.00019119628,0.00091942924,5.5879354e-09,2.3283064e-10,-3.7252903e-09,1.0,-1.489095e-10,-8.781334e-10,-8.472538e-11,0.0,0.0,0.0,0.0,0.0,0.0,0.62789726,0.20481025,0.11006241,0.999987,-0.0030102325,0.004116426,0.00016783303,0.0013839549,-0.0020005638,-0.0009968198,0.017174419,0.011193264,-0.0024100272,0.4913954,0.06396605,0.020999983,0.99999994,-1.2922265e-05,-9.146809e-06,-2.209094e-06,0.00010476272,6.336007e-05,-0.0002116816,-0.007031402,0.00084537675,1.6614369e-05
0.0,0.0,-0.2,0.0,0.0,0.0,1.0,0.62789726,0.20481025,0.11006242,0.4913954,0.06396605,0.020999987,0.472681,0.08482922,0.18677977,-0.0015915036,-0.9281332,-0.037917882,-0.37030876,-0.5101173,0.18574993,0.8802996,-2.7892451,0.59358424,3.7524998,0.3746359,0.03999407,0.04,0.8560587,2.1709626,-0.7445127,0.45271692,0.52036124,-1.3327799e-06,-1.3668278,-0.00019119628,0.00091942924,0.0,0.0,-0.1,0.0,0.0,0.0,0.04,0.04,-0.4808826,0.25809866,0.85068417,-2.7736754,0.6010933,3.7525,0.33670813,0.04,0.04,0.7912571,2.1723826,-0.8597704,0.44694906,0.10137901,7.737395e-06,-0.96438235,6.910329e-05,0.0007402126,5.5879354e-09,2.3283064e-10,-3.7252903e-09,1.0,-1.489095e-10,-8.781334e-10,-8.472538e-11,0.0,0.0,0.0,0.0,0.0,0.0,0.6279015,0.20479842,0.110058375,0.99998707,-0.002962228,0.0041327523,0.00016564537,0.00024913147,-0.0005565515,-0.0001871968,0.0052917814,0.001809852,-0.00069340534,0.49139547,0.06396605,0.020999964,0.99999994,-1.2612153e-05,-8.416124e-06,-2.1054e-06,0.000106946994,6.2108375e-05,-0.00021229373,-0.0070019886,0.0009074152,1.608651e-05
0.0,0.0,0.0,0.0,0.0,0.0,1.0,0.6279015,0.20479842,0.11005838,0.49139547,0.06396605,0.020999968,0.46852046,0.08973622,0.16277325,0.0074033733,-0.937177,-0.04480809,-0.34588546,-0.4808826,0.25809866,0.85068417,-2.7736754,0.6010933,3.7525,0.33670813,0.04,0.04,0.7912571,2.1723826,-0.8597704,0.44694906,0.10137901,7.737395e-06,-0.96438235,6.910329e-05,0.0007402126,0.0,0.0,0.0,0.0,0.0,0.0,0.04,0.04,-0.48416993,0.27607036,0.84693015,-2.7760632,0.60157347,3.7504253,0.3363249,0.0399799,0.039996695,-0.10532178,0.03759494,-0.0651129,-0.040576067,0.013230871,-0.03481937,-0.024598116,0.0010012656,-0.00035176118,5.5879354e-09,2.3283064e-10,-3.7252903e-09,1.0,-1.489095e-10,-8.781334e-10,-8.472538e-11,0.0,0.0,0.0,0.0,0.0,0.0,0.6278991,0.2048033,0.110060915,0.999987,-0.0029833454,0.0041234936,0.00016625355,0.00044948008,7.579703e-05,-0.00022536148,0.00015837952,0.004369343,0.0001303317,0.4913954,0.06396605,0.020999925,0.99999994,-1.2612442e-05,-8.881685e-06,-2.1373799e-06,0.000106949235,6.244979e-05,-0.00021197624,-0.0070243655,0.00088613504,1.5498123e-05
0.0,0.0,0.0,0.0,0.0,0.0,1.0,0.6278991,0.2048033,0.110060915,0.4913954,0.06396605,0.020999929,0.46498638,0.08767311,0.15459436,0.010096371,-0.940791,-0.04068446,-0.33638552,-0.48416993,0.27607036,0.84693015,-2.7760632,0.60157347,3.7504253,0.3363249,0.0399799,0.039996695,-0.10532178,0.03759494,-0.0651129,-0.040576067,0.013230871,-0.03481937,-0.024598116,0.0010012656,-0.00035176118,0.0,0.0,0.0,0.0,0.0,0.0,0.04,0.04,-0.48639372,0.2768086,0.845772,-2.7764442,0.60183203,3.7503753,0.33626625,0.039998114,0.039991338,-0.035327177,0.009351145,-0.017810239,0.0011825684,0.007086232,-0.0010986632,-0.0032464045,0.0002755022,-1.833788e-05,5.5879354e-09,2.3283064e-10,-3.7252903e-09,1.0,-1.489095e-10,-8.781334e-10,-8.472538e-11,0.0,0.0,0.0,0.0,0.0,0.0,0.6278973,0.2048102,0.11006243,0.99998695,-0.0030100488,0.0041163303,0.00016791771,0.0013876457,-0.0020127655,-0.0009964621,0.017292688,0.011237394,-0.0024163774,0.49139544,0.06396606,0.020999974,0.99999994,-1.28988e-05,-8.860546e-06,-2.2352e-06,0.00010763813,6.179607e-05,-0.00021244922,-0.00700124,0.00091945514,1.5818756e-05
0.0,0.0,0.0,0.0,0.0,0.0,1.0,0.6278973,0.2048102,0.110062435,0.49139544,0.06396606,0.020999977,0.46494374,0.086056344,0.15408295,0.009514183,-0.94107175,-0.039064467,-0.33580855,-0.48639372,0.2768086,0.845772,-2.7764442,0.60183203,3.7503753,0.33626625,0.039998114,0.039991338,-0.035327177,0.009351145,-0.017810239,0.0011825684,0.007086232,-0.0010986632,-0.0032464045,0.0002755022,-1.833788e-05,0.0,0.0,0.0,0.0,0.0,0.0,0.04,0.04,-0.48712227,0.27696326,0.8454275,-2.7764409,0.6019062,3.750377,0.33625212,0.04,0.039993275,-0.011395945,0.0023261916,-0.0053280704,0.00037015034,0.0020247216,1.78971e-05,-0.00077112415,1.0003972e-06,7.160487e-05,5.5879354e-09,2.3283064e-10,-3.7252903e-09,1.0,-1.489095e-10,-8.781334e-10,-8.472538e-11,0.0,0.0,0.0,0.0,0.0,0.0,0.62790143,0.20479839,0.11005832,0.99998707,-0.0029619338,0.0041327416,0.00016562013,0.00024845896,-0.0005687884,-0.00019265583,0.005414762,0.0018177144,-0.000685829,0.4913954,0.063966036,0.020999936,0.99999994,-1.2602495e-05,-9.080544e-06,-2.1793676e-06,0.00010323376,6.401091e-05,-0.00021083,-0.007044008,0.0007967949,1.6846114e-05
0.0,0.0,0.0,0.0,0.0,0.0,1.0,0.62790143,0.20479839,0.11005832,0.4913954,0.063966036,0.02099994,0.4650002,0.08554858,0.15399554,0.009324193,-0.941126,-0.03853792,-0.33572245,-0.48712227,0.27696326,0.8454275,-2.7764409,0.6019062,3.750377,0.33625212,0.04,0.039993275,-0.011395945,0.0023261916,-0.0053280704,0.00037015034,0.0020247216,1.78971e-05,-0.00077112415,1.0003972e-06,7.160487e-05,0.0,0.0,0.0,0.0,0.0,0.0,0.04,0.04,-0.48735115,0.2770059,0.84532046,-2.776438,0.6019293,3.750377,0.33624768,0.04,0.039995804,-0.0035580373,0.0007174615,-0.0016602875,0.00013444583,0.00063499407,2.3224e-05,-0.00023786747,8.25742e-08,6.410033e-05,5.5879354e-09,2.3283064e-10,-3.7252903e-09,1.0,-1.489095e-10,-8.781334e-10,-8.472538e-11,0.0,0.0,0.0,0.0,0.0,0.0,0.6278991,0.2048033,0.110060915,0.999987,-0.0029834977,0.0041236426,0.00016619994,0.0004496914,7.676467e-05,-0.00022182618,0.00013719793,0.0043703057,0.00012632123,0.49139544,0.06396604,0.020999962,0.99999994,-1.2666819e-05,-8.450785e-06,-2.0619314e-06,0.00010716746,6.1921484e-05,-0.0002126084,-0.0069841496,0.00093221315,1.6274516e-05
0.0,0.0,0.0,0.0,0.0,0.0,1.0,0.6278991,0.2048033,0.110060915,0.49139544,0.06396604,0.020999966,0.46501946,0.085389376,0.15397099,0.009263784,-0.94114196,-0.03837335,-0.33569837,-0.48735115,0.2770059,0.84532046,-2.776438,0.6019293,3.750377,0.33624768,0.04,0.039995804,-0.0035580373,0.0007174615,-0.0016602875,0.00013444583,0.00063499407,2.3224e-05,-0.00023786747,8.25742e-08,6.410033e-05,0.0,0.0,0.0,0.0,0.0,0.0,0.04,0.04,-0.48742256,0.27701908,0.8452871,-2.776438,0.60193676,3.750377,0.33624625,0.04,0.039997604,-0.0011077484,0.00022408806,-0.0005182901,4.6439996e-05,0.00020051458,6.7768683e-06,-7.5636046e-05,2.3044766e-09,4.1739335e-05,5.5879354e-09,2.3283064e-10,-3.7252903e-09,1.0,-1.489095e-10,-8.781334e-10,-8.472538e-11,0.0,0.0,0.0,0.0,0.0,0.0,0.6278973,0.2048102,0.1100624,0.99998695,-0.0030102103,0.004116229,0.00016794582,0.0013858804,-0.002005079,-0.000996749,0.01721931,0.011216341,-0.0024120098,0.4913954,0.06396606,0.020999983,0.99999994,-1.3079282e-05,-9.079397e-06,-2.2098934e-06,0.00010461899,6.3727915e-05,-0.00021168383,-0.007037589,0.0008440944,1.640639e-05
0.0,0.0,0.0,0.0,0.0,0.0,1.0,0.6278973,0.2048102,0.110062405,0.4913954,0.06396606,0.020999987,0.46502507,0.08533935,0.15396288,0.009244621,-0.9411471,-0.038321912,-0.33569044,-0.48742256,0.27701908,0.8452871,-2.776438,0.60193676,3.750377,0.33624625,0.04,0.039997604,-0.0011077484,0.00022408806,-0.0005182901,4.6439996e-05,0.00020051458,6.7768683e-06,-7.5636046e-05,2.3044766e-09,4.1739335e-05,0.0,0.0,0.0,0.0,0.0,0.0,0.04,0.04,-0.48744482,0.27702314,0.84527665,-2.776438,0.6019387,3.750377,0.33624578,0.04,0.039998695,-0.0003467614,6.777559e-05,-0.0001608176,1.3506056e-05,6.165371e-05,-1.7997408e-07,-2.2495693e-05,-1.225006e-09,2.4228184e-05,5.5879354e-09,2.3283064e-10,-3.7252903e-09,1.0,-1.489095e-10,-8.781334e-10,-8.472538e-11,0.0,0.0,0.0,0.0,0.0,0.0,0.62790143,0.20479845,0.110058405,0.99998707,-0.0029623508,0.004132683,0.00016567411,0.00024813882,-0.00052961113,-0.00018203736,0.005046717,0.0017685522,-0.00070282136,0.49139544,0.063966036,0.020999955,0.99999994,-1.2359615e-05,-8.979387e-06,-2.0924242e-06,0.00010556749,6.240757e-05,-0.00021168332,-0.007014748,0.0008588536,1.6716494e-05
0.0,0.0,0.0,0.0,0.0,0.0,1.0,0.62790143,0.20479845,0.11005841,0.49139544,0.063966036,0.020999959,0.46502668,0.08532416,0.15396044,0.009238839,-0.9411487,-0.038306326,-0.335688,-0.48744482,0.27702314,0.84527665,-2.776438,0.6019387,3.750377,0.33624578,0.04,0.039998695,-0.0003467614,6.777559e-05,-0.0001608176,1.3506056e-05,6.165371e-05,-1.7997408e-07,-2.2495693e-05,-1.225006e-09,2.4228184e-05,0.0,0.0,0.0,0.0,0.0,0.0,0.04,0.04,-0.4874518,0.2770244,0.84527344,-2.776438,0.6019388,3.750377,0.33624578,0.04,0.039999306,-0.000109720706,1.9408817e-05,-4.909334e-05,1.8514787e-06,1.8488137e-05,-1.2194058e-06,-5.5556793e-06,-7.6105006e-10,1.3351789e-05,5.5879354e-09,2.3283064e-10,-3.7252903e-09,1.0,-1.489095e-10,-8.781334e-10,-8.472538e-11,0.0,0.0,0.0,0.0,0.0,0.0,0.62789917,0.20480327,0.11006087,0.99998707,-0.002983019,0.004123495,0.0001661987,0.00044771808,7.7166245e-05,-0.00022370838,0.00013616857,0.0043506394,0.00012773562,0.49139544,0.063966036,0.020999927,0.99999994,-1.2467599e-05,-8.3790355e-06,-2.1319859e-06,0.000108696426,6.1034247e-05,-0.00021304657,-0.0069806506,0.00095844653,1.594966e-05
0.0,0.0,0.0,0.0,0.0,0.0,1.0,0.62789917,0.20480327,0.11006087,0.49139544,0.063966036,0.02099993,0.46502724,0.08531938,0.15395969,0.009237081,-0.9411491,-0.038301528,-0.33568722,-0.4874518,0.2770244,0.84527344,-2.776438,0.6019388,3.750377,0.33624578,0.04,0.039999306,-0.000109720706,1.9408817e-05,-4.909334e-05,1.8514787e-06,1.8488137e-05,-1.2194058e-06,-5.5556793e-06,-7.6105006e-10,1.3351789e-05,0.0,0.0,0.0,0.0,0.0,0.0,0.04,0.04,-0.4874539,0.27702466,0.8452725,-2.776438,0.6019388,3.750377,0.33624578,0.04,0.03999963,-3.2410186e-05,5.627696e-06,-1.4522152e-05,8.449738e-07,8.855384e-06,-8.046312e-07,-2.1199853e-06,-2.9000213e-10,7.1211484e-06,5.5879354e-09,2.3283064e-10,-3.7252903e-09,1.0,-1.489095e-10,-8.781334e-10,-8.472538e-11,0.0,0.0,0.0,0.0,0.0,0.0,0.6278983,0.20480998,0.11006203,0.999987,-0.0030094045,0.004120454,0.00016743365,0.0007958568,-0.002339074,-0.0006942112,0.020595416,0.00601793,-0.0021850262,0.49139544,0.063966036,0.020999953,0.99999994,-1.2302991e-05,-8.75198e-06,-2.072185e-06,0.00010581547,6.235033e-05,-0.00021202744,-0.007000284,0.0008844437,1.6778773e-05
0.0,0.0,0.0,0.0,0.0,0.0,1.0,0.6278983,0.20480998,0.11006203,0.49139544,0.063966036,0.020999957,0.46502754,0.085317835,0.15395936,0.009236455,-0.94114923,-0.03829992,-0.33568728,-0.4874539,0.27702466,0.8452725,-2.776438,0.6019388,3.750377,0.33624578,0.04,0.03999963,-3.2410186e-05,5.627696e-06,-1.4522152e-05,8.449738e-07,8.855384e-06,-8.046312e-07,-2.1199853e-06,-2.9000213e-10,7.1211484e-06,0.0,0.0,0.0,0.0,0.0,0.0,0.04,0.04,-0.48745447,0.27702466,0.8452725,-2.776438,0.6019388,3.750377,0.33624578,0.04,0.039999805,-7.907165e-06,7.794612e-06,-6.529516e-06,2.5620368e-06,1.362557e-06,5.6581734e-06,-1.3912224e-06,-1.019649e-10,3.6152856e-06,5.5879354e-09,2.3283064e-10,-3.7252903e-09,1.0,-1.489095e-10,-8.781334e-10,-8.472538e-11,0.0,0.0,0.0,0.0,0.0,0.0,0.6279014,0.20479871,0.11005846,0.99998707,-0.0029631008,0.0041328287,0.00016558851,0.00028511984,-0.000528721,-0.00013206722,0.0048283776,0.0020329847,-0.0008436154,0.49139544,0.06396605,0.020999992,0.99999994,-1.28211705e-05,-8.784322e-06,-2.206345e-06,0.000104822866,6.322509e-05,-0.00021206198,-0.007015341,0.0008676038,1.6994947e-05
0.0,0.0,0.0,0.0,0.0,0.0,1.0,0.6279014,0.20479871,0.11005846,0.49139544,0.06396605,0.020999996,0.46502757,0.08531759,0.15395957,0.009236336,-0.9411492,-0.03829971,-0.33568722,-0.48745447,0.27702466,0.8452725,-2.776438,0.6019388,3.750377,0.33624578,0.04,0.039999805,-7.907165e-06,7.794612e-06,-6.529516e-06,2.5620368e-06,1.362557e-06,5.6581734e-06,-1.3912224e-06,-1.019649e-10,3.6152856e-06,0.0,0.0,0.0,0.0,0.0,0.0,0.04,0.04,-0.48745447,0.27702466,0.8452725,-2.776438,0.6019388,3.750377,0.33624578,0.04,0.039999925,-3.5838957e-06,1.4461925e-06,-1.7004468e-06,-9.523922e-08,-1.7804659e-08,1.1095742e-06,5.4546285e-07,-2.2629341e-11,1.9229687e-06,5.5879354e-09,2.3283064e-10,-3.7252903e-09,1.0,-1.489095e-10,-8.781334e-10,-8.472538e-11,0.0,0.0,0.0,0.0,0.0,0.0,0.62789917,0.20480332,0.11006082,0.99998695,-0.0029834828,0.004123617,0.00016617676,0.00044948302,7.559103e-05,-0.00022050929,0.00014400245,0.0043680067,0.00012438733,0.4913954,0.06396603,0.020999964,0.99999994,-1.2290063e-05,-8.9611485e-06,-2.1542153e-06,0.00010345716,6.3613006e-05,-0.00021123273,-0.007024148,0.0008208178,1.731559e-05
0.0,0.0,0.0,0.0,0.0,0.0,1.0,0.62789917,0.20480332,0.110060826,0.4913954,0.06396603,0.020999968,0.46502757,0.08531759,0.15395957,0.009236336,-0.9411492,-0.03829971,-0.33568722,-0.48745447,0.27702466,0.8452725,-2.776438,0.6019388,3.750377,0.33624578,0.04,0.039999925,-3.5838957e-06,1.4461925e-06,-1.7004468e-06,-9.523922e-08,-1.7804659e-08,1.1095742e-06,5.4546285e-07,-2.2629341e-11,1.9229687e-06,0.0,0.0,0.0,0.0,0.0,0.0,0.04,0.04,-0.48745447,0.27702466,0.8452725,-2.776438,0.6019388,3.750377,0.33624578,0.04,0.039999925,-1.225307e-06,9.2562266e-07,-5.75064e-07,-1.2953942e-08,-1.8911763e-07,1.103938e-06,5.480964e-07,-5.8839635e-12,1.072133e-06,5.5879354e-09,2.3283064e-10,-3.7252903e-09,1.0,-1.489095e-10,-8.781334e-10,-8.472538e-11,0.0,0.0,0.0,0.0,0.0,0.0,0.6278973,0.2048102,0.11006244,0.999987,-0.00301014,0.0041163503,0.00016797111,0.001386431,-0.0020049936,-0.00099628,0.017220447,0.011225839,-0.0024109816,0.49139544,0.06396605,0.020999944,0.99999994,-1.27636895e-05,-8.909181e-06,-1.9145705e-06,0.00010640442,6.24451e-05,-0.00021220387,-0.0070058983,0.00089709024,1.622009e-05
0.0,-0.2,0.0,0.0,0.0,0.0,1.0,0.6278973,0.2048102,0.11006245,0.49139544,0.06396605,0.020999948,0.46502757,0.08531759,0.15395957,0.009236336,-0.9411492,-0.03829971,-0.33568722,-0.48745447,0.27702466,0.8452725,-2.776438,0.6019388,3.750377,0.33624578,0.04,0.039999925,-1.225307e-06,9.2562266e-07,-5.75064e-07,-1.2953942e-08,-1.8911763e-07,1.103938e-06,5.480964e-07,-5.8839635e-12,1.072133e-06,0.0,-0.1,0.0,0.0,0.0,0.0,0.04,0.04,-0.5333505,0.26564428,0.85986626,-2.7946005,0.52954274,3.741731,0.36040387,0.039962728,0.04,-1.5817672,-0.35562158,0.30422753,-0.59001565,-2.0361466,-0.22777157,0.6728663,-7.2175346e-05,0.00042365602,5.5879354e-09,2.3283064e-10,-3.7252903e-09,1.0,-1.489095e-10,-8.781334e-10,-8.472538e-11,0.0,0.0,0.0,0.0,0.0,0.0,0.6279015,0.2047984,0.11005836,0.99998707,-0.0029622023,0.0041327598,0.00016566023,0.00024850472,-0.00055607286,-0.00018750512,0.0052890265,0.0018039262,-0.00069264026,0.49139544,0.06396605,0.020999977,0.99999994,-1.2564811e-05,-8.176317e-06,-2.1583862e-06,0.000107034226,6.209685e-05,-0.00021280226,-0.006991753,0.0009294928,1.6418378e-05
0.0,0.0,0.0,0.0,0.0,0.0,1.0,0.6279015,0.2047984,0.11005837,0.49139544,0.06396605,0.020999981,0.46408355,0.082310006,0.15542513,0.014441907,-0.94002664,-0.049817264,-0.33713436,-0.5333505,0.26564428,0.85986626,-2.7946005,0.52954274,3.741731,0.36040387,0.039962728,0.04,-1.5817672,-0.35562158,0.30422753,-0.59001565,-2.0361466,-0.22777157,0.6728663,-7.2175346e-05,0.00042365602,0.0,0.0,0.0,0.0,0.0,0.0,0.04,0.04,-0.5461787,0.26541427,0.85478014,-2.7969275,0.5302357,3.7419481,0.36015412,0.04,0.039979994,-0.17670801,0.04572164,-0.086716644,0.0179963,0.042156298,0.0011028926,-0.012630589,0.000285106,-0.0003927991,5.5879354e-09,2.3283064e-10,-3.7252903e-09,1.0,-1.489095e-10,-8.781334e-10,-8.472538e-11,0.0,0.0,0.0,0.0,0.0,0.0,0.62789917,0.20480327,0.1100609,0.99998707,-0.0029830579,0.0041236077,0.00016622471,0.0004486631,7.653714e-05,-0.00022494052,0.00014780877,0.004360567,0.00012951142,0.49139544,0.06396604,0.020999951,0.99999994,-1.25898005e-05,-8.892053e-06,-2.2119712e-06,0.000107587606,6.202566e-05,-0.00021246396,-0.007005582,0.00091918494,1.565766e-05
0.0,0.0,0.0,0.0,0.0,0.0,1.0,0.62789917,0.20480327,0.1100609,0.49139544,0.06396604,0.020999955,0.46430463,0.07354095,0.15435481,0.010530621,-0.9408872,-0.041776925,-0.33596876,-0.5461787,0.26541427,0.85478014,-2.7969275,0.5302357,3.7419481,0.36015412,0.04,0.039979994,-0.17670801,0.04572164,-0.086716644,0.0179963,0.042156298,0.0011028926,-0.012630589,0.000285106,-0.0003927991,0.0,0.0,0.0,0.0,0.0,0.0,0.04,0.04,-0.54984766,0.26611364,0.85310936,-2.7967875,0.5305979,3.7419703,0.36009225,0.04,0.039979286,-0.05719729,0.010410604,-0.025606513,0.0019385513,0.009718341,0.00038545477,-0.003330342,2.6092592e-05,0.000121352,5.5879354e-09,2.3283064e-10,-3.7252903e-09,1.0,-1.489095e-10,-8.781334e-10,-8.472538e-11,0.0,0.0,0.0,0.0,0.0,0.0,0.6278973,0.20481019,0.1100624,0.999987,-0.0030097377,0.0041165017,0.00016793494,0.0013866525,-0.0020013908,-0.0009962368,0.01718659,0.011230584,-0.002408978,0.49139544,0.06396604,0.020999933,0.99999994,-1.2437029e-05,-8.308397e-06,-2.3209564e-06,0.000107248496,6.1658175e-05,-0.00021270322,-0.0069824383,0.00093183824,1.6546528e-05
0.0,0.0,0.0,0.0,0.0,0.0,1.0,0.6278973,0.20481019,0.110062405,0.49139544,0.06396604,0.020999936,0.46458855,0.07102901,0.15400273,0.009613156,-0.9411274,-0.039126664,-0.3356424,-0.54984766,0.26611364,0.85310936,-2.7967875,0.5305979,3.7419703,0.36009225,0.04,0.039979286,-0.05719729,0.010410604,-0.025606513,0.0019385513,0.009718341,0.00038545477,-0.003330342,2.6092592e-05,0.000121352,0.0,0.0,0.0,0.0,0.0,0.0,0.04,0.04,-0.55098563,0.266309,0.8525903,-2.796763,0.53071076,3.7419791,0.36007276,0.04,0.039985787,-0.01762696,0.003307239,-0.007949793,0.0006888636,0.0030729247,0.000110829955,-0.0010442337,2.4151132e-06,0.0001882565,5.5879354e-09,2.3283064e-10,-3.7252903e-09,1.0,-1.489095e-10,-8.781334e-10,-8.472538e-11,0.0,0.0,0.0,0.0,0.0,0.0,0.6279015,0.20479839,0.11005832,0.99998707,-0.0029619301,0.0041327165,0.00016553019,0.00025450016,-0.00059375307,-0.00019666899,0.005618224,0.0019072492,-0.00068653445,0.49139544,0.063966036,0.020999964,0.99999994,-1.235611e-05,-8.833842e-06,-2.0838336e-06,0.00010561779,6.242626e-05,-0.00021170595,-0.0070162164,0.0008595459,1.6663236e-05
0.0,0.0,0.0,0.0,0.0,0.0,1.0,0.6279015,0.20479839,0.11005832,0.49139544,0.063966036,0.020999968,0.46466833,0.07024572,0.15389508,0.009321094,-0.94120026,-0.03830844,-0.33554083,-0.55098563,0.266309,0.8525903,-2.796763,0.53071076,3.7419791,0.36007276,0.04,0.039985787,-0.01762696,0.003307239,-0.007949793,0.0006888636,0.0030729247,0.000110829955,-0.0010442337,2.4151132e-06,0.0001882565,0.0,0.0,0.0,0.0,0.0,0.0,0.04,0.04,-0.55133724,0.26636985,0.8524298,-2.7967546,0.5307457,3.7419791,0.36006662,0.04,0.03999156,-0.005450421,0.0010176258,-0.0024597514,0.00021227956,0.00094823097,3.2680236e-05,-0.00032494013,2.0233553e-07,0.00013894516,5.5879354e-09,2.3283064e-10,-3.7252903e-09,1.0,-1.489095e-10,-8.781334e-10,-8.472538e-11,0.0,0.0,0.0,0.0,0.0,0.0,0.6278991,0.2048033,0.1100609,0.99998707,-0.0029834525,0.004123365,0.0001662878,0.00044956306,7.6220196e-05,-0.00022265599,0.00014459188,0.0043690163,0.00012709528,0.49139544,0.063966036,0.020999936,0.99999994,-1.2439633e-05,-8.2759225e-06,-2.271024e-06,0.000107189,6.1809355e-05,-0.00021270574,-0.006985122,0.0009313429,1.6470864e-05
0.0,0.0,0.0,0.0,0.0,0.0,1.0,0.6278991,0.2048033,0.1100609,0.49139544,0.063966036,0.02099994,0.46469292,0.070004165,0.15386152,0.009231538,-0.9412228,-0.038055807,-0.33550864,-0.55133724,0.26636985,0.8524298,-2.7967546,0.5307457,3.7419791,0.36006662,0.04,0.03999156,-0.005450421,0.0010176258,-0.0024597514,0.00021227956,0.00094823097,3.2680236e-05,-0.00032494013,2.0233553e-07,0.00013894516,0.0,0.0,0.0,0.0,0.0,0.0,0.04,0.04,-0.5514457,0.26638865,0.8523801,-2.7967536,0.53075653,3.7419791,0.36006472,0.04,0.039995298,-0.0016830947,0.000315418,-0.0007618508,6.825412e-05,0.00029506916,9.609937e-06,-0.00010231467,1.1627262e-08,8.4887506e-05,5.5879354e-09,2.3283064e-10,-3.7252903e-09,1.0,-1.489095e-10,-8.781334e-10,-8.472538e-11,0.0,0.0,0.0,0.0,0.0,0.0,0.6278973,0.20481022,0.11006243,0.9999869,-0.0030100963,0.004116527,0.00016797606,0.001383627,-0.0020018546,-0.0009948761,0.017193956,0.011198667,-0.0024066742,0.49139544,0.063966036,0.020999962,0.99999994,-1.2422025e-05,-8.782233e-06,-2.2365612e-06,0.00010643789,6.196349e-05,-0.00021215856,-0.006996726,0.00089570653,1.6638203e-05
0.0,0.0,0.0,0.0,0.0,0.0,1.0,0.6278973,0.20481022,0.110062435,0.49139544,0.063966036,0.020999966,0.46469983,0.06992917,0.1538508,0.009203672,-0.94123006,-0.037977904,-0.33549806,-0.5514457,0.26638865,0.8523801,-2.7967536,0.53075653,3.7419791,0.36006472,0.04,0.039995298,-0.0016830947,0.000315418,-0.0007618508,6.825412e-05,0.00029506916,9.609937e-06,-0.00010231467,1.1627262e-08,8.4887506e-05,0.0,0.0,0.0,0.0,0.0,0.0,0.04,0.04,-0.5514793,0.26639447,0.85236484,-2.7967536,0.53076,3.7419791,0.36006424,0.04,0.039997466,-0.0005202068,9.711482e-05,-0.00023579881,2.2969936e-05,9.100579e-05,2.4042163e-06,-3.243642e-05,-1.933903e-09,4.792919e-05,5.5879354e-09,2.3283064e-10,-3.7252903e-09,1.0,-1.489095e-10,-8.781334e-10,-8.472538e-11,0.0,0.0,0.0,0.0,0.0,0.0,0.62790143,0.20479842,0.11005845,0.9999871,-0.0029619748,0.004132696,0.00016563397,0.0002510565,-0.0005421984,-0.00018189166,0.0051524607,0.0018005569,-0.0007095782,0.49139547,0.06396605,0.020999951,0.99999994,-1.2803191e-05,-8.822287e-06,-1.9959675e-06,0.00010705679,6.210772e-05,-0.00021233877,-0.007003863,0.0009088568,1.6015443e-05
0.0,-0.2,0.0,0.0,0.0,0.0,1.0,0.62790143,0.20479842,0.11005846,0.49139547,0.06396605,0.020999955,0.4647017,0.069906116,0.15384719,0.009195209,-0.9412323,-0.037953645,-0.3354945,-0.5514793,0.26639447,0.85236484,-2.7967536,0.53076,3.7419791,0.36006424,0.04,0.039997466,-0.0005202068,9.711482e-05,-0.00023579881,2.2969936e-05,9.100579e-05,2.4042163e-06,-3.243642e-05,-1.933903e-09,4.792919e-05,0.0,-0.1,0.0,0.0,0.0,0.0,0.04,0.04,-0.59759414,0.25653028,0.86615866,-2.8121722,0.45758015,3.7334943,0.38204217,0.03996375,0.04,-1.5967609,-0.3014133,0.2786475,-0.49980965,-2.0567923,-0.22487377,0.61195433,-9.4831994e-05,0.0004547558,5.5879354e-09,2.3283064e-10,-3.7252903e-09,1.0,-1.489095e-10,-8.781334e-10,-8.472538e-11,0.0,0.0,0.0,0.0,0.0,0.0,0.62789774,0.20480308,0.11006156,0.999987,-0.0029814926,0.004117601,0.00016640988,0.00043998606,0.0002869162,-0.00027891164,-0.0021716275,0.0043954174,0.00014488812,0.49139544,0.063966036,0.020999968,0.99999994,-1.2286095e-05,-8.752739e-06,-1.952153e-06,0.00010496977,6.28251e-05,-0.00021168517,-0.0070222067,0.00084750773,1.6920065e-05
0.0,-0.2,0.0,0.0,0.0,0.0,1.0,0.62789774,0.20480308,0.11006157,0.49139544,0.063966036,0.020999972,0.4639741,0.067128606,0.1552867,0.014292866,-0.9400934,-0.0499869,-0.3369293,-0.59759414,0.25653028,0.86615866,-2.8121722,0.45758015,3.7334943,0.38204217,0.03996375,0.04,-1.5967609,-0.3014133,0.2786475,-0.49980965,-2.0567923,-0.22487377,0.61195433,-9.4831994e-05,0.0004547558,0.0,-0.1,0.0,0.0,0.0,0.0,0.04,0.04,-0.65786415,0.24789186,0.8746768,-2.8275583,0.38395047,3.7254858,0.40264642,0.03996445,0.04,-1.8031683,-0.21235621,0.17572123,-0.4111367,-2.0417044,-0.22011138,0.55992955,0.00036922467,4.7511254e-05,5.5879354e-09,2.3283064e-10,-3.7252903e-09,1.0,-1.489095e-10,-8.781334e-10,-8.472538e-11,0.0,0.0,0.0,0.0,0.0,0.0,0.6278973,0.20481023,0.11006246,0.999987,-0.0030099654,0.0041165194,0.00016784832,0.001385875,-0.0019991216,-0.0009983499,0.017157916,0.011210054,-0.002411145,0.49139544,0.06396604,0.020999948,0.99999994,-1.2919793e-05,-8.8847555e-06,-2.213482e-06,0.00010493687,6.3211846e-05,-0.00021187837,-0.007010879,0.00087044475,1.6714846e-05
0.0,0.0,0.0,0.0,0.0,0.0,1.0,0.6278973,0.20481023,0.110062465,0.49139544,0.06396604,0.020999951,0.46335328,0.05561469,0.15565524,0.015544355,-0.93976015,-0.053931534,-0.33719495,-0.65786415,0.24789186,0.8746768,-2.8275583,0.38395047,3.7254858,0.40264642,0.03996445,0.04,-1.8031683,-0.21235621,0.17572123,-0.4111367,-2.0417044,-0.22011138,0.55992955,0.00036922467,4.7511254e-05,0.0,0.0,0.0,0.0,0.0,0.0,0.04,0.04,-0.6755599,0.24896047,0.86782557,-2.8289464,0.3849628,3.7256827,0.40237412,0.04,0.039971307,-0.2523629,0.050977483,-0.11247022,0.01885005,0.05145969,0.0013426248,-0.013673723,0.000541429,-0.00033949647,5.5879354e-09,2.3283064e-10,-3.7252903e-09,1.0,-1.489095e-10,-8.781334e-10,-8.472538e-11,0.0,0.0,0.0,0.0,0.0,0.0,0.6279015,0.20479842,0.11005836,0.99998707,-0.0029622926,0.004132812,0.00016562542,0.00024912713,-0.00055525923,-0.00018544446,0.0052752537,0.0018071065,-0.0006960266,0.4913954,0.06396603,0.020999974,0.99999994,-1.2538196e-05,-9.186581e-06,-2.1703167e-06,0.00010353906,6.354609e-05,-0.0002117431,-0.00701252,0.00084295985,1.7714743e-05
0.0,0.0,0.0,0.0,0.0,0.0,1.0,0.6279015,0.20479842,0.11005837,0.4913954,0.06396603,0.020999977,0.46356118,0.04398463,0.15429094,0.010956407,-0.9409099,-0.042376995,-0.33581656,-0.6755599,0.24896047,0.86782557,-2.8289464,0.3849628,3.7256827,0.40237412,0.04,0.039971307,-0.2523629,0.050977483,-0.11247022,0.01885005,0.05145969,0.0013426248,-0.013673723,0.000541429,-0.00033949647,0.0,0.0,0.0,0.0,0.0,0.0,0.04,0.04,-0.6806485,0.24979544,0.8656056,-2.828723,0.38545203,3.725717,0.4023022,0.04,0.039971363,-0.078623116,0.012729157,-0.033311326,0.003396736,0.012939951,0.0005898348,-0.0037849557,4.83323e-05,0.00018728847,5.5879354e-09,2.3283064e-10,-3.7252903e-09,1.0,-1.489095e-10,-8.781334e-10,-8.472538e-11,0.0,0.0,0.0,0.0,0.0,0.0,0.6278991,0.20480329,0.110060886,0.999987,-0.0029833086,0.004123248,0.0001663202,0.0004492472,7.567415e-05,-0.00022454099,0.00015626082,0.0043667085,0.00012915058,0.49139547,0.06396604,0.020999948,0.99999994,-1.2474202e-05,-8.4835665e-06,-2.1022167e-06,0.0001069508,6.2105304e-05,-0.00021230693,-0.0070022633,0.0009072755,1.6095713e-05
0.0,0.0,0.0,0.0,0.0,0.0,1.0,0.6278991,0.20480329,0.110060886,0.49139547,0.06396604,0.020999951,0.46377853,0.040558532,0.15389243,0.009744555,-0.94120705,-0.03872189,-0.33546212,-0.6806485,0.24979544,0.8656056,-2.828723,0.38545203,3.725717,0.4023022,0.04,0.039971363,-0.078623116,0.012729157,-0.033311326,0.003396736,0.012939951,0.0005898348,-0.0037849557,4.83323e-05,0.00018728847,0.0,0.0,0.0,0.0,0.0,0.0,0.04,0.04,-0.6821972,0.25003308,0.86492896,-2.8286693,0.38560113,3.7257285,0.40227997,0.04,0.03998052,-0.02382413,0.0039390624,-0.010152868,0.0010924733,0.003991855,0.00016198838,-0.0011679197,4.363104e-06,0.0002623396,5.5879354e-09,2.3283064e-10,-3.7252903e-09,1.0,-1.489095e-10,-8.781334e-10,-8.472538e-11,0.0,0.0,0.0,0.0,0.0,0.0,0.6278973,0.20481023,0.1100624,0.99998695,-0.0030100562,0.0041163247,0.00016790273,0.0013869451,-0.0020091862,-0.0009965994,0.017259108,0.011228793,-0.0024140927,0.4913954,0.06396604,0.020999981,0.99999994,-1.2490195e-05,-9.190446e-06,-2.1847916e-06,0.000105513944,6.2643005e-05,-0.00021192944,-0.007025251,0.0008572765,1.6754853e-05
0.0,0.0,0.0,0.0,0.0,0.0,1.0,0.6278973,0.20481023,0.110062405,0.4913954,0.06396604,0.020999985,0.46383485,0.03951323,0.15377149,0.009370238,-0.9412949,-0.03761244,-0.3353525,-0.6821972,0.25003308,0.86492896,-2.8286693,0.38560113,3.7257285,0.40227997,0.04,0.03998052,-0.02382413,0.0039390624,-0.010152868,0.0010924733,0.003991855,0.00016198838,-0.0011679197,4.363104e-06,0.0002623396,0.0,0.0,0.0,0.0,0.0,0.0,0.04,0.04,-0.68266743,0.2501057,0.8647235,-2.8286521,0.3856464,3.7257316,0.40227318,0.04,0.039988477,-0.0072303545,0.0012013847,-0.003085957,0.00032777636,0.0012155857,5.059335e-05,-0.0003570665,3.5869033e-07,0.00019122096,5.5879354e-09,2.3283064e-10,-3.7252903e-09,1.0,-1.489095e-10,-8.781334e-10,-8.472538e-11,0.0,0.0,0.0,0.0,0.0,0.0,0.6279015,0.2047984,0.1100584,0.9999871,-0.0029621143,0.004132829,0.00016565407,0.00024900484,-0.0005406428,-0.00018556477,0.0051517664,0.0017871878,-0.00069986715,0.49139544,0.063966036,0.020999946,0.99999994,-1.2601207e-05,-8.5149795e-06,-2.057205e-06,0.00010710726,6.2072424e-05,-0.0002125988,-0.0069863643,0.0009317784,1.6185748e-05
0.0,0.0,0.0,0.0,0.0,0.0,1.0,0.6279015,0.2047984,0.1100584,0.49139544,0.063966036,0.02099995,0.46385196,0.03919583,0.15373513,0.009256691,-0.9413214,-0.037275404,-0.3353192,-0.68266743,0.2501057,0.8647235,-2.8286521,0.3856464,3.7257316,0.40227318,0.04,0.039988477,-0.0072303545,0.0012013847,-0.003085957,0.00032777636,0.0012155857,5.059335e-05,-0.0003570665,3.5869033e-07,0.00019122096,0.0,0.0,0.0,0.0,0.0,0.0,0.04,0.04,-0.68281037,0.25012776,0.8646611,-2.8286488,0.3856601,3.7257316,0.40227127,0.04,0.03999361,-0.0021941753,0.00036453872,-0.0009365762,9.766506e-05,0.0003703817,1.738182e-05,-0.00010847855,2.100099e-08,0.0001160602,5.5879354e-09,2.3283064e-10,-3.7252903e-09,1.0,-1.489095e-10,-8.781334e-10,-8.472538e-11,0.0,0.0,0.0,0.0,0.0,0.0,0.62789917,0.20480329,0.11006088,0.999987,-0.0029832628,0.0041236267,0.00016621969,0.00044927368,7.708382e-05,-0.00022229464,0.00013625747,0.004366703,0.00012768831,0.4913954,0.063966036,0.020999925,0.99999994,-1.2643199e-05,-9.233663e-06,-2.19345e-06,0.000103498125,6.363827e-05,-0.00021126607,-0.0070257476,0.00082137436,1.7276057e-05
0.0,0.0,0.0,0.0,0.0,0.0,1.0,0.62789917,0.20480329,0.110060886,0.4913954,0.063966036,0.020999929,0.4638562,0.03909924,0.15372312,0.009222269,-0.9413297,-0.037173092,-0.33530796,-0.68281037,0.25012776,0.8646611,-2.8286488,0.3856601,3.7257316,0.40227127,0.04,0.03999361,-0.0021941753,0.00036453872,-0.0009365762,9.766506e-05,0.0003703817,1.738182e-05,-0.00010847855,2.100099e-08,0.0001160602,0.0,0.0,0.0,0.0,0.0,0.0,0.04,0.04,-0.68285394,0.25013453,0.8646421,-2.8286488,0.38566428,3.7257316,0.4022708,0.04,0.039996564,-0.00066186936,0.00011554177,-0.00028767306,3.6405687e-05,0.000114342794,6.9565217e-06,-3.6986683e-05,-1.0429064e-09,6.519558e-05,5.5879354e-09,2.3283064e-10,-3.7252903e-09,1.0,-1.489095e-10,-8.781334e-10,-8.472538e-11,0.0,0.0,0.0,0.0,0.0,0.0,0.6278973,0.20481023,0.11006241,0.999987,-0.0030101473,0.00411646,0.00016790017,0.0013839614,-0.002005179,-0.0009946768,0.017225103,0.011203031,-0.0024089317,0.49139547,0.06396604,0.020999959,0.99999994,-1.26592795e-05,-8.660295e-06,-2.0971092e-06,0.0001070088,6.195873e-05,-0.00021229818,-0.006999765,0.0009077325,1.6169755e-05
0.0,0.0,0.0,0.0,0.0,0.0,1.0,0.6278973,0.20481023,0.11006242,0.49139547,0.06396604,0.020999962,0.46385694,0.039070085,0.15371922,0.0092121065,-0.94133246,-0.037142098,-0.33530402,-0.68285394,0.25013453,0.8646421,-2.8286488,0.38566428,3.7257316,0.4022708,0.04,0.039996564,-0.00066186936,0.00011554177,-0.00028767306,3.6405687e-05,0.000114342794,6.9565217e-06,-3.6986683e-05,-1.0429064e-09,6.519558e-05,0.0,0.0,0.0,0.0,0.0,0.0,0.04,0.04,-0.68286717,0.25013664,0.86463624,-2.8286488,0.3856655,3.7257316,0.4022708,0.04,0.039998185,-0.00019937106,3.6783833e-05,-8.762746e-05,1.1911889e-05,3.626227e-05,1.8005393e-06,-1.1905473e-05,-1.3419972e-09,3.524985e-05,5.5879354e-09,2.3283064e-10,-3.7252903e-09,1.0,-1.489095e-10,-8.781334e-10,-8.472538e-11,0.0,0.0,0.0,0.0,0.0,0.0,0.62790143,0.2047984,0.110058375,0.99998707,-0.0029621997,0.004132702,0.00016557673,0.00024859858,-0.00055742776,-0.00018751115,0.005300405,0.0018058132,-0.00069298066,0.49139544,0.063966036,0.020999918,0.99999994,-1.2299447e-05,-8.683683e-06,-1.9917372e-06,0.000106612504,6.2046376e-05,-0.00021221153,-0.0069999546,0.00089914666,1.6395014e-05
0.0,0.2,0.0,0.0,0.0,0.0,1.0,0.62790143,0.2047984,0.11005838,0.49139544,0.063966036,0.020999921,0.46385717,0.03906082,0.15371805,0.009208679,-0.94133335,-0.037132382,-0.33530274,-0.68286717,0.25013664,0.86463624,-2.8286488,0.3856655,3.7257316,0.4022708,0.04,0.039998185,-0.00019937106,3.6783833e-05,-8.762746e-05,1.1911889e-05,3.626227e-05,1.8005393e-06,-1.1905473e-05,-1.3419972e-09,3.524985e-05,0.0,0.1,0.0,0.0,0.0,0.0,0.04,0.04,-0.63809603,0.25728005,0.85314244,-2.8180585,0.4586928,3.7346542,0.38452572,0.04,0.039965432,1.5545079,0.2215439,-0.20236509,0.36066332,2.0363266,0.24411298,-0.50285244,0.00066060835,-0.0001722882,5.5879354e-09,2.3283064e-10,-3.7252903e-09,1.0,-1.489095e-10,-8.781334e-10,-8.472538e-11,0.0,0.0,0.0,0.0,0.0,0.0,0.6278991,0.2048033,0.11006092,0.999987,-0.0029834064,0.0041234833,0.00016623894,0.00044913017,7.628073e-05,-0.00022462201,0.0001510574,0.0043657506,0.00012977254,0.49139547,0.06396605,0.020999959,0.99999994,-1.2637821e-05,-8.5823895e-06,-2.0229818e-06,0.000107001055,6.2150444e-05,-0.00021232433,-0.007003833,0.0009082692,1.6017057e-05
0.0,0.0,0.0,0.0,0.0,0.0,1.0,0.6278991,0.2048033,0.11006093,0.49139547,0.06396605,0.020999962,0.46372953,0.041560486,0.1522575,0.0041655893,-0.9423725,-0.02431199,-0.33365488,-0.63809603,0.25728005,0.85314244,-2.8180585,0.4586928,3.7346542,0.38452572,0.04,0.039965432,1.5545079,0.2215439,-0.20236509,0.36066332,2.0363266,0.24411298,-0.50285244,0.00066060835,-0.0001722882,0.0,0.0,0.0,0.0,0.0,0.0,0.04,0.04,-0.6245591,0.2569373,0.85834366,-2.816577,0.45801395,3.7344716,0.38477507,0.039981216,0.04,0.18733847,-0.042649135,0.088668704,-0.015724018,-0.042026892,-0.0011537697,0.012583844,-0.00044093298,0.00023910035,5.5879354e-09,2.3283064e-10,-3.7252903e-09,1.0,-1.489095e-10,-8.781334e-10,-8.472538e-11,0.0,0.0,0.0,0.0,0.0,0.0,0.6278973,0.20481019,0.11006242,0.99998695,-0.0030100709,0.0041164136,0.00016784611,0.0013851449,-0.0020031182,-0.0009949278,0.017204775,0.011218122,-0.0024085476,0.49139544,0.06396603,0.020999923,0.99999994,-1.23620675e-05,-8.7677245e-06,-1.95523e-06,0.00010647982,6.1997205e-05,-0.00021189674,-0.00701413,0.0008746478,1.6340286e-05
0.0,0.0,0.0,0.0,0.0,0.0,1.0,0.6278973,0.20481019,0.11006242,0.49139544,0.06396603,0.020999927,0.46377212,0.05051288,0.15326118,0.007879198,-0.9416905,-0.032954305,-0.3347701,-0.6245591,0.2569373,0.85834366,-2.816577,0.45801395,3.7344716,0.38477507,0.039981216,0.04,0.18733847,-0.042649135,0.088668704,-0.015724018,-0.042026892,-0.0011537697,0.012583844,-0.00044093298,0.00023910035,0.0,0.0,0.0,0.0,0.0,0.0,0.04,0.04,-0.62071687,0.25626245,0.86006033,-2.816706,0.45763645,3.734449,0.38483608,0.039978568,0.04,0.0594462,-0.010348958,0.02598024,-0.0023093969,-0.01009009,-0.00031031136,0.0032561834,9.998081e-05,2.2316917e-05,5.5879354e-09,2.3283064e-10,-3.7252903e-09,1.0,-1.489095e-10,-8.781334e-10,-8.472538e-11,0.0,0.0,0.0,0.0,0.0,0.0,0.62790143,0.2047984,0.11005833,0.9999871,-0.002962118,0.0041327123,0.00016564317,0.00024933266,-0.00058236823,-0.00019366914,0.0055267136,0.0018471861,-0.0006815955,0.49139544,0.06396604,0.020999972,0.99999994,-1.2667755e-05,-8.755953e-06,-2.187125e-06,0.00010497256,6.3153966e-05,-0.00021187785,-0.0070101614,0.00087066035,1.6736145e-05
0.0,0.0,0.0,0.0,0.0,0.0,1.0,0.62790143,0.2047984,0.11005834,0.49139544,0.06396604,0.020999976,0.46358562,0.05312162,0.15360242,0.008816242,-0.94146675,-0.03572306,-0.3350919,-0.62071687,0.25626245,0.86006033,-2.816706,0.45763645,3.734449,0.38483608,0.039978568,0.04,0.0594462,-0.010348958,0.02598024,-0.0023093969,-0.01009009,-0.00031031136,0.0032561834,9.998081e-05,2.2316917e-05,0.0,0.0,0.0,0.0,0.0,0.0,0.04,0.04,-0.61953855,0.25607094,0.8605854,-2.8167353,0.45752123,3.73444,0.38485476,0.03998496,0.04,0.01816688,-0.0032087232,0.007948851,-0.000764499,-0.0031185572,-0.00011150005,0.0009941102,0.00019267017,2.2817146e-06,5.5879354e-09,2.3283064e-10,-3.7252903e-09,1.0,-1.489095e-10,-8.781334e-10,-8.472538e-11,0.0,0.0,0.0,0.0,0.0,0.0,0.62789917,0.20480332,0.11006092,0.999987,-0.002983402,0.004123504,0.00016629897,0.00045014222,7.6286495e-05,-0.00022237566,0.00014429181,0.004374942,0.0001271165,0.49139547,0.06396605,0.020999948,0.99999994,-1.2723048e-05,-8.125606e-06,-1.9910417e-06,0.00010884264,6.09389e-05,-0.00021334077,-0.0069632,0.000982797,1.6113718e-05
0.0,0.0,0.0,0.0,0.0,0.0,1.0,0.62789917,0.20480332,0.11006093,0.49139547,0.06396605,0.020999951,0.46352762,0.053922955,0.15370423,0.009108514,-0.9413972,-0.036568552,-0.33518797,-0.61953855,0.25607094,0.8605854,-2.8167353,0.45752123,3.73444,0.38485476,0.03998496,0.04,0.01816688,-0.0032087232,0.007948851,-0.000764499,-0.0031185572,-0.00011150005,0.0009941102,0.00019267017,2.2817146e-06,0.0,0.0,0.0,0.0,0.0,0.0,0.04,0.04,-0.61917824,0.25601223,0.8607458,-2.816745,0.457486,3.73444,0.38486055,0.039990995,0.039999995,0.005564403,-0.00097377336,0.0024290048,-0.00023568526,-0.0009478849,-3.160458e-05,0.0003009915,0.0001466319,2.4982222e-07,5.5879354e-09,2.3283064e-10,-3.7252903e-09,1.0,-1.489095e-10,-8.781334e-10,-8.472538e-11,0.0,0.0,0.0,0.0,0.0,0.0,0.6278973,0.20481023,0.11006239,0.999987,-0.003010038,0.0041164304,0.0001679429,0.0013856527,-0.0019982352,-0.000995962,0.017157068,0.011220351,-0.0024066644,0.49139544,0.06396604,0.020999981,0.99999994,-1.300304e-05,-8.870476e-06,-2.193644e-06,0.000104848026,6.3356696e-05,-0.00021207417,-0.0070180693,0.00086839905,1.6845e-05
0.0,0.0,0.0,0.0,0.0,0.0,1.0,0.6278973,0.20481023,0.11006239,0.49139544,0.06396604,0.020999985,0.46350968,0.054167397,0.15373594,0.009197086,-0.9413755,-0.036827028,-0.3352181,-0.61917824,0.25601223,0.8607458,-2.816745,0.457486,3.73444,0.38486055,0.039990995,0.039999995,0.005564403,-0.00097377336,0.0024290048,-0.00023568526,-0.0009478849,-3.160458e-05,0.0003009915,0.0001466319,2.4982222e-07,0.0,0.0,0.0,0.0,0.0,0.0,0.04,0.04,-0.6190678,0.25599426,0.8607948,-2.8167465,0.45747524,3.73444,0.38486207,0.039994977,0.04,0.0017004266,-0.0003006666,0.00074238586,-7.684446e-05,-0.00029110184,-1.0639602e-05,9.195257e-05,9.0387744e-05,4.3720174e-08,5.5879354e-09,2.3283064e-10,-3.7252903e-09,1.0,-1.489095e-10,-8.781334e-10,-8.472538e-11,0.0,0.0,0.0,0.0,0.0,0.0,0.62790143,0.20479837,0.11005843,0.9999871,-0.0029619236,0.004132755,0.000165613,0.0002491851,-0.00053934415,-0.0001832305,0.0051332996,0.0017845167,-0.00070443173,0.4913954,0.06396604,0.020999936,0.99999994,-1.2846167e-05,-8.984398e-06,-2.189647e-06,0.00010466871,6.375435e-05,-0.00021148025,-0.0070333267,0.0008459208,1.6144451e-05
0.0,0.0,0.0,0.0,0.0,0.0,1.0,0.62790143,0.20479837,0.11005843,0.4913954,0.06396604,0.02099994,0.46350503,0.054242644,0.15374598,0.009224504,-0.9413686,-0.036906004,-0.33522832,-0.6190678,0.25599426,0.8607948,-2.8167465,0.45747524,3.73444,0.38486207,0.039994977,0.04,0.0017004266,-0.0003006666,0.00074238586,-7.684446e-05,-0.00029110184,-1.0639602e-05,9.195257e-05,9.0387744e-05,4.3720174e-08,0.0,0.0,0.0,0.0,0.0,0.0,0.04,0.04,-0.61903405,0.25598884,0.86080974,-2.8167465,0.45747197,3.73444,0.38486254,0.03999729,0.04,0.0005232604,-8.616726e-05,0.00022441153,-2.2627644e-05,-8.802872e-05,2.111865e-06,2.4894205e-05,5.118079e-05,7.810934e-09,5.5879354e-09,2.3283064e-10,-3.7252903e-09,1.0,-1.489095e-10,-8.781334e-10,-8.472538e-11,0.0,0.0,0.0,0.0,0.0,0.0,0.62789774,0.20480311,0.11006152,0.99998707,-0.002981702,0.0041177077,0.00016648922,0.00043990868,0.00028720754,-0.0002793582,-0.0021749227,0.0043945303,0.00014447283,0.49139544,0.06396605,0.02099997,0.99999994,-1.2854895e-05,-8.416065e-06,-2.0741122e-06,0.000107102984,6.204558e-05,-0.00021260127,-0.006985825,0.00093163404,1.6213015e-05
0.0,0.0,0.0,0.0,0.0,0.0,1.0,0.62789774,0.20480311,0.11006153,0.49139544,0.06396605,0.020999974,0.46350366,0.054265562,0.15374905,0.009232968,-0.94136643,-0.036929965,-0.3352313,-0.61903405,0.25598884,0.86080974,-2.8167465,0.45747197,3.73444,0.38486254,0.03999729,0.04,0.0005232604,-8.616726e-05,0.00022441153,-2.2627644e-05,-8.802872e-05,2.111865e-06,2.4894205e-05,5.118079e-05,7.810934e-09,0.0,0.0,0.0,0.0,0.0,0.0,0.04,0.04,-0.6190236,0.2559872,0.8608143,-2.8167465,0.45747098,3.73444,0.38486254,0.039998565,0.04,0.00015926754,-2.7910779e-05,6.856121e-05,-6.983536e-06,-2.6528158e-05,-1.4086622e-06,7.844602e-06,2.777206e-05,2.7018499e-09,5.5879354e-09,2.3283064e-10,-3.7252903e-09,1.0,-1.489095e-10,-8.781334e-10,-8.472538e-11,0.0,0.0,0.0,0.0,0.0,0.0,0.6278973,0.20481023,0.11006239,0.99998695,-0.0030102867,0.0041162875,0.0001678368,0.0013863565,-0.0020062332,-0.0009981958,0.01722509,0.01121416,-0.0024153998,0.4913954,0.06396605,0.02099994,0.99999994,-1.2957184e-05,-9.077396e-06,-2.170252e-06,0.00010472673,6.369111e-05,-0.00021148947,-0.0070327763,0.0008466546,1.6153399e-05
0.0,0.0,0.0,0.0,0.0,0.0,1.0,0.6278973,0.20481023,0.11006239,0.4913954,0.06396605,0.020999944,0.4635032,0.05427266,0.15374994,0.0092356205,-0.9413658,-0.036937416,-0.33523232,-0.6190236,0.2559872,0.8608143,-2.8167465,0.45747098,3.73444,0.38486254,0.039998565,0.04,0.00015926754,-2.7910779e-05,6.856121e-05,-6.983536e-06,-2.6528158e-05,-1.4086622e-06,7.844602e-06,2.777206e-05,2.7018499e-09,0.0,0.0,0.0,0.0,0.0,0.0,0.04,0.04,-0.61902046,0.25598675,0.86081564,-2.8167465,0.45747098,3.73444,0.38486254,0.039999247,0.04,5.1473606e-05,-2.5729823e-06,1.9512929e-05,-1.2558296e-06,-7.0288033e-06,5.176633e-06,9.0030164e-07,1.4740647e-05,4.9818943e-10,5.5879354e-09,2.3283064e-10,-3.7252903e-09,1.0,-1.489095e-10,-8.781334e-10,-8.472538e-11,0.0,0.0,0.0,0.0,0.0,0.0,0.62790143,0.20479839,0.11005835,0.99998707,-0.0029619173,0.00413256,0.00016562943,0.00025016163,-0.0005686767,-0.00018951355,0.00540255,0.001828377,-0.0006935588,0.49139544,0.063966036,0.020999962,0.99999994,-1.2422641e-05,-9.03315e-06,-2.0811713e-06,0.00010530989,6.2593674e-05,-0.0002114719,-0.007035315,0.00083259266,1.6660308e-05
0.0,0.0,-0.2,0.0,0.0,0.0,1.0,0.62790143,0.20479839,0.11005835,0.49139544,0.063966036,0.020999966,0.4635032,0.05427441,0.15375048,0.009236097,-0.94136554,-0.036939353,-0.3352327,-0.61902046,0.25598675,0.86081564,-2.8167465,0.45747098,3.73444,0.38486254,0.039999247,0.04,5.1473606e-05,-2.5729823e-06,1.9512929e-05,-1.2558296e-06,-7.0288033e-06,5.176633e-06,9.0030164e-07,1.4740647e-05,4.9818943e-10,0.0,0.0,-0.1,0.0,0.0,0.0,0.04,0.04,-0.5767476,0.3170418,0.8242409,-2.796829,0.47371048,3.7525003,0.34062716,0.0399976,0.039992508,1.10463,2.1648073,-1.0434827,0.51143765,0.34444606,8.234036e-06,-1.1145782,-0.0002318868,0.001688731,5.5879354e-09,2.3283064e-10,-3.7252903e-09,1.0,-1.489095e-10,-8.781334e-10,-8.472538e-11,0.0,0.0,0.0,0.0,0.0,0.0,0.62789774,0.20480311,0.11006153,0.99998707,-0.0029816832,0.0041176556,0.00016648005,0.00043909752,0.00028644374,-0.0002788658,-0.0021647476,0.0043861927,0.00014574126,0.49139544,0.06396604,0.020999935,0.99999994,-1.2542095e-05,-8.435012e-06,-2.14155e-06,0.00010869878,6.103305e-05,-0.00021305076,-0.0069807386,0.0009583512,1.5945208e-05
0.0,0.0,-0.2,0.0,0.0,0.0,1.0,0.62789774,0.20480311,0.11006153,0.49139544,0.06396604,0.020999938,0.4630269,0.058870666,0.13805157,0.012427419,-0.94465196,-0.04504028,-0.32473013,-0.5767476,0.3170418,0.8242409,-2.796829,0.47371048,3.7525003,0.34062716,0.0399976,0.039992508,1.10463,2.1648073,-1.0434827,0.51143765,0.34444606,8.234036e-06,-1.1145782,-0.0002318868,0.001688731,0.0,0.0,-0.1,0.0,0.0,0.0,0.04,0.04,-0.5429312,0.3891786,0.78763765,-2.7784026,0.47718447,3.7524986,0.30807573,0.04,0.04,0.8734501,2.131797,-1.026922,0.5281265,0.01541263,-1.5723344e-07,-0.8343031,-4.0387098e-05,0.0006660612,5.5879354e-09,2.3283064e-10,-3.7252903e-09,1.0,-1.489095e-10,-8.781334e-10,-8.472538e-11,0.0,0.0,0.0,0.0,0.0,0.0,0.6278973,0.20481025,0.110062405,0.999987,-0.003010318,0.0041162344,0.0001678429,0.0013870712,-0.0020053843,-0.0009986103,0.017215976,0.011221417,-0.002415625,0.4913954,0.063966036,0.020999968,0.99999994,-1.23357795e-05,-8.877724e-06,-2.2226104e-06,0.00010368973,6.354479e-05,-0.00021156573,-0.007009007,0.0008462841,1.739819e-05
0.0,0.0,0.0,0.0,0.0,0.0,1.0,0.6278973,0.20481025,0.110062405,0.4913954,0.063966036,0.020999972,0.4577174,0.0642087,0.11376977,0.022189587,-0.951836,-0.051070303,-0.30150902,-0.5429312,0.3891786,0.78763765,-2.7784026,0.47718447,3.7524986,0.30807573,0.04,0.04,0.8734501,2.131797,-1.026922,0.5281265,0.01541263,-1.5723344e-07,-0.8343031,-4.0387098e-05,0.0006660612,0.0,0.0,0.0,0.0,0.0,0.0,0.04,0.04,-0.5445971,0.40767607,0.78321064,-2.780517,0.47779804,3.7503319,0.30778164,0.03998482,0.03999889,-0.06666825,0.04008367,-0.05537697,-0.046806596,0.009812261,-0.040803257,-0.01902393,0.0007134566,-6.575446e-05,5.5879354e-09,2.3283064e-10,-3.7252903e-09,1.0,-1.489095e-10,-8.781334e-10,-8.472538e-11,0.0,0.0,0.0,0.0,0.0,0.0,0.6279015,0.2047984,0.110058345,0.9999871,-0.0029620496,0.004132764,0.00016556981,0.00024997332,-0.0005812324,-0.00019196494,0.0055127307,0.0018494467,-0.0006846265,0.49139544,0.06396605,0.020999948,0.99999994,-1.2647268e-05,-8.775818e-06,-2.1075946e-06,0.00010697271,6.2211875e-05,-0.00021232884,-0.007004975,0.00090785994,1.5984193e-05
0.0,0.0,0.0,0.0,0.0,0.0,1.0,0.6279015,0.2047984,0.11005835,0.49139544,0.06396605,0.020999951,0.4530298,0.063441895,0.10566813,0.025856942,-0.9549525,-0.04726821,-0.29182684,-0.5445971,0.40767607,0.78321064,-2.780517,0.47779804,3.7503319,0.30778164,0.03998482,0.03999889,-0.06666825,0.04008367,-0.05537697,-0.046806596,0.009812261,-0.040803257,-0.01902393,0.0007134566,-6.575446e-05,0.0,0.0,0.0,0.0,0.0,0.0,0.04,0.04,-0.54584795,0.4083797,0.78228515,-2.7809603,0.47798717,3.7502537,0.30775565,0.039997768,0.039994672,-0.01687659,0.006438842,-0.012160602,0.000763929,0.004263231,-0.0019488664,-0.001482723,0.000192596,-1.7836453e-05,5.5879354e-09,2.3283064e-10,-3.7252903e-09,1.0,-1.489095e-10,-8.781334e-10,-8.472538e-11,0.0,0.0,0.0,0.0,0.0,0.0,0.6278991,0.20480332,0.110060856,0.99998695,-0.0029835065,0.0041234046,0.00016624492,0.00045012071,7.5888645e-05,-0.00022304156,0.00015012728,0.0043748794,0.00012754441,0.49139547,0.06396605,0.020999936,0.99999994,-1.2842549e-05,-8.731224e-06,-1.961847e-06,0.00010712141,6.19802e-05,-0.00021234088,-0.0070016165,0.0009095495,1.6069493e-05
0.0,0.0,0.0,0.0,0.0,0.0,1.0,0.6278991,0.20480332,0.110060856,0.49139547,0.06396605,0.02099994,0.4527429,0.062468383,0.10516779,0.02556926,-0.95519644,-0.04624474,-0.2912172,-0.54584795,0.4083797,0.78228515,-2.7809603,0.47798717,3.7502537,0.30775565,0.039997768,0.039994672,-0.01687659,0.006438842,-0.012160602,0.000763929,0.004263231,-0.0019488664,-0.001482723,0.000192596,-1.7836453e-05,0.0,0.0,0.0,0.0,0.0,0.0,0.04,0.04,-0.54617655,0.4084725,0.7820785,-2.7809565,0.47802833,3.750253,0.30775112,0.04,0.039995942,-0.0043782056,0.0009912868,-0.002772643,0.00025531393,0.00092996977,-6.462823e-05,-0.0002293919,2.2391332e-07,4.7972546e-05,5.5879354e-09,2.3283064e-10,-3.7252903e-09,1.0,-1.489095e-10,-8.781334e-10,-8.472538e-11,0.0,0.0,0.0,0.0,0.0,0.0,0.6278973,0.20481022,0.11006238,0.99998695,-0.0030101577,0.004116358,0.0001678972,0.0013843018,-0.0020008506,-0.00099426,0.01718522,0.01121136,-0.00240592,0.49139544,0.06396603,0.02099997,0.99999994,-1.2372401e-05,-8.899457e-06,-1.9422298e-06,0.00010669558,6.172359e-05,-0.00021230169,-0.006996603,0.0008990303,1.6704853e-05
0.0,0.0,0.0,0.0,0.0,0.0,1.0,0.6278973,0.20481022,0.11006239,0.49139544,0.06396603,0.020999974,0.4527469,0.06222172,0.105109826,0.02548042,-0.95522857,-0.045981526,-0.2911612,-0.54617655,0.4084725,0.7820785,-2.7809565,0.47802833,3.750253,0.30775112,0.04,0.039995942,-0.0043782056,0.0009912868,-0.002772643,0.00025531393,0.00092996977,-6.462823e-05,-0.0002293919,2.2391332e-07,4.7972546e-05,0.0,0.0,0.0,0.0,0.0,0.0,0.04,0.04,-0.54625803,0.40848905,0.78202885,-2.7809548,0.47803816,3.750253,0.30775017,0.04,0.039997574,-0.0010715253,0.00022229782,-0.0006698999,7.902559e-05,0.00022664433,1.1837116e-06,-5.1476658e-05,3.1277025e-09,4.0394123e-05,5.5879354e-09,2.3283064e-10,-3.7252903e-09,1.0,-1.489095e-10,-8.781334e-10,-8.472538e-11,0.0,0.0,0.0,0.0,0.0,0.0,0.62790143,0.2047984,0.11005839,0.9999871,-0.0029620838,0.0041327486,0.00016561423,0.00024705738,-0.0005377508,-0.00018657619,0.005131747,0.0017694096,-0.0006955026,0.49139544,0.06396604,0.020999942,0.99999994,-1.25025645e-05,-8.343972e-06,-2.1677272e-06,0.000108703505,6.0928956e-05,-0.00021304088,-0.006978668,0.0009580417,1.6034463e-05
0.0,0.0,0.0,0.0,0.0,0.0,1.0,0.62790143,0.2047984,0.1100584,0.49139544,0.06396604,0.020999946,0.45274964,0.06216059,0.10509835,0.025457412,-0.9552355,-0.045917332,-0.29115078,-0.54625803,0.40848905,0.78202885,-2.7809548,0.47803816,3.750253,0.30775017,0.04,0.039997574,-0.0010715253,0.00022229782,-0.0006698999,7.902559e-05,0.00022664433,1.1837116e-06,-5.1476658e-05,3.1277025e-09,4.0394123e-05,0.0,0.0,0.0,0.0,0.0,0.0,0.04,0.04,-0.546278,0.40849283,0.7820169,-2.7809548,0.47804055,3.750253,0.30775017,0.04,0.03999866,-0.00026070682,5.2569056e-05,-0.00016297871,2.3004504e-05,5.5693246e-05,6.170938e-07,-1.2258275e-05,-2.2306255e-09,2.4810139e-05,5.5879354e-09,2.3283064e-10,-3.7252903e-09,1.0,-1.489095e-10,-8.781334e-10,-8.472538e-11,0.0,0.0,0.0,0.0,0.0,0.0,0.62789917,0.20480333,0.110060915,0.99998695,-0.0029835545,0.0041236067,0.00016623652,0.00045003442,7.671374e-05,-0.00022267089,0.00014185425,0.0043743555,0.00012792677,0.49139544,0.063966036,0.020999959,0.99999994,-1.2458971e-05,-8.431263e-06,-2.2016413e-06,0.00010644268,6.227219e-05,-0.00021276296,-0.006993865,0.00091745827,1.6827438e-05
0.0,0.0,0.0,0.0,0.0,0.0,1.0,0.62789917,0.20480333,0.110060915,0.49139544,0.063966036,0.020999962,0.4527501,0.062145762,0.1050953,0.02545172,-0.9552372,-0.045901775,-0.29114795,-0.546278,0.40849283,0.7820169,-2.7809548,0.47804055,3.750253,0.30775017,0.04,0.03999866,-0.00026070682,5.2569056e-05,-0.00016297871,2.3004504e-05,5.5693246e-05,6.170938e-07,-1.2258275e-05,-2.2306255e-09,2.4810139e-05,0.0,0.0,0.0,0.0,0.0,0.0,0.04,0.04,-0.5462827,0.40849385,0.7820139,-2.7809548,0.4780414,3.750253,0.30775017,0.04,0.039999288,-6.0344206e-05,1.4270008e-05,-4.0928415e-05,6.259396e-06,1.560786e-05,1.0301424e-06,-5.0793356e-06,-7.295302e-10,1.3753879e-05,5.5879354e-09,2.3283064e-10,-3.7252903e-09,1.0,-1.489095e-10,-8.781334e-10,-8.472538e-11,0.0,0.0,0.0,0.0,0.0,0.0,0.6278973,0.2048102,0.110062435,0.999987,-0.0030099368,0.0041164258,0.00016795672,0.0013879751,-0.0020089913,-0.0009973021,0.01725595,0.011238071,-0.0024147378,0.49139544,0.063966036,0.02099993,0.99999994,-1.2512384e-05,-9.091446e-06,-2.0550044e-06,0.0001055556,6.2572995e-05,-0.00021171651,-0.0070186867,0.00085887423,1.6587843e-05
0.0,0.0,0.0,0.0,0.0,0.0,1.0,0.6278973,0.2048102,0.110062435,0.49139544,0.063966036,0.020999935,0.45275018,0.06214214,0.10509485,0.025450319,-0.9552376,-0.045897663,-0.29114732,-0.5462827,0.40849385,0.7820139,-2.7809548,0.4780414,3.750253,0.30775017,0.04,0.039999288,-6.0344206e-05,1.4270008e-05,-4.0928415e-05,6.259396e-06,1.560786e-05,1.0301424e-06,-5.0793356e-06,-7.295302e-10,1.3753879e-05,0.0,0.0,0.0,0.0,0.0,0.0,0.04,0.04,-0.5462839,0.40849385,0.7820135,-2.7809548,0.4780414,3.750253,0.30775017,0.04,0.039999627,-1.6387994e-05,3.0995197e-06,-8.488453e-06,6.2212735e-07,3.4458074e-06,-8.839852e-07,1.4821192e-06,-1.4833586e-10,7.339215e-06,5.5879354e-09,2.3283064e-10,-3.7252903e-09,1.0,-1.489095e-10,-8.781334e-10,-8.472538e-11,0.0,0.0,0.0,0.0,0.0,0.0,0.62790143,0.20479843,0.110058405,0.99998707,-0.002962545,0.004132702,0.00016559465,0.00024649545,-0.00052076596,-0.00017879083,0.00496117,0.0017438747,-0.0007063564,0.49139544,0.06396605,0.020999957,0.99999994,-1.2742666e-05,-8.6386235e-06,-2.153611e-06,0.00010692851,6.236131e-05,-0.0002123262,-0.0070077064,0.0009074957,1.5887312e-05
0.0,0.0,0.0,0.0,0.0,0.0,1.0,0.62790143,0.20479843,0.11005841,0.49139544,0.06396605,0.02099996,0.45275033,0.06214134,0.10509488,0.025449961,-0.9552376,-0.045896977,-0.29114732,-0.5462839,0.40849385,0.7820135,-2.7809548,0.4780414,3.750253,0.30775017,0.04,0.039999627,-1.6387994e-05,3.0995197e-06,-8.488453e-06,6.2212735e-07,3.4458074e-06,-8.839852e-07,1.4821192e-06,-1.4833586e-10,7.339215e-06,0.0,0.0,0.0,0.0,0.0,0.0,0.04,0.04,-0.5462839,0.40849385,0.7820135,-2.7809548,0.4780414,3.750253,0.30775017,0.04,0.0399998,-4.049519e-06,7.968768e-07,-2.8611655e-06,1.3494659e-07,9.3923825e-07,4.5409458e-08,-1.4060461e-07,-4.3999547e-11,3.6897984e-06,5.5879354e-09,2.3283064e-10,-3.7252903e-09,1.0,-1.489095e-10,-8.781334e-10,-8.472538e-11,0.0,0.0,0.0,0.0,0.0,0.0,0.62789917,0.20480327,0.11006084,0.999987,-0.002982944,0.004123541,0.0001662143,0.0004478067,7.684453e-05,-0.000224012,0.00014077382,0.004351802,0.0001282662,0.49139544,0.06396604,0.020999927,0.99999994,-1.24838325e-05,-9.06772e-06,-2.0639782e-06,0.000105509396,6.253967e-05,-0.00021131754,-0.0070315185,0.0008364547,1.6360918e-05
0.0,0.0,0.0,0.0,0.0,0.0,1.0,0.62789917,0.20480327,0.11006084,0.49139544,0.06396604,0.02099993,0.45275033,0.06214134,0.10509488,0.025449961,-0.9552376,-0.045896977,-0.29114732,-0.5462839,0.40849385,0.7820135,-2.7809548,0.4780414,3.750253,0.30775017,0.04,0.0399998,-4.049519e-06,7.968768e-07,-2.8611655e-06,1.3494659e-07,9.3923825e-07,4.5409458e-08,-1.4060461e-07,-4.3999547e-11,3.6897984e-06,0.0,0.0,0.0,0.0,0.0,0.0,0.04,0.04,-0.5462839,0.40849385,0.7820135,-2.7809548,0.4780414,3.750253,0.30775017,0.04,0.03999992,-9.0729134e-07,2.1999037e-07,-9.823787e-07,3.595227e-08,6.545025e-07,1.081869e-08,-1.3685062e-07,-1.0730686e-11,1.982995e-06,5.5879354e-09,2.3283064e-10,-3.7252903e-09,1.0,-1.489095e-10,-8.781334e-10,-8.472538e-11,0.0,0.0,0.0,0.0,0.0,0.0,0.6278983,0.20480998,0.11006205,0.999987,-0.0030096094,0.0041202856,0.00016746757,0.0007964573,-0.002337749,-0.0006947905,0.02058027,0.006023348,-0.0021853587,0.49139544,0.06396604,0.020999959,0.99999994,-1.26139785e-05,-8.475233e-06,-2.110662e-06,0.00010869997,6.1039675e-05,-0.00021304363,-0.0069807693,0.0009584442,1.5931431e-05
0.0,0.0,0.0,0.0,0.0,0.0,1.0,0.6278983,0.20480998,0.11006205,0.49139544,0.06396604,0.020999962,0.45275033,0.06214134,0.10509488,0.025449961,-0.9552376,-0.045896977,-0.29114732,-0.5462839,0.40849385,0.7820135,-2.7809548,0.4780414,3.750253,0.30775017,0.04,0.03999992,-9.0729134e-07,2.1999037e-07,-9.823787e-07,3.595227e-08,6.545025e-07,1.081869e-08,-1.3685062e-07,-1.0730686e-11,1.982995e-06,0.0,0.0,0.0,0.0,0.0,0.0,0.04,0.04,-0.5462839,0.40849385,0.7820135,-2.7809548,0.4780414,3.750253,0.30775017,0.04,0.03999992,-4.7856652e-08,6.1182256e-08,-4.686334e-07,9.099371e-09,5.7710724e-07,1.8172055e-09,-1.3616112e-07,-3.1436503e-12,1.1283081e-06,5.5879354e-09,2.3283064e-10,-3.7252903e-09,1.0,-1.489095e-10,-8.781334e-10,-8.472538e-11,0.0,0.0,0.0,0.0,0.0,0.0,0.62790143,0.20479867,0.11005847,0.999987,-0.0029626386,0.004132773,0.00016557531,0.00028836945,-0.00054479076,-0.00013987828,0.004974361,0.002086596,-0.0008388495,0.4913954,0.06396603,0.020999938,0.99999994,-1.2459933e-05,-9.110357e-06,-2.2239565e-06,0.00010355579,6.348953e-05,-0.00021125974,-0.0070232274,0.0008218234,1.7362696e-05
0.0,0.0,0.0,0.0,0.0,0.0,1.0,0.62790143,0.20479867,0.11005847,0.4913954,0.06396603,0.020999942,0.45275033,0.06214134,0.10509488,0.025449961,-0.9552376,-0.045896977,-0.29114732,-0.5462839,0.40849385,0.7820135,-2.7809548,0.4780414,3.750253,0.30775017,0.04,0.03999992,-4.7856652e-08,6.1182256e-08,-4.686334e-07,9.099371e-09,5.7710724e-07,1.8172055e-09,-1.3616112e-07,-3.1436503e-12,1.1283081e-06,0.0,0.0,0.0,0.0,0.0,0.0,0.04,0.04,-0.5462839,0.40849385,0.7820135,-2.7809548,0.4780414,3.750253,0.30775017,0.04,0.03999992,1.8629142e-07,1.8103457e-08,-3.2843255e-07,1.9736626e-09,5.556352e-07,-9.2263563e-10,-1.3572401e-07,-9.562207e-13,1.1291934e-06,5.5879354e-09,2.3283064e-10,-3.7252903e-09,1.0,-1.489095e-10,-8.781334e-10,-8.472538e-11,0.0,0.0,0.0,0.0,0.0,0.0,0.6278977,0.20480311,0.11006157,0.99998707,-0.0029816588,0.0041175126,0.00016644584,0.00043839816,0.0002885274,-0.0002770029,-0.0021930048,0.004379413,0.00014404458,0.49139544,0.06396604,0.02099997,0.99999994,-1.2445481e-05,-8.438673e-06,-2.2294307e-06,0.00010655935,6.203711e-05,-0.00021257006,-0.0069853137,0.0009194976,1.6750979e-05
0.0,0.0,0.0,0.0,0.0,0.0,1.0,0.6278977,0.20480311,0.11006157,0.49139544,0.06396604,0.020999974,0.45275033,0.06214134,0.10509488,0.025449961,-0.9552376,-0.045896977,-0.29114732,-0.5462839,0.40849385,0.7820135,-2.7809548,0.4780414,3.750253,0.30775017,0.04,0.03999992,1.8629142e-07,1.8103457e-08,-3.2843255e-07,1.9736626e-09,5.556352e-07,-9.2263563e-10,-1.3572401e-07,-9.562207e-13,1.1291934e-06,0.0,0.0,0.0,0.0,0.0,0.0,0.04,0.04,-0.5462839,0.40849385,0.7820135,-2.7809548,0.4780414,3.750253,0.30775017,0.04,0.03999992,2.5076005e-07,6.3080985e-09,-2.8984675e-07,-3.302135e-11,5.497258e-07,-1.6838406e-09,-1.356032e-07,-2.7434993e-13,1.1294392e-06,5.5879354e-09,2.3283064e-10,-3.7252903e-09,1.0,-1.489095e-10,-8.781334e-10,-8.472538e-11,0.0,0.0,0.0,0.0,0.0,0.0,0.6278973,0.20481025,0.1100624,0.999987,-0.0030101577,0.004116402,0.00016784652,0.0013887684,-0.0020050872,-0.0009996602,0.01721031,0.011238018,-0.0024175697,0.49139544,0.06396604,0.020999933,0.99999994,-1.2388753e-05,-8.928047e-06,-2.0799318e-06,0.000105439154,6.266166e-05,-0.00021131331,-0.007033254,0.00083590654,1.631279e-05
0.2,0.0,0.0,0.0,0.0,0.0,1.0,0.6278973,0.20481025,0.110062405,0.49139544,0.06396604,0.020999936,0.45275033,0.06214134,0.10509488,0.025449961,-0.9552376,-0.045896977,-0.29114732,-0.5462839,0.40849385,0.7820135,-2.7809548,0.4780414,3.750253,0.30775017,0.04,0.03999992,2.5076005e-07,6.3080985e-09,-2.8984675e-07,-3.302135e-11,5.497258e-07,-1.6838406e-09,-1.356032e-07,-2.7434993e-13,1.1294392e-06,0.1,0.0,0.0,0.0,0.0,0.0,0.04,0.04,-0.5207844,0.41963738,0.75851643,-2.7430189,0.4970801,3.7219338,0.28110158,0.039994784,0.04,0.7013768,0.3552442,-0.6748092,1.3449632,0.54277265,-0.797227,-0.74226636,-0.00019736555,3.303183e-05,5.5879354e-09,2.3283064e-10,-3.7252903e-09,1.0,-1.489095e-10,-8.781334e-10,-8.472538e-11,0.0,0.0,0.0,0.0,0.0,0.0,0.62790143,0.20479839,0.11005831,0.999987,-0.0029620372,0.004132733,0.00016567284,0.00025170232,-0.0005870192,-0.00019356611,0.005561731,0.0018713507,-0.000686088,0.4913954,0.06396605,0.020999972,0.99999994,-1.2787608e-05,-8.997564e-06,-2.2858615e-06,0.000105625644,6.281272e-05,-0.00021202007,-0.0070079924,0.00088246784,1.6531567e-05
0.2,0.0,0.0,0.0,0.0,0.0,1.0,0.62790143,0.20479839,0.11005831,0.4913954,0.06396605,0.020999976,0.46363956,0.06322551,0.102880135,0.02574423,-0.9562818,-0.04849848,-0.28724614,-0.5207844,0.41963738,0.75851643,-2.7430189,0.4970801,3.7219338,0.28110158,0.039994784,0.04,0.7013768,0.3552442,-0.6748092,1.3449632,0.54277265,-0.797227,-0.74226636,-0.00019736555,3.303183e-05,0.1,0.0,0.0,0.0,0.0,0.0,0.04,0.04,-0.4946732,0.4315469,0.7329129,-2.6957943,0.5172436,3.693852,0.25429156,0.03999404,0.039999995,0.7302616,0.33074424,-0.7302792,1.3556843,0.56869936,-0.77588105,-0.74377143,7.477042e-05,1.128e-06,5.5879354e-09,2.3283064e-10,-3.7252903e-09,1.0,-1.489095e-10,-8.781334e-10,-8.472538e-11,0.0,0.0,0.0,0.0,0.0,0.0,0.62789917,0.20480329,0.11006086,0.99998707,-0.00298322,0.004123351,0.00016630022,0.00044985532,7.542095e-05,-0.00022393563,0.00015632572,0.004372054,0.00012801262,0.49139544,0.06396605,0.020999946,0.99999994,-1.282281e-05,-8.405667e-06,-2.100073e-06,0.00010712989,6.198161e-05,-0.0002126001,-0.0069847177,0.0009319977,1.6252709e-05
0.0,0.0,0.0,0.0,0.0,0.0,1.0,0.62789917,0.20480329,0.11006087,0.49139544,0.06396605,0.02099995,0.47878417,0.06356855,0.10284911,0.026041627,-0.95628625,-0.04885173,-0.28714442,-0.4946732,0.4315469,0.7329129,-2.6957943,0.5172436,3.693852,0.25429156,0.03999404,0.039999995,0.7302616,0.33074424,-0.7302792,1.3556843,0.56869936,-0.77588105,-0.74377143,7.477042e-05,1.128e-06,0.0,0.0,0.0,0.0,0.0,0.0,0.04,0.04,-0.49649212,0.4318407,0.7326191,-2.6873715,0.51715255,3.694071,0.2543642,0.039999958,0.03999689,-0.04792039,-0.04078099,0.0006560491,-0.011900205,-0.00902364,0.018652543,0.0053967703,3.2037788e-06,-0.00014332274,5.5879354e-09,2.3283064e-10,-3.7252903e-09,1.0,-1.489095e-10,-8.781334e-10,-8.472538e-11,0.0,0.0,0.0,0.0,0.0,0.0,0.6278973,0.20481022,0.11006242,0.999987,-0.0030101351,0.004116333,0.00016793341,0.00138669,-0.0020063494,-0.0009957385,0.017233681,0.011231924,-0.0024116365,0.4913954,0.06396605,0.020999976,0.99999994,-1.29722985e-05,-9.029942e-06,-2.2064992e-06,0.00010467126,6.357317e-05,-0.00021167859,-0.007034786,0.0008445412,1.6497623e-05
0.0,0.0,0.0,0.0,0.0,0.0,1.0,0.6278973,0.20481022,0.11006242,0.4913954,0.06396605,0.02099998,0.4830127,0.0626314,0.10519804,0.025932044,-0.9552399,-0.046591997,-0.2909868,-0.49649212,0.4318407,0.7326191,-2.6873715,0.51715255,3.694071,0.2543642,0.039999958,0.03999689,-0.04792039,-0.04078099,0.0006560491,-0.011900205,-0.00902364,0.018652543,0.0053967703,3.2037788e-06,-0.00014332274,0.0,0.0,0.0,0.0,0.0,0.0,0.04,0.04,-0.49707103,0.43148637,0.73237133,-2.6872687,0.5171904,3.6941366,0.25436527,0.04,0.039995663,-0.0074231084,-0.0001338021,-0.0038976718,0.0020142037,0.0012252268,0.0011336334,0.00019275253,3.3889597e-07,2.7542546e-05,5.5879354e-09,2.3283064e-10,-3.7252903e-09,1.0,-1.489095e-10,-8.781334e-10,-8.472538e-11,0.0,0.0,0.0,0.0,0.0,0.0,0.62790143,0.2047984,0.110058405,0.99998707,-0.002962117,0.004132817,0.00016563889,0.00025109915,-0.0005597888,-0.00018550307,0.005312623,0.0018269069,-0.0006993512,0.49139544,0.06396603,0.020999948,0.99999994,-1.2255694e-05,-8.931252e-06,-2.0700134e-06,0.000105534986,6.2470834e-05,-0.00021167699,-0.0070157833,0.000858409,1.6685422e-05
0.0,0.0,0.0,0.0,0.0,0.0,1.0,0.62790143,0.2047984,0.11005841,0.49139544,0.06396603,0.020999951,0.48317787,0.062171534,0.1053478,0.025669098,-0.95520484,-0.04621038,-0.29118618,-0.49707103,0.43148637,0.73237133,-2.6872687,0.5171904,3.6941366,0.25436527,0.04,0.039995663,-0.0074231084,-0.0001338021,-0.0038976718,0.0020142037,0.0012252268,0.0011336334,0.00019275253,3.3889597e-07,2.7542546e-05,0.0,0.0,0.0,0.0,0.0,0.0,0.04,0.04,-0.4972123,0.43148962,0.7322927,-2.687244,0.51720417,3.6941433,0.25436413,0.04,0.039997198,-0.002026684,0.00024881857,-0.0011967336,0.00018193836,0.00034479037,9.638937e-05,-4.4818473e-05,1.7275513e-08,4.154914e-05,5.5879354e-09,2.3283064e-10,-3.7252903e-09,1.0,-1.489095e-10,-8.781334e-10,-8.472538e-11,0.0,0.0,0.0,0.0,0.0,0.0,0.62789917,0.2048033,0.11006089,0.999987,-0.0029831934,0.0041235806,0.00016625485,0.00044947478,7.6411874e-05,-0.00022473004,0.00015023518,0.0043689725,0.0001298911,0.49139544,0.06396604,0.02099998,0.99999994,-1.2323837e-05,-8.356042e-06,-2.1589728e-06,0.00010864271,6.091681e-05,-0.00021324263,-0.006982969,0.00095630076,1.6296994e-05
0.0,0.0,0.0,0.0,0.0,0.0,1.0,0.62789917,0.2048033,0.1100609,0.49139544,0.06396604,0.020999983,0.4831989,0.062059723,0.10534456,0.025623053,-0.9552096,-0.046102047,-0.29119188,-0.4972123,0.43148962,0.7322927,-2.687244,0.51720417,3.6941433,0.25436413,0.04,0.039997198,-0.002026684,0.00024881857,-0.0011967336,0.00018193836,0.00034479037,9.638937e-05,-4.4818473e-05,1.7275513e-08,4.154914e-05,0.0,0.0,0.0,0.0,0.0,0.0,0.04,0.04,-0.49725127,0.4314953,0.73226947,-2.6872423,0.5172083,3.6941433,0.25436366,0.04,0.0399984,-0.0005618414,0.00010959655,-0.00035418902,4.3489516e-05,0.00010363943,1.3498986e-05,-2.0191519e-05,-2.7499902e-09,2.8070097e-05,5.5879354e-09,2.3283064e-10,-3.7252903e-09,1.0,-1.489095e-10,-8.781334e-10,-8.472538e-11,0.0,0.0,0.0,0.0,0.0,0.0,0.6278983,0.20480996,0.11006201,0.99998695,-0.0030093528,0.004120273,0.00016739065,0.000792446,-0.0023321507,-0.00069264474,0.020530142,0.0059873397,-0.0021799346,0.49139544,0.063966036,0.020999936,0.99999994,-1.2630975e-05,-8.998163e-06,-2.0472996e-06,0.0001055425,6.2777e-05,-0.00021161993,-0.007019933,0.000859839,1.6313646e-05
0.0,0.0,0.0,0.0,0.0,0.0,1.0,0.6278983,0.20480996,0.11006202,0.49139544,0.063966036,0.02099994,0.48320106,0.06202868,0.10533987,0.025611132,-0.9552125,-0.046072483,-0.2911882,-0.49725127,0.4314953,0.73226947,-2.6872423,0.5172083,3.6941433,0.25436366,0.04,0.0399984,-0.0005618414,0.00010959655,-0.00035418902,4.3489516e-05,0.00010363943,1.3498986e-05,-2.0191519e-05,-2.7499902e-09,2.8070097e-05,0.0,0.0,0.0,0.0,0.0,0.0,0.04,0.04,-0.49726227,0.43149737,0.73226273,-2.6872423,0.5172101,3.6941433,0.25436366,0.04,0.039999135,-0.00015756174,3.247229e-05,-0.00010456131,1.3920775e-05,3.0331152e-05,5.02792e-07,-1.0478992e-05,-1.148909e-09,1.6279606e-05,5.5879354e-09,2.3283064e-10,-3.7252903e-09,1.0,-1.489095e-10,-8.781334e-10,-8.472538e-11,0.0,0.0,0.0,0.0,0.0,0.0,0.6279014,0.20479871,0.1100585,0.99998707,-0.0029630077,0.004132649,0.000165612,0.00028502796,-0.000531044,-0.00013312191,0.0048509114,0.0020360895,-0.00084142754,0.49139544,0.063966036,0.02099997,0.99999994,-1.24289345e-05,-8.225913e-06,-2.0880912e-06,0.000107178435,6.210875e-05,-0.00021263525,-0.006988412,0.0009328236,1.610556e-05
0.0,0.0,0.0,0.0,0.0,0.0,1.0,0.6279014,0.20479871,0.1100585,0.49139544,0.063966036,0.020999974,0.4832013,0.062019646,0.10533811,0.025607884,-0.9552135,-0.046063364,-0.29118663,-0.49726227,0.43149737,0.73226273,-2.6872423,0.5172101,3.6941433,0.25436366,0.04,0.039999135,-0.00015756174,3.247229e-05,-0.00010456131,1.3920775e-05,3.0331152e-05,5.02792e-07,-1.0478992e-05,-1.148909e-09,1.6279606e-05,0.0,0.0,0.0,0.0,0.0,0.0,0.04,0.04,-0.49726546,0.4314981,0.7322606,-2.6872423,0.5172101,3.6941433,0.25436366,0.04,0.03999954,-4.6728295e-05,1.2054884e-05,-2.9534873e-05,3.975843e-06,6.229584e-06,3.0028473e-06,-1.0498075e-06,-4.1757917e-10,8.922241e-06,5.5879354e-09,2.3283064e-10,-3.7252903e-09,1.0,-1.489095e-10,-8.781334e-10,-8.472538e-11,0.0,0.0,0.0,0.0,0.0,0.0,0.62789917,0.20480332,0.11006092,0.99998695,-0.0029835054,0.0041235117,0.00016626298,0.00044937572,7.620716e-05,-0.00022231606,0.00014551786,0.0043680454,0.00012775545,0.49139547,0.06396604,0.020999935,0.99999994,-1.255832e-05,-8.8008655e-06,-2.077689e-06,0.000107091415,6.2133724e-05,-0.00021235696,-0.00700468,0.00090962474,1.5964513e-05
0.0,0.0,0.0,0.0,0.0,0.0,1.0,0.62789917,0.20480332,0.11006093,0.49139547,0.06396604,0.020999938,0.4832013,0.062017325,0.105337515,0.02560702,-0.9552138,-0.046061188,-0.2911861,-0.49726546,0.4314981,0.7322606,-2.6872423,0.5172101,3.6941433,0.25436366,0.04,0.03999954,-4.6728295e-05,1.2054884e-05,-2.9534873e-05,3.975843e-06,6.229584e-06,3.0028473e-06,-1.0498075e-06,-4.1757917e-10,8.922241e-06,0.0,0.0,0.0,0.0,0.0,0.0,0.04,0.04,-0.49726632,0.4314981,0.7322606,-2.6872423,0.5172101,3.6941433,0.25436366,0.04,0.039999757,-1.0986195e-05,6.220455e-06,-1.1131795e-05,1.9560812e-06,3.0191536e-06,2.4851636e-06,-2.3576915e-06,-1.4336424e-10,4.8265533e-06,5.5879354e-09,2.3283064e-10,-3.7252903e-09,1.0,-1.489095e-10,-8.781334e-10,-8.472538e-11,0.0,0.0,0.0,0.0,0.0,0.0,0.6278973,0.20481023,0.110062405,0.999987,-0.0030102683,0.0041163145,0.00016785973,0.0013874446,-0.0020038602,-0.0009966828,0.017208537,0.011237138,-0.0024113066,0.49139547,0.063966036,0.020999976,0.99999994,-1.24712105e-05,-8.329277e-06,-1.9952483e-06,0.00010819046,6.111951e-05,-0.00021291207,-0.0069788354,0.0009484248,1.6253225e-05
0.0,0.0,0.0,0.0,0.0,0.0,1.0,0.6278973,0.20481023,0.110062405,0.49139547,0.063966036,0.02099998,0.48320132,0.062016934,0.10533771,0.02560693,-0.9552137,-0.04606086,-0.29118612,-0.49726632,0.4314981,0.7322606,-2.6872423,0.5172101,3.6941433,0.25436366,0.04,0.039999757,-1.0986195e-05,6.220455e-06,-1.1131795e-05,1.9560812e-06,3.0191536e-06,2.4851636e-06,-2.3576915e-06,-1.4336424e-10,4.8265533e-06,0.0,0.0,0.0,0.0,0.0,0.0,0.04,0.04,-0.49726632,0.4314981,0.7322606,-2.6872423,0.5172101,3.6941433,0.25436366,0.04,0.039999876,-4.6022205e-06,1.3243343e-06,-2.4593232e-06,-1.43146135e-08,1.1500636e-07,3.7185103e-08,2.7056612e-07,-3.5960148e-11,2.6167331e-06,5.5879354e-09,2.3283064e-10,-3.7252903e-09,1.0,-1.489095e-10,-8.781334e-10,-8.472538e-11,0.0,0.0,0.0,0.0,0.0,0.0,0.62790143,0.2047984,0.11005842,0.99998707,-0.0029621532,0.0041329325,0.00016548664,0.00025029026,-0.00053066434,-0.0001790208,0.005043904,0.0017835683,-0.0007119347,0.49139544,0.06396604,0.02099995,0.99999994,-1.2546807e-05,-9.023134e-06,-2.0710734e-06,0.00010559986,6.2698695e-05,-0.00021174435,-0.0070222113,0.00085978117,1.6445212e-05
0.0,0.0,0.0,0.0,0.0,0.0,1.0,0.62790143,0.2047984,0.11005843,0.49139544,0.06396604,0.020999953,0.48320132,0.062016934,0.10533771,0.02560693,-0.9552137,-0.04606086,-0.29118612,-0.49726632,0.4314981,0.7322606,-2.6872423,0.5172101,3.6941433,0.25436366,0.04,0.039999876,-4.6022205e-06,1.3243343e-06,-2.4593232e-06,-1.43146135e-08,1.1500636e-07,3.7185103e-08,2.7056612e-07,-3.5960148e-11,2.6167331e-06,0.0,0.0,0.0,0.0,0.0,0.0,0.04,0.04,-0.49726632,0.4314981,0.7322606,-2.6872423,0.5172101,3.6941433,0.25436366,0.04,0.039999932,-1.5441196e-06,5.769416e-07,-5.7832415e-07,1.6777237e-08,-1.537812e-07,1.4353401e-08,2.7303722e-07,-1.0861153e-11,9.606099e-07,5.5879354e-09,2.3283064e-10,-3.7252903e-09,1.0,-1.489095e-10,-8.781334e-10,-8.472538e-11,0.0,0.0,0.0,0.0,0.0,0.0,0.62789917,0.2048033,0.110060886,0.99998707,-0.0029831724,0.0041236375,0.00016618203,0.00044870254,7.6999946e-05,-0.00022260756,0.00013679279,0.004360804,0.00012764685,0.49139544,0.06396605,0.020999968,0.99999994,-1.2793833e-05,-8.3105015e-06,-2.1106832e-06,0.000107118634,6.1985e-05,-0.00021283118,-0.006990548,0.0009305318,1.6462613e-05
0.0,0.0,0.0,0.0,0.0,0.0,1.0,0.62789917,0.2048033,0.110060886,0.49139544,0.06396605,0.020999972,0.48320132,0.062016934,0.10533771,0.02560693,-0.9552137,-0.04606086,-0.29118612,-0.49726632,0.4314981,0.7322606,-2.6872423,0.5172101,3.6941433,0.25436366,0.04,0.039999932,-1.5441196e-06,5.769416e-07,-5.7832415e-07,1.6777237e-08,-1.537812e-07,1.4353401e-08,2.7303722e-07,-1.0861153e-11,9.606099e-07,0.0,0.0,0.0,0.0,0.0,0.0,0.04,0.04,-0.49726632,0.4314981,0.7322606,-2.6872423,0.5172101,3.6941433,0.25436366,0.04,0.039999932,-5.799509e-07,3.707367e-07,8.328515e-09,8.062222e-09,-2.3828234e-07,3.237807e-09,2.748657e-07,-3.4796814e-12,9.666666e-07,5.5879354e-09,2.3283064e-10,-3.7252903e-09,1.0,-1.489095e-10,-8.781334e-10,-8.472538e-11,0.0,0.0,0.0,0.0,0.0,0.0,0.6278973,0.2048102,0.11006244,0.999987,-0.0030099752,0.004116362,0.00016780656,0.0013828723,-0.0020021494,-0.0009940583,0.017198026,0.011193706,-0.002406124,0.49139544,0.06396605,0.020999938,0.99999994,-1.270896e-05,-8.791435e-06,-1.8980855e-06,0.00010625639,6.279957e-05,-0.00021181269,-0.0070257066,0.00087409036,1.5724681e-05
0.0,0.0,0.0,0.0,0.0,0.0,1.0,0.6278973,0.2048102,0.11006245,0.49139544,0.06396605,0.020999942,0.48320132,0.062016934,0.10533771,0.02560693,-0.9552137,-0.04606086,-0.29118612,-0.49726632,0.4314981,0.7322606,-2.6872423,0.5172101,3.6941433,0.25436366,0.04,0.039999932,-5.799509e-07,3.707367e-07,8.328515e-09,8.062222e-09,-2.3828234e-07,3.237807e-09,2.748657e-07,-3.4796814e-12,9.666666e-07,0.0,0.0,0.0,0.0,0.0,0.0,0.04,0.04,-0.49726632,0.4314981,0.7322606,-2.6872423,0.5172101,3.6941433,0.25436366,0.04,0.039999932,-2.746972e-07,3.0926265e-07,1.9300633e-07,2.7049285e-09,-2.646997e-07,-5.3132804e-10,2.753795e-07,-1.2773006e-12,9.677922e-07,5.5879354e-09,2.3283064e-10,-3.7252903e-09,1.0,-1.489095e-10,-8.781334e-10,-8.472538e-11,0.0,0.0,0.0,0.0,0.0,0.0,0.62790143,0.2047984,0.110058434,0.99998707,-0.0029622838,0.004132565,0.00016561053,0.0002477235,-0.0005221842,-0.00017757175,0.004968687,0.0017538338,-0.0007101966,0.49139544,0.06396605,0.02099998,0.99999994,-1.2618512e-05,-8.208488e-06,-2.1679984e-06,0.00010870142,6.0931725e-05,-0.00021302605,-0.006978391,0.00095820136,1.6024715e-05
0.0,0.0,0.0,0.0,0.0,0.0,1.0,0.62790143,0.2047984,0.11005844,0.49139544,0.06396605,0.020999983,0.48320132,0.062016934,0.10533771,0.02560693,-0.9552137,-0.04606086,-0.29118612,-0.49726632,0.4314981,0.7322606,-2.6872423,0.5172101,3.6941433,0.25436366,0.04,0.039999932,-2.746972e-07,3.0926265e-07,1.9300633e-07,2.7049285e-09,-2.646997e-07,-5.3132804e-10,2.753795e-07,-1.2773006e-12,9.677922e-07,0.0,0.0,0.0,0.0,0.0,0.0,0.04,0.04,-0.49726632,0.4314981,0.7322606,-2.6872423,0.5172101,3.6941433,0.25436366,0.04,0.039999932,-1.7823027e-07,2.9027638e-07,2.5125235e-07,6.9203565e-10,-2.7302195e-07,-1.7636631e-09,2.755436e-07,-6.0448434e-13,9.68148e-07,5.5879354e-09,2.3283064e-10,-3.7252903e-09,1.0,-1.489095e-10,-8.781334e-10,-8.472538e-11,0.0,0.0,0.0,0.0,0.0,0.0,0.6278977,0.20480306,0.11006154,0.999987,-0.0029814015,0.004117541,0.00016642957,0.00043947552,0.00028713362,-0.00027767764,-0.002176543,0.004390251,0.00014439956,0.49139544,0.06396604,0.020999944,0.99999994,-1.2565125e-05,-8.73348e-06,-2.2216802e-06,0.000107540945,6.198743e-05,-0.00021207408,-0.007018359,0.0008968389,1.5438443e-05
0.0,0.0,-0.2,0.0,0.0,0.0,1.0,0.6278977,0.20480306,0.11006154,0.49139544,0.06396604,0.020999948,0.48320132,0.062016934,0.10533771,0.02560693,-0.9552137,-0.04606086,-0.29118612,-0.49726632,0.4314981,0.7322606,-2.6872423,0.5172101,3.6941433,0.25436366,0.04,0.039999932,-1.7823027e-07,2.9027638e-07,2.5125235e-07,6.9203565e-10,-2.7302195e-07,-1.7636631e-09,2.755436e-07,-6.0448434e-13,9.68148e-07,0.0,0.0,-0.1,0.0,0.0,0.0,0.04,0.04,-0.47832516,0.47962904,0.71226287,-2.6684175,0.50392026,3.7428932,0.24031223,0.04,0.039994568,0.5064215,1.7925736,-0.61322606,0.50010604,-0.3871172,1.3245832,-0.35930362,-3.5339144e-05,0.00023332362,5.5879354e-09,2.3283064e-10,-3.7252903e-09,1.0,-1.489095e-10,-8.781334e-10,-8.472538e-11,0.0,0.0,0.0,0.0,0.0,0.0,0.6278973,0.2048102,0.11006244,0.99998707,-0.0030096753,0.004116635,0.00016796809,0.0013885575,-0.0020024895,-0.0010005967,0.01718448,0.011230605,-0.0024165804,0.49139547,0.06396606,0.020999992,0.99999994,-1.2858542e-05,-8.617817e-06,-1.992434e-06,0.000107039785,6.192852e-05,-0.00021253507,-0.0070051714,0.00090719835,1.6384758e-05
0.0,0.0,-0.2,0.0,0.0,0.0,1.0,0.6278973,0.2048102,0.11006245,0.49139547,0.06396606,0.020999996,0.48777226,0.0632902,0.09826161,0.022655219,-0.95226455,-0.04958865,-0.3003661,-0.47832516,0.47962904,0.71226287,-2.6684175,0.50392026,3.7428932,0.24031223,0.04,0.039994568,0.5064215,1.7925736,-0.61322606,0.50010604,-0.3871172,1.3245832,-0.35930362,-3.5339144e-05,0.00023332362,0.0,0.0,-0.1,0.0,0.0,0.0,0.04,0.04,-0.4627424,0.54095346,0.68986475,-2.6494153,0.48818102,3.7524981,0.22820295,0.04,0.039996576,0.40872416,1.7946355,-0.64965373,0.5165274,-0.44816095,-2.3561006e-07,-0.32178137,0.00020335372,0.0008784143,5.5879354e-09,2.3283064e-10,-3.7252903e-09,1.0,-1.489095e-10,-8.781334e-10,-8.472538e-11,0.0,0.0,0.0,0.0,0.0,0.0,0.6279015,0.20479842,0.110058345,0.99998707,-0.0029620065,0.0041327397,0.000165591,0.0002492317,-0.00056693156,-0.00019125387,0.005393805,0.0018217784,-0.00068859046,0.49139544,0.063966036,0.020999946,0.99999994,-1.2316593e-05,-8.359755e-06,-2.0937111e-06,0.00010866786,6.110995e-05,-0.00021266601,-0.0069960766,0.00093653495,1.5607397e-05
0.0,0.0,0.0,0.0,0.0,0.0,1.0,0.6279015,0.20479842,0.11005835,0.49139544,0.063966036,0.02099995,0.48489988,0.06728561,0.078269675,0.030182183,-0.9558186,-0.05336371,-0.2874931,-0.4627424,0.54095346,0.68986475,-2.6494153,0.48818102,3.7524981,0.22820295,0.04,0.039996576,0.40872416,1.7946355,-0.64965373,0.5165274,-0.44816095,-2.3561006e-07,-0.32178137,0.00020335372,0.0008784143,0.0,0.0,0.0,0.0,0.0,0.0,0.04,0.04,-0.46356675,0.55870175,0.685183,-2.6516912,0.48891467,3.750547,0.22793122,0.039989434,0.03999883,-0.037425973,0.08294736,-0.061935507,-0.060550377,0.019524094,-0.041924674,-0.017109647,0.0005097698,-6.974017e-05,5.5879354e-09,2.3283064e-10,-3.7252903e-09,1.0,-1.489095e-10,-8.781334e-10,-8.472538e-11,0.0,0.0,0.0,0.0,0.0,0.0,0.62789917,0.20480327,0.11006083,0.99998707,-0.0029832725,0.004123331,0.00016630006,0.00044953107,7.621595e-05,-0.00022233003,0.00014377967,0.004368736,0.00012686524,0.49139544,0.063966036,0.020999977,0.99999994,-1.2448425e-05,-9.162693e-06,-2.0504945e-06,0.00010550519,6.2458676e-05,-0.00021189809,-0.007020806,0.0008568552,1.692299e-05
0.0,0.0,0.0,0.0,0.0,0.0,1.0,0.62789917,0.20480327,0.11006084,0.49139544,0.063966036,0.020999981,0.47941133,0.066569924,0.06950486,0.033020943,-0.95879924,-0.050318897,-0.27763623,-0.46356675,0.55870175,0.685183,-2.6516912,0.48891467,3.750547,0.22793122,0.039989434,0.03999883,-0.037425973,0.08294736,-0.061935507,-0.060550377,0.019524094,-0.041924674,-0.017109647,0.0005097698,-6.974017e-05,0.0,0.0,0.0,0.0,0.0,0.0,0.04,0.04,-0.46441886,0.5600053,0.6842087,-2.6524208,0.48911497,3.75039,0.22790311,0.039998382,0.03999613,-0.012186305,0.011313673,-0.013194075,-0.0017073136,0.004363005,-0.0041103065,-0.0017379923,0.0001427769,-1.6500338e-05,5.5879354e-09,2.3283064e-10,-3.7252903e-09,1.0,-1.489095e-10,-8.781334e-10,-8.472538e-11,0.0,0.0,0.0,0.0,0.0,0.0,0.6278983,0.20480996,0.110062055,0.999987,-0.0030092946,0.0041204356,0.00016741727,0.00079810305,-0.0023397072,-0.000696143,0.020595789,0.0060361866,-0.0021882893,0.49139544,0.06396605,0.020999936,0.99999994,-1.28085285e-05,-8.582372e-06,-2.119846e-06,0.0001071122,6.225498e-05,-0.00021263926,-0.006990995,0.0009321688,1.6035974e-05
0.0,0.0,0.0,0.0,0.0,0.0,1.0,0.6278983,0.20480996,0.11006206,0.49139544,0.06396605,0.02099994,0.47875404,0.065795265,0.06861898,0.032893114,-0.9591528,-0.04953009,-0.27656937,-0.46441886,0.5600053,0.6842087,-2.6524208,0.48911497,3.75039,0.22790311,0.039998382,0.03999613,-0.012186305,0.011313673,-0.013194075,-0.0017073136,0.004363005,-0.0041103065,-0.0017379923,0.0001427769,-1.6500338e-05,0.0,0.0,0.0,0.0,0.0,0.0,0.04,0.04,-0.46468207,0.5601677,0.6839925,-2.6524596,0.48915616,3.750377,0.22789891,0.04,0.03999692,-0.003709543,0.0014843652,-0.003026203,3.0118328e-05,0.0009137211,-0.00033580864,-0.00024189235,1.9140795e-07,3.235562e-05,5.5879354e-09,2.3283064e-10,-3.7252903e-09,1.0,-1.489095e-10,-8.781334e-10,-8.472538e-11,0.0,0.0,0.0,0.0,0.0,0.0,0.6279015,0.2047987,0.1100584,0.99998707,-0.0029627657,0.004133076,0.00016557807,0.0002885952,-0.0005603625,-0.00014696034,0.0051105986,0.002123315,-0.0008264398,0.49139544,0.063966036,0.02099996,0.99999994,-1.2265471e-05,-8.5990705e-06,-2.2237587e-06,0.00010647178,6.226327e-05,-0.0002121743,-0.007002896,0.00089715386,1.631703e-05
0.0,0.0,0.0,0.0,0.0,0.0,1.0,0.6279015,0.2047987,0.1100584,0.49139544,0.063966036,0.020999964,0.47870737,0.0655687,0.06850813,0.03281939,-0.95920056,-0.049307615,-0.2764524,-0.46468207,0.5601677,0.6839925,-2.6524596,0.48915616,3.750377,0.22789891,0.04,0.03999692,-0.003709543,0.0014843652,-0.003026203,3.0118328e-05,0.0009137211,-0.00033580864,-0.00024189235,1.9140795e-07,3.235562e-05,0.0,0.0,0.0,0.0,0.0,0.0,0.04,0.04,-0.46475545,0.56019115,0.6839391,-2.6524596,0.489166,3.750377,0.2278982,0.04,0.039998095,-0.0010167331,0.00026641178,-0.00075931393,6.368176e-05,0.00022330187,-2.228445e-05,-4.2551197e-05,2.6805216e-09,2.9938852e-05,5.5879354e-09,2.3283064e-10,-3.7252903e-09,1.0,-1.489095e-10,-8.781334e-10,-8.472538e-11,0.0,0.0,0.0,0.0,0.0,0.0,0.62789917,0.20480327,0.11006084,0.99998707,-0.00298304,0.004123635,0.00016611391,0.00044858767,7.782335e-05,-0.0002204413,0.00012089452,0.004358708,0.00012528429,0.49139544,0.06396605,0.020999942,0.99999994,-1.2682097e-05,-8.6491955e-06,-2.086075e-06,0.00010702159,6.205849e-05,-0.00021232221,-0.007002347,0.00090819463,1.6081998e-05
0.0,0.0,0.0,0.0,0.0,0.0,1.0,0.62789917,0.20480327,0.11006084,0.49139544,0.06396605,0.020999946,0.47870576,0.065506466,0.06849055,0.03279555,-0.9592091,-0.04924801,-0.27643663,-0.46475545,0.56019115,0.6839391,-2.6524596,0.489166,3.750377,0.2278982,0.04,0.039998095,-0.0010167331,0.00026641178,-0.00075931393,6.368176e-05,0.00022330187,-2.228445e-05,-4.2551197e-05,2.6805216e-09,2.9938852e-05,0.0,0.0,0.0,0.0,0.0,0.0,0.04,0.04,-0.46477512,0.5601957,0.6839254,-2.6524596,0.4891685,3.750377,0.22789796,0.04,0.039998934,-0.00026792032,6.171599e-05,-0.00019843855,2.9470453e-05,5.824463e-05,3.1573742e-07,-1.0671101e-05,-1.9542572e-09,1.9191164e-05,5.5879354e-09,2.3283064e-10,-3.7252903e-09,1.0,-1.489095e-10,-8.781334e-10,-8.472538e-11,0.0,0.0,0.0,0.0,0.0,0.0,0.6278983,0.20480998,0.110062025,0.999987,-0.0030095167,0.0041202954,0.00016748189,0.0007931791,-0.0023349333,-0.00069243426,0.020559426,0.005995496,-0.0021805207,0.49139547,0.063966066,0.02099999,0.99999994,-1.2974972e-05,-8.602316e-06,-2.0604932e-06,0.0001068934,6.218962e-05,-0.00021251386,-0.007008663,0.0009057366,1.6262344e-05
0.0,0.0,0.0,0.0,0.0,0.0,1.0,0.6278983,0.20480998,0.11006203,0.49139547,0.063966066,0.020999994,0.4787055,0.06548983,0.06848642,0.032788694,-0.9592111,-0.04923266,-0.2764329,-0.46477512,0.5601957,0.6839254,-2.6524596,0.4891685,3.750377,0.22789796,0.04,0.039998934,-0.00026792032,6.171599e-05,-0.00019843855,2.9470453e-05,5.824463e-05,3.1573742e-07,-1.0671101e-05,-1.9542572e-09,1.9191164e-05,0.0,0.0,0.0,0.0,0.0,0.0,0.04,0.04,-0.46478027,0.5601966,0.6839218,-2.6524596,0.48916945,3.750377,0.22789796,0.04,0.03999942,-7.0300164e-05,1.5473106e-05,-5.3357566e-05,8.673653e-06,1.5288886e-05,3.1964845e-07,-3.858981e-06,-7.593315e-10,1.0957468e-05,5.5879354e-09,2.3283064e-10,-3.7252903e-09,1.0,-1.489095e-10,-8.781334e-10,-8.472538e-11,0.0,0.0,0.0,0.0,0.0,0.0,0.6279014,0.20479867,0.110058464,0.99998707,-0.002962853,0.0041326983,0.00016561955,0.00028543436,-0.0005301796,-0.00013245092,0.0048417193,0.0020371787,-0.0008434822,0.49139544,0.06396604,0.020999948,0.99999994,-1.2556489e-05,-8.652333e-06,-1.9659476e-06,0.00010622816,6.285107e-05,-0.00021179723,-0.0070262034,0.0008738068,1.5687318e-05
0.0,0.0,0.0,0.0,0.0,0.0,1.0,0.6279014,0.20479867,0.11005847,0.49139544,0.06396604,0.020999951,0.47870567,0.06548554,0.06848577,0.032787055,-0.9592116,-0.04922849,-0.27643222,-0.46478027,0.5601966,0.6839218,-2.6524596,0.48916945,3.750377,0.22789796,0.04,0.03999942,-7.0300164e-05,1.5473106e-05,-5.3357566e-05,8.673653e-06,1.5288886e-05,3.1964845e-07,-3.858981e-06,-7.593315e-10,1.0957468e-05,0.0,0.0,0.0,0.0,0.0,0.0,0.04,0.04,-0.46478167,0.5601966,0.683921,-2.6524596,0.48916945,3.750377,0.22789796,0.04,0.0399997,-1.9924255e-05,2.7865913e-06,-1.1459423e-05,1.2047408e-06,4.2233946e-06,-2.9176492e-06,1.0587468e-06,-2.4149444e-10,5.913256e-06,5.5879354e-09,2.3283064e-10,-3.7252903e-09,1.0,-1.489095e-10,-8.781334e-10,-8.472538e-11,0.0,0.0,0.0,0.0,0.0,0.0,0.62789917,0.20480327,0.11006087,0.999987,-0.0029831037,0.0041238973,0.00016612979,0.0004481767,7.643894e-05,-0.00022490606,0.00014948641,0.004356404,0.00012994283,0.49139544,0.06396606,0.020999936,0.99999994,-1.3114377e-05,-8.8727675e-06,-2.1691737e-06,0.00010490528,6.327453e-05,-0.00021187111,-0.007011753,0.00087005406,1.6677921e-05
0.0,0.0,0.0,0.0,0.0,0.0,1.0,0.62789917,0.20480327,0.11006087,0.49139544,0.06396606,0.02099994,0.4787057,0.0654842,0.06848548,0.032786407,-0.95921165,-0.049227357,-0.27643213,-0.46478167,0.5601966,0.683921,-2.6524596,0.48916945,3.750377,0.22789796,0.04,0.0399997,-1.9924255e-05,2.7865913e-06,-1.1459423e-05,1.2047408e-06,4.2233946e-06,-2.9176492e-06,1.0587468e-06,-2.4149444e-10,5.913256e-06,0.0,0.0,0.0,0.0,0.0,0.0,0.04,0.04,-0.46478188,0.5601966,0.683921,-2.6524596,0.48916945,3.750377,0.22789796,0.04,0.039999835,-5.322241e-06,1.1965891e-06,-4.012857e-06,3.3589015e-07,6.593237e-07,1.1887228e-06,-6.8485173e-09,-4.830906e-11,3.2011528e-06,5.5879354e-09,2.3283064e-10,-3.7252903e-09,1.0,-1.489095e-10,-8.781334e-10,-8.472538e-11,0.0,0.0,0.0,0.0,0.0,0.0,0.6278973,0.20481023,0.110062405,0.99998707,-0.003010006,0.0041163014,0.00016785701,0.0013852564,-0.0019993559,-0.0009950848,0.01717012,0.01121973,-0.002405981,0.4913954,0.06396605,0.02099996,0.99999994,-1.27577205e-05,-8.9732175e-06,-2.334201e-06,0.00010548089,6.3184e-05,-0.00021199974,-0.0070136967,0.00088141515,1.630411e-05
0.0,0.0,0.0,0.0,0.0,0.0,1.0,0.6278973,0.20481023,0.110062405,0.4913954,0.06396605,0.020999964,0.4787057,0.0654842,0.06848548,0.032786407,-0.95921165,-0.049227357,-0.27643213,-0.46478188,0.5601966,0.683921,-2.6524596,0.48916945,3.750377,0.22789796,0.04,0.039999835,-5.322241e-06,1.1965891e-06,-4.012857e-06,3.3589015e-07,6.593237e-07,1.1887228e-06,-6.8485173e-09,-4.830906e-11,3.2011528e-06,0.0,0.0,0.0,0.0,0.0,0.0,0.04,0.04,-0.46478188,0.5601966,0.683921,-2.6524596,0.48916945,3.750377,0.22789796,0.04,0.03999992,-1.3664903e-06,5.643247e-07,-1.3765728e-06,8.876901e-08,2.9064154e-07,1.1228177e-06,-1.4536332e-09,-1.5955848e-11,1.4966613e-06,5.5879354e-09,2.3283064e-10,-3.7252903e-09,1.0,-1.489095e-10,-8.781334e-10,-8.472538e-11,0.0,0.0,0.0,0.0,0.0,0.0,0.6279015,0.20479842,0.11005842,0.99998707,-0.002962171,0.0041329935,0.0001655109,0.00025013898,-0.0005292935,-0.00017869871,0.005031332,0.0017813193,-0.00071170455,0.49139544,0.06396604,0.020999935,0.99999994,-1.2619725e-05,-8.294608e-06,-2.1081278e-06,0.00010716267,6.192098e-05,-0.00021260226,-0.0069836616,0.0009323622,1.6275291e-05
0.0,0.0,0.0,0.0,0.0,0.0,1.0,0.6279015,0.20479842,0.11005843,0.49139544,0.06396604,0.020999938,0.4787057,0.0654842,0.06848548,0.032786407,-0.95921165,-0.049227357,-0.27643213,-0.46478188,0.5601966,0.683921,-2.6524596,0.48916945,3.750377,0.22789796,0.04,0.03999992,-1.3664903e-06,5.643247e-07,-1.3765728e-06,8.876901e-08,2.9064154e-07,1.1228177e-06,-1.4536332e-09,-1.5955848e-11,1.4966613e-06,0.0,0.0,0.0,0.0,0.0,0.0,0.04,0.04,-0.46478188,0.5601966,0.683921,-2.6524596,0.48916945,3.750377,0.22789796,0.04,0.03999992,-2.0730495e-07,3.6643902e-07,-5.999512e-07,2.41716e-08,1.812589e-07,1.1040102e-06,4.8593674e-10,-4.554404e-12,1.127535e-06,5.5879354e-09,2.3283064e-10,-3.7252903e-09,1.0,-1.489095e-10,-8.781334e-10,-8.472538e-11,0.0,0.0,0.0,0.0,0.0,0.0,0.62789917,0.2048033,0.110060886,0.99998695,-0.002983407,0.004123537,0.00016624057,0.00044972022,7.6781434e-05,-0.0002231617,0.00014311404,0.004371611,0.00012912747,0.49139544,0.06396604,0.020999959,0.99999994,-1.2828417e-05,-8.970598e-06,-1.900855e-06,0.00010627807,6.2709194e-05,-0.00021180854,-0.0070239515,0.00087430666,1.5786267e-05
0.0,0.0,0.0,0.0,0.0,0.0,1.0,0.62789917,0.2048033,0.110060886,0.49139544,0.06396604,0.020999962,0.4787057,0.0654842,0.06848548,0.032786407,-0.95921165,-0.049227357,-0.27643213,-0.46478188,0.5601966,0.683921,-2.6524596,0.48916945,3.750377,0.22789796,0.04,0.03999992,-2.0730495e-07,3.6643902e-07,-5.999512e-07,2.41716e-08,1.812589e-07,1.1040102e-06,4.8593674e-10,-4.554404e-12,1.127535e-06,0.0,0.0,0.0,0.0,0.0,0.0,0.04,0.04,-0.46478188,0.5601966,0.683921,-2.6524596,0.48916945,3.750377,0.22789796,0.04,0.03999992,1.3354997e-07,3.0689347e-07,-3.7108853e-07,6.2422414e-09,1.4890749e-07,1.0985063e-06,1.1171252e-09,-1.5153983e-12,1.1289209e-06,5.5879354e-09,2.3283064e-10,-3.7252903e-09,1.0,-1.489095e-10,-8.781334e-10,-8.472538e-11,0.0,0.0,0.0,0.0,0.0,0.0,0.6278973,0.20481022,0.110062405,0.99998695,-0.003010083,0.004116449,0.00016786212,0.0013832721,-0.0020005065,-0.0009940566,0.017182622,0.011199429,-0.0024051392,0.49139544,0.06396606,0.020999935,0.99999994,-1.29128575e-05,-8.4869325e-06,-2.1566311e-06,0.00010699957,6.242848e-05,-0.00021261664,-0.006992955,0.0009309089,1.5955678e-05
0.2,0.0,0.0,0.0,0.0,0.0,1.0,0.6278973,0.20481022,0.110062405,0.49139544,0.06396606,0.020999938,0.4787057,0.0654842,0.06848548,0.032786407,-0.95921165,-0.049227357,-0.27643213,-0.46478188,0.5601966,0.683921,-2.6524596,0.48916945,3.750377,0.22789796,0.04,0.03999992,1.3354997e-07,3.0689347e-07,-3.7108853e-07,6.2422414e-09,1.4890749e-07,1.0985063e-06,1.1171252e-09,-1.5153983e-12,1.1289209e-06,0.1,0.0,0.0,0.0,0.0,0.0,0.04,0.04,-0.44149655,0.5675421,0.66325164,-2.6145375,0.50671566,3.717433,0.20799367,0.039994963,0.04,0.6665178,0.21901071,-0.5920924,1.3328394,0.49992982,-0.9270526,-0.5552146,-0.000105929714,1.7856362e-05,5.5879354e-09,2.3283064e-10,-3.7252903e-09,1.0,-1.489095e-10,-8.781334e-10,-8.472538e-11,0.0,0.0,0.0,0.0,0.0,0.0,0.62790143,0.20479842,0.110058405,0.99998707,-0.0029622791,0.0041326704,0.00016564336,0.00024903181,-0.00052907586,-0.00017933591,0.005032774,0.0017717328,-0.0007095283,0.49139544,0.063966036,0.020999959,0.99999994,-1.2363316e-05,-8.500187e-06,-2.2205998e-06,0.00010643944,6.2327585e-05,-0.00021216352,-0.007003755,0.0008967738,1.6277841e-05
0.0,0.0,0.0,0.0,0.0,0.0,1.0,0.62790143,0.20479842,0.11005841,0.49139544,0.063966036,0.020999962,0.4893708,0.066278905,0.06584969,0.033399045,-0.9603663,-0.050989896,-0.27199462,-0.44149655,0.5675421,0.66325164,-2.6145375,0.50671566,3.717433,0.20799367,0.039994963,0.04,0.6665178,0.21901071,-0.5920924,1.3328394,0.49992982,-0.9270526,-0.5552146,-0.000105929714,1.7856362e-05,0.0,0.0,0.0,0.0,0.0,0.0,0.04,0.04,-0.4421066,0.56684417,0.66345215,-2.6064289,0.5065874,3.7176337,0.20805325,0.039999984,0.039997738,-0.032773726,-0.04978385,0.0096688615,-0.009624053,-0.009940601,0.020441271,0.0045734383,4.9404654e-05,-9.757727e-05,5.5879354e-09,2.3283064e-10,-3.7252903e-09,1.0,-1.489095e-10,-8.781334e-10,-8.472538e-11,0.0,0.0,0.0,0.0,0.0,0.0,0.6278977,0.20480311,0.11006155,0.999987,-0.0029816993,0.0041174865,0.00016649746,0.00043951644,0.00028864678,-0.0002777051,-0.0021924444,0.0043909997,0.00014437194,0.49139544,0.06396604,0.020999921,0.99999994,-1.266828e-05,-9.162276e-06,-2.0945695e-06,0.00010532624,6.2964864e-05,-0.00021131347,-0.007038363,0.0008348148,1.6128848e-05
0.0,0.0,0.0,0.0,0.0,0.0,1.0,0.6278977,0.20480311,0.110061556,0.49139544,0.06396604,0.020999925,0.4936927,0.06582737,0.06835577,0.033157468,-0.9592707,-0.04952115,-0.27613032,-0.4421066,0.56684417,0.66345215,-2.6064289,0.5065874,3.7176337,0.20805325,0.039999984,0.039997738,-0.032773726,-0.04978385,0.0096688615,-0.009624053,-0.009940601,0.020441271,0.0045734383,4.9404654e-05,-9.757727e-05,0.0,0.0,0.0,0.0,0.0,0.0,0.04,0.04,-0.44243813,0.56629753,0.6633981,-2.6062639,0.50658417,3.7177126,0.2080596,0.04,0.039997097,-0.0040001334,-0.0028126286,-0.0011566797,0.002569242,0.00017233877,0.0016408284,0.0004840824,1.9665004e-08,2.1781376e-05,5.5879354e-09,2.3283064e-10,-3.7252903e-09,1.0,-1.489095e-10,-8.781334e-10,-8.472538e-11,0.0,0.0,0.0,0.0,0.0,0.0,0.6278983,0.20481,0.11006201,0.99998695,-0.0030094916,0.0041203573,0.00016750584,0.00079513434,-0.0023378578,-0.00069785013,0.020562641,0.0060024173,-0.0021923317,0.49139544,0.06396605,0.020999955,0.99999994,-1.2633458e-05,-8.492207e-06,-2.117553e-06,0.00010699104,6.221163e-05,-0.00021232362,-0.0070051267,0.0009079771,1.5957168e-05
0.0,0.0,0.0,0.0,0.0,0.0,1.0,0.6278983,0.20481,0.11006202,0.49139544,0.06396605,0.020999959,0.49393687,0.06556061,0.068633586,0.03295005,-0.959189,-0.04934898,-0.27646953,-0.44243813,0.56629753,0.6633981,-2.6062639,0.50658417,3.7177126,0.2080596,0.04,0.039997097,-0.0040001334,-0.0028126286,-0.0011566797,0.002569242,0.00017233877,0.0016408284,0.0004840824,1.9665004e-08,2.1781376e-05,0.0,0.0,0.0,0.0,0.0,0.0,0.04,0.04,-0.4425083,0.5662576,0.6633675,-2.6062272,0.506588,3.717721,0.20805985,0.04,0.039998185,-0.0009934788,-0.00024370187,-0.0004889472,0.00024193252,0.00010399473,0.00019562269,3.324823e-05,-6.614748e-09,2.8403798e-05,5.5879354e-09,2.3283064e-10,-3.7252903e-09,1.0,-1.489095e-10,-8.781334e-10,-8.472538e-11,0.0,0.0,0.0,0.0,0.0,0.0,0.6279014,0.20479865,0.11005838,0.99998707,-0.0029624607,0.0041329092,0.00016566699,0.0002922789,-0.00058628473,-0.00015797428,0.0053362125,0.0022054282,-0.00081402424,0.49139544,0.063966036,0.020999935,0.99999994,-1.2445252e-05,-9.119751e-06,-2.0468913e-06,0.00010559254,6.251542e-05,-0.00021170996,-0.00701767,0.0008594045,1.6602717e-05
0.0,0.0,0.0,0.0,0.0,0.0,1.0,0.6279014,0.20479865,0.11005838,0.49139544,0.063966036,0.020999938,0.49397007,0.065502,0.06865686,0.032918036,-0.95918274,-0.04929903,-0.27650404,-0.4425083,0.5662576,0.6633675,-2.6062272,0.506588,3.717721,0.20805985,0.04,0.039998185,-0.0009934788,-0.00024370187,-0.0004889472,0.00024193252,0.00010399473,0.00019562269,3.324823e-05,-6.614748e-09,2.8403798e-05,0.0,0.0,0.0,0.0,0.0,0.0,0.04,0.04,-0.44252643,0.56625503,0.663357,-2.6062233,0.5065899,3.717721,0.20805985,0.04,0.039998982,-0.0002597964,4.074719e-06,-0.00016131451,3.4141165e-05,4.0410257e-05,2.4323517e-05,-7.0912927e-07,-2.5650504e-09,1.8326231e-05,5.5879354e-09,2.3283064e-10,-3.7252903e-09,1.0,-1.489095e-10,-8.781334e-10,-8.472538e-11,0.0,0.0,0.0,0.0,0.0,0.0,0.62789917,0.2048033,0.11006081,0.999987,-0.0029831976,0.004123607,0.00016623338,0.00044975334,7.444358e-05,-0.00022375867,0.00016379842,0.0043704845,0.00012665267,0.49139544,0.06396604,0.020999966,0.99999994,-1.2615762e-05,-8.486148e-06,-2.098534e-06,0.00010870266,6.103884e-05,-0.00021304788,-0.0069808518,0.0009584615,1.5935486e-05
0.0,0.0,0.0,0.0,0.0,0.0,1.0,0.62789917,0.2048033,0.11006081,0.49139544,0.06396604,0.02099997,0.49397382,0.06548669,0.06865734,0.03291115,-0.9591832,-0.04928547,-0.27650595,-0.44252643,0.56625503,0.663357,-2.6062233,0.5065899,3.717721,0.20805985,0.04,0.039998982,-0.0002597964,4.074719e-06,-0.00016131451,3.4141165e-05,4.0410257e-05,2.4323517e-05,-7.0912927e-07,-2.5650504e-09,1.8326231e-05,0.0,0.0,0.0,0.0,0.0,0.0,0.04,0.04,-0.44253135,0.56625503,0.66335386,-2.6062233,0.5065899,3.717721,0.20805985,0.04,0.03999945,-6.994474e-05,7.3598108e-06,-4.863652e-05,1.0059866e-05,1.5687932e-05,-1.3308913e-06,-1.5378587e-06,-8.4691004e-10,1.043211e-05,5.5879354e-09,2.3283064e-10,-3.7252903e-09,1.0,-1.489095e-10,-8.781334e-10,-8.472538e-11,0.0,0.0,0.0,0.0,0.0,0.0,0.6278973,0.20481022,0.11006242,0.999987,-0.0030099973,0.0041164597,0.00016800287,0.0013836878,-0.0020062025,-0.0009937325,0.017237825,0.011203894,-0.0024077215,0.4913954,0.063966036,0.020999936,0.99999994,-1.2386585e-05,-8.94882e-06,-2.210388e-06,0.00010334956,6.3791835e-05,-0.00021086088,-0.007041262,0.0007978293,1.6961048e-05
0.0,0.0,0.0,0.0,0.0,0.0,1.0,0.6278973,0.20481022,0.11006242,0.4913954,0.063966036,0.02099994,0.49397415,0.065482646,0.06865692,0.0329094,-0.95918345,-0.049282163,-0.27650577,-0.44253135,0.56625503,0.66335386,-2.6062233,0.5065899,3.717721,0.20805985,0.04,0.03999945,-6.994474e-05,7.3598108e-06,-4.863652e-05,1.0059866e-05,1.5687932e-05,-1.3308913e-06,-1.5378587e-06,-8.4691004e-10,1.043211e-05,0.0,0.0,0.0,0.0,0.0,0.0,0.04,0.04,-0.44253272,0.56625503,0.663353,-2.6062233,0.5065899,3.717721,0.20805985,0.04,0.03999972,-1.8710882e-05,2.4443773e-06,-1.3043487e-05,2.7903118e-06,4.8753523e-06,-1.704761e-06,-5.226492e-07,-2.1032895e-10,5.641651e-06,5.5879354e-09,2.3283064e-10,-3.7252903e-09,1.0,-1.489095e-10,-8.781334e-10,-8.472538e-11,0.0,0.0,0.0,0.0,0.0,0.0,0.6279015,0.20479836,0.1100583,0.99998707,-0.0029617767,0.004132837,0.00016573309,0.00025511213,-0.000601611,-0.00020132141,0.005694132,0.0019248312,-0.00068203325,0.49139544,0.06396604,0.020999968,0.99999994,-1.2496539e-05,-8.316449e-06,-2.037291e-06,0.00010868709,6.0849485e-05,-0.00021301594,-0.0069761304,0.0009579768,1.6111147e-05
0.0,0.0,0.0,0.0,0.0,0.0,1.0,0.6279015,0.20479836,0.11005831,0.49139544,0.06396604,0.020999972,0.49397415,0.06548129,0.06865683,0.032908857,-0.9591835,-0.04928094,-0.2765056,-0.44253272,0.56625503,0.663353,-2.6062233,0.5065899,3.717721,0.20805985,0.04,0.03999972,-1.8710882e-05,2.4443773e-06,-1.3043487e-05,2.7903118e-06,4.8753523e-06,-1.704761e-06,-5.226492e-07,-2.1032895e-10,5.641651e-06,0.0,0.0,0.0,0.0,0.0,0.0,0.04,0.04,-0.44253305,0.56625503,0.663353,-2.6062233,0.5065899,3.717721,0.20805985,0.04,0.039999843,-5.7366615e-06,4.8284426e-07,-3.5997548e-06,-6.1626724e-07,1.4231146e-06,1.2193715e-06,8.827395e-07,-4.9312915e-11,3.089188e-06,5.5879354e-09,2.3283064e-10,-3.7252903e-09,1.0,-1.489095e-10,-8.781334e-10,-8.472538e-11,0.0,0.0,0.0,0.0,0.0,0.0,0.62789917,0.20480332,0.110060886,0.999987,-0.0029833305,0.0041236365,0.0001662577,0.00045085902,7.548346e-05,-0.00022386857,0.00015724252,0.0043822024,0.0001285505,0.4913954,0.06396605,0.020999992,0.99999994,-1.3042455e-05,-9.059398e-06,-2.2064248e-06,0.00010478689,6.348548e-05,-0.00021207727,-0.007020204,0.00086779654,1.6778731e-05
0.0,0.0,0.0,0.0,0.0,0.0,1.0,0.62789917,0.20480332,0.110060886,0.4913954,0.06396605,0.020999996,0.49397424,0.06548115,0.06865677,0.032908857,-0.9591835,-0.049280852,-0.2765056,-0.44253305,0.56625503,0.663353,-2.6062233,0.5065899,3.717721,0.20805985,0.04,0.039999843,-5.7366615e-06,4.8284426e-07,-3.5997548e-06,-6.1626724e-07,1.4231146e-06,1.2193715e-06,8.827395e-07,-4.9312915e-11,3.089188e-06,0.0,0.0,0.0,0.0,0.0,0.0,0.04,0.04,-0.44253305,0.56625503,0.663353,-2.6062233,0.5065899,3.717721,0.20805985,0.04,0.039999913,-1.5288363e-06,5.8848866e-07,-1.2008587e-06,9.285967e-08,4.3650624e-07,1.1273256e-06,3.4110084e-07,-1.5473376e-11,1.3886037e-06,5.5879354e-09,2.3283064e-10,-3.7252903e-09,1.0,-1.489095e-10,-8.781334e-10,-8.472538e-11,0.0,0.0,0.0,0.0,0.0,0.0,0.6278973,0.20481026,0.11006241,0.999987,-0.003010345,0.0041162055,0.00016795372,0.001388141,-0.0020119417,-0.000996477,0.017285764,0.011243601,-0.0024155523,0.49139544,0.06396603,0.020999964,0.99999994,-1.2331739e-05,-8.959312e-06,-2.0463015e-06,0.000105593725,6.231847e-05,-0.00021168777,-0.00701335,0.00085901056,1.677905e-05
0.0,0.0,0.0,0.0,0.0,0.0,1.0,0.6278973,0.20481026,0.11006242,0.49139544,0.06396603,0.020999968,0.49397424,0.06548115,0.06865677,0.032908857,-0.9591835,-0.049280852,-0.2765056,-0.44253305,0.56625503,0.663353,-2.6062233,0.5065899,3.717721,0.20805985,0.04,0.039999913,-1.5288363e-06,5.8848866e-07,-1.2008587e-06,9.285967e-08,4.3650624e-07,1.1273256e-06,3.4110084e-07,-1.5473376e-11,1.3886037e-06,0.0,0.0,0.0,0.0,0.0,0.0,0.04,0.04,-0.44253305,0.56625503,0.663353,-2.6062233,0.5065899,3.717721,0.20805985,0.04,0.039999913,-2.895447e-07,3.8223374e-07,-3.7750974e-07,2.6512224e-08,3.2426343e-07,1.105398e-06,3.4339647e-07,-5.0537304e-12,1.2348466e-06,5.5879354e-09,2.3283064e-10,-3.7252903e-09,1.0,-1.489095e-10,-8.781334e-10,-8.472538e-11,0.0,0.0,0.0,0.0,0.0,0.0,0.6279015,0.2047984,0.110058375,0.99998707,-0.0029620489,0.004132779,0.00016562229,0.00024949078,-0.00056762475,-0.00019090011,0.005398794,0.0018238982,-0.000689494,0.49139544,0.063966036,0.020999936,0.99999994,-1.24503795e-05,-8.362836e-06,-2.1067258e-06,0.000108696215,6.1035214e-05,-0.00021305081,-0.006980911,0.0009583313,1.5951486e-05
0.0,0.0,0.0,0.0,0.0,0.0,1.0,0.6279015,0.2047984,0.11005838,0.49139544,0.063966036,0.02099994,0.49397424,0.06548115,0.06865677,0.032908857,-0.9591835,-0.049280852,-0.2765056,-0.44253305,0.56625503,0.663353,-2.6062233,0.5065899,3.717721,0.20805985,0.04,0.039999913,-2.895447e-07,3.8223374e-07,-3.7750974e-07,2.6512224e-08,3.2426343e-07,1.105398e-06,3.4339647e-07,-5.0537304e-12,1.2348466e-06,0.0,0.0,0.0,0.0,0.0,0.0,0.04,0.04,-0.44253305,0.56625503,0.663353,-2.6062233,0.5065899,3.717721,0.20805985,0.04,0.039999913,1.00829496e-07,3.1336734e-07,-1.17174196e-07,7.3403688e-09,2.8873265e-07,1.0988284e-06,3.440916e-07,-1.8275505e-12,1.2363985e-06,5.5879354e-09,2.3283064e-10,-3.7252903e-09,1.0,-1.489095e-10,-8.781334e-10,-8.472538e-11,0.0,0.0,0.0,0.0,0.0,0.0,0.6278991,0.2048033,0.11006093,0.999987,-0.0029833056,0.004123254,0.0001663055,0.0004498506,7.5684045e-05,-0.00022527487,0.00015971747,0.0043730345,0.0001303538,0.49139544,0.063966036,0.020999962,0.99999994,-1.228187e-05,-8.73529e-06,-2.0659654e-06,0.000105814135,6.2349995e-05,-0.00021202532,-0.0070001413,0.00088451465,1.6778715e-05
0.0,0.0,0.0,0.0,0.0,0.0,1.0,0.6278991,0.2048033,0.11006093,0.49139544,0.063966036,0.020999966,0.49397424,0.06548115,0.06865677,0.032908857,-0.9591835,-0.049280852,-0.2765056,-0.44253305,0.56625503,0.663353,-2.6062233,0.5065899,3.717721,0.20805985,0.04,0.039999913,1.00829496e-07,3.1336734e-07,-1.17174196e-07,7.3403688e-09,2.8873265e-07,1.0988284e-06,3.440916e-07,-1.8275505e-12,1.2363985e-06,0.0,0.0,0.0,0.0,0.0,0.0,0.04,0.04,-0.44253305,0.56625503,0.663353,-2.6062233,0.5065899,3.717721,0.20805985,0.04,0.039999913,2.2403148e-07,2.911258e-07,-3.4867092e-08,1.6123863e-09,2.774887e-07,1.0967972e-06,3.4430923e-07,-7.7640406e-13,1.2368888e-06,5.5879354e-09,2.3283064e-10,-3.7252903e-09,1.0,-1.489095e-10,-8.781334e-10,-8.472538e-11,0.0,0.0,0.0,0.0,0.0,0.0,0.6278973,0.20481026,0.1100624,0.999987,-0.0030100634,0.0041164397,0.0001678988,0.0013865714,-0.0020117792,-0.0009950446,0.017287277,0.011231284,-0.0024132533,0.49139544,0.06396605,0.020999942,0.99999994,-1.2919201e-05,-8.870618e-06,-2.2304273e-06,0.00010490649,6.327634e-05,-0.00021187431,-0.0070119677,0.0008700789,1.6681812e-05
0.0,0.0,0.0,0.0,0.0,0.0,1.0,0.6278973,0.20481026,0.110062405,0.49139544,0.06396605,0.020999946,0.49397424,0.06548115,0.06865677,0.032908857,-0.9591835,-0.049280852,-0.2765056,-0.44253305,0.56625503,0.663353,-2.6062233,0.5065899,3.717721,0.20805985,0.04,0.039999913,2.2403148e-07,2.911258e-07,-3.4867092e-08,1.6123863e-09,2.774887e-07,1.0967972e-06,3.4430923e-07,-7.7640406e-13,1.2368888e-06,0.0,0.0,0.0,0.0,0.0,0.0,0.04,0.04,-0.44253305,0.56625503,0.663353,-2.6062233,0.5065899,3.717721,0.20805985,0.04,0.039999913,2.629279e-07,2.840281e-07,-8.859908e-09,-1.4760065e-10,2.7393446e-07,1.0961621e-06,3.4437792e-07,-4.15392e-13,1.2370442e-06,5.5879354e-09,2.3283064e-10,-3.7252903e-09,1.0,-1.489095e-10,-8.781334e-10,-8.472538e-11,0.0,0.0,0.0,0.0,0.0,0.0,0.62790143,0.20479839,0.110058375,0.99998707,-0.0029621194,0.004132822,0.0001656465,0.00024993537,-0.00056089915,-0.000188295,0.0053321184,0.001820758,-0.00069316983,0.4913954,0.063966036,0.020999959,0.99999994,-1.2781027e-05,-9.165869e-06,-2.189924e-06,0.00010333407,6.384975e-05,-0.00021134045,-0.0070305914,0.0008190172,1.7316179e-05
0.0,0.0,0.0,0.0,0.0,0.0,1.0,0.62790143,0.20479839,0.11005838,0.4913954,0.063966036,0.020999962,0.49397424,0.06548115,0.06865677,0.032908857,-0.9591835,-0.049280852,-0.2765056,-0.44253305,0.56625503,0.663353,-2.6062233,0.5065899,3.717721,0.20805985,0.04,0.039999913,2.629279e-07,2.840281e-07,-8.859908e-09,-1.4760065e-10,2.7393446e-07,1.0961621e-06,3.4437792e-07,-4.15392e-13,1.2370442e-06,0.0,0.0,0.0,0.0,0.0,0.0,0.04,0.04,-0.44253305,0.56625503,0.663353,-2.6062233,0.5065899,3.717721,0.20805985,0.04,0.039999913,2.7521014e-07,2.8177544e-07,-6.448122e-10,-6.9627937e-10,2.7281155e-07,1.0959625e-06,3.4439955e-07,-2.0204837e-13,1.2370925e-06,5.5879354e-09,2.3283064e-10,-3.7252903e-09,1.0,-1.489095e-10,-8.781334e-10,-8.472538e-11,0.0,0.0,0.0,0.0,0.0,0.0,0.6278991,0.2048033,0.110060826,0.99998707,-0.0029831408,0.004123337,0.00016623222,0.0004504014,7.398985e-05,-0.00022406042,0.00017136677,0.004377741,0.00012758766,0.49139547,0.06396605,0.02099994,0.99999994,-1.2819168e-05,-8.631887e-06,-2.0848652e-06,0.00010685623,6.2322986e-05,-0.00021229358,-0.0070056557,0.00090646185,1.5971576e-05
0.0,0.0,0.0,0.0,0.0,0.0,1.0,0.6278991,0.2048033,0.110060826,0.49139547,0.06396605,0.020999944,0.49397424,0.06548115,0.06865677,0.032908857,-0.9591835,-0.049280852,-0.2765056,-0.44253305,0.56625503,0.663353,-2.6062233,0.5065899,3.717721,0.20805985,0.04,0.039999913,2.7521014e-07,2.8177544e-07,-6.448122e-10,-6.9627937e-10,2.7281155e-07,1.0959625e-06,3.4439955e-07,-2.0204837e-13,1.2370925e-06,0.0,0.0,0.0,0.0,0.0,0.0,0.04,0.04,-0.44253305,0.56625503,0.663353,-2.6062233,0.5065899,3.717721,0.20805985,0.04,0.039999913,2.7908916e-07,2.8106228e-07,1.9494886e-09,-8.68413e-10,2.7245704e-07,1.0959002e-06,3.4440643e-07,6.9481855e-14,1.237108e-06,5.5879354e-09,2.3283064e-10,-3.7252903e-09,1.0,-1.489095e-10,-8.781334e-10,-8.472538e-11,0.0,0.0,0.0,0.0,0.0,0.0,0.6278983,0.20480993,0.11006205,0.999987,-0.0030092127,0.004120342,0.00016739886,0.0007938964,-0.0023371608,-0.0006930387,0.020579277,0.0060010906,-0.0021826632,0.49139544,0.06396604,0.020999955,0.99999994,-1.2554932e-05,-8.6243035e-06,-2.1536478e-06,0.00010853005,6.120663e-05,-0.00021285814,-0.0070018326,0.0009336081,1.5829693e-05
0.0,0.0,0.0,0.0,0.0,0.0,1.0,0.6278983,0.20480993,0.11006205,0.49139544,0.06396604,0.020999959,0.49397424,0.06548115,0.06865677,0.032908857,-0.9591835,-0.049280852,-0.2765056,-0.44253305,0.56625503,0.663353,-2.6062233,0.5065899,3.717721,0.20805985,0.04,0.039999913,2.7908916e-07,2.8106228e-07,1.9494886e-09,-8.68413e-10,2.7245704e-07,1.0959002e-06,3.4440643e-07,6.9481855e-14,1.237108e-06,0.0,0.0,0.0,0.0,0.0,0.0,0.04,0.04,-0.44253305,0.56625503,0.663353,-2.6062233,0.5065899,3.717721,0.20805985,0.04,0.039999913,2.8031448e-07,2.8083676e-07,2.768672e-09,-9.226174e-10,2.723453e-07,1.0958801e-06,3.4440836e-07,2.9370544e-13,1.2371131e-06,5.5879354e-09,2.3283064e-10,-3.7252903e-09,1.0,-1.489095e-10,-8.781334e-10,-8.472538e-11,0.0,0.0,0.0,0.0,0.0,0.0,0.6279014,0.20479867,0.11005844,0.99998707,-0.0029625946,0.004132829,0.00016556172,0.0002875696,-0.0005540999,-0.00014269876,0.00505058,0.0021033958,-0.00082992396,0.49139544,0.06396604,0.020999944,0.99999994,-1.27725725e-05,-8.6562495e-06,-2.21571e-06,0.00010499264,6.30379e-05,-0.00021186973,-0.0070079486,0.00087080075,1.6823024e-05
0.0,0.0,0.0,0.0,0.0,0.0,1.0,0.6279014,0.20479867,0.11005844,0.49139544,0.06396604,0.020999948,0.49397424,0.06548115,0.06865677,0.032908857,-0.9591835,-0.049280852,-0.2765056,-0.44253305,0.56625503,0.663353,-2.6062233,0.5065899,3.717721,0.20805985,0.04,0.039999913,2.8031448e-07,2.8083676e-07,2.768672e-09,-9.226174e-10,2.723453e-07,1.0958801e-06,3.4440836e-07,2.9370544e-13,1.2371131e-06,0.0,0.0,0.0,0.0,0.0,0.0,0.04,0.04,-0.44253305,0.56625503,0.663353,-2.6062233,0.5065899,3.717721,0.20805985,0.04,0.039999913,2.8070156e-07,2.8076553e-07,3.0273397e-09,-9.396779e-10,2.723103e-07,1.0958745e-06,3.4440905e-07,4.641247e-13,1.2371145e-06,5.5879354e-09,2.3283064e-10,-3.7252903e-09,1.0,-1.489095e-10,-8.781334e-10,-8.472538e-11,0.0,0.0,0.0,0.0,0.0,0.0,0.62789917,0.2048033,0.110060915,0.999987,-0.00298323,0.0041237962,0.00016612043,0.0004488008,7.6519325e-05,-0.00022252747,0.00014075136,0.004361583,0.000126862,0.49139544,0.06396604,0.020999983,0.99999994,-1.2550661e-05,-9.29977e-06,-2.0964985e-06,0.00010559428,6.2243096e-05,-0.00021191245,-0.0070177135,0.00085755513,1.7056662e-05
0.0,0.0,-0.2,0.0,0.0,0.0,1.0,0.62789917,0.2048033,0.110060915,0.49139544,0.06396604,0.020999987,0.49397424,0.06548115,0.06865677,0.032908857,-0.9591835,-0.049280852,-0.2765056,-0.44253305,0.56625503,0.663353,-2.6062233,0.5065899,3.717721,0.20805985,0.04,0.039999913,2.8070156e-07,2.8076553e-07,3.0273397e-09,-9.396779e-10,2.723103e-07,1.0958745e-06,3.4440905e-07,4.641247e-13,1.2371145e-06,0.0,0.0,-0.1,0.0,0.0,0.0,0.04,0.04,-0.43128338,0.60872823,0.6493814,-2.5851278,0.48714548,3.7525017,0.20049262,0.04,0.039980285,0.28729844,1.5512986,-0.4645469,0.60418355,-0.5422773,-0.0013028071,-0.19342549,0.00010691649,0.00029523682,5.5879354e-09,2.3283064e-10,-3.7252903e-09,1.0,-1.489095e-10,-8.781334e-10,-8.472538e-11,0.0,0.0,0.0,0.0,0.0,0.0,0.6278973,0.2048102,0.11006242,0.999987,-0.0030100998,0.004116355,0.00016785944,0.0013856955,-0.0020042914,-0.0009951737,0.017215818,0.011223029,-0.0024092782,0.49139544,0.06396604,0.02099995,0.99999994,-1.2505696e-05,-8.601799e-06,-2.1443593e-06,0.000107178275,6.210487e-05,-0.00021264135,-0.0069882227,0.00093292235,1.6107742e-05
0.0,0.0,0.0,0.0,0.0,0.0,1.0,0.6278973,0.2048102,0.11006242,0.49139544,0.06396604,0.020999953,0.49868485,0.06708891,0.061166596,0.031715572,-0.95689744,-0.052799284,-0.28381974,-0.43128338,0.60872823,0.6493814,-2.5851278,0.48714548,3.7525017,0.20049262,0.04,0.039980285,0.28729844,1.5512986,-0.4645469,0.60418355,-0.5422773,-0.0013028071,-0.19342549,0.00010691649,0.00029523682,0.0,0.0,0.0,0.0,0.0,0.0,0.04,0.04,-0.43148246,0.6242075,0.6455717,-2.5863585,0.48770672,3.7508838,0.20027353,0.0399882,0.039999194,-0.021980667,0.08504566,-0.052874822,-0.061039515,0.017767236,-0.03529431,-0.013637861,0.00039367907,-4.734311e-05,5.5879354e-09,2.3283064e-10,-3.7252903e-09,1.0,-1.489095e-10,-8.781334e-10,-8.472538e-11,0.0,0.0,0.0,0.0,0.0,0.0,0.62790143,0.20479839,0.11005832,0.9999871,-0.0029618721,0.004132763,0.00016557564,0.00024854037,-0.0005822378,-0.00019490827,0.005530155,0.0018416195,-0.00067851593,0.49139544,0.06396606,0.020999938,0.99999994,-1.2871332e-05,-8.708252e-06,-2.0468392e-06,0.00010703044,6.206439e-05,-0.00021232419,-0.0070025376,0.0009084295,1.6066317e-05
0.0,0.0,0.0,0.0,0.0,0.0,1.0,0.62790143,0.20479839,0.11005832,0.49139544,0.06396606,0.020999942,0.49393275,0.06680513,0.05341276,0.034098536,-0.9593649,-0.050546438,-0.27550164,-0.43148246,0.6242075,0.6455717,-2.5863585,0.48770672,3.7508838,0.20027353,0.0399882,0.039999194,-0.021980667,0.08504566,-0.052874822,-0.061039515,0.017767236,-0.03529431,-0.013637861,0.00039367907,-4.734311e-05,0.0,0.0,0.0,0.0,0.0,0.0,0.04,0.04,-0.4320351,0.6255906,0.6447395,-2.5871294,0.48788172,3.7507174,0.20024848,0.0399963,0.039997518,-0.008068127,0.013042381,-0.011530279,-0.0029428378,0.0038804305,-0.0045171254,-0.0015893298,0.00014682671,-1.30714325e-05,5.5879354e-09,2.3283064e-10,-3.7252903e-09,1.0,-1.489095e-10,-8.781334e-10,-8.472538e-11,0.0,0.0,0.0,0.0,0.0,0.0,0.62789917,0.2048033,0.11006089,0.99998695,-0.0029833298,0.0041236985,0.00016626701,0.00044985977,7.5952674e-05,-0.00022259359,0.000147198,0.0043719546,0.0001267454,0.49139544,0.06396603,0.020999964,0.99999994,-1.2277011e-05,-8.754706e-06,-2.244185e-06,0.00010540556,6.219918e-05,-0.00021225902,-0.006980365,0.0008967557,1.7511435e-05
0.0,0.0,0.0,0.0,0.0,0.0,1.0,0.62789917,0.2048033,0.1100609,0.49139544,0.06396603,0.020999968,0.49318442,0.06625433,0.052469473,0.034062713,-0.9597168,-0.049990833,-0.27437973,-0.4320351,0.6255906,0.6447395,-2.5871294,0.48788172,3.7507174,0.20024848,0.0399963,0.039997518,-0.008068127,0.013042381,-0.011530279,-0.0029428378,0.0038804305,-0.0045171254,-0.0015893298,0.00014682671,-1.30714325e-05,0.0,0.0,0.0,0.0,0.0,0.0,0.04,0.04,-0.43222615,0.6257824,0.6445535,-2.587191,0.48791733,3.7507002,0.20024452,0.03999897,0.039997935,-0.0028024742,0.0017863169,-0.0026653947,-0.00022072578,0.00079953193,-0.00048305633,-0.00023538104,4.5491535e-05,1.9239675e-05,5.5879354e-09,2.3283064e-10,-3.7252903e-09,1.0,-1.489095e-10,-8.781334e-10,-8.472538e-11,0.0,0.0,0.0,0.0,0.0,0.0,0.6278973,0.20481022,0.1100624,0.999987,-0.0030100679,0.0041163773,0.00016788211,0.0013866262,-0.002008468,-0.0009965659,0.017252173,0.011225369,-0.0024137264,0.49139547,0.06396605,0.020999944,0.99999994,-1.2743261e-05,-8.708249e-06,-2.0236846e-06,0.000107091095,6.2043364e-05,-0.00021235239,-0.0070030456,0.0009091783,1.605196e-05
0.0,0.0,0.0,0.0,0.0,0.0,1.0,0.6278973,0.20481022,0.110062405,0.49139547,0.06396605,0.020999948,0.4931096,0.0660788,0.05233949,0.034012884,-0.9597676,-0.049823076,-0.27423918,-0.43222615,0.6257824,0.6445535,-2.587191,0.48791733,3.7507002,0.20024452,0.03999897,0.039997935,-0.0028024742,0.0017863169,-0.0026653947,-0.00022072578,0.00079953193,-0.00048305633,-0.00023538104,4.5491535e-05,1.9239675e-05,0.0,0.0,0.0,0.0,0.0,0.0,0.04,0.04,-0.43228433,0.6258105,0.644507,-2.5871954,0.4879258,3.7507,0.2002438,0.03999975,0.039998695,-0.000839541,0.00030075153,-0.00068325014,2.8315146e-05,0.0001945124,-4.770966e-05,-3.8209902e-05,1.2592247e-05,1.9508909e-05,5.5879354e-09,2.3283064e-10,-3.7252903e-09,1.0,-1.489095e-10,-8.781334e-10,-8.472538e-11,0.0,0.0,0.0,0.0,0.0,0.0,0.6279015,0.20479839,0.11005841,0.999987,-0.0029619185,0.0041328548,0.00016560857,0.00025044946,-0.0005423846,-0.00018338423,0.0051590037,0.0017976318,-0.00070602854,0.49139544,0.063966036,0.020999968,0.99999994,-1.2532645e-05,-8.848502e-06,-1.9474123e-06,0.000106459716,6.1816885e-05,-0.00021209096,-0.0070155947,0.00087294134,1.6725544e-05
0.0,0.0,0.0,0.0,0.0,0.0,1.0,0.6279015,0.20479839,0.11005841,0.49139544,0.063966036,0.020999972,0.49310273,0.066026665,0.05231869,0.033993393,-0.9597764,-0.04977557,-0.27421921,-0.43228433,0.6258105,0.644507,-2.5871954,0.4879258,3.7507,0.2002438,0.03999975,0.039998695,-0.000839541,0.00030075153,-0.00068325014,2.8315146e-05,0.0001945124,-4.770966e-05,-3.8209902e-05,1.2592247e-05,1.9508909e-05,0.0,0.0,0.0,0.0,0.0,0.0,0.04,0.04,-0.43230113,0.62581545,0.64449453,-2.5871954,0.48792797,3.7507,0.20024356,0.039999943,0.039999258,-0.00024034796,6.1152714e-05,-0.00018347394,1.8710669e-05,5.163627e-05,-4.2734655e-06,-7.2705957e-06,3.080748e-06,1.2965947e-05,5.5879354e-09,2.3283064e-10,-3.7252903e-09,1.0,-1.489095e-10,-8.781334e-10,-8.472538e-11,0.0,0.0,0.0,0.0,0.0,0.0,0.6278991,0.20480329,0.11006086,0.999987,-0.0029831917,0.004123578,0.00016619531,0.00044988628,7.597171e-05,-0.00022233375,0.00014716282,0.004372601,0.00012674852,0.49139544,0.063966036,0.02099995,0.99999994,-1.2393046e-05,-8.292174e-06,-2.1475007e-06,0.00010875688,6.077299e-05,-0.00021303564,-0.0069757155,0.0009587171,1.6124794e-05
0.0,0.0,0.0,0.0,0.0,0.0,1.0,0.6278991,0.20480329,0.11006087,0.49139544,0.063966036,0.020999953,0.49310228,0.066011876,0.05231453,0.03398744,-0.9597782,-0.049762487,-0.27421567,-0.43230113,0.62581545,0.64449453,-2.5871954,0.48792797,3.7507,0.20024356,0.039999943,0.039999258,-0.00024034796,6.1152714e-05,-0.00018347394,1.8710669e-05,5.163627e-05,-4.2734655e-06,-7.2705957e-06,3.080748e-06,1.2965947e-05,0.0,0.0,0.0,0.0,0.0,0.0,0.04,0.04,-0.43230584,0.6258164,0.6444911,-2.5871954,0.4879288,3.7507,0.20024356,0.03999998,0.039999593,-6.6500514e-05,1.3436689e-05,-5.172976e-05,7.4818186e-06,1.3771195e-05,1.3298354e-07,-3.9823226e-06,6.670241e-07,7.539326e-06,5.5879354e-09,2.3283064e-10,-3.7252903e-09,1.0,-1.489095e-10,-8.781334e-10,-8.472538e-11,0.0,0.0,0.0,0.0,0.0,0.0,0.6278973,0.20481019,0.110062405,0.99998695,-0.003010002,0.0041162837,0.0001679828,0.0013823684,-0.0020013908,-0.0009938884,0.017190943,0.0111885015,-0.0024054397,0.49139544,0.063966036,0.020999981,0.99999994,-1.2392873e-05,-8.988042e-06,-2.0878033e-06,0.00010544857,6.261312e-05,-0.00021190254,-0.007023436,0.0008564018,1.6831418e-05
0.0,0.0,0.0,0.0,0.0,0.0,1.0,0.6278973,0.20481019,0.110062405,0.49139544,0.063966036,0.020999985,0.49310222,0.066007525,0.052313488,0.033985674,-0.95977885,-0.049758464,-0.27421474,-0.43230584,0.6258164,0.6444911,-2.5871954,0.4879288,3.7507,0.20024356,0.03999998,0.039999593,-6.6500514e-05,1.3436689e-05,-5.172976e-05,7.4818186e-06,1.3771195e-05,1.3298354e-07,-3.9823226e-06,6.670241e-07,7.539326e-06,0.0,0.0,0.0,0.0,0.0,0.0,0.04,0.04,-0.43230718,0.6258164,0.64449024,-2.5871954,0.4879288,3.7507,0.20024356,0.03999998,0.039999776,-1.8392422e-05,5.6355607e-06,-1.3586729e-05,3.7373425e-06,3.8445073e-06,4.4345947e-07,3.6929922e-07,3.830829e-07,4.0341138e-06,5.5879354e-09,2.3283064e-10,-3.7252903e-09,1.0,-1.489095e-10,-8.781334e-10,-8.472538e-11,0.0,0.0,0.0,0.0,0.0,0.0,0.62790143,0.2047984,0.11005845,0.99998707,-0.002962091,0.004132765,0.0001655628,0.00024880658,-0.000529057,-0.00017910253,0.005032042,0.0017701357,-0.00070914614,0.49139544,0.06396604,0.020999953,0.99999994,-1.25126635e-05,-8.3902705e-06,-2.1481621e-06,0.00010869608,6.1032788e-05,-0.00021305084,-0.0069807465,0.00095828413,1.594662e-05
0.0,0.0,0.0,0.0,0.0,0.0,1.0,0.62790143,0.2047984,0.11005846,0.49139544,0.06396604,0.020999957,0.49310228,0.066006385,0.052313324,0.033985168,-0.9597789,-0.0497576,-0.27421468,-0.43230718,0.6258164,0.64449024,-2.5871954,0.4879288,3.7507,0.20024356,0.03999998,0.039999776,-1.8392422e-05,5.6355607e-06,-1.3586729e-05,3.7373425e-06,3.8445073e-06,4.4345947e-07,3.6929922e-07,3.830829e-07,4.0341138e-06,0.0,0.0,0.0,0.0,0.0,0.0,0.04,0.04,-0.43230742,0.6258164,0.64449024,-2.5871954,0.4879288,3.7507,0.20024356,0.03999998,0.039999895,-4.645047e-06,2.0828202e-06,-4.6916907e-06,6.194664e-07,1.0053438e-06,1.4236923e-07,-5.5987033e-07,2.9974765e-07,2.336581e-06,5.5879354e-09,2.3283064e-10,-3.7252903e-09,1.0,-1.489095e-10,-8.781334e-10,-8.472538e-11,0.0,0.0,0.0,0.0,0.0,0.0,0.6278977,0.20480308,0.11006153,0.999987,-0.0029814034,0.004117542,0.00016642219,0.00043904578,0.0002866154,-0.00027692816,-0.0021740552,0.0043853465,0.00014303574,0.49139544,0.06396604,0.020999925,0.99999994,-1.25613005e-05,-9.0620715e-06,-2.0796595e-06,0.00010553292,6.266653e-05,-0.0002117106,-0.0070204074,0.00085863547,1.6518787e-05
0.0,0.0,0.0,0.0,0.0,0.0,1.0,0.6278977,0.20480308,0.11006153,0.49139544,0.06396604,0.020999929,0.4931023,0.066006206,0.0523134,0.033985086,-0.95977885,-0.04975742,-0.27421477,-0.43230742,0.6258164,0.64449024,-2.5871954,0.4879288,3.7507,0.20024356,0.03999998,0.039999895,-4.645047e-06,2.0828202e-06,-4.6916907e-06,6.194664e-07,1.0053438e-06,1.4236923e-07,-5.5987033e-07,2.9974765e-07,2.336581e-06,0.0,0.0,0.0,0.0,0.0,0.0,0.04,0.04,-0.43230742,0.6258164,0.64449024,-2.5871954,0.4879288,3.7507,0.20024356,0.03999998,0.03999992,-1.8181183e-06,6.781514e-07,-1.1908708e-06,3.073567e-08,-1.1212625e-07,1.1168696e-06,2.7245724e-07,2.7661733e-07,1.1216797e-06,5.5879354e-09,2.3283064e-10,-3.7252903e-09,1.0,-1.489095e-10,-8.781334e-10,-8.472538e-11,0.0,0.0,0.0,0.0,0.0,0.0,0.6278973,0.20481023,0.11006241,0.999987,-0.0030100544,0.0041163764,0.00016792654,0.0013876061,-0.0020024762,-0.000999468,0.017187083,0.011224492,-0.0024148542,0.49139544,0.06396605,0.020999951,0.99999994,-1.2896356e-05,-8.537356e-06,-2.121075e-06,0.00010709015,6.232571e-05,-0.00021262755,-0.0069920053,0.00093185494,1.5976495e-05
0.0,0.0,0.0,0.0,0.0,0.0,1.0,0.6278973,0.20481023,0.11006242,0.49139544,0.06396605,0.020999955,0.4931023,0.066006206,0.0523134,0.033985086,-0.95977885,-0.04975742,-0.27421477,-0.43230742,0.6258164,0.64449024,-2.5871954,0.4879288,3.7507,0.20024356,0.03999998,0.03999992,-1.8181183e-06,6.781514e-07,-1.1908708e-06,3.073567e-08,-1.1212625e-07,1.1168696e-06,2.7245724e-07,2.7661733e-07,1.1216797e-06,0.0,0.0,0.0,0.0,0.0,0.0,0.04,0.04,-0.43230742,0.6258164,0.64449024,-2.5871954,0.4879288,3.7507,0.20024356,0.03999998,0.03999992,-6.6408575e-07,3.862149e-07,-3.6703037e-07,2.008544e-08,-2.2610362e-07,1.1044926e-06,2.743883e-07,2.7141172e-07,1.1275334e-06,5.5879354e-09,2.3283064e-10,-3.7252903e-09,1.0,-1.489095e-10,-8.781334e-10,-8.472538e-11,0.0,0.0,0.0,0.0,0.0,0.0,0.62790143,0.20479845,0.110058345,0.99998707,-0.0029623255,0.0041325744,0.0001656632,0.00024948388,-0.00055371155,-0.00018478802,0.005259335,0.0018075478,-0.0006982969,0.49139544,0.063966036,0.020999976,0.99999994,-1.245691e-05,-8.505909e-06,-2.1703102e-06,0.00010638473,6.220666e-05,-0.0002123642,-0.0070060245,0.00089462014,1.6637343e-05
0.0,0.0,0.0,0.0,0.0,0.0,1.0,0.62790143,0.20479845,0.11005835,0.49139544,0.063966036,0.02099998,0.4931023,0.066006206,0.0523134,0.033985086,-0.95977885,-0.04975742,-0.27421477,-0.43230742,0.6258164,0.64449024,-2.5871954,0.4879288,3.7507,0.20024356,0.03999998,0.03999992,-6.6408575e-07,3.862149e-07,-3.6703037e-07,2.008544e-08,-2.2610362e-07,1.1044926e-06,2.743883e-07,2.7141172e-07,1.1275334e-06,0.0,0.0,0.0,0.0,0.0,0.0,0.04,0.04,-0.43230742,0.6258164,0.64449024,-2.5871954,0.4879288,3.7507,0.20024356,0.03999998,0.03999992,-3.0328692e-07,3.10218e-07,-1.1403158e-07,7.959673e-09,-2.6082006e-07,1.0994629e-06,2.7500496e-07,2.6977708e-07,1.1290027e-06,5.5879354e-09,2.3283064e-10,-3.7252903e-09,1.0,-1.489095e-10,-8.781334e-10,-8.472538e-11,0.0,0.0,0.0,0.0,0.0,0.0,0.62789917,0.20480326,0.110060856,0.999987,-0.0029830642,0.004123597,0.00016626905,0.0004480925,7.588754e-05,-0.00022503552,0.0001534291,0.0043548453,0.00012894823,0.49139544,0.06396605,0.020999957,0.99999994,-1.2902562e-05,-8.528293e-06,-2.0545663e-06,0.00010716121,6.2114384e-05,-0.00021263673,-0.0069884807,0.00093242095,1.6113676e-05
0.0,0.0,0.0,0.0,0.0,0.0,1.0,0.62789917,0.20480326,0.110060856,0.49139544,0.06396605,0.02099996,0.4931023,0.066006206,0.0523134,0.033985086,-0.95977885,-0.04975742,-0.27421477,-0.43230742,0.6258164,0.64449024,-2.5871954,0.4879288,3.7507,0.20024356,0.03999998,0.03999992,-3.0328692e-07,3.10218e-07,-1.1403158e-07,7.959673e-09,-2.6082006e-07,1.0994629e-06,2.7500496e-07,2.6977708e-07,1.1290027e-06,0.0,0.0,0.0,0.0,0.0,0.0,0.04,0.04,-0.43230742,0.6258164,0.64449024,-2.5871954,0.4879288,3.7507,0.20024356,0.03999998,0.03999992,-1.908439e-07,2.8886794e-07,-3.5887197e-08,2.750487e-09,-2.7150494e-07,1.0977093e-06,2.7520443e-07,2.6926696e-07,1.1294613e-06,5.5879354e-09,2.3283064e-10,-3.7252903e-09,1.0,-1.489095e-10,-8.781334e-10,-8.472538e-11,0.0,0.0,0.0,0.0,0.0,0.0,0.6278973,0.20481019,0.1100624,0.999987,-0.0030099642,0.0041163936,0.00016797832,0.0013847665,-0.0020000008,-0.0009951326,0.017174987,0.01121315,-0.0024067569,0.49139544,0.063966036,0.020999921,0.99999994,-1.226497e-05,-8.411797e-06,-2.1903422e-06,0.00010650111,6.219572e-05,-0.00021218153,-0.007001802,0.00089744997,1.6356345e-05
0.0,0.0,0.0,0.0,0.0,0.0,1.0,0.6278973,0.20481019,0.110062405,0.49139544,0.063966036,0.020999925,0.4931023,0.066006206,0.0523134,0.033985086,-0.95977885,-0.04975742,-0.27421477,-0.43230742,0.6258164,0.64449024,-2.5871954,0.4879288,3.7507,0.20024356,0.03999998,0.03999992,-1.908439e-07,2.8886794e-07,-3.5887197e-08,2.750487e-09,-2.7150494e-07,1.0977093e-06,2.7520443e-07,2.6926696e-07,1.1294613e-06,0.0,0.0,0.0,0.0,0.0,0.0,0.04,0.04,-0.43230742,0.6258164,0.64449024,-2.5871954,0.4879288,3.7507,0.20024356,0.03999998,0.03999992,-1.5585312e-07,2.8258873e-07,-1.1679512e-08,9.0590113e-10,-2.74809e-07,1.0971348e-06,2.7526747e-07,2.6910791e-07,1.1296045e-06,5.5879354e-09,2.3283064e-10,-3.7252903e-09,1.0,-1.489095e-10,-8.781334e-10,-8.472538e-11,0.0,0.0,0.0,0.0,0.0,0.0,0.6279015,0.2047984,0.1100584,0.99998707,-0.0029621846,0.004132704,0.00016564353,0.0002497689,-0.0005581507,-0.0001860206,0.0053011933,0.0018148369,-0.00069678354,0.49139544,0.063966036,0.020999938,0.99999994,-1.2643242e-05,-8.999072e-06,-2.0508692e-06,0.00010554208,6.277747e-05,-0.00021161724,-0.007020098,0.00085966283,1.6313417e-05
0.0,0.0,0.0,0.0,0.0,0.0,1.0,0.6279015,0.2047984,0.1100584,0.49139544,0.063966036,0.020999942,0.4931023,0.066006206,0.0523134,0.033985086,-0.95977885,-0.04975742,-0.27421477,-0.43230742,0.6258164,0.64449024,-2.5871954,0.4879288,3.7507,0.20024356,0.03999998,0.03999992,-1.5585312e-07,2.8258873e-07,-1.1679512e-08,9.0590113e-10,-2.74809e-07,1.0971348e-06,2.7526747e-07,2.6910791e-07,1.1296045e-06,0.0,0.0,0.0,0.0,0.0,0.0,0.04,0.04,-0.43230742,0.6258164,0.64449024,-2.5871954,0.4879288,3.7507,0.20024356,0.03999998,0.03999992,-1.4497257e-07,2.8069317e-07,-4.169227e-09,2.974183e-10,-2.7583303e-07,1.0969517e-06,2.7528742e-07,2.690586e-07,1.1296484e-06,5.5879354e-09,2.3283064e-10,-3.7252903e-09,1.0,-1.489095e-10,-8.781334e-10,-8.472538e-11,0.0,0.0,0.0,0.0,0.0,0.0,0.6278977,0.20480306,0.11006156,0.99998707,-0.002981441,0.004117568,0.00016637126,0.00043798264,0.00028798316,-0.00027692446,-0.0021844583,0.004375238,0.00014549078,0.49139544,0.06396604,0.020999972,0.99999994,-1.2615901e-05,-8.312509e-06,-2.131918e-06,0.000107150736,6.21963e-05,-0.00021263525,-0.0069897366,0.00093272235,1.6049878e-05
0.0,0.0,0.0,0.0,0.0,0.0,1.0,0.6278977,0.20480306,0.11006157,0.49139544,0.06396604,0.020999976,0.4931023,0.066006206,0.0523134,0.033985086,-0.95977885,-0.04975742,-0.27421477,-0.43230742,0.6258164,0.64449024,-2.5871954,0.4879288,3.7507,0.20024356,0.03999998,0.03999992,-1.4497257e-07,2.8069317e-07,-4.169227e-09,2.974183e-10,-2.7583303e-07,1.0969517e-06,2.7528742e-07,2.690586e-07,1.1296484e-06,0.0,0.0,0.0,0.0,0.0,0.0,0.04,0.04,-0.43230742,0.6258164,0.64449024,-2.5871954,0.4879288,3.7507,0.20024356,0.03999998,0.03999992,-1.4159052e-07,2.8011294e-07,-1.8373948e-09,1.0276564e-10,-2.7615087e-07,1.096894e-06,2.752937e-07,2.6904314e-07,1.1296631e-06,5.5879354e-09,2.3283064e-10,-3.7252903e-09,1.0,-1.489095e-10,-8.781334e-10,-8.472538e-11,0.0,0.0,0.0,0.0,0.0,0.0,0.6278973,0.20481023,0.11006245,0.999987,-0.0030103342,0.004116247,0.00016779886,0.001387484,-0.0020057247,-0.0009991635,0.017218014,0.011223589,-0.002416489,0.49139544,0.06396604,0.020999946,0.99999994,-1.26704535e-05,-8.90563e-06,-1.9184092e-06,0.00010645574,6.249262e-05,-0.00021221384,-0.00700732,0.0008981838,1.6133126e-05
0.0,0.0,0.0,0.0,0.0,0.0,1.0,0.6278973,0.20481023,0.11006245,0.49139544,0.06396604,0.02099995,0.4931023,0.066006206,0.0523134,0.033985086,-0.95977885,-0.04975742,-0.27421477,-0.43230742,0.6258164,0.64449024,-2.5871954,0.4879288,3.7507,0.20024356,0.03999998,0.03999992,-1.4159052e-07,2.8011294e-07,-1.8373948e-09,1.0276564e-10,-2.7615087e-07,1.096894e-06,2.752937e-07,2.6904314e-07,1.1296631e-06,0.0,0.0,0.0,0.0,0.0,0.0,0.04,0.04,-0.43230742,0.6258164,0.64449024,-2.5871954,0.4879288,3.7507,0.20024356,0.03999998,0.03999992,-1.405394e-07,2.79934e-07,-1.1131793e-09,4.1444827e-11,-2.762495e-07,1.0968758e-06,2.7529543e-07,2.690384e-07,1.129667e-06,5.5879354e-09,2.3283064e-10,-3.7252903e-09,1.0,-1.489095e-10,-8.781334e-10,-8.472538e-11,0.0,0.0,0.0,0.0,0.0,0.0,0.6279015,0.2047984,0.11005843,0.99998707,-0.0029620933,0.0041328887,0.00016558882,0.00025009055,-0.00053462514,-0.00018171457,0.0050873067,0.0017883162,-0.00070642773,0.49139544,0.06396605,0.020999974,0.99999994,-1.2533902e-05,-8.122811e-06,-2.14299e-06,0.000107032036,6.2093044e-05,-0.0002128094,-0.006991646,0.0009295267,1.6426708e-05
0.0,0.0,0.0,0.0,0.0,0.0,1.0,0.6279015,0.2047984,0.11005843,0.49139544,0.06396605,0.020999977,0.4931023,0.066006206,0.0523134,0.033985086,-0.95977885,-0.04975742,-0.27421477,-0.43230742,0.6258164,0.64449024,-2.5871954,0.4879288,3.7507,0.20024356,0.03999998,0.03999992,-1.405394e-07,2.79934e-07,-1.1131793e-09,4.1444827e-11,-2.762495e-07,1.0968758e-06,2.7529543e-07,2.690384e-07,1.129667e-06,0.0,0.0,0.0,0.0,0.0,0.0,0.04,0.04,-0.43230742,0.6258164,0.64449024,-2.5871954,0.4879288,3.7507,0.20024356,0.03999998,0.03999992,-1.402128e-07,2.7987863e-07,-8.881686e-10,2.2258945e-11,-2.762802e-07,1.0968704e-06,2.7529603e-07,2.690369e-07,1.1296682e-06,5.5879354e-09,2.3283064e-10,-3.7252903e-09,1.0,-1.489095e-10,-8.781334e-10,-8.472538e-11,0.0,0.0,0.0,0.0,0.0,0.0,0.62789917,0.2048033,0.11006089,0.99998695,-0.002983402,0.0041234987,0.00016622452,0.00044915505,7.732195e-05,-0.00022210185,0.00013333673,0.0043655336,0.00012762472,0.49139544,0.063966036,0.020999948,0.99999994,-1.2377734e-05,-8.68776e-06,-1.9714037e-06,0.00010645019,6.235875e-05,-0.00021218856,-0.0070042927,0.0008975627,1.6238291e-05
0.0,0.0,0.0,0.0,0.0,0.0,1.0,0.62789917,0.2048033,0.1100609,0.49139544,0.063966036,0.020999951,0.4931023,0.066006206,0.0523134,0.033985086,-0.95977885,-0.04975742,-0.27421477,-0.43230742,0.6258164,0.64449024,-2.5871954,0.4879288,3.7507,0.20024356,0.03999998,0.03999992,-1.402128e-07,2.7987863e-07,-8.881686e-10,2.2258945e-11,-2.762802e-07,1.0968704e-06,2.7529603e-07,2.690369e-07,1.1296682e-06,0.0,0.0,0.0,0.0,0.0,0.0,0.04,0.04,-0.43230742,0.6258164,0.64449024,-2.5871954,0.4879288,3.7507,0.20024356,0.03999998,0.03999992,-1.4011131e-07,2.7986152e-07,-8.1822604e-10,1.6260326e-11,-2.7628963e-07,1.0968687e-06,2.7529632e-07,2.690365e-07,1.1296686e-06,5.5879354e-09,2.3283064e-10,-3.7252903e-09,1.0,-1.489095e-10,-8.781334e-10,-8.472538e-11,0.0,0.0,0.0,0.0,0.0,0.0,0.6278983,0.20480998,0.11006206,0.999987,-0.0030095584,0.0041202847,0.00016755627,0.0007941703,-0.0023337207,-0.00069344754,0.020544363,0.006003433,-0.0021813859,0.49139544,0.06396604,0.020999936,0.99999994,-1.2929915e-05,-8.908908e-06,-2.193677e-06,0.00010493504,6.321503e-05,-0.00021187561,-0.0070108315,0.00087039947,1.6711105e-05
0.0,0.0,0.0,0.0,0.0,0.0,1.0,0.6278983,0.20480998,0.11006206,0.49139544,0.06396604,0.02099994,0.4931023,0.066006206,0.0523134,0.033985086,-0.95977885,-0.04975742,-0.27421477,-0.43230742,0.6258164,0.64449024,-2.5871954,0.4879288,3.7507,0.20024356,0.03999998,0.03999992,-1.4011131e-07,2.7986152e-07,-8.1822604e-10,1.6260326e-11,-2.7628963e-07,1.0968687e-06,2.7529632e-07,2.690365e-07,1.1296686e-06,0.0,0.0,0.0,0.0,0.0,0.0,0.04,0.04,-0.43230742,0.6258164,0.64449024,-2.5871954,0.4879288,3.7507,0.20024356,0.03999998,0.03999992,-1.4007978e-07,2.798562e-07,-7.965175e-10,1.4375223e-11,-2.7629272e-07,1.0968681e-06,2.752963e-07,2.6903643e-07,1.1296687e-06,5.5879354e-09,2.3283064e-10,-3.7252903e-09,1.0,-1.489095e-10,-8.781334e-10,-8.472538e-11,0.0,0.0,0.0,0.0,0.0,0.0,0.6279014,0.2047987,0.11005848,0.99998707,-0.0029630389,0.004132733,0.00016559995,0.0002854236,-0.000530598,-0.00013353958,0.004846599,0.0020401636,-0.0008415209,0.4913954,0.06396603,0.020999968,0.99999994,-1.2343371e-05,-8.935964e-06,-2.1372955e-06,0.00010343764,6.370612e-05,-0.00021124074,-0.007026027,0.0008206033,1.7253575e-05
0.0,0.0,0.0,0.0,0.0,0.0,1.0,0.6279014,0.2047987,0.11005849,0.4913954,0.06396603,0.020999972,0.4931023,0.066006206,0.0523134,0.033985086,-0.95977885,-0.04975742,-0.27421477,-0.43230742,0.6258164,0.64449024,-2.5871954,0.4879288,3.7507,0.20024356,0.03999998,0.03999992,-1.4007978e-07,2.798562e-07,-7.965175e-10,1.4375223e-11,-2.7629272e-07,1.0968681e-06,2.752963e-07,2.6903643e-07,1.1296687e-06,0.0,0.0,0.0,0.0,0.0,0.0,0.04,0.04,-0.43230742,0.6258164,0.64449024,-2.5871954,0.4879288,3.7507,0.20024356,0.03999998,0.03999992,-1.4006997e-07,2.7985445e-07,-7.8977636e-10,1.3768257e-11,-2.7629363e-07,1.096868e-06,2.7529634e-07,2.6903632e-07,1.1296689e-06,5.5879354e-09,2.3283064e-10,-3.7252903e-09,1.0,-1.489095e-10,-8.781334e-10,-8.472538e-11,0.0,0.0,0.0,0.0,0.0,0.0,0.62789917,0.20480332,0.110060886,0.99998695,-0.0029834076,0.0041234777,0.00016625367,0.00044890956,7.769512e-05,-0.00022081383,0.00012507517,0.0043626213,0.00012634728,0.49139544,0.063966036,0.02099994,0.99999994,-1.2439898e-05,-8.370289e-06,-2.2083002e-06,0.00010658689,6.1968654e-05,-0.00021256818,-0.0069842106,0.0009197412,1.679261e-05
0.0,0.0,0.0,0.0,0.0,0.0,1.0,0.62789917,0.20480332,0.110060886,0.49139544,0.063966036,0.020999944,0.4931023,0.066006206,0.0523134,0.033985086,-0.95977885,-0.04975742,-0.27421477,-0.43230742,0.6258164,0.64449024,-2.5871954,0.4879288,3.7507,0.20024356,0.03999998,0.03999992,-1.4006997e-07,2.7985445e-07,-7.8977636e-10,1.3768257e-11,-2.7629363e-07,1.096868e-06,2.7529634e-07,2.6903632e-07,1.1296689e-06,0.0,0.0,0.0,0.0,0.0,0.0,0.04,0.04,-0.43230742,0.6258164,0.64449024,-2.5871954,0.4879288,3.7507,0.20024356,0.03999998,0.03999992,-1.4006692e-07,2.79854e-07,-7.8766416e-10,1.3562804e-11,-2.762939e-07,1.0968682e-06,2.7529632e-07,2.690362e-07,1.1296689e-06,5.5879354e-09,2.3283064e-10,-3.7252903e-09,1.0,-1.489095e-10,-8.781334e-10,-8.472538e-11,0.0,0.0,0.0,0.0,0.0,0.0,0.6278973,0.2048102,0.11006246,0.99998707,-0.0030099775,0.0041163913,0.00016786689,0.0013857463,-0.0020014502,-0.0009953175,0.017189188,0.011223982,-0.002407699,0.49139544,0.06396604,0.020999972,0.99999994,-1.2589434e-05,-9.167039e-06,-2.088736e-06,0.000105503335,6.245432e-05,-0.00021190658,-0.007021068,0.00085671304,1.6934815e-05
0.0,0.0,0.0,0.0,0.0,0.0,1.0,0.6278973,0.2048102,0.110062465,0.49139544,0.06396604,0.020999976,0.4931023,0.066006206,0.0523134,0.033985086,-0.95977885,-0.04975742,-0.27421477,-0.43230742,0.6258164,0.64449024,-2.5871954,0.4879288,3.7507,0.20024356,0.03999998,0.03999992,-1.4006692e-07,2.79854e-07,-7.8766416e-10,1.3562804e-11,-2.762939e-07,1.0968682e-06,2.7529632e-07,2.690362e-07,1.1296689e-06,0.0,0.0,0.0,0.0,0.0,0.0,0.04,0.04,-0.43230742,0.6258164,0.64449024,-2.5871954,0.4879288,3.7507,0.20024356,0.03999998,0.03999992,-1.4006598e-07,2.7985377e-07,-7.870288e-10,1.3514176e-11,-2.7629392e-07,1.096868e-06,2.7529637e-07,2.690363e-07,1.1296685e-06,5.5879354e-09,2.3283064e-10,-3.7252903e-09,1.0,-1.489095e-10,-8.781334e-10,-8.472538e-11,0.0,0.0,0.0,0.0,0.0,0.0,0.62790143,0.20479837,0.11005841,0.999987,-0.0029619047,0.004132752,0.00016562022,0.0002498368,-0.00054224744,-0.00018418071,0.0051606344,0.0017936005,-0.0007036858,0.49139544,0.06396604,0.020999938,0.99999994,-1.25451825e-05,-8.468234e-06,-2.136586e-06,0.00010717603,6.210495e-05,-0.00021263894,-0.006988348,0.0009328774,1.611122e-05
0.0,0.0,0.0,0.0,0.0,0.0,1.0,0.62790143,0.20479837,0.11005841,0.49139544,0.06396604,0.020999942,0.4931023,0.066006206,0.0523134,0.033985086,-0.95977885,-0.04975742,-0.27421477,-0.43230742,0.6258164,0.64449024,-2.5871954,0.4879288,3.7507,0.20024356,0.03999998,0.03999992,-1.4006598e-07,2.7985377e-07,-7.870288e-10,1.3514176e-11,-2.7629392e-07,1.096868e-06,2.7529637e-07,2.690363e-07,1.1296685e-06,0.0,0.0,0.0,0.0,0.0,0.0,0.04,0.04,-0.43230742,0.6258164,0.64449024,-2.5871954,0.4879288,3.7507,0.20024356,0.03999998,0.03999992,-1.4006568e-07,2.7985368e-07,-7.8681406e-10,1.3531697e-11,-2.7629395e-07,1.0968681e-06,2.7529632e-07,2.690363e-07,1.1296686e-06,5.5879354e-09,2.3283064e-10,-3.7252903e-09,1.0,-1.489095e-10,-8.781334e-10,-8.472538e-11,0.0,0.0,0.0,0.0,0.0,0.0,0.62789774,0.20480308,0.11006158,0.99998707,-0.0029815035,0.0041176206,0.0001663734,0.0004382209,0.0002881309,-0.00027813425,-0.0021817535,0.004378069,0.00014718226,0.49139544,0.06396603,0.020999977,0.99999994,-1.2257733e-05,-8.932309e-06,-2.0561868e-06,0.00010571671,6.2241365e-05,-0.00021171155,-0.007013383,0.0008605156,1.6748154e-05
0.0,0.0,0.0,0.0,0.0,0.0,1.0,0.62789774,0.20480308,0.110061586,0.49139544,0.06396603,0.020999981,0.4931023,0.066006206,0.0523134,0.033985086,-0.95977885,-0.04975742,-0.27421477,-0.43230742,0.6258164,0.64449024,-2.5871954,0.4879288,3.7507,0.20024356,0.03999998,0.03999992,-1.4006568e-07,2.7985368e-07,-7.8681406e-10,1.3531697e-11,-2.7629395e-07,1.0968681e-06,2.7529632e-07,2.690363e-07,1.1296686e-06,0.0,0.0,0.0,0.0,0.0,0.0,0.04,0.04,-0.43230742,0.6258164,0.64449024,-2.5871954,0.4879288,3.7507,0.20024356,0.03999998,0.03999992,-1.4006561e-07,2.798537e-07,-7.867275e-10,1.3561013e-11,-2.7629397e-07,1.096868e-06,2.752963e-07,2.6903632e-07,1.1296686e-06,5.5879354e-09,2.3283064e-10,-3.7252903e-09,1.0,-1.489095e-10,-8.781334e-10,-8.472538e-11,0.0,0.0,0.0,0.0,0.0,0.0,0.6278973,0.20481023,0.11006246,0.999987,-0.0030101105,0.0041164868,0.00016779662,0.0013888082,-0.0020044951,-0.0010000715,0.017204246,0.011236094,-0.0024172985,0.49139544,0.063966036,0.02099995,0.99999994,-1.2376021e-05,-8.336156e-06,-2.1166197e-06,0.00010869827,6.1034327e-05,-0.00021304865,-0.0069808024,0.0009583234,1.5948403e-05
0.0,0.0,0.0,0.0,0.0,0.0,1.0,0.6278973,0.20481023,0.110062465,0.49139544,0.063966036,0.020999953,0.4931023,0.066006206,0.0523134,0.033985086,-0.95977885,-0.04975742,-0.27421477,-0.43230742,0.6258164,0.64449024,-2.5871954,0.4879288,3.7507,0.20024356,0.03999998,0.03999992,-1.4006561e-07,2.798537e-07,-7.867275e-10,1.3561013e-11,-2.7629397e-07,1.096868e-06,2.752963e-07,2.6903632e-07,1.1296686e-06,0.0,0.0,0.0,0.0,0.0,0.0,0.04,0.04,-0.43230742,0.6258164,0.64449024,-2.5871954,0.4879288,3.7507,0.20024356,0.03999998,0.03999992,-1.4006557e-07,2.7985368e-07,-7.8676426e-10,1.3600149e-11,-2.762939e-07,1.096868e-06,2.752963e-07,2.6903635e-07,1.1296688e-06,5.5879354e-09,2.3283064e-10,-3.7252903e-09,1.0,-1.489095e-10,-8.781334e-10,-8.472538e-11,0.0,0.0,0.0,0.0,0.0,0.0,0.62790143,0.20479839,0.11005835,0.999987,-0.0029618742,0.0041327453,0.00016560488,0.0002469415,-0.00055778987,-0.00019078483,0.005315554,0.0017964744,-0.0006842656,0.49139544,0.063966036,0.020999981,0.99999994,-1.2373011e-05,-9.030338e-06,-2.0759526e-06,0.000105479114,6.254943e-05,-0.00021190045,-0.007022553,0.00085667503,1.6869728e-05
0.0,0.0,0.0,0.0,0.0,0.0,1.0,0.62790143,0.20479839,0.11005835,0.49139544,0.063966036,0.020999985,0.4931023,0.066006206,0.0523134,0.033985086,-0.95977885,-0.04975742,-0.27421477,-0.43230742,0.6258164,0.64449024,-2.5871954,0.4879288,3.7507,0.20024356,0.03999998,0.03999992,-1.4006557e-07,2.7985368e-07,-7.8676426e-10,1.3600149e-11,-2.762939e-07,1.096868e-06,2.752963e-07,2.6903635e-07,1.1296688e-06,0.0,0.0,0.0,0.0,0.0,0.0,0.04,0.04,-0.43230742,0.6258164,0.64449024,-2.5871954,0.4879288,3.7507,0.20024356,0.03999998,0.03999992,-1.4006557e-07,2.798537e-07,-7.867462e-10,1.3563338e-11,-2.7629406e-07,1.096868e-06,2.7529634e-07,2.6903632e-07,1.1296687e-06,5.5879354e-09,2.3283064e-10,-3.7252903e-09,1.0,-1.489095e-10,-8.781334e-10,-8.472538e-11,0.0,0.0,0.0,0.0,0.0,0.0,0.6278977,0.20480308,0.11006157,0.99998707,-0.0029814672,0.0041175694,0.00016641611,0.0004407135,0.00028759014,-0.0002768476,-0.0021860679,0.0044024154,0.00014239487,0.49139544,0.063966036,0.020999953,0.99999994,-1.2481501e-05,-8.4293615e-06,-2.1154985e-06,0.00010869581,6.103546e-05,-0.0002130442,-0.006980673,0.0009583603,1.5946112e-05
0.0,0.0,0.0,0.0,0.0,0.0,1.0,0.6278977,0.20480308,0.11006157,0.49139544,0.063966036,0.020999957,0.4931023,0.066006206,0.0523134,0.033985086,-0.95977885,-0.04975742,-0.27421477,-0.43230742,0.6258164,0.64449024,-2.5871954,0.4879288,3.7507,0.20024356,0.03999998,0.03999992,-1.4006557e-07,2.798537e-07,-7.867462e-10,1.3563338e-11,-2.7629406e-07,1.096868e-06,2.7529634e-07,2.6903632e-07,1.1296687e-06,0.0,0.0,0.0,0.0,0.0,0.0,0.04,0.04,-0.43230742,0.6258164,0.64449024,-2.5871954,0.4879288,3.7507,0.20024356,0.03999998,0.03999992,-1.4006555e-07,2.798537e-07,-7.867428e-10,1.3585466e-11,-2.7629392e-07,1.0968682e-06,2.752964e-07,2.6903638e-07,1.1296688e-06,5.5879354e-09,2.3283064e-10,-3.7252903e-09,1.0,-1.489095e-10,-8.781334e-10,-8.472538e-11,0.0,0.0,0.0,0.0,0.0,0.0,0.6278973,0.20481022,0.11006242,0.99998707,-0.0030100178,0.00411645,0.00016786157,0.0013845884,-0.0019951952,-0.000997962,0.017120961,0.0111975465,-0.0024085732,0.49139544,0.06396604,0.020999925,0.99999994,-1.2541255e-05,-9.104596e-06,-2.0678565e-06,0.00010553487,6.266483e-05,-0.00021171724,-0.0070202663,0.00085883256,1.6519389e-05
0.0,0.0,0.0,0.0,0.0,0.0,1.0,0.6278973,0.20481022,0.11006242,0.49139544,0.06396604,0.020999929,0.4931023,0.066006206,0.0523134,0.033985086,-0.95977885,-0.04975742,-0.27421477,-0.43230742,0.6258164,0.64449024,-2.5871954,0.4879288,3.7507,0.20024356,0.03999998,0.03999992,-1.4006555e-07,2.798537e-07,-7.867428e-10,1.3585466e-11,-2.7629392e-07,1.0968682e-06,2.752964e-07,2.6903638e-07,1.1296688e-06,0.0,0.0,0.0,0.0,0.0,0.0,0.04,0.04,-0.43230742,0.6258164,0.64449024,-2.5871954,0.4879288,3.7507,0.20024356,0.03999998,0.03999992,-1.4006557e-07,2.798537e-07,-7.8675133e-10,1.35511255e-11,-2.7629397e-07,1.096868e-06,2.7529617e-07,2.690363e-07,1.1296688e-06,5.5879354e-09,2.3283064e-10,-3.7252903e-09,1.0,-1.489095e-10,-8.781334e-10,-8.472538e-11,0.0,0.0,0.0,0.0,0.0,0.0,0.6279015,0.20479842,0.110058345,0.9999871,-0.0029622982,0.0041327053,0.00016570401,0.00024891944,-0.0005572222,-0.00018705006,0.0052971463,0.001807682,-0.0006941864,0.49139544,0.06396604,0.020999951,0.99999994,-1.276338e-05,-8.623337e-06,-2.1433073e-06,0.000107148626,6.2173065e-05,-0.00021262966,-0.006989307,0.0009325549,1.6064861e-05
0.0,0.0,0.0,0.0,0.0,0.0,1.0,0.6279015,0.20479842,0.11005835,0.49139544,0.06396604,0.020999955,0.4931023,0.066006206,0.0523134,0.033985086,-0.95977885,-0.04975742,-0.27421477,-0.43230742,0.6258164,0.64449024,-2.5871954,0.4879288,3.7507,0.20024356,0.03999998,0.03999992,-1.4006557e-07,2.798537e-07,-7.8675133e-10,1.35511255e-11,-2.7629397e-07,1.096868e-06,2.7529617e-07,2.690363e-07,1.1296688e-06,0.0,0.0,0.0,0.0,0.0,0.0,0.04,0.04,-0.43230742,0.6258164,0.64449024,-2.5871954,0.4879288,3.7507,0.20024356,0.03999998,0.03999992,-1.4006555e-07,2.798537e-07,-7.8675344e-10,1.3570818e-11,-2.76294e-07,1.0968682e-06,2.7529617e-07,2.6903626e-07,1.1296686e-06,5.5879354e-09,2.3283064e-10,-3.7252903e-09,1.0,-1.489095e-10,-8.781334e-10,-8.472538e-11,0.0,0.0,0.0,0.0,0.0,0.0,0.62789917,0.20480327,0.110060886,0.999987,-0.0029830015,0.0041233967,0.00016626249,0.000448253,7.666665e-05,-0.00022445903,0.00014407959,0.004356137,0.00012865495,0.49139544,0.063966036,0.020999966,0.99999994,-1.2614334e-05,-8.774019e-06,-2.2297725e-06,0.00010642235,6.214595e-05,-0.0002123716,-0.007005466,0.0008949979,1.6669448e-05
0.0,0.0,0.0,0.0,0.0,0.0,1.0,0.62789917,0.20480327,0.110060886,0.49139544,0.063966036,0.02099997,0.4931023,0.066006206,0.0523134,0.033985086,-0.95977885,-0.04975742,-0.27421477,-0.43230742,0.6258164,0.64449024,-2.5871954,0.4879288,3.7507,0.20024356,0.03999998,0.03999992,-1.4006555e-07,2.798537e-07,-7.8675344e-10,1.3570818e-11,-2.76294e-07,1.0968682e-06,2.7529617e-07,2.6903626e-07,1.1296686e-06,0.0,0.0,0.0,0.0,0.0,0.0,0.04,0.04,-0.43230742,0.6258164,0.64449024,-2.5871954,0.4879288,3.7507,0.20024356,0.03999998,0.03999992,-1.4006555e-07,2.798537e-07,-7.8672713e-10,1.35306905e-11,-2.76294e-07,1.0968682e-06,2.752964e-07,2.6903632e-07,1.1296687e-06,5.5879354e-09,2.3283064e-10,-3.7252903e-09,1.0,-1.489095e-10,-8.781334e-10,-8.472538e-11,0.0,0.0,0.0,0.0,0.0,0.0,0.6278983,0.20480996,0.110062025,0.99998695,-0.00300931,0.0041203215,0.00016742887,0.000795892,-0.0023366327,-0.0006946927,0.02056944,0.0060172617,-0.0021847754,0.49139544,0.063966036,0.020999925,0.99999994,-1.2384066e-05,-8.883635e-06,-2.0193086e-06,0.00010726153,6.154264e-05,-0.00021232804,-0.0069942344,0.00091029337,1.6337666e-05
0.0,0.0,0.0,0.0,0.0,0.0,1.0,0.6278983,0.20480996,0.11006203,0.49139544,0.063966036,0.020999929,0.4931023,0.066006206,0.0523134,0.033985086,-0.95977885,-0.04975742,-0.27421477,-0.43230742,0.6258164,0.64449024,-2.5871954,0.4879288,3.7507,0.20024356,0.03999998,0.03999992,-1.4006555e-07,2.798537e-07,-7.8672713e-10,1.35306905e-11,-2.76294e-07,1.0968682e-06,2.752964e-07,2.6903632e-07,1.1296687e-06,0.0,0.0,0.0,0.0,0.0,0.0,0.04,0.04,-0.43230742,0.6258164,0.64449024,-2.5871954,0.4879288,3.7507,0.20024356,0.03999998,0.03999992,-1.4006557e-07,2.7985374e-07,-7.8671536e-10,1.358455e-11,-2.7629403e-07,1.0968679e-06,2.7529626e-07,2.690363e-07,1.1296686e-06,5.5879354e-09,2.3283064e-10,-3.7252903e-09,1.0,-1.489095e-10,-8.781334e-10,-8.472538e-11,0.0,0.0,0.0,0.0,0.0,0.0,0.6279014,0.20479871,0.11005843,0.999987,-0.0029628733,0.004132698,0.0001656123,0.00028774372,-0.0005419138,-0.00013802375,0.004946221,0.0020760025,-0.000840875,0.49139544,0.06396604,0.020999951,0.99999994,-1.2573492e-05,-8.248101e-06,-2.1200626e-06,0.00010883571,6.109196e-05,-0.00021335689,-0.006966455,0.0009829291,1.5976375e-05
0.0,0.0,0.0,0.0,0.0,0.0,1.0,0.6279014,0.20479871,0.11005843,0.49139544,0.06396604,0.020999955,0.4931023,0.066006206,0.0523134,0.033985086,-0.95977885,-0.04975742,-0.27421477,-0.43230742,0.6258164,0.64449024,-2.5871954,0.4879288,3.7507,0.20024356,0.03999998,0.03999992,-1.4006557e-07,2.7985374e-07,-7.8671536e-10,1.358455e-11,-2.7629403e-07,1.0968679e-06,2.7529626e-07,2.690363e-07,1.1296686e-06,0.0,0.0,0.0,0.0,0.0,0.0,0.04,0.04,-0.43230742,0.6258164,0.64449024,-2.5871954,0.4879288,3.7507,0.20024356,0.03999998,0.03999992,-1.4006555e-07,2.7985368e-07,-7.8671647e-10,1.3575148e-11,-2.76294e-07,1.096868e-06,2.752963e-07,2.690363e-07,1.1296685e-06,5.5879354e-09,2.3283064e-10,-3.7252903e-09,1.0,-1.489095e-10,-8.781334e-10,-8.472538e-11,0.0,0.0,0.0,0.0,0.0,0.0,0.62789917,0.2048033,0.110060915,0.999987,-0.0029831605,0.004123675,0.0001661682,0.0004487825,7.647608e-05,-0.00022358638,0.00014461546,0.004361571,0.00012828854,0.49139544,0.06396604,0.020999985,0.99999994,-1.2551785e-05,-8.900599e-06,-1.95247e-06,0.00010640426,6.2378145e-05,-0.00021240198,-0.007009706,0.00089586136,1.6469307e-05
0.0,0.0,0.0,0.0,0.0,0.0,1.0,0.62789917,0.2048033,0.110060915,0.49139544,0.06396604,0.020999989,0.4931023,0.066006206,0.0523134,0.033985086,-0.95977885,-0.04975742,-0.27421477,-0.43230742,0.6258164,0.64449024,-2.5871954,0.4879288,3.7507,0.20024356,0.03999998,0.03999992,-1.4006555e-07,2.7985368e-07,-7.8671647e-10,1.3575148e-11,-2.76294e-07,1.096868e-06,2.752963e-07,2.690363e-07,1.1296685e-06,0.0,0.0,0.0,0.0,0.0,0.0,0.04,0.04,-0.43230742,0.6258164,0.64449024,-2.5871954,0.4879288,3.7507,0.20024356,0.03999998,0.03999992,-1.4006555e-07,2.798537e-07,-7.8670487e-10,1.3575446e-11,-2.76294e-07,1.0968682e-06,2.7529657e-07,2.690363e-07,1.1296687e-06,5.5879354e-09,2.3283064e-10,-3.7252903e-09,1.0,-1.489095e-10,-8.781334e-10,-8.472538e-11,0.0,0.0,0.0,0.0,0.0,0.0,0.62789726,0.20481022,0.11006238,0.99998695,-0.0030102301,0.0041161934,0.00016795237,0.0013850473,-0.00200397,-0.000994648,0.0172138,0.011217543,-0.0024082912,0.49139544,0.063966036,0.020999966,0.99999994,-1.2399637e-05,-8.339227e-06,-2.1506492e-06,0.00010875401,6.0775328e-05,-0.00021302902,-0.0069757914,0.00095864234,1.6130596e-05
0.0,0.0,0.0,0.0,0.0,0.0,1.0,0.62789726,0.20481022,0.11006239,0.49139544,0.063966036,0.02099997,0.4931023,0.066006206,0.0523134,0.033985086,-0.95977885,-0.04975742,-0.27421477,-0.43230742,0.6258164,0.64449024,-2.5871954,0.4879288,3.7507,0.20024356,0.03999998,0.03999992,-1.4006555e-07,2.798537e-07,-7.8670487e-10,1.3575446e-11,-2.76294e-07,1.0968682e-06,2.7529657e-07,2.690363e-07,1.1296687e-06,0.0,0.0,0.0,0.0,0.0,0.0,0.04,0.04,-0.43230742,0.6258164,0.64449024,-2.5871954,0.4879288,3.7507,0.20024356,0.03999998,0.03999992,-1.4006555e-07,2.7985377e-07,-7.867746e-10,1.3540703e-11,-2.76294e-07,1.096868e-06,2.7529634e-07,2.6903632e-07,1.1296685e-06,5.5879354e-09,2.3283064e-10,-3.7252903e-09,1.0,-1.489095e-10,-8.781334e-10,-8.472538e-11,0.0,0.0,0.0,0.0,0.0,0.0,0.62790143,0.20479839,0.110058375,0.999987,-0.0029621331,0.0041325265,0.00016563777,0.00024959302,-0.0005595818,-0.00018721182,0.005317885,0.0018154804,-0.00069447426,0.49139544,0.063966036,0.020999938,0.99999994,-1.261908e-05,-9.095035e-06,-2.063588e-06,0.00010550001,6.272988e-05,-0.00021170842,-0.007021241,0.0008585786,1.6492662e-05
0.0,0.0,0.0,0.0,0.0,0.0,1.0,0.62790143,0.20479839,0.11005838,0.49139544,0.063966036,0.020999942,0.4931023,0.066006206,0.0523134,0.033985086,-0.95977885,-0.04975742,-0.27421477,-0.43230742,0.6258164,0.64449024,-2.5871954,0.4879288,3.7507,0.20024356,0.03999998,0.03999992,-1.4006555e-07,2.7985377e-07,-7.867746e-10,1.3540703e-11,-2.76294e-07,1.096868e-06,2.7529634e-07,2.6903632e-07,1.1296685e-06,0.0,0.0,0.0,0.0,0.0,0.0,0.04,0.04,-0.43230742,0.6258164,0.64449024,-2.5871954,0.4879288,3.7507,0.20024356,0.03999998,0.03999992,-1.4006555e-07,2.7985374e-07,-7.86732e-10,1.3567113e-11,-2.7629397e-07,1.096868e-06,2.7529632e-07,2.6903626e-07,1.1296688e-06,5.5879354e-09,2.3283064e-10,-3.7252903e-09,1.0,-1.489095e-10,-8.781334e-10,-8.472538e-11,0.0,0.0,0.0,0.0,0.0,0.0,0.62789917,0.20480333,0.11006089,0.99998695,-0.0029835142,0.0041235713,0.0001661831,0.0004501605,7.697876e-05,-0.00021968228,0.00012895414,0.0043745385,0.00012423453,0.49139544,0.06396605,0.020999972,0.99999994,-1.2772822e-05,-8.5158845e-06,-2.128627e-06,0.00010693422,6.236518e-05,-0.00021232587,-0.007007804,0.00090752915,1.586973e-05
0.0,0.0,0.0,0.0,0.0,0.0,1.0,0.62789917,0.20480333,0.1100609,0.49139544,0.06396605,0.020999976,0.4931023,0.066006206,0.0523134,0.033985086,-0.95977885,-0.04975742,-0.27421477,-0.43230742,0.6258164,0.64449024,-2.5871954,0.4879288,3.7507,0.20024356,0.03999998,0.03999992,-1.4006555e-07,2.7985374e-07,-7.86732e-10,1.3567113e-11,-2.7629397e-07,1.096868e-06,2.7529632e-07,2.6903626e-07,1.1296688e-06,0.0,0.0,0.0,0.0,0.0,0.0,0.04,0.04,-0.43230742,0.6258164,0.64449024,-2.5871954,0.4879288,3.7507,0.20024356,0.03999998,0.03999992,-1.4006558e-07,2.7985374e-07,-7.8674117e-10,1.3571012e-11,-2.7629395e-07,1.0968678e-06,2.7529626e-07,2.690363e-07,1.1296686e-06,5.5879354e-09,2.3283064e-10,-3.7252903e-09,1.0,-1.489095e-10,-8.781334e-10,-8.472538e-11,0.0,0.0,0.0,0.0,0.0,0.0,0.6278973,0.2048102,0.110062435,0.99998695,-0.0030101389,0.0041163615,0.00016797888,0.0013863414,-0.002005172,-0.0009963498,0.017221456,0.01122437,-0.0024114535,0.4913954,0.06396605,0.020999942,0.99999994,-1.2872281e-05,-9.175428e-06,-2.243816e-06,0.00010472391,6.368916e-05,-0.000211487,-0.007032685,0.0008466405,1.6155076e-05
0.0,0.0,0.0,0.0,0.0,0.0,1.0,0.6278973,0.2048102,0.110062435,0.4913954,0.06396605,0.020999946,0.4931023,0.066006206,0.0523134,0.033985086,-0.95977885,-0.04975742,-0.27421477,-0.43230742,0.6258164,0.64449024,-2.5871954,0.4879288,3.7507,0.20024356,0.03999998,0.03999992,-1.4006558e-07,2.7985374e-07,-7.8674117e-10,1.3571012e-11,-2.7629395e-07,1.0968678e-06,2.7529626e-07,2.690363e-07,1.1296686e-06,0.0,0.0,0.0,0.0,0.0,0.0,0.04,0.04,-0.43230742,0.6258164,0.64449024,-2.5871954,0.4879288,3.7507,0.20024356,0.03999998,0.03999992,-1.4006557e-07,2.7985374e-07,-7.8673074e-10,1.35400025e-11,-2.76294e-07,1.096868e-06,2.7529626e-07,2.690363e-07,1.1296687e-06,5.5879354e-09,2.3283064e-10,-3.7252903e-09,1.0,-1.489095e-10,-8.781334e-10,-8.472538e-11,0.0,0.0,0.0,0.0,0.0,0.0,0.6279015,0.20479842,0.11005839,0.99998707,-0.0029622018,0.0041328208,0.00016556545,0.0002483445,-0.0005305826,-0.00018081375,0.0050504375,0.0017685151,-0.0007067839,0.49139547,0.06396605,0.020999983,0.99999994,-1.2621074e-05,-8.395271e-06,-2.0917214e-06,0.00010691901,6.190294e-05,-0.00021248293,-0.0070028347,0.00090511364,1.6488011e-05
0.0,0.0,0.0,0.0,0.0,0.0,1.0,0.6279015,0.20479842,0.1100584,0.49139547,0.06396605,0.020999987,0.4931023,0.066006206,0.0523134,0.033985086,-0.95977885,-0.04975742,-0.27421477,-0.43230742,0.6258164,0.64449024,-2.5871954,0.4879288,3.7507,0.20024356,0.03999998,0.03999992,-1.4006557e-07,2.7985374e-07,-7.8673074e-10,1.35400025e-11,-2.76294e-07,1.096868e-06,2.7529626e-07,2.690363e-07,1.1296687e-06,0.0,0.0,0.0,0.0,0.0,0.0,0.04,0.04,-0.43230742,0.6258164,0.64449024,-2.5871954,0.4879288,3.7507,0.20024356,0.03999998,0.03999992,-1.4006555e-07,2.798537e-07,-7.867344e-10,1.3574884e-11,-2.7629397e-07,1.096868e-06,2.7529632e-07,2.6903626e-07,1.1296687e-06,5.5879354e-09,2.3283064e-10,-3.7252903e-09,1.0,-1.489095e-10,-8.781334e-10,-8.472538e-11,0.0,0.0,0.0,0.0,0.0,0.0,0.62789917,0.2048033,0.1100609,0.9999871,-0.002983271,0.004123453,0.00016631855,0.00044900342,7.667352e-05,-0.00022298661,0.00014175242,0.004364017,0.00012801265,0.4913954,0.06396605,0.020999944,0.99999994,-1.2620492e-05,-8.860998e-06,-2.1236986e-06,0.00010695127,6.244894e-05,-0.00021197418,-0.0070242924,0.0008861415,1.5494446e-05
0.0,0.0,0.0,0.0,0.0,0.0,1.0,0.62789917,0.2048033,0.1100609,0.4913954,0.06396605,0.020999948,0.4931023,0.066006206,0.0523134,0.033985086,-0.95977885,-0.04975742,-0.27421477,-0.43230742,0.6258164,0.64449024,-2.5871954,0.4879288,3.7507,0.20024356,0.03999998,0.03999992,-1.4006555e-07,2.798537e-07,-7.867344e-10,1.3574884e-11,-2.7629397e-07,1.096868e-06,2.7529632e-07,2.6903626e-07,1.1296687e-06,0.0,0.0,0.0,0.0,0.0,0.0,0.04,0.04,-0.43230742,0.6258164,0.64449024,-2.5871954,0.4879288,3.7507,0.20024356,0.03999998,0.03999992,-1.4006557e-07,2.7985374e-07,-7.867229e-10,1.35277275e-11,-2.7629403e-07,1.096868e-06,2.7529626e-07,2.6903626e-07,1.1296689e-06,5.5879354e-09,2.3283064e-10,-3.7252903e-09,1.0,-1.489095e-10,-8.781334e-10,-8.472538e-11,0.0,0.0,0.0,0.0,0.0,0.0,0.6278973,0.20481022,0.11006238,0.99998695,-0.003010043,0.0041163065,0.00016793924,0.0013878734,-0.0020049703,-0.0009970455,0.01721797,0.011240172,-0.0024125427,0.49139544,0.06396604,0.020999985,0.99999994,-1.2387512e-05,-8.260749e-06,-2.0841283e-06,0.000108663364,6.0669685e-05,-0.00021320157,-0.0069772513,0.0009561995,1.648155e-05
0.0,0.0,0.0,0.0,0.0,0.0,1.0,0.6278973,0.20481022,0.11006239,0.49139544,0.06396604,0.020999989,0.4931023,0.066006206,0.0523134,0.033985086,-0.95977885,-0.04975742,-0.27421477,-0.43230742,0.6258164,0.64449024,-2.5871954,0.4879288,3.7507,0.20024356,0.03999998,0.03999992,-1.4006557e-07,2.7985374e-07,-7.867229e-10,1.35277275e-11,-2.7629403e-07,1.096868e-06,2.7529626e-07,2.6903626e-07,1.1296689e-06,0.0,0.0,0.0,0.0,0.0,0.0,0.04,0.04,-0.43230742,0.6258164,0.64449024,-2.5871954,0.4879288,3.7507,0.20024356,0.03999998,0.03999992,-1.4006554e-07,2.798537e-07,-7.8672846e-10,1.3533306e-11,-2.76294e-07,1.0968679e-06,2.7529632e-07,2.6903632e-07,1.129669e-06,5.5879354e-09,2.3283064e-10,-3.7252903e-09,1.0,-1.489095e-10,-8.781334e-10,-8.472538e-11,0.0,0.0,0.0,0.0,0.0,0.0,0.6279015,0.20479842,0.11005845,0.99998707,-0.002962087,0.004132858,0.00016559527,0.00025010196,-0.0005350498,-0.00018045946,0.0050865174,0.0017866705,-0.0007096456,0.49139544,0.063966036,0.020999951,0.99999994,-1.2463288e-05,-8.873173e-06,-2.011776e-06,0.00010572192,6.256347e-05,-0.00021201666,-0.0070033134,0.00088377023,1.6656515e-05
0.0,0.0,0.0,0.0,0.0,0.0,1.0,0.6279015,0.20479842,0.11005846,0.49139544,0.063966036,0.020999955,0.4931023,0.066006206,0.0523134,0.033985086,-0.95977885,-0.04975742,-0.27421477,-0.43230742,0.6258164,0.64449024,-2.5871954,0.4879288,3.7507,0.20024356,0.03999998,0.03999992,-1.4006554e-07,2.798537e-07,-7.8672846e-10,1.3533306e-11,-2.76294e-07,1.0968679e-06,2.7529632e-07,2.6903632e-07,1.129669e-06,0.0,0.0,0.0,0.0,0.0,0.0,0.04,0.04,-0.43230742,0.6258164,0.64449024,-2.5871954,0.4879288,3.7507,0.20024356,0.03999998,0.03999992,-1.4006557e-07,2.798538e-07,-7.866985e-10,1.3551639e-11,-2.7629397e-07,1.0968679e-06,2.7529632e-07,2.6903635e-07,1.1296687e-06,5.5879354e-09,2.3283064e-10,-3.7252903e-09,1.0,-1.489095e-10,-8.781334e-10,-8.472538e-11,0.0,0.0,0.0,0.0,0.0,0.0,0.6278991,0.20480326,0.11006082,0.999987,-0.0029830183,0.0041235597,0.00016624523,0.0004490623,7.4676296e-05,-0.00022447393,0.0001642148,0.0043643937,0.00012783686,0.4913954,0.06396605,0.02099994,0.99999994,-1.2707648e-05,-8.891342e-06,-2.1150167e-06,0.00010710238,6.2121275e-05,-0.0002123622,-0.0070051122,0.00090935465,1.596637e-05
0.0,0.0,0.0,0.0,0.0,0.0,1.0,0.6278991,0.20480326,0.110060826,0.4913954,0.06396605,0.020999944,0.4931023,0.066006206,0.0523134,0.033985086,-0.95977885,-0.04975742,-0.27421477,-0.43230742,0.6258164,0.64449024,-2.5871954,0.4879288,3.7507,0.20024356,0.03999998,0.03999992,-1.4006557e-07,2.798538e-07,-7.866985e-10,1.3551639e-11,-2.7629397e-07,1.0968679e-06,2.7529632e-07,2.6903635e-07,1.1296687e-06,0.0,0.0,0.0,0.0,0.0,0.0,0.04,0.04,-0.43230742,0.6258164,0.64449024,-2.5871954,0.4879288,3.7507,0.20024356,0.03999998,0.03999992,-1.4006554e-07,2.7985377e-07,-7.866804e-10,1.3573677e-11,-2.76294e-07,1.0968678e-06,2.7529626e-07,2.6903638e-07,1.1296686e-06,5.5879354e-09,2.3283064e-10,-3.7252903e-09,1.0,-1.489095e-10,-8.781334e-10,-8.472538e-11,0.0,0.0,0.0,0.0,0.0,0.0,0.6278973,0.20481025,0.11006242,0.99998695,-0.0030100706,0.004116299,0.00016795412,0.0013876515,-0.0020064502,-0.0009962256,0.017234497,0.011241148,-0.0024119897,0.49139544,0.06396603,0.02099996,0.99999994,-1.213548e-05,-8.678938e-06,-2.2071288e-06,0.00010633043,6.182433e-05,-0.00021231173,-0.006997116,0.0008931233,1.7037857e-05
0.0,0.0,0.0,0.0,0.0,0.0,-1.0,0.6278973,0.20481025,0.11006242,0.49139544,0.06396603,0.020999964,0.4931023,0.066006206,0.0523134,0.033985086,-0.95977885,-0.04975742,-0.27421477,-0.43230742,0.6258164,0.64449024,-2.5871954,0.4879288,3.7507,0.20024356,0.03999998,0.03999992,-1.4006554e-07,2.7985377e-07,-7.866804e-10,1.3573677e-11,-2.76294e-07,1.0968678e-06,2.7529626e-07,2.6903638e-07,1.1296686e-06,0.0,0.0,0.0,0.0,0.0,0.0,0.0,0.0,-0.43230745,0.6258164,0.6444901,-2.5871954,0.48792887,3.7507,0.20024364,0.032993846,0.032998357,-1.0104162e-06,4.8244146e-07,2.012447e-06,-9.962332e-08,-1.2158665e-05,-1.0170095e-05,7.650726e-06,-0.20021409,-0.20038597,5.5879354e-09,2.3283064e-10,-3.7252903e-09,1.0,-1.489095e-10,-8.781334e-10,-8.472538e-11,0.0,0.0,0.0,0.0,0.0,0.0,0.6279015,0.2047984,0.110058285,0.999987,-0.0029620538,0.0041327714,0.00016565926,0.0002495247,-0.00058394653,-0.0001946454,0.0055427686,0.0018504162,-0.0006810425,0.49139547,0.06396605,0.020999935,0.99999994,-1.26504565e-05,-8.584536e-06,-2.0245247e-06,0.00010706286,6.212813e-05,-0.0002123466,-0.0070043933,0.00090906513,1.6000033e-05
0.0,0.0,0.0,0.0,0.0,0.0,-1.0,0.6279015,0.2047984,0.11005829,0.49139547,0.06396605,0.020999938,0.4931023,0.066006206,0.0523134,0.033985086,-0.95977885,-0.04975742,-0.27421477,-0.43230745,0.6258164,0.6444901,-2.5871954,0.48792887,3.7507,0.20024364,0.032993846,0.032998357,-1.0104162e-06,4.8244146e-07,2.012447e-06,-9.962332e-08,-1.2158665e-05,-1.0170095e-05,7.650726e-06,-0.20021409,-0.20038597,0.0,0.0,0.0,0.0,0.0,0.0,0.0,0.0,-0.43228474,0.6257926,0.6444122,-2.5871718,0.48807874,3.7509174,0.20011024,0.026085448,0.026125848,0.0029317434,-0.010798782,-0.023195121,0.006710574,0.03474439,0.07800191,-0.038045958,-0.19306856,-0.19452296,5.5879354e-09,2.3283064e-10,-3.7252903e-09,1.0,-1.489095e-10,-8.781334e-10,-8.472538e-11,0.0,0.0,0.0,0.0,0.0,0.0,0.6278991,0.20480332,0.110060856,0.99998695,-0.0029833924,0.0041235196,0.0001662325,0.00045035273,7.5514254e-05,-0.00022289627,0.00015312126,0.004376994,0.00012706053,0.49128583,0.06421761,0.021080608,0.9999931,-0.0035474452,-0.0010413865,-3.7762835e-05,-0.0027238396,0.058159083,0.025739247,-2.308547,-0.60573363,-0.060084518
0.0,0.0,0.0,0.0,0.0,0.0,-1.0,0.6278991,0.20480332,0.110060856,0.49128583,0.06421761,0.021080611,0.49313203,0.0659219,0.052343365,0.03386412,-0.9597622,-0.049717754,-0.2742953,-0.43228474,0.6257926,0.6444122,-2.5871718,0.48807874,3.7509174,0.20011024,0.026085448,0.026125848,0.0029317434,-0.010798782,-0.023195121,0.006710574,0.03474439,0.07800191,-0.038045958,-0.19306856,-0.19452296,0.0,0.0,0.0,0.0,0.0,0.0,0.0,0.0,-0.43285748,0.6253757,0.643998,-2.5869737,0.4882616,3.7512517,0.20000692,0.020714466,0.021367658,-0.0089926785,-0.0055327183,-0.0033164602,0.0030062457,0.018388607,-0.12056707,-0.06272633,0.16919391,0.20042917,5.5879354e-09,2.3283064e-10,-3.7252903e-09,1.0,-1.489095e-10,-8.781334e-10,-8.472538e-11,0.0,0.0,0.0,0.0,0.0,0.0,0.6278983,0.20480995,0.11006203,0.99998695,-0.0030093072,0.0041202432,0.00016746364,0.00079473655,-0.002334526,-0.0006940939,0.02055006,0.006007335,-0.0021829351,0.4915102,0.06536994,0.021206591,0.99997073,-0.004401945,6.8899026e-05,-0.0062403744,-0.014852029,-0.0012348142,0.12011462,-4.773821,0.83689564,-5.3680143
0.0,0.0,0.0,0.0,0.0,0.0,-1.0,0.6278983,0.20480995,0.11006203,0.4915102,0.06536994,0.021206595,0.4933949,0.06528817,0.052546795,0.033420444,-0.9597048,-0.049243957,-0.27463573,-0.43285748,0.6253757,0.643998,-2.5869737,0.4882616,3.7512517,0.20000692,0.020714466,0.021367658,-0.0089926785,-0.0055327183,-0.0033164602,0.0030062457,0.018388607,-0.12056707,-0.06272633,0.16919391,0.20042917,0.0,0.0,0.0,0.0,0.0,0.0,0.0,0.0,-0.434453,0.6183377,0.6441216,-2.5855894,0.4883485,3.7524903,0.19934496,0.014397576,0.014917001,-0.053543016,-0.048528068,-0.0065681534,0.041396193,-0.017388184,-0.005679774,0.047767617,-0.202056,-0.20178935,5.5879354e-09,2.3283064e-10,-3.7252903e-09,1.0,-1.489095e-10,-8.781334e-10,-8.472538e-11,0.0,0.0,0.0,0.0,0.0,0.0,0.6279014,0.20479867,0.11005836,0.999987,-0.00296276,0.004132864,0.00016557169,0.00029355724,-0.00058341894,-0.00015265102,0.0052976552,0.0022057858,-0.0008246216,0.49147734,0.06511994,0.021040514,0.9999767,0.00033784244,-0.00021281226,-0.006815126,-0.023248624,-0.035104766,-0.0030808838,0.79335594,-0.5998519,0.071544826
0.0,0.0,0.0,0.0,0.0,0.0,-1.0,0.6279014,0.20479867,0.11005837,0.49147734,0.06511994,0.021040518,0.49611294,0.06354031,0.056083065,0.03123632,-0.9585899,-0.048965335,-0.27880466,-0.434453,0.6183377,0.6441216,-2.5855894,0.4883485,3.7524903,0.19934496,0.014397576,0.014917001,-0.053543016,-0.048528068,-0.0065681534,0.041396193,-0.017388184,-0.005679774,0.047767617,-0.202056,-0.20178935,0.0,0.0,0.0,0.0,0.0,0.0,0.0,0.0,-0.43529162,0.61763495,0.64383775,-2.585015,0.48837703,3.7525003,0.19935298,0.007968276,0.008384463,-0.011629658,-0.0052671935,-0.0050076786,0.0038249234,0.0009019635,-4.623115e-06,0.0005263644,-0.15995228,-0.16858397,5.5879354e-09,2.3283064e-10,-3.7252903e-09,1.0,-1.489095e-10,-8.781334e-10,-8.472538e-11,0.0,0.0,0.0,0.0,0.0,0.0,0.62789917,0.20480327,0.110060886,0.999987,-0.00298308,0.0041233264,0.00016624622,0.000448328,7.595605e-05,-0.00022414797,0.00015026536,0.0043569584,0.00012842275,0.49150488,0.06515734,0.020999597,0.9999804,-1.3005742e-06,-5.5731157e-06,-0.0062499046,-0.00042018577,0.0009241942,4.678785e-05,-0.022903007,-0.011206085,-0.0003526768
0.0,0.0,0.0,0.0,0.0,0.0,-1.0,0.62789917,0.20480327,0.110060886,0.49150488,0.06515734,0.020999601,0.49662554,0.0628585,0.05648331,0.030843407,-0.95847404,-0.04840988,-0.279343,-0.43529162,0.61763495,0.64383775,-2.585015,0.48837703,3.7525003,0.19935298,0.007968276,0.008384463,-0.011629658,-0.0052671935,-0.0050076786,0.0038249234,0.0009019635,-4.623115e-06,0.0005263644,-0.15995228,-0.16858397,0.0,0.0,0.0,0.0,0.0,0.0,0.0,0.0,-0.43549922,0.61757106,0.6437252,-2.584949,0.4883947,3.7525003,0.19935252,0.0041085114,0.004319902,-0.0029382051,-0.00026311137,-0.001769706,0.0006347908,0.0004355971,-1.4830697e-06,1.2697658e-05,-0.08250122,-0.08683421,5.5879354e-09,2.3283064e-10,-3.7252903e-09,1.0,-1.489095e-10,-8.781334e-10,-8.472538e-11,0.0,0.0,0.0,0.0,0.0,0.0,0.6278973,0.20481023,0.11006244,0.999987,-0.003010002,0.004116443,0.00016789837,0.0013895915,-0.0020089662,-0.0009980142,0.01725395,0.011255204,-0.0024162282,0.491505,0.06515806,0.020999795,0.9999804,-1.202052e-05,-2.6927146e-06,-0.0062503708,-0.0005742091,0.00012257042,-0.00013084665,-0.009326313,-0.016846571,0.00048182227
0.0,0.0,0.0,0.0,0.0,0.0,-1.0,0.6278973,0.20481023,0.11006245,0.491505,0.06515806,0.020999799,0.4966849,0.062680654,0.05650903,0.030756198,-0.95847136,-0.048260033,-0.2793877,-0.43549922,0.61757106,0.6437252,-2.584949,0.4883947,3.7525003,0.19935252,0.0041085114,0.004319902,-0.0029382051,-0.00026311137,-0.001769706,0.0006347908,0.0004355971,-1.4830697e-06,1.2697658e-05,-0.08250122,-0.08683421,0.0,0.0,0.0,0.0,0.0,0.0,0.0,0.0,-0.43555486,0.61756974,0.6436899,-2.5849383,0.48840073,3.7525003,0.19935204,0.0021181216,0.002225962,-0.0008006117,5.5599092e-05,-0.00054218265,0.00011865216,0.00014523309,-4.4544106e-07,-1.2866308e-05,-0.042539697,-0.044738103,5.5879354e-09,2.3283064e-10,-3.7252903e-09,1.0,-1.489095e-10,-8.781334e-10,-8.472538e-11,0.0,0.0,0.0,0.0,0.0,0.0,0.62790143,0.2047984,0.11005832,0.999987,-0.0029620638,0.004132852,0.00016566177,0.00025164435,-0.0005830177,-0.000193157,0.0055254456,0.0018677255,-0.00068642566,0.49150437,0.06515829,0.020999996,0.9999804,-1.2790555e-05,-9.7584125e-06,-0.0062499545,0.000121704084,7.089999e-05,-0.00021652586,-0.0072264858,0.000990903,9.267609e-06
0.0,0.0,0.0,0.0,0.0,0.0,-1.0,0.62790143,0.2047984,0.11005832,0.49150437,0.06515829,0.021,0.49669293,0.06263185,0.056506287,0.03073433,-0.9584739,-0.048217684,-0.27938882,-0.43555486,0.61756974,0.6436899,-2.5849383,0.48840073,3.7525003,0.19935204,0.0021181216,0.002225962,-0.0008006117,5.5599092e-05,-0.00054218265,0.00011865216,0.00014523309,-4.4544106e-07,-1.2866308e-05,-0.042539697,-0.044738103,0.0,0.0,0.0,0.0,0.0,0.0,0.0,0.0,-0.4355704,0.61757165,0.6436793,-2.5849383,0.48840272,3.7525003,0.1993518,0.0010919205,0.0011470539,-0.00022267035,3.4486457e-05,-0.00016292279,3.6063437e-05,4.4395583e-05,-1.5533946e-07,-8.1483595e-06,-0.021931501,-0.023052346,5.5879354e-09,2.3283064e-10,-3.7252903e-09,1.0,-1.489095e-10,-8.781334e-10,-8.472538e-11,0.0,0.0,0.0,0.0,0.0,0.0,0.6278991,0.20480329,0.11006093,0.999987,-0.0029832707,0.0041236323,0.00016622736,0.00044975395,7.607561e-05,-0.00022288602,0.000146561,0.004370774,0.00012704017,0.49150437,0.06515828,0.020999996,0.9999804,-1.3166467e-05,-9.899126e-06,-0.006250126,0.00011316693,7.628585e-05,-0.00021374809,-0.0072261887,0.00087172,1.0590855e-05
0.0,0.0,0.0,0.0,0.0,0.0,-1.0,0.6278991,0.20480329,0.11006093,0.49150437,0.06515828,0.021,0.49669316,0.062618226,0.056503963,0.030728556,-0.95847535,-0.04820615,-0.2793867,-0.4355704,0.61757165,0.6436793,-2.5849383,0.48840272,3.7525003,0.1993518,0.0010919205,0.0011470539,-0.00022267035,3.4486457e-05,-0.00016292279,3.6063437e-05,4.4395583e-05,-1.5533946e-07,-8.1483595e-06,-0.021931501,-0.023052346,0.0,0.0,0.0,0.0,0.0,0.0,0.0,0.0,-0.4355749,0.6175718,0.6436763,-2.5849383,0.48840344,3.7525003,0.1993518,0.00056288234,0.0005911006,-6.667734e-05,1.0468191e-05,-4.655764e-05,6.778924e-06,1.2642443e-05,-6.1514214e-08,-1.4193854e-06,-0.011306094,-0.011878935,5.5879354e-09,2.3283064e-10,-3.7252903e-09,1.0,-1.489095e-10,-8.781334e-10,-8.472538e-11,0.0,0.0,0.0,0.0,0.0,0.0,0.6278973,0.20481023,0.11006242,0.99998707,-0.0030099608,0.004116509,0.00016789253,0.0013865053,-0.0020109979,-0.0009957859,0.01727835,0.011227195,-0.0024139339,0.49150434,0.06515827,0.020999959,0.99998045,-1.27318e-05,-9.756552e-06,-0.0062500425,0.00011229478,7.705071e-05,-0.00021310529,-0.007249301,0.00083336333,1.0162714e-05
0.0,0.0,0.0,0.0,0.0,0.0,-1.0,0.6278973,0.20481023,0.11006242,0.49150434,0.06515827,0.020999962,0.49669325,0.062614255,0.056503337,0.030726783,-0.95847565,-0.048202664,-0.27938628,-0.4355749,0.6175718,0.6436763,-2.5849383,0.48840344,3.7525003,0.1993518,0.00056288234,0.0005911006,-6.667734e-05,1.0468191e-05,-4.655764e-05,6.778924e-06,1.2642443e-05,-6.1514214e-08,-1.4193854e-06,-0.011306094,-0.011878935,0.0,0.0,0.0,0.0,0.0,0.0,0.0,0.0,-0.43557623,0.6175718,0.64367545,-2.5849383,0.48840344,3.7525003,0.1993518,0.00029015975,0.0003046106,-1.8535286e-05,3.2126875e-06,-1.3937502e-05,1.4619229e-06,5.3725344e-06,-2.79615e-08,-6.8550384e-07,-0.0058282865,-0.006121441,5.5879354e-09,2.3283064e-10,-3.7252903e-09,1.0,-1.489095e-10,-8.781334e-10,-8.472538e-11,0.0,0.0,0.0,0.0,0.0,0.0,0.6279015,0.20479843,0.110058405,0.99998707,-0.0029624477,0.004132748,0.00016563977,0.00024866147,-0.00052538264,-0.00017879374,0.0049990215,0.0017655903,-0.0007097168,0.4915044,0.06515828,0.021000007,0.99998045,-1.2923639e-05,-9.404482e-06,-0.0062501836,0.0001149911,7.4843665e-05,-0.00021500792,-0.0071810503,0.0009508129,1.1258228e-05
0.0,0.0,0.0,0.0,0.0,0.0,-1.0,0.6279015,0.20479843,0.11005841,0.4915044,0.06515828,0.02100001,0.4966934,0.06261319,0.056503322,0.030726291,-0.95847577,-0.04820177,-0.27938625,-0.43557623,0.6175718,0.64367545,-2.5849383,0.48840344,3.7525003,0.1993518,0.00029015975,0.0003046106,-1.8535286e-05,3.2126875e-06,-1.3937502e-05,1.4619229e-06,5.3725344e-06,-2.79615e-08,-6.8550384e-07,-0.0058282865,-0.006121441,0.0,0.0,0.0,0.0,0.0,0.0,0.0,0.0,-0.43557647,0.6175718,0.64367545,-2.5849383,0.48840344,3.7525003,0.1993518,0.00014957265,0.0001569757,-4.9128676e-06,1.0508725e-06,-4.426538e-06,1.5384865e-07,2.7942797e-06,-1.4011055e-08,-1.9858692e-07,-0.0030044278,-0.0031545414,5.5879354e-09,2.3283064e-10,-3.7252903e-09,1.0,-1.489095e-10,-8.781334e-10,-8.472538e-11,0.0,0.0,0.0,0.0,0.0,0.0,0.6278991,0.20480327,0.110060886,0.99998707,-0.0029831987,0.004123456,0.00016623628,0.00044862487,7.645233e-05,-0.0002227305,0.00014308293,0.0043604635,0.00012763789,0.49150434,0.06515827,0.020999985,0.99998045,-1.322558e-05,-1.0288322e-05,-0.0062500658,0.00011253521,7.668749e-05,-0.00021377529,-0.007233634,0.00085992954,1.0898583e-05
0.0,0.0,0.0,0.0,0.0,0.0,-1.0,0.6278991,0.20480327,0.110060886,0.49150434,0.06515827,0.020999989,0.49669343,0.062612906,0.056503203,0.030726224,-0.9584757,-0.04820153,-0.27938628,-0.43557647,0.6175718,0.64367545,-2.5849383,0.48840344,3.7525003,0.1993518,0.00014957265,0.0001569757,-4.9128676e-06,1.0508725e-06,-4.426538e-06,1.5384865e-07,2.7942797e-06,-1.4011055e-08,-1.9858692e-07,-0.0030044278,-0.0031545414,0.0,0.0,0.0,0.0,0.0,0.0,0.0,0.0,-0.43557647,0.6175718,0.64367545,-2.5849383,0.48840344,3.7525,0.1993518,9.9808574e-05,0.00010585444,-1.8646253e-06,1.1006307e-06,-2.1450508e-06,-4.2708503e-08,6.081205e-07,-5.088245e-08,1.8156765e-06,-1.9080733e-05,3.1331467e-05,5.5879354e-09,2.3283064e-10,-3.7252903e-09,1.0,-1.489095e-10,-8.781334e-10,-8.472538e-11,0.0,0.0,0.0,0.0,0.0,0.0,0.6278983,0.20481,0.11006205,0.999987,-0.0030095456,0.0041204207,0.0001674339,0.00079632516,-0.0023404234,-0.0006942764,0.020608377,0.0060232715,-0.002185698,0.49150437,0.06515828,0.020999987,0.9999804,-1.29904465e-05,-9.830915e-06,-0.0062499954,0.00011238809,7.6546334e-05,-0.00021359151,-0.0072264443,0.00085749215,1.09934535e-05
0.0,0.0,0.0,0.0,0.0,0.0,-1.0,0.6278983,0.20481,0.11006205,0.49150437,0.06515828,0.02099999,0.49669334,0.062612966,0.056503143,0.030726314,-0.95847577,-0.04820153,-0.2793861,-0.43557647,0.6175718,0.64367545,-2.5849383,0.48840344,3.7525,0.1993518,9.9808574e-05,0.00010585444,-1.8646253e-06,1.1006307e-06,-2.1450508e-06,-4.2708503e-08,6.081205e-07,-5.088245e-08,1.8156765e-06,-1.9080733e-05,3.1331467e-05,0.0,0.0,0.0,0.0,0.0,0.0,0.0,0.0,-0.43557647,0.6175718,0.64367545,-2.5849383,0.48840344,3.7525,0.1993518,9.677993e-05,0.00010442822,-2.9130038e-07,-7.530394e-09,-7.6037605e-07,-2.8536297e-08,4.1208176e-07,-3.2916176e-08,2.4486646e-06,-7.2188086e-06,3.09685e-05,5.5879354e-09,2.3283064e-10,-3.7252903e-09,1.0,-1.489095e-10,-8.781334e-10,-8.472538e-11,0.0,0.0,0.0,0.0,0.0,0.0,0.62790143,0.2047987,0.11005842,0.999987,-0.0029629143,0.0041326955,0.00016567948,0.00029140527,-0.00056430465,-0.00014816032,0.005139795,0.0021548357,-0.0008286269,0.49150434,0.06515828,0.021000009,0.9999804,-1.3046335e-05,-1.0003952e-05,-0.0062499866,0.00011218288,7.693708e-05,-0.00021339726,-0.0072533106,0.0008299807,1.0649509e-05
0.0,0.0,0.0,0.0,0.0,0.0,-1.0,0.62790143,0.2047987,0.11005843,0.49150434,0.06515828,0.021000013,0.49669334,0.062612966,0.056503143,0.030726314,-0.95847577,-0.04820153,-0.2793861,-0.43557647,0.6175718,0.64367545,-2.5849383,0.48840344,3.7525,0.1993518,9.677993e-05,0.00010442822,-2.9130038e-07,-7.530394e-09,-7.6037605e-07,-2.8536297e-08,4.1208176e-07,-3.2916176e-08,2.4486646e-06,-7.2188086e-06,3.09685e-05,0.0,0.0,0.0,0.0,0.0,0.0,0.0,0.0,-0.43557647,0.6175718,0.64367545,-2.5849383,0.48840344,3.7525,0.1993518,9.624174e-05,0.00010482199,2.6114685e-07,-2.0755628e-07,-3.708693e-07,-1.6710073e-09,3.7444164e-07,-1.1032363e-08,2.404326e-06,4.6741116e-07,2.0511921e-05,5.5879354e-09,2.3283064e-10,-3.7252903e-09,1.0,-1.489095e-10,-8.781334e-10,-8.472538e-11,0.0,0.0,0.0,0.0,0.0,0.0,0.6278991,0.20480329,0.11006091,0.999987,-0.0029831668,0.0041233115,0.00016622427,0.00044842862,7.618725e-05,-0.00022375774,0.00014795203,0.0043583317,0.00012853713,0.49150437,0.065158285,0.020999989,0.99998045,-1.3354346e-05,-9.495706e-06,-0.0062500346,0.00011400058,7.634774e-05,-0.00021477963,-0.007200965,0.00093780056,1.0753315e-05
0.0,0.0,0.0,0.0,0.0,0.0,1.0,0.6278991,0.20480329,0.110060915,0.49150437,0.065158285,0.020999992,0.49669334,0.062612966,0.056503143,0.030726314,-0.95847577,-0.04820153,-0.2793861,-0.43557647,0.6175718,0.64367545,-2.5849383,0.48840344,3.7525,0.1993518,9.624174e-05,0.00010482199,2.6114685e-07,-2.0755628e-07,-3.708693e-07,-1.6710073e-09,3.7444164e-07,-1.1032363e-08,2.404326e-06,4.6741116e-07,2.0511921e-05,0.0,0.0,0.0,0.0,0.0,0.0,0.04,0.04,-0.43557644,0.6175718,0.64367557,-2.5849383,0.48840338,3.7525,0.19935176,0.0071015703,0.007105461,1.3328429e-06,-4.718695e-07,-2.3291864e-06,9.361995e-08,1.2532371e-05,1.1504592e-05,-7.771513e-06,0.20021369,0.20038544,5.5879354e-09,2.3283064e-10,-3.7252903e-09,1.0,-1.489095e-10,-8.781334e-10,-8.472538e-11,0.0,0.0,0.0,0.0,0.0,0.0,0.6278983,0.20481,0.110062025,0.99998695,-0.003009664,0.0041202214,0.00016745871,0.0007930972,-0.0023332778,-0.0006931011,0.02054012,0.005992959,-0.0021809004,0.49150434,0.06515828,0.020999987,0.9999804,-1.3017275e-05,-1.00659445e-05,-0.00625003,0.00011230336,7.690489e-05,-0.00021320424,-0.0072492417,0.0008323749,1.0371568e-05
0.0,0.0,0.0,0.0,0.0,0.0,1.0,0.6278983,0.20481,0.11006203,0.49150434,0.06515828,0.02099999,0.49669334,0.062612966,0.056503143,0.030726314,-0.95847577,-0.04820153,-0.2793861,-0.43557644,0.6175718,0.64367557,-2.5849383,0.48840338,3.7525,0.19935176,0.0071015703,0.007105461,1.3328429e-06,-4.718695e-07,-2.3291864e-06,9.361995e-08,1.2532371e-05,1.1504592e-05,-7.771513e-06,0.20021369,0.20038544,0.0,0.0,0.0,0.0,0.0,0.0,0.04,0.04,-0.43557644,0.6175718,0.64367557,-2.5849383,0.48840332,3.7525,0.19935176,0.014017844,0.014021395,1.202772e-06,-3.8519977e-07,-1.619511e-06,3.3564607e-08,8.846846e-06,8.008817e-06,-5.4937177e-06,0.20014912,0.200269,5.5879354e-09,2.3283064e-10,-3.7252903e-09,1.0,-1.489095e-10,-8.781334e-10,-8.472538e-11,0.0,0.0,0.0,0.0,0.0,0.0,0.62790143,0.2047987,0.11005841,0.9999871,-0.002963051,0.004132724,0.00016569639,0.00029044773,-0.00055715075,-0.00014224873,0.005068889,0.0021307827,-0.0008358368,0.49150437,0.06515828,0.020999976,0.9999804,-1.3018018e-05,-9.595764e-06,-0.0062500318,0.000112499256,7.6659744e-05,-0.00021391895,-0.0072108414,0.00088487327,1.1129812e-05
0.0,0.0,0.0,0.0,0.0,0.0,1.0,0.62790143,0.2047987,0.11005841,0.49150437,0.06515828,0.02099998,0.49669334,0.062612966,0.056503143,0.030726314,-0.95847577,-0.04820153,-0.2793861,-0.43557644,0.6175718,0.64367557,-2.5849383,0.48840332,3.7525,0.19935176,0.014017844,0.014021395,1.202772e-06,-3.8519977e-07,-1.619511e-06,3.3564607e-08,8.846846e-06,8.008817e-06,-5.4937177e-06,0.20014912,0.200269,0.0,0.0,0.0,0.0,0.0,0.0,0.04,0.04,-0.43557644,0.6175718,0.64367557,-2.5849383,0.4884033,3.7525,0.19935177,0.020845387,0.02084871,8.9458837e-07,-3.39762e-07,-1.0248357e-06,1.3954971e-08,5.2316136e-06,4.5762204e-06,-3.2503795e-06,0.20008542,0.20015413,5.5879354e-09,2.3283064e-10,-3.7252903e-09,1.0,-1.489095e-10,-8.781334e-10,-8.472538e-11,0.0,0.0,0.0,0.0,0.0,0.0,0.62789917,0.20480329,0.11006088,0.99998695,-0.002983445,0.00412348,0.0001662615,0.00044919373,7.662241e-05,-0.00022143037,0.0001374038,0.0043655843,0.0001262748,0.4915044,0.06515828,0.021000031,0.9999804,-1.3077334e-05,-9.3153985e-06,-0.006250112,0.00011644217,7.458691e-05,-0.00021534362,-0.007185155,0.0009787789,1.0364726e-05
0.0,0.0,0.0,0.0,0.0,0.0,1.0,0.62789917,0.20480329,0.110060886,0.4915044,0.06515828,0.021000035,0.49669334,0.062612966,0.056503143,0.030726314,-0.95847577,-0.04820153,-0.2793861,-0.43557644,0.6175718,0.64367557,-2.5849383,0.4884033,3.7525,0.19935177,0.020845387,0.02084871,8.9458837e-07,-3.39762e-07,-1.0248357e-06,1.3954971e-08,5.2316136e-06,4.5762204e-06,-3.2503795e-06,0.20008542,0.20015413,0.0,0.0,0.0,0.0,0.0,0.0,0.04,0.04,-0.43557644,0.6175718,0.64367557,-2.5849383,0.4884033,3.7525,0.19935177,0.027585324,0.027588537,5.3540845e-07,-2.955459e-07,-4.7276254e-07,3.864425e-09,1.6697106e-06,1.1923559e-06,-1.0315723e-06,0.2000225,0.20004065,5.5879354e-09,2.3283064e-10,-3.7252903e-09,1.0,-1.489095e-10,-8.781334e-10,-8.472538e-11,0.0,0.0,0.0,0.0,0.0,0.0,0.6278973,0.20481022,0.11006244,0.99998707,-0.0030100117,0.0041163517,0.00016785857,0.0013855415,-0.0020015608,-0.000995066,0.017190773,0.011222811,-0.002407418,0.49150437,0.06515828,0.020999959,0.9999804,-1.307298e-05,-1.0057805e-05,-0.0062501244,0.000113134134,7.6668985e-05,-0.0002136791,-0.007231633,0.0008727729,1.02501235e-05
0.0,0.0,0.0,0.0,0.0,0.0,1.0,0.6278973,0.20481022,0.11006245,0.49150437,0.06515828,0.020999962,0.49669334,0.062612966,0.056503143,0.030726314,-0.95847577,-0.04820153,-0.2793861,-0.43557644,0.6175718,0.64367557,-2.5849383,0.4884033,3.7525,0.19935177,0.027585324,0.027588537,5.3540845e-07,-2.955459e-07,-4.7276254e-07,3.864425e-09,1.6697106e-06,1.1923559e-06,-1.0315723e-06,0.2000225,0.20004065,0.0,0.0,0.0,0.0,0.0,0.0,0.04,0.04,-0.43557644,0.6175718,0.64367557,-2.5849383,0.4884033,3.7525,0.19935177,0.033449776,0.03345302,4.2140434e-07,-2.423198e-07,-1.9538201e-07,9.090842e-09,4.0774006e-07,-8.6395765e-08,4.6246723e-07,0.13157485,0.13156696,5.5879354e-09,2.3283064e-10,-3.7252903e-09,1.0,-1.489095e-10,-8.781334e-10,-8.472538e-11,0.0,0.0,0.0,0.0,0.0,0.0,0.62790143,0.20479842,0.11005838,0.99998707,-0.0029622642,0.0041326242,0.00016567158,0.00024945594,-0.00055454083,-0.00018521814,0.0052678394,0.0018084,-0.0006975918,0.49150437,0.06515828,0.021000007,0.99998045,-1.3153362e-05,-9.690702e-06,-0.006250001,0.00011262699,7.620832e-05,-0.00021414032,-0.0072081937,0.0008847202,1.1588556e-05
0.0,0.0,0.0,0.0,0.0,0.0,1.0,0.62790143,0.20479842,0.11005838,0.49150437,0.06515828,0.02100001,0.49669334,0.062612966,0.056503143,0.030726314,-0.95847577,-0.04820153,-0.2793861,-0.43557644,0.6175718,0.64367557,-2.5849383,0.4884033,3.7525,0.19935177,0.033449776,0.03345302,4.2140434e-07,-2.423198e-07,-1.9538201e-07,9.090842e-09,4.0774006e-07,-8.6395765e-08,4.6246723e-07,0.13157485,0.13156696,0.0,0.0,0.0,0.0,0.0,0.0,0.04,0.04,-0.43557644,0.6175718,0.64367557,-2.5849383,0.4884033,3.7525,0.19935177,0.036623497,0.03662614,4.7376017e-07,-2.6802883e-07,-2.247282e-07,-6.814678e-09,4.4245743e-07,-1.0337438e-08,8.030382e-08,0.06782406,0.06780047,5.5879354e-09,2.3283064e-10,-3.7252903e-09,1.0,-1.489095e-10,-8.781334e-10,-8.472538e-11,0.0,0.0,0.0,0.0,0.0,0.0,0.6278991,0.2048033,0.110060915,0.999987,-0.00298335,0.004123482,0.00016624582,0.00044945814,7.5908436e-05,-0.00022518919,0.00015709229,0.004369238,0.00013043979,0.49150437,0.06515827,0.02099998,0.99998045,-1.2939049e-05,-9.859858e-06,-0.006249901,0.000111670866,7.717854e-05,-0.00021359135,-0.007236887,0.00084506563,1.1155041e-05
0.0,0.0,0.0,0.0,0.0,0.0,1.0,0.6278991,0.2048033,0.110060915,0.49150437,0.06515827,0.020999983,0.49669334,0.062612966,0.056503143,0.030726314,-0.95847577,-0.04820153,-0.2793861,-0.43557644,0.6175718,0.64367557,-2.5849383,0.4884033,3.7525,0.19935177,0.036623497,0.03662614,4.7376017e-07,-2.6802883e-07,-2.247282e-07,-6.814678e-09,4.4245743e-07,-1.0337438e-08,8.030382e-08,0.06782406,0.06780047,0.0,0.0,0.0,0.0,0.0,0.0,0.04,0.04,-0.43557644,0.6175718,0.64367557,-2.5849383,0.4884033,3.7525,0.19935177,0.038259484,0.038261343,4.2311356e-07,-2.8206486e-07,-2.7410837e-07,-4.791858e-10,4.4652566e-07,2.6380872e-10,-1.0274735e-07,0.034961775,0.034939688,5.5879354e-09,2.3283064e-10,-3.7252903e-09,1.0,-1.489095e-10,-8.781334e-10,-8.472538e-11,0.0,0.0,0.0,0.0,0.0,0.0,0.6278983,0.20480996,0.11006203,0.999987,-0.0030091836,0.004120262,0.00016745566,0.00079439266,-0.0023356737,-0.0006937223,0.020562131,0.006004724,-0.0021829735,0.4915044,0.06515827,0.020999985,0.9999804,-1.2875234e-05,-9.461245e-06,-0.0062500476,0.000115104405,7.49771e-05,-0.00021483585,-0.0071799085,0.0009539621,1.0879906e-05
0.0,0.0,0.0,0.0,0.0,0.0,1.0,0.6278983,0.20480996,0.11006203,0.4915044,0.06515827,0.020999989,0.49669334,0.062612966,0.056503143,0.030726314,-0.95847577,-0.04820153,-0.2793861,-0.43557644,0.6175718,0.64367557,-2.5849383,0.4884033,3.7525,0.19935177,0.038259484,0.038261343,4.2311356e-07,-2.8206486e-07,-2.7410837e-07,-4.791858e-10,4.4652566e-07,2.6380872e-10,-1.0274735e-07,0.034961775,0.034939688,0.0,0.0,0.0,0.0,0.0,0.0,0.04,0.04,-0.43557644,0.6175718,0.64367557,-2.5849383,0.4884033,3.7525,0.19935177,0.0391028,0.039104022,3.9313866e-07,-2.8428877e-07,-2.9700283e-07,3.1194685e-09,4.4113614e-07,-2.7026947e-10,-1.917779e-07,0.018022008,0.018005537,5.5879354e-09,2.3283064e-10,-3.7252903e-09,1.0,-1.489095e-10,-8.781334e-10,-8.472538e-11,0.0,0.0,0.0,0.0,0.0,0.0,0.62790143,0.20479867,0.11005843,0.99998707,-0.0029628621,0.004132721,0.00016568719,0.0002902585,-0.0005583493,-0.00014417668,0.005083725,0.0021329313,-0.0008327097,0.49150437,0.06515827,0.020999942,0.99998045,-1.2876129e-05,-9.638915e-06,-0.00625002,0.00011423455,7.5938566e-05,-0.00021419053,-0.007207113,0.00091588235,1.0288624e-05
0.0,0.0,0.0,0.0,0.0,0.0,1.0,0.62790143,0.20479867,0.11005843,0.49150437,0.06515827,0.020999946,0.49669334,0.062612966,0.056503143,0.030726314,-0.95847577,-0.04820153,-0.2793861,-0.43557644,0.6175718,0.64367557,-2.5849383,0.4884033,3.7525,0.19935177,0.0391028,0.039104022,3.9313866e-07,-2.8428877e-07,-2.9700283e-07,3.1194685e-09,4.4113614e-07,-2.7026947e-10,-1.917779e-07,0.018022008,0.018005537,0.0,0.0,0.0,0.0,0.0,0.0,0.04,0.04,-0.43557644,0.6175718,0.64367557,-2.5849383,0.4884033,3.7525,0.19935177,0.03953751,0.03953827,3.8550783e-07,-2.833847e-07,-3.0093827e-07,3.7344234e-09,4.333476e-07,-1.6484393e-10,-2.3483855e-07,0.009289919,0.009278841,5.5879354e-09,2.3283064e-10,-3.7252903e-09,1.0,-1.489095e-10,-8.781334e-10,-8.472538e-11,0.0,0.0,0.0,0.0,0.0,0.0,0.6278991,0.20480329,0.11006087,0.99998707,-0.0029833242,0.004123418,0.00016628827,0.0004490519,7.58649e-05,-0.00022223503,0.00014687293,0.00436424,0.00012675632,0.49150437,0.065158285,0.02100001,0.99998045,-1.3109692e-05,-9.69004e-06,-0.0062500355,0.000112452384,7.634016e-05,-0.00021382142,-0.007228173,0.00085698284,1.1320248e-05
0.0,0.0,0.0,0.0,0.0,0.0,1.0,0.6278991,0.20480329,0.11006087,0.49150437,0.065158285,0.021000015,0.49669334,0.062612966,0.056503143,0.030726314,-0.95847577,-0.04820153,-0.2793861,-0.43557644,0.6175718,0.64367557,-2.5849383,0.4884033,3.7525,0.19935177,0.03953751,0.03953827,3.8550783e-07,-2.833847e-07,-3.0093827e-07,3.7344234e-09,4.333476e-07,-1.6484393e-10,-2.3483855e-07,0.009289919,0.009278841,0.0,0.0,0.0,0.0,0.0,0.0,0.04,0.04,-0.43557644,0.6175718,0.64367557,-2.5849383,0.4884033,3.7525,0.19935177,0.039761595,0.03976205,3.894922e-07,-2.8222124e-07,-2.9648731e-07,3.052047e-09,4.2643617e-07,-1.5486358e-10,-2.555589e-07,0.004788839,0.0047817556,5.5879354e-09,2.3283064e-10,-3.7252903e-09,1.0,-1.489095e-10,-8.781334e-10,-8.472538e-11,0.0,0.0,0.0,0.0,0.0,0.0,0.6278973,0.20481022,0.11006241,0.999987,-0.003010035,0.0041164565,0.00016783962,0.0013874753,-0.0020075701,-0.0009965096,0.017243372,0.01123715,-0.0024134228,0.4915044,0.065158285,0.020999996,0.99998045,-1.3126736e-05,-9.180733e-06,-0.006250099,0.00011577608,7.502001e-05,-0.0002151222,-0.007187674,0.0009671336,1.0445571e-05
0.0,0.0,0.0,0.0,0.0,0.0,1.0,0.6278973,0.20481022,0.11006242,0.4915044,0.065158285,0.021,0.49669334,0.062612966,0.056503143,0.030726314,-0.95847577,-0.04820153,-0.2793861,-0.43557644,0.6175718,0.64367557,-2.5849383,0.4884033,3.7525,0.19935177,0.039761595,0.03976205,3.894922e-07,-2.8222124e-07,-2.9648731e-07,3.052047e-09,4.2643617e-07,-1.5486358e-10,-2.555589e-07,0.004788839,0.0047817556,0.0,0.0,0.0,0.0,0.0,0.0,0.04,0.04,-0.43557644,0.6175718,0.64367557,-2.5849383,0.4884033,3.7525,0.19935177,0.03987711,0.03987738,3.970903e-07,-2.814655e-07,-2.9006785e-07,2.0558746e-09,4.2158388e-07,-9.2967925e-11,-2.6571266e-07,0.0024685336,0.0024640467,5.5879354e-09,2.3283064e-10,-3.7252903e-09,1.0,-1.489095e-10,-8.781334e-10,-8.472538e-11,0.0,0.0,0.0,0.0,0.0,0.0,0.62790143,0.20479842,0.110058375,0.9999871,-0.002962216,0.004132752,0.00016573441,0.0002504052,-0.00056201464,-0.00018676615,0.005336968,0.0018230459,-0.0006969349,0.49150437,0.06515828,0.020999989,0.9999804,-1.3039076e-05,-9.988453e-06,-0.0062500965,0.00011301441,7.655367e-05,-0.00021334013,-0.0072466605,0.00084513274,1.0099515e-05
0.0,0.0,0.0,0.0,0.0,0.0,1.0,0.62790143,0.20479842,0.11005838,0.49150437,0.06515828,0.020999992,0.49669334,0.062612966,0.056503143,0.030726314,-0.95847577,-0.04820153,-0.2793861,-0.43557644,0.6175718,0.64367557,-2.5849383,0.4884033,3.7525,0.19935177,0.03987711,0.03987738,3.970903e-07,-2.814655e-07,-2.9006785e-07,2.0558746e-09,4.2158388e-07,-9.2967925e-11,-2.6571266e-07,0.0024685336,0.0024640467,0.0,0.0,0.0,0.0,0.0,0.0,0.04,0.04,-0.43557644,0.6175718,0.64367557,-2.5849383,0.4884033,3.7525,0.19935177,0.039936658,0.03993681,4.0220732e-07,-2.8095658e-07,-2.8510746e-07,1.4448129e-09,4.177036e-07,-8.012546e-11,-2.7013834e-07,0.001272439,0.0012698577,5.5879354e-09,2.3283064e-10,-3.7252903e-09,1.0,-1.489095e-10,-8.781334e-10,-8.472538e-11,0.0,0.0,0.0,0.0,0.0,0.0,0.62789917,0.20480326,0.11006093,0.99998707,-0.0029830227,0.0041235867,0.00016614946,0.00044862728,7.6217286e-05,-0.00022454471,0.00015008077,0.0043603517,0.00012916674,0.49150434,0.06515828,0.021000002,0.99998045,-1.311444e-05,-1.0109378e-05,-0.0062500457,0.00011220589,7.709492e-05,-0.00021330886,-0.0072542853,0.0008312759,1.04082155e-05
0.0,0.0,-0.2,0.0,0.0,0.0,1.0,0.62789917,0.20480326,0.11006093,0.49150434,0.06515828,0.021000005,0.49669334,0.062612966,0.056503143,0.030726314,-0.95847577,-0.04820153,-0.2793861,-0.43557644,0.6175718,0.64367557,-2.5849383,0.4884033,3.7525,0.19935177,0.039936658,0.03993681,4.0220732e-07,-2.8095658e-07,-2.8510746e-07,1.4448129e-09,4.177036e-07,-8.012546e-11,-2.7013834e-07,0.001272439,0.0012698577,0.0,0.0,-0.1,0.0,0.0,0.0,0.04,0.04,-0.4255787,0.6579934,0.63013154,-2.5619574,0.4682161,3.7525,0.19252735,0.039983988,0.039961588,0.28826696,1.5598073,-0.46301135,0.65277004,-0.5569809,2.8475824e-08,-0.18325308,0.00037822896,0.0014505163,5.5879354e-09,2.3283064e-10,-3.7252903e-09,1.0,-1.489095e-10,-8.781334e-10,-8.472538e-11,0.0,0.0,0.0,0.0,0.0,0.0,0.6278973,0.2048102,0.11006243,0.999987,-0.0030099854,0.0041163773,0.00016790368,0.0013847952,-0.002006589,-0.0009950843,0.017237788,0.01121083,-0.002410324,0.49150437,0.065158285,0.02099999,0.99998045,-1.3184304e-05,-9.828711e-06,-0.0062500862,0.000112307236,7.675149e-05,-0.00021370262,-0.007231898,0.0008567103,1.1000051e-05
0.0,0.0,-0.2,0.0,0.0,0.0,1.0,0.6278973,0.2048102,0.110062435,0.49150437,0.065158285,0.020999994,0.4984676,0.067281276,0.04422733,0.03716866,-0.95944464,-0.054347783,-0.27409992,-0.4255787,0.6579934,0.63013154,-2.5619574,0.4682161,3.7525,0.19252735,0.039983988,0.039961588,0.28826696,1.5598073,-0.46301135,0.65277004,-0.5569809,2.8475824e-08,-0.18325308,0.00037822896,0.0014505163,0.0,0.0,-0.1,0.0,0.0,0.0,0.04,0.04,-0.41620207,0.71308506,0.6133434,-2.5390599,0.44870827,3.7524984,0.18577321,0.039994072,0.039993253,0.25084242,1.6095474,-0.49896955,0.6294715,-0.5379735,-9.287032e-08,-0.18682195,0.00024171488,0.0007349082,5.5879354e-09,2.3283064e-10,-3.7252903e-09,1.0,-1.489095e-10,-8.781334e-10,-8.472538e-11,0.0,0.0,0.0,0.0,0.0,0.0,0.6279015,0.2047984,0.11005841,0.99998707,-0.0029622952,0.0041325437,0.00016564713,0.00024838862,-0.00052522984,-0.00017809754,0.0049958727,0.001761892,-0.0007109031,0.4915044,0.06515828,0.02099998,0.9999804,-1.3157091e-05,-9.35336e-06,-0.0062501286,0.00011493136,7.570135e-05,-0.00021473266,-0.00718987,0.0009541816,1.0356218e-05
0.0,0.0,0.0,0.0,0.0,0.0,1.0,0.6279015,0.2047984,0.11005841,0.4915044,0.06515828,0.020999983,0.4955028,0.071388945,0.024693873,0.04509627,-0.9622903,-0.057939142,-0.26192886,-0.41620207,0.71308506,0.6133434,-2.5390599,0.44870827,3.7524984,0.18577321,0.039994072,0.039993253,0.25084242,1.6095474,-0.49896955,0.6294715,-0.5379735,-9.287032e-08,-0.18682195,0.00024171488,0.0007349082,0.0,0.0,0.0,0.0,0.0,0.0,0.04,0.04,-0.41673657,0.7288824,0.60868573,-2.5402665,0.44913194,3.7517354,0.1855554,0.03998564,0.03999922,-0.050543748,-0.026074832,-0.028351659,-0.015001027,-0.07844961,0.04872851,0.088987775,0.010986076,-0.0077447337,5.5879354e-09,2.3283064e-10,-3.7252903e-09,1.0,-1.489095e-10,-8.781334e-10,-8.472538e-11,0.0,0.0,0.0,0.0,0.0,0.0,0.62789774,0.20480306,0.110061556,0.999987,-0.0029814388,0.004117566,0.00016645294,0.00043830782,0.00028916379,-0.00027728183,-0.0021994843,0.0043786457,0.00014427143,0.49102306,0.06507586,0.021746708,0.9999301,0.003037379,-0.010525099,-0.0044503547,-0.12501653,-0.05955022,0.07774804,-0.16769646,-4.893937,0.52404493
0.0,0.0,0.0,0.0,0.0,0.0,1.0,0.62789774,0.20480306,0.110061556,0.49102306,0.06507586,0.021746712,0.49014246,0.070604146,0.016795453,0.046904534,-0.9645742,-0.055363506,-0.25363627,-0.41673657,0.7288824,0.60868573,-2.5402665,0.44913194,3.7517354,0.1855554,0.03998564,0.03999922,-0.050543748,-0.026074832,-0.028351659,-0.015001027,-0.07844961,0.04872851,0.088987775,0.010986076,-0.0077447337,0.0,0.0,0.0,0.0,0.0,0.0,0.04,0.04,-0.4174672,0.7269791,0.60902345,-2.5399199,0.44892225,3.7524567,0.1855711,0.03999758,0.039994054,0.0048983926,-0.03415562,0.0043913187,-0.0016824218,0.0013917494,-0.008390752,-0.016031267,0.0005883652,-0.00040891703,5.5879354e-09,2.3283064e-10,-3.7252903e-09,1.0,-1.489095e-10,-8.781334e-10,-8.472538e-11,0.0,0.0,0.0,0.0,0.0,0.0,0.6278973,0.20481023,0.11006245,0.999987,-0.0030101896,0.0041163363,0.00016789684,0.001386534,-0.0020030816,-0.0009985487,0.017194325,0.011215787,-0.0024140663,0.49173698,0.06513305,0.02113982,0.99998844,0.0024888425,0.00068825803,-0.0040476806,0.036412288,0.0084084,-0.008044533,0.061569437,-0.7892534,1.2203767
0.0,0.0,0.0,0.0,0.0,0.0,1.0,0.6278973,0.20481023,0.11006245,0.49173698,0.06513305,0.021139823,0.4910379,0.0701232,0.017856587,0.04635436,-0.9642488,-0.05520934,-0.2550047,-0.4174672,0.7269791,0.60902345,-2.5399199,0.44892225,3.7524567,0.1855711,0.03999758,0.039994054,0.0048983926,-0.03415562,0.0043913187,-0.0016824218,0.0013917494,-0.008390752,-0.016031267,0.0005883652,-0.00040891703,0.0,0.0,0.0,0.0,0.0,0.0,0.04,0.04,-0.41741043,0.7265883,0.6091725,-2.53981,0.44889113,3.752496,0.18557541,0.03999877,0.039996937,0.0008962203,-0.0030817983,0.0020908548,0.001363942,-0.0006898809,0.0010922789,0.00032830547,1.8279066e-05,6.727209e-05,5.5879354e-09,2.3283064e-10,-3.7252903e-09,1.0,-1.489095e-10,-8.781334e-10,-8.472538e-11,0.0,0.0,0.0,0.0,0.0,0.0,0.62790143,0.20479837,0.11005832,0.99998707,-0.002961903,0.0041324277,0.0001655956,0.00025261822,-0.00059055886,-0.00019779071,0.005598459,0.0018900575,-0.0006804488,0.49170503,0.06525252,0.020999974,0.9999918,1.1895625e-05,1.3024986e-05,-0.0040506083,-0.00094801857,0.0005362744,-0.000115277144,-0.008212309,-0.016077157,0.00062875805
0.0,0.0,0.0,0.0,0.0,0.0,1.0,0.62790143,0.20479837,0.11005832,0.49170503,0.06525252,0.020999977,0.49121508,0.070178814,0.01807953,0.046322107,-0.96417725,-0.05529794,-0.2552617,-0.41741043,0.7265883,0.6091725,-2.53981,0.44889113,3.752496,0.18557541,0.03999877,0.039996937,0.0008962203,-0.0030817983,0.0020908548,0.001363942,-0.0006898809,0.0010922789,0.00032830547,1.8279066e-05,6.727209e-05,0.0,0.0,0.0,0.0,0.0,0.0,0.04,0.04,-0.41738766,0.72653985,0.6092054,-2.5397882,0.44888464,3.7525005,0.18557613,0.03999927,0.03999851,0.00032224096,-0.00047955208,0.00045242085,0.00011030517,-0.0001401827,3.944143e-08,4.362968e-05,1.1670098e-05,3.2616088e-05,5.5879354e-09,2.3283064e-10,-3.7252903e-09,1.0,-1.489095e-10,-8.781334e-10,-8.472538e-11,0.0,0.0,0.0,0.0,0.0,0.0,0.62789917,0.20480329,0.110060796,0.99998707,-0.002983018,0.004123576,0.0001661937,0.0004497962,7.404189e-05,-0.00022358452,0.0001665119,0.0043706787,0.0001257225,0.49170282,0.065254845,0.020999989,0.9999918,-1.2805305e-05,-1.1557681e-05,-0.004050622,0.00010452815,0.000112932874,-0.00021009712,-0.007954408,0.00067985355,-8.917544e-05
0.0,0.0,0.0,0.0,0.0,0.0,1.0,0.62789917,0.20480329,0.110060796,0.49170282,0.065254845,0.020999992,0.49124092,0.07020146,0.018111687,0.046325594,-0.9641659,-0.055320412,-0.2552991,-0.41738766,0.72653985,0.6092054,-2.5397882,0.44888464,3.7525005,0.18557613,0.03999927,0.03999851,0.00032224096,-0.00047955208,0.00045242085,0.00011030517,-0.0001401827,3.944143e-08,4.362968e-05,1.1670098e-05,3.2616088e-05,0.0,0.0,0.0,0.0,0.0,0.0,0.04,0.04,-0.4173803,0.72653264,0.6092129,-2.539787,0.44888344,3.7525,0.18557613,0.039999582,0.03999926,0.00010769922,-7.0686794e-05,0.000105908875,1.2119591e-05,-2.8872813e-05,1.7499659e-08,6.6284947e-06,7.2556268e-06,1.56764e-05,5.5879354e-09,2.3283064e-10,-3.7252903e-09,1.0,-1.489095e-10,-8.781334e-10,-8.472538e-11,0.0,0.0,0.0,0.0,0.0,0.0,0.6278973,0.2048102,0.110062435,0.99998707,-0.0030099775,0.004116397,0.00016793393,0.001387737,-0.0020072106,-0.0009963065,0.017241353,0.0112416865,-0.0024126351,0.49170303,0.06525482,0.020999968,0.9999918,-1.29525215e-05,-9.582221e-06,-0.004050683,0.000115303286,6.284653e-05,-0.00021162092,-0.006912993,0.00089910004,-3.9571685e-05
0.0,0.0,0.0,0.0,0.0,0.0,1.0,0.6278973,0.2048102,0.110062435,0.49170303,0.06525482,0.020999972,0.49124333,0.07020843,0.018116113,0.04632798,-0.96416426,-0.05532694,-0.25530344,-0.4173803,0.72653264,0.6092129,-2.539787,0.44888344,3.7525,0.18557613,0.039999582,0.03999926,0.00010769922,-7.0686794e-05,0.000105908875,1.2119591e-05,-2.8872813e-05,1.7499659e-08,6.6284947e-06,7.2556268e-06,1.56764e-05,0.0,0.0,0.0,0.0,0.0,0.0,0.04,0.04,-0.4173781,0.7265316,0.60921496,-2.539787,0.44888338,3.7525,0.18557613,0.039999764,0.039999627,3.2423515e-05,-1.2345123e-05,2.7504075e-05,-7.541977e-07,-5.4361562e-06,5.6006857e-09,1.9704148e-06,4.109209e-06,7.7459135e-06,5.5879354e-09,2.3283064e-10,-3.7252903e-09,1.0,-1.489095e-10,-8.781334e-10,-8.472538e-11,0.0,0.0,0.0,0.0,0.0,0.0,0.62790143,0.2047984,0.11005833,0.9999871,-0.0029620868,0.0041326946,0.00016568696,0.00024889215,-0.00056792557,-0.0001916854,0.00540406,0.0018195059,-0.00068800326,0.49170303,0.065254815,0.020999998,0.9999918,-1.2661794e-05,-9.753779e-06,-0.0040506087,0.00011538161,6.340418e-05,-0.00021160077,-0.0069499416,0.0008746418,-4.0450224e-05
0.0,0.0,0.0,0.0,0.0,0.0,-1.0,0.62790143,0.2047984,0.11005834,0.49170303,0.065254815,0.021000002,0.49124354,0.07021034,0.018117066,0.04632873,-0.96416396,-0.055328786,-0.25530428,-0.4173781,0.7265316,0.60921496,-2.539787,0.44888338,3.7525,0.18557613,0.039999764,0.039999627,3.2423515e-05,-1.2345123e-05,2.7504075e-05,-7.541977e-07,-5.4361562e-06,5.6006857e-09,1.9704148e-06,4.109209e-06,7.7459135e-06,0.0,0.0,0.0,0.0,0.0,0.0,0.0,0.0,-0.41737747,0.72653157,0.60921514,-2.539787,0.4488834,3.7524998,0.18557619,0.032995734,0.0330002,6.997442e-06,-2.4505605e-06,9.50749e-06,-7.128193e-07,-1.6697873e-05,-1.0573113e-05,6.262816e-06,-0.20021136,-0.20038311,5.5879354e-09,2.3283064e-10,-3.7252903e-09,1.0,-1.489095e-10,-8.781334e-10,-8.472538e-11,0.0,0.0,0.0,0.0,0.0,0.0,0.6278991,0.20480327,0.110060915,0.9999871,-0.002983236,0.00412318,0.00016636953,0.00044955322,7.580966e-05,-0.0002224837,0.00014859109,0.0043691783,0.00012698791,0.491703,0.065254815,0.02099998,0.9999918,-1.2798308e-05,-9.419978e-06,-0.0040507573,0.000113215465,6.434731e-05,-0.00021115506,-0.0069551594,0.00083461165,-3.9060782e-05
0.0,0.0,0.0,0.0,0.0,0.0,-1.0,0.6278991,0.20480327,0.110060915,0.491703,0.065254815,0.020999983,0.49124354,0.070211,0.018117037,0.04632911,-0.964164,-0.055329084,-0.25530404,-0.41737747,0.72653157,0.60921514,-2.539787,0.4488834,3.7524998,0.18557619,0.032995734,0.0330002,6.997442e-06,-2.4505605e-06,9.50749e-06,-7.128193e-07,-1.6697873e-05,-1.0573113e-05,6.262816e-06,-0.20021136,-0.20038311,0.0,0.0,0.0,0.0,0.0,0.0,0.0,0.0,-0.4176372,0.7264556,0.60883003,-2.539679,0.4492291,3.7524376,0.18539064,0.026093947,0.026155356,-0.016365176,0.0020595537,-0.0016505397,0.0017741749,-0.010673028,-0.002786335,0.004142408,-0.20113516,-0.20111558,5.5879354e-09,2.3283064e-10,-3.7252903e-09,1.0,-1.489095e-10,-8.781334e-10,-8.472538e-11,0.0,0.0,0.0,0.0,0.0,0.0,0.6278973,0.20481026,0.11006243,0.999987,-0.003010156,0.0041163424,0.00016794131,0.001388448,-0.0020082502,-0.0009966871,0.017250627,0.011248193,-0.0024136933,0.490277,0.06936211,0.020999704,0.9999271,-7.150624e-05,-3.5186757e-05,0.012067224,-0.05223076,0.14617313,-0.0013703494,0.03865299,0.039024595,0.79704905
0.0,0.0,0.0,0.0,0.0,0.0,-1.0,0.6278973,0.20481026,0.110062435,0.490277,0.06936211,0.020999707,0.49129406,0.06980158,0.01807424,0.046073385,-0.9642043,-0.055020005,-0.2552647,-0.4176372,0.7264556,0.60883003,-2.539679,0.4492291,3.7524376,0.18539064,0.026093947,0.026155356,-0.016365176,0.0020595537,-0.0016505397,0.0017741749,-0.010673028,-0.002786335,0.004142408,-0.20113516,-0.20111558,0.0,0.0,0.0,0.0,0.0,0.0,0.0,0.0,-0.41793424,0.7259879,0.60879844,-2.5394351,0.44921213,3.752475,0.18541992,0.02046811,0.021191092,-0.0055595287,-0.013612562,0.0031066749,-0.0026808218,0.006676968,-0.031738598,-0.045086708,0.025938861,0.09177153,5.5879354e-09,2.3283064e-10,-3.7252903e-09,1.0,-1.489095e-10,-8.781334e-10,-8.472538e-11,0.0,0.0,0.0,0.0,0.0,0.0,0.6279015,0.20479842,0.11005837,0.99998707,-0.0029622826,0.004132711,0.00016560001,0.0002482202,-0.0005538974,-0.00018672147,0.005268052,0.0017992457,-0.0006932487,0.49076554,0.069712244,0.021881456,0.99905896,0.016117815,-0.0013828749,0.04024098,0.035209343,0.003393435,-0.008016248,-1.3079964,-3.285414,-1.3289546
0.0,0.0,0.0,0.0,0.0,0.0,-1.0,0.6279015,0.20479842,0.11005837,0.49076554,0.069712244,0.02188146,0.49158022,0.069562346,0.018326912,0.04590586,-0.964134,-0.054850757,-0.25559682,-0.41793424,0.7259879,0.60879844,-2.5394351,0.44921213,3.752475,0.18541992,0.02046811,0.021191092,-0.0055595287,-0.013612562,0.0031066749,-0.0026808218,0.006676968,-0.031738598,-0.045086708,0.025938861,0.09177153,0.0,0.0,0.0,0.0,0.0,0.0,0.0,0.0,-0.41799694,0.725967,0.6086683,-2.5394323,0.44927397,3.7525039,0.18538564,0.019780533,0.020959474,-0.004969375,-0.005232636,-0.0024435436,0.0012547735,0.0062880656,-0.02693755,-0.037871785,0.024077578,0.09963308,5.5879354e-09,2.3283064e-10,-3.7252903e-09,1.0,-1.489095e-10,-8.781334e-10,-8.472538e-11,0.0,0.0,0.0,0.0,0.0,0.0,0.6278991,0.20480329,0.11006087,0.99998707,-0.0029832313,0.004123287,0.00016631327,0.00044911297,7.599307e-05,-0.0002243035,0.00015274758,0.0043654633,0.00012935924,0.49076125,0.06976668,0.021889746,0.99909055,0.015886884,-0.0022835347,0.03950175,-0.0028821253,0.008282778,-0.017524648,-1.1345991,-0.6686345,-1.6010729
0.0,0.0,0.0,0.0,0.0,0.0,-1.0,0.6278991,0.20480329,0.11006087,0.49076125,0.06976668,0.02188975,0.4915867,0.0694426,0.018314179,0.045823924,-0.9641431,-0.05477023,-0.25559428,-0.41799694,0.725967,0.6086683,-2.5394323,0.44927397,3.7525039,0.18538564,0.019780533,0.020959474,-0.004969375,-0.005232636,-0.0024435436,0.0012547735,0.0062880656,-0.02693755,-0.037871785,0.024077578,0.09963308,0.0,0.0,0.0,0.0,0.0,0.0,0.0,0.0,-0.4181209,0.72598857,0.6085028,-2.5393617,0.4493043,3.752501,0.1853557,0.01962393,0.021087574,-0.0055697532,-0.005662651,-0.0008437884,0.001755624,0.0052908,-0.02769974,-0.039346706,0.02751929,0.100683115,5.5879354e-09,2.3283064e-10,-3.7252903e-09,1.0,-1.489095e-10,-8.781334e-10,-8.472538e-11,0.0,0.0,0.0,0.0,0.0,0.0,0.6278973,0.20481022,0.11006245,0.999987,-0.0030100595,0.004116369,0.00016791151,0.0013866334,-0.00200616,-0.0009960653,0.017232122,0.011229009,-0.002411355,0.49077097,0.069767326,0.021874104,0.9990928,0.01598271,-0.0018892499,0.0394264,-0.004554705,0.000588401,-0.017419267,-1.6657764,-0.51478165,-1.6065091
0.0,0.0,0.0,0.0,0.0,0.0,-1.0,0.6278973,0.20481022,0.11006245,0.49077097,0.069767326,0.021874107,0.4916178,0.06928302,0.01828957,0.045739472,-0.9641542,-0.05465007,-0.25559342,-0.4181209,0.72598857,0.6085028,-2.5393617,0.4493043,3.752501,0.1853557,0.01962393,0.021087574,-0.0055697532,-0.005662651,-0.0008437884,0.001755624,0.0052908,-0.02769974,-0.039346706,0.02751929,0.100683115,0.0,0.0,0.0,0.0,0.0,0.0,0.0,0.0,-0.41821128,0.72599983,0.60839266,-2.5393121,0.4492929,3.7525003,0.18535097,0.019515945,0.021191878,-0.003907434,-0.0057305326,0.0006786186,-0.00053676614,0.0064882915,-0.028159626,-0.03860747,0.028420817,0.09670401,5.5879354e-09,2.3283064e-10,-3.7252903e-09,1.0,-1.489095e-10,-8.781334e-10,-8.472538e-11,0.0,0.0,0.0,0.0,0.0,0.0,0.6279015,0.20479842,0.11005841,0.9999871,-0.0029620456,0.004132717,0.00016559065,0.00025043616,-0.00054339535,-0.00018404567,0.005169774,0.0017994661,-0.00070456037,0.49077782,0.06977581,0.02186861,0.9990982,0.015906272,-0.0018024186,0.03932581,0.0020470736,0.004452712,-0.017455414,-1.4731485,-1.0057883,-0.9512424
0.0,0.0,0.0,0.0,0.0,0.0,-1.0,0.6279015,0.20479842,0.11005841,0.49077782,0.06977581,0.021868614,0.49164343,0.069177255,0.018277254,0.045686968,-0.9641591,-0.05457276,-0.25560063,-0.41821128,0.72599983,0.60839266,-2.5393121,0.4492929,3.7525003,0.18535097,0.019515945,0.021191878,-0.003907434,-0.0057305326,0.0006786186,-0.00053676614,0.0064882915,-0.028159626,-0.03860747,0.028420817,0.09670401,0.0,0.0,0.0,0.0,0.0,0.0,0.0,0.0,-0.4182571,0.72600675,0.6083168,-2.5392897,0.44926447,3.7525003,0.18535037,0.01945427,0.021252785,-0.0030620685,-0.0054227207,0.001545004,-0.0010111949,0.0063362205,-0.022556486,-0.0393984,0.028939428,0.09611546,5.5879354e-09,2.3283064e-10,-3.7252903e-09,1.0,-1.489095e-10,-8.781334e-10,-8.472538e-11,0.0,0.0,0.0,0.0,0.0,0.0,0.62789774,0.20480308,0.11006152,0.999987,-0.0029814779,0.0041176784,0.00016643437,0.00043830965,0.00028683315,-0.00027961994,-0.0021660929,0.0043787975,0.00014682052,0.49078146,0.06977794,0.021863442,0.9990994,0.01585603,-0.0017391976,0.03931671,0.0019837383,0.0044878223,-0.017363563,-1.4737793,-1.0092705,-0.95097655
0.0,0.0,0.0,0.0,0.0,0.0,-1.0,0.62789774,0.20480308,0.11006153,0.49078146,0.06977794,0.021863446,0.49165583,0.069116876,0.018267948,0.04565656,-0.96416175,-0.054537505,-0.2556037,-0.4182571,0.72600675,0.6083168,-2.5392897,0.44926447,3.7525003,0.18535037,0.01945427,0.021252785,-0.0030620685,-0.0054227207,0.001545004,-0.0010111949,0.0063362205,-0.022556486,-0.0393984,0.028939428,0.09611546,0.0,0.0,0.0,0.0,0.0,0.0,0.0,0.0,-0.41828147,0.7260087,0.6082596,-2.5392776,0.44922447,3.7525,0.18535297,0.01941724,0.021289432,-0.0025792613,-0.005656848,0.0019751666,-0.0013188217,0.006161359,-0.024153763,-0.039851625,0.029588817,0.095363304,5.5879354e-09,2.3283064e-10,-3.7252903e-09,1.0,-1.489095e-10,-8.781334e-10,-8.472538e-11,0.0,0.0,0.0,0.0,0.0,0.0,0.6278973,0.20481025,0.11006242,0.999987,-0.00301029,0.0041161906,0.00016790078,0.0013880571,-0.0020088984,-0.0009992329,0.017248925,0.011228942,-0.0024180592,0.49078444,0.06977909,0.02186013,0.9991002,0.015826406,-0.0016915748,0.03931236,0.0019287855,0.0045944974,-0.017304353,-1.4764972,-1.0121547,-0.9507519
0.0,0.0,0.0,0.0,0.0,0.0,-1.0,0.6278973,0.20481025,0.11006242,0.49078444,0.06977909,0.021860134,0.49166426,0.0690789,0.018262427,0.04563722,-0.96416247,-0.054523677,-0.2556078,-0.41828147,0.7260087,0.6082596,-2.5392776,0.44922447,3.7525,0.18535297,0.01941724,0.021289432,-0.0025792613,-0.005656848,0.0019751666,-0.0013188217,0.006161359,-0.024153763,-0.039851625,0.029588817,0.095363304,0.0,0.0,0.0,0.0,0.0,0.0,0.0,0.0,-0.41829184,0.7260078,0.6082154,-2.5392728,0.44917828,3.7524998,0.18535805,0.019394672,0.021311749,-0.0022656233,-0.0058422573,0.0022101055,-0.0015360585,0.0060880547,-0.025521658,-0.040008545,0.029953431,0.094658725,5.5879354e-09,2.3283064e-10,-3.7252903e-09,1.0,-1.489095e-10,-8.781334e-10,-8.472538e-11,0.0,0.0,0.0,0.0,0.0,0.0,0.62790143,0.20479839,0.11005835,0.99998707,-0.002962117,0.0041326773,0.00016569416,0.00025035866,-0.0005859161,-0.00019392942,0.005557197,0.0018578948,-0.0006835723,0.49078622,0.06978009,0.021857956,0.9991006,0.015803583,-0.0016634915,0.039311666,0.001920109,0.0046248357,-0.01718311,-1.4767524,-1.0143822,-0.9508623
0.0,0.0,0.0,0.0,0.0,0.0,-1.0,0.62790143,0.20479839,0.11005835,0.49078622,0.06978009,0.02185796,0.49166936,0.069056466,0.018258784,0.04562539,-0.9641619,-0.054523468,-0.25561187,-0.41829184,0.7260078,0.6082154,-2.5392728,0.44917828,3.7524998,0.18535805,0.019394672,0.021311749,-0.0022656233,-0.0058422573,0.0022101055,-0.0015360585,0.0060880547,-0.025521658,-0.040008545,0.029953431,0.094658725,0.0,0.0,0.0,0.0,0.0,0.0,0.0,0.0,-0.4182938,0.72600496,0.60817856,-2.539273,0.44912925,3.7525,0.18536483,0.019380858,0.02132541,-0.0020863186,-0.0058654496,0.002397805,-0.0017210757,0.0061698738,-0.02569794,-0.040060982,0.030054806,0.09421944,5.5879354e-09,2.3283064e-10,-3.7252903e-09,1.0,-1.489095e-10,-8.781334e-10,-8.472538e-11,0.0,0.0,0.0,0.0,0.0,0.0,0.62789917,0.20480332,0.11006087,0.99998695,-0.002983322,0.0041236226,0.00016626467,0.00044967298,7.603044e-05,-0.00022418988,0.00015150962,0.0043704496,0.00012879084,0.4907872,0.069780834,0.02185662,0.9991008,0.015786229,-0.0016485271,0.0393129,0.0019271785,0.0046806876,-0.01710791,-1.4773349,-1.0151131,-0.9511325
0.0,0.0,0.0,0.0,0.0,0.0,-1.0,0.62789917,0.20480332,0.11006087,0.4907872,0.069780834,0.021856625,0.49167287,0.06904287,0.01825704,0.04561787,-0.9641606,-0.05453092,-0.2556165,-0.4182938,0.72600496,0.60817856,-2.539273,0.44912925,3.7525,0.18536483,0.019380858,0.02132541,-0.0020863186,-0.0058654496,0.002397805,-0.0017210757,0.0061698738,-0.02569794,-0.040060982,0.030054806,0.09421944,0.0,0.0,0.0,0.0,0.0,0.0,0.0,0.0,-0.41829085,0.7260009,0.6081464,-2.5392761,0.44907877,3.7524996,0.18537271,0.019372448,0.021333773,-0.0019808216,-0.0059627057,0.0025311515,-0.0017592811,0.00626585,-0.025801897,-0.03994205,0.030079769,0.09384506,5.5879354e-09,2.3283064e-10,-3.7252903e-09,1.0,-1.489095e-10,-8.781334e-10,-8.472538e-11,0.0,0.0,0.0,0.0,0.0,0.0,0.6278973,0.20481019,0.110062435,0.999987,-0.0030098108,0.0041164835,0.00016792762,0.0013867508,-0.0020098332,-0.0009960653,0.017265951,0.011229051,-0.0024138216,0.4907878,0.069781415,0.021855703,0.999101,0.015773313,-0.0016403805,0.039315198,0.0019452957,0.004702972,-0.01705431,-1.477439,-1.015414,-0.95147485
0.0,0.0,0.0,0.0,0.0,0.0,-1.0,0.6278973,0.20481019,0.110062435,0.4907878,0.069781415,0.021855706,0.49167472,0.06903437,0.018255722,0.045613043,-0.9641591,-0.05454272,-0.2556204,-0.41829085,0.7260009,0.6081464,-2.5392761,0.44907877,3.7524996,0.18537271,0.019372448,0.021333773,-0.0019808216,-0.0059627057,0.0025311515,-0.0017592811,0.00626585,-0.025801897,-0.03994205,0.030079769,0.09384506,0.0,0.0,0.0,0.0,0.0,0.0,0.0,0.0,-0.41828498,0.7259956,0.60811734,-2.5392814,0.44902822,3.7524981,0.18538158,0.01936721,0.021338968,-0.001922985,-0.0059785843,0.002602629,-0.0018191964,0.006315955,-0.02583863,-0.0397303,0.030055406,0.0935386,5.5879354e-09,2.3283064e-10,-3.7252903e-09,1.0,-1.489095e-10,-8.781334e-10,-8.472538e-11,0.0,0.0,0.0,0.0,0.0,0.0,0.6279015,0.20479842,0.11005842,0.9999872,-0.002962191,0.0041326657,0.00016568702,0.00025133762,-0.0005415649,-0.00018198436,0.005146946,0.001802412,-0.00070992846,0.49078798,0.06978188,0.021855159,0.99910104,0.015763473,-0.0016383479,0.03931814,0.0019475289,0.00473391,-0.017021988,-1.4779177,-1.0158281,-0.9517834
0.0,0.0,0.0,0.0,0.0,0.0,-1.0,0.6279015,0.20479842,0.11005843,0.49078798,0.06978188,0.021855162,0.49167573,0.0690292,0.018254612,0.04560989,-0.9641576,-0.054556966,-0.25562364,-0.41828498,0.7259956,0.60811734,-2.5392814,0.44902822,3.7524981,0.18538158,0.01936721,0.021338968,-0.001922985,-0.0059785843,0.002602629,-0.0018191964,0.006315955,-0.02583863,-0.0397303,0.030055406,0.0935386,0.0,0.0,0.0,0.0,0.0,0.0,0.0,0.0,-0.41827726,0.72598946,0.60809,-2.5392869,0.44897804,3.7524967,0.18539119,0.019363832,0.02134232,-0.0018849898,-0.005998388,0.0026464742,-0.0018780367,0.0063754953,-0.025848117,-0.039439723,0.03000261,0.09325904,5.5879354e-09,2.3283064e-10,-3.7252903e-09,1.0,-1.489095e-10,-8.781334e-10,-8.472538e-11,0.0,0.0,0.0,0.0,0.0,0.0,0.62789917,0.2048033,0.11006091,0.99998695,-0.0029834125,0.004123421,0.00016628172,0.0004492538,7.644133e-05,-0.00022384808,0.00014702082,0.004366764,0.00012859223,0.49078816,0.06978224,0.021854736,0.99910104,0.015755463,-0.0016365394,0.039320976,0.0019259182,0.004767708,-0.017022246,-1.478849,-1.016526,-0.95207363
0.0,0.0,0.0,0.0,0.0,0.0,-1.0,0.62789917,0.2048033,0.110060915,0.49078816,0.06978224,0.02185474,0.49167672,0.06902585,0.018254038,0.045607835,-0.9641559,-0.054571867,-0.25562742,-0.41827726,0.72598946,0.60809,-2.5392869,0.44897804,3.7524967,0.18539119,0.019363832,0.02134232,-0.0018849898,-0.005998388,0.0026464742,-0.0018780367,0.0063754953,-0.025848117,-0.039439723,0.03000261,0.09325904,0.0,0.0,0.0,0.0,0.0,0.0,0.0,0.0,-0.41826847,0.7259828,0.60806394,-2.5392945,0.44892856,3.7524953,0.18540148,0.019361634,0.021344537,-0.0018604349,-0.0060184672,0.0026795652,-0.0018704834,0.0064254208,-0.025852634,-0.039117467,0.029953169,0.0930192,5.5879354e-09,2.3283064e-10,-3.7252903e-09,1.0,-1.489095e-10,-8.781334e-10,-8.472538e-11,0.0,0.0,0.0,0.0,0.0,0.0,0.6278983,0.20480995,0.11006204,0.99998695,-0.0030093994,0.004120229,0.00016744917,0.0007941314,-0.0023329877,-0.0006938061,0.020535555,0.0060019707,-0.0021817866,0.49078807,0.0697825,0.021854661,0.999101,0.015749658,-0.0016394454,0.039324094,0.0019247631,0.004787007,-0.017017169,-1.4793404,-1.016744,-0.9523485
0.0,0.0,0.0,0.0,0.0,0.0,-1.0,0.6278983,0.20480995,0.11006205,0.49078807,0.0697825,0.021854665,0.49167663,0.06902373,0.018253583,0.045606017,-0.9641542,-0.05458802,-0.2556303,-0.41826847,0.7259828,0.60806394,-2.5392945,0.44892856,3.7524953,0.18540148,0.019361634,0.021344537,-0.0018604349,-0.0060184672,0.0026795652,-0.0018704834,0.0064254208,-0.025852634,-0.039117467,0.029953169,0.0930192,0.0,0.0,0.0,0.0,0.0,0.0,0.0,0.0,-0.41825923,0.72597563,0.608039,-2.5393023,0.44887996,3.7524931,0.18541247,0.019360036,0.021346126,-0.0018481659,-0.0060046096,0.0026997754,-0.0019260077,0.006450885,-0.025824243,-0.038793206,0.029887734,0.09279101,5.5879354e-09,2.3283064e-10,-3.7252903e-09,1.0,-1.489095e-10,-8.781334e-10,-8.472538e-11,0.0,0.0,0.0,0.0,0.0,0.0,0.6279014,0.20479868,0.11005849,0.99998707,-0.002962902,0.0041327723,0.00016557761,0.00028704808,-0.0005348829,-0.0001329924,0.004879025,0.0020567165,-0.00084547215,0.49078798,0.06978276,0.02185448,0.9991009,0.015743822,-0.0016426623,0.039327297,0.0019001763,0.004823676,-0.01702335,-1.4803568,-1.0174212,-0.9525972
0.0,0.0,0.2,0.0,0.0,0.0,-1.0,0.6279014,0.20479868,0.11005849,0.49078798,0.06978276,0.021854484,0.49167642,0.069022,0.0182531,0.045604795,-0.9641527,-0.054603547,-0.25563306,-0.41825923,0.72597563,0.608039,-2.5393023,0.44887996,3.7524931,0.18541247,0.019360036,0.021346126,-0.0018481659,-0.0060046096,0.0026997754,-0.0019260077,0.006450885,-0.025824243,-0.038793206,0.029887734,0.09279101,0.0,0.0,0.1,0.0,0.0,0.0,0.0,0.0,-0.42719284,0.68660927,0.6200308,-2.563819,0.46902633,3.7203465,0.19167778,0.019372968,0.021325894,-0.25521472,-1.5038698,0.42200443,-0.7194913,0.56991744,-0.94062257,0.13380279,0.03219774,0.10026545,5.5879354e-09,2.3283064e-10,-3.7252903e-09,1.0,-1.489095e-10,-8.781334e-10,-8.472538e-11,0.0,0.0,0.0,0.0,0.0,0.0,0.6278991,0.2048033,0.110060915,0.999987,-0.002983304,0.0041235117,0.00016625374,0.000448856,7.594243e-05,-0.0002248269,0.00015507128,0.004363283,0.00012987976,0.4847783,0.06866371,0.028529085,0.9991242,0.018613966,0.0068033813,0.03685011,-0.053956974,-0.042775832,0.3820931,-4.615826,0.32365796,-3.2828176
0.0,0.0,0.2,0.0,0.0,0.0,-1.0,0.6278991,0.2048033,0.110060915,0.4847783,0.06866371,0.028529089,0.4856633,0.067983136,0.024975177,0.047431022,-0.966632,-0.05161941,-0.24639082,-0.42719284,0.68660927,0.6200308,-2.563819,0.46902633,3.7203465,0.19167778,0.019372968,0.021325894,-0.25521472,-1.5038698,0.42200443,-0.7194913,0.56991744,-0.94062257,0.13380279,0.03219774,0.10026545,0.0,0.0,0.1,0.0,0.0,0.0,0.0,0.0,-0.4366313,0.63169736,0.6362861,-2.5869188,0.48825485,3.6867712,0.19881876,0.019411752,0.021288462,-0.2563939,-1.639339,0.48680437,-0.6074571,0.53073794,-0.9800619,0.17185713,0.03204251,0.10021747,5.5879354e-09,2.3283064e-10,-3.7252903e-09,1.0,-1.489095e-10,-8.781334e-10,-8.472538e-11,0.0,0.0,0.0,0.0,0.0,0.0,0.6278983,0.20480998,0.11006203,0.999987,-0.0030095652,0.0041203373,0.00016741671,0.00079768384,-0.0023390823,-0.00069597445,0.02058987,0.0060323062,-0.0021877876,0.4831992,0.06780848,0.042055253,0.99913996,0.018646639,0.008775992,0.03597952,0.007559416,-0.023251245,0.44432595,-4.682606,0.15873651,-3.2064686
0.0,0.0,0.2,0.0,0.0,0.0,-1.0,0.6278983,0.20480998,0.11006203,0.4831992,0.06780848,0.042055257,0.4841013,0.06715175,0.038528185,0.047295764,-0.967192,-0.050731584,-0.24439506,-0.4366313,0.63169736,0.6362861,-2.5869188,0.48825485,3.6867712,0.19881876,0.019411752,0.021288462,-0.2563939,-1.639339,0.48680437,-0.6074571,0.53073794,-0.9800619,0.17185713,0.03204251,0.10021747,0.0,0.0,0.1,0.0,0.0,0.0,0.0,0.0,-0.44642064,0.57370174,0.6538323,-2.6074412,0.506486,3.6503232,0.2068634,0.019429645,0.021266108,-0.2721626,-1.6980674,0.51037216,-0.554523,0.5009132,-1.0589658,0.19971293,0.031441934,0.10078555,5.5879354e-09,2.3283064e-10,-3.7252903e-09,1.0,-1.489095e-10,-8.781334e-10,-8.472538e-11,0.0,0.0,0.0,0.0,0.0,0.0,0.62790143,0.20479867,0.1100584,0.99998707,-0.0029625697,0.004132846,0.0001656289,0.00029011452,-0.0005679524,-0.00014993135,0.005177811,0.0021469286,-0.00082583877,0.48264852,0.06736221,0.056694098,0.99915344,0.018537302,0.009409476,0.035497136,0.014958511,-0.015996676,0.45535544,-4.698994,0.13378188,-3.1843534
0.0,0.0,0.2,0.0,0.0,0.0,-1.0,0.62790143,0.20479867,0.1100584,0.48264852,0.06736221,0.0566941,0.48355308,0.066717304,0.05317084,0.047083065,-0.96738243,-0.050287947,-0.24377353,-0.44642064,0.57370174,0.6538323,-2.6074412,0.506486,3.6503232,0.2068634,0.019429645,0.021266108,-0.2721626,-1.6980674,0.51037216,-0.554523,0.5009132,-1.0589658,0.19971293,0.031441934,0.10078555,0.0,0.0,0.1,0.0,0.0,0.0,0.0,0.0,-0.45702752,0.51402813,0.67205435,-2.6261616,0.52348655,3.6107595,0.21595806,0.019442076,0.02124744,-0.2986032,-1.7400815,0.526669,-0.5050182,0.46343163,-1.1449243,0.23049387,0.03136895,0.100948825,5.5879354e-09,2.3283064e-10,-3.7252903e-09,1.0,-1.489095e-10,-8.781334e-10,-8.472538e-11,0.0,0.0,0.0,0.0,0.0,0.0,0.6278991,0.20480329,0.11006088,0.99998707,-0.002983243,0.0041233096,0.00016625457,0.00044861416,7.675361e-05,-0.000222154,0.00013783884,0.0043598963,0.00012723899,0.48225063,0.067059346,0.07151428,0.99916416,0.018401738,0.009830163,0.035152383,0.01595137,-0.013598996,0.45726213,-4.709569,0.13144198,-3.1780891
0.0,0.0,0.2,0.0,0.0,0.0,-1.0,0.6278991,0.20480329,0.110060886,0.48225063,0.067059346,0.07151428,0.48315287,0.06642617,0.06799582,0.046878353,-0.9675104,-0.04998751,-0.24336667,-0.45702752,0.51402813,0.67205435,-2.6261616,0.52348655,3.6107595,0.21595806,0.019442076,0.02124744,-0.2986032,-1.7400815,0.526669,-0.5050182,0.46343163,-1.1449243,0.23049387,0.03136895,0.100948825,0.0,0.0,0.1,0.0,0.0,0.0,0.0,0.0,-0.46894914,0.45299602,0.69099194,-2.6431525,0.5387856,3.568086,0.22632964,0.01945532,0.02122699,-0.33936113,-1.776559,0.54715365,-0.45546374,0.41166887,-1.230274,0.26794425,0.03138641,0.101068735,5.5879354e-09,2.3283064e-10,-3.7252903e-09,1.0,-1.489095e-10,-8.781334e-10,-8.472538e-11,0.0,0.0,0.0,0.0,0.0,0.0,0.6278973,0.20481022,0.110062405,0.99998695,-0.003010052,0.0041164407,0.0001679136,0.0013883435,-0.0020073992,-0.0009969972,0.017241212,0.01124562,-0.0024139935,0.4818837,0.06680817,0.08636921,0.9991735,0.01824712,0.010215216,0.034855135,0.01603097,-0.012795325,0.45761073,-4.7203264,0.1324155,-3.1767583
0.0,0.0,0.2,0.0,0.0,0.0,-1.0,0.6278973,0.20481022,0.110062405,0.4818837,0.06680817,0.08636922,0.48278266,0.06618916,0.082856506,0.04666952,-0.96762675,-0.049736857,-0.24299535,-0.46894914,0.45299602,0.69099194,-2.6431525,0.5387856,3.568086,0.22632964,0.01945532,0.02122699,-0.33936113,-1.776559,0.54715365,-0.45546374,0.41166887,-1.230274,0.26794425,0.03138641,0.101068735,0.0,0.0,0.1,0.0,0.0,0.0,0.0,0.0,-0.48292488,0.3907983,0.71106124,-2.6584165,0.5517251,3.5224109,0.23831083,0.01947103,0.021203112,-0.4034593,-1.8072195,0.5823007,-0.40566576,0.34005007,-1.3120152,0.3155845,0.031399466,0.10121709,5.5879354e-09,2.3283064e-10,-3.7252903e-09,1.0,-1.489095e-10,-8.781334e-10,-8.472538e-11,0.0,0.0,0.0,0.0,0.0,0.0,0.6279015,0.2047984,0.11005839,0.99998707,-0.0029620468,0.004132893,0.00016564797,0.00025225236,-0.0005624666,-0.00018446278,0.0053320085,0.0018364291,-0.00070343376,0.48153087,0.06657975,0.10123426,0.9991826,0.018055115,0.010594279,0.034580987,0.015912665,-0.012453611,0.45748624,-4.732772,0.13409582,-3.1769297
0.0,0.0,0.2,0.0,0.0,0.0,-1.0,0.6279015,0.2047984,0.1100584,0.48153087,0.06657975,0.10123426,0.4824266,0.06597971,0.097728804,0.04643476,-0.9677408,-0.04951802,-0.2426303,-0.48292488,0.3907983,0.71106124,-2.6584165,0.5517251,3.5224109,0.23831083,0.01947103,0.021203112,-0.4034593,-1.8072195,0.5823007,-0.40566576,0.34005007,-1.3120152,0.3155845,0.031399466,0.10121709,0.0,0.0,0.1,0.0,0.0,0.0,0.0,0.0,-0.50028366,0.32769343,0.73327875,-2.6719623,0.5613987,3.4739423,0.25240076,0.019489529,0.021175295,-0.51105607,-1.829291,0.65184796,-0.35614884,0.24090338,-1.3871617,0.3786801,0.03138157,0.10141274,5.5879354e-09,2.3283064e-10,-3.7252903e-09,1.0,-1.489095e-10,-8.781334e-10,-8.472538e-11,0.0,0.0,0.0,0.0,0.0,0.0,0.6278991,0.20480329,0.110060826,0.99998707,-0.0029831897,0.004123417,0.00016629449,0.00045000593,7.4203825e-05,-0.0002243808,0.00016973204,0.0043737832,0.00012789191,0.48118874,0.06636996,0.11610042,0.99919176,0.017791998,0.010975682,0.03433359,0.015606945,-0.012219402,0.45678854,-4.7484655,0.13654462,-3.1771784
0.0,0.0,0.2,0.0,0.0,0.0,-1.0,0.6278991,0.20480329,0.110060826,0.48118874,0.06636996,0.11610043,0.4820823,0.06579347,0.11260602,0.046145752,-0.9678558,-0.049341753,-0.24226229,-0.50028366,0.32769343,0.73327875,-2.6719623,0.5613987,3.4739423,0.25240076,0.019489529,0.021175295,-0.51105607,-1.829291,0.65184796,-0.35614884,0.24090338,-1.3871617,0.3786801,0.03138157,0.10141274,0.0,0.0,0.1,0.0,0.0,0.0,0.0,0.0,-0.52370495,0.26407427,0.7599865,-2.6838248,0.5665375,3.4230165,0.2693527,0.019510921,0.021143183,-0.708422,-1.8381636,0.80113405,-0.3075642,0.1031507,-1.4518142,0.4650003,0.031359226,0.10163039,5.5879354e-09,2.3283064e-10,-3.7252903e-09,1.0,-1.489095e-10,-8.781334e-10,-8.472538e-11,0.0,0.0,0.0,0.0,0.0,0.0,0.6278983,0.20480996,0.11006201,0.999987,-0.0030091873,0.004120473,0.0001674843,0.0007955957,-0.0023389845,-0.0006938806,0.020595025,0.0060169287,-0.0021844632,0.48085397,0.06618477,0.13095109,0.9992011,0.017397465,0.011376585,0.034131985,0.015010333,-0.012022266,0.454867,-4.7703366,0.14074036,-3.1764889
0.0,0.0,0.2,0.0,0.0,0.0,-1.0,0.6278983,0.20480996,0.11006202,0.48085397,0.06618477,0.13095109,0.48174685,0.06563911,0.12747416,0.04575499,-0.9679763,-0.049241424,-0.24187556,-0.52370495,0.26407427,0.7599865,-2.6838248,0.5665375,3.4230165,0.2693527,0.019510921,0.021143183,-0.708422,-1.8381636,0.80113405,-0.3075642,0.1031507,-1.4518142,0.4650003,0.031359226,0.10163039,0.0,0.0,0.1,0.0,0.0,0.0,0.0,0.0,-0.5592387,0.20057753,0.7969002,-2.6940424,0.5655052,3.3701553,0.2901518,0.019535568,0.021106161,-1.1134267,-1.8250499,1.148704,-0.25918892,-0.08162129,-1.5003537,0.57921624,0.031314928,0.10189773,5.5879354e-09,2.3283064e-10,-3.7252903e-09,1.0,-1.489095e-10,-8.781334e-10,-8.472538e-11,0.0,0.0,0.0,0.0,0.0,0.0,0.62790143,0.20479867,0.11005843,0.99998707,-0.0029625306,0.0041328925,0.00016560766,0.00029041286,-0.0005679296,-0.00015184074,0.0051810793,0.0021536292,-0.0008222388,0.4805176,0.06603542,0.14573431,0.99921095,0.016749708,0.011843367,0.034009617,0.013976078,-0.011843193,0.44997257,-4.8038316,0.14949015,-3.1741574
0.0,0.0,0.2,0.0,0.0,0.0,-1.0,0.62790143,0.20479867,0.11005843,0.4805176,0.06603542,0.14573431,0.48141408,0.06553118,0.1422899,0.045163438,-0.968113,-0.049280033,-0.24143107,-0.5592387,0.20057753,0.7969002,-2.6940424,0.5655052,3.3701553,0.2901518,0.019535568,0.021106161,-1.1134267,-1.8250499,1.148704,-0.25918892,-0.08162129,-1.5003537,0.57921624,0.031314928,0.10189773,0.0,0.0,0.1,0.0,0.0,0.0,0.0,0.0,-0.62226707,0.13842635,0.8594767,-2.7024047,0.55812067,3.3161433,0.31443825,0.019564558,0.021062933,-2.0580208,-1.7669182,2.046229,-0.19736364,-0.23783742,-1.5252306,0.654833,0.03108572,0.10241029,5.5879354e-09,2.3283064e-10,-3.7252903e-09,1.0,-1.489095e-10,-8.781334e-10,-8.472538e-11,0.0,0.0,0.0,0.0,0.0,0.0,0.62789917,0.2048033,0.11006089,0.999987,-0.0029833617,0.004123441,0.0001662447,0.0004498413,7.5851334e-05,-0.00022444972,0.00015500849,0.004372575,0.0001293967,0.48015636,0.06592567,0.16027449,0.99922115,0.01558884,0.01252246,0.03401797,0.012454393,-0.0113256145,0.43650797,-4.861418,0.17529441,-3.169625
0.0,0.0,0.2,0.0,0.0,0.0,-1.0,0.62789917,0.2048033,0.1100609,0.48015636,0.06592567,0.16027449,0.481065,0.065483935,0.15689683,0.044154987,-0.9682999,-0.049572095,-0.24080776,-0.62226707,0.13842635,0.8594767,-2.7024047,0.55812067,3.3161433,0.31443825,0.019564558,0.021062933,-2.0580208,-1.7669182,2.046229,-0.19736364,-0.23783742,-1.5252306,0.654833,0.03108572,0.10241029,0.0,0.0,0.1,0.0,0.0,0.0,0.0,0.0,-0.69465977,0.07941368,0.93220246,-2.7055902,0.5644121,3.2617013,0.3249599,0.01954631,0.021066925,-2.120869,-1.6266382,2.1750004,-0.003936717,0.52401143,-1.5406847,-0.033422425,0.03781029,0.09675676,5.5879354e-09,2.3283064e-10,-3.7252903e-09,1.0,-1.489095e-10,-8.781334e-10,-8.472538e-11,0.0,0.0,0.0,0.0,0.0,0.0,0.6278973,0.20481023,0.110062405,0.99998695,-0.0030099906,0.0041163517,0.00016799959,0.0013870812,-0.0020122202,-0.0009956146,0.017289829,0.011234733,-0.0024146128,0.47974357,0.06463183,0.17277542,0.999257,0.011600941,0.014880604,0.03360567,0.005932904,-0.06859264,0.34514993,-5.1154485,0.39834213,-3.2242002
0.0,0.0,0.2,0.0,0.0,0.0,-1.0,0.6278973,0.20481023,0.110062405,0.47974357,0.06463183,0.17277542,0.4806956,0.06427837,0.16960227,0.040391117,-0.96893907,-0.050118566,-0.23877594,-0.69465977,0.07941368,0.93220246,-2.7055902,0.5644121,3.2617013,0.3249599,0.01954631,0.021066925,-2.120869,-1.6266382,2.1750004,-0.003936717,0.52401143,-1.5406847,-0.033422425,0.03781029,0.09675676,0.0,0.0,0.1,0.0,0.0,0.0,0.0,0.0,-0.76201177,0.023962012,1.005078,-2.6950746,0.6486781,3.200624,0.2555395,0.0195394,0.021072999,-2.071816,-1.6391617,2.1728215,0.5401575,2.6074092,-1.844284,-2.6100013,0.037500612,0.099870145,5.5879354e-09,2.3283064e-10,-3.7252903e-09,1.0,-1.489095e-10,-8.781334e-10,-8.472538e-11,0.0,0.0,0.0,0.0,0.0,0.0,0.62790143,0.2047984,0.11005835,0.99998707,-0.0029620766,0.00413257,0.00016570547,0.0002513758,-0.00058490323,-0.000193644,0.005544014,0.0018675782,-0.00068483496,0.4801926,0.06069976,0.1839219,0.99918187,0.006473445,0.018106578,0.03557689,0.116437085,-0.13903306,0.39835036,-5.3076696,0.18914911,-2.7091882
0.0,0.0,0.2,0.0,0.0,0.0,-1.0,0.62790143,0.2047984,0.11005835,0.4801926,0.06069976,0.1839219,0.48104686,0.05997862,0.18062744,0.035342358,-0.96974206,-0.054003537,-0.23544565,-0.76201177,0.023962012,1.005078,-2.6950746,0.6486781,3.200624,0.2555395,0.0195394,0.021072999,-2.071816,-1.6391617,2.1728215,0.5401575,2.6074092,-1.844284,-2.6100013,0.037500612,0.099870145,0.0,0.0,0.1,0.0,0.0,0.0,0.0,0.0,-0.78981495,-0.042858146,1.0371418,-2.6725276,0.73603153,3.12628,0.16847333,0.019725926,0.02091024,0.2605141,-2.113892,-0.03672709,0.65161484,2.6059995,-2.1459618,-2.6100016,0.035888117,0.100260265,5.5879354e-09,2.3283064e-10,-3.7252903e-09,1.0,-1.489095e-10,-8.781334e-10,-8.472538e-11,0.0,0.0,0.0,0.0,0.0,0.0,0.6278977,0.2048031,0.11006153,0.99998707,-0.0029816523,0.004117386,0.00016647913,0.00043787571,0.0002871767,-0.0002766027,-0.002178096,0.0043732505,0.00014465649,0.4840359,0.058954578,0.19894725,0.9986897,-0.0020967165,0.01703049,0.048210535,0.11698642,0.00029753614,0.48101372,-5.2793784,-0.21041171,-2.2645955
0.0,0.0,0.2,0.0,0.0,0.0,-1.0,0.6278977,0.2048031,0.11006153,0.4840359,0.058954578,0.19894725,0.48503393,0.05831883,0.19604424,-0.03048876,0.9689654,0.06765106,0.2357955,-0.78981495,-0.042858146,1.0371418,-2.6725276,0.73603153,3.12628,0.16847333,0.019725926,0.02091024,0.2605141,-2.113892,-0.03672709,0.65161484,2.6059995,-2.1459618,-2.6100016,0.035888117,0.100260265,0.0,0.0,0.1,0.0,0.0,0.0,0.0,0.0,-0.7580689,-0.11517476,1.0092502,-2.656605,0.8120111,3.0510728,0.11334701,0.019743232,0.020892609,0.8758939,-2.1277633,-0.8056883,0.34365276,1.8798386,-2.0824192,-1.0251977,0.021459734,0.11035003,5.5879354e-09,2.3283064e-10,-3.7252903e-09,1.0,-1.489095e-10,-8.781334e-10,-8.472538e-11,0.0,0.0,0.0,0.0,0.0,0.0,0.6278973,0.20481026,0.110062435,0.999987,-0.0030103836,0.0041162833,0.00016783753,0.0013878355,-0.0020060684,-0.0009992444,0.017221194,0.011227452,-0.002416848,0.48587072,0.060598474,0.21636009,0.99842864,-0.002557361,0.014030182,0.05419153,0.034771968,0.0701377,0.5175068,-4.5726542,-0.44636053,-3.0366719
0.0,0.0,0.2,0.0,0.0,0.0,-1.0,0.6278973,0.20481026,0.110062435,0.48587072,0.060598474,0.21636009,0.4866204,0.05954291,0.21244815,-0.030695781,0.96817017,0.07298766,0.23743875,-0.7580689,-0.11517476,1.0092502,-2.656605,0.8120111,3.0510728,0.11334701,0.019743232,0.020892609,0.8758939,-2.1277633,-0.8056883,0.34365276,1.8798386,-2.0824192,-1.0251977,0.021459734,0.11035003,0.0,0.0,0.1,0.0,0.0,0.0,0.0,0.0,-0.7353085,-0.18557648,0.98304284,-2.6477125,0.8455041,2.979223,0.10194147,0.019682124,0.020955332,0.55889463,-1.9810591,-0.7017767,0.23722431,0.67504597,-1.9829186,-0.1699842,0.020458773,0.1099151,5.5879354e-09,2.3283064e-10,-3.7252903e-09,1.0,-1.489095e-10,-8.781334e-10,-8.472538e-11,0.0,0.0,0.0,0.0,0.0,0.0,0.62790143,0.2047984,0.110058375,0.9999871,-0.0029621962,0.004132595,0.0001656998,0.00024963636,-0.0005601198,-0.00018732564,0.0053226575,0.0018156964,-0.00069514103,0.4860494,0.06193622,0.23237014,0.99840117,-0.0022419265,0.013406923,0.05486559,0.022891808,0.06508368,0.50356984,-4.540195,-0.38537788,-3.1007075
0.0,0.0,0.2,0.0,0.0,0.0,-1.0,0.62790143,0.2047984,0.11005838,0.4860494,0.06193622,0.23237014,0.48682195,0.061089657,0.22852433,-0.03145939,0.96782225,0.07407704,0.23841771,-0.7353085,-0.18557648,0.98304284,-2.6477125,0.8455041,2.979223,0.10194147,0.019682124,0.020955332,0.55889463,-1.9810591,-0.7017767,0.23722431,0.67504597,-1.9829186,-0.1699842,0.020458773,0.1099151,0.0,0.0,0.1,0.0,0.0,0.0,0.0,0.0,-0.72016174,-0.25095895,0.95954186,-2.6401103,0.8570306,2.9108267,0.10575079,0.019626893,0.021011962,0.38319188,-1.8174483,-0.6487454,0.23693548,0.20030473,-1.8891973,0.1447804,0.02480784,0.10548236,5.5879354e-09,2.3283064e-10,-3.7252903e-09,1.0,-1.489095e-10,-8.781334e-10,-8.472538e-11,0.0,0.0,0.0,0.0,0.0,0.0,0.62789917,0.20480329,0.11006089,0.999987,-0.002983236,0.004123664,0.00016624285,0.00044869582,7.6314784e-05,-0.00022461549,0.0001492007,0.004360945,0.00012930694,0.4858333,0.06319382,0.24808966,0.99834675,-0.0025751402,0.0129885925,0.055931106,0.016764631,0.047260404,0.4916433,-4.614348,-0.31020966,-3.104898
0.0,0.0,0.2,0.0,0.0,0.0,-1.0,0.62789917,0.20480329,0.1100609,0.4858333,0.06319382,0.24808966,0.48667753,0.06243544,0.24435145,-0.031667948,0.9675898,0.075280786,0.23895603,-0.72016174,-0.25095895,0.95954186,-2.6401103,0.8570306,2.9108267,0.10575079,0.019626893,0.021011962,0.38319188,-1.8174483,-0.6487454,0.23693548,0.20030473,-1.8891973,0.1447804,0.02480784,0.10548236,0.0,0.0,0.1,0.0,0.0,0.0,0.0,0.0,-0.70944947,-0.31060165,0.93710643,-2.6317768,0.85765535,2.845795,0.11575145,0.019594653,0.021044228,0.2737216,-1.6541051,-0.6294772,0.26931077,-0.053856034,-1.7982954,0.2794759,0.026685802,0.10366482,5.5879354e-09,2.3283064e-10,-3.7252903e-09,1.0,-1.489095e-10,-8.781334e-10,-8.472538e-11,0.0,0.0,0.0,0.0,0.0,0.0,0.6278983,0.20480996,0.11006203,0.99998695,-0.0030094509,0.0041202614,0.00016744316,0.00079479447,-0.0023368127,-0.0006938592,0.02057342,0.006007924,-0.0021837011,0.48552594,0.06424613,0.2636656,0.9982965,-0.0029096147,0.012746177,0.05685949,0.0137188705,0.033921693,0.48510495,-4.6424217,-0.2831661,-3.1206677
0.0,0.0,0.2,0.0,0.0,0.0,-1.0,0.6278983,0.20480996,0.11006203,0.48552594,0.06424613,0.2636656,0.48640317,0.06352013,0.25997907,-0.031688973,0.96744233,0.0762942,0.23922844,-0.70944947,-0.31060165,0.93710643,-2.6317768,0.85765535,2.845795,0.11575145,0.019594653,0.021044228,0.2737216,-1.6541051,-0.6294772,0.26931077,-0.053856034,-1.7982954,0.2794759,0.026685802,0.10366482,0.0,0.0,0.1,0.0,0.0,0.0,0.0,0.0,-0.70171785,-0.36460513,0.91512793,-2.6219919,0.8518664,2.783994,0.12850161,0.019578272,0.021060798,0.19745816,-1.4955239,-0.62092,0.3157809,-0.2090767,-1.7113105,0.3399467,0.02775724,0.10266653,5.5879354e-09,2.3283064e-10,-3.7252903e-09,1.0,-1.489095e-10,-8.781334e-10,-8.472538e-11,0.0,0.0,0.0,0.0,0.0,0.0,0.62790143,0.20479865,0.11005841,0.999987,-0.002962675,0.0041327835,0.00016565024,0.000290938,-0.00056629785,-0.00014958635,0.0051612095,0.0021536401,-0.00082636083,0.48518056,0.06506602,0.27914128,0.9982558,-0.003249304,0.012623428,0.057579797,0.01212368,0.024446208,0.48125568,-4.6556835,-0.27234945,-3.1335816
0.0,0.0,0.2,0.0,0.0,0.0,-1.0,0.62790143,0.20479865,0.11005841,0.48518056,0.06506602,0.27914128,0.4860736,0.06435972,0.27548254,-0.0316,0.96735144,0.07708946,0.23935324,-0.70171785,-0.36460513,0.91512793,-2.6219919,0.8518664,2.783994,0.12850161,0.019578272,0.021060798,0.19745816,-1.4955239,-0.62092,0.3157809,-0.2090767,-1.7113105,0.3399467,0.02775724,0.10266653,0.0,0.0,0.1,0.0,0.0,0.0,0.0,0.0,-0.696212,-0.41319272,0.8934813,-2.610436,0.84199226,2.7252367,0.14240482,0.019569853,0.02106987,0.1388647,-1.3442013,-0.6134423,0.36854097,-0.30961588,-1.6297597,0.36438397,0.028443482,0.1020447,5.5879354e-09,2.3283064e-10,-3.7252903e-09,1.0,-1.489095e-10,-8.781334e-10,-8.472538e-11,0.0,0.0,0.0,0.0,0.0,0.0,0.62789917,0.20480327,0.11006087,0.999987,-0.00298299,0.0041234624,0.00016621235,0.00044819943,7.683085e-05,-0.00022332002,0.00013808404,0.004355018,0.00012704823,0.4848187,0.065709665,0.29454032,0.998223,-0.0035842897,0.012585977,0.05813282,0.011148488,0.01775882,0.47865054,-4.6626434,-0.26772982,-3.1420004
0.0,0.0,0.0,0.0,0.0,0.0,-1.0,0.62789917,0.20480327,0.11006087,0.4848187,0.065709665,0.29454032,0.48571873,0.0650181,0.29089925,-0.031450674,0.96729845,0.07771315,0.23938517,-0.696212,-0.41319272,0.8934813,-2.610436,0.84199226,2.7252367,0.14240482,0.019569853,0.02106987,0.1388647,-1.3442013,-0.6134423,0.36854097,-0.30961588,-1.6297597,0.36438397,0.028443482,0.1020447,0.0,0.0,0.0,0.0,0.0,0.0,0.0,0.0,-0.69319457,-0.4250524,0.89086074,-2.6035383,0.84093815,2.7261665,0.14231785,0.01959819,0.021052636,0.09076481,-0.08511143,-0.0021388642,0.05297151,0.010704453,-0.023817483,-0.03098757,0.028797261,0.101962686,5.5879354e-09,2.3283064e-10,-3.7252903e-09,1.0,-1.489095e-10,-8.781334e-10,-8.472538e-11,0.0,0.0,0.0,0.0,0.0,0.0,0.6278973,0.20481022,0.11006245,0.999987,-0.003010113,0.004116289,0.00016790217,0.0013858844,-0.0020049314,-0.0009957142,0.017220996,0.011222077,-0.0024102544,0.4876418,0.067063965,0.30220088,0.99818355,-0.007602536,0.0044522183,0.05959833,0.023124363,0.05048984,0.06557391,-4.6737103,-0.28472883,-3.147956
0.0,0.0,0.0,0.0,0.0,0.0,-1.0,0.6278973,0.20481022,0.11006245,0.4876418,0.067063965,0.30220088,0.48849604,0.06641449,0.29862007,-0.027816027,0.965207,0.080405295,0.24725816,-0.69319457,-0.4250524,0.89086074,-2.6035383,0.84093815,2.7261665,0.14231785,0.01959819,0.021052636,0.09076481,-0.08511143,-0.0021388642,0.05297151,0.010704453,-0.023817483,-0.03098757,0.028797261,0.101962686,0.0,0.0,0.0,0.0,0.0,0.0,0.0,0.0,-0.6916959,-0.42599252,0.8915287,-2.6029055,0.8409163,2.726118,0.14231467,0.019546162,0.021096416,0.024954945,-0.009641677,0.010448506,0.0019289532,0.0008368266,-0.036590323,-0.02508602,0.031763345,0.10099396,5.5879354e-09,2.3283064e-10,-3.7252903e-09,1.0,-1.489095e-10,-8.781334e-10,-8.472538e-11,0.0,0.0,0.0,0.0,0.0,0.0,0.6279015,0.20479842,0.1100584,0.99998707,-0.0029624193,0.004132601,0.00016559793,0.00024715016,-0.0005260924,-0.00018167176,0.005015439,0.0017577558,-0.00070176396,0.4877317,0.06824512,0.30268678,0.998107,-0.007927168,0.0039418684,0.060860496,0.010954323,0.012960622,0.019623356,-4.6055875,-0.20571764,-3.2387345
0.0,0.0,0.0,0.0,0.0,0.0,-1.0,0.6279015,0.20479842,0.1100584,0.4877317,0.06824512,0.30268678,0.48857814,0.06755678,0.29912525,-0.027713753,0.9649867,0.08163971,0.2477251,-0.6916959,-0.42599252,0.8915287,-2.6029055,0.8409163,2.726118,0.14231467,0.019546162,0.021096416,0.024954945,-0.009641677,0.010448506,0.0019289532,0.0008368266,-0.036590323,-0.02508602,0.031763345,0.10099396,0.0,0.0,0.0,0.0,0.0,0.0,0.0,0.0,-0.6912389,-0.42589572,0.8919573,-2.603148,0.84105724,2.7260041,0.14233027,0.019539967,0.021102246,0.00582441,0.0015111921,0.004530766,-0.004810845,-2.9151233e-06,-0.037070435,-0.02445449,0.03250453,0.10052617,5.5879354e-09,2.3283064e-10,-3.7252903e-09,1.0,-1.489095e-10,-8.781334e-10,-8.472538e-11,0.0,0.0,0.0,0.0,0.0,0.0,0.6278991,0.20480327,0.11006089,0.999987,-0.0029831524,0.00412346,0.00016621372,0.00044892568,7.5964024e-05,-0.00022488278,0.00015521668,0.0043640435,0.00013008477,0.48757598,0.06861585,0.30245802,0.99808455,-0.007886105,0.004219734,0.061214697,0.01066809,-0.0007379446,0.014244716,-4.5951533,-0.19882448,-3.2711987
0.0,0.0,0.0,0.0,0.0,0.0,-1.0,0.6278991,0.20480327,0.1100609,0.48757598,0.06861585,0.30245802,0.48841956,0.06792917,0.2988958,-0.02784352,0.9650194,0.08196421,0.24747555,-0.6912389,-0.42589572,0.8919573,-2.603148,0.84105724,2.7260041,0.14233027,0.019539967,0.021102246,0.00582441,0.0015111921,0.004530766,-0.004810845,-2.9151233e-06,-0.037070435,-0.02445449,0.03250453,0.10052617,0.0,0.0,0.0,0.0,0.0,0.0,0.0,0.0,-0.691119,-0.4256296,0.89222115,-2.6035192,0.8412163,2.7258973,0.14234996,0.019545095,0.021097241,0.00044373216,0.003608577,0.0019546915,-0.0061908504,-3.748368e-05,-0.03694439,-0.024390161,0.032580085,0.1005179,5.5879354e-09,2.3283064e-10,-3.7252903e-09,1.0,-1.489095e-10,-8.781334e-10,-8.472538e-11,0.0,0.0,0.0,0.0,0.0,0.0,0.6278983,0.20480995,0.11006206,0.99998695,-0.003009347,0.0041202717,0.0001673831,0.00079333875,-0.0023343016,-0.0006931588,0.020550415,0.005994761,-0.0021815666,0.48740932,0.068719,0.30213785,0.998079,-0.0077646375,0.004570276,0.061294258,0.010799674,-0.004799357,0.013374871,-4.5946584,-0.19735168,-3.278789
0.0,0.0,0.0,0.0,0.0,0.0,-1.0,0.6278983,0.20480995,0.11006206,0.48740932,0.068719,0.30213785,0.48824906,0.06804044,0.2985755,-0.027988076,0.9650969,0.08200291,0.24714383,-0.691119,-0.4256296,0.89222115,-2.6035192,0.8412163,2.7258973,0.14234996,0.019545095,0.021097241,0.00044373216,0.003608577,0.0019546915,-0.0061908504,-3.748368e-05,-0.03694439,-0.024390161,0.032580085,0.1005179,0.0,0.0,0.0,0.0,0.0,0.0,0.0,0.0,-0.6910979,-0.4253274,0.89242977,-2.6039176,0.841378,2.7257936,0.14237073,0.019550337,0.021092061,-0.0010661957,0.0041074734,0.001153654,-0.0065266876,-3.0856078e-05,-0.036892846,-0.024372116,0.03252857,0.10058532,5.5879354e-09,2.3283064e-10,-3.7252903e-09,1.0,-1.489095e-10,-8.781334e-10,-8.472538e-11,0.0,0.0,0.0,0.0,0.0,0.0,0.62790143,0.2047987,0.11005843,0.99998707,-0.0029628386,0.004132776,0.00016562175,0.0002905715,-0.00055909774,-0.00014270854,0.0050863083,0.0021342211,-0.00083538913,0.4872436,0.06874631,0.30180225,0.99807847,-0.00762341,0.0049313484,0.061293595,0.010849698,-0.0058971657,0.013187493,-4.596177,-0.19641002,-3.2785034
0.0,0.0,0.0,0.0,0.0,0.0,-1.0,0.62790143,0.2047987,0.11005843,0.4872436,0.06874631,0.30180225,0.48807955,0.06807423,0.2982389,-0.028132461,0.9651849,0.08195877,0.24679843,-0.6910979,-0.4253274,0.89242977,-2.6039176,0.841378,2.7257936,0.14237073,0.019550337,0.021092061,-0.0010661957,0.0041074734,0.001153654,-0.0065266876,-3.0856078e-05,-0.036892846,-0.024372116,0.03252857,0.10058532,0.0,0.0,0.0,0.0,0.0,0.0,0.0,0.0,-0.6911048,-0.4250162,0.89262223,-2.604322,0.8415403,2.725692,0.14239183,0.019553807,0.021088613,-0.001483742,0.0042382753,0.00092013436,-0.006617153,-2.497989e-05,-0.036876205,-0.024362903,0.032471187,0.1006492,5.5879354e-09,2.3283064e-10,-3.7252903e-09,1.0,-1.489095e-10,-8.781334e-10,-8.472538e-11,0.0,0.0,0.0,0.0,0.0,0.0,0.62789917,0.20480329,0.11006091,0.99998695,-0.0029833452,0.0041235103,0.0001662095,0.00044906582,7.635722e-05,-0.00022191652,0.0001409228,0.0043642,0.00012623206,0.48707816,0.068753906,0.30146402,0.9980791,-0.007476494,0.0052933907,0.06127008,0.010864057,-0.006166687,0.013135329,-4.5985303,-0.19510129,-3.2758665
0.0,0.0,0.0,0.0,0.0,0.0,-1.0,0.62789917,0.20480329,0.110060915,0.48707816,0.068753906,0.30146402,0.4879108,0.06808597,0.29789963,-0.028276175,0.96527517,0.08189091,0.24645126,-0.6911048,-0.4250162,0.89262223,-2.604322,0.8415403,2.725692,0.14239183,0.019553807,0.021088613,-0.001483742,0.0042382753,0.00092013436,-0.006617153,-2.497989e-05,-0.036876205,-0.024362903,0.032471187,0.1006492,0.0,0.0,0.0,0.0,0.0,0.0,0.0,0.0,-0.6911195,-0.4247026,0.8928102,-2.6047285,0.84170246,2.7255907,0.14241305,0.019555861,0.021086534,-0.0015995367,0.004271014,0.0008528207,-0.0066373604,-2.3777982e-05,-0.036875617,-0.024356661,0.032433778,0.10068554,5.5879354e-09,2.3283064e-10,-3.7252903e-09,1.0,-1.489095e-10,-8.781334e-10,-8.472538e-11,0.0,0.0,0.0,0.0,0.0,0.0,0.6278973,0.20481023,0.11006241,0.999987,-0.0030102306,0.004116244,0.00016794646,0.0013858787,-0.0020045494,-0.0009959518,0.017216487,0.011220952,-0.002410545,0.48691246,0.06875658,0.3011243,0.9980801,-0.007328601,0.0056565264,0.06124021,0.0108688,-0.0062230555,0.0131229395,-4.600665,-0.19420843,-3.2726707
0.0,0.0,0.2,0.0,0.0,0.0,-1.0,0.6278973,0.20481023,0.11006242,0.48691246,0.06875658,0.3011243,0.4877417,0.0680918,0.29755902,-0.028419547,0.9653662,0.08181685,0.24610275,-0.6911195,-0.4247026,0.8928102,-2.6047285,0.84170246,2.7255907,0.14241305,0.019555861,0.021086534,-0.0015995367,0.004271014,0.0008528207,-0.0066373604,-2.3777982e-05,-0.036875617,-0.024356661,0.032433778,0.10068554,0.0,0.0,0.1,0.0,0.0,0.0,0.0,0.0,-0.69060916,-0.45544901,0.8744371,-2.5983381,0.8300757,2.6689062,0.1568075,0.019526452,0.02111154,0.0004238314,-1.1069585,-0.6058286,0.36382908,-0.3842632,-1.5671463,0.37475926,0.033141438,0.1008365,5.5879354e-09,2.3283064e-10,-3.7252903e-09,1.0,-1.489095e-10,-8.781334e-10,-8.472538e-11,0.0,0.0,0.0,0.0,0.0,0.0,0.62790143,0.20479839,0.11005846,0.99998707,-0.0029620419,0.0041326922,0.00016559733,0.00024776792,-0.0005278548,-0.00018067806,0.005027169,0.0017619334,-0.00070543995,0.48372474,0.06787227,0.308397,0.9980861,-0.0034724006,0.014264474,0.060071453,0.0020927321,-0.046345852,0.42175576,-4.5954437,-0.16393839,-3.299719
0.0,0.0,0.2,0.0,0.0,0.0,-1.0,0.62790143,0.20479839,0.11005846,0.48372474,0.06787227,0.308397,0.4845583,0.067193195,0.3047885,-0.032023594,0.9675164,0.07954599,0.2378212,-0.69060916,-0.45544901,0.8744371,-2.5983381,0.8300757,2.6689062,0.1568075,0.019526452,0.02111154,0.0004238314,-1.1069585,-0.6058286,0.36382908,-0.3842632,-1.5671463,0.37475926,0.033141438,0.1008365,0.0,0.0,0.1,0.0,0.0,0.0,0.0,0.0,-0.68974155,-0.49298546,0.85295063,-2.5841153,0.8160725,2.6153517,0.17090894,0.019573087,0.021071538,0.029223016,-1.0609415,-0.6061477,0.46602175,-0.41635892,-1.4904875,0.36428562,0.030476319,0.10123109,5.5879354e-09,2.3283064e-10,-3.7252903e-09,1.0,-1.489095e-10,-8.781334e-10,-8.472538e-11,0.0,0.0,0.0,0.0,0.0,0.0,0.6278977,0.20480308,0.11006152,0.999987,-0.0029814662,0.0041175787,0.00016641643,0.00043940885,0.00028689025,-0.00027719475,-0.0021758412,0.004389237,0.00014360042,0.48308766,0.06710262,0.3228159,0.99812645,-0.0032033194,0.015178173,0.059184786,0.01050919,-0.010810527,0.46795547,-4.668887,-0.24485698,-3.1906085
0.0,0.0,0.0,0.0,0.0,0.0,-1.0,0.6278977,0.20480308,0.11006153,0.48308766,0.06710262,0.3228159,0.483958,0.06645848,0.31919026,-0.032158628,0.96782005,0.078580394,0.23688675,-0.68974155,-0.49298546,0.85295063,-2.5841153,0.8160725,2.6153517,0.17090894,0.019573087,0.021071538,0.029223016,-1.0609415,-0.6061477,0.46602175,-0.41635892,-1.4904875,0.36428562,0.030476319,0.10123109,0.0,0.0,0.0,0.0,0.0,0.0,0.0,0.0,-0.6881356,-0.5030426,0.8492989,-2.5770817,0.8148847,2.6162527,0.17086968,0.019600999,0.021054886,0.063896865,-0.084646866,-0.015055472,0.04695585,0.0034921488,-0.025405088,-0.028090674,0.029303305,0.101361364,5.5879354e-09,2.3283064e-10,-3.7252903e-09,1.0,-1.489095e-10,-8.781334e-10,-8.472538e-11,0.0,0.0,0.0,0.0,0.0,0.0,0.62789726,0.20481026,0.11006239,0.999987,-0.003010466,0.004116171,0.00016784233,0.0013900422,-0.0020088493,-0.000999957,0.017246395,0.011250542,-0.0024195705,0.48559728,0.06766648,0.33027777,0.9981658,-0.0065210923,0.007451204,0.059722982,0.021268174,0.031688206,0.065334186,-4.698368,-0.2753469,-3.1550913
0.0,0.0,0.0,0.0,0.0,0.0,-1.0,0.62789726,0.20481026,0.11006239,0.48559728,0.06766648,0.33027777,0.4864254,0.06703384,0.32669115,-0.028928474,0.9659229,0.080181465,0.24439098,-0.6881356,-0.5030426,0.8492989,-2.5770817,0.8148847,2.6162527,0.17086968,0.019600999,0.021054886,0.063896865,-0.084646866,-0.015055472,0.04695585,0.0034921488,-0.025405088,-0.028090674,0.029303305,0.101361364,0.0,0.0,0.0,0.0,0.0,0.0,0.0,0.0,-0.6871009,-0.5039593,0.8497145,-2.5765235,0.8148685,2.616229,0.17087384,0.019552689,0.021095227,0.01702743,-0.009171495,0.0073634014,0.001512476,-0.0004459645,-0.037539955,-0.023826847,0.031482458,0.10125078,5.5879354e-09,2.3283064e-10,-3.7252903e-09,1.0,-1.489095e-10,-8.781334e-10,-8.472538e-11,0.0,0.0,0.0,0.0,0.0,0.0,0.6279015,0.20479836,0.11005834,0.99998707,-0.0029619087,0.004132825,0.00016564471,0.0002497678,-0.0005712764,-0.00019217253,0.0054339683,0.0018300187,-0.00068838446,0.48567867,0.06850991,0.33075926,0.99811345,-0.0068552913,0.006933274,0.060616627,0.011448425,0.007916365,0.019446151,-4.623303,-0.20094848,-3.2176454
0.0,0.0,0.0,0.0,0.0,0.0,-1.0,0.6279015,0.20479836,0.11005834,0.48567867,0.06850991,0.33075926,0.486501,0.067833684,0.32719138,-0.02874928,0.9657363,0.08106029,0.24485934,-0.6871009,-0.5039593,0.8497145,-2.5765235,0.8148685,2.616229,0.17087384,0.019552689,0.021095227,0.01702743,-0.009171495,0.0073634014,0.001512476,-0.0004459645,-0.037539955,-0.023826847,0.031482458,0.10125078,0.0,0.0,0.0,0.0,0.0,0.0,0.0,0.0,-0.6867838,-0.50385755,0.8500865,-2.5767915,0.8150219,2.6161218,0.17088892,0.019540364,0.021107046,0.003131695,0.0018595202,0.003872674,-0.0049311575,-0.0010324704,-0.038215373,-0.02349067,0.032208096,0.10077147,5.5879354e-09,2.3283064e-10,-3.7252903e-09,1.0,-1.489095e-10,-8.781334e-10,-8.472538e-11,0.0,0.0,0.0,0.0,0.0,0.0,0.62789917,0.2048033,0.1100609,0.99998707,-0.0029832884,0.0041237157,0.00016625228,0.00044983142,7.560244e-05,-0.00022464343,0.00015733931,0.0043722168,0.00012893668,0.4855414,0.068784826,0.330515,0.99809706,-0.0068023433,0.0072139944,0.060858954,0.011053109,-0.0022660338,0.0138738975,-4.61321,-0.19272514,-3.2404692
0.0,0.2,0.0,0.0,0.0,0.0,-1.0,0.62789917,0.2048033,0.1100609,0.4855414,0.068784826,0.330515,0.48636255,0.06810216,0.32694674,-0.028862916,0.9657791,0.081273824,0.24460611,-0.6867838,-0.50385755,0.8500865,-2.5767915,0.8150219,2.6161218,0.17088892,0.019540364,0.021107046,0.003131695,0.0018595202,0.003872674,-0.0049311575,-0.0010324704,-0.038215373,-0.02349067,0.032208096,0.10077147,0.0,0.1,0.0,0.0,0.0,0.0,0.0,0.0,-0.69327986,-0.506625,0.8719015,-2.573543,0.81320155,2.6200545,0.20737818,0.019837653,0.02081948,-0.013110099,-0.120358385,0.754221,0.12095576,-0.050206486,0.059760615,0.98305553,0.032330506,0.10319539,5.5879354e-09,2.3283064e-10,-3.7252903e-09,1.0,-1.489095e-10,-8.781334e-10,-8.472538e-11,0.0,0.0,0.0,0.0,0.0,0.0,0.6278973,0.20481019,0.110062405,0.99998695,-0.0030098576,0.0041164644,0.00016796462,0.0013871917,-0.002011492,-0.0009962353,0.017281257,0.011233137,-0.002415104,0.48617107,0.074774034,0.32974795,0.9986217,-0.0043966654,0.008304147,0.05163524,0.014228655,0.32457343,-0.0041260906,-4.562738,-0.079668954,-3.5126405
0.0,0.2,0.0,0.0,0.0,0.0,-1.0,0.6278973,0.20481019,0.110062405,0.48617107,0.074774034,0.32974795,0.4869066,0.074448474,0.32619002,-0.02891615,0.966627,0.071815014,0.24421012,-0.69327986,-0.506625,0.8719015,-2.573543,0.81320155,2.6200545,0.20737818,0.019837653,0.02081948,-0.013110099,-0.120358385,0.754221,0.12095576,-0.050206486,0.059760615,0.98305553,0.032330506,0.10319539,0.0,0.1,0.0,0.0,0.0,0.0,0.0,0.0,-0.693099,-0.5111048,0.9005047,-2.568213,0.81103224,2.6230319,0.24407554,0.019786606,0.020852637,0.064921655,-0.1444404,0.8470674,0.17906198,-0.069449745,0.039151683,0.99141335,0.02760475,0.10624185,5.5879354e-09,2.3283064e-10,-3.7252903e-09,1.0,-1.489095e-10,-8.781334e-10,-8.472538e-11,0.0,0.0,0.0,0.0,0.0,0.0,0.62790143,0.2047984,0.110058375,0.99998707,-0.0029620447,0.0041327504,0.00016556936,0.00024834988,-0.00055215706,-0.00018442256,0.0052460954,0.0017964399,-0.000696989,0.48599142,0.08793826,0.32900122,0.99873674,-0.0035881735,0.008748825,0.049349163,0.0037276288,0.4219411,0.005124923,-4.6288548,-0.051979072,-3.2561212
0.0,0.2,0.0,0.0,0.0,0.0,-1.0,0.62790143,0.2047984,0.11005838,0.48599142,0.08793826,0.32900122,0.48678565,0.087514766,0.32546055,-0.029093266,0.96695155,0.069360435,0.24361312,-0.693099,-0.5111048,0.9005047,-2.568213,0.81103224,2.6230319,0.24407554,0.019786606,0.020852637,0.064921655,-0.1444404,0.8470674,0.17906198,-0.069449745,0.039151683,0.99141335,0.02760475,0.10624185,0.0,0.1,0.0,0.0,0.0,0.0,0.0,0.0,-0.69239235,-0.51572496,0.93130183,-2.5609353,0.8080023,2.6254406,0.28107446,0.019708445,0.020920705,0.048099913,-0.13775502,0.88885134,0.2294246,-0.09383912,0.025475997,0.99974847,0.02805786,0.10539688,5.5879354e-09,2.3283064e-10,-3.7252903e-09,1.0,-1.489095e-10,-8.781334e-10,-8.472538e-11,0.0,0.0,0.0,0.0,0.0,0.0,0.62789917,0.20480327,0.110060886,0.99998707,-0.0029830427,0.004123537,0.00016622987,0.00044838034,7.714023e-05,-0.00022177403,0.00013145876,0.0043569924,0.00012611994,0.4857115,0.1028444,0.32849428,0.9987605,-0.0032970605,0.009153875,0.048811384,0.00043413695,0.44604272,0.008735886,-4.6569653,-0.05204795,-3.182853
0.0,0.2,0.0,0.0,0.0,0.0,-1.0,0.62789917,0.20480327,0.110060886,0.4857115,0.1028444,0.32849428,0.48653343,0.10233208,0.32495853,-0.029237777,0.967098,0.06876075,0.2431845,-0.69239235,-0.51572496,0.93130183,-2.5609353,0.8080023,2.6254406,0.28107446,0.019708445,0.020920705,0.048099913,-0.13775502,0.88885134,0.2294246,-0.09383912,0.025475997,0.99974847,0.02805786,0.10539688,0.0,0.1,0.0,0.0,0.0,0.0,0.0,0.0,-0.6929434,-0.51993126,0.96334684,-2.551944,0.8040507,2.627342,0.31834066,0.019661376,0.020959953,0.0037468774,-0.12337534,0.9183862,0.27597108,-0.11842701,0.011889305,1.006038,0.028897228,0.104565285,5.5879354e-09,2.3283064e-10,-3.7252903e-09,1.0,-1.489095e-10,-8.781334e-10,-8.472538e-11,0.0,0.0,0.0,0.0,0.0,0.0,0.6278973,0.20481025,0.11006242,0.99998707,-0.003010019,0.004116493,0.00016795946,0.0013866145,-0.0020128335,-0.0009951154,0.017296694,0.011231573,-0.002414331,0.485406,0.11817983,0.3280664,0.99876046,-0.0031527716,0.009518155,0.048754357,-0.0010123104,0.45164382,0.009727092,-4.669708,-0.054295693,-3.1626794
0.0,0.2,0.0,0.0,0.0,0.0,-1.0,0.6278973,0.20481025,0.11006242,0.485406,0.11817983,0.3280664,0.48623785,0.11761833,0.32453284,-0.029364318,0.967193,0.06866062,0.24281949,-0.6929434,-0.51993126,0.96334684,-2.551944,0.8040507,2.627342,0.31834066,0.019661376,0.020959953,0.0037468774,-0.12337534,0.9183862,0.27597108,-0.11842701,0.011889305,1.006038,0.028897228,0.104565285,0.0,0.1,0.0,0.0,0.0,0.0,0.0,0.0,-0.6952932,-0.523642,0.99640393,-2.5413368,0.79921585,2.6287088,0.3557892,0.019641416,0.020972809,-0.04980996,-0.10936221,0.94481415,0.32099903,-0.14164162,-0.0027558878,1.0097189,0.029435981,0.10414573,5.5879354e-09,2.3283064e-10,-3.7252903e-09,1.0,-1.489095e-10,-8.781334e-10,-8.472538e-11,0.0,0.0,0.0,0.0,0.0,0.0,0.6279015,0.20479839,0.11005828,0.9999871,-0.0029619632,0.004132718,0.00016573115,0.00025201234,-0.0005959602,-0.00020026183,0.0056512407,0.0018903539,-0.0006782474,0.4850893,0.13360932,0.32765654,0.9987538,-0.0030487813,0.009874945,0.048825532,-0.0018696636,0.45253754,0.009941436,-4.6784105,-0.056284696,-3.156872
0.0,0.2,0.0,0.0,0.0,0.0,-1.0,0.6279015,0.20479839,0.11005828,0.4850893,0.13360932,0.32765654,0.48592287,0.1330294,0.3241243,-0.02948454,0.96727514,0.0686948,0.24246714,-0.6952932,-0.523642,0.99640393,-2.5413368,0.79921585,2.6287088,0.3557892,0.019641416,0.020972809,-0.04980996,-0.10936221,0.94481415,0.32099903,-0.14164162,-0.0027558878,1.0097189,0.029435981,0.10414573,0.0,0.1,0.0,0.0,0.0,0.0,0.0,0.0,-0.699641,-0.5269314,1.0304114,-2.5291533,0.7935724,2.629493,0.3933175,0.01963791,0.020969722,-0.10723611,-0.09834729,0.9703888,0.36524963,-0.16261208,-0.018802999,1.01048,0.029680815,0.10404278,5.5879354e-09,2.3283064e-10,-3.7252903e-09,1.0,-1.489095e-10,-8.781334e-10,-8.472538e-11,0.0,0.0,0.0,0.0,0.0,0.0,0.6278991,0.20480327,0.11006085,0.99998707,-0.0029831282,0.0041233273,0.00016632842,0.00045045916,7.48912e-05,-0.00022286647,0.00015900416,0.004377964,0.00012674184,0.4847656,0.14905031,0.3272459,0.9987454,-0.002956105,0.010238202,0.04892787,-0.002521759,0.4522669,0.009956809,-4.6858573,-0.058149125,-3.1549037
0.0,0.2,0.0,0.0,0.0,0.0,-1.0,0.6278991,0.20480327,0.110060856,0.4847656,0.14905031,0.3272459,0.4855973,0.1484693,0.32371497,-0.029602267,0.9673561,0.068762004,0.24211088,-0.699641,-0.5269314,1.0304114,-2.5291533,0.7935724,2.629493,0.3933175,0.01963791,0.020969722,-0.10723611,-0.09834729,0.9703888,0.36524963,-0.16261208,-0.018802999,1.01048,0.029680815,0.10404278,0.0,0.1,0.0,0.0,0.0,0.0,0.0,0.0,-0.7060796,-0.52992815,1.0653489,-2.5154173,0.78722066,2.6296363,0.4308129,0.019643001,0.020958586,-0.1666951,-0.09133952,0.99557,0.4089647,-0.18063961,-0.036422156,1.0080824,0.02975978,0.10410339,5.5879354e-09,2.3283064e-10,-3.7252903e-09,1.0,-1.489095e-10,-8.781334e-10,-8.472538e-11,0.0,0.0,0.0,0.0,0.0,0.0,0.6278983,0.20480998,0.11006201,0.99998695,-0.0030096322,0.0041202162,0.00016739884,0.0007931092,-0.002335121,-0.0006924557,0.020560727,0.005995138,-0.0021805677,0.48443663,0.16448386,0.32682925,0.9987366,-0.0028667233,0.01061267,0.049033035,-0.0030727498,0.45168275,0.009922089,-4.6929436,-0.05981692,-3.153745
0.0,0.2,0.0,0.0,0.0,0.0,-1.0,0.6278983,0.20480998,0.11006202,0.48443663,0.16448386,0.32682925,0.4852648,0.16391024,0.3233001,-0.029718518,0.9674389,0.068832934,0.24174502,-0.7060796,-0.52992815,1.0653489,-2.5154173,0.78722066,2.6296363,0.4308129,0.019643001,0.020958586,-0.1666951,-0.09133952,0.99557,0.4089647,-0.18063961,-0.036422156,1.0080824,0.02975978,0.10410339,0.0,0.1,0.0,0.0,0.0,0.0,0.0,0.0,-0.7146583,-0.53278553,1.1011996,-2.5001419,0.7802841,2.6290777,0.4681542,0.019651985,0.02094424,-0.22724058,-0.08891283,1.0202258,0.45224175,-0.19507259,-0.055760402,1.0023031,0.02974551,0.10424709,5.5879354e-09,2.3283064e-10,-3.7252903e-09,1.0,-1.489095e-10,-8.781334e-10,-8.472538e-11,0.0,0.0,0.0,0.0,0.0,0.0,0.6279014,0.20479873,0.110058464,0.999987,-0.002963076,0.004132687,0.00016559892,0.0002864359,-0.0005375956,-0.00013794308,0.004912504,0.002061569,-0.00083749177,0.4841037,0.17990543,0.3264053,0.99872774,-0.002778981,0.010999595,0.049132433,-0.0035495218,0.45097685,0.009868931,-4.699922,-0.061213356,-3.1525586
0.0,0.0,0.0,0.0,0.0,0.0,-1.0,0.6279014,0.20479873,0.11005847,0.4841037,0.17990543,0.3264053,0.48492786,0.17934373,0.3228786,-0.029832512,0.96752465,0.068899006,0.2413688,-0.7146583,-0.53278553,1.1011996,-2.5001419,0.7802841,2.6290777,0.4681542,0.019651985,0.02094424,-0.22724058,-0.08891283,1.0202258,0.45224175,-0.19507259,-0.055760402,1.0023031,0.02974551,0.10424709,0.0,0.0,0.0,0.0,0.0,0.0,0.0,0.0,-0.7060307,-0.53529257,1.1089017,-2.4971905,0.7805787,2.628619,0.46799135,0.019375768,0.02121793,0.14642116,-0.061311528,0.09172538,0.029013282,0.0073752264,-0.043702517,-0.030814245,0.029844446,0.10198682,5.5879354e-09,2.3283064e-10,-3.7252903e-09,1.0,-1.489095e-10,-8.781334e-10,-8.472538e-11,0.0,0.0,0.0,0.0,0.0,0.0,0.62789917,0.20480329,0.11006086,0.999987,-0.0029830781,0.0041234414,0.00016624223,0.00044809456,7.641193e-05,-0.00022400082,0.00014578631,0.004354874,0.00012865827,0.4818827,0.1885506,0.3265702,0.9982863,-0.0046949554,0.010200794,0.057431094,-0.02376588,0.113290355,0.023699837,-4.7725296,-0.19855268,-2.8998668
0.0,0.0,0.0,0.0,0.0,0.0,-1.0,0.62789917,0.20480329,0.11006087,0.4818827,0.1885506,0.3265702,0.48274562,0.18768324,0.32300204,-0.03008937,0.96679926,0.07740095,0.24166712,-0.7060307,-0.53529257,1.1089017,-2.4971905,0.7805787,2.628619,0.46799135,0.019375768,0.02121793,0.14642116,-0.061311528,0.09172538,0.029013282,0.0073752264,-0.043702517,-0.030814245,0.029844446,0.10198682,0.0,0.0,0.0,0.0,0.0,0.0,0.0,0.0,-0.70330113,-0.53621715,1.1110244,-2.4968317,0.7807643,2.6284113,0.46796492,0.019442908,0.02114943,0.04199344,-0.015188645,0.029961633,0.00527671,0.006337654,-0.038568836,-0.028836554,0.03458843,0.098882265,5.5879354e-09,2.3283064e-10,-3.7252903e-09,1.0,-1.489095e-10,-8.781334e-10,-8.472538e-11,0.0,0.0,0.0,0.0,0.0,0.0,0.6278973,0.20481023,0.110062435,0.999987,-0.003010016,0.004116344,0.00016801442,0.0013866969,-0.0020091152,-0.0009963206,0.017259551,0.011227023,-0.0024133036,0.48112142,0.19075726,0.326439,0.9981435,-0.0053011305,0.010299968,0.05979443,0.001942384,0.025646253,0.01681127,-4.7004986,-0.19849084,-3.1399755
0.0,0.0,0.0,0.0,0.0,0.0,-1.0,0.6278973,0.20481023,0.110062435,0.48112142,0.19075726,0.326439,0.4819384,0.18999971,0.3228652,-0.030093648,0.9666205,0.079800904,0.24160108,-0.70330113,-0.53621715,1.1110244,-2.4968317,0.7807643,2.6284113,0.46796492,0.019442908,0.02114943,0.04199344,-0.015188645,0.029961633,0.00527671,0.006337654,-0.038568836,-0.028836554,0.03458843,0.098882265,0.0,0.0,0.0,0.0,0.0,0.0,0.0,0.0,-0.7025175,-0.5363211,1.1118478,-2.4970195,0.780955,2.6282647,0.46797186,0.019534318,0.021058813,0.01195832,-0.0027210265,0.010582732,-0.0029815978,0.006170147,-0.03724516,-0.028639546,0.033922307,0.10003922,5.5879354e-09,2.3283064e-10,-3.7252903e-09,1.0,-1.489095e-10,-8.781334e-10,-8.472538e-11,0.0,0.0,0.0,0.0,0.0,0.0,0.6279015,0.2047984,0.11005842,0.9999871,-0.0029620812,0.004132579,0.00016566114,0.00024829354,-0.0005366609,-0.00018340937,0.005111392,0.0017748278,-0.0007030988,0.4807952,0.1913166,0.32616132,0.9980997,-0.0054236213,0.010597032,0.06045772,0.008919302,0.00127979,0.014754033,-4.684901,-0.19680259,-3.2069972
0.2,0.0,0.0,0.0,0.0,0.0,-1.0,0.6279015,0.2047984,0.11005843,0.4807952,0.1913166,0.32616132,0.48158893,0.19066307,0.3225878,-0.030143857,0.96663123,0.08046305,0.2413319,-0.7025175,-0.5363211,1.1118478,-2.4970195,0.780955,2.6282647,0.46797186,0.019534318,0.021058813,0.01195832,-0.0027210265,0.010582732,-0.0029815978,0.006170147,-0.03724516,-0.028639546,0.033922307,0.10003922,0.1,0.0,0.0,0.0,0.0,0.0,0.0,0.0,-0.7559141,-0.5028393,1.1603538,-2.4611576,0.7508695,2.6428626,0.47724408,0.019599032,0.020994684,-1.6742629,1.1764609,1.3694214,1.145972,-0.8557851,0.35553965,0.24506189,0.030751493,0.10342927,5.5879354e-09,2.3283064e-10,-3.7252903e-09,1.0,-1.489095e-10,-8.781334e-10,-8.472538e-11,0.0,0.0,0.0,0.0,0.0,0.0,0.6278977,0.20480306,0.11006154,0.999987,-0.0029815082,0.004117521,0.00016643734,0.00043961484,0.00028653973,-0.00027938056,-0.0021659012,0.0043919203,0.00014539076,0.49277624,0.1964726,0.32609612,0.99774337,-0.008781058,0.009131714,0.06593678,0.408943,0.10865566,0.03253374,-4.6521883,-0.29607692,-2.940367
0.2,0.0,0.0,0.0,0.0,0.0,-1.0,0.6278977,0.20480306,0.11006154,0.49277624,0.1964726,0.32609612,0.49360445,0.19575539,0.32240358,-0.028055586,0.96594477,0.08667418,0.24218008,-0.7559141,-0.5028393,1.1603538,-2.4611576,0.7508695,2.6428626,0.47724408,0.019599032,0.020994684,-1.6742629,1.1764609,1.3694214,1.145972,-0.8557851,0.35553965,0.24506189,0.030751493,0.10342927,0.1,0.0,0.0,0.0,0.0,0.0,0.0,0.0,-0.82186186,-0.46278036,1.2134179,-2.4210887,0.7174099,2.6558528,0.48904938,0.019550746,0.021035481,-1.9368398,1.135266,1.4894938,1.124143,-0.95179176,0.31614435,0.32111394,0.033442598,0.10074003,5.5879354e-09,2.3283064e-10,-3.7252903e-09,1.0,-1.489095e-10,-8.781334e-10,-8.472538e-11,0.0,0.0,0.0,0.0,0.0,0.0,0.62789726,0.20481023,0.110062405,0.99998695,-0.0030100576,0.004116413,0.00016784597,0.001387113,-0.0019974175,-0.0009993813,0.017138751,0.011221167,-0.002412215,0.5072079,0.19878161,0.32632408,0.99758404,-0.008584412,0.008998841,0.06834747,0.4324366,0.014831033,0.0413108,-4.5645733,-0.37064746,-3.16708
0.2,0.0,0.0,0.0,0.0,0.0,-1.0,0.62789726,0.20481023,0.110062405,0.5072079,0.19878161,0.32632408,0.50800824,0.19812997,0.3225568,-0.028797954,0.96567047,0.08896124,0.24235731,-0.82186186,-0.46278036,1.2134179,-2.4210887,0.7174099,2.6558528,0.48904938,0.019550746,0.021035481,-1.9368398,1.135266,1.4894938,1.124143,-0.95179176,0.31614435,0.32111394,0.033442598,0.10074003,0.1,0.0,0.0,0.0,0.0,0.0,0.0,0.0,-0.8944188,-0.42371643,1.2730409,-2.3811038,0.6807539,2.667115,0.5039139,0.019622153,0.020962559,-2.1570702,1.0818578,1.756729,1.1454613,-1.0349616,0.26180848,0.401685,0.02755517,0.10626205,5.5879354e-09,2.3283064e-10,-3.7252903e-09,1.0,-1.489095e-10,-8.781334e-10,-8.472538e-11,0.0,0.0,0.0,0.0,0.0,0.0,0.6279015,0.20479839,0.110058345,0.999987,-0.0029619017,0.0041327826,0.00016562111,0.00024781373,-0.00056277093,-0.00019200146,0.005361724,0.0018084256,-0.0006840567,0.52156156,0.20057487,0.3265941,0.99746287,-0.007816907,0.008820295,0.07020553,0.42736867,0.032361776,0.04565728,-4.558225,-0.39147612,-3.154975
0.2,0.0,0.0,0.0,0.0,0.0,-1.0,0.6279015,0.20479839,0.11005835,0.52156156,0.20057487,0.3265941,0.5223547,0.20000756,0.32277897,-0.030008495,0.9654588,0.09061128,0.24244258,-0.8944188,-0.42371643,1.2730409,-2.3811038,0.6807539,2.667115,0.5039139,0.019622153,0.020962559,-2.1570702,1.0818578,1.756729,1.1454613,-1.0349616,0.26180848,0.401685,0.02755517,0.10626205,0.1,0.0,0.0,0.0,0.0,0.0,0.0,0.0,-0.96838003,-0.38585648,1.3409362,-2.3411405,0.64174765,2.6763752,0.52117246,0.019771572,0.02081638,-2.174661,1.0260595,2.0481074,1.1588448,-1.0927212,0.20293105,0.45969743,0.025537942,0.108676225,5.5879354e-09,2.3283064e-10,-3.7252903e-09,1.0,-1.489095e-10,-8.781334e-10,-8.472538e-11,0.0,0.0,0.0,0.0,0.0,0.0,0.62789917,0.20480329,0.11006087,0.999987,-0.0029832504,0.00412366,0.00016627258,0.0004497433,7.6675205e-05,-0.00022202548,0.00013922206,0.004371001,0.00012708537,0.53442883,0.20547011,0.3269941,0.99712396,-0.0063608414,0.00869374,0.07501845,0.37064576,0.16968836,0.05346774,-4.5042706,-0.4408431,-2.912214
0.2,0.0,0.0,0.0,0.0,0.0,-1.0,0.62789917,0.20480329,0.11006087,0.53442883,0.20547011,0.3269941,0.5352055,0.20507127,0.323124,-0.032672137,0.96498525,0.09495404,0.24232122,-0.96838003,-0.38585648,1.3409362,-2.3411405,0.64174765,2.6763752,0.52117246,0.019771572,0.02081638,-2.174661,1.0260595,2.0481074,1.1588448,-1.0927212,0.20293105,0.45969743,0.025537942,0.108676225,0.1,0.0,0.0,0.0,0.0,0.0,0.0,0.0,-1.0417506,-0.35193557,1.4137272,-2.3009036,0.6028325,2.6827173,0.5389828,0.019786121,0.020800587,-2.1750016,0.9044897,2.1625571,1.1879749,-1.0798671,0.12944166,0.45854843,0.031660445,0.10214931,5.5879354e-09,2.3283064e-10,-3.7252903e-09,1.0,-1.489095e-10,-8.781334e-10,-8.472538e-11,0.0,0.0,0.0,0.0,0.0,0.0,0.6278973,0.20481025,0.11006242,0.99998695,-0.0030101605,0.0041163526,0.00016800109,0.0013859814,-0.0020054167,-0.0009948201,0.017227681,0.011227872,-0.0024093378,0.5458408,0.21342357,0.32890305,0.99655455,-0.0043772305,0.0075485012,0.082478836,0.34492788,0.23293173,0.11737253,-4.4385295,-0.62407017,-2.7784839
0.2,0.0,0.0,0.0,0.0,0.0,-1.0,0.6278973,0.20481025,0.11006242,0.5458408,0.21342357,0.32890305,0.5466411,0.21306424,0.32498878,-0.03652519,0.96395904,0.10167095,0.24312899,-1.0417506,-0.35193557,1.4137272,-2.3009036,0.6028325,2.6827173,0.5389828,0.019786121,0.020800587,-2.1750016,0.9044897,2.1625571,1.1879749,-1.0798671,0.12944166,0.45854843,0.031660445,0.10214931,0.1,0.0,0.0,0.0,0.0,0.0,0.0,0.0,-1.1145693,-0.32413957,1.4866803,-2.259689,0.56795293,2.685483,0.55440617,0.019756073,0.020829193,-2.1750019,0.7195925,2.1634936,1.2264235,-0.93635666,0.030279223,0.36882603,0.03190907,0.10170361,5.5879354e-09,2.3283064e-10,-3.7252903e-09,1.0,-1.489095e-10,-8.781334e-10,-8.472538e-11,0.0,0.0,0.0,0.0,0.0,0.0,0.6279015,0.20479839,0.110058405,0.99998707,-0.0029622226,0.0041326866,0.00016565078,0.00024887308,-0.00055545825,-0.000186205,0.0052794754,0.0018055659,-0.0006948395,0.55676806,0.22210704,0.3335292,0.99589086,-0.0018235461,0.0043695713,0.09043697,0.33707884,0.24275789,0.19956267,-4.378316,-0.8147418,-2.7774725
0.2,0.0,0.0,0.0,0.0,0.0,-1.0,0.6279015,0.20479839,0.11005841,0.55676806,0.22210704,0.3335292,0.5576039,0.22178017,0.3296289,-0.041044466,0.9622846,0.10877854,0.24594885,-1.1145693,-0.32413957,1.4866803,-2.259689,0.56795293,2.685483,0.55440617,0.019756073,0.020829193,-2.1750019,0.7195925,2.1634936,1.2264235,-0.93635666,0.030279223,0.36882603,0.03190907,0.10170361,0.1,0.0,0.0,0.0,0.0,0.0,0.0,0.0,-1.1877277,-0.3047018,1.5596356,-2.2167559,0.5429585,2.683817,0.5633621,0.019742738,0.020842934,-2.1750002,0.45054102,2.1569128,1.2776285,-0.6100665,-0.0999504,0.15406486,0.033141363,0.10050477,5.5879354e-09,2.3283064e-10,-3.7252903e-09,1.0,-1.489095e-10,-8.781334e-10,-8.472538e-11,0.0,0.0,0.0,0.0,0.0,0.0,0.6278977,0.2048031,0.110061556,0.99998707,-0.0029818343,0.0041174944,0.00016655088,0.0004407259,0.00028814917,-0.00027813934,-0.0021890549,0.0044030254,0.00014308756,0.56741714,0.23103863,0.34063253,0.99513286,0.0011988094,-0.00065789,0.09853265,0.3274406,0.24991988,0.26411495,-4.3368874,-0.96046424,-2.800248
0.0,0.0,0.0,0.0,0.0,0.0,-1.0,0.6278977,0.2048031,0.110061556,0.56741714,0.23103863,0.34063253,0.56830245,0.23076081,0.33678228,-0.0459916,0.9600354,0.11592853,0.25055403,-1.1877277,-0.3047018,1.5596356,-2.2167559,0.5429585,2.683817,0.5633621,0.019742738,0.020842934,-2.1750002,0.45054102,2.1569128,1.2776285,-0.6100665,-0.0999504,0.15406486,0.033141363,0.10050477,0.0,0.0,0.0,0.0,0.0,0.0,0.0,0.0,-1.1872083,-0.3023958,1.5576952,-2.2105074,0.5421388,2.68437,0.5632092,0.0195811,0.02099842,0.030412046,0.0071338946,-0.06435153,0.0068079648,0.0025931164,-0.01924032,-0.033609882,0.03457437,0.097690694,5.5879354e-09,2.3283064e-10,-3.7252903e-09,1.0,-1.489095e-10,-8.781334e-10,-8.472538e-11,0.0,0.0,0.0,0.0,0.0,0.0,0.62789726,0.20481023,0.11006242,0.999987,-0.0030100066,0.004116497,0.00016781087,0.0013880569,-0.0020003384,-0.0009997776,0.017165337,0.011230157,-0.0024147653,0.5692063,0.23205712,0.34398383,0.99505544,0.0028023792,-0.0032872143,0.09922738,0.023145538,-0.025296537,0.0326374,-4.516768,-0.5932875,-3.388022
0.0,0.0,0.0,0.0,0.0,0.0,-1.0,0.62789726,0.20481023,0.11006242,0.5692063,0.23205712,0.34398383,0.5701266,0.23159394,0.3404164,-0.047608793,0.9591408,0.11609447,0.25358358,-1.1872083,-0.3023958,1.5576952,-2.2105074,0.5421388,2.68437,0.5632092,0.0195811,0.02099842,0.030412046,0.0071338946,-0.06435153,0.0068079648,0.0025931164,-0.01924032,-0.033609882,0.03457437,0.097690694,0.0,0.0,0.0,0.0,0.0,0.0,0.0,0.0,-1.18767,-0.30219424,1.5575131,-2.210693,0.54226124,2.684301,0.5632331,0.019657362,0.020923888,-0.0072832527,0.0018345517,-0.005844785,-0.0066391462,0.008083326,-0.03444666,-0.029750768,0.032531645,0.10223367,5.5879354e-09,2.3283064e-10,-3.7252903e-09,1.0,-1.489095e-10,-8.781334e-10,-8.472538e-11,0.0,0.0,0.0,0.0,0.0,0.0,0.62790143,0.2047984,0.11005836,0.9999871,-0.002962196,0.004132546,0.00016570577,0.00024955126,-0.00055918883,-0.00018701333,0.0053138407,0.0018141015,-0.0006952736,0.5693237,0.23156925,0.34390187,0.9950924,0.0029890395,-0.00328284,0.09885047,0.015283177,-0.015337875,0.01609839,-4.5879536,-0.48886025,-3.3874419
0.0,0.0,0.0,0.0,0.0,0.0,-1.0,0.62790143,0.2047984,0.11005837,0.5693237,0.23156925,0.34390187,0.57022154,0.23118475,0.34034318,-0.04764712,0.95921475,0.11568633,0.25348303,-1.18767,-0.30219424,1.5575131,-2.210693,0.54226124,2.684301,0.5632331,0.019657362,0.020923888,-0.0072832527,0.0018345517,-0.005844785,-0.0066391462,0.008083326,-0.03444666,-0.029750768,0.032531645,0.10223367,0.0,0.0,0.0,0.0,0.0,0.0,0.0,0.0,-1.1879867,-0.30211985,1.5576653,-2.2111702,0.5424524,2.6841743,0.5632565,0.019692043,0.020888994,-0.0039429218,-0.0004180195,-1.2831995e-05,-0.006939683,0.008276766,-0.035453428,-0.029648788,0.031677425,0.10307498,5.5879354e-09,2.3283064e-10,-3.7252903e-09,1.0,-1.489095e-10,-8.781334e-10,-8.472538e-11,0.0,0.0,0.0,0.0,0.0,0.0,0.62789917,0.2048033,0.11006087,0.999987,-0.002983358,0.004123538,0.00016632934,0.00044905895,7.5795746e-05,-0.00022509419,0.00015628924,0.0043647615,0.00012974215,0.56924653,0.23132046,0.3436078,0.9951144,0.0030434774,-0.0029688221,0.098637104,0.012950688,-0.009457824,0.0149587225,-4.5924587,-0.4851702,-3.3738894
0.0,0.0,0.0,0.0,0.0,0.0,-1.0,0.62789917,0.2048033,0.11006087,0.56924653,0.23132046,0.3436078,0.5701342,0.23096807,0.3400502,-0.047653645,0.95931995,0.11546135,0.2531854,-1.1879867,-0.30211985,1.5576653,-2.2111702,0.5424524,2.6841743,0.5632565,0.019692043,0.020888994,-0.0039429218,-0.0004180195,-1.2831995e-05,-0.006939683,0.008276766,-0.035453428,-0.029648788,0.031677425,0.10307498,0.0,0.0,0.0,0.0,0.0,0.0,0.0,0.0,-1.1881733,-0.3020947,1.5579048,-2.2116525,0.54264724,2.6840417,0.5632782,0.019707184,0.020873731,-0.0013050637,-0.0013803927,0.001725493,-0.006746586,0.0083029345,-0.035609543,-0.02963591,0.031280894,0.10344609,5.5879354e-09,2.3283064e-10,-3.7252903e-09,1.0,-1.489095e-10,-8.781334e-10,-8.472538e-11,0.0,0.0,0.0,0.0,0.0,0.0,0.6278973,0.20481022,0.11006242,0.99998695,-0.003010078,0.004116369,0.00016795627,0.0013871486,-0.0020104772,-0.0009962511,0.017271852,0.011232957,-0.0024144498,0.5691136,0.23121107,0.3432951,0.9951257,0.0030718937,-0.0026433438,0.09853056,0.011910384,-0.0065724244,0.014747126,-4.5957184,-0.48412058,-3.3654459
0.0,0.0,0.0,0.0,0.0,0.0,-1.0,0.6278973,0.20481022,0.11006242,0.5691136,0.23121107,0.3432951,0.5699954,0.2308723,0.33973765,-0.04766155,0.95941645,0.11534482,0.25287163,-1.1881733,-0.3020947,1.5579048,-2.2116525,0.54264724,2.6840417,0.5632782,0.019707184,0.020873731,-0.0013050637,-0.0013803927,0.001725493,-0.006746586,0.0083029345,-0.035609543,-0.02963591,0.031280894,0.10344609,0.0,0.0,0.0,0.0,0.0,0.0,0.0,0.0,-1.1882949,-0.30209196,1.5581828,-2.2121305,0.54284245,2.683907,0.56329936,0.019713609,0.020867283,2.6137568e-06,-0.0018362916,0.0024987801,-0.006634724,0.008310141,-0.035667155,-0.029634302,0.031108322,0.10360388,5.5879354e-09,2.3283064e-10,-3.7252903e-09,1.0,-1.489095e-10,-8.781334e-10,-8.472538e-11,0.0,0.0,0.0,0.0,0.0,0.0,0.62790143,0.20479843,0.110058375,0.9999871,-0.0029621958,0.00413263,0.0001656191,0.00025028596,-0.0005412471,-0.00018414942,0.005150958,0.0017967591,-0.00070455205,0.5689557,0.231169,0.34297767,0.99513197,0.0030888028,-0.0023147122,0.09847567,0.01142733,-0.00521156,0.014662543,-4.5982914,-0.48384282,-3.3597426
0.0,0.0,0.0,0.0,0.0,0.0,-1.0,0.62790143,0.20479843,0.11005838,0.5689557,0.231169,0.34297767,0.56983405,0.2308356,0.3394198,-0.047671147,0.9595074,0.11528075,0.252554,-1.1882949,-0.30209196,1.5581828,-2.2121305,0.54284245,2.683907,0.56329936,0.019713609,0.020867283,2.6137568e-06,-0.0018362916,0.0024987801,-0.006634724,0.008310141,-0.035667155,-0.029634302,0.031108322,0.10360388,0.0,0.0,0.0,0.0,0.0,0.0,0.0,0.0,-1.1883857,-0.3021,1.558479,-2.2126057,0.54303765,2.6837714,0.56332,0.019716254,0.020864617,0.00061647384,-0.0020492803,0.0028769984,-0.006576606,0.008315691,-0.03569141,-0.029636046,0.031044167,0.10366449,5.5879354e-09,2.3283064e-10,-3.7252903e-09,1.0,-1.489095e-10,-8.781334e-10,-8.472538e-11,0.0,0.0,0.0,0.0,0.0,0.0,0.62789917,0.20480327,0.11006087,0.99998707,-0.0029830085,0.0041235285,0.00016623674,0.00044852222,7.687602e-05,-0.00022275378,0.00013784651,0.004358905,0.00012735292,0.56878614,0.23115863,0.34265834,0.9951356,0.003100036,-0.001984812,0.09844526,0.011204561,-0.0045799236,0.014621436,-4.6006556,-0.48377842,-3.355411
0.0,0.0,0.0,0.0,0.0,0.0,-1.0,0.62789917,0.20480327,0.11006087,0.56878614,0.23115863,0.34265834,0.56966144,0.23082738,0.33910003,-0.047681242,0.95959544,0.11524215,0.2522345,-1.1883857,-0.3021,1.558479,-2.2126057,0.54303765,2.6837714,0.56332,0.019716254,0.020864617,0.00061647384,-0.0020492803,0.0028769984,-0.006576606,0.008315691,-0.03569141,-0.029636046,0.031044167,0.10366449,0.0,0.0,0.0,0.0,0.0,0.0,0.0,0.0,-1.1884612,-0.30211323,1.5587828,-2.2130795,0.54323256,2.6836357,0.56334037,0.019717326,0.020863537,0.0009112167,-0.0021566965,0.0030505925,-0.0065485816,0.008318742,-0.035703532,-0.029635645,0.031006204,0.103699744,5.5879354e-09,2.3283064e-10,-3.7252903e-09,1.0,-1.489095e-10,-8.781334e-10,-8.472538e-11,0.0,0.0,0.0,0.0,0.0,0.0,0.6278973,0.20481022,0.110062405,0.99998695,-0.0030099005,0.0041164593,0.0001679277,0.0013863677,-0.0020076798,-0.0009950172,0.017248163,0.011231103,-0.002411238,0.568611,0.23116276,0.34233847,0.99513805,0.00310835,-0.0016544148,0.09842681,0.011102469,-0.004276059,0.014599965,-4.6029396,-0.48374957,-3.351677
0.0,0.0,0.0,0.0,0.0,0.0,-1.0,0.6278973,0.20481022,0.110062405,0.568611,0.23116276,0.34233847,0.56948394,0.23083195,0.3387798,-0.047691584,0.95968217,0.11521515,0.25191486,-1.1884612,-0.30211323,1.5587828,-2.2130795,0.54323256,2.6836357,0.56334037,0.019717326,0.020863537,0.0009112167,-0.0021566965,0.0030505925,-0.0065485816,0.008318742,-0.035703532,-0.029635645,0.031006204,0.103699744,0.0,0.0,0.0,0.0,0.0,0.0,0.0,0.0,-1.1885297,-0.30212894,1.5590907,-2.2135522,0.54342735,2.6835,0.5633607,0.019717764,0.020863136,0.0010615685,-0.0022070464,0.0031241998,-0.006536233,0.008321258,-0.035710827,-0.029635685,0.030997338,0.103705704,5.5879354e-09,2.3283064e-10,-3.7252903e-09,1.0,-1.489095e-10,-8.781334e-10,-8.472538e-11,0.0,0.0,0.0,0.0,0.0,0.0,0.6279015,0.2047984,0.11005841,0.9999871,-0.0029620484,0.0041327523,0.00016564375,0.00024962754,-0.0005389458,-0.00018210089,0.005126218,0.001786905,-0.00070652785,0.5684335,0.23117363,0.34201849,0.9951398,0.003115099,-0.0013239038,0.09841346,0.011059508,-0.0041403635,0.014589026,-4.605107,-0.4838709,-3.3481905
0.0,0.0,0.0,0.0,0.0,0.0,-1.0,0.6279015,0.2047984,0.11005841,0.5684335,0.23117363,0.34201849,0.5693042,0.23084304,0.33845937,-0.047702163,0.9597682,0.115193814,0.2515951,-1.1885297,-0.30212894,1.5590907,-2.2135522,0.54342735,2.6835,0.5633607,0.019717764,0.020863136,0.0010615685,-0.0022070464,0.0031241998,-0.006536233,0.008321258,-0.035710827,-0.029635685,0.030997338,0.103705704,0.0,0.0,0.0,0.0,0.0,0.0,0.0,0.0,-1.188595,-0.30214596,1.5594008,-2.214025,0.5436222,2.6833644,0.56338084,0.01971791,0.020862978,0.0011231204,-0.0022326116,0.0031683934,-0.006525492,0.008323684,-0.0357136,-0.029637251,0.030988723,0.10371454,5.5879354e-09,2.3283064e-10,-3.7252903e-09,1.0,-1.489095e-10,-8.781334e-10,-8.472538e-11,0.0,0.0,0.0,0.0,0.0,0.0,0.6278977,0.2048031,0.110061534,0.999987,-0.0029815126,0.004117691,0.00016640531,0.00043875838,0.00028654333,-0.00027984485,-0.002161084,0.0043835803,0.0001476758,0.56825495,0.23118763,0.34169868,0.9951412,0.0031213192,-0.0009941604,0.09840276,0.011042198,-0.0040725516,0.014583027,-4.6072617,-0.48397854,-3.3449333
0.0,0.0,0.0,0.0,0.0,0.0,-1.0,0.6278977,0.2048031,0.11006154,0.56825495,0.23118763,0.34169868,0.5691227,0.2308573,0.33813867,-0.047712415,0.95985353,0.115175605,0.25127506,-1.188595,-0.30214596,1.5594008,-2.214025,0.5436222,2.6833644,0.56338084,0.01971791,0.020862978,0.0011231204,-0.0022326116,0.0031683934,-0.006525492,0.008323684,-0.0357136,-0.029637251,0.030988723,0.10371454,0.0,0.0,0.0,0.0,0.0,0.0,0.0,0.0,-1.1886585,-0.30216357,1.5597113,-2.2144978,0.5438169,2.683229,0.5634009,0.019717978,0.020862905,0.0011636567,-0.0022495743,0.0031767297,-0.0065216757,0.00832591,-0.035716195,-0.029638354,0.030977175,0.10372363,5.5879354e-09,2.3283064e-10,-3.7252903e-09,1.0,-1.489095e-10,-8.781334e-10,-8.472538e-11,0.0,0.0,0.0,0.0,0.0,0.0,0.6278973,0.20481023,0.11006242,0.99998695,-0.0030101044,0.0041163904,0.00016785313,0.0013877989,-0.00199839,-0.0009995891,0.017147869,0.01122851,-0.0024130573,0.56807524,0.23120314,0.3413785,0.99514246,0.0031270788,-0.00066413183,0.0983932,0.011036341,-0.004035149,0.01457876,-4.6093082,-0.48415455,-3.3417156
0.0,0.0,0.0,0.0,0.0,0.0,1.0,0.6278973,0.20481023,0.11006242,0.56807524,0.23120314,0.3413785,0.5689408,0.23087226,0.33781832,-0.047722608,0.959939,0.11515805,0.25095513,-1.1886585,-0.30216357,1.5597113,-2.2144978,0.5438169,2.683229,0.5634009,0.019717978,0.020862905,0.0011636567,-0.0022495743,0.0031767297,-0.0065216757,0.00832591,-0.035716195,-0.029638354,0.030977175,0.10372363,0.0,0.0,0.0,0.0,0.0,0.0,0.04,0.04,-1.1887027,-0.30218858,1.5599248,-2.2148015,0.5439248,2.683149,0.56340754,0.026527036,0.0278405,-0.0005616589,-0.0010858568,0.003479418,-6.077969e-05,-0.0001609709,-0.00030692603,-6.308027e-05,0.20002946,0.20003355,5.5879354e-09,2.3283064e-10,-3.7252903e-09,1.0,-1.489095e-10,-8.781334e-10,-8.472538e-11,0.0,0.0,0.0,0.0,0.0,0.0,0.6279015,0.2047984,0.11005837,0.99998707,-0.0029619932,0.004132736,0.0001656205,0.0002503981,-0.0005701885,-0.0001910186,0.0054201977,0.0018340624,-0.0006905548,0.56795686,0.23165634,0.3385924,0.9951779,-0.0047958307,0.0035228643,0.09790507,0.00029529387,0.007134226,-0.16299441,-0.96301025,0.0822847,-0.28312084
0.0,0.0,0.0,0.0,0.0,0.0,1.0,0.6279015,0.2047984,0.11005837,0.56795686,0.23165634,0.3385924,0.56882244,0.2308878,0.33761063,-0.047716767,0.95999146,0.11516327,0.25075254,-1.1887027,-0.30218858,1.5599248,-2.2148015,0.5439248,2.683149,0.56340754,0.026527036,0.0278405,-0.0005616589,-0.0010858568,0.003479418,-6.077969e-05,-0.0001609709,-0.00030692603,-6.308027e-05,0.20002946,0.20003355,0.0,0.0,0.0,0.0,0.0,0.0,0.04,0.04,-1.1886609,-0.3022069,1.5599573,-2.2148068,0.5439269,2.6831472,0.56340677,0.032726973,0.033613723,0.00085938413,-0.0003706322,0.0006014203,6.7319124e-05,-3.6253852e-05,-1.8720551e-05,9.752559e-06,0.14608823,0.12832485,5.5879354e-09,2.3283064e-10,-3.7252903e-09,1.0,-1.489095e-10,-8.781334e-10,-8.472538e-11,0.0,0.0,0.0,0.0,0.0,0.0,0.62789917,0.20480324,0.11006087,0.99998707,-0.0029831077,0.004123649,0.00016621154,0.00044921134,7.651147e-05,-0.00022260942,0.000141158,0.00436545,0.00012707885,0.56796676,0.23189414,0.32498425,0.9954178,-0.02059278,0.0064766537,0.0931527,0.00029529387,0.007134226,-0.48999444,-0.96140605,0.08214759,-0.28264922
0.0,0.0,0.0,0.0,0.0,0.0,1.0,0.62789917,0.20480324,0.11006087,0.56796676,0.23189414,0.32498425,0.5688042,0.23092788,0.33760187,-0.047715835,0.959989,0.115199745,0.2507456,-1.1886609,-0.3022069,1.5599573,-2.2148068,0.5439269,2.6831472,0.56340677,0.032726973,0.033613723,0.00085938413,-0.0003706322,0.0006014203,6.7319124e-05,-3.6253852e-05,-1.8720551e-05,9.752559e-06,0.14608823,0.12832485,0.0,0.0,0.0,0.0,0.0,0.0,0.04,0.04,-1.1886404,-0.30221528,1.5599691,-2.2148068,0.543926,2.6831472,0.56340677,0.03625083,0.036708724,0.00037490978,-0.00015803336,0.00023313111,2.8318427e-05,-1.5110297e-05,-4.861264e-06,6.5613285e-06,0.075307325,0.06613389,5.5879354e-09,2.3283064e-10,-3.7252903e-09,1.0,-1.489095e-10,-8.781334e-10,-8.472538e-11,0.0,0.0,0.0,0.0,0.0,0.0,0.6278973,0.20481019,0.110062405,0.999987,-0.0030099347,0.0041163936,0.00016785171,0.0013838724,-0.0020020274,-0.0009945832,0.017195407,0.011203908,-0.0024070647,0.56797665,0.23213193,0.3004761,0.9953782,-0.036358546,0.009423876,0.08838187,0.00029529387,0.007134226,-0.8169945,-0.95980453,0.08201075,-0.28217837
0.0,0.0,0.0,0.0,0.0,0.0,1.0,0.6278973,0.20481019,0.110062405,0.56797665,0.23213193,0.3004761,0.5687968,0.23094606,0.3375996,-0.04771512,0.95998734,0.11521655,0.25074416,-1.1886404,-0.30221528,1.5599691,-2.2148068,0.543926,2.6831472,0.56340677,0.03625083,0.036708724,0.00037490978,-0.00015803336,0.00023313111,2.8318427e-05,-1.5110297e-05,-4.861264e-06,6.5613285e-06,0.075307325,0.06613389,0.0,0.0,0.0,0.0,0.0,0.0,0.04,0.04,-1.1886319,-0.30221885,1.559974,-2.2148068,0.543926,2.6831472,0.56340677,0.038067345,0.038303778,0.00015569657,-6.775589e-05,9.202122e-05,1.2303483e-05,-9.45018e-06,-2.8439763e-06,1.7006228e-06,0.038820334,0.034083214,5.5879354e-09,2.3283064e-10,-3.7252903e-09,1.0,-1.489095e-10,-8.781334e-10,-8.472538e-11,0.0,0.0,0.0,0.0,0.0,0.0,0.6279015,0.20479839,0.11005836,0.9999871,-0.002961968,0.0041327477,0.00016556116,0.00024973895,-0.0005804877,-0.00019144369,0.0055057765,0.0018457251,-0.00068518665,0.56798655,0.23236972,0.26506796,0.99506074,-0.052088756,0.012363718,0.083594054,0.00029529387,0.007134226,-1.1439946,-0.9582055,0.08187416,-0.28170827
0.0,0.0,0.0,0.0,0.0,0.0,1.0,0.6279015,0.20479839,0.11005837,0.56798655,0.23236972,0.26506796,0.56879383,0.23095341,0.33759856,-0.047715068,0.9599867,0.11522317,0.2507435,-1.1886319,-0.30221885,1.559974,-2.2148068,0.543926,2.6831472,0.56340677,0.038067345,0.038303778,0.00015569657,-6.775589e-05,9.202122e-05,1.2303483e-05,-9.45018e-06,-2.8439763e-06,1.7006228e-06,0.038820334,0.034083214,0.0,0.0,0.0,0.0,0.0,0.0,0.04,0.04,-1.1886281,-0.30222028,1.5599759,-2.2148068,0.543926,2.6831472,0.56340677,0.03900375,0.03912582,6.527141e-05,-2.7018847e-05,3.3529443e-05,3.8129542e-06,-3.5351186e-06,-1.1074997e-06,1.2224583e-06,0.020011358,0.0175654,5.5879354e-09,2.3283064e-10,-3.7252903e-09,1.0,-1.489095e-10,-8.781334e-10,-8.472538e-11,0.0,0.0,0.0,0.0,0.0,0.0,0.6278991,0.20480333,0.110060886,0.99998695,-0.002983578,0.004123387,0.0001662376,0.00045047546,7.608015e-05,-0.00022197333,0.00014515435,0.0043781507,0.0001263805,0.56799644,0.23260751,0.2187598,0.9944668,-0.06777625,0.015294844,0.07879153,0.00029529387,0.007134226,-1.4709947,-0.9566092,0.08173775,-0.281239
0.0,0.0,0.0,0.0,0.0,0.0,1.0,0.6278991,0.20480333,0.110060886,0.56799644,0.23260751,0.2187598,0.56879264,0.23095647,0.3375984,-0.04771498,0.95998645,0.11522597,0.2507434,-1.1886281,-0.30222028,1.5599759,-2.2148068,0.543926,2.6831472,0.56340677,0.03900375,0.03912582,6.527141e-05,-2.7018847e-05,3.3529443e-05,3.8129542e-06,-3.5351186e-06,-1.1074997e-06,1.2224583e-06,0.020011358,0.0175654,0.0,0.0,0.0,0.0,0.0,0.0,0.04,0.04,-1.1886276,-0.302221,1.5599759,-2.2148068,0.543926,2.6831472,0.56340677,0.039486438,0.03954948,2.3025048e-05,-1.1090407e-05,1.51315e-05,1.8707549e-06,-1.922443e-06,-2.0311074e-06,1.347782e-06,0.010315545,0.009052534,5.5879354e-09,2.3283064e-10,-3.7252903e-09,1.0,-1.489095e-10,-8.781334e-10,-8.472538e-11,0.0,0.0,0.0,0.0,0.0,0.0,0.6278973,0.20481022,0.11006244,0.999987,-0.0030101882,0.004116393,0.00016795055,0.0013863683,-0.0020054327,-0.0009959309,0.017224275,0.011226915,-0.0024112745,0.56800634,0.2328453,0.16155162,0.99359787,-0.08342239,0.018217517,0.073974065,0.00029529387,0.007134226,-1.7979949,-0.955016,0.081601575,-0.28077054
0.0,0.0,0.0,0.0,0.0,0.0,1.0,0.6278973,0.20481022,0.11006245,0.56800634,0.2328453,0.16155162,0.56879234,0.230957,0.33759844,-0.047714762,0.9599863,0.11522651,0.25074345,-1.1886276,-0.302221,1.5599759,-2.2148068,0.543926,2.6831472,0.56340677,0.039486438,0.03954948,2.3025048e-05,-1.1090407e-05,1.51315e-05,1.8707549e-06,-1.922443e-06,-2.0311074e-06,1.347782e-06,0.010315545,0.009052534,0.0,0.0,0.0,0.0,0.0,0.0,0.04,0.04,-1.1886276,-0.302221,1.5599759,-2.2148068,0.543926,2.6831472,0.56340677,0.039735265,0.03976782,8.682295e-06,-4.6067594e-06,5.7183083e-06,9.885111e-08,-5.064062e-07,1.2561221e-06,9.728017e-07,0.0053176754,0.0046653245,5.5879354e-09,2.3283064e-10,-3.7252903e-09,1.0,-1.489095e-10,-8.781334e-10,-8.472538e-11,0.0,0.0,0.0,0.0,0.0,0.0,0.62790143,0.2047984,0.1100583,0.99998707,-0.0029620465,0.0041327127,0.00016576148,0.0002504952,-0.0005888042,-0.00019806891,0.0055883583,0.0018688478,-0.0006778442,0.56801623,0.2330831,0.093443446,0.99245554,-0.09901731,0.021129891,0.06914479,0.00029529387,0.007134226,-2.124995,-0.95342493,0.08146564,-0.28030282
0.0,0.0,0.0,0.0,0.0,0.0,1.0,0.62790143,0.2047984,0.11005831,0.56801623,0.2330831,0.09344345,0.56879234,0.230957,0.33759844,-0.047714762,0.9599863,0.11522651,0.25074345,-1.1886276,-0.302221,1.5599759,-2.2148068,0.543926,2.6831472,0.56340677,0.039735265,0.03976782,8.682295e-06,-4.6067594e-06,5.7183083e-06,9.885111e-08,-5.064062e-07,1.2561221e-06,9.728017e-07,0.0053176754,0.0046653245,0.0,0.0,0.0,0.0,0.0,0.0,0.04,0.04,-1.1886276,-0.302221,1.5599759,-2.2148068,0.543926,2.6831472,0.56340677,0.039863545,0.039880328,2.5938025e-06,-1.7998261e-06,2.3105138e-06,-8.236743e-08,3.8427196e-08,1.201299e-06,7.717171e-07,0.0027411229,0.0024043429,5.5879354e-09,2.3283064e-10,-3.7252903e-09,1.0,-1.489095e-10,-8.781334e-10,-8.472538e-11,0.0,0.0,0.0,0.0,0.0,0.0,0.6278991,0.20480326,0.11006086,0.9999871,-0.0029831715,0.00412331,0.00016630598,0.00044959408,7.525564e-05,-0.0002230667,0.00015487162,0.0043693203,0.00012685332,0.5680261,0.23332089,0.014435269,0.99104154,-0.11455964,0.024031715,0.0643043,0.00029529387,0.007134226,-2.4519951,-0.9518365,0.081329904,-0.27983582
0.0,0.0,0.0,0.0,0.0,0.0,1.0,0.6278991,0.20480326,0.11006087,0.5680261,0.23332089,0.014435272,0.56879234,0.230957,0.33759844,-0.047714762,0.9599863,0.11522651,0.25074345,-1.1886276,-0.302221,1.5599759,-2.2148068,0.543926,2.6831472,0.56340677,0.039863545,0.039880328,2.5938025e-06,-1.7998261e-06,2.3105138e-06,-8.236743e-08,3.8427196e-08,1.201299e-06,7.717171e-07,0.0027411229,0.0024043429,0.0,0.0,0.0,0.0,0.0,0.0,0.04,0.04,-1.1886276,-0.302221,1.5599759,-2.2148068,0.543926,2.6831472,0.56340677,0.039929654,0.039938327,3.091335e-07,-6.5544845e-07,1.0277515e-06,-9.827626e-08,3.0030054e-07,1.1623207e-06,6.657031e-07,0.0014129268,0.001239166,5.5879354e-09,2.3283064e-10,-3.7252903e-09,1.0,-1.489095e-10,-8.781334e-10,-8.472538e-11,0.0,0.0,0.0,0.0,0.0,0.0,0.6283762,0.20457527,0.11015091,0.99998313,-0.0028515386,0.004983131,-0.0009347994,-0.07058887,0.04852915,-0.040332414,-0.3401175,-0.33393756,0.18215738,0.5686708,0.23077728,0.033249274,0.9980886,-0.002946938,0.005967624,0.06143996,0.062473483,-0.11654806,-0.062668346,0.30295372,-0.866103,-0.30373308
0.0,0.0,0.0,0.0,0.0,0.0,1.0,0.6283762,0.20457527,0.11015092,0.5686708,0.23077728,0.033249278,0.56879234,0.230957,0.33759844,-0.047714762,0.9599863,0.11522651,0.25074345,-1.1886276,-0.302221,1.5599759,-2.2148068,0.543926,2.6831472,0.56340677,0.039929654,0.039938327,3.091335e-07,-6.5544845e-07,1.0277515e-06,-9.827626e-08,3.0030054e-07,1.1623207e-06,6.657031e-07,0.0014129268,0.001239166,0.0,0.0,0.0,0.0,0.0,0.0,0.04,0.04,-1.1886276,-0.302221,1.5599759,-2.2148068,0.543926,2.6831472,0.56340677,0.039963745,0.03996822,-4.6731148e-07,-2.0980706e-07,5.9254455e-07,-7.6716915e-08,4.2738301e-07,1.136473e-06,6.0996604e-07,0.0007283033,0.0006386049,5.5879354e-09,2.3283064e-10,-3.7252903e-09,1.0,-1.489095e-10,-8.781334e-10,-8.472538e-11,0.0,0.0,0.0,0.0,0.0,0.0,0.62821144,0.20457268,0.110096976,0.9999865,-0.0028150685,0.0042542443,-0.00095319044,-0.0015259963,0.013862761,-0.0052592326,-0.13371745,-0.019663105,0.025575615,0.56872356,0.23037907,0.033138175,0.998125,-0.0032463758,0.004190341,0.060977936,0.0257742,-0.00021437835,-0.01996033,-0.25779703,0.3700089,0.031618774
0.0,0.0,0.0,0.0,0.0,0.0,1.0,0.62821144,0.20457268,0.110096976,0.56872356,0.23037907,0.03313818,0.56879234,0.230957,0.33759844,-0.047714762,0.9599863,0.11522651,0.25074345,-1.1886276,-0.302221,1.5599759,-2.2148068,0.543926,2.6831472,0.56340677,0.039963745,0.03996822,-4.6731148e-07,-2.0980706e-07,5.9254455e-07,-7.6716915e-08,4.2738301e-07,1.136473e-06,6.0996604e-07,0.0007283033,0.0006386049,0.0,0.0,0.0,0.0,0.0,0.0,0.04,0.04,-1.1886276,-0.302221,1.5599759,-2.2148068,0.543926,2.6831472,0.56340677,0.039981302,0.039983615,-6.7817103e-07,-4.789396e-08,4.7506234e-07,-5.1875013e-08,4.8930895e-07,1.1203583e-06,5.8069185e-07,0.00037543493,0.0003291898,5.5879354e-09,2.3283064e-10,-3.7252903e-09,1.0,-1.489095e-10,-8.781334e-10,-8.472538e-11,0.0,0.0,0.0,0.0,0.0,0.0,0.6281873,0.2045654,0.110046804,0.99998695,-0.0028295857,0.004135427,-0.00095901394,-0.013480948,0.014632987,-0.0052391724,-0.12975265,-0.12609418,0.034128893,0.56878984,0.23030756,0.032988418,0.9981266,-0.00253873,0.004369185,0.060971897,0.01325466,-0.01918164,-0.030098055,0.11580428,0.033880286,-0.017176786
0.0,0.0,0.0,0.0,0.0,0.0,1.0,0.6281873,0.2045654,0.110046804,0.56878984,0.23030756,0.03298842,0.56879234,0.230957,0.33759844,-0.047714762,0.9599863,0.11522651,0.25074345,-1.1886276,-0.302221,1.5599759,-2.2148068,0.543926,2.6831472,0.56340677,0.039981302,0.039983615,-6.7817103e-07,-4.789396e-08,4.7506234e-07,-5.1875013e-08,4.8930895e-07,1.1203583e-06,5.8069185e-07,0.00037543493,0.0003291898,0.0,0.0,0.0,0.0,0.0,0.0,0.04,0.04,-1.1886276,-0.302221,1.5599759,-2.2148068,0.543926,2.6831472,0.56340677,0.039990366,0.03999155,-6.9739457e-07,3.3798366e-09,4.650289e-07,-3.266848e-08,5.1953316e-07,1.1107309e-06,5.6534896e-07,0.00019351984,0.00016969958,5.5879354e-09,2.3283064e-10,-3.7252903e-09,1.0,-1.489095e-10,-8.781334e-10,-8.472538e-11,0.0,0.0,0.0,0.0,0.0,0.0,0.62818193,0.20454508,0.11004699,0.9999873,-0.002755341,0.0041105496,-0.00097144395,-0.011562334,0.02394142,-0.009426981,-0.19488522,-0.10354105,0.044633243,0.5687733,0.23030587,0.03298971,0.99813205,-0.0025133663,0.0042622485,0.06089137,0.016721524,-0.008055105,-0.03455362,-0.015521073,0.053224277,0.0939055
0.0,0.0,0.0,0.0,0.0,0.0,1.0,0.62818193,0.20454508,0.110047,0.5687733,0.23030587,0.032989714,0.56879234,0.230957,0.33759844,-0.047714762,0.9599863,0.11522651,0.25074345,-1.1886276,-0.302221,1.5599759,-2.2148068,0.543926,2.6831472,0.56340677,0.039990366,0.03999155,-6.9739457e-07,3.3798366e-09,4.650289e-07,-3.266848e-08,5.1953316e-07,1.1107309e-06,5.6534896e-07,0.00019351984,0.00016969958,0.0,0.0,0.0,0.0,0.0,0.0,0.04,0.04,-1.1886276,-0.302221,1.5599759,-2.2148068,0.543926,2.6831472,0.56340677,0.039995033,0.039995644,-6.645021e-07,1.45657415e-08,4.838928e-07,-1.9558138e-08,5.3414414e-07,1.1051989e-06,5.573896e-07,9.971496e-05,8.7428634e-05,5.5879354e-09,2.3283064e-10,-3.7252903e-09,1.0,-1.489095e-10,-8.781334e-10,-8.472538e-11,0.0,0.0,0.0,0.0,0.0,0.0,0.6281796,0.2045569,0.11004737,0.9999871,-0.0027950779,0.0041041505,-0.00096672866,-0.010923389,0.021888545,-0.008427786,-0.18776128,-0.10236172,0.038608957,0.5687728,0.23031873,0.032986358,0.99813056,-0.0025762648,0.0042706593,0.06091315,0.017990917,-0.010725353,-0.034008723,-0.031685803,0.051345006,0.07968162
0.0,0.0,0.0,0.0,0.0,0.0,1.0,0.6281796,0.2045569,0.11004737,0.5687728,0.23031873,0.03298636,0.56879234,0.230957,0.33759844,-0.047714762,0.9599863,0.11522651,0.25074345,-1.1886276,-0.302221,1.5599759,-2.2148068,0.543926,2.6831472,0.56340677,0.039995033,0.039995644,-6.645021e-07,1.45657415e-08,4.838928e-07,-1.9558138e-08,5.3414414e-07,1.1051989e-06,5.573896e-07,9.971496e-05,8.7428634e-05,0.0,0.0,0.0,0.0,0.0,0.0,0.04,0.04,-1.1886276,-0.302221,1.5599759,-2.2148068,0.543926,2.6831472,0.56340677,0.03999744,0.03999776,-6.2771767e-07,1.3116106e-08,5.048671e-07,-1.1449708e-08,5.41346e-07,1.1020352e-06,5.532105e-07,5.1415656e-05,4.5084624e-05,5.5879354e-09,2.3283064e-10,-3.7252903e-09,1.0,-1.489095e-10,-8.781334e-10,-8.472538e-11,0.0,0.0,0.0,0.0,0.0,0.0,0.6281712,0.20454967,0.11004942,0.99998736,-0.0027583027,0.0040829396,-0.0009614556,-0.010909623,0.025674917,-0.010032055,-0.21106783,-0.10968069,0.04166359,0.56874466,0.23032635,0.032992005,0.998133,-0.0026051637,0.004168751,0.060879413,0.013490464,-0.0060988734,-0.033603944,-0.15683937,-0.12960768,0.15143873
