actions_0,actions_1,actions_2,actions_3,actions_4,actions_5,actions_6,obs_box_pos_0,obs_box_pos_1,obs_box_pos_2,obs_cube_pos_0,obs_cube_pos_1,obs_cube_pos_2,obs_eef_pos_0,obs_eef_pos_1,obs_eef_pos_2,obs_eef_quat_0,obs_eef_quat_1,obs_eef_quat_2,obs_eef_quat_3,obs_joint_pos_0,obs_joint_pos_1,obs_joint_pos_2,obs_joint_pos_3,obs_joint_pos_4,obs_joint_pos_5,obs_joint_pos_6,obs_joint_pos_7,obs_joint_pos_8,obs_joint_vel_0,obs_joint_vel_1,obs_joint_vel_2,obs_joint_vel_3,obs_joint_vel_4,obs_joint_vel_5,obs_joint_vel_6,obs_joint_vel_7,obs_joint_vel_8,processed_actions_0,processed_actions_1,processed_actions_2,processed_actions_3,processed_actions_4,processed_actions_5,processed_actions_6,processed_actions_7,states_articulation_robot_joint_position_0,states_articulation_robot_joint_position_1,states_articulation_robot_joint_position_2,states_articulation_robot_joint_position_3,states_articulation_robot_joint_position_4,states_articulation_robot_joint_position_5,states_articulation_robot_joint_position_6,states_articulation_robot_joint_position_7,states_articulation_robot_joint_position_8,states_articulation_robot_joint_velocity_0,states_articulation_robot_joint_velocity_1,states_articulation_robot_joint_velocity_2,states_articulation_robot_joint_velocity_3,states_articulation_robot_joint_velocity_4,states_articulation_robot_joint_velocity_5,states_articulation_robot_joint_velocity_6,states_articulation_robot_joint_velocity_7,states_articulation_robot_joint_velocity_8,states_articulation_robot_root_pose_0,states_articulation_robot_root_pose_1,states_articulation_robot_root_pose_2,states_articulation_robot_root_pose_3,states_articulation_robot_root_pose_4,states_articulation_robot_root_pose_5,states_articulation_robot_root_pose_6,states_articulation_robot_root_velocity_0,states_articulation_robot_root_velocity_1,states_articulation_robot_root_velocity_2,states_articulation_robot_root_velocity_3,states_articulation_robot_root_velocity_4,states_articulation_robot_root_velocity_5,states_rigid_object_box_root_pose_0,states_rigid_object_box_root_pose_1,states_rigid_object_box_root_pose_2,states_rigid_object_box_root_pose_3,states_rigid_object_box_root_pose_4,states_rigid_object_box_root_pose_5,states_rigid_object_box_root_pose_6,states_rigid_object_box_root_velocity_0,states_rigid_object_box_root_velocity_1,states_rigid_object_box_root_velocity_2,states_rigid_object_box_root_velocity_3,states_rigid_object_box_root_velocity_4,states_rigid_object_box_root_velocity_5,states_rigid_object_object_root_pose_0,states_rigid_object_object_root_pose_1,states_rigid_object_object_root_pose_2,states_rigid_object_object_root_pose_3,states_rigid_object_object_root_pose_4,states_rigid_object_object_root_pose_5,states_rigid_object_object_root_pose_6,states_rigid_object_object_root_velocity_0,states_rigid_object_object_root_velocity_1,states_rigid_object_object_root_velocity_2,states_rigid_object_object_root_velocity_3,states_rigid_object_object_root_velocity_4,states_rigid_object_object_root_velocity_5
0.0,0.0,0.0,0.0,0.0,0.0,1.0,0.6082307,0.185891,0.055,0.41381982,0.051959682,0.055,0.46333355,5.1339157e-08,0.38548768,0.008603483,0.9216111,0.02046284,0.38747975,0.0,-0.569,0.0,-2.81,0.0,3.037,0.741,0.04,0.04,0.0,0.0,0.0,0.0,0.0,0.0,0.0,0.0,0.0,0.0,0.0,0.0,0.0,0.0,0.0,0.04,0.04,-1.1094161e-08,-0.569,1.3151098e-08,-2.81,4.0976356e-09,3.037,0.741,0.04,0.04,-3.2085774e-07,2.55938e-07,4.4247764e-07,2.2049193e-08,1.2529897e-07,2.817277e-09,5.485527e-07,-7.772542e-13,-1.4668725e-10,5.5879354e-09,2.3283064e-10,-3.7252903e-09,1.0,-1.489095e-10,-8.781334e-10,-8.472538e-11,0.0,0.0,0.0,0.0,0.0,0.0,0.6088831,0.18607707,0.110115066,0.99998605,-0.0026745114,0.004558491,0.00016330008,-0.0032864858,-0.0025673944,0.0013755847,0.024788903,-0.029954426,-0.011242688,0.41381982,0.051959682,0.046825,1.0,0.0,0.0,0.0,0.0,0.0,-0.32700002,0.0,0.0,0.0
0.0,0.0,0.0,0.0,0.0,0.0,1.0,0.6088831,0.18607707,0.110115066,0.41381982,0.051959682,0.046825003,0.46333355,4.734474e-08,0.38548768,0.008603483,0.9216111,0.02046284,0.38747975,-1.1094161e-08,-0.569,1.3151098e-08,-2.81,4.0976356e-09,3.037,0.741,0.04,0.04,-3.2085774e-07,2.55938e-07,4.4247764e-07,2.2049193e-08,1.2529897e-07,2.817277e-09,5.485527e-07,-7.772542e-13,-1.4668725e-10,0.0,0.0,0.0,0.0,0.0,0.0,0.04,0.04,-2.0774422e-08,-0.569,2.6681276e-08,-2.81,8.413629e-09,3.037,0.741,0.04,0.04,-2.8068462e-07,2.7851033e-07,3.900596e-07,2.0944573e-09,1.2684235e-07,9.117849e-11,5.485939e-07,-1.2774001e-12,1.443539e-14,5.5879354e-09,2.3283064e-10,-3.7252903e-09,1.0,-1.489095e-10,-8.781334e-10,-8.472538e-11,0.0,0.0,0.0,0.0,0.0,0.0,0.6087821,0.18615508,0.11006209,0.999987,-0.0030065142,0.0041203354,0.00016672086,0.000935822,-0.0024041564,-0.0006766202,0.02163877,0.0074410522,-0.0021129842,0.41381982,0.051959682,0.027749997,1.0,0.0,0.0,0.0,0.0,0.0,-0.65400004,0.0,0.0,0.0
0.0,0.0,0.0,0.0,0.0,0.0,1.0,0.6087821,0.18615508,0.11006209,0.41381982,0.051959682,0.02775,0.46333355,4.734474e-08,0.38548768,0.008603483,0.9216111,0.02046284,0.38747975,-2.0774422e-08,-0.569,2.6681276e-08,-2.81,8.413629e-09,3.037,0.741,0.04,0.04,-2.8068462e-07,2.7851033e-07,3.900596e-07,2.0944573e-09,1.2684235e-07,9.117849e-11,5.485939e-07,-1.2774001e-12,1.443539e-14,0.0,0.0,0.0,0.0,0.0,0.0,0.04,0.04,-3.0564937e-08,-0.569,4.00586e-08,-2.81,1.2787771e-08,3.037,0.741,0.04,0.04,-2.8205645e-07,2.820746e-07,3.8906447e-07,-7.285975e-10,1.2741637e-07,-3.1591357e-10,5.486028e-07,4.7535587e-13,-4.76974e-14,5.5879354e-09,2.3283064e-10,-3.7252903e-09,1.0,-1.489095e-10,-8.781334e-10,-8.472538e-11,0.0,0.0,0.0,0.0,0.0,0.0,0.6087853,0.1861442,0.11005831,0.9999871,-0.0029616274,0.004132772,0.00016528394,0.00024590222,-0.0005807028,-0.00019842811,0.0055205566,0.0018247209,-0.0006717803,0.41382393,0.05195319,0.02099997,1.0,-1.992265e-06,-9.426495e-07,-2.0339169e-06,-4.0194177e-06,9.21296e-06,-1.9095396e-05,-0.0012769826,-0.00015989497,-5.0710056e-05
0.0,0.0,0.0,0.0,0.0,0.0,1.0,0.6087853,0.1861442,0.11005831,0.41382393,0.05195319,0.020999974,0.46333355,4.734474e-08,0.38548768,0.008603483,0.9216111,0.02046284,0.38747975,-3.0564937e-08,-0.569,4.00586e-08,-2.81,1.2787771e-08,3.037,0.741,0.04,0.04,-2.8205645e-07,2.820746e-07,3.8906447e-07,-7.285975e-10,1.2741637e-07,-3.1591357e-10,5.486028e-07,4.7535587e-13,-4.76974e-14,0.0,0.0,0.0,0.0,0.0,0.0,0.04,0.04,-4.037404e-08,-0.569,5.3422553e-08,-2.81,1.7170192e-08,3.037,0.741,0.04,0.04,-2.8222178e-07,2.8262485e-07,3.8894717e-07,-1.1681549e-09,1.274992e-07,-3.7920161e-10,5.4860453e-07,3.5679596e-14,-2.3198059e-13,5.5879354e-09,2.3283064e-10,-3.7252903e-09,1.0,-1.489095e-10,-8.781334e-10,-8.472538e-11,0.0,0.0,0.0,0.0,0.0,0.0,0.60878295,0.18614912,0.11006084,0.9999871,-0.002983125,0.004123243,0.00016591715,0.00045045483,7.526466e-05,-0.00021939077,0.00014385788,0.004377015,0.00012271998,0.41382277,0.051954534,0.020999985,1.0,-1.3081455e-05,-8.787533e-06,-2.185127e-06,0.000107024396,6.648498e-05,-0.00021399888,-0.007131966,0.0009083038,1.3195284e-05
0.0,0.0,0.0,0.0,0.0,0.0,1.0,0.60878295,0.18614912,0.11006084,0.41382277,0.051954534,0.020999989,0.46333355,4.734474e-08,0.38548768,0.008603483,0.9216111,0.02046284,0.38747975,-4.037404e-08,-0.569,5.3422553e-08,-2.81,1.7170192e-08,3.037,0.741,0.04,0.04,-2.8222178e-07,2.8262485e-07,3.8894717e-07,-1.1681549e-09,1.274992e-07,-3.7920161e-10,5.4860453e-07,3.5679596e-14,-2.3198059e-13,0.0,0.0,0.0,0.0,0.0,0.0,0.04,0.04,-5.0185403e-08,-0.569,6.678491e-08,-2.81,2.1553818e-08,3.037,0.741,0.04,0.04,-2.8224198e-07,2.8271003e-07,3.8893322e-07,-1.2368611e-09,1.2751141e-07,-3.8909043e-10,5.4860465e-07,-5.521387e-14,-2.9233284e-13,5.5879354e-09,2.3283064e-10,-3.7252903e-09,1.0,-1.489095e-10,-8.781334e-10,-8.472538e-11,0.0,0.0,0.0,0.0,0.0,0.0,0.60878205,0.18615581,0.11006202,0.99998707,-0.0030093223,0.0041201133,0.00016712549,0.00079642865,-0.002339671,-0.0006946415,0.020599836,0.0060228435,-0.0021860786,0.4138228,0.051954497,0.02099996,1.0,-1.271967e-05,-8.981256e-06,-2.2485485e-06,0.00010494062,6.2721876e-05,-0.0002117944,-0.0070000794,0.00086905115,1.7120645e-05
0.0,0.0,0.0,0.0,0.0,0.0,1.0,0.60878205,0.18615581,0.11006202,0.4138228,0.051954497,0.020999964,0.46333355,4.734474e-08,0.38548768,0.008603483,0.9216111,0.02046284,0.38747975,-5.0185403e-08,-0.569,6.678491e-08,-2.81,2.1553818e-08,3.037,0.741,0.04,0.04,-2.8224198e-07,2.8271003e-07,3.8893322e-07,-1.2368611e-09,1.2751141e-07,-3.8909043e-10,5.4860465e-07,-5.521387e-14,-2.9233284e-13,0.0,0.0,0.0,0.0,0.0,0.0,0.04,0.04,-5.999703e-08,-0.569,8.0147124e-08,-2.81,2.5937622e-08,3.037,0.741,0.04,0.04,-2.8224446e-07,2.8272325e-07,3.8893165e-07,-1.2476049e-09,1.2751327e-07,-3.9051373e-10,5.4860476e-07,-4.5026998e-14,-7.9872453e-13,5.5879354e-09,2.3283064e-10,-3.7252903e-09,1.0,-1.489095e-10,-8.781334e-10,-8.472538e-11,0.0,0.0,0.0,0.0,0.0,0.0,0.6087852,0.18614456,0.11005841,0.99998707,-0.002963021,0.004132584,0.00016523867,0.00028651505,-0.0005374837,-0.00013845155,0.004910621,0.0020634842,-0.00083747064,0.4138228,0.051954504,0.020999948,1.0,-1.2402906e-05,-8.366838e-06,-1.9973218e-06,0.00010876261,6.0804952e-05,-0.00021304308,-0.0069767903,0.00095863215,1.6102103e-05
0.0,0.0,0.0,0.0,0.0,0.0,1.0,0.6087852,0.18614456,0.11005841,0.4138228,0.051954504,0.020999951,0.46333355,4.734474e-08,0.38548768,0.008603483,0.9216111,0.02046284,0.38747975,-5.999703e-08,-0.569,8.0147124e-08,-2.81,2.5937622e-08,3.037,0.741,0.04,0.04,-2.8224446e-07,2.8272325e-07,3.8893165e-07,-1.2476049e-09,1.2751327e-07,-3.9051373e-10,5.4860476e-07,-4.5026998e-14,-7.9872453e-13,0.0,0.0,0.0,0.0,0.0,0.0,0.04,0.04,-6.98087e-08,-0.569,9.350932e-08,-2.81,3.0321456e-08,3.037,0.741,0.04,0.04,-2.8224486e-07,2.827253e-07,3.8893145e-07,-1.2493087e-09,1.275135e-07,-3.9071052e-10,5.4860476e-07,-2.8350637e-14,-9.404593e-13,5.5879354e-09,2.3283064e-10,-3.7252903e-09,1.0,-1.489095e-10,-8.781334e-10,-8.472538e-11,0.0,0.0,0.0,0.0,0.0,0.0,0.60878295,0.18614914,0.110060796,0.99998707,-0.0029832914,0.004123334,0.0001658396,0.0004486442,7.625413e-05,-0.00021826015,0.00012870556,0.0043587987,0.00012165753,0.4138228,0.05195451,0.020999996,1.0,-1.2516501e-05,-8.379735e-06,-2.0317902e-06,0.00010578409,6.2344465e-05,-0.00021260788,-0.0069905804,0.00090482004,1.7290902e-05
0.0,0.0,0.0,0.0,0.0,0.0,1.0,0.60878295,0.18614914,0.110060796,0.4138228,0.05195451,0.021,0.46333355,4.734474e-08,0.38548768,0.008603483,0.9216111,0.02046284,0.38747975,-6.98087e-08,-0.569,9.350932e-08,-2.81,3.0321456e-08,3.037,0.741,0.04,0.04,-2.8224486e-07,2.827253e-07,3.8893145e-07,-1.2493087e-09,1.275135e-07,-3.9071052e-10,5.4860476e-07,-2.8350637e-14,-9.404593e-13,0.0,0.0,0.0,0.0,0.0,0.0,0.04,0.04,-7.962037e-08,-0.569,1.0687151e-07,-2.81,3.4705298e-08,3.037,0.741,0.04,0.04,-2.822448e-07,2.827256e-07,3.889313e-07,-1.2495673e-09,1.2751357e-07,-3.9074918e-10,5.4860476e-07,-4.1362713e-14,-9.734438e-13,5.5879354e-09,2.3283064e-10,-3.7252903e-09,1.0,-1.489095e-10,-8.781334e-10,-8.472538e-11,0.0,0.0,0.0,0.0,0.0,0.0,0.6087821,0.18615583,0.11006203,0.999987,-0.0030096502,0.004120216,0.00016710916,0.0007953309,-0.0023349945,-0.0006945549,0.020553457,0.0060122292,-0.0021837594,0.4138228,0.05195451,0.020999933,0.99999994,-1.2919361e-05,-8.594443e-06,-2.004368e-06,0.000105574494,6.312645e-05,-0.00021180857,-0.0070080166,0.000883866,1.6059117e-05
0.0,0.0,0.0,0.0,0.0,0.0,1.0,0.6087821,0.18615583,0.11006203,0.4138228,0.05195451,0.020999936,0.46333355,4.734474e-08,0.38548768,0.008603483,0.9216111,0.02046284,0.38747975,-7.962037e-08,-0.569,1.0687151e-07,-2.81,3.4705298e-08,3.037,0.741,0.04,0.04,-2.822448e-07,2.827256e-07,3.889313e-07,-1.2495673e-09,1.2751357e-07,-3.9074918e-10,5.4860476e-07,-4.1362713e-14,-9.734438e-13,0.0,0.0,0.0,0.0,0.0,0.0,0.04,0.04,-8.943205e-08,-0.569,1.202337e-07,-2.81,3.908914e-08,3.037,0.741,0.04,0.04,-2.8224488e-07,2.8272567e-07,3.8893137e-07,-1.2495408e-09,1.2751354e-07,-3.908434e-10,5.486048e-07,-1.6138444e-14,-9.726473e-13,5.5879354e-09,2.3283064e-10,-3.7252903e-09,1.0,-1.489095e-10,-8.781334e-10,-8.472538e-11,0.0,0.0,0.0,0.0,0.0,0.0,0.6087852,0.18614455,0.11005837,0.99998707,-0.0029626607,0.004132705,0.0001652391,0.00029017116,-0.0005627151,-0.00014919374,0.0051293573,0.0021441353,-0.00082593627,0.4138228,0.051954504,0.020999955,0.99999994,-1.2366792e-05,-8.5199945e-06,-2.0996679e-06,0.000108586646,6.11333e-05,-0.00021264362,-0.006995373,0.00093533227,1.5645677e-05
0.0,0.0,0.0,0.0,0.0,0.0,1.0,0.6087852,0.18614455,0.11005837,0.4138228,0.051954504,0.020999959,0.46333355,4.734474e-08,0.38548768,0.008603483,0.9216111,0.02046284,0.38747975,-8.943205e-08,-0.569,1.202337e-07,-2.81,3.908914e-08,3.037,0.741,0.04,0.04,-2.8224488e-07,2.8272567e-07,3.8893137e-07,-1.2495408e-09,1.2751354e-07,-3.908434e-10,5.486048e-07,-1.6138444e-14,-9.726473e-13,0.0,0.0,0.0,0.0,0.0,0.0,0.04,0.04,-9.9243735e-08,-0.569,1.3359579e-07,-2.81,4.3472983e-08,3.037,0.741,0.04,0.04,-2.8224488e-07,2.8272567e-07,3.889313e-07,-1.2495731e-09,1.2751353e-07,-3.9082163e-10,5.4860476e-07,-4.5778675e-15,-9.17304e-13,5.5879354e-09,2.3283064e-10,-3.7252903e-09,1.0,-1.489095e-10,-8.781334e-10,-8.472538e-11,0.0,0.0,0.0,0.0,0.0,0.0,0.60878295,0.18614917,0.11006083,0.99998707,-0.0029834828,0.0041233706,0.00016587955,0.0004487459,7.651106e-05,-0.00022053444,0.00013300915,0.0043599424,0.0001242014,0.4138228,0.051954504,0.020999918,0.99999994,-1.2655362e-05,-9.188606e-06,-2.0405355e-06,0.000105384315,6.281738e-05,-0.00021130714,-0.0070359837,0.0008352583,1.6212338e-05
0.0,0.0,0.0,0.0,0.0,0.0,1.0,0.60878295,0.18614917,0.11006084,0.4138228,0.051954504,0.020999921,0.46333355,4.734474e-08,0.38548768,0.008603483,0.9216111,0.02046284,0.38747975,-9.9243735e-08,-0.569,1.3359579e-07,-2.81,4.3472983e-08,3.037,0.741,0.04,0.04,-2.8224488e-07,2.8272567e-07,3.889313e-07,-1.2495731e-09,1.2751353e-07,-3.9082163e-10,5.4860476e-07,-4.5778675e-15,-9.17304e-13,0.0,0.0,0.0,0.0,0.0,0.0,0.04,0.04,-1.0905542e-07,-0.569,1.4695789e-07,-2.81,4.7856826e-08,3.037,0.741,0.04,0.04,-2.8224488e-07,2.8272567e-07,3.8893137e-07,-1.2495754e-09,1.2751357e-07,-3.9082937e-10,5.4860476e-07,-6.509736e-15,-9.86797e-13,5.5879354e-09,2.3283064e-10,-3.7252903e-09,1.0,-1.489095e-10,-8.781334e-10,-8.472538e-11,0.0,0.0,0.0,0.0,0.0,0.0,0.6087821,0.18615583,0.110062,0.999987,-0.0030095123,0.0041201734,0.00016709926,0.0007961668,-0.002339153,-0.0006941786,0.020596184,0.006022105,-0.0021849095,0.4138228,0.051954515,0.020999951,0.99999994,-1.2796473e-05,-8.609927e-06,-2.162758e-06,0.00010622078,6.263227e-05,-0.00021215576,-0.0070079523,0.0008943411,1.6210122e-05
0.0,0.0,0.0,0.0,0.0,0.0,1.0,0.6087821,0.18615583,0.110062,0.4138228,0.051954515,0.020999955,0.46333355,4.734474e-08,0.38548768,0.008603483,0.9216111,0.02046284,0.38747975,-1.0905542e-07,-0.569,1.4695789e-07,-2.81,4.7856826e-08,3.037,0.741,0.04,0.04,-2.8224488e-07,2.8272567e-07,3.8893137e-07,-1.2495754e-09,1.2751357e-07,-3.9082937e-10,5.4860476e-07,-6.509736e-15,-9.86797e-13,0.0,0.0,0.0,0.0,0.0,0.0,0.04,0.04,-1.18867106e-07,-0.569,1.6031998e-07,-2.81,5.224067e-08,3.037,0.741,0.04,0.04,-2.8224488e-07,2.8272567e-07,3.8893134e-07,-1.2495588e-09,1.2751356e-07,-3.9084025e-10,5.486048e-07,-1.1900606e-14,-9.604088e-13,5.5879354e-09,2.3283064e-10,-3.7252903e-09,1.0,-1.489095e-10,-8.781334e-10,-8.472538e-11,0.0,0.0,0.0,0.0,0.0,0.0,0.6087852,0.18614456,0.11005844,0.99998707,-0.0029628978,0.004132656,0.00016529916,0.0002863745,-0.0005388071,-0.00013895109,0.004924416,0.0020634253,-0.0008364449,0.4138228,0.051954508,0.020999966,0.99999994,-1.248911e-05,-8.482184e-06,-2.0884177e-06,0.00010716765,6.173034e-05,-0.0002125374,-0.007002155,0.0009085621,1.6434356e-05
0.0,0.0,0.0,0.0,0.0,0.0,1.0,0.6087852,0.18614456,0.11005844,0.4138228,0.051954508,0.02099997,0.46333355,4.734474e-08,0.38548768,0.008603483,0.9216111,0.02046284,0.38747975,-1.18867106e-07,-0.569,1.6031998e-07,-2.81,5.224067e-08,3.037,0.741,0.04,0.04,-2.8224488e-07,2.8272567e-07,3.8893134e-07,-1.2495588e-09,1.2751356e-07,-3.9084025e-10,5.486048e-07,-1.1900606e-14,-9.604088e-13,0.0,0.0,0.0,0.0,0.0,0.0,0.04,0.04,-1.2867878e-07,-0.569,1.7368208e-07,-2.81,5.662451e-08,3.037,0.741,0.04,0.04,-2.822449e-07,2.8272567e-07,3.889313e-07,-1.2495871e-09,1.2751356e-07,-3.908041e-10,5.486047e-07,-1.0355306e-14,-9.201476e-13,5.5879354e-09,2.3283064e-10,-3.7252903e-09,1.0,-1.489095e-10,-8.781334e-10,-8.472538e-11,0.0,0.0,0.0,0.0,0.0,0.0,0.60878295,0.18614917,0.11006087,0.9999871,-0.0029832013,0.0041233264,0.00016577172,0.00044923977,7.67344e-05,-0.0002176939,0.00012324561,0.004364707,0.000121444886,0.41382283,0.051954515,0.020999955,0.99999994,-1.2884242e-05,-8.668188e-06,-2.0659932e-06,0.00010562096,6.292976e-05,-0.00021202455,-0.0070097614,0.0008833785,1.641115e-05
0.0,0.0,0.0,0.0,0.0,0.0,1.0,0.60878295,0.18614917,0.11006087,0.41382283,0.051954515,0.020999959,0.46333355,4.734474e-08,0.38548768,0.008603483,0.9216111,0.02046284,0.38747975,-1.2867878e-07,-0.569,1.7368208e-07,-2.81,5.662451e-08,3.037,0.741,0.04,0.04,-2.822449e-07,2.8272567e-07,3.889313e-07,-1.2495871e-09,1.2751356e-07,-3.908041e-10,5.486047e-07,-1.0355306e-14,-9.201476e-13,0.0,0.0,0.0,0.0,0.0,0.0,0.04,0.04,-1.3849044e-07,-0.569,1.8704418e-07,-2.81,6.100834e-08,3.037,0.741,0.04,0.04,-2.8224488e-07,2.8272567e-07,3.889314e-07,-1.2495812e-09,1.2751354e-07,-3.9078246e-10,5.4860476e-07,-6.441401e-15,-9.398868e-13,5.5879354e-09,2.3283064e-10,-3.7252903e-09,1.0,-1.489095e-10,-8.781334e-10,-8.472538e-11,0.0,0.0,0.0,0.0,0.0,0.0,0.60878116,0.1861561,0.11006236,0.9999869,-0.0030101424,0.004116174,0.00016757204,0.0013914921,-0.002010885,-0.0009979783,0.017271841,0.01127919,-0.0024179888,0.41382277,0.051954508,0.020999974,0.99999994,-1.2887235e-05,-9.031429e-06,-2.14711e-06,0.00010560385,6.290692e-05,-0.00021224373,-0.0070147896,0.0008816699,1.6637629e-05
0.0,0.0,0.0,0.0,0.0,0.0,1.0,0.60878116,0.1861561,0.11006236,0.41382277,0.051954508,0.020999977,0.46333355,4.734474e-08,0.38548768,0.008603483,0.9216111,0.02046284,0.38747975,-1.3849044e-07,-0.569,1.8704418e-07,-2.81,6.100834e-08,3.037,0.741,0.04,0.04,-2.8224488e-07,2.8272567e-07,3.889314e-07,-1.2495812e-09,1.2751354e-07,-3.9078246e-10,5.4860476e-07,-6.441401e-15,-9.398868e-13,0.0,0.0,0.0,0.0,0.0,0.0,0.04,0.04,-1.4830209e-07,-0.569,2.0040628e-07,-2.81,6.5392165e-08,3.037,0.741,0.04,0.04,-2.8224483e-07,2.8272567e-07,3.889313e-07,-1.2495389e-09,1.2751354e-07,-3.9081763e-10,5.4860476e-07,-3.5385513e-14,-9.0705725e-13,5.5879354e-09,2.3283064e-10,-3.7252903e-09,1.0,-1.489095e-10,-8.781334e-10,-8.472538e-11,0.0,0.0,0.0,0.0,0.0,0.0,0.6087853,0.1861442,0.1100583,0.99998707,-0.0029617893,0.004132534,0.00016534512,0.00025308479,-0.0005976708,-0.00020160776,0.0056654657,0.0019051763,-0.0006769573,0.4138228,0.051954497,0.020999946,0.99999994,-1.232989e-05,-9.051849e-06,-2.0263058e-06,0.00010551831,6.25055e-05,-0.00021167925,-0.0070164017,0.0008582773,1.6665763e-05
0.0,0.0,0.0,0.0,0.0,0.0,1.0,0.6087853,0.1861442,0.11005831,0.4138228,0.051954497,0.02099995,0.46333355,4.734474e-08,0.38548768,0.008603483,0.9216111,0.02046284,0.38747975,-1.4830209e-07,-0.569,2.0040628e-07,-2.81,6.5392165e-08,3.037,0.741,0.04,0.04,-2.8224483e-07,2.8272567e-07,3.889313e-07,-1.2495389e-09,1.2751354e-07,-3.9081763e-10,5.4860476e-07,-3.5385513e-14,-9.0705725e-13,0.0,0.0,0.0,0.0,0.0,0.0,0.04,0.04,-1.5811375e-07,-0.569,2.1376837e-07,-2.81,6.9775986e-08,3.037,0.741,0.04,0.04,-2.822449e-07,2.8272567e-07,3.8893145e-07,-1.2496064e-09,1.2751357e-07,-3.9074732e-10,5.4860476e-07,-3.7427963e-14,-9.604891e-13,5.5879354e-09,2.3283064e-10,-3.7252903e-09,1.0,-1.489095e-10,-8.781334e-10,-8.472538e-11,0.0,0.0,0.0,0.0,0.0,0.0,0.60878295,0.18614917,0.110060826,0.99998707,-0.0029833338,0.004123236,0.0001658742,0.00045176348,7.4375246e-05,-0.00021897913,0.00015297081,0.0043901666,0.00012233852,0.4138228,0.051954504,0.02099997,0.99999994,-1.2432882e-05,-8.394244e-06,-2.0376654e-06,0.000107175714,6.1690276e-05,-0.00021254388,-0.007001628,0.0009086164,1.647981e-05
0.0,0.0,0.0,0.0,0.0,0.0,1.0,0.60878295,0.18614917,0.110060826,0.4138228,0.051954504,0.020999974,0.46333355,4.734474e-08,0.38548768,0.008603483,0.9216111,0.02046284,0.38747975,-1.5811375e-07,-0.569,2.1376837e-07,-2.81,6.9775986e-08,3.037,0.741,0.04,0.04,-2.822449e-07,2.8272567e-07,3.8893145e-07,-1.2496064e-09,1.2751357e-07,-3.9074732e-10,5.4860476e-07,-3.7427963e-14,-9.604891e-13,0.0,0.0,0.0,0.0,0.0,0.0,0.04,0.04,-1.679254e-07,-0.569,2.2713047e-07,-2.81,7.415981e-08,3.037,0.741,0.04,0.04,-2.8224488e-07,2.8272564e-07,3.8893134e-07,-1.2495882e-09,1.2751357e-07,-3.90857e-10,5.486047e-07,-3.025555e-14,-9.394417e-13,5.5879354e-09,2.3283064e-10,-3.7252903e-09,1.0,-1.489095e-10,-8.781334e-10,-8.472538e-11,0.0,0.0,0.0,0.0,0.0,0.0,0.60878116,0.18615606,0.11006242,0.999987,-0.0030097147,0.0041166577,0.00016744899,0.0013905852,-0.0020094065,-0.0009965712,0.017261282,0.011275991,-0.002414992,0.4138228,0.0519545,0.020999942,0.99999994,-1.2473529e-05,-9.057439e-06,-2.016651e-06,0.000105585226,6.25099e-05,-0.00021171456,-0.0070176064,0.0008592432,1.6617412e-05
0.0,0.0,0.0,0.0,0.0,0.0,1.0,0.60878116,0.18615606,0.11006242,0.4138228,0.0519545,0.020999946,0.46333355,4.734474e-08,0.38548768,0.008603483,0.9216111,0.02046284,0.38747975,-1.679254e-07,-0.569,2.2713047e-07,-2.81,7.415981e-08,3.037,0.741,0.04,0.04,-2.8224488e-07,2.8272564e-07,3.8893134e-07,-1.2495882e-09,1.2751357e-07,-3.90857e-10,5.486047e-07,-3.025555e-14,-9.394417e-13,0.0,0.0,0.0,0.0,0.0,0.0,0.04,0.04,-1.7773706e-07,-0.569,2.4049257e-07,-2.81,7.854363e-08,3.037,0.741,0.04,0.04,-2.8224494e-07,2.8272567e-07,3.8893143e-07,-1.249561e-09,1.2751356e-07,-3.9078918e-10,5.486047e-07,-2.966007e-14,-9.779892e-13,5.5879354e-09,2.3283064e-10,-3.7252903e-09,1.0,-1.489095e-10,-8.781334e-10,-8.472538e-11,0.0,0.0,0.0,0.0,0.0,0.0,0.6087853,0.18614422,0.11005831,0.9999871,-0.0029617595,0.004132741,0.00016527675,0.00024854598,-0.00058355945,-0.0001941488,0.0055419686,0.0018395864,-0.00068028405,0.4138228,0.051954504,0.020999974,0.99999994,-1.2501332e-05,-8.484457e-06,-2.0381608e-06,0.00010732408,6.1538194e-05,-0.00021294066,-0.00698598,0.00093202986,1.6785943e-05
0.0,0.0,0.0,0.0,0.0,0.0,1.0,0.6087853,0.18614422,0.11005831,0.4138228,0.051954504,0.020999977,0.46333355,4.734474e-08,0.38548768,0.008603483,0.9216111,0.02046284,0.38747975,-1.7773706e-07,-0.569,2.4049257e-07,-2.81,7.854363e-08,3.037,0.741,0.04,0.04,-2.8224494e-07,2.8272567e-07,3.8893143e-07,-1.249561e-09,1.2751356e-07,-3.9078918e-10,5.486047e-07,-2.966007e-14,-9.779892e-13,0.0,0.0,0.0,0.0,0.0,0.0,0.04,0.04,-1.8754872e-07,-0.569,2.538548e-07,-2.81,8.292745e-08,3.037,0.741,0.04,0.04,-2.8224486e-07,2.8272567e-07,3.8893134e-07,-1.249604e-09,1.2751359e-07,-3.9078585e-10,5.486048e-07,-1.3032788e-14,-9.564325e-13,5.5879354e-09,2.3283064e-10,-3.7252903e-09,1.0,-1.489095e-10,-8.781334e-10,-8.472538e-11,0.0,0.0,0.0,0.0,0.0,0.0,0.60878295,0.1861492,0.11006081,0.99998707,-0.0029836714,0.0041232803,0.00016595284,0.00045068096,7.612433e-05,-0.00021955934,0.00013678032,0.004379413,0.00012371325,0.41382283,0.051954508,0.020999962,0.99999994,-1.2739503e-05,-8.5558395e-06,-2.0544317e-06,0.00010574596,6.264816e-05,-0.00021203753,-0.007005344,0.0008845487,1.656967e-05
0.0,0.0,0.0,0.0,0.0,0.0,1.0,0.60878295,0.1861492,0.11006081,0.41382283,0.051954508,0.020999966,0.46333355,4.734474e-08,0.38548768,0.008603483,0.9216111,0.02046284,0.38747975,-1.8754872e-07,-0.569,2.538548e-07,-2.81,8.292745e-08,3.037,0.741,0.04,0.04,-2.8224486e-07,2.8272567e-07,3.8893134e-07,-1.249604e-09,1.2751359e-07,-3.9078585e-10,5.486048e-07,-1.3032788e-14,-9.564325e-13,0.0,0.0,0.0,0.0,0.0,0.0,0.04,0.04,-1.9736038e-07,-0.569,2.6721705e-07,-2.81,8.731127e-08,3.037,0.741,0.04,0.04,-2.822449e-07,2.8272567e-07,3.8893134e-07,-1.2496066e-09,1.2751354e-07,-3.9085643e-10,5.486047e-07,-3.6411612e-14,-9.821787e-13,5.5879354e-09,2.3283064e-10,-3.7252903e-09,1.0,-1.489095e-10,-8.781334e-10,-8.472538e-11,0.0,0.0,0.0,0.0,0.0,0.0,0.6087821,0.18615581,0.11006201,0.99998707,-0.003009376,0.004120175,0.00016713524,0.0007970545,-0.0023400513,-0.0006950329,0.02060231,0.0060289092,-0.002186741,0.4138228,0.051954508,0.020999977,0.99999994,-1.2615888e-05,-8.6321725e-06,-2.049943e-06,0.00010714084,6.1953804e-05,-0.00021256076,-0.0070069763,0.00090859836,1.6271593e-05
0.0,0.0,0.0,0.0,0.0,0.0,1.0,0.6087821,0.18615581,0.11006202,0.4138228,0.051954508,0.020999981,0.46333355,4.734474e-08,0.38548768,0.008603483,0.9216111,0.02046284,0.38747975,-1.9736038e-07,-0.569,2.6721705e-07,-2.81,8.731127e-08,3.037,0.741,0.04,0.04,-2.822449e-07,2.8272567e-07,3.8893134e-07,-1.2496066e-09,1.2751354e-07,-3.9085643e-10,5.486047e-07,-3.6411612e-14,-9.821787e-13,0.0,0.0,0.0,0.0,0.0,0.0,0.04,0.04,-2.0717204e-07,-0.569,2.805793e-07,-2.81,9.169509e-08,3.037,0.741,0.04,0.04,-2.8224486e-07,2.8272567e-07,3.889313e-07,-1.2495526e-09,1.2751356e-07,-3.908232e-10,5.486048e-07,-4.4144877e-14,-9.730912e-13,5.5879354e-09,2.3283064e-10,-3.7252903e-09,1.0,-1.489095e-10,-8.781334e-10,-8.472538e-11,0.0,0.0,0.0,0.0,0.0,0.0,0.6087852,0.18614455,0.1100585,0.99998707,-0.0029629997,0.0041324846,0.00016529493,0.00028323184,-0.0005145882,-0.00012776899,0.004712558,0.0019868258,-0.0008500082,0.4138228,0.05195451,0.020999948,0.99999994,-1.2705811e-05,-9.193699e-06,-2.128201e-06,0.00010538081,6.29038e-05,-0.00021132155,-0.007037954,0.0008351611,1.6132974e-05
0.0,0.0,0.0,0.0,0.0,0.0,1.0,0.6087852,0.18614455,0.1100585,0.4138228,0.05195451,0.020999951,0.46333355,4.734474e-08,0.38548768,0.008603483,0.9216111,0.02046284,0.38747975,-2.0717204e-07,-0.569,2.805793e-07,-2.81,9.169509e-08,3.037,0.741,0.04,0.04,-2.8224486e-07,2.8272567e-07,3.889313e-07,-1.2495526e-09,1.2751356e-07,-3.908232e-10,5.486048e-07,-4.4144877e-14,-9.730912e-13,0.0,0.0,0.0,0.0,0.0,0.0,0.04,0.04,-2.169837e-07,-0.569,2.9394153e-07,-2.81,9.6078914e-08,3.037,0.741,0.04,0.04,-2.8224488e-07,2.8272567e-07,3.889313e-07,-1.2495673e-09,1.2751357e-07,-3.9087933e-10,5.4860493e-07,-6.7044304e-14,-9.58379e-13,5.5879354e-09,2.3283064e-10,-3.7252903e-09,1.0,-1.489095e-10,-8.781334e-10,-8.472538e-11,0.0,0.0,0.0,0.0,0.0,0.0,0.6087815,0.18614893,0.11006152,0.999987,-0.0029814667,0.0041173794,0.00016607606,0.00044231844,0.000288666,-0.00027681314,-0.0022041083,0.0044186013,0.0001394464,0.4138228,0.05195451,0.020999981,0.99999994,-1.2535589e-05,-8.431441e-06,-2.0736782e-06,0.00010701903,6.184936e-05,-0.00021251166,-0.0070029073,0.000906726,1.6464588e-05
0.0,0.0,0.0,0.0,0.0,0.0,1.0,0.6087815,0.18614893,0.11006153,0.4138228,0.05195451,0.020999985,0.46333355,4.734474e-08,0.38548768,0.008603483,0.9216111,0.02046284,0.38747975,-2.169837e-07,-0.569,2.9394153e-07,-2.81,9.6078914e-08,3.037,0.741,0.04,0.04,-2.8224488e-07,2.8272567e-07,3.889313e-07,-1.2495673e-09,1.2751357e-07,-3.9087933e-10,5.4860493e-07,-6.7044304e-14,-9.58379e-13,0.0,0.0,0.0,0.0,0.0,0.0,0.04,0.04,-2.2679535e-07,-0.569,3.0730376e-07,-2.81,1.00462735e-07,3.037,0.741,0.04,0.04,-2.8224488e-07,2.8272567e-07,3.8893134e-07,-1.2496183e-09,1.2751356e-07,-3.9084386e-10,5.486047e-07,-4.0484228e-14,-9.915122e-13,5.5879354e-09,2.3283064e-10,-3.7252903e-09,1.0,-1.489095e-10,-8.781334e-10,-8.472538e-11,0.0,0.0,0.0,0.0,0.0,0.0,0.60878116,0.18615608,0.11006243,0.99998695,-0.003010029,0.0041162693,0.00016749959,0.0013889472,-0.0019969582,-0.0010000948,0.017132629,0.011241079,-0.0024132335,0.4138228,0.051954497,0.02099996,0.99999994,-1.23688615e-05,-9.134727e-06,-2.0476043e-06,0.00010424049,6.32266e-05,-0.00021141239,-0.0070225685,0.0008347352,1.7043465e-05
0.0,0.0,0.0,0.0,0.0,0.0,1.0,0.60878116,0.18615608,0.110062435,0.4138228,0.051954497,0.020999964,0.46333355,4.734474e-08,0.38548768,0.008603483,0.9216111,0.02046284,0.38747975,-2.2679535e-07,-0.569,3.0730376e-07,-2.81,1.00462735e-07,3.037,0.741,0.04,0.04,-2.8224488e-07,2.8272567e-07,3.8893134e-07,-1.2496183e-09,1.2751356e-07,-3.9084386e-10,5.486047e-07,-4.0484228e-14,-9.915122e-13,0.0,0.0,0.0,0.0,0.0,0.0,0.04,0.04,-2.3660701e-07,-0.569,3.20666e-07,-2.81,1.04846556e-07,3.037,0.741,0.04,0.04,-2.822449e-07,2.8272567e-07,3.8893137e-07,-1.2495693e-09,1.2751359e-07,-3.9082937e-10,5.486049e-07,-3.0518075e-14,-9.988721e-13,5.5879354e-09,2.3283064e-10,-3.7252903e-09,1.0,-1.489095e-10,-8.781334e-10,-8.472538e-11,0.0,0.0,0.0,0.0,0.0,0.0,0.6087853,0.18614425,0.110058375,0.999987,-0.002962014,0.0041324883,0.00016532346,0.0002505099,-0.0005420564,-0.00018272217,0.00515404,0.0017972636,-0.00070717296,0.4138228,0.051954504,0.020999925,0.99999994,-1.2411273e-05,-8.517339e-06,-2.0578273e-06,0.00010722667,6.1804065e-05,-0.0002123522,-0.006999467,0.0009105472,1.6138756e-05
-0.2,0.0,0.0,0.0,0.0,0.0,1.0,0.6087853,0.18614425,0.11005838,0.4138228,0.051954504,0.020999929,0.46333355,4.734474e-08,0.38548768,0.008603483,0.9216111,0.02046284,0.38747975,-2.3660701e-07,-0.569,3.20666e-07,-2.81,1.04846556e-07,3.037,0.741,0.04,0.04,-2.822449e-07,2.8272567e-07,3.8893137e-07,-1.2495693e-09,1.2751359e-07,-3.9082937e-10,5.486049e-07,-3.0518075e-14,-9.988721e-13,-0.1,0.0,0.0,0.0,0.0,0.0,0.04,0.04,-0.0008637792,-0.6150862,-0.00052810553,-2.8469028,0.0004090477,3.0195372,0.7409616,0.04,0.03999735,-0.009117988,-1.6776725,-0.0065850574,-1.232331,0.0071066367,-0.50528973,-0.0007230727,1.8327006e-05,-9.071353e-05,5.5879354e-09,2.3283064e-10,-3.7252903e-09,1.0,-1.489095e-10,-8.781334e-10,-8.472538e-11,0.0,0.0,0.0,0.0,0.0,0.0,0.6087815,0.18614894,0.110061504,0.9999871,-0.0029818292,0.0041173673,0.00016621265,0.00044270777,0.00028820802,-0.00027802013,-0.0021988295,0.004421761,0.00013896312,0.4138228,0.051954497,0.020999957,0.99999994,-1.233359e-05,-9.047261e-06,-2.0259736e-06,0.0001056521,6.238983e-05,-0.00021171231,-0.0070157587,0.0008599944,1.6672235e-05
-0.2,0.0,0.0,0.0,0.0,0.0,1.0,0.6087815,0.18614894,0.11006151,0.4138228,0.051954497,0.02099996,0.4500046,-0.0006231283,0.38200638,0.00853315,0.9232248,0.019681811,0.38366112,-0.0008637792,-0.6150862,-0.00052810553,-2.8469028,0.0004090477,3.0195372,0.7409616,0.04,0.03999735,-0.009117988,-1.6776725,-0.0065850574,-1.232331,0.0071066367,-0.50528973,-0.0007230727,1.8327006e-05,-9.071353e-05,-0.1,0.0,0.0,0.0,0.0,0.0,0.04,0.04,-0.001048014,-0.6760632,-0.00065021456,-2.8884032,0.0004930243,2.998629,0.7409192,0.04,0.0399977,0.00026369948,-1.7885237,0.0005104557,-1.161398,-0.0004366945,-0.60842645,-0.0012874966,3.2388283e-07,2.9529714e-05,5.5879354e-09,2.3283064e-10,-3.7252903e-09,1.0,-1.489095e-10,-8.781334e-10,-8.472538e-11,0.0,0.0,0.0,0.0,0.0,0.0,0.6087811,0.18615612,0.11006238,0.99998695,-0.0030103086,0.004116216,0.00016743361,0.0013902294,-0.0020003524,-0.0010002824,0.017164612,0.011255293,-0.0024157725,0.4138228,0.0519545,0.020999921,0.99999994,-1.2371805e-05,-8.435776e-06,-2.045824e-06,0.00010722693,6.180798e-05,-0.00021235243,-0.006999576,0.0009106011,1.6137677e-05
-0.2,0.0,0.0,0.0,0.0,0.0,1.0,0.6087811,0.18615612,0.11006239,0.4138228,0.0519545,0.020999925,0.4347221,-0.0007239123,0.38105232,0.008503616,0.92350245,0.019533724,0.38300046,-0.001048014,-0.6760632,-0.00065021456,-2.8884032,0.0004930243,2.998629,0.7409192,0.04,0.0399977,0.00026369948,-1.7885237,0.0005104557,-1.161398,-0.0004366945,-0.60842645,-0.0012874966,3.2388283e-07,2.9529714e-05,-0.1,0.0,0.0,0.0,0.0,0.0,0.04,0.04,-0.0011319176,-0.7409421,-0.0006915701,-2.9285104,0.0004889186,2.9734273,0.7408712,0.04,0.039998706,0.00044679554,-1.8980262,0.0009044616,-1.1355121,-0.0012304056,-0.7324794,-0.0012752814,-1.5802492e-08,1.9655392e-05,5.5879354e-09,2.3283064e-10,-3.7252903e-09,1.0,-1.489095e-10,-8.781334e-10,-8.472538e-11,0.0,0.0,0.0,0.0,0.0,0.0,0.6087853,0.18614422,0.11005843,0.99998707,-0.0029618558,0.004132662,0.0001652604,0.0002508094,-0.00054064265,-0.00018256757,0.005141561,0.0017986915,-0.00070720306,0.4138228,0.051954504,0.020999938,0.99999994,-1.2603815e-05,-8.916635e-06,-2.0345176e-06,0.00010560566,6.265228e-05,-0.00021162594,-0.007018199,0.0008605181,1.6386812e-05
-0.2,0.0,0.0,0.0,0.0,0.0,1.0,0.6087853,0.18614422,0.11005843,0.4138228,0.051954504,0.020999942,0.41958264,-0.00073634967,0.38058025,0.008493036,0.9235853,0.019510955,0.38280186,-0.0011319176,-0.7409421,-0.0006915701,-2.9285104,0.0004889186,2.9734273,0.7408712,0.04,0.039998706,0.00044679554,-1.8980262,0.0009044616,-1.1355121,-0.0012304056,-0.7324794,-0.0012752814,-1.5802492e-08,1.9655392e-05,-0.1,0.0,0.0,0.0,0.0,0.0,0.04,0.04,-0.0012196074,-0.8098241,-0.0007325154,-2.9676423,0.00047522387,2.9433253,0.7408193,0.04,0.039999273,0.00019169386,-2.0158086,0.0010116032,-1.1088332,-0.0013472416,-0.8724228,-0.0013735859,-4.11075e-08,1.0171801e-05,5.5879354e-09,2.3283064e-10,-3.7252903e-09,1.0,-1.489095e-10,-8.781334e-10,-8.472538e-11,0.0,0.0,0.0,0.0,0.0,0.0,0.6087815,0.18614891,0.11006154,0.9999871,-0.0029813277,0.004117092,0.0001660885,0.0004409651,0.00028912653,-0.0002762534,-0.002209596,0.004404253,0.00013937273,0.4138228,0.051954508,0.02099998,0.99999994,-1.2538323e-05,-8.448618e-06,-2.0667117e-06,0.000107358,6.168918e-05,-0.0002127455,-0.006984157,0.00093394634,1.6418271e-05
-0.2,0.0,0.0,0.0,0.0,0.0,1.0,0.6087815,0.18614891,0.11006154,0.4138228,0.051954508,0.020999983,0.40447873,-0.0007438822,0.380136,0.008483231,0.9236529,0.019495964,0.38263986,-0.0012196074,-0.8098241,-0.0007325154,-2.9676423,0.00047522387,2.9433253,0.7408193,0.04,0.039999273,0.00019169386,-2.0158086,0.0010116032,-1.1088332,-0.0013472416,-0.8724228,-0.0013735859,-4.11075e-08,1.0171801e-05,-0.1,0.0,0.0,0.0,0.0,0.0,0.04,0.04,-0.001306389,-0.88194466,-0.00077460014,-3.005609,0.00043305857,2.9077537,0.7407644,0.04,0.039999627,-0.0008354605,-2.131096,0.0007724893,-1.0871239,0.00090015325,-1.03016,-0.0013750641,1.3556476e-07,7.2791195e-06,5.5879354e-09,2.3283064e-10,-3.7252903e-09,1.0,-1.489095e-10,-8.781334e-10,-8.472538e-11,0.0,0.0,0.0,0.0,0.0,0.0,0.6087811,0.18615614,0.11006236,0.99998695,-0.0030104178,0.004115971,0.00016752382,0.0013911908,-0.0020048379,-0.0009999858,0.017208306,0.011266891,-0.0024177597,0.4138228,0.051954504,0.020999944,0.99999994,-1.2679853e-05,-9.098092e-06,-2.083176e-06,0.00010426131,6.336306e-05,-0.00021133709,-0.0070230784,0.00083608145,1.6815233e-05
0.0,0.0,0.0,0.0,0.0,0.0,1.0,0.6087811,0.18615614,0.11006236,0.4138228,0.051954504,0.020999948,0.38949886,-0.00074429583,0.37928683,0.008467078,0.9239239,0.019501835,0.38198492,-0.001306389,-0.88194466,-0.00077460014,-3.005609,0.00043305857,2.9077537,0.7407644,0.04,0.039999627,-0.0008354605,-2.131096,0.0007724893,-1.0871239,0.00090015325,-1.03016,-0.0013750641,1.3556476e-07,7.2791195e-06,0.0,0.0,0.0,0.0,0.0,0.0,0.04,0.04,-0.00054233766,-0.89728177,-0.00019160015,-3.0100455,7.145147e-06,2.907725,0.74079204,0.039998095,0.039999753,0.0044988417,-0.02242122,0.0030102676,0.04270811,-0.008638673,-0.0023069645,0.00023558739,-1.97263e-05,-1.4055319e-05,5.5879354e-09,2.3283064e-10,-3.7252903e-09,1.0,-1.489095e-10,-8.781334e-10,-8.472538e-11,0.0,0.0,0.0,0.0,0.0,0.0,0.6087853,0.1861442,0.11005839,0.999987,-0.0029618845,0.004132483,0.00016531473,0.00024968747,-0.000540577,-0.0001838659,0.0051455633,0.001790816,-0.00070364104,0.4138228,0.051954515,0.02099997,0.99999994,-1.2729908e-05,-8.396789e-06,-2.0389634e-06,0.00010710087,6.199306e-05,-0.00021282834,-0.006990318,0.0009305625,1.6477461e-05
0.0,0.0,0.0,0.0,0.0,0.0,1.0,0.6087853,0.1861442,0.1100584,0.4138228,0.051954515,0.020999974,0.38780677,-0.00026432605,0.38265884,0.008690149,0.9218174,0.02022624,0.38699898,-0.00054233766,-0.89728177,-0.00019160015,-3.0100455,7.145147e-06,2.907725,0.74079204,0.039998095,0.039999753,0.0044988417,-0.02242122,0.0030102676,0.04270811,-0.008638673,-0.0023069645,0.00023558739,-1.97263e-05,-1.4055319e-05,0.0,0.0,0.0,0.0,0.0,0.0,0.04,0.04,-0.0005067918,-0.89765835,-0.0001763893,-3.0095754,-7.368884e-05,2.9077735,0.7407935,0.03999881,0.04,-4.524695e-06,-0.0049466128,-0.000142819,0.0011598945,-0.0005904784,-0.00034056813,0.00018637175,2.5073039e-05,-4.8947424e-08,5.5879354e-09,2.3283064e-10,-3.7252903e-09,1.0,-1.489095e-10,-8.781334e-10,-8.472538e-11,0.0,0.0,0.0,0.0,0.0,0.0,0.6087815,0.18614891,0.1100615,0.99998707,-0.002981555,0.0041173706,0.00016616574,0.00044360128,0.00028702075,-0.000278927,-0.0021851845,0.0044311136,0.00013888348,0.4138228,0.051954508,0.02099994,0.99999994,-1.26589985e-05,-9.016909e-06,-2.0538816e-06,0.00010550297,6.32134e-05,-0.0002116424,-0.007028588,0.0008603491,1.595307e-05
0.0,0.0,0.0,0.0,0.0,0.0,1.0,0.6087815,0.18614891,0.1100615,0.4138228,0.051954508,0.020999944,0.38789162,-0.00024340818,0.38308954,0.0087197125,0.9216428,0.020277292,0.3874112,-0.0005067918,-0.89765835,-0.0001763893,-3.0095754,-7.368884e-05,2.9077735,0.7407935,0.03999881,0.04,-4.524695e-06,-0.0049466128,-0.000142819,0.0011598945,-0.0005904784,-0.00034056813,0.00018637175,2.5073039e-05,-4.8947424e-08,0.0,0.0,0.0,0.0,0.0,0.0,0.04,0.04,-0.0005056859,-0.8977093,-0.00017687387,-3.0095491,-8.0009566e-05,2.9077773,0.7407935,0.0399994,0.039999988,1.1182189e-05,-0.00038377556,-4.063993e-06,0.00015253198,-5.5677483e-05,-2.7264588e-05,1.2933367e-05,1.2156384e-05,9.727387e-08,5.5879354e-09,2.3283064e-10,-3.7252903e-09,1.0,-1.489095e-10,-8.781334e-10,-8.472538e-11,0.0,0.0,0.0,0.0,0.0,0.0,0.6087811,0.18615612,0.110062376,0.99998695,-0.0030105296,0.004116105,0.0001674471,0.0013906825,-0.0020035421,-0.0010000779,0.017195968,0.0112605225,-0.0024168896,0.4138228,0.051954508,0.020999974,0.99999994,-1.2468833e-05,-8.288685e-06,-2.0187767e-06,0.000107038926,6.214924e-05,-0.00021281018,-0.006992751,0.00092991255,1.6377411e-05
0.0,0.0,0.0,0.0,0.0,0.0,1.0,0.6087811,0.18615612,0.110062376,0.4138228,0.051954508,0.020999977,0.38789502,-0.00024284392,0.38312528,0.008722156,0.92162704,0.020279676,0.38744834,-0.0005056859,-0.8977093,-0.00017687387,-3.0095491,-8.0009566e-05,2.9077773,0.7407935,0.0399994,0.039999988,1.1182189e-05,-0.00038377556,-4.063993e-06,0.00015253198,-5.5677483e-05,-2.7264588e-05,1.2933367e-05,1.2156384e-05,9.727387e-08,0.0,0.0,0.0,0.0,0.0,0.0,0.04,0.04,-0.0005055516,-0.8977136,-0.00017685386,-3.009547,-8.059676e-05,2.9077773,0.7407935,0.03999969,0.039999988,-1.1665595e-06,-3.5344914e-05,4.353566e-07,1.261897e-05,-5.3363906e-06,-2.9845323e-06,1.8238103e-06,6.1852525e-06,1.5548204e-07,5.5879354e-09,2.3283064e-10,-3.7252903e-09,1.0,-1.489095e-10,-8.781334e-10,-8.472538e-11,0.0,0.0,0.0,0.0,0.0,0.0,0.60878533,0.18614422,0.11005832,0.9999871,-0.0029618486,0.0041328995,0.00016531201,0.00025227986,-0.0005728837,-0.00018947784,0.005437502,0.0018498313,-0.0006959303,0.4138228,0.05195451,0.020999938,0.99999994,-1.2782565e-05,-9.056419e-06,-2.0637588e-06,0.00010559295,6.321226e-05,-0.00021205084,-0.0070154495,0.0008835804,1.61806e-05
0.0,0.0,0.0,0.0,0.0,0.0,1.0,0.60878533,0.18614422,0.11005832,0.4138228,0.05195451,0.020999942,0.38789535,-0.00024269933,0.3831282,0.008722305,0.9216258,0.020280033,0.38745135,-0.0005055516,-0.8977136,-0.00017685386,-3.009547,-8.059676e-05,2.9077773,0.7407935,0.03999969,0.039999988,-1.1665595e-06,-3.5344914e-05,4.353566e-07,1.261897e-05,-5.3363906e-06,-2.9845323e-06,1.8238103e-06,6.1852525e-06,1.5548204e-07,0.0,0.0,0.0,0.0,0.0,0.0,0.04,0.04,-0.00050554395,-0.8977137,-0.00017684513,-3.009547,-8.064018e-05,2.9077773,0.7407935,0.039999835,0.039999988,5.2994585e-07,-7.0140266e-07,2.3206809e-07,2.9735972e-06,-7.6803694e-08,1.5133669e-06,5.403366e-07,3.2238388e-06,1.6158295e-07,5.5879354e-09,2.3283064e-10,-3.7252903e-09,1.0,-1.489095e-10,-8.781334e-10,-8.472538e-11,0.0,0.0,0.0,0.0,0.0,0.0,0.60878295,0.18614917,0.11006084,0.99998707,-0.002983479,0.0041234666,0.00016592699,0.0004512804,7.5927295e-05,-0.0002189009,0.00013760677,0.0043854034,0.00012312451,0.4138228,0.051954515,0.020999972,0.99999994,-1.2911692e-05,-8.524561e-06,-2.0189048e-06,0.0001070998,6.2267245e-05,-0.00021261605,-0.0069903443,0.0009323044,1.6017033e-05
0.0,0.0,0.0,0.0,0.0,0.0,1.0,0.60878295,0.18614917,0.11006084,0.4138228,0.051954515,0.020999976,0.3878953,-0.00024272878,0.38312823,0.008722365,0.9216257,0.020280063,0.3874514,-0.00050554395,-0.8977137,-0.00017684513,-3.009547,-8.064018e-05,2.9077773,0.7407935,0.039999835,0.039999988,5.2994585e-07,-7.0140266e-07,2.3206809e-07,2.9735972e-06,-7.6803694e-08,1.5133669e-06,5.403366e-07,3.2238388e-06,1.6158295e-07,0.0,0.0,0.0,0.0,0.0,0.0,0.04,0.04,-0.0005055431,-0.8977137,-0.00017684088,-3.009547,-8.0644684e-05,2.9077773,0.7407935,0.03999992,0.039999988,-6.881594e-08,6.070421e-08,8.913573e-08,2.5686916e-07,-2.69477e-08,1.1324581e-06,-9.116211e-10,1.5035496e-06,1.6145319e-07,5.5879354e-09,2.3283064e-10,-3.7252903e-09,1.0,-1.489095e-10,-8.781334e-10,-8.472538e-11,0.0,0.0,0.0,0.0,0.0,0.0,0.6087811,0.18615606,0.11006239,0.99998695,-0.0030098127,0.00411635,0.00016759668,0.0013892921,-0.002006479,-0.0009965017,0.017233698,0.011260836,-0.002412993,0.4138228,0.051954497,0.020999936,0.99999994,-1.2430939e-05,-8.5589945e-06,-2.0287262e-06,0.00010728119,6.172063e-05,-0.00021234303,-0.006997753,0.0009114295,1.6159125e-05
0.0,0.0,0.0,0.0,0.0,0.0,1.0,0.6087811,0.18615606,0.11006239,0.4138228,0.051954497,0.02099994,0.3878953,-0.00024272878,0.38312823,0.008722365,0.9216257,0.020280063,0.3874514,-0.0005055431,-0.8977137,-0.00017684088,-3.009547,-8.0644684e-05,2.9077773,0.7407935,0.03999992,0.039999988,-6.881594e-08,6.070421e-08,8.913573e-08,2.5686916e-07,-2.69477e-08,1.1324581e-06,-9.116211e-10,1.5035496e-06,1.6145319e-07,0.0,0.0,0.0,0.0,0.0,0.0,0.04,0.04,-0.00050554494,-0.8977137,-0.00017683762,-3.009547,-8.064468e-05,2.9077773,0.7407935,0.03999992,0.039999988,-7.340955e-08,2.5399467e-07,9.3325816e-08,3.1936125e-08,9.6066035e-09,1.1022919e-06,-2.6593613e-10,1.1296374e-06,1.6156604e-07,5.5879354e-09,2.3283064e-10,-3.7252903e-09,1.0,-1.489095e-10,-8.781334e-10,-8.472538e-11,0.0,0.0,0.0,0.0,0.0,0.0,0.6087853,0.18614422,0.11005835,0.9999871,-0.0029618691,0.0041326415,0.00016528218,0.0002503469,-0.00056999334,-0.00019048425,0.0054172585,0.0018325766,-0.0006913723,0.41382283,0.051954508,0.020999985,0.99999994,-1.2749691e-05,-8.589493e-06,-2.0288385e-06,0.00010565839,6.286956e-05,-0.0002120353,-0.007008881,0.0008837353,1.643473e-05
0.0,0.0,0.0,0.0,0.0,0.0,1.0,0.6087853,0.18614422,0.11005835,0.41382283,0.051954508,0.020999989,0.3878953,-0.00024272878,0.38312823,0.008722365,0.9216257,0.020280063,0.3874514,-0.00050554494,-0.8977137,-0.00017683762,-3.009547,-8.064468e-05,2.9077773,0.7407935,0.03999992,0.039999988,-7.340955e-08,2.5399467e-07,9.3325816e-08,3.1936125e-08,9.6066035e-09,1.1022919e-06,-2.6593613e-10,1.1296374e-06,1.6156604e-07,0.0,0.0,0.0,0.0,0.0,0.0,0.04,0.04,-0.0005055468,-0.8977137,-0.00017683436,-3.009547,-8.064415e-05,2.9077773,0.7407935,0.03999992,0.039999988,-7.37115e-08,2.770266e-07,9.4039436e-08,6.1065513e-09,1.3803544e-08,1.0987917e-06,-1.9743011e-10,1.1296265e-06,1.615725e-07,5.5879354e-09,2.3283064e-10,-3.7252903e-09,1.0,-1.489095e-10,-8.781334e-10,-8.472538e-11,0.0,0.0,0.0,0.0,0.0,0.0,0.60878295,0.18614915,0.11006082,0.99998707,-0.0029834597,0.004123388,0.0001659393,0.00045041973,7.534155e-05,-0.00022011161,0.00014567401,0.004376943,0.00012377772,0.4138228,0.051954504,0.02099994,0.99999994,-1.25468505e-05,-8.5568145e-06,-2.0947434e-06,0.000108579894,6.132178e-05,-0.00021267019,-0.006999641,0.0009357012,1.5498352e-05
0.0,0.2,0.0,0.0,0.0,0.0,1.0,0.60878295,0.18614915,0.110060826,0.4138228,0.051954504,0.020999944,0.3878953,-0.00024272878,0.38312823,0.008722365,0.9216257,0.020280063,0.3874514,-0.0005055468,-0.8977137,-0.00017683436,-3.009547,-8.064415e-05,2.9077773,0.7407935,0.03999992,0.039999988,-7.37115e-08,2.770266e-07,9.4039436e-08,6.1065513e-09,1.3803544e-08,1.0987917e-06,-1.9743011e-10,1.1296265e-06,1.615725e-07,0.0,0.1,0.0,0.0,0.0,0.0,0.04,0.04,-0.00052953797,-0.8974592,0.041948527,-3.0084422,0.008133266,2.907594,0.78548014,0.04,0.039945092,0.14921395,0.0070985286,1.3963888,0.025477055,0.1947224,-0.008886074,1.2333204,2.4317173e-05,0.0012070057,5.5879354e-09,2.3283064e-10,-3.7252903e-09,1.0,-1.489095e-10,-8.781334e-10,-8.472538e-11,0.0,0.0,0.0,0.0,0.0,0.0,0.6087821,0.18615581,0.110062,0.99998707,-0.0030094767,0.004120152,0.00016716517,0.000796545,-0.0023390665,-0.00069485384,0.020593174,0.006023662,-0.0021859219,0.4138228,0.051954515,0.020999989,0.99999994,-1.2691338e-05,-8.506766e-06,-2.054824e-06,0.00010564577,6.263109e-05,-0.0002122276,-0.007009133,0.0008818469,1.6856799e-05
0.0,0.0,0.0,0.0,0.0,0.0,1.0,0.6087821,0.18615581,0.110062,0.4138228,0.051954515,0.020999992,0.38798466,0.011305203,0.38345087,0.007723451,0.9215961,0.014852464,0.3877891,-0.00052953797,-0.8974592,0.041948527,-3.0084422,0.008133266,2.907594,0.78548014,0.04,0.039945092,0.14921395,0.0070985286,1.3963888,0.025477055,0.1947224,-0.008886074,1.2333204,2.4317173e-05,0.0012070057,0.0,0.0,0.0,0.0,0.0,0.0,0.04,0.04,0.0040990855,-0.8975812,0.0489572,-3.0087755,0.007309491,2.9076262,0.78554624,0.03994082,0.04,-0.0008703552,-0.0012279439,-0.004725866,-0.00611354,0.005190472,-0.0008032023,0.0035971028,0.0008695331,3.8985123e-05,5.5879354e-09,2.3283064e-10,-3.7252903e-09,1.0,-1.489095e-10,-8.781334e-10,-8.472538e-11,0.0,0.0,0.0,0.0,0.0,0.0,0.6087852,0.18614455,0.110058464,0.9999871,-0.0029629043,0.004132618,0.00016522377,0.00028527188,-0.00053116586,-0.00013465295,0.0048536314,0.0020407797,-0.0008400593,0.4138228,0.05195451,0.02099995,0.99999994,-1.269796e-05,-9.035077e-06,-2.059445e-06,0.00010557983,6.302854e-05,-0.0002116597,-0.007025712,0.00086117006,1.6065991e-05
0.0,0.0,0.0,0.0,0.0,0.0,1.0,0.6087852,0.18614455,0.11005847,0.4138228,0.05195451,0.020999953,0.38779107,0.015093348,0.38324097,0.008739114,0.9215198,0.020360678,0.3876986,0.0040990855,-0.8975812,0.0489572,-3.0087755,0.007309491,2.9076262,0.78554624,0.03994082,0.04,-0.0008703552,-0.0012279439,-0.004725866,-0.00611354,0.005190472,-0.0008032023,0.0035971028,0.0008695331,3.8985123e-05,0.0,0.0,0.0,0.0,0.0,0.0,0.04,0.04,0.00407791,-0.8975675,0.048930477,-3.0088267,0.007323066,2.9076214,0.7855457,0.03996972,0.03999976,-1.3772631e-05,0.00044760725,3.5849967e-05,-2.1345448e-05,1.37178795e-05,3.3516473e-05,-4.3441367e-05,0.00060967513,3.5867322e-06,5.5879354e-09,2.3283064e-10,-3.7252903e-09,1.0,-1.489095e-10,-8.781334e-10,-8.472538e-11,0.0,0.0,0.0,0.0,0.0,0.0,0.60878295,0.18614917,0.11006082,0.99998707,-0.0029832814,0.0041234647,0.00016578399,0.00044875024,7.7563804e-05,-0.0002184017,0.000117572636,0.0043601966,0.00012302451,0.4138228,0.05195451,0.020999983,0.99999994,-1.2502941e-05,-8.306803e-06,-2.0433306e-06,0.00010705614,6.211588e-05,-0.00021281026,-0.0069920775,0.0009301859,1.6392247e-05
0.0,0.0,0.0,0.0,0.0,0.0,1.0,0.60878295,0.18614917,0.110060826,0.4138228,0.05195451,0.020999987,0.3877812,0.015075571,0.38320506,0.008733481,0.92153406,0.020333827,0.38766634,0.00407791,-0.8975675,0.048930477,-3.0088267,0.007323066,2.9076214,0.7855457,0.03996972,0.03999976,-1.3772631e-05,0.00044760725,3.5849967e-05,-2.1345448e-05,1.37178795e-05,3.3516473e-05,-4.3441367e-05,0.00060967513,3.5867322e-06,0.0,0.0,0.0,0.0,0.0,0.0,0.04,0.04,0.004077704,-0.8975632,0.048930578,-3.0088267,0.0073234905,2.9076214,0.7855457,0.039984383,0.03999988,-3.053139e-06,2.293647e-05,-9.784945e-08,-2.0640367e-05,4.047909e-06,5.7196576e-07,-5.186732e-07,0.00031360937,2.6060125e-06,5.5879354e-09,2.3283064e-10,-3.7252903e-09,1.0,-1.489095e-10,-8.781334e-10,-8.472538e-11,0.0,0.0,0.0,0.0,0.0,0.0,0.6087821,0.18615583,0.11006199,0.99998707,-0.003009625,0.0041201585,0.00016713697,0.00079273747,-0.0023350706,-0.00069194625,0.020561786,0.005992992,-0.0021798974,0.4138228,0.05195451,0.020999948,0.99999994,-1.28078555e-05,-9.071197e-06,-2.05793e-06,0.00010563393,6.3092666e-05,-0.00021204432,-0.0070136287,0.00088369986,1.625714e-05
0.0,0.0,0.0,0.0,0.0,0.0,1.0,0.6087821,0.18615583,0.11006199,0.4138228,0.05195451,0.020999951,0.38778138,0.015075489,0.38320374,0.008733332,0.9215348,0.020333529,0.38766465,0.004077704,-0.8975632,0.048930578,-3.0088267,0.0073234905,2.9076214,0.7855457,0.039984383,0.03999988,-3.053139e-06,2.293647e-05,-9.784945e-08,-2.0640367e-05,4.047909e-06,5.7196576e-07,-5.186732e-07,0.00031360937,2.6060125e-06,0.0,0.0,0.0,0.0,0.0,0.0,0.04,0.04,0.0040776622,-0.8975632,0.048930578,-3.0088267,0.007323549,2.9076214,0.7855457,0.03999194,0.039999932,-5.3232094e-07,2.355162e-06,-2.2510045e-07,-2.585072e-06,7.2000705e-07,-3.5875917e-07,5.319137e-07,0.00016176996,9.842313e-07,5.5879354e-09,2.3283064e-10,-3.7252903e-09,1.0,-1.489095e-10,-8.781334e-10,-8.472538e-11,0.0,0.0,0.0,0.0,0.0,0.0,0.6087852,0.18614456,0.110058434,0.9999871,-0.0029629853,0.004132765,0.0001651843,0.00028470217,-0.000524088,-0.00012991927,0.0047834804,0.0020237744,-0.0008454713,0.41382283,0.05195451,0.020999989,0.99999994,-1.2567194e-05,-8.397375e-06,-2.0629852e-06,0.000106973435,6.1969295e-05,-0.0002125065,-0.0070048966,0.0009062132,1.6393356e-05
0.0,0.0,0.0,0.0,0.0,0.0,1.0,0.6087852,0.18614456,0.11005844,0.41382283,0.05195451,0.020999992,0.38778138,0.015075489,0.38320374,0.008733332,0.9215348,0.020333529,0.38766465,0.0040776622,-0.8975632,0.048930578,-3.0088267,0.007323549,2.9076214,0.7855457,0.03999194,0.039999932,-5.3232094e-07,2.355162e-06,-2.2510045e-07,-2.585072e-06,7.2000705e-07,-3.5875917e-07,5.319137e-07,0.00016176996,9.842313e-07,0.0,0.0,0.0,0.0,0.0,0.0,0.04,0.04,0.004077652,-0.8975632,0.048930578,-3.0088267,0.007323565,2.9076214,0.7855457,0.039995845,0.039999932,-1.496187e-07,2.671763e-07,-7.021069e-08,-2.9317354e-07,3.3097498e-07,-4.297042e-08,5.37241e-07,8.3436564e-05,9.779513e-07,5.5879354e-09,2.3283064e-10,-3.7252903e-09,1.0,-1.489095e-10,-8.781334e-10,-8.472538e-11,0.0,0.0,0.0,0.0,0.0,0.0,0.60878295,0.18614912,0.11006083,0.9999871,-0.0029831817,0.004123321,0.00016590513,0.0004491143,7.503759e-05,-0.00022209533,0.00015448645,0.0043649487,0.00012608785,0.4138228,0.051954504,0.020999938,0.99999994,-1.2435542e-05,-8.450316e-06,-2.0742204e-06,0.000107149186,6.218787e-05,-0.00021236256,-0.0070063435,0.00091054,1.5854943e-05
0.0,0.2,0.0,0.0,0.0,0.0,1.0,0.60878295,0.18614912,0.11006084,0.4138228,0.051954504,0.020999942,0.38778138,0.015075489,0.38320374,0.008733332,0.9215348,0.020333529,0.38766465,0.004077652,-0.8975632,0.048930578,-3.0088267,0.007323565,2.9076214,0.7855457,0.039995845,0.039999932,-1.496187e-07,2.671763e-07,-7.021069e-08,-2.9317354e-07,3.3097498e-07,-4.297042e-08,5.37241e-07,8.3436564e-05,9.779513e-07,0.0,0.1,0.0,0.0,0.0,0.0,0.04,0.04,0.003880074,-0.89564776,0.09104002,-3.0058644,0.015476072,2.9068685,0.83012944,0.04,0.039945055,0.14157116,0.063607335,1.3945848,0.090843186,0.1927107,-0.023853816,1.229594,2.546452e-05,0.0012105331,5.5879354e-09,2.3283064e-10,-3.7252903e-09,1.0,-1.489095e-10,-8.781334e-10,-8.472538e-11,0.0,0.0,0.0,0.0,0.0,0.0,0.60878116,0.1861561,0.110062376,0.999987,-0.003009777,0.0041166223,0.00016747821,0.0013926588,-0.0020111182,-0.0009982442,0.017273579,0.011292532,-0.0024187067,0.4138228,0.0519545,0.02099997,0.99999994,-1.2363303e-05,-8.980365e-06,-2.0233515e-06,0.00010563713,6.241979e-05,-0.00021170996,-0.007016226,0.00085978437,1.665759e-05
0.0,0.0,0.0,0.0,0.0,0.0,1.0,0.60878116,0.1861561,0.110062376,0.4138228,0.0519545,0.020999974,0.3878976,0.026666256,0.3834046,0.007711679,0.92156684,0.014939815,0.38785574,0.003880074,-0.89564776,0.09104002,-3.0058644,0.015476072,2.9068685,0.83012944,0.04,0.039945055,0.14157116,0.063607335,1.3945848,0.090843186,0.1927107,-0.023853816,1.229594,2.546452e-05,0.0012105331,0.0,0.0,0.0,0.0,0.0,0.0,0.04,0.04,0.008473036,-0.89552873,0.09801141,-3.0057578,0.014653576,2.9069238,0.83019364,0.039940882,0.04,-0.00039158645,-0.0046079415,-0.004615495,-0.005386176,0.0047530914,-0.0007555457,0.0034919134,0.0008718525,3.7093923e-05,5.5879354e-09,2.3283064e-10,-3.7252903e-09,1.0,-1.489095e-10,-8.781334e-10,-8.472538e-11,0.0,0.0,0.0,0.0,0.0,0.0,0.6087853,0.18614422,0.11005835,0.99998707,-0.0029618419,0.004132461,0.00016523938,0.0002501113,-0.0005648848,-0.00018946061,0.0053697284,0.0018264031,-0.00069205585,0.4138228,0.051954497,0.020999942,0.99999994,-1.2309759e-05,-8.448479e-06,-2.0610237e-06,0.0001074499,6.147166e-05,-0.00021275126,-0.006980729,0.0009349491,1.6550428e-05
0.0,0.0,0.0,0.0,0.0,0.0,1.0,0.6087853,0.18614422,0.11005835,0.4138228,0.051954497,0.020999946,0.38767126,0.030448243,0.3832883,0.008707881,0.9214415,0.020424247,0.3878822,0.008473036,-0.89552873,0.09801141,-3.0057578,0.014653576,2.9069238,0.83019364,0.039940882,0.04,-0.00039158645,-0.0046079415,-0.004615495,-0.005386176,0.0047530914,-0.0007555457,0.0034919134,0.0008718525,3.7093923e-05,0.0,0.0,0.0,0.0,0.0,0.0,0.04,0.04,0.008456381,-0.89555,0.09798667,-3.0057907,0.0146623235,2.906922,0.83019304,0.03996974,0.039999772,1.2331675e-06,0.00018171889,3.31078e-05,6.913762e-05,-1.891216e-05,3.609332e-06,-3.1043237e-05,0.0006089975,3.6163267e-06,5.5879354e-09,2.3283064e-10,-3.7252903e-09,1.0,-1.489095e-10,-8.781334e-10,-8.472538e-11,0.0,0.0,0.0,0.0,0.0,0.0,0.6087815,0.18614894,0.11006154,0.9999871,-0.0029816723,0.0041174805,0.0001661552,0.00044425324,0.0002876838,-0.00027938103,-0.002190307,0.004438218,0.00013939638,0.41382283,0.051954523,0.020999983,0.99999994,-1.2835416e-05,-8.438949e-06,-2.0660316e-06,0.00010687271,6.221872e-05,-0.00021251646,-0.007009317,0.00090530043,1.6260643e-05
0.0,0.0,0.0,0.0,0.0,0.0,1.0,0.6087815,0.18614894,0.11006154,0.41382283,0.051954523,0.020999987,0.38766438,0.030432707,0.3832774,0.008704066,0.92144465,0.020401776,0.3878759,0.008456381,-0.89555,0.09798667,-3.0057907,0.0146623235,2.906922,0.83019304,0.03996974,0.039999772,1.2331675e-06,0.00018171889,3.31078e-05,6.913762e-05,-1.891216e-05,3.609332e-06,-3.1043237e-05,0.0006089975,3.6163267e-06,0.0,0.0,0.0,0.0,0.0,0.0,0.04,0.04,0.008456364,-0.8955487,0.097986795,-3.0057907,0.014662372,2.906922,0.83019304,0.039984394,0.03999989,-1.5377348e-06,3.938053e-06,-1.5541832e-06,-3.0995614e-06,9.2165834e-07,-2.0853302e-06,-1.1265087e-06,0.00031338932,2.4498427e-06,5.5879354e-09,2.3283064e-10,-3.7252903e-09,1.0,-1.489095e-10,-8.781334e-10,-8.472538e-11,0.0,0.0,0.0,0.0,0.0,0.0,0.6087811,0.1861561,0.11006241,0.99998695,-0.0030100006,0.0041162185,0.00016752012,0.001390758,-0.001999181,-0.0010011322,0.017151462,0.011257999,-0.0024163977,0.4138228,0.051954504,0.02099994,0.99999994,-1.2429356e-05,-8.488315e-06,-2.0801642e-06,0.000107396125,6.193474e-05,-0.00021266763,-0.0069870264,0.00093577115,1.6068707e-05
0.0,0.0,0.0,0.0,0.0,0.0,1.0,0.6087811,0.1861561,0.11006242,0.4138228,0.051954504,0.020999944,0.38766447,0.030432658,0.38327697,0.008704126,0.9214449,0.020401627,0.38787538,0.008456364,-0.8955487,0.097986795,-3.0057907,0.014662372,2.906922,0.83019304,0.039984394,0.03999989,-1.5377348e-06,3.938053e-06,-1.5541832e-06,-3.0995614e-06,9.2165834e-07,-2.0853302e-06,-1.1265087e-06,0.00031338932,2.4498427e-06,0.0,0.0,0.0,0.0,0.0,0.0,0.04,0.04,0.008456333,-0.8955487,0.097986795,-3.0057907,0.014662376,2.906922,0.83019304,0.03999195,0.03999993,-4.2278486e-07,1.2794945e-07,-6.042086e-07,-4.6419098e-07,-4.8109342e-08,-9.254974e-08,-2.9673225e-07,0.00016160838,1.0389631e-06,5.5879354e-09,2.3283064e-10,-3.7252903e-09,1.0,-1.489095e-10,-8.781334e-10,-8.472538e-11,0.0,0.0,0.0,0.0,0.0,0.0,0.60878533,0.18614422,0.110058375,0.9999871,-0.0029618891,0.004132704,0.00016532882,0.00025179284,-0.0005698302,-0.0001890398,0.0054104044,0.001843546,-0.00069510686,0.4138228,0.051954504,0.020999972,0.99999994,-1.2422993e-05,-9.1752945e-06,-2.0679163e-06,0.000105492574,6.251759e-05,-0.00021189984,-0.007022134,0.0008567423,1.6889653e-05
0.0,0.0,0.0,0.0,0.0,0.0,1.0,0.60878533,0.18614422,0.11005838,0.4138228,0.051954504,0.020999976,0.38766447,0.030432658,0.38327697,0.008704126,0.9214449,0.020401627,0.38787538,0.008456333,-0.8955487,0.097986795,-3.0057907,0.014662376,2.906922,0.83019304,0.03999195,0.03999993,-4.2278486e-07,1.2794945e-07,-6.042086e-07,-4.6419098e-07,-4.8109342e-08,-9.254974e-08,-2.9673225e-07,0.00016160838,1.0389631e-06,0.0,0.0,0.0,0.0,0.0,0.0,0.04,0.04,0.008456333,-0.8955487,0.097986795,-3.0057907,0.014662376,2.906922,0.83019304,0.03999585,0.03999993,-1.387646e-07,-2.3754382e-07,-4.2241066e-07,-6.05572e-08,-1.2525234e-07,-2.2806207e-08,-2.8630905e-07,8.3383e-05,1.031777e-06,5.5879354e-09,2.3283064e-10,-3.7252903e-09,1.0,-1.489095e-10,-8.781334e-10,-8.472538e-11,0.0,0.0,0.0,0.0,0.0,0.0,0.60878295,0.18614917,0.110060796,0.99998707,-0.0029834318,0.004123457,0.0001659114,0.00045054834,7.59213e-05,-0.00021844455,0.00013411723,0.0043774378,0.00012189178,0.4138228,0.05195451,0.02099993,0.99999994,-1.2762629e-05,-8.665979e-06,-2.0489963e-06,0.000107107895,6.222703e-05,-0.0002126264,-0.00698972,0.0009323081,1.6054964e-05
0.0,0.2,0.0,0.0,0.0,0.0,1.0,0.60878295,0.18614917,0.110060796,0.4138228,0.05195451,0.020999935,0.38766447,0.030432658,0.38327697,0.008704126,0.9214449,0.020401627,0.38787538,0.008456333,-0.8955487,0.097986795,-3.0057907,0.014662376,2.906922,0.83019304,0.03999585,0.03999993,-1.387646e-07,-2.3754382e-07,-4.2241066e-07,-6.05572e-08,-1.2525234e-07,-2.2806207e-08,-2.8630905e-07,8.3383e-05,1.031777e-06,0.0,0.1,0.0,0.0,0.0,0.0,0.04,0.04,0.0077519077,-0.89201486,0.14000806,-3.0009844,0.022631424,2.9055953,0.8745006,0.04,0.03994504,0.12376339,0.11850156,1.3904921,0.15569372,0.18749788,-0.038986232,1.2211607,2.7115755e-05,0.0012082583,5.5879354e-09,2.3283064e-10,-3.7252903e-09,1.0,-1.489095e-10,-8.781334e-10,-8.472538e-11,0.0,0.0,0.0,0.0,0.0,0.0,0.6087811,0.18615611,0.1100624,0.99998695,-0.0030103477,0.004116221,0.00016754554,0.0013909123,-0.0020063312,-0.0009973226,0.017230842,0.011277113,-0.0024140899,0.4138228,0.0519545,0.02099995,0.99999994,-1.2434346e-05,-8.783033e-06,-1.958403e-06,0.000106675594,6.176535e-05,-0.00021218813,-0.006994538,0.00089943997,1.6594286e-05
0.0,0.2,0.0,0.0,0.0,0.0,1.0,0.6087811,0.18615611,0.110062405,0.4138228,0.0519545,0.020999953,0.38780737,0.042041678,0.38335508,0.007686556,0.92153925,0.015037447,0.3879178,0.0077519077,-0.89201486,0.14000806,-3.0009844,0.022631424,2.9055953,0.8745006,0.04,0.03994504,0.12376339,0.11850156,1.3904921,0.15569372,0.18749788,-0.038986232,1.2211607,2.7115755e-05,0.0012082583,0.0,0.1,0.0,0.0,0.0,0.0,0.04,0.04,0.010865307,-0.8868775,0.18880291,-2.9940434,0.029507335,2.9037285,0.91846544,0.03999506,0.039973665,0.098264955,0.15972686,1.3804915,0.21367031,0.18330285,-0.05552622,1.2117065,-0.00034119532,0.0009524961,5.5879354e-09,2.3283064e-10,-3.7252903e-09,1.0,-1.489095e-10,-8.781334e-10,-8.472538e-11,0.0,0.0,0.0,0.0,0.0,0.0,0.6087853,0.18614426,0.110058405,0.999987,-0.0029619916,0.004132555,0.0001651841,0.00024998144,-0.0005351517,-0.00018046753,0.005087927,0.0017853407,-0.0007095386,0.41382277,0.051954515,0.020999938,0.99999994,-1.2850567e-05,-8.898012e-06,-2.0926766e-06,0.00010559954,6.304397e-05,-0.0002120399,-0.007012316,0.0008830704,1.6331023e-05
0.0,0.0,0.0,0.0,0.0,0.0,1.0,0.6087853,0.18614426,0.11005841,0.41382277,0.051954515,0.020999942,0.38765088,0.057452705,0.38325757,0.0076383953,0.9215179,0.0151666105,0.38796446,0.010865307,-0.8868775,0.18880291,-2.9940434,0.029507335,2.9037285,0.91846544,0.03999506,0.039973665,0.098264955,0.15972686,1.3804915,0.21367031,0.18330285,-0.05552622,1.2117065,-0.00034119532,0.0009524961,0.0,0.0,0.0,0.0,0.0,0.0,0.04,0.04,0.0153332325,-0.88637924,0.19566463,-2.9930937,0.028698213,2.9038272,0.9185219,0.03993861,0.04,0.002008858,-0.011368863,-0.0039770305,-0.003740157,0.0036663762,-0.0006520521,0.003011333,0.0009122562,3.414873e-05,5.5879354e-09,2.3283064e-10,-3.7252903e-09,1.0,-1.489095e-10,-8.781334e-10,-8.472538e-11,0.0,0.0,0.0,0.0,0.0,0.0,0.6087815,0.18614891,0.11006153,0.9999871,-0.0029815433,0.0041175485,0.00016617094,0.0004437331,0.0002883189,-0.00028036078,-0.002194391,0.00443333,0.0001405988,0.4138228,0.0519545,0.020999955,0.99999994,-1.2685826e-05,-8.960444e-06,-2.0537366e-06,0.00010555451,6.261461e-05,-0.0002115905,-0.00701625,0.00085975963,1.6448988e-05
0.0,0.0,0.0,0.0,0.0,0.0,1.0,0.6087815,0.18614891,0.11006153,0.4138228,0.0519545,0.020999959,0.3873452,0.061273262,0.3833393,0.008522779,0.9212885,0.02059701,0.38824052,0.0153332325,-0.88637924,0.19566463,-2.9930937,0.028698213,2.9038272,0.9185219,0.03993861,0.04,0.002008858,-0.011368863,-0.0039770305,-0.003740157,0.0036663762,-0.0006520521,0.003011333,0.0009122562,3.414873e-05,0.0,0.0,0.0,0.0,0.0,0.0,0.04,0.04,0.0153396595,-0.8864718,0.19564986,-2.9930904,0.02869608,2.9038308,0.9185222,0.039968457,0.03999988,0.00012959696,-0.00035580262,4.3652573e-05,0.00027739364,-7.505625e-05,-2.9407109e-05,8.102273e-06,0.000632763,3.3437213e-06,5.5879354e-09,2.3283064e-10,-3.7252903e-09,1.0,-1.489095e-10,-8.781334e-10,-8.472538e-11,0.0,0.0,0.0,0.0,0.0,0.0,0.6087811,0.18615611,0.11006239,0.9999869,-0.0030105265,0.0041160765,0.00016757997,0.0013918224,-0.0020047748,-0.0010011249,0.017204672,0.011269051,-0.0024195446,0.4138228,0.051954508,0.020999929,0.99999994,-1.2759822e-05,-8.478194e-06,-2.0382925e-06,0.000107153115,6.211038e-05,-0.00021262927,-0.006988097,0.00093248254,1.6125934e-05
0.0,0.0,0.0,0.0,0.0,0.0,1.0,0.6087811,0.18615611,0.11006239,0.4138228,0.051954508,0.020999933,0.38734168,0.06127203,0.38337874,0.008518398,0.9212692,0.020593703,0.3882865,0.0153396595,-0.8864718,0.19564986,-2.9930904,0.02869608,2.9038308,0.9185222,0.039968457,0.03999988,0.00012959696,-0.00035580262,4.3652573e-05,0.00027739364,-7.505625e-05,-2.9407109e-05,8.102273e-06,0.000632763,3.3437213e-06,0.0,0.0,0.0,0.0,0.0,0.0,0.04,0.04,0.015341048,-0.88647634,0.19565032,-2.993087,0.02869529,2.9038308,0.9185222,0.039983723,0.03999994,1.011475e-05,-4.439077e-05,-7.1600994e-07,1.0521391e-05,-4.7522753e-06,2.4866279e-06,2.0202651e-06,0.00032674475,9.663987e-07,5.5879354e-09,2.3283064e-10,-3.7252903e-09,1.0,-1.489095e-10,-8.781334e-10,-8.472538e-11,0.0,0.0,0.0,0.0,0.0,0.0,0.6087853,0.18614422,0.11005835,0.9999871,-0.002961718,0.004132624,0.00016533233,0.00025173978,-0.0005733969,-0.00019022895,0.0054450715,0.0018458931,-0.0006942152,0.4138228,0.051954508,0.020999959,0.99999994,-1.2643307e-05,-9.121558e-06,-2.0524624e-06,0.00010556548,6.306635e-05,-0.00021165262,-0.007026382,0.0008609484,1.603621e-05
0.0,0.0,0.0,0.0,0.0,0.0,1.0,0.6087853,0.18614422,0.11005835,0.4138228,0.051954508,0.020999962,0.387342,0.061273087,0.3833826,0.0085181,0.9212676,0.020594835,0.3882901,0.015341048,-0.88647634,0.19565032,-2.993087,0.02869529,2.9038308,0.9185222,0.039983723,0.03999994,1.011475e-05,-4.439077e-05,-7.1600994e-07,1.0521391e-05,-4.7522753e-06,2.4866279e-06,2.0202651e-06,0.00032674475,9.663987e-07,0.0,0.0,0.0,0.0,0.0,0.0,0.04,0.04,0.015341145,-0.8864766,0.19565032,-2.993087,0.028695235,2.9038308,0.9185222,0.039991602,0.03999994,6.339826e-07,-2.906806e-06,-7.041399e-07,3.1268808e-06,-2.8198414e-07,-7.345819e-07,-3.3012682e-08,0.00016853197,8.876094e-07,5.5879354e-09,2.3283064e-10,-3.7252903e-09,1.0,-1.489095e-10,-8.781334e-10,-8.472538e-11,0.0,0.0,0.0,0.0,0.0,0.0,0.6087815,0.18614891,0.110061534,0.999987,-0.0029812497,0.004117234,0.00016601778,0.00044167932,0.00028759066,-0.00027832607,-0.0021863938,0.0044120788,0.00014143737,0.4138228,0.05195451,0.020999985,0.99999994,-1.2674626e-05,-8.420281e-06,-2.0256036e-06,0.00010715136,6.1901e-05,-0.00021282189,-0.006988725,0.0009311326,1.6512295e-05
0.0,0.0,0.0,0.0,0.0,0.0,1.0,0.6087815,0.18614891,0.11006154,0.4138228,0.05195451,0.020999989,0.38734198,0.061273135,0.38338268,0.0085181,0.9212676,0.020594895,0.38829032,0.015341145,-0.8864766,0.19565032,-2.993087,0.028695235,2.9038308,0.9185222,0.039991602,0.03999994,6.339826e-07,-2.906806e-06,-7.041399e-07,3.1268808e-06,-2.8198414e-07,-7.345819e-07,-3.3012682e-08,0.00016853197,8.876094e-07,0.0,0.0,0.0,0.0,0.0,0.0,0.04,0.04,0.015341151,-0.8864766,0.19565032,-2.993087,0.028695235,2.9038308,0.9185222,0.03999567,0.03999994,2.418759e-07,-6.072251e-07,-8.6874763e-07,3.1190558e-07,-3.6267105e-07,-1.0949733e-06,-1.1100607e-06,8.692814e-05,8.717824e-07,5.5879354e-09,2.3283064e-10,-3.7252903e-09,1.0,-1.489095e-10,-8.781334e-10,-8.472538e-11,0.0,0.0,0.0,0.0,0.0,0.0,0.6087811,0.1861561,0.11006242,0.99998695,-0.0030101,0.0041163405,0.00016747265,0.0013925527,-0.0019968345,-0.0010021107,0.017127011,0.0112765245,-0.0024166137,0.4138228,0.051954508,0.020999955,0.99999994,-1.2601354e-05,-9.040205e-06,-2.0500288e-06,0.0001055367,6.315237e-05,-0.00021165091,-0.007027641,0.00086096046,1.5988127e-05
0.0,0.0,0.0,0.0,0.0,0.0,1.0,0.6087811,0.1861561,0.11006242,0.4138228,0.051954508,0.020999959,0.38734198,0.061273135,0.38338268,0.0085181,0.9212676,0.020594895,0.38829032,0.015341151,-0.8864766,0.19565032,-2.993087,0.028695235,2.9038308,0.9185222,0.03999567,0.03999994,2.418759e-07,-6.072251e-07,-8.6874763e-07,3.1190558e-07,-3.6267105e-07,-1.0949733e-06,-1.1100607e-06,8.692814e-05,8.717824e-07,0.0,0.0,0.0,0.0,0.0,0.0,0.04,0.04,0.015341151,-0.8864766,0.19565032,-2.993087,0.028695235,2.9038308,0.9185222,0.039997768,0.03999994,2.9757703e-07,-3.1767394e-07,-7.9009664e-07,1.477846e-08,-3.1489532e-07,-1.1162257e-06,-1.1033507e-06,4.4861386e-05,8.661729e-07,5.5879354e-09,2.3283064e-10,-3.7252903e-09,1.0,-1.489095e-10,-8.781334e-10,-8.472538e-11,0.0,0.0,0.0,0.0,0.0,0.0,0.6087853,0.18614422,0.110058285,0.99998707,-0.0029618763,0.004132407,0.00016532723,0.0002518298,-0.0005927521,-0.00019910687,0.0056220316,0.0018851557,-0.0006785996,0.4138228,0.051954504,0.020999929,0.99999994,-1.2656276e-05,-8.551961e-06,-2.0612244e-06,0.00010712578,6.219953e-05,-0.00021261825,-0.006989326,0.00093238987,1.6062751e-05
0.0,0.0,0.0,0.0,0.0,0.0,1.0,0.6087853,0.18614422,0.11005829,0.4138228,0.051954504,0.020999933,0.38734198,0.061273135,0.38338268,0.0085181,0.9212676,0.020594895,0.38829032,0.015341151,-0.8864766,0.19565032,-2.993087,0.028695235,2.9038308,0.9185222,0.039997768,0.03999994,2.9757703e-07,-3.1767394e-07,-7.9009664e-07,1.477846e-08,-3.1489532e-07,-1.1162257e-06,-1.1033507e-06,4.4861386e-05,8.661729e-07,0.0,0.0,0.0,0.0,0.0,0.0,0.04,0.04,0.015341151,-0.8864766,0.19565032,-2.993087,0.028695235,2.9038308,0.9185222,0.039998848,0.03999994,3.536632e-07,-2.8410543e-07,-7.442539e-07,-1.0295563e-08,-3.1259128e-07,-1.1095998e-06,-1.1002451e-06,2.3102224e-05,8.634493e-07,5.5879354e-09,2.3283064e-10,-3.7252903e-09,1.0,-1.489095e-10,-8.781334e-10,-8.472538e-11,0.0,0.0,0.0,0.0,0.0,0.0,0.6087815,0.18614891,0.110061504,0.999987,-0.0029812492,0.0041172076,0.00016604668,0.00044179286,0.00028702198,-0.00027923155,-0.002178103,0.004413238,0.00014210911,0.4138228,0.0519545,0.020999968,0.99999994,-1.2427554e-05,-9.102493e-06,-2.0690861e-06,0.00010429522,6.3135856e-05,-0.00021142051,-0.0070213685,0.00083531794,1.7084487e-05
0.0,0.0,0.0,0.0,0.0,0.0,1.0,0.6087815,0.18614891,0.11006151,0.4138228,0.0519545,0.020999972,0.38734198,0.061273135,0.38338268,0.0085181,0.9212676,0.020594895,0.38829032,0.015341151,-0.8864766,0.19565032,-2.993087,0.028695235,2.9038308,0.9185222,0.039998848,0.03999994,3.536632e-07,-2.8410543e-07,-7.442539e-07,-1.0295563e-08,-3.1259128e-07,-1.1095998e-06,-1.1002451e-06,2.3102224e-05,8.634493e-07,0.0,0.0,0.0,0.0,0.0,0.0,0.04,0.04,0.015341151,-0.8864766,0.19565032,-2.993087,0.028695235,2.9038308,0.9185222,0.039999403,0.03999994,3.8574342e-07,-2.805026e-07,-7.200229e-07,-8.16299e-09,-3.1404986e-07,-1.1041434e-06,-1.0986951e-06,1.1927262e-05,8.620817e-07,5.5879354e-09,2.3283064e-10,-3.7252903e-09,1.0,-1.489095e-10,-8.781334e-10,-8.472538e-11,0.0,0.0,0.0,0.0,0.0,0.0,0.6087811,0.18615614,0.1100624,0.99998695,-0.003010566,0.0041161235,0.0001675743,0.0013897605,-0.0019987116,-0.000999842,0.017150698,0.011252208,-0.0024138128,0.4138228,0.0519545,0.02099994,0.99999994,-1.2381594e-05,-8.565703e-06,-2.0780979e-06,0.00010742955,6.150228e-05,-0.00021274893,-0.006981134,0.0009346252,1.6536236e-05
0.0,0.0,0.0,0.0,0.0,0.0,1.0,0.6087811,0.18615614,0.110062405,0.4138228,0.0519545,0.020999944,0.38734198,0.061273135,0.38338268,0.0085181,0.9212676,0.020594895,0.38829032,0.015341151,-0.8864766,0.19565032,-2.993087,0.028695235,2.9038308,0.9185222,0.039999403,0.03999994,3.8574342e-07,-2.805026e-07,-7.200229e-07,-8.16299e-09,-3.1404986e-07,-1.1041434e-06,-1.0986951e-06,1.1927262e-05,8.620817e-07,0.0,0.0,0.0,0.0,0.0,0.0,0.04,0.04,0.015341151,-0.8864766,0.19565032,-2.993087,0.028695235,2.9038308,0.9185222,0.039999694,0.03999994,4.0257993e-07,-2.8021387e-07,-7.075592e-07,-5.3026326e-09,-3.1506787e-07,-1.1010618e-06,-1.0978914e-06,6.1246114e-06,8.613587e-07,5.5879354e-09,2.3283064e-10,-3.7252903e-09,1.0,-1.489095e-10,-8.781334e-10,-8.472538e-11,0.0,0.0,0.0,0.0,0.0,0.0,0.6087853,0.18614425,0.11005838,0.9999871,-0.0029622219,0.004132617,0.00016532914,0.00025075764,-0.00055571884,-0.00018372535,0.005272739,0.0018190402,-0.0007012096,0.4138228,0.05195451,0.020999981,0.99999994,-1.27349e-05,-8.538024e-06,-2.0459092e-06,0.000105802836,6.258851e-05,-0.00021253346,-0.0069931583,0.0009065729,1.6969056e-05
0.0,0.0,0.0,0.0,0.0,0.0,1.0,0.6087853,0.18614425,0.11005838,0.4138228,0.05195451,0.020999985,0.38734198,0.061273135,0.38338268,0.0085181,0.9212676,0.020594895,0.38829032,0.015341151,-0.8864766,0.19565032,-2.993087,0.028695235,2.9038308,0.9185222,0.039999694,0.03999994,4.0257993e-07,-2.8021387e-07,-7.075592e-07,-5.3026326e-09,-3.1506787e-07,-1.1010618e-06,-1.0978914e-06,6.1246114e-06,8.613587e-07,0.0,0.0,0.0,0.0,0.0,0.0,0.04,0.04,0.015341151,-0.8864766,0.19565032,-2.993087,0.028695235,2.9038308,0.9185222,0.039999835,0.03999994,4.1145213e-07,-2.80335e-07,-7.0092943e-07,-3.5953718e-09,-3.1571955e-07,-1.0995018e-06,-1.0974998e-06,3.2238715e-06,8.610317e-07,5.5879354e-09,2.3283064e-10,-3.7252903e-09,1.0,-1.489095e-10,-8.781334e-10,-8.472538e-11,0.0,0.0,0.0,0.0,0.0,0.0,0.60878295,0.18614914,0.110060826,0.999987,-0.0029832972,0.004123202,0.00016587289,0.00045007814,7.608143e-05,-0.00021857307,0.00013379936,0.004373468,0.00012255185,0.4138228,0.0519545,0.020999936,0.99999994,-1.2365275e-05,-8.4566755e-06,-2.038923e-06,0.000107193955,6.193693e-05,-0.00021234331,-0.0070015993,0.0009105441,1.6041671e-05
0.0,0.0,-0.2,0.0,0.0,0.0,1.0,0.60878295,0.18614914,0.110060826,0.4138228,0.0519545,0.02099994,0.38734198,0.061273135,0.38338268,0.0085181,0.9212676,0.020594895,0.38829032,0.015341151,-0.8864766,0.19565032,-2.993087,0.028695235,2.9038308,0.9185222,0.039999835,0.03999994,4.1145213e-07,-2.80335e-07,-7.0092943e-07,-3.5953718e-09,-3.1571955e-07,-1.0995018e-06,-1.0974998e-06,3.2238715e-06,8.610317e-07,0.0,0.0,-0.1,0.0,0.0,0.0,0.04,0.04,0.012024905,-0.8688553,0.20418929,-3.0124183,0.028178375,2.9591298,0.92536134,0.039997157,0.039998576,-0.10547145,0.69567436,0.2907749,-0.76836497,-0.002655681,1.5151503,0.19363996,-0.00011360514,0.00020000055,5.5879354e-09,2.3283064e-10,-3.7252903e-09,1.0,-1.489095e-10,-8.781334e-10,-8.472538e-11,0.0,0.0,0.0,0.0,0.0,0.0,0.6087821,0.18615581,0.11006203,0.99998695,-0.0030094702,0.0041202297,0.00016707083,0.00079401495,-0.002333594,-0.00069332833,0.020543296,0.0060024685,-0.0021811752,0.4138228,0.0519545,0.020999953,0.99999994,-1.2596185e-05,-8.93644e-06,-2.0370824e-06,0.00010562351,6.261882e-05,-0.00021163226,-0.0070176106,0.0008608013,1.6401715e-05
0.0,0.0,-0.2,0.0,0.0,0.0,1.0,0.6087821,0.18615581,0.11006203,0.4138228,0.0519545,0.020999957,0.38847023,0.06223215,0.37670034,0.007452578,0.9177313,0.020998567,0.39657634,0.012024905,-0.8688553,0.20418929,-3.0124183,0.028178375,2.9591298,0.92536134,0.039997157,0.039998576,-0.10547145,0.69567436,0.2907749,-0.76836497,-0.002655681,1.5151503,0.19363996,-0.00011360514,0.00020000055,0.0,0.0,-0.1,0.0,0.0,0.0,0.04,0.04,0.006508543,-0.83970314,0.21577758,-3.0381072,0.02809307,3.016411,0.93280977,0.03999698,0.039999995,-0.1792143,0.91468644,0.3419988,-0.7368394,-0.0010049943,1.6032388,0.21155758,-2.6255355e-05,-2.2114696e-08,5.5879354e-09,2.3283064e-10,-3.7252903e-09,1.0,-1.489095e-10,-8.781334e-10,-8.472538e-11,0.0,0.0,0.0,0.0,0.0,0.0,0.6087853,0.18614453,0.11005841,0.99998707,-0.0029627066,0.0041326527,0.00016531967,0.00029240578,-0.0005699893,-0.00014875157,0.005186775,0.0021679685,-0.00083125656,0.4138228,0.051954504,0.020999935,0.99999994,-1.2487612e-05,-8.495279e-06,-2.058287e-06,0.00010735689,6.1687046e-05,-0.00021274839,-0.0069842287,0.0009339674,1.6427355e-05
0.0,0.0,-0.2,0.0,0.0,0.0,1.0,0.6087853,0.18614453,0.11005841,0.4138228,0.051954504,0.020999938,0.38819695,0.06243367,0.36235842,0.007300586,0.9173099,0.021297932,0.39753675,0.006508543,-0.83970314,0.21577758,-3.0381072,0.02809307,3.016411,0.93280977,0.03999698,0.039999995,-0.1792143,0.91468644,0.3419988,-0.7368394,-0.0010049943,1.6032388,0.21155758,-2.6255355e-05,-2.2114696e-08,0.0,0.0,-0.1,0.0,0.0,0.0,0.04,0.04,-0.0016699443,-0.80431896,0.22953321,-3.0620253,0.027808582,3.0770743,0.94096935,0.039997913,0.04,-0.25681818,1.0815938,0.4086,-0.67252797,-0.009166008,1.7019564,0.23124869,-3.1686264e-05,3.763192e-07,5.5879354e-09,2.3283064e-10,-3.7252903e-09,1.0,-1.489095e-10,-8.781334e-10,-8.472538e-11,0.0,0.0,0.0,0.0,0.0,0.0,0.60878295,0.18614917,0.11006082,0.9999871,-0.0029832495,0.0041233017,0.000165868,0.00044832123,7.664965e-05,-0.0002208306,0.0001325135,0.0043559344,0.0001246053,0.4138228,0.0519545,0.020999964,0.99999994,-1.264753e-05,-9.154161e-06,-2.0777604e-06,0.000104107006,6.340705e-05,-0.00021102437,-0.0070387353,0.0008117164,1.6700142e-05
0.0,0.0,-0.2,0.0,0.0,0.0,1.0,0.60878295,0.18614917,0.110060826,0.4138228,0.0519545,0.020999968,0.38784006,0.0625018,0.34745526,0.007149101,0.9171485,0.021448433,0.39790398,-0.0016699443,-0.80431896,0.22953321,-3.0620253,0.027808582,3.0770743,0.94096935,0.039997913,0.04,-0.25681818,1.0815938,0.4086,-0.67252797,-0.009166008,1.7019564,0.23124869,-3.1686264e-05,3.763192e-07,0.0,0.0,-0.1,0.0,0.0,0.0,0.04,0.04,-0.013447215,-0.7611809,0.24664345,-3.0718057,0.027794557,3.1407857,0.94982284,0.039998498,0.039992232,-0.3632186,1.2757417,0.495574,0.00025619025,-0.013636427,1.8049403,0.24888045,-8.6244545e-05,0.00030677038,5.5879354e-09,2.3283064e-10,-3.7252903e-09,1.0,-1.489095e-10,-8.781334e-10,-8.472538e-11,0.0,0.0,0.0,0.0,0.0,0.0,0.6087821,0.18615586,0.11006202,0.99998707,-0.0030097323,0.004120171,0.00016713086,0.0007947737,-0.0023360453,-0.00069317466,0.020568475,0.006011316,-0.0021819717,0.4138228,0.05195451,0.02099993,0.99999994,-1.2633893e-05,-8.497798e-06,-2.0420487e-06,0.00010716842,6.207718e-05,-0.00021263643,-0.006987668,0.0009326106,1.6150974e-05
0.0,0.0,-0.2,0.0,0.0,0.0,1.0,0.6087821,0.18615586,0.11006202,0.4138228,0.05195451,0.020999935,0.39052734,0.064127,0.33798385,0.005827815,0.9152162,0.021887004,0.40232617,-0.013447215,-0.7611809,0.24664345,-3.0718057,0.027794557,3.1407857,0.94982284,0.039998498,0.039992232,-0.3632186,1.2757417,0.495574,0.00025619025,-0.013636427,1.8049403,0.24888045,-8.6244545e-05,0.00030677038,0.0,0.0,-0.1,0.0,0.0,0.0,0.04,0.04,-0.028900025,-0.7159453,0.2668578,-3.0718024,0.027409973,3.207189,0.9590168,0.03999884,0.03999723,-0.46340334,1.3131468,0.596874,-0.00013160355,-0.0065669306,1.8436041,0.25494832,-4.7010464e-05,0.0001696859,5.5879354e-09,2.3283064e-10,-3.7252903e-09,1.0,-1.489095e-10,-8.781334e-10,-8.472538e-11,0.0,0.0,0.0,0.0,0.0,0.0,0.6087852,0.18614452,0.11005835,0.9999871,-0.0029625571,0.0041328096,0.00016523387,0.00029209154,-0.0005831739,-0.0001552538,0.005302919,0.002197161,-0.00081845577,0.4138228,0.0519545,0.02099997,0.99999994,-1.2386094e-05,-9.043946e-06,-2.067047e-06,0.000104308194,6.310465e-05,-0.0002114183,-0.0070206136,0.0008356,1.7097407e-05
0.0,0.0,-0.2,0.0,0.0,0.0,1.0,0.6087852,0.18614452,0.11005835,0.4138228,0.0519545,0.020999974,0.3954489,0.066906445,0.3333393,-0.0035698116,-0.9112599,-0.02274537,-0.41118774,-0.028900025,-0.7159453,0.2668578,-3.0718024,0.027409973,3.207189,0.9590168,0.03999884,0.03999723,-0.46340334,1.3131468,0.596874,-0.00013160355,-0.0065669306,1.8436041,0.25494832,-4.7010464e-05,0.0001696859,0.0,0.0,-0.1,0.0,0.0,0.0,0.04,0.04,-0.049017783,-0.6680794,0.29178995,-3.0718024,0.02771375,3.2751768,0.96815175,0.0399986,0.04,-0.6042906,1.4039687,0.73845947,-0.00015621593,0.01917741,1.8866805,0.249857,-4.7009496e-05,7.6033175e-05,5.5879354e-09,2.3283064e-10,-3.7252903e-09,1.0,-1.489095e-10,-8.781334e-10,-8.472538e-11,0.0,0.0,0.0,0.0,0.0,0.0,0.60878295,0.18614915,0.11006082,0.999987,-0.0029833675,0.0041230973,0.00016588523,0.00044966774,7.637887e-05,-0.00021814932,0.00012820041,0.004368776,0.00012204377,0.4138228,0.051954497,0.020999942,0.99999994,-1.2340184e-05,-8.507474e-06,-2.0760153e-06,0.000107414926,6.153215e-05,-0.00021275054,-0.006981614,0.0009343704,1.6518296e-05
0.0,0.0,-0.2,0.0,0.0,0.0,1.0,0.60878295,0.18614915,0.110060826,0.4138228,0.051954497,0.020999946,0.39998162,0.069541894,0.327607,-0.0013802947,-0.90754235,-0.023592234,-0.41929507,-0.049017783,-0.6680794,0.29178995,-3.0718024,0.02771375,3.2751768,0.96815175,0.0399986,0.04,-0.6042906,1.4039687,0.73845947,-0.00015621593,0.01917741,1.8866805,0.249857,-4.7009496e-05,7.6033175e-05,0.0,0.0,-0.1,0.0,0.0,0.0,0.04,0.04,-0.075079255,-0.61712843,0.32295692,-3.071802,0.029819593,3.344628,0.9764868,0.03999827,0.04,-0.7789799,1.4956602,0.9246762,-0.0001635265,0.07913465,1.92739,0.22039685,-3.9959887e-05,2.2751403e-05,5.5879354e-09,2.3283064e-10,-3.7252903e-09,1.0,-1.489095e-10,-8.781334e-10,-8.472538e-11,0.0,0.0,0.0,0.0,0.0,0.0,0.60878116,0.18615605,0.11006239,0.999987,-0.0030097773,0.0041163717,0.000167545,0.0013903013,-0.0019990155,-0.0009977199,0.017159892,0.011270407,-0.0024107627,0.41382283,0.051954523,0.020999983,0.99999994,-1.285964e-05,-8.494789e-06,-2.0411412e-06,0.00010691322,6.2098276e-05,-0.00021251861,-0.0070073367,0.0009056333,1.6333655e-05
0.0,0.0,-0.2,0.0,0.0,0.0,1.0,0.60878116,0.18615605,0.11006239,0.41382283,0.051954523,0.020999987,0.40404537,0.0719311,0.32051218,0.0007041394,-0.9042332,-0.024328768,-0.42634466,-0.075079255,-0.61712843,0.32295692,-3.071802,0.029819593,3.344628,0.9764868,0.03999827,0.04,-0.7789799,1.4956602,0.9246762,-0.0001635265,0.07913465,1.92739,0.22039685,-3.9959887e-05,2.2751403e-05,0.0,0.0,-0.1,0.0,0.0,0.0,0.04,0.04,-0.108242765,-0.56306297,0.36213005,-3.071802,0.03553958,3.4154294,0.982636,0.039997905,0.04,-0.98345715,1.5884157,1.1606919,-0.00016417034,0.1956973,1.9645114,0.14665627,-2.8562707e-05,2.4828467e-05,5.5879354e-09,2.3283064e-10,-3.7252903e-09,1.0,-1.489095e-10,-8.781334e-10,-8.472538e-11,0.0,0.0,0.0,0.0,0.0,0.0,0.60878533,0.18614426,0.11005837,0.99998707,-0.0029622132,0.004132763,0.00016526661,0.0002519117,-0.0005437374,-0.00018271111,0.00516708,0.0018103322,-0.00070934923,0.4138228,0.051954497,0.020999948,0.99999994,-1.2395633e-05,-8.595411e-06,-2.0554937e-06,0.00010729579,6.182196e-05,-0.0002123574,-0.0070002507,0.00091176725,1.6053238e-05
0.0,0.0,-0.2,0.0,0.0,0.0,1.0,0.60878533,0.18614426,0.11005837,0.4138228,0.051954497,0.020999951,0.40753374,0.074003905,0.31197602,0.0026359558,-0.9014032,-0.024913639,-0.43225536,-0.108242765,-0.56306297,0.36213005,-3.071802,0.03553958,3.4154294,0.982636,0.039997905,0.04,-0.98345715,1.5884157,1.1606919,-0.00016417034,0.1956973,1.9645114,0.14665627,-2.8562707e-05,2.4828467e-05,0.0,0.0,-0.1,0.0,0.0,0.0,0.04,0.04,-0.14918068,-0.50571406,0.4109333,-3.0718017,0.04760572,3.4874423,0.9842782,0.039997566,0.04,-1.1997218,1.6881658,1.4375029,-0.00016580094,0.394892,1.9975054,0.0008535978,-1.627274e-05,2.5220968e-05,5.5879354e-09,2.3283064e-10,-3.7252903e-09,1.0,-1.489095e-10,-8.781334e-10,-8.472538e-11,0.0,0.0,0.0,0.0,0.0,0.0,0.60878295,0.18614918,0.11006082,0.999987,-0.0029834176,0.0041233464,0.00016582626,0.00044938238,7.7566365e-05,-0.0002182946,0.000117579075,0.004366239,0.00012274223,0.41382283,0.051954508,0.020999936,0.99999994,-1.2647426e-05,-8.67046e-06,-2.0831665e-06,0.00010568606,6.280207e-05,-0.00021203759,-0.0070080333,0.00088381086,1.6479e-05
0.0,0.0,-0.2,0.0,0.0,0.0,1.0,0.60878295,0.18614918,0.110060826,0.41382283,0.051954508,0.02099994,0.4103155,0.075688295,0.30194768,0.0043450887,-0.89911544,-0.025311172,-0.43695772,-0.14918068,-0.50571406,0.4109333,-3.0718017,0.04760572,3.4874423,0.9842782,0.039997566,0.04,-1.1997218,1.6881658,1.4375029,-0.00016580094,0.394892,1.9975054,0.0008535978,-1.627274e-05,2.5220968e-05,0.0,0.0,-0.1,0.0,0.0,0.0,0.04,0.04,-0.1973628,-0.44449708,0.47003073,-3.0718021,0.06948084,3.5605617,0.9780526,0.039997272,0.04,-1.389028,1.8099673,1.7206048,-0.00016543231,0.69314915,2.0280163,-0.24511786,-9.658607e-06,2.2422373e-05,5.5879354e-09,2.3283064e-10,-3.7252903e-09,1.0,-1.489095e-10,-8.781334e-10,-8.472538e-11,0.0,0.0,0.0,0.0,0.0,0.0,0.6087811,0.18615606,0.11006243,0.99998695,-0.003009996,0.0041161864,0.0001675637,0.0013919682,-0.0020038113,-0.0009986843,0.017202843,0.011284839,-0.0024152403,0.4138228,0.051954493,0.02099997,0.99999994,-1.2356519e-05,-8.899096e-06,-1.9786387e-06,0.000106628395,6.18509e-05,-0.0002122948,-0.0069985483,0.0008981766,1.6644615e-05
0.0,0.0,0.0,0.0,0.0,0.0,1.0,0.6087811,0.18615606,0.110062435,0.4138228,0.051954493,0.020999974,0.41222358,0.07690884,0.29040554,0.0057221646,-0.8974274,-0.025505126,-0.44038725,-0.1973628,-0.44449708,0.47003073,-3.0718021,0.06948084,3.5605617,0.9780526,0.039997272,0.04,-1.389028,1.8099673,1.7206048,-0.00016543231,0.69314915,2.0280163,-0.24511786,-9.658607e-06,2.2422373e-05,0.0,0.0,0.0,0.0,0.0,0.0,0.04,0.04,-0.19983248,-0.4305672,0.4714547,-3.0718021,0.06956067,3.5595546,0.97789323,0.039993104,0.039998684,-0.028792785,0.008516636,-0.027129792,0.00034474797,-0.0039081587,-0.011061646,-0.010639405,0.0003549704,-0.00015002172,5.5879354e-09,2.3283064e-10,-3.7252903e-09,1.0,-1.489095e-10,-8.781334e-10,-8.472538e-11,0.0,0.0,0.0,0.0,0.0,0.0,0.60878533,0.18614423,0.11005832,0.9999871,-0.0029619033,0.0041329535,0.00016531414,0.0002525631,-0.0005719074,-0.00018859576,0.0054260343,0.0018504704,-0.00069783285,0.41382277,0.051954515,0.02099995,0.99999994,-1.2860148e-05,-8.9311825e-06,-2.1235342e-06,0.000105679625,6.2862426e-05,-0.00021205108,-0.0070096413,0.00088383333,1.643644e-05
0.0,0.0,0.0,0.0,0.0,0.0,1.0,0.60878533,0.18614423,0.11005832,0.41382277,0.051954515,0.020999953,0.41163352,0.07646206,0.28468108,0.0064738686,-0.9006603,-0.024454087,-0.43378714,-0.19983248,-0.4305672,0.4714547,-3.0718021,0.06956067,3.5595546,0.97789323,0.039993104,0.039998684,-0.028792785,0.008516636,-0.027129792,0.00034474797,-0.0039081587,-0.011061646,-0.010639405,0.0003549704,-0.00015002172,0.0,0.0,0.0,0.0,0.0,0.0,0.04,0.04,-0.20022592,-0.43046123,0.47124022,-3.0717998,0.06961949,3.5595388,0.97789407,0.039999247,0.03999681,-0.001874069,0.0004683868,-0.00035348156,-1.4034159e-05,0.00034728012,-0.00016713745,0.00016213978,5.154902e-05,3.1407515e-05,5.5879354e-09,2.3283064e-10,-3.7252903e-09,1.0,-1.489095e-10,-8.781334e-10,-8.472538e-11,0.0,0.0,0.0,0.0,0.0,0.0,0.60878295,0.18614912,0.11006083,0.99998707,-0.0029831,0.0041232794,0.00016588831,0.00045052345,7.5033575e-05,-0.0002209647,0.00015190017,0.004378346,0.00012497966,0.4138228,0.051954493,0.020999976,0.99999994,-1.2272238e-05,-8.915261e-06,-2.0597633e-06,0.00010568766,6.222289e-05,-0.00021218146,-0.0070005595,0.00088157196,1.7180326e-05
0.0,0.0,0.0,0.0,0.0,0.0,1.0,0.60878295,0.18614912,0.11006084,0.4138228,0.051954493,0.02099998,0.41167584,0.0762154,0.28465292,0.006396442,-0.9006883,-0.024135083,-0.43374774,-0.20022592,-0.43046123,0.47124022,-3.0717998,0.06961949,3.5595388,0.97789407,0.039999247,0.03999681,-0.001874069,0.0004683868,-0.00035348156,-1.4034159e-05,0.00034728012,-0.00016713745,0.00016213978,5.154902e-05,3.1407515e-05,0.0,0.0,0.0,0.0,0.0,0.0,0.04,0.04,-0.20024288,-0.4304556,0.47123176,-3.0717998,0.06962226,3.5595388,0.97789407,0.039999735,0.03999824,-8.225558e-05,2.2923296e-05,-1.2443829e-05,-2.7793883e-06,1.6081576e-05,-7.898347e-06,5.996712e-06,6.7595233e-06,3.392897e-05,5.5879354e-09,2.3283064e-10,-3.7252903e-09,1.0,-1.489095e-10,-8.781334e-10,-8.472538e-11,0.0,0.0,0.0,0.0,0.0,0.0,0.60878116,0.18615606,0.1100624,0.999987,-0.0030100124,0.004116208,0.00016761648,0.0013890228,-0.0020048996,-0.0009971681,0.017216261,0.011254577,-0.002413264,0.4138228,0.051954497,0.020999942,0.99999994,-1.2432637e-05,-8.447391e-06,-2.0585032e-06,0.00010751719,6.1648556e-05,-0.00021306172,-0.006968612,0.00095849816,1.6539503e-05
0.0,0.0,-0.2,0.0,0.0,0.0,1.0,0.60878116,0.18615606,0.110062405,0.4138228,0.051954497,0.020999946,0.41167748,0.07620509,0.28465158,0.0063932533,-0.9006897,-0.02412182,-0.43374586,-0.20024288,-0.4304556,0.47123176,-3.0717998,0.06962226,3.5595388,0.97789407,0.039999735,0.03999824,-8.225558e-05,2.2923296e-05,-1.2443829e-05,-2.7793883e-06,1.6081576e-05,-7.898347e-06,5.996712e-06,6.7595233e-06,3.392897e-05,0.0,0.0,-0.1,0.0,0.0,0.0,0.04,0.04,-0.25129363,-0.37742862,0.5385575,-3.0702314,0.10553385,3.6349711,0.9589056,0.039994758,0.039996978,-1.4600023,1.9525992,1.9641892,-0.059413552,1.0851432,2.0762558,-0.5990347,-0.00027154916,0.00043369146,5.5879354e-09,2.3283064e-10,-3.7252903e-09,1.0,-1.489095e-10,-8.781334e-10,-8.472538e-11,0.0,0.0,0.0,0.0,0.0,0.0,0.6087853,0.18614423,0.11005837,0.99998707,-0.0029622426,0.004132502,0.0001653036,0.00024863196,-0.0005553946,-0.00018589836,0.0052780644,0.0018031384,-0.0006951103,0.4138228,0.051954504,0.020999974,0.99999994,-1.2439999e-05,-9.139561e-06,-2.0480798e-06,0.00010547975,6.254671e-05,-0.00021190655,-0.007022581,0.0008567429,1.6875085e-05
0.0,0.0,0.0,0.0,0.0,0.0,1.0,0.6087853,0.18614423,0.11005837,0.4138228,0.051954504,0.020999977,0.41361827,0.077507,0.27781224,0.00649327,-0.89617205,-0.025322527,-0.44293603,-0.25129363,-0.37742862,0.5385575,-3.0702314,0.10553385,3.6349711,0.9589056,0.039994758,0.039996978,-1.4600023,1.9525992,1.9641892,-0.059413552,1.0851432,2.0762558,-0.5990347,-0.00027154916,0.00043369146,0.0,0.0,0.0,0.0,0.0,0.0,0.04,0.04,-0.25353393,-0.36269486,0.5400502,-3.0718021,0.10549845,3.633773,0.9587287,0.03999139,0.03999964,-0.034758043,0.005752901,-0.032338757,0.00034468953,-0.008633244,-0.01621732,-0.011858807,0.00037301838,-2.140535e-05,5.5879354e-09,2.3283064e-10,-3.7252903e-09,1.0,-1.489095e-10,-8.781334e-10,-8.472538e-11,0.0,0.0,0.0,0.0,0.0,0.0,0.60878295,0.18614914,0.11006085,0.99998707,-0.0029834108,0.0041233604,0.00016591577,0.00044976504,7.6341326e-05,-0.00021895864,0.00013230216,0.0043704864,0.00012315768,0.4138228,0.05195451,0.020999933,0.99999994,-1.27847625e-05,-8.632494e-06,-2.0785837e-06,0.00010712498,6.219344e-05,-0.00021262858,-0.0069893706,0.00093243504,1.607855e-05
0.0,0.0,0.0,0.0,0.0,0.0,1.0,0.60878295,0.18614914,0.110060856,0.4138228,0.05195451,0.020999936,0.41221493,0.077018835,0.27116826,0.007535606,-0.89992416,-0.024203569,-0.43530896,-0.25353393,-0.36269486,0.5400502,-3.0718021,0.10549845,3.633773,0.9587287,0.03999139,0.03999964,-0.034758043,0.005752901,-0.032338757,0.00034468953,-0.008633244,-0.01621732,-0.011858807,0.00037301838,-2.140535e-05,0.0,0.0,0.0,0.0,0.0,0.0,0.04,0.04,-0.25406072,-0.36260402,0.5398032,-3.0717998,0.10556833,3.6337569,0.9587299,0.03999887,0.039996903,-0.0032380358,0.0005178823,-0.000503178,-7.320016e-07,0.00066235755,-0.00021113601,0.00021632118,7.188831e-05,1.8603312e-05,5.5879354e-09,2.3283064e-10,-3.7252903e-09,1.0,-1.489095e-10,-8.781334e-10,-8.472538e-11,0.0,0.0,0.0,0.0,0.0,0.0,0.6087811,0.18615611,0.1100624,0.99998695,-0.0030104255,0.0041161356,0.00016749167,0.0013923171,-0.0020064616,-0.0009982553,0.01722939,0.011290333,-0.0024159974,0.4138228,0.051954508,0.020999972,0.99999994,-1.2522148e-05,-9.104371e-06,-2.0209457e-06,0.00010564365,6.2424435e-05,-0.00021171363,-0.0070162993,0.0008600389,1.664827e-05
0.0,0.0,0.0,0.0,0.0,0.0,1.0,0.6087811,0.18615611,0.110062405,0.4138228,0.051954508,0.020999976,0.4122709,0.07670067,0.27114844,0.0074178274,-0.8999499,-0.023802876,-0.43527997,-0.25406072,-0.36260402,0.5398032,-3.0717998,0.10556833,3.6337569,0.9587299,0.03999887,0.039996903,-0.0032380358,0.0005178823,-0.000503178,-7.320016e-07,0.00066235755,-0.00021113601,0.00021632118,7.188831e-05,1.8603312e-05,0.0,0.0,0.0,0.0,0.0,0.0,0.04,0.04,-0.2540929,-0.36259723,0.539789,-3.0717998,0.10557307,3.6337566,0.9587299,0.03999963,0.039998215,-0.0001995902,3.5794066e-05,-2.611791e-05,-2.1037622e-06,4.3603595e-05,-1.22913925e-05,1.1335012e-05,1.0349842e-05,3.3159828e-05,5.5879354e-09,2.3283064e-10,-3.7252903e-09,1.0,-1.489095e-10,-8.781334e-10,-8.472538e-11,0.0,0.0,0.0,0.0,0.0,0.0,0.6087853,0.18614425,0.11005838,0.999987,-0.0029621813,0.004132392,0.00016534436,0.00024940257,-0.00053761277,-0.00018308981,0.0051176706,0.0017853645,-0.00070444035,0.4138228,0.05195451,0.020999938,0.99999994,-1.2812212e-05,-8.649456e-06,-2.0326277e-06,0.00010709781,6.226463e-05,-0.00021262566,-0.006990488,0.0009320256,1.602927e-05
0.0,0.0,0.0,0.0,0.0,0.0,1.0,0.6087853,0.18614425,0.11005838,0.4138228,0.05195451,0.020999942,0.4122741,0.07668172,0.2711469,0.007410973,-0.89995146,-0.023779064,-0.4352779,-0.2540929,-0.36259723,0.539789,-3.0717998,0.10557307,3.6337566,0.9587299,0.03999963,0.039998215,-0.0001995902,3.5794066e-05,-2.611791e-05,-2.1037622e-06,4.3603595e-05,-1.22913925e-05,1.1335012e-05,1.0349842e-05,3.3159828e-05,0.0,0.0,0.0,0.0,0.0,0.0,0.04,0.04,-0.2540948,-0.36259687,0.53978825,-3.0717998,0.10557333,3.6337566,0.9587299,0.039999813,0.039999064,-1.0198795e-05,1.6823253e-06,-4.234792e-06,-1.6319024e-06,4.477621e-07,-4.831395e-07,1.866509e-06,3.6412619e-06,1.8610888e-05,5.5879354e-09,2.3283064e-10,-3.7252903e-09,1.0,-1.489095e-10,-8.781334e-10,-8.472538e-11,0.0,0.0,0.0,0.0,0.0,0.0,0.6087815,0.18614893,0.11006152,0.9999871,-0.0029814795,0.004117405,0.00016616608,0.00044303894,0.00028709037,-0.00027985228,-0.0021799689,0.0044260747,0.00014130527,0.41382277,0.0519545,0.020999972,0.99999994,-1.2357553e-05,-8.855269e-06,-2.1001852e-06,0.000105875784,6.210548e-05,-0.00021211056,-0.0069981418,0.0008842794,1.7020375e-05
0.0,0.0,0.0,0.0,0.0,0.0,1.0,0.6087815,0.18614893,0.11006153,0.41382277,0.0519545,0.020999976,0.41227427,0.07668052,0.2711469,0.007410496,-0.8999516,-0.023777485,-0.43527776,-0.2540948,-0.36259687,0.53978825,-3.0717998,0.10557333,3.6337566,0.9587299,0.039999813,0.039999064,-1.0198795e-05,1.6823253e-06,-4.234792e-06,-1.6319024e-06,4.477621e-07,-4.831395e-07,1.866509e-06,3.6412619e-06,1.8610888e-05,0.0,0.0,0.0,0.0,0.0,0.0,0.04,0.04,-0.2540948,-0.36259687,0.53978825,-3.0717998,0.10557333,3.6337566,0.9587299,0.039999932,0.03999952,-1.160461e-06,1.0494521e-07,-1.4976574e-07,-1.2698219e-07,4.793212e-07,-2.7230845e-08,8.925984e-09,1.8314638e-06,9.666279e-06,5.5879354e-09,2.3283064e-10,-3.7252903e-09,1.0,-1.489095e-10,-8.781334e-10,-8.472538e-11,0.0,0.0,0.0,0.0,0.0,0.0,0.6087811,0.18615611,0.110062376,0.99998695,-0.0030101482,0.004116227,0.00016758854,0.0013916006,-0.0019997517,-0.0010006139,0.017157711,0.011271209,-0.0024162414,0.4138228,0.051954515,0.020999951,0.99999994,-1.2840345e-05,-8.953651e-06,-2.0882849e-06,0.000105656385,6.286457e-05,-0.00021203818,-0.00700911,0.00088345906,1.6445469e-05
0.0,0.0,0.0,0.0,0.0,0.0,1.0,0.6087811,0.18615611,0.110062376,0.4138228,0.051954515,0.020999955,0.41227427,0.07668052,0.2711469,0.007410496,-0.8999516,-0.023777485,-0.43527776,-0.2540948,-0.36259687,0.53978825,-3.0717998,0.10557333,3.6337566,0.9587299,0.039999932,0.03999952,-1.160461e-06,1.0494521e-07,-1.4976574e-07,-1.2698219e-07,4.793212e-07,-2.7230845e-08,8.925984e-09,1.8314638e-06,9.666279e-06,0.0,0.0,0.0,0.0,0.0,0.0,0.04,0.04,-0.2540948,-0.36259687,0.53978825,-3.0717998,0.10557333,3.6337566,0.9587299,0.039999932,0.039999757,-3.412853e-07,-1.1542861e-07,2.422638e-07,-9.177356e-09,3.7821493e-07,-1.0933175e-09,6.2725984e-09,9.68771e-07,5.05045e-06,5.5879354e-09,2.3283064e-10,-3.7252903e-09,1.0,-1.489095e-10,-8.781334e-10,-8.472538e-11,0.0,0.0,0.0,0.0,0.0,0.0,0.6087853,0.18614425,0.11005838,0.9999871,-0.0029620954,0.0041326885,0.00016525589,0.00024885524,-0.00055168907,-0.00018514736,0.00524411,0.0018020236,-0.00069544354,0.4138228,0.05195452,0.020999985,0.99999994,-1.2650688e-05,-8.226932e-06,-2.0436903e-06,0.00010705694,6.2115796e-05,-0.00021281253,-0.006992254,0.00093006634,1.639223e-05
0.0,0.0,0.0,0.0,0.0,0.0,1.0,0.6087853,0.18614425,0.11005838,0.4138228,0.05195452,0.020999989,0.41227427,0.07668052,0.2711469,0.007410496,-0.8999516,-0.023777485,-0.43527776,-0.2540948,-0.36259687,0.53978825,-3.0717998,0.10557333,3.6337566,0.9587299,0.039999932,0.039999757,-3.412853e-07,-1.1542861e-07,2.422638e-07,-9.177356e-09,3.7821493e-07,-1.0933175e-09,6.2725984e-09,9.68771e-07,5.05045e-06,0.0,0.0,0.0,0.0,0.0,0.0,0.04,0.04,-0.2540948,-0.36259687,0.53978825,-3.0717998,0.10557333,3.6337566,0.9587299,0.039999932,0.039999876,-2.7191024e-07,-1.3824604e-07,2.756604e-07,8.161531e-10,3.7406662e-07,6.187284e-10,2.6499665e-09,9.683232e-07,2.6334144e-06,5.5879354e-09,2.3283064e-10,-3.7252903e-09,1.0,-1.489095e-10,-8.781334e-10,-8.472538e-11,0.0,0.0,0.0,0.0,0.0,0.0,0.60878295,0.18614915,0.11006082,0.999987,-0.0029833803,0.0041231876,0.00016589547,0.0004500964,7.5970136e-05,-0.00021924548,0.0001370551,0.004373795,0.00012323144,0.41382277,0.051954508,0.020999959,0.99999994,-1.2697149e-05,-9.021238e-06,-2.1416686e-06,0.00010565686,6.2896e-05,-0.00021202696,-0.0070095197,0.00088367634,1.6404174e-05
0.0,0.0,0.0,0.0,0.0,0.0,1.0,0.60878295,0.18614915,0.110060826,0.41382277,0.051954508,0.020999962,0.41227427,0.07668052,0.2711469,0.007410496,-0.8999516,-0.023777485,-0.43527776,-0.2540948,-0.36259687,0.53978825,-3.0717998,0.10557333,3.6337566,0.9587299,0.039999932,0.039999876,-2.7191024e-07,-1.3824604e-07,2.756604e-07,8.161531e-10,3.7406662e-07,6.187284e-10,2.6499665e-09,9.683232e-07,2.6334144e-06,0.0,0.0,0.0,0.0,0.0,0.0,0.04,0.04,-0.2540948,-0.36259687,0.53978825,-3.0717998,0.10557333,3.6337566,0.9587299,0.039999932,0.039999932,-2.697774e-07,-1.4097897e-07,2.7703786e-07,8.118296e-10,3.7764613e-07,1.1970214e-10,-3.1934425e-10,9.68256e-07,9.660938e-07,5.5879354e-09,2.3283064e-10,-3.7252903e-09,1.0,-1.489095e-10,-8.781334e-10,-8.472538e-11,0.0,0.0,0.0,0.0,0.0,0.0,0.60878116,0.18615608,0.1100624,0.9999869,-0.003010024,0.0041161706,0.00016763779,0.0013897766,-0.0020047526,-0.0009973128,0.01721562,0.011263358,-0.002413126,0.4138228,0.051954508,0.020999933,0.99999994,-1.2742165e-05,-8.434101e-06,-2.054727e-06,0.00010710464,6.207089e-05,-0.00021260005,-0.0069862003,0.00093200343,1.6196936e-05
0.0,0.0,0.0,0.0,0.0,0.0,1.0,0.60878116,0.18615608,0.110062405,0.4138228,0.051954508,0.020999936,0.41227427,0.07668052,0.2711469,0.007410496,-0.8999516,-0.023777485,-0.43527776,-0.2540948,-0.36259687,0.53978825,-3.0717998,0.10557333,3.6337566,0.9587299,0.039999932,0.039999932,-2.697774e-07,-1.4097897e-07,2.7703786e-07,8.118296e-10,3.7764613e-07,1.1970214e-10,-3.1934425e-10,9.68256e-07,9.660938e-07,0.0,0.0,0.0,0.0,0.0,0.0,0.04,0.04,-0.2540948,-0.36259687,0.53978825,-3.0717998,0.10557333,3.6337566,0.9587299,0.039999932,0.039999932,-2.7540804e-07,-1.4067702e-07,2.7412113e-07,4.247909e-10,3.7797295e-07,1.2551188e-10,-1.28186906e-11,9.683168e-07,9.685639e-07,5.5879354e-09,2.3283064e-10,-3.7252903e-09,1.0,-1.489095e-10,-8.781334e-10,-8.472538e-11,0.0,0.0,0.0,0.0,0.0,0.0,0.6087853,0.18614422,0.1100583,0.99998707,-0.0029618016,0.004132804,0.00016536078,0.00025520418,-0.00060014345,-0.00020012303,0.0056785056,0.0019242036,-0.0006826709,0.4138228,0.051954508,0.020999962,0.99999994,-1.262532e-05,-9.077409e-06,-2.0689397e-06,0.00010556726,6.306514e-05,-0.0002116505,-0.0070262915,0.0008610387,1.603923e-05
0.0,0.0,0.0,0.0,0.0,0.0,1.0,0.6087853,0.18614422,0.11005831,0.4138228,0.051954508,0.020999966,0.41227427,0.07668052,0.2711469,0.007410496,-0.8999516,-0.023777485,-0.43527776,-0.2540948,-0.36259687,0.53978825,-3.0717998,0.10557333,3.6337566,0.9587299,0.039999932,0.039999932,-2.7540804e-07,-1.4067702e-07,2.7412113e-07,4.247909e-10,3.7797295e-07,1.2551188e-10,-1.28186906e-11,9.683168e-07,9.685639e-07,0.0,0.0,0.0,0.0,0.0,0.0,0.04,0.04,-0.2540948,-0.36259687,0.53978825,-3.0717998,0.10557333,3.6337566,0.9587299,0.039999932,0.039999932,-2.7592807e-07,-1.4057817e-07,2.738646e-07,3.9448894e-10,3.7804264e-07,1.1342009e-10,-1.5278903e-11,9.683198e-07,9.685608e-07,5.5879354e-09,2.3283064e-10,-3.7252903e-09,1.0,-1.489095e-10,-8.781334e-10,-8.472538e-11,0.0,0.0,0.0,0.0,0.0,0.0,0.608783,0.18614917,0.11006084,0.99998707,-0.0029832756,0.004123563,0.0001659281,0.00045153737,7.480377e-05,-0.00022157938,0.00015725859,0.0043884865,0.00012588284,0.4138228,0.05195451,0.020999929,0.99999994,-1.25927245e-05,-8.421929e-06,-2.0505831e-06,0.00010720334,6.2016225e-05,-0.00021263435,-0.0069866152,0.0009331008,1.61701e-05
0.0,0.0,0.0,0.0,0.0,0.0,1.0,0.608783,0.18614917,0.11006084,0.4138228,0.05195451,0.020999933,0.41227427,0.07668052,0.2711469,0.007410496,-0.8999516,-0.023777485,-0.43527776,-0.2540948,-0.36259687,0.53978825,-3.0717998,0.10557333,3.6337566,0.9587299,0.039999932,0.039999932,-2.7592807e-07,-1.4057817e-07,2.738646e-07,3.9448894e-10,3.7804264e-07,1.1342009e-10,-1.5278903e-11,9.683198e-07,9.685608e-07,0.0,0.0,0.0,0.0,0.0,0.0,0.04,0.04,-0.2540948,-0.36259687,0.53978825,-3.0717998,0.10557333,3.6337566,0.9587299,0.039999932,0.039999932,-2.7597832e-07,-1.4056701e-07,2.7384021e-07,3.8986298e-10,3.7804924e-07,1.12091225e-10,-1.547995e-11,9.683201e-07,9.685605e-07,5.5879354e-09,2.3283064e-10,-3.7252903e-09,1.0,-1.489095e-10,-8.781334e-10,-8.472538e-11,0.0,0.0,0.0,0.0,0.0,0.0,0.6087821,0.18615581,0.11006205,0.99998695,-0.0030094506,0.004120242,0.0001670859,0.0007938514,-0.0023333705,-0.0006931812,0.02054176,0.006000911,-0.0021808539,0.4138228,0.051954493,0.020999968,0.99999994,-1.2483449e-05,-9.0773165e-06,-2.0540954e-06,0.00010435138,6.2983374e-05,-0.00021142261,-0.0070185238,0.0008360871,1.7171125e-05
0.0,0.0,0.0,0.0,0.0,0.0,1.0,0.6087821,0.18615581,0.11006205,0.4138228,0.051954493,0.020999972,0.41227427,0.07668052,0.2711469,0.007410496,-0.8999516,-0.023777485,-0.43527776,-0.2540948,-0.36259687,0.53978825,-3.0717998,0.10557333,3.6337566,0.9587299,0.039999932,0.039999932,-2.7597832e-07,-1.4056701e-07,2.7384021e-07,3.8986298e-10,3.7804924e-07,1.12091225e-10,-1.547995e-11,9.683201e-07,9.685605e-07,0.0,0.0,0.0,0.0,0.0,0.0,0.04,0.04,-0.2540948,-0.36259687,0.53978825,-3.0717998,0.10557333,3.6337566,0.9587299,0.039999932,0.039999932,-2.7598315e-07,-1.4056586e-07,2.7383783e-07,3.8930806e-10,3.7804995e-07,1.1192623e-10,-1.5507054e-11,9.683198e-07,9.685608e-07,5.5879354e-09,2.3283064e-10,-3.7252903e-09,1.0,-1.489095e-10,-8.781334e-10,-8.472538e-11,0.0,0.0,0.0,0.0,0.0,0.0,0.6087852,0.18614456,0.11005845,0.9999871,-0.002963086,0.004132484,0.00016525108,0.0002853014,-0.00052732136,-0.00012953379,0.004810261,0.0020297065,-0.00084776746,0.4138228,0.051954515,0.020999927,0.99999994,-1.2851836e-05,-8.570807e-06,-2.048331e-06,0.00010710841,6.2223924e-05,-0.00021263935,-0.0069900467,0.00093220756,1.6071537e-05
0.0,0.0,0.0,0.0,0.0,0.0,1.0,0.6087852,0.18614456,0.11005846,0.4138228,0.051954515,0.02099993,0.41227427,0.07668052,0.2711469,0.007410496,-0.8999516,-0.023777485,-0.43527776,-0.2540948,-0.36259687,0.53978825,-3.0717998,0.10557333,3.6337566,0.9587299,0.039999932,0.039999932,-2.7598315e-07,-1.4056586e-07,2.7383783e-07,3.8930806e-10,3.7804995e-07,1.1192623e-10,-1.5507054e-11,9.683198e-07,9.685608e-07,0.0,0.0,0.0,0.0,0.0,0.0,0.04,0.04,-0.2540948,-0.36259687,0.53978825,-3.0717998,0.10557333,3.6337566,0.9587299,0.039999932,0.039999932,-2.759836e-07,-1.4056567e-07,2.738376e-07,3.8923686e-10,3.780501e-07,1.1188815e-10,-1.5486584e-11,9.683197e-07,9.685605e-07,5.5879354e-09,2.3283064e-10,-3.7252903e-09,1.0,-1.489095e-10,-8.781334e-10,-8.472538e-11,0.0,0.0,0.0,0.0,0.0,0.0,0.60878295,0.18614915,0.11006088,0.99998707,-0.0029834486,0.0041230614,0.00016592944,0.00044946288,7.6206576e-05,-0.00021952302,0.00013550578,0.0043677785,0.00012395188,0.4138228,0.051954493,0.020999951,0.99999994,-1.2308128e-05,-8.623998e-06,-2.0650318e-06,0.000107324224,6.160332e-05,-0.00021234024,-0.006995844,0.0009116382,1.6222337e-05
0.0,0.0,0.0,0.0,0.0,0.0,1.0,0.60878295,0.18614915,0.110060886,0.4138228,0.051954493,0.020999955,0.41227427,0.07668052,0.2711469,0.007410496,-0.8999516,-0.023777485,-0.43527776,-0.2540948,-0.36259687,0.53978825,-3.0717998,0.10557333,3.6337566,0.9587299,0.039999932,0.039999932,-2.759836e-07,-1.4056567e-07,2.738376e-07,3.8923686e-10,3.780501e-07,1.1188815e-10,-1.5486584e-11,9.683197e-07,9.685605e-07,0.0,0.0,0.0,0.0,0.0,0.0,0.04,0.04,-0.2540948,-0.36259687,0.53978825,-3.0717998,0.10557333,3.6337566,0.9587299,0.039999932,0.039999932,-2.7598372e-07,-1.405657e-07,2.738376e-07,3.8922005e-10,3.7805e-07,1.11927564e-10,-1.5497322e-11,9.683198e-07,9.685606e-07,5.5879354e-09,2.3283064e-10,-3.7252903e-09,1.0,-1.489095e-10,-8.781334e-10,-8.472538e-11,0.0,0.0,0.0,0.0,0.0,0.0,0.60878205,0.18615583,0.11006202,0.999987,-0.0030094287,0.0041201767,0.00016706146,0.000796141,-0.0023393012,-0.0006944152,0.020596722,0.0060207355,-0.0021854886,0.4138228,0.051954523,0.020999992,0.99999994,-1.3162387e-05,-8.970939e-06,-2.2313939e-06,0.000106106454,6.266206e-05,-0.0002123547,-0.0070127905,0.00089159637,1.6479255e-05
0.0,0.0,0.0,0.0,0.0,0.0,1.0,0.60878205,0.18615583,0.11006202,0.4138228,0.051954523,0.020999996,0.41227427,0.07668052,0.2711469,0.007410496,-0.8999516,-0.023777485,-0.43527776,-0.2540948,-0.36259687,0.53978825,-3.0717998,0.10557333,3.6337566,0.9587299,0.039999932,0.039999932,-2.7598372e-07,-1.405657e-07,2.738376e-07,3.8922005e-10,3.7805e-07,1.11927564e-10,-1.5497322e-11,9.683198e-07,9.685606e-07,0.0,0.0,0.0,0.0,0.0,0.0,0.04,0.04,-0.2540948,-0.36259687,0.53978825,-3.0717998,0.10557333,3.6337566,0.9587299,0.039999932,0.039999932,-2.7598367e-07,-1.4056567e-07,2.7383754e-07,3.8922623e-10,3.7805006e-07,1.1194115e-10,-1.5507678e-11,9.683198e-07,9.685605e-07,5.5879354e-09,2.3283064e-10,-3.7252903e-09,1.0,-1.489095e-10,-8.781334e-10,-8.472538e-11,0.0,0.0,0.0,0.0,0.0,0.0,0.6087853,0.18614456,0.11005844,0.99998707,-0.0029629474,0.0041326275,0.00016530619,0.00028812923,-0.0005408938,-0.00013835175,0.004936523,0.0020803022,-0.00084040716,0.4138228,0.05195452,0.020999948,0.99999994,-1.2952208e-05,-9.005618e-06,-2.098088e-06,0.00010685165,6.2502935e-05,-0.00021193986,-0.007023926,0.0008850473,1.5525498e-05
0.0,0.0,0.0,0.0,0.0,0.0,1.0,0.6087853,0.18614456,0.11005844,0.4138228,0.05195452,0.020999951,0.41227427,0.07668052,0.2711469,0.007410496,-0.8999516,-0.023777485,-0.43527776,-0.2540948,-0.36259687,0.53978825,-3.0717998,0.10557333,3.6337566,0.9587299,0.039999932,0.039999932,-2.7598367e-07,-1.4056567e-07,2.7383754e-07,3.8922623e-10,3.7805006e-07,1.1194115e-10,-1.5507678e-11,9.683198e-07,9.685605e-07,0.0,0.0,0.0,0.0,0.0,0.0,0.04,0.04,-0.2540948,-0.36259687,0.53978825,-3.0717998,0.10557333,3.6337566,0.9587299,0.039999932,0.039999932,-2.759837e-07,-1.4056566e-07,2.7383751e-07,3.892388e-10,3.780501e-07,1.119078e-10,-1.5519556e-11,9.6832e-07,9.685605e-07,5.5879354e-09,2.3283064e-10,-3.7252903e-09,1.0,-1.489095e-10,-8.781334e-10,-8.472538e-11,0.0,0.0,0.0,0.0,0.0,0.0,0.60878295,0.18614914,0.110060856,0.99998707,-0.0029833203,0.004123372,0.000165841,0.00044876357,7.585221e-05,-0.0002216008,0.00014474175,0.0043612635,0.00012623116,0.41382283,0.051954515,0.020999989,0.99999994,-1.2708667e-05,-8.335473e-06,-2.0348548e-06,0.0001069446,6.2037034e-05,-0.00021250662,-0.0070059462,0.000906051,1.6352164e-05
0.0,0.0,0.0,0.0,0.0,0.0,1.0,0.60878295,0.18614914,0.110060856,0.41382283,0.051954515,0.020999992,0.41227427,0.07668052,0.2711469,0.007410496,-0.8999516,-0.023777485,-0.43527776,-0.2540948,-0.36259687,0.53978825,-3.0717998,0.10557333,3.6337566,0.9587299,0.039999932,0.039999932,-2.759837e-07,-1.4056566e-07,2.7383751e-07,3.892388e-10,3.780501e-07,1.119078e-10,-1.5519556e-11,9.6832e-07,9.685605e-07,0.0,0.0,0.0,0.0,0.0,0.0,0.04,0.04,-0.2540948,-0.36259687,0.53978825,-3.0717998,0.10557333,3.6337566,0.9587299,0.039999932,0.039999932,-2.759837e-07,-1.4056567e-07,2.7383754e-07,3.8922426e-10,3.7805006e-07,1.11929466e-10,-1.5556402e-11,9.683198e-07,9.685605e-07,5.5879354e-09,2.3283064e-10,-3.7252903e-09,1.0,-1.489095e-10,-8.781334e-10,-8.472538e-11,0.0,0.0,0.0,0.0,0.0,0.0,0.6087811,0.18615606,0.11006241,0.99998695,-0.003010044,0.0041162083,0.00016760193,0.0013903767,-0.0020063,-0.0009980267,0.017228093,0.011266923,-0.0024153509,0.4138228,0.05195451,0.020999959,0.99999994,-1.2668191e-05,-9.025164e-06,-2.0656682e-06,0.00010555242,6.325334e-05,-0.00021166951,-0.0070302724,0.00086127495,1.5887494e-05
0.0,0.0,0.0,0.0,0.0,0.0,1.0,0.6087811,0.18615606,0.11006242,0.4138228,0.05195451,0.020999962,0.41227427,0.07668052,0.2711469,0.007410496,-0.8999516,-0.023777485,-0.43527776,-0.2540948,-0.36259687,0.53978825,-3.0717998,0.10557333,3.6337566,0.9587299,0.039999932,0.039999932,-2.759837e-07,-1.4056567e-07,2.7383754e-07,3.8922426e-10,3.7805006e-07,1.11929466e-10,-1.5556402e-11,9.683198e-07,9.685605e-07,0.0,0.0,0.0,0.0,0.0,0.0,0.04,0.04,-0.2540948,-0.36259687,0.53978825,-3.0717998,0.10557333,3.6337566,0.9587299,0.039999932,0.039999932,-2.7598367e-07,-1.4056566e-07,2.7383757e-07,3.8924908e-10,3.7805006e-07,1.11917225e-10,-1.5521407e-11,9.683198e-07,9.685604e-07,5.5879354e-09,2.3283064e-10,-3.7252903e-09,1.0,-1.489095e-10,-8.781334e-10,-8.472538e-11,0.0,0.0,0.0,0.0,0.0,0.0,0.6087853,0.18614426,0.1100584,0.999987,-0.002962119,0.004132516,0.00016525092,0.00025001963,-0.00053248263,-0.00017907572,0.0050606006,0.0017820918,-0.0007116843,0.4138228,0.051954508,0.020999933,0.99999994,-1.2725538e-05,-8.53721e-06,-2.0673424e-06,0.00010712664,6.219871e-05,-0.00021262262,-0.0069891606,0.0009325322,1.6060196e-05
0.0,0.0,0.0,0.0,0.0,0.0,1.0,0.6087853,0.18614426,0.1100584,0.4138228,0.051954508,0.020999936,0.41227427,0.07668052,0.2711469,0.007410496,-0.8999516,-0.023777485,-0.43527776,-0.2540948,-0.36259687,0.53978825,-3.0717998,0.10557333,3.6337566,0.9587299,0.039999932,0.039999932,-2.7598367e-07,-1.4056566e-07,2.7383757e-07,3.8924908e-10,3.7805006e-07,1.11917225e-10,-1.5521407e-11,9.683198e-07,9.685604e-07,0.0,0.0,0.0,0.0,0.0,0.0,0.04,0.04,-0.2540948,-0.36259687,0.53978825,-3.0717998,0.10557333,3.6337566,0.9587299,0.039999932,0.039999932,-2.759837e-07,-1.4056567e-07,2.738376e-07,3.8923048e-10,3.7805006e-07,1.1189743e-10,-1.5484381e-11,9.683198e-07,9.685605e-07,5.5879354e-09,2.3283064e-10,-3.7252903e-09,1.0,-1.489095e-10,-8.781334e-10,-8.472538e-11,0.0,0.0,0.0,0.0,0.0,0.0,0.6087815,0.18614896,0.11006152,0.9999871,-0.0029814832,0.004117355,0.00016612749,0.00044159475,0.00028815016,-0.000280039,-0.0021866646,0.0044121174,0.0001437687,0.4138228,0.051954504,0.020999972,0.99999994,-1.24969165e-05,-9.087699e-06,-2.0751559e-06,0.00010429539,6.313516e-05,-0.00021142478,-0.0070211687,0.0008354716,1.7078353e-05
0.0,0.0,0.0,0.0,0.0,0.0,1.0,0.6087815,0.18614896,0.11006153,0.4138228,0.051954504,0.020999976,0.41227427,0.07668052,0.2711469,0.007410496,-0.8999516,-0.023777485,-0.43527776,-0.2540948,-0.36259687,0.53978825,-3.0717998,0.10557333,3.6337566,0.9587299,0.039999932,0.039999932,-2.759837e-07,-1.4056567e-07,2.738376e-07,3.8923048e-10,3.7805006e-07,1.1189743e-10,-1.5484381e-11,9.683198e-07,9.685605e-07,0.0,0.0,0.0,0.0,0.0,0.0,0.04,0.04,-0.2540948,-0.36259687,0.53978825,-3.0717998,0.10557333,3.6337566,0.9587299,0.039999932,0.039999932,-2.7598372e-07,-1.4056563e-07,2.7383757e-07,3.8922454e-10,3.7805e-07,1.119327e-10,-1.5516064e-11,9.683198e-07,9.685606e-07,5.5879354e-09,2.3283064e-10,-3.7252903e-09,1.0,-1.489095e-10,-8.781334e-10,-8.472538e-11,0.0,0.0,0.0,0.0,0.0,0.0,0.60878116,0.18615612,0.110062376,0.99998695,-0.0030101333,0.0041163554,0.00016745851,0.001390881,-0.0019985826,-0.0010007095,0.017146524,0.011261926,-0.0024155811,0.4138228,0.05195451,0.02099993,0.99999994,-1.284042e-05,-8.573045e-06,-2.0466346e-06,0.00010714703,6.2106636e-05,-0.00021262845,-0.0069880164,0.0009323275,1.6138622e-05
0.0,0.0,0.0,0.0,0.0,0.0,1.0,0.60878116,0.18615612,0.110062376,0.4138228,0.05195451,0.020999935,0.41227427,0.07668052,0.2711469,0.007410496,-0.8999516,-0.023777485,-0.43527776,-0.2540948,-0.36259687,0.53978825,-3.0717998,0.10557333,3.6337566,0.9587299,0.039999932,0.039999932,-2.7598372e-07,-1.4056563e-07,2.7383757e-07,3.8922454e-10,3.7805e-07,1.119327e-10,-1.5516064e-11,9.683198e-07,9.685606e-07,0.0,0.0,0.0,0.0,0.0,0.0,0.04,0.04,-0.2540948,-0.36259687,0.53978825,-3.0717998,0.10557333,3.6337566,0.9587299,0.039999932,0.039999932,-2.7598367e-07,-1.4056569e-07,2.7383751e-07,3.8921608e-10,3.7805003e-07,1.11916185e-10,-1.5464012e-11,9.683198e-07,9.685605e-07,5.5879354e-09,2.3283064e-10,-3.7252903e-09,1.0,-1.489095e-10,-8.781334e-10,-8.472538e-11,0.0,0.0,0.0,0.0,0.0,0.0,0.6087853,0.18614426,0.110058375,0.9999871,-0.0029622195,0.004132627,0.00016521796,0.000250191,-0.00055685284,-0.00018582598,0.005288945,0.0018178108,-0.00069708907,0.4138228,0.051954497,0.020999948,0.99999994,-1.2357767e-05,-8.576543e-06,-2.0441119e-06,0.0001074116,6.1748025e-05,-0.00021264634,-0.0069830865,0.00093565026,1.6222168e-05
0.0,0.0,-0.2,0.0,0.0,0.0,1.0,0.6087853,0.18614426,0.11005838,0.4138228,0.051954497,0.020999951,0.41227427,0.07668052,0.2711469,0.007410496,-0.8999516,-0.023777485,-0.43527776,-0.2540948,-0.36259687,0.53978825,-3.0717998,0.10557333,3.6337566,0.9587299,0.039999932,0.039999932,-2.7598367e-07,-1.4056569e-07,2.7383751e-07,3.8921608e-10,3.7805003e-07,1.11916185e-10,-1.5464012e-11,9.683198e-07,9.685605e-07,0.0,0.0,-0.1,0.0,0.0,0.0,0.04,0.04,-0.3046144,-0.30266747,0.61017936,-3.0670807,0.15685959,3.7109969,0.92347264,0.039996617,0.039997768,-1.4279845,2.1722293,2.034424,0.055783946,1.5060068,2.1343796,-1.061191,-0.00014478836,0.00024341018,5.5879354e-09,2.3283064e-10,-3.7252903e-09,1.0,-1.489095e-10,-8.781334e-10,-8.472538e-11,0.0,0.0,0.0,0.0,0.0,0.0,0.60878295,0.18614917,0.11006084,0.99998707,-0.0029835475,0.0041233627,0.00016593933,0.00044948905,7.6814555e-05,-0.00021895957,0.00012742578,0.004367689,0.0001233367,0.4138228,0.051954508,0.02099993,0.99999994,-1.2656368e-05,-8.5975635e-06,-2.0507066e-06,0.00010582804,6.279486e-05,-0.00021234137,-0.0069927606,0.0009081937,1.6565666e-05
0.0,0.0,-0.2,0.0,0.0,0.0,1.0,0.60878295,0.18614917,0.11006084,0.4138228,0.051954508,0.020999935,0.4142529,0.07749735,0.26433867,0.006713241,-0.895327,-0.024763823,-0.44466975,-0.3046144,-0.30266747,0.61017936,-3.0670807,0.15685959,3.7109969,0.92347264,0.039996617,0.039997768,-1.4279845,2.1722293,2.034424,0.055783946,1.5060068,2.1343796,-1.061191,-0.00014478836,0.00024341018,0.0,0.0,-0.1,0.0,0.0,0.0,0.04,0.04,-0.35113385,-0.23022345,0.6783944,-3.0618136,0.21923207,3.7525003,0.87237513,0.03999028,0.04,-1.228392,2.1742864,1.8590335,0.1956386,1.8064113,-3.3398937e-06,-1.5321491,0.0001359955,0.00012324887,5.5879354e-09,2.3283064e-10,-3.7252903e-09,1.0,-1.489095e-10,-8.781334e-10,-8.472538e-11,0.0,0.0,0.0,0.0,0.0,0.0,0.6087821,0.18615586,0.11006199,0.99998707,-0.0030097668,0.0041201813,0.00016713145,0.0007940178,-0.0023349696,-0.00069272297,0.02055872,0.006004897,-0.0021808248,0.4138228,0.0519545,0.02099997,0.99999994,-1.2387424e-05,-9.062323e-06,-2.0310033e-06,0.00010567383,6.23577e-05,-0.00021171787,-0.007015251,0.00086028967,1.6682681e-05
0.0,0.0,-0.2,0.0,0.0,0.0,1.0,0.6087821,0.18615586,0.11006199,0.4138228,0.0519545,0.020999974,0.41274163,0.076435454,0.24646804,0.0028539002,-0.90046525,-0.024926454,-0.43420398,-0.35113385,-0.23022345,0.6783944,-3.0618136,0.21923207,3.7525003,0.87237513,0.03999028,0.04,-1.228392,2.1742864,1.8590335,0.1956386,1.8064113,-3.3398937e-06,-1.5321491,0.0001359955,0.00012324887,0.0,0.0,-0.1,0.0,0.0,0.0,0.04,0.04,-0.3932887,-0.15760534,0.7432046,-3.0521548,0.2931326,3.7525,0.8041223,0.039993096,0.04,-1.1373124,2.1750014,1.7677897,0.36463335,2.1451192,-0.0016066938,-2.031547,-1.0813594e-05,0.00034923592,5.5879354e-09,2.3283064e-10,-3.7252903e-09,1.0,-1.489095e-10,-8.781334e-10,-8.472538e-11,0.0,0.0,0.0,0.0,0.0,0.0,0.6087852,0.18614453,0.11005844,0.999987,-0.0029630435,0.0041325865,0.00016528355,0.0002865632,-0.0005320459,-0.00013241018,0.004853927,0.0020494715,-0.0008455708,0.4138228,0.051954504,0.020999935,0.99999994,-1.2423533e-05,-8.450816e-06,-2.0603723e-06,0.00010722771,6.180648e-05,-0.00021235245,-0.006999366,0.0009106456,1.613288e-05
0.0,0.0,-0.2,0.0,0.0,0.0,1.0,0.6087852,0.18614453,0.11005844,0.4138228,0.051954504,0.020999938,0.40892875,0.07432129,0.22244963,-0.0042573516,-0.9128736,-0.026063025,-0.4073873,-0.3932887,-0.15760534,0.7432046,-3.0521548,0.2931326,3.7525,0.8041223,0.039993096,0.04,-1.1373124,2.1750014,1.7677897,0.36463335,2.1451192,-0.0016066938,-2.031547,-1.0813594e-05,0.00034923592,0.0,0.0,-0.1,0.0,0.0,0.0,0.04,0.04,-0.42567563,-0.085000746,0.79788435,-3.0375128,0.37749445,3.7524998,0.7192103,0.039990958,0.04,-0.8044552,2.1750011,1.4106327,0.5016706,2.4107716,-0.0009961043,-2.491378,-0.00012454946,0.00053078815,5.5879354e-09,2.3283064e-10,-3.7252903e-09,1.0,-1.489095e-10,-8.781334e-10,-8.472538e-11,0.0,0.0,0.0,0.0,0.0,0.0,0.60878295,0.18614918,0.11006081,0.999987,-0.0029834101,0.0041234684,0.0001658893,0.00044947752,7.656007e-05,-0.0002192669,0.00013067933,0.004367548,0.00012363259,0.4138228,0.051954497,0.020999966,0.99999994,-1.2345915e-05,-8.9808345e-06,-2.028518e-06,0.00010565369,6.238948e-05,-0.00021171448,-0.0070157084,0.00086011225,1.6675478e-05
0.0,0.0,0.0,0.0,0.0,0.0,1.0,0.60878295,0.18614918,0.11006081,0.4138228,0.051954497,0.02099997,0.4053998,0.072465785,0.20138949,-0.011441767,-0.92345345,-0.029086083,-0.38243532,-0.42567563,-0.085000746,0.79788435,-3.0375128,0.37749445,3.7524998,0.7192103,0.039990958,0.04,-0.8044552,2.1750011,1.4106327,0.5016706,2.4107716,-0.0009961043,-2.491378,-0.00012454946,0.00053078815,0.0,0.0,0.0,0.0,0.0,0.0,0.04,0.04,-0.4314344,-0.0711681,0.79722345,-3.0374146,0.3776024,3.7509496,0.7191391,0.039985288,0.039996617,-0.14045724,-0.018373284,-0.039288167,-0.0195104,-0.020366633,-0.020572426,-0.0051340414,0.0008607308,-0.00031734776,5.5879354e-09,2.3283064e-10,-3.7252903e-09,1.0,-1.489095e-10,-8.781334e-10,-8.472538e-11,0.0,0.0,0.0,0.0,0.0,0.0,0.6087821,0.18615583,0.110062025,0.99998695,-0.003009262,0.004120308,0.00016704161,0.0007963393,-0.002337824,-0.00069441705,0.020582322,0.0060238093,-0.002184668,0.4138228,0.051954493,0.020999938,0.99999994,-1.2298175e-05,-8.4503e-06,-2.0376478e-06,0.00010741596,6.153415e-05,-0.00021274922,-0.0069815787,0.00093454646,1.6517111e-05
0.0,0.0,0.0,0.0,0.0,0.0,1.0,0.6087821,0.18615583,0.11006203,0.4138228,0.051954493,0.020999942,0.4040796,0.07064533,0.19642738,-0.009791374,-0.9262299,-0.025073051,-0.3759969,-0.4314344,-0.0711681,0.79722345,-3.0374146,0.3776024,3.7509496,0.7191391,0.039985288,0.039996617,-0.14045724,-0.018373284,-0.039288167,-0.0195104,-0.020366633,-0.020572426,-0.0051340414,0.0008607308,-0.00031734776,0.0,0.0,0.0,0.0,0.0,0.0,0.04,0.04,-0.43428013,-0.071159296,0.7967078,-3.0375483,0.37780705,3.750939,0.7191148,0.04,0.039991964,-0.047099166,0.0025810867,-0.0043987255,0.0005556909,0.0061957403,-0.00043879473,-0.0011214636,0.000112726666,-1.2732535e-06,5.5879354e-09,2.3283064e-10,-3.7252903e-09,1.0,-1.489095e-10,-8.781334e-10,-8.472538e-11,0.0,0.0,0.0,0.0,0.0,0.0,0.6087852,0.18614453,0.11005844,0.9999871,-0.00296276,0.0041326582,0.00016517169,0.00028664965,-0.0005398148,-0.00013846048,0.004931149,0.0020658064,-0.0008379677,0.4138228,0.051954515,0.020999972,0.99999994,-1.2686553e-05,-8.298018e-06,-2.028823e-06,0.00010720712,6.2018946e-05,-0.00021264354,-0.0069868206,0.00093322253,1.6175592e-05
0.0,0.0,0.0,0.0,0.0,0.0,1.0,0.6087852,0.18614453,0.11005844,0.4138228,0.051954515,0.020999976,0.40425754,0.069228955,0.19638544,-0.010454804,-0.9262974,-0.023428142,-0.37591878,-0.43428013,-0.071159296,0.7967078,-3.0375483,0.37780705,3.750939,0.7191148,0.04,0.039991964,-0.047099166,0.0025810867,-0.0043987255,0.0005556909,0.0061957403,-0.00043879473,-0.0011214636,0.000112726666,-1.2732535e-06,0.0,0.0,0.0,0.0,0.0,0.0,0.04,0.04,-0.43516028,-0.07112057,0.7965452,-3.0375493,0.37786937,3.7509348,0.71910864,0.04,0.039993953,-0.014721192,0.00060072105,-0.0014935324,4.9023158e-05,0.0017381188,-0.00012656796,-0.00029056426,8.928556e-07,6.83509e-05,5.5879354e-09,2.3283064e-10,-3.7252903e-09,1.0,-1.489095e-10,-8.781334e-10,-8.472538e-11,0.0,0.0,0.0,0.0,0.0,0.0,0.608783,0.18614915,0.11006083,0.99998707,-0.0029836006,0.0041232132,0.00016595761,0.0004495007,7.5833115e-05,-0.00021879286,0.0001358611,0.004367657,0.0001223716,0.4138228,0.051954508,0.020999942,0.99999994,-1.2611805e-05,-8.917773e-06,-2.0627551e-06,0.00010552142,6.318294e-05,-0.00021164877,-0.0070281266,0.0008607296,1.597007e-05
0.0,0.0,0.0,0.0,0.0,0.0,1.0,0.608783,0.18614915,0.11006084,0.4138228,0.051954508,0.020999946,0.40432438,0.068799034,0.19637385,-0.010646045,-0.9263171,-0.022913039,-0.37589693,-0.43516028,-0.07112057,0.7965452,-3.0375493,0.37786937,3.7509348,0.71910864,0.04,0.039993953,-0.014721192,0.00060072105,-0.0014935324,4.9023158e-05,0.0017381188,-0.00012656796,-0.00029056426,8.928556e-07,6.83509e-05,0.0,0.0,0.0,0.0,0.0,0.0,0.04,0.04,-0.43543607,-0.07110956,0.7964943,-3.0375493,0.37788892,3.7509348,0.71910673,0.04,0.03999627,-0.0046079974,0.00019215413,-0.00046436582,1.1587523e-05,0.00054737454,-3.719211e-05,-9.358276e-05,7.55658e-08,5.802386e-05,5.5879354e-09,2.3283064e-10,-3.7252903e-09,1.0,-1.489095e-10,-8.781334e-10,-8.472538e-11,0.0,0.0,0.0,0.0,0.0,0.0,0.6087821,0.18615581,0.110062,0.999987,-0.0030093591,0.0041202214,0.00016711418,0.00079540786,-0.002335493,-0.0006939961,0.020560246,0.0060154186,-0.0021830366,0.4138228,0.051954515,0.02099997,0.99999994,-1.26267705e-05,-8.251791e-06,-2.0362922e-06,0.00010703697,6.213997e-05,-0.00021281527,-0.006992333,0.0009300988,1.6388994e-05
0.0,0.0,0.0,0.0,0.0,0.0,1.0,0.6087821,0.18615581,0.110062,0.4138228,0.051954515,0.020999974,0.4043456,0.06866426,0.19637078,-0.010706276,-0.9263227,-0.02275154,-0.37589112,-0.43543607,-0.07110956,0.7964943,-3.0375493,0.37788892,3.7509348,0.71910673,0.04,0.03999627,-0.0046079974,0.00019215413,-0.00046436582,1.1587523e-05,0.00054737454,-3.719211e-05,-9.358276e-05,7.55658e-08,5.802386e-05,0.0,0.0,0.0,0.0,0.0,0.0,0.04,0.04,-0.43552238,-0.07110602,0.7964784,-3.0375493,0.3778951,3.7509348,0.7191058,0.04,0.039997887,-0.001442195,6.668933e-05,-0.00014310623,4.8188494e-06,0.00017773059,-6.371306e-06,-3.619603e-05,3.1229868e-09,3.712018e-05,5.5879354e-09,2.3283064e-10,-3.7252903e-09,1.0,-1.489095e-10,-8.781334e-10,-8.472538e-11,0.0,0.0,0.0,0.0,0.0,0.0,0.6087853,0.18614452,0.11005844,0.99998695,-0.0029629653,0.0041324496,0.00016527131,0.00028608856,-0.00053222314,-0.00013223317,0.004855996,0.0020443422,-0.0008458037,0.4138228,0.051954515,0.020999935,0.99999994,-1.2935626e-05,-9.044088e-06,-2.1198332e-06,0.00010544074,6.322944e-05,-0.00021162802,-0.00702818,0.00085950276,1.5987878e-05
0.0,0.0,-0.2,0.0,0.0,0.0,1.0,0.6087853,0.18614452,0.11005844,0.4138228,0.051954515,0.020999938,0.4043522,0.06862227,0.19636986,-0.010724962,-0.9263244,-0.022701353,-0.37588918,-0.43552238,-0.07110602,0.7964784,-3.0375493,0.3778951,3.7509348,0.7191058,0.04,0.039997887,-0.001442195,6.668933e-05,-0.00014310623,4.8188494e-06,0.00017773059,-6.371306e-06,-3.619603e-05,3.1229868e-09,3.712018e-05,0.0,0.0,-0.1,0.0,0.0,0.0,0.04,0.04,-0.43882063,-0.0032099274,0.82570964,-3.017726,0.4618754,3.7525005,0.6320942,0.039989408,0.04,-0.017378265,2.1715698,0.6328174,0.629502,2.3641834,-1.3579847e-07,-2.6096256,-0.0007834714,0.001150198,5.5879354e-09,2.3283064e-10,-3.7252903e-09,1.0,-1.489095e-10,-8.781334e-10,-8.472538e-11,0.0,0.0,0.0,0.0,0.0,0.0,0.60878295,0.18614918,0.11006084,0.99998707,-0.0029833305,0.0041235886,0.00016578814,0.00044913433,7.6724566e-05,-0.00021884502,0.00012714425,0.0043640034,0.00012284736,0.4138228,0.051954497,0.020999966,0.99999994,-1.2293914e-05,-9.002884e-06,-2.063573e-06,0.00010561672,6.245387e-05,-0.00021170224,-0.0070165447,0.00085959263,1.6635839e-05
0.0,0.0,-0.2,0.0,0.0,0.0,1.0,0.60878295,0.18614918,0.11006084,0.4138228,0.051954497,0.02099997,0.4015516,0.07044895,0.17959312,-0.014750093,-0.93430233,-0.028545886,-0.35503042,-0.43882063,-0.0032099274,0.82570964,-3.017726,0.4618754,3.7525005,0.6320942,0.039989408,0.04,-0.017378265,2.1715698,0.6328174,0.629502,2.3641834,-1.3579847e-07,-2.6096256,-0.0007834714,0.001150198,0.0,0.0,-0.1,0.0,0.0,0.0,0.04,0.04,-0.42530566,0.069231264,0.82649016,-2.994924,0.53261554,3.7525003,0.54687065,0.039982423,0.04,0.46400547,2.169889,-0.19160077,0.6863248,1.7894262,3.354644e-07,-2.4073846,-0.00040827016,0.0008578581,5.5879354e-09,2.3283064e-10,-3.7252903e-09,1.0,-1.489095e-10,-8.781334e-10,-8.472538e-11,0.0,0.0,0.0,0.0,0.0,0.0,0.60878205,0.18615581,0.110062,0.999987,-0.0030093747,0.0041201347,0.000167082,0.0007933134,-0.002334877,-0.0006927062,0.020557698,0.0059962603,-0.0021810061,0.4138228,0.0519545,0.02099993,0.99999994,-1.23321615e-05,-8.391229e-06,-2.0834598e-06,0.000107227126,6.180725e-05,-0.00021235236,-0.006999472,0.0009105517,1.6136395e-05
0.0,0.0,-0.2,0.0,0.0,0.0,1.0,0.60878205,0.18615581,0.110062,0.4138228,0.0519545,0.020999935,0.3985249,0.0715666,0.16141042,-0.01681766,-0.94268274,-0.034537643,-0.3314716,-0.42530566,0.069231264,0.82649016,-2.994924,0.53261554,3.7525003,0.54687065,0.039982423,0.04,0.46400547,2.169889,-0.19160077,0.6863248,1.7894262,3.354644e-07,-2.4073846,-0.00040827016,0.0008578581,0.0,0.0,-0.1,0.0,0.0,0.0,0.04,0.04,-0.40110287,0.14159179,0.8051464,-2.9713893,0.5772695,3.7525003,0.47680506,0.039980862,0.04,0.6925912,2.172354,-0.71936494,0.6773245,1.0370599,1.6811246e-06,-1.7893509,-0.0003096125,0.00095702073,5.5879354e-09,2.3283064e-10,-3.7252903e-09,1.0,-1.489095e-10,-8.781334e-10,-8.472538e-11,0.0,0.0,0.0,0.0,0.0,0.0,0.6087852,0.18614456,0.11005844,0.9999871,-0.0029630126,0.0041325507,0.00016523013,0.00028589877,-0.00053758983,-0.00013717107,0.004911057,0.0020550573,-0.00083885,0.4138228,0.0519545,0.020999957,0.99999994,-1.2480161e-05,-8.952919e-06,-2.0518783e-06,0.00010575258,6.250248e-05,-0.0002120228,-0.0070025125,0.000884076,1.669257e-05
0.0,0.0,0.0,0.0,0.0,0.0,1.0,0.6087852,0.18614456,0.11005844,0.4138228,0.0519545,0.02099996,0.39548802,0.07312592,0.14251944,-0.015817285,-0.9505011,-0.041543096,-0.3075252,-0.40110287,0.14159179,0.8051464,-2.9713893,0.5772695,3.7525003,0.47680506,0.039980862,0.04,0.6925912,2.172354,-0.71936494,0.6773245,1.0370599,1.6811246e-06,-1.7893509,-0.0003096125,0.00095702073,0.0,0.0,0.0,0.0,0.0,0.0,0.04,0.04,-0.4080435,0.15656531,0.80240124,-2.970448,0.5775121,3.7508616,0.47651207,0.03997036,0.039995626,-0.15561305,-0.005158455,-0.050244495,-0.026119702,0.0020667708,-0.025066761,-0.018473841,0.0013316299,-0.00037597367,5.5879354e-09,2.3283064e-10,-3.7252903e-09,1.0,-1.489095e-10,-8.781334e-10,-8.472538e-11,0.0,0.0,0.0,0.0,0.0,0.0,0.60878295,0.1861492,0.110060856,0.99998707,-0.0029835082,0.004123363,0.00016590927,0.00044988567,7.6136435e-05,-0.0002196087,0.00013647437,0.0043717693,0.00012374992,0.4138228,0.0519545,0.020999929,0.99999994,-1.2435022e-05,-8.42256e-06,-2.051541e-06,0.00010743444,6.150405e-05,-0.00021275337,-0.0069813933,0.00093461474,1.65363e-05
0.0,0.0,0.0,0.0,0.0,0.0,1.0,0.60878295,0.1861492,0.110060856,0.4138228,0.0519545,0.020999933,0.39373004,0.07056279,0.13736165,-0.014120907,-0.952965,-0.036192954,-0.30058008,-0.4080435,0.15656531,0.80240124,-2.970448,0.5775121,3.7508616,0.47651207,0.03997036,0.039995626,-0.15561305,-0.005158455,-0.050244495,-0.026119702,0.0020667708,-0.025066761,-0.018473841,0.0013316299,-0.00037597367,0.0,0.0,0.0,0.0,0.0,0.0,0.04,0.04,-0.41103786,0.15681191,0.80142945,-2.9706275,0.57777834,3.750862,0.4764581,0.039994173,0.03999028,-0.047141135,0.00652499,-0.013207917,0.0012725863,0.007916286,-0.000105924824,-0.00285678,0.00036400586,3.279246e-06,5.5879354e-09,2.3283064e-10,-3.7252903e-09,1.0,-1.489095e-10,-8.781334e-10,-8.472538e-11,0.0,0.0,0.0,0.0,0.0,0.0,0.60878205,0.18615583,0.11006203,0.999987,-0.00300955,0.004120177,0.00016709969,0.0007944468,-0.0023353095,-0.00069335813,0.020560527,0.006006856,-0.0021819544,0.4138228,0.051954497,0.020999955,0.99999994,-1.226325e-05,-8.788977e-06,-2.0297182e-06,0.00010582669,6.231739e-05,-0.00021202935,-0.0069995127,0.0008846831,1.6799459e-05
0.0,0.0,0.0,0.0,0.0,0.0,1.0,0.60878205,0.18615583,0.11006203,0.4138228,0.051954497,0.020999959,0.3938564,0.06891985,0.1371907,-0.014800549,-0.95311004,-0.034237385,-0.30031645,-0.41103786,0.15681191,0.80142945,-2.9706275,0.57777834,3.750862,0.4764581,0.039994173,0.03999028,-0.047141135,0.00652499,-0.013207917,0.0012725863,0.007916286,-0.000105924824,-0.00285678,0.00036400586,3.279246e-06,0.0,0.0,0.0,0.0,0.0,0.0,0.04,0.04,-0.41195697,0.15691714,0.80113703,-2.970623,0.57785636,3.750862,0.47644338,0.03999958,0.039992776,-0.014558339,0.0017405599,-0.004011838,0.00022425901,0.0022369681,1.8954985e-05,-0.0007955515,7.930695e-05,8.391855e-05,5.5879354e-09,2.3283064e-10,-3.7252903e-09,1.0,-1.489095e-10,-8.781334e-10,-8.472538e-11,0.0,0.0,0.0,0.0,0.0,0.0,0.6087853,0.18614455,0.11005839,0.99998707,-0.0029627015,0.0041326797,0.00016529071,0.0002914512,-0.00056793937,-0.00015094306,0.00517514,0.0021623883,-0.0008256778,0.4138228,0.051954508,0.020999935,0.99999994,-1.2559418e-05,-8.587275e-06,-1.9335696e-06,0.00010645286,6.23569e-05,-0.00021220815,-0.0070049693,0.0008974213,1.6266082e-05
0.0,0.0,0.0,0.0,0.0,0.0,1.0,0.6087853,0.18614455,0.1100584,0.4138228,0.051954508,0.020999938,0.39391598,0.068430126,0.1371448,-0.014992416,-0.9531498,-0.03363195,-0.30024934,-0.41195697,0.15691714,0.80113703,-2.970623,0.57785636,3.750862,0.47644338,0.03999958,0.039992776,-0.014558339,0.0017405599,-0.004011838,0.00022425901,0.0022369681,1.8954985e-05,-0.0007955515,7.930695e-05,8.391855e-05,0.0,0.0,0.0,0.0,0.0,0.0,0.04,0.04,-0.41223872,0.15694784,0.8010473,-2.9706225,0.5778804,3.750862,0.47643882,0.04,0.039995577,-0.004455424,0.0005408639,-0.0012292081,7.212569e-05,0.0006911104,9.649135e-06,-0.00024592696,1.04901396e-07,6.973964e-05,5.5879354e-09,2.3283064e-10,-3.7252903e-09,1.0,-1.489095e-10,-8.781334e-10,-8.472538e-11,0.0,0.0,0.0,0.0,0.0,0.0,0.60878295,0.18614914,0.11006084,0.99998707,-0.0029832642,0.0041232742,0.00016585246,0.00044893098,7.654453e-05,-0.00021849856,0.0001274382,0.00436184,0.0001226179,0.4138228,0.051954523,0.020999983,0.99999994,-1.2721963e-05,-8.561452e-06,-2.1172204e-06,0.00010699952,6.2241335e-05,-0.00021233442,-0.007005745,0.0009084108,1.593159e-05
0.0,0.0,0.0,0.0,0.0,0.0,1.0,0.60878295,0.18614914,0.11006084,0.4138228,0.051954523,0.020999987,0.39393398,0.06827964,0.13713074,-0.015051872,-0.95316184,-0.03344655,-0.30022898,-0.41223872,0.15694784,0.8010473,-2.9706225,0.5778804,3.750862,0.47643882,0.04,0.039995577,-0.004455424,0.0005408639,-0.0012292081,7.212569e-05,0.0006911104,9.649135e-06,-0.00024592696,1.04901396e-07,6.973964e-05,0.0,0.0,0.0,0.0,0.0,0.0,0.04,0.04,-0.41232494,0.15695737,0.80101985,-2.9706225,0.57788795,3.750862,0.4764374,0.04,0.039997507,-0.0013610962,0.00017074034,-0.00037820914,2.3899735e-05,0.0002157503,6.847259e-06,-7.890812e-05,4.5732937e-09,4.419393e-05,5.5879354e-09,2.3283064e-10,-3.7252903e-09,1.0,-1.489095e-10,-8.781334e-10,-8.472538e-11,0.0,0.0,0.0,0.0,0.0,0.0,0.60878205,0.1861558,0.11006206,0.999987,-0.0030094353,0.0041200104,0.00016715312,0.00079346594,-0.0023332739,-0.00069334137,0.020539688,0.0059960578,-0.0021812194,0.4138228,0.05195451,0.020999944,0.99999994,-1.27126405e-05,-9.089279e-06,-2.0517598e-06,0.0001055675,6.306477e-05,-0.00021164688,-0.0070263026,0.00086110696,1.6041216e-05
0.0,0.0,0.0,0.0,0.0,0.0,1.0,0.60878205,0.1861558,0.11006206,0.4138228,0.05195451,0.020999948,0.39393944,0.06823358,0.13712662,-0.015069932,-0.95316553,-0.033389777,-0.30022258,-0.41232494,0.15695737,0.80101985,-2.9706225,0.57788795,3.750862,0.4764374,0.04,0.039997507,-0.0013610962,0.00017074034,-0.00037820914,2.3899735e-05,0.0002157503,6.847259e-06,-7.890812e-05,4.5732937e-09,4.419393e-05,0.0,0.0,0.0,0.0,0.0,0.0,0.04,0.04,-0.41235143,0.15696025,0.80101144,-2.9706225,0.5778899,3.750862,0.4764369,0.04,0.039998647,-0.0004196072,4.7319816e-05,-0.00011425726,5.9827175e-06,6.222657e-05,-3.06394e-06,-2.0963504e-05,-1.2077318e-09,2.5311678e-05,5.5879354e-09,2.3283064e-10,-3.7252903e-09,1.0,-1.489095e-10,-8.781334e-10,-8.472538e-11,0.0,0.0,0.0,0.0,0.0,0.0,0.6087852,0.18614456,0.11005845,0.9999871,-0.0029629434,0.0041325935,0.00016521596,0.00028421398,-0.00052876706,-0.00013172353,0.0048293215,0.00202433,-0.00084309303,0.4138228,0.05195451,0.020999977,0.99999994,-1.2517847e-05,-8.360844e-06,-2.0356733e-06,0.000107059066,6.2114894e-05,-0.0002128101,-0.0069921003,0.0009302191,1.6389835e-05
0.0,0.0,0.0,0.0,0.0,0.0,1.0,0.6087852,0.18614456,0.11005846,0.4138228,0.05195451,0.020999981,0.39394102,0.06821948,0.13712534,-0.015075535,-0.9531666,-0.033372343,-0.30022067,-0.41235143,0.15696025,0.80101144,-2.9706225,0.5778899,3.750862,0.4764369,0.04,0.039998647,-0.0004196072,4.7319816e-05,-0.00011425726,5.9827175e-06,6.222657e-05,-3.06394e-06,-2.0963504e-05,-1.2077318e-09,2.5311678e-05,0.0,0.0,0.0,0.0,0.0,0.0,0.04,0.04,-0.41235963,0.15696105,0.80100876,-2.9706225,0.57789,3.750862,0.4764369,0.04,0.039999284,-0.00012972267,1.0154173e-05,-3.3553006e-05,2.7156894e-08,1.9247744e-05,-2.9064825e-06,-2.9365772e-06,-6.238861e-10,1.3821638e-05,5.5879354e-09,2.3283064e-10,-3.7252903e-09,1.0,-1.489095e-10,-8.781334e-10,-8.472538e-11,0.0,0.0,0.0,0.0,0.0,0.0,0.60878295,0.18614915,0.1100608,0.999987,-0.0029833058,0.004123401,0.00016584175,0.0004489267,7.602706e-05,-0.00021961336,0.0001354448,0.0043618786,0.00012289779,0.4138228,0.0519545,0.02099995,0.99999994,-1.2371978e-05,-8.934492e-06,-2.0408852e-06,0.00010566472,6.2352294e-05,-0.00021171662,-0.007014956,0.0008602475,1.6697471e-05
0.0,-0.2,0.0,0.0,0.0,0.0,1.0,0.60878295,0.18614915,0.11006081,0.4138228,0.0519545,0.020999953,0.39394164,0.06821506,0.13712493,-0.015077293,-0.9531669,-0.033367187,-0.3002202,-0.41235963,0.15696105,0.80100876,-2.9706225,0.57789,3.750862,0.4764369,0.04,0.039999284,-0.00012972267,1.0154173e-05,-3.3553006e-05,2.7156894e-08,1.9247744e-05,-2.9064825e-06,-2.9365772e-06,-6.238861e-10,1.3821638e-05,0.0,-0.1,0.0,0.0,0.0,0.0,0.04,0.04,-0.44964898,0.14227983,0.796958,-2.9884422,0.49104893,3.7465172,0.50401014,0.03996236,0.04,-1.4188974,-0.44847596,-0.24294312,-0.60444427,-2.6075077,-0.10603099,0.761858,0.00020351034,0.00039127318,5.5879354e-09,2.3283064e-10,-3.7252903e-09,1.0,-1.489095e-10,-8.781334e-10,-8.472538e-11,0.0,0.0,0.0,0.0,0.0,0.0,0.60878116,0.18615606,0.11006238,0.9999869,-0.003010039,0.0041162106,0.00016752764,0.0013879474,-0.0019994085,-0.0009965213,0.017166818,0.011246547,-0.002408733,0.4138228,0.0519545,0.020999981,0.99999994,-1.23847285e-05,-8.357575e-06,-2.06057e-06,0.000107378015,6.1387036e-05,-0.00021294053,-0.006983495,0.0009324461,1.6875425e-05
0.0,0.0,0.0,0.0,0.0,0.0,1.0,0.60878116,0.18615606,0.11006239,0.4138228,0.0519545,0.020999985,0.39324456,0.06455391,0.13812676,-0.010318726,-0.9522885,-0.04480666,-0.30171582,-0.44964898,0.14227983,0.796958,-2.9884422,0.49104893,3.7465172,0.50401014,0.03996236,0.04,-1.4188974,-0.44847596,-0.24294312,-0.60444427,-2.6075077,-0.10603099,0.761858,0.00020351034,0.00039127318,0.0,0.0,0.0,0.0,0.0,0.0,0.04,0.04,-0.46673778,0.14190494,0.7925741,-2.9916317,0.4918875,3.7466004,0.5037033,0.04,0.03998059,-0.2514342,0.04173547,-0.066669665,0.014010414,0.051793285,-0.0022667511,-0.015536664,0.00042494858,-0.0003325825,5.5879354e-09,2.3283064e-10,-3.7252903e-09,1.0,-1.489095e-10,-8.781334e-10,-8.472538e-11,0.0,0.0,0.0,0.0,0.0,0.0,0.6087853,0.18614422,0.11005831,0.99998707,-0.002961883,0.0041325376,0.00016539065,0.00025365961,-0.00059604715,-0.00019791475,0.005643325,0.0019032918,-0.00068297255,0.4138228,0.0519545,0.020999953,0.99999994,-1.2428213e-05,-9.022614e-06,-2.0204993e-06,0.00010557057,6.254294e-05,-0.00021171039,-0.007018094,0.00085919566,1.66043e-05
0.0,0.0,0.0,0.0,0.0,0.0,1.0,0.6087853,0.18614422,0.11005831,0.4138228,0.0519545,0.020999957,0.39300856,0.05539931,0.1372239,-0.014445156,-0.9531524,-0.034779727,-0.30013704,-0.46673778,0.14190494,0.7925741,-2.9916317,0.4918875,3.7466004,0.5037033,0.04,0.03998059,-0.2514342,0.04173547,-0.066669665,0.014010414,0.051793285,-0.0022667511,-0.015536664,0.00042494858,-0.0003325825,0.0,0.0,0.0,0.0,0.0,0.0,0.04,0.04,-0.47170335,0.14247331,0.791076,-2.9915404,0.49229443,3.746602,0.50363517,0.04,0.03997981,-0.07940053,0.008147298,-0.020172913,0.0012360453,0.011505207,5.992609e-06,-0.0036735816,3.808581e-05,0.00011402468,5.5879354e-09,2.3283064e-10,-3.7252903e-09,1.0,-1.489095e-10,-8.781334e-10,-8.472538e-11,0.0,0.0,0.0,0.0,0.0,0.0,0.60878295,0.18614915,0.1100608,0.99998707,-0.0029833994,0.004123357,0.00016589327,0.00045069054,7.543218e-05,-0.00021887575,0.00014017946,0.004378961,0.00012188613,0.4138228,0.0519545,0.020999985,0.99999994,-1.2445686e-05,-8.445777e-06,-2.0211312e-06,0.0001073656,6.141783e-05,-0.00021294273,-0.0069838916,0.00093246,1.6858841e-05
0.0,0.0,0.0,0.0,0.0,0.0,1.0,0.60878295,0.18614915,0.11006081,0.4138228,0.0519545,0.020999989,0.39326954,0.052812696,0.13700733,-0.015426576,-0.95334977,-0.03153053,-0.29981983,-0.47170335,0.14247331,0.791076,-2.9915404,0.49229443,3.746602,0.50363517,0.04,0.03997981,-0.07940053,0.008147298,-0.020172913,0.0012360453,0.011505207,5.992609e-06,-0.0036735816,3.808581e-05,0.00011402468,0.0,0.0,0.0,0.0,0.0,0.0,0.04,0.04,-0.4732343,0.14262074,0.79061383,-2.9915287,0.49242064,3.7466059,0.50361377,0.04,0.039986018,-0.024359168,0.0026132267,-0.006204131,0.00045229736,0.0036314232,1.2997308e-05,-0.0011455168,3.5109908e-06,0.00018246751,5.5879354e-09,2.3283064e-10,-3.7252903e-09,1.0,-1.489095e-10,-8.781334e-10,-8.472538e-11,0.0,0.0,0.0,0.0,0.0,0.0,0.60878116,0.1861561,0.110062405,0.9999869,-0.0030101447,0.004116244,0.00016752958,0.0013913373,-0.0020074267,-0.0009973007,0.017241724,0.0112820575,-0.002414518,0.4138228,0.051954504,0.020999957,0.99999994,-1.2493969e-05,-9.11313e-06,-2.0304803e-06,0.000105576066,6.2569976e-05,-0.00021171484,-0.0070189647,0.00085914147,1.6582215e-05
0.0,0.0,0.0,0.0,0.0,0.0,1.0,0.60878116,0.1861561,0.110062405,0.4138228,0.051954504,0.02099996,0.39334375,0.05200996,0.13694552,-0.01573795,-0.9534065,-0.030531406,-0.2997269,-0.4732343,0.14262074,0.79061383,-2.9915287,0.49242064,3.7466059,0.50361377,0.04,0.039986018,-0.024359168,0.0026132267,-0.006204131,0.00045229736,0.0036314232,1.2997308e-05,-0.0011455168,3.5109908e-06,0.00018246751,0.0,0.0,0.0,0.0,0.0,0.0,0.04,0.04,-0.47370452,0.1426667,0.7904716,-2.9915252,0.49245957,3.7466059,0.5036074,0.04,0.039991666,-0.0074811247,0.0008047701,-0.0019097985,0.000140723,0.0011172529,7.821915e-06,-0.00035843908,3.0139856e-07,0.00013643374,5.5879354e-09,2.3283064e-10,-3.7252903e-09,1.0,-1.489095e-10,-8.781334e-10,-8.472538e-11,0.0,0.0,0.0,0.0,0.0,0.0,0.6087853,0.18614425,0.11005834,0.9999871,-0.0029621483,0.004132603,0.00016527605,0.0002499344,-0.00055570074,-0.00018470522,0.005276058,0.0018128817,-0.00069892104,0.4138228,0.051954515,0.020999976,0.99999994,-1.2589535e-05,-8.365564e-06,-2.0337063e-06,0.000107055654,6.2111154e-05,-0.00021282212,-0.0069921757,0.00092999736,1.6399334e-05
0.0,0.0,0.0,0.0,0.0,0.0,1.0,0.6087853,0.18614425,0.11005834,0.4138228,0.051954515,0.02099998,0.39336607,0.051763404,0.13692632,-0.01583317,-0.953424,-0.030224293,-0.29969746,-0.47370452,0.1426667,0.7904716,-2.9915252,0.49245957,3.7466059,0.5036074,0.04,0.039991666,-0.0074811247,0.0008047701,-0.0019097985,0.000140723,0.0011172529,7.821915e-06,-0.00035843908,3.0139856e-07,0.00013643374,0.0,0.0,0.0,0.0,0.0,0.0,0.04,0.04,-0.47384897,0.14268072,0.79042804,-2.991525,0.49247146,3.7466059,0.5036055,0.04,0.03999535,-0.0023004669,0.0002417701,-0.00058550615,4.4779285e-05,0.0003415735,-5.1158554e-06,-0.000106563624,1.9089414e-08,8.375863e-05,5.5879354e-09,2.3283064e-10,-3.7252903e-09,1.0,-1.489095e-10,-8.781334e-10,-8.472538e-11,0.0,0.0,0.0,0.0,0.0,0.0,0.60878295,0.18614914,0.11006089,0.99998707,-0.0029831436,0.0041231234,0.00016589144,0.00044864995,7.560069e-05,-0.00022296705,0.00015068054,0.0043601445,0.00012705363,0.4138228,0.051954508,0.020999936,0.99999994,-1.2708575e-05,-8.861852e-06,-2.165325e-06,0.00010619634,6.27041e-05,-0.00021178297,-0.0070234193,0.0008724359,1.5872924e-05
0.0,0.0,0.0,0.0,0.0,0.0,1.0,0.60878295,0.18614914,0.1100609,0.4138228,0.051954508,0.02099994,0.39337248,0.05168755,0.13692006,-0.015862614,-0.95342934,-0.030130237,-0.299688,-0.47384897,0.14268072,0.79042804,-2.991525,0.49247146,3.7466059,0.5036055,0.04,0.03999535,-0.0023004669,0.0002417701,-0.00058550615,4.4779285e-05,0.0003415735,-5.1158554e-06,-0.000106563624,1.9089414e-08,8.375863e-05,0.0,0.0,0.0,0.0,0.0,0.0,0.04,0.04,-0.4738934,0.142685,0.7904147,-2.991525,0.4924751,3.7466059,0.50360453,0.04,0.039997496,-0.00070769415,7.384055e-05,-0.0001799171,1.4605185e-05,0.000101801495,-2.2821855e-06,-3.264825e-05,-3.962497e-10,4.738638e-05,5.5879354e-09,2.3283064e-10,-3.7252903e-09,1.0,-1.489095e-10,-8.781334e-10,-8.472538e-11,0.0,0.0,0.0,0.0,0.0,0.0,0.6087811,0.18615606,0.110062405,0.9999869,-0.0030100925,0.004116043,0.00016760484,0.0013894408,-0.002003808,-0.0009974834,0.01720566,0.01125868,-0.0024130254,0.4138228,0.051954497,0.020999957,0.99999994,-1.23229975e-05,-8.863112e-06,-2.2216716e-06,0.00010637215,6.2110106e-05,-0.00021214473,-0.0069987187,0.00089513883,1.6553411e-05
0.0,0.0,0.0,0.0,0.0,0.0,1.0,0.6087811,0.18615606,0.110062405,0.4138228,0.051954497,0.02099996,0.39337423,0.051664308,0.13691777,-0.015871704,-0.9534311,-0.03010124,-0.299685,-0.4738934,0.142685,0.7904147,-2.991525,0.4924751,3.7466059,0.50360453,0.04,0.039997496,-0.00070769415,7.384055e-05,-0.0001799171,1.4605185e-05,0.000101801495,-2.2821855e-06,-3.264825e-05,-3.962497e-10,4.738638e-05,0.0,0.0,0.0,0.0,0.0,0.0,0.04,0.04,-0.47390693,0.14268649,0.7904106,-2.991525,0.4924765,3.7466059,0.50360453,0.04,0.039998673,-0.00021067125,3.417554e-05,-5.7843932e-05,5.9439867e-06,4.169495e-05,9.5929645e-06,-1.733689e-05,-1.020304e-09,2.5672376e-05,5.5879354e-09,2.3283064e-10,-3.7252903e-09,1.0,-1.489095e-10,-8.781334e-10,-8.472538e-11,0.0,0.0,0.0,0.0,0.0,0.0,0.60878533,0.18614423,0.11005841,0.99998707,-0.0029620316,0.004132685,0.00016526265,0.00025087968,-0.0005411105,-0.00018277683,0.005146012,0.0017999102,-0.0007070903,0.4138228,0.051954504,0.020999929,0.99999994,-1.2457119e-05,-8.414768e-06,-2.099288e-06,0.000107316046,6.178684e-05,-0.00021274482,-0.0069858753,0.00093359424,1.6375396e-05
0.0,0.0,0.0,0.0,0.0,0.0,1.0,0.60878533,0.18614423,0.11005841,0.4138228,0.051954504,0.020999933,0.39337486,0.051657118,0.13691726,-0.015874386,-0.9534316,-0.03009209,-0.29968408,-0.47390693,0.14268649,0.7904106,-2.991525,0.4924765,3.7466059,0.50360453,0.04,0.039998673,-0.00021067125,3.417554e-05,-5.7843932e-05,5.9439867e-06,4.169495e-05,9.5929645e-06,-1.733689e-05,-1.020304e-09,2.5672376e-05,0.0,0.0,0.0,0.0,0.0,0.0,0.04,0.04,-0.47391108,0.14268704,0.79040927,-2.991525,0.4924766,3.7466059,0.50360453,0.04,0.039999302,-6.488258e-05,1.2155781e-05,-1.8461777e-05,1.8907709e-06,1.1620523e-05,3.5253136e-06,-5.3027547e-06,-3.2587136e-10,1.3680049e-05,5.5879354e-09,2.3283064e-10,-3.7252903e-09,1.0,-1.489095e-10,-8.781334e-10,-8.472538e-11,0.0,0.0,0.0,0.0,0.0,0.0,0.6087815,0.18614888,0.11006154,0.999987,-0.002981111,0.004117184,0.00016604475,0.00044099317,0.00028778746,-0.00027872002,-0.0021856292,0.0044057393,0.00014303296,0.4138228,0.0519545,0.02099996,0.99999994,-1.2385466e-05,-8.946392e-06,-2.0388798e-06,0.00010563631,6.242116e-05,-0.00021171226,-0.007016221,0.0008598301,1.665752e-05
0.0,0.0,0.0,0.0,0.0,0.0,1.0,0.6087815,0.18614888,0.11006154,0.4138228,0.0519545,0.020999964,0.393375,0.051655047,0.13691714,-0.01587519,-0.9534317,-0.030089557,-0.2996838,-0.47391108,0.14268704,0.79040927,-2.991525,0.4924766,3.7466059,0.50360453,0.04,0.039999302,-6.488258e-05,1.2155781e-05,-1.8461777e-05,1.8907709e-06,1.1620523e-05,3.5253136e-06,-5.3027547e-06,-3.2587136e-10,1.3680049e-05,0.0,0.0,0.0,0.0,0.0,0.0,0.04,0.04,-0.4739124,0.14268713,0.79040927,-2.991525,0.4924766,3.7466059,0.50360453,0.04,0.039999634,-2.1003441e-05,1.8169336e-06,-5.8715254e-06,-2.1443783e-07,2.961891e-06,3.6332626e-08,-8.444719e-07,-8.2164865e-11,7.197909e-06,5.5879354e-09,2.3283064e-10,-3.7252903e-09,1.0,-1.489095e-10,-8.781334e-10,-8.472538e-11,0.0,0.0,0.0,0.0,0.0,0.0,0.6087811,0.1861561,0.11006242,0.9999869,-0.0030102292,0.0041162744,0.00016747181,0.0013903681,-0.0019977966,-0.0010008217,0.017139476,0.011255118,-0.0024148778,0.4138228,0.051954497,0.020999933,0.99999994,-1.2335857e-05,-8.415199e-06,-2.0575312e-06,0.0001074333,6.1503815e-05,-0.0002127512,-0.0069812513,0.00093456265,1.652945e-05
0.0,0.0,0.0,0.0,0.0,0.0,1.0,0.6087811,0.1861561,0.11006242,0.4138228,0.051954497,0.020999936,0.39337507,0.051654592,0.13691708,-0.01587537,-0.95343184,-0.03008902,-0.29968378,-0.4739124,0.14268713,0.79040927,-2.991525,0.4924766,3.7466059,0.50360453,0.04,0.039999634,-2.1003441e-05,1.8169336e-06,-5.8715254e-06,-2.1443783e-07,2.961891e-06,3.6332626e-08,-8.444719e-07,-8.2164865e-11,7.197909e-06,0.0,0.0,0.0,0.0,0.0,0.0,0.04,0.04,-0.47391272,0.14268713,0.79040927,-2.991525,0.4924766,3.7466059,0.50360453,0.04,0.039999805,-4.366161e-06,5.1213156e-06,-2.8537354e-06,1.2391297e-06,4.2453867e-06,4.452013e-06,-1.6528911e-06,-5.5059284e-11,3.6344604e-06,5.5879354e-09,2.3283064e-10,-3.7252903e-09,1.0,-1.489095e-10,-8.781334e-10,-8.472538e-11,0.0,0.0,0.0,0.0,0.0,0.0,0.6087853,0.18614425,0.11005836,0.9999871,-0.0029621997,0.0041326922,0.00016535351,0.0002509443,-0.00055728795,-0.00018420309,0.0052877595,0.0018218134,-0.00070110214,0.4138228,0.051954493,0.020999959,0.99999994,-1.2164041e-05,-8.7817025e-06,-2.0357004e-06,0.00010582796,6.23159e-05,-0.00021202717,-0.0069995318,0.0008846202,1.6797367e-05
0.0,0.0,0.0,0.0,0.0,0.0,1.0,0.6087853,0.18614425,0.11005837,0.4138228,0.051954493,0.020999962,0.3933751,0.051654488,0.13691717,-0.01587537,-0.95343184,-0.03008899,-0.29968378,-0.47391272,0.14268713,0.79040927,-2.991525,0.4924766,3.7466059,0.50360453,0.04,0.039999805,-4.366161e-06,5.1213156e-06,-2.8537354e-06,1.2391297e-06,4.2453867e-06,4.452013e-06,-1.6528911e-06,-5.5059284e-11,3.6344604e-06,0.0,0.0,0.0,0.0,0.0,0.0,0.04,0.04,-0.47391272,0.14268713,0.79040927,-2.991525,0.4924766,3.7466059,0.50360453,0.04,0.039999925,-2.3047191e-06,1.0231046e-06,-6.950282e-07,-5.037903e-08,-1.5562807e-07,1.095254e-06,8.229911e-07,-7.861527e-12,1.9288188e-06,5.5879354e-09,2.3283064e-10,-3.7252903e-09,1.0,-1.489095e-10,-8.781334e-10,-8.472538e-11,0.0,0.0,0.0,0.0,0.0,0.0,0.60878295,0.18614914,0.110060796,0.99998707,-0.0029834642,0.0041232565,0.00016587597,0.0004499347,7.6012046e-05,-0.00021889344,0.00013469538,0.004371869,0.00012247253,0.4138228,0.05195452,0.020999992,0.99999994,-1.2908666e-05,-8.913911e-06,-1.9863887e-06,0.00010630911,6.247761e-05,-0.00021240296,-0.007010869,0.00089466886,1.6466725e-05
0.0,0.0,0.0,0.0,0.0,0.0,1.0,0.60878295,0.18614914,0.110060796,0.4138228,0.05195452,0.020999996,0.3933751,0.051654488,0.13691717,-0.01587537,-0.95343184,-0.03008899,-0.29968378,-0.47391272,0.14268713,0.79040927,-2.991525,0.4924766,3.7466059,0.50360453,0.04,0.039999925,-2.3047191e-06,1.0231046e-06,-6.950282e-07,-5.037903e-08,-1.5562807e-07,1.095254e-06,8.229911e-07,-7.861527e-12,1.9288188e-06,0.0,0.0,0.0,0.0,0.0,0.0,0.04,0.04,-0.47391272,0.14268713,0.79040927,-2.991525,0.4924766,3.7466059,0.50360453,0.04,0.039999925,-8.6721025e-07,8.414218e-07,-2.3156939e-07,-6.851239e-09,-2.3614115e-07,1.0977983e-06,8.237007e-07,-3.0953716e-12,1.0741854e-06,5.5879354e-09,2.3283064e-10,-3.7252903e-09,1.0,-1.489095e-10,-8.781334e-10,-8.472538e-11,0.0,0.0,0.0,0.0,0.0,0.0,0.60878116,0.18615608,0.11006243,0.9999869,-0.0030101875,0.004116207,0.00016765516,0.0013923054,-0.0020080376,-0.0009985324,0.01724419,0.011287915,-0.0024169602,0.4138228,0.051954504,0.02099995,0.99999994,-1.2497958e-05,-8.871514e-06,-2.016265e-06,0.00010554286,6.280069e-05,-0.00021160977,-0.0070202444,0.0008599242,1.6291277e-05
0.0,0.0,0.0,0.0,0.0,0.0,1.0,0.60878116,0.18615608,0.110062435,0.4138228,0.051954504,0.020999953,0.3933751,0.051654488,0.13691717,-0.01587537,-0.95343184,-0.03008899,-0.29968378,-0.47391272,0.14268713,0.79040927,-2.991525,0.4924766,3.7466059,0.50360453,0.04,0.039999925,-8.6721025e-07,8.414218e-07,-2.3156939e-07,-6.851239e-09,-2.3614115e-07,1.0977983e-06,8.237007e-07,-3.0953716e-12,1.0741854e-06,0.0,0.0,0.0,0.0,0.0,0.0,0.04,0.04,-0.47391272,0.14268713,0.79040927,-2.991525,0.4924766,3.7466059,0.50360453,0.04,0.039999925,-3.851413e-07,7.9510556e-07,-7.715644e-08,-1.6185585e-09,-2.6338878e-07,1.0968369e-06,8.2437396e-07,-1.3138867e-12,1.0752943e-06,5.5879354e-09,2.3283064e-10,-3.7252903e-09,1.0,-1.489095e-10,-8.781334e-10,-8.472538e-11,0.0,0.0,0.0,0.0,0.0,0.0,0.6087853,0.18614428,0.11005842,0.99998707,-0.0029624843,0.004132349,0.00016529374,0.00024920137,-0.0005261559,-0.00017795159,0.005002772,0.0017698797,-0.000711737,0.4138228,0.0519545,0.02099993,0.99999994,-1.2371211e-05,-8.424799e-06,-2.0546108e-06,0.00010737091,6.165352e-05,-0.00021274172,-0.006983435,0.00093423226,1.644708e-05
0.0,0.0,0.0,0.0,0.0,0.0,1.0,0.6087853,0.18614428,0.11005843,0.4138228,0.0519545,0.020999935,0.3933751,0.051654488,0.13691717,-0.01587537,-0.95343184,-0.03008899,-0.29968378,-0.47391272,0.14268713,0.79040927,-2.991525,0.4924766,3.7466059,0.50360453,0.04,0.039999925,-3.851413e-07,7.9510556e-07,-7.715644e-08,-1.6185585e-09,-2.6338878e-07,1.0968369e-06,8.2437396e-07,-1.3138867e-12,1.0752943e-06,0.0,0.0,0.0,0.0,0.0,0.0,0.04,0.04,-0.47391272,0.14268713,0.79040927,-2.991525,0.4924766,3.7466059,0.50360453,0.04,0.039999925,-2.2285562e-07,7.802055e-07,-2.5265475e-08,-5.887723e-10,-2.725374e-07,1.0964264e-06,8.246038e-07,-5.5377946e-13,1.0756708e-06,5.5879354e-09,2.3283064e-10,-3.7252903e-09,1.0,-1.489095e-10,-8.781334e-10,-8.472538e-11,0.0,0.0,0.0,0.0,0.0,0.0,0.6087815,0.18614899,0.11006153,0.99998707,-0.0029817203,0.0041173054,0.00016609095,0.0004425147,0.00028959487,-0.00027785762,-0.0022084082,0.004421335,0.0001412214,0.41382277,0.051954493,0.020999957,0.99999994,-1.233887e-05,-8.899977e-06,-2.011263e-06,0.000105868385,6.219752e-05,-0.0002120249,-0.006997522,0.0008849227,1.687097e-05
0.0,0.0,0.0,0.0,0.0,0.0,1.0,0.6087815,0.18614899,0.11006153,0.41382277,0.051954493,0.02099996,0.3933751,0.051654488,0.13691717,-0.01587537,-0.95343184,-0.03008899,-0.29968378,-0.47391272,0.14268713,0.79040927,-2.991525,0.4924766,3.7466059,0.50360453,0.04,0.039999925,-2.2285562e-07,7.802055e-07,-2.5265475e-08,-5.887723e-10,-2.725374e-07,1.0964264e-06,8.246038e-07,-5.5377946e-13,1.0756708e-06,0.0,0.0,0.0,0.0,0.0,0.0,0.04,0.04,-0.47391272,0.14268713,0.79040927,-2.991525,0.4924766,3.7466059,0.50360453,0.04,0.039999925,-1.6827187e-07,7.7523333e-07,-7.817926e-09,-2.864776e-10,-2.756128e-07,1.0962838e-06,8.246811e-07,-3.6648107e-13,1.0757975e-06,5.5879354e-09,2.3283064e-10,-3.7252903e-09,1.0,-1.489095e-10,-8.781334e-10,-8.472538e-11,0.0,0.0,0.0,0.0,0.0,0.0,0.6087811,0.1861561,0.11006239,0.9999869,-0.0030100644,0.004116338,0.00016747226,0.0013898199,-0.0019956552,-0.0010011514,0.017117828,0.011246988,-0.0024140882,0.4138228,0.051954515,0.020999936,0.99999994,-1.2843289e-05,-9.035734e-06,-2.126471e-06,0.00010562791,6.2822495e-05,-0.00021203025,-0.0070080278,0.00088286697,1.650692e-05
0.0,0.0,0.0,0.0,0.0,0.0,1.0,0.6087811,0.1861561,0.11006239,0.4138228,0.051954515,0.02099994,0.3933751,0.051654488,0.13691717,-0.01587537,-0.95343184,-0.03008899,-0.29968378,-0.47391272,0.14268713,0.79040927,-2.991525,0.4924766,3.7466059,0.50360453,0.04,0.039999925,-1.6827187e-07,7.7523333e-07,-7.817926e-09,-2.864776e-10,-2.756128e-07,1.0962838e-06,8.246811e-07,-3.6648107e-13,1.0757975e-06,0.0,0.0,0.0,0.0,0.0,0.0,0.04,0.04,-0.47391272,0.14268713,0.79040927,-2.991525,0.4924766,3.7466059,0.50360453,0.04,0.039999925,-1.4991586e-07,7.7356356e-07,-1.9509092e-09,-1.8742644e-10,-2.766471e-07,1.0962352e-06,8.247073e-07,-2.7205416e-13,1.0758396e-06,5.5879354e-09,2.3283064e-10,-3.7252903e-09,1.0,-1.489095e-10,-8.781334e-10,-8.472538e-11,0.0,0.0,0.0,0.0,0.0,0.0,0.6087853,0.18614426,0.11005843,0.9999871,-0.0029622603,0.004132649,0.00016529331,0.0002496129,-0.0005297606,-0.0001795397,0.005038861,0.0017787629,-0.0007087306,0.4138228,0.0519545,0.020999959,0.99999994,-1.2443163e-05,-8.994231e-06,-2.0604768e-06,0.00010542945,6.272373e-05,-0.00021129705,-0.007034137,0.0008356857,1.6247866e-05
0.0,0.0,0.0,0.0,0.0,0.0,1.0,0.6087853,0.18614426,0.11005843,0.4138228,0.0519545,0.020999962,0.3933751,0.051654488,0.13691717,-0.01587537,-0.95343184,-0.03008899,-0.29968378,-0.47391272,0.14268713,0.79040927,-2.991525,0.4924766,3.7466059,0.50360453,0.04,0.039999925,-1.4991586e-07,7.7356356e-07,-1.9509092e-09,-1.8742644e-10,-2.766471e-07,1.0962352e-06,8.247073e-07,-2.7205416e-13,1.0758396e-06,0.0,0.0,0.0,0.0,0.0,0.0,0.04,0.04,-0.47391272,0.14268713,0.79040927,-2.991525,0.4924766,3.7466059,0.50360453,0.04,0.039999925,-1.4374318e-07,7.7300217e-07,2.210205e-11,-1.5433815e-10,-2.7699485e-07,1.0962192e-06,8.2471604e-07,-1.0644155e-15,1.0758541e-06,5.5879354e-09,2.3283064e-10,-3.7252903e-09,1.0,-1.489095e-10,-8.781334e-10,-8.472538e-11,0.0,0.0,0.0,0.0,0.0,0.0,0.60878295,0.18614915,0.11006084,0.9999871,-0.0029831466,0.0041235317,0.00016582939,0.0004488736,7.634744e-05,-0.00022159987,0.0001393381,0.004362013,0.00012573789,0.4138228,0.0519545,0.02099993,0.99999994,-1.2398678e-05,-8.462453e-06,-2.0600767e-06,0.00010743191,6.1504164e-05,-0.00021274912,-0.0069812904,0.0009346732,1.6533424e-05
0.2,0.0,0.0,0.0,0.0,0.0,1.0,0.60878295,0.18614915,0.11006084,0.4138228,0.0519545,0.020999935,0.3933751,0.051654488,0.13691717,-0.01587537,-0.95343184,-0.03008899,-0.29968378,-0.47391272,0.14268713,0.79040927,-2.991525,0.4924766,3.7466059,0.50360453,0.04,0.039999925,-1.4374318e-07,7.7300217e-07,2.210205e-11,-1.5433815e-10,-2.7699485e-07,1.0962192e-06,8.2471604e-07,-1.0644155e-15,1.0758541e-06,0.1,0.0,0.0,0.0,0.0,0.0,0.04,0.04,-0.45375514,0.16545898,0.77163076,-2.9532373,0.52074134,3.7291768,0.45601466,0.039992496,0.04,0.46764705,0.743105,-0.5602959,1.3777297,0.7949578,-0.49400464,-1.3195221,-0.0003729529,0.00070420036,5.5879354e-09,2.3283064e-10,-3.7252903e-09,1.0,-1.489095e-10,-8.781334e-10,-8.472538e-11,0.0,0.0,0.0,0.0,0.0,0.0,0.60878116,0.18615606,0.11006239,0.9999869,-0.0030101142,0.004116262,0.00016753729,0.0013918851,-0.0020057606,-0.0009978778,0.017223509,0.011287037,-0.0024150973,0.4138228,0.051954497,0.020999957,0.99999994,-1.2372171e-05,-8.94118e-06,-2.056603e-06,0.000105843246,6.228499e-05,-0.00021202919,-0.0069989655,0.00088494195,1.681606e-05
0.0,0.0,0.0,0.0,0.0,0.0,1.0,0.60878116,0.18615606,0.11006239,0.4138228,0.051954497,0.02099996,0.4042407,0.05405115,0.13534474,-0.015984952,-0.9541657,-0.03578797,-0.29670116,-0.45375514,0.16545898,0.77163076,-2.9532373,0.52074134,3.7291768,0.45601466,0.039992496,0.04,0.46764705,0.743105,-0.5602959,1.3777297,0.7949578,-0.49400464,-1.3195221,-0.0003729529,0.00070420036,0.0,0.0,0.0,0.0,0.0,0.0,0.04,0.04,-0.4588829,0.16831663,0.7707541,-2.944089,0.52053994,3.7293174,0.4561634,0.039987247,0.039998073,-0.093615815,-0.0291135,-0.0144866,-0.019133342,-0.012202675,0.013664698,0.009231108,0.00059592014,-0.00016248954,5.5879354e-09,2.3283064e-10,-3.7252903e-09,1.0,-1.489095e-10,-8.781334e-10,-8.472538e-11,0.0,0.0,0.0,0.0,0.0,0.0,0.6087853,0.18614425,0.11005839,0.999987,-0.0029619557,0.00413255,0.00016522079,0.0002503965,-0.0005382271,-0.00018155036,0.0051174825,0.0017924821,-0.0007083297,0.4138228,0.051954504,0.020999929,0.99999994,-1.2510886e-05,-8.494289e-06,-2.061463e-06,0.000107345026,6.171845e-05,-0.00021274923,-0.006984617,0.0009339389,1.640599e-05
0.0,0.0,0.0,0.0,0.0,0.0,1.0,0.6087853,0.18614425,0.1100584,0.4138228,0.051954504,0.020999933,0.40843987,0.052943107,0.13694575,-0.015258074,-0.95339113,-0.031818837,-0.29966685,-0.4588829,0.16831663,0.7707541,-2.944089,0.52053994,3.7293174,0.4561634,0.039987247,0.039998073,-0.093615815,-0.0291135,-0.0144866,-0.019133342,-0.012202675,0.013664698,0.009231108,0.00059592014,-0.00016248954,0.0,0.0,0.0,0.0,0.0,0.0,0.04,0.04,-0.46040645,0.16822362,0.77026385,-2.9441423,0.5206715,3.7293527,0.45614108,0.039998587,0.03999467,-0.023596402,0.003296373,-0.0068047517,0.0011171036,0.004118008,0.00040294547,-0.0011121596,0.00015174635,3.4385052e-06,5.5879354e-09,2.3283064e-10,-3.7252903e-09,1.0,-1.489095e-10,-8.781334e-10,-8.472538e-11,0.0,0.0,0.0,0.0,0.0,0.0,0.6087815,0.18614894,0.110061504,0.9999871,-0.002981578,0.0041171643,0.00016616717,0.00044181055,0.00028746895,-0.00027945926,-0.002184108,0.004413169,0.000141559,0.4138228,0.0519545,0.020999959,0.99999994,-1.2672805e-05,-9.153637e-06,-2.071431e-06,0.00010409013,6.343981e-05,-0.00021101786,-0.0070394524,0.00081145996,1.6688939e-05
0.0,0.0,0.0,0.0,0.0,0.0,1.0,0.6087815,0.18614894,0.11006151,0.4138228,0.0519545,0.020999962,0.40852767,0.052068636,0.136947,-0.015645176,-0.95342124,-0.030831069,-0.29965422,-0.46040645,0.16822362,0.77026385,-2.9441423,0.5206715,3.7293527,0.45614108,0.039998587,0.03999467,-0.023596402,0.003296373,-0.0068047517,0.0011171036,0.004118008,0.00040294547,-0.0011121596,0.00015174635,3.4385052e-06,0.0,0.0,0.0,0.0,0.0,0.0,0.04,0.04,-0.4608713,0.1682758,0.7701111,-2.944134,0.5207108,3.729353,0.456134,0.04,0.03999611,-0.007464943,0.0008706657,-0.0021669422,0.00013694109,0.0011268129,2.1110078e-05,-0.0003787648,3.1326053e-07,4.61513e-05,5.5879354e-09,2.3283064e-10,-3.7252903e-09,1.0,-1.489095e-10,-8.781334e-10,-8.472538e-11,0.0,0.0,0.0,0.0,0.0,0.0,0.6087811,0.1861561,0.11006237,0.9999869,-0.0030101808,0.004116209,0.00016754372,0.001389239,-0.002000535,-0.0009995328,0.017167699,0.011246323,-0.0024146882,0.4138228,0.051954515,0.020999985,0.99999994,-1.258247e-05,-8.341868e-06,-2.058266e-06,0.00010709187,6.204905e-05,-0.0002128304,-0.0069914213,0.000930506,1.6434933e-05
0.0,0.0,0.0,0.0,0.0,0.0,1.0,0.6087811,0.1861561,0.110062376,0.4138228,0.051954515,0.020999989,0.40855044,0.05181102,0.13692456,-0.015741616,-0.9534395,-0.0305219,-0.29962257,-0.4608713,0.1682758,0.7701111,-2.944134,0.5207108,3.729353,0.456134,0.04,0.03999611,-0.007464943,0.0008706657,-0.0021669422,0.00013694109,0.0011268129,2.1110078e-05,-0.0003787648,3.1326053e-07,4.61513e-05,0.0,0.0,0.0,0.0,0.0,0.0,0.04,0.04,-0.46101758,0.16829164,0.7700629,-2.944134,0.5207233,3.729353,0.45613182,0.04,0.039997622,-0.0023448633,0.00028127886,-0.0006841835,4.9595757e-05,0.00036201015,4.528668e-06,-0.00012365407,2.1578334e-08,3.750398e-05,5.5879354e-09,2.3283064e-10,-3.7252903e-09,1.0,-1.489095e-10,-8.781334e-10,-8.472538e-11,0.0,0.0,0.0,0.0,0.0,0.0,0.6087853,0.18614422,0.110058375,0.9999871,-0.0029618437,0.0041326545,0.00016534922,0.000251515,-0.00057243835,-0.00018998902,0.0054360135,0.0018438783,-0.00069369195,0.4138228,0.051954497,0.020999942,0.99999994,-1.231609e-05,-8.404799e-06,-2.0475163e-06,0.000107359425,6.169483e-05,-0.00021273438,-0.0069839708,0.00093410746,1.6405329e-05
0.0,0.0,0.0,0.0,0.0,0.0,1.0,0.6087853,0.18614422,0.11005838,0.4138228,0.051954497,0.020999946,0.40855643,0.05172943,0.13691688,-0.015772432,-0.95344555,-0.030424714,-0.29961166,-0.46101758,0.16829164,0.7700629,-2.944134,0.5207233,3.729353,0.45613182,0.04,0.039997622,-0.0023448633,0.00028127886,-0.0006841835,4.9595757e-05,0.00036201015,4.528668e-06,-0.00012365407,2.1578334e-08,3.750398e-05,0.0,0.0,0.0,0.0,0.0,0.0,0.04,0.04,-0.46106356,0.16829671,0.77004766,-2.944134,0.52072716,3.729353,0.45613134,0.04,0.03999866,-0.0007371023,9.0019385e-05,-0.00021565068,1.4923364e-05,0.000115317554,4.2625015e-06,-3.865916e-05,-5.5840194e-10,2.3669589e-05,5.5879354e-09,2.3283064e-10,-3.7252903e-09,1.0,-1.489095e-10,-8.781334e-10,-8.472538e-11,0.0,0.0,0.0,0.0,0.0,0.0,0.60878295,0.18614914,0.11006084,0.99998707,-0.0029831936,0.0041232556,0.00016586613,0.00045005188,7.5401156e-05,-0.0002193647,0.000142237,0.0043731662,0.000122861,0.4138228,0.0519545,0.020999974,0.99999994,-1.2315562e-05,-9.095026e-06,-2.0751963e-06,0.00010549309,6.25159e-05,-0.00021190652,-0.007021949,0.00085692626,1.6889202e-05
0.0,0.0,0.0,0.0,0.0,0.0,1.0,0.60878295,0.18614914,0.11006084,0.4138228,0.0519545,0.020999977,0.40855843,0.051703688,0.1369147,-0.015782028,-0.95344746,-0.030393958,-0.29960826,-0.46106356,0.16829671,0.77004766,-2.944134,0.52072716,3.729353,0.45613134,0.04,0.03999866,-0.0007371023,9.0019385e-05,-0.00021565068,1.4923364e-05,0.000115317554,4.2625015e-06,-3.865916e-05,-5.5840194e-10,2.3669589e-05,0.0,0.0,0.0,0.0,0.0,0.0,0.04,0.04,-0.4610781,0.16829817,0.7700429,-2.944134,0.5207286,3.729353,0.45613134,0.04,0.039999273,-0.0002386124,1.7703067e-05,-6.458324e-05,1.8214764e-06,2.7051965e-05,-1.01413625e-05,-5.578846e-06,-1.0365787e-09,1.3574791e-05,5.5879354e-09,2.3283064e-10,-3.7252903e-09,1.0,-1.489095e-10,-8.781334e-10,-8.472538e-11,0.0,0.0,0.0,0.0,0.0,0.0,0.6087811,0.1861561,0.11006238,0.99998695,-0.003009837,0.0041166227,0.00016744903,0.0013903622,-0.0020109327,-0.0009962469,0.017276062,0.011274197,-0.0024155302,0.4138228,0.0519545,0.020999938,0.99999994,-1.2345109e-05,-8.479866e-06,-2.0646573e-06,0.00010722764,6.180696e-05,-0.00021235026,-0.006999401,0.000910693,1.6136888e-05
0.0,0.0,0.0,0.0,0.0,0.0,1.0,0.6087811,0.1861561,0.11006239,0.4138228,0.0519545,0.020999942,0.40855902,0.05169535,0.1369139,-0.015785277,-0.95344794,-0.030384004,-0.29960725,-0.4610781,0.16829817,0.7700429,-2.944134,0.5207286,3.729353,0.45613134,0.04,0.039999273,-0.0002386124,1.7703067e-05,-6.458324e-05,1.8214764e-06,2.7051965e-05,-1.01413625e-05,-5.578846e-06,-1.0365787e-09,1.3574791e-05,0.0,0.0,0.0,0.0,0.0,0.0,0.04,0.04,-0.4610827,0.16829865,0.7700413,-2.944134,0.5207286,3.729353,0.45613134,0.04,0.03999961,-7.182069e-05,1.1835382e-05,-2.428122e-05,1.9891738e-06,1.2305762e-05,4.7575236e-06,-6.5591184e-06,-4.0603088e-10,7.423442e-06,5.5879354e-09,2.3283064e-10,-3.7252903e-09,1.0,-1.489095e-10,-8.781334e-10,-8.472538e-11,0.0,0.0,0.0,0.0,0.0,0.0,0.6087853,0.18614426,0.1100584,0.9999871,-0.0029621606,0.004132639,0.00016521782,0.00025089792,-0.00054156507,-0.00018231614,0.0051480513,0.0018002318,-0.0007079702,0.4138228,0.0519545,0.02099996,0.99999994,-1.2523274e-05,-9.012118e-06,-2.0344967e-06,0.000105449064,6.269187e-05,-0.00021131127,-0.0070338896,0.00083602447,1.6276996e-05
0.0,0.0,0.0,0.0,0.0,0.0,1.0,0.6087853,0.18614426,0.1100584,0.4138228,0.0519545,0.020999964,0.4085592,0.05169302,0.13691369,-0.015786052,-0.95344824,-0.030381143,-0.29960674,-0.4610827,0.16829865,0.7700413,-2.944134,0.5207286,3.729353,0.45613134,0.04,0.03999961,-7.182069e-05,1.1835382e-05,-2.428122e-05,1.9891738e-06,1.2305762e-05,4.7575236e-06,-6.5591184e-06,-4.0603088e-10,7.423442e-06,0.0,0.0,0.0,0.0,0.0,0.0,0.04,0.04,-0.46108413,0.16829874,0.7700413,-2.944134,0.5207286,3.729353,0.45613134,0.04,0.03999979,-2.2842984e-05,3.3421736e-06,-7.941686e-06,-7.489475e-08,5.694435e-06,1.2071508e-06,-2.0909815e-06,-1.1256092e-10,3.8005962e-06,5.5879354e-09,2.3283064e-10,-3.7252903e-09,1.0,-1.489095e-10,-8.781334e-10,-8.472538e-11,0.0,0.0,0.0,0.0,0.0,0.0,0.6087815,0.18614896,0.11006151,0.9999871,-0.002981864,0.0041174465,0.00016617817,0.00044454806,0.00028891087,-0.00027743037,-0.0022076624,0.004441255,0.0001383549,0.4138228,0.051954515,0.02099998,0.99999994,-1.2625123e-05,-8.265078e-06,-2.0092284e-06,0.00010705612,6.211102e-05,-0.00021282434,-0.00699221,0.0009301714,1.6406226e-05
0.0,0.0,0.0,0.0,0.0,0.0,1.0,0.6087815,0.18614896,0.11006151,0.4138228,0.051954515,0.020999983,0.40855932,0.051692434,0.13691351,-0.015786171,-0.9534483,-0.030380398,-0.29960677,-0.46108413,0.16829874,0.7700413,-2.944134,0.5207286,3.729353,0.45613134,0.04,0.03999979,-2.2842984e-05,3.3421736e-06,-7.941686e-06,-7.489475e-08,5.694435e-06,1.2071508e-06,-2.0909815e-06,-1.1256092e-10,3.8005962e-06,0.0,0.0,0.0,0.0,0.0,0.0,0.04,0.04,-0.46108454,0.16829874,0.7700413,-2.944134,0.5207286,3.729353,0.45613134,0.04,0.03999991,-6.7224482e-06,9.603033e-07,-2.8214008e-06,8.8624256e-07,2.7214228e-06,-1.0857576e-06,-2.340853e-06,-4.211318e-11,2.1270891e-06,5.5879354e-09,2.3283064e-10,-3.7252903e-09,1.0,-1.489095e-10,-8.781334e-10,-8.472538e-11,0.0,0.0,0.0,0.0,0.0,0.0,0.6087811,0.18615615,0.110062376,0.9999869,-0.0030106744,0.004116079,0.00016761107,0.0013931644,-0.002004161,-0.0010018671,0.017197376,0.011282298,-0.0024202531,0.4138228,0.051954515,0.020999944,0.99999994,-1.2936772e-05,-9.059552e-06,-2.1516723e-06,0.00010545446,6.3197425e-05,-0.00021163453,-0.007027747,0.0008595486,1.6001097e-05
0.0,0.0,0.0,0.0,0.0,0.0,1.0,0.6087811,0.18615615,0.110062376,0.4138228,0.051954515,0.020999948,0.4085593,0.051692266,0.13691351,-0.01578623,-0.9534483,-0.03038016,-0.29960683,-0.46108454,0.16829874,0.7700413,-2.944134,0.5207286,3.729353,0.45613134,0.04,0.03999991,-6.7224482e-06,9.603033e-07,-2.8214008e-06,8.8624256e-07,2.7214228e-06,-1.0857576e-06,-2.340853e-06,-4.211318e-11,2.1270891e-06,0.0,0.0,0.0,0.0,0.0,0.0,0.04,0.04,-0.46108454,0.16829874,0.7700413,-2.944134,0.5207286,3.729353,0.45613134,0.04,0.03999991,-3.000687e-06,-5.717257e-07,-6.115374e-07,-1.201566e-08,-6.7648693e-07,-1.089526e-06,-1.6938756e-09,-1.2195485e-11,1.2847789e-06,5.5879354e-09,2.3283064e-10,-3.7252903e-09,1.0,-1.489095e-10,-8.781334e-10,-8.472538e-11,0.0,0.0,0.0,0.0,0.0,0.0,0.6087853,0.18614422,0.11005835,0.9999871,-0.0029618607,0.0041326713,0.0001652087,0.00025050394,-0.0005654701,-0.00018833284,0.005371301,0.0018285841,-0.0006945519,0.41382283,0.051954515,0.020999985,0.99999994,-1.2701322e-05,-8.384579e-06,-2.059749e-06,0.00010694336,6.2031366e-05,-0.00021250648,-0.007005842,0.00090603466,1.6362312e-05
0.0,0.0,0.0,0.0,0.0,0.0,1.0,0.6087853,0.18614422,0.11005835,0.41382283,0.051954515,0.020999989,0.4085593,0.051692266,0.13691351,-0.01578623,-0.9534483,-0.03038016,-0.29960683,-0.46108454,0.16829874,0.7700413,-2.944134,0.5207286,3.729353,0.45613134,0.04,0.03999991,-3.000687e-06,-5.717257e-07,-6.115374e-07,-1.201566e-08,-6.7648693e-07,-1.089526e-06,-1.6938756e-09,-1.2195485e-11,1.2847789e-06,0.0,0.0,0.0,0.0,0.0,0.0,0.04,0.04,-0.46108454,0.16829874,0.7700413,-2.944134,0.5207286,3.729353,0.45613134,0.04,0.03999991,-1.2999154e-06,-7.503675e-07,-2.705275e-08,-3.0272564e-09,-7.7549487e-07,-1.0952994e-06,7.197931e-10,-3.5211645e-12,1.2888797e-06,5.5879354e-09,2.3283064e-10,-3.7252903e-09,1.0,-1.489095e-10,-8.781334e-10,-8.472538e-11,0.0,0.0,0.0,0.0,0.0,0.0,0.6087815,0.18614893,0.11006151,0.9999871,-0.002981646,0.004117548,0.00016618671,0.00044414887,0.00028780312,-0.00028018103,-0.0021899187,0.0044372003,0.00014002959,0.4138228,0.05195451,0.020999955,0.99999994,-1.2662641e-05,-9.074933e-06,-2.0810596e-06,0.00010553754,6.32848e-05,-0.0002116716,-0.007030642,0.00086118357,1.5868016e-05
0.0,0.0,-0.2,0.0,0.0,0.0,1.0,0.6087815,0.18614893,0.11006151,0.4138228,0.05195451,0.020999959,0.4085593,0.051692266,0.13691351,-0.01578623,-0.9534483,-0.03038016,-0.29960683,-0.46108454,0.16829874,0.7700413,-2.944134,0.5207286,3.729353,0.45613134,0.04,0.03999991,-1.2999154e-06,-7.503675e-07,-2.705275e-08,-3.0272564e-09,-7.7549487e-07,-1.0952994e-06,7.197931e-10,-3.5211645e-12,1.2888797e-06,0.0,0.0,-0.1,0.0,0.0,0.0,0.04,0.04,-0.42825136,0.23378526,0.74200463,-2.9227219,0.5408999,3.7524996,0.41003352,0.039991874,0.03999815,0.8031579,2.1665187,-0.82909685,0.59742844,0.40785068,7.964665e-06,-1.1387696,-0.0005756249,0.0018570309,5.5879354e-09,2.3283064e-10,-3.7252903e-09,1.0,-1.489095e-10,-8.781334e-10,-8.472538e-11,0.0,0.0,0.0,0.0,0.0,0.0,0.60878205,0.18615587,0.110061996,0.99998707,-0.0030097277,0.0041200425,0.00016717898,0.00079144747,-0.002331698,-0.0006950578,0.020511102,0.005971831,-0.0021850916,0.4138228,0.05195451,0.020999929,0.99999994,-1.2722038e-05,-8.587507e-06,-2.0732214e-06,0.00010710904,6.223029e-05,-0.00021262259,-0.0069896863,0.00093233,1.6046055e-05
0.0,0.0,-0.2,0.0,0.0,0.0,1.0,0.60878205,0.18615587,0.110062,0.4138228,0.05195451,0.020999933,0.4079051,0.0558908,0.12268877,-0.013612062,-0.9564284,-0.038953364,-0.28903672,-0.42825136,0.23378526,0.74200463,-2.9227219,0.5408999,3.7524996,0.41003352,0.039991874,0.03999815,0.8031579,2.1665187,-0.82909685,0.59742844,0.40785068,7.964665e-06,-1.1387696,-0.0005756249,0.0018570309,0.0,0.0,-0.1,0.0,0.0,0.0,0.04,0.04,-0.4026378,0.30610934,0.71016437,-2.9013324,0.5457079,3.7525,0.37689003,0.03999111,0.04,0.65441877,2.172153,-0.9168129,0.62419677,0.039988454,3.094067e-06,-0.84727263,3.619158e-05,0.00065671466,5.5879354e-09,2.3283064e-10,-3.7252903e-09,1.0,-1.489095e-10,-8.781334e-10,-8.472538e-11,0.0,0.0,0.0,0.0,0.0,0.0,0.6087852,0.18614455,0.110058375,0.999987,-0.0029629336,0.0041326666,0.00016531468,0.00028901894,-0.00055658055,-0.00014371367,0.005069926,0.0021197372,-0.0008314551,0.4138228,0.051954504,0.020999968,0.99999994,-1.2480823e-05,-9.1340935e-06,-2.0696777e-06,0.00010431045,6.310627e-05,-0.00021141833,-0.007020763,0.0008355977,1.7095259e-05
0.0,0.0,0.0,0.0,0.0,0.0,1.0,0.6087852,0.18614455,0.11005838,0.4138228,0.051954504,0.020999972,0.40308827,0.059815533,0.101025894,-0.005908459,-0.9631208,-0.044787347,-0.26524988,-0.4026378,0.30610934,0.71016437,-2.9013324,0.5457079,3.7525,0.37689003,0.03999111,0.04,0.65441877,2.172153,-0.9168129,0.62419677,0.039988454,3.094067e-06,-0.84727263,3.619158e-05,0.00065671466,0.0,0.0,0.0,0.0,0.0,0.0,0.04,0.04,-0.40647775,0.3234978,0.70648056,-2.901738,0.5461931,3.7504976,0.3765153,0.03997849,0.039996766,-0.082146056,0.01690129,-0.05126153,-0.037965745,0.012199636,-0.036807716,-0.023484385,0.00096349785,-0.0003059784,5.5879354e-09,2.3283064e-10,-3.7252903e-09,1.0,-1.489095e-10,-8.781334e-10,-8.472538e-11,0.0,0.0,0.0,0.0,0.0,0.0,0.60878295,0.18614915,0.110060826,0.99998707,-0.002983283,0.004123325,0.00016587642,0.00044811147,7.668848e-05,-0.0002199505,0.00012910509,0.004353678,0.00012390596,0.4138228,0.05195451,0.020999935,0.99999994,-1.2776562e-05,-8.674132e-06,-2.0622117e-06,0.000107094624,6.2262334e-05,-0.00021262767,-0.0069904956,0.0009319726,1.603114e-05
0.0,0.0,0.0,0.0,0.0,0.0,1.0,0.60878295,0.18614915,0.110060826,0.4138228,0.05195451,0.020999938,0.39916876,0.058244415,0.09431048,-0.0035318732,-0.96573764,-0.040639102,-0.25629455,-0.40647775,0.3234978,0.70648056,-2.901738,0.5461931,3.7504976,0.3765153,0.03997849,0.039996766,-0.082146056,0.01690129,-0.05126153,-0.037965745,0.012199636,-0.036807716,-0.023484385,0.00096349785,-0.0003059784,0.0,0.0,0.0,0.0,0.0,0.0,0.04,0.04,-0.40795553,0.32391974,0.70563614,-2.9020648,0.54638886,3.7504501,0.37648514,0.039995383,0.039992835,-0.018715534,0.004832448,-0.010394462,0.0009453888,0.004687212,-0.0012768381,-0.0016282615,0.0002458481,1.5421465e-05,5.5879354e-09,2.3283064e-10,-3.7252903e-09,1.0,-1.489095e-10,-8.781334e-10,-8.472538e-11,0.0,0.0,0.0,0.0,0.0,0.0,0.60878205,0.18615583,0.11006204,0.99998707,-0.003009585,0.004120128,0.00016714312,0.0007948417,-0.0023360064,-0.00069374184,0.02056607,0.006009648,-0.0021829554,0.4138228,0.0519545,0.020999953,0.99999994,-1.2448497e-05,-8.790914e-06,-1.9716167e-06,0.00010667441,6.176718e-05,-0.00021219245,-0.0069945925,0.0008993977,1.6592212e-05
0.0,0.0,0.0,0.0,0.0,0.0,1.0,0.60878205,0.18615583,0.11006205,0.4138228,0.0519545,0.020999957,0.3990015,0.057254832,0.094016686,-0.0039044917,-0.9658978,-0.039520502,-0.25585955,-0.40795553,0.32391974,0.70563614,-2.9020648,0.54638886,3.7504501,0.37648514,0.039995383,0.039992835,-0.018715534,0.004832448,-0.010394462,0.0009453888,0.004687212,-0.0012768381,-0.0016282615,0.0002458481,1.5421465e-05,0.0,0.0,0.0,0.0,0.0,0.0,0.04,0.04,-0.4082973,0.32398793,0.70545584,-2.9020612,0.5464289,3.75045,0.37648013,0.039999016,0.039995093,-0.0043461686,0.0007682753,-0.0022173007,0.00015197376,0.0009260902,-5.936609e-05,-0.00025902575,5.349076e-05,6.8951274e-05,5.5879354e-09,2.3283064e-10,-3.7252903e-09,1.0,-1.489095e-10,-8.781334e-10,-8.472538e-11,0.0,0.0,0.0,0.0,0.0,0.0,0.6087852,0.18614458,0.110058434,0.9999871,-0.0029630947,0.00413273,0.0001651545,0.00028516035,-0.0005268876,-0.00013076785,0.0048090196,0.0020304692,-0.00084550865,0.41382277,0.051954515,0.020999942,0.99999994,-1.2866669e-05,-8.906247e-06,-2.0963619e-06,0.0001055836,6.307564e-05,-0.00021203556,-0.0070127267,0.0008829979,1.6313428e-05
0.0,0.0,0.0,0.0,0.0,0.0,1.0,0.6087852,0.18614458,0.11005844,0.41382277,0.051954515,0.020999946,0.39900982,0.057037316,0.09398061,-0.0039870436,-0.9659202,-0.039259702,-0.25581434,-0.4082973,0.32398793,0.70545584,-2.9020612,0.5464289,3.75045,0.37648013,0.039999016,0.039995093,-0.0043461686,0.0007682753,-0.0022173007,0.00015197376,0.0009260902,-5.936609e-05,-0.00025902575,5.349076e-05,6.8951274e-05,0.0,0.0,0.0,0.0,0.0,0.0,0.04,0.04,-0.40837428,0.3240004,0.7054157,-2.902061,0.54643786,3.75045,0.37647918,0.03999981,0.03999719,-0.0009709224,0.00017071435,-0.00049356633,4.3373453e-05,0.00020824687,-5.1402644e-06,-5.4454977e-05,1.1365229e-05,4.9667244e-05,5.5879354e-09,2.3283064e-10,-3.7252903e-09,1.0,-1.489095e-10,-8.781334e-10,-8.472538e-11,0.0,0.0,0.0,0.0,0.0,0.0,0.60878295,0.18614914,0.11006085,0.99998707,-0.0029832977,0.0041233245,0.00016591369,0.00044884582,7.568888e-05,-0.00022152164,0.0001461517,0.004362132,0.00012578437,0.4138228,0.0519545,0.020999968,0.99999994,-1.2263992e-05,-8.745848e-06,-2.2113009e-06,0.00010625949,6.201551e-05,-0.00021231285,-0.007000525,0.0008923498,1.6924005e-05
0.0,0.0,0.0,0.0,0.0,0.0,1.0,0.60878295,0.18614914,0.110060856,0.4138228,0.0519545,0.020999972,0.39901227,0.05698798,0.09397347,-0.004006266,-0.96592486,-0.03920126,-0.2558053,-0.40837428,0.3240004,0.7054157,-2.902061,0.54643786,3.75045,0.37647918,0.03999981,0.03999719,-0.0009709224,0.00017071435,-0.00049356633,4.3373453e-05,0.00020824687,-5.1402644e-06,-5.4454977e-05,1.1365229e-05,4.9667244e-05,0.0,0.0,0.0,0.0,0.0,0.0,0.04,0.04,-0.4083916,0.32400313,0.7054068,-2.902061,0.5464398,3.75045,0.37647918,0.039999977,0.039998487,-0.00021761094,3.8277176e-05,-0.00011020875,1.123011e-05,4.5542936e-05,-3.973841e-07,-1.0996759e-05,2.2391855e-06,2.8864808e-05,5.5879354e-09,2.3283064e-10,-3.7252903e-09,1.0,-1.489095e-10,-8.781334e-10,-8.472538e-11,0.0,0.0,0.0,0.0,0.0,0.0,0.60878116,0.1861561,0.11006238,0.99998695,-0.0030101393,0.004116228,0.00016760336,0.0013887868,-0.0020014485,-0.0009968244,0.017185815,0.01125466,-0.0024102197,0.4138228,0.05195452,0.020999948,0.99999994,-1.2882319e-05,-8.745823e-06,-2.1547057e-06,0.00010625275,6.267672e-05,-0.00021217999,-0.0070095533,0.0008949683,1.6154876e-05
0.0,0.0,0.0,0.0,0.0,0.0,1.0,0.60878116,0.1861561,0.11006239,0.4138228,0.05195452,0.020999951,0.39901274,0.05697724,0.09397185,-0.0040104385,-0.9659259,-0.039188206,-0.25580335,-0.4083916,0.32400313,0.7054068,-2.902061,0.5464398,3.75045,0.37647918,0.039999977,0.039998487,-0.00021761094,3.8277176e-05,-0.00011020875,1.123011e-05,4.5542936e-05,-3.973841e-07,-1.0996759e-05,2.2391855e-06,2.8864808e-05,0.0,0.0,0.0,0.0,0.0,0.0,0.04,0.04,-0.4083955,0.32400367,0.70540476,-2.902061,0.5464398,3.75045,0.37647918,0.03999998,0.039999206,-5.0418836e-05,4.856869e-06,-2.338768e-05,1.7108395e-06,1.11494155e-05,-4.072153e-06,-2.1856852e-07,5.046792e-07,1.5637164e-05,5.5879354e-09,2.3283064e-10,-3.7252903e-09,1.0,-1.489095e-10,-8.781334e-10,-8.472538e-11,0.0,0.0,0.0,0.0,0.0,0.0,0.6087853,0.18614428,0.11005835,0.9999871,-0.0029623315,0.004132654,0.00016530152,0.00024859147,-0.0005537085,-0.00018523893,0.005261634,0.0018010961,-0.00069568504,0.4138228,0.051954497,0.020999974,0.99999994,-1.2288318e-05,-8.6849805e-06,-2.2215456e-06,0.00010630184,6.2026666e-05,-0.00021233215,-0.007001474,0.0008928315,1.6878173e-05
0.0,0.0,0.0,0.0,0.0,0.0,1.0,0.6087853,0.18614428,0.11005835,0.4138228,0.051954497,0.020999977,0.39901283,0.056974754,0.09397152,-0.0040113325,-0.96592605,-0.039185464,-0.25580287,-0.4083955,0.32400367,0.70540476,-2.902061,0.5464398,3.75045,0.37647918,0.03999998,0.039999206,-5.0418836e-05,4.856869e-06,-2.338768e-05,1.7108395e-06,1.11494155e-05,-4.072153e-06,-2.1856852e-07,5.046792e-07,1.5637164e-05,0.0,0.0,0.0,0.0,0.0,0.0,0.04,0.04,-0.40839654,0.32400367,0.70540476,-2.902061,0.5464398,3.75045,0.37647918,0.03999998,0.039999586,-1.4325194e-05,-4.0727937e-06,-4.00616e-06,-2.3520745e-06,1.1456893e-06,-5.469755e-06,1.6373684e-06,3.1784822e-07,8.229983e-06,5.5879354e-09,2.3283064e-10,-3.7252903e-09,1.0,-1.489095e-10,-8.781334e-10,-8.472538e-11,0.0,0.0,0.0,0.0,0.0,0.0,0.60878295,0.18614915,0.11006079,0.99998707,-0.0029832881,0.0041233413,0.00016590668,0.0004500143,7.5686025e-05,-0.00021984246,0.00014184997,0.004373242,0.00012397068,0.4138228,0.051954508,0.020999957,0.99999994,-1.2699275e-05,-8.629543e-06,-2.132928e-06,0.000106437066,6.257115e-05,-0.00021248349,-0.0069925934,0.0009196303,1.6298387e-05
0.0,0.0,0.0,0.0,0.0,0.0,1.0,0.60878295,0.18614915,0.110060796,0.4138228,0.051954508,0.02099996,0.3990129,0.0569745,0.09397149,-0.0040114815,-0.96592605,-0.039185137,-0.25580287,-0.40839654,0.32400367,0.70540476,-2.902061,0.5464398,3.75045,0.37647918,0.03999998,0.039999586,-1.4325194e-05,-4.0727937e-06,-4.00616e-06,-2.3520745e-06,1.1456893e-06,-5.469755e-06,1.6373684e-06,3.1784822e-07,8.229983e-06,0.0,0.0,0.0,0.0,0.0,0.0,0.04,0.04,-0.40839654,0.32400367,0.70540476,-2.902061,0.5464398,3.75045,0.37647918,0.03999998,0.03999978,-3.085332e-06,5.8056514e-07,-1.5097339e-06,1.02485686e-07,-3.483493e-08,2.949316e-08,1.369003e-07,2.8009075e-07,4.234226e-06,5.5879354e-09,2.3283064e-10,-3.7252903e-09,1.0,-1.489095e-10,-8.781334e-10,-8.472538e-11,0.0,0.0,0.0,0.0,0.0,0.0,0.60878205,0.18615583,0.11006201,0.999987,-0.0030094327,0.0041201543,0.00016702367,0.00079370895,-0.0023364834,-0.00069256185,0.020574518,0.0060010594,-0.0021813305,0.4138228,0.051954508,0.020999927,0.99999994,-1.2455527e-05,-9.060871e-06,-2.045175e-06,0.00010547712,6.260269e-05,-0.00021131951,-0.0070325756,0.0008361735,1.6335036e-05
0.0,0.0,0.0,0.0,0.0,0.0,1.0,0.60878205,0.18615583,0.11006202,0.4138228,0.051954508,0.02099993,0.3990129,0.0569745,0.09397149,-0.0040114815,-0.96592605,-0.039185137,-0.25580287,-0.40839654,0.32400367,0.70540476,-2.902061,0.5464398,3.75045,0.37647918,0.03999998,0.03999978,-3.085332e-06,5.8056514e-07,-1.5097339e-06,1.02485686e-07,-3.483493e-08,2.949316e-08,1.369003e-07,2.8009075e-07,4.234226e-06,0.0,0.0,0.0,0.0,0.0,0.0,0.04,0.04,-0.40839654,0.32400367,0.70540476,-2.902061,0.5464398,3.75045,0.37647918,0.03999998,0.0399999,-8.773465e-07,3.8632132e-07,-3.823652e-07,7.79852e-09,-2.1563646e-07,2.6703415e-09,1.3862477e-07,2.7171956e-07,2.3079695e-06,5.5879354e-09,2.3283064e-10,-3.7252903e-09,1.0,-1.489095e-10,-8.781334e-10,-8.472538e-11,0.0,0.0,0.0,0.0,0.0,0.0,0.6087853,0.18614456,0.110058434,0.99998707,-0.0029629357,0.0041326196,0.00016529099,0.0002880639,-0.0005403986,-0.00013797783,0.0049318387,0.0020786999,-0.0008407429,0.4138228,0.051954508,0.020999959,0.99999994,-1.2605761e-05,-8.617025e-06,-2.036125e-06,0.000107345135,6.172299e-05,-0.00021274196,-0.006984733,0.0009337602,1.6394431e-05
0.0,0.0,-0.2,0.0,0.0,0.0,1.0,0.6087853,0.18614456,0.11005844,0.4138228,0.051954508,0.020999962,0.3990129,0.0569745,0.09397149,-0.0040114815,-0.96592605,-0.039185137,-0.25580287,-0.40839654,0.32400367,0.70540476,-2.902061,0.5464398,3.75045,0.37647918,0.03999998,0.0399999,-8.773465e-07,3.8632132e-07,-3.823652e-07,7.79852e-09,-2.1563646e-07,2.6703415e-09,1.3862477e-07,2.7171956e-07,2.3079695e-06,0.0,0.0,-0.1,0.0,0.0,0.0,0.04,0.04,-0.38399944,0.38521248,0.6766838,-2.8788607,0.5400302,3.7524998,0.35334644,0.03999452,0.039998356,0.61306006,2.166826,-0.8725134,0.65679884,-0.21968102,5.6427534e-06,-0.5983004,-0.00018578337,0.001624232,5.5879354e-09,2.3283064e-10,-3.7252903e-09,1.0,-1.489095e-10,-8.781334e-10,-8.472538e-11,0.0,0.0,0.0,0.0,0.0,0.0,0.60878295,0.18614914,0.110060856,0.99998707,-0.0029832786,0.0041232915,0.00016586794,0.00044850056,7.569697e-05,-0.00022158776,0.00014553522,0.0043585096,0.00012574227,0.41382283,0.051954515,0.020999948,0.99999994,-1.2846609e-05,-8.688596e-06,-2.042891e-06,0.00010572959,6.268254e-05,-0.00021203759,-0.00700603,0.00088435906,1.6555552e-05
0.0,0.0,0.0,0.0,0.0,0.0,1.0,0.60878295,0.18614914,0.110060856,0.41382283,0.051954515,0.020999951,0.39664024,0.06249093,0.07668905,0.0034745932,-0.96982616,-0.047011897,-0.23919664,-0.38399944,0.38521248,0.6766838,-2.8788607,0.5400302,3.7524998,0.35334644,0.03999452,0.039998356,0.61306006,2.166826,-0.8725134,0.65679884,-0.21968102,5.6427534e-06,-0.5983004,-0.00018578337,0.001624232,0.0,0.0,0.0,0.0,0.0,0.0,0.04,0.04,-0.38623396,0.40310904,0.67310184,-2.879318,0.54051113,3.7504127,0.35297415,0.0399781,0.03999869,-0.053540412,0.021731943,-0.044557337,-0.04398323,0.0131633,-0.040499426,-0.023369098,0.00079390494,-0.00022086473,5.5879354e-09,2.3283064e-10,-3.7252903e-09,1.0,-1.489095e-10,-8.781334e-10,-8.472538e-11,0.0,0.0,0.0,0.0,0.0,0.0,0.6087821,0.18615583,0.11006201,0.99998707,-0.003009622,0.0041201008,0.00016715006,0.0007947758,-0.0023354879,-0.00069371576,0.02056095,0.0060090977,-0.0021826997,0.4138228,0.051954497,0.020999968,0.99999994,-1.2321092e-05,-8.679045e-06,-2.1242736e-06,0.00010573213,6.228149e-05,-0.00021221617,-0.0070030047,0.00088205846,1.7102126e-05
0.0,0.0,0.0,0.0,0.0,0.0,1.0,0.6087821,0.18615583,0.11006202,0.4138228,0.051954497,0.020999972,0.39199346,0.061752837,0.06982106,0.0060873334,-0.9722272,-0.043774083,-0.22982804,-0.38623396,0.40310904,0.67310184,-2.879318,0.54051113,3.7504127,0.35297415,0.0399781,0.03999869,-0.053540412,0.021731943,-0.044557337,-0.04398323,0.0131633,-0.040499426,-0.023369098,0.00079390494,-0.00022086473,0.0,0.0,0.0,0.0,0.0,0.0,0.04,0.04,-0.38718817,0.40356824,0.67242134,-2.8797178,0.54066736,3.7503457,0.35295165,0.039993387,0.039995268,-0.011019524,0.004118952,-0.00787883,0.0005769122,0.0034483015,-0.0017652789,-0.0012438917,0.00023846615,4.354885e-06,5.5879354e-09,2.3283064e-10,-3.7252903e-09,1.0,-1.489095e-10,-8.781334e-10,-8.472538e-11,0.0,0.0,0.0,0.0,0.0,0.0,0.6087853,0.18614455,0.11005844,0.999987,-0.002963001,0.004132737,0.00016530996,0.0002862799,-0.0005312128,-0.00013399115,0.0048490446,0.0020498557,-0.0008425246,0.4138228,0.05195451,0.020999957,0.99999994,-1.2703901e-05,-8.71387e-06,-2.1929807e-06,0.00010620469,6.265994e-05,-0.00021216222,-0.007008392,0.00089411665,1.6198383e-05
0.0,0.0,0.0,0.0,0.0,0.0,1.0,0.6087853,0.18614455,0.11005844,0.4138228,0.05195451,0.02099996,0.39172694,0.0610609,0.06950998,0.0058391993,-0.9723772,-0.043012857,-0.22934324,-0.38718817,0.40356824,0.67242134,-2.8797178,0.54066736,3.7503457,0.35295165,0.039993387,0.039995268,-0.011019524,0.004118952,-0.00787883,0.0005769122,0.0034483015,-0.0017652789,-0.0012438917,0.00023846615,4.354885e-06,0.0,0.0,0.0,0.0,0.0,0.0,0.04,0.04,-0.38738948,0.4036221,0.67229646,-2.8797195,0.54069406,3.750345,0.3529492,0.039997503,0.039996743,-0.0023599458,0.0004696717,-0.0014465891,9.649343e-05,0.0005701601,-8.33075e-05,-0.00014202156,7.140945e-05,4.6317804e-05,5.5879354e-09,2.3283064e-10,-3.7252903e-09,1.0,-1.489095e-10,-8.781334e-10,-8.472538e-11,0.0,0.0,0.0,0.0,0.0,0.0,0.60878295,0.18614915,0.11006083,0.9999871,-0.0029832018,0.004123379,0.00016578815,0.00044854064,7.710396e-05,-0.00021979683,0.00012582507,0.0043582167,0.00012423054,0.4138228,0.0519545,0.020999916,0.99999994,-1.2297441e-05,-8.6642485e-06,-2.1445796e-06,0.00010652689,6.192686e-05,-0.00021216398,-0.0069965273,0.0008971309,1.6584627e-05
0.0,0.0,0.0,0.0,0.0,0.0,1.0,0.60878295,0.18614915,0.11006084,0.4138228,0.0519545,0.02099992,0.3917256,0.06092568,0.06948012,0.005787552,-0.97239333,-0.0428513,-0.22930652,-0.38738948,0.4036221,0.67229646,-2.8797195,0.54069406,3.750345,0.3529492,0.039997503,0.039996743,-0.0023599458,0.0004696717,-0.0014465891,9.649343e-05,0.0005701601,-8.33075e-05,-0.00014202156,7.140945e-05,4.6317804e-05,0.0,0.0,0.0,0.0,0.0,0.0,0.04,0.04,-0.3874302,0.4036294,0.6722721,-2.8797195,0.54069924,3.750345,0.35294873,0.039998896,0.039998155,-0.00047022398,8.9382374e-05,-0.0002855895,2.9507615e-05,0.00011293632,-3.6590616e-06,-2.428224e-05,2.6417587e-05,3.3222972e-05,5.5879354e-09,2.3283064e-10,-3.7252903e-09,1.0,-1.489095e-10,-8.781334e-10,-8.472538e-11,0.0,0.0,0.0,0.0,0.0,0.0,0.60878116,0.18615608,0.11006242,0.999987,-0.0030098688,0.004116397,0.00016755401,0.0013920784,-0.0020110286,-0.0009984155,0.017272523,0.011284332,-0.0024186373,0.41382283,0.051954515,0.020999957,0.99999994,-1.26292025e-05,-8.558587e-06,-2.0580433e-06,0.00010699974,6.215369e-05,-0.00021232235,-0.007003941,0.00090811803,1.6013477e-05
0.0,0.0,0.0,0.0,0.0,0.0,1.0,0.60878116,0.18615608,0.11006242,0.41382283,0.051954515,0.02099996,0.39172652,0.06089831,0.069475755,0.005776659,-0.972396,-0.04281901,-0.22930111,-0.3874302,0.4036294,0.6722721,-2.8797195,0.54069924,3.750345,0.35294873,0.039998896,0.039998155,-0.00047022398,8.9382374e-05,-0.0002855895,2.9507615e-05,0.00011293632,-3.6590616e-06,-2.428224e-05,2.6417587e-05,3.3222972e-05,0.0,0.0,0.0,0.0,0.0,0.0,0.04,0.04,-0.38743827,0.40363082,0.6722672,-2.8797195,0.5407003,3.750345,0.35294873,0.039999466,0.039999016,-9.121369e-05,1.8504701e-05,-5.832495e-05,8.430313e-06,2.3253968e-05,-4.611614e-09,-7.758496e-06,1.1492381e-05,1.90254e-05,5.5879354e-09,2.3283064e-10,-3.7252903e-09,1.0,-1.489095e-10,-8.781334e-10,-8.472538e-11,0.0,0.0,0.0,0.0,0.0,0.0,0.6087853,0.18614425,0.11005844,0.9999871,-0.0029621432,0.0041326983,0.00016521943,0.00024885824,-0.00052860274,-0.0001787137,0.0050266422,0.0017695462,-0.0007102275,0.41382283,0.05195451,0.020999933,0.99999994,-1.2530126e-05,-8.021441e-06,-2.1798764e-06,0.0001067337,6.2126106e-05,-0.00021288649,-0.0069722044,0.00094477256,1.6729367e-05
0.0,0.0,0.0,0.0,0.0,0.0,1.0,0.6087853,0.18614425,0.11005844,0.41382283,0.05195451,0.020999936,0.39172664,0.06089294,0.06947479,0.0057744985,-0.9723966,-0.042812586,-0.22929993,-0.38743827,0.40363082,0.6722672,-2.8797195,0.5407003,3.750345,0.35294873,0.039999466,0.039999016,-9.121369e-05,1.8504701e-05,-5.832495e-05,8.430313e-06,2.3253968e-05,-4.611614e-09,-7.758496e-06,1.1492381e-05,1.90254e-05,0.0,0.0,0.0,0.0,0.0,0.0,0.04,0.04,-0.3874399,0.4036309,0.67226636,-2.8797195,0.5407003,3.750345,0.35294873,0.039999742,0.039999485,-1.8956767e-05,4.418169e-06,-1.0086387e-05,1.4676791e-06,4.086712e-06,2.4580368e-07,9.206135e-07,5.5327064e-06,1.0167131e-05,5.5879354e-09,2.3283064e-10,-3.7252903e-09,1.0,-1.489095e-10,-8.781334e-10,-8.472538e-11,0.0,0.0,0.0,0.0,0.0,0.0,0.6087815,0.18614893,0.110061556,0.99998707,-0.0029813815,0.0041173445,0.00016604453,0.00044199303,0.0002887788,-0.0002771505,-0.0022009152,0.004415623,0.00014127341,0.4138228,0.051954508,0.020999959,0.99999994,-1.2536461e-05,-8.669525e-06,-2.074862e-06,0.000107196545,6.2191095e-05,-0.00021264277,-0.0069903173,0.0009332607,1.6012284e-05
0.0,0.0,0.0,0.0,0.0,0.0,1.0,0.6087815,0.18614893,0.110061556,0.4138228,0.051954508,0.020999962,0.3917268,0.06089187,0.06947477,0.0057740067,-0.9723966,-0.04281138,-0.22929989,-0.3874399,0.4036309,0.67226636,-2.8797195,0.5407003,3.750345,0.35294873,0.039999742,0.039999485,-1.8956767e-05,4.418169e-06,-1.0086387e-05,1.4676791e-06,4.086712e-06,2.4580368e-07,9.206135e-07,5.5327064e-06,1.0167131e-05,0.0,0.0,0.0,0.0,0.0,0.0,0.04,0.04,-0.38744006,0.4036309,0.67226636,-2.8797195,0.5407003,3.750345,0.35294873,0.03999986,0.039999742,-4.306667e-06,9.67311e-07,-2.5659695e-06,4.3576296e-08,4.1280796e-07,3.4168917e-08,2.698945e-07,2.866379e-06,5.3573453e-06,5.5879354e-09,2.3283064e-10,-3.7252903e-09,1.0,-1.489095e-10,-8.781334e-10,-8.472538e-11,0.0,0.0,0.0,0.0,0.0,0.0,0.60878116,0.18615611,0.11006241,0.99998695,-0.0030104176,0.0041160663,0.00016757869,0.0013925139,-0.002011378,-0.0010007159,0.017268207,0.011277295,-0.0024227249,0.4138228,0.051954523,0.020999948,0.99999994,-1.2925237e-05,-8.641104e-06,-1.989356e-06,0.00010640997,6.247754e-05,-0.00021220159,-0.0070068166,0.00089708867,1.6182254e-05
0.0,0.0,0.0,0.0,0.0,0.0,1.0,0.60878116,0.18615611,0.11006242,0.4138228,0.051954523,0.020999951,0.3917268,0.06089187,0.06947477,0.0057740067,-0.9723966,-0.04281138,-0.22929989,-0.38744006,0.4036309,0.67226636,-2.8797195,0.5407003,3.750345,0.35294873,0.03999986,0.039999742,-4.306667e-06,9.67311e-07,-2.5659695e-06,4.3576296e-08,4.1280796e-07,3.4168917e-08,2.698945e-07,2.866379e-06,5.3573453e-06,0.0,0.0,0.0,0.0,0.0,0.0,0.04,0.04,-0.38744006,0.4036309,0.67226636,-2.8797195,0.5407003,3.750345,0.35294873,0.03999992,0.03999986,-9.971616e-07,4.4166418e-07,-5.9338794e-07,7.530647e-09,9.322754e-08,5.5458553e-09,2.750544e-07,1.1311339e-06,2.8446793e-06,5.5879354e-09,2.3283064e-10,-3.7252903e-09,1.0,-1.489095e-10,-8.781334e-10,-8.472538e-11,0.0,0.0,0.0,0.0,0.0,0.0,0.6087853,0.18614426,0.11005832,0.9999871,-0.0029621425,0.0041326038,0.00016530577,0.00025057053,-0.000565662,-0.00018928226,0.005375804,0.0018304058,-0.00069301174,0.41382283,0.05195451,0.020999959,0.99999994,-1.2916148e-05,-8.77279e-06,-2.094237e-06,0.000106889085,6.238513e-05,-0.00021241611,-0.0070097875,0.0009066716,1.5983682e-05
0.0,0.0,0.0,0.0,0.0,0.0,1.0,0.6087853,0.18614426,0.11005832,0.41382283,0.05195451,0.020999962,0.3917268,0.06089187,0.06947477,0.0057740067,-0.9723966,-0.04281138,-0.22929989,-0.38744006,0.4036309,0.67226636,-2.8797195,0.5407003,3.750345,0.35294873,0.03999992,0.03999986,-9.971616e-07,4.4166418e-07,-5.9338794e-07,7.530647e-09,9.322754e-08,5.5458553e-09,2.750544e-07,1.1311339e-06,2.8446793e-06,0.0,0.0,0.0,0.0,0.0,0.0,0.04,0.04,-0.38744006,0.4036309,0.67226636,-2.8797195,0.5407003,3.750345,0.35294873,0.03999992,0.03999992,-2.2368647e-07,3.1892336e-07,-1.3479983e-07,5.1232274e-10,2.2516035e-08,1.481705e-09,2.7365394e-07,1.1305218e-06,1.1265814e-06,5.5879354e-09,2.3283064e-10,-3.7252903e-09,1.0,-1.489095e-10,-8.781334e-10,-8.472538e-11,0.0,0.0,0.0,0.0,0.0,0.0,0.608783,0.18614915,0.110060856,0.999987,-0.0029834372,0.0041233855,0.00016590934,0.00044990188,7.59369e-05,-0.0002207328,0.00014183208,0.0043720733,0.00012518346,0.41382277,0.051954497,0.020999925,0.99999994,-1.2605595e-05,-8.956369e-06,-2.1315668e-06,0.00010435793,6.3334046e-05,-0.00021173034,-0.0070094527,0.00085892633,1.705166e-05
0.0,0.0,0.0,0.0,0.0,0.0,1.0,0.608783,0.18614915,0.110060856,0.41382277,0.051954497,0.020999929,0.3917268,0.06089187,0.06947477,0.0057740067,-0.9723966,-0.04281138,-0.22929989,-0.38744006,0.4036309,0.67226636,-2.8797195,0.5407003,3.750345,0.35294873,0.03999992,0.03999992,-2.2368647e-07,3.1892336e-07,-1.3479983e-07,5.1232274e-10,2.2516035e-08,1.481705e-09,2.7365394e-07,1.1305218e-06,1.1265814e-06,0.0,0.0,0.0,0.0,0.0,0.0,0.04,0.04,-0.38744006,0.4036309,0.67226636,-2.8797195,0.5407003,3.750345,0.35294873,0.03999992,0.03999992,-5.1755322e-08,2.904178e-07,-3.1769655e-08,-6.6035505e-10,5.353037e-09,-2.183741e-10,2.7424952e-07,1.1298198e-06,1.1299086e-06,5.5879354e-09,2.3283064e-10,-3.7252903e-09,1.0,-1.489095e-10,-8.781334e-10,-8.472538e-11,0.0,0.0,0.0,0.0,0.0,0.0,0.6087821,0.18615583,0.11006201,0.99998695,-0.0030094814,0.004120232,0.00016708588,0.00079870614,-0.0023424546,-0.000695547,0.020625683,0.006044805,-0.0021882737,0.4138228,0.05195451,0.020999953,0.99999994,-1.2822461e-05,-8.451688e-06,-2.0740254e-06,0.000107099935,6.2069266e-05,-0.00021260642,-0.006986469,0.00093168585,1.6204674e-05
0.0,0.0,0.0,0.0,0.0,0.0,1.0,0.6087821,0.18615583,0.11006202,0.4138228,0.05195451,0.020999957,0.3917268,0.06089187,0.06947477,0.0057740067,-0.9723966,-0.04281138,-0.22929989,-0.38744006,0.4036309,0.67226636,-2.8797195,0.5407003,3.750345,0.35294873,0.03999992,0.03999992,-5.1755322e-08,2.904178e-07,-3.1769655e-08,-6.6035505e-10,5.353037e-09,-2.183741e-10,2.7424952e-07,1.1298198e-06,1.1299086e-06,0.0,0.0,0.0,0.0,0.0,0.0,0.04,0.04,-0.38744006,0.4036309,0.67226636,-2.8797195,0.5407003,3.750345,0.35294873,0.03999992,0.03999992,-1.1736945e-08,2.8398551e-07,-7.8756734e-09,-9.155008e-10,1.4651281e-09,-5.6325095e-10,2.7432125e-07,1.1296512e-06,1.13006e-06,5.5879354e-09,2.3283064e-10,-3.7252903e-09,1.0,-1.489095e-10,-8.781334e-10,-8.472538e-11,0.0,0.0,0.0,0.0,0.0,0.0,0.6087852,0.18614455,0.110058464,0.9999871,-0.0029630368,0.0041325474,0.00016523026,0.0002850097,-0.0005294543,-0.00013158511,0.00483321,0.0020317673,-0.000844629,0.4138228,0.05195452,0.020999983,0.99999994,-1.2965081e-05,-9.163117e-06,-2.07264e-06,0.00010546959,6.306649e-05,-0.00021184467,-0.0070305825,0.0008585255,1.6318283e-05
0.0,0.2,0.0,0.0,0.0,0.0,1.0,0.6087852,0.18614455,0.11005847,0.4138228,0.05195452,0.020999987,0.3917268,0.06089187,0.06947477,0.0057740067,-0.9723966,-0.04281138,-0.22929989,-0.38744006,0.4036309,0.67226636,-2.8797195,0.5407003,3.750345,0.35294873,0.03999992,0.03999992,-1.1736945e-08,2.8398551e-07,-7.8756734e-09,-9.155008e-10,1.4651281e-09,-5.6325095e-10,2.7432125e-07,1.1296512e-06,1.13006e-06,0.0,0.1,0.0,0.0,0.0,0.0,0.04,0.04,-0.3477133,0.41075283,0.6684464,-2.8659534,0.5994505,3.752503,0.35308224,0.04,0.039954364,1.4309903,0.22947067,0.05040896,0.4641756,1.63385,-7.770459e-05,-0.00973282,0.00055058254,-1.3986661e-05,5.5879354e-09,2.3283064e-10,-3.7252903e-09,1.0,-1.489095e-10,-8.781334e-10,-8.472538e-11,0.0,0.0,0.0,0.0,0.0,0.0,0.60878295,0.18614918,0.11006081,0.99998707,-0.0029835256,0.0041233907,0.00016585823,0.00044965412,7.6589e-05,-0.00021874536,0.00012908434,0.0043693045,0.00012293106,0.41382283,0.05195452,0.020999964,0.99999994,-1.2661729e-05,-8.534839e-06,-2.076682e-06,0.00010700846,6.21163e-05,-0.00021231665,-0.0070030927,0.0009082113,1.603221e-05
0.0,0.0,0.0,0.0,0.0,0.0,1.0,0.60878295,0.18614918,0.11006081,0.41382283,0.05195452,0.020999968,0.39144513,0.06577806,0.067953885,0.0016274155,-0.973467,-0.031212747,-0.22668299,-0.3477133,0.41075283,0.6684464,-2.8659534,0.5994505,3.752503,0.35308224,0.04,0.039954364,1.4309903,0.22947067,0.05040896,0.4641756,1.63385,-7.770459e-05,-0.00973282,0.00055058254,-1.3986661e-05,0.0,0.0,0.0,0.0,0.0,0.0,0.04,0.04,-0.3346842,0.4110245,0.67515016,-2.863937,0.5984562,3.7522705,0.35325828,0.039964974,0.04,0.13533871,-0.034522187,0.08955614,-0.01770828,-0.03990405,0.000935907,0.0077570225,-0.00015790062,0.00024731708,5.5879354e-09,2.3283064e-10,-3.7252903e-09,1.0,-1.489095e-10,-8.781334e-10,-8.472538e-11,0.0,0.0,0.0,0.0,0.0,0.0,0.60878116,0.1861561,0.11006237,0.9999869,-0.0030102644,0.0041161343,0.00016759423,0.0013917424,-0.0020101254,-0.0009982833,0.017264247,0.011280913,-0.0024177632,0.41382277,0.05195451,0.020999935,0.99999994,-1.26121195e-05,-9.173928e-06,-2.2132258e-06,0.00010332136,6.401304e-05,-0.0002108753,-0.007045888,0.0007978656,1.6789436e-05
0.0,0.0,0.0,0.0,0.0,0.0,1.0,0.60878116,0.1861561,0.110062376,0.41382277,0.05195451,0.020999938,0.3913298,0.07436586,0.06880346,0.0054748957,-0.9728261,-0.040323377,-0.22793263,-0.3346842,0.4110245,0.67515016,-2.863937,0.5984562,3.7522705,0.35325828,0.039964974,0.04,0.13533871,-0.034522187,0.08955614,-0.01770828,-0.03990405,0.000935907,0.0077570225,-0.00015790062,0.00024731708,0.0,0.0,0.0,0.0,0.0,0.0,0.04,0.04,-0.33224648,0.41055948,0.6766262,-2.864048,0.5981463,3.7522614,0.35328904,0.039971944,0.04,0.028757013,-0.0052606743,0.017452922,-0.001287562,-0.0067666466,0.00026709764,0.0015865199,0.0003247549,1.0430779e-05,5.5879354e-09,2.3283064e-10,-3.7252903e-09,1.0,-1.489095e-10,-8.781334e-10,-8.472538e-11,0.0,0.0,0.0,0.0,0.0,0.0,0.6087853,0.18614425,0.1100584,0.999987,-0.0029620272,0.004132474,0.0001653306,0.00025075785,-0.00054279435,-0.00018274822,0.0051603336,0.0018001907,-0.00070724054,0.41382283,0.051954508,0.020999966,0.99999994,-1.2455595e-05,-8.479338e-06,-2.0852924e-06,0.00010699114,6.199397e-05,-0.00021228728,-0.007000195,0.000907483,1.615016e-05
0.0,0.0,0.0,0.0,0.0,0.0,1.0,0.6087853,0.18614425,0.1100584,0.41382283,0.051954508,0.02099997,0.39117163,0.07600111,0.069067284,0.0061369394,-0.9726733,-0.042266697,-0.2282162,-0.33224648,0.41055948,0.6766262,-2.864048,0.5981463,3.7522614,0.35328904,0.039971944,0.04,0.028757013,-0.0052606743,0.017452922,-0.001287562,-0.0067666466,0.00026709764,0.0015865199,0.0003247549,1.0430779e-05,0.0,0.0,0.0,0.0,0.0,0.0,0.04,0.04,-0.33174944,0.4104743,0.67692655,-2.8640587,0.59808296,3.7522576,0.35329524,0.0399833,0.03999999,0.0058274893,-0.00111694,0.0035589216,-0.00030838492,-0.0013908457,5.4388838e-05,0.00031929524,0.0002838495,5.666692e-07,5.5879354e-09,2.3283064e-10,-3.7252903e-09,1.0,-1.489095e-10,-8.781334e-10,-8.472538e-11,0.0,0.0,0.0,0.0,0.0,0.0,0.6087815,0.18614894,0.11006151,0.9999871,-0.002981769,0.00411755,0.00016624728,0.00044333108,0.00028901262,-0.00027872514,-0.0022074834,0.0044285594,0.00013864873,0.4138228,0.051954508,0.02099993,0.99999994,-1.2435088e-05,-9.0451695e-06,-2.0696725e-06,0.00010547685,6.275612e-05,-0.00021134321,-0.0070358342,0.00083653117,1.619848e-05
0.0,0.0,0.0,0.0,0.0,0.0,1.0,0.6087815,0.18614894,0.11006151,0.4138228,0.051954508,0.020999935,0.3911419,0.07633644,0.069119915,0.0062751477,-0.9726416,-0.042660862,-0.22827387,-0.33174944,0.4104743,0.67692655,-2.8640587,0.59808296,3.7522576,0.35329524,0.0399833,0.03999999,0.0058274893,-0.00111694,0.0035589216,-0.00030838492,-0.0013908457,5.4388838e-05,0.00031929524,0.0002838495,5.666692e-07,0.0,0.0,0.0,0.0,0.0,0.0,0.04,0.04,-0.33164835,0.41045672,0.6769874,-2.86406,0.5980702,3.7522576,0.35329637,0.039990928,0.04,0.0011813572,-0.00022952522,0.00072512234,-6.729794e-05,-0.00028422585,7.35586e-06,6.657947e-05,0.00017155516,4.812345e-08,5.5879354e-09,2.3283064e-10,-3.7252903e-09,1.0,-1.489095e-10,-8.781334e-10,-8.472538e-11,0.0,0.0,0.0,0.0,0.0,0.0,0.6087811,0.18615611,0.110062376,0.99998695,-0.0030101512,0.004116349,0.00016753278,0.0013908246,-0.001999222,-0.0010007658,0.017152112,0.01126076,-0.002416165,0.4138228,0.051954508,0.020999962,0.99999994,-1.2585823e-05,-8.601259e-06,-2.0607022e-06,0.000107346044,6.172426e-05,-0.00021273973,-0.006984728,0.00093382096,1.639301e-05
0.0,0.0,0.0,0.0,0.0,0.0,1.0,0.6087811,0.18615611,0.110062376,0.4138228,0.051954508,0.020999966,0.39113653,0.07640471,0.06913109,0.0063030426,-0.97263503,-0.042740777,-0.22828664,-0.33164835,0.41045672,0.6769874,-2.86406,0.5980702,3.7522576,0.35329637,0.039990928,0.04,0.0011813572,-0.00022952522,0.00072512234,-6.729794e-05,-0.00028422585,7.35586e-06,6.657947e-05,0.00017155516,4.812345e-08,0.0,0.0,0.0,0.0,0.0,0.0,0.04,0.04,-0.33162785,0.41045308,0.6769999,-2.86406,0.5980678,3.7522576,0.35329685,0.039995227,0.04,0.00023763622,-5.1010127e-05,0.00015019996,-1.6027e-05,-5.786886e-05,-2.730953e-06,1.5415782e-05,9.368727e-05,6.3602767e-09,5.5879354e-09,2.3283064e-10,-3.7252903e-09,1.0,-1.489095e-10,-8.781334e-10,-8.472538e-11,0.0,0.0,0.0,0.0,0.0,0.0,0.6087853,0.18614425,0.11005838,0.99998707,-0.002962085,0.004132674,0.00016528509,0.00024923676,-0.0005393099,-0.00018439934,0.005136871,0.0017866638,-0.0007018906,0.41382283,0.051954515,0.020999951,0.99999994,-1.2826781e-05,-8.672949e-06,-2.0674509e-06,0.000105726955,6.2682135e-05,-0.00021203337,-0.007005901,0.0008842063,1.6551421e-05
0.0,0.0,0.0,0.0,0.0,0.0,1.0,0.6087853,0.18614425,0.11005838,0.41382283,0.051954515,0.020999955,0.39113554,0.07641859,0.06913309,0.006308735,-0.9726336,-0.042756885,-0.22828928,-0.33162785,0.41045308,0.6769999,-2.86406,0.5980678,3.7522576,0.35329685,0.039995227,0.04,0.00023763622,-5.1010127e-05,0.00015019996,-1.6027e-05,-5.786886e-05,-2.730953e-06,1.5415782e-05,9.368727e-05,6.3602767e-09,0.0,0.0,0.0,0.0,0.0,0.0,0.04,0.04,-0.3316236,0.41045243,0.67700255,-2.86406,0.59806776,3.7522576,0.35329685,0.039997518,0.04,5.1017447e-05,-5.1426455e-06,2.8465885e-05,-5.8911775e-07,-1.2002546e-05,2.877939e-06,1.1471657e-06,4.9423168e-05,8.659614e-10,5.5879354e-09,2.3283064e-10,-3.7252903e-09,1.0,-1.489095e-10,-8.781334e-10,-8.472538e-11,0.0,0.0,0.0,0.0,0.0,0.0,0.6087815,0.18614893,0.11006154,0.999987,-0.0029813314,0.004117113,0.00016606688,0.00044098118,0.0002878164,-0.00027814702,-0.0021876728,0.0044053644,0.00014253118,0.4138228,0.05195451,0.020999966,0.99999994,-1.25628985e-05,-8.660755e-06,-2.1361468e-06,0.00010852762,6.1203216e-05,-0.00021286204,-0.0070017106,0.00093357835,1.5833139e-05
0.0,0.0,0.0,0.0,0.0,0.0,1.0,0.6087815,0.18614893,0.11006154,0.4138228,0.05195451,0.02099997,0.39113536,0.076421194,0.069133684,0.0063098674,-0.97263336,-0.042759866,-0.22828966,-0.3316236,0.41045243,0.67700255,-2.86406,0.59806776,3.7522576,0.35329685,0.039997518,0.04,5.1017447e-05,-5.1426455e-06,2.8465885e-05,-5.8911775e-07,-1.2002546e-05,2.877939e-06,1.1471657e-06,4.9423168e-05,8.659614e-10,0.0,0.0,0.0,0.0,0.0,0.0,0.04,0.04,-0.33162272,0.41045243,0.6770026,-2.86406,0.59806776,3.7522576,0.35329685,0.039998718,0.04,1.0437398e-05,-3.5454468e-06,7.1141435e-06,-3.226455e-07,-1.1346942e-06,-2.3211555e-06,6.7698693e-07,2.5627087e-05,8.9804955e-11,5.5879354e-09,2.3283064e-10,-3.7252903e-09,1.0,-1.489095e-10,-8.781334e-10,-8.472538e-11,0.0,0.0,0.0,0.0,0.0,0.0,0.6087811,0.18615614,0.110062376,0.99998695,-0.0030106588,0.0041161887,0.00016759936,0.0013911382,-0.0020037265,-0.0010003495,0.017196868,0.011264876,-0.002417638,0.4138228,0.051954523,0.020999955,0.99999994,-1.2969483e-05,-8.777995e-06,-2.2527781e-06,0.00010487567,6.334575e-05,-0.00021186317,-0.0070130876,0.000869601,1.6636306e-05
0.0,-0.2,0.0,0.0,0.0,0.0,1.0,0.6087811,0.18615614,0.110062376,0.4138228,0.051954523,0.020999959,0.39113528,0.07642153,0.06913361,0.006309927,-0.9726334,-0.042760283,-0.2282897,-0.33162272,0.41045243,0.6770026,-2.86406,0.59806776,3.7522576,0.35329685,0.039998718,0.04,1.0437398e-05,-3.5454468e-06,7.1141435e-06,-3.226455e-07,-1.1346942e-06,-2.3211555e-06,6.7698693e-07,2.5627087e-05,8.9804955e-11,0.0,-0.1,0.0,0.0,0.0,0.0,0.04,0.04,-0.37217218,0.4029368,0.68209994,-2.8794641,0.5388899,3.7489622,0.35494727,0.039953448,0.04,-1.4596329,-0.23689395,-0.0147901485,-0.50627166,-1.6445018,-0.08737739,0.037945975,0.00018300541,0.00036448572,5.5879354e-09,2.3283064e-10,-3.7252903e-09,1.0,-1.489095e-10,-8.781334e-10,-8.472538e-11,0.0,0.0,0.0,0.0,0.0,0.0,0.6087853,0.18614426,0.11005842,0.99998707,-0.0029623671,0.004132353,0.00016529282,0.00024956046,-0.00052577,-0.00017765592,0.0049984944,0.0017732756,-0.00071160484,0.4138228,0.05195451,0.02099997,0.99999994,-1.28165675e-05,-8.958723e-06,-2.192747e-06,0.000106064836,6.268225e-05,-0.0002119546,-0.007026372,0.00086948974,1.6189986e-05
0.0,-0.2,0.0,0.0,0.0,0.0,1.0,0.6087853,0.18614426,0.11005843,0.4138228,0.05195451,0.020999974,0.39069808,0.071729496,0.07039647,0.010926142,-0.97162974,-0.054146335,-0.22996648,-0.37217218,0.4029368,0.68209994,-2.8794641,0.5388899,3.7489622,0.35494727,0.039953448,0.04,-1.4596329,-0.23689395,-0.0147901485,-0.50627166,-1.6445018,-0.08737739,0.037945975,0.00018300541,0.00036448572,0.0,-0.1,0.0,0.0,0.0,0.0,0.04,0.04,-0.42624733,0.39578038,0.67969745,-2.895165,0.48081878,3.7448266,0.35448703,0.039963055,0.04,-1.606513,-0.18832783,-0.1344486,-0.42349318,-1.5999687,-0.1233244,-0.02882955,0.0006399937,1.6382082e-05,5.5879354e-09,2.3283064e-10,-3.7252903e-09,1.0,-1.489095e-10,-8.781334e-10,-8.472538e-11,0.0,0.0,0.0,0.0,0.0,0.0,0.6087815,0.18614891,0.11006152,0.99998707,-0.0029812513,0.004117324,0.00016601302,0.0004431633,0.00028886413,-0.00027766064,-0.0022036175,0.0044275196,0.00014014398,0.4138228,0.051954515,0.020999944,0.99999994,-1.2883281e-05,-8.473968e-06,-2.0690088e-06,0.00010712238,6.217315e-05,-0.00021262078,-0.006988878,0.00093226315,1.6088514e-05
0.0,0.0,0.0,0.0,0.0,0.0,1.0,0.6087815,0.18614891,0.11006153,0.4138228,0.051954515,0.020999948,0.39025792,0.05848537,0.070647314,0.011742935,-0.9714369,-0.056476712,-0.23017997,-0.42624733,0.39578038,0.67969745,-2.895165,0.48081878,3.7448266,0.35448703,0.039963055,0.04,-1.606513,-0.18832783,-0.1344486,-0.42349318,-1.5999687,-0.1233244,-0.02882955,0.0006399937,1.6382082e-05,0.0,0.0,0.0,0.0,0.0,0.0,0.04,0.04,-0.4421977,0.39624602,0.6714544,-2.8965425,0.48210055,3.7450404,0.35433254,0.04,0.03995928,-0.16544357,0.035429835,-0.103018805,0.019385612,0.045619197,-6.8966474e-05,-0.0064025987,0.0005036291,-0.00011960379,5.5879354e-09,2.3283064e-10,-3.7252903e-09,1.0,-1.489095e-10,-8.781334e-10,-8.472538e-11,0.0,0.0,0.0,0.0,0.0,0.0,0.60878116,0.18615612,0.11006239,0.9999869,-0.0030102052,0.0041162795,0.00016753118,0.0013906588,-0.0019998164,-0.001000138,0.01715987,0.011261805,-0.002415319,0.4138228,0.051954508,0.02099996,0.99999994,-1.2508827e-05,-8.432448e-06,-2.061001e-06,0.000107311746,6.174833e-05,-0.00021284497,-0.006987415,0.0009329692,1.6504593e-05
0.0,0.0,0.0,0.0,0.0,0.0,1.0,0.60878116,0.18615612,0.11006239,0.4138228,0.051954508,0.020999964,0.39029306,0.048262928,0.06951755,0.0074556773,-0.9724313,-0.04499224,-0.22868618,-0.4421977,0.39624602,0.6714544,-2.8965425,0.48210055,3.7450404,0.35433254,0.04,0.03995928,-0.16544357,0.035429835,-0.103018805,0.019385612,0.045619197,-6.8966474e-05,-0.0064025987,0.0005036291,-0.00011960379,0.0,0.0,0.0,0.0,0.0,0.0,0.04,0.04,-0.4450761,0.3967277,0.6697467,-2.8963614,0.48246324,3.7450593,0.35430613,0.04,0.039968137,-0.032980636,0.005288016,-0.019310677,0.0019530981,0.0075755212,-7.379632e-05,-0.0013053517,1.80273e-05,0.0003882194,5.5879354e-09,2.3283064e-10,-3.7252903e-09,1.0,-1.489095e-10,-8.781334e-10,-8.472538e-11,0.0,0.0,0.0,0.0,0.0,0.0,0.6087853,0.18614422,0.110058405,0.99998707,-0.002961919,0.0041326047,0.00016522208,0.00025015153,-0.00053980236,-0.00018227284,0.0051336912,0.0017918932,-0.0007072219,0.4138228,0.051954508,0.020999933,0.99999994,-1.25513225e-05,-9.096821e-06,-2.0304649e-06,0.00010554384,6.2632906e-05,-0.00021170804,-0.0070197084,0.00085884036,1.6538588e-05
0.0,0.0,0.0,0.0,0.0,0.0,1.0,0.6087853,0.18614422,0.11005841,0.4138228,0.051954508,0.020999936,0.39039186,0.04636383,0.069247246,0.006715462,-0.9726081,-0.042689785,-0.22839914,-0.4450761,0.3967277,0.6697467,-2.8963614,0.48246324,3.7450593,0.35430613,0.04,0.039968137,-0.032980636,0.005288016,-0.019310677,0.0019530981,0.0075755212,-7.379632e-05,-0.0013053517,1.80273e-05,0.0003882194,0.0,0.0,0.0,0.0,0.0,0.0,0.04,0.04,-0.44563344,0.396812,0.6694164,-2.8963377,0.4825334,3.745063,0.354301,0.04,0.039981287,-0.006344326,0.0010698964,-0.003743209,0.00041985832,0.0014852188,-1.994977e-05,-0.00025221938,5.9782695e-07,0.0003243203,5.5879354e-09,2.3283064e-10,-3.7252903e-09,1.0,-1.489095e-10,-8.781334e-10,-8.472538e-11,0.0,0.0,0.0,0.0,0.0,0.0,0.6087815,0.18614897,0.110061504,0.99998707,-0.0029817412,0.0041174707,0.0001660812,0.00044261827,0.00029011804,-0.00027638706,-0.0022230288,0.0044210465,0.00013774623,0.4138228,0.05195451,0.020999959,0.99999994,-1.2751219e-05,-8.481288e-06,-2.0628331e-06,0.00010716362,6.214109e-05,-0.00021262992,-0.0069884313,0.00093308865,1.6087097e-05
0.0,0.0,0.0,0.0,0.0,0.0,1.0,0.6087815,0.18614897,0.11006151,0.4138228,0.05195451,0.020999962,0.39040595,0.04599444,0.0691956,0.0065696244,-0.9726418,-0.042245805,-0.22834176,-0.44563344,0.396812,0.6694164,-2.8963377,0.4825334,3.745063,0.354301,0.04,0.039981287,-0.006344326,0.0010698964,-0.003743209,0.00041985832,0.0014852188,-1.994977e-05,-0.00025221938,5.9782695e-07,0.0003243203,0.0,0.0,0.0,0.0,0.0,0.0,0.04,0.04,-0.44574103,0.3968287,0.6693527,-2.8963344,0.48254696,3.745063,0.35430005,0.04,0.0399899,-0.0012225587,0.00020890038,-0.0007250217,8.154263e-05,0.0002875709,1.0919621e-09,-5.0717143e-05,6.0922183e-09,0.00019273807,5.5879354e-09,2.3283064e-10,-3.7252903e-09,1.0,-1.489095e-10,-8.781334e-10,-8.472538e-11,0.0,0.0,0.0,0.0,0.0,0.0,0.6087811,0.1861561,0.11006236,0.999987,-0.0030100085,0.0041162707,0.00016747715,0.0013908948,-0.0019981659,-0.0010007634,0.017142555,0.01126205,-0.0024154102,0.4138228,0.051954508,0.020999929,0.99999994,-1.2688831e-05,-9.102795e-06,-2.0397454e-06,0.00010550806,6.321381e-05,-0.00021164876,-0.007028784,0.0008605962,1.5954578e-05
0.0,0.0,0.0,0.0,0.0,0.0,1.0,0.6087811,0.1861561,0.11006236,0.4138228,0.051954508,0.020999933,0.39040777,0.0459234,0.06918509,0.0065416996,-0.9726486,-0.04216063,-0.22832966,-0.44574103,0.3968287,0.6693527,-2.8963344,0.48254696,3.745063,0.35430005,0.04,0.0399899,-0.0012225587,0.00020890038,-0.0007250217,8.154263e-05,0.0002875709,1.0919621e-09,-5.0717143e-05,6.0922183e-09,0.00019273807,0.0,0.0,0.0,0.0,0.0,0.0,0.04,0.04,-0.44576177,0.39683202,0.66934043,-2.8963344,0.48254955,3.745063,0.35430005,0.04,0.039994713,-0.00023479165,4.4194363e-05,-0.00013990609,1.8799416e-05,5.534705e-05,1.7896253e-06,-8.63815e-06,-2.8739497e-09,0.00010430377,5.5879354e-09,2.3283064e-10,-3.7252903e-09,1.0,-1.489095e-10,-8.781334e-10,-8.472538e-11,0.0,0.0,0.0,0.0,0.0,0.0,0.6087853,0.18614426,0.11005835,0.99998707,-0.002962281,0.004132516,0.00016532668,0.00025141242,-0.0005603209,-0.00018484073,0.005315204,0.0018292493,-0.00070067955,0.41382283,0.051954515,0.020999962,0.99999994,-1.26688565e-05,-8.479662e-06,-2.0457708e-06,0.0001070036,6.2154446e-05,-0.000212313,-0.0070039746,0.00090815994,1.600611e-05
0.0,0.0,0.0,0.0,0.0,0.0,1.0,0.6087853,0.18614426,0.11005835,0.41382283,0.051954515,0.020999966,0.39040792,0.045909576,0.0691832,0.006536335,-0.97264993,-0.0421443,-0.22832713,-0.44576177,0.39683202,0.66934043,-2.8963344,0.48254955,3.745063,0.35430005,0.04,0.039994713,-0.00023479165,4.4194363e-05,-0.00013990609,1.8799416e-05,5.534705e-05,1.7896253e-06,-8.63815e-06,-2.8739497e-09,0.00010430377,0.0,0.0,0.0,0.0,0.0,0.0,0.04,0.04,-0.44576582,0.3968326,0.66933805,-2.8963344,0.48254982,3.745063,0.35430005,0.04,0.03999726,-4.7653342e-05,7.0977358e-06,-2.5316758e-05,4.227548e-06,7.748974e-06,-1.7457886e-06,-4.4108825e-07,-6.42888e-10,5.4677046e-05,5.5879354e-09,2.3283064e-10,-3.7252903e-09,1.0,-1.489095e-10,-8.781334e-10,-8.472538e-11,0.0,0.0,0.0,0.0,0.0,0.0,0.60878295,0.18614914,0.11006084,0.9999871,-0.0029831417,0.004123356,0.00016590582,0.0004500968,7.5970136e-05,-0.00021887948,0.00013583226,0.004373689,0.0001229411,0.4138228,0.051954508,0.020999977,0.99999994,-1.2665547e-05,-8.630063e-06,-2.1928117e-06,0.00010636267,6.243115e-05,-0.0002123882,-0.007010879,0.0008947979,1.6461006e-05
0.0,0.0,0.0,0.0,0.0,0.0,1.0,0.60878295,0.18614914,0.11006084,0.4138228,0.051954508,0.020999981,0.39040786,0.045906797,0.06918235,0.006535173,-0.97265023,-0.042140886,-0.22832645,-0.44576582,0.3968326,0.66933805,-2.8963344,0.48254982,3.745063,0.35430005,0.04,0.03999726,-4.7653342e-05,7.0977358e-06,-2.5316758e-05,4.227548e-06,7.748974e-06,-1.7457886e-06,-4.4108825e-07,-6.42888e-10,5.4677046e-05,0.0,0.0,0.0,0.0,0.0,0.0,0.04,0.04,-0.44576648,0.3968326,0.66933805,-2.8963344,0.48254982,3.745063,0.35430005,0.04,0.039998583,-7.2860444e-06,2.3049042e-06,-7.5659573e-06,1.4331212e-06,4.034573e-06,8.1458914e-08,-2.03949e-06,-1.423603e-10,2.8377408e-05,5.5879354e-09,2.3283064e-10,-3.7252903e-09,1.0,-1.489095e-10,-8.781334e-10,-8.472538e-11,0.0,0.0,0.0,0.0,0.0,0.0,0.60878116,0.18615608,0.11006241,0.99998695,-0.0030099917,0.004116255,0.00016764001,0.0013901119,-0.0020063089,-0.0009974497,0.017229883,0.011266354,-0.0024143395,0.4138228,0.051954504,0.020999948,0.99999994,-1.241479e-05,-9.058064e-06,-2.0651328e-06,0.00010551723,6.248259e-05,-0.00021132182,-0.0070306887,0.00083641394,1.6414595e-05
0.0,0.0,0.0,0.0,0.0,0.0,1.0,0.60878116,0.18615608,0.11006242,0.4138228,0.051954504,0.020999951,0.3904079,0.0459065,0.06918256,0.006535173,-0.97265023,-0.042140573,-0.22832644,-0.44576648,0.3968326,0.66933805,-2.8963344,0.48254982,3.745063,0.35430005,0.04,0.039998583,-7.2860444e-06,2.3049042e-06,-7.5659573e-06,1.4331212e-06,4.034573e-06,8.1458914e-08,-2.03949e-06,-1.423603e-10,2.8377408e-05,0.0,0.0,0.0,0.0,0.0,0.0,0.04,0.04,-0.44576648,0.3968326,0.66933805,-2.8963344,0.48254982,3.745063,0.35430005,0.04,0.039999265,-2.2635422e-06,2.1017307e-07,-1.2424701e-06,3.9930917e-08,1.7721099e-07,-2.0015245e-09,-1.2120329e-07,-2.2767782e-11,1.4658898e-05,5.5879354e-09,2.3283064e-10,-3.7252903e-09,1.0,-1.489095e-10,-8.781334e-10,-8.472538e-11,0.0,0.0,0.0,0.0,0.0,0.0,0.6087853,0.18614425,0.110058405,0.999987,-0.0029621006,0.004132473,0.00016523463,0.0002495076,-0.00053968583,-0.00018399829,0.0051383628,0.0017891256,-0.00070288253,0.4138228,0.05195451,0.020999966,0.99999994,-1.2500829e-05,-8.307426e-06,-2.0379935e-06,0.0001070549,6.2111176e-05,-0.00021281779,-0.006992217,0.00093001075,1.6402024e-05
0.0,0.0,0.0,0.0,0.0,0.0,1.0,0.6087853,0.18614425,0.11005841,0.4138228,0.05195451,0.02099997,0.3904079,0.0459065,0.06918256,0.006535173,-0.97265023,-0.042140573,-0.22832644,-0.44576648,0.3968326,0.66933805,-2.8963344,0.48254982,3.745063,0.35430005,0.04,0.039999265,-2.2635422e-06,2.1017307e-07,-1.2424701e-06,3.9930917e-08,1.7721099e-07,-2.0015245e-09,-1.2120329e-07,-2.2767782e-11,1.4658898e-05,0.0,0.0,0.0,0.0,0.0,0.0,0.04,0.04,-0.44576648,0.3968326,0.66933805,-2.8963344,0.48254982,3.745063,0.35430005,0.04,0.03999962,-5.905004e-07,-6.2145446e-08,-2.587398e-07,9.019492e-09,2.8455961e-08,-6.379729e-09,-1.2775013e-07,-5.475894e-12,7.6273636e-06,5.5879354e-09,2.3283064e-10,-3.7252903e-09,1.0,-1.489095e-10,-8.781334e-10,-8.472538e-11,0.0,0.0,0.0,0.0,0.0,0.0,0.6087815,0.1861489,0.110061504,0.9999871,-0.0029812388,0.004117148,0.00016608938,0.00044115042,0.00028837088,-0.00027897334,-0.002194096,0.004406676,0.00014191344,0.4138228,0.05195451,0.02099999,0.99999994,-1.2853036e-05,-9.045699e-06,-2.0445893e-06,0.00010558122,6.297741e-05,-0.00021223859,-0.0070156762,0.0008817608,1.6598317e-05
0.0,0.0,0.0,0.0,0.0,0.0,1.0,0.6087815,0.1861489,0.11006151,0.4138228,0.05195451,0.020999994,0.3904079,0.0459065,0.06918256,0.006535173,-0.97265023,-0.042140573,-0.22832644,-0.44576648,0.3968326,0.66933805,-2.8963344,0.48254982,3.745063,0.35430005,0.04,0.03999962,-5.905004e-07,-6.2145446e-08,-2.587398e-07,9.019492e-09,2.8455961e-08,-6.379729e-09,-1.2775013e-07,-5.475894e-12,7.6273636e-06,0.0,0.0,0.0,0.0,0.0,0.0,0.04,0.04,-0.44576648,0.3968326,0.66933805,-2.8963344,0.48254982,3.745063,0.35430005,0.04,0.039999798,-2.2485644e-07,-1.2265762e-07,-4.688001e-08,2.1920452e-09,8.355242e-10,-4.1228e-09,-1.3237931e-07,-9.690558e-13,3.7596599e-06,5.5879354e-09,2.3283064e-10,-3.7252903e-09,1.0,-1.489095e-10,-8.781334e-10,-8.472538e-11,0.0,0.0,0.0,0.0,0.0,0.0,0.6087811,0.18615611,0.1100624,0.9999869,-0.0030101868,0.0041162344,0.00016743307,0.001390296,-0.0020001007,-0.0010003666,0.017162502,0.011255508,-0.0024153853,0.41382283,0.05195451,0.020999972,0.99999994,-1.2551478e-05,-8.418129e-06,-2.0391108e-06,0.00010700935,6.212003e-05,-0.00021231886,-0.007003194,0.00090822874,1.6029133e-05
0.2,0.0,0.0,0.0,0.0,0.0,1.0,0.6087811,0.18615611,0.110062405,0.41382283,0.05195451,0.020999976,0.3904079,0.0459065,0.06918256,0.006535173,-0.97265023,-0.042140573,-0.22832644,-0.44576648,0.3968326,0.66933805,-2.8963344,0.48254982,3.745063,0.35430005,0.04,0.039999798,-2.2485644e-07,-1.2265762e-07,-4.688001e-08,2.1920452e-09,8.355242e-10,-4.1228e-09,-1.3237931e-07,-9.690558e-13,3.7596599e-06,0.1,0.0,0.0,0.0,0.0,0.0,0.04,0.04,-0.42603406,0.40275276,0.6506391,-2.8615563,0.5011784,3.7115438,0.32929862,0.03999542,0.04,0.54091513,0.16628233,-0.54727095,1.2641423,0.5355429,-0.9355233,-0.7029234,-0.000160659,3.420756e-05,5.5879354e-09,2.3283064e-10,-3.7252903e-09,1.0,-1.489095e-10,-8.781334e-10,-8.472538e-11,0.0,0.0,0.0,0.0,0.0,0.0,0.6087853,0.18614425,0.11005827,0.999987,-0.0029619848,0.004132546,0.00016527296,0.00025205087,-0.00058461877,-0.0001915431,0.0055360086,0.001869534,-0.0006895138,0.4138228,0.051954504,0.020999942,0.99999994,-1.2823456e-05,-9.30258e-06,-2.0329978e-06,0.00010408625,6.356787e-05,-0.00021103885,-0.007042205,0.00081155327,1.6571088e-05
0.0,0.0,0.0,0.0,0.0,0.0,1.0,0.6087853,0.18614425,0.11005828,0.4138228,0.051954504,0.020999946,0.40057516,0.04666757,0.06693052,0.007014558,-0.97366893,-0.04447487,-0.22347644,-0.42603406,0.40275276,0.6506391,-2.8615563,0.5011784,3.7115438,0.32929862,0.03999542,0.04,0.54091513,0.16628233,-0.54727095,1.2641423,0.5355429,-0.9355233,-0.7029234,-0.000160659,3.420756e-05,0.0,0.0,0.0,0.0,0.0,0.0,0.04,0.04,-0.42767444,0.40180695,0.6504872,-2.8527684,0.5010399,3.7119515,0.32940164,0.039998945,0.03999767,-0.035765633,-0.038014702,0.003389388,-0.008968661,-0.010147816,0.02325781,0.007188479,0.00022121292,-0.00010907642,5.5879354e-09,2.3283064e-10,-3.7252903e-09,1.0,-1.489095e-10,-8.781334e-10,-8.472538e-11,0.0,0.0,0.0,0.0,0.0,0.0,0.60878295,0.18614917,0.110060796,0.999987,-0.0029834239,0.0041233124,0.00016591446,0.0004513136,7.417519e-05,-0.00021815025,0.00014926927,0.004384364,0.00012004524,0.4138228,0.051954526,0.020999976,0.99999994,-1.2856658e-05,-8.587405e-06,-2.1285716e-06,0.00010690724,6.217944e-05,-0.00021252823,-0.007009118,0.0009055862,1.6268363e-05
0.0,0.0,0.0,0.0,0.0,0.0,1.0,0.60878295,0.18614917,0.110060796,0.4138228,0.051954526,0.02099998,0.40555322,0.046204485,0.06924142,0.006873608,-0.9726618,-0.042493045,-0.22820178,-0.42767444,0.40180695,0.6504872,-2.8527684,0.5010399,3.7119515,0.32940164,0.039998945,0.03999767,-0.035765633,-0.038014702,0.003389388,-0.008968661,-0.010147816,0.02325781,0.007188479,0.00022121292,-0.00010907642,0.0,0.0,0.0,0.0,0.0,0.0,0.04,0.04,-0.4280388,0.4014745,0.6503431,-2.8526933,0.501064,3.7120092,0.3294053,0.04,0.039996866,-0.0038603994,-0.00011057066,-0.0018413155,0.0012458483,0.000748658,0.0009823327,0.00032296026,6.1476335e-08,2.7603308e-05,5.5879354e-09,2.3283064e-10,-3.7252903e-09,1.0,-1.489095e-10,-8.781334e-10,-8.472538e-11,0.0,0.0,0.0,0.0,0.0,0.0,0.60878116,0.18615608,0.11006241,0.9999869,-0.003010113,0.004116138,0.0001676153,0.001389996,-0.0020048982,-0.0009978334,0.0172157,0.011263399,-0.0024139155,0.4138228,0.051954504,0.020999933,0.99999994,-1.2413285e-05,-8.563837e-06,-2.0869174e-06,0.00010734595,6.1898536e-05,-0.00021263829,-0.006985385,0.0009350427,1.613899e-05
0.0,0.0,0.0,0.0,0.0,0.0,1.0,0.60878116,0.18615608,0.11006242,0.4138228,0.051954504,0.020999936,0.40569544,0.045947496,0.069371045,0.0067075943,-0.9726287,-0.04224807,-0.22839352,-0.4280388,0.4014745,0.6503431,-2.8526933,0.501064,3.7120092,0.3294053,0.04,0.039996866,-0.0038603994,-0.00011057066,-0.0018413155,0.0012458483,0.000748658,0.0009823327,0.00032296026,6.1476335e-08,2.7603308e-05,0.0,0.0,0.0,0.0,0.0,0.0,0.04,0.04,-0.42810434,0.40147316,0.65030754,-2.8526797,0.50107104,3.71201,0.32940528,0.04,0.039998118,-0.00079816283,6.911747e-05,-0.00044038976,6.187561e-05,0.00015389113,5.4815617e-05,-1.0927653e-05,-3.3403118e-09,3.155025e-05,5.5879354e-09,2.3283064e-10,-3.7252903e-09,1.0,-1.489095e-10,-8.781334e-10,-8.472538e-11,0.0,0.0,0.0,0.0,0.0,0.0,0.6087853,0.18614425,0.11005837,0.999987,-0.0029619506,0.0041324203,0.000165202,0.00025002105,-0.0005365315,-0.00018099323,0.005101306,0.0017869845,-0.0007091642,0.4138228,0.05195452,0.020999974,0.99999994,-1.2914774e-05,-8.544965e-06,-2.0692291e-06,0.000107155,6.2178085e-05,-0.00021263232,-0.0069894083,0.00093273923,1.6064138e-05
0.0,0.0,0.0,0.0,0.0,0.0,1.0,0.6087853,0.18614425,0.11005837,0.4138228,0.05195452,0.020999977,0.40570554,0.045903213,0.06937143,0.0066894446,-0.97263026,-0.042196557,-0.22839724,-0.42810434,0.40147316,0.65030754,-2.8526797,0.50107104,3.71201,0.32940528,0.04,0.039998118,-0.00079816283,6.911747e-05,-0.00044038976,6.187561e-05,0.00015389113,5.4815617e-05,-1.0927653e-05,-3.3403118e-09,3.155025e-05,0.0,0.0,0.0,0.0,0.0,0.0,0.04,0.04,-0.42811808,0.40147457,0.65029955,-2.8526797,0.501073,3.71201,0.32940528,0.04,0.039998975,-0.00016800602,2.2787817e-05,-9.8830766e-05,1.3837912e-05,3.692775e-05,-2.79004e-06,-5.9828863e-06,-1.8588301e-09,1.9266154e-05,5.5879354e-09,2.3283064e-10,-3.7252903e-09,1.0,-1.489095e-10,-8.781334e-10,-8.472538e-11,0.0,0.0,0.0,0.0,0.0,0.0,0.6087815,0.18614893,0.110061534,0.999987,-0.0029813487,0.0041170726,0.00016606582,0.000441399,0.00028817827,-0.0002781936,-0.0021925631,0.0044092895,0.00014196994,0.4138228,0.051954497,0.020999938,0.99999994,-1.2279484e-05,-8.46461e-06,-2.03034e-06,0.00010724932,6.178198e-05,-0.00021233654,-0.0069987937,0.0009108802,1.612357e-05
0.0,0.0,0.0,0.0,0.0,0.0,1.0,0.6087815,0.18614893,0.11006154,0.4138228,0.051954497,0.020999942,0.40570566,0.04589388,0.069370165,0.006685749,-0.9726311,-0.042185724,-0.22839567,-0.42811808,0.40147457,0.65029955,-2.8526797,0.501073,3.71201,0.32940528,0.04,0.039998975,-0.00016800602,2.2787817e-05,-9.8830766e-05,1.3837912e-05,3.692775e-05,-2.79004e-06,-5.9828863e-06,-1.8588301e-09,1.9266154e-05,0.0,0.0,0.0,0.0,0.0,0.0,0.04,0.04,-0.428121,0.40147483,0.6502978,-2.8526797,0.501073,3.71201,0.32940528,0.04,0.039999455,-3.5359728e-05,8.008999e-06,-2.0847845e-05,3.55891e-06,8.309154e-06,1.6647429e-06,-6.9519665e-08,-5.2035876e-10,1.0618228e-05,5.5879354e-09,2.3283064e-10,-3.7252903e-09,1.0,-1.489095e-10,-8.781334e-10,-8.472538e-11,0.0,0.0,0.0,0.0,0.0,0.0,0.6087811,0.18615615,0.11006239,0.9999869,-0.0030106881,0.004115969,0.00016757818,0.001390392,-0.0020035245,-0.0009998768,0.017195888,0.011258005,-0.0024167288,0.4138228,0.051954515,0.020999972,0.99999994,-1.2664728e-05,-8.3108e-06,-2.0405494e-06,0.000107206084,6.201956e-05,-0.0002126369,-0.006986661,0.00093320955,1.616822e-05
0.0,0.2,0.0,0.0,0.0,0.0,1.0,0.6087811,0.18615615,0.11006239,0.4138228,0.051954515,0.020999976,0.4057058,0.045891985,0.06936999,0.0066849743,-0.97263116,-0.042183697,-0.22839558,-0.428121,0.40147483,0.6502978,-2.8526797,0.501073,3.71201,0.32940528,0.04,0.039999455,-3.5359728e-05,8.008999e-06,-2.0847845e-05,3.55891e-06,8.309154e-06,1.6647429e-06,-6.9519665e-08,-5.2035876e-10,1.0618228e-05,0.0,0.1,0.0,0.0,0.0,0.0,0.04,0.04,-0.38861886,0.40752092,0.64485586,-2.8412712,0.5577679,3.7178805,0.33054417,0.04,0.039958555,1.4191955,0.19600946,0.0014261738,0.37971553,1.5788574,0.15031353,0.020409478,0.00053417095,6.169117e-06,5.5879354e-09,2.3283064e-10,-3.7252903e-09,1.0,-1.489095e-10,-8.781334e-10,-8.472538e-11,0.0,0.0,0.0,0.0,0.0,0.0,0.6087853,0.18614423,0.11005829,0.9999871,-0.0029619497,0.00413262,0.00016531939,0.0002521364,-0.00059553346,-0.0001992709,0.005645624,0.0018907544,-0.0006786222,0.4138228,0.051954508,0.020999942,0.99999994,-1.2588157e-05,-8.929863e-06,-2.0840125e-06,0.00010553554,6.3151136e-05,-0.00021164666,-0.007027613,0.0008607841,1.598561e-05
0.0,0.2,0.0,0.0,0.0,0.0,1.0,0.6087853,0.18614423,0.11005829,0.4138228,0.051954508,0.020999946,0.40561196,0.0502277,0.068265155,0.0022109598,-0.9734314,-0.030214846,-0.22696584,-0.38861886,0.40752092,0.64485586,-2.8412712,0.5577679,3.7178805,0.33054417,0.04,0.039958555,1.4191955,0.19600946,0.0014261738,0.37971553,1.5788574,0.15031353,0.020409478,0.00053417095,6.169117e-06,0.0,0.1,0.0,0.0,0.0,0.0,0.04,0.04,-0.33633408,0.4142032,0.64555913,-2.8267717,0.6139258,3.7225204,0.33018062,0.04,0.0399658,1.5564129,0.18144932,0.072257526,0.4256352,1.5540808,0.11671907,-0.027179357,2.2461543e-05,0.00054561987,5.5879354e-09,2.3283064e-10,-3.7252903e-09,1.0,-1.489095e-10,-8.781334e-10,-8.472538e-11,0.0,0.0,0.0,0.0,0.0,0.0,0.60878295,0.18614915,0.110060796,0.99998707,-0.002983305,0.004123342,0.00016590684,0.00045088408,7.537007e-05,-0.00021904246,0.00014217324,0.0043811407,0.00012251786,0.4138228,0.051954504,0.020999983,0.99999994,-1.2524978e-05,-8.434568e-06,-2.0549369e-06,0.00010734408,6.144871e-05,-0.00021293592,-0.006984233,0.0009321617,1.6847109e-05
0.0,0.0,0.0,0.0,0.0,0.0,1.0,0.60878295,0.18614915,0.110060796,0.4138228,0.051954504,0.020999987,0.4054672,0.063279316,0.06788835,0.0013626666,-0.9736176,-0.027551025,-0.22651243,-0.33633408,0.4142032,0.64555913,-2.8267717,0.6139258,3.7225204,0.33018062,0.04,0.0399658,1.5564129,0.18144932,0.072257526,0.4256352,1.5540808,0.11671907,-0.027179357,2.2461543e-05,0.00054561987,0.0,0.0,0.0,0.0,0.0,0.0,0.04,0.04,-0.3209318,0.4139868,0.6536766,-2.8249793,0.612685,3.722304,0.3303921,0.039958484,0.04,0.17494318,-0.040245496,0.114085786,-0.018790955,-0.04623585,0.0004798108,0.009817062,-0.00010505287,0.00035870625,5.5879354e-09,2.3283064e-10,-3.7252903e-09,1.0,-1.489095e-10,-8.781334e-10,-8.472538e-11,0.0,0.0,0.0,0.0,0.0,0.0,0.60878205,0.18615583,0.110062,0.999987,-0.0030094665,0.0041200924,0.00016708899,0.00079310674,-0.0023367065,-0.00069196767,0.020578505,0.0059963837,-0.00218048,0.4138228,0.0519545,0.020999948,0.99999994,-1.2671384e-05,-9.085654e-06,-2.0429045e-06,0.00010424433,6.339665e-05,-0.00021133282,-0.00702361,0.0008358724,1.6803597e-05
0.0,0.0,0.0,0.0,0.0,0.0,1.0,0.60878205,0.18615583,0.110062,0.4138228,0.0519545,0.020999951,0.4052021,0.07372902,0.06900765,0.0058144038,-0.97288144,-0.038539797,-0.22799692,-0.3209318,0.4139868,0.6536766,-2.8249793,0.612685,3.722304,0.3303921,0.039958484,0.04,0.17494318,-0.040245496,0.114085786,-0.018790955,-0.04623585,0.0004798108,0.009817062,-0.00010505287,0.00035870625,0.0,0.0,0.0,0.0,0.0,0.0,0.04,0.04,-0.31769785,0.413397,0.6556228,-2.825094,0.61228746,3.7222853,0.33043396,0.03996599,0.04,0.04049405,-0.0074839857,0.024787195,-0.0017102465,-0.009038787,0.00024324538,0.0021703748,0.00036944135,1.801114e-05,5.5879354e-09,2.3283064e-10,-3.7252903e-09,1.0,-1.489095e-10,-8.781334e-10,-8.472538e-11,0.0,0.0,0.0,0.0,0.0,0.0,0.6087853,0.18614452,0.11005845,0.99998707,-0.002962653,0.0041327477,0.00016525517,0.00028839742,-0.0005405353,-0.00013586265,0.0049288594,0.0020776717,-0.00084462896,0.4138228,0.05195451,0.020999981,0.99999994,-1.2500744e-05,-8.359212e-06,-2.0589607e-06,0.00010705588,6.21125e-05,-0.00021282096,-0.0069923424,0.00093000993,1.6406204e-05
0.0,0.0,0.0,0.0,0.0,0.0,1.0,0.6087853,0.18614452,0.11005846,0.4138228,0.05195451,0.020999985,0.40500224,0.07596817,0.06936164,0.006699369,-0.97268426,-0.04109955,-0.22836688,-0.31769785,0.413397,0.6556228,-2.825094,0.61228746,3.7222853,0.33043396,0.03996599,0.04,0.04049405,-0.0074839857,0.024787195,-0.0017102465,-0.009038787,0.00024324538,0.0021703748,0.00036944135,1.801114e-05,0.0,0.0,0.0,0.0,0.0,0.0,0.04,0.04,-0.31697133,0.4132716,0.65605974,-2.825108,0.612198,3.7222812,0.33044338,0.039979313,0.03999999,0.009061716,-0.0017258758,0.0055734357,-0.00042863959,-0.002048674,5.86011e-05,0.00048661124,0.0003393954,1.0807059e-06,5.5879354e-09,2.3283064e-10,-3.7252903e-09,1.0,-1.489095e-10,-8.781334e-10,-8.472538e-11,0.0,0.0,0.0,0.0,0.0,0.0,0.60878295,0.18614917,0.11006087,0.99998707,-0.0029831836,0.0041234777,0.00016579096,0.00044880438,7.682998e-05,-0.00022056051,0.00013102284,0.0043609594,0.00012465664,0.4138228,0.051954497,0.020999953,0.99999994,-1.23483e-05,-8.929527e-06,-2.0243021e-06,0.00010568803,6.226432e-05,-0.00021171213,-0.007013524,0.00086024596,1.6753696e-05
0.0,0.0,0.0,0.0,0.0,0.0,1.0,0.60878295,0.18614917,0.11006087,0.4138228,0.051954497,0.020999957,0.40495977,0.07647294,0.069441095,0.0069005047,-0.9726384,-0.041672602,-0.22845177,-0.31697133,0.4132716,0.65605974,-2.825108,0.612198,3.7222812,0.33044338,0.039979313,0.03999999,0.009061716,-0.0017258758,0.0055734357,-0.00042863959,-0.002048674,5.86011e-05,0.00048661124,0.0003393954,1.0807059e-06,0.0,0.0,0.0,0.0,0.0,0.0,0.04,0.04,-0.31680846,0.41324323,0.65615773,-2.8251097,0.612178,3.7222812,0.33044535,0.03998861,0.039999995,0.0020325026,-0.00038612125,0.0012515836,-9.8573175e-05,-0.00045848606,1.2114167e-05,0.0001110322,0.00021139643,9.11968e-08,5.5879354e-09,2.3283064e-10,-3.7252903e-09,1.0,-1.489095e-10,-8.781334e-10,-8.472538e-11,0.0,0.0,0.0,0.0,0.0,0.0,0.60878116,0.1861561,0.110062376,0.99998695,-0.003010212,0.0041160886,0.00016760724,0.0013916959,-0.0020028658,-0.0009983694,0.01719489,0.011283103,-0.002414058,0.4138228,0.051954497,0.020999985,0.99999994,-1.2364709e-05,-8.353559e-06,-2.0249247e-06,0.00010736437,6.141864e-05,-0.00021294071,-0.0069839363,0.00093241484,1.6860558e-05
0.0,0.0,0.0,0.0,0.0,0.0,1.0,0.60878116,0.1861561,0.110062376,0.4138228,0.051954497,0.020999989,0.40495107,0.07658612,0.06945957,0.0069454466,-0.97262794,-0.041800916,-0.22847205,-0.31680846,0.41324323,0.65615773,-2.8251097,0.612178,3.7222812,0.33044535,0.03998861,0.039999995,0.0020325026,-0.00038612125,0.0012515836,-9.8573175e-05,-0.00045848606,1.2114167e-05,0.0001110322,0.00021139643,9.11968e-08,0.0,0.0,0.0,0.0,0.0,0.0,0.04,0.04,-0.31677198,0.4132369,0.6561797,-2.8251097,0.6121735,3.7222812,0.33044583,0.039993957,0.04,0.0004543494,-8.494336e-05,0.0002824829,-2.4174638e-05,-0.000105583655,5.475038e-06,2.6967793e-05,0.0001173904,1.21683446e-08,5.5879354e-09,2.3283064e-10,-3.7252903e-09,1.0,-1.489095e-10,-8.781334e-10,-8.472538e-11,0.0,0.0,0.0,0.0,0.0,0.0,0.6087853,0.18614425,0.11005841,0.9999871,-0.0029620593,0.0041325875,0.0001652451,0.00024960926,-0.00053122966,-0.00017908649,0.0050499,0.0017779814,-0.00071097875,0.4138228,0.0519545,0.020999957,0.99999994,-1.2413099e-05,-9.021226e-06,-2.0342297e-06,0.000105576284,6.2569095e-05,-0.0002117167,-0.00701867,0.000859399,1.6580247e-05
0.0,0.0,0.0,0.0,0.0,0.0,1.0,0.6087853,0.18614425,0.11005841,0.4138228,0.0519545,0.02099996,0.40494934,0.07661145,0.069463864,0.0069554155,-0.9726255,-0.041829586,-0.2284768,-0.31677198,0.4132369,0.6561797,-2.8251097,0.6121735,3.7222812,0.33044583,0.039993957,0.04,0.0004543494,-8.494336e-05,0.0002824829,-2.4174638e-05,-0.000105583655,5.475038e-06,2.6967793e-05,0.0001173904,1.21683446e-08,0.0,0.0,0.0,0.0,0.0,0.0,0.04,0.04,-0.31676373,0.41323546,0.6561846,-2.8251097,0.6121727,3.7222812,0.33044583,0.03999685,0.04,0.0001048447,-1.859671e-05,6.220028e-05,-4.8659854e-06,-2.0057661e-05,2.116783e-06,4.5444563e-06,6.2416395e-05,2.263621e-09,5.5879354e-09,2.3283064e-10,-3.7252903e-09,1.0,-1.489095e-10,-8.781334e-10,-8.472538e-11,0.0,0.0,0.0,0.0,0.0,0.0,0.6087815,0.18614891,0.11006152,0.9999871,-0.002981508,0.004117453,0.0001661009,0.0004412058,0.0002883445,-0.00027533047,-0.0022015818,0.004407012,0.00013960387,0.4138228,0.051954497,0.020999929,0.99999994,-1.2365909e-05,-8.490037e-06,-2.0433679e-06,0.000107415464,6.153529e-05,-0.00021274903,-0.0069816667,0.00093446864,1.6512686e-05
0.0,-0.2,0.0,0.0,0.0,0.0,1.0,0.6087815,0.18614891,0.11006153,0.4138228,0.051954497,0.020999933,0.40494904,0.076616965,0.06946486,0.0069576357,-0.9726249,-0.04183586,-0.22847782,-0.31676373,0.41323546,0.6561846,-2.8251097,0.6121727,3.7222812,0.33044583,0.03999685,0.04,0.0001048447,-1.859671e-05,6.220028e-05,-4.8659854e-06,-2.0057661e-05,2.116783e-06,4.5444563e-06,6.2416395e-05,2.263621e-09,0.0,-0.1,0.0,0.0,0.0,0.0,0.04,0.04,-0.35740736,0.40622613,0.6638439,-2.8404715,0.55411106,3.7189324,0.33339792,0.039954055,0.04,-1.4508111,-0.22352171,0.06521619,-0.5021124,-1.6142614,-0.08886125,0.07437149,0.00013574146,0.00037812765,5.5879354e-09,2.3283064e-10,-3.7252903e-09,1.0,-1.489095e-10,-8.781334e-10,-8.472538e-11,0.0,0.0,0.0,0.0,0.0,0.0,0.6087811,0.18615611,0.11006239,0.99998695,-0.0030102096,0.0041162656,0.00016756053,0.0013912378,-0.0019987726,-0.001000478,0.017148755,0.011267801,-0.0024154258,0.4138228,0.0519545,0.020999946,0.99999994,-1.2599157e-05,-8.971897e-06,-2.0225286e-06,0.00010562335,6.262024e-05,-0.00021162817,-0.0070177796,0.0008606714,1.6400454e-05
0.0,0.0,0.0,0.0,0.0,0.0,1.0,0.6087811,0.18615611,0.11006239,0.4138228,0.0519545,0.02099995,0.4044467,0.07226958,0.07074237,0.011575162,-0.9716431,-0.053276956,-0.23008114,-0.35740736,0.40622613,0.6638439,-2.8404715,0.55411106,3.7189324,0.33339792,0.039954055,0.04,-1.4508111,-0.22352171,0.06521619,-0.5021124,-1.6142614,-0.08886125,0.07437149,0.00013574146,0.00037812765,0.0,0.0,0.0,0.0,0.0,0.0,0.04,0.04,-0.3703331,0.4061493,0.6572928,-2.842356,0.55501103,3.7191331,0.33324757,0.04,0.03997059,-0.14204152,0.033331472,-0.092153646,0.017653033,0.038652122,-0.00023053044,-0.00650676,0.00032838457,-0.00026895074,5.5879354e-09,2.3283064e-10,-3.7252903e-09,1.0,-1.489095e-10,-8.781334e-10,-8.472538e-11,0.0,0.0,0.0,0.0,0.0,0.0,0.6087853,0.18614423,0.11005841,0.9999871,-0.0029621352,0.0041326242,0.00016522457,0.0002485506,-0.0005515881,-0.00018515249,0.005243507,0.0017991563,-0.0006952003,0.4138228,0.051954508,0.020999974,0.99999994,-1.2608881e-05,-8.30589e-06,-2.015095e-06,0.00010714204,6.189318e-05,-0.00021282418,-0.0069886427,0.00093078386,1.6530143e-05
0.0,0.0,0.0,0.0,0.0,0.0,1.0,0.6087853,0.18614423,0.11005841,0.4138228,0.051954508,0.020999977,0.40451574,0.063643485,0.06981455,0.00791499,-0.9724295,-0.044259056,-0.22882114,-0.3703331,0.4061493,0.6572928,-2.842356,0.55501103,3.7191331,0.33324757,0.04,0.03997059,-0.14204152,0.033331472,-0.092153646,0.017653033,0.038652122,-0.00023053044,-0.00650676,0.00032838457,-0.00026895074,0.0,0.0,0.0,0.0,0.0,0.0,0.04,0.04,-0.37294212,0.4066163,0.65573555,-2.8422167,0.5553301,3.7191503,0.3332185,0.04,0.03997515,-0.032294996,0.0055071134,-0.019403337,0.0014885383,0.0070500704,-7.694206e-05,-0.0014809002,1.5100424e-05,0.000263341,5.5879354e-09,2.3283064e-10,-3.7252903e-09,1.0,-1.489095e-10,-8.781334e-10,-8.472538e-11,0.0,0.0,0.0,0.0,0.0,0.0,0.6087815,0.18614893,0.11006153,0.99998707,-0.0029816718,0.004117519,0.0001661415,0.00044404852,0.00028883124,-0.00027724783,-0.0022079386,0.004435964,0.00013785795,0.4138228,0.051954515,0.020999938,0.99999994,-1.29463115e-05,-9.040334e-06,-2.045055e-06,0.00010544284,6.336253e-05,-0.00021165103,-0.007030959,0.00086008856,1.58739e-05
0.0,0.0,0.0,0.0,0.0,0.0,1.0,0.6087815,0.18614893,0.11006153,0.4138228,0.051954515,0.020999942,0.40465128,0.061855435,0.06954475,0.0072263186,-0.97259223,-0.042184606,-0.22854502,-0.37294212,0.4066163,0.65573555,-2.8422167,0.5553301,3.7191503,0.3332185,0.04,0.03997515,-0.032294996,0.0055071134,-0.019403337,0.0014885383,0.0070500704,-7.694206e-05,-0.0014809002,1.5100424e-05,0.000263341,0.0,0.0,0.0,0.0,0.0,0.0,0.04,0.04,-0.37351418,0.40670875,0.65539414,-2.8421996,0.5554003,3.7191541,0.33321205,0.04,0.039984908,-0.007034989,0.0012586816,-0.0042627165,0.00037508068,0.0015676854,-3.23596e-05,-0.00032654707,6.4830266e-07,0.0002488841,5.5879354e-09,2.3283064e-10,-3.7252903e-09,1.0,-1.489095e-10,-8.781334e-10,-8.472538e-11,0.0,0.0,0.0,0.0,0.0,0.0,0.6087811,0.18615611,0.11006237,0.99998695,-0.0030102385,0.0041160234,0.00016758325,0.0013915179,-0.0019968695,-0.0010006726,0.01713068,0.011270907,-0.002414535,0.4138228,0.051954497,0.02099997,0.99999994,-1.22992715e-05,-8.997738e-06,-2.0173197e-06,0.00010563457,6.24213e-05,-0.0002116999,-0.007015906,0.000859968,1.6651062e-05
0.0,0.0,0.0,0.0,0.0,0.0,1.0,0.6087811,0.18615611,0.110062376,0.4138228,0.051954497,0.020999974,0.40467545,0.061461713,0.06948626,0.0070725684,-0.9726274,-0.041732073,-0.22848263,-0.37351418,0.40670875,0.65539414,-2.8421996,0.5554003,3.7191541,0.33321205,0.04,0.039984908,-0.007034989,0.0012586816,-0.0042627165,0.00037508068,0.0015676854,-3.23596e-05,-0.00032654707,6.4830266e-07,0.0002488841,0.0,0.0,0.0,0.0,0.0,0.0,0.04,0.04,-0.37363926,0.40672934,0.6553196,-2.8421974,0.55541563,3.7191541,0.33321062,0.04,0.03999171,-0.0015385856,0.00027234727,-0.00093243696,8.02313e-05,0.00034245694,-8.868822e-06,-7.311593e-05,1.6968023e-08,0.00015447049,5.5879354e-09,2.3283064e-10,-3.7252903e-09,1.0,-1.489095e-10,-8.781334e-10,-8.472538e-11,0.0,0.0,0.0,0.0,0.0,0.0,0.6087853,0.18614422,0.1100583,0.99998707,-0.0029619213,0.0041324073,0.00016533509,0.00025219133,-0.000594523,-0.00020008424,0.0056386795,0.0018916897,-0.0006773342,0.4138228,0.051954493,0.020999942,0.99999994,-1.2245763e-05,-8.4656795e-06,-2.0549676e-06,0.000107447384,6.1470804e-05,-0.00021275123,-0.0069806282,0.0009348669,1.6550568e-05
0.0,0.0,0.0,0.0,0.0,0.0,1.0,0.6087853,0.18614422,0.11005831,0.4138228,0.051954493,0.020999946,0.40467972,0.06137549,0.06947276,0.0070389216,-0.9726354,-0.041633487,-0.22846767,-0.37363926,0.40672934,0.6553196,-2.8421974,0.55541563,3.7191541,0.33321062,0.04,0.03999171,-0.0015385856,0.00027234727,-0.00093243696,8.02313e-05,0.00034245694,-8.868822e-06,-7.311593e-05,1.6968023e-08,0.00015447049,0.0,0.0,0.0,0.0,0.0,0.0,0.04,0.04,-0.3736665,0.40673384,0.6553031,-2.8421974,0.5554191,3.7191541,0.33321014,0.04,0.039995614,-0.00033136935,6.4326785e-05,-0.0002074299,2.3345354e-05,7.749627e-05,2.0632342e-06,-1.9173323e-05,-2.8592932e-09,8.537396e-05,5.5879354e-09,2.3283064e-10,-3.7252903e-09,1.0,-1.489095e-10,-8.781334e-10,-8.472538e-11,0.0,0.0,0.0,0.0,0.0,0.0,0.60878295,0.18614915,0.11006081,0.999987,-0.0029833827,0.0041235406,0.00016583918,0.00044999935,7.668405e-05,-0.00021854606,0.00012619393,0.004371843,0.00012198673,0.4138228,0.051954504,0.020999964,0.99999994,-1.2481717e-05,-9.189353e-06,-2.0832051e-06,0.00010528648,6.2818945e-05,-0.00021150341,-0.0070402394,0.00083271676,1.6491611e-05
0.0,0.0,0.0,0.0,0.0,0.0,1.0,0.60878295,0.18614915,0.11006081,0.4138228,0.051954504,0.020999968,0.4046803,0.061356552,0.06946969,0.00703159,-0.9726373,-0.04161182,-0.22846413,-0.3736665,0.40673384,0.6553031,-2.8421974,0.5554191,3.7191541,0.33321014,0.04,0.039995614,-0.00033136935,6.4326785e-05,-0.0002074299,2.3345354e-05,7.749627e-05,2.0632342e-06,-1.9173323e-05,-2.8592932e-09,8.537396e-05,0.0,0.0,0.0,0.0,0.0,0.0,0.04,0.04,-0.37367246,0.406735,0.65529954,-2.8421974,0.55541927,3.7191541,0.33321014,0.04,0.03999771,-7.113597e-05,1.496408e-05,-4.448255e-05,5.1169845e-06,1.897342e-05,2.0198574e-06,-2.5792312e-06,-9.846471e-10,4.5299348e-05,5.5879354e-09,2.3283064e-10,-3.7252903e-09,1.0,-1.489095e-10,-8.781334e-10,-8.472538e-11,0.0,0.0,0.0,0.0,0.0,0.0,0.6087811,0.18615606,0.11006237,0.999987,-0.0030098448,0.00411617,0.00016765847,0.0013897296,-0.001998019,-0.0009973549,0.017151166,0.01126548,-0.0024096654,0.4138228,0.051954504,0.02099993,0.99999994,-1.2445434e-05,-8.532986e-06,-2.0743082e-06,0.00010718751,6.2048035e-05,-0.00021263222,-0.0069869068,0.00093302195,1.6147971e-05
0.0,0.0,0.0,0.0,0.0,0.0,1.0,0.6087811,0.18615606,0.110062376,0.4138228,0.051954504,0.020999935,0.40468052,0.061352458,0.069469005,0.007030085,-0.97263753,-0.04160735,-0.22846332,-0.37367246,0.406735,0.65529954,-2.8421974,0.55541927,3.7191541,0.33321014,0.04,0.03999771,-7.113597e-05,1.496408e-05,-4.448255e-05,5.1169845e-06,1.897342e-05,2.0198574e-06,-2.5792312e-06,-9.846471e-10,4.5299348e-05,0.0,0.0,0.0,0.0,0.0,0.0,0.04,0.04,-0.37367377,0.406735,0.65529895,-2.8421974,0.55541927,3.7191541,0.33321014,0.04,0.039998814,-1.7452876e-05,3.077102e-06,-8.329381e-06,2.0633186e-07,2.9822656e-06,1.7493008e-07,1.7787511e-06,-1.7698536e-10,2.3669903e-05,5.5879354e-09,2.3283064e-10,-3.7252903e-09,1.0,-1.489095e-10,-8.781334e-10,-8.472538e-11,0.0,0.0,0.0,0.0,0.0,0.0,0.6087853,0.18614425,0.11005837,0.9999871,-0.0029621173,0.004132595,0.00016530528,0.00025182453,-0.0005596728,-0.00018406866,0.005306914,0.0018315128,-0.0007023192,0.41382283,0.05195451,0.02099998,0.99999994,-1.2721865e-05,-8.481555e-06,-2.05647e-06,0.00010705579,6.20627e-05,-0.00021231975,-0.007002591,0.00090874755,1.6046726e-05
0.0,0.0,0.0,0.0,0.0,0.0,1.0,0.6087853,0.18614425,0.11005837,0.41382283,0.05195451,0.020999983,0.40468067,0.061351757,0.069469035,0.007029802,-0.97263753,-0.041606575,-0.22846344,-0.37367377,0.406735,0.65529895,-2.8421974,0.55541927,3.7191541,0.33321014,0.04,0.039998814,-1.7452876e-05,3.077102e-06,-8.329381e-06,2.0633186e-07,2.9822656e-06,1.7493008e-07,1.7787511e-06,-1.7698536e-10,2.3669903e-05,0.0,0.0,0.0,0.0,0.0,0.0,0.04,0.04,-0.37367383,0.406735,0.65529895,-2.8421974,0.55541927,3.7191541,0.33321014,0.04,0.03999939,-3.5262158e-06,2.7418582e-07,-2.9593866e-06,3.8438897e-09,9.087281e-07,1.9150281e-08,-6.7667423e-07,-4.125214e-11,1.2287899e-05,5.5879354e-09,2.3283064e-10,-3.7252903e-09,1.0,-1.489095e-10,-8.781334e-10,-8.472538e-11,0.0,0.0,0.0,0.0,0.0,0.0,0.60878295,0.18614915,0.110060826,0.99998707,-0.0029834793,0.0041233297,0.00016592287,0.00044997194,7.602817e-05,-0.00021891207,0.00013480872,0.0043723015,0.0001225837,0.4138228,0.05195451,0.02099995,0.99999994,-1.2689489e-05,-9.173337e-06,-2.049308e-06,0.0001055373,6.328403e-05,-0.00021167164,-0.0070306174,0.000861167,1.5867967e-05
0.0,0.0,0.0,0.0,0.0,0.0,1.0,0.60878295,0.18614915,0.110060826,0.4138228,0.05195451,0.020999953,0.40468067,0.061351757,0.069469035,0.007029802,-0.97263753,-0.041606575,-0.22846344,-0.37367383,0.406735,0.65529895,-2.8421974,0.55541927,3.7191541,0.33321014,0.04,0.03999939,-3.5262158e-06,2.7418582e-07,-2.9593866e-06,3.8438897e-09,9.087281e-07,1.9150281e-08,-6.7667423e-07,-4.125214e-11,1.2287899e-05,0.0,0.0,0.0,0.0,0.0,0.0,0.04,0.04,-0.37367383,0.406735,0.65529895,-2.8421974,0.55541927,3.7191541,0.33321014,0.04,0.039999682,-4.491073e-07,-2.501799e-07,-1.1364426e-06,3.7337315e-09,6.3107626e-07,8.3446416e-10,-6.793299e-07,-8.700843e-12,6.2818126e-06,5.5879354e-09,2.3283064e-10,-3.7252903e-09,1.0,-1.489095e-10,-8.781334e-10,-8.472538e-11,0.0,0.0,0.0,0.0,0.0,0.0,0.60878205,0.18615584,0.110062025,0.99998707,-0.0030095542,0.0041200914,0.00016713432,0.0007961264,-0.0023391936,-0.000694418,0.02059583,0.006020429,-0.0021854057,0.4138228,0.051954515,0.020999976,0.99999994,-1.258079e-05,-8.362236e-06,-2.0534803e-06,0.000107091844,6.2052895e-05,-0.00021281974,-0.00699139,0.00093045103,1.6422971e-05
0.0,0.0,0.0,0.0,0.0,0.0,1.0,0.60878205,0.18615584,0.11006203,0.4138228,0.051954515,0.02099998,0.40468067,0.061351757,0.069469035,0.007029802,-0.97263753,-0.041606575,-0.22846344,-0.37367383,0.406735,0.65529895,-2.8421974,0.55541927,3.7191541,0.33321014,0.04,0.039999682,-4.491073e-07,-2.501799e-07,-1.1364426e-06,3.7337315e-09,6.3107626e-07,8.3446416e-10,-6.793299e-07,-8.700843e-12,6.2818126e-06,0.0,0.0,0.0,0.0,0.0,0.0,0.04,0.04,-0.37367383,0.406735,0.65529895,-2.8421974,0.55541927,3.7191541,0.33321014,0.04,0.03999983,3.1190913e-07,-3.7858345e-07,-6.879987e-07,1.3875463e-09,5.6547685e-07,-1.7844433e-09,-6.8193646e-07,-2.4905217e-12,3.2762098e-06,5.5879354e-09,2.3283064e-10,-3.7252903e-09,1.0,-1.489095e-10,-8.781334e-10,-8.472538e-11,0.0,0.0,0.0,0.0,0.0,0.0,0.6087852,0.18614458,0.11005848,0.9999871,-0.0029630556,0.0041326666,0.00016517454,0.0002851445,-0.0005270899,-0.00013123525,0.004811483,0.0020314974,-0.00084465696,0.4138228,0.051954508,0.020999936,0.99999994,-1.2571734e-05,-8.892235e-06,-2.0563803e-06,0.000105597326,6.30001e-05,-0.00021165358,-0.007025241,0.00086143555,1.607786e-05
0.0,0.0,0.0,0.0,0.0,0.0,1.0,0.6087852,0.18614458,0.11005849,0.4138228,0.051954508,0.02099994,0.40468067,0.061351757,0.069469035,0.007029802,-0.97263753,-0.041606575,-0.22846344,-0.37367383,0.406735,0.65529895,-2.8421974,0.55541927,3.7191541,0.33321014,0.04,0.03999983,3.1190913e-07,-3.7858345e-07,-6.879987e-07,1.3875463e-09,5.6547685e-07,-1.7844433e-09,-6.8193646e-07,-2.4905217e-12,3.2762098e-06,0.0,0.0,0.0,0.0,0.0,0.0,0.04,0.04,-0.37367383,0.406735,0.65529895,-2.8421974,0.55541927,3.7191541,0.33321014,0.04,0.039999925,4.9778987e-07,-4.106478e-07,-5.798082e-07,4.0713877e-10,5.5152054e-07,-9.2488234e-10,-6.839449e-07,-4.8537124e-13,1.5569318e-06,5.5879354e-09,2.3283064e-10,-3.7252903e-09,1.0,-1.489095e-10,-8.781334e-10,-8.472538e-11,0.0,0.0,0.0,0.0,0.0,0.0,0.60878295,0.18614917,0.11006079,0.999987,-0.0029833661,0.004123378,0.00016582673,0.00044893558,7.6121825e-05,-0.00022055027,0.00013802,0.0043623424,0.00012433105,0.4138228,0.051954504,0.020999977,0.99999994,-1.24565195e-05,-8.342083e-06,-2.0348957e-06,0.00010878084,6.0795697e-05,-0.00021303441,-0.006976219,0.0009592629,1.6089587e-05
0.0,0.0,-0.2,0.0,0.0,0.0,1.0,0.60878295,0.18614917,0.110060796,0.4138228,0.051954504,0.020999981,0.40468067,0.061351757,0.069469035,0.007029802,-0.97263753,-0.041606575,-0.22846344,-0.37367383,0.406735,0.65529895,-2.8421974,0.55541927,3.7191541,0.33321014,0.04,0.039999925,4.9778987e-07,-4.106478e-07,-5.798082e-07,4.0713877e-10,5.5152054e-07,-9.2488234e-10,-6.839449e-07,-4.8537124e-13,1.5569318e-06,0.0,0.0,-0.1,0.0,0.0,0.0,0.04,0.04,-0.35673133,0.46417382,0.63291025,-2.8192914,0.54042023,3.7525003,0.31996223,0.04,0.039976887,0.40869403,2.1067066,-0.6884306,0.66181237,-0.43789133,-1.2736928e-07,-0.32944664,0.00015560277,0.00068589806,5.5879354e-09,2.3283064e-10,-3.7252903e-09,1.0,-1.489095e-10,-8.781334e-10,-8.472538e-11,0.0,0.0,0.0,0.0,0.0,0.0,0.60878116,0.18615608,0.11006236,0.999987,-0.0030099575,0.004116334,0.00016756776,0.001390179,-0.0019989195,-0.0009975657,0.017159505,0.011269812,-0.0024104314,0.4138228,0.051954504,0.02099995,0.99999994,-1.2530171e-05,-9.091981e-06,-2.0700088e-06,0.000104199185,6.3343796e-05,-0.0002114174,-0.007024453,0.0008345671,1.6975187e-05
0.0,0.0,-0.2,0.0,0.0,0.0,1.0,0.60878116,0.18615608,0.11006236,0.4138228,0.051954504,0.020999953,0.4069063,0.06460055,0.0579738,0.009224549,-0.97244465,-0.046611905,-0.22824061,-0.35673133,0.46417382,0.63291025,-2.8192914,0.54042023,3.7525003,0.31996223,0.04,0.039976887,0.40869403,2.1067066,-0.6884306,0.66181237,-0.43789133,-1.2736928e-07,-0.32944664,0.00015560277,0.00068589806,0.0,0.0,-0.1,0.0,0.0,0.0,0.04,0.04,-0.34461477,0.5326252,0.60634875,-2.7945302,0.5244769,3.7525642,0.30708948,0.04,0.04,0.27755073,1.9857395,-0.7859275,0.70760775,-0.4288615,0.004083054,-0.34711054,0.0006737829,0.0017287087,5.5879354e-09,2.3283064e-10,-3.7252903e-09,1.0,-1.489095e-10,-8.781334e-10,-8.472538e-11,0.0,0.0,0.0,0.0,0.0,0.0,0.6087853,0.18614423,0.11005835,0.9999871,-0.0029619043,0.004132619,0.00016534128,0.00025191793,-0.0005717182,-0.00018945857,0.005427559,0.001846382,-0.00069503335,0.41376752,0.052219924,0.02103644,0.999996,-0.0027254657,-0.0003849386,-0.00055594306,0.008946629,0.01686566,0.026341688,-1.974218,-0.22924004,-0.23425926
0.0,0.0,0.0,0.0,0.0,0.0,1.0,0.6087853,0.18614423,0.11005835,0.41376752,0.052219924,0.021036444,0.40202737,0.06752492,0.03649066,0.01761216,-0.97658724,-0.049182564,-0.20868203,-0.34461477,0.5326252,0.60634875,-2.7945302,0.5244769,3.7525642,0.30708948,0.04,0.04,0.27755073,1.9857395,-0.7859275,0.70760775,-0.4288615,0.004083054,-0.34711054,0.0006737829,0.0017287087,0.0,0.0,0.0,0.0,0.0,0.0,0.04,0.04,-0.3479618,0.55045587,0.60097396,-2.7947962,0.5254007,3.7506306,0.30674374,0.039981555,0.03997778,-0.052438732,0.050627895,-0.05997404,-0.053072333,0.024135785,-0.04161027,-0.020516427,0.0009939321,1.2054166e-05,5.5879354e-09,2.3283064e-10,-3.7252903e-09,1.0,-1.489095e-10,-8.781334e-10,-8.472538e-11,0.0,0.0,0.0,0.0,0.0,0.0,0.60878295,0.18614915,0.11006083,0.99998707,-0.0029833582,0.0041232393,0.00016585966,0.0004507921,7.6107564e-05,-0.00021916353,0.00013599326,0.00438059,0.00012309912,0.41380936,0.0521645,0.021000547,0.99999976,0.00010463607,-3.9845067e-06,-0.000623454,0.0021911114,0.0022691288,-0.0017622613,0.008769898,0.05325809,-0.006659824
0.0,0.0,0.0,0.0,0.0,0.0,1.0,0.60878295,0.18614915,0.11006084,0.41380936,0.0521645,0.021000551,0.39675844,0.06537213,0.029263686,0.019093752,-0.97877765,-0.04468125,-0.1990811,-0.3479618,0.55045587,0.60097396,-2.7947962,0.5254007,3.7506306,0.30674374,0.039981555,0.03997778,-0.052438732,0.050627895,-0.05997404,-0.053072333,0.024135785,-0.04161027,-0.020516427,0.0009939321,1.2054166e-05,0.0,0.0,0.0,0.0,0.0,0.0,0.04,0.04,-0.3489422,0.5512856,0.6000775,-2.79535,0.52559984,3.7505178,0.30671996,0.03999587,0.039983913,-0.010945087,0.0063981307,-0.01031097,-0.00022789542,0.0041413773,-0.0031405683,-0.0013778418,0.00020383325,0.00021932897,5.5879354e-09,2.3283064e-10,-3.7252903e-09,1.0,-1.489095e-10,-8.781334e-10,-8.472538e-11,0.0,0.0,0.0,0.0,0.0,0.0,0.6087811,0.18615608,0.110062376,0.99998695,-0.0030100385,0.004116346,0.00016754658,0.0013911887,-0.0020081413,-0.0009967773,0.01724832,0.011283194,-0.0024149795,0.41380677,0.05217657,0.02099995,0.99999976,-1.304824e-05,-1.0179815e-05,-0.0006274572,5.757044e-05,0.00012793948,-0.00021740733,-0.008347587,-3.5712543e-05,-7.2719996e-07
0.0,0.0,0.0,0.0,0.0,0.0,1.0,0.6087811,0.18615608,0.110062376,0.41380677,0.05217657,0.020999953,0.39626077,0.064584225,0.028758015,0.018831968,-0.9789788,-0.043847233,-0.19830078,-0.3489422,0.5512856,0.6000775,-2.79535,0.52559984,3.7505178,0.30671996,0.03999587,0.039983913,-0.010945087,0.0063981307,-0.01031097,-0.00022789542,0.0041413773,-0.0031405683,-0.0013778418,0.00020383325,0.00021932897,0.0,0.0,0.0,0.0,0.0,0.0,0.04,0.04,-0.34914884,0.55137026,0.5999201,-2.7953637,0.5256318,3.7505116,0.30671757,0.039998915,0.039990775,-0.0023813935,0.00063009385,-0.0018263166,7.470146e-05,0.00065592316,-0.0001964921,-0.00013854621,4.6089346e-05,0.00016362668,5.5879354e-09,2.3283064e-10,-3.7252903e-09,1.0,-1.489095e-10,-8.781334e-10,-8.472538e-11,0.0,0.0,0.0,0.0,0.0,0.0,0.6087853,0.18614423,0.11005843,0.9999871,-0.0029621779,0.004132694,0.0001652865,0.00024938246,-0.0005292303,-0.00017923728,0.005033454,0.0017757238,-0.00070927746,0.41380686,0.05217654,0.02099992,0.99999976,-1.298469e-05,-8.916815e-06,-0.0006274818,9.9472694e-05,6.635388e-05,-0.00021889734,-0.0071853646,0.0007255524,1.8202916e-05
0.0,0.0,0.0,0.0,0.0,0.0,1.0,0.6087853,0.18614423,0.11005843,0.41380686,0.05217654,0.020999923,0.39623946,0.06442857,0.028707545,0.018771723,-0.97900075,-0.043673307,-0.1982367,-0.34914884,0.55137026,0.5999201,-2.7953637,0.5256318,3.7505116,0.30671757,0.039998915,0.039990775,-0.0023813935,0.00063009385,-0.0018263166,7.470146e-05,0.00065592316,-0.0001964921,-0.00013854621,4.6089346e-05,0.00016362668,0.0,0.0,0.0,0.0,0.0,0.0,0.04,0.04,-0.34919074,0.5513796,0.5998901,-2.7953637,0.5256375,3.7505116,0.3067171,0.039999653,0.039995056,-0.00047950738,9.240724e-05,-0.00035189843,3.56471e-05,0.00012149869,-1.1538592e-05,-1.998663e-05,1.1822238e-05,9.497372e-05,5.5879354e-09,2.3283064e-10,-3.7252903e-09,1.0,-1.489095e-10,-8.781334e-10,-8.472538e-11,0.0,0.0,0.0,0.0,0.0,0.0,0.60878295,0.18614917,0.11006084,0.999987,-0.0029834006,0.0041232985,0.00016584697,0.00045011265,7.6739525e-05,-0.00021935166,0.00013126242,0.0043745134,0.00012430409,0.4138069,0.052176543,0.02099995,0.9999997,-1.2802275e-05,-8.761766e-06,-0.0006274313,9.795904e-05,6.8010726e-05,-0.00021866219,-0.0072086733,0.00070069835,1.7956323e-05
0.0,0.0,0.0,0.0,0.0,0.0,1.0,0.60878295,0.18614917,0.11006084,0.4138069,0.052176543,0.020999953,0.3962391,0.064397365,0.028700914,0.018758774,-0.97900397,-0.043639004,-0.19822952,-0.34919074,0.5513796,0.5998901,-2.7953637,0.5256375,3.7505116,0.3067171,0.039999653,0.039995056,-0.00047950738,9.240724e-05,-0.00035189843,3.56471e-05,0.00012149869,-1.1538592e-05,-1.998663e-05,1.1822238e-05,9.497372e-05,0.0,0.0,0.0,0.0,0.0,0.0,0.04,0.04,-0.34919912,0.55138093,0.59988433,-2.7953637,0.5256389,3.7505116,0.3067171,0.039999858,0.039997406,-9.544582e-05,1.5011295e-05,-6.883971e-05,7.861871e-06,2.4730569e-05,-2.8394413e-06,-3.339168e-06,3.671996e-06,5.1135823e-05,5.5879354e-09,2.3283064e-10,-3.7252903e-09,1.0,-1.489095e-10,-8.781334e-10,-8.472538e-11,0.0,0.0,0.0,0.0,0.0,0.0,0.6087811,0.1861561,0.1100624,0.9999869,-0.003010111,0.0041161077,0.00016756235,0.001388967,-0.0020042043,-0.0009966893,0.017211543,0.011256776,-0.0024120344,0.41380686,0.052176546,0.020999955,0.9999997,-1.2962812e-05,-8.718244e-06,-0.0006274512,9.785188e-05,6.859455e-05,-0.00021881063,-0.007222735,0.0006999411,1.7604623e-05
0.0,0.0,0.0,0.0,0.0,0.0,1.0,0.6087811,0.1861561,0.110062405,0.41380686,0.052176546,0.020999959,0.39623928,0.06439125,0.02869996,0.018756151,-0.97900456,-0.0436323,-0.19822845,-0.34919912,0.55138093,0.59988433,-2.7953637,0.5256389,3.7505116,0.3067171,0.039999858,0.039997406,-9.544582e-05,1.5011295e-05,-6.883971e-05,7.861871e-06,2.4730569e-05,-2.8394413e-06,-3.339168e-06,3.671996e-06,5.1135823e-05,0.0,0.0,0.0,0.0,0.0,0.0,0.04,0.04,-0.3492008,0.55138093,0.59988326,-2.7953637,0.5256389,3.7505116,0.3067171,0.039999932,0.039998654,-1.8170309e-05,2.2416596e-06,-1.3017888e-05,1.910867e-06,6.0287525e-06,-1.8970636e-06,-2.9141086e-07,1.3043409e-06,2.6805716e-05,5.5879354e-09,2.3283064e-10,-3.7252903e-09,1.0,-1.489095e-10,-8.781334e-10,-8.472538e-11,0.0,0.0,0.0,0.0,0.0,0.0,0.6087853,0.18614423,0.11005832,0.999987,-0.0029621979,0.004132364,0.00016533624,0.0002491689,-0.000562622,-0.00018947403,0.005351624,0.0018161907,-0.0006906768,0.41380686,0.052176543,0.020999976,0.9999997,-1.3142937e-05,-8.989198e-06,-0.00062746624,9.793506e-05,6.804845e-05,-0.00021888423,-0.0072147213,0.00069942395,1.8149018e-05
0.0,0.0,0.0,0.0,0.0,0.0,1.0,0.6087853,0.18614423,0.11005832,0.41380686,0.052176543,0.02099998,0.39623943,0.06439005,0.02869999,0.0187556,-0.97900456,-0.04363115,-0.1982284,-0.3492008,0.55138093,0.59988326,-2.7953637,0.5256389,3.7505116,0.3067171,0.039999932,0.039998654,-1.8170309e-05,2.2416596e-06,-1.3017888e-05,1.910867e-06,6.0287525e-06,-1.8970636e-06,-2.9141086e-07,1.3043409e-06,2.6805716e-05,0.0,0.0,0.0,0.0,0.0,0.0,0.04,0.04,-0.349201,0.55138093,0.59988326,-2.7953637,0.5256389,3.7505116,0.3067171,0.039999932,0.039999302,-4.401356e-06,-2.0398927e-06,-2.2103688e-06,-1.4829918e-07,1.0469555e-06,-3.3116446e-06,-5.391956e-07,9.896611e-07,1.3896009e-05,5.5879354e-09,2.3283064e-10,-3.7252903e-09,1.0,-1.489095e-10,-8.781334e-10,-8.472538e-11,0.0,0.0,0.0,0.0,0.0,0.0,0.60878295,0.18614915,0.110060826,0.99998707,-0.0029833666,0.004123364,0.00016584861,0.0004494486,7.6311466e-05,-0.00021981732,0.0001336415,0.0043668263,0.00012361266,0.4138069,0.052176554,0.020999933,0.99999976,-1.3015694e-05,-8.865707e-06,-0.0006274367,9.7715514e-05,6.8663714e-05,-0.00021829082,-0.007234504,0.0006762817,1.7222446e-05
0.0,0.0,0.0,0.0,0.0,0.0,1.0,0.60878295,0.18614915,0.110060826,0.4138069,0.052176554,0.020999936,0.39623937,0.06438996,0.028699826,0.018755585,-0.9790046,-0.043630958,-0.19822839,-0.349201,0.55138093,0.59988326,-2.7953637,0.5256389,3.7505116,0.3067171,0.039999932,0.039999302,-4.401356e-06,-2.0398927e-06,-2.2103688e-06,-1.4829918e-07,1.0469555e-06,-3.3116446e-06,-5.391956e-07,9.896611e-07,1.3896009e-05,0.0,0.0,0.0,0.0,0.0,0.0,0.04,0.04,-0.349201,0.55138093,0.59988326,-2.7953637,0.5256389,3.7505116,0.3067171,0.039999932,0.039999638,-1.1467391e-06,-2.7781462e-07,-5.547294e-07,1.15770966e-07,-2.0252831e-07,1.4591242e-08,-1.3151346e-07,9.723692e-07,7.195861e-06,5.5879354e-09,2.3283064e-10,-3.7252903e-09,1.0,-1.489095e-10,-8.781334e-10,-8.472538e-11,0.0,0.0,0.0,0.0,0.0,0.0,0.6087811,0.18615606,0.11006237,0.9999869,-0.0030100702,0.0041163433,0.00016750961,0.0013919288,-0.0020065033,-0.0009979164,0.017230278,0.011287213,-0.002415652,0.4138069,0.052176543,0.020999962,0.9999997,-1.3104859e-05,-9.032814e-06,-0.0006273821,9.786143e-05,6.799768e-05,-0.00021836582,-0.0072243265,0.00067654345,1.7819571e-05
0.0,0.0,0.0,0.0,0.0,0.0,1.0,0.6087811,0.18615606,0.110062376,0.4138069,0.052176543,0.020999966,0.39623937,0.06438996,0.028699826,0.018755585,-0.9790046,-0.043630958,-0.19822839,-0.349201,0.55138093,0.59988326,-2.7953637,0.5256389,3.7505116,0.3067171,0.039999932,0.039999638,-1.1467391e-06,-2.7781462e-07,-5.547294e-07,1.15770966e-07,-2.0252831e-07,1.4591242e-08,-1.3151346e-07,9.723692e-07,7.195861e-06,0.0,0.0,0.0,0.0,0.0,0.0,0.04,0.04,-0.349201,0.55138093,0.59988326,-2.7953637,0.5256389,3.7505116,0.3067171,0.039999932,0.03999981,-4.6629685e-07,-2.6627148e-07,-1.2164305e-07,1.7994239e-08,-2.6089842e-07,6.80782e-10,-1.3445216e-07,9.691452e-07,3.5985872e-06,5.5879354e-09,2.3283064e-10,-3.7252903e-09,1.0,-1.489095e-10,-8.781334e-10,-8.472538e-11,0.0,0.0,0.0,0.0,0.0,0.0,0.60878533,0.18614422,0.11005835,0.9999871,-0.002961913,0.0041326797,0.0001653729,0.00025111952,-0.0005692397,-0.0001895419,0.005407355,0.0018378785,-0.0006934577,0.41380686,0.05217653,0.020999938,0.99999976,-1.279169e-05,-9.00398e-06,-0.0006274324,9.7972064e-05,6.769609e-05,-0.00021838931,-0.0072200475,0.0006770186,1.80173e-05
0.0,0.0,0.0,0.0,0.0,0.0,1.0,0.60878533,0.18614422,0.11005835,0.41380686,0.05217653,0.020999942,0.39623937,0.06438996,0.028699826,0.018755585,-0.9790046,-0.043630958,-0.19822839,-0.349201,0.55138093,0.59988326,-2.7953637,0.5256389,3.7505116,0.3067171,0.039999932,0.03999981,-4.6629685e-07,-2.6627148e-07,-1.2164305e-07,1.7994239e-08,-2.6089842e-07,6.80782e-10,-1.3445216e-07,9.691452e-07,3.5985872e-06,0.0,0.0,0.0,0.0,0.0,0.0,0.04,0.04,-0.349201,0.55138093,0.59988326,-2.7953637,0.5256389,3.7505116,0.3067171,0.039999932,0.03999993,-3.1696095e-07,-2.7724187e-07,-2.4882484e-08,3.917677e-09,-2.725612e-07,1.4453536e-10,-1.3627341e-07,9.684316e-07,1.8802483e-06,5.5879354e-09,2.3283064e-10,-3.7252903e-09,1.0,-1.489095e-10,-8.781334e-10,-8.472538e-11,0.0,0.0,0.0,0.0,0.0,0.0,0.60878295,0.18614914,0.11006082,0.9999871,-0.0029832444,0.0041232854,0.00016583773,0.00045092494,7.563474e-05,-0.00021967669,0.00014225223,0.004382031,0.00012346143,0.41380686,0.052176535,0.020999968,0.99999976,-1.2758425e-05,-9.2610135e-06,-0.0006273605,9.719167e-05,6.831226e-05,-0.00021822909,-0.00722606,0.0006643822,1.8104467e-05
0.0,0.0,0.0,0.0,0.0,0.0,1.0,0.60878295,0.18614914,0.110060826,0.41380686,0.052176535,0.020999972,0.39623937,0.06438996,0.028699826,0.018755585,-0.9790046,-0.043630958,-0.19822839,-0.349201,0.55138093,0.59988326,-2.7953637,0.5256389,3.7505116,0.3067171,0.039999932,0.03999993,-3.1696095e-07,-2.7724187e-07,-2.4882484e-08,3.917677e-09,-2.725612e-07,1.4453536e-10,-1.3627341e-07,9.684316e-07,1.8802483e-06,0.0,0.0,0.0,0.0,0.0,0.0,0.04,0.04,-0.349201,0.55138093,0.59988326,-2.7953637,0.5256389,3.7505116,0.3067171,0.039999932,0.03999993,-2.8727376e-07,-2.8151706e-07,-5.791603e-09,1.8259059e-09,-2.7418986e-07,7.783913e-10,-1.3712962e-07,9.682943e-07,1.0224064e-06,5.5879354e-09,2.3283064e-10,-3.7252903e-09,1.0,-1.489095e-10,-8.781334e-10,-8.472538e-11,0.0,0.0,0.0,0.0,0.0,0.0,0.60878205,0.18615586,0.11006202,0.99998707,-0.003009748,0.0041201324,0.000167115,0.00079443416,-0.0023360653,-0.0006929167,0.020569474,0.0060083154,-0.002181641,0.4138069,0.05217655,0.020999944,0.99999976,-1.306991e-05,-8.651484e-06,-0.00062756444,9.862107e-05,6.786361e-05,-0.0002188413,-0.0072109345,0.0007130553,1.7534594e-05
0.0,0.0,0.0,0.0,0.0,0.0,1.0,0.60878205,0.18615586,0.11006202,0.4138069,0.05217655,0.020999948,0.39623937,0.06438996,0.028699826,0.018755585,-0.9790046,-0.043630958,-0.19822839,-0.349201,0.55138093,0.59988326,-2.7953637,0.5256389,3.7505116,0.3067171,0.039999932,0.03999993,-2.8727376e-07,-2.8151706e-07,-5.791603e-09,1.8259059e-09,-2.7418986e-07,7.783913e-10,-1.3712962e-07,9.682943e-07,1.0224064e-06,0.0,0.0,0.0,0.0,0.0,0.0,0.04,0.04,-0.349201,0.55138093,0.59988326,-2.7953637,0.5256389,3.7505116,0.3067171,0.039999932,0.03999993,-2.8240285e-07,-2.8233677e-07,-2.442853e-09,1.7205428e-09,-2.7470543e-07,7.2554684e-10,-1.3712152e-07,9.682724e-07,1.0224182e-06,5.5879354e-09,2.3283064e-10,-3.7252903e-09,1.0,-1.489095e-10,-8.781334e-10,-8.472538e-11,0.0,0.0,0.0,0.0,0.0,0.0,0.6087852,0.18614458,0.11005846,0.9999871,-0.0029630957,0.004132489,0.00016521417,0.00028481495,-0.00052738877,-0.00013043289,0.0048134667,0.0020269393,-0.00084574654,0.4138069,0.052176546,0.020999968,0.9999997,-1.3211088e-05,-8.795526e-06,-0.00062751817,0.00010011729,6.707563e-05,-0.00021963789,-0.0071943356,0.0007610739,1.7397097e-05
0.0,0.0,0.0,0.0,0.0,0.0,1.0,0.6087852,0.18614458,0.11005846,0.4138069,0.052176546,0.020999972,0.39623937,0.06438996,0.028699826,0.018755585,-0.9790046,-0.043630958,-0.19822839,-0.349201,0.55138093,0.59988326,-2.7953637,0.5256389,3.7505116,0.3067171,0.039999932,0.03999993,-2.8240285e-07,-2.8233677e-07,-2.442853e-09,1.7205428e-09,-2.7470543e-07,7.2554684e-10,-1.3712152e-07,9.682724e-07,1.0224182e-06,0.0,0.0,0.0,0.0,0.0,0.0,0.04,0.04,-0.349201,0.55138093,0.59988326,-2.7953637,0.5256389,3.7505116,0.3067171,0.039999932,0.03999993,-2.8127204e-07,-2.8250778e-07,-1.6685711e-09,1.6889229e-09,-2.7482488e-07,7.112172e-10,-1.371194e-07,9.68267e-07,1.022423e-06,5.5879354e-09,2.3283064e-10,-3.7252903e-09,1.0,-1.489095e-10,-8.781334e-10,-8.472538e-11,0.0,0.0,0.0,0.0,0.0,0.0,0.60878295,0.18614915,0.11006083,0.99998707,-0.0029831983,0.004123431,0.00016585657,0.00044917766,7.68372e-05,-0.00021846317,0.00012522645,0.0043644477,0.00012290558,0.4138069,0.052176546,0.020999933,0.99999976,-1.3148117e-05,-8.7268745e-06,-0.00062745286,0.000101035504,6.659347e-05,-0.00021962303,-0.0071864454,0.0007780286,1.6846552e-05
0.0,0.0,0.0,0.0,0.0,0.0,1.0,0.60878295,0.18614915,0.11006084,0.4138069,0.052176546,0.020999936,0.39623937,0.06438996,0.028699826,0.018755585,-0.9790046,-0.043630958,-0.19822839,-0.349201,0.55138093,0.59988326,-2.7953637,0.5256389,3.7505116,0.3067171,0.039999932,0.03999993,-2.8127204e-07,-2.8250778e-07,-1.6685711e-09,1.6889229e-09,-2.7482488e-07,7.112172e-10,-1.371194e-07,9.68267e-07,1.022423e-06,0.0,0.0,0.0,0.0,0.0,0.0,0.04,0.04,-0.349201,0.55138093,0.59988326,-2.7953637,0.5256389,3.7505116,0.3067171,0.039999932,0.03999993,-2.8100968e-07,-2.8254567e-07,-1.4893272e-09,1.6802937e-09,-2.7485248e-07,7.0775974e-10,-1.3711889e-07,9.682658e-07,1.022424e-06,5.5879354e-09,2.3283064e-10,-3.7252903e-09,1.0,-1.489095e-10,-8.781334e-10,-8.472538e-11,0.0,0.0,0.0,0.0,0.0,0.0,0.6087811,0.1861561,0.1100624,0.99998695,-0.0030101712,0.0041162753,0.0001675159,0.0013906013,-0.0020090025,-0.0009975946,0.017254734,0.011270851,-0.0024163206,0.41380686,0.052176543,0.020999968,0.9999997,-1.2766386e-05,-8.7133485e-06,-0.0006273588,9.793616e-05,6.8474255e-05,-0.0002186978,-0.0072183274,0.0007013787,1.7524153e-05
0.0,0.0,0.0,0.0,0.0,0.0,1.0,0.6087811,0.1861561,0.110062405,0.41380686,0.052176543,0.020999972,0.39623937,0.06438996,0.028699826,0.018755585,-0.9790046,-0.043630958,-0.19822839,-0.349201,0.55138093,0.59988326,-2.7953637,0.5256389,3.7505116,0.3067171,0.039999932,0.03999993,-2.8100968e-07,-2.8254567e-07,-1.4893272e-09,1.6802937e-09,-2.7485248e-07,7.0775974e-10,-1.3711889e-07,9.682658e-07,1.022424e-06,0.0,0.0,0.0,0.0,0.0,0.0,0.04,0.04,-0.349201,0.55138093,0.59988326,-2.7953637,0.5256389,3.7505116,0.3067171,0.039999932,0.03999993,-2.809488e-07,-2.8255423e-07,-1.4477729e-09,1.6781412e-09,-2.7485888e-07,7.0683875e-10,-1.3711876e-07,9.682657e-07,1.0224239e-06,5.5879354e-09,2.3283064e-10,-3.7252903e-09,1.0,-1.489095e-10,-8.781334e-10,-8.472538e-11,0.0,0.0,0.0,0.0,0.0,0.0,0.60878533,0.18614423,0.11005839,0.999987,-0.0029619904,0.0041325237,0.00016527974,0.00024907963,-0.0005393384,-0.00018379837,0.005135101,0.0017839622,-0.00070357247,0.4138069,0.052176546,0.020999974,0.9999997,-1.2924052e-05,-8.746315e-06,-0.0006274485,9.787842e-05,6.8370966e-05,-0.00021879142,-0.0072182366,0.00069984864,1.7796348e-05
0.0,0.0,0.0,0.0,0.0,0.0,1.0,0.60878533,0.18614423,0.1100584,0.4138069,0.052176546,0.020999977,0.39623937,0.06438996,0.028699826,0.018755585,-0.9790046,-0.043630958,-0.19822839,-0.349201,0.55138093,0.59988326,-2.7953637,0.5256389,3.7505116,0.3067171,0.039999932,0.03999993,-2.809488e-07,-2.8255423e-07,-1.4477729e-09,1.6781412e-09,-2.7485888e-07,7.0683875e-10,-1.3711876e-07,9.682657e-07,1.0224239e-06,0.0,0.0,0.0,0.0,0.0,0.0,0.04,0.04,-0.349201,0.55138093,0.59988326,-2.7953637,0.5256389,3.7505116,0.3067171,0.039999932,0.03999993,-2.809347e-07,-2.8255624e-07,-1.4381617e-09,1.6775932e-09,-2.7486038e-07,7.066644e-10,-1.3711873e-07,9.682656e-07,1.0224244e-06,5.5879354e-09,2.3283064e-10,-3.7252903e-09,1.0,-1.489095e-10,-8.781334e-10,-8.472538e-11,0.0,0.0,0.0,0.0,0.0,0.0,0.6087815,0.18614893,0.11006152,0.9999871,-0.0029816434,0.0041175145,0.00016610394,0.00044289872,0.0002869937,-0.0002786113,-0.0021834758,0.0044241706,0.0001393728,0.41380686,0.052176543,0.020999929,0.99999976,-1.2788937e-05,-8.50743e-06,-0.0006274177,9.813104e-05,6.83258e-05,-0.00021901942,-0.007200892,0.0007264505,1.7739289e-05
0.0,0.0,0.0,0.0,0.0,0.0,1.0,0.6087815,0.18614893,0.11006153,0.41380686,0.052176543,0.020999933,0.39623937,0.06438996,0.028699826,0.018755585,-0.9790046,-0.043630958,-0.19822839,-0.349201,0.55138093,0.59988326,-2.7953637,0.5256389,3.7505116,0.3067171,0.039999932,0.03999993,-2.809347e-07,-2.8255624e-07,-1.4381617e-09,1.6775932e-09,-2.7486038e-07,7.066644e-10,-1.3711873e-07,9.682656e-07,1.0224244e-06,0.0,0.0,0.0,0.0,0.0,0.0,0.04,0.04,-0.349201,0.55138093,0.59988326,-2.7953637,0.5256389,3.7505116,0.3067171,0.039999932,0.03999993,-2.8093143e-07,-2.825566e-07,-1.4359222e-09,1.6775367e-09,-2.7486075e-07,7.066233e-10,-1.3711873e-07,9.682659e-07,1.0224243e-06,5.5879354e-09,2.3283064e-10,-3.7252903e-09,1.0,-1.489095e-10,-8.781334e-10,-8.472538e-11,0.0,0.0,0.0,0.0,0.0,0.0,0.6087811,0.18615612,0.11006242,0.99998695,-0.0030104297,0.0041161,0.00016758723,0.0013915182,-0.0020046216,-0.0010006066,0.01720517,0.011267705,-0.0024182263,0.4138069,0.052176543,0.02099998,0.9999997,-1.3144748e-05,-9.374703e-06,-0.00062741333,9.9318735e-05,6.716438e-05,-0.00021867841,-0.0072178696,0.00070253527,1.7344191e-05
0.0,0.0,0.0,0.0,0.0,0.0,1.0,0.6087811,0.18615612,0.11006242,0.4138069,0.052176543,0.020999983,0.39623937,0.06438996,0.028699826,0.018755585,-0.9790046,-0.043630958,-0.19822839,-0.349201,0.55138093,0.59988326,-2.7953637,0.5256389,3.7505116,0.3067171,0.039999932,0.03999993,-2.8093143e-07,-2.825566e-07,-1.4359222e-09,1.6775367e-09,-2.7486075e-07,7.066233e-10,-1.3711873e-07,9.682659e-07,1.0224243e-06,0.0,0.0,0.0,0.0,0.0,0.0,0.04,0.04,-0.349201,0.55138093,0.59988326,-2.7953637,0.5256389,3.7505116,0.3067171,0.039999932,0.03999993,-2.809307e-07,-2.825567e-07,-1.4353134e-09,1.6775085e-09,-2.7486078e-07,7.066792e-10,-1.3711878e-07,9.682656e-07,1.0224244e-06,5.5879354e-09,2.3283064e-10,-3.7252903e-09,1.0,-1.489095e-10,-8.781334e-10,-8.472538e-11,0.0,0.0,0.0,0.0,0.0,0.0,0.6087853,0.18614423,0.11005837,0.99998707,-0.0029621099,0.004132473,0.00016524212,0.00024864345,-0.00055108033,-0.00018496913,0.0052383626,0.001799116,-0.0006959183,0.4138069,0.052176546,0.020999964,0.9999997,-1.3211049e-05,-8.6603795e-06,-0.0006275029,9.87405e-05,6.764095e-05,-0.00021885714,-0.0072081517,0.0007139962,1.764291e-05
0.0,0.0,0.0,0.0,0.0,0.0,1.0,0.6087853,0.18614423,0.11005837,0.4138069,0.052176546,0.020999968,0.39623937,0.06438996,0.028699826,0.018755585,-0.9790046,-0.043630958,-0.19822839,-0.349201,0.55138093,0.59988326,-2.7953637,0.5256389,3.7505116,0.3067171,0.039999932,0.03999993,-2.809307e-07,-2.825567e-07,-1.4353134e-09,1.6775085e-09,-2.7486078e-07,7.066792e-10,-1.3711878e-07,9.682656e-07,1.0224244e-06,0.0,0.0,0.0,0.0,0.0,0.0,0.04,0.04,-0.349201,0.55138093,0.59988326,-2.7953637,0.5256389,3.7505116,0.3067171,0.039999932,0.03999993,-2.8093046e-07,-2.825567e-07,-1.4352215e-09,1.6775171e-09,-2.7486067e-07,7.067273e-10,-1.3711878e-07,9.682652e-07,1.0224243e-06,5.5879354e-09,2.3283064e-10,-3.7252903e-09,1.0,-1.489095e-10,-8.781334e-10,-8.472538e-11,0.0,0.0,0.0,0.0,0.0,0.0,0.60878295,0.18614918,0.11006086,0.99998707,-0.0029835836,0.0041233003,0.00016589322,0.0004501085,7.635617e-05,-0.00021947552,0.00013428231,0.004374027,0.00012378559,0.4138069,0.052176554,0.020999929,0.99999976,-1.3312796e-05,-8.701539e-06,-0.00062745216,0.00010095927,6.6775014e-05,-0.00021962087,-0.007189509,0.0007770536,1.6737895e-05
0.0,0.0,0.0,0.0,0.0,0.0,1.0,0.60878295,0.18614918,0.11006087,0.4138069,0.052176554,0.020999933,0.39623937,0.06438996,0.028699826,0.018755585,-0.9790046,-0.043630958,-0.19822839,-0.349201,0.55138093,0.59988326,-2.7953637,0.5256389,3.7505116,0.3067171,0.039999932,0.03999993,-2.8093046e-07,-2.825567e-07,-1.4352215e-09,1.6775171e-09,-2.7486067e-07,7.067273e-10,-1.3711878e-07,9.682652e-07,1.0224243e-06,0.0,0.0,0.0,0.0,0.0,0.0,0.04,0.04,-0.349201,0.55138093,0.59988326,-2.7953637,0.5256389,3.7505116,0.3067171,0.039999932,0.03999993,-2.8093046e-07,-2.8255675e-07,-1.4352493e-09,1.6774838e-09,-2.7486072e-07,7.0665573e-10,-1.3711873e-07,9.682655e-07,1.0224244e-06,5.5879354e-09,2.3283064e-10,-3.7252903e-09,1.0,-1.489095e-10,-8.781334e-10,-8.472538e-11,0.0,0.0,0.0,0.0,0.0,0.0,0.60878205,0.18615583,0.11006204,0.999987,-0.0030094548,0.0041202037,0.0001670848,0.0007943829,-0.002336865,-0.0006928403,0.020577544,0.0060078395,-0.002181868,0.41380686,0.05217655,0.020999964,0.9999997,-1.2931634e-05,-8.687369e-06,-0.00062735815,9.793859e-05,6.847344e-05,-0.0002186976,-0.007218306,0.0007014787,1.7527269e-05
0.0,0.0,0.0,0.0,0.0,0.0,1.0,0.60878205,0.18615583,0.11006205,0.41380686,0.05217655,0.020999968,0.39623937,0.06438996,0.028699826,0.018755585,-0.9790046,-0.043630958,-0.19822839,-0.349201,0.55138093,0.59988326,-2.7953637,0.5256389,3.7505116,0.3067171,0.039999932,0.03999993,-2.8093046e-07,-2.8255675e-07,-1.4352493e-09,1.6774838e-09,-2.7486072e-07,7.0665573e-10,-1.3711873e-07,9.682655e-07,1.0224244e-06,0.0,0.0,0.0,0.0,0.0,0.0,0.04,0.04,-0.349201,0.55138093,0.59988326,-2.7953637,0.5256389,3.7505116,0.3067171,0.039999932,0.03999993,-2.8093046e-07,-2.8255673e-07,-1.4351993e-09,1.6775029e-09,-2.748607e-07,7.0667994e-10,-1.3711875e-07,9.682657e-07,1.0224243e-06,5.5879354e-09,2.3283064e-10,-3.7252903e-09,1.0,-1.489095e-10,-8.781334e-10,-8.472538e-11,0.0,0.0,0.0,0.0,0.0,0.0,0.6087852,0.18614456,0.11005844,0.99998707,-0.0029629874,0.0041324715,0.00016527213,0.0002841891,-0.0005306458,-0.0001337255,0.0048490334,0.0020291167,-0.0008401556,0.41380686,0.052176546,0.02099998,0.9999997,-1.3155727e-05,-8.90671e-06,-0.0006274391,9.806597e-05,6.809639e-05,-0.00021918824,-0.007200102,0.0007240755,1.8206645e-05
0.0,0.0,0.0,0.0,0.0,0.0,1.0,0.6087852,0.18614456,0.11005844,0.41380686,0.052176546,0.020999983,0.39623937,0.06438996,0.028699826,0.018755585,-0.9790046,-0.043630958,-0.19822839,-0.349201,0.55138093,0.59988326,-2.7953637,0.5256389,3.7505116,0.3067171,0.039999932,0.03999993,-2.8093046e-07,-2.8255673e-07,-1.4351993e-09,1.6775029e-09,-2.748607e-07,7.0667994e-10,-1.3711875e-07,9.682657e-07,1.0224243e-06,0.0,0.0,0.0,0.0,0.0,0.0,0.04,0.04,-0.349201,0.55138093,0.59988326,-2.7953637,0.5256389,3.7505116,0.3067171,0.039999932,0.03999993,-2.8093044e-07,-2.8255678e-07,-1.4351881e-09,1.6775158e-09,-2.748608e-07,7.0664485e-10,-1.3711876e-07,9.682657e-07,1.0224243e-06,5.5879354e-09,2.3283064e-10,-3.7252903e-09,1.0,-1.489095e-10,-8.781334e-10,-8.472538e-11,0.0,0.0,0.0,0.0,0.0,0.0,0.60878295,0.1861492,0.11006084,0.99998707,-0.0029835291,0.004123389,0.00016587308,0.00044979915,7.625966e-05,-0.00021916819,0.00013355349,0.0043707555,0.00012320299,0.41380686,0.05217655,0.020999946,0.99999976,-1.2934105e-05,-8.856647e-06,-0.0006274448,9.795029e-05,6.829579e-05,-0.00021869203,-0.007214938,0.00070107507,1.7692952e-05
0.0,0.0,0.0,0.0,0.0,0.0,1.0,0.60878295,0.1861492,0.11006084,0.41380686,0.05217655,0.02099995,0.39623937,0.06438996,0.028699826,0.018755585,-0.9790046,-0.043630958,-0.19822839,-0.349201,0.55138093,0.59988326,-2.7953637,0.5256389,3.7505116,0.3067171,0.039999932,0.03999993,-2.8093044e-07,-2.8255678e-07,-1.4351881e-09,1.6775158e-09,-2.748608e-07,7.0664485e-10,-1.3711876e-07,9.682657e-07,1.0224243e-06,0.0,0.0,0.0,0.0,0.0,0.0,0.04,0.04,-0.349201,0.55138093,0.59988326,-2.7953637,0.5256389,3.7505116,0.3067171,0.039999932,0.03999993,-2.8093046e-07,-2.8255675e-07,-1.4352776e-09,1.6775467e-09,-2.7486078e-07,7.0657535e-10,-1.3711876e-07,9.682656e-07,1.0224245e-06,5.5879354e-09,2.3283064e-10,-3.7252903e-09,1.0,-1.489095e-10,-8.781334e-10,-8.472538e-11,0.0,0.0,0.0,0.0,0.0,0.0,0.60878116,0.1861561,0.11006239,0.9999869,-0.0030102823,0.0041161478,0.0001675725,0.001391852,-0.0020104654,-0.0009984695,0.017266812,0.011281203,-0.0024183623,0.4138069,0.052176546,0.02099997,0.99999976,-1.3221112e-05,-8.988179e-06,-0.0006274014,9.791069e-05,6.784786e-05,-0.00021885207,-0.0072099734,0.00069859525,1.8358327e-05
0.2,0.0,0.0,0.0,0.0,0.0,1.0,0.60878116,0.1861561,0.11006239,0.4138069,0.052176546,0.020999974,0.39623937,0.06438996,0.028699826,0.018755585,-0.9790046,-0.043630958,-0.19822839,-0.349201,0.55138093,0.59988326,-2.7953637,0.5256389,3.7505116,0.3067171,0.039999932,0.03999993,-2.8093046e-07,-2.8255675e-07,-1.4352776e-09,1.6775467e-09,-2.7486078e-07,7.0657535e-10,-1.3711876e-07,9.682656e-07,1.0224245e-06,0.1,0.0,0.0,0.0,0.0,0.0,0.04,0.04,-0.3304655,0.55236185,0.5821778,-2.7619822,0.5429345,3.7118769,0.28594363,0.039995514,0.04,0.5288258,-0.014212916,-0.51834387,1.2128298,0.49483693,-1.0796069,-0.5835154,-0.00011986015,2.9285313e-05,5.5879354e-09,2.3283064e-10,-3.7252903e-09,1.0,-1.489095e-10,-8.781334e-10,-8.472538e-11,0.0,0.0,0.0,0.0,0.0,0.0,0.6087853,0.18614422,0.11005837,0.99998707,-0.0029617616,0.004132556,0.00016532325,0.000252945,-0.00057300914,-0.00018776653,0.005432533,0.0018530649,-0.00070035923,0.41380686,0.05217654,0.02099995,0.9999997,-1.2887936e-05,-8.997267e-06,-0.0006274619,9.80378e-05,6.7950576e-05,-0.00021869315,-0.0072088875,0.0007015797,1.7953158e-05
0.0,0.0,0.0,0.0,0.0,0.0,1.0,0.6087853,0.18614422,0.11005837,0.41380686,0.05217654,0.020999953,0.4058252,0.06504901,0.026099581,0.019456565,-0.9800288,-0.04561931,-0.19257192,-0.3304655,0.55236185,0.5821778,-2.7619822,0.5429345,3.7118769,0.28594363,0.039995514,0.04,0.5288258,-0.014212916,-0.51834387,1.2128298,0.49483693,-1.0796069,-0.5835154,-0.00011986015,2.9285313e-05,0.0,0.0,0.0,0.0,0.0,0.0,0.04,0.04,-0.33161566,0.5498411,0.58221996,-2.7534847,0.5427345,3.7123542,0.28605568,0.039999675,0.03999809,-0.03372229,-0.049563568,0.008454307,-0.0027027903,-0.011516438,0.027053759,0.007716327,0.00016244926,-9.363562e-05,5.5879354e-09,2.3283064e-10,-3.7252903e-09,1.0,-1.489095e-10,-8.781334e-10,-8.472538e-11,0.0,0.0,0.0,0.0,0.0,0.0,0.6087815,0.18614894,0.11006157,0.999987,-0.0029814583,0.004117274,0.0001660654,0.00044257366,0.00028773752,-0.00027970932,-0.0021832983,0.0044217776,0.00014293559,0.41380686,0.05217653,0.02099998,0.99999976,-1.2709635e-05,-9.110219e-06,-0.0006274878,9.7055396e-05,6.814111e-05,-0.00021839437,-0.007226569,0.00066055806,1.8611527e-05
0.0,0.0,0.0,0.0,0.0,0.0,1.0,0.6087815,0.18614894,0.11006157,0.41380686,0.05217653,0.020999983,0.4112566,0.06468136,0.028697755,0.019138545,-0.9790412,-0.043921426,-0.19794735,-0.33161566,0.5498411,0.58221996,-2.7534847,0.5427345,3.7123542,0.28605568,0.039999675,0.03999809,-0.03372229,-0.049563568,0.008454307,-0.0027027903,-0.011516438,0.027053759,0.007716327,0.00016244926,-9.363562e-05,0.0,0.0,0.0,0.0,0.0,0.0,0.04,0.04,-0.33194903,0.54930043,0.58213943,-2.7532947,0.5427333,3.7124393,0.286065,0.04,0.039997313,-0.0037571536,-0.0021586204,-0.0012006465,0.002077505,0.000104241255,0.0017901579,0.00064957986,-5.0850268e-08,2.0426533e-05,5.5879354e-09,2.3283064e-10,-3.7252903e-09,1.0,-1.489095e-10,-8.781334e-10,-8.472538e-11,0.0,0.0,0.0,0.0,0.0,0.0,0.6087811,0.1861561,0.11006239,0.99998695,-0.003010281,0.0041161045,0.00016748944,0.0013917715,-0.001995434,-0.0010017199,0.01711418,0.011269171,-0.0024153483,0.4138069,0.052176554,0.020999953,0.99999976,-1.320493e-05,-8.530999e-06,-0.00062742486,0.00010084478,6.687502e-05,-0.00021960163,-0.007190174,0.00077578716,1.6752161e-05
0.0,0.0,0.0,0.0,0.0,0.0,1.0,0.6087811,0.1861561,0.11006239,0.4138069,0.052176554,0.020999957,0.41154766,0.06445034,0.02893753,0.018971577,-0.9789789,-0.04371378,-0.1983164,-0.33194903,0.54930043,0.58213943,-2.7532947,0.5427333,3.7124393,0.286065,0.04,0.039997313,-0.0037571536,-0.0021586204,-0.0012006465,0.002077505,0.000104241255,0.0017901579,0.00064957986,-5.0850268e-08,2.0426533e-05,0.0,0.0,0.0,0.0,0.0,0.0,0.04,0.04,-0.3320081,0.54927075,0.58211,-2.7532666,0.5427375,3.7124474,0.28606546,0.04,0.039998345,-0.0007306983,-0.00013483266,-0.00038286654,0.00014814724,9.108872e-05,0.000152881,3.6296045e-05,-6.638089e-09,2.709944e-05,5.5879354e-09,2.3283064e-10,-3.7252903e-09,1.0,-1.489095e-10,-8.781334e-10,-8.472538e-11,0.0,0.0,0.0,0.0,0.0,0.0,0.60878533,0.18614423,0.11005842,0.99998707,-0.0029618754,0.0041326275,0.00016529669,0.00025095072,-0.0005402154,-0.00018234362,0.0051369355,0.0017995269,-0.00070765795,0.4138069,0.052176554,0.020999983,0.9999997,-1.3301803e-05,-8.7445715e-06,-0.0006274301,9.930496e-05,6.740316e-05,-0.00021918186,-0.007211329,0.000724232,1.755354e-05
0.0,0.0,0.0,0.0,0.0,0.0,1.0,0.60878533,0.18614423,0.11005843,0.4138069,0.052176554,0.020999987,0.41157603,0.064407855,0.028951865,0.01894939,-0.9789758,-0.043668374,-0.19834416,-0.3320081,0.54927075,0.58211,-2.7532666,0.5427375,3.7124474,0.28606546,0.04,0.039998345,-0.0007306983,-0.00013483266,-0.00038286654,0.00014814724,9.108872e-05,0.000152881,3.6296045e-05,-6.638089e-09,2.709944e-05,0.0,0.0,0.0,0.0,0.0,0.0,0.04,0.04,-0.33202025,0.54926944,0.5821024,-2.7532651,0.5427394,3.7124474,0.28606546,0.04,0.039999094,-0.00014692312,5.016535e-06,-9.800123e-05,2.1937041e-05,2.9745257e-05,1.3527429e-05,-1.3995797e-06,-1.904218e-09,1.6911272e-05,5.5879354e-09,2.3283064e-10,-3.7252903e-09,1.0,-1.489095e-10,-8.781334e-10,-8.472538e-11,0.0,0.0,0.0,0.0,0.0,0.0,0.6087815,0.18614891,0.11006157,0.9999871,-0.0029816267,0.004117473,0.00016620658,0.0004439395,0.00028783944,-0.00028106858,-0.0021860674,0.0044357865,0.000141843,0.41380686,0.052176543,0.020999959,0.99999976,-1.2832239e-05,-8.580987e-06,-0.00062743004,9.8011566e-05,6.830576e-05,-0.00021870823,-0.0072156154,0.00070217624,1.762483e-05
0.0,0.0,0.0,0.0,0.0,0.0,1.0,0.6087815,0.18614891,0.11006157,0.41380686,0.052176543,0.020999962,0.41157794,0.06439873,0.028951805,0.018945336,-0.97897613,-0.043658555,-0.19834468,-0.33202025,0.54926944,0.5821024,-2.7532651,0.5427394,3.7124474,0.28606546,0.04,0.039999094,-0.00014692312,5.016535e-06,-9.800123e-05,2.1937041e-05,2.9745257e-05,1.3527429e-05,-1.3995797e-06,-1.904218e-09,1.6911272e-05,0.0,0.0,0.0,0.0,0.0,0.0,0.04,0.04,-0.33202285,0.54926944,0.5821006,-2.7532651,0.5427394,3.7124474,0.28606546,0.04,0.039999522,-3.1046853e-05,6.214103e-06,-2.3351371e-05,6.382876e-06,7.119444e-06,1.9544366e-06,-4.86592e-07,-4.2883735e-10,9.279792e-06,5.5879354e-09,2.3283064e-10,-3.7252903e-09,1.0,-1.489095e-10,-8.781334e-10,-8.472538e-11,0.0,0.0,0.0,0.0,0.0,0.0,0.6087811,0.18615612,0.1100624,0.9999869,-0.003010237,0.0041163987,0.0001675499,0.00139374,-0.0020114998,-0.0010008961,0.017269205,0.011291933,-0.002423223,0.41380686,0.052176546,0.020999933,0.9999997,-1.312211e-05,-9.138316e-06,-0.00062734284,9.949928e-05,6.73268e-05,-0.00021902665,-0.0072071194,0.00072796,1.7265806e-05
0.0,0.0,0.0,0.0,0.0,0.0,1.0,0.6087811,0.18615612,0.110062405,0.41380686,0.052176546,0.020999936,0.41157803,0.06439672,0.028951738,0.018944487,-0.97897625,-0.043656588,-0.19834448,-0.33202285,0.54926944,0.5821006,-2.7532651,0.5427394,3.7124474,0.28606546,0.04,0.039999522,-3.1046853e-05,6.214103e-06,-2.3351371e-05,6.382876e-06,7.119444e-06,1.9544366e-06,-4.86592e-07,-4.2883735e-10,9.279792e-06,0.0,0.0,0.0,0.0,0.0,0.0,0.04,0.04,-0.33202344,0.54926944,0.5821006,-2.7532651,0.5427394,3.7124474,0.28606546,0.04,0.039999753,-8.383107e-06,-1.27915e-06,-4.6797327e-06,-8.3884834e-07,1.7198647e-06,-2.0954226e-06,-1.4626842e-07,-8.424969e-11,5.0140898e-06,5.5879354e-09,2.3283064e-10,-3.7252903e-09,1.0,-1.489095e-10,-8.781334e-10,-8.472538e-11,0.0,0.0,0.0,0.0,0.0,0.0,0.6087853,0.18614423,0.110058375,0.999987,-0.0029619685,0.004132556,0.00016530282,0.00025046908,-0.00054031285,-0.00018194749,0.0051369173,0.001793875,-0.00070883054,0.41380686,0.052176543,0.020999968,0.9999997,-1.2730996e-05,-9.182513e-06,-0.0006275503,9.706103e-05,6.845639e-05,-0.00021820431,-0.0072281435,0.0006621193,1.8088023e-05
0.0,0.0,0.0,0.0,0.0,0.0,1.0,0.6087853,0.18614423,0.11005838,0.41380686,0.052176543,0.020999972,0.41157812,0.06439639,0.028951753,0.018944398,-0.9789763,-0.04365629,-0.19834454,-0.33202344,0.54926944,0.5821006,-2.7532651,0.5427394,3.7124474,0.28606546,0.04,0.039999753,-8.383107e-06,-1.27915e-06,-4.6797327e-06,-8.3884834e-07,1.7198647e-06,-2.0954226e-06,-1.4626842e-07,-8.424969e-11,5.0140898e-06,0.0,0.0,0.0,0.0,0.0,0.0,0.04,0.04,-0.33202344,0.54926944,0.5821006,-2.7532651,0.5427394,3.7124474,0.28606546,0.04,0.039999872,-2.497998e-06,4.4030205e-07,-1.0072869e-06,1.3294041e-07,-3.662213e-07,1.1326752e-06,5.480175e-07,-2.1348602e-11,2.6789126e-06,5.5879354e-09,2.3283064e-10,-3.7252903e-09,1.0,-1.489095e-10,-8.781334e-10,-8.472538e-11,0.0,0.0,0.0,0.0,0.0,0.0,0.6087815,0.18614894,0.11006151,0.9999871,-0.0029817934,0.0041174325,0.00016621427,0.0004426717,0.0002882572,-0.00027779987,-0.0021999367,0.004421391,0.00013878144,0.4138069,0.052176546,0.020999948,0.9999997,-1.3142935e-05,-8.6331365e-06,-0.00062741374,0.00010098613,6.631529e-05,-0.00021968885,-0.007182535,0.0007760278,1.7243769e-05
0.0,0.0,0.0,0.0,0.0,0.0,1.0,0.6087815,0.18614894,0.11006151,0.4138069,0.052176546,0.020999951,0.41157812,0.06439639,0.028951753,0.018944398,-0.9789763,-0.04365629,-0.19834454,-0.33202344,0.54926944,0.5821006,-2.7532651,0.5427394,3.7124474,0.28606546,0.04,0.039999872,-2.497998e-06,4.4030205e-07,-1.0072869e-06,1.3294041e-07,-3.662213e-07,1.1326752e-06,5.480175e-07,-2.1348602e-11,2.6789126e-06,0.0,0.0,0.0,0.0,0.0,0.0,0.04,0.04,-0.33202344,0.54926944,0.5821006,-2.7532651,0.5427394,3.7124474,0.28606546,0.04,0.039999932,-1.0405963e-06,3.350846e-07,-4.985477e-08,2.5475927e-08,-5.031845e-07,1.1053821e-06,5.486607e-07,-4.5594236e-12,9.63576e-07,5.5879354e-09,2.3283064e-10,-3.7252903e-09,1.0,-1.489095e-10,-8.781334e-10,-8.472538e-11,0.0,0.0,0.0,0.0,0.0,0.0,0.60878116,0.18615611,0.11006239,0.99998695,-0.0030102932,0.0041161873,0.00016748463,0.0013895488,-0.0020004238,-0.0009995699,0.01716691,0.011250268,-0.0024146482,0.4138069,0.05217654,0.020999972,0.99999976,-1.2989818e-05,-8.514523e-06,-0.0006274133,9.961666e-05,6.715072e-05,-0.00021951327,-0.0071926513,0.0007510798,1.7759901e-05
0.0,0.0,0.0,0.0,0.0,0.0,1.0,0.60878116,0.18615611,0.11006239,0.4138069,0.05217654,0.020999976,0.41157812,0.06439639,0.028951753,0.018944398,-0.9789763,-0.04365629,-0.19834454,-0.33202344,0.54926944,0.5821006,-2.7532651,0.5427394,3.7124474,0.28606546,0.04,0.039999932,-1.0405963e-06,3.350846e-07,-4.985477e-08,2.5475927e-08,-5.031845e-07,1.1053821e-06,5.486607e-07,-4.5594236e-12,9.63576e-07,0.0,0.0,0.0,0.0,0.0,0.0,0.04,0.04,-0.33202344,0.54926944,0.5821006,-2.7532651,0.5427394,3.7124474,0.28606546,0.04,0.039999932,-6.7886094e-07,2.9446454e-07,1.9187667e-07,6.395873e-09,-5.3922184e-07,1.0988291e-06,5.4963283e-07,-1.0788124e-12,9.677361e-07,5.5879354e-09,2.3283064e-10,-3.7252903e-09,1.0,-1.489095e-10,-8.781334e-10,-8.472538e-11,0.0,0.0,0.0,0.0,0.0,0.0,0.6087853,0.18614425,0.11005837,0.999987,-0.0029619653,0.0041324175,0.00016522434,0.00025033744,-0.0005390638,-0.00018180441,0.00512541,0.001792219,-0.0007086066,0.41380686,0.052176557,0.020999946,0.99999976,-1.3315315e-05,-9.2314895e-06,-0.00062749867,9.924601e-05,6.783694e-05,-0.00021863329,-0.0072295866,0.0007031447,1.6676688e-05
0.0,0.0,0.0,0.0,0.0,0.0,1.0,0.6087853,0.18614425,0.11005837,0.41380686,0.052176557,0.02099995,0.41157812,0.06439639,0.028951753,0.018944398,-0.9789763,-0.04365629,-0.19834454,-0.33202344,0.54926944,0.5821006,-2.7532651,0.5427394,3.7124474,0.28606546,0.04,0.039999932,-6.7886094e-07,2.9446454e-07,1.9187667e-07,6.395873e-09,-5.3922184e-07,1.0988291e-06,5.4963283e-07,-1.0788124e-12,9.677361e-07,0.0,0.0,0.0,0.0,0.0,0.0,0.04,0.04,-0.33202344,0.54926944,0.5821006,-2.7532651,0.5427394,3.7124474,0.28606546,0.04,0.039999932,-5.8709975e-07,2.82722e-07,2.5347128e-07,2.675862e-09,-5.483462e-07,1.097385e-06,5.498057e-07,-2.1800775e-13,9.68112e-07,5.5879354e-09,2.3283064e-10,-3.7252903e-09,1.0,-1.489095e-10,-8.781334e-10,-8.472538e-11,0.0,0.0,0.0,0.0,0.0,0.0,0.6087815,0.18614897,0.110061504,0.9999871,-0.0029817745,0.0041173785,0.0001661456,0.00044271932,0.00028810708,-0.00027887183,-0.0021958563,0.0044222064,0.00013917492,0.4138069,0.052176546,0.020999918,0.9999997,-1.31857305e-05,-9.410093e-06,-0.0006274401,9.916439e-05,6.729544e-05,-0.00021826893,-0.007233562,0.0006781307,1.7022638e-05
0.0,0.0,0.0,0.0,0.0,0.0,1.0,0.6087815,0.18614897,0.11006151,0.4138069,0.052176546,0.020999921,0.41157812,0.06439639,0.028951753,0.018944398,-0.9789763,-0.04365629,-0.19834454,-0.33202344,0.54926944,0.5821006,-2.7532651,0.5427394,3.7124474,0.28606546,0.04,0.039999932,-5.8709975e-07,2.82722e-07,2.5347128e-07,2.675862e-09,-5.483462e-07,1.097385e-06,5.498057e-07,-2.1800775e-13,9.68112e-07,0.0,0.0,0.0,0.0,0.0,0.0,0.04,0.04,-0.33202344,0.54926944,0.5821006,-2.7532651,0.5427394,3.7124474,0.28606546,0.04,0.039999932,-5.6381907e-07,2.795557e-07,2.6914262e-07,1.8616746e-09,-5.5067215e-07,1.0970359e-06,5.498491e-07,-4.7933588e-14,9.682075e-07,5.5879354e-09,2.3283064e-10,-3.7252903e-09,1.0,-1.489095e-10,-8.781334e-10,-8.472538e-11,0.0,0.0,0.0,0.0,0.0,0.0,0.6087811,0.1861561,0.11006242,0.99998695,-0.0030100523,0.0041163033,0.00016747853,0.0013921043,-0.0019992855,-0.0010020287,0.017150426,0.011270166,-0.0024177309,0.41380686,0.05217653,0.020999938,0.9999997,-1.27980275e-05,-9.110462e-06,-0.000627479,9.945744e-05,6.6984154e-05,-0.0002186931,-0.007215553,0.00070424273,1.7375321e-05
0.0,0.0,0.0,0.0,0.0,0.0,1.0,0.6087811,0.1861561,0.11006242,0.41380686,0.05217653,0.020999942,0.41157812,0.06439639,0.028951753,0.018944398,-0.9789763,-0.04365629,-0.19834454,-0.33202344,0.54926944,0.5821006,-2.7532651,0.5427394,3.7124474,0.28606546,0.04,0.039999932,-5.6381907e-07,2.795557e-07,2.6914262e-07,1.8616746e-09,-5.5067215e-07,1.0970359e-06,5.498491e-07,-4.7933588e-14,9.682075e-07,0.0,0.0,0.0,0.0,0.0,0.0,0.04,0.04,-0.33202344,0.54926944,0.5821006,-2.7532651,0.5427394,3.7124474,0.28606546,0.04,0.039999932,-5.579099e-07,2.7872866e-07,2.7312578e-07,1.6711276e-09,-5.5126384e-07,1.0969492e-06,5.4986e-07,3.1267815e-14,9.682315e-07,5.5879354e-09,2.3283064e-10,-3.7252903e-09,1.0,-1.489095e-10,-8.781334e-10,-8.472538e-11,0.0,0.0,0.0,0.0,0.0,0.0,0.60878533,0.18614425,0.11005839,0.999987,-0.0029621024,0.0041325437,0.00016528877,0.00025021343,-0.00053707976,-0.00018192531,0.005109136,0.0017907389,-0.0007069971,0.41380686,0.052176546,0.020999959,0.99999976,-1.2999274e-05,-9.256861e-06,-0.00062753825,9.820381e-05,6.81082e-05,-0.0002180992,-0.0072428924,0.0006623038,1.7101847e-05
0.0,0.0,0.0,0.0,0.0,0.0,1.0,0.60878533,0.18614425,0.1100584,0.41380686,0.052176546,0.020999962,0.41157812,0.06439639,0.028951753,0.018944398,-0.9789763,-0.04365629,-0.19834454,-0.33202344,0.54926944,0.5821006,-2.7532651,0.5427394,3.7124474,0.28606546,0.04,0.039999932,-5.579099e-07,2.7872866e-07,2.7312578e-07,1.6711276e-09,-5.5126384e-07,1.0969492e-06,5.4986e-07,3.1267815e-14,9.682315e-07,0.0,0.0,0.0,0.0,0.0,0.0,0.04,0.04,-0.33202344,0.54926944,0.5821006,-2.7532651,0.5427394,3.7124474,0.28606546,0.04,0.039999932,-5.564099e-07,2.7851584e-07,2.7413768e-07,1.6247729e-09,-5.5141425e-07,1.0969272e-06,5.4986276e-07,1.0642027e-13,9.682376e-07,5.5879354e-09,2.3283064e-10,-3.7252903e-09,1.0,-1.489095e-10,-8.781334e-10,-8.472538e-11,0.0,0.0,0.0,0.0,0.0,0.0,0.6087815,0.18614891,0.11006151,0.99998707,-0.0029814309,0.004117403,0.00016610617,0.00044204143,0.0002871016,-0.00027949628,-0.0021810834,0.0044158963,0.00014127338,0.41380686,0.05217654,0.020999925,0.9999997,-1.2916897e-05,-9.306927e-06,-0.0006274078,9.770193e-05,6.818469e-05,-0.0002179716,-0.007241074,0.0006524241,1.7459679e-05
0.0,0.0,0.0,0.0,0.0,0.0,1.0,0.6087815,0.18614891,0.11006151,0.41380686,0.05217654,0.020999929,0.41157812,0.06439639,0.028951753,0.018944398,-0.9789763,-0.04365629,-0.19834454,-0.33202344,0.54926944,0.5821006,-2.7532651,0.5427394,3.7124474,0.28606546,0.04,0.039999932,-5.564099e-07,2.7851584e-07,2.7413768e-07,1.6247729e-09,-5.5141425e-07,1.0969272e-06,5.4986276e-07,1.0642027e-13,9.682376e-07,0.0,0.0,0.0,0.0,0.0,0.0,0.04,0.04,-0.33202344,0.54926944,0.5821006,-2.7532651,0.5427394,3.7124474,0.28606546,0.04,0.039999932,-5.560289e-07,2.7846147e-07,2.7439467e-07,1.6132331e-09,-5.5145256e-07,1.0969221e-06,5.4986356e-07,1.5636621e-14,9.682392e-07,5.5879354e-09,2.3283064e-10,-3.7252903e-09,1.0,-1.489095e-10,-8.781334e-10,-8.472538e-11,0.0,0.0,0.0,0.0,0.0,0.0,0.6087811,0.18615612,0.110062376,0.99998695,-0.0030104415,0.004116152,0.00016752203,0.001387662,-0.0019993503,-0.0009978401,0.017160822,0.011236031,-0.0024113741,0.41380686,0.05217654,0.020999951,0.9999997,-1.274972e-05,-9.369379e-06,-0.0006275554,9.713624e-05,6.827187e-05,-0.00021821572,-0.0072253137,0.00066277856,1.8209235e-05
0.0,0.0,0.0,0.0,0.0,0.0,1.0,0.6087811,0.18615612,0.110062376,0.41380686,0.05217654,0.020999955,0.41157812,0.06439639,0.028951753,0.018944398,-0.9789763,-0.04365629,-0.19834454,-0.33202344,0.54926944,0.5821006,-2.7532651,0.5427394,3.7124474,0.28606546,0.04,0.039999932,-5.560289e-07,2.7846147e-07,2.7439467e-07,1.6132331e-09,-5.5145256e-07,1.0969221e-06,5.4986356e-07,1.5636621e-14,9.682392e-07,0.0,0.0,0.0,0.0,0.0,0.0,0.04,0.04,-0.33202344,0.54926944,0.5821006,-2.7532651,0.5427394,3.7124474,0.28606546,0.04,0.039999932,-5.5593216e-07,2.7844752e-07,2.744598e-07,1.6103432e-09,-5.514621e-07,1.0969204e-06,5.4986367e-07,5.2692707e-14,9.682394e-07,5.5879354e-09,2.3283064e-10,-3.7252903e-09,1.0,-1.489095e-10,-8.781334e-10,-8.472538e-11,0.0,0.0,0.0,0.0,0.0,0.0,0.6087853,0.18614423,0.11005826,0.99998707,-0.002961991,0.004132371,0.0001654089,0.00025247785,-0.00059363915,-0.00019917707,0.0056273555,0.0018926606,-0.00067939784,0.41380686,0.05217655,0.020999987,0.9999997,-1.3127666e-05,-8.74858e-06,-0.00062743184,9.930784e-05,6.730932e-05,-0.0002191819,-0.007209561,0.0007240133,1.7647853e-05
0.0,0.0,0.0,0.0,0.0,0.0,-1.0,0.6087853,0.18614423,0.11005826,0.41380686,0.05217655,0.02099999,0.41157812,0.06439639,0.028951753,0.018944398,-0.9789763,-0.04365629,-0.19834454,-0.33202344,0.54926944,0.5821006,-2.7532651,0.5427394,3.7124474,0.28606546,0.04,0.039999932,-5.5593216e-07,2.7844752e-07,2.744598e-07,1.6103432e-09,-5.514621e-07,1.0969204e-06,5.4986367e-07,5.2692707e-14,9.682394e-07,0.0,0.0,0.0,0.0,0.0,0.0,0.0,0.0,-0.3323308,0.5490558,0.5815769,-2.7531748,0.5432294,3.7129023,0.28575754,0.03301225,0.033094622,-0.03475451,-0.003787124,-0.0037231739,0.0031431399,-0.030290674,-0.043919258,0.026947297,-0.20563392,-0.20475794,5.5879354e-09,2.3283064e-10,-3.7252903e-09,1.0,-1.489095e-10,-8.781334e-10,-8.472538e-11,0.0,0.0,0.0,0.0,0.0,0.0,0.60878295,0.18614914,0.11006076,0.99998707,-0.0029830518,0.0041234945,0.00016587946,0.0004519787,7.215928e-05,-0.00022140057,0.00017935276,0.0043915636,0.00012254888,0.4127115,0.056098234,0.021112127,0.9998927,-0.0022291823,3.1169144e-05,0.014476174,-0.05126821,0.22702119,0.007466005,-0.23057315,0.04828423,2.3061593
0.0,0.0,0.0,0.0,0.0,0.0,-1.0,0.60878295,0.18614914,0.11006077,0.4127115,0.056098234,0.021112131,0.41174173,0.063864775,0.029044155,0.018505588,-0.97895604,-0.04320927,-0.19858395,-0.3323308,0.5490558,0.5815769,-2.7531748,0.5432294,3.7129023,0.28575754,0.03301225,0.033094622,-0.03475451,-0.003787124,-0.0037231739,0.0031431399,-0.030290674,-0.043919258,0.026947297,-0.20563392,-0.20475794,0.0,0.0,0.0,0.0,0.0,0.0,0.0,0.0,-0.33281258,0.5489882,0.5811629,-2.7530959,0.54347485,3.7130847,0.2856275,0.026101984,0.026216788,-0.015793627,-0.00230951,-0.007984947,0.0015684175,-0.0045940587,-0.007535446,0.0039759744,-0.2012647,-0.20116481,5.5879354e-09,2.3283064e-10,-3.7252903e-09,1.0,-1.489095e-10,-8.781334e-10,-8.472538e-11,0.0,0.0,0.0,0.0,0.0,0.0,0.60878116,0.18615606,0.110062376,0.9999869,-0.0030100334,0.004116188,0.00016751948,0.0013891521,-0.0020061985,-0.0009964518,0.01723121,0.01125976,-0.0024128102,0.4112536,0.06162027,0.021174809,0.9993709,-0.0036386123,-0.00011044823,0.03527767,-0.052151006,0.20611888,0.0012159443,-0.026511488,0.010265389,1.747974
0.0,0.0,0.0,0.0,0.0,0.0,-1.0,0.60878116,0.18615606,0.110062376,0.4112536,0.06162027,0.021174813,0.41184494,0.06339651,0.029060367,0.018224388,-0.9789635,-0.042752683,-0.19867152,-0.33281258,0.5489882,0.5811629,-2.7530959,0.54347485,3.7130847,0.2856275,0.026101984,0.026216788,-0.015793627,-0.00230951,-0.007984947,0.0015684175,-0.0045940587,-0.007535446,0.0039759744,-0.2012647,-0.20116481,0.0,0.0,0.0,0.0,0.0,0.0,0.0,0.0,-0.33294168,0.5488522,0.58119524,-2.7530982,0.54333913,3.7130754,0.2857164,0.020409396,0.020939566,0.0066658556,-0.018825652,-0.0028330362,-0.00015454681,-0.002144381,-0.020059813,-0.037043057,0.026625052,0.04501107,5.5879354e-09,2.3283064e-10,-3.7252903e-09,1.0,-1.489095e-10,-8.781334e-10,-8.472538e-11,0.0,0.0,0.0,0.0,0.0,0.0,0.6087853,0.18614425,0.11005831,0.99998707,-0.002962084,0.004132591,0.000165238,0.00025159607,-0.00058253284,-0.00019031455,0.005517127,0.0018622442,-0.00068983657,0.4111435,0.06344906,0.021001985,0.9994017,-0.0002610555,0.00028368816,0.034582045,-0.0087215165,-0.0105418395,-0.0007293768,0.5678768,0.21414703,-0.7665541
0.0,0.0,0.0,0.0,0.0,0.0,-1.0,0.6087853,0.18614425,0.11005831,0.4111435,0.06344906,0.021001989,0.4118986,0.06337019,0.02911703,0.01822944,-0.97894907,-0.042726308,-0.19874828,-0.33294168,0.5488522,0.58119524,-2.7530982,0.54333913,3.7130754,0.2857164,0.020409396,0.020939566,0.0066658556,-0.018825652,-0.0028330362,-0.00015454681,-0.002144381,-0.020059813,-0.037043057,0.026625052,0.04501107,0.0,0.0,0.0,0.0,0.0,0.0,0.0,0.0,-0.33301684,0.5485983,0.58099955,-2.753131,0.54351485,3.7132766,0.28561503,0.01973812,0.020623896,-0.004390206,-0.004418699,-0.010988182,0.001840785,-0.009295414,-0.035036866,-0.027845548,0.041846912,0.08458449,5.5879354e-09,2.3283064e-10,-3.7252903e-09,1.0,-1.489095e-10,-8.781334e-10,-8.472538e-11,0.0,0.0,0.0,0.0,0.0,0.0,0.608783,0.18614915,0.110060826,0.9999871,-0.0029832462,0.0041232845,0.00016584514,0.00044951512,7.6138356e-05,-0.00022104387,0.00013978718,0.0043680114,0.00012516194,0.41117147,0.063414164,0.021089664,0.9993697,0.0017010673,0.00014903015,0.03545685,0.0002114084,0.011089084,-0.0314505,0.7894175,-0.564032,-2.472995
0.0,0.0,0.0,0.0,0.0,0.0,-1.0,0.608783,0.18614915,0.110060826,0.41117147,0.063414164,0.021089667,0.4119763,0.06316629,0.029208254,0.01803127,-0.97892785,-0.04259084,-0.1988998,-0.33301684,0.5485983,0.58099955,-2.753131,0.54351485,3.7132766,0.28561503,0.01973812,0.020623896,-0.004390206,-0.004418699,-0.010988182,0.001840785,-0.009295414,-0.035036866,-0.027845548,0.041846912,0.08458449,0.0,0.0,0.0,0.0,0.0,0.0,0.0,0.0,-0.33318892,0.5485982,0.58079565,-2.753139,0.5435577,3.7133558,0.2855716,0.019541526,0.020786984,-0.0028038446,-0.0054324777,-0.008547448,0.0037655623,-0.0120267635,-0.034032207,-0.02818491,0.045445018,0.08141692,5.5879354e-09,2.3283064e-10,-3.7252903e-09,1.0,-1.489095e-10,-8.781334e-10,-8.472538e-11,0.0,0.0,0.0,0.0,0.0,0.0,0.6087811,0.18615606,0.11006241,0.9999869,-0.0030100306,0.004116223,0.0001675651,0.0013904667,-0.0020029352,-0.0009968104,0.017199837,0.0112759955,-0.0024115187,0.41117087,0.06342817,0.02108456,0.9993735,0.0016460255,9.837129e-05,0.035353057,-0.009359936,-0.004608397,-0.030977622,-0.2894792,0.11968117,-0.906445
0.0,0.0,0.0,0.0,0.0,0.0,-1.0,0.6087811,0.18615606,0.11006242,0.41117087,0.06342817,0.021084564,0.41199195,0.06297818,0.029196564,0.017920032,-0.97893476,-0.04242924,-0.19891016,-0.33318892,0.5485982,0.58079565,-2.753139,0.5435577,3.7133558,0.2855716,0.019541526,0.020786984,-0.0028038446,-0.0054324777,-0.008547448,0.0037655623,-0.0120267635,-0.034032207,-0.02818491,0.045445018,0.08141692,0.0,0.0,0.0,0.0,0.0,0.0,0.0,0.0,-0.33329928,0.5485874,0.5806529,-2.753152,0.5435536,3.7134085,0.28554305,0.019426977,0.020899937,-0.0011661755,-0.0051365476,-0.00698342,0.0032520564,-0.013349085,-0.03377935,-0.029424377,0.0479857,0.0797831,5.5879354e-09,2.3283064e-10,-3.7252903e-09,1.0,-1.489095e-10,-8.781334e-10,-8.472538e-11,0.0,0.0,0.0,0.0,0.0,0.0,0.6087853,0.18614423,0.1100584,0.99998707,-0.0029620368,0.0041323826,0.00016532792,0.00024995106,-0.00055692164,-0.000185015,0.0052878927,0.0018142578,-0.00069824595,0.4111717,0.06342673,0.021082632,0.99937433,0.0016265671,8.673629e-05,0.0353294,-0.0113016525,-0.0029552376,-0.031142013,-0.23693141,0.24355133,-0.9580387
0.0,0.0,0.0,0.0,0.0,0.0,-1.0,0.6087853,0.18614423,0.1100584,0.4111717,0.06342673,0.021082636,0.41200304,0.062855564,0.02919167,0.01784724,-0.9789378,-0.042337775,-0.19892135,-0.33329928,0.5485874,0.5806529,-2.753152,0.5435536,3.7134085,0.28554305,0.019426977,0.020899937,-0.0011661755,-0.0051365476,-0.00698342,0.0032520564,-0.013349085,-0.03377935,-0.029424377,0.0479857,0.0797831,0.0,0.0,0.0,0.0,0.0,0.0,0.0,0.0,-0.33336192,0.5485769,0.5805547,-2.753168,0.5435178,3.7134476,0.2855231,0.019356517,0.02097041,-8.3467225e-05,-0.0051061013,-0.0060458235,0.0032603,-0.013873567,-0.034500126,-0.02990598,0.049428597,0.07931068,5.5879354e-09,2.3283064e-10,-3.7252903e-09,1.0,-1.489095e-10,-8.781334e-10,-8.472538e-11,0.0,0.0,0.0,0.0,0.0,0.0,0.6087815,0.18614893,0.11006148,0.99998707,-0.0029814935,0.0041172304,0.00016611641,0.00044193806,0.00028861978,-0.00027627344,-0.0022046568,0.004413949,0.0001388269,0.41117182,0.06342664,0.021081587,0.99937475,0.0016177419,8.8698565e-05,0.035319474,-0.011275054,-0.0027305437,-0.031133084,-0.24200346,0.24276157,-0.95381296
0.0,0.0,0.0,0.0,0.0,0.0,-1.0,0.6087815,0.18614893,0.11006148,0.41117182,0.06342664,0.021081591,0.41200978,0.062781505,0.029189717,0.01780197,-0.9789381,-0.042297497,-0.19893268,-0.33336192,0.5485769,0.5805547,-2.753168,0.5435178,3.7134476,0.2855231,0.019356517,0.02097041,-8.3467225e-05,-0.0051061013,-0.0060458235,0.0032603,-0.013873567,-0.034500126,-0.02990598,0.049428597,0.07931068,0.0,0.0,0.0,0.0,0.0,0.0,0.0,0.0,-0.33339682,0.54857,0.58048195,-2.753184,0.54346645,3.7134774,0.28550848,0.019313162,0.021013677,0.0005318385,-0.005021869,-0.0054798876,0.003295781,-0.014272677,-0.034800936,-0.029876499,0.050234474,0.07899422,5.5879354e-09,2.3283064e-10,-3.7252903e-09,1.0,-1.489095e-10,-8.781334e-10,-8.472538e-11,0.0,0.0,0.0,0.0,0.0,0.0,0.6087811,0.1861561,0.11006235,0.99998695,-0.003010081,0.0041161957,0.00016752757,0.0013903601,-0.001995976,-0.0010007331,0.01712165,0.011256122,-0.002414084,0.41117144,0.06342665,0.02108086,0.9993748,0.0016102502,8.5528896e-05,0.035316832,-0.011165724,-0.00258857,-0.031148506,-0.24752161,0.23731224,-0.94389826
0.0,0.0,0.0,0.0,0.0,0.0,-1.0,0.6087811,0.1861561,0.11006236,0.41117144,0.06342665,0.021080865,0.41201323,0.06273535,0.02918845,0.017773151,-0.97893727,-0.042285025,-0.1989419,-0.33339682,0.54857,0.58048195,-2.753184,0.54346645,3.7134774,0.28550848,0.019313162,0.021013677,0.0005318385,-0.005021869,-0.0054798876,0.003295781,-0.014272677,-0.034800936,-0.029876499,0.050234474,0.07899422,0.0,0.0,0.0,0.0,0.0,0.0,0.0,0.0,-0.333415,0.54856527,0.5804259,-2.7531984,0.54340607,3.713501,0.28549796,0.019285781,0.021040859,0.0009247604,-0.004991802,-0.005105225,0.0033088026,-0.014469571,-0.035013124,-0.02960498,0.05066209,0.078785144,5.5879354e-09,2.3283064e-10,-3.7252903e-09,1.0,-1.489095e-10,-8.781334e-10,-8.472538e-11,0.0,0.0,0.0,0.0,0.0,0.0,0.6087853,0.18614426,0.11005843,0.99998707,-0.0029624167,0.0041324357,0.00016525858,0.0002480424,-0.0005201937,-0.00017779827,0.0049522105,0.0017570605,-0.00070827396,0.41117135,0.06342674,0.021080315,0.9993748,0.0016031588,8.385857e-05,0.035317242,-0.011098455,-0.0024973296,-0.031155987,-0.25117573,0.23367895,-0.93794376
0.0,0.0,0.0,0.0,0.0,0.0,-1.0,0.6087853,0.18614426,0.11005843,0.41117135,0.06342674,0.021080319,0.41201568,0.062706865,0.029187497,0.017754957,-0.9789356,-0.042289197,-0.19895062,-0.333415,0.54856527,0.5804259,-2.7531984,0.54340607,3.713501,0.28549796,0.019285781,0.021040859,0.0009247604,-0.004991802,-0.005105225,0.0033088026,-0.014469571,-0.035013124,-0.02960498,0.05066209,0.078785144,0.0,0.0,0.0,0.0,0.0,0.0,0.0,0.0,-0.33342284,0.54856217,0.5803797,-2.7532122,0.54334134,3.7135205,0.28549045,0.019268623,0.02105778,0.001155234,-0.0049343565,-0.0048854793,0.0033101235,-0.014586745,-0.035115205,-0.029155038,0.05084829,0.078656666,5.5879354e-09,2.3283064e-10,-3.7252903e-09,1.0,-1.489095e-10,-8.781334e-10,-8.472538e-11,0.0,0.0,0.0,0.0,0.0,0.0,0.6087815,0.18614893,0.11006154,0.99998707,-0.0029814409,0.0041172234,0.00016608601,0.0004408789,0.0002895285,-0.0002777908,-0.002209646,0.0044040643,0.00014059771,0.41117114,0.0634269,0.021079805,0.9993747,0.0015965627,8.1034894e-05,0.035319723,-0.011066221,-0.0024323273,-0.031166244,-0.25381833,0.23117228,-0.93441933
0.0,0.0,0.0,0.0,0.0,0.0,-1.0,0.6087815,0.18614893,0.11006154,0.41117114,0.0634269,0.021079808,0.41201708,0.06268912,0.02918693,0.017743334,-0.97893363,-0.042302817,-0.19895867,-0.33342284,0.54856217,0.5803797,-2.7532122,0.54334134,3.7135205,0.28549045,0.019268623,0.02105778,0.001155234,-0.0049343565,-0.0048854793,0.0033101235,-0.014586745,-0.035115205,-0.029155038,0.05084829,0.078656666,0.0,0.0,0.0,0.0,0.0,0.0,0.0,0.0,-0.33342448,0.5485595,0.5803402,-2.7532246,0.54327464,3.7135372,0.28548506,0.019257555,0.02106858,0.0013004921,-0.004951869,-0.004734522,0.003359645,-0.0146102905,-0.035217512,-0.028643984,0.050916806,0.078572236,5.5879354e-09,2.3283064e-10,-3.7252903e-09,1.0,-1.489095e-10,-8.781334e-10,-8.472538e-11,0.0,0.0,0.0,0.0,0.0,0.0,0.60878116,0.1861561,0.11006236,0.99998695,-0.0030100401,0.004116341,0.00016750184,0.0013895445,-0.0019954438,-0.0010005687,0.017117241,0.011246688,-0.002413268,0.4111711,0.063427046,0.021079479,0.99937457,0.0015910164,8.046787e-05,0.035323165,-0.0110307615,-0.0024086859,-0.03115812,-0.25475842,0.23015486,-0.93268865
0.0,0.0,0.0,0.0,0.0,0.0,-1.0,0.60878116,0.1861561,0.11006236,0.4111711,0.063427046,0.021079483,0.41201833,0.06267755,0.029186394,0.017735556,-0.9789314,-0.04232122,-0.19896616,-0.33342448,0.5485595,0.5803402,-2.7532246,0.54327464,3.7135372,0.28548506,0.019257555,0.02106858,0.0013004921,-0.004951869,-0.004734522,0.003359645,-0.0146102905,-0.035217512,-0.028643984,0.050916806,0.078572236,0.0,0.0,0.0,0.0,0.0,0.0,0.0,0.0,-0.33342212,0.54855776,0.580305,-2.7532377,0.5432077,3.7135527,0.28548148,0.019250195,0.021075683,0.0013936269,-0.004916831,-0.004638778,0.003347133,-0.014627405,-0.035219327,-0.028106118,0.05088405,0.078486346,5.5879354e-09,2.3283064e-10,-3.7252903e-09,1.0,-1.489095e-10,-8.781334e-10,-8.472538e-11,0.0,0.0,0.0,0.0,0.0,0.0,0.6087853,0.18614422,0.11005829,0.99998707,-0.002961733,0.0041326704,0.00016536358,0.00025556778,-0.0006010796,-0.00019976718,0.005685791,0.0019268614,-0.00068409106,0.411171,0.06342731,0.02107912,0.99937445,0.001584377,7.904314e-05,0.03532734,-0.011011705,-0.0023794216,-0.031164628,-0.2563645,0.22811474,-0.93036056
0.0,0.0,0.0,0.0,0.0,0.0,-1.0,0.6087853,0.18614422,0.11005829,0.411171,0.06342731,0.021079123,0.41201842,0.062670186,0.029186014,0.017730325,-0.9789293,-0.042342737,-0.19897288,-0.33342212,0.54855776,0.580305,-2.7532377,0.5432077,3.7135527,0.28548148,0.019250195,0.021075683,0.0013936269,-0.004916831,-0.004638778,0.003347133,-0.014627405,-0.035219327,-0.028106118,0.05088405,0.078486346,0.0,0.0,0.0,0.0,0.0,0.0,0.0,0.0,-0.33341768,0.5485563,0.58027273,-2.7532492,0.5431416,3.7135665,0.28547958,0.019245278,0.021080336,0.0014360771,-0.004900426,-0.004569459,0.003354961,-0.014613202,-0.035269022,-0.02752526,0.050814614,0.07845881,5.5879354e-09,2.3283064e-10,-3.7252903e-09,1.0,-1.489095e-10,-8.781334e-10,-8.472538e-11,0.0,0.0,0.0,0.0,0.0,0.0,0.60878295,0.18614912,0.110060826,0.99998707,-0.0029830532,0.0041232337,0.00016587909,0.00045094208,7.4625656e-05,-0.00022108392,0.00015678497,0.004382534,0.00012524493,0.411171,0.063427486,0.021078818,0.9993744,0.0015795616,7.847972e-05,0.03533154,-0.011014938,-0.0023578499,-0.031165149,-0.2569563,0.22783372,-0.93025386
0.0,0.0,0.0,0.0,0.0,0.0,-1.0,0.60878295,0.18614912,0.110060826,0.411171,0.063427486,0.021078821,0.41201913,0.06266546,0.029185738,0.017726883,-0.97892684,-0.042365164,-0.19897991,-0.33341768,0.5485563,0.58027273,-2.7532492,0.5431416,3.7135665,0.28547958,0.019245278,0.021080336,0.0014360771,-0.004900426,-0.004569459,0.003354961,-0.014613202,-0.035269022,-0.02752526,0.050814614,0.07845881,0.0,0.0,0.0,0.0,0.0,0.0,0.0,0.0,-0.33341175,0.548555,0.58024246,-2.75326,0.5430766,3.713579,0.28547886,0.019241828,0.021083524,0.0014709742,-0.0049190046,-0.004524897,0.0033756131,-0.014566582,-0.035280425,-0.0269838,0.050712124,0.07840443,5.5879354e-09,2.3283064e-10,-3.7252903e-09,1.0,-1.489095e-10,-8.781334e-10,-8.472538e-11,0.0,0.0,0.0,0.0,0.0,0.0,0.6087811,0.18615608,0.11006239,0.99998695,-0.0030101528,0.004116139,0.00016753394,0.0013918041,-0.0020040292,-0.0009980375,0.01720698,0.0112858545,-0.002414177,0.411171,0.06342773,0.021078505,0.9993743,0.0015737582,7.76026e-05,0.035335742,-0.0110009825,-0.002354086,-0.03115875,-0.2572162,0.22729532,-0.9296407
0.0,0.0,0.0,0.0,0.0,0.0,-1.0,0.6087811,0.18615608,0.11006239,0.411171,0.06342773,0.021078508,0.41201958,0.06266222,0.029185515,0.01772444,-0.9789247,-0.042387843,-0.19898626,-0.33341175,0.548555,0.58024246,-2.75326,0.5430766,3.713579,0.28547886,0.019241828,0.021083524,0.0014709742,-0.0049190046,-0.004524897,0.0033756131,-0.014566582,-0.035280425,-0.0269838,0.050712124,0.07840443,0.0,0.0,0.0,0.0,0.0,0.0,0.0,0.0,-0.33340493,0.54855365,0.5802137,-2.7532704,0.54301286,3.7135894,0.28547952,0.019239094,0.021085987,0.0015025729,-0.0049440786,-0.0044716294,0.0033820579,-0.014518111,-0.03527013,-0.026470033,0.050600506,0.078332715,5.5879354e-09,2.3283064e-10,-3.7252903e-09,1.0,-1.489095e-10,-8.781334e-10,-8.472538e-11,0.0,0.0,0.0,0.0,0.0,0.0,0.6087853,0.18614419,0.11005832,0.99998707,-0.0029616973,0.004132578,0.00016541251,0.0002518494,-0.00059739006,-0.0002007981,0.005666374,0.0018910117,-0.0006762928,0.41117105,0.063428,0.021078201,0.99937403,0.0015676658,7.739252e-05,0.035340168,-0.010984675,-0.0023486419,-0.031153029,-0.2576095,0.22655717,-0.92876774
0.0,0.0,0.0,0.0,0.0,0.0,-1.0,0.6087853,0.18614419,0.11005832,0.41117105,0.063428,0.021078205,0.41201976,0.06266009,0.029185083,0.017722875,-0.9789225,-0.042410433,-0.19899197,-0.33340493,0.54855365,0.5802137,-2.7532704,0.54301286,3.7135894,0.28547952,0.019239094,0.021085987,0.0015025729,-0.0049440786,-0.0044716294,0.0033820579,-0.014518111,-0.03527013,-0.026470033,0.050600506,0.078332715,0.0,0.0,0.0,0.0,0.0,0.0,0.0,0.0,-0.33339745,0.54855174,0.5801862,-2.7532806,0.5429509,3.7135994,0.28548113,0.019237114,0.02108771,0.001512611,-0.0049296413,-0.0044455878,0.0033794106,-0.014481896,-0.035264242,-0.02593797,0.050476193,0.07830545,5.5879354e-09,2.3283064e-10,-3.7252903e-09,1.0,-1.489095e-10,-8.781334e-10,-8.472538e-11,0.0,0.0,0.0,0.0,0.0,0.0,0.60878295,0.18614915,0.11006084,0.9999871,-0.0029831906,0.004123318,0.00016591256,0.00045157922,7.434143e-05,-0.00021928367,0.0001538461,0.0043882364,0.00012262508,0.41117102,0.06342819,0.021077946,0.9993739,0.0015630806,7.626121e-05,0.0353442,-0.010992267,-0.0023348196,-0.031154435,-0.25797558,0.22638804,-0.92889524
0.0,0.0,0.2,0.0,0.0,0.0,-1.0,0.60878295,0.18614915,0.11006084,0.41117102,0.06342819,0.02107795,0.41202027,0.06265854,0.029185016,0.017721787,-0.9789205,-0.042432234,-0.1989977,-0.33339745,0.54855174,0.5801862,-2.7532806,0.5429509,3.7135994,0.28548113,0.019237114,0.02108771,0.001512611,-0.0049296413,-0.0044455878,0.0033794106,-0.014481896,-0.035264242,-0.02593797,0.050476193,0.07830545,0.0,0.0,0.1,0.0,0.0,0.0,0.0,0.0,-0.3433763,0.49773422,0.5959191,-2.7768955,0.5631095,3.6664398,0.2923276,0.019197568,0.021083064,-0.24758315,-1.9105803,0.5096604,-0.69813263,0.54427606,-1.3672296,0.15696143,0.055955533,0.082684465,5.5879354e-09,2.3283064e-10,-3.7252903e-09,1.0,-1.489095e-10,-8.781334e-10,-8.472538e-11,0.0,0.0,0.0,0.0,0.0,0.0,0.60878116,0.18615611,0.11006239,0.99998695,-0.0030102963,0.0041162777,0.00016755423,0.0013920465,-0.0020120821,-0.0009981911,0.017282877,0.011284755,-0.002419049,0.4050951,0.061948307,0.028546035,0.9993222,0.007418006,0.0109682,0.03434925,-0.07897988,-0.0553521,0.4396803,-5.6781073,-0.8131858,-3.6613567
0.0,0.0,0.2,0.0,0.0,0.0,-1.0,0.60878116,0.18615611,0.11006239,0.4050951,0.061948307,0.028546039,0.40610507,0.061196722,0.036870133,0.01932168,-0.98097533,-0.038943097,-0.18920189,-0.3433763,0.49773422,0.5959191,-2.7768955,0.5631095,3.6664398,0.2923276,0.019197568,0.021083064,-0.24758315,-1.9105803,0.5096604,-0.69813263,0.54427606,-1.3672296,0.15696143,0.055955533,0.082684465,0.0,0.0,0.1,0.0,0.0,0.0,0.0,0.0,-0.3528093,0.42836532,0.61547184,-2.7991781,0.58164424,3.6166837,0.30056986,0.019217879,0.021001313,-0.24412256,-2.0518305,0.57024354,-0.5877306,0.502713,-1.4625258,0.23136449,0.01253166,0.06745711,5.5879354e-09,2.3283064e-10,-3.7252903e-09,1.0,-1.489095e-10,-8.781334e-10,-8.472538e-11,0.0,0.0,0.0,0.0,0.0,0.0,0.6087853,0.18614426,0.11005844,0.9999871,-0.002962105,0.004132575,0.00016525255,0.00025135375,-0.0005290741,-0.00017590652,0.005019927,0.0017881922,-0.0007179789,0.40376037,0.060922094,0.04244804,0.9993273,0.011000509,0.012798663,0.032559324,0.008554292,-0.026643097,0.4717255,-4.89951,-0.46078846,-1.6636053
0.0,0.0,0.2,0.0,0.0,0.0,-1.0,0.6087853,0.18614426,0.11005844,0.40376037,0.060922094,0.042448044,0.404874,0.060227662,0.050969165,0.018962726,-0.98131895,-0.037902266,-0.18766174,-0.3528093,0.42836532,0.61547184,-2.7991781,0.58164424,3.6166837,0.30056986,0.019217879,0.021001313,-0.24412256,-2.0518305,0.57024354,-0.5877306,0.502713,-1.4625258,0.23136449,0.01253166,0.06745711,0.0,0.0,0.1,0.0,0.0,0.0,0.0,0.0,-0.3627019,0.35634083,0.6360703,-2.8187563,0.597819,3.5626287,0.31043884,0.019233325,0.02097217,-0.26712516,-2.122692,0.5871022,-0.5397874,0.4312764,-1.5837393,0.28156725,0.012565743,0.06788104,5.5879354e-09,2.3283064e-10,-3.7252903e-09,1.0,-1.489095e-10,-8.781334e-10,-8.472538e-11,0.0,0.0,0.0,0.0,0.0,0.0,0.6087815,0.18614894,0.11006155,0.99998707,-0.0029815868,0.0041173897,0.00016610716,0.00044289324,0.00028824032,-0.0002779021,-0.002196276,0.004424586,0.00014030522,0.4030741,0.06057394,0.05687612,0.9993322,0.011046615,0.013707134,0.032019615,0.008017696,-0.01911821,0.47274742,-4.9235463,-0.5195375,-1.6180333
0.0,0.0,0.2,0.0,0.0,0.0,-1.0,0.6087815,0.18614894,0.110061556,0.4030741,0.06057394,0.056876123,0.40420476,0.05989133,0.06539567,0.018879116,-0.9815142,-0.037351325,-0.18675731,-0.3627019,0.35634083,0.6360703,-2.8187563,0.597819,3.5626287,0.31043884,0.019233325,0.02097217,-0.26712516,-2.122692,0.5871022,-0.5397874,0.4312764,-1.5837393,0.28156725,0.012565743,0.06788104,0.0,0.0,0.1,0.0,0.0,0.0,0.0,0.0,-0.37432435,0.2839112,0.65760046,-2.8363783,0.6105219,3.504284,0.32259706,0.019248428,0.020944275,-0.32528874,-2.1609464,0.6117947,-0.49970618,0.3251284,-1.7083433,0.35164154,0.011707744,0.0695639,5.5879354e-09,2.3283064e-10,-3.7252903e-09,1.0,-1.489095e-10,-8.781334e-10,-8.472538e-11,0.0,0.0,0.0,0.0,0.0,0.0,0.6087811,0.18615617,0.11006237,0.999987,-0.0030107305,0.0041159578,0.00016746673,0.0013903623,-0.0020020392,-0.0009999326,0.017181458,0.011258029,-0.0024162594,0.4020325,0.06060031,0.07067431,0.99931383,0.011483103,0.015438151,0.031649694,-0.0030962145,-0.015333651,0.46159154,-4.9487305,-0.4754875,-1.5911285
0.0,0.0,0.2,0.0,0.0,0.0,-1.0,0.6087811,0.18615617,0.110062376,0.4020325,0.06060031,0.070674315,0.40318763,0.059925117,0.07919237,0.019218951,-0.9818435,-0.03690502,-0.18507257,-0.37432435,0.2839112,0.65760046,-2.8363783,0.6105219,3.504284,0.32259706,0.019248428,0.020944275,-0.32528874,-2.1609464,0.6117947,-0.49970618,0.3251284,-1.7083433,0.35164154,0.011707744,0.0695639,0.0,0.0,0.1,0.0,0.0,0.0,0.0,0.0,-0.39003295,0.21142717,0.68155444,-2.8523602,0.61758816,3.4420066,0.33847183,0.019269988,0.020908697,-0.46533555,-2.1741333,0.6953956,-0.45889655,0.14731854,-1.8204073,0.46915478,0.010647032,0.071354955,5.5879354e-09,2.3283064e-10,-3.7252903e-09,1.0,-1.489095e-10,-8.781334e-10,-8.472538e-11,0.0,0.0,0.0,0.0,0.0,0.0,0.6087853,0.18614423,0.1100584,0.9999871,-0.0029619422,0.0041326205,0.00016528962,0.00024874226,-0.0005326839,-0.00018183561,0.005071925,0.0017751144,-0.0007048439,0.40057755,0.060870107,0.08377898,0.99926895,0.012209523,0.018090667,0.03138572,-0.014702171,-0.011243825,0.4454888,-4.9647093,-0.41929975,-1.5664908
0.0,0.0,0.2,0.0,0.0,0.0,-1.0,0.6087853,0.18614423,0.1100584,0.40057755,0.060870107,0.08377898,0.40177414,0.060216453,0.092296764,0.019901335,-0.982331,-0.03650421,-0.18247497,-0.39003295,0.21142717,0.68155444,-2.8523602,0.61758816,3.4420066,0.33847183,0.019269988,0.020908697,-0.46533555,-2.1741333,0.6953956,-0.45889655,0.14731854,-1.8204073,0.46915478,0.010647032,0.071354955,0.0,0.0,0.1,0.0,0.0,0.0,0.0,0.0,-0.41664407,0.13892712,0.71358776,-2.8671327,0.614159,3.3764348,0.3615913,0.019296762,0.020865312,-0.8580955,-2.1743674,0.9939007,-0.42815176,-0.20020491,-1.9062052,0.71044976,0.010538639,0.0717674,5.5879354e-09,2.3283064e-10,-3.7252903e-09,1.0,-1.489095e-10,-8.781334e-10,-8.472538e-11,0.0,0.0,0.0,0.0,0.0,0.0,0.6087815,0.1861489,0.110061504,0.99998707,-0.0029811452,0.0041173035,0.00016598919,0.0004418368,0.0002878394,-0.00027837008,-0.0021881752,0.00441397,0.00014195948,0.39882097,0.061332896,0.096299455,0.999194,0.012993273,0.021577531,0.031255588,-0.023026554,-0.008659672,0.42880493,-5.0038104,-0.36796546,-1.5315546
0.0,0.0,0.2,0.0,0.0,0.0,-1.0,0.6087815,0.1861489,0.11006151,0.39882097,0.061332896,0.096299455,0.40007657,0.060717,0.10481858,0.020713061,-0.98294854,-0.036229357,-0.1790821,-0.41664407,0.13892712,0.71358776,-2.8671327,0.614159,3.3764348,0.3615913,0.019296762,0.020865312,-0.8580955,-2.1743674,0.9939007,-0.42815176,-0.20020491,-1.9062052,0.71044976,0.010538639,0.0717674,0.0,0.0,0.1,0.0,0.0,0.0,0.0,0.0,-0.47837088,0.0664298,0.7756123,-2.8815715,0.58654773,3.308953,0.40243492,0.019340148,0.020801215,-2.1750016,-2.173461,2.157704,-0.42931277,-1.0393473,-1.9403092,1.3281249,0.008836079,0.07059049,5.5879354e-09,2.3283064e-10,-3.7252903e-09,1.0,-1.489095e-10,-8.781334e-10,-8.472538e-11,0.0,0.0,0.0,0.0,0.0,0.0,0.6087811,0.18615612,0.11006237,0.99998695,-0.0030103838,0.0041161277,0.00016748365,0.0013889973,-0.0020003994,-0.0009989977,0.017167961,0.0112464875,-0.0024138752,0.39696684,0.06196539,0.108273804,0.99908775,0.012776803,0.025753,0.031577416,-0.02837478,3.289897e-05,0.40867612,-5.0498557,-0.32882404,-1.4707916
0.0,0.0,0.2,0.0,0.0,0.0,-1.0,0.6087811,0.18615612,0.110062376,0.39696684,0.06196539,0.108273804,0.39829868,0.06147057,0.116814,0.020804405,-0.9836588,-0.036571488,-0.17505705,-0.47837088,0.0664298,0.7756123,-2.8815715,0.58654773,3.308953,0.40243492,0.019340148,0.020801215,-2.1750016,-2.173461,2.157704,-0.42931277,-1.0393473,-1.9403092,1.3281249,0.008836079,0.07059049,0.0,0.0,0.1,0.0,0.0,0.0,0.0,0.0,-0.5465066,0.00023900978,0.8488259,-2.886724,0.59003353,3.2446654,0.41582593,0.019216148,0.020889536,-1.8209965,-1.6552782,2.1750016,0.22448933,1.9306263,-1.7818826,-1.0854647,0.023788646,0.057815097,5.5879354e-09,2.3283064e-10,-3.7252903e-09,1.0,-1.489095e-10,-8.781334e-10,-8.472538e-11,0.0,0.0,0.0,0.0,0.0,0.0,0.6087853,0.18614423,0.11005838,0.99998707,-0.0029619997,0.004132638,0.00016529068,0.00025153847,-0.0005464781,-0.00018441104,0.005196645,0.0018115622,-0.0007055464,0.3957072,0.060112372,0.11824881,0.9990435,0.0066376305,0.03063542,0.030484378,0.04826498,-0.16437344,0.31371358,-5.3865175,-0.26568103,-1.8188232
0.0,0.0,0.2,0.0,0.0,0.0,-1.0,0.6087853,0.18614423,0.11005838,0.3957072,0.060112372,0.11824882,0.39744127,0.060359318,0.12724227,0.016372234,-0.9844749,-0.036658272,-0.17087272,-0.5465066,0.00023900978,0.8488259,-2.886724,0.59003353,3.2446654,0.41582593,0.019216148,0.020889536,-1.8209965,-1.6552782,2.1750016,0.22448933,1.9306263,-1.7818826,-1.0854647,0.023788646,0.057815097,0.0,0.0,0.1,0.0,0.0,0.0,0.0,0.0,-0.51521677,-0.059367456,0.84218127,-2.8629997,0.67610395,3.167902,0.32860613,0.019531537,0.02059286,2.0981646,-2.070336,-1.304,0.60537505,2.4587257,-2.2835748,-2.60198,0.028568853,0.06339821,5.5879354e-09,2.3283064e-10,-3.7252903e-09,1.0,-1.489095e-10,-8.781334e-10,-8.472538e-11,0.0,0.0,0.0,0.0,0.0,0.0,0.6087815,0.18614894,0.110061556,0.99998707,-0.0029817142,0.0041172598,0.0001662084,0.00044262616,0.00028810976,-0.00028013586,-0.0021908775,0.0044217,0.0001413213,0.40148917,0.06606345,0.13248527,0.9983021,0.005576743,0.02997803,0.049627956,0.17215614,0.15766881,0.52835155,-5.533158,-0.91526866,0.1141516
0.0,0.0,0.2,0.0,0.0,0.0,-1.0,0.6087815,0.18614894,0.110061556,0.40148917,0.06606345,0.13248527,0.40302128,0.065483555,0.14111441,0.01654382,-0.9837089,-0.055000067,-0.1703474,-0.51521677,-0.059367456,0.84218127,-2.8629997,0.67610395,3.167902,0.32860613,0.019531537,0.02059286,2.0981646,-2.070336,-1.304,0.60537505,2.4587257,-2.2835748,-2.60198,0.028568853,0.06339821,0.0,0.0,0.1,0.0,0.0,0.0,0.0,0.0,-0.46580297,-0.13190413,0.8124107,-2.8534305,0.7415735,3.0898314,0.28388885,0.019521784,0.020618303,1.0086457,-2.1737034,-0.60983324,0.09037682,1.2774626,-2.2076676,-0.6124881,-0.012484033,0.08544541,5.5879354e-09,2.3283064e-10,-3.7252903e-09,1.0,-1.489095e-10,-8.781334e-10,-8.472538e-11,0.0,0.0,0.0,0.0,0.0,0.0,0.6087811,0.18615611,0.110062405,0.9999869,-0.0030101424,0.004116265,0.00016755248,0.0013899901,-0.0019967544,-0.0010009799,0.017128719,0.011249562,-0.0024145371,0.40292746,0.07171014,0.14836197,0.99793154,0.008743302,0.02875071,0.056828957,0.0044278796,0.16364044,0.4932332,-4.5396624,-0.80002594,-1.1468546
0.0,0.0,0.2,0.0,0.0,0.0,-1.0,0.6087811,0.18615611,0.110062405,0.40292746,0.07171014,0.14836197,0.404184,0.070553705,0.15638825,-0.01990953,0.98317766,0.061690897,0.17076159,-0.46580297,-0.13190413,0.8124107,-2.8534305,0.7415735,3.0898314,0.28388885,0.019521784,0.020618303,1.0086457,-2.1737034,-0.60983324,0.09037682,1.2774626,-2.2076676,-0.6124881,-0.012484033,0.08544541,0.0,0.0,0.1,0.0,0.0,0.0,0.0,0.0,-0.44490835,-0.20424327,0.7972202,-2.8519652,0.7600732,3.0132058,0.28115562,0.019411556,0.020716049,0.4448457,-2.1641927,-0.38916627,0.011627445,0.32390323,-2.1647184,0.045058675,0.0024468643,0.073168606,5.5879354e-09,2.3283064e-10,-3.7252903e-09,1.0,-1.489095e-10,-8.781334e-10,-8.472538e-11,0.0,0.0,0.0,0.0,0.0,0.0,0.6087853,0.18614423,0.11005832,0.99998707,-0.0029620428,0.004132388,0.00016535785,0.00025023683,-0.0005685315,-0.00018990331,0.0054028495,0.0018296172,-0.0006924339,0.4018744,0.07421077,0.1620296,0.99772006,0.009287086,0.0312532,0.05908861,0.000519773,0.0580226,0.4833412,-4.7835984,-0.6794929,-1.3253691
0.0,0.0,0.2,0.0,0.0,0.0,-1.0,0.6087853,0.18614423,0.11005832,0.4018744,0.07421077,0.1620296,0.4032315,0.07353705,0.17029232,-0.022146761,0.9832867,0.06409863,0.16896245,-0.44490835,-0.20424327,0.7972202,-2.8519652,0.7600732,3.0132058,0.28115562,0.019411556,0.020716049,0.4448457,-2.1641927,-0.38916627,0.011627445,0.32390323,-2.1647184,0.045058675,0.0024468643,0.073168606,0.0,0.0,0.1,0.0,0.0,0.0,0.0,0.0,-0.43388024,-0.27589065,0.7837775,-2.850656,0.7630031,2.938424,0.28816018,0.019400122,0.020723116,0.2551028,-2.083388,-0.37928715,0.056126084,-0.0077442555,-2.1049705,0.23360462,0.008233085,0.068007596,5.5879354e-09,2.3283064e-10,-3.7252903e-09,1.0,-1.489095e-10,-8.781334e-10,-8.472538e-11,0.0,0.0,0.0,0.0,0.0,0.0,0.60878295,0.1861492,0.110060826,0.99998707,-0.0029836239,0.0041234037,0.00016585951,0.00045062887,7.6195516e-05,-0.00021799565,0.0001305095,0.0043783044,0.00012176026,0.40102136,0.07539685,0.17641944,0.9976103,0.009621029,0.032552082,0.060177926,0.009802322,0.021700107,0.49047494,-4.8419204,-0.7946709,-1.3738513
0.0,0.0,0.2,0.0,0.0,0.0,-1.0,0.60878295,0.1861492,0.110060826,0.40102136,0.07539685,0.17641944,0.40244043,0.074845836,0.18473837,-0.023042485,0.98338884,0.06518841,0.16782713,-0.43388024,-0.27589065,0.7837775,-2.850656,0.7630031,2.938424,0.28816018,0.019400122,0.020723116,0.2551028,-2.083388,-0.37928715,0.056126084,-0.0077442555,-2.1049705,0.23360462,0.008233085,0.068007596,0.0,0.0,0.1,0.0,0.0,0.0,0.0,0.0,-0.427106,-0.34582794,0.7695589,-2.8476117,0.75807804,2.8659086,0.2986332,0.019426394,0.020698236,0.17072326,-1.9639157,-0.40861133,0.12798527,-0.19598058,-2.0357616,0.30522552,0.0073521947,0.06922052,5.5879354e-09,2.3283064e-10,-3.7252903e-09,1.0,-1.489095e-10,-8.781334e-10,-8.472538e-11,0.0,0.0,0.0,0.0,0.0,0.0,0.6087821,0.18615581,0.110062,0.999987,-0.0030094942,0.004120136,0.00016716485,0.0007943783,-0.0023343575,-0.0006937111,0.020549592,0.0060049575,-0.0021821617,0.40057313,0.075860746,0.19168861,0.99758095,0.009412449,0.03261581,0.06066057,0.013987991,0.016236588,0.4974275,-4.889576,-0.8455467,-1.419921
0.0,0.0,0.2,0.0,0.0,0.0,-1.0,0.6087821,0.18615581,0.110062,0.40057313,0.075860746,0.19168861,0.40201795,0.07538099,0.20002574,-0.023056507,0.9833595,0.06574193,0.16778117,-0.427106,-0.34582794,0.7695589,-2.8476117,0.75807804,2.8659086,0.2986332,0.019426394,0.020698236,0.17072326,-1.9639157,-0.40861133,0.12798527,-0.19598058,-2.0357616,0.30522552,0.0073521947,0.06922052,0.0,0.0,0.1,0.0,0.0,0.0,0.0,0.0,-0.42256907,-0.4110211,0.7542263,-2.8421266,0.74809104,2.796028,0.3104007,0.019440457,0.02068455,0.11415988,-1.8175371,-0.44208187,0.1984679,-0.31970143,-1.960964,0.33053482,0.0072929333,0.06933937,5.5879354e-09,2.3283064e-10,-3.7252903e-09,1.0,-1.489095e-10,-8.781334e-10,-8.472538e-11,0.0,0.0,0.0,0.0,0.0,0.0,0.6087852,0.18614455,0.11005845,0.99998707,-0.0029628442,0.0041326648,0.00016525437,0.00028573233,-0.0005358373,-0.00013822885,0.00489902,0.0020545705,-0.0008358778,0.4002198,0.07623268,0.20710456,0.9975623,0.009123473,0.032502603,0.061071254,0.013238003,0.012393246,0.49779093,-4.8986926,-0.86694616,-1.4258175
0.0,0.0,0.2,0.0,0.0,0.0,-1.0,0.6087852,0.18614455,0.11005846,0.4002198,0.07623268,0.20710456,0.40167058,0.07579692,0.2154474,-0.022914022,0.9833112,0.06621742,0.16789673,-0.42256907,-0.4110211,0.7542263,-2.8421266,0.74809104,2.796028,0.3104007,0.019440457,0.02068455,0.11415988,-1.8175371,-0.44208187,0.1984679,-0.31970143,-1.960964,0.33053482,0.0072929333,0.06933937,0.0,0.0,0.1,0.0,0.0,0.0,0.0,0.0,-0.41972426,-0.4708776,0.7378643,-2.834149,0.7347325,2.7289903,0.32243258,0.019445198,0.020681899,0.068192676,-1.662979,-0.4714519,0.27073672,-0.40335813,-1.8815509,0.33277082,0.007361691,0.069371544,5.5879354e-09,2.3283064e-10,-3.7252903e-09,1.0,-1.489095e-10,-8.781334e-10,-8.472538e-11,0.0,0.0,0.0,0.0,0.0,0.0,0.60878295,0.18614917,0.11006083,0.9999871,-0.0029832392,0.0041234493,0.00016578315,0.00044918174,7.680955e-05,-0.00021864199,0.00012534003,0.0043642838,0.00012255601,0.39986083,0.07654543,0.22251327,0.9975468,0.008809993,0.032405075,0.061422482,0.012326445,0.009138126,0.49734184,-4.901256,-0.87845427,-1.4319204
0.0,0.0,0.2,0.0,0.0,0.0,-1.0,0.60878295,0.18614917,0.11006084,0.39986083,0.07654543,0.22251327,0.4013119,0.07613714,0.23085853,-0.022710115,0.98327136,0.066631794,0.16799366,-0.41972426,-0.4708776,0.7378643,-2.834149,0.7347325,2.7289903,0.32243258,0.019445198,0.020681899,0.068192676,-1.662979,-0.4714519,0.27073672,-0.40335813,-1.8815509,0.33277082,0.007361691,0.069371544,0.0,0.0,0.1,0.0,0.0,0.0,0.0,0.0,-0.41832772,-0.5252706,0.72070056,-2.8236516,0.71911424,2.6648815,0.3342042,0.019442834,0.020688633,0.028210897,-1.5070863,-0.49354047,0.3431051,-0.45914882,-1.8005779,0.32294893,0.007420997,0.06937706,5.5879354e-09,2.3283064e-10,-3.7252903e-09,1.0,-1.489095e-10,-8.781334e-10,-8.472538e-11,0.0,0.0,0.0,0.0,0.0,0.0,0.60878116,0.18615605,0.110062405,0.999987,-0.0030098495,0.0041163405,0.00016755213,0.001393372,-0.0020113352,-0.0009992337,0.01727304,0.011296282,-0.002420349,0.39949083,0.07680395,0.23789656,0.9975339,0.008487374,0.032338213,0.061709993,0.0116161555,0.0064122346,0.49684972,-4.899764,-0.886247,-1.4370953
0.0,0.0,0.2,0.0,0.0,0.0,-1.0,0.60878116,0.18615605,0.110062405,0.39949083,0.07680395,0.23789656,0.40094066,0.076411225,0.24624264,-0.022473603,0.9832419,0.06698209,0.16805825,-0.41832772,-0.5252706,0.72070056,-2.8236516,0.71911424,2.6648815,0.3342042,0.019442834,0.020688633,0.028210897,-1.5070863,-0.49354047,0.3431051,-0.45914882,-1.8005779,0.32294893,0.007420997,0.06937706,0.0,0.0,0.1,0.0,0.0,0.0,0.0,0.0,-0.41821718,-0.57423747,0.7030061,-2.8106596,0.7020333,2.6036885,0.34544945,0.019434216,0.02070381,-0.0073555363,-1.3535244,-0.507769,0.414067,-0.4944495,-1.7205275,0.30704468,0.007488355,0.06934838,5.5879354e-09,2.3283064e-10,-3.7252903e-09,1.0,-1.489095e-10,-8.781334e-10,-8.472538e-11,0.0,0.0,0.0,0.0,0.0,0.0,0.6087853,0.18614423,0.11005832,0.99998707,-0.0029620982,0.0041326573,0.00016528471,0.00024998237,-0.0005828076,-0.00019208455,0.005526784,0.0018505162,-0.00068478816,0.3991143,0.077016905,0.2532511,0.9975235,0.008167416,0.032301843,0.061940327,0.011071476,0.0040619927,0.49633375,-4.895677,-0.8910297,-1.4411945
0.0,0.0,0.2,0.0,0.0,0.0,-1.0,0.6087853,0.18614423,0.11005832,0.3991143,0.077016905,0.2532511,0.40056244,0.076630116,0.26159784,-0.022221506,0.9832222,0.06727341,0.16809073,-0.41821718,-0.57423747,0.7030061,-2.8106596,0.7020333,2.6036885,0.34544945,0.019434216,0.02070381,-0.0073555363,-1.3535244,-0.507769,0.414067,-0.4944495,-1.7205275,0.30704468,0.007488355,0.06934838,0.0,0.0,0.1,0.0,0.0,0.0,0.0,0.0,-0.41925168,-0.61791533,0.6850403,-2.795241,0.68408436,2.5453308,0.3560483,0.019420074,0.02072631,-0.03890558,-1.2047104,-0.5147684,0.48263127,-0.5143399,-1.6431012,0.28855658,0.007542232,0.06931091,5.5879354e-09,2.3283064e-10,-3.7252903e-09,1.0,-1.489095e-10,-8.781334e-10,-8.472538e-11,0.0,0.0,0.0,0.0,0.0,0.0,0.60878295,0.18614918,0.110060856,0.99998707,-0.0029834653,0.0041232686,0.00016586891,0.00045072558,7.534621e-05,-0.00022184853,0.00015209836,0.004380586,0.00012618853,0.39873624,0.07719115,0.26857674,0.99751514,0.007857663,0.0322953,0.06211934,0.01065528,0.0020120544,0.49578497,-4.8898134,-0.89356697,-1.444318
0.0,0.0,0.2,0.0,0.0,0.0,-1.0,0.60878295,0.18614918,0.110060856,0.39873624,0.07719115,0.26857674,0.40018278,0.076802425,0.2769244,-0.021965832,0.98321104,0.067510635,0.16809446,-0.41925168,-0.61791533,0.6850403,-2.795241,0.68408436,2.5453308,0.3560483,0.019420074,0.02072631,-0.03890558,-1.2047104,-0.5147684,0.48263127,-0.5143399,-1.6431012,0.28855658,0.007542232,0.06931091,0.0,0.0,0.1,0.0,0.0,0.0,0.0,0.0,-0.42129305,-0.65650773,0.66702867,-2.7774885,0.6657142,2.4896812,0.3659683,0.019401247,0.020754922,-0.06648368,-1.0622212,-0.51555854,0.5482017,-0.52262235,-1.5693642,0.2695919,0.0076124375,0.06924013,5.5879354e-09,2.3283064e-10,-3.7252903e-09,1.0,-1.489095e-10,-8.781334e-10,-8.472538e-11,0.0,0.0,0.0,0.0,0.0,0.0,0.6087821,0.18615581,0.11006201,0.99998707,-0.0030092788,0.0041202223,0.00016712835,0.00079687027,-0.002340288,-0.00069439004,0.020606995,0.006029301,-0.0021857268,0.3983603,0.07733363,0.28387365,0.9975082,0.007565347,0.03231721,0.062253878,0.010337938,0.00017731916,0.4951949,-4.882857,-0.8934654,-1.4467236
0.0,0.0,0.0,0.0,0.0,0.0,-1.0,0.6087821,0.18615581,0.11006202,0.3983603,0.07733363,0.28387365,0.3998055,0.07693577,0.2922216,-0.021714821,0.9832079,0.067699715,0.16806968,-0.42129305,-0.65650773,0.66702867,-2.7774885,0.6657142,2.4896812,0.3659683,0.019401247,0.020754922,-0.06648368,-1.0622212,-0.51555854,0.5482017,-0.52262235,-1.5693642,0.2695919,0.0076124375,0.06924013,0.0,0.0,0.0,0.0,0.0,0.0,0.0,0.0,-0.41967264,-0.666843,0.66406095,-2.7702098,0.664395,2.4904315,0.36601627,0.019397847,0.020765413,0.060281806,-0.090407126,-0.0046477607,0.04799007,-0.0025856227,-0.05204672,0.0012676244,0.0078147175,0.068370305,5.5879354e-09,2.3283064e-10,-3.7252903e-09,1.0,-1.489095e-10,-8.781334e-10,-8.472538e-11,0.0,0.0,0.0,0.0,0.0,0.0,0.6087852,0.18614453,0.110058464,0.99998707,-0.00296289,0.004132604,0.00016520097,0.00028555308,-0.0005358743,-0.00013699065,0.0048976894,0.0020501453,-0.0008380834,0.40141582,0.07855016,0.29120806,0.9976765,0.0055927676,0.0235503,0.06368436,0.024942622,0.029466853,0.08874055,-4.8758297,-1.1678872,-1.3611106
0.0,0.0,0.0,0.0,0.0,0.0,-1.0,0.6087852,0.18614453,0.11005847,0.40141582,0.07855016,0.29120806,0.4025946,0.07813423,0.29959145,-0.019917578,0.9816489,0.069418564,0.17649311,-0.41967264,-0.666843,0.66406095,-2.7702098,0.664395,2.4904315,0.36601627,0.019397847,0.020765413,0.060281806,-0.090407126,-0.0046477607,0.04799007,-0.0025856227,-0.05204672,0.0012676244,0.0078147175,0.068370305,0.0,0.0,0.0,0.0,0.0,0.0,0.0,0.0,-0.41878662,-0.6677837,0.6644438,-2.7696376,0.66439384,2.4904037,0.3660223,0.019353634,0.020807002,0.009483146,-0.007648632,0.0042117615,0.0025583897,-0.0016359845,-0.061227154,0.0011317346,0.008979296,0.06901905,5.5879354e-09,2.3283064e-10,-3.7252903e-09,1.0,-1.489095e-10,-8.781334e-10,-8.472538e-11,0.0,0.0,0.0,0.0,0.0,0.0,0.6087815,0.18614891,0.11006152,0.999987,-0.002981257,0.0041172337,0.00016604754,0.00044248704,0.00028826552,-0.00027976822,-0.0021915922,0.0044209105,0.00014193423,0.40153956,0.07916802,0.29171264,0.99764216,0.005335062,0.02303642,0.064427584,0.009198897,0.0008747331,0.042336427,-4.8514733,-0.69911003,-1.5353268
0.0,0.0,0.0,0.0,0.0,0.0,-1.0,0.6087815,0.18614891,0.11006153,0.40153956,0.07916802,0.29171264,0.40269655,0.07872862,0.3001147,-0.01974161,0.9814938,0.07016665,0.17707902,-0.41878662,-0.6677837,0.6644438,-2.7696376,0.66439384,2.4904037,0.3660223,0.019353634,0.020807002,0.009483146,-0.007648632,0.0042117615,0.0025583897,-0.0016359845,-0.061227154,0.0011317346,0.008979296,0.06901905,0.0,0.0,0.0,0.0,0.0,0.0,0.0,0.0,-0.41860855,-0.6676429,0.6646874,-2.7699153,0.66456985,2.4903011,0.36603388,0.019348763,0.020812297,-0.0008722844,0.003800728,0.0016436451,-0.0040455675,-0.0015393177,-0.061757468,0.00067637843,0.009396073,0.06870749,5.5879354e-09,2.3283064e-10,-3.7252903e-09,1.0,-1.489095e-10,-8.781334e-10,-8.472538e-11,0.0,0.0,0.0,0.0,0.0,0.0,0.6087811,0.1861561,0.11006235,0.9999869,-0.0030100553,0.0041160886,0.00016759102,0.0013888872,-0.0019969933,-0.0009996739,0.017133877,0.011242607,-0.0024128638,0.40140104,0.079265535,0.29148647,0.9976307,0.0053823995,0.023304569,0.06450424,0.008119467,-0.00574707,0.036401436,-4.836964,-0.6844036,-1.5597031
0.0,0.0,0.0,0.0,0.0,0.0,-1.0,0.6087811,0.1861561,0.11006236,0.40140104,0.079265535,0.29148647,0.4025628,0.0788256,0.29988846,-0.01980415,0.9815334,0.070239976,0.17682348,-0.41860855,-0.6676429,0.6646874,-2.7699153,0.66456985,2.4903011,0.36603388,0.019348763,0.020812297,-0.0008722844,0.003800728,0.0016436451,-0.0040455675,-0.0015393177,-0.061757468,0.00067637843,0.009396073,0.06870749,0.0,0.0,0.0,0.0,0.0,0.0,0.0,0.0,-0.41858053,-0.6673448,0.6648667,-2.7703145,0.66476476,2.4901927,0.36604765,0.019350756,0.020810524,-0.002695969,0.005550292,0.000975,-0.0050859493,-0.0015249874,-0.061791386,0.0005974969,0.009413011,0.06868955,5.5879354e-09,2.3283064e-10,-3.7252903e-09,1.0,-1.489095e-10,-8.781334e-10,-8.472538e-11,0.0,0.0,0.0,0.0,0.0,0.0,0.6087853,0.18614422,0.1100584,0.9999871,-0.0029618004,0.004132829,0.00016522774,0.00025194202,-0.00053851283,-0.00017852042,0.005109451,0.0018019185,-0.0007158019,0.401235,0.079256594,0.29116046,0.99762416,0.005488857,0.02368161,0.064458534,0.007984263,-0.006906634,0.035504796,-4.8353305,-0.68097794,-1.5611914
0.0,0.0,0.0,0.0,0.0,0.0,-1.0,0.6087853,0.18614422,0.1100584,0.401235,0.079256594,0.29116046,0.40240255,0.07881787,0.29956123,-0.019903183,0.98160225,0.07017493,0.17645481,-0.41858053,-0.6673448,0.6648667,-2.7703145,0.66476476,2.4901927,0.36604765,0.019350756,0.020810524,-0.002695969,0.005550292,0.000975,-0.0050859493,-0.0015249874,-0.061791386,0.0005974969,0.009413011,0.06868955,0.0,0.0,0.0,0.0,0.0,0.0,0.0,0.0,-0.41857922,-0.667022,0.6650328,-2.770733,0.66496205,2.490084,0.3660619,0.019352624,0.020808708,-0.003001366,0.0058300775,0.0008482591,-0.0052503487,-0.001517717,-0.061784867,0.00057953544,0.009382027,0.06871699,5.5879354e-09,2.3283064e-10,-3.7252903e-09,1.0,-1.489095e-10,-8.781334e-10,-8.472538e-11,0.0,0.0,0.0,0.0,0.0,0.0,0.6087815,0.1861489,0.11006151,0.99998707,-0.0029813186,0.00411747,0.0001661369,0.00044261952,0.0002880813,-0.00027929814,-0.0021914656,0.004421927,0.00014106302,0.40106446,0.07922997,0.29081893,0.99761856,0.005605662,0.024075408,0.06439024,0.007974754,-0.0070773084,0.0353594,-4.836122,-0.67963064,-1.5583616
0.0,0.2,0.0,0.0,0.0,0.0,-1.0,0.6087815,0.1861489,0.11006151,0.40106446,0.07922997,0.29081893,0.40223858,0.078791566,0.29921862,-0.02000764,0.98167586,0.070085466,0.17606932,-0.41857922,-0.667022,0.6650328,-2.770733,0.66496205,2.490084,0.3660619,0.019352624,0.020808708,-0.003001366,0.0058300775,0.0008482591,-0.0052503487,-0.001517717,-0.061784867,0.00057953544,0.009382027,0.06871699,0.0,0.1,0.0,0.0,0.0,0.0,0.0,0.0,-0.41760275,-0.66516495,0.6884374,-2.764703,0.66964066,2.491393,0.40271002,0.019694008,0.020480346,0.2121651,0.03647868,0.83516544,0.23212132,0.13610964,-0.03628444,1.0057402,0.0044615148,0.07260678,5.5879354e-09,2.3283064e-10,-3.7252903e-09,1.0,-1.489095e-10,-8.781334e-10,-8.472538e-11,0.0,0.0,0.0,0.0,0.0,0.0,0.6087811,0.18615614,0.110062376,0.9999869,-0.0030106031,0.0041159806,0.00016757777,0.0013935869,-0.0020029014,-0.0010019318,0.017184954,0.011288296,-0.0024200382,0.40131402,0.08792201,0.28976545,0.99804795,0.008055052,0.02511638,0.056608878,0.0018213335,0.3967031,0.015635135,-4.761715,-0.5558231,-1.6998646
0.0,0.2,0.0,0.0,0.0,0.0,-1.0,0.6087811,0.18615614,0.110062376,0.40131402,0.08792201,0.28976545,0.40246683,0.08779472,0.29817796,-0.020909026,0.98236865,0.062086582,0.17509975,-0.41760275,-0.66516495,0.6884374,-2.764703,0.66964066,2.491393,0.40271002,0.019694008,0.020480346,0.2121651,0.03647868,0.83516544,0.23212132,0.13610964,-0.03628444,1.0057402,0.0044615148,0.07260678,0.0,0.1,0.0,0.0,0.0,0.0,0.0,0.0,-0.4104092,-0.66369617,0.71904,-2.755361,0.6740583,2.4921994,0.4392427,0.019567152,0.020587685,0.23480132,0.036181424,0.89051265,0.2983302,0.11160654,-0.037633456,1.008215,0.002711366,0.07566764,5.5879354e-09,2.3283064e-10,-3.7252903e-09,1.0,-1.489095e-10,-8.781334e-10,-8.472538e-11,0.0,0.0,0.0,0.0,0.0,0.0,0.6087853,0.18614425,0.11005831,0.999987,-0.002961994,0.004132407,0.00016537287,0.00025127942,-0.00058398943,-0.00019083955,0.005532462,0.0018605955,-0.00068875833,0.40088403,0.10269794,0.28904217,0.9980694,0.0085315425,0.025949938,0.05577835,-0.003307851,0.443095,0.030852593,-4.87926,-0.64678556,-1.481454
0.0,0.2,0.0,0.0,0.0,0.0,-1.0,0.6087853,0.18614425,0.11005831,0.40088403,0.10269794,0.28904217,0.40213034,0.102390535,0.2974692,-0.021157056,0.9825549,0.06110944,0.1743669,-0.4104092,-0.66369617,0.71904,-2.755361,0.6740583,2.4921994,0.4392427,0.019567152,0.020587685,0.23480132,0.036181424,0.89051265,0.2983302,0.11160654,-0.037633456,1.008215,0.002711366,0.07566764,0.0,0.1,0.0,0.0,0.0,0.0,0.0,0.0,-0.40400898,-0.6614247,0.7507607,-2.7439039,0.6773601,2.4930406,0.47578254,0.019475734,0.020672916,0.19212073,0.06902862,0.90894157,0.35165325,0.081393,-0.035111837,1.0080472,0.0041032694,0.07448311,5.5879354e-09,2.3283064e-10,-3.7252903e-09,1.0,-1.489095e-10,-8.781334e-10,-8.472538e-11,0.0,0.0,0.0,0.0,0.0,0.0,0.60878295,0.18614917,0.11006084,0.999987,-0.0029833887,0.004123547,0.00016580973,0.0004502135,7.598678e-05,-0.0002188087,0.00013449458,0.0043742843,0.00012250547,0.4005055,0.11809777,0.28862533,0.9980598,0.008655509,0.026357727,0.05573928,-0.00385354,0.44876233,0.034284823,-4.898052,-0.6797231,-1.4453573
0.0,0.2,0.0,0.0,0.0,0.0,-1.0,0.60878295,0.18614917,0.11006084,0.4005055,0.11809777,0.28862533,0.40178016,0.11768903,0.29705313,-0.021259844,0.9826283,0.06103888,0.17396516,-0.40400898,-0.6614247,0.7507607,-2.7439039,0.6773601,2.4930406,0.47578254,0.019475734,0.020672916,0.19212073,0.06902862,0.90894157,0.35165325,0.081393,-0.035111837,1.0080472,0.0041032694,0.07448311,0.0,0.1,0.0,0.0,0.0,0.0,0.0,0.0,-0.39944467,-0.65791667,0.78308076,-2.7306614,0.6794564,2.4939182,0.5123124,0.019429263,0.020715473,0.13648733,0.10526169,0.92373514,0.40032026,0.048991296,-0.033575375,1.0066671,0.0048816516,0.07377713,5.5879354e-09,2.3283064e-10,-3.7252903e-09,1.0,-1.489095e-10,-8.781334e-10,-8.472538e-11,0.0,0.0,0.0,0.0,0.0,0.0,0.6087811,0.18615606,0.11006239,0.99998695,-0.0030098637,0.0041161953,0.00016762965,0.0013897021,-0.0019979768,-0.0009973431,0.01715077,0.01126521,-0.0024096323,0.40014035,0.13355789,0.28827053,0.998045,0.00872755,0.02669668,0.05583201,-0.0043344134,0.4491484,0.034871027,-4.902783,-0.6863659,-1.4381101
0.0,0.2,0.0,0.0,0.0,0.0,-1.0,0.6087811,0.18615606,0.11006239,0.40014035,0.13355789,0.28827053,0.40142855,0.13309968,0.2966978,-0.021342188,0.9826809,0.06111303,0.17363155,-0.39944467,-0.65791667,0.78308076,-2.7306614,0.6794564,2.4939182,0.5123124,0.019429263,0.020715473,0.13648733,0.10526169,0.92373514,0.40032026,0.048991296,-0.033575375,1.0066671,0.0048816516,0.07377713,0.0,0.1,0.0,0.0,0.0,0.0,0.0,0.0,-0.3969735,-0.65319884,0.8159644,-2.715749,0.6803002,2.4947948,0.5488064,0.019408936,0.020732569,0.076122895,0.13898784,0.9389302,0.44683367,0.015264779,-0.03313701,1.0045553,0.0051705474,0.07354852,5.5879354e-09,2.3283064e-10,-3.7252903e-09,1.0,-1.489095e-10,-8.781334e-10,-8.472538e-11,0.0,0.0,0.0,0.0,0.0,0.0,0.6087853,0.18614422,0.11005839,0.9999871,-0.0029618486,0.0041326457,0.00016535641,0.00025151492,-0.0005727771,-0.00019014021,0.005439382,0.0018442951,-0.0006934903,0.39977542,0.14900939,0.28792438,0.99802893,0.008794,0.027029725,0.055949137,-0.004822461,0.44894975,0.034976624,-4.9051514,-0.6883272,-1.4354708
0.0,0.2,0.0,0.0,0.0,0.0,-1.0,0.6087853,0.18614422,0.1100584,0.39977542,0.14900939,0.28792438,0.40107253,0.14852889,0.29635125,-0.021425262,0.9827306,0.061212435,0.1733047,-0.3969735,-0.65319884,0.8159644,-2.715749,0.6803002,2.4947948,0.5488064,0.019408936,0.020732569,0.076122895,0.13898784,0.9389302,0.44683367,0.015264779,-0.03313701,1.0045553,0.0051705474,0.07354852,0.0,0.1,0.0,0.0,0.0,0.0,0.0,0.0,-0.39672348,-0.64738977,0.84944814,-2.6992323,0.67985743,2.4956238,0.58524215,0.019401891,0.020736964,0.012690746,0.16896792,0.95539594,0.491637,-0.019316033,-0.03394062,1.0018903,0.0051993895,0.07358654,5.5879354e-09,2.3283064e-10,-3.7252903e-09,1.0,-1.489095e-10,-8.781334e-10,-8.472538e-11,0.0,0.0,0.0,0.0,0.0,0.0,0.60878295,0.18614914,0.110060856,0.99998707,-0.0029832,0.004123245,0.0001658733,0.00045004484,7.537624e-05,-0.00021935817,0.00014247345,0.004373055,0.00012283091,0.39940834,0.1644494,0.28757876,0.9980123,0.008863439,0.027366918,0.056070883,-0.005295652,0.4487425,0.035054415,-4.9070296,-0.6897941,-1.4333147
0.0,0.2,0.0,0.0,0.0,0.0,-1.0,0.60878295,0.18614914,0.110060856,0.39940834,0.1644494,0.28757876,0.40071213,0.16396047,0.29600406,-0.021512419,0.9827806,0.061317712,0.17297253,-0.39672348,-0.64738977,0.84944814,-2.6992323,0.67985743,2.4956238,0.58524215,0.019401891,0.020736964,0.012690746,0.16896792,0.95539594,0.491637,-0.019316033,-0.03394062,1.0018903,0.0051993895,0.07358654,0.0,0.1,0.0,0.0,0.0,0.0,0.0,0.0,-0.3987933,-0.6406296,0.88359106,-2.6811683,0.6781091,2.4963567,0.6216005,0.019401027,0.020735733,-0.053319898,0.19487673,0.97361046,0.53483117,-0.054310746,-0.036115397,0.9987477,0.005068844,0.07377983,5.5879354e-09,2.3283064e-10,-3.7252903e-09,1.0,-1.489095e-10,-8.781334e-10,-8.472538e-11,0.0,0.0,0.0,0.0,0.0,0.0,0.6087821,0.18615584,0.110062,0.999987,-0.0030096744,0.0041201245,0.00016711408,0.00079795177,-0.0023412546,-0.0006955097,0.02061315,0.006036662,-0.0021879254,0.39903834,0.17988059,0.28723228,0.9979953,0.00893684,0.02771039,0.05619306,-0.0057488745,0.44856244,0.035184134,-4.908467,-0.6910451,-1.4311994
0.0,0.0,0.0,0.0,0.0,0.0,-1.0,0.6087821,0.18615584,0.110062,0.39903834,0.17988059,0.28723228,0.4003478,0.17938986,0.29565609,-0.021604791,0.9828316,0.061422527,0.17263445,-0.3987933,-0.6406296,0.88359106,-2.6811683,0.6781091,2.4963567,0.6216005,0.019401027,0.020735733,-0.053319898,0.19487673,0.97361046,0.53483117,-0.054310746,-0.036115397,0.9987477,0.005068844,0.07377983,0.0,0.0,0.0,0.0,0.0,0.0,0.0,0.0,-0.39163402,-0.6410038,0.8905608,-2.6774828,0.67862993,2.4960792,0.6213552,0.019074105,0.021053232,0.08684023,-0.047987513,0.051621944,0.020578392,0.0089808805,-0.060937025,-0.0058179107,0.008850713,0.07122688,5.5879354e-09,2.3283064e-10,-3.7252903e-09,1.0,-1.489095e-10,-8.781334e-10,-8.472538e-11,0.0,0.0,0.0,0.0,0.0,0.0,0.6087852,0.18614458,0.110058405,0.99998707,-0.002963014,0.004132611,0.00016523199,0.0002864681,-0.00053769944,-0.00013874713,0.0049136574,0.0020638185,-0.0008365285,0.39749897,0.18640247,0.2876221,0.9975863,0.007514424,0.027092522,0.063490994,-0.005833432,0.048991654,0.053148214,-4.9942684,-0.84386975,-1.264141
0.0,0.0,0.0,0.0,0.0,0.0,-1.0,0.6087852,0.18614458,0.11005841,0.39749897,0.18640247,0.2876221,0.398789,0.18563174,0.29601365,-0.021616027,0.98225904,0.06873146,0.17313546,-0.39163402,-0.6410038,0.8905608,-2.6774828,0.67862993,2.4960792,0.6213552,0.019074105,0.021053232,0.08684023,-0.047987513,0.051621944,0.020578392,0.0089808805,-0.060937025,-0.0058179107,0.008850713,0.07122688,0.0,0.0,0.0,0.0,0.0,0.0,0.0,0.0,-0.39022562,-0.6414982,0.89165413,-2.6773193,0.6788097,2.4959579,0.6213433,0.019197632,0.020938465,0.015286279,-0.0046879067,0.011957879,0.0017680291,0.008294358,-0.058727294,-0.005572023,0.011499253,0.06735701,5.5879354e-09,2.3283064e-10,-3.7252903e-09,1.0,-1.489095e-10,-8.781334e-10,-8.472538e-11,0.0,0.0,0.0,0.0,0.0,0.0,0.60878295,0.18614914,0.110060826,0.9999871,-0.002983222,0.0041233543,0.00016580989,0.00044898363,7.628015e-05,-0.0002183719,0.00012947143,0.0043623387,0.00012196787,0.39714053,0.18718898,0.28761306,0.9975248,0.007110116,0.027017852,0.06452662,0.0064702407,0.00037233438,0.039861847,-4.8996935,-0.7014696,-1.4864242
0.2,0.0,0.0,0.0,0.0,0.0,-1.0,0.60878295,0.18614914,0.110060826,0.39714053,0.18718898,0.28761306,0.39838877,0.18658131,0.2960032,-0.02151601,0.9821676,0.069906116,0.1731962,-0.39022562,-0.6414982,0.89165413,-2.6773193,0.6788097,2.4959579,0.6213433,0.019197632,0.020938465,0.015286279,-0.0046879067,0.011957879,0.0017680291,0.008294358,-0.058727294,-0.005572023,0.011499253,0.06735701,0.1,0.0,0.0,0.0,0.0,0.0,0.0,0.0,-0.4269524,-0.602333,0.91917604,-2.644601,0.656718,2.5157387,0.62125725,0.019277714,0.020853473,-1.2317055,1.3943973,0.71847576,1.0838144,-0.64280665,0.49250066,0.011703726,0.008614013,0.07265808,5.5879354e-09,2.3283064e-10,-3.7252903e-09,1.0,-1.489095e-10,-8.781334e-10,-8.472538e-11,0.0,0.0,0.0,0.0,0.0,0.0,0.6087821,0.18615584,0.110062025,0.99998707,-0.0030095512,0.004120146,0.0001671285,0.00079671043,-0.002338896,-0.0006947691,0.020591943,0.0060260575,-0.002185729,0.40926027,0.19119656,0.28812492,0.99721175,0.0038551823,0.02462648,0.07033694,0.42572096,0.07331414,0.05332886,-4.921629,-0.88485944,-1.2484521
0.2,0.0,0.0,0.0,0.0,0.0,-1.0,0.6087821,0.18615584,0.11006203,0.40926027,0.19119656,0.28812492,0.41045654,0.19063905,0.29650187,-0.019174993,0.98136735,0.07619655,0.17534107,-0.4269524,-0.602333,0.91917604,-2.644601,0.656718,2.5157387,0.62125725,0.019277714,0.020853473,-1.2317055,1.3943973,0.71847576,1.0838144,-0.64280665,0.49250066,0.011703726,0.008614013,0.07265808,0.1,0.0,0.0,0.0,0.0,0.0,0.0,0.0,-0.47349232,-0.5540833,0.9461793,-2.6071374,0.6306409,2.5342348,0.62412155,0.019275898,0.020852543,-1.3637621,1.3782359,0.7314907,1.0521989,-0.75021577,0.4469844,0.10199255,0.010620208,0.06838503,5.5879354e-09,2.3283064e-10,-3.7252903e-09,1.0,-1.489095e-10,-8.781334e-10,-8.472538e-11,0.0,0.0,0.0,0.0,0.0,0.0,0.6087852,0.18614456,0.11005848,0.9999871,-0.0029630342,0.004132746,0.00016516929,0.00028511893,-0.00052657776,-0.00013083097,0.004806465,0.0020302292,-0.0008451339,0.4241393,0.19249208,0.28829587,0.9971051,0.0039743516,0.024199765,0.07197083,0.4417577,-0.0054685827,0.046555705,-4.816093,-0.75615597,-1.5104433
0.2,0.0,0.0,0.0,0.0,0.0,-1.0,0.6087852,0.18614456,0.11005849,0.4241393,0.19249208,0.28829587,0.425288,0.19205023,0.29664084,-0.019613653,0.9811814,0.07784143,0.17561063,-0.47349232,-0.5540833,0.9461793,-2.6071374,0.6306409,2.5342348,0.62412155,0.019275898,0.020852543,-1.3637621,1.3782359,0.7314907,1.0521989,-0.75021577,0.4469844,0.10199255,0.010620208,0.06838503,0.1,0.0,0.0,0.0,0.0,0.0,0.0,0.0,-0.52371454,-0.5061196,0.97569305,-2.5696697,0.6005007,2.5509925,0.6309131,0.019334191,0.020791998,-1.4453849,1.3686385,0.8232392,1.0636778,-0.8655759,0.3995766,0.21200939,0.010488627,0.06841721,5.5879354e-09,2.3283064e-10,-3.7252903e-09,1.0,-1.489095e-10,-8.781334e-10,-8.472538e-11,0.0,0.0,0.0,0.0,0.0,0.0,0.60878295,0.18614914,0.11006083,0.9999871,-0.0029831564,0.0041234,0.00016584039,0.00044872475,7.621036e-05,-0.00022057169,0.00013762493,0.0043605105,0.00012484496,0.4392564,0.1927173,0.28829223,0.9970753,0.0044148117,0.024141185,0.07237725,0.44477743,-0.018388039,0.046390742,-4.794972,-0.75773925,-1.5551184
0.2,0.0,0.0,0.0,0.0,0.0,-1.0,0.60878295,0.18614914,0.11006084,0.4392564,0.1927173,0.28829223,0.44039556,0.19234575,0.2966166,-0.020125225,0.9811399,0.07817021,0.17563847,-0.52371454,-0.5061196,0.97569305,-2.5696697,0.6005007,2.5509925,0.6309131,0.019334191,0.020791998,-1.4453849,1.3686385,0.8232392,1.0636778,-0.8655759,0.3995766,0.21200939,0.010488627,0.06841721,0.1,0.0,0.0,0.0,0.0,0.0,0.0,0.0,-0.5770668,-0.45844892,1.0091815,-2.5316937,0.56576604,2.5661223,0.64196825,0.019378422,0.02074484,-1.5320115,1.3615364,0.9424486,1.0798007,-0.99738675,0.35571012,0.3325269,0.00970115,0.06915344,5.5879354e-09,2.3283064e-10,-3.7252903e-09,1.0,-1.489095e-10,-8.781334e-10,-8.472538e-11,0.0,0.0,0.0,0.0,0.0,0.0,0.6087811,0.18615611,0.110062405,0.999987,-0.003010361,0.0041160807,0.0001675563,0.0013918785,-0.0020069317,-0.0009974303,0.017236019,0.011288904,-0.0024150005,0.45440277,0.1927816,0.28830585,0.9970598,0.004958876,0.02410149,0.07256853,0.44477725,-0.01984319,0.049550027,-4.787515,-0.7681019,-1.562314
0.2,0.0,0.0,0.0,0.0,0.0,-1.0,0.6087811,0.18615611,0.110062405,0.45440277,0.1927816,0.28830585,0.45553622,0.19244772,0.29660332,-0.020686239,0.9811181,0.07825959,0.1756554,-0.5770668,-0.45844892,1.0091815,-2.5316937,0.56576604,2.5661223,0.64196825,0.019378422,0.02074484,-1.5320115,1.3615364,0.9424486,1.0798007,-0.99738675,0.35571012,0.3325269,0.00970115,0.06915344,0.1,0.0,0.0,0.0,0.0,0.0,0.0,0.0,-0.6341596,-0.41078988,1.0476599,-2.4931264,0.525689,2.5797384,0.65774184,0.019407755,0.020712838,-1.6411878,1.365233,1.0896087,1.0967442,-1.151593,0.3149674,0.466851,0.008958482,0.06983635,5.5879354e-09,2.3283064e-10,-3.7252903e-09,1.0,-1.489095e-10,-8.781334e-10,-8.472538e-11,0.0,0.0,0.0,0.0,0.0,0.0,0.6087853,0.18614425,0.110058375,0.99998707,-0.0029619653,0.004132669,0.000165217,0.00024671477,-0.0005325094,-0.00018456898,0.0050804247,0.0017607756,-0.0006977808,0.46952766,0.19286817,0.28840435,0.997046,0.0055425907,0.023985965,0.07275459,0.44399294,-0.018537022,0.05427749,-4.781628,-0.7810855,-1.5614924
0.2,0.0,0.0,0.0,0.0,0.0,-1.0,0.6087853,0.18614425,0.11005838,0.46952766,0.19286817,0.28840435,0.47065577,0.19255395,0.29666728,-0.021281675,0.9810834,0.07833694,0.17574383,-0.6341596,-0.41078988,1.0476599,-2.4931264,0.525689,2.5797384,0.65774184,0.019407755,0.020712838,-1.6411878,1.365233,1.0896087,1.0967442,-1.151593,0.3149674,0.466851,0.008958482,0.06983635,0.1,0.0,0.0,0.0,0.0,0.0,0.0,0.0,-0.69613516,-0.3626443,1.0924083,-2.453951,0.479201,2.5919316,0.67890555,0.019427506,0.020691017,-1.7862808,1.3852847,1.2753959,1.1138264,-1.3384179,0.27673844,0.6217628,0.008264228,0.0704569,5.5879354e-09,2.3283064e-10,-3.7252903e-09,1.0,-1.489095e-10,-8.781334e-10,-8.472538e-11,0.0,0.0,0.0,0.0,0.0,0.0,0.60878295,0.18614917,0.11006084,0.99998707,-0.0029833324,0.0041235457,0.0001658463,0.00044914786,7.690571e-05,-0.00021965154,0.00012743894,0.0043640397,0.00012347414,0.4846113,0.19303751,0.2886338,0.99702996,0.00615207,0.023742748,0.07300463,0.4428044,-0.01604114,0.060678184,-4.7740955,-0.7975763,-1.558516
0.2,0.0,0.0,0.0,0.0,0.0,-1.0,0.60878295,0.18614917,0.11006084,0.4846113,0.19303751,0.2886338,0.48573273,0.19273287,0.29685187,-0.021911114,0.98102164,0.078474134,0.17594928,-0.69613516,-0.3626443,1.0924083,-2.453951,0.479201,2.5919316,0.67890555,0.019427506,0.020691017,-1.7862808,1.3852847,1.2753959,1.1138264,-1.3384179,0.27673844,0.6217628,0.008264228,0.0704569,0.1,0.0,0.0,0.0,0.0,0.0,0.0,0.0,-0.76478934,-0.31327263,1.1453589,-2.414158,0.42468563,2.6027577,0.70650655,0.019441903,0.020675404,-1.9878635,1.4296603,1.5216439,1.1310948,-1.575349,0.23998894,0.80920315,0.0074664783,0.071129374,5.5879354e-09,2.3283064e-10,-3.7252903e-09,1.0,-1.489095e-10,-8.781334e-10,-8.472538e-11,0.0,0.0,0.0,0.0,0.0,0.0,0.6087821,0.1861558,0.11006204,0.999987,-0.003009322,0.0041202703,0.00016710788,0.00079490634,-0.0023361593,-0.00069369713,0.020567715,0.0060105706,-0.0021830373,0.49963486,0.19333854,0.28905585,0.99700946,0.0067812074,0.023309791,0.07336762,0.441074,-0.012070016,0.06964047,-4.762967,-0.8192355,-1.5540367
0.2,0.0,0.0,0.0,0.0,0.0,-1.0,0.6087821,0.1861558,0.11006205,0.49963486,0.19333854,0.28905585,0.5007456,0.19303934,0.29721323,-0.022577792,0.98091877,0.07872376,0.17632648,-0.76478934,-0.31327263,1.1453589,-2.414158,0.42468563,2.6027577,0.70650655,0.019441903,0.020675404,-1.9878635,1.4296603,1.5216439,1.1310948,-1.575349,0.23998894,0.80920315,0.0074664783,0.071129374,0.1,0.0,0.0,0.0,0.0,0.0,0.0,0.0,-0.83822936,-0.2609114,1.208126,-2.37401,0.35941535,2.6122537,0.7423582,0.019517211,0.020602226,-2.1627483,1.5183598,1.879434,1.1497892,-1.8993051,0.20312035,1.0534049,0.0004884596,0.07733844,5.5879354e-09,2.3283064e-10,-3.7252903e-09,1.0,-1.489095e-10,-8.781334e-10,-8.472538e-11,0.0,0.0,0.0,0.0,0.0,0.0,0.6087852,0.18614453,0.1100584,0.99998707,-0.0029626451,0.0041328636,0.00016527344,0.0002862588,-0.0005383326,-0.00013991646,0.0049223714,0.0020639359,-0.0008345387,0.5138479,0.1954758,0.28975713,0.99685276,0.00772237,0.022682661,0.07556673,0.41235402,0.068038724,0.08172399,-4.748782,-0.83629817,-1.4060938
0.2,0.0,0.0,0.0,0.0,0.0,-1.0,0.6087852,0.18614453,0.1100584,0.5138479,0.1954758,0.28975713,0.5149365,0.19522808,0.29782367,-0.023878843,0.980639,0.08070353,0.17681661,-0.83822936,-0.2609114,1.208126,-2.37401,0.35941535,2.6122537,0.7423582,0.019517211,0.020602226,-2.1627483,1.5183598,1.879434,1.1497892,-1.8993051,0.20312035,1.0534049,0.0004884596,0.07733844,0.1,0.0,0.0,0.0,0.0,0.0,0.0,0.0,-0.9127648,-0.20334016,1.2807807,-2.3339238,0.27856517,2.620226,0.7896564,0.01959126,0.020533083,-2.1750014,1.6914955,2.1627815,1.1587881,-2.3881524,0.16627215,1.4033352,0.0034972536,0.074567765,5.5879354e-09,2.3283064e-10,-3.7252903e-09,1.0,-1.489095e-10,-8.781334e-10,-8.472538e-11,0.0,0.0,0.0,0.0,0.0,0.0,0.60878295,0.18614917,0.11006084,0.99998707,-0.002983511,0.0041232347,0.0001659426,0.00044973867,7.620675e-05,-0.00021949974,0.00013550719,0.0043703984,0.00012388486,0.5263647,0.20152171,0.2913744,0.99640423,0.009156354,0.02140723,0.081463784,0.36467612,0.19166619,0.12754096,-4.689192,-0.9185591,-1.1528301
0.2,0.0,0.0,0.0,0.0,0.0,-1.0,0.60878295,0.18614917,0.11006084,0.5263647,0.20152171,0.2913744,0.5274237,0.20131472,0.29929247,-0.026379004,0.9799283,0.08616762,0.17781962,-0.9127648,-0.20334016,1.2807807,-2.3339238,0.27856517,2.620226,0.7896564,0.01959126,0.020533083,-2.1750014,1.6914955,2.1627815,1.1587881,-2.3881524,0.16627215,1.4033352,0.0034972536,0.074567765,0.1,0.0,0.0,0.0,0.0,0.0,0.0,0.0,-0.98227847,-0.13695024,1.3537235,-2.294318,0.191955,2.6263895,0.8554521,0.019569246,0.02056189,-2.0903814,2.0387971,2.1717157,1.1685777,-2.5928233,0.12671006,2.000685,-0.0063498877,0.082988486,5.5879354e-09,2.3283064e-10,-3.7252903e-09,1.0,-1.489095e-10,-8.781334e-10,-8.472538e-11,0.0,0.0,0.0,0.0,0.0,0.0,0.60878116,0.18615606,0.11006238,0.99998695,-0.003009805,0.004116529,0.0001674831,0.0013940303,-0.0020120637,-0.0009991587,0.017279945,0.011304922,-0.0024208743,0.53766215,0.21030436,0.29569542,0.99621713,0.018788869,0.018985828,0.082691774,0.34912372,0.24753739,0.22568068,-4.1321855,-0.95807934,-1.5530422
0.2,0.0,0.0,0.0,0.0,0.0,-1.0,0.60878116,0.18615606,0.11006239,0.53766215,0.21030436,0.29569542,0.53868717,0.20993473,0.3034791,-0.0360094,0.9792634,0.085598946,0.18005282,-0.98227847,-0.13695024,1.3537235,-2.294318,0.191955,2.6263895,0.8554521,0.019569246,0.02056189,-2.0903814,2.0387971,2.1717157,1.1685777,-2.5928233,0.12671006,2.000685,-0.0063498877,0.082988486,0.1,0.0,0.0,0.0,0.0,0.0,0.0,0.0,-1.0502908,-0.06437936,1.4268672,-2.2560172,0.1055455,2.6311162,0.9424693,0.019507697,0.02065902,-2.044017,2.175002,2.1730742,1.124975,-2.5976267,0.09884324,2.597132,0.0041765384,0.07081427,5.5879354e-09,2.3283064e-10,-3.7252903e-09,1.0,-1.489095e-10,-8.781334e-10,-8.472538e-11,0.0,0.0,0.0,0.0,0.0,0.0,0.60878533,0.1861442,0.11005838,0.9999871,-0.0029617313,0.0041327225,0.00016537255,0.00025100744,-0.0005718646,-0.0001913388,0.0054356377,0.0018405481,-0.00069080223,0.54847986,0.21923442,0.3041957,0.996425,0.038538635,0.014560852,0.07375515,0.3417007,0.22777383,0.37053096,-3.3996172,-0.93786997,-2.2703984
0.2,0.0,0.0,0.0,0.0,0.0,-1.0,0.60878533,0.1861442,0.11005838,0.54847986,0.21923442,0.3041957,0.54942805,0.21858104,0.31178185,-0.05332242,0.97866434,0.073333815,0.18437709,-1.0502908,-0.06437936,1.4268672,-2.2560172,0.1055455,2.6311162,0.9424693,0.019507697,0.02065902,-2.044017,2.175002,2.1730742,1.124975,-2.5976267,0.09884324,2.597132,0.0041765384,0.07081427,0.1,0.0,0.0,0.0,0.0,0.0,0.0,0.0,-1.1176096,0.007871604,1.4997344,-2.2210736,0.019728024,2.6331065,1.0294693,0.019428287,0.020762306,-2.0253575,2.1417124,2.1733198,0.97256356,-2.5433488,-0.01267509,2.594797,0.0064158905,0.067908086,5.5879354e-09,2.3283064e-10,-3.7252903e-09,1.0,-1.489095e-10,-8.781334e-10,-8.472538e-11,0.0,0.0,0.0,0.0,0.0,0.0,0.60878295,0.18614917,0.11006083,0.999987,-0.0029834383,0.004123282,0.00016586167,0.0004509007,7.590506e-05,-0.00021980335,0.0001404674,0.0043819062,0.00012416551,0.558405,0.22641866,0.3168086,0.9960932,0.06054758,0.007614665,0.06383035,0.29271337,0.1541464,0.4671745,-3.2595007,-0.8166922,-2.39103
0.0,0.0,0.0,0.0,0.0,0.0,-1.0,0.60878295,0.18614917,0.11006084,0.558405,0.22641866,0.3168086,0.559268,0.22537366,0.3243079,-0.07271237,0.9770686,0.059275866,0.1911444,-1.1176096,0.007871604,1.4997344,-2.2210736,0.019728024,2.6331065,1.0294693,0.019428287,0.020762306,-2.0253575,2.1417124,2.1733198,0.97256356,-2.5433488,-0.01267509,2.594797,0.0064158905,0.067908086,0.0,0.0,0.0,0.0,0.0,0.0,0.0,0.0,-1.131565,0.018095069,1.4994,-2.213641,0.021363411,2.6344469,1.0272075,0.019379515,0.02137159,-0.5055388,-0.08065083,-0.0001849278,0.00991072,0.15576366,0.014698321,-0.21961191,0.0077345935,0.006883002,5.5879354e-09,2.3283064e-10,-3.7252903e-09,1.0,-1.489095e-10,-8.781334e-10,-8.472538e-11,0.0,0.0,0.0,0.0,0.0,0.0,0.60878116,0.18615608,0.1100624,0.9999869,-0.0030100706,0.0041163284,0.00016759832,0.0013898914,-0.0020035524,-0.0009980742,0.017201712,0.011261369,-0.002413872,0.5640856,0.21967833,0.3205628,0.99708664,0.04186586,0.0053315167,0.06353686,0.10370412,-0.28651297,0.016473366,-0.19872028,-0.07757493,-4.2311172
0.0,0.0,0.0,0.0,0.0,0.0,-1.0,0.60878116,0.18615608,0.110062405,0.5640856,0.21967833,0.3205628,0.5648435,0.21834463,0.3279702,-0.07757678,0.9766073,0.051664576,0.1937801,-1.131565,0.018095069,1.4994,-2.213641,0.021363411,2.6344469,1.0272075,0.019379515,0.02137159,-0.5055388,-0.08065083,-0.0001849278,0.00991072,0.15576366,0.014698321,-0.21961191,0.0077345935,0.006883002,0.0,0.0,0.0,0.0,0.0,0.0,0.0,0.0,-1.1428738,0.018576285,1.4975021,-2.2137063,0.021501184,2.6342885,1.0273191,0.019488579,0.020939112,-0.28520772,0.029927585,-0.036744572,-0.0037857178,0.021381719,-0.017836466,0.03407041,0.016191456,0.07597371,5.5879354e-09,2.3283064e-10,-3.7252903e-09,1.0,-1.489095e-10,-8.781334e-10,-8.472538e-11,0.0,0.0,0.0,0.0,0.0,0.0,0.6087853,0.18614425,0.11005832,0.9999871,-0.0029620198,0.0041327015,0.0001653299,0.00025035077,-0.00056884077,-0.00019071321,0.0054077813,0.0018321001,-0.0006909961,0.5669094,0.21217532,0.3205257,0.99721795,0.050639484,0.00040640752,0.0546966,0.087072894,-0.19411302,0.004273953,-5.3151145,-1.1607817,-1.0363187
0.0,0.0,0.0,0.0,0.0,0.0,-1.0,0.6087853,0.18614425,0.11005832,0.5669094,0.21217532,0.3205257,0.56763184,0.21085764,0.32786846,-0.07652989,0.9769609,0.045061305,0.19406232,-1.1428738,0.018576285,1.4975021,-2.2137063,0.021501184,2.6342885,1.0273191,0.019488579,0.020939112,-0.28520772,0.029927585,-0.036744572,-0.0037857178,0.021381719,-0.017836466,0.03407041,0.016191456,0.07597371,0.0,0.0,0.0,0.0,0.0,0.0,0.0,0.0,-1.1506425,0.019386424,1.4961029,-2.2141008,0.021529196,2.6341074,1.0274873,0.01951613,0.020745525,-0.19815934,0.02480177,-0.02891034,-0.0057872087,0.0185091,-0.045078613,0.043818694,0.0150816,0.11456237,5.5879354e-09,2.3283064e-10,-3.7252903e-09,1.0,-1.489095e-10,-8.781334e-10,-8.472538e-11,0.0,0.0,0.0,0.0,0.0,0.0,0.60878295,0.18614915,0.11006084,0.999987,-0.0029834204,0.0041232225,0.00016590429,0.00045091024,7.541635e-05,-0.00021981545,0.00014466752,0.004381846,0.00012353653,0.5686953,0.20690379,0.32009026,0.9972541,0.05477532,-0.0007287582,0.049833886,0.058102347,-0.14418715,0.031954497,-6.9454,-0.35492817,-0.8931969
0.0,0.0,0.0,0.0,0.0,0.0,-1.0,0.60878295,0.18614915,0.11006084,0.5686953,0.20690379,0.32009026,0.5693912,0.20560202,0.32758033,-0.075946376,0.9772273,0.0404104,0.19397415,-1.1506425,0.019386424,1.4961029,-2.2141008,0.021529196,2.6341074,1.0274873,0.01951613,0.020745525,-0.19815934,0.02480177,-0.02891034,-0.0057872087,0.0185091,-0.045078613,0.043818694,0.0150816,0.11456237,0.0,0.0,0.0,0.0,0.0,0.0,0.0,0.0,-1.1561123,0.020004524,1.4950716,-2.2145464,0.021545384,2.6339288,1.0276511,0.019551408,0.020701298,-0.13895433,0.020052988,-0.021145487,-0.0061560264,0.01764353,-0.045675814,0.044313043,0.013972842,0.11571741,5.5879354e-09,2.3283064e-10,-3.7252903e-09,1.0,-1.489095e-10,-8.781334e-10,-8.472538e-11,0.0,0.0,0.0,0.0,0.0,0.0,0.6087811,0.18615606,0.11006241,0.9999869,-0.0030101063,0.004116119,0.00016754035,0.0013919321,-0.0020037119,-0.0009986954,0.017201759,0.011284209,-0.0024152242,0.5698626,0.20312566,0.3197836,0.9973992,0.055008993,-0.0005025192,0.04656755,0.0436683,-0.10537948,0.032385375,-6.9688525,-0.29834473,-0.8009892
0.0,0.0,0.0,0.0,0.0,0.0,-1.0,0.6087811,0.18615606,0.11006242,0.5698626,0.20312566,0.3197836,0.57055074,0.20184836,0.32727814,-0.07552594,0.9774262,0.03708881,0.19379956,-1.1561123,0.020004524,1.4950716,-2.2145464,0.021545384,2.6339288,1.0276511,0.019551408,0.020701298,-0.13895433,0.020052988,-0.021145487,-0.0061560264,0.01764353,-0.045675814,0.044313043,0.013972842,0.11571741,0.0,0.0,0.0,0.0,0.0,0.0,0.0,0.0,-1.159964,0.020476958,1.4943064,-2.2150085,0.021559123,2.6337547,1.027805,0.01956061,0.020690888,-0.09737746,0.016345557,-0.015376331,-0.0064536566,0.017636186,-0.045909658,0.044143427,0.013377182,0.116255276,5.5879354e-09,2.3283064e-10,-3.7252903e-09,1.0,-1.489095e-10,-8.781334e-10,-8.472538e-11,0.0,0.0,0.0,0.0,0.0,0.0,0.6087853,0.18614428,0.11005839,0.9999871,-0.0029623115,0.004132614,0.00016527042,0.00024954593,-0.00052731787,-0.00017816681,0.005013439,0.0017740943,-0.00071157835,0.57062036,0.20044054,0.31948236,0.997497,0.0551686,-0.00026177376,0.044225264,0.033648007,-0.07805691,0.03261621,-6.9808254,-0.2492348,-0.73451686
0.0,0.0,0.0,0.0,0.0,0.0,-1.0,0.6087853,0.18614428,0.1100584,0.57062036,0.20044054,0.31948236,0.57130677,0.19916347,0.3269771,-0.07522095,0.9775814,0.03470823,0.19357622,-1.159964,0.020476958,1.4943064,-2.2150085,0.021559123,2.6337547,1.027805,0.01956061,0.020690888,-0.09737746,0.016345557,-0.015376331,-0.0064536566,0.017636186,-0.045909658,0.044143427,0.013377182,0.116255276,0.0,0.0,0.0,0.0,0.0,0.0,0.0,0.0,-1.1626699,0.020843947,1.4937298,-2.2154822,0.021572607,2.6335852,1.0279514,0.019557863,0.020693067,-0.067973,0.013675872,-0.011250859,-0.006662773,0.017714351,-0.04607433,0.043947496,0.013147448,0.11643635,5.5879354e-09,2.3283064e-10,-3.7252903e-09,1.0,-1.489095e-10,-8.781334e-10,-8.472538e-11,0.0,0.0,0.0,0.0,0.0,0.0,0.60878295,0.1861492,0.11006085,0.99998707,-0.002983676,0.004123293,0.00016596068,0.00044934326,7.724785e-05,-0.00021933955,0.00012520699,0.004366726,0.00012452749,0.5710965,0.19852398,0.3191842,0.9975644,0.05527789,8.70632e-06,0.042538736,0.026723253,-0.058849227,0.032764018,-6.988494,-0.21480197,-0.68584764
0.0,0.0,0.0,0.0,0.0,0.0,-1.0,0.60878295,0.1861492,0.110060856,0.5710965,0.19852398,0.3191842,0.5717849,0.19723725,0.3266781,-0.07499707,0.9777086,0.032994032,0.19332013,-1.1626699,0.020843947,1.4937298,-2.2154822,0.021572607,2.6335852,1.0279514,0.019557863,0.020693067,-0.067973,0.013675872,-0.011250859,-0.006662773,0.017714351,-0.04607433,0.043947496,0.013147448,0.11643635,0.0,0.0,0.0,0.0,0.0,0.0,0.0,0.0,-1.164565,0.02113579,1.493288,-2.2159622,0.021586178,2.6334183,1.0280919,0.019551171,0.020699505,-0.047146983,0.011775801,-0.008344196,-0.0067887986,0.017643781,-0.047341146,0.043201078,0.013037183,0.11515571,5.5879354e-09,2.3283064e-10,-3.7252903e-09,1.0,-1.489095e-10,-8.781334e-10,-8.472538e-11,0.0,0.0,0.0,0.0,0.0,0.0,0.60878116,0.18615606,0.11006242,0.9999869,-0.0030100737,0.004116293,0.0001675453,0.0013919077,-0.00200763,-0.0009983759,0.017240414,0.011284025,-0.0024166286,0.57137764,0.19714847,0.31888634,0.9976147,0.055301078,0.0003134206,0.04131105,0.021839064,-0.045349497,0.03398203,-6.943084,-0.16406432,-0.6432061
0.0,0.0,0.0,0.0,0.0,0.0,-1.0,0.60878116,0.18615606,0.11006242,0.57137764,0.19714847,0.31888634,0.57207,0.19585058,0.3263811,-0.0748304,0.97781754,0.031752825,0.19304122,-1.164565,0.02113579,1.493288,-2.2159622,0.021586178,2.6334183,1.0280919,0.019551171,0.020699505,-0.047146983,0.011775801,-0.008344196,-0.0067887986,0.017643781,-0.047341146,0.043201078,0.013037183,0.11515571,0.0,0.0,0.0,0.0,0.0,0.0,0.0,0.0,-1.1658868,0.021373956,1.4929415,-2.2164466,0.02160077,2.6332536,1.0282277,0.019543944,0.020706559,-0.03246353,0.010398139,-0.006248473,-0.006889169,0.017756542,-0.047413018,0.043025456,0.013055951,0.11511437,5.5879354e-09,2.3283064e-10,-3.7252903e-09,1.0,-1.489095e-10,-8.781334e-10,-8.472538e-11,0.0,0.0,0.0,0.0,0.0,0.0,0.6087853,0.18614425,0.11005832,0.9999871,-0.002961952,0.004132694,0.00016523249,0.00025037542,-0.00056568667,-0.00018862597,0.005374174,0.0018276012,-0.0006942775,0.5715239,0.19615401,0.31859213,0.9976485,0.055349816,0.0006184267,0.04041671,0.018477919,-0.03584246,0.034051005,-6.9464474,-0.1461808,-0.616346
0.0,0.0,0.0,0.0,0.0,0.0,-1.0,0.6087853,0.18614425,0.11005832,0.5715239,0.19615401,0.31859213,0.57222044,0.19484557,0.32608584,-0.07470423,0.9779143,0.03084591,0.19274667,-1.1658868,0.021373956,1.4929415,-2.2164466,0.02160077,2.6332536,1.0282277,0.019543944,0.020706559,-0.03246353,0.010398139,-0.006248473,-0.006889169,0.017756542,-0.047413018,0.043025456,0.013055951,0.11511437,0.0,0.0,0.0,0.0,0.0,0.0,0.0,0.0,-1.1668031,0.021573965,1.492662,-2.2169344,0.02161595,2.6330905,1.0283597,0.019537607,0.020712847,-0.022081694,0.009419102,-0.0047699874,-0.0069620144,0.01783869,-0.047461692,0.04290493,0.013075986,0.11507369,5.5879354e-09,2.3283064e-10,-3.7252903e-09,1.0,-1.489095e-10,-8.781334e-10,-8.472538e-11,0.0,0.0,0.0,0.0,0.0,0.0,0.60878295,0.18614915,0.11006085,0.99998707,-0.0029835019,0.004123309,0.00016593734,0.00045007616,7.5872755e-05,-0.00021956959,0.00013901651,0.004373621,0.00012380767,0.57157564,0.19542712,0.31829923,0.9976731,0.055380553,0.0009338706,0.03975474,0.016128799,-0.029126748,0.034097422,-6.9486423,-0.13357289,-0.5960338
0.0,0.0,0.0,0.0,0.0,0.0,-1.0,0.60878295,0.18614915,0.110060856,0.57157564,0.19542712,0.31829923,0.5722767,0.19411074,0.32579184,-0.07460663,0.9780029,0.03017518,0.19244123,-1.1668031,0.021573965,1.492662,-2.2169344,0.02161595,2.6330905,1.0283597,0.019537607,0.020712847,-0.022081694,0.009419102,-0.0047699874,-0.0069620144,0.01783869,-0.047461692,0.04290493,0.013075986,0.11507369,0.0,0.0,0.0,0.0,0.0,0.0,0.0,0.0,-1.1674329,0.021747036,1.4924303,-2.2174246,0.02163148,2.6329288,1.0284895,0.0195324,0.020717952,-0.014738116,0.008731477,-0.0037285709,-0.007015084,0.017896727,-0.047487397,0.042815562,0.013108109,0.11502785,5.5879354e-09,2.3283064e-10,-3.7252903e-09,1.0,-1.489095e-10,-8.781334e-10,-8.472538e-11,0.0,0.0,0.0,0.0,0.0,0.0,0.6087821,0.18615581,0.11006204,0.99998707,-0.0030094206,0.0041202204,0.00016711472,0.0007949056,-0.0023356937,-0.00069359376,0.020563854,0.006011016,-0.0021823202,0.57156116,0.19488977,0.3180076,0.99769133,0.05539976,0.0012565543,0.039256785,0.014488063,-0.024395017,0.034131218,-6.950185,-0.1246143,-0.5802461
0.0,0.0,0.0,0.0,0.0,0.0,-1.0,0.6087821,0.18615581,0.11006205,0.57156116,0.19488977,0.3180076,0.5722667,0.1935669,0.32549876,-0.07452911,0.9780858,0.029671878,0.19212782,-1.1674329,0.021747036,1.4924303,-2.2174246,0.02163148,2.6329288,1.0284895,0.0195324,0.020717952,-0.014738116,0.008731477,-0.0037285709,-0.007015084,0.017896727,-0.047487397,0.042815562,0.013108109,0.11502785,0.0,0.0,0.0,0.0,0.0,0.0,0.0,0.0,-1.1678599,0.021900937,1.4922322,-2.2179163,0.021647621,2.6327672,1.0286175,0.019528398,0.020722022,-0.009559029,0.008236474,-0.0029860977,-0.0070469184,0.017965373,-0.04750912,0.042727347,0.013151732,0.11497957,5.5879354e-09,2.3283064e-10,-3.7252903e-09,1.0,-1.489095e-10,-8.781334e-10,-8.472538e-11,0.0,0.0,0.0,0.0,0.0,0.0,0.6087852,0.18614455,0.11005843,0.999987,-0.0029627618,0.0041327295,0.0001652333,0.00028887342,-0.0005553812,-0.0001441483,0.005061179,0.0021187672,-0.00082980504,0.5714995,0.1944864,0.31771573,0.99770534,0.055409092,0.0015843516,0.038876016,0.013331255,-0.021070682,0.034147143,-6.95157,-0.11699098,-0.56764495
0.0,0.0,0.0,0.0,0.0,0.0,-1.0,0.6087852,0.18614455,0.11005843,0.5714995,0.1944864,0.31771573,0.5722098,0.19315849,0.32520607,-0.074465655,0.9781649,0.029286712,0.19180843,-1.1678599,0.021900937,1.4922322,-2.2179163,0.021647621,2.6327672,1.0286175,0.019528398,0.020722022,-0.009559029,0.008236474,-0.0029860977,-0.0070469184,0.017965373,-0.04750912,0.042727347,0.013151732,0.11497957,0.0,0.0,0.0,0.0,0.0,0.0,0.0,0.0,-1.1681436,0.022041386,1.4920576,-2.2184093,0.021663787,2.6326063,1.0287441,0.01952538,0.020725068,-0.005887765,0.00789653,-0.0024738587,-0.0070690825,0.017995497,-0.047520526,0.04267792,0.013177206,0.11494825,5.5879354e-09,2.3283064e-10,-3.7252903e-09,1.0,-1.489095e-10,-8.781334e-10,-8.472538e-11,0.0,0.0,0.0,0.0,0.0,0.0,0.60878295,0.1861492,0.110060826,0.99998707,-0.0029834306,0.0041234135,0.00016579119,0.00044892065,7.763435e-05,-0.00021890648,0.00011818266,0.00436172,0.00012346914,0.5714049,0.19417693,0.31742448,0.9977161,0.055412106,0.0019157486,0.03857726,0.012524093,-0.01871867,0.034161635,-6.9524045,-0.11153408,-0.5574153
0.0,0.0,0.0,0.0,0.0,0.0,-1.0,0.60878295,0.1861492,0.110060826,0.5714049,0.19417693,0.31742448,0.5721202,0.19284564,0.3249142,-0.07441217,0.97824115,0.028985232,0.1914857,-1.1681436,0.022041386,1.4920576,-2.2184093,0.021663787,2.6326063,1.0287441,0.01952538,0.020725068,-0.005887765,0.00789653,-0.0024738587,-0.0070690825,0.017995497,-0.047520526,0.04267792,0.013177206,0.11494825,0.0,0.0,0.0,0.0,0.0,0.0,0.0,0.0,-1.1683258,0.022172542,1.4918991,-2.2189026,0.021679582,2.6324456,1.0288702,0.019523147,0.020727348,-0.0032846236,0.0076631233,-0.002124799,-0.007086185,0.017998824,-0.04752099,0.042653315,0.013180844,0.11493856,5.5879354e-09,2.3283064e-10,-3.7252903e-09,1.0,-1.489095e-10,-8.781334e-10,-8.472538e-11,0.0,0.0,0.0,0.0,0.0,0.0,0.60878116,0.1861561,0.11006239,0.99998695,-0.0030100206,0.0041163755,0.00016747297,0.0013940539,-0.0020110488,-0.0009991379,0.017270565,0.01130588,-0.002420275,0.5712873,0.1939335,0.31713384,0.99772483,0.05541089,0.0022489897,0.03833714,0.011960715,-0.017046457,0.034175042,-6.9529066,-0.10744271,-0.54888064
0.0,0.0,0.0,0.0,0.0,0.0,-1.0,0.60878116,0.1861561,0.11006239,0.5712873,0.1939335,0.31713384,0.5720072,0.19259974,0.3246225,-0.07436553,0.9783157,0.028742343,0.19115958,-1.1683258,0.022172542,1.4918991,-2.2189026,0.021679582,2.6324456,1.0288702,0.019523147,0.020727348,-0.0032846236,0.0076631233,-0.002124799,-0.007086185,0.017998824,-0.04752099,0.042653315,0.013180844,0.11493856,0.0,0.0,0.0,0.0,0.0,0.0,0.0,0.0,-1.1684372,0.022296717,1.4917526,-2.219396,0.02169636,2.632285,1.0289952,0.01952146,0.020729084,-0.0014822988,0.00746773,-0.0018514642,-0.0070988974,0.018079948,-0.0475239,0.04258457,0.013209442,0.114910565,5.5879354e-09,2.3283064e-10,-3.7252903e-09,1.0,-1.489095e-10,-8.781334e-10,-8.472538e-11,0.0,0.0,0.0,0.0,0.0,0.0,0.6087853,0.18614422,0.11005837,0.99998707,-0.0029619096,0.0041324496,0.00016532882,0.00025025284,-0.00056957017,-0.00019123315,0.0054160156,0.0018325491,-0.00068970094,0.5711532,0.19373739,0.31684336,0.99773186,0.055406194,0.0025847964,0.038137205,0.011572088,-0.01589297,0.034181204,-6.9534674,-0.104146816,-0.5413667
0.0,0.0,0.0,0.0,0.0,0.0,-1.0,0.6087853,0.18614422,0.11005837,0.5711532,0.19373739,0.31684336,0.57187843,0.19240145,0.3243317,-0.074324176,0.97838867,0.028541252,0.19083239,-1.1684372,0.022296717,1.4917526,-2.219396,0.02169636,2.632285,1.0289952,0.01952146,0.020729084,-0.0014822988,0.00746773,-0.0018514642,-0.0070988974,0.018079948,-0.0475239,0.04258457,0.013209442,0.114910565,0.0,0.0,0.0,0.0,0.0,0.0,0.0,0.0,-1.1684979,0.022416143,1.4916141,-2.21989,0.021712895,2.632125,1.0291197,0.019520275,0.020730358,-0.00018174473,0.007352135,-0.001684136,-0.0071033086,0.01808526,-0.04752092,0.04256374,0.0132124685,0.114904225,5.5879354e-09,2.3283064e-10,-3.7252903e-09,1.0,-1.489095e-10,-8.781334e-10,-8.472538e-11,0.0,0.0,0.0,0.0,0.0,0.0,0.6087816,0.18614893,0.11006153,0.99998707,-0.0029816376,0.004117305,0.00016620908,0.00044285337,0.00028825685,-0.00028001712,-0.0021943452,0.0044236393,0.00014024817,0.57100785,0.19357358,0.31655324,0.9977379,0.055399634,0.0029208872,0.037965167,0.011298447,-0.015062949,0.03418637,-6.9537864,-0.10111872,-0.53475225
0.0,0.0,0.0,0.0,0.0,0.0,-1.0,0.6087816,0.18614893,0.11006153,0.57100785,0.19357358,0.31655324,0.5717377,0.19223683,0.32404083,-0.07428588,0.97846067,0.028369516,0.19050361,-1.1684979,0.022416143,1.4916141,-2.21989,0.021712895,2.632125,1.0291197,0.019520275,0.020730358,-0.00018174473,0.007352135,-0.001684136,-0.0071033086,0.01808526,-0.04752092,0.04256374,0.0132124685,0.114904225,0.0,0.0,0.0,0.0,0.0,0.0,0.0,0.0,-1.1685234,0.022532184,1.4914815,-2.2203841,0.021729652,2.631965,1.0292437,0.019519353,0.02073134,0.00072486844,0.0072594164,-0.0015595057,-0.0071091647,0.018118432,-0.047516495,0.04253099,0.013222207,0.11489585,5.5879354e-09,2.3283064e-10,-3.7252903e-09,1.0,-1.489095e-10,-8.781334e-10,-8.472538e-11,0.0,0.0,0.0,0.0,0.0,0.0,0.6087811,0.18615615,0.110062405,0.9999869,-0.0030106914,0.004116077,0.000167574,0.001390567,-0.0020032837,-0.001000059,0.0171935,0.011259319,-0.002416743,0.5708541,0.19343352,0.3162634,0.99774307,0.05539099,0.0032580679,0.037815534,0.011113321,-0.014486189,0.034189913,-6.954112,-0.09878316,-0.5286934
0.0,0.0,0.0,0.0,0.0,0.0,-1.0,0.6087811,0.18615615,0.110062405,0.5708541,0.19343352,0.3162634,0.5715891,0.1920954,0.32375032,-0.07424995,0.97853196,0.02821815,0.1901739,-1.1685234,0.022532184,1.4914815,-2.2203841,0.021729652,2.631965,1.0292437,0.019519353,0.02073134,0.00072486844,0.0072594164,-0.0015595057,-0.0071091647,0.018118432,-0.047516495,0.04253099,0.013222207,0.11489585,0.0,0.0,0.0,0.0,0.0,0.0,0.0,0.0,-1.1685233,0.022645844,1.4913524,-2.2208781,0.021746363,2.6318047,1.0293673,0.01951869,0.020732056,0.0013709837,0.0071986066,-0.00147953,-0.0071136863,0.018134866,-0.047508396,0.042511005,0.013223344,0.11489474,5.5879354e-09,2.3283064e-10,-3.7252903e-09,1.0,-1.489095e-10,-8.781334e-10,-8.472538e-11,0.0,0.0,0.0,0.0,0.0,0.0,0.6087853,0.18614428,0.110058345,0.99998707,-0.002962275,0.0041324617,0.00016527297,0.00025055962,-0.0005580069,-0.00018508875,0.005296693,0.0018205565,-0.00069901405,0.570695,0.19330905,0.31597394,0.99774754,0.055381563,0.0035960109,0.037678782,0.010990217,-0.0140753025,0.034195587,-6.9542413,-0.097016335,-0.5230915
0.0,0.0,0.0,0.0,0.0,0.0,-1.0,0.6087853,0.18614428,0.11005835,0.570695,0.19330905,0.31597394,0.5714348,0.19197083,0.32346046,-0.07421585,0.97860247,0.028081968,0.18984357,-1.1685233,0.022645844,1.4913524,-2.2208781,0.021746363,2.6318047,1.0293673,0.01951869,0.020732056,0.0013709837,0.0071986066,-0.00147953,-0.0071136863,0.018134866,-0.047508396,0.042511005,0.013223344,0.11489474,0.0,0.0,0.0,0.0,0.0,0.0,0.0,0.0,-1.1685054,0.02275784,1.4912263,-2.2213721,0.021763165,2.631645,1.029491,0.019518185,0.020732671,0.0018268347,0.0071562547,-0.0014236581,-0.007110737,0.01815768,-0.047505494,0.04248152,0.01323756,0.114884555,5.5879354e-09,2.3283064e-10,-3.7252903e-09,1.0,-1.489095e-10,-8.781334e-10,-8.472538e-11,0.0,0.0,0.0,0.0,0.0,0.0,0.60878295,0.18614915,0.11006084,0.99998707,-0.0029834195,0.0041232146,0.00016592634,0.00044975738,7.616059e-05,-0.00021874723,0.00013295209,0.004370137,0.00012272436,0.5705314,0.19319701,0.31568462,0.99775153,0.05537117,0.003933778,0.03755308,0.010901089,-0.013797171,0.03419367,-6.9546156,-0.094506405,-0.51766557
0.0,0.0,0.0,0.0,0.0,0.0,-1.0,0.60878295,0.18614915,0.11006084,0.5705314,0.19319701,0.31568462,0.5712762,0.19185802,0.32317019,-0.07418284,0.97867274,0.027955592,0.18951297,-1.1685054,0.02275784,1.4912263,-2.2213721,0.021763165,2.631645,1.029491,0.019518185,0.020732671,0.0018268347,0.0071562547,-0.0014236581,-0.007110737,0.01815768,-0.047505494,0.04248152,0.01323756,0.114884555,0.0,0.0,0.0,0.0,0.0,0.0,0.0,0.0,-1.1684747,0.022868657,1.491102,-2.221866,0.021779899,2.6314852,1.0296144,0.019517751,0.02073313,0.0021537307,0.0071281213,-0.0013910253,-0.0071136537,0.01817245,-0.047492247,0.04246802,0.013252746,0.11487384,5.5879354e-09,2.3283064e-10,-3.7252903e-09,1.0,-1.489095e-10,-8.781334e-10,-8.472538e-11,0.0,0.0,0.0,0.0,0.0,0.0,0.60878116,0.18615606,0.11006241,0.99998695,-0.0030100208,0.0041162604,0.0001675364,0.0013927529,-0.0020072474,-0.0009988184,0.017234894,0.011292736,-0.0024176466,0.57036513,0.193093,0.31539553,0.9977553,0.05536001,0.004271811,0.037434127,0.0108514,-0.013606968,0.034196023,-6.9548335,-0.09302383,-0.51247084
0.0,0.0,0.0,0.0,0.0,0.0,-1.0,0.60878116,0.18615606,0.11006242,0.57036513,0.193093,0.31539553,0.57111466,0.19175412,0.32288086,-0.07415116,0.97874254,0.02783686,0.18918219,-1.1684747,0.022868657,1.491102,-2.221866,0.021779899,2.6314852,1.0296144,0.019517751,0.02073313,0.0021537307,0.0071281213,-0.0013910253,-0.0071136537,0.01817245,-0.047492247,0.04246802,0.013252746,0.11487384,0.0,0.0,0.0,0.0,0.0,0.0,0.0,0.0,-1.1684358,0.022978518,1.4909786,-2.2223597,0.021797024,2.631326,1.0297372,0.019517472,0.020733504,0.002364054,0.007090237,-0.0013583668,-0.0071146395,0.018215597,-0.047484748,0.042434115,0.013240011,0.11488183,5.5879354e-09,2.3283064e-10,-3.7252903e-09,1.0,-1.489095e-10,-8.781334e-10,-8.472538e-11,0.0,0.0,0.0,0.0,0.0,0.0,0.6087853,0.18614425,0.110058375,0.999987,-0.0029620766,0.004132388,0.00016526159,0.00025034347,-0.00056430174,-0.00018815757,0.0053607733,0.0018264286,-0.000694317,0.57019675,0.19299452,0.3151066,0.9977587,0.05534899,0.0046103,0.037320305,0.0108183855,-0.013456867,0.034198076,-6.9548283,-0.09139344,-0.5074837
0.0,0.0,0.0,0.0,0.0,0.0,-1.0,0.6087853,0.18614425,0.11005838,0.57019675,0.19299452,0.3151066,0.5709513,0.19165505,0.32259166,-0.07411951,0.97881204,0.027723134,0.18885133,-1.1684358,0.022978518,1.4909786,-2.2223597,0.021797024,2.631326,1.0297372,0.019517472,0.020733504,0.002364054,0.007090237,-0.0013583668,-0.0071146395,0.018215597,-0.047484748,0.042434115,0.013240011,0.11488183,0.0,0.0,0.0,0.0,0.0,0.0,0.0,0.0,-1.1683905,0.023087602,1.4908556,-2.222853,0.021814529,2.6311665,1.0298598,0.019517258,0.020733826,0.0025107965,0.0070617925,-0.0013358577,-0.0071133445,0.018254738,-0.04747707,0.042397268,0.013237205,0.11488373,5.5879354e-09,2.3283064e-10,-3.7252903e-09,1.0,-1.489095e-10,-8.781334e-10,-8.472538e-11,0.0,0.0,0.0,0.0,0.0,0.0,0.6087815,0.18614893,0.11006153,0.99998707,-0.0029817272,0.004117539,0.00016619462,0.00044383234,0.0002886728,-0.00027648694,-0.002210037,0.0044329716,0.00013650014,0.57002705,0.19289936,0.31481794,0.99776185,0.055336963,0.004948302,0.03721003,0.01080216,-0.0133575685,0.034200516,-6.954877,-0.089926824,-0.5026136
0.0,0.0,0.0,0.0,0.0,0.0,-1.0,0.6087815,0.18614893,0.11006153,0.57002705,0.19289936,0.31481794,0.5707867,0.1915599,0.3223029,-0.074088335,0.9788812,0.02761224,0.18852064,-1.1683905,0.023087602,1.4908556,-2.222853,0.021814529,2.6311665,1.0298598,0.019517258,0.020733826,0.0025107965,0.0070617925,-0.0013358577,-0.0071133445,0.018254738,-0.04747707,0.042397268,0.013237205,0.11488373,0.0,0.0,0.0,0.0,0.0,0.0,0.0,0.0,-1.168341,0.023196379,1.490733,-2.2233465,0.02183153,2.631007,1.0299824,0.019517059,0.02073409,0.0026419521,0.007063033,-0.0013429138,-0.0071106898,0.018242348,-0.047464684,0.042398218,0.013237649,0.11488588,5.5879354e-09,2.3283064e-10,-3.7252903e-09,1.0,-1.489095e-10,-8.781334e-10,-8.472538e-11,0.0,0.0,0.0,0.0,0.0,0.0,0.60878116,0.18615608,0.110062376,0.99998695,-0.003009948,0.004116402,0.00016747312,0.0013913021,-0.001996078,-0.0010015775,0.017120881,0.011263569,-0.0024153404,0.5698564,0.19280697,0.31453001,0.99776477,0.05532502,0.005286291,0.03710122,0.010791717,-0.013287824,0.034201395,-6.954995,-0.08818499,-0.49778387
0.0,0.0,0.0,0.0,0.0,0.0,-1.0,0.60878116,0.18615608,0.110062376,0.5698564,0.19280697,0.31453001,0.5706208,0.19146761,0.3220136,-0.07405755,0.9789504,0.027503908,0.18818924,-1.168341,0.023196379,1.490733,-2.2233465,0.02183153,2.631007,1.0299824,0.019517059,0.02073409,0.0026419521,0.007063033,-0.0013429138,-0.0071106898,0.018242348,-0.047464684,0.042398218,0.013237649,0.11488588,0.0,0.0,0.0,0.0,0.0,0.0,0.0,0.0,-1.1682881,0.023304762,1.4906111,-2.2238398,0.021848978,2.6308477,1.0301049,0.01951689,0.020734372,0.0027091193,0.0070422348,-0.0013306807,-0.00711097,0.018288042,-0.047459796,0.042367194,0.013247447,0.11487977,5.5879354e-09,2.3283064e-10,-3.7252903e-09,1.0,-1.489095e-10,-8.781334e-10,-8.472538e-11,0.0,0.0,0.0,0.0,0.0,0.0,0.6087853,0.18614426,0.110058285,0.99998707,-0.002962084,0.0041326173,0.00016526852,0.00025242005,-0.0005862036,-0.0001924514,0.0055509,0.0018758638,-0.0006883168,0.56968486,0.19271694,0.31424147,0.9977676,0.05531307,0.0056247516,0.03699481,0.010792587,-0.013250567,0.034200396,-6.9551864,-0.08670509,-0.49294776
0.0,0.0,0.0,0.0,0.0,0.0,-1.0,0.6087853,0.18614426,0.11005829,0.56968486,0.19271694,0.31424147,0.57045394,0.19137806,0.3217251,-0.07402689,0.9790191,0.02739805,0.1878584,-1.1682881,0.023304762,1.4906111,-2.2238398,0.021848978,2.6308477,1.0301049,0.01951689,0.020734372,0.0027091193,0.0070422348,-0.0013306807,-0.00711097,0.018288042,-0.047459796,0.042367194,0.013247447,0.11487977,0.0,0.0,0.0,0.0,0.0,0.0,0.0,0.0,-1.1682329,0.023412833,1.490489,-2.2243328,0.021866402,2.630689,1.0302272,0.019516736,0.02073459,0.0027645957,0.007030735,-0.0013331219,-0.0071110195,0.018303229,-0.047446482,0.042348757,0.013236642,0.11488853,5.5879354e-09,2.3283064e-10,-3.7252903e-09,1.0,-1.489095e-10,-8.781334e-10,-8.472538e-11,0.0,0.0,0.0,0.0,0.0,0.0,0.60878295,0.18614914,0.11006082,0.9999871,-0.00298317,0.0041232887,0.00016586689,0.0004487617,7.63929e-05,-0.00022095167,0.00013559163,0.0043602167,0.00012471717,0.5695127,0.19262828,0.31395382,0.9977702,0.055301193,0.0059626154,0.036889214,0.010801307,-0.0132107055,0.03420435,-6.9551334,-0.08561143,-0.4882316
0.0,0.0,0.0,0.0,0.0,0.0,-1.0,0.60878295,0.18614914,0.110060826,0.5695127,0.19262828,0.31395382,0.5702869,0.19128925,0.32143658,-0.07399654,0.97908777,0.027292892,0.18752772,-1.1682329,0.023412833,1.490489,-2.2243328,0.021866402,2.630689,1.0302272,0.019516736,0.02073459,0.0027645957,0.007030735,-0.0013331219,-0.0071110195,0.018303229,-0.047446482,0.042348757,0.013236642,0.11488853,0.0,0.0,0.0,0.0,0.0,0.0,0.0,0.0,-1.1681762,0.02352084,1.490367,-2.2248259,0.02188371,2.6305299,1.0303496,0.019516628,0.020734828,0.002811573,0.007031761,-0.0013408619,-0.007106917,0.01831305,-0.047437154,0.04233789,0.013237981,0.114888474,5.5879354e-09,2.3283064e-10,-3.7252903e-09,1.0,-1.489095e-10,-8.781334e-10,-8.472538e-11,0.0,0.0,0.0,0.0,0.0,0.0,0.60878205,0.18615581,0.11006201,0.999987,-0.0030093715,0.0041201646,0.00016709031,0.00079627347,-0.0023395843,-0.0006944273,0.020599661,0.0060220556,-0.0021856264,0.5693402,0.19254038,0.3136658,0.9977727,0.055288542,0.0063007656,0.036784705,0.010805674,-0.013189026,0.03420259,-6.9552484,-0.083760865,-0.48350954
0.0,0.0,0.0,0.0,0.0,0.0,-1.0,0.60878205,0.18615581,0.11006202,0.5693402,0.19254038,0.3136658,0.57011896,0.19120158,0.3211483,-0.07396597,0.9791564,0.027189016,0.1871967,-1.1681762,0.02352084,1.490367,-2.2248259,0.02188371,2.6305299,1.0303496,0.019516628,0.020734828,0.002811573,0.007031761,-0.0013408619,-0.007106917,0.01831305,-0.047437154,0.04233789,0.013237981,0.114888474,0.0,0.0,0.0,0.0,0.0,0.0,0.0,0.0,-1.1681186,0.023628585,1.4902451,-2.2253187,0.021901459,2.630371,1.0304716,0.01951647,0.020735024,0.0028276185,0.0070164744,-0.0013355496,-0.0071075577,0.018356245,-0.047427505,0.042303238,0.013246627,0.11488327,5.5879354e-09,2.3283064e-10,-3.7252903e-09,1.0,-1.489095e-10,-8.781334e-10,-8.472538e-11,0.0,0.0,0.0,0.0,0.0,0.0,0.6087852,0.18614453,0.11005844,0.999987,-0.002962945,0.004132364,0.00016534285,0.0002865138,-0.0005383911,-0.00013677569,0.004916487,0.002060213,-0.00084037706,0.56916726,0.1924535,0.31337845,0.9977749,0.05527646,0.0066384724,0.036681112,0.010820973,-0.013183941,0.03420319,-6.955379,-0.08261943,-0.47874683
0.0,0.0,0.0,0.0,0.0,0.0,-1.0,0.6087852,0.18614453,0.11005844,0.56916726,0.1924535,0.31337845,0.56995106,0.19111432,0.32086033,-0.073935725,0.9792247,0.027085125,0.18686596,-1.1681186,0.023628585,1.4902451,-2.2253187,0.021901459,2.630371,1.0304716,0.01951647,0.020735024,0.0028276185,0.0070164744,-0.0013355496,-0.0071075577,0.018356245,-0.047427505,0.042303238,0.013246627,0.11488327,0.0,0.0,0.0,0.0,0.0,0.0,0.0,0.0,-1.1680603,0.023736073,1.490123,-2.225811,0.021919562,2.630212,1.0305932,0.01951634,0.020735236,0.0028370372,0.0070025427,-0.0013334737,-0.007105662,0.01839554,-0.047418498,0.042272124,0.013251807,0.11488006,5.5879354e-09,2.3283064e-10,-3.7252903e-09,1.0,-1.489095e-10,-8.781334e-10,-8.472538e-11,0.0,0.0,0.0,0.0,0.0,0.0,0.60878295,0.18614915,0.11006083,0.99998707,-0.0029833547,0.0041235676,0.00016588432,0.00044932571,7.641001e-05,-0.0002184846,0.00012927552,0.0043658568,0.00012246106,0.5689942,0.1923667,0.3130911,0.9977771,0.055264167,0.0069763493,0.03657715,0.010833299,-0.013180969,0.034203544,-6.955438,-0.08106256,-0.47406492
0.0,0.0,0.0,0.0,0.0,0.0,1.0,0.60878295,0.18614915,0.11006084,0.5689942,0.1923667,0.3130911,0.56978333,0.19102737,0.32057264,-0.07390538,0.97929287,0.026981652,0.1865356,-1.1680603,0.023736073,1.490123,-2.225811,0.021919562,2.630212,1.0305932,0.01951634,0.020735236,0.0028370372,0.0070025427,-0.0013334737,-0.007105662,0.01839554,-0.047418498,0.042272124,0.013251807,0.11488006,0.0,0.0,0.0,0.0,0.0,0.0,0.04,0.04,-1.1680201,0.023842152,1.4900151,-2.226131,0.021882286,2.630123,1.0306962,0.02633405,0.027751938,0.00328429,0.0043087127,-0.003995454,-0.00014694814,-0.007918817,-0.00020649139,0.0052909884,0.20003398,0.20003949,5.5879354e-09,2.3283064e-10,-3.7252903e-09,1.0,-1.489095e-10,-8.781334e-10,-8.472538e-11,0.0,0.0,0.0,0.0,0.0,0.0,0.6087811,0.18615608,0.11006237,0.99998695,-0.0030100357,0.0041163806,0.00016751784,0.001390923,-0.0020072402,-0.0009968802,0.017239235,0.011279787,-0.0024147264,0.568865,0.19240466,0.31052274,0.9983686,0.041283432,0.014518594,0.036674548,-0.0006466726,-0.0034662487,-0.15666826,-1.5623896,0.36439142,0.037116703
0.0,0.0,0.0,0.0,0.0,0.0,1.0,0.6087811,0.18615608,0.110062376,0.568865,0.19240466,0.31052274,0.5696812,0.19095582,0.32038578,-0.07388812,0.97933626,0.026904881,0.18632528,-1.1680201,0.023842152,1.4900151,-2.226131,0.021882286,2.630123,1.0306962,0.02633405,0.027751938,0.00328429,0.0043087127,-0.003995454,-0.00014694814,-0.007918817,-0.00020649139,0.0052909884,0.20003398,0.20003949,0.0,0.0,0.0,0.0,0.0,0.0,0.04,0.04,-1.1680613,0.023869058,1.4900061,-2.2261374,0.021880275,2.6301246,1.0306972,0.032587416,0.03355759,-0.0011670074,0.000118612734,-0.00027969552,-6.7386936e-06,-0.00019572409,-3.9762468e-05,0.00012196044,0.14889857,0.12945281,5.5879354e-09,2.3283064e-10,-3.7252903e-09,1.0,-1.489095e-10,-8.781334e-10,-8.472538e-11,0.0,0.0,0.0,0.0,0.0,0.0,0.6087853,0.18614425,0.11005833,0.99998707,-0.002962061,0.0041326773,0.00016525525,0.00025058346,-0.0005630676,-0.00018710815,0.005346703,0.0018261133,-0.0006965501,0.5688434,0.19228911,0.29712546,0.9989753,0.015521894,0.021547187,0.0366503,-0.0006466726,-0.0034662487,-0.48366827,-1.5597868,0.36378443,0.037054867
0.0,0.0,0.0,0.0,0.0,0.0,1.0,0.6087853,0.18614425,0.11005834,0.5688434,0.19228911,0.29712546,0.56968904,0.19092682,0.32038134,-0.07389465,0.97933745,0.026877537,0.18632019,-1.1680613,0.023869058,1.4900061,-2.2261374,0.021880275,2.6301246,1.0306972,0.032587416,0.03355759,-0.0011670074,0.000118612734,-0.00027969552,-6.7386936e-06,-0.00019572409,-3.9762468e-05,0.00012196044,0.14889857,0.12945281,0.0,0.0,0.0,0.0,0.0,0.0,0.04,0.04,-1.1680964,0.02387212,1.4899999,-2.2261374,0.021879489,2.6301246,1.0306972,0.03617901,0.03667981,-0.00091644854,8.979557e-05,-0.00015033035,-3.2447704e-06,-3.205166e-05,-1.20001205e-05,3.5283858e-05,0.076753825,0.06671478,5.5879354e-09,2.3283064e-10,-3.7252903e-09,1.0,-1.489095e-10,-8.781334e-10,-8.472538e-11,0.0,0.0,0.0,0.0,0.0,0.0,0.60878295,0.18614918,0.11006088,0.99998707,-0.0029835587,0.004123342,0.00016587938,0.0004496439,7.6361524e-05,-0.00022009858,0.00013516056,0.0043692505,0.00012436257,0.56882185,0.19217357,0.27282816,0.99886996,-0.01020735,0.028548624,0.03660001,-0.0006466726,-0.0034662487,-0.8106683,-1.5571884,0.36317843,0.036993153
0.0,0.0,0.0,0.0,0.0,0.0,1.0,0.60878295,0.18614918,0.110060886,0.56882185,0.19217357,0.27282816,0.5696968,0.19090359,0.32038143,-0.07389186,0.97933805,0.026857764,0.18632118,-1.1680964,0.02387212,1.4899999,-2.2261374,0.021879489,2.6301246,1.0306972,0.03617901,0.03667981,-0.00091644854,8.979557e-05,-0.00015033035,-3.2447704e-06,-3.205166e-05,-1.20001205e-05,3.5283858e-05,0.076753825,0.06671478,0.0,0.0,0.0,0.0,0.0,0.0,0.04,0.04,-1.1681228,0.023874229,1.4899961,-2.2261374,0.021879764,2.6301246,1.0306972,0.038030397,0.038288876,-0.00069069245,4.645314e-05,-8.9337824e-05,-3.8677092e-07,2.0365951e-05,-9.024954e-06,-6.965449e-06,0.039564725,0.034382302,5.5879354e-09,2.3283064e-10,-3.7252903e-09,1.0,-1.489095e-10,-8.781334e-10,-8.472538e-11,0.0,0.0,0.0,0.0,0.0,0.0,0.6087821,0.1861558,0.110061996,0.999987,-0.003009285,0.004120204,0.00016705359,0.0007942932,-0.002334795,-0.0006936431,0.020554105,0.006004006,-0.0021823498,0.5688003,0.19205803,0.23763089,0.99805635,-0.035886,0.035518013,0.03652385,-0.0006466726,-0.0034662487,-1.1376684,-1.5545939,0.36257342,0.036931515
0.0,0.0,0.0,0.0,0.0,0.0,1.0,0.6087821,0.1861558,0.110062,0.5688003,0.19205803,0.23763089,0.5697026,0.19088612,0.32038102,-0.07389003,0.97933847,0.026842386,0.18632174,-1.1681228,0.023874229,1.4899961,-2.2261374,0.021879764,2.6301246,1.0306972,0.038030397,0.038288876,-0.00069069245,4.645314e-05,-8.9337824e-05,-3.8677092e-07,2.0365951e-05,-9.024954e-06,-6.965449e-06,0.039564725,0.034382302,0.0,0.0,0.0,0.0,0.0,0.0,0.04,0.04,-1.1681418,0.02387569,1.4899923,-2.2261374,0.021880137,2.6301246,1.0306972,0.03898473,0.03911813,-0.0004957982,3.3010052e-05,-6.123019e-05,1.9600789e-06,2.112044e-05,-6.832587e-06,-9.300765e-06,0.02039451,0.0177195,5.5879354e-09,2.3283064e-10,-3.7252903e-09,1.0,-1.489095e-10,-8.781334e-10,-8.472538e-11,0.0,0.0,0.0,0.0,0.0,0.0,0.6087853,0.18614456,0.11005842,0.99998707,-0.0029628377,0.0041327947,0.00016528794,0.0002869972,-0.0005392519,-0.00013905021,0.0049260412,0.002070055,-0.00083745044,0.5687787,0.19194248,0.19153361,0.9965388,-0.061495952,0.042450536,0.036422,-0.0006466726,-0.0034662487,-1.4646685,-1.5520042,0.36196938,0.036870018
0.0,0.0,0.0,0.0,0.0,0.0,1.0,0.6087853,0.18614456,0.11005843,0.5687787,0.19194248,0.19153361,0.56970686,0.19087315,0.32038096,-0.07388878,0.97933877,0.026830941,0.18632224,-1.1681418,0.02387569,1.4899923,-2.2261374,0.021880137,2.6301246,1.0306972,0.03898473,0.03911813,-0.0004957982,3.3010052e-05,-6.123019e-05,1.9600789e-06,2.112044e-05,-6.832587e-06,-9.300765e-06,0.02039451,0.0177195,0.0,0.0,0.0,0.0,0.0,0.0,0.04,0.04,-1.1681553,0.023876775,1.4899904,-2.2261374,0.021880407,2.6301246,1.0306972,0.03947666,0.039545503,-0.00035019667,2.6117712e-05,-4.1809533e-05,1.4867744e-06,1.4313523e-05,-1.7981312e-06,-6.157607e-06,0.01051291,0.009132169,5.5879354e-09,2.3283064e-10,-3.7252903e-09,1.0,-1.489095e-10,-8.781334e-10,-8.472538e-11,0.0,0.0,0.0,0.0,0.0,0.0,0.60878295,0.18614915,0.11006082,0.99998707,-0.0029832013,0.004123328,0.00016580892,0.00044877775,7.6804834e-05,-0.00022008368,0.00012967036,0.004360562,0.00012431262,0.5687571,0.19182694,0.13453631,0.9943214,-0.08702216,0.049342208,0.03629465,-0.0006466726,-0.0034662487,-1.7916687,-1.5494184,0.36136642,0.036808595
0.0,0.0,0.0,0.0,0.0,0.0,1.0,0.60878295,0.18614915,0.110060826,0.5687571,0.19182694,0.13453631,0.56970996,0.19086453,0.32038075,-0.07388778,0.979339,0.026823252,0.18632253,-1.1681553,0.023876775,1.4899904,-2.2261374,0.021880407,2.6301246,1.0306972,0.03947666,0.039545503,-0.00035019667,2.6117712e-05,-4.1809533e-05,1.4867744e-06,1.4313523e-05,-1.7981312e-06,-6.157607e-06,0.01051291,0.009132169,0.0,0.0,0.0,0.0,0.0,0.0,0.04,0.04,-1.1681645,0.023877667,1.4899894,-2.2261374,0.021880325,2.6301246,1.0306972,0.039730243,0.039765768,-0.0002358016,2.5985573e-05,-3.6562396e-05,2.541297e-06,-6.192011e-06,-2.0022378e-06,6.331351e-06,0.005419002,0.0047064,5.5879354e-09,2.3283064e-10,-3.7252903e-09,1.0,-1.489095e-10,-8.781334e-10,-8.472538e-11,0.0,0.0,0.0,0.0,0.0,0.0,0.6087821,0.1861558,0.11006202,0.99998695,-0.0030094786,0.0041202432,0.00016710104,0.0007938515,-0.0023332078,-0.0006932836,0.020539168,0.00600117,-0.0021809887,0.56873554,0.1917114,0.066639006,0.9914096,-0.112444036,0.05618757,0.03614203,-0.0006466726,-0.0034662487,-2.1186688,-1.5468374,0.3607644,0.036747288
0.0,0.0,0.0,0.0,0.0,0.0,1.0,0.6087821,0.1861558,0.11006202,0.56873554,0.1917114,0.066639006,0.56971186,0.1908588,0.32038075,-0.073887244,0.9793392,0.026818171,0.1863228,-1.1681645,0.023877667,1.4899894,-2.2261374,0.021880325,2.6301246,1.0306972,0.039730243,0.039765768,-0.0002358016,2.5985573e-05,-3.6562396e-05,2.541297e-06,-6.192011e-06,-2.0022378e-06,6.331351e-06,0.005419002,0.0047064,0.0,0.0,0.0,0.0,0.0,0.0,0.04,0.04,-1.1681718,0.023878314,1.4899894,-2.2261374,0.02188035,2.6301246,1.0306972,0.039860956,0.039879277,-0.00016599527,1.6425383e-05,-2.5449925e-05,2.9197583e-06,-2.7171598e-07,-1.6104225e-06,2.6736645e-06,0.0027931815,0.002425452,5.5879354e-09,2.3283064e-10,-3.7252903e-09,1.0,-1.489095e-10,-8.781334e-10,-8.472538e-11,0.0,0.0,0.0,0.0,0.0,0.0,0.60811186,0.18610059,0.109996825,0.9999943,-0.0028928265,0.001751881,4.022186e-05,0.0229147,0.22804631,-0.12991586,-1.4829687,-0.28903273,0.5362944,0.5655393,0.18678874,0.03337511,0.9991498,-0.0020354819,-0.0066154585,0.040640637,0.32567477,0.27874312,-0.13010834,-1.9807154,-1.6150333,-0.37966803
0.0,0.0,0.0,0.0,0.0,0.0,1.0,0.60811186,0.18610059,0.109996825,0.5655393,0.18678874,0.033375114,0.5697131,0.19085467,0.3203807,-0.07388686,0.97933924,0.02681458,0.18632294,-1.1681718,0.023878314,1.4899894,-2.2261374,0.02188035,2.6301246,1.0306972,0.039860956,0.039879277,-0.00016599527,1.6425383e-05,-2.5449925e-05,2.9197583e-06,-2.7171598e-07,-1.6104225e-06,2.6736645e-06,0.0027931815,0.002425452,0.0,0.0,0.0,0.0,0.0,0.0,0.04,0.04,-1.1681756,0.023878703,1.4899894,-2.2261374,0.021880586,2.6301246,1.0306972,0.03992833,0.039937783,-0.00012308352,5.524532e-06,-1.3022084e-05,-1.8275284e-07,1.3629564e-05,8.619279e-07,-7.95238e-06,0.0014398264,0.0012500908,5.5879354e-09,2.3283064e-10,-3.7252903e-09,1.0,-1.489095e-10,-8.781334e-10,-8.472538e-11,0.0,0.0,0.0,0.0,0.0,0.0,0.60879016,0.18617149,0.11002573,0.99998623,-0.0030916415,0.004224181,0.000100983125,-0.001228886,0.0068447436,0.0021972177,-0.12035198,0.023652226,0.06104518,0.57218796,0.19198343,0.032874748,0.9994448,-0.0029541738,0.0044358145,0.032888364,0.15505238,0.12723896,0.00916651,-0.15234342,0.041721128,-0.43637317
0.0,0.0,0.0,0.0,0.0,0.0,1.0,0.60879016,0.18617149,0.11002573,0.57218796,0.19198343,0.03287475,0.5697139,0.19085267,0.32038063,-0.07388687,0.9793393,0.026812583,0.1863229,-1.1681756,0.023878703,1.4899894,-2.2261374,0.021880586,2.6301246,1.0306972,0.03992833,0.039937783,-0.00012308352,5.524532e-06,-1.3022084e-05,-1.8275284e-07,1.3629564e-05,8.619279e-07,-7.95238e-06,0.0014398264,0.0012500908,0.0,0.0,0.0,0.0,0.0,0.0,0.04,0.04,-1.1681794,0.02387907,1.4899894,-2.2261374,0.021880403,2.6301246,1.0306972,0.039963055,0.039967936,-7.412566e-05,1.4523191e-05,-1.656429e-05,1.8247649e-06,-1.1086946e-05,-1.2024855e-06,8.939306e-06,0.00074220874,0.0006442864,5.5879354e-09,2.3283064e-10,-3.7252903e-09,1.0,-1.489095e-10,-8.781334e-10,-8.472538e-11,0.0,0.0,0.0,0.0,0.0,0.0,0.60879064,0.18618956,0.11002672,0.99998635,-0.0031257858,0.0041799946,0.00014380268,0.00658326,0.004567596,-0.002261246,-0.11336877,0.0717222,-0.010405508,0.5744706,0.19381398,0.03284115,0.99960923,-0.002997182,0.004456983,0.027432248,0.033940285,0.030088356,0.0012423579,-0.08188177,0.13078518,-0.34283376
0.0,0.0,0.0,0.0,0.0,0.0,1.0,0.60879064,0.18618956,0.11002672,0.5744706,0.19381398,0.032841153,0.5697147,0.19085032,0.32038057,-0.073886484,0.97933936,0.026810795,0.18632302,-1.1681794,0.02387907,1.4899894,-2.2261374,0.021880403,2.6301246,1.0306972,0.039963055,0.039967936,-7.412566e-05,1.4523191e-05,-1.656429e-05,1.8247649e-06,-1.1086946e-05,-1.2024855e-06,8.939306e-06,0.00074220874,0.0006442864,0.0,0.0,0.0,0.0,0.0,0.0,0.04,0.04,-1.1681819,0.023879403,1.4899894,-2.2261374,0.021880196,2.6301246,1.0306972,0.03998096,0.039983474,-4.9195678e-05,1.2235983e-05,-1.28609445e-05,1.5966292e-06,-1.1610545e-05,-5.0242054e-08,8.875073e-06,0.00038259377,0.00033209447,5.5879354e-09,2.3283064e-10,-3.7252903e-09,1.0,-1.489095e-10,-8.781334e-10,-8.472538e-11,0.0,0.0,0.0,0.0,0.0,0.0,0.6087815,0.18617477,0.11005225,0.99998665,-0.0030941,0.0041318755,0.00012285738,0.005468595,0.00524175,-0.008663285,-0.06027477,0.042937525,0.0011541432,0.5745059,0.19383042,0.032891944,0.9996073,-0.0030264924,0.0045595556,0.027480712,0.009747099,0.00040739635,-0.017719327,-0.11292834,0.19271399,0.030529508
0.0,0.0,0.0,0.0,0.0,0.0,1.0,0.6087815,0.18617477,0.11005226,0.5745059,0.19383042,0.032891948,0.5697151,0.19084895,0.3203807,-0.073886395,0.97933936,0.026809797,0.18632308,-1.1681819,0.023879403,1.4899894,-2.2261374,0.021880196,2.6301246,1.0306972,0.03998096,0.039983474,-4.9195678e-05,1.2235983e-05,-1.28609445e-05,1.5966292e-06,-1.1610545e-05,-5.0242054e-08,8.875073e-06,0.00038259377,0.00033209447,0.0,0.0,0.0,0.0,0.0,0.0,0.04,0.04,-1.1681819,0.023879472,1.4899894,-2.2261374,0.021880528,2.6301246,1.0306972,0.039990183,0.039991476,-4.981343e-05,-5.2669634e-06,1.2144388e-06,-2.9149405e-08,1.8112756e-05,-1.1809457e-06,-1.5298456e-05,0.0001971679,0.00017116523,5.5879354e-09,2.3283064e-10,-3.7252903e-09,1.0,-1.489095e-10,-8.781334e-10,-8.472538e-11,0.0,0.0,0.0,0.0,0.0,0.0,0.6087657,0.18615608,0.110042736,0.999987,-0.003032119,0.0040814118,0.00012306293,-0.0034245,0.0034894971,-0.0033850102,-0.03969283,-0.05761116,-0.0019395299,0.5744866,0.19380133,0.032857034,0.9996103,-0.0028388256,0.0042080744,0.02744729,-0.0010261764,-0.00040729367,-0.014374077,-0.012559742,0.13662136,0.022320004
0.0,0.0,0.0,0.0,0.0,0.0,1.0,0.6087657,0.18615608,0.110042736,0.5744866,0.19380133,0.032857038,0.56971514,0.19084902,0.3203806,-0.073886484,0.9793395,0.026809573,0.18632305,-1.1681819,0.023879472,1.4899894,-2.2261374,0.021880528,2.6301246,1.0306972,0.039990183,0.039991476,-4.981343e-05,-5.2669634e-06,1.2144388e-06,-2.9149405e-08,1.8112756e-05,-1.1809457e-06,-1.5298456e-05,0.0001971679,0.00017116523,0.0,0.0,0.0,0.0,0.0,0.0,0.04,0.04,-1.1681819,0.023879511,1.4899894,-2.2261374,0.021880578,2.6301246,1.0306972,0.039994948,0.039995607,-2.7346956e-05,2.2872414e-06,-4.485007e-06,3.0781422e-07,9.231986e-07,-4.6699933e-09,-5.123525e-07,0.000101571946,8.826329e-05,5.5879354e-09,2.3283064e-10,-3.7252903e-09,1.0,-1.489095e-10,-8.781334e-10,-8.472538e-11,0.0,0.0,0.0,0.0,0.0,0.0,0.6087505,0.18616176,0.11004766,0.9999872,-0.0030500884,0.0040232847,0.00012771512,-0.00021944544,0.013501465,-0.0029091951,-0.12717438,-0.033830196,0.011368285,0.5744586,0.19379444,0.032859538,0.9996112,-0.0028348395,0.0040534944,0.02744086,0.005437136,0.0009441821,-0.00750465,-0.05721126,0.15615493,0.08581186
